training_dataset,seed,compound_id,canonical_smiles,representative_smiles,observed_pkoff,observed_pkoff_sd,n_measurements,source,protein_feature_key,window_start,window_end,window_sequence,ligand_feature_key,channel_radius,bit_id,atom_indices_json,fragment_smiles_json,original_prediction,protein_masked_prediction,ligand_masked_prediction,double_masked_prediction,protein_drop,ligand_drop,double_drop,interaction_pkoff,interaction_definition,checkpoint_sha256
2773,42,factor_xa_05,N=C(N)NCCC[C@@H](NC(=O)CN1CCN(S(=O)(=O)Cc2ccccc2)CC1=O)C(=O)c1nccs1,NC(=N)NCCC[C@@H](NC(=O)CN1CCN(CC1=O)S(=O)(=O)Cc1ccccc1)C(=O)c1nccs1,1.886056648,0.0,1,10.1093/nar/gkv1072,w16_s4_sequence_mean:453-468,453,468,TKVTAFLKWIDRSMKT,r3_b1066,3,1066,"[19, 20, 21, 22, 23, 24, 25]","[""cccc(C)c"", ""cccc(C)c""]",3.3345518112182617,3.314840078353882,3.3022549152374268,3.2823803424835205,0.019711732864379883,0.03229689598083496,0.05217146873474121,0.0001628398895263672,yp+yl-y0-ypl,fd63aa48c21ada4faba6977bc08f6b765c5964fd2a133a01c1d27b42327ac8de
2773,42,factor_xa_05,N=C(N)NCCC[C@@H](NC(=O)CN1CCN(S(=O)(=O)Cc2ccccc2)CC1=O)C(=O)c1nccs1,NC(=N)NCCC[C@@H](NC(=O)CN1CCN(CC1=O)S(=O)(=O)Cc1ccccc1)C(=O)c1nccs1,1.886056648,0.0,1,10.1093/nar/gkv1072,w16_s4_sequence_mean:453-468,453,468,TKVTAFLKWIDRSMKT,r3_b983,3,983,"[0, 1, 2, 3, 4, 5]","[""CCNC(=N)N""]",3.3345518112182617,3.314840078353882,3.2994325160980225,3.2782585620880127,0.019711732864379883,0.03511929512023926,0.05629324913024902,0.0014622211456298828,yp+yl-y0-ypl,fd63aa48c21ada4faba6977bc08f6b765c5964fd2a133a01c1d27b42327ac8de
2773,42,factor_xa_05,N=C(N)NCCC[C@@H](NC(=O)CN1CCN(S(=O)(=O)Cc2ccccc2)CC1=O)C(=O)c1nccs1,NC(=N)NCCC[C@@H](NC(=O)CN1CCN(CC1=O)S(=O)(=O)Cc1ccccc1)C(=O)c1nccs1,1.886056648,0.0,1,10.1093/nar/gkv1072,w16_s4_sequence_mean:453-468,453,468,TKVTAFLKWIDRSMKT,r2_b1066,2,1066,"[19, 20, 21, 22, 23, 24, 25]","[""cccc(C)c"", ""cccc(C)c""]",3.3345518112182617,3.314840078353882,3.3248205184936523,3.3053970336914062,0.019711732864379883,0.009731292724609375,0.02915477752685547,-0.00028824806213378906,yp+yl-y0-ypl,fd63aa48c21ada4faba6977bc08f6b765c5964fd2a133a01c1d27b42327ac8de
2773,42,factor_xa_05,N=C(N)NCCC[C@@H](NC(=O)CN1CCN(S(=O)(=O)Cc2ccccc2)CC1=O)C(=O)c1nccs1,NC(=N)NCCC[C@@H](NC(=O)CN1CCN(CC1=O)S(=O)(=O)Cc1ccccc1)C(=O)c1nccs1,1.886056648,0.0,1,10.1093/nar/gkv1072,w16_s4_sequence_mean:453-468,453,468,TKVTAFLKWIDRSMKT,r3_b632,3,632,"[11, 12, 13, 15, 26, 27, 28]","[""CN(C)C(=O)CN""]",3.3345518112182617,3.314840078353882,3.315513849258423,3.2958297729492188,0.019711732864379883,0.019037961959838867,0.03872203826904297,-2.765655517578125e-05,yp+yl-y0-ypl,fd63aa48c21ada4faba6977bc08f6b765c5964fd2a133a01c1d27b42327ac8de
2773,42,factor_xa_05,N=C(N)NCCC[C@@H](NC(=O)CN1CCN(S(=O)(=O)Cc2ccccc2)CC1=O)C(=O)c1nccs1,NC(=N)NCCC[C@@H](NC(=O)CN1CCN(CC1=O)S(=O)(=O)Cc1ccccc1)C(=O)c1nccs1,1.886056648,0.0,1,10.1093/nar/gkv1072,w16_s4_sequence_mean:453-468,453,468,TKVTAFLKWIDRSMKT,r3_b5,3,5,"[16, 19, 20]","[""cCS""]",3.3345518112182617,3.314840078353882,3.325798511505127,3.306570291519165,0.019711732864379883,0.008753299713134766,0.02798151969909668,-0.00048351287841796875,yp+yl-y0-ypl,fd63aa48c21ada4faba6977bc08f6b765c5964fd2a133a01c1d27b42327ac8de
2773,42,factor_xa_05,N=C(N)NCCC[C@@H](NC(=O)CN1CCN(S(=O)(=O)Cc2ccccc2)CC1=O)C(=O)c1nccs1,NC(=N)NCCC[C@@H](NC(=O)CN1CCN(CC1=O)S(=O)(=O)Cc1ccccc1)C(=O)c1nccs1,1.886056648,0.0,1,10.1093/nar/gkv1072,w16_s4_sequence_mean:453-468,453,468,TKVTAFLKWIDRSMKT,r2_b295,2,295,"[11, 12, 13, 14, 15, 27]","[""CN(C)CCN""]",3.3345518112182617,3.314840078353882,3.3161704540252686,3.2968828678131104,0.019711732864379883,0.018381357192993164,0.03766894340515137,-0.0004241466522216797,yp+yl-y0-ypl,fd63aa48c21ada4faba6977bc08f6b765c5964fd2a133a01c1d27b42327ac8de
2773,42,factor_xa_05,N=C(N)NCCC[C@@H](NC(=O)CN1CCN(S(=O)(=O)Cc2ccccc2)CC1=O)C(=O)c1nccs1,NC(=N)NCCC[C@@H](NC(=O)CN1CCN(CC1=O)S(=O)(=O)Cc1ccccc1)C(=O)c1nccs1,1.886056648,0.0,1,10.1093/nar/gkv1072,w16_s4_sequence_mean:453-468,453,468,TKVTAFLKWIDRSMKT,r3_b1917,3,1917,"[9, 10, 29, 30]","[""C=O"", ""C=O""]",3.3345518112182617,3.314840078353882,3.3111462593078613,3.290065050125122,0.019711732864379883,0.02340555191040039,0.04448676109313965,0.001369476318359375,yp+yl-y0-ypl,fd63aa48c21ada4faba6977bc08f6b765c5964fd2a133a01c1d27b42327ac8de
2773,42,factor_xa_05,N=C(N)NCCC[C@@H](NC(=O)CN1CCN(S(=O)(=O)Cc2ccccc2)CC1=O)C(=O)c1nccs1,NC(=N)NCCC[C@@H](NC(=O)CN1CCN(CC1=O)S(=O)(=O)Cc1ccccc1)C(=O)c1nccs1,1.886056648,0.0,1,10.1093/nar/gkv1072,w16_s4_sequence_mean:453-468,453,468,TKVTAFLKWIDRSMKT,r3_b80,3,80,"[4, 5, 6, 11, 19]","[""C"", ""C"", ""C"", ""C"", ""C""]",3.3345518112182617,3.314840078353882,3.3138198852539062,3.294400930404663,0.019711732864379883,0.02073192596435547,0.04015088081359863,-0.00029277801513671875,yp+yl-y0-ypl,fd63aa48c21ada4faba6977bc08f6b765c5964fd2a133a01c1d27b42327ac8de
2773,42,factor_xa_05,N=C(N)NCCC[C@@H](NC(=O)CN1CCN(S(=O)(=O)Cc2ccccc2)CC1=O)C(=O)c1nccs1,NC(=N)NCCC[C@@H](NC(=O)CN1CCN(CC1=O)S(=O)(=O)Cc1ccccc1)C(=O)c1nccs1,1.886056648,0.0,1,10.1093/nar/gkv1072,w16_s4_sequence_mean:453-468,453,468,TKVTAFLKWIDRSMKT,r3_b1947,3,1947,"[20, 21, 22, 23, 24, 25]","[""c1ccccc1""]",3.3345518112182617,3.314840078353882,3.306530237197876,3.28635573387146,0.019711732864379883,0.028021574020385742,0.04819607734680176,0.0004627704620361328,yp+yl-y0-ypl,fd63aa48c21ada4faba6977bc08f6b765c5964fd2a133a01c1d27b42327ac8de
2773,42,factor_xa_05,N=C(N)NCCC[C@@H](NC(=O)CN1CCN(S(=O)(=O)Cc2ccccc2)CC1=O)C(=O)c1nccs1,NC(=N)NCCC[C@@H](NC(=O)CN1CCN(CC1=O)S(=O)(=O)Cc1ccccc1)C(=O)c1nccs1,1.886056648,0.0,1,10.1093/nar/gkv1072,w16_s4_sequence_mean:453-468,453,468,TKVTAFLKWIDRSMKT,r2_b1567,2,1567,"[31, 34, 35]","[""csc""]",3.3345518112182617,3.314840078353882,3.3229546546936035,3.303131580352783,0.019711732864379883,0.011597156524658203,0.031420230865478516,0.00011134147644042969,yp+yl-y0-ypl,fd63aa48c21ada4faba6977bc08f6b765c5964fd2a133a01c1d27b42327ac8de
2773,42,factor_xa_05,N=C(N)NCCC[C@@H](NC(=O)CN1CCN(S(=O)(=O)Cc2ccccc2)CC1=O)C(=O)c1nccs1,NC(=N)NCCC[C@@H](NC(=O)CN1CCN(CC1=O)S(=O)(=O)Cc1ccccc1)C(=O)c1nccs1,1.886056648,0.0,1,10.1093/nar/gkv1072,w16_s4_sequence_mean:449-464,449,464,YGIYTKVTAFLKWIDR,r3_b1066,3,1066,"[19, 20, 21, 22, 23, 24, 25]","[""cccc(C)c"", ""cccc(C)c""]",3.3345518112182617,3.3104774951934814,3.3022549152374268,3.278108835220337,0.024074316024780273,0.03229689598083496,0.056442975997924805,7.176399230957031e-05,yp+yl-y0-ypl,fd63aa48c21ada4faba6977bc08f6b765c5964fd2a133a01c1d27b42327ac8de
2773,42,factor_xa_05,N=C(N)NCCC[C@@H](NC(=O)CN1CCN(S(=O)(=O)Cc2ccccc2)CC1=O)C(=O)c1nccs1,NC(=N)NCCC[C@@H](NC(=O)CN1CCN(CC1=O)S(=O)(=O)Cc1ccccc1)C(=O)c1nccs1,1.886056648,0.0,1,10.1093/nar/gkv1072,w16_s4_sequence_mean:449-464,449,464,YGIYTKVTAFLKWIDR,r3_b983,3,983,"[0, 1, 2, 3, 4, 5]","[""CCNC(=N)N""]",3.3345518112182617,3.3104774951934814,3.2994325160980225,3.2744905948638916,0.024074316024780273,0.03511929512023926,0.06006121635437012,0.0008676052093505859,yp+yl-y0-ypl,fd63aa48c21ada4faba6977bc08f6b765c5964fd2a133a01c1d27b42327ac8de
2773,42,factor_xa_05,N=C(N)NCCC[C@@H](NC(=O)CN1CCN(S(=O)(=O)Cc2ccccc2)CC1=O)C(=O)c1nccs1,NC(=N)NCCC[C@@H](NC(=O)CN1CCN(CC1=O)S(=O)(=O)Cc1ccccc1)C(=O)c1nccs1,1.886056648,0.0,1,10.1093/nar/gkv1072,w16_s4_sequence_mean:449-464,449,464,YGIYTKVTAFLKWIDR,r2_b1066,2,1066,"[19, 20, 21, 22, 23, 24, 25]","[""cccc(C)c"", ""cccc(C)c""]",3.3345518112182617,3.3104774951934814,3.3248205184936523,3.301391363143921,0.024074316024780273,0.009731292724609375,0.03316044807434082,-0.0006451606750488281,yp+yl-y0-ypl,fd63aa48c21ada4faba6977bc08f6b765c5964fd2a133a01c1d27b42327ac8de
2773,42,factor_xa_05,N=C(N)NCCC[C@@H](NC(=O)CN1CCN(S(=O)(=O)Cc2ccccc2)CC1=O)C(=O)c1nccs1,NC(=N)NCCC[C@@H](NC(=O)CN1CCN(CC1=O)S(=O)(=O)Cc1ccccc1)C(=O)c1nccs1,1.886056648,0.0,1,10.1093/nar/gkv1072,w16_s4_sequence_mean:449-464,449,464,YGIYTKVTAFLKWIDR,r3_b632,3,632,"[11, 12, 13, 15, 26, 27, 28]","[""CN(C)C(=O)CN""]",3.3345518112182617,3.3104774951934814,3.315513849258423,3.291550636291504,0.024074316024780273,0.019037961959838867,0.04300117492675781,-0.00011110305786132812,yp+yl-y0-ypl,fd63aa48c21ada4faba6977bc08f6b765c5964fd2a133a01c1d27b42327ac8de
2773,42,factor_xa_05,N=C(N)NCCC[C@@H](NC(=O)CN1CCN(S(=O)(=O)Cc2ccccc2)CC1=O)C(=O)c1nccs1,NC(=N)NCCC[C@@H](NC(=O)CN1CCN(CC1=O)S(=O)(=O)Cc1ccccc1)C(=O)c1nccs1,1.886056648,0.0,1,10.1093/nar/gkv1072,w16_s4_sequence_mean:449-464,449,464,YGIYTKVTAFLKWIDR,r3_b5,3,5,"[16, 19, 20]","[""cCS""]",3.3345518112182617,3.3104774951934814,3.325798511505127,3.3022549152374268,0.024074316024780273,0.008753299713134766,0.03229689598083496,-0.0005307197570800781,yp+yl-y0-ypl,fd63aa48c21ada4faba6977bc08f6b765c5964fd2a133a01c1d27b42327ac8de
2773,42,factor_xa_05,N=C(N)NCCC[C@@H](NC(=O)CN1CCN(S(=O)(=O)Cc2ccccc2)CC1=O)C(=O)c1nccs1,NC(=N)NCCC[C@@H](NC(=O)CN1CCN(CC1=O)S(=O)(=O)Cc1ccccc1)C(=O)c1nccs1,1.886056648,0.0,1,10.1093/nar/gkv1072,w16_s4_sequence_mean:449-464,449,464,YGIYTKVTAFLKWIDR,r2_b295,2,295,"[11, 12, 13, 14, 15, 27]","[""CN(C)CCN""]",3.3345518112182617,3.3104774951934814,3.3161704540252686,3.2922780513763428,0.024074316024780273,0.018381357192993164,0.042273759841918945,-0.0001819133758544922,yp+yl-y0-ypl,fd63aa48c21ada4faba6977bc08f6b765c5964fd2a133a01c1d27b42327ac8de
2773,42,factor_xa_05,N=C(N)NCCC[C@@H](NC(=O)CN1CCN(S(=O)(=O)Cc2ccccc2)CC1=O)C(=O)c1nccs1,NC(=N)NCCC[C@@H](NC(=O)CN1CCN(CC1=O)S(=O)(=O)Cc1ccccc1)C(=O)c1nccs1,1.886056648,0.0,1,10.1093/nar/gkv1072,w16_s4_sequence_mean:449-464,449,464,YGIYTKVTAFLKWIDR,r3_b1917,3,1917,"[9, 10, 29, 30]","[""C=O"", ""C=O""]",3.3345518112182617,3.3104774951934814,3.3111462593078613,3.286022901535034,0.024074316024780273,0.02340555191040039,0.04852890968322754,0.001049041748046875,yp+yl-y0-ypl,fd63aa48c21ada4faba6977bc08f6b765c5964fd2a133a01c1d27b42327ac8de
2773,42,factor_xa_05,N=C(N)NCCC[C@@H](NC(=O)CN1CCN(S(=O)(=O)Cc2ccccc2)CC1=O)C(=O)c1nccs1,NC(=N)NCCC[C@@H](NC(=O)CN1CCN(CC1=O)S(=O)(=O)Cc1ccccc1)C(=O)c1nccs1,1.886056648,0.0,1,10.1093/nar/gkv1072,w16_s4_sequence_mean:449-464,449,464,YGIYTKVTAFLKWIDR,r3_b80,3,80,"[4, 5, 6, 11, 19]","[""C"", ""C"", ""C"", ""C"", ""C""]",3.3345518112182617,3.3104774951934814,3.3138198852539062,3.290149450302124,0.024074316024780273,0.02073192596435547,0.044402360916137695,-0.0004038810729980469,yp+yl-y0-ypl,fd63aa48c21ada4faba6977bc08f6b765c5964fd2a133a01c1d27b42327ac8de
2773,42,factor_xa_05,N=C(N)NCCC[C@@H](NC(=O)CN1CCN(S(=O)(=O)Cc2ccccc2)CC1=O)C(=O)c1nccs1,NC(=N)NCCC[C@@H](NC(=O)CN1CCN(CC1=O)S(=O)(=O)Cc1ccccc1)C(=O)c1nccs1,1.886056648,0.0,1,10.1093/nar/gkv1072,w16_s4_sequence_mean:449-464,449,464,YGIYTKVTAFLKWIDR,r3_b1947,3,1947,"[20, 21, 22, 23, 24, 25]","[""c1ccccc1""]",3.3345518112182617,3.3104774951934814,3.306530237197876,3.282067060470581,0.024074316024780273,0.028021574020385742,0.052484750747680664,0.00038886070251464844,yp+yl-y0-ypl,fd63aa48c21ada4faba6977bc08f6b765c5964fd2a133a01c1d27b42327ac8de
2773,42,factor_xa_05,N=C(N)NCCC[C@@H](NC(=O)CN1CCN(S(=O)(=O)Cc2ccccc2)CC1=O)C(=O)c1nccs1,NC(=N)NCCC[C@@H](NC(=O)CN1CCN(CC1=O)S(=O)(=O)Cc1ccccc1)C(=O)c1nccs1,1.886056648,0.0,1,10.1093/nar/gkv1072,w16_s4_sequence_mean:449-464,449,464,YGIYTKVTAFLKWIDR,r2_b1567,2,1567,"[31, 34, 35]","[""csc""]",3.3345518112182617,3.3104774951934814,3.3229546546936035,3.299118757247925,0.024074316024780273,0.011597156524658203,0.035433053970336914,-0.0002384185791015625,yp+yl-y0-ypl,fd63aa48c21ada4faba6977bc08f6b765c5964fd2a133a01c1d27b42327ac8de
2773,42,factor_xa_05,N=C(N)NCCC[C@@H](NC(=O)CN1CCN(S(=O)(=O)Cc2ccccc2)CC1=O)C(=O)c1nccs1,NC(=N)NCCC[C@@H](NC(=O)CN1CCN(CC1=O)S(=O)(=O)Cc1ccccc1)C(=O)c1nccs1,1.886056648,0.0,1,10.1093/nar/gkv1072,w16_s4_sequence_mean:273-288,273,288,TAAHCLYQAKRFKVRV,r3_b1066,3,1066,"[19, 20, 21, 22, 23, 24, 25]","[""cccc(C)c"", ""cccc(C)c""]",3.3345518112182617,3.319091558456421,3.3022549152374268,3.286618709564209,0.01546025276184082,0.03229689598083496,0.047933101654052734,0.00017595291137695312,yp+yl-y0-ypl,fd63aa48c21ada4faba6977bc08f6b765c5964fd2a133a01c1d27b42327ac8de
2773,42,factor_xa_05,N=C(N)NCCC[C@@H](NC(=O)CN1CCN(S(=O)(=O)Cc2ccccc2)CC1=O)C(=O)c1nccs1,NC(=N)NCCC[C@@H](NC(=O)CN1CCN(CC1=O)S(=O)(=O)Cc1ccccc1)C(=O)c1nccs1,1.886056648,0.0,1,10.1093/nar/gkv1072,w16_s4_sequence_mean:273-288,273,288,TAAHCLYQAKRFKVRV,r3_b983,3,983,"[0, 1, 2, 3, 4, 5]","[""CCNC(=N)N""]",3.3345518112182617,3.319091558456421,3.2994325160980225,3.2834465503692627,0.01546025276184082,0.03511929512023926,0.05110526084899902,0.0005257129669189453,yp+yl-y0-ypl,fd63aa48c21ada4faba6977bc08f6b765c5964fd2a133a01c1d27b42327ac8de
2773,42,factor_xa_05,N=C(N)NCCC[C@@H](NC(=O)CN1CCN(S(=O)(=O)Cc2ccccc2)CC1=O)C(=O)c1nccs1,NC(=N)NCCC[C@@H](NC(=O)CN1CCN(CC1=O)S(=O)(=O)Cc1ccccc1)C(=O)c1nccs1,1.886056648,0.0,1,10.1093/nar/gkv1072,w16_s4_sequence_mean:273-288,273,288,TAAHCLYQAKRFKVRV,r2_b1066,2,1066,"[19, 20, 21, 22, 23, 24, 25]","[""cccc(C)c"", ""cccc(C)c""]",3.3345518112182617,3.319091558456421,3.3248205184936523,3.3093113899230957,0.01546025276184082,0.009731292724609375,0.025240421295166016,4.887580871582031e-05,yp+yl-y0-ypl,fd63aa48c21ada4faba6977bc08f6b765c5964fd2a133a01c1d27b42327ac8de
2773,42,factor_xa_05,N=C(N)NCCC[C@@H](NC(=O)CN1CCN(S(=O)(=O)Cc2ccccc2)CC1=O)C(=O)c1nccs1,NC(=N)NCCC[C@@H](NC(=O)CN1CCN(CC1=O)S(=O)(=O)Cc1ccccc1)C(=O)c1nccs1,1.886056648,0.0,1,10.1093/nar/gkv1072,w16_s4_sequence_mean:273-288,273,288,TAAHCLYQAKRFKVRV,r3_b632,3,632,"[11, 12, 13, 15, 26, 27, 28]","[""CN(C)C(=O)CN""]",3.3345518112182617,3.319091558456421,3.315513849258423,3.2995991706848145,0.01546025276184082,0.019037961959838867,0.034952640533447266,0.0004544258117675781,yp+yl-y0-ypl,fd63aa48c21ada4faba6977bc08f6b765c5964fd2a133a01c1d27b42327ac8de
2773,42,factor_xa_05,N=C(N)NCCC[C@@H](NC(=O)CN1CCN(S(=O)(=O)Cc2ccccc2)CC1=O)C(=O)c1nccs1,NC(=N)NCCC[C@@H](NC(=O)CN1CCN(CC1=O)S(=O)(=O)Cc1ccccc1)C(=O)c1nccs1,1.886056648,0.0,1,10.1093/nar/gkv1072,w16_s4_sequence_mean:273-288,273,288,TAAHCLYQAKRFKVRV,r3_b5,3,5,"[16, 19, 20]","[""cCS""]",3.3345518112182617,3.319091558456421,3.325798511505127,3.309964895248413,0.01546025276184082,0.008753299713134766,0.024586915969848633,0.0003733634948730469,yp+yl-y0-ypl,fd63aa48c21ada4faba6977bc08f6b765c5964fd2a133a01c1d27b42327ac8de
2773,42,factor_xa_05,N=C(N)NCCC[C@@H](NC(=O)CN1CCN(S(=O)(=O)Cc2ccccc2)CC1=O)C(=O)c1nccs1,NC(=N)NCCC[C@@H](NC(=O)CN1CCN(CC1=O)S(=O)(=O)Cc1ccccc1)C(=O)c1nccs1,1.886056648,0.0,1,10.1093/nar/gkv1072,w16_s4_sequence_mean:273-288,273,288,TAAHCLYQAKRFKVRV,r2_b295,2,295,"[11, 12, 13, 14, 15, 27]","[""CN(C)CCN""]",3.3345518112182617,3.319091558456421,3.3161704540252686,3.30090594291687,0.01546025276184082,0.018381357192993164,0.0336458683013916,-0.0001957416534423828,yp+yl-y0-ypl,fd63aa48c21ada4faba6977bc08f6b765c5964fd2a133a01c1d27b42327ac8de
2773,42,factor_xa_05,N=C(N)NCCC[C@@H](NC(=O)CN1CCN(S(=O)(=O)Cc2ccccc2)CC1=O)C(=O)c1nccs1,NC(=N)NCCC[C@@H](NC(=O)CN1CCN(CC1=O)S(=O)(=O)Cc1ccccc1)C(=O)c1nccs1,1.886056648,0.0,1,10.1093/nar/gkv1072,w16_s4_sequence_mean:273-288,273,288,TAAHCLYQAKRFKVRV,r3_b1917,3,1917,"[9, 10, 29, 30]","[""C=O"", ""C=O""]",3.3345518112182617,3.319091558456421,3.3111462593078613,3.29559326171875,0.01546025276184082,0.02340555191040039,0.03895854949951172,9.274482727050781e-05,yp+yl-y0-ypl,fd63aa48c21ada4faba6977bc08f6b765c5964fd2a133a01c1d27b42327ac8de
2773,42,factor_xa_05,N=C(N)NCCC[C@@H](NC(=O)CN1CCN(S(=O)(=O)Cc2ccccc2)CC1=O)C(=O)c1nccs1,NC(=N)NCCC[C@@H](NC(=O)CN1CCN(CC1=O)S(=O)(=O)Cc1ccccc1)C(=O)c1nccs1,1.886056648,0.0,1,10.1093/nar/gkv1072,w16_s4_sequence_mean:273-288,273,288,TAAHCLYQAKRFKVRV,r3_b80,3,80,"[4, 5, 6, 11, 19]","[""C"", ""C"", ""C"", ""C"", ""C""]",3.3345518112182617,3.319091558456421,3.3138198852539062,3.2987496852874756,0.01546025276184082,0.02073192596435547,0.03580212593078613,-0.00039005279541015625,yp+yl-y0-ypl,fd63aa48c21ada4faba6977bc08f6b765c5964fd2a133a01c1d27b42327ac8de
2773,42,factor_xa_05,N=C(N)NCCC[C@@H](NC(=O)CN1CCN(S(=O)(=O)Cc2ccccc2)CC1=O)C(=O)c1nccs1,NC(=N)NCCC[C@@H](NC(=O)CN1CCN(CC1=O)S(=O)(=O)Cc1ccccc1)C(=O)c1nccs1,1.886056648,0.0,1,10.1093/nar/gkv1072,w16_s4_sequence_mean:273-288,273,288,TAAHCLYQAKRFKVRV,r3_b1947,3,1947,"[20, 21, 22, 23, 24, 25]","[""c1ccccc1""]",3.3345518112182617,3.319091558456421,3.306530237197876,3.2906134128570557,0.01546025276184082,0.028021574020385742,0.043938398361206055,0.0004565715789794922,yp+yl-y0-ypl,fd63aa48c21ada4faba6977bc08f6b765c5964fd2a133a01c1d27b42327ac8de
2773,42,factor_xa_05,N=C(N)NCCC[C@@H](NC(=O)CN1CCN(S(=O)(=O)Cc2ccccc2)CC1=O)C(=O)c1nccs1,NC(=N)NCCC[C@@H](NC(=O)CN1CCN(CC1=O)S(=O)(=O)Cc1ccccc1)C(=O)c1nccs1,1.886056648,0.0,1,10.1093/nar/gkv1072,w16_s4_sequence_mean:273-288,273,288,TAAHCLYQAKRFKVRV,r2_b1567,2,1567,"[31, 34, 35]","[""csc""]",3.3345518112182617,3.319091558456421,3.3229546546936035,3.3068668842315674,0.01546025276184082,0.011597156524658203,0.027684926986694336,0.0006275177001953125,yp+yl-y0-ypl,fd63aa48c21ada4faba6977bc08f6b765c5964fd2a133a01c1d27b42327ac8de
2773,42,factor_xa_05,N=C(N)NCCC[C@@H](NC(=O)CN1CCN(S(=O)(=O)Cc2ccccc2)CC1=O)C(=O)c1nccs1,NC(=N)NCCC[C@@H](NC(=O)CN1CCN(CC1=O)S(=O)(=O)Cc1ccccc1)C(=O)c1nccs1,1.886056648,0.0,1,10.1093/nar/gkv1072,w16_s4_sequence_mean:269-284,269,284,FYILTAAHCLYQAKRF,r3_b1066,3,1066,"[19, 20, 21, 22, 23, 24, 25]","[""cccc(C)c"", ""cccc(C)c""]",3.3345518112182617,3.3169944286346436,3.3022549152374268,3.284280300140381,0.017557382583618164,0.03229689598083496,0.05027151107788086,0.0004172325134277344,yp+yl-y0-ypl,fd63aa48c21ada4faba6977bc08f6b765c5964fd2a133a01c1d27b42327ac8de
2773,42,factor_xa_05,N=C(N)NCCC[C@@H](NC(=O)CN1CCN(S(=O)(=O)Cc2ccccc2)CC1=O)C(=O)c1nccs1,NC(=N)NCCC[C@@H](NC(=O)CN1CCN(CC1=O)S(=O)(=O)Cc1ccccc1)C(=O)c1nccs1,1.886056648,0.0,1,10.1093/nar/gkv1072,w16_s4_sequence_mean:269-284,269,284,FYILTAAHCLYQAKRF,r3_b983,3,983,"[0, 1, 2, 3, 4, 5]","[""CCNC(=N)N""]",3.3345518112182617,3.3169944286346436,3.2994325160980225,3.2814157009124756,0.017557382583618164,0.03511929512023926,0.05313611030578613,0.00045943260192871094,yp+yl-y0-ypl,fd63aa48c21ada4faba6977bc08f6b765c5964fd2a133a01c1d27b42327ac8de
2773,42,factor_xa_05,N=C(N)NCCC[C@@H](NC(=O)CN1CCN(S(=O)(=O)Cc2ccccc2)CC1=O)C(=O)c1nccs1,NC(=N)NCCC[C@@H](NC(=O)CN1CCN(CC1=O)S(=O)(=O)Cc1ccccc1)C(=O)c1nccs1,1.886056648,0.0,1,10.1093/nar/gkv1072,w16_s4_sequence_mean:269-284,269,284,FYILTAAHCLYQAKRF,r2_b1066,2,1066,"[19, 20, 21, 22, 23, 24, 25]","[""cccc(C)c"", ""cccc(C)c""]",3.3345518112182617,3.3169944286346436,3.3248205184936523,3.3074560165405273,0.017557382583618164,0.009731292724609375,0.027095794677734375,-0.00019288063049316406,yp+yl-y0-ypl,fd63aa48c21ada4faba6977bc08f6b765c5964fd2a133a01c1d27b42327ac8de
2773,42,factor_xa_05,N=C(N)NCCC[C@@H](NC(=O)CN1CCN(S(=O)(=O)Cc2ccccc2)CC1=O)C(=O)c1nccs1,NC(=N)NCCC[C@@H](NC(=O)CN1CCN(CC1=O)S(=O)(=O)Cc1ccccc1)C(=O)c1nccs1,1.886056648,0.0,1,10.1093/nar/gkv1072,w16_s4_sequence_mean:269-284,269,284,FYILTAAHCLYQAKRF,r3_b632,3,632,"[11, 12, 13, 15, 26, 27, 28]","[""CN(C)C(=O)CN""]",3.3345518112182617,3.3169944286346436,3.315513849258423,3.29761004447937,0.017557382583618164,0.019037961959838867,0.0369417667388916,0.0003464221954345703,yp+yl-y0-ypl,fd63aa48c21ada4faba6977bc08f6b765c5964fd2a133a01c1d27b42327ac8de
2773,42,factor_xa_05,N=C(N)NCCC[C@@H](NC(=O)CN1CCN(S(=O)(=O)Cc2ccccc2)CC1=O)C(=O)c1nccs1,NC(=N)NCCC[C@@H](NC(=O)CN1CCN(CC1=O)S(=O)(=O)Cc1ccccc1)C(=O)c1nccs1,1.886056648,0.0,1,10.1093/nar/gkv1072,w16_s4_sequence_mean:269-284,269,284,FYILTAAHCLYQAKRF,r3_b5,3,5,"[16, 19, 20]","[""cCS""]",3.3345518112182617,3.3169944286346436,3.325798511505127,3.3079023361206055,0.017557382583618164,0.008753299713134766,0.02664947509765625,0.0003387928009033203,yp+yl-y0-ypl,fd63aa48c21ada4faba6977bc08f6b765c5964fd2a133a01c1d27b42327ac8de
2773,42,factor_xa_05,N=C(N)NCCC[C@@H](NC(=O)CN1CCN(S(=O)(=O)Cc2ccccc2)CC1=O)C(=O)c1nccs1,NC(=N)NCCC[C@@H](NC(=O)CN1CCN(CC1=O)S(=O)(=O)Cc1ccccc1)C(=O)c1nccs1,1.886056648,0.0,1,10.1093/nar/gkv1072,w16_s4_sequence_mean:269-284,269,284,FYILTAAHCLYQAKRF,r2_b295,2,295,"[11, 12, 13, 14, 15, 27]","[""CN(C)CCN""]",3.3345518112182617,3.3169944286346436,3.3161704540252686,3.298837423324585,0.017557382583618164,0.018381357192993164,0.03571438789367676,-0.0002243518829345703,yp+yl-y0-ypl,fd63aa48c21ada4faba6977bc08f6b765c5964fd2a133a01c1d27b42327ac8de
2773,42,factor_xa_05,N=C(N)NCCC[C@@H](NC(=O)CN1CCN(S(=O)(=O)Cc2ccccc2)CC1=O)C(=O)c1nccs1,NC(=N)NCCC[C@@H](NC(=O)CN1CCN(CC1=O)S(=O)(=O)Cc1ccccc1)C(=O)c1nccs1,1.886056648,0.0,1,10.1093/nar/gkv1072,w16_s4_sequence_mean:269-284,269,284,FYILTAAHCLYQAKRF,r3_b1917,3,1917,"[9, 10, 29, 30]","[""C=O"", ""C=O""]",3.3345518112182617,3.3169944286346436,3.3111462593078613,3.2935943603515625,0.017557382583618164,0.02340555191040039,0.04095745086669922,-5.4836273193359375e-06,yp+yl-y0-ypl,fd63aa48c21ada4faba6977bc08f6b765c5964fd2a133a01c1d27b42327ac8de
2773,42,factor_xa_05,N=C(N)NCCC[C@@H](NC(=O)CN1CCN(S(=O)(=O)Cc2ccccc2)CC1=O)C(=O)c1nccs1,NC(=N)NCCC[C@@H](NC(=O)CN1CCN(CC1=O)S(=O)(=O)Cc1ccccc1)C(=O)c1nccs1,1.886056648,0.0,1,10.1093/nar/gkv1072,w16_s4_sequence_mean:269-284,269,284,FYILTAAHCLYQAKRF,r3_b80,3,80,"[4, 5, 6, 11, 19]","[""C"", ""C"", ""C"", ""C"", ""C""]",3.3345518112182617,3.3169944286346436,3.3138198852539062,3.296501398086548,0.017557382583618164,0.02073192596435547,0.03805041313171387,-0.00023889541625976562,yp+yl-y0-ypl,fd63aa48c21ada4faba6977bc08f6b765c5964fd2a133a01c1d27b42327ac8de
2773,42,factor_xa_05,N=C(N)NCCC[C@@H](NC(=O)CN1CCN(S(=O)(=O)Cc2ccccc2)CC1=O)C(=O)c1nccs1,NC(=N)NCCC[C@@H](NC(=O)CN1CCN(CC1=O)S(=O)(=O)Cc1ccccc1)C(=O)c1nccs1,1.886056648,0.0,1,10.1093/nar/gkv1072,w16_s4_sequence_mean:269-284,269,284,FYILTAAHCLYQAKRF,r3_b1947,3,1947,"[20, 21, 22, 23, 24, 25]","[""c1ccccc1""]",3.3345518112182617,3.3169944286346436,3.306530237197876,3.2885289192199707,0.017557382583618164,0.028021574020385742,0.046022891998291016,0.0004439353942871094,yp+yl-y0-ypl,fd63aa48c21ada4faba6977bc08f6b765c5964fd2a133a01c1d27b42327ac8de
2773,42,factor_xa_05,N=C(N)NCCC[C@@H](NC(=O)CN1CCN(S(=O)(=O)Cc2ccccc2)CC1=O)C(=O)c1nccs1,NC(=N)NCCC[C@@H](NC(=O)CN1CCN(CC1=O)S(=O)(=O)Cc1ccccc1)C(=O)c1nccs1,1.886056648,0.0,1,10.1093/nar/gkv1072,w16_s4_sequence_mean:269-284,269,284,FYILTAAHCLYQAKRF,r2_b1567,2,1567,"[31, 34, 35]","[""csc""]",3.3345518112182617,3.3169944286346436,3.3229546546936035,3.3047983646392822,0.017557382583618164,0.011597156524658203,0.029753446578979492,0.000598907470703125,yp+yl-y0-ypl,fd63aa48c21ada4faba6977bc08f6b765c5964fd2a133a01c1d27b42327ac8de
2773,42,factor_xa_05,N=C(N)NCCC[C@@H](NC(=O)CN1CCN(S(=O)(=O)Cc2ccccc2)CC1=O)C(=O)c1nccs1,NC(=N)NCCC[C@@H](NC(=O)CN1CCN(CC1=O)S(=O)(=O)Cc1ccccc1)C(=O)c1nccs1,1.886056648,0.0,1,10.1093/nar/gkv1072,w16_s4_sequence_mean:457-472,457,472,AFLKWIDRSMKTRGLP,r3_b1066,3,1066,"[19, 20, 21, 22, 23, 24, 25]","[""cccc(C)c"", ""cccc(C)c""]",3.3345518112182617,3.3185930252075195,3.3022549152374268,3.286329746246338,0.015958786010742188,0.03229689598083496,0.04822206497192383,-3.361701965332031e-05,yp+yl-y0-ypl,fd63aa48c21ada4faba6977bc08f6b765c5964fd2a133a01c1d27b42327ac8de
2773,42,factor_xa_05,N=C(N)NCCC[C@@H](NC(=O)CN1CCN(S(=O)(=O)Cc2ccccc2)CC1=O)C(=O)c1nccs1,NC(=N)NCCC[C@@H](NC(=O)CN1CCN(CC1=O)S(=O)(=O)Cc1ccccc1)C(=O)c1nccs1,1.886056648,0.0,1,10.1093/nar/gkv1072,w16_s4_sequence_mean:457-472,457,472,AFLKWIDRSMKTRGLP,r3_b983,3,983,"[0, 1, 2, 3, 4, 5]","[""CCNC(=N)N""]",3.3345518112182617,3.3185930252075195,3.2994325160980225,3.2819676399230957,0.015958786010742188,0.03511929512023926,0.052584171295166016,0.0015060901641845703,yp+yl-y0-ypl,fd63aa48c21ada4faba6977bc08f6b765c5964fd2a133a01c1d27b42327ac8de
2773,42,factor_xa_05,N=C(N)NCCC[C@@H](NC(=O)CN1CCN(S(=O)(=O)Cc2ccccc2)CC1=O)C(=O)c1nccs1,NC(=N)NCCC[C@@H](NC(=O)CN1CCN(CC1=O)S(=O)(=O)Cc1ccccc1)C(=O)c1nccs1,1.886056648,0.0,1,10.1093/nar/gkv1072,w16_s4_sequence_mean:457-472,457,472,AFLKWIDRSMKTRGLP,r2_b1066,2,1066,"[19, 20, 21, 22, 23, 24, 25]","[""cccc(C)c"", ""cccc(C)c""]",3.3345518112182617,3.3185930252075195,3.3248205184936523,3.3089234828948975,0.015958786010742188,0.009731292724609375,0.025628328323364258,-6.175041198730469e-05,yp+yl-y0-ypl,fd63aa48c21ada4faba6977bc08f6b765c5964fd2a133a01c1d27b42327ac8de
2773,42,factor_xa_05,N=C(N)NCCC[C@@H](NC(=O)CN1CCN(S(=O)(=O)Cc2ccccc2)CC1=O)C(=O)c1nccs1,NC(=N)NCCC[C@@H](NC(=O)CN1CCN(CC1=O)S(=O)(=O)Cc1ccccc1)C(=O)c1nccs1,1.886056648,0.0,1,10.1093/nar/gkv1072,w16_s4_sequence_mean:457-472,457,472,AFLKWIDRSMKTRGLP,r3_b632,3,632,"[11, 12, 13, 15, 26, 27, 28]","[""CN(C)C(=O)CN""]",3.3345518112182617,3.3185930252075195,3.315513849258423,3.299375057220459,0.015958786010742188,0.019037961959838867,0.035176753997802734,0.0001800060272216797,yp+yl-y0-ypl,fd63aa48c21ada4faba6977bc08f6b765c5964fd2a133a01c1d27b42327ac8de
2773,42,factor_xa_05,N=C(N)NCCC[C@@H](NC(=O)CN1CCN(S(=O)(=O)Cc2ccccc2)CC1=O)C(=O)c1nccs1,NC(=N)NCCC[C@@H](NC(=O)CN1CCN(CC1=O)S(=O)(=O)Cc1ccccc1)C(=O)c1nccs1,1.886056648,0.0,1,10.1093/nar/gkv1072,w16_s4_sequence_mean:457-472,457,472,AFLKWIDRSMKTRGLP,r3_b5,3,5,"[16, 19, 20]","[""cCS""]",3.3345518112182617,3.3185930252075195,3.325798511505127,3.31009578704834,0.015958786010742188,0.008753299713134766,0.024456024169921875,-0.0002560615539550781,yp+yl-y0-ypl,fd63aa48c21ada4faba6977bc08f6b765c5964fd2a133a01c1d27b42327ac8de
2773,42,factor_xa_05,N=C(N)NCCC[C@@H](NC(=O)CN1CCN(S(=O)(=O)Cc2ccccc2)CC1=O)C(=O)c1nccs1,NC(=N)NCCC[C@@H](NC(=O)CN1CCN(CC1=O)S(=O)(=O)Cc1ccccc1)C(=O)c1nccs1,1.886056648,0.0,1,10.1093/nar/gkv1072,w16_s4_sequence_mean:457-472,457,472,AFLKWIDRSMKTRGLP,r2_b295,2,295,"[11, 12, 13, 14, 15, 27]","[""CN(C)CCN""]",3.3345518112182617,3.3185930252075195,3.3161704540252686,3.3007562160491943,0.015958786010742188,0.018381357192993164,0.03379559516906738,-0.0005445480346679688,yp+yl-y0-ypl,fd63aa48c21ada4faba6977bc08f6b765c5964fd2a133a01c1d27b42327ac8de
2773,42,factor_xa_05,N=C(N)NCCC[C@@H](NC(=O)CN1CCN(S(=O)(=O)Cc2ccccc2)CC1=O)C(=O)c1nccs1,NC(=N)NCCC[C@@H](NC(=O)CN1CCN(CC1=O)S(=O)(=O)Cc1ccccc1)C(=O)c1nccs1,1.886056648,0.0,1,10.1093/nar/gkv1072,w16_s4_sequence_mean:457-472,457,472,AFLKWIDRSMKTRGLP,r3_b1917,3,1917,"[9, 10, 29, 30]","[""C=O"", ""C=O""]",3.3345518112182617,3.3185930252075195,3.3111462593078613,3.2937300205230713,0.015958786010742188,0.02340555191040039,0.04082179069519043,0.0014574527740478516,yp+yl-y0-ypl,fd63aa48c21ada4faba6977bc08f6b765c5964fd2a133a01c1d27b42327ac8de
2773,42,factor_xa_05,N=C(N)NCCC[C@@H](NC(=O)CN1CCN(S(=O)(=O)Cc2ccccc2)CC1=O)C(=O)c1nccs1,NC(=N)NCCC[C@@H](NC(=O)CN1CCN(CC1=O)S(=O)(=O)Cc1ccccc1)C(=O)c1nccs1,1.886056648,0.0,1,10.1093/nar/gkv1072,w16_s4_sequence_mean:457-472,457,472,AFLKWIDRSMKTRGLP,r3_b80,3,80,"[4, 5, 6, 11, 19]","[""C"", ""C"", ""C"", ""C"", ""C""]",3.3345518112182617,3.3185930252075195,3.3138198852539062,3.2979798316955566,0.015958786010742188,0.02073192596435547,0.03657197952270508,-0.00011873245239257812,yp+yl-y0-ypl,fd63aa48c21ada4faba6977bc08f6b765c5964fd2a133a01c1d27b42327ac8de
2773,42,factor_xa_05,N=C(N)NCCC[C@@H](NC(=O)CN1CCN(S(=O)(=O)Cc2ccccc2)CC1=O)C(=O)c1nccs1,NC(=N)NCCC[C@@H](NC(=O)CN1CCN(CC1=O)S(=O)(=O)Cc1ccccc1)C(=O)c1nccs1,1.886056648,0.0,1,10.1093/nar/gkv1072,w16_s4_sequence_mean:457-472,457,472,AFLKWIDRSMKTRGLP,r3_b1947,3,1947,"[20, 21, 22, 23, 24, 25]","[""c1ccccc1""]",3.3345518112182617,3.3185930252075195,3.306530237197876,3.2902588844299316,0.015958786010742188,0.028021574020385742,0.04429292678833008,0.00031256675720214844,yp+yl-y0-ypl,fd63aa48c21ada4faba6977bc08f6b765c5964fd2a133a01c1d27b42327ac8de
2773,42,factor_xa_05,N=C(N)NCCC[C@@H](NC(=O)CN1CCN(S(=O)(=O)Cc2ccccc2)CC1=O)C(=O)c1nccs1,NC(=N)NCCC[C@@H](NC(=O)CN1CCN(CC1=O)S(=O)(=O)Cc1ccccc1)C(=O)c1nccs1,1.886056648,0.0,1,10.1093/nar/gkv1072,w16_s4_sequence_mean:457-472,457,472,AFLKWIDRSMKTRGLP,r2_b1567,2,1567,"[31, 34, 35]","[""csc""]",3.3345518112182617,3.3185930252075195,3.3229546546936035,3.3069145679473877,0.015958786010742188,0.011597156524658203,0.027637243270874023,8.130073547363281e-05,yp+yl-y0-ypl,fd63aa48c21ada4faba6977bc08f6b765c5964fd2a133a01c1d27b42327ac8de
2773,42,factor_xa_05,N=C(N)NCCC[C@@H](NC(=O)CN1CCN(S(=O)(=O)Cc2ccccc2)CC1=O)C(=O)c1nccs1,NC(=N)NCCC[C@@H](NC(=O)CN1CCN(CC1=O)S(=O)(=O)Cc1ccccc1)C(=O)c1nccs1,1.886056648,0.0,1,10.1093/nar/gkv1072,w16_s4_sequence_mean:461-476,461,476,WIDRSMKTRGLPKAKS,r3_b1066,3,1066,"[19, 20, 21, 22, 23, 24, 25]","[""cccc(C)c"", ""cccc(C)c""]",3.3345518112182617,3.317451238632202,3.3022549152374268,3.2851603031158447,0.01710057258605957,0.03229689598083496,0.04939150810241699,-5.9604644775390625e-06,yp+yl-y0-ypl,fd63aa48c21ada4faba6977bc08f6b765c5964fd2a133a01c1d27b42327ac8de
2773,42,factor_xa_05,N=C(N)NCCC[C@@H](NC(=O)CN1CCN(S(=O)(=O)Cc2ccccc2)CC1=O)C(=O)c1nccs1,NC(=N)NCCC[C@@H](NC(=O)CN1CCN(CC1=O)S(=O)(=O)Cc1ccccc1)C(=O)c1nccs1,1.886056648,0.0,1,10.1093/nar/gkv1072,w16_s4_sequence_mean:461-476,461,476,WIDRSMKTRGLPKAKS,r3_b983,3,983,"[0, 1, 2, 3, 4, 5]","[""CCNC(=N)N""]",3.3345518112182617,3.317451238632202,3.2994325160980225,3.2809441089630127,0.01710057258605957,0.03511929512023926,0.05360770225524902,0.0013878345489501953,yp+yl-y0-ypl,fd63aa48c21ada4faba6977bc08f6b765c5964fd2a133a01c1d27b42327ac8de
2773,42,factor_xa_05,N=C(N)NCCC[C@@H](NC(=O)CN1CCN(S(=O)(=O)Cc2ccccc2)CC1=O)C(=O)c1nccs1,NC(=N)NCCC[C@@H](NC(=O)CN1CCN(CC1=O)S(=O)(=O)Cc1ccccc1)C(=O)c1nccs1,1.886056648,0.0,1,10.1093/nar/gkv1072,w16_s4_sequence_mean:461-476,461,476,WIDRSMKTRGLPKAKS,r2_b1066,2,1066,"[19, 20, 21, 22, 23, 24, 25]","[""cccc(C)c"", ""cccc(C)c""]",3.3345518112182617,3.317451238632202,3.3248205184936523,3.3075172901153564,0.01710057258605957,0.009731292724609375,0.027034521102905273,0.00020265579223632812,yp+yl-y0-ypl,fd63aa48c21ada4faba6977bc08f6b765c5964fd2a133a01c1d27b42327ac8de
2773,42,factor_xa_05,N=C(N)NCCC[C@@H](NC(=O)CN1CCN(S(=O)(=O)Cc2ccccc2)CC1=O)C(=O)c1nccs1,NC(=N)NCCC[C@@H](NC(=O)CN1CCN(CC1=O)S(=O)(=O)Cc1ccccc1)C(=O)c1nccs1,1.886056648,0.0,1,10.1093/nar/gkv1072,w16_s4_sequence_mean:461-476,461,476,WIDRSMKTRGLPKAKS,r3_b632,3,632,"[11, 12, 13, 15, 26, 27, 28]","[""CN(C)C(=O)CN""]",3.3345518112182617,3.317451238632202,3.315513849258423,3.2980751991271973,0.01710057258605957,0.019037961959838867,0.03647661209106445,0.0003380775451660156,yp+yl-y0-ypl,fd63aa48c21ada4faba6977bc08f6b765c5964fd2a133a01c1d27b42327ac8de
2773,42,factor_xa_05,N=C(N)NCCC[C@@H](NC(=O)CN1CCN(S(=O)(=O)Cc2ccccc2)CC1=O)C(=O)c1nccs1,NC(=N)NCCC[C@@H](NC(=O)CN1CCN(CC1=O)S(=O)(=O)Cc1ccccc1)C(=O)c1nccs1,1.886056648,0.0,1,10.1093/nar/gkv1072,w16_s4_sequence_mean:461-476,461,476,WIDRSMKTRGLPKAKS,r3_b5,3,5,"[16, 19, 20]","[""cCS""]",3.3345518112182617,3.317451238632202,3.325798511505127,3.30899715423584,0.01710057258605957,0.008753299713134766,0.025554656982421875,-0.00029921531677246094,yp+yl-y0-ypl,fd63aa48c21ada4faba6977bc08f6b765c5964fd2a133a01c1d27b42327ac8de
2773,42,factor_xa_05,N=C(N)NCCC[C@@H](NC(=O)CN1CCN(S(=O)(=O)Cc2ccccc2)CC1=O)C(=O)c1nccs1,NC(=N)NCCC[C@@H](NC(=O)CN1CCN(CC1=O)S(=O)(=O)Cc1ccccc1)C(=O)c1nccs1,1.886056648,0.0,1,10.1093/nar/gkv1072,w16_s4_sequence_mean:461-476,461,476,WIDRSMKTRGLPKAKS,r2_b295,2,295,"[11, 12, 13, 14, 15, 27]","[""CN(C)CCN""]",3.3345518112182617,3.317451238632202,3.3161704540252686,3.299227476119995,0.01710057258605957,0.018381357192993164,0.0353243350982666,-0.0001575946807861328,yp+yl-y0-ypl,fd63aa48c21ada4faba6977bc08f6b765c5964fd2a133a01c1d27b42327ac8de
2773,42,factor_xa_05,N=C(N)NCCC[C@@H](NC(=O)CN1CCN(S(=O)(=O)Cc2ccccc2)CC1=O)C(=O)c1nccs1,NC(=N)NCCC[C@@H](NC(=O)CN1CCN(CC1=O)S(=O)(=O)Cc1ccccc1)C(=O)c1nccs1,1.886056648,0.0,1,10.1093/nar/gkv1072,w16_s4_sequence_mean:461-476,461,476,WIDRSMKTRGLPKAKS,r3_b1917,3,1917,"[9, 10, 29, 30]","[""C=O"", ""C=O""]",3.3345518112182617,3.317451238632202,3.3111462593078613,3.292712450027466,0.01710057258605957,0.02340555191040039,0.0418393611907959,0.0013332366943359375,yp+yl-y0-ypl,fd63aa48c21ada4faba6977bc08f6b765c5964fd2a133a01c1d27b42327ac8de
2773,42,factor_xa_05,N=C(N)NCCC[C@@H](NC(=O)CN1CCN(S(=O)(=O)Cc2ccccc2)CC1=O)C(=O)c1nccs1,NC(=N)NCCC[C@@H](NC(=O)CN1CCN(CC1=O)S(=O)(=O)Cc1ccccc1)C(=O)c1nccs1,1.886056648,0.0,1,10.1093/nar/gkv1072,w16_s4_sequence_mean:461-476,461,476,WIDRSMKTRGLPKAKS,r3_b80,3,80,"[4, 5, 6, 11, 19]","[""C"", ""C"", ""C"", ""C"", ""C""]",3.3345518112182617,3.317451238632202,3.3138198852539062,3.2965188026428223,0.01710057258605957,0.02073192596435547,0.03803300857543945,0.00020051002502441406,yp+yl-y0-ypl,fd63aa48c21ada4faba6977bc08f6b765c5964fd2a133a01c1d27b42327ac8de
2773,42,factor_xa_05,N=C(N)NCCC[C@@H](NC(=O)CN1CCN(S(=O)(=O)Cc2ccccc2)CC1=O)C(=O)c1nccs1,NC(=N)NCCC[C@@H](NC(=O)CN1CCN(CC1=O)S(=O)(=O)Cc1ccccc1)C(=O)c1nccs1,1.886056648,0.0,1,10.1093/nar/gkv1072,w16_s4_sequence_mean:461-476,461,476,WIDRSMKTRGLPKAKS,r3_b1947,3,1947,"[20, 21, 22, 23, 24, 25]","[""c1ccccc1""]",3.3345518112182617,3.317451238632202,3.306530237197876,3.288867712020874,0.01710057258605957,0.028021574020385742,0.045684099197387695,0.0005619525909423828,yp+yl-y0-ypl,fd63aa48c21ada4faba6977bc08f6b765c5964fd2a133a01c1d27b42327ac8de
2773,42,factor_xa_05,N=C(N)NCCC[C@@H](NC(=O)CN1CCN(S(=O)(=O)Cc2ccccc2)CC1=O)C(=O)c1nccs1,NC(=N)NCCC[C@@H](NC(=O)CN1CCN(CC1=O)S(=O)(=O)Cc1ccccc1)C(=O)c1nccs1,1.886056648,0.0,1,10.1093/nar/gkv1072,w16_s4_sequence_mean:461-476,461,476,WIDRSMKTRGLPKAKS,r2_b1567,2,1567,"[31, 34, 35]","[""csc""]",3.3345518112182617,3.317451238632202,3.3229546546936035,3.305691957473755,0.01710057258605957,0.011597156524658203,0.028859853744506836,0.0001621246337890625,yp+yl-y0-ypl,fd63aa48c21ada4faba6977bc08f6b765c5964fd2a133a01c1d27b42327ac8de
2773,42,factor_xa_05,N=C(N)NCCC[C@@H](NC(=O)CN1CCN(S(=O)(=O)Cc2ccccc2)CC1=O)C(=O)c1nccs1,NC(=N)NCCC[C@@H](NC(=O)CN1CCN(CC1=O)S(=O)(=O)Cc1ccccc1)C(=O)c1nccs1,1.886056648,0.0,1,10.1093/nar/gkv1072,w16_s4_sequence_mean:221-236,221,236,NQTQPERGDNNLTRIV,r3_b1066,3,1066,"[19, 20, 21, 22, 23, 24, 25]","[""cccc(C)c"", ""cccc(C)c""]",3.3345518112182617,3.3200292587280273,3.3022549152374268,3.2874796390533447,0.014522552490234375,0.03229689598083496,0.04707217216491699,0.00025272369384765625,yp+yl-y0-ypl,fd63aa48c21ada4faba6977bc08f6b765c5964fd2a133a01c1d27b42327ac8de
2773,42,factor_xa_05,N=C(N)NCCC[C@@H](NC(=O)CN1CCN(S(=O)(=O)Cc2ccccc2)CC1=O)C(=O)c1nccs1,NC(=N)NCCC[C@@H](NC(=O)CN1CCN(CC1=O)S(=O)(=O)Cc1ccccc1)C(=O)c1nccs1,1.886056648,0.0,1,10.1093/nar/gkv1072,w16_s4_sequence_mean:221-236,221,236,NQTQPERGDNNLTRIV,r3_b983,3,983,"[0, 1, 2, 3, 4, 5]","[""CCNC(=N)N""]",3.3345518112182617,3.3200292587280273,3.2994325160980225,3.2839086055755615,0.014522552490234375,0.03511929512023926,0.050643205642700195,0.0010013580322265625,yp+yl-y0-ypl,fd63aa48c21ada4faba6977bc08f6b765c5964fd2a133a01c1d27b42327ac8de
2773,42,factor_xa_05,N=C(N)NCCC[C@@H](NC(=O)CN1CCN(S(=O)(=O)Cc2ccccc2)CC1=O)C(=O)c1nccs1,NC(=N)NCCC[C@@H](NC(=O)CN1CCN(CC1=O)S(=O)(=O)Cc1ccccc1)C(=O)c1nccs1,1.886056648,0.0,1,10.1093/nar/gkv1072,w16_s4_sequence_mean:221-236,221,236,NQTQPERGDNNLTRIV,r2_b1066,2,1066,"[19, 20, 21, 22, 23, 24, 25]","[""cccc(C)c"", ""cccc(C)c""]",3.3345518112182617,3.3200292587280273,3.3248205184936523,3.3096730709075928,0.014522552490234375,0.009731292724609375,0.024878740310668945,0.0006248950958251953,yp+yl-y0-ypl,fd63aa48c21ada4faba6977bc08f6b765c5964fd2a133a01c1d27b42327ac8de
2773,42,factor_xa_05,N=C(N)NCCC[C@@H](NC(=O)CN1CCN(S(=O)(=O)Cc2ccccc2)CC1=O)C(=O)c1nccs1,NC(=N)NCCC[C@@H](NC(=O)CN1CCN(CC1=O)S(=O)(=O)Cc1ccccc1)C(=O)c1nccs1,1.886056648,0.0,1,10.1093/nar/gkv1072,w16_s4_sequence_mean:221-236,221,236,NQTQPERGDNNLTRIV,r3_b632,3,632,"[11, 12, 13, 15, 26, 27, 28]","[""CN(C)C(=O)CN""]",3.3345518112182617,3.3200292587280273,3.315513849258423,3.3006691932678223,0.014522552490234375,0.019037961959838867,0.03388261795043945,0.00032210350036621094,yp+yl-y0-ypl,fd63aa48c21ada4faba6977bc08f6b765c5964fd2a133a01c1d27b42327ac8de
2773,42,factor_xa_05,N=C(N)NCCC[C@@H](NC(=O)CN1CCN(S(=O)(=O)Cc2ccccc2)CC1=O)C(=O)c1nccs1,NC(=N)NCCC[C@@H](NC(=O)CN1CCN(CC1=O)S(=O)(=O)Cc1ccccc1)C(=O)c1nccs1,1.886056648,0.0,1,10.1093/nar/gkv1072,w16_s4_sequence_mean:221-236,221,236,NQTQPERGDNNLTRIV,r3_b5,3,5,"[16, 19, 20]","[""cCS""]",3.3345518112182617,3.3200292587280273,3.325798511505127,3.3105509281158447,0.014522552490234375,0.008753299713134766,0.024000883102416992,0.0007250308990478516,yp+yl-y0-ypl,fd63aa48c21ada4faba6977bc08f6b765c5964fd2a133a01c1d27b42327ac8de
2773,42,factor_xa_05,N=C(N)NCCC[C@@H](NC(=O)CN1CCN(S(=O)(=O)Cc2ccccc2)CC1=O)C(=O)c1nccs1,NC(=N)NCCC[C@@H](NC(=O)CN1CCN(CC1=O)S(=O)(=O)Cc1ccccc1)C(=O)c1nccs1,1.886056648,0.0,1,10.1093/nar/gkv1072,w16_s4_sequence_mean:221-236,221,236,NQTQPERGDNNLTRIV,r2_b295,2,295,"[11, 12, 13, 14, 15, 27]","[""CN(C)CCN""]",3.3345518112182617,3.3200292587280273,3.3161704540252686,3.3010876178741455,0.014522552490234375,0.018381357192993164,0.03346419334411621,0.0005602836608886719,yp+yl-y0-ypl,fd63aa48c21ada4faba6977bc08f6b765c5964fd2a133a01c1d27b42327ac8de
2773,42,factor_xa_05,N=C(N)NCCC[C@@H](NC(=O)CN1CCN(S(=O)(=O)Cc2ccccc2)CC1=O)C(=O)c1nccs1,NC(=N)NCCC[C@@H](NC(=O)CN1CCN(CC1=O)S(=O)(=O)Cc1ccccc1)C(=O)c1nccs1,1.886056648,0.0,1,10.1093/nar/gkv1072,w16_s4_sequence_mean:221-236,221,236,NQTQPERGDNNLTRIV,r3_b1917,3,1917,"[9, 10, 29, 30]","[""C=O"", ""C=O""]",3.3345518112182617,3.3200292587280273,3.3111462593078613,3.295881986618042,0.014522552490234375,0.02340555191040039,0.03866982460021973,0.0007417201995849609,yp+yl-y0-ypl,fd63aa48c21ada4faba6977bc08f6b765c5964fd2a133a01c1d27b42327ac8de
2773,42,factor_xa_05,N=C(N)NCCC[C@@H](NC(=O)CN1CCN(S(=O)(=O)Cc2ccccc2)CC1=O)C(=O)c1nccs1,NC(=N)NCCC[C@@H](NC(=O)CN1CCN(CC1=O)S(=O)(=O)Cc1ccccc1)C(=O)c1nccs1,1.886056648,0.0,1,10.1093/nar/gkv1072,w16_s4_sequence_mean:221-236,221,236,NQTQPERGDNNLTRIV,r3_b80,3,80,"[4, 5, 6, 11, 19]","[""C"", ""C"", ""C"", ""C"", ""C""]",3.3345518112182617,3.3200292587280273,3.3138198852539062,3.2993438243865967,0.014522552490234375,0.02073192596435547,0.03520798683166504,-4.649162292480469e-05,yp+yl-y0-ypl,fd63aa48c21ada4faba6977bc08f6b765c5964fd2a133a01c1d27b42327ac8de
2773,42,factor_xa_05,N=C(N)NCCC[C@@H](NC(=O)CN1CCN(S(=O)(=O)Cc2ccccc2)CC1=O)C(=O)c1nccs1,NC(=N)NCCC[C@@H](NC(=O)CN1CCN(CC1=O)S(=O)(=O)Cc1ccccc1)C(=O)c1nccs1,1.886056648,0.0,1,10.1093/nar/gkv1072,w16_s4_sequence_mean:221-236,221,236,NQTQPERGDNNLTRIV,r3_b1947,3,1947,"[20, 21, 22, 23, 24, 25]","[""c1ccccc1""]",3.3345518112182617,3.3200292587280273,3.306530237197876,3.291217088699341,0.014522552490234375,0.028021574020385742,0.0433347225189209,0.0007905960083007812,yp+yl-y0-ypl,fd63aa48c21ada4faba6977bc08f6b765c5964fd2a133a01c1d27b42327ac8de
2773,42,factor_xa_05,N=C(N)NCCC[C@@H](NC(=O)CN1CCN(S(=O)(=O)Cc2ccccc2)CC1=O)C(=O)c1nccs1,NC(=N)NCCC[C@@H](NC(=O)CN1CCN(CC1=O)S(=O)(=O)Cc1ccccc1)C(=O)c1nccs1,1.886056648,0.0,1,10.1093/nar/gkv1072,w16_s4_sequence_mean:221-236,221,236,NQTQPERGDNNLTRIV,r2_b1567,2,1567,"[31, 34, 35]","[""csc""]",3.3345518112182617,3.3200292587280273,3.3229546546936035,3.3080856800079346,0.014522552490234375,0.011597156524658203,0.02646613121032715,0.0003464221954345703,yp+yl-y0-ypl,fd63aa48c21ada4faba6977bc08f6b765c5964fd2a133a01c1d27b42327ac8de
2773,42,factor_xa_05,N=C(N)NCCC[C@@H](NC(=O)CN1CCN(S(=O)(=O)Cc2ccccc2)CC1=O)C(=O)c1nccs1,NC(=N)NCCC[C@@H](NC(=O)CN1CCN(CC1=O)S(=O)(=O)Cc1ccccc1)C(=O)c1nccs1,1.886056648,0.0,1,10.1093/nar/gkv1072,w16_s4_sequence_mean:265-280,265,280,ILSEFYILTAAHCLYQ,r3_b1066,3,1066,"[19, 20, 21, 22, 23, 24, 25]","[""cccc(C)c"", ""cccc(C)c""]",3.3345518112182617,3.320279836654663,3.3022549152374268,3.287543535232544,0.014271974563598633,0.03229689598083496,0.04700827598571777,0.0004394054412841797,yp+yl-y0-ypl,fd63aa48c21ada4faba6977bc08f6b765c5964fd2a133a01c1d27b42327ac8de
2773,42,factor_xa_05,N=C(N)NCCC[C@@H](NC(=O)CN1CCN(S(=O)(=O)Cc2ccccc2)CC1=O)C(=O)c1nccs1,NC(=N)NCCC[C@@H](NC(=O)CN1CCN(CC1=O)S(=O)(=O)Cc1ccccc1)C(=O)c1nccs1,1.886056648,0.0,1,10.1093/nar/gkv1072,w16_s4_sequence_mean:265-280,265,280,ILSEFYILTAAHCLYQ,r3_b983,3,983,"[0, 1, 2, 3, 4, 5]","[""CCNC(=N)N""]",3.3345518112182617,3.320279836654663,3.2994325160980225,3.284621238708496,0.014271974563598633,0.03511929512023926,0.049930572509765625,0.0005393028259277344,yp+yl-y0-ypl,fd63aa48c21ada4faba6977bc08f6b765c5964fd2a133a01c1d27b42327ac8de
2773,42,factor_xa_05,N=C(N)NCCC[C@@H](NC(=O)CN1CCN(S(=O)(=O)Cc2ccccc2)CC1=O)C(=O)c1nccs1,NC(=N)NCCC[C@@H](NC(=O)CN1CCN(CC1=O)S(=O)(=O)Cc1ccccc1)C(=O)c1nccs1,1.886056648,0.0,1,10.1093/nar/gkv1072,w16_s4_sequence_mean:265-280,265,280,ILSEFYILTAAHCLYQ,r2_b1066,2,1066,"[19, 20, 21, 22, 23, 24, 25]","[""cccc(C)c"", ""cccc(C)c""]",3.3345518112182617,3.320279836654663,3.3248205184936523,3.310899496078491,0.014271974563598633,0.009731292724609375,0.023652315139770508,-0.0003509521484375,yp+yl-y0-ypl,fd63aa48c21ada4faba6977bc08f6b765c5964fd2a133a01c1d27b42327ac8de
2773,42,factor_xa_05,N=C(N)NCCC[C@@H](NC(=O)CN1CCN(S(=O)(=O)Cc2ccccc2)CC1=O)C(=O)c1nccs1,NC(=N)NCCC[C@@H](NC(=O)CN1CCN(CC1=O)S(=O)(=O)Cc1ccccc1)C(=O)c1nccs1,1.886056648,0.0,1,10.1093/nar/gkv1072,w16_s4_sequence_mean:265-280,265,280,ILSEFYILTAAHCLYQ,r3_b632,3,632,"[11, 12, 13, 15, 26, 27, 28]","[""CN(C)C(=O)CN""]",3.3345518112182617,3.320279836654663,3.315513849258423,3.3009119033813477,0.014271974563598633,0.019037961959838867,0.03363990783691406,0.0003299713134765625,yp+yl-y0-ypl,fd63aa48c21ada4faba6977bc08f6b765c5964fd2a133a01c1d27b42327ac8de
2773,42,factor_xa_05,N=C(N)NCCC[C@@H](NC(=O)CN1CCN(S(=O)(=O)Cc2ccccc2)CC1=O)C(=O)c1nccs1,NC(=N)NCCC[C@@H](NC(=O)CN1CCN(CC1=O)S(=O)(=O)Cc1ccccc1)C(=O)c1nccs1,1.886056648,0.0,1,10.1093/nar/gkv1072,w16_s4_sequence_mean:265-280,265,280,ILSEFYILTAAHCLYQ,r3_b5,3,5,"[16, 19, 20]","[""cCS""]",3.3345518112182617,3.320279836654663,3.325798511505127,3.3111212253570557,0.014271974563598633,0.008753299713134766,0.023430585861206055,0.00040531158447265625,yp+yl-y0-ypl,fd63aa48c21ada4faba6977bc08f6b765c5964fd2a133a01c1d27b42327ac8de
2773,42,factor_xa_05,N=C(N)NCCC[C@@H](NC(=O)CN1CCN(S(=O)(=O)Cc2ccccc2)CC1=O)C(=O)c1nccs1,NC(=N)NCCC[C@@H](NC(=O)CN1CCN(CC1=O)S(=O)(=O)Cc1ccccc1)C(=O)c1nccs1,1.886056648,0.0,1,10.1093/nar/gkv1072,w16_s4_sequence_mean:265-280,265,280,ILSEFYILTAAHCLYQ,r2_b295,2,295,"[11, 12, 13, 14, 15, 27]","[""CN(C)CCN""]",3.3345518112182617,3.320279836654663,3.3161704540252686,3.302180528640747,0.014271974563598633,0.018381357192993164,0.03237128257751465,-0.00028204917907714844,yp+yl-y0-ypl,fd63aa48c21ada4faba6977bc08f6b765c5964fd2a133a01c1d27b42327ac8de
2773,42,factor_xa_05,N=C(N)NCCC[C@@H](NC(=O)CN1CCN(S(=O)(=O)Cc2ccccc2)CC1=O)C(=O)c1nccs1,NC(=N)NCCC[C@@H](NC(=O)CN1CCN(CC1=O)S(=O)(=O)Cc1ccccc1)C(=O)c1nccs1,1.886056648,0.0,1,10.1093/nar/gkv1072,w16_s4_sequence_mean:265-280,265,280,ILSEFYILTAAHCLYQ,r3_b1917,3,1917,"[9, 10, 29, 30]","[""C=O"", ""C=O""]",3.3345518112182617,3.320279836654663,3.3111462593078613,3.2967727184295654,0.014271974563598633,0.02340555191040039,0.03777909278869629,0.00010156631469726562,yp+yl-y0-ypl,fd63aa48c21ada4faba6977bc08f6b765c5964fd2a133a01c1d27b42327ac8de
2773,42,factor_xa_05,N=C(N)NCCC[C@@H](NC(=O)CN1CCN(S(=O)(=O)Cc2ccccc2)CC1=O)C(=O)c1nccs1,NC(=N)NCCC[C@@H](NC(=O)CN1CCN(CC1=O)S(=O)(=O)Cc1ccccc1)C(=O)c1nccs1,1.886056648,0.0,1,10.1093/nar/gkv1072,w16_s4_sequence_mean:265-280,265,280,ILSEFYILTAAHCLYQ,r3_b80,3,80,"[4, 5, 6, 11, 19]","[""C"", ""C"", ""C"", ""C"", ""C""]",3.3345518112182617,3.320279836654663,3.3138198852539062,3.2997841835021973,0.014271974563598633,0.02073192596435547,0.03476762771606445,-0.00023627281188964844,yp+yl-y0-ypl,fd63aa48c21ada4faba6977bc08f6b765c5964fd2a133a01c1d27b42327ac8de
2773,42,factor_xa_05,N=C(N)NCCC[C@@H](NC(=O)CN1CCN(S(=O)(=O)Cc2ccccc2)CC1=O)C(=O)c1nccs1,NC(=N)NCCC[C@@H](NC(=O)CN1CCN(CC1=O)S(=O)(=O)Cc1ccccc1)C(=O)c1nccs1,1.886056648,0.0,1,10.1093/nar/gkv1072,w16_s4_sequence_mean:265-280,265,280,ILSEFYILTAAHCLYQ,r3_b1947,3,1947,"[20, 21, 22, 23, 24, 25]","[""c1ccccc1""]",3.3345518112182617,3.320279836654663,3.306530237197876,3.2917587757110596,0.014271974563598633,0.028021574020385742,0.04279303550720215,0.0004994869232177734,yp+yl-y0-ypl,fd63aa48c21ada4faba6977bc08f6b765c5964fd2a133a01c1d27b42327ac8de
2773,42,factor_xa_05,N=C(N)NCCC[C@@H](NC(=O)CN1CCN(S(=O)(=O)Cc2ccccc2)CC1=O)C(=O)c1nccs1,NC(=N)NCCC[C@@H](NC(=O)CN1CCN(CC1=O)S(=O)(=O)Cc1ccccc1)C(=O)c1nccs1,1.886056648,0.0,1,10.1093/nar/gkv1072,w16_s4_sequence_mean:265-280,265,280,ILSEFYILTAAHCLYQ,r2_b1567,2,1567,"[31, 34, 35]","[""csc""]",3.3345518112182617,3.320279836654663,3.3229546546936035,3.308164119720459,0.014271974563598633,0.011597156524658203,0.026387691497802734,0.0005185604095458984,yp+yl-y0-ypl,fd63aa48c21ada4faba6977bc08f6b765c5964fd2a133a01c1d27b42327ac8de
2773,42,factor_xa_05,N=C(N)NCCC[C@@H](NC(=O)CN1CCN(S(=O)(=O)Cc2ccccc2)CC1=O)C(=O)c1nccs1,NC(=N)NCCC[C@@H](NC(=O)CN1CCN(CC1=O)S(=O)(=O)Cc1ccccc1)C(=O)c1nccs1,1.886056648,0.0,1,10.1093/nar/gkv1072,w16_s4_sequence_mean:465-480,465,480,SMKTRGLPKAKSHAPE,r3_b1066,3,1066,"[19, 20, 21, 22, 23, 24, 25]","[""cccc(C)c"", ""cccc(C)c""]",3.3345518112182617,3.31764554977417,3.3022549152374268,3.2854268550872803,0.016906261444091797,0.03229689598083496,0.049124956130981445,-7.82012939453125e-05,yp+yl-y0-ypl,fd63aa48c21ada4faba6977bc08f6b765c5964fd2a133a01c1d27b42327ac8de
2773,42,factor_xa_05,N=C(N)NCCC[C@@H](NC(=O)CN1CCN(S(=O)(=O)Cc2ccccc2)CC1=O)C(=O)c1nccs1,NC(=N)NCCC[C@@H](NC(=O)CN1CCN(CC1=O)S(=O)(=O)Cc1ccccc1)C(=O)c1nccs1,1.886056648,0.0,1,10.1093/nar/gkv1072,w16_s4_sequence_mean:465-480,465,480,SMKTRGLPKAKSHAPE,r3_b983,3,983,"[0, 1, 2, 3, 4, 5]","[""CCNC(=N)N""]",3.3345518112182617,3.31764554977417,3.2994325160980225,3.281357526779175,0.016906261444091797,0.03511929512023926,0.053194284439086914,0.0011687278747558594,yp+yl-y0-ypl,fd63aa48c21ada4faba6977bc08f6b765c5964fd2a133a01c1d27b42327ac8de
2773,42,factor_xa_05,N=C(N)NCCC[C@@H](NC(=O)CN1CCN(S(=O)(=O)Cc2ccccc2)CC1=O)C(=O)c1nccs1,NC(=N)NCCC[C@@H](NC(=O)CN1CCN(CC1=O)S(=O)(=O)Cc1ccccc1)C(=O)c1nccs1,1.886056648,0.0,1,10.1093/nar/gkv1072,w16_s4_sequence_mean:465-480,465,480,SMKTRGLPKAKSHAPE,r2_b1066,2,1066,"[19, 20, 21, 22, 23, 24, 25]","[""cccc(C)c"", ""cccc(C)c""]",3.3345518112182617,3.31764554977417,3.3248205184936523,3.3076260089874268,0.016906261444091797,0.009731292724609375,0.02692580223083496,0.00028824806213378906,yp+yl-y0-ypl,fd63aa48c21ada4faba6977bc08f6b765c5964fd2a133a01c1d27b42327ac8de
2773,42,factor_xa_05,N=C(N)NCCC[C@@H](NC(=O)CN1CCN(S(=O)(=O)Cc2ccccc2)CC1=O)C(=O)c1nccs1,NC(=N)NCCC[C@@H](NC(=O)CN1CCN(CC1=O)S(=O)(=O)Cc1ccccc1)C(=O)c1nccs1,1.886056648,0.0,1,10.1093/nar/gkv1072,w16_s4_sequence_mean:465-480,465,480,SMKTRGLPKAKSHAPE,r3_b632,3,632,"[11, 12, 13, 15, 26, 27, 28]","[""CN(C)C(=O)CN""]",3.3345518112182617,3.31764554977417,3.315513849258423,3.298131227493286,0.016906261444091797,0.019037961959838867,0.036420583724975586,0.0004763603210449219,yp+yl-y0-ypl,fd63aa48c21ada4faba6977bc08f6b765c5964fd2a133a01c1d27b42327ac8de
2773,42,factor_xa_05,N=C(N)NCCC[C@@H](NC(=O)CN1CCN(S(=O)(=O)Cc2ccccc2)CC1=O)C(=O)c1nccs1,NC(=N)NCCC[C@@H](NC(=O)CN1CCN(CC1=O)S(=O)(=O)Cc1ccccc1)C(=O)c1nccs1,1.886056648,0.0,1,10.1093/nar/gkv1072,w16_s4_sequence_mean:465-480,465,480,SMKTRGLPKAKSHAPE,r3_b5,3,5,"[16, 19, 20]","[""cCS""]",3.3345518112182617,3.31764554977417,3.325798511505127,3.3090574741363525,0.016906261444091797,0.008753299713134766,0.02549433708190918,-0.0001652240753173828,yp+yl-y0-ypl,fd63aa48c21ada4faba6977bc08f6b765c5964fd2a133a01c1d27b42327ac8de
2773,42,factor_xa_05,N=C(N)NCCC[C@@H](NC(=O)CN1CCN(S(=O)(=O)Cc2ccccc2)CC1=O)C(=O)c1nccs1,NC(=N)NCCC[C@@H](NC(=O)CN1CCN(CC1=O)S(=O)(=O)Cc1ccccc1)C(=O)c1nccs1,1.886056648,0.0,1,10.1093/nar/gkv1072,w16_s4_sequence_mean:465-480,465,480,SMKTRGLPKAKSHAPE,r2_b295,2,295,"[11, 12, 13, 14, 15, 27]","[""CN(C)CCN""]",3.3345518112182617,3.31764554977417,3.3161704540252686,3.2992475032806396,0.016906261444091797,0.018381357192993164,0.03530430793762207,1.6689300537109375e-05,yp+yl-y0-ypl,fd63aa48c21ada4faba6977bc08f6b765c5964fd2a133a01c1d27b42327ac8de
2773,42,factor_xa_05,N=C(N)NCCC[C@@H](NC(=O)CN1CCN(S(=O)(=O)Cc2ccccc2)CC1=O)C(=O)c1nccs1,NC(=N)NCCC[C@@H](NC(=O)CN1CCN(CC1=O)S(=O)(=O)Cc1ccccc1)C(=O)c1nccs1,1.886056648,0.0,1,10.1093/nar/gkv1072,w16_s4_sequence_mean:465-480,465,480,SMKTRGLPKAKSHAPE,r3_b1917,3,1917,"[9, 10, 29, 30]","[""C=O"", ""C=O""]",3.3345518112182617,3.31764554977417,3.3111462593078613,3.2931456565856934,0.016906261444091797,0.02340555191040039,0.04140615463256836,0.0010943412780761719,yp+yl-y0-ypl,fd63aa48c21ada4faba6977bc08f6b765c5964fd2a133a01c1d27b42327ac8de
2773,42,factor_xa_05,N=C(N)NCCC[C@@H](NC(=O)CN1CCN(S(=O)(=O)Cc2ccccc2)CC1=O)C(=O)c1nccs1,NC(=N)NCCC[C@@H](NC(=O)CN1CCN(CC1=O)S(=O)(=O)Cc1ccccc1)C(=O)c1nccs1,1.886056648,0.0,1,10.1093/nar/gkv1072,w16_s4_sequence_mean:465-480,465,480,SMKTRGLPKAKSHAPE,r3_b80,3,80,"[4, 5, 6, 11, 19]","[""C"", ""C"", ""C"", ""C"", ""C""]",3.3345518112182617,3.31764554977417,3.3138198852539062,3.296506404876709,0.016906261444091797,0.02073192596435547,0.038045406341552734,0.00040721893310546875,yp+yl-y0-ypl,fd63aa48c21ada4faba6977bc08f6b765c5964fd2a133a01c1d27b42327ac8de
2773,42,factor_xa_05,N=C(N)NCCC[C@@H](NC(=O)CN1CCN(S(=O)(=O)Cc2ccccc2)CC1=O)C(=O)c1nccs1,NC(=N)NCCC[C@@H](NC(=O)CN1CCN(CC1=O)S(=O)(=O)Cc1ccccc1)C(=O)c1nccs1,1.886056648,0.0,1,10.1093/nar/gkv1072,w16_s4_sequence_mean:465-480,465,480,SMKTRGLPKAKSHAPE,r3_b1947,3,1947,"[20, 21, 22, 23, 24, 25]","[""c1ccccc1""]",3.3345518112182617,3.31764554977417,3.306530237197876,3.2890403270721436,0.016906261444091797,0.028021574020385742,0.045511484146118164,0.000583648681640625,yp+yl-y0-ypl,fd63aa48c21ada4faba6977bc08f6b765c5964fd2a133a01c1d27b42327ac8de
2773,42,factor_xa_05,N=C(N)NCCC[C@@H](NC(=O)CN1CCN(S(=O)(=O)Cc2ccccc2)CC1=O)C(=O)c1nccs1,NC(=N)NCCC[C@@H](NC(=O)CN1CCN(CC1=O)S(=O)(=O)Cc1ccccc1)C(=O)c1nccs1,1.886056648,0.0,1,10.1093/nar/gkv1072,w16_s4_sequence_mean:465-480,465,480,SMKTRGLPKAKSHAPE,r2_b1567,2,1567,"[31, 34, 35]","[""csc""]",3.3345518112182617,3.31764554977417,3.3229546546936035,3.3061776161193848,0.016906261444091797,0.011597156524658203,0.028374195098876953,-0.00012922286987304688,yp+yl-y0-ypl,fd63aa48c21ada4faba6977bc08f6b765c5964fd2a133a01c1d27b42327ac8de
2773,42,factor_xa_05,N=C(N)NCCC[C@@H](NC(=O)CN1CCN(S(=O)(=O)Cc2ccccc2)CC1=O)C(=O)c1nccs1,NC(=N)NCCC[C@@H](NC(=O)CN1CCN(CC1=O)S(=O)(=O)Cc1ccccc1)C(=O)c1nccs1,1.886056648,0.0,1,10.1093/nar/gkv1072,w16_s4_sequence_mean:225-240,225,240,PERGDNNLTRIVGGQE,r3_b1066,3,1066,"[19, 20, 21, 22, 23, 24, 25]","[""cccc(C)c"", ""cccc(C)c""]",3.3345518112182617,3.318086624145508,3.3022549152374268,3.2854607105255127,0.016465187072753906,0.03229689598083496,0.04909110069274902,0.00032901763916015625,yp+yl-y0-ypl,fd63aa48c21ada4faba6977bc08f6b765c5964fd2a133a01c1d27b42327ac8de
2773,42,factor_xa_05,N=C(N)NCCC[C@@H](NC(=O)CN1CCN(S(=O)(=O)Cc2ccccc2)CC1=O)C(=O)c1nccs1,NC(=N)NCCC[C@@H](NC(=O)CN1CCN(CC1=O)S(=O)(=O)Cc1ccccc1)C(=O)c1nccs1,1.886056648,0.0,1,10.1093/nar/gkv1072,w16_s4_sequence_mean:225-240,225,240,PERGDNNLTRIVGGQE,r3_b983,3,983,"[0, 1, 2, 3, 4, 5]","[""CCNC(=N)N""]",3.3345518112182617,3.318086624145508,3.2994325160980225,3.2818868160247803,0.016465187072753906,0.03511929512023926,0.052664995193481445,0.0010805130004882812,yp+yl-y0-ypl,fd63aa48c21ada4faba6977bc08f6b765c5964fd2a133a01c1d27b42327ac8de
2773,42,factor_xa_05,N=C(N)NCCC[C@@H](NC(=O)CN1CCN(S(=O)(=O)Cc2ccccc2)CC1=O)C(=O)c1nccs1,NC(=N)NCCC[C@@H](NC(=O)CN1CCN(CC1=O)S(=O)(=O)Cc1ccccc1)C(=O)c1nccs1,1.886056648,0.0,1,10.1093/nar/gkv1072,w16_s4_sequence_mean:225-240,225,240,PERGDNNLTRIVGGQE,r2_b1066,2,1066,"[19, 20, 21, 22, 23, 24, 25]","[""cccc(C)c"", ""cccc(C)c""]",3.3345518112182617,3.318086624145508,3.3248205184936523,3.3078622817993164,0.016465187072753906,0.009731292724609375,0.026689529418945312,0.0004930496215820312,yp+yl-y0-ypl,fd63aa48c21ada4faba6977bc08f6b765c5964fd2a133a01c1d27b42327ac8de
2773,42,factor_xa_05,N=C(N)NCCC[C@@H](NC(=O)CN1CCN(S(=O)(=O)Cc2ccccc2)CC1=O)C(=O)c1nccs1,NC(=N)NCCC[C@@H](NC(=O)CN1CCN(CC1=O)S(=O)(=O)Cc1ccccc1)C(=O)c1nccs1,1.886056648,0.0,1,10.1093/nar/gkv1072,w16_s4_sequence_mean:225-240,225,240,PERGDNNLTRIVGGQE,r3_b632,3,632,"[11, 12, 13, 15, 26, 27, 28]","[""CN(C)C(=O)CN""]",3.3345518112182617,3.318086624145508,3.315513849258423,3.2988121509552,0.016465187072753906,0.019037961959838867,0.03573966026306152,0.00023651123046875,yp+yl-y0-ypl,fd63aa48c21ada4faba6977bc08f6b765c5964fd2a133a01c1d27b42327ac8de
2773,42,factor_xa_05,N=C(N)NCCC[C@@H](NC(=O)CN1CCN(S(=O)(=O)Cc2ccccc2)CC1=O)C(=O)c1nccs1,NC(=N)NCCC[C@@H](NC(=O)CN1CCN(CC1=O)S(=O)(=O)Cc1ccccc1)C(=O)c1nccs1,1.886056648,0.0,1,10.1093/nar/gkv1072,w16_s4_sequence_mean:225-240,225,240,PERGDNNLTRIVGGQE,r3_b5,3,5,"[16, 19, 20]","[""cCS""]",3.3345518112182617,3.318086624145508,3.325798511505127,3.308820962905884,0.016465187072753906,0.008753299713134766,0.02573084831237793,0.0005123615264892578,yp+yl-y0-ypl,fd63aa48c21ada4faba6977bc08f6b765c5964fd2a133a01c1d27b42327ac8de
2773,42,factor_xa_05,N=C(N)NCCC[C@@H](NC(=O)CN1CCN(S(=O)(=O)Cc2ccccc2)CC1=O)C(=O)c1nccs1,NC(=N)NCCC[C@@H](NC(=O)CN1CCN(CC1=O)S(=O)(=O)Cc1ccccc1)C(=O)c1nccs1,1.886056648,0.0,1,10.1093/nar/gkv1072,w16_s4_sequence_mean:225-240,225,240,PERGDNNLTRIVGGQE,r2_b295,2,295,"[11, 12, 13, 14, 15, 27]","[""CN(C)CCN""]",3.3345518112182617,3.318086624145508,3.3161704540252686,3.2993457317352295,0.016465187072753906,0.018381357192993164,0.03520607948303223,0.00035953521728515625,yp+yl-y0-ypl,fd63aa48c21ada4faba6977bc08f6b765c5964fd2a133a01c1d27b42327ac8de
2773,42,factor_xa_05,N=C(N)NCCC[C@@H](NC(=O)CN1CCN(S(=O)(=O)Cc2ccccc2)CC1=O)C(=O)c1nccs1,NC(=N)NCCC[C@@H](NC(=O)CN1CCN(CC1=O)S(=O)(=O)Cc1ccccc1)C(=O)c1nccs1,1.886056648,0.0,1,10.1093/nar/gkv1072,w16_s4_sequence_mean:225-240,225,240,PERGDNNLTRIVGGQE,r3_b1917,3,1917,"[9, 10, 29, 30]","[""C=O"", ""C=O""]",3.3345518112182617,3.318086624145508,3.3111462593078613,3.2938435077667236,0.016465187072753906,0.02340555191040039,0.040708303451538086,0.0008375644683837891,yp+yl-y0-ypl,fd63aa48c21ada4faba6977bc08f6b765c5964fd2a133a01c1d27b42327ac8de
2773,42,factor_xa_05,N=C(N)NCCC[C@@H](NC(=O)CN1CCN(S(=O)(=O)Cc2ccccc2)CC1=O)C(=O)c1nccs1,NC(=N)NCCC[C@@H](NC(=O)CN1CCN(CC1=O)S(=O)(=O)Cc1ccccc1)C(=O)c1nccs1,1.886056648,0.0,1,10.1093/nar/gkv1072,w16_s4_sequence_mean:225-240,225,240,PERGDNNLTRIVGGQE,r3_b80,3,80,"[4, 5, 6, 11, 19]","[""C"", ""C"", ""C"", ""C"", ""C""]",3.3345518112182617,3.318086624145508,3.3138198852539062,3.297497510910034,0.016465187072753906,0.02073192596435547,0.03705430030822754,-0.00014281272888183594,yp+yl-y0-ypl,fd63aa48c21ada4faba6977bc08f6b765c5964fd2a133a01c1d27b42327ac8de
2773,42,factor_xa_05,N=C(N)NCCC[C@@H](NC(=O)CN1CCN(S(=O)(=O)Cc2ccccc2)CC1=O)C(=O)c1nccs1,NC(=N)NCCC[C@@H](NC(=O)CN1CCN(CC1=O)S(=O)(=O)Cc1ccccc1)C(=O)c1nccs1,1.886056648,0.0,1,10.1093/nar/gkv1072,w16_s4_sequence_mean:225-240,225,240,PERGDNNLTRIVGGQE,r3_b1947,3,1947,"[20, 21, 22, 23, 24, 25]","[""c1ccccc1""]",3.3345518112182617,3.318086624145508,3.306530237197876,3.289407253265381,0.016465187072753906,0.028021574020385742,0.04514455795288086,0.0006577968597412109,yp+yl-y0-ypl,fd63aa48c21ada4faba6977bc08f6b765c5964fd2a133a01c1d27b42327ac8de
2773,42,factor_xa_05,N=C(N)NCCC[C@@H](NC(=O)CN1CCN(S(=O)(=O)Cc2ccccc2)CC1=O)C(=O)c1nccs1,NC(=N)NCCC[C@@H](NC(=O)CN1CCN(CC1=O)S(=O)(=O)Cc1ccccc1)C(=O)c1nccs1,1.886056648,0.0,1,10.1093/nar/gkv1072,w16_s4_sequence_mean:225-240,225,240,PERGDNNLTRIVGGQE,r2_b1567,2,1567,"[31, 34, 35]","[""csc""]",3.3345518112182617,3.318086624145508,3.3229546546936035,3.305905342102051,0.016465187072753906,0.011597156524658203,0.028646469116210938,0.0005841255187988281,yp+yl-y0-ypl,fd63aa48c21ada4faba6977bc08f6b765c5964fd2a133a01c1d27b42327ac8de
2773,142,factor_xa_05,N=C(N)NCCC[C@@H](NC(=O)CN1CCN(S(=O)(=O)Cc2ccccc2)CC1=O)C(=O)c1nccs1,NC(=N)NCCC[C@@H](NC(=O)CN1CCN(CC1=O)S(=O)(=O)Cc1ccccc1)C(=O)c1nccs1,1.886056648,0.0,1,10.1093/nar/gkv1072,w16_s4_sequence_mean:453-468,453,468,TKVTAFLKWIDRSMKT,r3_b1066,3,1066,"[19, 20, 21, 22, 23, 24, 25]","[""cccc(C)c"", ""cccc(C)c""]",2.9508371353149414,2.9321768283843994,2.9143621921539307,2.8957903385162354,0.018660306930541992,0.03647494316101074,0.055046796798706055,-8.845329284667969e-05,yp+yl-y0-ypl,b07b1f2a2663b1f43e2f640981daca2e974fa076974601341733f8efb8eba26e
2773,142,factor_xa_05,N=C(N)NCCC[C@@H](NC(=O)CN1CCN(S(=O)(=O)Cc2ccccc2)CC1=O)C(=O)c1nccs1,NC(=N)NCCC[C@@H](NC(=O)CN1CCN(CC1=O)S(=O)(=O)Cc1ccccc1)C(=O)c1nccs1,1.886056648,0.0,1,10.1093/nar/gkv1072,w16_s4_sequence_mean:453-468,453,468,TKVTAFLKWIDRSMKT,r3_b983,3,983,"[0, 1, 2, 3, 4, 5]","[""CCNC(=N)N""]",2.9508371353149414,2.9321768283843994,2.8986568450927734,2.8801064491271973,0.018660306930541992,0.05218029022216797,0.07073068618774414,-0.00010991096496582031,yp+yl-y0-ypl,b07b1f2a2663b1f43e2f640981daca2e974fa076974601341733f8efb8eba26e
2773,142,factor_xa_05,N=C(N)NCCC[C@@H](NC(=O)CN1CCN(S(=O)(=O)Cc2ccccc2)CC1=O)C(=O)c1nccs1,NC(=N)NCCC[C@@H](NC(=O)CN1CCN(CC1=O)S(=O)(=O)Cc1ccccc1)C(=O)c1nccs1,1.886056648,0.0,1,10.1093/nar/gkv1072,w16_s4_sequence_mean:453-468,453,468,TKVTAFLKWIDRSMKT,r2_b1066,2,1066,"[19, 20, 21, 22, 23, 24, 25]","[""cccc(C)c"", ""cccc(C)c""]",2.9508371353149414,2.9321768283843994,2.932640314102173,2.914306640625,0.018660306930541992,0.018196821212768555,0.036530494689941406,-0.0003266334533691406,yp+yl-y0-ypl,b07b1f2a2663b1f43e2f640981daca2e974fa076974601341733f8efb8eba26e
2773,142,factor_xa_05,N=C(N)NCCC[C@@H](NC(=O)CN1CCN(S(=O)(=O)Cc2ccccc2)CC1=O)C(=O)c1nccs1,NC(=N)NCCC[C@@H](NC(=O)CN1CCN(CC1=O)S(=O)(=O)Cc1ccccc1)C(=O)c1nccs1,1.886056648,0.0,1,10.1093/nar/gkv1072,w16_s4_sequence_mean:453-468,453,468,TKVTAFLKWIDRSMKT,r3_b632,3,632,"[11, 12, 13, 15, 26, 27, 28]","[""CN(C)C(=O)CN""]",2.9508371353149414,2.9321768283843994,2.9521472454071045,2.9332778453826904,0.018660306930541992,-0.001310110092163086,0.017559289932250977,0.0002090930938720703,yp+yl-y0-ypl,b07b1f2a2663b1f43e2f640981daca2e974fa076974601341733f8efb8eba26e
2773,142,factor_xa_05,N=C(N)NCCC[C@@H](NC(=O)CN1CCN(S(=O)(=O)Cc2ccccc2)CC1=O)C(=O)c1nccs1,NC(=N)NCCC[C@@H](NC(=O)CN1CCN(CC1=O)S(=O)(=O)Cc1ccccc1)C(=O)c1nccs1,1.886056648,0.0,1,10.1093/nar/gkv1072,w16_s4_sequence_mean:453-468,453,468,TKVTAFLKWIDRSMKT,r3_b5,3,5,"[16, 19, 20]","[""cCS""]",2.9508371353149414,2.9321768283843994,2.9277713298797607,2.9083030223846436,0.018660306930541992,0.023065805435180664,0.04253411293029785,0.0008080005645751953,yp+yl-y0-ypl,b07b1f2a2663b1f43e2f640981daca2e974fa076974601341733f8efb8eba26e
2773,142,factor_xa_05,N=C(N)NCCC[C@@H](NC(=O)CN1CCN(S(=O)(=O)Cc2ccccc2)CC1=O)C(=O)c1nccs1,NC(=N)NCCC[C@@H](NC(=O)CN1CCN(CC1=O)S(=O)(=O)Cc1ccccc1)C(=O)c1nccs1,1.886056648,0.0,1,10.1093/nar/gkv1072,w16_s4_sequence_mean:453-468,453,468,TKVTAFLKWIDRSMKT,r2_b295,2,295,"[11, 12, 13, 14, 15, 27]","[""CN(C)CCN""]",2.9508371353149414,2.9321768283843994,2.932810068130493,2.914544105529785,0.018660306930541992,0.018027067184448242,0.03629302978515625,-0.0003943443298339844,yp+yl-y0-ypl,b07b1f2a2663b1f43e2f640981daca2e974fa076974601341733f8efb8eba26e
2773,142,factor_xa_05,N=C(N)NCCC[C@@H](NC(=O)CN1CCN(S(=O)(=O)Cc2ccccc2)CC1=O)C(=O)c1nccs1,NC(=N)NCCC[C@@H](NC(=O)CN1CCN(CC1=O)S(=O)(=O)Cc1ccccc1)C(=O)c1nccs1,1.886056648,0.0,1,10.1093/nar/gkv1072,w16_s4_sequence_mean:453-468,453,468,TKVTAFLKWIDRSMKT,r3_b1917,3,1917,"[9, 10, 29, 30]","[""C=O"", ""C=O""]",2.9508371353149414,2.9321768283843994,2.9153716564178467,2.896519660949707,0.018660306930541992,0.03546547889709473,0.054317474365234375,0.00019168853759765625,yp+yl-y0-ypl,b07b1f2a2663b1f43e2f640981daca2e974fa076974601341733f8efb8eba26e
2773,142,factor_xa_05,N=C(N)NCCC[C@@H](NC(=O)CN1CCN(S(=O)(=O)Cc2ccccc2)CC1=O)C(=O)c1nccs1,NC(=N)NCCC[C@@H](NC(=O)CN1CCN(CC1=O)S(=O)(=O)Cc1ccccc1)C(=O)c1nccs1,1.886056648,0.0,1,10.1093/nar/gkv1072,w16_s4_sequence_mean:453-468,453,468,TKVTAFLKWIDRSMKT,r3_b80,3,80,"[4, 5, 6, 11, 19]","[""C"", ""C"", ""C"", ""C"", ""C""]",2.9508371353149414,2.9321768283843994,2.919782876968384,2.8999135494232178,0.018660306930541992,0.031054258346557617,0.05092358589172363,0.0012090206146240234,yp+yl-y0-ypl,b07b1f2a2663b1f43e2f640981daca2e974fa076974601341733f8efb8eba26e
2773,142,factor_xa_05,N=C(N)NCCC[C@@H](NC(=O)CN1CCN(S(=O)(=O)Cc2ccccc2)CC1=O)C(=O)c1nccs1,NC(=N)NCCC[C@@H](NC(=O)CN1CCN(CC1=O)S(=O)(=O)Cc1ccccc1)C(=O)c1nccs1,1.886056648,0.0,1,10.1093/nar/gkv1072,w16_s4_sequence_mean:453-468,453,468,TKVTAFLKWIDRSMKT,r3_b1947,3,1947,"[20, 21, 22, 23, 24, 25]","[""c1ccccc1""]",2.9508371353149414,2.9321768283843994,2.9317846298217773,2.913320541381836,0.018660306930541992,0.019052505493164062,0.03751659393310547,-0.00019621849060058594,yp+yl-y0-ypl,b07b1f2a2663b1f43e2f640981daca2e974fa076974601341733f8efb8eba26e
2773,142,factor_xa_05,N=C(N)NCCC[C@@H](NC(=O)CN1CCN(S(=O)(=O)Cc2ccccc2)CC1=O)C(=O)c1nccs1,NC(=N)NCCC[C@@H](NC(=O)CN1CCN(CC1=O)S(=O)(=O)Cc1ccccc1)C(=O)c1nccs1,1.886056648,0.0,1,10.1093/nar/gkv1072,w16_s4_sequence_mean:453-468,453,468,TKVTAFLKWIDRSMKT,r2_b1567,2,1567,"[31, 34, 35]","[""csc""]",2.9508371353149414,2.9321768283843994,2.938173532485962,2.9194271564483643,0.018660306930541992,0.012663602828979492,0.03140997886657715,8.606910705566406e-05,yp+yl-y0-ypl,b07b1f2a2663b1f43e2f640981daca2e974fa076974601341733f8efb8eba26e
2773,142,factor_xa_05,N=C(N)NCCC[C@@H](NC(=O)CN1CCN(S(=O)(=O)Cc2ccccc2)CC1=O)C(=O)c1nccs1,NC(=N)NCCC[C@@H](NC(=O)CN1CCN(CC1=O)S(=O)(=O)Cc1ccccc1)C(=O)c1nccs1,1.886056648,0.0,1,10.1093/nar/gkv1072,w16_s4_sequence_mean:449-464,449,464,YGIYTKVTAFLKWIDR,r3_b1066,3,1066,"[19, 20, 21, 22, 23, 24, 25]","[""cccc(C)c"", ""cccc(C)c""]",2.9508371353149414,2.931124448776245,2.9143621921539307,2.8951518535614014,0.01971268653869629,0.03647494316101074,0.05568528175354004,-0.0005023479461669922,yp+yl-y0-ypl,b07b1f2a2663b1f43e2f640981daca2e974fa076974601341733f8efb8eba26e
2773,142,factor_xa_05,N=C(N)NCCC[C@@H](NC(=O)CN1CCN(S(=O)(=O)Cc2ccccc2)CC1=O)C(=O)c1nccs1,NC(=N)NCCC[C@@H](NC(=O)CN1CCN(CC1=O)S(=O)(=O)Cc1ccccc1)C(=O)c1nccs1,1.886056648,0.0,1,10.1093/nar/gkv1072,w16_s4_sequence_mean:449-464,449,464,YGIYTKVTAFLKWIDR,r3_b983,3,983,"[0, 1, 2, 3, 4, 5]","[""CCNC(=N)N""]",2.9508371353149414,2.931124448776245,2.8986568450927734,2.879328727722168,0.01971268653869629,0.05218029022216797,0.07150840759277344,-0.0003845691680908203,yp+yl-y0-ypl,b07b1f2a2663b1f43e2f640981daca2e974fa076974601341733f8efb8eba26e
2773,142,factor_xa_05,N=C(N)NCCC[C@@H](NC(=O)CN1CCN(S(=O)(=O)Cc2ccccc2)CC1=O)C(=O)c1nccs1,NC(=N)NCCC[C@@H](NC(=O)CN1CCN(CC1=O)S(=O)(=O)Cc1ccccc1)C(=O)c1nccs1,1.886056648,0.0,1,10.1093/nar/gkv1072,w16_s4_sequence_mean:449-464,449,464,YGIYTKVTAFLKWIDR,r2_b1066,2,1066,"[19, 20, 21, 22, 23, 24, 25]","[""cccc(C)c"", ""cccc(C)c""]",2.9508371353149414,2.931124448776245,2.932640314102173,2.91316556930542,0.01971268653869629,0.018196821212768555,0.037671566009521484,-0.00023794174194335938,yp+yl-y0-ypl,b07b1f2a2663b1f43e2f640981daca2e974fa076974601341733f8efb8eba26e
2773,142,factor_xa_05,N=C(N)NCCC[C@@H](NC(=O)CN1CCN(S(=O)(=O)Cc2ccccc2)CC1=O)C(=O)c1nccs1,NC(=N)NCCC[C@@H](NC(=O)CN1CCN(CC1=O)S(=O)(=O)Cc1ccccc1)C(=O)c1nccs1,1.886056648,0.0,1,10.1093/nar/gkv1072,w16_s4_sequence_mean:449-464,449,464,YGIYTKVTAFLKWIDR,r3_b632,3,632,"[11, 12, 13, 15, 26, 27, 28]","[""CN(C)C(=O)CN""]",2.9508371353149414,2.931124448776245,2.9521472454071045,2.932616949081421,0.01971268653869629,-0.001310110092163086,0.018220186233520508,-0.0001823902130126953,yp+yl-y0-ypl,b07b1f2a2663b1f43e2f640981daca2e974fa076974601341733f8efb8eba26e
2773,142,factor_xa_05,N=C(N)NCCC[C@@H](NC(=O)CN1CCN(S(=O)(=O)Cc2ccccc2)CC1=O)C(=O)c1nccs1,NC(=N)NCCC[C@@H](NC(=O)CN1CCN(CC1=O)S(=O)(=O)Cc1ccccc1)C(=O)c1nccs1,1.886056648,0.0,1,10.1093/nar/gkv1072,w16_s4_sequence_mean:449-464,449,464,YGIYTKVTAFLKWIDR,r3_b5,3,5,"[16, 19, 20]","[""cCS""]",2.9508371353149414,2.931124448776245,2.9277713298797607,2.907546043395996,0.01971268653869629,0.023065805435180664,0.04329109191894531,0.0005125999450683594,yp+yl-y0-ypl,b07b1f2a2663b1f43e2f640981daca2e974fa076974601341733f8efb8eba26e
2773,142,factor_xa_05,N=C(N)NCCC[C@@H](NC(=O)CN1CCN(S(=O)(=O)Cc2ccccc2)CC1=O)C(=O)c1nccs1,NC(=N)NCCC[C@@H](NC(=O)CN1CCN(CC1=O)S(=O)(=O)Cc1ccccc1)C(=O)c1nccs1,1.886056648,0.0,1,10.1093/nar/gkv1072,w16_s4_sequence_mean:449-464,449,464,YGIYTKVTAFLKWIDR,r2_b295,2,295,"[11, 12, 13, 14, 15, 27]","[""CN(C)CCN""]",2.9508371353149414,2.931124448776245,2.932810068130493,2.913388252258301,0.01971268653869629,0.018027067184448242,0.037448883056640625,-0.00029087066650390625,yp+yl-y0-ypl,b07b1f2a2663b1f43e2f640981daca2e974fa076974601341733f8efb8eba26e
2773,142,factor_xa_05,N=C(N)NCCC[C@@H](NC(=O)CN1CCN(S(=O)(=O)Cc2ccccc2)CC1=O)C(=O)c1nccs1,NC(=N)NCCC[C@@H](NC(=O)CN1CCN(CC1=O)S(=O)(=O)Cc1ccccc1)C(=O)c1nccs1,1.886056648,0.0,1,10.1093/nar/gkv1072,w16_s4_sequence_mean:449-464,449,464,YGIYTKVTAFLKWIDR,r3_b1917,3,1917,"[9, 10, 29, 30]","[""C=O"", ""C=O""]",2.9508371353149414,2.931124448776245,2.9153716564178467,2.8958566188812256,0.01971268653869629,0.03546547889709473,0.05498051643371582,-0.0001976490020751953,yp+yl-y0-ypl,b07b1f2a2663b1f43e2f640981daca2e974fa076974601341733f8efb8eba26e
2773,142,factor_xa_05,N=C(N)NCCC[C@@H](NC(=O)CN1CCN(S(=O)(=O)Cc2ccccc2)CC1=O)C(=O)c1nccs1,NC(=N)NCCC[C@@H](NC(=O)CN1CCN(CC1=O)S(=O)(=O)Cc1ccccc1)C(=O)c1nccs1,1.886056648,0.0,1,10.1093/nar/gkv1072,w16_s4_sequence_mean:449-464,449,464,YGIYTKVTAFLKWIDR,r3_b80,3,80,"[4, 5, 6, 11, 19]","[""C"", ""C"", ""C"", ""C"", ""C""]",2.9508371353149414,2.931124448776245,2.919782876968384,2.899076461791992,0.01971268653869629,0.031054258346557617,0.05176067352294922,0.0009937286376953125,yp+yl-y0-ypl,b07b1f2a2663b1f43e2f640981daca2e974fa076974601341733f8efb8eba26e
2773,142,factor_xa_05,N=C(N)NCCC[C@@H](NC(=O)CN1CCN(S(=O)(=O)Cc2ccccc2)CC1=O)C(=O)c1nccs1,NC(=N)NCCC[C@@H](NC(=O)CN1CCN(CC1=O)S(=O)(=O)Cc1ccccc1)C(=O)c1nccs1,1.886056648,0.0,1,10.1093/nar/gkv1072,w16_s4_sequence_mean:449-464,449,464,YGIYTKVTAFLKWIDR,r3_b1947,3,1947,"[20, 21, 22, 23, 24, 25]","[""c1ccccc1""]",2.9508371353149414,2.931124448776245,2.9317846298217773,2.9122774600982666,0.01971268653869629,0.019052505493164062,0.038559675216674805,-0.00020551681518554688,yp+yl-y0-ypl,b07b1f2a2663b1f43e2f640981daca2e974fa076974601341733f8efb8eba26e
2773,142,factor_xa_05,N=C(N)NCCC[C@@H](NC(=O)CN1CCN(S(=O)(=O)Cc2ccccc2)CC1=O)C(=O)c1nccs1,NC(=N)NCCC[C@@H](NC(=O)CN1CCN(CC1=O)S(=O)(=O)Cc1ccccc1)C(=O)c1nccs1,1.886056648,0.0,1,10.1093/nar/gkv1072,w16_s4_sequence_mean:449-464,449,464,YGIYTKVTAFLKWIDR,r2_b1567,2,1567,"[31, 34, 35]","[""csc""]",2.9508371353149414,2.931124448776245,2.938173532485962,2.9187123775482178,0.01971268653869629,0.012663602828979492,0.03212475776672363,-0.00025153160095214844,yp+yl-y0-ypl,b07b1f2a2663b1f43e2f640981daca2e974fa076974601341733f8efb8eba26e
2773,142,factor_xa_05,N=C(N)NCCC[C@@H](NC(=O)CN1CCN(S(=O)(=O)Cc2ccccc2)CC1=O)C(=O)c1nccs1,NC(=N)NCCC[C@@H](NC(=O)CN1CCN(CC1=O)S(=O)(=O)Cc1ccccc1)C(=O)c1nccs1,1.886056648,0.0,1,10.1093/nar/gkv1072,w16_s4_sequence_mean:273-288,273,288,TAAHCLYQAKRFKVRV,r3_b1066,3,1066,"[19, 20, 21, 22, 23, 24, 25]","[""cccc(C)c"", ""cccc(C)c""]",2.9508371353149414,2.9331748485565186,2.9143621921539307,2.8967950344085693,0.01766228675842285,0.03647494316101074,0.05404210090637207,-9.512901306152344e-05,yp+yl-y0-ypl,b07b1f2a2663b1f43e2f640981daca2e974fa076974601341733f8efb8eba26e
2773,142,factor_xa_05,N=C(N)NCCC[C@@H](NC(=O)CN1CCN(S(=O)(=O)Cc2ccccc2)CC1=O)C(=O)c1nccs1,NC(=N)NCCC[C@@H](NC(=O)CN1CCN(CC1=O)S(=O)(=O)Cc1ccccc1)C(=O)c1nccs1,1.886056648,0.0,1,10.1093/nar/gkv1072,w16_s4_sequence_mean:273-288,273,288,TAAHCLYQAKRFKVRV,r3_b983,3,983,"[0, 1, 2, 3, 4, 5]","[""CCNC(=N)N""]",2.9508371353149414,2.9331748485565186,2.8986568450927734,2.881009340286255,0.01766228675842285,0.05218029022216797,0.06982779502868652,-1.4781951904296875e-05,yp+yl-y0-ypl,b07b1f2a2663b1f43e2f640981daca2e974fa076974601341733f8efb8eba26e
2773,142,factor_xa_05,N=C(N)NCCC[C@@H](NC(=O)CN1CCN(S(=O)(=O)Cc2ccccc2)CC1=O)C(=O)c1nccs1,NC(=N)NCCC[C@@H](NC(=O)CN1CCN(CC1=O)S(=O)(=O)Cc1ccccc1)C(=O)c1nccs1,1.886056648,0.0,1,10.1093/nar/gkv1072,w16_s4_sequence_mean:273-288,273,288,TAAHCLYQAKRFKVRV,r2_b1066,2,1066,"[19, 20, 21, 22, 23, 24, 25]","[""cccc(C)c"", ""cccc(C)c""]",2.9508371353149414,2.9331748485565186,2.932640314102173,2.9147164821624756,0.01766228675842285,0.018196821212768555,0.03612065315246582,0.00026154518127441406,yp+yl-y0-ypl,b07b1f2a2663b1f43e2f640981daca2e974fa076974601341733f8efb8eba26e
2773,142,factor_xa_05,N=C(N)NCCC[C@@H](NC(=O)CN1CCN(S(=O)(=O)Cc2ccccc2)CC1=O)C(=O)c1nccs1,NC(=N)NCCC[C@@H](NC(=O)CN1CCN(CC1=O)S(=O)(=O)Cc1ccccc1)C(=O)c1nccs1,1.886056648,0.0,1,10.1093/nar/gkv1072,w16_s4_sequence_mean:273-288,273,288,TAAHCLYQAKRFKVRV,r3_b632,3,632,"[11, 12, 13, 15, 26, 27, 28]","[""CN(C)C(=O)CN""]",2.9508371353149414,2.9331748485565186,2.9521472454071045,2.9349398612976074,0.01766228675842285,-0.001310110092163086,0.015897274017333984,-0.00045490264892578125,yp+yl-y0-ypl,b07b1f2a2663b1f43e2f640981daca2e974fa076974601341733f8efb8eba26e
2773,142,factor_xa_05,N=C(N)NCCC[C@@H](NC(=O)CN1CCN(S(=O)(=O)Cc2ccccc2)CC1=O)C(=O)c1nccs1,NC(=N)NCCC[C@@H](NC(=O)CN1CCN(CC1=O)S(=O)(=O)Cc1ccccc1)C(=O)c1nccs1,1.886056648,0.0,1,10.1093/nar/gkv1072,w16_s4_sequence_mean:273-288,273,288,TAAHCLYQAKRFKVRV,r3_b5,3,5,"[16, 19, 20]","[""cCS""]",2.9508371353149414,2.9331748485565186,2.9277713298797607,2.9096415042877197,0.01766228675842285,0.023065805435180664,0.04119563102722168,0.00046753883361816406,yp+yl-y0-ypl,b07b1f2a2663b1f43e2f640981daca2e974fa076974601341733f8efb8eba26e
2773,142,factor_xa_05,N=C(N)NCCC[C@@H](NC(=O)CN1CCN(S(=O)(=O)Cc2ccccc2)CC1=O)C(=O)c1nccs1,NC(=N)NCCC[C@@H](NC(=O)CN1CCN(CC1=O)S(=O)(=O)Cc1ccccc1)C(=O)c1nccs1,1.886056648,0.0,1,10.1093/nar/gkv1072,w16_s4_sequence_mean:273-288,273,288,TAAHCLYQAKRFKVRV,r2_b295,2,295,"[11, 12, 13, 14, 15, 27]","[""CN(C)CCN""]",2.9508371353149414,2.9331748485565186,2.932810068130493,2.9151058197021484,0.01766228675842285,0.018027067184448242,0.03573131561279297,4.1961669921875e-05,yp+yl-y0-ypl,b07b1f2a2663b1f43e2f640981daca2e974fa076974601341733f8efb8eba26e
2773,142,factor_xa_05,N=C(N)NCCC[C@@H](NC(=O)CN1CCN(S(=O)(=O)Cc2ccccc2)CC1=O)C(=O)c1nccs1,NC(=N)NCCC[C@@H](NC(=O)CN1CCN(CC1=O)S(=O)(=O)Cc1ccccc1)C(=O)c1nccs1,1.886056648,0.0,1,10.1093/nar/gkv1072,w16_s4_sequence_mean:273-288,273,288,TAAHCLYQAKRFKVRV,r3_b1917,3,1917,"[9, 10, 29, 30]","[""C=O"", ""C=O""]",2.9508371353149414,2.9331748485565186,2.9153716564178467,2.8978898525238037,0.01766228675842285,0.03546547889709473,0.052947282791137695,-0.0001804828643798828,yp+yl-y0-ypl,b07b1f2a2663b1f43e2f640981daca2e974fa076974601341733f8efb8eba26e
2773,142,factor_xa_05,N=C(N)NCCC[C@@H](NC(=O)CN1CCN(S(=O)(=O)Cc2ccccc2)CC1=O)C(=O)c1nccs1,NC(=N)NCCC[C@@H](NC(=O)CN1CCN(CC1=O)S(=O)(=O)Cc1ccccc1)C(=O)c1nccs1,1.886056648,0.0,1,10.1093/nar/gkv1072,w16_s4_sequence_mean:273-288,273,288,TAAHCLYQAKRFKVRV,r3_b80,3,80,"[4, 5, 6, 11, 19]","[""C"", ""C"", ""C"", ""C"", ""C""]",2.9508371353149414,2.9331748485565186,2.919782876968384,2.9014408588409424,0.01766228675842285,0.031054258346557617,0.04939627647399902,0.0006797313690185547,yp+yl-y0-ypl,b07b1f2a2663b1f43e2f640981daca2e974fa076974601341733f8efb8eba26e
2773,142,factor_xa_05,N=C(N)NCCC[C@@H](NC(=O)CN1CCN(S(=O)(=O)Cc2ccccc2)CC1=O)C(=O)c1nccs1,NC(=N)NCCC[C@@H](NC(=O)CN1CCN(CC1=O)S(=O)(=O)Cc1ccccc1)C(=O)c1nccs1,1.886056648,0.0,1,10.1093/nar/gkv1072,w16_s4_sequence_mean:273-288,273,288,TAAHCLYQAKRFKVRV,r3_b1947,3,1947,"[20, 21, 22, 23, 24, 25]","[""c1ccccc1""]",2.9508371353149414,2.9331748485565186,2.9317846298217773,2.9133801460266113,0.01766228675842285,0.019052505493164062,0.03745698928833008,0.0007421970367431641,yp+yl-y0-ypl,b07b1f2a2663b1f43e2f640981daca2e974fa076974601341733f8efb8eba26e
2773,142,factor_xa_05,N=C(N)NCCC[C@@H](NC(=O)CN1CCN(S(=O)(=O)Cc2ccccc2)CC1=O)C(=O)c1nccs1,NC(=N)NCCC[C@@H](NC(=O)CN1CCN(CC1=O)S(=O)(=O)Cc1ccccc1)C(=O)c1nccs1,1.886056648,0.0,1,10.1093/nar/gkv1072,w16_s4_sequence_mean:273-288,273,288,TAAHCLYQAKRFKVRV,r2_b1567,2,1567,"[31, 34, 35]","[""csc""]",2.9508371353149414,2.9331748485565186,2.938173532485962,2.9200804233551025,0.01766228675842285,0.012663602828979492,0.030756711959838867,0.00043082237243652344,yp+yl-y0-ypl,b07b1f2a2663b1f43e2f640981daca2e974fa076974601341733f8efb8eba26e
2773,142,factor_xa_05,N=C(N)NCCC[C@@H](NC(=O)CN1CCN(S(=O)(=O)Cc2ccccc2)CC1=O)C(=O)c1nccs1,NC(=N)NCCC[C@@H](NC(=O)CN1CCN(CC1=O)S(=O)(=O)Cc1ccccc1)C(=O)c1nccs1,1.886056648,0.0,1,10.1093/nar/gkv1072,w16_s4_sequence_mean:269-284,269,284,FYILTAAHCLYQAKRF,r3_b1066,3,1066,"[19, 20, 21, 22, 23, 24, 25]","[""cccc(C)c"", ""cccc(C)c""]",2.9508371353149414,2.9354465007781982,2.9143621921539307,2.8990190029144287,0.015390634536743164,0.03647494316101074,0.051818132400512695,-4.744529724121094e-05,yp+yl-y0-ypl,b07b1f2a2663b1f43e2f640981daca2e974fa076974601341733f8efb8eba26e
2773,142,factor_xa_05,N=C(N)NCCC[C@@H](NC(=O)CN1CCN(S(=O)(=O)Cc2ccccc2)CC1=O)C(=O)c1nccs1,NC(=N)NCCC[C@@H](NC(=O)CN1CCN(CC1=O)S(=O)(=O)Cc1ccccc1)C(=O)c1nccs1,1.886056648,0.0,1,10.1093/nar/gkv1072,w16_s4_sequence_mean:269-284,269,284,FYILTAAHCLYQAKRF,r3_b983,3,983,"[0, 1, 2, 3, 4, 5]","[""CCNC(=N)N""]",2.9508371353149414,2.9354465007781982,2.8986568450927734,2.8831684589385986,0.015390634536743164,0.05218029022216797,0.06766867637634277,9.775161743164062e-05,yp+yl-y0-ypl,b07b1f2a2663b1f43e2f640981daca2e974fa076974601341733f8efb8eba26e
2773,142,factor_xa_05,N=C(N)NCCC[C@@H](NC(=O)CN1CCN(S(=O)(=O)Cc2ccccc2)CC1=O)C(=O)c1nccs1,NC(=N)NCCC[C@@H](NC(=O)CN1CCN(CC1=O)S(=O)(=O)Cc1ccccc1)C(=O)c1nccs1,1.886056648,0.0,1,10.1093/nar/gkv1072,w16_s4_sequence_mean:269-284,269,284,FYILTAAHCLYQAKRF,r2_b1066,2,1066,"[19, 20, 21, 22, 23, 24, 25]","[""cccc(C)c"", ""cccc(C)c""]",2.9508371353149414,2.9354465007781982,2.932640314102173,2.9169511795043945,0.015390634536743164,0.018196821212768555,0.033885955810546875,0.00029850006103515625,yp+yl-y0-ypl,b07b1f2a2663b1f43e2f640981daca2e974fa076974601341733f8efb8eba26e
2773,142,factor_xa_05,N=C(N)NCCC[C@@H](NC(=O)CN1CCN(S(=O)(=O)Cc2ccccc2)CC1=O)C(=O)c1nccs1,NC(=N)NCCC[C@@H](NC(=O)CN1CCN(CC1=O)S(=O)(=O)Cc1ccccc1)C(=O)c1nccs1,1.886056648,0.0,1,10.1093/nar/gkv1072,w16_s4_sequence_mean:269-284,269,284,FYILTAAHCLYQAKRF,r3_b632,3,632,"[11, 12, 13, 15, 26, 27, 28]","[""CN(C)C(=O)CN""]",2.9508371353149414,2.9354465007781982,2.9521472454071045,2.9372899532318115,0.015390634536743164,-0.001310110092163086,0.013547182083129883,-0.0005333423614501953,yp+yl-y0-ypl,b07b1f2a2663b1f43e2f640981daca2e974fa076974601341733f8efb8eba26e
2773,142,factor_xa_05,N=C(N)NCCC[C@@H](NC(=O)CN1CCN(S(=O)(=O)Cc2ccccc2)CC1=O)C(=O)c1nccs1,NC(=N)NCCC[C@@H](NC(=O)CN1CCN(CC1=O)S(=O)(=O)Cc1ccccc1)C(=O)c1nccs1,1.886056648,0.0,1,10.1093/nar/gkv1072,w16_s4_sequence_mean:269-284,269,284,FYILTAAHCLYQAKRF,r3_b5,3,5,"[16, 19, 20]","[""cCS""]",2.9508371353149414,2.9354465007781982,2.9277713298797607,2.911755323410034,0.015390634536743164,0.023065805435180664,0.03908181190490723,0.0006253719329833984,yp+yl-y0-ypl,b07b1f2a2663b1f43e2f640981daca2e974fa076974601341733f8efb8eba26e
2773,142,factor_xa_05,N=C(N)NCCC[C@@H](NC(=O)CN1CCN(S(=O)(=O)Cc2ccccc2)CC1=O)C(=O)c1nccs1,NC(=N)NCCC[C@@H](NC(=O)CN1CCN(CC1=O)S(=O)(=O)Cc1ccccc1)C(=O)c1nccs1,1.886056648,0.0,1,10.1093/nar/gkv1072,w16_s4_sequence_mean:269-284,269,284,FYILTAAHCLYQAKRF,r2_b295,2,295,"[11, 12, 13, 14, 15, 27]","[""CN(C)CCN""]",2.9508371353149414,2.9354465007781982,2.932810068130493,2.917236566543579,0.015390634536743164,0.018027067184448242,0.033600568771362305,0.00018286705017089844,yp+yl-y0-ypl,b07b1f2a2663b1f43e2f640981daca2e974fa076974601341733f8efb8eba26e
2773,142,factor_xa_05,N=C(N)NCCC[C@@H](NC(=O)CN1CCN(S(=O)(=O)Cc2ccccc2)CC1=O)C(=O)c1nccs1,NC(=N)NCCC[C@@H](NC(=O)CN1CCN(CC1=O)S(=O)(=O)Cc1ccccc1)C(=O)c1nccs1,1.886056648,0.0,1,10.1093/nar/gkv1072,w16_s4_sequence_mean:269-284,269,284,FYILTAAHCLYQAKRF,r3_b1917,3,1917,"[9, 10, 29, 30]","[""C=O"", ""C=O""]",2.9508371353149414,2.9354465007781982,2.9153716564178467,2.900099992752075,0.015390634536743164,0.03546547889709473,0.05073714256286621,-0.00011897087097167969,yp+yl-y0-ypl,b07b1f2a2663b1f43e2f640981daca2e974fa076974601341733f8efb8eba26e
2773,142,factor_xa_05,N=C(N)NCCC[C@@H](NC(=O)CN1CCN(S(=O)(=O)Cc2ccccc2)CC1=O)C(=O)c1nccs1,NC(=N)NCCC[C@@H](NC(=O)CN1CCN(CC1=O)S(=O)(=O)Cc1ccccc1)C(=O)c1nccs1,1.886056648,0.0,1,10.1093/nar/gkv1072,w16_s4_sequence_mean:269-284,269,284,FYILTAAHCLYQAKRF,r3_b80,3,80,"[4, 5, 6, 11, 19]","[""C"", ""C"", ""C"", ""C"", ""C""]",2.9508371353149414,2.9354465007781982,2.919782876968384,2.9038002490997314,0.015390634536743164,0.031054258346557617,0.04703688621520996,0.0005919933319091797,yp+yl-y0-ypl,b07b1f2a2663b1f43e2f640981daca2e974fa076974601341733f8efb8eba26e
2773,142,factor_xa_05,N=C(N)NCCC[C@@H](NC(=O)CN1CCN(S(=O)(=O)Cc2ccccc2)CC1=O)C(=O)c1nccs1,NC(=N)NCCC[C@@H](NC(=O)CN1CCN(CC1=O)S(=O)(=O)Cc1ccccc1)C(=O)c1nccs1,1.886056648,0.0,1,10.1093/nar/gkv1072,w16_s4_sequence_mean:269-284,269,284,FYILTAAHCLYQAKRF,r3_b1947,3,1947,"[20, 21, 22, 23, 24, 25]","[""c1ccccc1""]",2.9508371353149414,2.9354465007781982,2.9317846298217773,2.915707588195801,0.015390634536743164,0.019052505493164062,0.035129547119140625,0.0006864070892333984,yp+yl-y0-ypl,b07b1f2a2663b1f43e2f640981daca2e974fa076974601341733f8efb8eba26e
2773,142,factor_xa_05,N=C(N)NCCC[C@@H](NC(=O)CN1CCN(S(=O)(=O)Cc2ccccc2)CC1=O)C(=O)c1nccs1,NC(=N)NCCC[C@@H](NC(=O)CN1CCN(CC1=O)S(=O)(=O)Cc1ccccc1)C(=O)c1nccs1,1.886056648,0.0,1,10.1093/nar/gkv1072,w16_s4_sequence_mean:269-284,269,284,FYILTAAHCLYQAKRF,r2_b1567,2,1567,"[31, 34, 35]","[""csc""]",2.9508371353149414,2.9354465007781982,2.938173532485962,2.922271490097046,0.015390634536743164,0.012663602828979492,0.028565645217895508,0.0005114078521728516,yp+yl-y0-ypl,b07b1f2a2663b1f43e2f640981daca2e974fa076974601341733f8efb8eba26e
2773,142,factor_xa_05,N=C(N)NCCC[C@@H](NC(=O)CN1CCN(S(=O)(=O)Cc2ccccc2)CC1=O)C(=O)c1nccs1,NC(=N)NCCC[C@@H](NC(=O)CN1CCN(CC1=O)S(=O)(=O)Cc1ccccc1)C(=O)c1nccs1,1.886056648,0.0,1,10.1093/nar/gkv1072,w16_s4_sequence_mean:457-472,457,472,AFLKWIDRSMKTRGLP,r3_b1066,3,1066,"[19, 20, 21, 22, 23, 24, 25]","[""cccc(C)c"", ""cccc(C)c""]",2.9508371353149414,2.931749105453491,2.9143621921539307,2.8953137397766113,0.019088029861450195,0.03647494316101074,0.05552339553833008,-3.9577484130859375e-05,yp+yl-y0-ypl,b07b1f2a2663b1f43e2f640981daca2e974fa076974601341733f8efb8eba26e
2773,142,factor_xa_05,N=C(N)NCCC[C@@H](NC(=O)CN1CCN(S(=O)(=O)Cc2ccccc2)CC1=O)C(=O)c1nccs1,NC(=N)NCCC[C@@H](NC(=O)CN1CCN(CC1=O)S(=O)(=O)Cc1ccccc1)C(=O)c1nccs1,1.886056648,0.0,1,10.1093/nar/gkv1072,w16_s4_sequence_mean:457-472,457,472,AFLKWIDRSMKTRGLP,r3_b983,3,983,"[0, 1, 2, 3, 4, 5]","[""CCNC(=N)N""]",2.9508371353149414,2.931749105453491,2.8986568450927734,2.8795108795166016,0.019088029861450195,0.05218029022216797,0.07132625579833984,5.793571472167969e-05,yp+yl-y0-ypl,b07b1f2a2663b1f43e2f640981daca2e974fa076974601341733f8efb8eba26e
2773,142,factor_xa_05,N=C(N)NCCC[C@@H](NC(=O)CN1CCN(S(=O)(=O)Cc2ccccc2)CC1=O)C(=O)c1nccs1,NC(=N)NCCC[C@@H](NC(=O)CN1CCN(CC1=O)S(=O)(=O)Cc1ccccc1)C(=O)c1nccs1,1.886056648,0.0,1,10.1093/nar/gkv1072,w16_s4_sequence_mean:457-472,457,472,AFLKWIDRSMKTRGLP,r2_b1066,2,1066,"[19, 20, 21, 22, 23, 24, 25]","[""cccc(C)c"", ""cccc(C)c""]",2.9508371353149414,2.931749105453491,2.932640314102173,2.913853406906128,0.019088029861450195,0.018196821212768555,0.03698372840881348,-0.00030112266540527344,yp+yl-y0-ypl,b07b1f2a2663b1f43e2f640981daca2e974fa076974601341733f8efb8eba26e
2773,142,factor_xa_05,N=C(N)NCCC[C@@H](NC(=O)CN1CCN(S(=O)(=O)Cc2ccccc2)CC1=O)C(=O)c1nccs1,NC(=N)NCCC[C@@H](NC(=O)CN1CCN(CC1=O)S(=O)(=O)Cc1ccccc1)C(=O)c1nccs1,1.886056648,0.0,1,10.1093/nar/gkv1072,w16_s4_sequence_mean:457-472,457,472,AFLKWIDRSMKTRGLP,r3_b632,3,632,"[11, 12, 13, 15, 26, 27, 28]","[""CN(C)C(=O)CN""]",2.9508371353149414,2.931749105453491,2.9521472454071045,2.9326117038726807,0.019088029861450195,-0.001310110092163086,0.018225431442260742,0.0004475116729736328,yp+yl-y0-ypl,b07b1f2a2663b1f43e2f640981daca2e974fa076974601341733f8efb8eba26e
2773,142,factor_xa_05,N=C(N)NCCC[C@@H](NC(=O)CN1CCN(S(=O)(=O)Cc2ccccc2)CC1=O)C(=O)c1nccs1,NC(=N)NCCC[C@@H](NC(=O)CN1CCN(CC1=O)S(=O)(=O)Cc1ccccc1)C(=O)c1nccs1,1.886056648,0.0,1,10.1093/nar/gkv1072,w16_s4_sequence_mean:457-472,457,472,AFLKWIDRSMKTRGLP,r3_b5,3,5,"[16, 19, 20]","[""cCS""]",2.9508371353149414,2.931749105453491,2.9277713298797607,2.9078757762908936,0.019088029861450195,0.023065805435180664,0.04296135902404785,0.0008075237274169922,yp+yl-y0-ypl,b07b1f2a2663b1f43e2f640981daca2e974fa076974601341733f8efb8eba26e
2773,142,factor_xa_05,N=C(N)NCCC[C@@H](NC(=O)CN1CCN(S(=O)(=O)Cc2ccccc2)CC1=O)C(=O)c1nccs1,NC(=N)NCCC[C@@H](NC(=O)CN1CCN(CC1=O)S(=O)(=O)Cc1ccccc1)C(=O)c1nccs1,1.886056648,0.0,1,10.1093/nar/gkv1072,w16_s4_sequence_mean:457-472,457,472,AFLKWIDRSMKTRGLP,r2_b295,2,295,"[11, 12, 13, 14, 15, 27]","[""CN(C)CCN""]",2.9508371353149414,2.931749105453491,2.932810068130493,2.914191722869873,0.019088029861450195,0.018027067184448242,0.03664541244506836,-0.0004696846008300781,yp+yl-y0-ypl,b07b1f2a2663b1f43e2f640981daca2e974fa076974601341733f8efb8eba26e
2773,142,factor_xa_05,N=C(N)NCCC[C@@H](NC(=O)CN1CCN(S(=O)(=O)Cc2ccccc2)CC1=O)C(=O)c1nccs1,NC(=N)NCCC[C@@H](NC(=O)CN1CCN(CC1=O)S(=O)(=O)Cc1ccccc1)C(=O)c1nccs1,1.886056648,0.0,1,10.1093/nar/gkv1072,w16_s4_sequence_mean:457-472,457,472,AFLKWIDRSMKTRGLP,r3_b1917,3,1917,"[9, 10, 29, 30]","[""C=O"", ""C=O""]",2.9508371353149414,2.931749105453491,2.9153716564178467,2.8958375453948975,0.019088029861450195,0.03546547889709473,0.054999589920043945,0.00044608116149902344,yp+yl-y0-ypl,b07b1f2a2663b1f43e2f640981daca2e974fa076974601341733f8efb8eba26e
2773,142,factor_xa_05,N=C(N)NCCC[C@@H](NC(=O)CN1CCN(S(=O)(=O)Cc2ccccc2)CC1=O)C(=O)c1nccs1,NC(=N)NCCC[C@@H](NC(=O)CN1CCN(CC1=O)S(=O)(=O)Cc1ccccc1)C(=O)c1nccs1,1.886056648,0.0,1,10.1093/nar/gkv1072,w16_s4_sequence_mean:457-472,457,472,AFLKWIDRSMKTRGLP,r3_b80,3,80,"[4, 5, 6, 11, 19]","[""C"", ""C"", ""C"", ""C"", ""C""]",2.9508371353149414,2.931749105453491,2.919782876968384,2.8994762897491455,0.019088029861450195,0.031054258346557617,0.0513608455657959,0.001218557357788086,yp+yl-y0-ypl,b07b1f2a2663b1f43e2f640981daca2e974fa076974601341733f8efb8eba26e
2773,142,factor_xa_05,N=C(N)NCCC[C@@H](NC(=O)CN1CCN(S(=O)(=O)Cc2ccccc2)CC1=O)C(=O)c1nccs1,NC(=N)NCCC[C@@H](NC(=O)CN1CCN(CC1=O)S(=O)(=O)Cc1ccccc1)C(=O)c1nccs1,1.886056648,0.0,1,10.1093/nar/gkv1072,w16_s4_sequence_mean:457-472,457,472,AFLKWIDRSMKTRGLP,r3_b1947,3,1947,"[20, 21, 22, 23, 24, 25]","[""c1ccccc1""]",2.9508371353149414,2.931749105453491,2.9317846298217773,2.9128835201263428,0.019088029861450195,0.019052505493164062,0.03795361518859863,-0.000186920166015625,yp+yl-y0-ypl,b07b1f2a2663b1f43e2f640981daca2e974fa076974601341733f8efb8eba26e
2773,142,factor_xa_05,N=C(N)NCCC[C@@H](NC(=O)CN1CCN(S(=O)(=O)Cc2ccccc2)CC1=O)C(=O)c1nccs1,NC(=N)NCCC[C@@H](NC(=O)CN1CCN(CC1=O)S(=O)(=O)Cc1ccccc1)C(=O)c1nccs1,1.886056648,0.0,1,10.1093/nar/gkv1072,w16_s4_sequence_mean:457-472,457,472,AFLKWIDRSMKTRGLP,r2_b1567,2,1567,"[31, 34, 35]","[""csc""]",2.9508371353149414,2.931749105453491,2.938173532485962,2.9189484119415283,0.019088029861450195,0.012663602828979492,0.031888723373413086,0.00013709068298339844,yp+yl-y0-ypl,b07b1f2a2663b1f43e2f640981daca2e974fa076974601341733f8efb8eba26e
2773,142,factor_xa_05,N=C(N)NCCC[C@@H](NC(=O)CN1CCN(S(=O)(=O)Cc2ccccc2)CC1=O)C(=O)c1nccs1,NC(=N)NCCC[C@@H](NC(=O)CN1CCN(CC1=O)S(=O)(=O)Cc1ccccc1)C(=O)c1nccs1,1.886056648,0.0,1,10.1093/nar/gkv1072,w16_s4_sequence_mean:461-476,461,476,WIDRSMKTRGLPKAKS,r3_b1066,3,1066,"[19, 20, 21, 22, 23, 24, 25]","[""cccc(C)c"", ""cccc(C)c""]",2.9508371353149414,2.9315054416656494,2.9143621921539307,2.8950440883636475,0.019331693649291992,0.03647494316101074,0.055793046951293945,-1.3589859008789062e-05,yp+yl-y0-ypl,b07b1f2a2663b1f43e2f640981daca2e974fa076974601341733f8efb8eba26e
2773,142,factor_xa_05,N=C(N)NCCC[C@@H](NC(=O)CN1CCN(S(=O)(=O)Cc2ccccc2)CC1=O)C(=O)c1nccs1,NC(=N)NCCC[C@@H](NC(=O)CN1CCN(CC1=O)S(=O)(=O)Cc1ccccc1)C(=O)c1nccs1,1.886056648,0.0,1,10.1093/nar/gkv1072,w16_s4_sequence_mean:461-476,461,476,WIDRSMKTRGLPKAKS,r3_b983,3,983,"[0, 1, 2, 3, 4, 5]","[""CCNC(=N)N""]",2.9508371353149414,2.9315054416656494,2.8986568450927734,2.8792102336883545,0.019331693649291992,0.05218029022216797,0.07162690162658691,0.00011491775512695312,yp+yl-y0-ypl,b07b1f2a2663b1f43e2f640981daca2e974fa076974601341733f8efb8eba26e
2773,142,factor_xa_05,N=C(N)NCCC[C@@H](NC(=O)CN1CCN(S(=O)(=O)Cc2ccccc2)CC1=O)C(=O)c1nccs1,NC(=N)NCCC[C@@H](NC(=O)CN1CCN(CC1=O)S(=O)(=O)Cc1ccccc1)C(=O)c1nccs1,1.886056648,0.0,1,10.1093/nar/gkv1072,w16_s4_sequence_mean:461-476,461,476,WIDRSMKTRGLPKAKS,r2_b1066,2,1066,"[19, 20, 21, 22, 23, 24, 25]","[""cccc(C)c"", ""cccc(C)c""]",2.9508371353149414,2.9315054416656494,2.932640314102173,2.9135727882385254,0.019331693649291992,0.018196821212768555,0.037264347076416016,-0.00026416778564453125,yp+yl-y0-ypl,b07b1f2a2663b1f43e2f640981daca2e974fa076974601341733f8efb8eba26e
2773,142,factor_xa_05,N=C(N)NCCC[C@@H](NC(=O)CN1CCN(S(=O)(=O)Cc2ccccc2)CC1=O)C(=O)c1nccs1,NC(=N)NCCC[C@@H](NC(=O)CN1CCN(CC1=O)S(=O)(=O)Cc1ccccc1)C(=O)c1nccs1,1.886056648,0.0,1,10.1093/nar/gkv1072,w16_s4_sequence_mean:461-476,461,476,WIDRSMKTRGLPKAKS,r3_b632,3,632,"[11, 12, 13, 15, 26, 27, 28]","[""CN(C)C(=O)CN""]",2.9508371353149414,2.9315054416656494,2.9521472454071045,2.932206392288208,0.019331693649291992,-0.001310110092163086,0.0186307430267334,0.0006091594696044922,yp+yl-y0-ypl,b07b1f2a2663b1f43e2f640981daca2e974fa076974601341733f8efb8eba26e
2773,142,factor_xa_05,N=C(N)NCCC[C@@H](NC(=O)CN1CCN(S(=O)(=O)Cc2ccccc2)CC1=O)C(=O)c1nccs1,NC(=N)NCCC[C@@H](NC(=O)CN1CCN(CC1=O)S(=O)(=O)Cc1ccccc1)C(=O)c1nccs1,1.886056648,0.0,1,10.1093/nar/gkv1072,w16_s4_sequence_mean:461-476,461,476,WIDRSMKTRGLPKAKS,r3_b5,3,5,"[16, 19, 20]","[""cCS""]",2.9508371353149414,2.9315054416656494,2.9277713298797607,2.9078071117401123,0.019331693649291992,0.023065805435180664,0.0430300235748291,0.0006325244903564453,yp+yl-y0-ypl,b07b1f2a2663b1f43e2f640981daca2e974fa076974601341733f8efb8eba26e
2773,142,factor_xa_05,N=C(N)NCCC[C@@H](NC(=O)CN1CCN(S(=O)(=O)Cc2ccccc2)CC1=O)C(=O)c1nccs1,NC(=N)NCCC[C@@H](NC(=O)CN1CCN(CC1=O)S(=O)(=O)Cc1ccccc1)C(=O)c1nccs1,1.886056648,0.0,1,10.1093/nar/gkv1072,w16_s4_sequence_mean:461-476,461,476,WIDRSMKTRGLPKAKS,r2_b295,2,295,"[11, 12, 13, 14, 15, 27]","[""CN(C)CCN""]",2.9508371353149414,2.9315054416656494,2.932810068130493,2.9139626026153564,0.019331693649291992,0.018027067184448242,0.03687453269958496,-0.00048422813415527344,yp+yl-y0-ypl,b07b1f2a2663b1f43e2f640981daca2e974fa076974601341733f8efb8eba26e
2773,142,factor_xa_05,N=C(N)NCCC[C@@H](NC(=O)CN1CCN(S(=O)(=O)Cc2ccccc2)CC1=O)C(=O)c1nccs1,NC(=N)NCCC[C@@H](NC(=O)CN1CCN(CC1=O)S(=O)(=O)Cc1ccccc1)C(=O)c1nccs1,1.886056648,0.0,1,10.1093/nar/gkv1072,w16_s4_sequence_mean:461-476,461,476,WIDRSMKTRGLPKAKS,r3_b1917,3,1917,"[9, 10, 29, 30]","[""C=O"", ""C=O""]",2.9508371353149414,2.9315054416656494,2.9153716564178467,2.895662546157837,0.019331693649291992,0.03546547889709473,0.05517458915710449,0.00037741661071777344,yp+yl-y0-ypl,b07b1f2a2663b1f43e2f640981daca2e974fa076974601341733f8efb8eba26e
2773,142,factor_xa_05,N=C(N)NCCC[C@@H](NC(=O)CN1CCN(S(=O)(=O)Cc2ccccc2)CC1=O)C(=O)c1nccs1,NC(=N)NCCC[C@@H](NC(=O)CN1CCN(CC1=O)S(=O)(=O)Cc1ccccc1)C(=O)c1nccs1,1.886056648,0.0,1,10.1093/nar/gkv1072,w16_s4_sequence_mean:461-476,461,476,WIDRSMKTRGLPKAKS,r3_b80,3,80,"[4, 5, 6, 11, 19]","[""C"", ""C"", ""C"", ""C"", ""C""]",2.9508371353149414,2.9315054416656494,2.919782876968384,2.8994128704071045,0.019331693649291992,0.031054258346557617,0.051424264907836914,0.0010383129119873047,yp+yl-y0-ypl,b07b1f2a2663b1f43e2f640981daca2e974fa076974601341733f8efb8eba26e
2773,142,factor_xa_05,N=C(N)NCCC[C@@H](NC(=O)CN1CCN(S(=O)(=O)Cc2ccccc2)CC1=O)C(=O)c1nccs1,NC(=N)NCCC[C@@H](NC(=O)CN1CCN(CC1=O)S(=O)(=O)Cc1ccccc1)C(=O)c1nccs1,1.886056648,0.0,1,10.1093/nar/gkv1072,w16_s4_sequence_mean:461-476,461,476,WIDRSMKTRGLPKAKS,r3_b1947,3,1947,"[20, 21, 22, 23, 24, 25]","[""c1ccccc1""]",2.9508371353149414,2.9315054416656494,2.9317846298217773,2.9127092361450195,0.019331693649291992,0.019052505493164062,0.038127899169921875,-0.0002562999725341797,yp+yl-y0-ypl,b07b1f2a2663b1f43e2f640981daca2e974fa076974601341733f8efb8eba26e
2773,142,factor_xa_05,N=C(N)NCCC[C@@H](NC(=O)CN1CCN(S(=O)(=O)Cc2ccccc2)CC1=O)C(=O)c1nccs1,NC(=N)NCCC[C@@H](NC(=O)CN1CCN(CC1=O)S(=O)(=O)Cc1ccccc1)C(=O)c1nccs1,1.886056648,0.0,1,10.1093/nar/gkv1072,w16_s4_sequence_mean:461-476,461,476,WIDRSMKTRGLPKAKS,r2_b1567,2,1567,"[31, 34, 35]","[""csc""]",2.9508371353149414,2.9315054416656494,2.938173532485962,2.9188272953033447,0.019331693649291992,0.012663602828979492,0.03200984001159668,1.4543533325195312e-05,yp+yl-y0-ypl,b07b1f2a2663b1f43e2f640981daca2e974fa076974601341733f8efb8eba26e
2773,142,factor_xa_05,N=C(N)NCCC[C@@H](NC(=O)CN1CCN(S(=O)(=O)Cc2ccccc2)CC1=O)C(=O)c1nccs1,NC(=N)NCCC[C@@H](NC(=O)CN1CCN(CC1=O)S(=O)(=O)Cc1ccccc1)C(=O)c1nccs1,1.886056648,0.0,1,10.1093/nar/gkv1072,w16_s4_sequence_mean:221-236,221,236,NQTQPERGDNNLTRIV,r3_b1066,3,1066,"[19, 20, 21, 22, 23, 24, 25]","[""cccc(C)c"", ""cccc(C)c""]",2.9508371353149414,2.935185670852661,2.9143621921539307,2.8988354206085205,0.015651464462280273,0.03647494316101074,0.0520017147064209,-0.0001246929168701172,yp+yl-y0-ypl,b07b1f2a2663b1f43e2f640981daca2e974fa076974601341733f8efb8eba26e
2773,142,factor_xa_05,N=C(N)NCCC[C@@H](NC(=O)CN1CCN(S(=O)(=O)Cc2ccccc2)CC1=O)C(=O)c1nccs1,NC(=N)NCCC[C@@H](NC(=O)CN1CCN(CC1=O)S(=O)(=O)Cc1ccccc1)C(=O)c1nccs1,1.886056648,0.0,1,10.1093/nar/gkv1072,w16_s4_sequence_mean:221-236,221,236,NQTQPERGDNNLTRIV,r3_b983,3,983,"[0, 1, 2, 3, 4, 5]","[""CCNC(=N)N""]",2.9508371353149414,2.935185670852661,2.8986568450927734,2.882406711578369,0.015651464462280273,0.05218029022216797,0.06843042373657227,0.0005986690521240234,yp+yl-y0-ypl,b07b1f2a2663b1f43e2f640981daca2e974fa076974601341733f8efb8eba26e
2773,142,factor_xa_05,N=C(N)NCCC[C@@H](NC(=O)CN1CCN(S(=O)(=O)Cc2ccccc2)CC1=O)C(=O)c1nccs1,NC(=N)NCCC[C@@H](NC(=O)CN1CCN(CC1=O)S(=O)(=O)Cc1ccccc1)C(=O)c1nccs1,1.886056648,0.0,1,10.1093/nar/gkv1072,w16_s4_sequence_mean:221-236,221,236,NQTQPERGDNNLTRIV,r2_b1066,2,1066,"[19, 20, 21, 22, 23, 24, 25]","[""cccc(C)c"", ""cccc(C)c""]",2.9508371353149414,2.935185670852661,2.932640314102173,2.917478084564209,0.015651464462280273,0.018196821212768555,0.03335905075073242,-0.0004892349243164062,yp+yl-y0-ypl,b07b1f2a2663b1f43e2f640981daca2e974fa076974601341733f8efb8eba26e
2773,142,factor_xa_05,N=C(N)NCCC[C@@H](NC(=O)CN1CCN(S(=O)(=O)Cc2ccccc2)CC1=O)C(=O)c1nccs1,NC(=N)NCCC[C@@H](NC(=O)CN1CCN(CC1=O)S(=O)(=O)Cc1ccccc1)C(=O)c1nccs1,1.886056648,0.0,1,10.1093/nar/gkv1072,w16_s4_sequence_mean:221-236,221,236,NQTQPERGDNNLTRIV,r3_b632,3,632,"[11, 12, 13, 15, 26, 27, 28]","[""CN(C)C(=O)CN""]",2.9508371353149414,2.935185670852661,2.9521472454071045,2.9356987476348877,0.015651464462280273,-0.001310110092163086,0.015138387680053711,0.0007970333099365234,yp+yl-y0-ypl,b07b1f2a2663b1f43e2f640981daca2e974fa076974601341733f8efb8eba26e
2773,142,factor_xa_05,N=C(N)NCCC[C@@H](NC(=O)CN1CCN(S(=O)(=O)Cc2ccccc2)CC1=O)C(=O)c1nccs1,NC(=N)NCCC[C@@H](NC(=O)CN1CCN(CC1=O)S(=O)(=O)Cc1ccccc1)C(=O)c1nccs1,1.886056648,0.0,1,10.1093/nar/gkv1072,w16_s4_sequence_mean:221-236,221,236,NQTQPERGDNNLTRIV,r3_b5,3,5,"[16, 19, 20]","[""cCS""]",2.9508371353149414,2.935185670852661,2.9277713298797607,2.9115898609161377,0.015651464462280273,0.023065805435180664,0.03924727439880371,0.0005300045013427734,yp+yl-y0-ypl,b07b1f2a2663b1f43e2f640981daca2e974fa076974601341733f8efb8eba26e
2773,142,factor_xa_05,N=C(N)NCCC[C@@H](NC(=O)CN1CCN(S(=O)(=O)Cc2ccccc2)CC1=O)C(=O)c1nccs1,NC(=N)NCCC[C@@H](NC(=O)CN1CCN(CC1=O)S(=O)(=O)Cc1ccccc1)C(=O)c1nccs1,1.886056648,0.0,1,10.1093/nar/gkv1072,w16_s4_sequence_mean:221-236,221,236,NQTQPERGDNNLTRIV,r2_b295,2,295,"[11, 12, 13, 14, 15, 27]","[""CN(C)CCN""]",2.9508371353149414,2.935185670852661,2.932810068130493,2.9176719188690186,0.015651464462280273,0.018027067184448242,0.03316521644592285,-0.0005133152008056641,yp+yl-y0-ypl,b07b1f2a2663b1f43e2f640981daca2e974fa076974601341733f8efb8eba26e
2773,142,factor_xa_05,N=C(N)NCCC[C@@H](NC(=O)CN1CCN(S(=O)(=O)Cc2ccccc2)CC1=O)C(=O)c1nccs1,NC(=N)NCCC[C@@H](NC(=O)CN1CCN(CC1=O)S(=O)(=O)Cc1ccccc1)C(=O)c1nccs1,1.886056648,0.0,1,10.1093/nar/gkv1072,w16_s4_sequence_mean:221-236,221,236,NQTQPERGDNNLTRIV,r3_b1917,3,1917,"[9, 10, 29, 30]","[""C=O"", ""C=O""]",2.9508371353149414,2.935185670852661,2.9153716564178467,2.8990399837493896,0.015651464462280273,0.03546547889709473,0.05179715156555176,0.0006802082061767578,yp+yl-y0-ypl,b07b1f2a2663b1f43e2f640981daca2e974fa076974601341733f8efb8eba26e
2773,142,factor_xa_05,N=C(N)NCCC[C@@H](NC(=O)CN1CCN(S(=O)(=O)Cc2ccccc2)CC1=O)C(=O)c1nccs1,NC(=N)NCCC[C@@H](NC(=O)CN1CCN(CC1=O)S(=O)(=O)Cc1ccccc1)C(=O)c1nccs1,1.886056648,0.0,1,10.1093/nar/gkv1072,w16_s4_sequence_mean:221-236,221,236,NQTQPERGDNNLTRIV,r3_b80,3,80,"[4, 5, 6, 11, 19]","[""C"", ""C"", ""C"", ""C"", ""C""]",2.9508371353149414,2.935185670852661,2.919782876968384,2.9030325412750244,0.015651464462280273,0.031054258346557617,0.04780459403991699,0.0010988712310791016,yp+yl-y0-ypl,b07b1f2a2663b1f43e2f640981daca2e974fa076974601341733f8efb8eba26e
2773,142,factor_xa_05,N=C(N)NCCC[C@@H](NC(=O)CN1CCN(S(=O)(=O)Cc2ccccc2)CC1=O)C(=O)c1nccs1,NC(=N)NCCC[C@@H](NC(=O)CN1CCN(CC1=O)S(=O)(=O)Cc1ccccc1)C(=O)c1nccs1,1.886056648,0.0,1,10.1093/nar/gkv1072,w16_s4_sequence_mean:221-236,221,236,NQTQPERGDNNLTRIV,r3_b1947,3,1947,"[20, 21, 22, 23, 24, 25]","[""c1ccccc1""]",2.9508371353149414,2.935185670852661,2.9317846298217773,2.916515827178955,0.015651464462280273,0.019052505493164062,0.03432130813598633,-0.0003826618194580078,yp+yl-y0-ypl,b07b1f2a2663b1f43e2f640981daca2e974fa076974601341733f8efb8eba26e
2773,142,factor_xa_05,N=C(N)NCCC[C@@H](NC(=O)CN1CCN(S(=O)(=O)Cc2ccccc2)CC1=O)C(=O)c1nccs1,NC(=N)NCCC[C@@H](NC(=O)CN1CCN(CC1=O)S(=O)(=O)Cc1ccccc1)C(=O)c1nccs1,1.886056648,0.0,1,10.1093/nar/gkv1072,w16_s4_sequence_mean:221-236,221,236,NQTQPERGDNNLTRIV,r2_b1567,2,1567,"[31, 34, 35]","[""csc""]",2.9508371353149414,2.935185670852661,2.938173532485962,2.922536611557007,0.015651464462280273,0.012663602828979492,0.02830052375793457,-1.4543533325195312e-05,yp+yl-y0-ypl,b07b1f2a2663b1f43e2f640981daca2e974fa076974601341733f8efb8eba26e
2773,142,factor_xa_05,N=C(N)NCCC[C@@H](NC(=O)CN1CCN(S(=O)(=O)Cc2ccccc2)CC1=O)C(=O)c1nccs1,NC(=N)NCCC[C@@H](NC(=O)CN1CCN(CC1=O)S(=O)(=O)Cc1ccccc1)C(=O)c1nccs1,1.886056648,0.0,1,10.1093/nar/gkv1072,w16_s4_sequence_mean:265-280,265,280,ILSEFYILTAAHCLYQ,r3_b1066,3,1066,"[19, 20, 21, 22, 23, 24, 25]","[""cccc(C)c"", ""cccc(C)c""]",2.9508371353149414,2.936366319656372,2.9143621921539307,2.8998196125030518,0.014470815658569336,0.03647494316101074,0.05101752281188965,7.176399230957031e-05,yp+yl-y0-ypl,b07b1f2a2663b1f43e2f640981daca2e974fa076974601341733f8efb8eba26e
2773,142,factor_xa_05,N=C(N)NCCC[C@@H](NC(=O)CN1CCN(S(=O)(=O)Cc2ccccc2)CC1=O)C(=O)c1nccs1,NC(=N)NCCC[C@@H](NC(=O)CN1CCN(CC1=O)S(=O)(=O)Cc1ccccc1)C(=O)c1nccs1,1.886056648,0.0,1,10.1093/nar/gkv1072,w16_s4_sequence_mean:265-280,265,280,ILSEFYILTAAHCLYQ,r3_b983,3,983,"[0, 1, 2, 3, 4, 5]","[""CCNC(=N)N""]",2.9508371353149414,2.936366319656372,2.8986568450927734,2.884032726287842,0.014470815658569336,0.05218029022216797,0.06680440902709961,0.0001533031463623047,yp+yl-y0-ypl,b07b1f2a2663b1f43e2f640981daca2e974fa076974601341733f8efb8eba26e
2773,142,factor_xa_05,N=C(N)NCCC[C@@H](NC(=O)CN1CCN(S(=O)(=O)Cc2ccccc2)CC1=O)C(=O)c1nccs1,NC(=N)NCCC[C@@H](NC(=O)CN1CCN(CC1=O)S(=O)(=O)Cc1ccccc1)C(=O)c1nccs1,1.886056648,0.0,1,10.1093/nar/gkv1072,w16_s4_sequence_mean:265-280,265,280,ILSEFYILTAAHCLYQ,r2_b1066,2,1066,"[19, 20, 21, 22, 23, 24, 25]","[""cccc(C)c"", ""cccc(C)c""]",2.9508371353149414,2.936366319656372,2.932640314102173,2.9176437854766846,0.014470815658569336,0.018196821212768555,0.033193349838256836,0.0005257129669189453,yp+yl-y0-ypl,b07b1f2a2663b1f43e2f640981daca2e974fa076974601341733f8efb8eba26e
2773,142,factor_xa_05,N=C(N)NCCC[C@@H](NC(=O)CN1CCN(S(=O)(=O)Cc2ccccc2)CC1=O)C(=O)c1nccs1,NC(=N)NCCC[C@@H](NC(=O)CN1CCN(CC1=O)S(=O)(=O)Cc1ccccc1)C(=O)c1nccs1,1.886056648,0.0,1,10.1093/nar/gkv1072,w16_s4_sequence_mean:265-280,265,280,ILSEFYILTAAHCLYQ,r3_b632,3,632,"[11, 12, 13, 15, 26, 27, 28]","[""CN(C)C(=O)CN""]",2.9508371353149414,2.936366319656372,2.9521472454071045,2.938664674758911,0.014470815658569336,-0.001310110092163086,0.012172460556030273,-0.0009882450103759766,yp+yl-y0-ypl,b07b1f2a2663b1f43e2f640981daca2e974fa076974601341733f8efb8eba26e
2773,142,factor_xa_05,N=C(N)NCCC[C@@H](NC(=O)CN1CCN(S(=O)(=O)Cc2ccccc2)CC1=O)C(=O)c1nccs1,NC(=N)NCCC[C@@H](NC(=O)CN1CCN(CC1=O)S(=O)(=O)Cc1ccccc1)C(=O)c1nccs1,1.886056648,0.0,1,10.1093/nar/gkv1072,w16_s4_sequence_mean:265-280,265,280,ILSEFYILTAAHCLYQ,r3_b5,3,5,"[16, 19, 20]","[""cCS""]",2.9508371353149414,2.936366319656372,2.9277713298797607,2.9129221439361572,0.014470815658569336,0.023065805435180664,0.03791499137878418,0.0003783702850341797,yp+yl-y0-ypl,b07b1f2a2663b1f43e2f640981daca2e974fa076974601341733f8efb8eba26e
2773,142,factor_xa_05,N=C(N)NCCC[C@@H](NC(=O)CN1CCN(S(=O)(=O)Cc2ccccc2)CC1=O)C(=O)c1nccs1,NC(=N)NCCC[C@@H](NC(=O)CN1CCN(CC1=O)S(=O)(=O)Cc1ccccc1)C(=O)c1nccs1,1.886056648,0.0,1,10.1093/nar/gkv1072,w16_s4_sequence_mean:265-280,265,280,ILSEFYILTAAHCLYQ,r2_b295,2,295,"[11, 12, 13, 14, 15, 27]","[""CN(C)CCN""]",2.9508371353149414,2.936366319656372,2.932810068130493,2.917929172515869,0.014470815658569336,0.018027067184448242,0.032907962799072266,0.0004100799560546875,yp+yl-y0-ypl,b07b1f2a2663b1f43e2f640981daca2e974fa076974601341733f8efb8eba26e
2773,142,factor_xa_05,N=C(N)NCCC[C@@H](NC(=O)CN1CCN(S(=O)(=O)Cc2ccccc2)CC1=O)C(=O)c1nccs1,NC(=N)NCCC[C@@H](NC(=O)CN1CCN(CC1=O)S(=O)(=O)Cc1ccccc1)C(=O)c1nccs1,1.886056648,0.0,1,10.1093/nar/gkv1072,w16_s4_sequence_mean:265-280,265,280,ILSEFYILTAAHCLYQ,r3_b1917,3,1917,"[9, 10, 29, 30]","[""C=O"", ""C=O""]",2.9508371353149414,2.936366319656372,2.9153716564178467,2.9011645317077637,0.014470815658569336,0.03546547889709473,0.049672603607177734,-0.0002636909484863281,yp+yl-y0-ypl,b07b1f2a2663b1f43e2f640981daca2e974fa076974601341733f8efb8eba26e
2773,142,factor_xa_05,N=C(N)NCCC[C@@H](NC(=O)CN1CCN(S(=O)(=O)Cc2ccccc2)CC1=O)C(=O)c1nccs1,NC(=N)NCCC[C@@H](NC(=O)CN1CCN(CC1=O)S(=O)(=O)Cc1ccccc1)C(=O)c1nccs1,1.886056648,0.0,1,10.1093/nar/gkv1072,w16_s4_sequence_mean:265-280,265,280,ILSEFYILTAAHCLYQ,r3_b80,3,80,"[4, 5, 6, 11, 19]","[""C"", ""C"", ""C"", ""C"", ""C""]",2.9508371353149414,2.936366319656372,2.919782876968384,2.905137062072754,0.014470815658569336,0.031054258346557617,0.0457000732421875,0.00017499923706054688,yp+yl-y0-ypl,b07b1f2a2663b1f43e2f640981daca2e974fa076974601341733f8efb8eba26e
2773,142,factor_xa_05,N=C(N)NCCC[C@@H](NC(=O)CN1CCN(S(=O)(=O)Cc2ccccc2)CC1=O)C(=O)c1nccs1,NC(=N)NCCC[C@@H](NC(=O)CN1CCN(CC1=O)S(=O)(=O)Cc1ccccc1)C(=O)c1nccs1,1.886056648,0.0,1,10.1093/nar/gkv1072,w16_s4_sequence_mean:265-280,265,280,ILSEFYILTAAHCLYQ,r3_b1947,3,1947,"[20, 21, 22, 23, 24, 25]","[""c1ccccc1""]",2.9508371353149414,2.936366319656372,2.9317846298217773,2.9164156913757324,0.014470815658569336,0.019052505493164062,0.034421443939208984,0.0008981227874755859,yp+yl-y0-ypl,b07b1f2a2663b1f43e2f640981daca2e974fa076974601341733f8efb8eba26e
2773,142,factor_xa_05,N=C(N)NCCC[C@@H](NC(=O)CN1CCN(S(=O)(=O)Cc2ccccc2)CC1=O)C(=O)c1nccs1,NC(=N)NCCC[C@@H](NC(=O)CN1CCN(CC1=O)S(=O)(=O)Cc1ccccc1)C(=O)c1nccs1,1.886056648,0.0,1,10.1093/nar/gkv1072,w16_s4_sequence_mean:265-280,265,280,ILSEFYILTAAHCLYQ,r2_b1567,2,1567,"[31, 34, 35]","[""csc""]",2.9508371353149414,2.936366319656372,2.938173532485962,2.9233195781707764,0.014470815658569336,0.012663602828979492,0.02751755714416504,0.00038313865661621094,yp+yl-y0-ypl,b07b1f2a2663b1f43e2f640981daca2e974fa076974601341733f8efb8eba26e
2773,142,factor_xa_05,N=C(N)NCCC[C@@H](NC(=O)CN1CCN(S(=O)(=O)Cc2ccccc2)CC1=O)C(=O)c1nccs1,NC(=N)NCCC[C@@H](NC(=O)CN1CCN(CC1=O)S(=O)(=O)Cc1ccccc1)C(=O)c1nccs1,1.886056648,0.0,1,10.1093/nar/gkv1072,w16_s4_sequence_mean:465-480,465,480,SMKTRGLPKAKSHAPE,r3_b1066,3,1066,"[19, 20, 21, 22, 23, 24, 25]","[""cccc(C)c"", ""cccc(C)c""]",2.9508371353149414,2.9316155910491943,2.9143621921539307,2.8950626850128174,0.01922154426574707,0.03647494316101074,0.05577445030212402,7.796287536621094e-05,yp+yl-y0-ypl,b07b1f2a2663b1f43e2f640981daca2e974fa076974601341733f8efb8eba26e
2773,142,factor_xa_05,N=C(N)NCCC[C@@H](NC(=O)CN1CCN(S(=O)(=O)Cc2ccccc2)CC1=O)C(=O)c1nccs1,NC(=N)NCCC[C@@H](NC(=O)CN1CCN(CC1=O)S(=O)(=O)Cc1ccccc1)C(=O)c1nccs1,1.886056648,0.0,1,10.1093/nar/gkv1072,w16_s4_sequence_mean:465-480,465,480,SMKTRGLPKAKSHAPE,r3_b983,3,983,"[0, 1, 2, 3, 4, 5]","[""CCNC(=N)N""]",2.9508371353149414,2.9316155910491943,2.8986568450927734,2.8791372776031494,0.01922154426574707,0.05218029022216797,0.07169985771179199,0.0002980232238769531,yp+yl-y0-ypl,b07b1f2a2663b1f43e2f640981daca2e974fa076974601341733f8efb8eba26e
2773,142,factor_xa_05,N=C(N)NCCC[C@@H](NC(=O)CN1CCN(S(=O)(=O)Cc2ccccc2)CC1=O)C(=O)c1nccs1,NC(=N)NCCC[C@@H](NC(=O)CN1CCN(CC1=O)S(=O)(=O)Cc1ccccc1)C(=O)c1nccs1,1.886056648,0.0,1,10.1093/nar/gkv1072,w16_s4_sequence_mean:465-480,465,480,SMKTRGLPKAKSHAPE,r2_b1066,2,1066,"[19, 20, 21, 22, 23, 24, 25]","[""cccc(C)c"", ""cccc(C)c""]",2.9508371353149414,2.9316155910491943,2.932640314102173,2.913501024246216,0.01922154426574707,0.018196821212768555,0.037336111068725586,-8.225440979003906e-05,yp+yl-y0-ypl,b07b1f2a2663b1f43e2f640981daca2e974fa076974601341733f8efb8eba26e
2773,142,factor_xa_05,N=C(N)NCCC[C@@H](NC(=O)CN1CCN(S(=O)(=O)Cc2ccccc2)CC1=O)C(=O)c1nccs1,NC(=N)NCCC[C@@H](NC(=O)CN1CCN(CC1=O)S(=O)(=O)Cc1ccccc1)C(=O)c1nccs1,1.886056648,0.0,1,10.1093/nar/gkv1072,w16_s4_sequence_mean:465-480,465,480,SMKTRGLPKAKSHAPE,r3_b632,3,632,"[11, 12, 13, 15, 26, 27, 28]","[""CN(C)C(=O)CN""]",2.9508371353149414,2.9316155910491943,2.9521472454071045,2.9323086738586426,0.01922154426574707,-0.001310110092163086,0.018528461456298828,0.0006170272827148438,yp+yl-y0-ypl,b07b1f2a2663b1f43e2f640981daca2e974fa076974601341733f8efb8eba26e
2773,142,factor_xa_05,N=C(N)NCCC[C@@H](NC(=O)CN1CCN(S(=O)(=O)Cc2ccccc2)CC1=O)C(=O)c1nccs1,NC(=N)NCCC[C@@H](NC(=O)CN1CCN(CC1=O)S(=O)(=O)Cc1ccccc1)C(=O)c1nccs1,1.886056648,0.0,1,10.1093/nar/gkv1072,w16_s4_sequence_mean:465-480,465,480,SMKTRGLPKAKSHAPE,r3_b5,3,5,"[16, 19, 20]","[""cCS""]",2.9508371353149414,2.9316155910491943,2.9277713298797607,2.9080512523651123,0.01922154426574707,0.023065805435180664,0.0427858829498291,0.0004985332489013672,yp+yl-y0-ypl,b07b1f2a2663b1f43e2f640981daca2e974fa076974601341733f8efb8eba26e
2773,142,factor_xa_05,N=C(N)NCCC[C@@H](NC(=O)CN1CCN(S(=O)(=O)Cc2ccccc2)CC1=O)C(=O)c1nccs1,NC(=N)NCCC[C@@H](NC(=O)CN1CCN(CC1=O)S(=O)(=O)Cc1ccccc1)C(=O)c1nccs1,1.886056648,0.0,1,10.1093/nar/gkv1072,w16_s4_sequence_mean:465-480,465,480,SMKTRGLPKAKSHAPE,r2_b295,2,295,"[11, 12, 13, 14, 15, 27]","[""CN(C)CCN""]",2.9508371353149414,2.9316155910491943,2.932810068130493,2.913954019546509,0.01922154426574707,0.018027067184448242,0.03688311576843262,-0.0003654956817626953,yp+yl-y0-ypl,b07b1f2a2663b1f43e2f640981daca2e974fa076974601341733f8efb8eba26e
2773,142,factor_xa_05,N=C(N)NCCC[C@@H](NC(=O)CN1CCN(S(=O)(=O)Cc2ccccc2)CC1=O)C(=O)c1nccs1,NC(=N)NCCC[C@@H](NC(=O)CN1CCN(CC1=O)S(=O)(=O)Cc1ccccc1)C(=O)c1nccs1,1.886056648,0.0,1,10.1093/nar/gkv1072,w16_s4_sequence_mean:465-480,465,480,SMKTRGLPKAKSHAPE,r3_b1917,3,1917,"[9, 10, 29, 30]","[""C=O"", ""C=O""]",2.9508371353149414,2.9316155910491943,2.9153716564178467,2.8957371711730957,0.01922154426574707,0.03546547889709473,0.0550999641418457,0.00041294097900390625,yp+yl-y0-ypl,b07b1f2a2663b1f43e2f640981daca2e974fa076974601341733f8efb8eba26e
2773,142,factor_xa_05,N=C(N)NCCC[C@@H](NC(=O)CN1CCN(S(=O)(=O)Cc2ccccc2)CC1=O)C(=O)c1nccs1,NC(=N)NCCC[C@@H](NC(=O)CN1CCN(CC1=O)S(=O)(=O)Cc1ccccc1)C(=O)c1nccs1,1.886056648,0.0,1,10.1093/nar/gkv1072,w16_s4_sequence_mean:465-480,465,480,SMKTRGLPKAKSHAPE,r3_b80,3,80,"[4, 5, 6, 11, 19]","[""C"", ""C"", ""C"", ""C"", ""C""]",2.9508371353149414,2.9316155910491943,2.919782876968384,2.899744749069214,0.01922154426574707,0.031054258346557617,0.05109238624572754,0.0008165836334228516,yp+yl-y0-ypl,b07b1f2a2663b1f43e2f640981daca2e974fa076974601341733f8efb8eba26e
2773,142,factor_xa_05,N=C(N)NCCC[C@@H](NC(=O)CN1CCN(S(=O)(=O)Cc2ccccc2)CC1=O)C(=O)c1nccs1,NC(=N)NCCC[C@@H](NC(=O)CN1CCN(CC1=O)S(=O)(=O)Cc1ccccc1)C(=O)c1nccs1,1.886056648,0.0,1,10.1093/nar/gkv1072,w16_s4_sequence_mean:465-480,465,480,SMKTRGLPKAKSHAPE,r3_b1947,3,1947,"[20, 21, 22, 23, 24, 25]","[""c1ccccc1""]",2.9508371353149414,2.9316155910491943,2.9317846298217773,2.912602663040161,0.01922154426574707,0.019052505493164062,0.03823447227478027,-3.9577484130859375e-05,yp+yl-y0-ypl,b07b1f2a2663b1f43e2f640981daca2e974fa076974601341733f8efb8eba26e
2773,142,factor_xa_05,N=C(N)NCCC[C@@H](NC(=O)CN1CCN(S(=O)(=O)Cc2ccccc2)CC1=O)C(=O)c1nccs1,NC(=N)NCCC[C@@H](NC(=O)CN1CCN(CC1=O)S(=O)(=O)Cc1ccccc1)C(=O)c1nccs1,1.886056648,0.0,1,10.1093/nar/gkv1072,w16_s4_sequence_mean:465-480,465,480,SMKTRGLPKAKSHAPE,r2_b1567,2,1567,"[31, 34, 35]","[""csc""]",2.9508371353149414,2.9316155910491943,2.938173532485962,2.918816089630127,0.01922154426574707,0.012663602828979492,0.03202104568481445,0.00013589859008789062,yp+yl-y0-ypl,b07b1f2a2663b1f43e2f640981daca2e974fa076974601341733f8efb8eba26e
2773,142,factor_xa_05,N=C(N)NCCC[C@@H](NC(=O)CN1CCN(S(=O)(=O)Cc2ccccc2)CC1=O)C(=O)c1nccs1,NC(=N)NCCC[C@@H](NC(=O)CN1CCN(CC1=O)S(=O)(=O)Cc1ccccc1)C(=O)c1nccs1,1.886056648,0.0,1,10.1093/nar/gkv1072,w16_s4_sequence_mean:225-240,225,240,PERGDNNLTRIVGGQE,r3_b1066,3,1066,"[19, 20, 21, 22, 23, 24, 25]","[""cccc(C)c"", ""cccc(C)c""]",2.9508371353149414,2.9361088275909424,2.9143621921539307,2.8997585773468018,0.014728307723999023,0.03647494316101074,0.05107855796813965,-0.0001246929168701172,yp+yl-y0-ypl,b07b1f2a2663b1f43e2f640981daca2e974fa076974601341733f8efb8eba26e
2773,142,factor_xa_05,N=C(N)NCCC[C@@H](NC(=O)CN1CCN(S(=O)(=O)Cc2ccccc2)CC1=O)C(=O)c1nccs1,NC(=N)NCCC[C@@H](NC(=O)CN1CCN(CC1=O)S(=O)(=O)Cc1ccccc1)C(=O)c1nccs1,1.886056648,0.0,1,10.1093/nar/gkv1072,w16_s4_sequence_mean:225-240,225,240,PERGDNNLTRIVGGQE,r3_b983,3,983,"[0, 1, 2, 3, 4, 5]","[""CCNC(=N)N""]",2.9508371353149414,2.9361088275909424,2.8986568450927734,2.883702516555786,0.014728307723999023,0.05218029022216797,0.06713461875915527,0.00022602081298828125,yp+yl-y0-ypl,b07b1f2a2663b1f43e2f640981daca2e974fa076974601341733f8efb8eba26e
2773,142,factor_xa_05,N=C(N)NCCC[C@@H](NC(=O)CN1CCN(S(=O)(=O)Cc2ccccc2)CC1=O)C(=O)c1nccs1,NC(=N)NCCC[C@@H](NC(=O)CN1CCN(CC1=O)S(=O)(=O)Cc1ccccc1)C(=O)c1nccs1,1.886056648,0.0,1,10.1093/nar/gkv1072,w16_s4_sequence_mean:225-240,225,240,PERGDNNLTRIVGGQE,r2_b1066,2,1066,"[19, 20, 21, 22, 23, 24, 25]","[""cccc(C)c"", ""cccc(C)c""]",2.9508371353149414,2.9361088275909424,2.932640314102173,2.918410062789917,0.014728307723999023,0.018196821212768555,0.032427072525024414,-0.0004980564117431641,yp+yl-y0-ypl,b07b1f2a2663b1f43e2f640981daca2e974fa076974601341733f8efb8eba26e
2773,142,factor_xa_05,N=C(N)NCCC[C@@H](NC(=O)CN1CCN(S(=O)(=O)Cc2ccccc2)CC1=O)C(=O)c1nccs1,NC(=N)NCCC[C@@H](NC(=O)CN1CCN(CC1=O)S(=O)(=O)Cc1ccccc1)C(=O)c1nccs1,1.886056648,0.0,1,10.1093/nar/gkv1072,w16_s4_sequence_mean:225-240,225,240,PERGDNNLTRIVGGQE,r3_b632,3,632,"[11, 12, 13, 15, 26, 27, 28]","[""CN(C)C(=O)CN""]",2.9508371353149414,2.9361088275909424,2.9521472454071045,2.936663866043091,0.014728307723999023,-0.001310110092163086,0.014173269271850586,0.0007550716400146484,yp+yl-y0-ypl,b07b1f2a2663b1f43e2f640981daca2e974fa076974601341733f8efb8eba26e
2773,142,factor_xa_05,N=C(N)NCCC[C@@H](NC(=O)CN1CCN(S(=O)(=O)Cc2ccccc2)CC1=O)C(=O)c1nccs1,NC(=N)NCCC[C@@H](NC(=O)CN1CCN(CC1=O)S(=O)(=O)Cc1ccccc1)C(=O)c1nccs1,1.886056648,0.0,1,10.1093/nar/gkv1072,w16_s4_sequence_mean:225-240,225,240,PERGDNNLTRIVGGQE,r3_b5,3,5,"[16, 19, 20]","[""cCS""]",2.9508371353149414,2.9361088275909424,2.9277713298797607,2.9127585887908936,0.014728307723999023,0.023065805435180664,0.03807854652404785,0.00028443336486816406,yp+yl-y0-ypl,b07b1f2a2663b1f43e2f640981daca2e974fa076974601341733f8efb8eba26e
2773,142,factor_xa_05,N=C(N)NCCC[C@@H](NC(=O)CN1CCN(S(=O)(=O)Cc2ccccc2)CC1=O)C(=O)c1nccs1,NC(=N)NCCC[C@@H](NC(=O)CN1CCN(CC1=O)S(=O)(=O)Cc1ccccc1)C(=O)c1nccs1,1.886056648,0.0,1,10.1093/nar/gkv1072,w16_s4_sequence_mean:225-240,225,240,PERGDNNLTRIVGGQE,r2_b295,2,295,"[11, 12, 13, 14, 15, 27]","[""CN(C)CCN""]",2.9508371353149414,2.9361088275909424,2.932810068130493,2.9186065196990967,0.014728307723999023,0.018027067184448242,0.03223061561584473,-0.0005247592926025391,yp+yl-y0-ypl,b07b1f2a2663b1f43e2f640981daca2e974fa076974601341733f8efb8eba26e
2773,142,factor_xa_05,N=C(N)NCCC[C@@H](NC(=O)CN1CCN(S(=O)(=O)Cc2ccccc2)CC1=O)C(=O)c1nccs1,NC(=N)NCCC[C@@H](NC(=O)CN1CCN(CC1=O)S(=O)(=O)Cc1ccccc1)C(=O)c1nccs1,1.886056648,0.0,1,10.1093/nar/gkv1072,w16_s4_sequence_mean:225-240,225,240,PERGDNNLTRIVGGQE,r3_b1917,3,1917,"[9, 10, 29, 30]","[""C=O"", ""C=O""]",2.9508371353149414,2.9361088275909424,2.9153716564178467,2.900186777114868,0.014728307723999023,0.03546547889709473,0.05065035820007324,0.0004565715789794922,yp+yl-y0-ypl,b07b1f2a2663b1f43e2f640981daca2e974fa076974601341733f8efb8eba26e
2773,142,factor_xa_05,N=C(N)NCCC[C@@H](NC(=O)CN1CCN(S(=O)(=O)Cc2ccccc2)CC1=O)C(=O)c1nccs1,NC(=N)NCCC[C@@H](NC(=O)CN1CCN(CC1=O)S(=O)(=O)Cc1ccccc1)C(=O)c1nccs1,1.886056648,0.0,1,10.1093/nar/gkv1072,w16_s4_sequence_mean:225-240,225,240,PERGDNNLTRIVGGQE,r3_b80,3,80,"[4, 5, 6, 11, 19]","[""C"", ""C"", ""C"", ""C"", ""C""]",2.9508371353149414,2.9361088275909424,2.919782876968384,2.904266357421875,0.014728307723999023,0.031054258346557617,0.046570777893066406,0.0007882118225097656,yp+yl-y0-ypl,b07b1f2a2663b1f43e2f640981daca2e974fa076974601341733f8efb8eba26e
2773,142,factor_xa_05,N=C(N)NCCC[C@@H](NC(=O)CN1CCN(S(=O)(=O)Cc2ccccc2)CC1=O)C(=O)c1nccs1,NC(=N)NCCC[C@@H](NC(=O)CN1CCN(CC1=O)S(=O)(=O)Cc1ccccc1)C(=O)c1nccs1,1.886056648,0.0,1,10.1093/nar/gkv1072,w16_s4_sequence_mean:225-240,225,240,PERGDNNLTRIVGGQE,r3_b1947,3,1947,"[20, 21, 22, 23, 24, 25]","[""c1ccccc1""]",2.9508371353149414,2.9361088275909424,2.9317846298217773,2.9172959327697754,0.014728307723999023,0.019052505493164062,0.033541202545166016,-0.0002396106719970703,yp+yl-y0-ypl,b07b1f2a2663b1f43e2f640981daca2e974fa076974601341733f8efb8eba26e
2773,142,factor_xa_05,N=C(N)NCCC[C@@H](NC(=O)CN1CCN(S(=O)(=O)Cc2ccccc2)CC1=O)C(=O)c1nccs1,NC(=N)NCCC[C@@H](NC(=O)CN1CCN(CC1=O)S(=O)(=O)Cc1ccccc1)C(=O)c1nccs1,1.886056648,0.0,1,10.1093/nar/gkv1072,w16_s4_sequence_mean:225-240,225,240,PERGDNNLTRIVGGQE,r2_b1567,2,1567,"[31, 34, 35]","[""csc""]",2.9508371353149414,2.9361088275909424,2.938173532485962,2.9237029552459717,0.014728307723999023,0.012663602828979492,0.027134180068969727,-0.00025773048400878906,yp+yl-y0-ypl,b07b1f2a2663b1f43e2f640981daca2e974fa076974601341733f8efb8eba26e
2773,242,factor_xa_05,N=C(N)NCCC[C@@H](NC(=O)CN1CCN(S(=O)(=O)Cc2ccccc2)CC1=O)C(=O)c1nccs1,NC(=N)NCCC[C@@H](NC(=O)CN1CCN(CC1=O)S(=O)(=O)Cc1ccccc1)C(=O)c1nccs1,1.886056648,0.0,1,10.1093/nar/gkv1072,w16_s4_sequence_mean:453-468,453,468,TKVTAFLKWIDRSMKT,r3_b1066,3,1066,"[19, 20, 21, 22, 23, 24, 25]","[""cccc(C)c"", ""cccc(C)c""]",3.159226655960083,3.1429083347320557,3.085465908050537,3.069281816482544,0.016318321228027344,0.0737607479095459,0.08994483947753906,-0.0001342296600341797,yp+yl-y0-ypl,ae9fe000d481b81bbb5ef98718aaa550784ff67131a466d21993e95b41f14e9f
2773,242,factor_xa_05,N=C(N)NCCC[C@@H](NC(=O)CN1CCN(S(=O)(=O)Cc2ccccc2)CC1=O)C(=O)c1nccs1,NC(=N)NCCC[C@@H](NC(=O)CN1CCN(CC1=O)S(=O)(=O)Cc1ccccc1)C(=O)c1nccs1,1.886056648,0.0,1,10.1093/nar/gkv1072,w16_s4_sequence_mean:453-468,453,468,TKVTAFLKWIDRSMKT,r3_b983,3,983,"[0, 1, 2, 3, 4, 5]","[""CCNC(=N)N""]",3.159226655960083,3.1429083347320557,3.1129510402679443,3.0962870121002197,0.016318321228027344,0.04627561569213867,0.06293964385986328,0.0003457069396972656,yp+yl-y0-ypl,ae9fe000d481b81bbb5ef98718aaa550784ff67131a466d21993e95b41f14e9f
2773,242,factor_xa_05,N=C(N)NCCC[C@@H](NC(=O)CN1CCN(S(=O)(=O)Cc2ccccc2)CC1=O)C(=O)c1nccs1,NC(=N)NCCC[C@@H](NC(=O)CN1CCN(CC1=O)S(=O)(=O)Cc1ccccc1)C(=O)c1nccs1,1.886056648,0.0,1,10.1093/nar/gkv1072,w16_s4_sequence_mean:453-468,453,468,TKVTAFLKWIDRSMKT,r2_b1066,2,1066,"[19, 20, 21, 22, 23, 24, 25]","[""cccc(C)c"", ""cccc(C)c""]",3.159226655960083,3.1429083347320557,3.1511008739471436,3.134598970413208,0.016318321228027344,0.008125782012939453,0.024627685546875,0.00018358230590820312,yp+yl-y0-ypl,ae9fe000d481b81bbb5ef98718aaa550784ff67131a466d21993e95b41f14e9f
2773,242,factor_xa_05,N=C(N)NCCC[C@@H](NC(=O)CN1CCN(S(=O)(=O)Cc2ccccc2)CC1=O)C(=O)c1nccs1,NC(=N)NCCC[C@@H](NC(=O)CN1CCN(CC1=O)S(=O)(=O)Cc1ccccc1)C(=O)c1nccs1,1.886056648,0.0,1,10.1093/nar/gkv1072,w16_s4_sequence_mean:453-468,453,468,TKVTAFLKWIDRSMKT,r3_b632,3,632,"[11, 12, 13, 15, 26, 27, 28]","[""CN(C)C(=O)CN""]",3.159226655960083,3.1429083347320557,3.095881462097168,3.078460931777954,0.016318321228027344,0.06334519386291504,0.0807657241821289,0.0011022090911865234,yp+yl-y0-ypl,ae9fe000d481b81bbb5ef98718aaa550784ff67131a466d21993e95b41f14e9f
2773,242,factor_xa_05,N=C(N)NCCC[C@@H](NC(=O)CN1CCN(S(=O)(=O)Cc2ccccc2)CC1=O)C(=O)c1nccs1,NC(=N)NCCC[C@@H](NC(=O)CN1CCN(CC1=O)S(=O)(=O)Cc1ccccc1)C(=O)c1nccs1,1.886056648,0.0,1,10.1093/nar/gkv1072,w16_s4_sequence_mean:453-468,453,468,TKVTAFLKWIDRSMKT,r3_b5,3,5,"[16, 19, 20]","[""cCS""]",3.159226655960083,3.1429083347320557,3.0991036891937256,3.0819900035858154,0.016318321228027344,0.06012296676635742,0.07723665237426758,0.0007953643798828125,yp+yl-y0-ypl,ae9fe000d481b81bbb5ef98718aaa550784ff67131a466d21993e95b41f14e9f
2773,242,factor_xa_05,N=C(N)NCCC[C@@H](NC(=O)CN1CCN(S(=O)(=O)Cc2ccccc2)CC1=O)C(=O)c1nccs1,NC(=N)NCCC[C@@H](NC(=O)CN1CCN(CC1=O)S(=O)(=O)Cc1ccccc1)C(=O)c1nccs1,1.886056648,0.0,1,10.1093/nar/gkv1072,w16_s4_sequence_mean:453-468,453,468,TKVTAFLKWIDRSMKT,r2_b295,2,295,"[11, 12, 13, 14, 15, 27]","[""CN(C)CCN""]",3.159226655960083,3.1429083347320557,3.1535675525665283,3.1371748447418213,0.016318321228027344,0.0056591033935546875,0.02205181121826172,7.43865966796875e-05,yp+yl-y0-ypl,ae9fe000d481b81bbb5ef98718aaa550784ff67131a466d21993e95b41f14e9f
2773,242,factor_xa_05,N=C(N)NCCC[C@@H](NC(=O)CN1CCN(S(=O)(=O)Cc2ccccc2)CC1=O)C(=O)c1nccs1,NC(=N)NCCC[C@@H](NC(=O)CN1CCN(CC1=O)S(=O)(=O)Cc1ccccc1)C(=O)c1nccs1,1.886056648,0.0,1,10.1093/nar/gkv1072,w16_s4_sequence_mean:453-468,453,468,TKVTAFLKWIDRSMKT,r3_b1917,3,1917,"[9, 10, 29, 30]","[""C=O"", ""C=O""]",3.159226655960083,3.1429083347320557,3.1370627880096436,3.1194779872894287,0.016318321228027344,0.022163867950439453,0.0397486686706543,0.0012664794921875,yp+yl-y0-ypl,ae9fe000d481b81bbb5ef98718aaa550784ff67131a466d21993e95b41f14e9f
2773,242,factor_xa_05,N=C(N)NCCC[C@@H](NC(=O)CN1CCN(S(=O)(=O)Cc2ccccc2)CC1=O)C(=O)c1nccs1,NC(=N)NCCC[C@@H](NC(=O)CN1CCN(CC1=O)S(=O)(=O)Cc1ccccc1)C(=O)c1nccs1,1.886056648,0.0,1,10.1093/nar/gkv1072,w16_s4_sequence_mean:453-468,453,468,TKVTAFLKWIDRSMKT,r3_b80,3,80,"[4, 5, 6, 11, 19]","[""C"", ""C"", ""C"", ""C"", ""C""]",3.159226655960083,3.1429083347320557,3.129883050918579,3.1134045124053955,0.016318321228027344,0.029343605041503906,0.0458221435546875,0.00016021728515625,yp+yl-y0-ypl,ae9fe000d481b81bbb5ef98718aaa550784ff67131a466d21993e95b41f14e9f
2773,242,factor_xa_05,N=C(N)NCCC[C@@H](NC(=O)CN1CCN(S(=O)(=O)Cc2ccccc2)CC1=O)C(=O)c1nccs1,NC(=N)NCCC[C@@H](NC(=O)CN1CCN(CC1=O)S(=O)(=O)Cc1ccccc1)C(=O)c1nccs1,1.886056648,0.0,1,10.1093/nar/gkv1072,w16_s4_sequence_mean:453-468,453,468,TKVTAFLKWIDRSMKT,r3_b1947,3,1947,"[20, 21, 22, 23, 24, 25]","[""c1ccccc1""]",3.159226655960083,3.1429083347320557,3.102445363998413,3.0854604244232178,0.016318321228027344,0.05678129196166992,0.07376623153686523,0.0006666183471679688,yp+yl-y0-ypl,ae9fe000d481b81bbb5ef98718aaa550784ff67131a466d21993e95b41f14e9f
2773,242,factor_xa_05,N=C(N)NCCC[C@@H](NC(=O)CN1CCN(S(=O)(=O)Cc2ccccc2)CC1=O)C(=O)c1nccs1,NC(=N)NCCC[C@@H](NC(=O)CN1CCN(CC1=O)S(=O)(=O)Cc1ccccc1)C(=O)c1nccs1,1.886056648,0.0,1,10.1093/nar/gkv1072,w16_s4_sequence_mean:453-468,453,468,TKVTAFLKWIDRSMKT,r2_b1567,2,1567,"[31, 34, 35]","[""csc""]",3.159226655960083,3.1429083347320557,3.1472504138946533,3.1306636333465576,0.016318321228027344,0.011976242065429688,0.02856302261352539,0.0002684593200683594,yp+yl-y0-ypl,ae9fe000d481b81bbb5ef98718aaa550784ff67131a466d21993e95b41f14e9f
2773,242,factor_xa_05,N=C(N)NCCC[C@@H](NC(=O)CN1CCN(S(=O)(=O)Cc2ccccc2)CC1=O)C(=O)c1nccs1,NC(=N)NCCC[C@@H](NC(=O)CN1CCN(CC1=O)S(=O)(=O)Cc1ccccc1)C(=O)c1nccs1,1.886056648,0.0,1,10.1093/nar/gkv1072,w16_s4_sequence_mean:449-464,449,464,YGIYTKVTAFLKWIDR,r3_b1066,3,1066,"[19, 20, 21, 22, 23, 24, 25]","[""cccc(C)c"", ""cccc(C)c""]",3.159226655960083,3.1452739238739014,3.085465908050537,3.072144031524658,0.01395273208618164,0.0737607479095459,0.0870826244354248,-0.0006308555603027344,yp+yl-y0-ypl,ae9fe000d481b81bbb5ef98718aaa550784ff67131a466d21993e95b41f14e9f
2773,242,factor_xa_05,N=C(N)NCCC[C@@H](NC(=O)CN1CCN(S(=O)(=O)Cc2ccccc2)CC1=O)C(=O)c1nccs1,NC(=N)NCCC[C@@H](NC(=O)CN1CCN(CC1=O)S(=O)(=O)Cc1ccccc1)C(=O)c1nccs1,1.886056648,0.0,1,10.1093/nar/gkv1072,w16_s4_sequence_mean:449-464,449,464,YGIYTKVTAFLKWIDR,r3_b983,3,983,"[0, 1, 2, 3, 4, 5]","[""CCNC(=N)N""]",3.159226655960083,3.1452739238739014,3.1129510402679443,3.0987887382507324,0.01395273208618164,0.04627561569213867,0.060437917709350586,0.00020956993103027344,yp+yl-y0-ypl,ae9fe000d481b81bbb5ef98718aaa550784ff67131a466d21993e95b41f14e9f
2773,242,factor_xa_05,N=C(N)NCCC[C@@H](NC(=O)CN1CCN(S(=O)(=O)Cc2ccccc2)CC1=O)C(=O)c1nccs1,NC(=N)NCCC[C@@H](NC(=O)CN1CCN(CC1=O)S(=O)(=O)Cc1ccccc1)C(=O)c1nccs1,1.886056648,0.0,1,10.1093/nar/gkv1072,w16_s4_sequence_mean:449-464,449,464,YGIYTKVTAFLKWIDR,r2_b1066,2,1066,"[19, 20, 21, 22, 23, 24, 25]","[""cccc(C)c"", ""cccc(C)c""]",3.159226655960083,3.1452739238739014,3.1511008739471436,3.137010335922241,0.01395273208618164,0.008125782012939453,0.022216320037841797,0.00013780593872070312,yp+yl-y0-ypl,ae9fe000d481b81bbb5ef98718aaa550784ff67131a466d21993e95b41f14e9f
2773,242,factor_xa_05,N=C(N)NCCC[C@@H](NC(=O)CN1CCN(S(=O)(=O)Cc2ccccc2)CC1=O)C(=O)c1nccs1,NC(=N)NCCC[C@@H](NC(=O)CN1CCN(CC1=O)S(=O)(=O)Cc1ccccc1)C(=O)c1nccs1,1.886056648,0.0,1,10.1093/nar/gkv1072,w16_s4_sequence_mean:449-464,449,464,YGIYTKVTAFLKWIDR,r3_b632,3,632,"[11, 12, 13, 15, 26, 27, 28]","[""CN(C)C(=O)CN""]",3.159226655960083,3.1452739238739014,3.095881462097168,3.08174204826355,0.01395273208618164,0.06334519386291504,0.0774846076965332,0.00018668174743652344,yp+yl-y0-ypl,ae9fe000d481b81bbb5ef98718aaa550784ff67131a466d21993e95b41f14e9f
2773,242,factor_xa_05,N=C(N)NCCC[C@@H](NC(=O)CN1CCN(S(=O)(=O)Cc2ccccc2)CC1=O)C(=O)c1nccs1,NC(=N)NCCC[C@@H](NC(=O)CN1CCN(CC1=O)S(=O)(=O)Cc1ccccc1)C(=O)c1nccs1,1.886056648,0.0,1,10.1093/nar/gkv1072,w16_s4_sequence_mean:449-464,449,464,YGIYTKVTAFLKWIDR,r3_b5,3,5,"[16, 19, 20]","[""cCS""]",3.159226655960083,3.1452739238739014,3.0991036891937256,3.0850744247436523,0.01395273208618164,0.06012296676635742,0.07415223121643066,7.653236389160156e-05,yp+yl-y0-ypl,ae9fe000d481b81bbb5ef98718aaa550784ff67131a466d21993e95b41f14e9f
2773,242,factor_xa_05,N=C(N)NCCC[C@@H](NC(=O)CN1CCN(S(=O)(=O)Cc2ccccc2)CC1=O)C(=O)c1nccs1,NC(=N)NCCC[C@@H](NC(=O)CN1CCN(CC1=O)S(=O)(=O)Cc1ccccc1)C(=O)c1nccs1,1.886056648,0.0,1,10.1093/nar/gkv1072,w16_s4_sequence_mean:449-464,449,464,YGIYTKVTAFLKWIDR,r2_b295,2,295,"[11, 12, 13, 14, 15, 27]","[""CN(C)CCN""]",3.159226655960083,3.1452739238739014,3.1535675525665283,3.1395294666290283,0.01395273208618164,0.0056591033935546875,0.019697189331054688,8.535385131835938e-05,yp+yl-y0-ypl,ae9fe000d481b81bbb5ef98718aaa550784ff67131a466d21993e95b41f14e9f
2773,242,factor_xa_05,N=C(N)NCCC[C@@H](NC(=O)CN1CCN(S(=O)(=O)Cc2ccccc2)CC1=O)C(=O)c1nccs1,NC(=N)NCCC[C@@H](NC(=O)CN1CCN(CC1=O)S(=O)(=O)Cc1ccccc1)C(=O)c1nccs1,1.886056648,0.0,1,10.1093/nar/gkv1072,w16_s4_sequence_mean:449-464,449,464,YGIYTKVTAFLKWIDR,r3_b1917,3,1917,"[9, 10, 29, 30]","[""C=O"", ""C=O""]",3.159226655960083,3.1452739238739014,3.1370627880096436,3.1220266819000244,0.01395273208618164,0.022163867950439453,0.037199974060058594,0.0010833740234375,yp+yl-y0-ypl,ae9fe000d481b81bbb5ef98718aaa550784ff67131a466d21993e95b41f14e9f
2773,242,factor_xa_05,N=C(N)NCCC[C@@H](NC(=O)CN1CCN(S(=O)(=O)Cc2ccccc2)CC1=O)C(=O)c1nccs1,NC(=N)NCCC[C@@H](NC(=O)CN1CCN(CC1=O)S(=O)(=O)Cc1ccccc1)C(=O)c1nccs1,1.886056648,0.0,1,10.1093/nar/gkv1072,w16_s4_sequence_mean:449-464,449,464,YGIYTKVTAFLKWIDR,r3_b80,3,80,"[4, 5, 6, 11, 19]","[""C"", ""C"", ""C"", ""C"", ""C""]",3.159226655960083,3.1452739238739014,3.129883050918579,3.1161155700683594,0.01395273208618164,0.029343605041503906,0.04311108589172363,-0.00018525123596191406,yp+yl-y0-ypl,ae9fe000d481b81bbb5ef98718aaa550784ff67131a466d21993e95b41f14e9f
2773,242,factor_xa_05,N=C(N)NCCC[C@@H](NC(=O)CN1CCN(S(=O)(=O)Cc2ccccc2)CC1=O)C(=O)c1nccs1,NC(=N)NCCC[C@@H](NC(=O)CN1CCN(CC1=O)S(=O)(=O)Cc1ccccc1)C(=O)c1nccs1,1.886056648,0.0,1,10.1093/nar/gkv1072,w16_s4_sequence_mean:449-464,449,464,YGIYTKVTAFLKWIDR,r3_b1947,3,1947,"[20, 21, 22, 23, 24, 25]","[""c1ccccc1""]",3.159226655960083,3.1452739238739014,3.102445363998413,3.088414430618286,0.01395273208618164,0.05678129196166992,0.07081222534179688,7.82012939453125e-05,yp+yl-y0-ypl,ae9fe000d481b81bbb5ef98718aaa550784ff67131a466d21993e95b41f14e9f
2773,242,factor_xa_05,N=C(N)NCCC[C@@H](NC(=O)CN1CCN(S(=O)(=O)Cc2ccccc2)CC1=O)C(=O)c1nccs1,NC(=N)NCCC[C@@H](NC(=O)CN1CCN(CC1=O)S(=O)(=O)Cc1ccccc1)C(=O)c1nccs1,1.886056648,0.0,1,10.1093/nar/gkv1072,w16_s4_sequence_mean:449-464,449,464,YGIYTKVTAFLKWIDR,r2_b1567,2,1567,"[31, 34, 35]","[""csc""]",3.159226655960083,3.1452739238739014,3.1472504138946533,3.1331589221954346,0.01395273208618164,0.011976242065429688,0.026067733764648438,0.00013875961303710938,yp+yl-y0-ypl,ae9fe000d481b81bbb5ef98718aaa550784ff67131a466d21993e95b41f14e9f
2773,242,factor_xa_05,N=C(N)NCCC[C@@H](NC(=O)CN1CCN(S(=O)(=O)Cc2ccccc2)CC1=O)C(=O)c1nccs1,NC(=N)NCCC[C@@H](NC(=O)CN1CCN(CC1=O)S(=O)(=O)Cc1ccccc1)C(=O)c1nccs1,1.886056648,0.0,1,10.1093/nar/gkv1072,w16_s4_sequence_mean:273-288,273,288,TAAHCLYQAKRFKVRV,r3_b1066,3,1066,"[19, 20, 21, 22, 23, 24, 25]","[""cccc(C)c"", ""cccc(C)c""]",3.159226655960083,3.1489663124084473,3.085465908050537,3.075425148010254,0.010260343551635742,0.0737607479095459,0.0838015079498291,-0.00021958351135253906,yp+yl-y0-ypl,ae9fe000d481b81bbb5ef98718aaa550784ff67131a466d21993e95b41f14e9f
2773,242,factor_xa_05,N=C(N)NCCC[C@@H](NC(=O)CN1CCN(S(=O)(=O)Cc2ccccc2)CC1=O)C(=O)c1nccs1,NC(=N)NCCC[C@@H](NC(=O)CN1CCN(CC1=O)S(=O)(=O)Cc1ccccc1)C(=O)c1nccs1,1.886056648,0.0,1,10.1093/nar/gkv1072,w16_s4_sequence_mean:273-288,273,288,TAAHCLYQAKRFKVRV,r3_b983,3,983,"[0, 1, 2, 3, 4, 5]","[""CCNC(=N)N""]",3.159226655960083,3.1489663124084473,3.1129510402679443,3.103214740753174,0.010260343551635742,0.04627561569213867,0.05601191520690918,-0.0005240440368652344,yp+yl-y0-ypl,ae9fe000d481b81bbb5ef98718aaa550784ff67131a466d21993e95b41f14e9f
2773,242,factor_xa_05,N=C(N)NCCC[C@@H](NC(=O)CN1CCN(S(=O)(=O)Cc2ccccc2)CC1=O)C(=O)c1nccs1,NC(=N)NCCC[C@@H](NC(=O)CN1CCN(CC1=O)S(=O)(=O)Cc1ccccc1)C(=O)c1nccs1,1.886056648,0.0,1,10.1093/nar/gkv1072,w16_s4_sequence_mean:273-288,273,288,TAAHCLYQAKRFKVRV,r2_b1066,2,1066,"[19, 20, 21, 22, 23, 24, 25]","[""cccc(C)c"", ""cccc(C)c""]",3.159226655960083,3.1489663124084473,3.1511008739471436,3.140751600265503,0.010260343551635742,0.008125782012939453,0.018475055694580078,8.893013000488281e-05,yp+yl-y0-ypl,ae9fe000d481b81bbb5ef98718aaa550784ff67131a466d21993e95b41f14e9f
2773,242,factor_xa_05,N=C(N)NCCC[C@@H](NC(=O)CN1CCN(S(=O)(=O)Cc2ccccc2)CC1=O)C(=O)c1nccs1,NC(=N)NCCC[C@@H](NC(=O)CN1CCN(CC1=O)S(=O)(=O)Cc1ccccc1)C(=O)c1nccs1,1.886056648,0.0,1,10.1093/nar/gkv1072,w16_s4_sequence_mean:273-288,273,288,TAAHCLYQAKRFKVRV,r3_b632,3,632,"[11, 12, 13, 15, 26, 27, 28]","[""CN(C)C(=O)CN""]",3.159226655960083,3.1489663124084473,3.095881462097168,3.0857884883880615,0.010260343551635742,0.06334519386291504,0.07343816757202148,-0.00016736984252929688,yp+yl-y0-ypl,ae9fe000d481b81bbb5ef98718aaa550784ff67131a466d21993e95b41f14e9f
2773,242,factor_xa_05,N=C(N)NCCC[C@@H](NC(=O)CN1CCN(S(=O)(=O)Cc2ccccc2)CC1=O)C(=O)c1nccs1,NC(=N)NCCC[C@@H](NC(=O)CN1CCN(CC1=O)S(=O)(=O)Cc1ccccc1)C(=O)c1nccs1,1.886056648,0.0,1,10.1093/nar/gkv1072,w16_s4_sequence_mean:273-288,273,288,TAAHCLYQAKRFKVRV,r3_b5,3,5,"[16, 19, 20]","[""cCS""]",3.159226655960083,3.1489663124084473,3.0991036891937256,3.088726758956909,0.010260343551635742,0.06012296676635742,0.07049989700317383,0.00011658668518066406,yp+yl-y0-ypl,ae9fe000d481b81bbb5ef98718aaa550784ff67131a466d21993e95b41f14e9f
2773,242,factor_xa_05,N=C(N)NCCC[C@@H](NC(=O)CN1CCN(S(=O)(=O)Cc2ccccc2)CC1=O)C(=O)c1nccs1,NC(=N)NCCC[C@@H](NC(=O)CN1CCN(CC1=O)S(=O)(=O)Cc1ccccc1)C(=O)c1nccs1,1.886056648,0.0,1,10.1093/nar/gkv1072,w16_s4_sequence_mean:273-288,273,288,TAAHCLYQAKRFKVRV,r2_b295,2,295,"[11, 12, 13, 14, 15, 27]","[""CN(C)CCN""]",3.159226655960083,3.1489663124084473,3.1535675525665283,3.1434428691864014,0.010260343551635742,0.0056591033935546875,0.01578378677368164,-0.00013566017150878906,yp+yl-y0-ypl,ae9fe000d481b81bbb5ef98718aaa550784ff67131a466d21993e95b41f14e9f
2773,242,factor_xa_05,N=C(N)NCCC[C@@H](NC(=O)CN1CCN(S(=O)(=O)Cc2ccccc2)CC1=O)C(=O)c1nccs1,NC(=N)NCCC[C@@H](NC(=O)CN1CCN(CC1=O)S(=O)(=O)Cc1ccccc1)C(=O)c1nccs1,1.886056648,0.0,1,10.1093/nar/gkv1072,w16_s4_sequence_mean:273-288,273,288,TAAHCLYQAKRFKVRV,r3_b1917,3,1917,"[9, 10, 29, 30]","[""C=O"", ""C=O""]",3.159226655960083,3.1489663124084473,3.1370627880096436,3.1268739700317383,0.010260343551635742,0.022163867950439453,0.03235268592834473,-7.152557373046875e-05,yp+yl-y0-ypl,ae9fe000d481b81bbb5ef98718aaa550784ff67131a466d21993e95b41f14e9f
2773,242,factor_xa_05,N=C(N)NCCC[C@@H](NC(=O)CN1CCN(S(=O)(=O)Cc2ccccc2)CC1=O)C(=O)c1nccs1,NC(=N)NCCC[C@@H](NC(=O)CN1CCN(CC1=O)S(=O)(=O)Cc1ccccc1)C(=O)c1nccs1,1.886056648,0.0,1,10.1093/nar/gkv1072,w16_s4_sequence_mean:273-288,273,288,TAAHCLYQAKRFKVRV,r3_b80,3,80,"[4, 5, 6, 11, 19]","[""C"", ""C"", ""C"", ""C"", ""C""]",3.159226655960083,3.1489663124084473,3.129883050918579,3.119847536087036,0.010260343551635742,0.029343605041503906,0.039379119873046875,-0.00022482872009277344,yp+yl-y0-ypl,ae9fe000d481b81bbb5ef98718aaa550784ff67131a466d21993e95b41f14e9f
2773,242,factor_xa_05,N=C(N)NCCC[C@@H](NC(=O)CN1CCN(S(=O)(=O)Cc2ccccc2)CC1=O)C(=O)c1nccs1,NC(=N)NCCC[C@@H](NC(=O)CN1CCN(CC1=O)S(=O)(=O)Cc1ccccc1)C(=O)c1nccs1,1.886056648,0.0,1,10.1093/nar/gkv1072,w16_s4_sequence_mean:273-288,273,288,TAAHCLYQAKRFKVRV,r3_b1947,3,1947,"[20, 21, 22, 23, 24, 25]","[""c1ccccc1""]",3.159226655960083,3.1489663124084473,3.102445363998413,3.0916903018951416,0.010260343551635742,0.05678129196166992,0.0675363540649414,0.0004947185516357422,yp+yl-y0-ypl,ae9fe000d481b81bbb5ef98718aaa550784ff67131a466d21993e95b41f14e9f
2773,242,factor_xa_05,N=C(N)NCCC[C@@H](NC(=O)CN1CCN(S(=O)(=O)Cc2ccccc2)CC1=O)C(=O)c1nccs1,NC(=N)NCCC[C@@H](NC(=O)CN1CCN(CC1=O)S(=O)(=O)Cc1ccccc1)C(=O)c1nccs1,1.886056648,0.0,1,10.1093/nar/gkv1072,w16_s4_sequence_mean:273-288,273,288,TAAHCLYQAKRFKVRV,r2_b1567,2,1567,"[31, 34, 35]","[""csc""]",3.159226655960083,3.1489663124084473,3.1472504138946533,3.1369004249572754,0.010260343551635742,0.011976242065429688,0.022326231002807617,8.96453857421875e-05,yp+yl-y0-ypl,ae9fe000d481b81bbb5ef98718aaa550784ff67131a466d21993e95b41f14e9f
2773,242,factor_xa_05,N=C(N)NCCC[C@@H](NC(=O)CN1CCN(S(=O)(=O)Cc2ccccc2)CC1=O)C(=O)c1nccs1,NC(=N)NCCC[C@@H](NC(=O)CN1CCN(CC1=O)S(=O)(=O)Cc1ccccc1)C(=O)c1nccs1,1.886056648,0.0,1,10.1093/nar/gkv1072,w16_s4_sequence_mean:269-284,269,284,FYILTAAHCLYQAKRF,r3_b1066,3,1066,"[19, 20, 21, 22, 23, 24, 25]","[""cccc(C)c"", ""cccc(C)c""]",3.159226655960083,3.149512529373169,3.085465908050537,3.0759196281433105,0.009714126586914062,0.0737607479095459,0.08330702781677246,-0.0001678466796875,yp+yl-y0-ypl,ae9fe000d481b81bbb5ef98718aaa550784ff67131a466d21993e95b41f14e9f
2773,242,factor_xa_05,N=C(N)NCCC[C@@H](NC(=O)CN1CCN(S(=O)(=O)Cc2ccccc2)CC1=O)C(=O)c1nccs1,NC(=N)NCCC[C@@H](NC(=O)CN1CCN(CC1=O)S(=O)(=O)Cc1ccccc1)C(=O)c1nccs1,1.886056648,0.0,1,10.1093/nar/gkv1072,w16_s4_sequence_mean:269-284,269,284,FYILTAAHCLYQAKRF,r3_b983,3,983,"[0, 1, 2, 3, 4, 5]","[""CCNC(=N)N""]",3.159226655960083,3.149512529373169,3.1129510402679443,3.1036593914031982,0.009714126586914062,0.04627561569213867,0.055567264556884766,-0.00042247772216796875,yp+yl-y0-ypl,ae9fe000d481b81bbb5ef98718aaa550784ff67131a466d21993e95b41f14e9f
2773,242,factor_xa_05,N=C(N)NCCC[C@@H](NC(=O)CN1CCN(S(=O)(=O)Cc2ccccc2)CC1=O)C(=O)c1nccs1,NC(=N)NCCC[C@@H](NC(=O)CN1CCN(CC1=O)S(=O)(=O)Cc1ccccc1)C(=O)c1nccs1,1.886056648,0.0,1,10.1093/nar/gkv1072,w16_s4_sequence_mean:269-284,269,284,FYILTAAHCLYQAKRF,r2_b1066,2,1066,"[19, 20, 21, 22, 23, 24, 25]","[""cccc(C)c"", ""cccc(C)c""]",3.159226655960083,3.149512529373169,3.1511008739471436,3.141263008117676,0.009714126586914062,0.008125782012939453,0.017963647842407227,0.00012373924255371094,yp+yl-y0-ypl,ae9fe000d481b81bbb5ef98718aaa550784ff67131a466d21993e95b41f14e9f
2773,242,factor_xa_05,N=C(N)NCCC[C@@H](NC(=O)CN1CCN(S(=O)(=O)Cc2ccccc2)CC1=O)C(=O)c1nccs1,NC(=N)NCCC[C@@H](NC(=O)CN1CCN(CC1=O)S(=O)(=O)Cc1ccccc1)C(=O)c1nccs1,1.886056648,0.0,1,10.1093/nar/gkv1072,w16_s4_sequence_mean:269-284,269,284,FYILTAAHCLYQAKRF,r3_b632,3,632,"[11, 12, 13, 15, 26, 27, 28]","[""CN(C)C(=O)CN""]",3.159226655960083,3.149512529373169,3.095881462097168,3.086341142654419,0.009714126586914062,0.06334519386291504,0.07288551330566406,-0.00017380714416503906,yp+yl-y0-ypl,ae9fe000d481b81bbb5ef98718aaa550784ff67131a466d21993e95b41f14e9f
2773,242,factor_xa_05,N=C(N)NCCC[C@@H](NC(=O)CN1CCN(S(=O)(=O)Cc2ccccc2)CC1=O)C(=O)c1nccs1,NC(=N)NCCC[C@@H](NC(=O)CN1CCN(CC1=O)S(=O)(=O)Cc1ccccc1)C(=O)c1nccs1,1.886056648,0.0,1,10.1093/nar/gkv1072,w16_s4_sequence_mean:269-284,269,284,FYILTAAHCLYQAKRF,r3_b5,3,5,"[16, 19, 20]","[""cCS""]",3.159226655960083,3.149512529373169,3.0991036891937256,3.0896127223968506,0.009714126586914062,0.06012296676635742,0.06961393356323242,-0.0002231597900390625,yp+yl-y0-ypl,ae9fe000d481b81bbb5ef98718aaa550784ff67131a466d21993e95b41f14e9f
2773,242,factor_xa_05,N=C(N)NCCC[C@@H](NC(=O)CN1CCN(S(=O)(=O)Cc2ccccc2)CC1=O)C(=O)c1nccs1,NC(=N)NCCC[C@@H](NC(=O)CN1CCN(CC1=O)S(=O)(=O)Cc1ccccc1)C(=O)c1nccs1,1.886056648,0.0,1,10.1093/nar/gkv1072,w16_s4_sequence_mean:269-284,269,284,FYILTAAHCLYQAKRF,r2_b295,2,295,"[11, 12, 13, 14, 15, 27]","[""CN(C)CCN""]",3.159226655960083,3.149512529373169,3.1535675525665283,3.143993854522705,0.009714126586914062,0.0056591033935546875,0.01523280143737793,-0.0001404285430908203,yp+yl-y0-ypl,ae9fe000d481b81bbb5ef98718aaa550784ff67131a466d21993e95b41f14e9f
2773,242,factor_xa_05,N=C(N)NCCC[C@@H](NC(=O)CN1CCN(S(=O)(=O)Cc2ccccc2)CC1=O)C(=O)c1nccs1,NC(=N)NCCC[C@@H](NC(=O)CN1CCN(CC1=O)S(=O)(=O)Cc1ccccc1)C(=O)c1nccs1,1.886056648,0.0,1,10.1093/nar/gkv1072,w16_s4_sequence_mean:269-284,269,284,FYILTAAHCLYQAKRF,r3_b1917,3,1917,"[9, 10, 29, 30]","[""C=O"", ""C=O""]",3.159226655960083,3.149512529373169,3.1370627880096436,3.1273701190948486,0.009714126586914062,0.022163867950439453,0.031856536865234375,-2.1457672119140625e-05,yp+yl-y0-ypl,ae9fe000d481b81bbb5ef98718aaa550784ff67131a466d21993e95b41f14e9f
2773,242,factor_xa_05,N=C(N)NCCC[C@@H](NC(=O)CN1CCN(S(=O)(=O)Cc2ccccc2)CC1=O)C(=O)c1nccs1,NC(=N)NCCC[C@@H](NC(=O)CN1CCN(CC1=O)S(=O)(=O)Cc1ccccc1)C(=O)c1nccs1,1.886056648,0.0,1,10.1093/nar/gkv1072,w16_s4_sequence_mean:269-284,269,284,FYILTAAHCLYQAKRF,r3_b80,3,80,"[4, 5, 6, 11, 19]","[""C"", ""C"", ""C"", ""C"", ""C""]",3.159226655960083,3.149512529373169,3.129883050918579,3.120978832244873,0.009714126586914062,0.029343605041503906,0.03824782371520996,-0.0008099079132080078,yp+yl-y0-ypl,ae9fe000d481b81bbb5ef98718aaa550784ff67131a466d21993e95b41f14e9f
2773,242,factor_xa_05,N=C(N)NCCC[C@@H](NC(=O)CN1CCN(S(=O)(=O)Cc2ccccc2)CC1=O)C(=O)c1nccs1,NC(=N)NCCC[C@@H](NC(=O)CN1CCN(CC1=O)S(=O)(=O)Cc1ccccc1)C(=O)c1nccs1,1.886056648,0.0,1,10.1093/nar/gkv1072,w16_s4_sequence_mean:269-284,269,284,FYILTAAHCLYQAKRF,r3_b1947,3,1947,"[20, 21, 22, 23, 24, 25]","[""c1ccccc1""]",3.159226655960083,3.149512529373169,3.102445363998413,3.0924267768859863,0.009714126586914062,0.05678129196166992,0.06679987907409668,0.0003044605255126953,yp+yl-y0-ypl,ae9fe000d481b81bbb5ef98718aaa550784ff67131a466d21993e95b41f14e9f
2773,242,factor_xa_05,N=C(N)NCCC[C@@H](NC(=O)CN1CCN(S(=O)(=O)Cc2ccccc2)CC1=O)C(=O)c1nccs1,NC(=N)NCCC[C@@H](NC(=O)CN1CCN(CC1=O)S(=O)(=O)Cc1ccccc1)C(=O)c1nccs1,1.886056648,0.0,1,10.1093/nar/gkv1072,w16_s4_sequence_mean:269-284,269,284,FYILTAAHCLYQAKRF,r2_b1567,2,1567,"[31, 34, 35]","[""csc""]",3.159226655960083,3.149512529373169,3.1472504138946533,3.1374576091766357,0.009714126586914062,0.011976242065429688,0.021769046783447266,7.867813110351562e-05,yp+yl-y0-ypl,ae9fe000d481b81bbb5ef98718aaa550784ff67131a466d21993e95b41f14e9f
2773,242,factor_xa_05,N=C(N)NCCC[C@@H](NC(=O)CN1CCN(S(=O)(=O)Cc2ccccc2)CC1=O)C(=O)c1nccs1,NC(=N)NCCC[C@@H](NC(=O)CN1CCN(CC1=O)S(=O)(=O)Cc1ccccc1)C(=O)c1nccs1,1.886056648,0.0,1,10.1093/nar/gkv1072,w16_s4_sequence_mean:457-472,457,472,AFLKWIDRSMKTRGLP,r3_b1066,3,1066,"[19, 20, 21, 22, 23, 24, 25]","[""cccc(C)c"", ""cccc(C)c""]",3.159226655960083,3.146014451980591,3.085465908050537,3.072312593460083,0.013212203979492188,0.0737607479095459,0.0869140625,-5.888938903808594e-05,yp+yl-y0-ypl,ae9fe000d481b81bbb5ef98718aaa550784ff67131a466d21993e95b41f14e9f
2773,242,factor_xa_05,N=C(N)NCCC[C@@H](NC(=O)CN1CCN(S(=O)(=O)Cc2ccccc2)CC1=O)C(=O)c1nccs1,NC(=N)NCCC[C@@H](NC(=O)CN1CCN(CC1=O)S(=O)(=O)Cc1ccccc1)C(=O)c1nccs1,1.886056648,0.0,1,10.1093/nar/gkv1072,w16_s4_sequence_mean:457-472,457,472,AFLKWIDRSMKTRGLP,r3_b983,3,983,"[0, 1, 2, 3, 4, 5]","[""CCNC(=N)N""]",3.159226655960083,3.146014451980591,3.1129510402679443,3.0992562770843506,0.013212203979492188,0.04627561569213867,0.05997037887573242,0.0004825592041015625,yp+yl-y0-ypl,ae9fe000d481b81bbb5ef98718aaa550784ff67131a466d21993e95b41f14e9f
2773,242,factor_xa_05,N=C(N)NCCC[C@@H](NC(=O)CN1CCN(S(=O)(=O)Cc2ccccc2)CC1=O)C(=O)c1nccs1,NC(=N)NCCC[C@@H](NC(=O)CN1CCN(CC1=O)S(=O)(=O)Cc1ccccc1)C(=O)c1nccs1,1.886056648,0.0,1,10.1093/nar/gkv1072,w16_s4_sequence_mean:457-472,457,472,AFLKWIDRSMKTRGLP,r2_b1066,2,1066,"[19, 20, 21, 22, 23, 24, 25]","[""cccc(C)c"", ""cccc(C)c""]",3.159226655960083,3.146014451980591,3.1511008739471436,3.1377549171447754,0.013212203979492188,0.008125782012939453,0.021471738815307617,0.00013375282287597656,yp+yl-y0-ypl,ae9fe000d481b81bbb5ef98718aaa550784ff67131a466d21993e95b41f14e9f
2773,242,factor_xa_05,N=C(N)NCCC[C@@H](NC(=O)CN1CCN(S(=O)(=O)Cc2ccccc2)CC1=O)C(=O)c1nccs1,NC(=N)NCCC[C@@H](NC(=O)CN1CCN(CC1=O)S(=O)(=O)Cc1ccccc1)C(=O)c1nccs1,1.886056648,0.0,1,10.1093/nar/gkv1072,w16_s4_sequence_mean:457-472,457,472,AFLKWIDRSMKTRGLP,r3_b632,3,632,"[11, 12, 13, 15, 26, 27, 28]","[""CN(C)C(=O)CN""]",3.159226655960083,3.146014451980591,3.095881462097168,3.0810134410858154,0.013212203979492188,0.06334519386291504,0.07821321487426758,0.0016558170318603516,yp+yl-y0-ypl,ae9fe000d481b81bbb5ef98718aaa550784ff67131a466d21993e95b41f14e9f
2773,242,factor_xa_05,N=C(N)NCCC[C@@H](NC(=O)CN1CCN(S(=O)(=O)Cc2ccccc2)CC1=O)C(=O)c1nccs1,NC(=N)NCCC[C@@H](NC(=O)CN1CCN(CC1=O)S(=O)(=O)Cc1ccccc1)C(=O)c1nccs1,1.886056648,0.0,1,10.1093/nar/gkv1072,w16_s4_sequence_mean:457-472,457,472,AFLKWIDRSMKTRGLP,r3_b5,3,5,"[16, 19, 20]","[""cCS""]",3.159226655960083,3.146014451980591,3.0991036891937256,3.0844714641571045,0.013212203979492188,0.06012296676635742,0.07475519180297852,0.0014200210571289062,yp+yl-y0-ypl,ae9fe000d481b81bbb5ef98718aaa550784ff67131a466d21993e95b41f14e9f
2773,242,factor_xa_05,N=C(N)NCCC[C@@H](NC(=O)CN1CCN(S(=O)(=O)Cc2ccccc2)CC1=O)C(=O)c1nccs1,NC(=N)NCCC[C@@H](NC(=O)CN1CCN(CC1=O)S(=O)(=O)Cc1ccccc1)C(=O)c1nccs1,1.886056648,0.0,1,10.1093/nar/gkv1072,w16_s4_sequence_mean:457-472,457,472,AFLKWIDRSMKTRGLP,r2_b295,2,295,"[11, 12, 13, 14, 15, 27]","[""CN(C)CCN""]",3.159226655960083,3.146014451980591,3.1535675525665283,3.14026141166687,0.013212203979492188,0.0056591033935546875,0.01896524429321289,9.393692016601562e-05,yp+yl-y0-ypl,ae9fe000d481b81bbb5ef98718aaa550784ff67131a466d21993e95b41f14e9f
2773,242,factor_xa_05,N=C(N)NCCC[C@@H](NC(=O)CN1CCN(S(=O)(=O)Cc2ccccc2)CC1=O)C(=O)c1nccs1,NC(=N)NCCC[C@@H](NC(=O)CN1CCN(CC1=O)S(=O)(=O)Cc1ccccc1)C(=O)c1nccs1,1.886056648,0.0,1,10.1093/nar/gkv1072,w16_s4_sequence_mean:457-472,457,472,AFLKWIDRSMKTRGLP,r3_b1917,3,1917,"[9, 10, 29, 30]","[""C=O"", ""C=O""]",3.159226655960083,3.146014451980591,3.1370627880096436,3.1224188804626465,0.013212203979492188,0.022163867950439453,0.03680777549743652,0.0014317035675048828,yp+yl-y0-ypl,ae9fe000d481b81bbb5ef98718aaa550784ff67131a466d21993e95b41f14e9f
2773,242,factor_xa_05,N=C(N)NCCC[C@@H](NC(=O)CN1CCN(S(=O)(=O)Cc2ccccc2)CC1=O)C(=O)c1nccs1,NC(=N)NCCC[C@@H](NC(=O)CN1CCN(CC1=O)S(=O)(=O)Cc1ccccc1)C(=O)c1nccs1,1.886056648,0.0,1,10.1093/nar/gkv1072,w16_s4_sequence_mean:457-472,457,472,AFLKWIDRSMKTRGLP,r3_b80,3,80,"[4, 5, 6, 11, 19]","[""C"", ""C"", ""C"", ""C"", ""C""]",3.159226655960083,3.146014451980591,3.129883050918579,3.116360664367676,0.013212203979492188,0.029343605041503906,0.04286599159240723,0.0003101825714111328,yp+yl-y0-ypl,ae9fe000d481b81bbb5ef98718aaa550784ff67131a466d21993e95b41f14e9f
2773,242,factor_xa_05,N=C(N)NCCC[C@@H](NC(=O)CN1CCN(S(=O)(=O)Cc2ccccc2)CC1=O)C(=O)c1nccs1,NC(=N)NCCC[C@@H](NC(=O)CN1CCN(CC1=O)S(=O)(=O)Cc1ccccc1)C(=O)c1nccs1,1.886056648,0.0,1,10.1093/nar/gkv1072,w16_s4_sequence_mean:457-472,457,472,AFLKWIDRSMKTRGLP,r3_b1947,3,1947,"[20, 21, 22, 23, 24, 25]","[""c1ccccc1""]",3.159226655960083,3.146014451980591,3.102445363998413,3.0884737968444824,0.013212203979492188,0.05678129196166992,0.07075285911560059,0.0007593631744384766,yp+yl-y0-ypl,ae9fe000d481b81bbb5ef98718aaa550784ff67131a466d21993e95b41f14e9f
2773,242,factor_xa_05,N=C(N)NCCC[C@@H](NC(=O)CN1CCN(S(=O)(=O)Cc2ccccc2)CC1=O)C(=O)c1nccs1,NC(=N)NCCC[C@@H](NC(=O)CN1CCN(CC1=O)S(=O)(=O)Cc1ccccc1)C(=O)c1nccs1,1.886056648,0.0,1,10.1093/nar/gkv1072,w16_s4_sequence_mean:457-472,457,472,AFLKWIDRSMKTRGLP,r2_b1567,2,1567,"[31, 34, 35]","[""csc""]",3.159226655960083,3.146014451980591,3.1472504138946533,3.1337504386901855,0.013212203979492188,0.011976242065429688,0.02547621726989746,0.00028777122497558594,yp+yl-y0-ypl,ae9fe000d481b81bbb5ef98718aaa550784ff67131a466d21993e95b41f14e9f
2773,242,factor_xa_05,N=C(N)NCCC[C@@H](NC(=O)CN1CCN(S(=O)(=O)Cc2ccccc2)CC1=O)C(=O)c1nccs1,NC(=N)NCCC[C@@H](NC(=O)CN1CCN(CC1=O)S(=O)(=O)Cc1ccccc1)C(=O)c1nccs1,1.886056648,0.0,1,10.1093/nar/gkv1072,w16_s4_sequence_mean:461-476,461,476,WIDRSMKTRGLPKAKS,r3_b1066,3,1066,"[19, 20, 21, 22, 23, 24, 25]","[""cccc(C)c"", ""cccc(C)c""]",3.159226655960083,3.1421263217926025,3.085465908050537,3.0683372020721436,0.01710033416748047,0.0737607479095459,0.09088945388793945,2.8371810913085938e-05,yp+yl-y0-ypl,ae9fe000d481b81bbb5ef98718aaa550784ff67131a466d21993e95b41f14e9f
2773,242,factor_xa_05,N=C(N)NCCC[C@@H](NC(=O)CN1CCN(S(=O)(=O)Cc2ccccc2)CC1=O)C(=O)c1nccs1,NC(=N)NCCC[C@@H](NC(=O)CN1CCN(CC1=O)S(=O)(=O)Cc1ccccc1)C(=O)c1nccs1,1.886056648,0.0,1,10.1093/nar/gkv1072,w16_s4_sequence_mean:461-476,461,476,WIDRSMKTRGLPKAKS,r3_b983,3,983,"[0, 1, 2, 3, 4, 5]","[""CCNC(=N)N""]",3.159226655960083,3.1421263217926025,3.1129510402679443,3.0953495502471924,0.01710033416748047,0.04627561569213867,0.06387710571289062,0.0005011558532714844,yp+yl-y0-ypl,ae9fe000d481b81bbb5ef98718aaa550784ff67131a466d21993e95b41f14e9f
2773,242,factor_xa_05,N=C(N)NCCC[C@@H](NC(=O)CN1CCN(S(=O)(=O)Cc2ccccc2)CC1=O)C(=O)c1nccs1,NC(=N)NCCC[C@@H](NC(=O)CN1CCN(CC1=O)S(=O)(=O)Cc1ccccc1)C(=O)c1nccs1,1.886056648,0.0,1,10.1093/nar/gkv1072,w16_s4_sequence_mean:461-476,461,476,WIDRSMKTRGLPKAKS,r2_b1066,2,1066,"[19, 20, 21, 22, 23, 24, 25]","[""cccc(C)c"", ""cccc(C)c""]",3.159226655960083,3.1421263217926025,3.1511008739471436,3.133922815322876,0.01710033416748047,0.008125782012939453,0.02530384063720703,7.772445678710938e-05,yp+yl-y0-ypl,ae9fe000d481b81bbb5ef98718aaa550784ff67131a466d21993e95b41f14e9f
2773,242,factor_xa_05,N=C(N)NCCC[C@@H](NC(=O)CN1CCN(S(=O)(=O)Cc2ccccc2)CC1=O)C(=O)c1nccs1,NC(=N)NCCC[C@@H](NC(=O)CN1CCN(CC1=O)S(=O)(=O)Cc1ccccc1)C(=O)c1nccs1,1.886056648,0.0,1,10.1093/nar/gkv1072,w16_s4_sequence_mean:461-476,461,476,WIDRSMKTRGLPKAKS,r3_b632,3,632,"[11, 12, 13, 15, 26, 27, 28]","[""CN(C)C(=O)CN""]",3.159226655960083,3.1421263217926025,3.095881462097168,3.0768418312072754,0.01710033416748047,0.06334519386291504,0.08238482475280762,0.0019392967224121094,yp+yl-y0-ypl,ae9fe000d481b81bbb5ef98718aaa550784ff67131a466d21993e95b41f14e9f
2773,242,factor_xa_05,N=C(N)NCCC[C@@H](NC(=O)CN1CCN(S(=O)(=O)Cc2ccccc2)CC1=O)C(=O)c1nccs1,NC(=N)NCCC[C@@H](NC(=O)CN1CCN(CC1=O)S(=O)(=O)Cc1ccccc1)C(=O)c1nccs1,1.886056648,0.0,1,10.1093/nar/gkv1072,w16_s4_sequence_mean:461-476,461,476,WIDRSMKTRGLPKAKS,r3_b5,3,5,"[16, 19, 20]","[""cCS""]",3.159226655960083,3.1421263217926025,3.0991036891937256,3.080190896987915,0.01710033416748047,0.06012296676635742,0.07903575897216797,0.0018124580383300781,yp+yl-y0-ypl,ae9fe000d481b81bbb5ef98718aaa550784ff67131a466d21993e95b41f14e9f
2773,242,factor_xa_05,N=C(N)NCCC[C@@H](NC(=O)CN1CCN(S(=O)(=O)Cc2ccccc2)CC1=O)C(=O)c1nccs1,NC(=N)NCCC[C@@H](NC(=O)CN1CCN(CC1=O)S(=O)(=O)Cc1ccccc1)C(=O)c1nccs1,1.886056648,0.0,1,10.1093/nar/gkv1072,w16_s4_sequence_mean:461-476,461,476,WIDRSMKTRGLPKAKS,r2_b295,2,295,"[11, 12, 13, 14, 15, 27]","[""CN(C)CCN""]",3.159226655960083,3.1421263217926025,3.1535675525665283,3.136406421661377,0.01710033416748047,0.0056591033935546875,0.022820234298706055,6.079673767089844e-05,yp+yl-y0-ypl,ae9fe000d481b81bbb5ef98718aaa550784ff67131a466d21993e95b41f14e9f
2773,242,factor_xa_05,N=C(N)NCCC[C@@H](NC(=O)CN1CCN(S(=O)(=O)Cc2ccccc2)CC1=O)C(=O)c1nccs1,NC(=N)NCCC[C@@H](NC(=O)CN1CCN(CC1=O)S(=O)(=O)Cc1ccccc1)C(=O)c1nccs1,1.886056648,0.0,1,10.1093/nar/gkv1072,w16_s4_sequence_mean:461-476,461,476,WIDRSMKTRGLPKAKS,r3_b1917,3,1917,"[9, 10, 29, 30]","[""C=O"", ""C=O""]",3.159226655960083,3.1421263217926025,3.1370627880096436,3.118387460708618,0.01710033416748047,0.022163867950439453,0.040839195251464844,0.0015749931335449219,yp+yl-y0-ypl,ae9fe000d481b81bbb5ef98718aaa550784ff67131a466d21993e95b41f14e9f
2773,242,factor_xa_05,N=C(N)NCCC[C@@H](NC(=O)CN1CCN(S(=O)(=O)Cc2ccccc2)CC1=O)C(=O)c1nccs1,NC(=N)NCCC[C@@H](NC(=O)CN1CCN(CC1=O)S(=O)(=O)Cc1ccccc1)C(=O)c1nccs1,1.886056648,0.0,1,10.1093/nar/gkv1072,w16_s4_sequence_mean:461-476,461,476,WIDRSMKTRGLPKAKS,r3_b80,3,80,"[4, 5, 6, 11, 19]","[""C"", ""C"", ""C"", ""C"", ""C""]",3.159226655960083,3.1421263217926025,3.129883050918579,3.1121163368225098,0.01710033416748047,0.029343605041503906,0.04711031913757324,0.0006663799285888672,yp+yl-y0-ypl,ae9fe000d481b81bbb5ef98718aaa550784ff67131a466d21993e95b41f14e9f
2773,242,factor_xa_05,N=C(N)NCCC[C@@H](NC(=O)CN1CCN(S(=O)(=O)Cc2ccccc2)CC1=O)C(=O)c1nccs1,NC(=N)NCCC[C@@H](NC(=O)CN1CCN(CC1=O)S(=O)(=O)Cc1ccccc1)C(=O)c1nccs1,1.886056648,0.0,1,10.1093/nar/gkv1072,w16_s4_sequence_mean:461-476,461,476,WIDRSMKTRGLPKAKS,r3_b1947,3,1947,"[20, 21, 22, 23, 24, 25]","[""c1ccccc1""]",3.159226655960083,3.1421263217926025,3.102445363998413,3.0845553874969482,0.01710033416748047,0.05678129196166992,0.07467126846313477,0.000789642333984375,yp+yl-y0-ypl,ae9fe000d481b81bbb5ef98718aaa550784ff67131a466d21993e95b41f14e9f
2773,242,factor_xa_05,N=C(N)NCCC[C@@H](NC(=O)CN1CCN(S(=O)(=O)Cc2ccccc2)CC1=O)C(=O)c1nccs1,NC(=N)NCCC[C@@H](NC(=O)CN1CCN(CC1=O)S(=O)(=O)Cc1ccccc1)C(=O)c1nccs1,1.886056648,0.0,1,10.1093/nar/gkv1072,w16_s4_sequence_mean:461-476,461,476,WIDRSMKTRGLPKAKS,r2_b1567,2,1567,"[31, 34, 35]","[""csc""]",3.159226655960083,3.1421263217926025,3.1472504138946533,3.129873037338257,0.01710033416748047,0.011976242065429688,0.029353618621826172,0.0002770423889160156,yp+yl-y0-ypl,ae9fe000d481b81bbb5ef98718aaa550784ff67131a466d21993e95b41f14e9f
2773,242,factor_xa_05,N=C(N)NCCC[C@@H](NC(=O)CN1CCN(S(=O)(=O)Cc2ccccc2)CC1=O)C(=O)c1nccs1,NC(=N)NCCC[C@@H](NC(=O)CN1CCN(CC1=O)S(=O)(=O)Cc1ccccc1)C(=O)c1nccs1,1.886056648,0.0,1,10.1093/nar/gkv1072,w16_s4_sequence_mean:221-236,221,236,NQTQPERGDNNLTRIV,r3_b1066,3,1066,"[19, 20, 21, 22, 23, 24, 25]","[""cccc(C)c"", ""cccc(C)c""]",3.159226655960083,3.1383426189422607,3.085465908050537,3.065847873687744,0.020884037017822266,0.0737607479095459,0.09337878227233887,-0.0012660026550292969,yp+yl-y0-ypl,ae9fe000d481b81bbb5ef98718aaa550784ff67131a466d21993e95b41f14e9f
2773,242,factor_xa_05,N=C(N)NCCC[C@@H](NC(=O)CN1CCN(S(=O)(=O)Cc2ccccc2)CC1=O)C(=O)c1nccs1,NC(=N)NCCC[C@@H](NC(=O)CN1CCN(CC1=O)S(=O)(=O)Cc1ccccc1)C(=O)c1nccs1,1.886056648,0.0,1,10.1093/nar/gkv1072,w16_s4_sequence_mean:221-236,221,236,NQTQPERGDNNLTRIV,r3_b983,3,983,"[0, 1, 2, 3, 4, 5]","[""CCNC(=N)N""]",3.159226655960083,3.1383426189422607,3.1129510402679443,3.0910425186157227,0.020884037017822266,0.04627561569213867,0.06818413734436035,0.001024484634399414,yp+yl-y0-ypl,ae9fe000d481b81bbb5ef98718aaa550784ff67131a466d21993e95b41f14e9f
2773,242,factor_xa_05,N=C(N)NCCC[C@@H](NC(=O)CN1CCN(S(=O)(=O)Cc2ccccc2)CC1=O)C(=O)c1nccs1,NC(=N)NCCC[C@@H](NC(=O)CN1CCN(CC1=O)S(=O)(=O)Cc1ccccc1)C(=O)c1nccs1,1.886056648,0.0,1,10.1093/nar/gkv1072,w16_s4_sequence_mean:221-236,221,236,NQTQPERGDNNLTRIV,r2_b1066,2,1066,"[19, 20, 21, 22, 23, 24, 25]","[""cccc(C)c"", ""cccc(C)c""]",3.159226655960083,3.1383426189422607,3.1511008739471436,3.1302103996276855,0.020884037017822266,0.008125782012939453,0.02901625633239746,6.4373016357421875e-06,yp+yl-y0-ypl,ae9fe000d481b81bbb5ef98718aaa550784ff67131a466d21993e95b41f14e9f
2773,242,factor_xa_05,N=C(N)NCCC[C@@H](NC(=O)CN1CCN(S(=O)(=O)Cc2ccccc2)CC1=O)C(=O)c1nccs1,NC(=N)NCCC[C@@H](NC(=O)CN1CCN(CC1=O)S(=O)(=O)Cc1ccccc1)C(=O)c1nccs1,1.886056648,0.0,1,10.1093/nar/gkv1072,w16_s4_sequence_mean:221-236,221,236,NQTQPERGDNNLTRIV,r3_b632,3,632,"[11, 12, 13, 15, 26, 27, 28]","[""CN(C)C(=O)CN""]",3.159226655960083,3.1383426189422607,3.095881462097168,3.073864221572876,0.020884037017822266,0.06334519386291504,0.08536243438720703,0.0011332035064697266,yp+yl-y0-ypl,ae9fe000d481b81bbb5ef98718aaa550784ff67131a466d21993e95b41f14e9f
2773,242,factor_xa_05,N=C(N)NCCC[C@@H](NC(=O)CN1CCN(S(=O)(=O)Cc2ccccc2)CC1=O)C(=O)c1nccs1,NC(=N)NCCC[C@@H](NC(=O)CN1CCN(CC1=O)S(=O)(=O)Cc1ccccc1)C(=O)c1nccs1,1.886056648,0.0,1,10.1093/nar/gkv1072,w16_s4_sequence_mean:221-236,221,236,NQTQPERGDNNLTRIV,r3_b5,3,5,"[16, 19, 20]","[""cCS""]",3.159226655960083,3.1383426189422607,3.0991036891937256,3.076876163482666,0.020884037017822266,0.06012296676635742,0.08235049247741699,0.0013434886932373047,yp+yl-y0-ypl,ae9fe000d481b81bbb5ef98718aaa550784ff67131a466d21993e95b41f14e9f
2773,242,factor_xa_05,N=C(N)NCCC[C@@H](NC(=O)CN1CCN(S(=O)(=O)Cc2ccccc2)CC1=O)C(=O)c1nccs1,NC(=N)NCCC[C@@H](NC(=O)CN1CCN(CC1=O)S(=O)(=O)Cc1ccccc1)C(=O)c1nccs1,1.886056648,0.0,1,10.1093/nar/gkv1072,w16_s4_sequence_mean:221-236,221,236,NQTQPERGDNNLTRIV,r2_b295,2,295,"[11, 12, 13, 14, 15, 27]","[""CN(C)CCN""]",3.159226655960083,3.1383426189422607,3.1535675525665283,3.132781744003296,0.020884037017822266,0.0056591033935546875,0.02644491195678711,-9.822845458984375e-05,yp+yl-y0-ypl,ae9fe000d481b81bbb5ef98718aaa550784ff67131a466d21993e95b41f14e9f
2773,242,factor_xa_05,N=C(N)NCCC[C@@H](NC(=O)CN1CCN(S(=O)(=O)Cc2ccccc2)CC1=O)C(=O)c1nccs1,NC(=N)NCCC[C@@H](NC(=O)CN1CCN(CC1=O)S(=O)(=O)Cc1ccccc1)C(=O)c1nccs1,1.886056648,0.0,1,10.1093/nar/gkv1072,w16_s4_sequence_mean:221-236,221,236,NQTQPERGDNNLTRIV,r3_b1917,3,1917,"[9, 10, 29, 30]","[""C=O"", ""C=O""]",3.159226655960083,3.1383426189422607,3.1370627880096436,3.114471197128296,0.020884037017822266,0.022163867950439453,0.04475545883178711,0.0017075538635253906,yp+yl-y0-ypl,ae9fe000d481b81bbb5ef98718aaa550784ff67131a466d21993e95b41f14e9f
2773,242,factor_xa_05,N=C(N)NCCC[C@@H](NC(=O)CN1CCN(S(=O)(=O)Cc2ccccc2)CC1=O)C(=O)c1nccs1,NC(=N)NCCC[C@@H](NC(=O)CN1CCN(CC1=O)S(=O)(=O)Cc1ccccc1)C(=O)c1nccs1,1.886056648,0.0,1,10.1093/nar/gkv1072,w16_s4_sequence_mean:221-236,221,236,NQTQPERGDNNLTRIV,r3_b80,3,80,"[4, 5, 6, 11, 19]","[""C"", ""C"", ""C"", ""C"", ""C""]",3.159226655960083,3.1383426189422607,3.129883050918579,3.1084482669830322,0.020884037017822266,0.029343605041503906,0.05077838897705078,0.0005507469177246094,yp+yl-y0-ypl,ae9fe000d481b81bbb5ef98718aaa550784ff67131a466d21993e95b41f14e9f
2773,242,factor_xa_05,N=C(N)NCCC[C@@H](NC(=O)CN1CCN(S(=O)(=O)Cc2ccccc2)CC1=O)C(=O)c1nccs1,NC(=N)NCCC[C@@H](NC(=O)CN1CCN(CC1=O)S(=O)(=O)Cc1ccccc1)C(=O)c1nccs1,1.886056648,0.0,1,10.1093/nar/gkv1072,w16_s4_sequence_mean:221-236,221,236,NQTQPERGDNNLTRIV,r3_b1947,3,1947,"[20, 21, 22, 23, 24, 25]","[""c1ccccc1""]",3.159226655960083,3.1383426189422607,3.102445363998413,3.080836057662964,0.020884037017822266,0.05678129196166992,0.07839059829711914,0.0007252693176269531,yp+yl-y0-ypl,ae9fe000d481b81bbb5ef98718aaa550784ff67131a466d21993e95b41f14e9f
2773,242,factor_xa_05,N=C(N)NCCC[C@@H](NC(=O)CN1CCN(S(=O)(=O)Cc2ccccc2)CC1=O)C(=O)c1nccs1,NC(=N)NCCC[C@@H](NC(=O)CN1CCN(CC1=O)S(=O)(=O)Cc1ccccc1)C(=O)c1nccs1,1.886056648,0.0,1,10.1093/nar/gkv1072,w16_s4_sequence_mean:221-236,221,236,NQTQPERGDNNLTRIV,r2_b1567,2,1567,"[31, 34, 35]","[""csc""]",3.159226655960083,3.1383426189422607,3.1472504138946533,3.1260592937469482,0.020884037017822266,0.011976242065429688,0.033167362213134766,0.0003070831298828125,yp+yl-y0-ypl,ae9fe000d481b81bbb5ef98718aaa550784ff67131a466d21993e95b41f14e9f
2773,242,factor_xa_05,N=C(N)NCCC[C@@H](NC(=O)CN1CCN(S(=O)(=O)Cc2ccccc2)CC1=O)C(=O)c1nccs1,NC(=N)NCCC[C@@H](NC(=O)CN1CCN(CC1=O)S(=O)(=O)Cc1ccccc1)C(=O)c1nccs1,1.886056648,0.0,1,10.1093/nar/gkv1072,w16_s4_sequence_mean:265-280,265,280,ILSEFYILTAAHCLYQ,r3_b1066,3,1066,"[19, 20, 21, 22, 23, 24, 25]","[""cccc(C)c"", ""cccc(C)c""]",3.159226655960083,3.1485235691070557,3.085465908050537,3.0750675201416016,0.010703086853027344,0.0737607479095459,0.08415913581848145,-0.0003046989440917969,yp+yl-y0-ypl,ae9fe000d481b81bbb5ef98718aaa550784ff67131a466d21993e95b41f14e9f
2773,242,factor_xa_05,N=C(N)NCCC[C@@H](NC(=O)CN1CCN(S(=O)(=O)Cc2ccccc2)CC1=O)C(=O)c1nccs1,NC(=N)NCCC[C@@H](NC(=O)CN1CCN(CC1=O)S(=O)(=O)Cc1ccccc1)C(=O)c1nccs1,1.886056648,0.0,1,10.1093/nar/gkv1072,w16_s4_sequence_mean:265-280,265,280,ILSEFYILTAAHCLYQ,r3_b983,3,983,"[0, 1, 2, 3, 4, 5]","[""CCNC(=N)N""]",3.159226655960083,3.1485235691070557,3.1129510402679443,3.1027252674102783,0.010703086853027344,0.04627561569213867,0.05650138854980469,-0.0004773139953613281,yp+yl-y0-ypl,ae9fe000d481b81bbb5ef98718aaa550784ff67131a466d21993e95b41f14e9f
2773,242,factor_xa_05,N=C(N)NCCC[C@@H](NC(=O)CN1CCN(S(=O)(=O)Cc2ccccc2)CC1=O)C(=O)c1nccs1,NC(=N)NCCC[C@@H](NC(=O)CN1CCN(CC1=O)S(=O)(=O)Cc1ccccc1)C(=O)c1nccs1,1.886056648,0.0,1,10.1093/nar/gkv1072,w16_s4_sequence_mean:265-280,265,280,ILSEFYILTAAHCLYQ,r2_b1066,2,1066,"[19, 20, 21, 22, 23, 24, 25]","[""cccc(C)c"", ""cccc(C)c""]",3.159226655960083,3.1485235691070557,3.1511008739471436,3.140282392501831,0.010703086853027344,0.008125782012939453,0.018944263458251953,0.00011539459228515625,yp+yl-y0-ypl,ae9fe000d481b81bbb5ef98718aaa550784ff67131a466d21993e95b41f14e9f
2773,242,factor_xa_05,N=C(N)NCCC[C@@H](NC(=O)CN1CCN(S(=O)(=O)Cc2ccccc2)CC1=O)C(=O)c1nccs1,NC(=N)NCCC[C@@H](NC(=O)CN1CCN(CC1=O)S(=O)(=O)Cc1ccccc1)C(=O)c1nccs1,1.886056648,0.0,1,10.1093/nar/gkv1072,w16_s4_sequence_mean:265-280,265,280,ILSEFYILTAAHCLYQ,r3_b632,3,632,"[11, 12, 13, 15, 26, 27, 28]","[""CN(C)C(=O)CN""]",3.159226655960083,3.1485235691070557,3.095881462097168,3.085474729537964,0.010703086853027344,0.06334519386291504,0.07375192642211914,-0.0002963542938232422,yp+yl-y0-ypl,ae9fe000d481b81bbb5ef98718aaa550784ff67131a466d21993e95b41f14e9f
2773,242,factor_xa_05,N=C(N)NCCC[C@@H](NC(=O)CN1CCN(S(=O)(=O)Cc2ccccc2)CC1=O)C(=O)c1nccs1,NC(=N)NCCC[C@@H](NC(=O)CN1CCN(CC1=O)S(=O)(=O)Cc1ccccc1)C(=O)c1nccs1,1.886056648,0.0,1,10.1093/nar/gkv1072,w16_s4_sequence_mean:265-280,265,280,ILSEFYILTAAHCLYQ,r3_b5,3,5,"[16, 19, 20]","[""cCS""]",3.159226655960083,3.1485235691070557,3.0991036891937256,3.088811159133911,0.010703086853027344,0.06012296676635742,0.07041549682617188,-0.0004105567932128906,yp+yl-y0-ypl,ae9fe000d481b81bbb5ef98718aaa550784ff67131a466d21993e95b41f14e9f
2773,242,factor_xa_05,N=C(N)NCCC[C@@H](NC(=O)CN1CCN(S(=O)(=O)Cc2ccccc2)CC1=O)C(=O)c1nccs1,NC(=N)NCCC[C@@H](NC(=O)CN1CCN(CC1=O)S(=O)(=O)Cc1ccccc1)C(=O)c1nccs1,1.886056648,0.0,1,10.1093/nar/gkv1072,w16_s4_sequence_mean:265-280,265,280,ILSEFYILTAAHCLYQ,r2_b295,2,295,"[11, 12, 13, 14, 15, 27]","[""CN(C)CCN""]",3.159226655960083,3.1485235691070557,3.1535675525665283,3.1430225372314453,0.010703086853027344,0.0056591033935546875,0.016204118728637695,-0.00015807151794433594,yp+yl-y0-ypl,ae9fe000d481b81bbb5ef98718aaa550784ff67131a466d21993e95b41f14e9f
2773,242,factor_xa_05,N=C(N)NCCC[C@@H](NC(=O)CN1CCN(S(=O)(=O)Cc2ccccc2)CC1=O)C(=O)c1nccs1,NC(=N)NCCC[C@@H](NC(=O)CN1CCN(CC1=O)S(=O)(=O)Cc1ccccc1)C(=O)c1nccs1,1.886056648,0.0,1,10.1093/nar/gkv1072,w16_s4_sequence_mean:265-280,265,280,ILSEFYILTAAHCLYQ,r3_b1917,3,1917,"[9, 10, 29, 30]","[""C=O"", ""C=O""]",3.159226655960083,3.1485235691070557,3.1370627880096436,3.1263749599456787,0.010703086853027344,0.022163867950439453,0.0328516960144043,-1.52587890625e-05,yp+yl-y0-ypl,ae9fe000d481b81bbb5ef98718aaa550784ff67131a466d21993e95b41f14e9f
2773,242,factor_xa_05,N=C(N)NCCC[C@@H](NC(=O)CN1CCN(S(=O)(=O)Cc2ccccc2)CC1=O)C(=O)c1nccs1,NC(=N)NCCC[C@@H](NC(=O)CN1CCN(CC1=O)S(=O)(=O)Cc1ccccc1)C(=O)c1nccs1,1.886056648,0.0,1,10.1093/nar/gkv1072,w16_s4_sequence_mean:265-280,265,280,ILSEFYILTAAHCLYQ,r3_b80,3,80,"[4, 5, 6, 11, 19]","[""C"", ""C"", ""C"", ""C"", ""C""]",3.159226655960083,3.1485235691070557,3.129883050918579,3.1204681396484375,0.010703086853027344,0.029343605041503906,0.03875851631164551,-0.0012881755828857422,yp+yl-y0-ypl,ae9fe000d481b81bbb5ef98718aaa550784ff67131a466d21993e95b41f14e9f
2773,242,factor_xa_05,N=C(N)NCCC[C@@H](NC(=O)CN1CCN(S(=O)(=O)Cc2ccccc2)CC1=O)C(=O)c1nccs1,NC(=N)NCCC[C@@H](NC(=O)CN1CCN(CC1=O)S(=O)(=O)Cc1ccccc1)C(=O)c1nccs1,1.886056648,0.0,1,10.1093/nar/gkv1072,w16_s4_sequence_mean:265-280,265,280,ILSEFYILTAAHCLYQ,r3_b1947,3,1947,"[20, 21, 22, 23, 24, 25]","[""c1ccccc1""]",3.159226655960083,3.1485235691070557,3.102445363998413,3.0918190479278564,0.010703086853027344,0.05678129196166992,0.06740760803222656,-7.677078247070312e-05,yp+yl-y0-ypl,ae9fe000d481b81bbb5ef98718aaa550784ff67131a466d21993e95b41f14e9f
2773,242,factor_xa_05,N=C(N)NCCC[C@@H](NC(=O)CN1CCN(S(=O)(=O)Cc2ccccc2)CC1=O)C(=O)c1nccs1,NC(=N)NCCC[C@@H](NC(=O)CN1CCN(CC1=O)S(=O)(=O)Cc1ccccc1)C(=O)c1nccs1,1.886056648,0.0,1,10.1093/nar/gkv1072,w16_s4_sequence_mean:265-280,265,280,ILSEFYILTAAHCLYQ,r2_b1567,2,1567,"[31, 34, 35]","[""csc""]",3.159226655960083,3.1485235691070557,3.1472504138946533,3.136521577835083,0.010703086853027344,0.011976242065429688,0.022705078125,2.574920654296875e-05,yp+yl-y0-ypl,ae9fe000d481b81bbb5ef98718aaa550784ff67131a466d21993e95b41f14e9f
2773,242,factor_xa_05,N=C(N)NCCC[C@@H](NC(=O)CN1CCN(S(=O)(=O)Cc2ccccc2)CC1=O)C(=O)c1nccs1,NC(=N)NCCC[C@@H](NC(=O)CN1CCN(CC1=O)S(=O)(=O)Cc1ccccc1)C(=O)c1nccs1,1.886056648,0.0,1,10.1093/nar/gkv1072,w16_s4_sequence_mean:465-480,465,480,SMKTRGLPKAKSHAPE,r3_b1066,3,1066,"[19, 20, 21, 22, 23, 24, 25]","[""cccc(C)c"", ""cccc(C)c""]",3.159226655960083,3.138740062713623,3.085465908050537,3.0647823810577393,0.02048659324645996,0.0737607479095459,0.09444427490234375,0.00019693374633789062,yp+yl-y0-ypl,ae9fe000d481b81bbb5ef98718aaa550784ff67131a466d21993e95b41f14e9f
2773,242,factor_xa_05,N=C(N)NCCC[C@@H](NC(=O)CN1CCN(S(=O)(=O)Cc2ccccc2)CC1=O)C(=O)c1nccs1,NC(=N)NCCC[C@@H](NC(=O)CN1CCN(CC1=O)S(=O)(=O)Cc1ccccc1)C(=O)c1nccs1,1.886056648,0.0,1,10.1093/nar/gkv1072,w16_s4_sequence_mean:465-480,465,480,SMKTRGLPKAKSHAPE,r3_b983,3,983,"[0, 1, 2, 3, 4, 5]","[""CCNC(=N)N""]",3.159226655960083,3.138740062713623,3.1129510402679443,3.091902732849121,0.02048659324645996,0.04627561569213867,0.06732392311096191,0.0005617141723632812,yp+yl-y0-ypl,ae9fe000d481b81bbb5ef98718aaa550784ff67131a466d21993e95b41f14e9f
2773,242,factor_xa_05,N=C(N)NCCC[C@@H](NC(=O)CN1CCN(S(=O)(=O)Cc2ccccc2)CC1=O)C(=O)c1nccs1,NC(=N)NCCC[C@@H](NC(=O)CN1CCN(CC1=O)S(=O)(=O)Cc1ccccc1)C(=O)c1nccs1,1.886056648,0.0,1,10.1093/nar/gkv1072,w16_s4_sequence_mean:465-480,465,480,SMKTRGLPKAKSHAPE,r2_b1066,2,1066,"[19, 20, 21, 22, 23, 24, 25]","[""cccc(C)c"", ""cccc(C)c""]",3.159226655960083,3.138740062713623,3.1511008739471436,3.130582571029663,0.02048659324645996,0.008125782012939453,0.028644084930419922,3.170967102050781e-05,yp+yl-y0-ypl,ae9fe000d481b81bbb5ef98718aaa550784ff67131a466d21993e95b41f14e9f
2773,242,factor_xa_05,N=C(N)NCCC[C@@H](NC(=O)CN1CCN(S(=O)(=O)Cc2ccccc2)CC1=O)C(=O)c1nccs1,NC(=N)NCCC[C@@H](NC(=O)CN1CCN(CC1=O)S(=O)(=O)Cc1ccccc1)C(=O)c1nccs1,1.886056648,0.0,1,10.1093/nar/gkv1072,w16_s4_sequence_mean:465-480,465,480,SMKTRGLPKAKSHAPE,r3_b632,3,632,"[11, 12, 13, 15, 26, 27, 28]","[""CN(C)C(=O)CN""]",3.159226655960083,3.138740062713623,3.095881462097168,3.073223829269409,0.02048659324645996,0.06334519386291504,0.08600282669067383,0.002171039581298828,yp+yl-y0-ypl,ae9fe000d481b81bbb5ef98718aaa550784ff67131a466d21993e95b41f14e9f
2773,242,factor_xa_05,N=C(N)NCCC[C@@H](NC(=O)CN1CCN(S(=O)(=O)Cc2ccccc2)CC1=O)C(=O)c1nccs1,NC(=N)NCCC[C@@H](NC(=O)CN1CCN(CC1=O)S(=O)(=O)Cc1ccccc1)C(=O)c1nccs1,1.886056648,0.0,1,10.1093/nar/gkv1072,w16_s4_sequence_mean:465-480,465,480,SMKTRGLPKAKSHAPE,r3_b5,3,5,"[16, 19, 20]","[""cCS""]",3.159226655960083,3.138740062713623,3.0991036891937256,3.076510190963745,0.02048659324645996,0.06012296676635742,0.08271646499633789,0.002106904983520508,yp+yl-y0-ypl,ae9fe000d481b81bbb5ef98718aaa550784ff67131a466d21993e95b41f14e9f
2773,242,factor_xa_05,N=C(N)NCCC[C@@H](NC(=O)CN1CCN(S(=O)(=O)Cc2ccccc2)CC1=O)C(=O)c1nccs1,NC(=N)NCCC[C@@H](NC(=O)CN1CCN(CC1=O)S(=O)(=O)Cc1ccccc1)C(=O)c1nccs1,1.886056648,0.0,1,10.1093/nar/gkv1072,w16_s4_sequence_mean:465-480,465,480,SMKTRGLPKAKSHAPE,r2_b295,2,295,"[11, 12, 13, 14, 15, 27]","[""CN(C)CCN""]",3.159226655960083,3.138740062713623,3.1535675525665283,3.1330924034118652,0.02048659324645996,0.0056591033935546875,0.026134252548217773,-1.1444091796875e-05,yp+yl-y0-ypl,ae9fe000d481b81bbb5ef98718aaa550784ff67131a466d21993e95b41f14e9f
2773,242,factor_xa_05,N=C(N)NCCC[C@@H](NC(=O)CN1CCN(S(=O)(=O)Cc2ccccc2)CC1=O)C(=O)c1nccs1,NC(=N)NCCC[C@@H](NC(=O)CN1CCN(CC1=O)S(=O)(=O)Cc1ccccc1)C(=O)c1nccs1,1.886056648,0.0,1,10.1093/nar/gkv1072,w16_s4_sequence_mean:465-480,465,480,SMKTRGLPKAKSHAPE,r3_b1917,3,1917,"[9, 10, 29, 30]","[""C=O"", ""C=O""]",3.159226655960083,3.138740062713623,3.1370627880096436,3.1149260997772217,0.02048659324645996,0.022163867950439453,0.04430055618286133,0.001650094985961914,yp+yl-y0-ypl,ae9fe000d481b81bbb5ef98718aaa550784ff67131a466d21993e95b41f14e9f
2773,242,factor_xa_05,N=C(N)NCCC[C@@H](NC(=O)CN1CCN(S(=O)(=O)Cc2ccccc2)CC1=O)C(=O)c1nccs1,NC(=N)NCCC[C@@H](NC(=O)CN1CCN(CC1=O)S(=O)(=O)Cc1ccccc1)C(=O)c1nccs1,1.886056648,0.0,1,10.1093/nar/gkv1072,w16_s4_sequence_mean:465-480,465,480,SMKTRGLPKAKSHAPE,r3_b80,3,80,"[4, 5, 6, 11, 19]","[""C"", ""C"", ""C"", ""C"", ""C""]",3.159226655960083,3.138740062713623,3.129883050918579,3.108525514602661,0.02048659324645996,0.029343605041503906,0.050701141357421875,0.0008709430694580078,yp+yl-y0-ypl,ae9fe000d481b81bbb5ef98718aaa550784ff67131a466d21993e95b41f14e9f
2773,242,factor_xa_05,N=C(N)NCCC[C@@H](NC(=O)CN1CCN(S(=O)(=O)Cc2ccccc2)CC1=O)C(=O)c1nccs1,NC(=N)NCCC[C@@H](NC(=O)CN1CCN(CC1=O)S(=O)(=O)Cc1ccccc1)C(=O)c1nccs1,1.886056648,0.0,1,10.1093/nar/gkv1072,w16_s4_sequence_mean:465-480,465,480,SMKTRGLPKAKSHAPE,r3_b1947,3,1947,"[20, 21, 22, 23, 24, 25]","[""c1ccccc1""]",3.159226655960083,3.138740062713623,3.102445363998413,3.0810959339141846,0.02048659324645996,0.05678129196166992,0.07813072204589844,0.0008628368377685547,yp+yl-y0-ypl,ae9fe000d481b81bbb5ef98718aaa550784ff67131a466d21993e95b41f14e9f
2773,242,factor_xa_05,N=C(N)NCCC[C@@H](NC(=O)CN1CCN(S(=O)(=O)Cc2ccccc2)CC1=O)C(=O)c1nccs1,NC(=N)NCCC[C@@H](NC(=O)CN1CCN(CC1=O)S(=O)(=O)Cc1ccccc1)C(=O)c1nccs1,1.886056648,0.0,1,10.1093/nar/gkv1072,w16_s4_sequence_mean:465-480,465,480,SMKTRGLPKAKSHAPE,r2_b1567,2,1567,"[31, 34, 35]","[""csc""]",3.159226655960083,3.138740062713623,3.1472504138946533,3.1265134811401367,0.02048659324645996,0.011976242065429688,0.03271317481994629,0.0002503395080566406,yp+yl-y0-ypl,ae9fe000d481b81bbb5ef98718aaa550784ff67131a466d21993e95b41f14e9f
2773,242,factor_xa_05,N=C(N)NCCC[C@@H](NC(=O)CN1CCN(S(=O)(=O)Cc2ccccc2)CC1=O)C(=O)c1nccs1,NC(=N)NCCC[C@@H](NC(=O)CN1CCN(CC1=O)S(=O)(=O)Cc1ccccc1)C(=O)c1nccs1,1.886056648,0.0,1,10.1093/nar/gkv1072,w16_s4_sequence_mean:225-240,225,240,PERGDNNLTRIVGGQE,r3_b1066,3,1066,"[19, 20, 21, 22, 23, 24, 25]","[""cccc(C)c"", ""cccc(C)c""]",3.159226655960083,3.1422808170318604,3.085465908050537,3.0698904991149902,0.016945838928222656,0.0737607479095459,0.08933615684509277,-0.0013704299926757812,yp+yl-y0-ypl,ae9fe000d481b81bbb5ef98718aaa550784ff67131a466d21993e95b41f14e9f
2773,242,factor_xa_05,N=C(N)NCCC[C@@H](NC(=O)CN1CCN(S(=O)(=O)Cc2ccccc2)CC1=O)C(=O)c1nccs1,NC(=N)NCCC[C@@H](NC(=O)CN1CCN(CC1=O)S(=O)(=O)Cc1ccccc1)C(=O)c1nccs1,1.886056648,0.0,1,10.1093/nar/gkv1072,w16_s4_sequence_mean:225-240,225,240,PERGDNNLTRIVGGQE,r3_b983,3,983,"[0, 1, 2, 3, 4, 5]","[""CCNC(=N)N""]",3.159226655960083,3.1422808170318604,3.1129510402679443,3.0953054428100586,0.016945838928222656,0.04627561569213867,0.06392121315002441,0.0006997585296630859,yp+yl-y0-ypl,ae9fe000d481b81bbb5ef98718aaa550784ff67131a466d21993e95b41f14e9f
2773,242,factor_xa_05,N=C(N)NCCC[C@@H](NC(=O)CN1CCN(S(=O)(=O)Cc2ccccc2)CC1=O)C(=O)c1nccs1,NC(=N)NCCC[C@@H](NC(=O)CN1CCN(CC1=O)S(=O)(=O)Cc1ccccc1)C(=O)c1nccs1,1.886056648,0.0,1,10.1093/nar/gkv1072,w16_s4_sequence_mean:225-240,225,240,PERGDNNLTRIVGGQE,r2_b1066,2,1066,"[19, 20, 21, 22, 23, 24, 25]","[""cccc(C)c"", ""cccc(C)c""]",3.159226655960083,3.1422808170318604,3.1511008739471436,3.1341822147369385,0.016945838928222656,0.008125782012939453,0.02504444122314453,-2.7179718017578125e-05,yp+yl-y0-ypl,ae9fe000d481b81bbb5ef98718aaa550784ff67131a466d21993e95b41f14e9f
2773,242,factor_xa_05,N=C(N)NCCC[C@@H](NC(=O)CN1CCN(S(=O)(=O)Cc2ccccc2)CC1=O)C(=O)c1nccs1,NC(=N)NCCC[C@@H](NC(=O)CN1CCN(CC1=O)S(=O)(=O)Cc1ccccc1)C(=O)c1nccs1,1.886056648,0.0,1,10.1093/nar/gkv1072,w16_s4_sequence_mean:225-240,225,240,PERGDNNLTRIVGGQE,r3_b632,3,632,"[11, 12, 13, 15, 26, 27, 28]","[""CN(C)C(=O)CN""]",3.159226655960083,3.1422808170318604,3.095881462097168,3.0785434246063232,0.016945838928222656,0.06334519386291504,0.08068323135375977,0.0003921985626220703,yp+yl-y0-ypl,ae9fe000d481b81bbb5ef98718aaa550784ff67131a466d21993e95b41f14e9f
2773,242,factor_xa_05,N=C(N)NCCC[C@@H](NC(=O)CN1CCN(S(=O)(=O)Cc2ccccc2)CC1=O)C(=O)c1nccs1,NC(=N)NCCC[C@@H](NC(=O)CN1CCN(CC1=O)S(=O)(=O)Cc1ccccc1)C(=O)c1nccs1,1.886056648,0.0,1,10.1093/nar/gkv1072,w16_s4_sequence_mean:225-240,225,240,PERGDNNLTRIVGGQE,r3_b5,3,5,"[16, 19, 20]","[""cCS""]",3.159226655960083,3.1422808170318604,3.0991036891937256,3.0814740657806396,0.016945838928222656,0.06012296676635742,0.07775259017944336,0.0006837844848632812,yp+yl-y0-ypl,ae9fe000d481b81bbb5ef98718aaa550784ff67131a466d21993e95b41f14e9f
2773,242,factor_xa_05,N=C(N)NCCC[C@@H](NC(=O)CN1CCN(S(=O)(=O)Cc2ccccc2)CC1=O)C(=O)c1nccs1,NC(=N)NCCC[C@@H](NC(=O)CN1CCN(CC1=O)S(=O)(=O)Cc1ccccc1)C(=O)c1nccs1,1.886056648,0.0,1,10.1093/nar/gkv1072,w16_s4_sequence_mean:225-240,225,240,PERGDNNLTRIVGGQE,r2_b295,2,295,"[11, 12, 13, 14, 15, 27]","[""CN(C)CCN""]",3.159226655960083,3.1422808170318604,3.1535675525665283,3.136662721633911,0.016945838928222656,0.0056591033935546875,0.022563934326171875,-4.100799560546875e-05,yp+yl-y0-ypl,ae9fe000d481b81bbb5ef98718aaa550784ff67131a466d21993e95b41f14e9f
2773,242,factor_xa_05,N=C(N)NCCC[C@@H](NC(=O)CN1CCN(S(=O)(=O)Cc2ccccc2)CC1=O)C(=O)c1nccs1,NC(=N)NCCC[C@@H](NC(=O)CN1CCN(CC1=O)S(=O)(=O)Cc1ccccc1)C(=O)c1nccs1,1.886056648,0.0,1,10.1093/nar/gkv1072,w16_s4_sequence_mean:225-240,225,240,PERGDNNLTRIVGGQE,r3_b1917,3,1917,"[9, 10, 29, 30]","[""C=O"", ""C=O""]",3.159226655960083,3.1422808170318604,3.1370627880096436,3.1186881065368652,0.016945838928222656,0.022163867950439453,0.04053854942321777,0.001428842544555664,yp+yl-y0-ypl,ae9fe000d481b81bbb5ef98718aaa550784ff67131a466d21993e95b41f14e9f
2773,242,factor_xa_05,N=C(N)NCCC[C@@H](NC(=O)CN1CCN(S(=O)(=O)Cc2ccccc2)CC1=O)C(=O)c1nccs1,NC(=N)NCCC[C@@H](NC(=O)CN1CCN(CC1=O)S(=O)(=O)Cc1ccccc1)C(=O)c1nccs1,1.886056648,0.0,1,10.1093/nar/gkv1072,w16_s4_sequence_mean:225-240,225,240,PERGDNNLTRIVGGQE,r3_b80,3,80,"[4, 5, 6, 11, 19]","[""C"", ""C"", ""C"", ""C"", ""C""]",3.159226655960083,3.1422808170318604,3.129883050918579,3.112715005874634,0.016945838928222656,0.029343605041503906,0.04651165008544922,0.00022220611572265625,yp+yl-y0-ypl,ae9fe000d481b81bbb5ef98718aaa550784ff67131a466d21993e95b41f14e9f
2773,242,factor_xa_05,N=C(N)NCCC[C@@H](NC(=O)CN1CCN(S(=O)(=O)Cc2ccccc2)CC1=O)C(=O)c1nccs1,NC(=N)NCCC[C@@H](NC(=O)CN1CCN(CC1=O)S(=O)(=O)Cc1ccccc1)C(=O)c1nccs1,1.886056648,0.0,1,10.1093/nar/gkv1072,w16_s4_sequence_mean:225-240,225,240,PERGDNNLTRIVGGQE,r3_b1947,3,1947,"[20, 21, 22, 23, 24, 25]","[""c1ccccc1""]",3.159226655960083,3.1422808170318604,3.102445363998413,3.085402250289917,0.016945838928222656,0.05678129196166992,0.07382440567016602,9.72747802734375e-05,yp+yl-y0-ypl,ae9fe000d481b81bbb5ef98718aaa550784ff67131a466d21993e95b41f14e9f
2773,242,factor_xa_05,N=C(N)NCCC[C@@H](NC(=O)CN1CCN(S(=O)(=O)Cc2ccccc2)CC1=O)C(=O)c1nccs1,NC(=N)NCCC[C@@H](NC(=O)CN1CCN(CC1=O)S(=O)(=O)Cc1ccccc1)C(=O)c1nccs1,1.886056648,0.0,1,10.1093/nar/gkv1072,w16_s4_sequence_mean:225-240,225,240,PERGDNNLTRIVGGQE,r2_b1567,2,1567,"[31, 34, 35]","[""csc""]",3.159226655960083,3.1422808170318604,3.1472504138946533,3.1300857067108154,0.016945838928222656,0.011976242065429688,0.029140949249267578,0.00021886825561523438,yp+yl-y0-ypl,ae9fe000d481b81bbb5ef98718aaa550784ff67131a466d21993e95b41f14e9f
2773,342,factor_xa_05,N=C(N)NCCC[C@@H](NC(=O)CN1CCN(S(=O)(=O)Cc2ccccc2)CC1=O)C(=O)c1nccs1,NC(=N)NCCC[C@@H](NC(=O)CN1CCN(CC1=O)S(=O)(=O)Cc1ccccc1)C(=O)c1nccs1,1.886056648,0.0,1,10.1093/nar/gkv1072,w16_s4_sequence_mean:453-468,453,468,TKVTAFLKWIDRSMKT,r3_b1066,3,1066,"[19, 20, 21, 22, 23, 24, 25]","[""cccc(C)c"", ""cccc(C)c""]",3.086362600326538,3.0555531978607178,3.0503268241882324,3.0196070671081543,0.030809402465820312,0.036035776138305664,0.06675553321838379,-8.96453857421875e-05,yp+yl-y0-ypl,0794921c796ddbc878db48496780363fbc3a6e21eb11639b6ba5e5e4ceaa121b
2773,342,factor_xa_05,N=C(N)NCCC[C@@H](NC(=O)CN1CCN(S(=O)(=O)Cc2ccccc2)CC1=O)C(=O)c1nccs1,NC(=N)NCCC[C@@H](NC(=O)CN1CCN(CC1=O)S(=O)(=O)Cc1ccccc1)C(=O)c1nccs1,1.886056648,0.0,1,10.1093/nar/gkv1072,w16_s4_sequence_mean:453-468,453,468,TKVTAFLKWIDRSMKT,r3_b983,3,983,"[0, 1, 2, 3, 4, 5]","[""CCNC(=N)N""]",3.086362600326538,3.0555531978607178,3.043131113052368,3.011763334274292,0.030809402465820312,0.04323148727416992,0.0745992660522461,0.0005583763122558594,yp+yl-y0-ypl,0794921c796ddbc878db48496780363fbc3a6e21eb11639b6ba5e5e4ceaa121b
2773,342,factor_xa_05,N=C(N)NCCC[C@@H](NC(=O)CN1CCN(S(=O)(=O)Cc2ccccc2)CC1=O)C(=O)c1nccs1,NC(=N)NCCC[C@@H](NC(=O)CN1CCN(CC1=O)S(=O)(=O)Cc1ccccc1)C(=O)c1nccs1,1.886056648,0.0,1,10.1093/nar/gkv1072,w16_s4_sequence_mean:453-468,453,468,TKVTAFLKWIDRSMKT,r2_b1066,2,1066,"[19, 20, 21, 22, 23, 24, 25]","[""cccc(C)c"", ""cccc(C)c""]",3.086362600326538,3.0555531978607178,3.05009388923645,3.020172119140625,0.030809402465820312,0.03626871109008789,0.06619048118591309,-0.0008876323699951172,yp+yl-y0-ypl,0794921c796ddbc878db48496780363fbc3a6e21eb11639b6ba5e5e4ceaa121b
2773,342,factor_xa_05,N=C(N)NCCC[C@@H](NC(=O)CN1CCN(S(=O)(=O)Cc2ccccc2)CC1=O)C(=O)c1nccs1,NC(=N)NCCC[C@@H](NC(=O)CN1CCN(CC1=O)S(=O)(=O)Cc1ccccc1)C(=O)c1nccs1,1.886056648,0.0,1,10.1093/nar/gkv1072,w16_s4_sequence_mean:453-468,453,468,TKVTAFLKWIDRSMKT,r3_b632,3,632,"[11, 12, 13, 15, 26, 27, 28]","[""CN(C)C(=O)CN""]",3.086362600326538,3.0555531978607178,3.050506830215454,3.020848274230957,0.030809402465820312,0.035855770111083984,0.06551432609558105,-0.0011508464813232422,yp+yl-y0-ypl,0794921c796ddbc878db48496780363fbc3a6e21eb11639b6ba5e5e4ceaa121b
2773,342,factor_xa_05,N=C(N)NCCC[C@@H](NC(=O)CN1CCN(S(=O)(=O)Cc2ccccc2)CC1=O)C(=O)c1nccs1,NC(=N)NCCC[C@@H](NC(=O)CN1CCN(CC1=O)S(=O)(=O)Cc1ccccc1)C(=O)c1nccs1,1.886056648,0.0,1,10.1093/nar/gkv1072,w16_s4_sequence_mean:453-468,453,468,TKVTAFLKWIDRSMKT,r3_b5,3,5,"[16, 19, 20]","[""cCS""]",3.086362600326538,3.0555531978607178,3.067060947418213,3.0362486839294434,0.030809402465820312,0.019301652908325195,0.05011391639709473,2.86102294921875e-06,yp+yl-y0-ypl,0794921c796ddbc878db48496780363fbc3a6e21eb11639b6ba5e5e4ceaa121b
2773,342,factor_xa_05,N=C(N)NCCC[C@@H](NC(=O)CN1CCN(S(=O)(=O)Cc2ccccc2)CC1=O)C(=O)c1nccs1,NC(=N)NCCC[C@@H](NC(=O)CN1CCN(CC1=O)S(=O)(=O)Cc1ccccc1)C(=O)c1nccs1,1.886056648,0.0,1,10.1093/nar/gkv1072,w16_s4_sequence_mean:453-468,453,468,TKVTAFLKWIDRSMKT,r2_b295,2,295,"[11, 12, 13, 14, 15, 27]","[""CN(C)CCN""]",3.086362600326538,3.0555531978607178,3.0793659687042236,3.04890513420105,0.030809402465820312,0.006996631622314453,0.03745746612548828,-0.0003485679626464844,yp+yl-y0-ypl,0794921c796ddbc878db48496780363fbc3a6e21eb11639b6ba5e5e4ceaa121b
2773,342,factor_xa_05,N=C(N)NCCC[C@@H](NC(=O)CN1CCN(S(=O)(=O)Cc2ccccc2)CC1=O)C(=O)c1nccs1,NC(=N)NCCC[C@@H](NC(=O)CN1CCN(CC1=O)S(=O)(=O)Cc1ccccc1)C(=O)c1nccs1,1.886056648,0.0,1,10.1093/nar/gkv1072,w16_s4_sequence_mean:453-468,453,468,TKVTAFLKWIDRSMKT,r3_b1917,3,1917,"[9, 10, 29, 30]","[""C=O"", ""C=O""]",3.086362600326538,3.0555531978607178,3.0619053840637207,3.031332492828369,0.030809402465820312,0.024457216262817383,0.055030107498168945,-0.00023651123046875,yp+yl-y0-ypl,0794921c796ddbc878db48496780363fbc3a6e21eb11639b6ba5e5e4ceaa121b
2773,342,factor_xa_05,N=C(N)NCCC[C@@H](NC(=O)CN1CCN(S(=O)(=O)Cc2ccccc2)CC1=O)C(=O)c1nccs1,NC(=N)NCCC[C@@H](NC(=O)CN1CCN(CC1=O)S(=O)(=O)Cc1ccccc1)C(=O)c1nccs1,1.886056648,0.0,1,10.1093/nar/gkv1072,w16_s4_sequence_mean:453-468,453,468,TKVTAFLKWIDRSMKT,r3_b80,3,80,"[4, 5, 6, 11, 19]","[""C"", ""C"", ""C"", ""C"", ""C""]",3.086362600326538,3.0555531978607178,3.0626649856567383,3.0314085483551025,0.030809402465820312,0.023697614669799805,0.05495405197143555,0.0004470348358154297,yp+yl-y0-ypl,0794921c796ddbc878db48496780363fbc3a6e21eb11639b6ba5e5e4ceaa121b
2773,342,factor_xa_05,N=C(N)NCCC[C@@H](NC(=O)CN1CCN(S(=O)(=O)Cc2ccccc2)CC1=O)C(=O)c1nccs1,NC(=N)NCCC[C@@H](NC(=O)CN1CCN(CC1=O)S(=O)(=O)Cc1ccccc1)C(=O)c1nccs1,1.886056648,0.0,1,10.1093/nar/gkv1072,w16_s4_sequence_mean:453-468,453,468,TKVTAFLKWIDRSMKT,r3_b1947,3,1947,"[20, 21, 22, 23, 24, 25]","[""c1ccccc1""]",3.086362600326538,3.0555531978607178,3.0821774005889893,3.0508244037628174,0.030809402465820312,0.004185199737548828,0.0355381965637207,0.0005435943603515625,yp+yl-y0-ypl,0794921c796ddbc878db48496780363fbc3a6e21eb11639b6ba5e5e4ceaa121b
2773,342,factor_xa_05,N=C(N)NCCC[C@@H](NC(=O)CN1CCN(S(=O)(=O)Cc2ccccc2)CC1=O)C(=O)c1nccs1,NC(=N)NCCC[C@@H](NC(=O)CN1CCN(CC1=O)S(=O)(=O)Cc1ccccc1)C(=O)c1nccs1,1.886056648,0.0,1,10.1093/nar/gkv1072,w16_s4_sequence_mean:453-468,453,468,TKVTAFLKWIDRSMKT,r2_b1567,2,1567,"[31, 34, 35]","[""csc""]",3.086362600326538,3.0555531978607178,3.0638272762298584,3.0338308811187744,0.030809402465820312,0.022535324096679688,0.05253171920776367,-0.0008130073547363281,yp+yl-y0-ypl,0794921c796ddbc878db48496780363fbc3a6e21eb11639b6ba5e5e4ceaa121b
2773,342,factor_xa_05,N=C(N)NCCC[C@@H](NC(=O)CN1CCN(S(=O)(=O)Cc2ccccc2)CC1=O)C(=O)c1nccs1,NC(=N)NCCC[C@@H](NC(=O)CN1CCN(CC1=O)S(=O)(=O)Cc1ccccc1)C(=O)c1nccs1,1.886056648,0.0,1,10.1093/nar/gkv1072,w16_s4_sequence_mean:449-464,449,464,YGIYTKVTAFLKWIDR,r3_b1066,3,1066,"[19, 20, 21, 22, 23, 24, 25]","[""cccc(C)c"", ""cccc(C)c""]",3.086362600326538,3.060155153274536,3.0503268241882324,3.024350643157959,0.026207447052001953,0.036035776138305664,0.0620119571685791,-0.00023126602172851562,yp+yl-y0-ypl,0794921c796ddbc878db48496780363fbc3a6e21eb11639b6ba5e5e4ceaa121b
2773,342,factor_xa_05,N=C(N)NCCC[C@@H](NC(=O)CN1CCN(S(=O)(=O)Cc2ccccc2)CC1=O)C(=O)c1nccs1,NC(=N)NCCC[C@@H](NC(=O)CN1CCN(CC1=O)S(=O)(=O)Cc1ccccc1)C(=O)c1nccs1,1.886056648,0.0,1,10.1093/nar/gkv1072,w16_s4_sequence_mean:449-464,449,464,YGIYTKVTAFLKWIDR,r3_b983,3,983,"[0, 1, 2, 3, 4, 5]","[""CCNC(=N)N""]",3.086362600326538,3.060155153274536,3.043131113052368,3.0165622234344482,0.026207447052001953,0.04323148727416992,0.06980037689208984,0.00036144256591796875,yp+yl-y0-ypl,0794921c796ddbc878db48496780363fbc3a6e21eb11639b6ba5e5e4ceaa121b
2773,342,factor_xa_05,N=C(N)NCCC[C@@H](NC(=O)CN1CCN(S(=O)(=O)Cc2ccccc2)CC1=O)C(=O)c1nccs1,NC(=N)NCCC[C@@H](NC(=O)CN1CCN(CC1=O)S(=O)(=O)Cc1ccccc1)C(=O)c1nccs1,1.886056648,0.0,1,10.1093/nar/gkv1072,w16_s4_sequence_mean:449-464,449,464,YGIYTKVTAFLKWIDR,r2_b1066,2,1066,"[19, 20, 21, 22, 23, 24, 25]","[""cccc(C)c"", ""cccc(C)c""]",3.086362600326538,3.060155153274536,3.05009388923645,3.0249006748199463,0.026207447052001953,0.03626871109008789,0.0614619255065918,-0.0010142326354980469,yp+yl-y0-ypl,0794921c796ddbc878db48496780363fbc3a6e21eb11639b6ba5e5e4ceaa121b
2773,342,factor_xa_05,N=C(N)NCCC[C@@H](NC(=O)CN1CCN(S(=O)(=O)Cc2ccccc2)CC1=O)C(=O)c1nccs1,NC(=N)NCCC[C@@H](NC(=O)CN1CCN(CC1=O)S(=O)(=O)Cc1ccccc1)C(=O)c1nccs1,1.886056648,0.0,1,10.1093/nar/gkv1072,w16_s4_sequence_mean:449-464,449,464,YGIYTKVTAFLKWIDR,r3_b632,3,632,"[11, 12, 13, 15, 26, 27, 28]","[""CN(C)C(=O)CN""]",3.086362600326538,3.060155153274536,3.050506830215454,3.0260448455810547,0.026207447052001953,0.035855770111083984,0.0603177547454834,-0.001745462417602539,yp+yl-y0-ypl,0794921c796ddbc878db48496780363fbc3a6e21eb11639b6ba5e5e4ceaa121b
2773,342,factor_xa_05,N=C(N)NCCC[C@@H](NC(=O)CN1CCN(S(=O)(=O)Cc2ccccc2)CC1=O)C(=O)c1nccs1,NC(=N)NCCC[C@@H](NC(=O)CN1CCN(CC1=O)S(=O)(=O)Cc1ccccc1)C(=O)c1nccs1,1.886056648,0.0,1,10.1093/nar/gkv1072,w16_s4_sequence_mean:449-464,449,464,YGIYTKVTAFLKWIDR,r3_b5,3,5,"[16, 19, 20]","[""cCS""]",3.086362600326538,3.060155153274536,3.067060947418213,3.040864944458008,0.026207447052001953,0.019301652908325195,0.04549765586853027,-1.1444091796875e-05,yp+yl-y0-ypl,0794921c796ddbc878db48496780363fbc3a6e21eb11639b6ba5e5e4ceaa121b
2773,342,factor_xa_05,N=C(N)NCCC[C@@H](NC(=O)CN1CCN(S(=O)(=O)Cc2ccccc2)CC1=O)C(=O)c1nccs1,NC(=N)NCCC[C@@H](NC(=O)CN1CCN(CC1=O)S(=O)(=O)Cc1ccccc1)C(=O)c1nccs1,1.886056648,0.0,1,10.1093/nar/gkv1072,w16_s4_sequence_mean:449-464,449,464,YGIYTKVTAFLKWIDR,r2_b295,2,295,"[11, 12, 13, 14, 15, 27]","[""CN(C)CCN""]",3.086362600326538,3.060155153274536,3.0793659687042236,3.054044246673584,0.026207447052001953,0.006996631622314453,0.0323183536529541,-0.0008857250213623047,yp+yl-y0-ypl,0794921c796ddbc878db48496780363fbc3a6e21eb11639b6ba5e5e4ceaa121b
2773,342,factor_xa_05,N=C(N)NCCC[C@@H](NC(=O)CN1CCN(S(=O)(=O)Cc2ccccc2)CC1=O)C(=O)c1nccs1,NC(=N)NCCC[C@@H](NC(=O)CN1CCN(CC1=O)S(=O)(=O)Cc1ccccc1)C(=O)c1nccs1,1.886056648,0.0,1,10.1093/nar/gkv1072,w16_s4_sequence_mean:449-464,449,464,YGIYTKVTAFLKWIDR,r3_b1917,3,1917,"[9, 10, 29, 30]","[""C=O"", ""C=O""]",3.086362600326538,3.060155153274536,3.0619053840637207,3.0371460914611816,0.026207447052001953,0.024457216262817383,0.049216508865356445,-0.0014481544494628906,yp+yl-y0-ypl,0794921c796ddbc878db48496780363fbc3a6e21eb11639b6ba5e5e4ceaa121b
2773,342,factor_xa_05,N=C(N)NCCC[C@@H](NC(=O)CN1CCN(S(=O)(=O)Cc2ccccc2)CC1=O)C(=O)c1nccs1,NC(=N)NCCC[C@@H](NC(=O)CN1CCN(CC1=O)S(=O)(=O)Cc1ccccc1)C(=O)c1nccs1,1.886056648,0.0,1,10.1093/nar/gkv1072,w16_s4_sequence_mean:449-464,449,464,YGIYTKVTAFLKWIDR,r3_b80,3,80,"[4, 5, 6, 11, 19]","[""C"", ""C"", ""C"", ""C"", ""C""]",3.086362600326538,3.060155153274536,3.0626649856567383,3.0364267826080322,0.026207447052001953,0.023697614669799805,0.04993581771850586,3.075599670410156e-05,yp+yl-y0-ypl,0794921c796ddbc878db48496780363fbc3a6e21eb11639b6ba5e5e4ceaa121b
2773,342,factor_xa_05,N=C(N)NCCC[C@@H](NC(=O)CN1CCN(S(=O)(=O)Cc2ccccc2)CC1=O)C(=O)c1nccs1,NC(=N)NCCC[C@@H](NC(=O)CN1CCN(CC1=O)S(=O)(=O)Cc1ccccc1)C(=O)c1nccs1,1.886056648,0.0,1,10.1093/nar/gkv1072,w16_s4_sequence_mean:449-464,449,464,YGIYTKVTAFLKWIDR,r3_b1947,3,1947,"[20, 21, 22, 23, 24, 25]","[""c1ccccc1""]",3.086362600326538,3.060155153274536,3.0821774005889893,3.055544853210449,0.026207447052001953,0.004185199737548828,0.030817747116088867,0.00042510032653808594,yp+yl-y0-ypl,0794921c796ddbc878db48496780363fbc3a6e21eb11639b6ba5e5e4ceaa121b
2773,342,factor_xa_05,N=C(N)NCCC[C@@H](NC(=O)CN1CCN(S(=O)(=O)Cc2ccccc2)CC1=O)C(=O)c1nccs1,NC(=N)NCCC[C@@H](NC(=O)CN1CCN(CC1=O)S(=O)(=O)Cc1ccccc1)C(=O)c1nccs1,1.886056648,0.0,1,10.1093/nar/gkv1072,w16_s4_sequence_mean:449-464,449,464,YGIYTKVTAFLKWIDR,r2_b1567,2,1567,"[31, 34, 35]","[""csc""]",3.086362600326538,3.060155153274536,3.0638272762298584,3.038322687149048,0.026207447052001953,0.022535324096679688,0.048039913177490234,-0.0007028579711914062,yp+yl-y0-ypl,0794921c796ddbc878db48496780363fbc3a6e21eb11639b6ba5e5e4ceaa121b
2773,342,factor_xa_05,N=C(N)NCCC[C@@H](NC(=O)CN1CCN(S(=O)(=O)Cc2ccccc2)CC1=O)C(=O)c1nccs1,NC(=N)NCCC[C@@H](NC(=O)CN1CCN(CC1=O)S(=O)(=O)Cc1ccccc1)C(=O)c1nccs1,1.886056648,0.0,1,10.1093/nar/gkv1072,w16_s4_sequence_mean:273-288,273,288,TAAHCLYQAKRFKVRV,r3_b1066,3,1066,"[19, 20, 21, 22, 23, 24, 25]","[""cccc(C)c"", ""cccc(C)c""]",3.086362600326538,3.050954818725586,3.0503268241882324,3.015352249145508,0.03540778160095215,0.036035776138305664,0.07101035118103027,-0.00043320655822753906,yp+yl-y0-ypl,0794921c796ddbc878db48496780363fbc3a6e21eb11639b6ba5e5e4ceaa121b
2773,342,factor_xa_05,N=C(N)NCCC[C@@H](NC(=O)CN1CCN(S(=O)(=O)Cc2ccccc2)CC1=O)C(=O)c1nccs1,NC(=N)NCCC[C@@H](NC(=O)CN1CCN(CC1=O)S(=O)(=O)Cc1ccccc1)C(=O)c1nccs1,1.886056648,0.0,1,10.1093/nar/gkv1072,w16_s4_sequence_mean:273-288,273,288,TAAHCLYQAKRFKVRV,r3_b983,3,983,"[0, 1, 2, 3, 4, 5]","[""CCNC(=N)N""]",3.086362600326538,3.050954818725586,3.043131113052368,3.0068554878234863,0.03540778160095215,0.04323148727416992,0.07950711250305176,0.0008678436279296875,yp+yl-y0-ypl,0794921c796ddbc878db48496780363fbc3a6e21eb11639b6ba5e5e4ceaa121b
2773,342,factor_xa_05,N=C(N)NCCC[C@@H](NC(=O)CN1CCN(S(=O)(=O)Cc2ccccc2)CC1=O)C(=O)c1nccs1,NC(=N)NCCC[C@@H](NC(=O)CN1CCN(CC1=O)S(=O)(=O)Cc1ccccc1)C(=O)c1nccs1,1.886056648,0.0,1,10.1093/nar/gkv1072,w16_s4_sequence_mean:273-288,273,288,TAAHCLYQAKRFKVRV,r2_b1066,2,1066,"[19, 20, 21, 22, 23, 24, 25]","[""cccc(C)c"", ""cccc(C)c""]",3.086362600326538,3.050954818725586,3.05009388923645,3.01477313041687,0.03540778160095215,0.03626871109008789,0.07158946990966797,-8.702278137207031e-05,yp+yl-y0-ypl,0794921c796ddbc878db48496780363fbc3a6e21eb11639b6ba5e5e4ceaa121b
2773,342,factor_xa_05,N=C(N)NCCC[C@@H](NC(=O)CN1CCN(S(=O)(=O)Cc2ccccc2)CC1=O)C(=O)c1nccs1,NC(=N)NCCC[C@@H](NC(=O)CN1CCN(CC1=O)S(=O)(=O)Cc1ccccc1)C(=O)c1nccs1,1.886056648,0.0,1,10.1093/nar/gkv1072,w16_s4_sequence_mean:273-288,273,288,TAAHCLYQAKRFKVRV,r3_b632,3,632,"[11, 12, 13, 15, 26, 27, 28]","[""CN(C)C(=O)CN""]",3.086362600326538,3.050954818725586,3.050506830215454,3.015475273132324,0.03540778160095215,0.035855770111083984,0.07088732719421387,-0.0003762245178222656,yp+yl-y0-ypl,0794921c796ddbc878db48496780363fbc3a6e21eb11639b6ba5e5e4ceaa121b
2773,342,factor_xa_05,N=C(N)NCCC[C@@H](NC(=O)CN1CCN(S(=O)(=O)Cc2ccccc2)CC1=O)C(=O)c1nccs1,NC(=N)NCCC[C@@H](NC(=O)CN1CCN(CC1=O)S(=O)(=O)Cc1ccccc1)C(=O)c1nccs1,1.886056648,0.0,1,10.1093/nar/gkv1072,w16_s4_sequence_mean:273-288,273,288,TAAHCLYQAKRFKVRV,r3_b5,3,5,"[16, 19, 20]","[""cCS""]",3.086362600326538,3.050954818725586,3.067060947418213,3.031878709793091,0.03540778160095215,0.019301652908325195,0.054483890533447266,-0.00022554397583007812,yp+yl-y0-ypl,0794921c796ddbc878db48496780363fbc3a6e21eb11639b6ba5e5e4ceaa121b
2773,342,factor_xa_05,N=C(N)NCCC[C@@H](NC(=O)CN1CCN(S(=O)(=O)Cc2ccccc2)CC1=O)C(=O)c1nccs1,NC(=N)NCCC[C@@H](NC(=O)CN1CCN(CC1=O)S(=O)(=O)Cc1ccccc1)C(=O)c1nccs1,1.886056648,0.0,1,10.1093/nar/gkv1072,w16_s4_sequence_mean:273-288,273,288,TAAHCLYQAKRFKVRV,r2_b295,2,295,"[11, 12, 13, 14, 15, 27]","[""CN(C)CCN""]",3.086362600326538,3.050954818725586,3.0793659687042236,3.0438308715820312,0.03540778160095215,0.006996631622314453,0.042531728744506836,0.00012731552124023438,yp+yl-y0-ypl,0794921c796ddbc878db48496780363fbc3a6e21eb11639b6ba5e5e4ceaa121b
2773,342,factor_xa_05,N=C(N)NCCC[C@@H](NC(=O)CN1CCN(S(=O)(=O)Cc2ccccc2)CC1=O)C(=O)c1nccs1,NC(=N)NCCC[C@@H](NC(=O)CN1CCN(CC1=O)S(=O)(=O)Cc1ccccc1)C(=O)c1nccs1,1.886056648,0.0,1,10.1093/nar/gkv1072,w16_s4_sequence_mean:273-288,273,288,TAAHCLYQAKRFKVRV,r3_b1917,3,1917,"[9, 10, 29, 30]","[""C=O"", ""C=O""]",3.086362600326538,3.050954818725586,3.0619053840637207,3.026588201522827,0.03540778160095215,0.024457216262817383,0.05977439880371094,-9.059906005859375e-05,yp+yl-y0-ypl,0794921c796ddbc878db48496780363fbc3a6e21eb11639b6ba5e5e4ceaa121b
2773,342,factor_xa_05,N=C(N)NCCC[C@@H](NC(=O)CN1CCN(S(=O)(=O)Cc2ccccc2)CC1=O)C(=O)c1nccs1,NC(=N)NCCC[C@@H](NC(=O)CN1CCN(CC1=O)S(=O)(=O)Cc1ccccc1)C(=O)c1nccs1,1.886056648,0.0,1,10.1093/nar/gkv1072,w16_s4_sequence_mean:273-288,273,288,TAAHCLYQAKRFKVRV,r3_b80,3,80,"[4, 5, 6, 11, 19]","[""C"", ""C"", ""C"", ""C"", ""C""]",3.086362600326538,3.050954818725586,3.0626649856567383,3.0274884700775146,0.03540778160095215,0.023697614669799805,0.05887413024902344,-0.00023126602172851562,yp+yl-y0-ypl,0794921c796ddbc878db48496780363fbc3a6e21eb11639b6ba5e5e4ceaa121b
2773,342,factor_xa_05,N=C(N)NCCC[C@@H](NC(=O)CN1CCN(S(=O)(=O)Cc2ccccc2)CC1=O)C(=O)c1nccs1,NC(=N)NCCC[C@@H](NC(=O)CN1CCN(CC1=O)S(=O)(=O)Cc1ccccc1)C(=O)c1nccs1,1.886056648,0.0,1,10.1093/nar/gkv1072,w16_s4_sequence_mean:273-288,273,288,TAAHCLYQAKRFKVRV,r3_b1947,3,1947,"[20, 21, 22, 23, 24, 25]","[""c1ccccc1""]",3.086362600326538,3.050954818725586,3.0821774005889893,3.046508550643921,0.03540778160095215,0.004185199737548828,0.03985404968261719,0.00026106834411621094,yp+yl-y0-ypl,0794921c796ddbc878db48496780363fbc3a6e21eb11639b6ba5e5e4ceaa121b
2773,342,factor_xa_05,N=C(N)NCCC[C@@H](NC(=O)CN1CCN(S(=O)(=O)Cc2ccccc2)CC1=O)C(=O)c1nccs1,NC(=N)NCCC[C@@H](NC(=O)CN1CCN(CC1=O)S(=O)(=O)Cc1ccccc1)C(=O)c1nccs1,1.886056648,0.0,1,10.1093/nar/gkv1072,w16_s4_sequence_mean:273-288,273,288,TAAHCLYQAKRFKVRV,r2_b1567,2,1567,"[31, 34, 35]","[""csc""]",3.086362600326538,3.050954818725586,3.0638272762298584,3.030496597290039,0.03540778160095215,0.022535324096679688,0.05586600303649902,-0.0020771026611328125,yp+yl-y0-ypl,0794921c796ddbc878db48496780363fbc3a6e21eb11639b6ba5e5e4ceaa121b
2773,342,factor_xa_05,N=C(N)NCCC[C@@H](NC(=O)CN1CCN(S(=O)(=O)Cc2ccccc2)CC1=O)C(=O)c1nccs1,NC(=N)NCCC[C@@H](NC(=O)CN1CCN(CC1=O)S(=O)(=O)Cc1ccccc1)C(=O)c1nccs1,1.886056648,0.0,1,10.1093/nar/gkv1072,w16_s4_sequence_mean:269-284,269,284,FYILTAAHCLYQAKRF,r3_b1066,3,1066,"[19, 20, 21, 22, 23, 24, 25]","[""cccc(C)c"", ""cccc(C)c""]",3.086362600326538,3.0545783042907715,3.0503268241882324,3.0189177989959717,0.0317842960357666,0.036035776138305664,0.0674448013305664,-0.0003752708435058594,yp+yl-y0-ypl,0794921c796ddbc878db48496780363fbc3a6e21eb11639b6ba5e5e4ceaa121b
2773,342,factor_xa_05,N=C(N)NCCC[C@@H](NC(=O)CN1CCN(S(=O)(=O)Cc2ccccc2)CC1=O)C(=O)c1nccs1,NC(=N)NCCC[C@@H](NC(=O)CN1CCN(CC1=O)S(=O)(=O)Cc1ccccc1)C(=O)c1nccs1,1.886056648,0.0,1,10.1093/nar/gkv1072,w16_s4_sequence_mean:269-284,269,284,FYILTAAHCLYQAKRF,r3_b983,3,983,"[0, 1, 2, 3, 4, 5]","[""CCNC(=N)N""]",3.086362600326538,3.0545783042907715,3.043131113052368,3.010563611984253,0.0317842960357666,0.04323148727416992,0.07579898834228516,0.0007832050323486328,yp+yl-y0-ypl,0794921c796ddbc878db48496780363fbc3a6e21eb11639b6ba5e5e4ceaa121b
2773,342,factor_xa_05,N=C(N)NCCC[C@@H](NC(=O)CN1CCN(S(=O)(=O)Cc2ccccc2)CC1=O)C(=O)c1nccs1,NC(=N)NCCC[C@@H](NC(=O)CN1CCN(CC1=O)S(=O)(=O)Cc1ccccc1)C(=O)c1nccs1,1.886056648,0.0,1,10.1093/nar/gkv1072,w16_s4_sequence_mean:269-284,269,284,FYILTAAHCLYQAKRF,r2_b1066,2,1066,"[19, 20, 21, 22, 23, 24, 25]","[""cccc(C)c"", ""cccc(C)c""]",3.086362600326538,3.0545783042907715,3.05009388923645,3.0182340145111084,0.0317842960357666,0.03626871109008789,0.06812858581542969,7.557868957519531e-05,yp+yl-y0-ypl,0794921c796ddbc878db48496780363fbc3a6e21eb11639b6ba5e5e4ceaa121b
2773,342,factor_xa_05,N=C(N)NCCC[C@@H](NC(=O)CN1CCN(S(=O)(=O)Cc2ccccc2)CC1=O)C(=O)c1nccs1,NC(=N)NCCC[C@@H](NC(=O)CN1CCN(CC1=O)S(=O)(=O)Cc1ccccc1)C(=O)c1nccs1,1.886056648,0.0,1,10.1093/nar/gkv1072,w16_s4_sequence_mean:269-284,269,284,FYILTAAHCLYQAKRF,r3_b632,3,632,"[11, 12, 13, 15, 26, 27, 28]","[""CN(C)C(=O)CN""]",3.086362600326538,3.0545783042907715,3.050506830215454,3.0193698406219482,0.0317842960357666,0.035855770111083984,0.06699275970458984,-0.0006473064422607422,yp+yl-y0-ypl,0794921c796ddbc878db48496780363fbc3a6e21eb11639b6ba5e5e4ceaa121b
2773,342,factor_xa_05,N=C(N)NCCC[C@@H](NC(=O)CN1CCN(S(=O)(=O)Cc2ccccc2)CC1=O)C(=O)c1nccs1,NC(=N)NCCC[C@@H](NC(=O)CN1CCN(CC1=O)S(=O)(=O)Cc1ccccc1)C(=O)c1nccs1,1.886056648,0.0,1,10.1093/nar/gkv1072,w16_s4_sequence_mean:269-284,269,284,FYILTAAHCLYQAKRF,r3_b5,3,5,"[16, 19, 20]","[""cCS""]",3.086362600326538,3.0545783042907715,3.067060947418213,3.0354483127593994,0.0317842960357666,0.019301652908325195,0.05091428756713867,-0.000171661376953125,yp+yl-y0-ypl,0794921c796ddbc878db48496780363fbc3a6e21eb11639b6ba5e5e4ceaa121b
2773,342,factor_xa_05,N=C(N)NCCC[C@@H](NC(=O)CN1CCN(S(=O)(=O)Cc2ccccc2)CC1=O)C(=O)c1nccs1,NC(=N)NCCC[C@@H](NC(=O)CN1CCN(CC1=O)S(=O)(=O)Cc1ccccc1)C(=O)c1nccs1,1.886056648,0.0,1,10.1093/nar/gkv1072,w16_s4_sequence_mean:269-284,269,284,FYILTAAHCLYQAKRF,r2_b295,2,295,"[11, 12, 13, 14, 15, 27]","[""CN(C)CCN""]",3.086362600326538,3.0545783042907715,3.0793659687042236,3.048058271408081,0.0317842960357666,0.006996631622314453,0.03830432891845703,-0.00047659873962402344,yp+yl-y0-ypl,0794921c796ddbc878db48496780363fbc3a6e21eb11639b6ba5e5e4ceaa121b
2773,342,factor_xa_05,N=C(N)NCCC[C@@H](NC(=O)CN1CCN(S(=O)(=O)Cc2ccccc2)CC1=O)C(=O)c1nccs1,NC(=N)NCCC[C@@H](NC(=O)CN1CCN(CC1=O)S(=O)(=O)Cc1ccccc1)C(=O)c1nccs1,1.886056648,0.0,1,10.1093/nar/gkv1072,w16_s4_sequence_mean:269-284,269,284,FYILTAAHCLYQAKRF,r3_b1917,3,1917,"[9, 10, 29, 30]","[""C=O"", ""C=O""]",3.086362600326538,3.0545783042907715,3.0619053840637207,3.0308825969696045,0.0317842960357666,0.024457216262817383,0.055480003356933594,-0.0007615089416503906,yp+yl-y0-ypl,0794921c796ddbc878db48496780363fbc3a6e21eb11639b6ba5e5e4ceaa121b
2773,342,factor_xa_05,N=C(N)NCCC[C@@H](NC(=O)CN1CCN(S(=O)(=O)Cc2ccccc2)CC1=O)C(=O)c1nccs1,NC(=N)NCCC[C@@H](NC(=O)CN1CCN(CC1=O)S(=O)(=O)Cc1ccccc1)C(=O)c1nccs1,1.886056648,0.0,1,10.1093/nar/gkv1072,w16_s4_sequence_mean:269-284,269,284,FYILTAAHCLYQAKRF,r3_b80,3,80,"[4, 5, 6, 11, 19]","[""C"", ""C"", ""C"", ""C"", ""C""]",3.086362600326538,3.0545783042907715,3.0626649856567383,3.0312163829803467,0.0317842960357666,0.023697614669799805,0.055146217346191406,-0.000335693359375,yp+yl-y0-ypl,0794921c796ddbc878db48496780363fbc3a6e21eb11639b6ba5e5e4ceaa121b
2773,342,factor_xa_05,N=C(N)NCCC[C@@H](NC(=O)CN1CCN(S(=O)(=O)Cc2ccccc2)CC1=O)C(=O)c1nccs1,NC(=N)NCCC[C@@H](NC(=O)CN1CCN(CC1=O)S(=O)(=O)Cc1ccccc1)C(=O)c1nccs1,1.886056648,0.0,1,10.1093/nar/gkv1072,w16_s4_sequence_mean:269-284,269,284,FYILTAAHCLYQAKRF,r3_b1947,3,1947,"[20, 21, 22, 23, 24, 25]","[""c1ccccc1""]",3.086362600326538,3.0545783042907715,3.0821774005889893,3.0501813888549805,0.0317842960357666,0.004185199737548828,0.03618121147155762,0.0002117156982421875,yp+yl-y0-ypl,0794921c796ddbc878db48496780363fbc3a6e21eb11639b6ba5e5e4ceaa121b
2773,342,factor_xa_05,N=C(N)NCCC[C@@H](NC(=O)CN1CCN(S(=O)(=O)Cc2ccccc2)CC1=O)C(=O)c1nccs1,NC(=N)NCCC[C@@H](NC(=O)CN1CCN(CC1=O)S(=O)(=O)Cc1ccccc1)C(=O)c1nccs1,1.886056648,0.0,1,10.1093/nar/gkv1072,w16_s4_sequence_mean:269-284,269,284,FYILTAAHCLYQAKRF,r2_b1567,2,1567,"[31, 34, 35]","[""csc""]",3.086362600326538,3.0545783042907715,3.0638272762298584,3.034010648727417,0.0317842960357666,0.022535324096679688,0.052351951599121094,-0.0019676685333251953,yp+yl-y0-ypl,0794921c796ddbc878db48496780363fbc3a6e21eb11639b6ba5e5e4ceaa121b
2773,342,factor_xa_05,N=C(N)NCCC[C@@H](NC(=O)CN1CCN(S(=O)(=O)Cc2ccccc2)CC1=O)C(=O)c1nccs1,NC(=N)NCCC[C@@H](NC(=O)CN1CCN(CC1=O)S(=O)(=O)Cc1ccccc1)C(=O)c1nccs1,1.886056648,0.0,1,10.1093/nar/gkv1072,w16_s4_sequence_mean:457-472,457,472,AFLKWIDRSMKTRGLP,r3_b1066,3,1066,"[19, 20, 21, 22, 23, 24, 25]","[""cccc(C)c"", ""cccc(C)c""]",3.086362600326538,3.0620369911193848,3.0503268241882324,3.0260846614837646,0.02432560920715332,0.036035776138305664,0.06027793884277344,-8.344650268554688e-05,yp+yl-y0-ypl,0794921c796ddbc878db48496780363fbc3a6e21eb11639b6ba5e5e4ceaa121b
2773,342,factor_xa_05,N=C(N)NCCC[C@@H](NC(=O)CN1CCN(S(=O)(=O)Cc2ccccc2)CC1=O)C(=O)c1nccs1,NC(=N)NCCC[C@@H](NC(=O)CN1CCN(CC1=O)S(=O)(=O)Cc1ccccc1)C(=O)c1nccs1,1.886056648,0.0,1,10.1093/nar/gkv1072,w16_s4_sequence_mean:457-472,457,472,AFLKWIDRSMKTRGLP,r3_b983,3,983,"[0, 1, 2, 3, 4, 5]","[""CCNC(=N)N""]",3.086362600326538,3.0620369911193848,3.043131113052368,3.0184876918792725,0.02432560920715332,0.04323148727416992,0.06787490844726562,0.0003178119659423828,yp+yl-y0-ypl,0794921c796ddbc878db48496780363fbc3a6e21eb11639b6ba5e5e4ceaa121b
2773,342,factor_xa_05,N=C(N)NCCC[C@@H](NC(=O)CN1CCN(S(=O)(=O)Cc2ccccc2)CC1=O)C(=O)c1nccs1,NC(=N)NCCC[C@@H](NC(=O)CN1CCN(CC1=O)S(=O)(=O)Cc1ccccc1)C(=O)c1nccs1,1.886056648,0.0,1,10.1093/nar/gkv1072,w16_s4_sequence_mean:457-472,457,472,AFLKWIDRSMKTRGLP,r2_b1066,2,1066,"[19, 20, 21, 22, 23, 24, 25]","[""cccc(C)c"", ""cccc(C)c""]",3.086362600326538,3.0620369911193848,3.05009388923645,3.0267388820648193,0.02432560920715332,0.03626871109008789,0.05962371826171875,-0.0009706020355224609,yp+yl-y0-ypl,0794921c796ddbc878db48496780363fbc3a6e21eb11639b6ba5e5e4ceaa121b
2773,342,factor_xa_05,N=C(N)NCCC[C@@H](NC(=O)CN1CCN(S(=O)(=O)Cc2ccccc2)CC1=O)C(=O)c1nccs1,NC(=N)NCCC[C@@H](NC(=O)CN1CCN(CC1=O)S(=O)(=O)Cc1ccccc1)C(=O)c1nccs1,1.886056648,0.0,1,10.1093/nar/gkv1072,w16_s4_sequence_mean:457-472,457,472,AFLKWIDRSMKTRGLP,r3_b632,3,632,"[11, 12, 13, 15, 26, 27, 28]","[""CN(C)C(=O)CN""]",3.086362600326538,3.0620369911193848,3.050506830215454,3.027082681655884,0.02432560920715332,0.035855770111083984,0.0592799186706543,-0.0009014606475830078,yp+yl-y0-ypl,0794921c796ddbc878db48496780363fbc3a6e21eb11639b6ba5e5e4ceaa121b
2773,342,factor_xa_05,N=C(N)NCCC[C@@H](NC(=O)CN1CCN(S(=O)(=O)Cc2ccccc2)CC1=O)C(=O)c1nccs1,NC(=N)NCCC[C@@H](NC(=O)CN1CCN(CC1=O)S(=O)(=O)Cc1ccccc1)C(=O)c1nccs1,1.886056648,0.0,1,10.1093/nar/gkv1072,w16_s4_sequence_mean:457-472,457,472,AFLKWIDRSMKTRGLP,r3_b5,3,5,"[16, 19, 20]","[""cCS""]",3.086362600326538,3.0620369911193848,3.067060947418213,3.042828321456909,0.02432560920715332,0.019301652908325195,0.043534278869628906,-9.298324584960938e-05,yp+yl-y0-ypl,0794921c796ddbc878db48496780363fbc3a6e21eb11639b6ba5e5e4ceaa121b
2773,342,factor_xa_05,N=C(N)NCCC[C@@H](NC(=O)CN1CCN(S(=O)(=O)Cc2ccccc2)CC1=O)C(=O)c1nccs1,NC(=N)NCCC[C@@H](NC(=O)CN1CCN(CC1=O)S(=O)(=O)Cc1ccccc1)C(=O)c1nccs1,1.886056648,0.0,1,10.1093/nar/gkv1072,w16_s4_sequence_mean:457-472,457,472,AFLKWIDRSMKTRGLP,r2_b295,2,295,"[11, 12, 13, 14, 15, 27]","[""CN(C)CCN""]",3.086362600326538,3.0620369911193848,3.0793659687042236,3.055403470993042,0.02432560920715332,0.006996631622314453,0.030959129333496094,-0.0003631114959716797,yp+yl-y0-ypl,0794921c796ddbc878db48496780363fbc3a6e21eb11639b6ba5e5e4ceaa121b
2773,342,factor_xa_05,N=C(N)NCCC[C@@H](NC(=O)CN1CCN(S(=O)(=O)Cc2ccccc2)CC1=O)C(=O)c1nccs1,NC(=N)NCCC[C@@H](NC(=O)CN1CCN(CC1=O)S(=O)(=O)Cc1ccccc1)C(=O)c1nccs1,1.886056648,0.0,1,10.1093/nar/gkv1072,w16_s4_sequence_mean:457-472,457,472,AFLKWIDRSMKTRGLP,r3_b1917,3,1917,"[9, 10, 29, 30]","[""C=O"", ""C=O""]",3.086362600326538,3.0620369911193848,3.0619053840637207,3.0375120639801025,0.02432560920715332,0.024457216262817383,0.04885053634643555,6.771087646484375e-05,yp+yl-y0-ypl,0794921c796ddbc878db48496780363fbc3a6e21eb11639b6ba5e5e4ceaa121b
2773,342,factor_xa_05,N=C(N)NCCC[C@@H](NC(=O)CN1CCN(S(=O)(=O)Cc2ccccc2)CC1=O)C(=O)c1nccs1,NC(=N)NCCC[C@@H](NC(=O)CN1CCN(CC1=O)S(=O)(=O)Cc1ccccc1)C(=O)c1nccs1,1.886056648,0.0,1,10.1093/nar/gkv1072,w16_s4_sequence_mean:457-472,457,472,AFLKWIDRSMKTRGLP,r3_b80,3,80,"[4, 5, 6, 11, 19]","[""C"", ""C"", ""C"", ""C"", ""C""]",3.086362600326538,3.0620369911193848,3.0626649856567383,3.0376038551330566,0.02432560920715332,0.023697614669799805,0.048758745193481445,0.0007355213165283203,yp+yl-y0-ypl,0794921c796ddbc878db48496780363fbc3a6e21eb11639b6ba5e5e4ceaa121b
2773,342,factor_xa_05,N=C(N)NCCC[C@@H](NC(=O)CN1CCN(S(=O)(=O)Cc2ccccc2)CC1=O)C(=O)c1nccs1,NC(=N)NCCC[C@@H](NC(=O)CN1CCN(CC1=O)S(=O)(=O)Cc1ccccc1)C(=O)c1nccs1,1.886056648,0.0,1,10.1093/nar/gkv1072,w16_s4_sequence_mean:457-472,457,472,AFLKWIDRSMKTRGLP,r3_b1947,3,1947,"[20, 21, 22, 23, 24, 25]","[""c1ccccc1""]",3.086362600326538,3.0620369911193848,3.0821774005889893,3.057265520095825,0.02432560920715332,0.004185199737548828,0.02909708023071289,0.0005862712860107422,yp+yl-y0-ypl,0794921c796ddbc878db48496780363fbc3a6e21eb11639b6ba5e5e4ceaa121b
2773,342,factor_xa_05,N=C(N)NCCC[C@@H](NC(=O)CN1CCN(S(=O)(=O)Cc2ccccc2)CC1=O)C(=O)c1nccs1,NC(=N)NCCC[C@@H](NC(=O)CN1CCN(CC1=O)S(=O)(=O)Cc1ccccc1)C(=O)c1nccs1,1.886056648,0.0,1,10.1093/nar/gkv1072,w16_s4_sequence_mean:457-472,457,472,AFLKWIDRSMKTRGLP,r2_b1567,2,1567,"[31, 34, 35]","[""csc""]",3.086362600326538,3.0620369911193848,3.0638272762298584,3.0398049354553223,0.02432560920715332,0.022535324096679688,0.04655766487121582,-0.0003032684326171875,yp+yl-y0-ypl,0794921c796ddbc878db48496780363fbc3a6e21eb11639b6ba5e5e4ceaa121b
2773,342,factor_xa_05,N=C(N)NCCC[C@@H](NC(=O)CN1CCN(S(=O)(=O)Cc2ccccc2)CC1=O)C(=O)c1nccs1,NC(=N)NCCC[C@@H](NC(=O)CN1CCN(CC1=O)S(=O)(=O)Cc1ccccc1)C(=O)c1nccs1,1.886056648,0.0,1,10.1093/nar/gkv1072,w16_s4_sequence_mean:461-476,461,476,WIDRSMKTRGLPKAKS,r3_b1066,3,1066,"[19, 20, 21, 22, 23, 24, 25]","[""cccc(C)c"", ""cccc(C)c""]",3.086362600326538,3.0620110034942627,3.0503268241882324,3.02608060836792,0.02435159683227539,0.036035776138305664,0.060281991958618164,-0.00010538101196289062,yp+yl-y0-ypl,0794921c796ddbc878db48496780363fbc3a6e21eb11639b6ba5e5e4ceaa121b
2773,342,factor_xa_05,N=C(N)NCCC[C@@H](NC(=O)CN1CCN(S(=O)(=O)Cc2ccccc2)CC1=O)C(=O)c1nccs1,NC(=N)NCCC[C@@H](NC(=O)CN1CCN(CC1=O)S(=O)(=O)Cc1ccccc1)C(=O)c1nccs1,1.886056648,0.0,1,10.1093/nar/gkv1072,w16_s4_sequence_mean:461-476,461,476,WIDRSMKTRGLPKAKS,r3_b983,3,983,"[0, 1, 2, 3, 4, 5]","[""CCNC(=N)N""]",3.086362600326538,3.0620110034942627,3.043131113052368,3.018512010574341,0.02435159683227539,0.04323148727416992,0.06785058975219727,0.0002675056457519531,yp+yl-y0-ypl,0794921c796ddbc878db48496780363fbc3a6e21eb11639b6ba5e5e4ceaa121b
2773,342,factor_xa_05,N=C(N)NCCC[C@@H](NC(=O)CN1CCN(S(=O)(=O)Cc2ccccc2)CC1=O)C(=O)c1nccs1,NC(=N)NCCC[C@@H](NC(=O)CN1CCN(CC1=O)S(=O)(=O)Cc1ccccc1)C(=O)c1nccs1,1.886056648,0.0,1,10.1093/nar/gkv1072,w16_s4_sequence_mean:461-476,461,476,WIDRSMKTRGLPKAKS,r2_b1066,2,1066,"[19, 20, 21, 22, 23, 24, 25]","[""cccc(C)c"", ""cccc(C)c""]",3.086362600326538,3.0620110034942627,3.05009388923645,3.026585817337036,0.02435159683227539,0.03626871109008789,0.05977678298950195,-0.0008435249328613281,yp+yl-y0-ypl,0794921c796ddbc878db48496780363fbc3a6e21eb11639b6ba5e5e4ceaa121b
2773,342,factor_xa_05,N=C(N)NCCC[C@@H](NC(=O)CN1CCN(S(=O)(=O)Cc2ccccc2)CC1=O)C(=O)c1nccs1,NC(=N)NCCC[C@@H](NC(=O)CN1CCN(CC1=O)S(=O)(=O)Cc1ccccc1)C(=O)c1nccs1,1.886056648,0.0,1,10.1093/nar/gkv1072,w16_s4_sequence_mean:461-476,461,476,WIDRSMKTRGLPKAKS,r3_b632,3,632,"[11, 12, 13, 15, 26, 27, 28]","[""CN(C)C(=O)CN""]",3.086362600326538,3.0620110034942627,3.050506830215454,3.0268170833587646,0.02435159683227539,0.035855770111083984,0.05954551696777344,-0.0006618499755859375,yp+yl-y0-ypl,0794921c796ddbc878db48496780363fbc3a6e21eb11639b6ba5e5e4ceaa121b
2773,342,factor_xa_05,N=C(N)NCCC[C@@H](NC(=O)CN1CCN(S(=O)(=O)Cc2ccccc2)CC1=O)C(=O)c1nccs1,NC(=N)NCCC[C@@H](NC(=O)CN1CCN(CC1=O)S(=O)(=O)Cc1ccccc1)C(=O)c1nccs1,1.886056648,0.0,1,10.1093/nar/gkv1072,w16_s4_sequence_mean:461-476,461,476,WIDRSMKTRGLPKAKS,r3_b5,3,5,"[16, 19, 20]","[""cCS""]",3.086362600326538,3.0620110034942627,3.067060947418213,3.0428242683410645,0.02435159683227539,0.019301652908325195,0.04353833198547363,-0.00011491775512695312,yp+yl-y0-ypl,0794921c796ddbc878db48496780363fbc3a6e21eb11639b6ba5e5e4ceaa121b
2773,342,factor_xa_05,N=C(N)NCCC[C@@H](NC(=O)CN1CCN(S(=O)(=O)Cc2ccccc2)CC1=O)C(=O)c1nccs1,NC(=N)NCCC[C@@H](NC(=O)CN1CCN(CC1=O)S(=O)(=O)Cc1ccccc1)C(=O)c1nccs1,1.886056648,0.0,1,10.1093/nar/gkv1072,w16_s4_sequence_mean:461-476,461,476,WIDRSMKTRGLPKAKS,r2_b295,2,295,"[11, 12, 13, 14, 15, 27]","[""CN(C)CCN""]",3.086362600326538,3.0620110034942627,3.0793659687042236,3.055485486984253,0.02435159683227539,0.006996631622314453,0.030877113342285156,-0.0004711151123046875,yp+yl-y0-ypl,0794921c796ddbc878db48496780363fbc3a6e21eb11639b6ba5e5e4ceaa121b
2773,342,factor_xa_05,N=C(N)NCCC[C@@H](NC(=O)CN1CCN(S(=O)(=O)Cc2ccccc2)CC1=O)C(=O)c1nccs1,NC(=N)NCCC[C@@H](NC(=O)CN1CCN(CC1=O)S(=O)(=O)Cc1ccccc1)C(=O)c1nccs1,1.886056648,0.0,1,10.1093/nar/gkv1072,w16_s4_sequence_mean:461-476,461,476,WIDRSMKTRGLPKAKS,r3_b1917,3,1917,"[9, 10, 29, 30]","[""C=O"", ""C=O""]",3.086362600326538,3.0620110034942627,3.0619053840637207,3.03751540184021,0.02435159683227539,0.024457216262817383,0.048847198486328125,3.838539123535156e-05,yp+yl-y0-ypl,0794921c796ddbc878db48496780363fbc3a6e21eb11639b6ba5e5e4ceaa121b
2773,342,factor_xa_05,N=C(N)NCCC[C@@H](NC(=O)CN1CCN(S(=O)(=O)Cc2ccccc2)CC1=O)C(=O)c1nccs1,NC(=N)NCCC[C@@H](NC(=O)CN1CCN(CC1=O)S(=O)(=O)Cc1ccccc1)C(=O)c1nccs1,1.886056648,0.0,1,10.1093/nar/gkv1072,w16_s4_sequence_mean:461-476,461,476,WIDRSMKTRGLPKAKS,r3_b80,3,80,"[4, 5, 6, 11, 19]","[""C"", ""C"", ""C"", ""C"", ""C""]",3.086362600326538,3.0620110034942627,3.0626649856567383,3.0375239849090576,0.02435159683227539,0.023697614669799805,0.04883861541748047,0.0007894039154052734,yp+yl-y0-ypl,0794921c796ddbc878db48496780363fbc3a6e21eb11639b6ba5e5e4ceaa121b
2773,342,factor_xa_05,N=C(N)NCCC[C@@H](NC(=O)CN1CCN(S(=O)(=O)Cc2ccccc2)CC1=O)C(=O)c1nccs1,NC(=N)NCCC[C@@H](NC(=O)CN1CCN(CC1=O)S(=O)(=O)Cc1ccccc1)C(=O)c1nccs1,1.886056648,0.0,1,10.1093/nar/gkv1072,w16_s4_sequence_mean:461-476,461,476,WIDRSMKTRGLPKAKS,r3_b1947,3,1947,"[20, 21, 22, 23, 24, 25]","[""c1ccccc1""]",3.086362600326538,3.0620110034942627,3.0821774005889893,3.057281255722046,0.02435159683227539,0.004185199737548828,0.029081344604492188,0.0005445480346679688,yp+yl-y0-ypl,0794921c796ddbc878db48496780363fbc3a6e21eb11639b6ba5e5e4ceaa121b
2773,342,factor_xa_05,N=C(N)NCCC[C@@H](NC(=O)CN1CCN(S(=O)(=O)Cc2ccccc2)CC1=O)C(=O)c1nccs1,NC(=N)NCCC[C@@H](NC(=O)CN1CCN(CC1=O)S(=O)(=O)Cc1ccccc1)C(=O)c1nccs1,1.886056648,0.0,1,10.1093/nar/gkv1072,w16_s4_sequence_mean:461-476,461,476,WIDRSMKTRGLPKAKS,r2_b1567,2,1567,"[31, 34, 35]","[""csc""]",3.086362600326538,3.0620110034942627,3.0638272762298584,3.03949236869812,0.02435159683227539,0.022535324096679688,0.04687023162841797,-1.6689300537109375e-05,yp+yl-y0-ypl,0794921c796ddbc878db48496780363fbc3a6e21eb11639b6ba5e5e4ceaa121b
2773,342,factor_xa_05,N=C(N)NCCC[C@@H](NC(=O)CN1CCN(S(=O)(=O)Cc2ccccc2)CC1=O)C(=O)c1nccs1,NC(=N)NCCC[C@@H](NC(=O)CN1CCN(CC1=O)S(=O)(=O)Cc1ccccc1)C(=O)c1nccs1,1.886056648,0.0,1,10.1093/nar/gkv1072,w16_s4_sequence_mean:221-236,221,236,NQTQPERGDNNLTRIV,r3_b1066,3,1066,"[19, 20, 21, 22, 23, 24, 25]","[""cccc(C)c"", ""cccc(C)c""]",3.086362600326538,3.0597918033599854,3.0503268241882324,3.024367332458496,0.026570796966552734,0.036035776138305664,0.06199526786804199,-0.0006113052368164062,yp+yl-y0-ypl,0794921c796ddbc878db48496780363fbc3a6e21eb11639b6ba5e5e4ceaa121b
2773,342,factor_xa_05,N=C(N)NCCC[C@@H](NC(=O)CN1CCN(S(=O)(=O)Cc2ccccc2)CC1=O)C(=O)c1nccs1,NC(=N)NCCC[C@@H](NC(=O)CN1CCN(CC1=O)S(=O)(=O)Cc1ccccc1)C(=O)c1nccs1,1.886056648,0.0,1,10.1093/nar/gkv1072,w16_s4_sequence_mean:221-236,221,236,NQTQPERGDNNLTRIV,r3_b983,3,983,"[0, 1, 2, 3, 4, 5]","[""CCNC(=N)N""]",3.086362600326538,3.0597918033599854,3.043131113052368,3.016730785369873,0.026570796966552734,0.04323148727416992,0.06963181495666504,-0.0001704692840576172,yp+yl-y0-ypl,0794921c796ddbc878db48496780363fbc3a6e21eb11639b6ba5e5e4ceaa121b
2773,342,factor_xa_05,N=C(N)NCCC[C@@H](NC(=O)CN1CCN(S(=O)(=O)Cc2ccccc2)CC1=O)C(=O)c1nccs1,NC(=N)NCCC[C@@H](NC(=O)CN1CCN(CC1=O)S(=O)(=O)Cc1ccccc1)C(=O)c1nccs1,1.886056648,0.0,1,10.1093/nar/gkv1072,w16_s4_sequence_mean:221-236,221,236,NQTQPERGDNNLTRIV,r2_b1066,2,1066,"[19, 20, 21, 22, 23, 24, 25]","[""cccc(C)c"", ""cccc(C)c""]",3.086362600326538,3.0597918033599854,3.05009388923645,3.0244300365448,0.026570796966552734,0.03626871109008789,0.06193256378173828,-0.0009069442749023438,yp+yl-y0-ypl,0794921c796ddbc878db48496780363fbc3a6e21eb11639b6ba5e5e4ceaa121b
2773,342,factor_xa_05,N=C(N)NCCC[C@@H](NC(=O)CN1CCN(S(=O)(=O)Cc2ccccc2)CC1=O)C(=O)c1nccs1,NC(=N)NCCC[C@@H](NC(=O)CN1CCN(CC1=O)S(=O)(=O)Cc1ccccc1)C(=O)c1nccs1,1.886056648,0.0,1,10.1093/nar/gkv1072,w16_s4_sequence_mean:221-236,221,236,NQTQPERGDNNLTRIV,r3_b632,3,632,"[11, 12, 13, 15, 26, 27, 28]","[""CN(C)C(=O)CN""]",3.086362600326538,3.0597918033599854,3.050506830215454,3.024186849594116,0.026570796966552734,0.035855770111083984,0.062175750732421875,-0.00025081634521484375,yp+yl-y0-ypl,0794921c796ddbc878db48496780363fbc3a6e21eb11639b6ba5e5e4ceaa121b
2773,342,factor_xa_05,N=C(N)NCCC[C@@H](NC(=O)CN1CCN(S(=O)(=O)Cc2ccccc2)CC1=O)C(=O)c1nccs1,NC(=N)NCCC[C@@H](NC(=O)CN1CCN(CC1=O)S(=O)(=O)Cc1ccccc1)C(=O)c1nccs1,1.886056648,0.0,1,10.1093/nar/gkv1072,w16_s4_sequence_mean:221-236,221,236,NQTQPERGDNNLTRIV,r3_b5,3,5,"[16, 19, 20]","[""cCS""]",3.086362600326538,3.0597918033599854,3.067060947418213,3.0404398441314697,0.026570796966552734,0.019301652908325195,0.04592275619506836,5.030632019042969e-05,yp+yl-y0-ypl,0794921c796ddbc878db48496780363fbc3a6e21eb11639b6ba5e5e4ceaa121b
2773,342,factor_xa_05,N=C(N)NCCC[C@@H](NC(=O)CN1CCN(S(=O)(=O)Cc2ccccc2)CC1=O)C(=O)c1nccs1,NC(=N)NCCC[C@@H](NC(=O)CN1CCN(CC1=O)S(=O)(=O)Cc1ccccc1)C(=O)c1nccs1,1.886056648,0.0,1,10.1093/nar/gkv1072,w16_s4_sequence_mean:221-236,221,236,NQTQPERGDNNLTRIV,r2_b295,2,295,"[11, 12, 13, 14, 15, 27]","[""CN(C)CCN""]",3.086362600326538,3.0597918033599854,3.0793659687042236,3.05224871635437,0.026570796966552734,0.006996631622314453,0.03411388397216797,0.0005464553833007812,yp+yl-y0-ypl,0794921c796ddbc878db48496780363fbc3a6e21eb11639b6ba5e5e4ceaa121b
2773,342,factor_xa_05,N=C(N)NCCC[C@@H](NC(=O)CN1CCN(S(=O)(=O)Cc2ccccc2)CC1=O)C(=O)c1nccs1,NC(=N)NCCC[C@@H](NC(=O)CN1CCN(CC1=O)S(=O)(=O)Cc1ccccc1)C(=O)c1nccs1,1.886056648,0.0,1,10.1093/nar/gkv1072,w16_s4_sequence_mean:221-236,221,236,NQTQPERGDNNLTRIV,r3_b1917,3,1917,"[9, 10, 29, 30]","[""C=O"", ""C=O""]",3.086362600326538,3.0597918033599854,3.0619053840637207,3.035254716873169,0.026570796966552734,0.024457216262817383,0.05110788345336914,7.987022399902344e-05,yp+yl-y0-ypl,0794921c796ddbc878db48496780363fbc3a6e21eb11639b6ba5e5e4ceaa121b
2773,342,factor_xa_05,N=C(N)NCCC[C@@H](NC(=O)CN1CCN(S(=O)(=O)Cc2ccccc2)CC1=O)C(=O)c1nccs1,NC(=N)NCCC[C@@H](NC(=O)CN1CCN(CC1=O)S(=O)(=O)Cc1ccccc1)C(=O)c1nccs1,1.886056648,0.0,1,10.1093/nar/gkv1072,w16_s4_sequence_mean:221-236,221,236,NQTQPERGDNNLTRIV,r3_b80,3,80,"[4, 5, 6, 11, 19]","[""C"", ""C"", ""C"", ""C"", ""C""]",3.086362600326538,3.0597918033599854,3.0626649856567383,3.0360097885131836,0.026570796966552734,0.023697614669799805,0.05035281181335449,8.440017700195312e-05,yp+yl-y0-ypl,0794921c796ddbc878db48496780363fbc3a6e21eb11639b6ba5e5e4ceaa121b
2773,342,factor_xa_05,N=C(N)NCCC[C@@H](NC(=O)CN1CCN(S(=O)(=O)Cc2ccccc2)CC1=O)C(=O)c1nccs1,NC(=N)NCCC[C@@H](NC(=O)CN1CCN(CC1=O)S(=O)(=O)Cc1ccccc1)C(=O)c1nccs1,1.886056648,0.0,1,10.1093/nar/gkv1072,w16_s4_sequence_mean:221-236,221,236,NQTQPERGDNNLTRIV,r3_b1947,3,1947,"[20, 21, 22, 23, 24, 25]","[""c1ccccc1""]",3.086362600326538,3.0597918033599854,3.0821774005889893,3.0555918216705322,0.026570796966552734,0.004185199737548828,0.03077077865600586,1.4781951904296875e-05,yp+yl-y0-ypl,0794921c796ddbc878db48496780363fbc3a6e21eb11639b6ba5e5e4ceaa121b
2773,342,factor_xa_05,N=C(N)NCCC[C@@H](NC(=O)CN1CCN(S(=O)(=O)Cc2ccccc2)CC1=O)C(=O)c1nccs1,NC(=N)NCCC[C@@H](NC(=O)CN1CCN(CC1=O)S(=O)(=O)Cc1ccccc1)C(=O)c1nccs1,1.886056648,0.0,1,10.1093/nar/gkv1072,w16_s4_sequence_mean:221-236,221,236,NQTQPERGDNNLTRIV,r2_b1567,2,1567,"[31, 34, 35]","[""csc""]",3.086362600326538,3.0597918033599854,3.0638272762298584,3.0368764400482178,0.026570796966552734,0.022535324096679688,0.04948616027832031,0.0003800392150878906,yp+yl-y0-ypl,0794921c796ddbc878db48496780363fbc3a6e21eb11639b6ba5e5e4ceaa121b
2773,342,factor_xa_05,N=C(N)NCCC[C@@H](NC(=O)CN1CCN(S(=O)(=O)Cc2ccccc2)CC1=O)C(=O)c1nccs1,NC(=N)NCCC[C@@H](NC(=O)CN1CCN(CC1=O)S(=O)(=O)Cc1ccccc1)C(=O)c1nccs1,1.886056648,0.0,1,10.1093/nar/gkv1072,w16_s4_sequence_mean:265-280,265,280,ILSEFYILTAAHCLYQ,r3_b1066,3,1066,"[19, 20, 21, 22, 23, 24, 25]","[""cccc(C)c"", ""cccc(C)c""]",3.086362600326538,3.058596134185791,3.0503268241882324,3.022942304611206,0.02776646614074707,0.036035776138305664,0.06342029571533203,-0.0003819465637207031,yp+yl-y0-ypl,0794921c796ddbc878db48496780363fbc3a6e21eb11639b6ba5e5e4ceaa121b
2773,342,factor_xa_05,N=C(N)NCCC[C@@H](NC(=O)CN1CCN(S(=O)(=O)Cc2ccccc2)CC1=O)C(=O)c1nccs1,NC(=N)NCCC[C@@H](NC(=O)CN1CCN(CC1=O)S(=O)(=O)Cc1ccccc1)C(=O)c1nccs1,1.886056648,0.0,1,10.1093/nar/gkv1072,w16_s4_sequence_mean:265-280,265,280,ILSEFYILTAAHCLYQ,r3_b983,3,983,"[0, 1, 2, 3, 4, 5]","[""CCNC(=N)N""]",3.086362600326538,3.058596134185791,3.043131113052368,3.0148494243621826,0.02776646614074707,0.04323148727416992,0.07151317596435547,0.0005152225494384766,yp+yl-y0-ypl,0794921c796ddbc878db48496780363fbc3a6e21eb11639b6ba5e5e4ceaa121b
2773,342,factor_xa_05,N=C(N)NCCC[C@@H](NC(=O)CN1CCN(S(=O)(=O)Cc2ccccc2)CC1=O)C(=O)c1nccs1,NC(=N)NCCC[C@@H](NC(=O)CN1CCN(CC1=O)S(=O)(=O)Cc1ccccc1)C(=O)c1nccs1,1.886056648,0.0,1,10.1093/nar/gkv1072,w16_s4_sequence_mean:265-280,265,280,ILSEFYILTAAHCLYQ,r2_b1066,2,1066,"[19, 20, 21, 22, 23, 24, 25]","[""cccc(C)c"", ""cccc(C)c""]",3.086362600326538,3.058596134185791,3.05009388923645,3.021944284439087,0.02776646614074707,0.03626871109008789,0.06441831588745117,0.00038313865661621094,yp+yl-y0-ypl,0794921c796ddbc878db48496780363fbc3a6e21eb11639b6ba5e5e4ceaa121b
2773,342,factor_xa_05,N=C(N)NCCC[C@@H](NC(=O)CN1CCN(S(=O)(=O)Cc2ccccc2)CC1=O)C(=O)c1nccs1,NC(=N)NCCC[C@@H](NC(=O)CN1CCN(CC1=O)S(=O)(=O)Cc1ccccc1)C(=O)c1nccs1,1.886056648,0.0,1,10.1093/nar/gkv1072,w16_s4_sequence_mean:265-280,265,280,ILSEFYILTAAHCLYQ,r3_b632,3,632,"[11, 12, 13, 15, 26, 27, 28]","[""CN(C)C(=O)CN""]",3.086362600326538,3.058596134185791,3.050506830215454,3.0236189365386963,0.02776646614074707,0.035855770111083984,0.0627436637878418,-0.0008785724639892578,yp+yl-y0-ypl,0794921c796ddbc878db48496780363fbc3a6e21eb11639b6ba5e5e4ceaa121b
2773,342,factor_xa_05,N=C(N)NCCC[C@@H](NC(=O)CN1CCN(S(=O)(=O)Cc2ccccc2)CC1=O)C(=O)c1nccs1,NC(=N)NCCC[C@@H](NC(=O)CN1CCN(CC1=O)S(=O)(=O)Cc1ccccc1)C(=O)c1nccs1,1.886056648,0.0,1,10.1093/nar/gkv1072,w16_s4_sequence_mean:265-280,265,280,ILSEFYILTAAHCLYQ,r3_b5,3,5,"[16, 19, 20]","[""cCS""]",3.086362600326538,3.058596134185791,3.067060947418213,3.039308547973633,0.02776646614074707,0.019301652908325195,0.04705405235290527,-1.4066696166992188e-05,yp+yl-y0-ypl,0794921c796ddbc878db48496780363fbc3a6e21eb11639b6ba5e5e4ceaa121b
2773,342,factor_xa_05,N=C(N)NCCC[C@@H](NC(=O)CN1CCN(S(=O)(=O)Cc2ccccc2)CC1=O)C(=O)c1nccs1,NC(=N)NCCC[C@@H](NC(=O)CN1CCN(CC1=O)S(=O)(=O)Cc1ccccc1)C(=O)c1nccs1,1.886056648,0.0,1,10.1093/nar/gkv1072,w16_s4_sequence_mean:265-280,265,280,ILSEFYILTAAHCLYQ,r2_b295,2,295,"[11, 12, 13, 14, 15, 27]","[""CN(C)CCN""]",3.086362600326538,3.058596134185791,3.0793659687042236,3.052263021469116,0.02776646614074707,0.006996631622314453,0.034099578857421875,-0.0006635189056396484,yp+yl-y0-ypl,0794921c796ddbc878db48496780363fbc3a6e21eb11639b6ba5e5e4ceaa121b
2773,342,factor_xa_05,N=C(N)NCCC[C@@H](NC(=O)CN1CCN(S(=O)(=O)Cc2ccccc2)CC1=O)C(=O)c1nccs1,NC(=N)NCCC[C@@H](NC(=O)CN1CCN(CC1=O)S(=O)(=O)Cc1ccccc1)C(=O)c1nccs1,1.886056648,0.0,1,10.1093/nar/gkv1072,w16_s4_sequence_mean:265-280,265,280,ILSEFYILTAAHCLYQ,r3_b1917,3,1917,"[9, 10, 29, 30]","[""C=O"", ""C=O""]",3.086362600326538,3.058596134185791,3.0619053840637207,3.035285711288452,0.02776646614074707,0.024457216262817383,0.05107688903808594,-0.0011467933654785156,yp+yl-y0-ypl,0794921c796ddbc878db48496780363fbc3a6e21eb11639b6ba5e5e4ceaa121b
2773,342,factor_xa_05,N=C(N)NCCC[C@@H](NC(=O)CN1CCN(S(=O)(=O)Cc2ccccc2)CC1=O)C(=O)c1nccs1,NC(=N)NCCC[C@@H](NC(=O)CN1CCN(CC1=O)S(=O)(=O)Cc1ccccc1)C(=O)c1nccs1,1.886056648,0.0,1,10.1093/nar/gkv1072,w16_s4_sequence_mean:265-280,265,280,ILSEFYILTAAHCLYQ,r3_b80,3,80,"[4, 5, 6, 11, 19]","[""C"", ""C"", ""C"", ""C"", ""C""]",3.086362600326538,3.058596134185791,3.0626649856567383,3.0351622104644775,0.02776646614074707,0.023697614669799805,0.05120038986206055,-0.0002636909484863281,yp+yl-y0-ypl,0794921c796ddbc878db48496780363fbc3a6e21eb11639b6ba5e5e4ceaa121b
2773,342,factor_xa_05,N=C(N)NCCC[C@@H](NC(=O)CN1CCN(S(=O)(=O)Cc2ccccc2)CC1=O)C(=O)c1nccs1,NC(=N)NCCC[C@@H](NC(=O)CN1CCN(CC1=O)S(=O)(=O)Cc1ccccc1)C(=O)c1nccs1,1.886056648,0.0,1,10.1093/nar/gkv1072,w16_s4_sequence_mean:265-280,265,280,ILSEFYILTAAHCLYQ,r3_b1947,3,1947,"[20, 21, 22, 23, 24, 25]","[""c1ccccc1""]",3.086362600326538,3.058596134185791,3.0821774005889893,3.05427885055542,0.02776646614074707,0.004185199737548828,0.032083749771118164,0.00013208389282226562,yp+yl-y0-ypl,0794921c796ddbc878db48496780363fbc3a6e21eb11639b6ba5e5e4ceaa121b
2773,342,factor_xa_05,N=C(N)NCCC[C@@H](NC(=O)CN1CCN(S(=O)(=O)Cc2ccccc2)CC1=O)C(=O)c1nccs1,NC(=N)NCCC[C@@H](NC(=O)CN1CCN(CC1=O)S(=O)(=O)Cc1ccccc1)C(=O)c1nccs1,1.886056648,0.0,1,10.1093/nar/gkv1072,w16_s4_sequence_mean:265-280,265,280,ILSEFYILTAAHCLYQ,r2_b1567,2,1567,"[31, 34, 35]","[""csc""]",3.086362600326538,3.058596134185791,3.0638272762298584,3.0378549098968506,0.02776646614074707,0.022535324096679688,0.0485076904296875,-0.0017940998077392578,yp+yl-y0-ypl,0794921c796ddbc878db48496780363fbc3a6e21eb11639b6ba5e5e4ceaa121b
2773,342,factor_xa_05,N=C(N)NCCC[C@@H](NC(=O)CN1CCN(S(=O)(=O)Cc2ccccc2)CC1=O)C(=O)c1nccs1,NC(=N)NCCC[C@@H](NC(=O)CN1CCN(CC1=O)S(=O)(=O)Cc1ccccc1)C(=O)c1nccs1,1.886056648,0.0,1,10.1093/nar/gkv1072,w16_s4_sequence_mean:465-480,465,480,SMKTRGLPKAKSHAPE,r3_b1066,3,1066,"[19, 20, 21, 22, 23, 24, 25]","[""cccc(C)c"", ""cccc(C)c""]",3.086362600326538,3.0665676593780518,3.0503268241882324,3.030717611312866,0.019794940948486328,0.036035776138305664,0.055644989013671875,-0.0001857280731201172,yp+yl-y0-ypl,0794921c796ddbc878db48496780363fbc3a6e21eb11639b6ba5e5e4ceaa121b
2773,342,factor_xa_05,N=C(N)NCCC[C@@H](NC(=O)CN1CCN(S(=O)(=O)Cc2ccccc2)CC1=O)C(=O)c1nccs1,NC(=N)NCCC[C@@H](NC(=O)CN1CCN(CC1=O)S(=O)(=O)Cc1ccccc1)C(=O)c1nccs1,1.886056648,0.0,1,10.1093/nar/gkv1072,w16_s4_sequence_mean:465-480,465,480,SMKTRGLPKAKSHAPE,r3_b983,3,983,"[0, 1, 2, 3, 4, 5]","[""CCNC(=N)N""]",3.086362600326538,3.0665676593780518,3.043131113052368,3.023160696029663,0.019794940948486328,0.04323148727416992,0.063201904296875,0.00017547607421875,yp+yl-y0-ypl,0794921c796ddbc878db48496780363fbc3a6e21eb11639b6ba5e5e4ceaa121b
2773,342,factor_xa_05,N=C(N)NCCC[C@@H](NC(=O)CN1CCN(S(=O)(=O)Cc2ccccc2)CC1=O)C(=O)c1nccs1,NC(=N)NCCC[C@@H](NC(=O)CN1CCN(CC1=O)S(=O)(=O)Cc1ccccc1)C(=O)c1nccs1,1.886056648,0.0,1,10.1093/nar/gkv1072,w16_s4_sequence_mean:465-480,465,480,SMKTRGLPKAKSHAPE,r2_b1066,2,1066,"[19, 20, 21, 22, 23, 24, 25]","[""cccc(C)c"", ""cccc(C)c""]",3.086362600326538,3.0665676593780518,3.05009388923645,3.031069040298462,0.019794940948486328,0.03626871109008789,0.05529356002807617,-0.0007700920104980469,yp+yl-y0-ypl,0794921c796ddbc878db48496780363fbc3a6e21eb11639b6ba5e5e4ceaa121b
2773,342,factor_xa_05,N=C(N)NCCC[C@@H](NC(=O)CN1CCN(S(=O)(=O)Cc2ccccc2)CC1=O)C(=O)c1nccs1,NC(=N)NCCC[C@@H](NC(=O)CN1CCN(CC1=O)S(=O)(=O)Cc1ccccc1)C(=O)c1nccs1,1.886056648,0.0,1,10.1093/nar/gkv1072,w16_s4_sequence_mean:465-480,465,480,SMKTRGLPKAKSHAPE,r3_b632,3,632,"[11, 12, 13, 15, 26, 27, 28]","[""CN(C)C(=O)CN""]",3.086362600326538,3.0665676593780518,3.050506830215454,3.031050443649292,0.019794940948486328,0.035855770111083984,0.055312156677246094,-0.00033855438232421875,yp+yl-y0-ypl,0794921c796ddbc878db48496780363fbc3a6e21eb11639b6ba5e5e4ceaa121b
2773,342,factor_xa_05,N=C(N)NCCC[C@@H](NC(=O)CN1CCN(S(=O)(=O)Cc2ccccc2)CC1=O)C(=O)c1nccs1,NC(=N)NCCC[C@@H](NC(=O)CN1CCN(CC1=O)S(=O)(=O)Cc1ccccc1)C(=O)c1nccs1,1.886056648,0.0,1,10.1093/nar/gkv1072,w16_s4_sequence_mean:465-480,465,480,SMKTRGLPKAKSHAPE,r3_b5,3,5,"[16, 19, 20]","[""cCS""]",3.086362600326538,3.0665676593780518,3.067060947418213,3.0475387573242188,0.019794940948486328,0.019301652908325195,0.038823843002319336,-0.0002727508544921875,yp+yl-y0-ypl,0794921c796ddbc878db48496780363fbc3a6e21eb11639b6ba5e5e4ceaa121b
2773,342,factor_xa_05,N=C(N)NCCC[C@@H](NC(=O)CN1CCN(S(=O)(=O)Cc2ccccc2)CC1=O)C(=O)c1nccs1,NC(=N)NCCC[C@@H](NC(=O)CN1CCN(CC1=O)S(=O)(=O)Cc1ccccc1)C(=O)c1nccs1,1.886056648,0.0,1,10.1093/nar/gkv1072,w16_s4_sequence_mean:465-480,465,480,SMKTRGLPKAKSHAPE,r2_b295,2,295,"[11, 12, 13, 14, 15, 27]","[""CN(C)CCN""]",3.086362600326538,3.0665676593780518,3.0793659687042236,3.059443712234497,0.019794940948486328,0.006996631622314453,0.026918888092041016,0.00012731552124023438,yp+yl-y0-ypl,0794921c796ddbc878db48496780363fbc3a6e21eb11639b6ba5e5e4ceaa121b
2773,342,factor_xa_05,N=C(N)NCCC[C@@H](NC(=O)CN1CCN(S(=O)(=O)Cc2ccccc2)CC1=O)C(=O)c1nccs1,NC(=N)NCCC[C@@H](NC(=O)CN1CCN(CC1=O)S(=O)(=O)Cc1ccccc1)C(=O)c1nccs1,1.886056648,0.0,1,10.1093/nar/gkv1072,w16_s4_sequence_mean:465-480,465,480,SMKTRGLPKAKSHAPE,r3_b1917,3,1917,"[9, 10, 29, 30]","[""C=O"", ""C=O""]",3.086362600326538,3.0665676593780518,3.0619053840637207,3.04183030128479,0.019794940948486328,0.024457216262817383,0.04453229904174805,0.00028014183044433594,yp+yl-y0-ypl,0794921c796ddbc878db48496780363fbc3a6e21eb11639b6ba5e5e4ceaa121b
2773,342,factor_xa_05,N=C(N)NCCC[C@@H](NC(=O)CN1CCN(S(=O)(=O)Cc2ccccc2)CC1=O)C(=O)c1nccs1,NC(=N)NCCC[C@@H](NC(=O)CN1CCN(CC1=O)S(=O)(=O)Cc1ccccc1)C(=O)c1nccs1,1.886056648,0.0,1,10.1093/nar/gkv1072,w16_s4_sequence_mean:465-480,465,480,SMKTRGLPKAKSHAPE,r3_b80,3,80,"[4, 5, 6, 11, 19]","[""C"", ""C"", ""C"", ""C"", ""C""]",3.086362600326538,3.0665676593780518,3.0626649856567383,3.0422475337982178,0.019794940948486328,0.023697614669799805,0.04411506652832031,0.0006225109100341797,yp+yl-y0-ypl,0794921c796ddbc878db48496780363fbc3a6e21eb11639b6ba5e5e4ceaa121b
2773,342,factor_xa_05,N=C(N)NCCC[C@@H](NC(=O)CN1CCN(S(=O)(=O)Cc2ccccc2)CC1=O)C(=O)c1nccs1,NC(=N)NCCC[C@@H](NC(=O)CN1CCN(CC1=O)S(=O)(=O)Cc1ccccc1)C(=O)c1nccs1,1.886056648,0.0,1,10.1093/nar/gkv1072,w16_s4_sequence_mean:465-480,465,480,SMKTRGLPKAKSHAPE,r3_b1947,3,1947,"[20, 21, 22, 23, 24, 25]","[""c1ccccc1""]",3.086362600326538,3.0665676593780518,3.0821774005889893,3.061988353729248,0.019794940948486328,0.004185199737548828,0.02437424659729004,0.0003941059112548828,yp+yl-y0-ypl,0794921c796ddbc878db48496780363fbc3a6e21eb11639b6ba5e5e4ceaa121b
2773,342,factor_xa_05,N=C(N)NCCC[C@@H](NC(=O)CN1CCN(S(=O)(=O)Cc2ccccc2)CC1=O)C(=O)c1nccs1,NC(=N)NCCC[C@@H](NC(=O)CN1CCN(CC1=O)S(=O)(=O)Cc1ccccc1)C(=O)c1nccs1,1.886056648,0.0,1,10.1093/nar/gkv1072,w16_s4_sequence_mean:465-480,465,480,SMKTRGLPKAKSHAPE,r2_b1567,2,1567,"[31, 34, 35]","[""csc""]",3.086362600326538,3.0665676593780518,3.0638272762298584,3.044081926345825,0.019794940948486328,0.022535324096679688,0.04228067398071289,-4.9591064453125e-05,yp+yl-y0-ypl,0794921c796ddbc878db48496780363fbc3a6e21eb11639b6ba5e5e4ceaa121b
2773,342,factor_xa_05,N=C(N)NCCC[C@@H](NC(=O)CN1CCN(S(=O)(=O)Cc2ccccc2)CC1=O)C(=O)c1nccs1,NC(=N)NCCC[C@@H](NC(=O)CN1CCN(CC1=O)S(=O)(=O)Cc1ccccc1)C(=O)c1nccs1,1.886056648,0.0,1,10.1093/nar/gkv1072,w16_s4_sequence_mean:225-240,225,240,PERGDNNLTRIVGGQE,r3_b1066,3,1066,"[19, 20, 21, 22, 23, 24, 25]","[""cccc(C)c"", ""cccc(C)c""]",3.086362600326538,3.0593883991241455,3.0503268241882324,3.023898124694824,0.026974201202392578,0.036035776138305664,0.06246447563171387,-0.000545501708984375,yp+yl-y0-ypl,0794921c796ddbc878db48496780363fbc3a6e21eb11639b6ba5e5e4ceaa121b
2773,342,factor_xa_05,N=C(N)NCCC[C@@H](NC(=O)CN1CCN(S(=O)(=O)Cc2ccccc2)CC1=O)C(=O)c1nccs1,NC(=N)NCCC[C@@H](NC(=O)CN1CCN(CC1=O)S(=O)(=O)Cc1ccccc1)C(=O)c1nccs1,1.886056648,0.0,1,10.1093/nar/gkv1072,w16_s4_sequence_mean:225-240,225,240,PERGDNNLTRIVGGQE,r3_b983,3,983,"[0, 1, 2, 3, 4, 5]","[""CCNC(=N)N""]",3.086362600326538,3.0593883991241455,3.043131113052368,3.0159146785736084,0.026974201202392578,0.04323148727416992,0.07044792175292969,0.0002422332763671875,yp+yl-y0-ypl,0794921c796ddbc878db48496780363fbc3a6e21eb11639b6ba5e5e4ceaa121b
2773,342,factor_xa_05,N=C(N)NCCC[C@@H](NC(=O)CN1CCN(S(=O)(=O)Cc2ccccc2)CC1=O)C(=O)c1nccs1,NC(=N)NCCC[C@@H](NC(=O)CN1CCN(CC1=O)S(=O)(=O)Cc1ccccc1)C(=O)c1nccs1,1.886056648,0.0,1,10.1093/nar/gkv1072,w16_s4_sequence_mean:225-240,225,240,PERGDNNLTRIVGGQE,r2_b1066,2,1066,"[19, 20, 21, 22, 23, 24, 25]","[""cccc(C)c"", ""cccc(C)c""]",3.086362600326538,3.0593883991241455,3.05009388923645,3.0238912105560303,0.026974201202392578,0.03626871109008789,0.06247138977050781,-0.0007715225219726562,yp+yl-y0-ypl,0794921c796ddbc878db48496780363fbc3a6e21eb11639b6ba5e5e4ceaa121b
2773,342,factor_xa_05,N=C(N)NCCC[C@@H](NC(=O)CN1CCN(S(=O)(=O)Cc2ccccc2)CC1=O)C(=O)c1nccs1,NC(=N)NCCC[C@@H](NC(=O)CN1CCN(CC1=O)S(=O)(=O)Cc1ccccc1)C(=O)c1nccs1,1.886056648,0.0,1,10.1093/nar/gkv1072,w16_s4_sequence_mean:225-240,225,240,PERGDNNLTRIVGGQE,r3_b632,3,632,"[11, 12, 13, 15, 26, 27, 28]","[""CN(C)C(=O)CN""]",3.086362600326538,3.0593883991241455,3.050506830215454,3.023813009262085,0.026974201202392578,0.035855770111083984,0.06254959106445312,-0.0002803802490234375,yp+yl-y0-ypl,0794921c796ddbc878db48496780363fbc3a6e21eb11639b6ba5e5e4ceaa121b
2773,342,factor_xa_05,N=C(N)NCCC[C@@H](NC(=O)CN1CCN(S(=O)(=O)Cc2ccccc2)CC1=O)C(=O)c1nccs1,NC(=N)NCCC[C@@H](NC(=O)CN1CCN(CC1=O)S(=O)(=O)Cc1ccccc1)C(=O)c1nccs1,1.886056648,0.0,1,10.1093/nar/gkv1072,w16_s4_sequence_mean:225-240,225,240,PERGDNNLTRIVGGQE,r3_b5,3,5,"[16, 19, 20]","[""cCS""]",3.086362600326538,3.0593883991241455,3.067060947418213,3.0400888919830322,0.026974201202392578,0.019301652908325195,0.04627370834350586,-2.1457672119140625e-06,yp+yl-y0-ypl,0794921c796ddbc878db48496780363fbc3a6e21eb11639b6ba5e5e4ceaa121b
2773,342,factor_xa_05,N=C(N)NCCC[C@@H](NC(=O)CN1CCN(S(=O)(=O)Cc2ccccc2)CC1=O)C(=O)c1nccs1,NC(=N)NCCC[C@@H](NC(=O)CN1CCN(CC1=O)S(=O)(=O)Cc1ccccc1)C(=O)c1nccs1,1.886056648,0.0,1,10.1093/nar/gkv1072,w16_s4_sequence_mean:225-240,225,240,PERGDNNLTRIVGGQE,r2_b295,2,295,"[11, 12, 13, 14, 15, 27]","[""CN(C)CCN""]",3.086362600326538,3.0593883991241455,3.0793659687042236,3.0521295070648193,0.026974201202392578,0.006996631622314453,0.03423309326171875,0.00026226043701171875,yp+yl-y0-ypl,0794921c796ddbc878db48496780363fbc3a6e21eb11639b6ba5e5e4ceaa121b
2773,342,factor_xa_05,N=C(N)NCCC[C@@H](NC(=O)CN1CCN(S(=O)(=O)Cc2ccccc2)CC1=O)C(=O)c1nccs1,NC(=N)NCCC[C@@H](NC(=O)CN1CCN(CC1=O)S(=O)(=O)Cc1ccccc1)C(=O)c1nccs1,1.886056648,0.0,1,10.1093/nar/gkv1072,w16_s4_sequence_mean:225-240,225,240,PERGDNNLTRIVGGQE,r3_b1917,3,1917,"[9, 10, 29, 30]","[""C=O"", ""C=O""]",3.086362600326538,3.0593883991241455,3.0619053840637207,3.0350606441497803,0.026974201202392578,0.024457216262817383,0.05130195617675781,-0.00012946128845214844,yp+yl-y0-ypl,0794921c796ddbc878db48496780363fbc3a6e21eb11639b6ba5e5e4ceaa121b
2773,342,factor_xa_05,N=C(N)NCCC[C@@H](NC(=O)CN1CCN(S(=O)(=O)Cc2ccccc2)CC1=O)C(=O)c1nccs1,NC(=N)NCCC[C@@H](NC(=O)CN1CCN(CC1=O)S(=O)(=O)Cc1ccccc1)C(=O)c1nccs1,1.886056648,0.0,1,10.1093/nar/gkv1072,w16_s4_sequence_mean:225-240,225,240,PERGDNNLTRIVGGQE,r3_b80,3,80,"[4, 5, 6, 11, 19]","[""C"", ""C"", ""C"", ""C"", ""C""]",3.086362600326538,3.0593883991241455,3.0626649856567383,3.0357935428619385,0.026974201202392578,0.023697614669799805,0.05056905746459961,-0.00010275840759277344,yp+yl-y0-ypl,0794921c796ddbc878db48496780363fbc3a6e21eb11639b6ba5e5e4ceaa121b
2773,342,factor_xa_05,N=C(N)NCCC[C@@H](NC(=O)CN1CCN(S(=O)(=O)Cc2ccccc2)CC1=O)C(=O)c1nccs1,NC(=N)NCCC[C@@H](NC(=O)CN1CCN(CC1=O)S(=O)(=O)Cc1ccccc1)C(=O)c1nccs1,1.886056648,0.0,1,10.1093/nar/gkv1072,w16_s4_sequence_mean:225-240,225,240,PERGDNNLTRIVGGQE,r3_b1947,3,1947,"[20, 21, 22, 23, 24, 25]","[""c1ccccc1""]",3.086362600326538,3.0593883991241455,3.0821774005889893,3.054957151412964,0.026974201202392578,0.004185199737548828,0.03140544891357422,0.0002460479736328125,yp+yl-y0-ypl,0794921c796ddbc878db48496780363fbc3a6e21eb11639b6ba5e5e4ceaa121b
2773,342,factor_xa_05,N=C(N)NCCC[C@@H](NC(=O)CN1CCN(S(=O)(=O)Cc2ccccc2)CC1=O)C(=O)c1nccs1,NC(=N)NCCC[C@@H](NC(=O)CN1CCN(CC1=O)S(=O)(=O)Cc1ccccc1)C(=O)c1nccs1,1.886056648,0.0,1,10.1093/nar/gkv1072,w16_s4_sequence_mean:225-240,225,240,PERGDNNLTRIVGGQE,r2_b1567,2,1567,"[31, 34, 35]","[""csc""]",3.086362600326538,3.0593883991241455,3.0638272762298584,3.0364015102386475,0.026974201202392578,0.022535324096679688,0.049961090087890625,0.0004515647888183594,yp+yl-y0-ypl,0794921c796ddbc878db48496780363fbc3a6e21eb11639b6ba5e5e4ceaa121b
2773,442,factor_xa_05,N=C(N)NCCC[C@@H](NC(=O)CN1CCN(S(=O)(=O)Cc2ccccc2)CC1=O)C(=O)c1nccs1,NC(=N)NCCC[C@@H](NC(=O)CN1CCN(CC1=O)S(=O)(=O)Cc1ccccc1)C(=O)c1nccs1,1.886056648,0.0,1,10.1093/nar/gkv1072,w16_s4_sequence_mean:453-468,453,468,TKVTAFLKWIDRSMKT,r3_b1066,3,1066,"[19, 20, 21, 22, 23, 24, 25]","[""cccc(C)c"", ""cccc(C)c""]",2.9267098903656006,2.8947789669036865,2.905296564102173,2.873044013977051,0.03193092346191406,0.021413326263427734,0.053665876388549805,0.0003216266632080078,yp+yl-y0-ypl,631ef93608905533d365fb97ed0ecc379a60c0993e0d15ad8dd8c4d29a42bd65
2773,442,factor_xa_05,N=C(N)NCCC[C@@H](NC(=O)CN1CCN(S(=O)(=O)Cc2ccccc2)CC1=O)C(=O)c1nccs1,NC(=N)NCCC[C@@H](NC(=O)CN1CCN(CC1=O)S(=O)(=O)Cc1ccccc1)C(=O)c1nccs1,1.886056648,0.0,1,10.1093/nar/gkv1072,w16_s4_sequence_mean:453-468,453,468,TKVTAFLKWIDRSMKT,r3_b983,3,983,"[0, 1, 2, 3, 4, 5]","[""CCNC(=N)N""]",2.9267098903656006,2.8947789669036865,2.905695915222168,2.8736867904663086,0.03193092346191406,0.021013975143432617,0.05302309989929199,7.82012939453125e-05,yp+yl-y0-ypl,631ef93608905533d365fb97ed0ecc379a60c0993e0d15ad8dd8c4d29a42bd65
2773,442,factor_xa_05,N=C(N)NCCC[C@@H](NC(=O)CN1CCN(S(=O)(=O)Cc2ccccc2)CC1=O)C(=O)c1nccs1,NC(=N)NCCC[C@@H](NC(=O)CN1CCN(CC1=O)S(=O)(=O)Cc1ccccc1)C(=O)c1nccs1,1.886056648,0.0,1,10.1093/nar/gkv1072,w16_s4_sequence_mean:453-468,453,468,TKVTAFLKWIDRSMKT,r2_b1066,2,1066,"[19, 20, 21, 22, 23, 24, 25]","[""cccc(C)c"", ""cccc(C)c""]",2.9267098903656006,2.8947789669036865,2.8210513591766357,2.788320302963257,0.03193092346191406,0.10565853118896484,0.13838958740234375,0.0008001327514648438,yp+yl-y0-ypl,631ef93608905533d365fb97ed0ecc379a60c0993e0d15ad8dd8c4d29a42bd65
2773,442,factor_xa_05,N=C(N)NCCC[C@@H](NC(=O)CN1CCN(S(=O)(=O)Cc2ccccc2)CC1=O)C(=O)c1nccs1,NC(=N)NCCC[C@@H](NC(=O)CN1CCN(CC1=O)S(=O)(=O)Cc1ccccc1)C(=O)c1nccs1,1.886056648,0.0,1,10.1093/nar/gkv1072,w16_s4_sequence_mean:453-468,453,468,TKVTAFLKWIDRSMKT,r3_b632,3,632,"[11, 12, 13, 15, 26, 27, 28]","[""CN(C)C(=O)CN""]",2.9267098903656006,2.8947789669036865,2.901663064956665,2.8699944019317627,0.03193092346191406,0.025046825408935547,0.05671548843383789,-0.00026226043701171875,yp+yl-y0-ypl,631ef93608905533d365fb97ed0ecc379a60c0993e0d15ad8dd8c4d29a42bd65
2773,442,factor_xa_05,N=C(N)NCCC[C@@H](NC(=O)CN1CCN(S(=O)(=O)Cc2ccccc2)CC1=O)C(=O)c1nccs1,NC(=N)NCCC[C@@H](NC(=O)CN1CCN(CC1=O)S(=O)(=O)Cc1ccccc1)C(=O)c1nccs1,1.886056648,0.0,1,10.1093/nar/gkv1072,w16_s4_sequence_mean:453-468,453,468,TKVTAFLKWIDRSMKT,r3_b5,3,5,"[16, 19, 20]","[""cCS""]",2.9267098903656006,2.8947789669036865,2.9038143157958984,2.871809482574463,0.03193092346191406,0.02289557456970215,0.054900407791137695,7.390975952148438e-05,yp+yl-y0-ypl,631ef93608905533d365fb97ed0ecc379a60c0993e0d15ad8dd8c4d29a42bd65
2773,442,factor_xa_05,N=C(N)NCCC[C@@H](NC(=O)CN1CCN(S(=O)(=O)Cc2ccccc2)CC1=O)C(=O)c1nccs1,NC(=N)NCCC[C@@H](NC(=O)CN1CCN(CC1=O)S(=O)(=O)Cc1ccccc1)C(=O)c1nccs1,1.886056648,0.0,1,10.1093/nar/gkv1072,w16_s4_sequence_mean:453-468,453,468,TKVTAFLKWIDRSMKT,r2_b295,2,295,"[11, 12, 13, 14, 15, 27]","[""CN(C)CCN""]",2.9267098903656006,2.8947789669036865,2.848395824432373,2.8158953189849854,0.03193092346191406,0.07831406593322754,0.11081457138061523,0.0005695819854736328,yp+yl-y0-ypl,631ef93608905533d365fb97ed0ecc379a60c0993e0d15ad8dd8c4d29a42bd65
2773,442,factor_xa_05,N=C(N)NCCC[C@@H](NC(=O)CN1CCN(S(=O)(=O)Cc2ccccc2)CC1=O)C(=O)c1nccs1,NC(=N)NCCC[C@@H](NC(=O)CN1CCN(CC1=O)S(=O)(=O)Cc1ccccc1)C(=O)c1nccs1,1.886056648,0.0,1,10.1093/nar/gkv1072,w16_s4_sequence_mean:453-468,453,468,TKVTAFLKWIDRSMKT,r3_b1917,3,1917,"[9, 10, 29, 30]","[""C=O"", ""C=O""]",2.9267098903656006,2.8947789669036865,2.908374071121216,2.876002073287964,0.03193092346191406,0.018335819244384766,0.05070781707763672,0.0004410743713378906,yp+yl-y0-ypl,631ef93608905533d365fb97ed0ecc379a60c0993e0d15ad8dd8c4d29a42bd65
2773,442,factor_xa_05,N=C(N)NCCC[C@@H](NC(=O)CN1CCN(S(=O)(=O)Cc2ccccc2)CC1=O)C(=O)c1nccs1,NC(=N)NCCC[C@@H](NC(=O)CN1CCN(CC1=O)S(=O)(=O)Cc1ccccc1)C(=O)c1nccs1,1.886056648,0.0,1,10.1093/nar/gkv1072,w16_s4_sequence_mean:453-468,453,468,TKVTAFLKWIDRSMKT,r3_b80,3,80,"[4, 5, 6, 11, 19]","[""C"", ""C"", ""C"", ""C"", ""C""]",2.9267098903656006,2.8947789669036865,2.9113872051239014,2.879058599472046,0.03193092346191406,0.015322685241699219,0.04765129089355469,0.00039768218994140625,yp+yl-y0-ypl,631ef93608905533d365fb97ed0ecc379a60c0993e0d15ad8dd8c4d29a42bd65
2773,442,factor_xa_05,N=C(N)NCCC[C@@H](NC(=O)CN1CCN(S(=O)(=O)Cc2ccccc2)CC1=O)C(=O)c1nccs1,NC(=N)NCCC[C@@H](NC(=O)CN1CCN(CC1=O)S(=O)(=O)Cc1ccccc1)C(=O)c1nccs1,1.886056648,0.0,1,10.1093/nar/gkv1072,w16_s4_sequence_mean:453-468,453,468,TKVTAFLKWIDRSMKT,r3_b1947,3,1947,"[20, 21, 22, 23, 24, 25]","[""c1ccccc1""]",2.9267098903656006,2.8947789669036865,2.919353723526001,2.8872435092926025,0.03193092346191406,0.007356166839599609,0.03946638107299805,0.000179290771484375,yp+yl-y0-ypl,631ef93608905533d365fb97ed0ecc379a60c0993e0d15ad8dd8c4d29a42bd65
2773,442,factor_xa_05,N=C(N)NCCC[C@@H](NC(=O)CN1CCN(S(=O)(=O)Cc2ccccc2)CC1=O)C(=O)c1nccs1,NC(=N)NCCC[C@@H](NC(=O)CN1CCN(CC1=O)S(=O)(=O)Cc1ccccc1)C(=O)c1nccs1,1.886056648,0.0,1,10.1093/nar/gkv1072,w16_s4_sequence_mean:453-468,453,468,TKVTAFLKWIDRSMKT,r2_b1567,2,1567,"[31, 34, 35]","[""csc""]",2.9267098903656006,2.8947789669036865,2.8711955547332764,2.839775800704956,0.03193092346191406,0.05551433563232422,0.08693408966064453,-0.00051116943359375,yp+yl-y0-ypl,631ef93608905533d365fb97ed0ecc379a60c0993e0d15ad8dd8c4d29a42bd65
2773,442,factor_xa_05,N=C(N)NCCC[C@@H](NC(=O)CN1CCN(S(=O)(=O)Cc2ccccc2)CC1=O)C(=O)c1nccs1,NC(=N)NCCC[C@@H](NC(=O)CN1CCN(CC1=O)S(=O)(=O)Cc1ccccc1)C(=O)c1nccs1,1.886056648,0.0,1,10.1093/nar/gkv1072,w16_s4_sequence_mean:449-464,449,464,YGIYTKVTAFLKWIDR,r3_b1066,3,1066,"[19, 20, 21, 22, 23, 24, 25]","[""cccc(C)c"", ""cccc(C)c""]",2.9267098903656006,2.895782709121704,2.905296564102173,2.8739631175994873,0.030927181243896484,0.021413326263427734,0.05274677276611328,0.0004062652587890625,yp+yl-y0-ypl,631ef93608905533d365fb97ed0ecc379a60c0993e0d15ad8dd8c4d29a42bd65
2773,442,factor_xa_05,N=C(N)NCCC[C@@H](NC(=O)CN1CCN(S(=O)(=O)Cc2ccccc2)CC1=O)C(=O)c1nccs1,NC(=N)NCCC[C@@H](NC(=O)CN1CCN(CC1=O)S(=O)(=O)Cc1ccccc1)C(=O)c1nccs1,1.886056648,0.0,1,10.1093/nar/gkv1072,w16_s4_sequence_mean:449-464,449,464,YGIYTKVTAFLKWIDR,r3_b983,3,983,"[0, 1, 2, 3, 4, 5]","[""CCNC(=N)N""]",2.9267098903656006,2.895782709121704,2.905695915222168,2.8746421337127686,0.030927181243896484,0.021013975143432617,0.05206775665283203,0.0001266002655029297,yp+yl-y0-ypl,631ef93608905533d365fb97ed0ecc379a60c0993e0d15ad8dd8c4d29a42bd65
2773,442,factor_xa_05,N=C(N)NCCC[C@@H](NC(=O)CN1CCN(S(=O)(=O)Cc2ccccc2)CC1=O)C(=O)c1nccs1,NC(=N)NCCC[C@@H](NC(=O)CN1CCN(CC1=O)S(=O)(=O)Cc1ccccc1)C(=O)c1nccs1,1.886056648,0.0,1,10.1093/nar/gkv1072,w16_s4_sequence_mean:449-464,449,464,YGIYTKVTAFLKWIDR,r2_b1066,2,1066,"[19, 20, 21, 22, 23, 24, 25]","[""cccc(C)c"", ""cccc(C)c""]",2.9267098903656006,2.895782709121704,2.8210513591766357,2.789423704147339,0.030927181243896484,0.10565853118896484,0.13728618621826172,0.0007004737854003906,yp+yl-y0-ypl,631ef93608905533d365fb97ed0ecc379a60c0993e0d15ad8dd8c4d29a42bd65
2773,442,factor_xa_05,N=C(N)NCCC[C@@H](NC(=O)CN1CCN(S(=O)(=O)Cc2ccccc2)CC1=O)C(=O)c1nccs1,NC(=N)NCCC[C@@H](NC(=O)CN1CCN(CC1=O)S(=O)(=O)Cc1ccccc1)C(=O)c1nccs1,1.886056648,0.0,1,10.1093/nar/gkv1072,w16_s4_sequence_mean:449-464,449,464,YGIYTKVTAFLKWIDR,r3_b632,3,632,"[11, 12, 13, 15, 26, 27, 28]","[""CN(C)C(=O)CN""]",2.9267098903656006,2.895782709121704,2.901663064956665,2.8711049556732178,0.030927181243896484,0.025046825408935547,0.05560493469238281,-0.00036907196044921875,yp+yl-y0-ypl,631ef93608905533d365fb97ed0ecc379a60c0993e0d15ad8dd8c4d29a42bd65
2773,442,factor_xa_05,N=C(N)NCCC[C@@H](NC(=O)CN1CCN(S(=O)(=O)Cc2ccccc2)CC1=O)C(=O)c1nccs1,NC(=N)NCCC[C@@H](NC(=O)CN1CCN(CC1=O)S(=O)(=O)Cc1ccccc1)C(=O)c1nccs1,1.886056648,0.0,1,10.1093/nar/gkv1072,w16_s4_sequence_mean:449-464,449,464,YGIYTKVTAFLKWIDR,r3_b5,3,5,"[16, 19, 20]","[""cCS""]",2.9267098903656006,2.895782709121704,2.9038143157958984,2.873265504837036,0.030927181243896484,0.02289557456970215,0.05344438552856445,-0.0003783702850341797,yp+yl-y0-ypl,631ef93608905533d365fb97ed0ecc379a60c0993e0d15ad8dd8c4d29a42bd65
2773,442,factor_xa_05,N=C(N)NCCC[C@@H](NC(=O)CN1CCN(S(=O)(=O)Cc2ccccc2)CC1=O)C(=O)c1nccs1,NC(=N)NCCC[C@@H](NC(=O)CN1CCN(CC1=O)S(=O)(=O)Cc1ccccc1)C(=O)c1nccs1,1.886056648,0.0,1,10.1093/nar/gkv1072,w16_s4_sequence_mean:449-464,449,464,YGIYTKVTAFLKWIDR,r2_b295,2,295,"[11, 12, 13, 14, 15, 27]","[""CN(C)CCN""]",2.9267098903656006,2.895782709121704,2.848395824432373,2.8178536891937256,0.030927181243896484,0.07831406593322754,0.108856201171875,-0.00038504600524902344,yp+yl-y0-ypl,631ef93608905533d365fb97ed0ecc379a60c0993e0d15ad8dd8c4d29a42bd65
2773,442,factor_xa_05,N=C(N)NCCC[C@@H](NC(=O)CN1CCN(S(=O)(=O)Cc2ccccc2)CC1=O)C(=O)c1nccs1,NC(=N)NCCC[C@@H](NC(=O)CN1CCN(CC1=O)S(=O)(=O)Cc1ccccc1)C(=O)c1nccs1,1.886056648,0.0,1,10.1093/nar/gkv1072,w16_s4_sequence_mean:449-464,449,464,YGIYTKVTAFLKWIDR,r3_b1917,3,1917,"[9, 10, 29, 30]","[""C=O"", ""C=O""]",2.9267098903656006,2.895782709121704,2.908374071121216,2.8769748210906982,0.030927181243896484,0.018335819244384766,0.049735069274902344,0.00047206878662109375,yp+yl-y0-ypl,631ef93608905533d365fb97ed0ecc379a60c0993e0d15ad8dd8c4d29a42bd65
2773,442,factor_xa_05,N=C(N)NCCC[C@@H](NC(=O)CN1CCN(S(=O)(=O)Cc2ccccc2)CC1=O)C(=O)c1nccs1,NC(=N)NCCC[C@@H](NC(=O)CN1CCN(CC1=O)S(=O)(=O)Cc1ccccc1)C(=O)c1nccs1,1.886056648,0.0,1,10.1093/nar/gkv1072,w16_s4_sequence_mean:449-464,449,464,YGIYTKVTAFLKWIDR,r3_b80,3,80,"[4, 5, 6, 11, 19]","[""C"", ""C"", ""C"", ""C"", ""C""]",2.9267098903656006,2.895782709121704,2.9113872051239014,2.880175828933716,0.030927181243896484,0.015322685241699219,0.046534061431884766,0.0002841949462890625,yp+yl-y0-ypl,631ef93608905533d365fb97ed0ecc379a60c0993e0d15ad8dd8c4d29a42bd65
2773,442,factor_xa_05,N=C(N)NCCC[C@@H](NC(=O)CN1CCN(S(=O)(=O)Cc2ccccc2)CC1=O)C(=O)c1nccs1,NC(=N)NCCC[C@@H](NC(=O)CN1CCN(CC1=O)S(=O)(=O)Cc1ccccc1)C(=O)c1nccs1,1.886056648,0.0,1,10.1093/nar/gkv1072,w16_s4_sequence_mean:449-464,449,464,YGIYTKVTAFLKWIDR,r3_b1947,3,1947,"[20, 21, 22, 23, 24, 25]","[""c1ccccc1""]",2.9267098903656006,2.895782709121704,2.919353723526001,2.8880746364593506,0.030927181243896484,0.007356166839599609,0.03863525390625,0.00035190582275390625,yp+yl-y0-ypl,631ef93608905533d365fb97ed0ecc379a60c0993e0d15ad8dd8c4d29a42bd65
2773,442,factor_xa_05,N=C(N)NCCC[C@@H](NC(=O)CN1CCN(S(=O)(=O)Cc2ccccc2)CC1=O)C(=O)c1nccs1,NC(=N)NCCC[C@@H](NC(=O)CN1CCN(CC1=O)S(=O)(=O)Cc1ccccc1)C(=O)c1nccs1,1.886056648,0.0,1,10.1093/nar/gkv1072,w16_s4_sequence_mean:449-464,449,464,YGIYTKVTAFLKWIDR,r2_b1567,2,1567,"[31, 34, 35]","[""csc""]",2.9267098903656006,2.895782709121704,2.8711955547332764,2.840632915496826,0.030927181243896484,0.05551433563232422,0.08607697486877441,-0.00036454200744628906,yp+yl-y0-ypl,631ef93608905533d365fb97ed0ecc379a60c0993e0d15ad8dd8c4d29a42bd65
2773,442,factor_xa_05,N=C(N)NCCC[C@@H](NC(=O)CN1CCN(S(=O)(=O)Cc2ccccc2)CC1=O)C(=O)c1nccs1,NC(=N)NCCC[C@@H](NC(=O)CN1CCN(CC1=O)S(=O)(=O)Cc1ccccc1)C(=O)c1nccs1,1.886056648,0.0,1,10.1093/nar/gkv1072,w16_s4_sequence_mean:273-288,273,288,TAAHCLYQAKRFKVRV,r3_b1066,3,1066,"[19, 20, 21, 22, 23, 24, 25]","[""cccc(C)c"", ""cccc(C)c""]",2.9267098903656006,2.9042975902557373,2.905296564102173,2.8829307556152344,0.02241230010986328,0.021413326263427734,0.04377913475036621,-4.649162292480469e-05,yp+yl-y0-ypl,631ef93608905533d365fb97ed0ecc379a60c0993e0d15ad8dd8c4d29a42bd65
2773,442,factor_xa_05,N=C(N)NCCC[C@@H](NC(=O)CN1CCN(S(=O)(=O)Cc2ccccc2)CC1=O)C(=O)c1nccs1,NC(=N)NCCC[C@@H](NC(=O)CN1CCN(CC1=O)S(=O)(=O)Cc1ccccc1)C(=O)c1nccs1,1.886056648,0.0,1,10.1093/nar/gkv1072,w16_s4_sequence_mean:273-288,273,288,TAAHCLYQAKRFKVRV,r3_b983,3,983,"[0, 1, 2, 3, 4, 5]","[""CCNC(=N)N""]",2.9267098903656006,2.9042975902557373,2.905695915222168,2.883711099624634,0.02241230010986328,0.021013975143432617,0.0429987907409668,-0.00042748451232910156,yp+yl-y0-ypl,631ef93608905533d365fb97ed0ecc379a60c0993e0d15ad8dd8c4d29a42bd65
2773,442,factor_xa_05,N=C(N)NCCC[C@@H](NC(=O)CN1CCN(S(=O)(=O)Cc2ccccc2)CC1=O)C(=O)c1nccs1,NC(=N)NCCC[C@@H](NC(=O)CN1CCN(CC1=O)S(=O)(=O)Cc1ccccc1)C(=O)c1nccs1,1.886056648,0.0,1,10.1093/nar/gkv1072,w16_s4_sequence_mean:273-288,273,288,TAAHCLYQAKRFKVRV,r2_b1066,2,1066,"[19, 20, 21, 22, 23, 24, 25]","[""cccc(C)c"", ""cccc(C)c""]",2.9267098903656006,2.9042975902557373,2.8210513591766357,2.7980148792266846,0.02241230010986328,0.10565853118896484,0.12869501113891602,0.0006241798400878906,yp+yl-y0-ypl,631ef93608905533d365fb97ed0ecc379a60c0993e0d15ad8dd8c4d29a42bd65
2773,442,factor_xa_05,N=C(N)NCCC[C@@H](NC(=O)CN1CCN(S(=O)(=O)Cc2ccccc2)CC1=O)C(=O)c1nccs1,NC(=N)NCCC[C@@H](NC(=O)CN1CCN(CC1=O)S(=O)(=O)Cc1ccccc1)C(=O)c1nccs1,1.886056648,0.0,1,10.1093/nar/gkv1072,w16_s4_sequence_mean:273-288,273,288,TAAHCLYQAKRFKVRV,r3_b632,3,632,"[11, 12, 13, 15, 26, 27, 28]","[""CN(C)C(=O)CN""]",2.9267098903656006,2.9042975902557373,2.901663064956665,2.8797192573547363,0.02241230010986328,0.025046825408935547,0.04699063301086426,-0.0004684925079345703,yp+yl-y0-ypl,631ef93608905533d365fb97ed0ecc379a60c0993e0d15ad8dd8c4d29a42bd65
2773,442,factor_xa_05,N=C(N)NCCC[C@@H](NC(=O)CN1CCN(S(=O)(=O)Cc2ccccc2)CC1=O)C(=O)c1nccs1,NC(=N)NCCC[C@@H](NC(=O)CN1CCN(CC1=O)S(=O)(=O)Cc1ccccc1)C(=O)c1nccs1,1.886056648,0.0,1,10.1093/nar/gkv1072,w16_s4_sequence_mean:273-288,273,288,TAAHCLYQAKRFKVRV,r3_b5,3,5,"[16, 19, 20]","[""cCS""]",2.9267098903656006,2.9042975902557373,2.9038143157958984,2.881892681121826,0.02241230010986328,0.02289557456970215,0.044817209243774414,-0.0004906654357910156,yp+yl-y0-ypl,631ef93608905533d365fb97ed0ecc379a60c0993e0d15ad8dd8c4d29a42bd65
2773,442,factor_xa_05,N=C(N)NCCC[C@@H](NC(=O)CN1CCN(S(=O)(=O)Cc2ccccc2)CC1=O)C(=O)c1nccs1,NC(=N)NCCC[C@@H](NC(=O)CN1CCN(CC1=O)S(=O)(=O)Cc1ccccc1)C(=O)c1nccs1,1.886056648,0.0,1,10.1093/nar/gkv1072,w16_s4_sequence_mean:273-288,273,288,TAAHCLYQAKRFKVRV,r2_b295,2,295,"[11, 12, 13, 14, 15, 27]","[""CN(C)CCN""]",2.9267098903656006,2.9042975902557373,2.848395824432373,2.8267741203308105,0.02241230010986328,0.07831406593322754,0.09993577003479004,-0.0007905960083007812,yp+yl-y0-ypl,631ef93608905533d365fb97ed0ecc379a60c0993e0d15ad8dd8c4d29a42bd65
2773,442,factor_xa_05,N=C(N)NCCC[C@@H](NC(=O)CN1CCN(S(=O)(=O)Cc2ccccc2)CC1=O)C(=O)c1nccs1,NC(=N)NCCC[C@@H](NC(=O)CN1CCN(CC1=O)S(=O)(=O)Cc1ccccc1)C(=O)c1nccs1,1.886056648,0.0,1,10.1093/nar/gkv1072,w16_s4_sequence_mean:273-288,273,288,TAAHCLYQAKRFKVRV,r3_b1917,3,1917,"[9, 10, 29, 30]","[""C=O"", ""C=O""]",2.9267098903656006,2.9042975902557373,2.908374071121216,2.885847330093384,0.02241230010986328,0.018335819244384766,0.0408625602722168,0.00011444091796875,yp+yl-y0-ypl,631ef93608905533d365fb97ed0ecc379a60c0993e0d15ad8dd8c4d29a42bd65
2773,442,factor_xa_05,N=C(N)NCCC[C@@H](NC(=O)CN1CCN(S(=O)(=O)Cc2ccccc2)CC1=O)C(=O)c1nccs1,NC(=N)NCCC[C@@H](NC(=O)CN1CCN(CC1=O)S(=O)(=O)Cc1ccccc1)C(=O)c1nccs1,1.886056648,0.0,1,10.1093/nar/gkv1072,w16_s4_sequence_mean:273-288,273,288,TAAHCLYQAKRFKVRV,r3_b80,3,80,"[4, 5, 6, 11, 19]","[""C"", ""C"", ""C"", ""C"", ""C""]",2.9267098903656006,2.9042975902557373,2.9113872051239014,2.889392137527466,0.02241230010986328,0.015322685241699219,0.037317752838134766,-0.0004172325134277344,yp+yl-y0-ypl,631ef93608905533d365fb97ed0ecc379a60c0993e0d15ad8dd8c4d29a42bd65
2773,442,factor_xa_05,N=C(N)NCCC[C@@H](NC(=O)CN1CCN(S(=O)(=O)Cc2ccccc2)CC1=O)C(=O)c1nccs1,NC(=N)NCCC[C@@H](NC(=O)CN1CCN(CC1=O)S(=O)(=O)Cc1ccccc1)C(=O)c1nccs1,1.886056648,0.0,1,10.1093/nar/gkv1072,w16_s4_sequence_mean:273-288,273,288,TAAHCLYQAKRFKVRV,r3_b1947,3,1947,"[20, 21, 22, 23, 24, 25]","[""c1ccccc1""]",2.9267098903656006,2.9042975902557373,2.919353723526001,2.8970987796783447,0.02241230010986328,0.007356166839599609,0.02961111068725586,-0.00015735626220703125,yp+yl-y0-ypl,631ef93608905533d365fb97ed0ecc379a60c0993e0d15ad8dd8c4d29a42bd65
2773,442,factor_xa_05,N=C(N)NCCC[C@@H](NC(=O)CN1CCN(S(=O)(=O)Cc2ccccc2)CC1=O)C(=O)c1nccs1,NC(=N)NCCC[C@@H](NC(=O)CN1CCN(CC1=O)S(=O)(=O)Cc1ccccc1)C(=O)c1nccs1,1.886056648,0.0,1,10.1093/nar/gkv1072,w16_s4_sequence_mean:273-288,273,288,TAAHCLYQAKRFKVRV,r2_b1567,2,1567,"[31, 34, 35]","[""csc""]",2.9267098903656006,2.9042975902557373,2.8711955547332764,2.8486132621765137,0.02241230010986328,0.05551433563232422,0.07809662818908691,0.00016999244689941406,yp+yl-y0-ypl,631ef93608905533d365fb97ed0ecc379a60c0993e0d15ad8dd8c4d29a42bd65
2773,442,factor_xa_05,N=C(N)NCCC[C@@H](NC(=O)CN1CCN(S(=O)(=O)Cc2ccccc2)CC1=O)C(=O)c1nccs1,NC(=N)NCCC[C@@H](NC(=O)CN1CCN(CC1=O)S(=O)(=O)Cc1ccccc1)C(=O)c1nccs1,1.886056648,0.0,1,10.1093/nar/gkv1072,w16_s4_sequence_mean:269-284,269,284,FYILTAAHCLYQAKRF,r3_b1066,3,1066,"[19, 20, 21, 22, 23, 24, 25]","[""cccc(C)c"", ""cccc(C)c""]",2.9267098903656006,2.9017884731292725,2.905296564102173,2.880384683609009,0.024921417236328125,0.021413326263427734,0.0463252067565918,-9.5367431640625e-06,yp+yl-y0-ypl,631ef93608905533d365fb97ed0ecc379a60c0993e0d15ad8dd8c4d29a42bd65
2773,442,factor_xa_05,N=C(N)NCCC[C@@H](NC(=O)CN1CCN(S(=O)(=O)Cc2ccccc2)CC1=O)C(=O)c1nccs1,NC(=N)NCCC[C@@H](NC(=O)CN1CCN(CC1=O)S(=O)(=O)Cc1ccccc1)C(=O)c1nccs1,1.886056648,0.0,1,10.1093/nar/gkv1072,w16_s4_sequence_mean:269-284,269,284,FYILTAAHCLYQAKRF,r3_b983,3,983,"[0, 1, 2, 3, 4, 5]","[""CCNC(=N)N""]",2.9267098903656006,2.9017884731292725,2.905695915222168,2.881045341491699,0.024921417236328125,0.021013975143432617,0.04566454887390137,-0.000270843505859375,yp+yl-y0-ypl,631ef93608905533d365fb97ed0ecc379a60c0993e0d15ad8dd8c4d29a42bd65
2773,442,factor_xa_05,N=C(N)NCCC[C@@H](NC(=O)CN1CCN(S(=O)(=O)Cc2ccccc2)CC1=O)C(=O)c1nccs1,NC(=N)NCCC[C@@H](NC(=O)CN1CCN(CC1=O)S(=O)(=O)Cc1ccccc1)C(=O)c1nccs1,1.886056648,0.0,1,10.1093/nar/gkv1072,w16_s4_sequence_mean:269-284,269,284,FYILTAAHCLYQAKRF,r2_b1066,2,1066,"[19, 20, 21, 22, 23, 24, 25]","[""cccc(C)c"", ""cccc(C)c""]",2.9267098903656006,2.9017884731292725,2.8210513591766357,2.7952163219451904,0.024921417236328125,0.10565853118896484,0.13149356842041016,0.0009136199951171875,yp+yl-y0-ypl,631ef93608905533d365fb97ed0ecc379a60c0993e0d15ad8dd8c4d29a42bd65
2773,442,factor_xa_05,N=C(N)NCCC[C@@H](NC(=O)CN1CCN(S(=O)(=O)Cc2ccccc2)CC1=O)C(=O)c1nccs1,NC(=N)NCCC[C@@H](NC(=O)CN1CCN(CC1=O)S(=O)(=O)Cc1ccccc1)C(=O)c1nccs1,1.886056648,0.0,1,10.1093/nar/gkv1072,w16_s4_sequence_mean:269-284,269,284,FYILTAAHCLYQAKRF,r3_b632,3,632,"[11, 12, 13, 15, 26, 27, 28]","[""CN(C)C(=O)CN""]",2.9267098903656006,2.9017884731292725,2.901663064956665,2.8771350383758545,0.024921417236328125,0.025046825408935547,0.049574851989746094,-0.0003933906555175781,yp+yl-y0-ypl,631ef93608905533d365fb97ed0ecc379a60c0993e0d15ad8dd8c4d29a42bd65
2773,442,factor_xa_05,N=C(N)NCCC[C@@H](NC(=O)CN1CCN(S(=O)(=O)Cc2ccccc2)CC1=O)C(=O)c1nccs1,NC(=N)NCCC[C@@H](NC(=O)CN1CCN(CC1=O)S(=O)(=O)Cc1ccccc1)C(=O)c1nccs1,1.886056648,0.0,1,10.1093/nar/gkv1072,w16_s4_sequence_mean:269-284,269,284,FYILTAAHCLYQAKRF,r3_b5,3,5,"[16, 19, 20]","[""cCS""]",2.9267098903656006,2.9017884731292725,2.9038143157958984,2.879138231277466,0.024921417236328125,0.02289557456970215,0.047571659088134766,-0.0002453327178955078,yp+yl-y0-ypl,631ef93608905533d365fb97ed0ecc379a60c0993e0d15ad8dd8c4d29a42bd65
2773,442,factor_xa_05,N=C(N)NCCC[C@@H](NC(=O)CN1CCN(S(=O)(=O)Cc2ccccc2)CC1=O)C(=O)c1nccs1,NC(=N)NCCC[C@@H](NC(=O)CN1CCN(CC1=O)S(=O)(=O)Cc1ccccc1)C(=O)c1nccs1,1.886056648,0.0,1,10.1093/nar/gkv1072,w16_s4_sequence_mean:269-284,269,284,FYILTAAHCLYQAKRF,r2_b295,2,295,"[11, 12, 13, 14, 15, 27]","[""CN(C)CCN""]",2.9267098903656006,2.9017884731292725,2.848395824432373,2.8238391876220703,0.024921417236328125,0.07831406593322754,0.10287070274353027,-0.0003647804260253906,yp+yl-y0-ypl,631ef93608905533d365fb97ed0ecc379a60c0993e0d15ad8dd8c4d29a42bd65
2773,442,factor_xa_05,N=C(N)NCCC[C@@H](NC(=O)CN1CCN(S(=O)(=O)Cc2ccccc2)CC1=O)C(=O)c1nccs1,NC(=N)NCCC[C@@H](NC(=O)CN1CCN(CC1=O)S(=O)(=O)Cc1ccccc1)C(=O)c1nccs1,1.886056648,0.0,1,10.1093/nar/gkv1072,w16_s4_sequence_mean:269-284,269,284,FYILTAAHCLYQAKRF,r3_b1917,3,1917,"[9, 10, 29, 30]","[""C=O"", ""C=O""]",2.9267098903656006,2.9017884731292725,2.908374071121216,2.8832814693450928,0.024921417236328125,0.018335819244384766,0.04342842102050781,0.00017118453979492188,yp+yl-y0-ypl,631ef93608905533d365fb97ed0ecc379a60c0993e0d15ad8dd8c4d29a42bd65
2773,442,factor_xa_05,N=C(N)NCCC[C@@H](NC(=O)CN1CCN(S(=O)(=O)Cc2ccccc2)CC1=O)C(=O)c1nccs1,NC(=N)NCCC[C@@H](NC(=O)CN1CCN(CC1=O)S(=O)(=O)Cc1ccccc1)C(=O)c1nccs1,1.886056648,0.0,1,10.1093/nar/gkv1072,w16_s4_sequence_mean:269-284,269,284,FYILTAAHCLYQAKRF,r3_b80,3,80,"[4, 5, 6, 11, 19]","[""C"", ""C"", ""C"", ""C"", ""C""]",2.9267098903656006,2.9017884731292725,2.9113872051239014,2.88667368888855,0.024921417236328125,0.015322685241699219,0.04003620147705078,-0.0002079010009765625,yp+yl-y0-ypl,631ef93608905533d365fb97ed0ecc379a60c0993e0d15ad8dd8c4d29a42bd65
2773,442,factor_xa_05,N=C(N)NCCC[C@@H](NC(=O)CN1CCN(S(=O)(=O)Cc2ccccc2)CC1=O)C(=O)c1nccs1,NC(=N)NCCC[C@@H](NC(=O)CN1CCN(CC1=O)S(=O)(=O)Cc1ccccc1)C(=O)c1nccs1,1.886056648,0.0,1,10.1093/nar/gkv1072,w16_s4_sequence_mean:269-284,269,284,FYILTAAHCLYQAKRF,r3_b1947,3,1947,"[20, 21, 22, 23, 24, 25]","[""c1ccccc1""]",2.9267098903656006,2.9017884731292725,2.919353723526001,2.8944780826568604,0.024921417236328125,0.007356166839599609,0.032231807708740234,-4.57763671875e-05,yp+yl-y0-ypl,631ef93608905533d365fb97ed0ecc379a60c0993e0d15ad8dd8c4d29a42bd65
2773,442,factor_xa_05,N=C(N)NCCC[C@@H](NC(=O)CN1CCN(S(=O)(=O)Cc2ccccc2)CC1=O)C(=O)c1nccs1,NC(=N)NCCC[C@@H](NC(=O)CN1CCN(CC1=O)S(=O)(=O)Cc1ccccc1)C(=O)c1nccs1,1.886056648,0.0,1,10.1093/nar/gkv1072,w16_s4_sequence_mean:269-284,269,284,FYILTAAHCLYQAKRF,r2_b1567,2,1567,"[31, 34, 35]","[""csc""]",2.9267098903656006,2.9017884731292725,2.8711955547332764,2.8464653491973877,0.024921417236328125,0.05551433563232422,0.08024454116821289,-0.00019121170043945312,yp+yl-y0-ypl,631ef93608905533d365fb97ed0ecc379a60c0993e0d15ad8dd8c4d29a42bd65
2773,442,factor_xa_05,N=C(N)NCCC[C@@H](NC(=O)CN1CCN(S(=O)(=O)Cc2ccccc2)CC1=O)C(=O)c1nccs1,NC(=N)NCCC[C@@H](NC(=O)CN1CCN(CC1=O)S(=O)(=O)Cc1ccccc1)C(=O)c1nccs1,1.886056648,0.0,1,10.1093/nar/gkv1072,w16_s4_sequence_mean:457-472,457,472,AFLKWIDRSMKTRGLP,r3_b1066,3,1066,"[19, 20, 21, 22, 23, 24, 25]","[""cccc(C)c"", ""cccc(C)c""]",2.9267098903656006,2.9033071994781494,2.905296564102173,2.8816049098968506,0.023402690887451172,0.021413326263427734,0.04510498046875,0.00028896331787109375,yp+yl-y0-ypl,631ef93608905533d365fb97ed0ecc379a60c0993e0d15ad8dd8c4d29a42bd65
2773,442,factor_xa_05,N=C(N)NCCC[C@@H](NC(=O)CN1CCN(S(=O)(=O)Cc2ccccc2)CC1=O)C(=O)c1nccs1,NC(=N)NCCC[C@@H](NC(=O)CN1CCN(CC1=O)S(=O)(=O)Cc1ccccc1)C(=O)c1nccs1,1.886056648,0.0,1,10.1093/nar/gkv1072,w16_s4_sequence_mean:457-472,457,472,AFLKWIDRSMKTRGLP,r3_b983,3,983,"[0, 1, 2, 3, 4, 5]","[""CCNC(=N)N""]",2.9267098903656006,2.9033071994781494,2.905695915222168,2.8820559978485107,0.023402690887451172,0.021013975143432617,0.044653892517089844,0.0002372264862060547,yp+yl-y0-ypl,631ef93608905533d365fb97ed0ecc379a60c0993e0d15ad8dd8c4d29a42bd65
2773,442,factor_xa_05,N=C(N)NCCC[C@@H](NC(=O)CN1CCN(S(=O)(=O)Cc2ccccc2)CC1=O)C(=O)c1nccs1,NC(=N)NCCC[C@@H](NC(=O)CN1CCN(CC1=O)S(=O)(=O)Cc1ccccc1)C(=O)c1nccs1,1.886056648,0.0,1,10.1093/nar/gkv1072,w16_s4_sequence_mean:457-472,457,472,AFLKWIDRSMKTRGLP,r2_b1066,2,1066,"[19, 20, 21, 22, 23, 24, 25]","[""cccc(C)c"", ""cccc(C)c""]",2.9267098903656006,2.9033071994781494,2.8210513591766357,2.796860456466675,0.023402690887451172,0.10565853118896484,0.12984943389892578,0.0007882118225097656,yp+yl-y0-ypl,631ef93608905533d365fb97ed0ecc379a60c0993e0d15ad8dd8c4d29a42bd65
2773,442,factor_xa_05,N=C(N)NCCC[C@@H](NC(=O)CN1CCN(S(=O)(=O)Cc2ccccc2)CC1=O)C(=O)c1nccs1,NC(=N)NCCC[C@@H](NC(=O)CN1CCN(CC1=O)S(=O)(=O)Cc1ccccc1)C(=O)c1nccs1,1.886056648,0.0,1,10.1093/nar/gkv1072,w16_s4_sequence_mean:457-472,457,472,AFLKWIDRSMKTRGLP,r3_b632,3,632,"[11, 12, 13, 15, 26, 27, 28]","[""CN(C)C(=O)CN""]",2.9267098903656006,2.9033071994781494,2.901663064956665,2.878347396850586,0.023402690887451172,0.025046825408935547,0.04836249351501465,-8.702278137207031e-05,yp+yl-y0-ypl,631ef93608905533d365fb97ed0ecc379a60c0993e0d15ad8dd8c4d29a42bd65
2773,442,factor_xa_05,N=C(N)NCCC[C@@H](NC(=O)CN1CCN(S(=O)(=O)Cc2ccccc2)CC1=O)C(=O)c1nccs1,NC(=N)NCCC[C@@H](NC(=O)CN1CCN(CC1=O)S(=O)(=O)Cc1ccccc1)C(=O)c1nccs1,1.886056648,0.0,1,10.1093/nar/gkv1072,w16_s4_sequence_mean:457-472,457,472,AFLKWIDRSMKTRGLP,r3_b5,3,5,"[16, 19, 20]","[""cCS""]",2.9267098903656006,2.9033071994781494,2.9038143157958984,2.879960298538208,0.023402690887451172,0.02289557456970215,0.04674959182739258,0.0004513263702392578,yp+yl-y0-ypl,631ef93608905533d365fb97ed0ecc379a60c0993e0d15ad8dd8c4d29a42bd65
2773,442,factor_xa_05,N=C(N)NCCC[C@@H](NC(=O)CN1CCN(S(=O)(=O)Cc2ccccc2)CC1=O)C(=O)c1nccs1,NC(=N)NCCC[C@@H](NC(=O)CN1CCN(CC1=O)S(=O)(=O)Cc1ccccc1)C(=O)c1nccs1,1.886056648,0.0,1,10.1093/nar/gkv1072,w16_s4_sequence_mean:457-472,457,472,AFLKWIDRSMKTRGLP,r2_b295,2,295,"[11, 12, 13, 14, 15, 27]","[""CN(C)CCN""]",2.9267098903656006,2.9033071994781494,2.848395824432373,2.8235111236572266,0.023402690887451172,0.07831406593322754,0.10319876670837402,0.0014820098876953125,yp+yl-y0-ypl,631ef93608905533d365fb97ed0ecc379a60c0993e0d15ad8dd8c4d29a42bd65
2773,442,factor_xa_05,N=C(N)NCCC[C@@H](NC(=O)CN1CCN(S(=O)(=O)Cc2ccccc2)CC1=O)C(=O)c1nccs1,NC(=N)NCCC[C@@H](NC(=O)CN1CCN(CC1=O)S(=O)(=O)Cc1ccccc1)C(=O)c1nccs1,1.886056648,0.0,1,10.1093/nar/gkv1072,w16_s4_sequence_mean:457-472,457,472,AFLKWIDRSMKTRGLP,r3_b1917,3,1917,"[9, 10, 29, 30]","[""C=O"", ""C=O""]",2.9267098903656006,2.9033071994781494,2.908374071121216,2.88455867767334,0.023402690887451172,0.018335819244384766,0.04215121269226074,0.0004127025604248047,yp+yl-y0-ypl,631ef93608905533d365fb97ed0ecc379a60c0993e0d15ad8dd8c4d29a42bd65
2773,442,factor_xa_05,N=C(N)NCCC[C@@H](NC(=O)CN1CCN(S(=O)(=O)Cc2ccccc2)CC1=O)C(=O)c1nccs1,NC(=N)NCCC[C@@H](NC(=O)CN1CCN(CC1=O)S(=O)(=O)Cc1ccccc1)C(=O)c1nccs1,1.886056648,0.0,1,10.1093/nar/gkv1072,w16_s4_sequence_mean:457-472,457,472,AFLKWIDRSMKTRGLP,r3_b80,3,80,"[4, 5, 6, 11, 19]","[""C"", ""C"", ""C"", ""C"", ""C""]",2.9267098903656006,2.9033071994781494,2.9113872051239014,2.887584924697876,0.023402690887451172,0.015322685241699219,0.03912496566772461,0.00039958953857421875,yp+yl-y0-ypl,631ef93608905533d365fb97ed0ecc379a60c0993e0d15ad8dd8c4d29a42bd65
2773,442,factor_xa_05,N=C(N)NCCC[C@@H](NC(=O)CN1CCN(S(=O)(=O)Cc2ccccc2)CC1=O)C(=O)c1nccs1,NC(=N)NCCC[C@@H](NC(=O)CN1CCN(CC1=O)S(=O)(=O)Cc1ccccc1)C(=O)c1nccs1,1.886056648,0.0,1,10.1093/nar/gkv1072,w16_s4_sequence_mean:457-472,457,472,AFLKWIDRSMKTRGLP,r3_b1947,3,1947,"[20, 21, 22, 23, 24, 25]","[""c1ccccc1""]",2.9267098903656006,2.9033071994781494,2.919353723526001,2.8959171772003174,0.023402690887451172,0.007356166839599609,0.030792713165283203,3.3855438232421875e-05,yp+yl-y0-ypl,631ef93608905533d365fb97ed0ecc379a60c0993e0d15ad8dd8c4d29a42bd65
2773,442,factor_xa_05,N=C(N)NCCC[C@@H](NC(=O)CN1CCN(S(=O)(=O)Cc2ccccc2)CC1=O)C(=O)c1nccs1,NC(=N)NCCC[C@@H](NC(=O)CN1CCN(CC1=O)S(=O)(=O)Cc1ccccc1)C(=O)c1nccs1,1.886056648,0.0,1,10.1093/nar/gkv1072,w16_s4_sequence_mean:457-472,457,472,AFLKWIDRSMKTRGLP,r2_b1567,2,1567,"[31, 34, 35]","[""csc""]",2.9267098903656006,2.9033071994781494,2.8711955547332764,2.8481767177581787,0.023402690887451172,0.05551433563232422,0.07853317260742188,-0.0003838539123535156,yp+yl-y0-ypl,631ef93608905533d365fb97ed0ecc379a60c0993e0d15ad8dd8c4d29a42bd65
2773,442,factor_xa_05,N=C(N)NCCC[C@@H](NC(=O)CN1CCN(S(=O)(=O)Cc2ccccc2)CC1=O)C(=O)c1nccs1,NC(=N)NCCC[C@@H](NC(=O)CN1CCN(CC1=O)S(=O)(=O)Cc1ccccc1)C(=O)c1nccs1,1.886056648,0.0,1,10.1093/nar/gkv1072,w16_s4_sequence_mean:461-476,461,476,WIDRSMKTRGLPKAKS,r3_b1066,3,1066,"[19, 20, 21, 22, 23, 24, 25]","[""cccc(C)c"", ""cccc(C)c""]",2.9267098903656006,2.908775806427002,2.905296564102173,2.8869006633758545,0.017934083938598633,0.021413326263427734,0.039809226989746094,0.00046181678771972656,yp+yl-y0-ypl,631ef93608905533d365fb97ed0ecc379a60c0993e0d15ad8dd8c4d29a42bd65
2773,442,factor_xa_05,N=C(N)NCCC[C@@H](NC(=O)CN1CCN(S(=O)(=O)Cc2ccccc2)CC1=O)C(=O)c1nccs1,NC(=N)NCCC[C@@H](NC(=O)CN1CCN(CC1=O)S(=O)(=O)Cc1ccccc1)C(=O)c1nccs1,1.886056648,0.0,1,10.1093/nar/gkv1072,w16_s4_sequence_mean:461-476,461,476,WIDRSMKTRGLPKAKS,r3_b983,3,983,"[0, 1, 2, 3, 4, 5]","[""CCNC(=N)N""]",2.9267098903656006,2.908775806427002,2.905695915222168,2.887342929840088,0.017934083938598633,0.021013975143432617,0.039366960525512695,0.0004189014434814453,yp+yl-y0-ypl,631ef93608905533d365fb97ed0ecc379a60c0993e0d15ad8dd8c4d29a42bd65
2773,442,factor_xa_05,N=C(N)NCCC[C@@H](NC(=O)CN1CCN(S(=O)(=O)Cc2ccccc2)CC1=O)C(=O)c1nccs1,NC(=N)NCCC[C@@H](NC(=O)CN1CCN(CC1=O)S(=O)(=O)Cc1ccccc1)C(=O)c1nccs1,1.886056648,0.0,1,10.1093/nar/gkv1072,w16_s4_sequence_mean:461-476,461,476,WIDRSMKTRGLPKAKS,r2_b1066,2,1066,"[19, 20, 21, 22, 23, 24, 25]","[""cccc(C)c"", ""cccc(C)c""]",2.9267098903656006,2.908775806427002,2.8210513591766357,2.8026843070983887,0.017934083938598633,0.10565853118896484,0.12402558326721191,0.0004329681396484375,yp+yl-y0-ypl,631ef93608905533d365fb97ed0ecc379a60c0993e0d15ad8dd8c4d29a42bd65
2773,442,factor_xa_05,N=C(N)NCCC[C@@H](NC(=O)CN1CCN(S(=O)(=O)Cc2ccccc2)CC1=O)C(=O)c1nccs1,NC(=N)NCCC[C@@H](NC(=O)CN1CCN(CC1=O)S(=O)(=O)Cc1ccccc1)C(=O)c1nccs1,1.886056648,0.0,1,10.1093/nar/gkv1072,w16_s4_sequence_mean:461-476,461,476,WIDRSMKTRGLPKAKS,r3_b632,3,632,"[11, 12, 13, 15, 26, 27, 28]","[""CN(C)C(=O)CN""]",2.9267098903656006,2.908775806427002,2.901663064956665,2.883822441101074,0.017934083938598633,0.025046825408935547,0.04288744926452637,-9.34600830078125e-05,yp+yl-y0-ypl,631ef93608905533d365fb97ed0ecc379a60c0993e0d15ad8dd8c4d29a42bd65
2773,442,factor_xa_05,N=C(N)NCCC[C@@H](NC(=O)CN1CCN(S(=O)(=O)Cc2ccccc2)CC1=O)C(=O)c1nccs1,NC(=N)NCCC[C@@H](NC(=O)CN1CCN(CC1=O)S(=O)(=O)Cc1ccccc1)C(=O)c1nccs1,1.886056648,0.0,1,10.1093/nar/gkv1072,w16_s4_sequence_mean:461-476,461,476,WIDRSMKTRGLPKAKS,r3_b5,3,5,"[16, 19, 20]","[""cCS""]",2.9267098903656006,2.908775806427002,2.9038143157958984,2.8854002952575684,0.017934083938598633,0.02289557456970215,0.04130959510803223,0.0004799365997314453,yp+yl-y0-ypl,631ef93608905533d365fb97ed0ecc379a60c0993e0d15ad8dd8c4d29a42bd65
2773,442,factor_xa_05,N=C(N)NCCC[C@@H](NC(=O)CN1CCN(S(=O)(=O)Cc2ccccc2)CC1=O)C(=O)c1nccs1,NC(=N)NCCC[C@@H](NC(=O)CN1CCN(CC1=O)S(=O)(=O)Cc1ccccc1)C(=O)c1nccs1,1.886056648,0.0,1,10.1093/nar/gkv1072,w16_s4_sequence_mean:461-476,461,476,WIDRSMKTRGLPKAKS,r2_b295,2,295,"[11, 12, 13, 14, 15, 27]","[""CN(C)CCN""]",2.9267098903656006,2.908775806427002,2.848395824432373,2.8286967277526855,0.017934083938598633,0.07831406593322754,0.09801316261291504,0.0017650127410888672,yp+yl-y0-ypl,631ef93608905533d365fb97ed0ecc379a60c0993e0d15ad8dd8c4d29a42bd65
2773,442,factor_xa_05,N=C(N)NCCC[C@@H](NC(=O)CN1CCN(S(=O)(=O)Cc2ccccc2)CC1=O)C(=O)c1nccs1,NC(=N)NCCC[C@@H](NC(=O)CN1CCN(CC1=O)S(=O)(=O)Cc1ccccc1)C(=O)c1nccs1,1.886056648,0.0,1,10.1093/nar/gkv1072,w16_s4_sequence_mean:461-476,461,476,WIDRSMKTRGLPKAKS,r3_b1917,3,1917,"[9, 10, 29, 30]","[""C=O"", ""C=O""]",2.9267098903656006,2.908775806427002,2.908374071121216,2.8899617195129395,0.017934083938598633,0.018335819244384766,0.03674817085266113,0.0004782676696777344,yp+yl-y0-ypl,631ef93608905533d365fb97ed0ecc379a60c0993e0d15ad8dd8c4d29a42bd65
2773,442,factor_xa_05,N=C(N)NCCC[C@@H](NC(=O)CN1CCN(S(=O)(=O)Cc2ccccc2)CC1=O)C(=O)c1nccs1,NC(=N)NCCC[C@@H](NC(=O)CN1CCN(CC1=O)S(=O)(=O)Cc1ccccc1)C(=O)c1nccs1,1.886056648,0.0,1,10.1093/nar/gkv1072,w16_s4_sequence_mean:461-476,461,476,WIDRSMKTRGLPKAKS,r3_b80,3,80,"[4, 5, 6, 11, 19]","[""C"", ""C"", ""C"", ""C"", ""C""]",2.9267098903656006,2.908775806427002,2.9113872051239014,2.8933541774749756,0.017934083938598633,0.015322685241699219,0.033355712890625,9.894371032714844e-05,yp+yl-y0-ypl,631ef93608905533d365fb97ed0ecc379a60c0993e0d15ad8dd8c4d29a42bd65
2773,442,factor_xa_05,N=C(N)NCCC[C@@H](NC(=O)CN1CCN(S(=O)(=O)Cc2ccccc2)CC1=O)C(=O)c1nccs1,NC(=N)NCCC[C@@H](NC(=O)CN1CCN(CC1=O)S(=O)(=O)Cc1ccccc1)C(=O)c1nccs1,1.886056648,0.0,1,10.1093/nar/gkv1072,w16_s4_sequence_mean:461-476,461,476,WIDRSMKTRGLPKAKS,r3_b1947,3,1947,"[20, 21, 22, 23, 24, 25]","[""c1ccccc1""]",2.9267098903656006,2.908775806427002,2.919353723526001,2.901517629623413,0.017934083938598633,0.007356166839599609,0.0251922607421875,-9.799003601074219e-05,yp+yl-y0-ypl,631ef93608905533d365fb97ed0ecc379a60c0993e0d15ad8dd8c4d29a42bd65
2773,442,factor_xa_05,N=C(N)NCCC[C@@H](NC(=O)CN1CCN(S(=O)(=O)Cc2ccccc2)CC1=O)C(=O)c1nccs1,NC(=N)NCCC[C@@H](NC(=O)CN1CCN(CC1=O)S(=O)(=O)Cc1ccccc1)C(=O)c1nccs1,1.886056648,0.0,1,10.1093/nar/gkv1072,w16_s4_sequence_mean:461-476,461,476,WIDRSMKTRGLPKAKS,r2_b1567,2,1567,"[31, 34, 35]","[""csc""]",2.9267098903656006,2.908775806427002,2.8711955547332764,2.8537557125091553,0.017934083938598633,0.05551433563232422,0.07295417785644531,-0.0004942417144775391,yp+yl-y0-ypl,631ef93608905533d365fb97ed0ecc379a60c0993e0d15ad8dd8c4d29a42bd65
2773,442,factor_xa_05,N=C(N)NCCC[C@@H](NC(=O)CN1CCN(S(=O)(=O)Cc2ccccc2)CC1=O)C(=O)c1nccs1,NC(=N)NCCC[C@@H](NC(=O)CN1CCN(CC1=O)S(=O)(=O)Cc1ccccc1)C(=O)c1nccs1,1.886056648,0.0,1,10.1093/nar/gkv1072,w16_s4_sequence_mean:221-236,221,236,NQTQPERGDNNLTRIV,r3_b1066,3,1066,"[19, 20, 21, 22, 23, 24, 25]","[""cccc(C)c"", ""cccc(C)c""]",2.9267098903656006,2.909438371658325,2.905296564102173,2.8880274295806885,0.01727151870727539,0.021413326263427734,0.03868246078491211,-2.384185791015625e-06,yp+yl-y0-ypl,631ef93608905533d365fb97ed0ecc379a60c0993e0d15ad8dd8c4d29a42bd65
2773,442,factor_xa_05,N=C(N)NCCC[C@@H](NC(=O)CN1CCN(S(=O)(=O)Cc2ccccc2)CC1=O)C(=O)c1nccs1,NC(=N)NCCC[C@@H](NC(=O)CN1CCN(CC1=O)S(=O)(=O)Cc1ccccc1)C(=O)c1nccs1,1.886056648,0.0,1,10.1093/nar/gkv1072,w16_s4_sequence_mean:221-236,221,236,NQTQPERGDNNLTRIV,r3_b983,3,983,"[0, 1, 2, 3, 4, 5]","[""CCNC(=N)N""]",2.9267098903656006,2.909438371658325,2.905695915222168,2.887448787689209,0.01727151870727539,0.021013975143432617,0.0392611026763916,0.0009756088256835938,yp+yl-y0-ypl,631ef93608905533d365fb97ed0ecc379a60c0993e0d15ad8dd8c4d29a42bd65
2773,442,factor_xa_05,N=C(N)NCCC[C@@H](NC(=O)CN1CCN(S(=O)(=O)Cc2ccccc2)CC1=O)C(=O)c1nccs1,NC(=N)NCCC[C@@H](NC(=O)CN1CCN(CC1=O)S(=O)(=O)Cc1ccccc1)C(=O)c1nccs1,1.886056648,0.0,1,10.1093/nar/gkv1072,w16_s4_sequence_mean:221-236,221,236,NQTQPERGDNNLTRIV,r2_b1066,2,1066,"[19, 20, 21, 22, 23, 24, 25]","[""cccc(C)c"", ""cccc(C)c""]",2.9267098903656006,2.909438371658325,2.8210513591766357,2.804492235183716,0.01727151870727539,0.10565853118896484,0.12221765518188477,-0.0007123947143554688,yp+yl-y0-ypl,631ef93608905533d365fb97ed0ecc379a60c0993e0d15ad8dd8c4d29a42bd65
2773,442,factor_xa_05,N=C(N)NCCC[C@@H](NC(=O)CN1CCN(S(=O)(=O)Cc2ccccc2)CC1=O)C(=O)c1nccs1,NC(=N)NCCC[C@@H](NC(=O)CN1CCN(CC1=O)S(=O)(=O)Cc1ccccc1)C(=O)c1nccs1,1.886056648,0.0,1,10.1093/nar/gkv1072,w16_s4_sequence_mean:221-236,221,236,NQTQPERGDNNLTRIV,r3_b632,3,632,"[11, 12, 13, 15, 26, 27, 28]","[""CN(C)C(=O)CN""]",2.9267098903656006,2.909438371658325,2.901663064956665,2.8841307163238525,0.01727151870727539,0.025046825408935547,0.04257917404174805,0.0002608299255371094,yp+yl-y0-ypl,631ef93608905533d365fb97ed0ecc379a60c0993e0d15ad8dd8c4d29a42bd65
2773,442,factor_xa_05,N=C(N)NCCC[C@@H](NC(=O)CN1CCN(S(=O)(=O)Cc2ccccc2)CC1=O)C(=O)c1nccs1,NC(=N)NCCC[C@@H](NC(=O)CN1CCN(CC1=O)S(=O)(=O)Cc1ccccc1)C(=O)c1nccs1,1.886056648,0.0,1,10.1093/nar/gkv1072,w16_s4_sequence_mean:221-236,221,236,NQTQPERGDNNLTRIV,r3_b5,3,5,"[16, 19, 20]","[""cCS""]",2.9267098903656006,2.909438371658325,2.9038143157958984,2.8865270614624023,0.01727151870727539,0.02289557456970215,0.04018282890319824,1.5735626220703125e-05,yp+yl-y0-ypl,631ef93608905533d365fb97ed0ecc379a60c0993e0d15ad8dd8c4d29a42bd65
2773,442,factor_xa_05,N=C(N)NCCC[C@@H](NC(=O)CN1CCN(S(=O)(=O)Cc2ccccc2)CC1=O)C(=O)c1nccs1,NC(=N)NCCC[C@@H](NC(=O)CN1CCN(CC1=O)S(=O)(=O)Cc1ccccc1)C(=O)c1nccs1,1.886056648,0.0,1,10.1093/nar/gkv1072,w16_s4_sequence_mean:221-236,221,236,NQTQPERGDNNLTRIV,r2_b295,2,295,"[11, 12, 13, 14, 15, 27]","[""CN(C)CCN""]",2.9267098903656006,2.909438371658325,2.848395824432373,2.829998254776001,0.01727151870727539,0.07831406593322754,0.09671163558959961,0.0011260509490966797,yp+yl-y0-ypl,631ef93608905533d365fb97ed0ecc379a60c0993e0d15ad8dd8c4d29a42bd65
2773,442,factor_xa_05,N=C(N)NCCC[C@@H](NC(=O)CN1CCN(S(=O)(=O)Cc2ccccc2)CC1=O)C(=O)c1nccs1,NC(=N)NCCC[C@@H](NC(=O)CN1CCN(CC1=O)S(=O)(=O)Cc1ccccc1)C(=O)c1nccs1,1.886056648,0.0,1,10.1093/nar/gkv1072,w16_s4_sequence_mean:221-236,221,236,NQTQPERGDNNLTRIV,r3_b1917,3,1917,"[9, 10, 29, 30]","[""C=O"", ""C=O""]",2.9267098903656006,2.909438371658325,2.908374071121216,2.890545129776001,0.01727151870727539,0.018335819244384766,0.03616476058959961,0.0005574226379394531,yp+yl-y0-ypl,631ef93608905533d365fb97ed0ecc379a60c0993e0d15ad8dd8c4d29a42bd65
2773,442,factor_xa_05,N=C(N)NCCC[C@@H](NC(=O)CN1CCN(S(=O)(=O)Cc2ccccc2)CC1=O)C(=O)c1nccs1,NC(=N)NCCC[C@@H](NC(=O)CN1CCN(CC1=O)S(=O)(=O)Cc1ccccc1)C(=O)c1nccs1,1.886056648,0.0,1,10.1093/nar/gkv1072,w16_s4_sequence_mean:221-236,221,236,NQTQPERGDNNLTRIV,r3_b80,3,80,"[4, 5, 6, 11, 19]","[""C"", ""C"", ""C"", ""C"", ""C""]",2.9267098903656006,2.909438371658325,2.9113872051239014,2.89481520652771,0.01727151870727539,0.015322685241699219,0.031894683837890625,-0.0006995201110839844,yp+yl-y0-ypl,631ef93608905533d365fb97ed0ecc379a60c0993e0d15ad8dd8c4d29a42bd65
2773,442,factor_xa_05,N=C(N)NCCC[C@@H](NC(=O)CN1CCN(S(=O)(=O)Cc2ccccc2)CC1=O)C(=O)c1nccs1,NC(=N)NCCC[C@@H](NC(=O)CN1CCN(CC1=O)S(=O)(=O)Cc1ccccc1)C(=O)c1nccs1,1.886056648,0.0,1,10.1093/nar/gkv1072,w16_s4_sequence_mean:221-236,221,236,NQTQPERGDNNLTRIV,r3_b1947,3,1947,"[20, 21, 22, 23, 24, 25]","[""c1ccccc1""]",2.9267098903656006,2.909438371658325,2.919353723526001,2.9026620388031006,0.01727151870727539,0.007356166839599609,0.0240478515625,-0.000579833984375,yp+yl-y0-ypl,631ef93608905533d365fb97ed0ecc379a60c0993e0d15ad8dd8c4d29a42bd65
2773,442,factor_xa_05,N=C(N)NCCC[C@@H](NC(=O)CN1CCN(S(=O)(=O)Cc2ccccc2)CC1=O)C(=O)c1nccs1,NC(=N)NCCC[C@@H](NC(=O)CN1CCN(CC1=O)S(=O)(=O)Cc1ccccc1)C(=O)c1nccs1,1.886056648,0.0,1,10.1093/nar/gkv1072,w16_s4_sequence_mean:221-236,221,236,NQTQPERGDNNLTRIV,r2_b1567,2,1567,"[31, 34, 35]","[""csc""]",2.9267098903656006,2.909438371658325,2.8711955547332764,2.8535878658294678,0.01727151870727539,0.05551433563232422,0.07312202453613281,0.0003361701965332031,yp+yl-y0-ypl,631ef93608905533d365fb97ed0ecc379a60c0993e0d15ad8dd8c4d29a42bd65
2773,442,factor_xa_05,N=C(N)NCCC[C@@H](NC(=O)CN1CCN(S(=O)(=O)Cc2ccccc2)CC1=O)C(=O)c1nccs1,NC(=N)NCCC[C@@H](NC(=O)CN1CCN(CC1=O)S(=O)(=O)Cc1ccccc1)C(=O)c1nccs1,1.886056648,0.0,1,10.1093/nar/gkv1072,w16_s4_sequence_mean:265-280,265,280,ILSEFYILTAAHCLYQ,r3_b1066,3,1066,"[19, 20, 21, 22, 23, 24, 25]","[""cccc(C)c"", ""cccc(C)c""]",2.9267098903656006,2.9015021324157715,2.905296564102173,2.8799667358398438,0.0252077579498291,0.021413326263427734,0.046743154525756836,0.0001220703125,yp+yl-y0-ypl,631ef93608905533d365fb97ed0ecc379a60c0993e0d15ad8dd8c4d29a42bd65
2773,442,factor_xa_05,N=C(N)NCCC[C@@H](NC(=O)CN1CCN(S(=O)(=O)Cc2ccccc2)CC1=O)C(=O)c1nccs1,NC(=N)NCCC[C@@H](NC(=O)CN1CCN(CC1=O)S(=O)(=O)Cc1ccccc1)C(=O)c1nccs1,1.886056648,0.0,1,10.1093/nar/gkv1072,w16_s4_sequence_mean:265-280,265,280,ILSEFYILTAAHCLYQ,r3_b983,3,983,"[0, 1, 2, 3, 4, 5]","[""CCNC(=N)N""]",2.9267098903656006,2.9015021324157715,2.905695915222168,2.8805134296417236,0.0252077579498291,0.021013975143432617,0.04619646072387695,-2.5272369384765625e-05,yp+yl-y0-ypl,631ef93608905533d365fb97ed0ecc379a60c0993e0d15ad8dd8c4d29a42bd65
2773,442,factor_xa_05,N=C(N)NCCC[C@@H](NC(=O)CN1CCN(S(=O)(=O)Cc2ccccc2)CC1=O)C(=O)c1nccs1,NC(=N)NCCC[C@@H](NC(=O)CN1CCN(CC1=O)S(=O)(=O)Cc1ccccc1)C(=O)c1nccs1,1.886056648,0.0,1,10.1093/nar/gkv1072,w16_s4_sequence_mean:265-280,265,280,ILSEFYILTAAHCLYQ,r2_b1066,2,1066,"[19, 20, 21, 22, 23, 24, 25]","[""cccc(C)c"", ""cccc(C)c""]",2.9267098903656006,2.9015021324157715,2.8210513591766357,2.7947161197662354,0.0252077579498291,0.10565853118896484,0.13199377059936523,0.001127481460571289,yp+yl-y0-ypl,631ef93608905533d365fb97ed0ecc379a60c0993e0d15ad8dd8c4d29a42bd65
2773,442,factor_xa_05,N=C(N)NCCC[C@@H](NC(=O)CN1CCN(S(=O)(=O)Cc2ccccc2)CC1=O)C(=O)c1nccs1,NC(=N)NCCC[C@@H](NC(=O)CN1CCN(CC1=O)S(=O)(=O)Cc1ccccc1)C(=O)c1nccs1,1.886056648,0.0,1,10.1093/nar/gkv1072,w16_s4_sequence_mean:265-280,265,280,ILSEFYILTAAHCLYQ,r3_b632,3,632,"[11, 12, 13, 15, 26, 27, 28]","[""CN(C)C(=O)CN""]",2.9267098903656006,2.9015021324157715,2.901663064956665,2.876591444015503,0.0252077579498291,0.025046825408935547,0.050118446350097656,-0.0001361370086669922,yp+yl-y0-ypl,631ef93608905533d365fb97ed0ecc379a60c0993e0d15ad8dd8c4d29a42bd65
2773,442,factor_xa_05,N=C(N)NCCC[C@@H](NC(=O)CN1CCN(S(=O)(=O)Cc2ccccc2)CC1=O)C(=O)c1nccs1,NC(=N)NCCC[C@@H](NC(=O)CN1CCN(CC1=O)S(=O)(=O)Cc1ccccc1)C(=O)c1nccs1,1.886056648,0.0,1,10.1093/nar/gkv1072,w16_s4_sequence_mean:265-280,265,280,ILSEFYILTAAHCLYQ,r3_b5,3,5,"[16, 19, 20]","[""cCS""]",2.9267098903656006,2.9015021324157715,2.9038143157958984,2.878629446029663,0.0252077579498291,0.02289557456970215,0.0480804443359375,-2.288818359375e-05,yp+yl-y0-ypl,631ef93608905533d365fb97ed0ecc379a60c0993e0d15ad8dd8c4d29a42bd65
2773,442,factor_xa_05,N=C(N)NCCC[C@@H](NC(=O)CN1CCN(S(=O)(=O)Cc2ccccc2)CC1=O)C(=O)c1nccs1,NC(=N)NCCC[C@@H](NC(=O)CN1CCN(CC1=O)S(=O)(=O)Cc1ccccc1)C(=O)c1nccs1,1.886056648,0.0,1,10.1093/nar/gkv1072,w16_s4_sequence_mean:265-280,265,280,ILSEFYILTAAHCLYQ,r2_b295,2,295,"[11, 12, 13, 14, 15, 27]","[""CN(C)CCN""]",2.9267098903656006,2.9015021324157715,2.848395824432373,2.8232200145721436,0.0252077579498291,0.07831406593322754,0.10348987579345703,-3.1948089599609375e-05,yp+yl-y0-ypl,631ef93608905533d365fb97ed0ecc379a60c0993e0d15ad8dd8c4d29a42bd65
2773,442,factor_xa_05,N=C(N)NCCC[C@@H](NC(=O)CN1CCN(S(=O)(=O)Cc2ccccc2)CC1=O)C(=O)c1nccs1,NC(=N)NCCC[C@@H](NC(=O)CN1CCN(CC1=O)S(=O)(=O)Cc1ccccc1)C(=O)c1nccs1,1.886056648,0.0,1,10.1093/nar/gkv1072,w16_s4_sequence_mean:265-280,265,280,ILSEFYILTAAHCLYQ,r3_b1917,3,1917,"[9, 10, 29, 30]","[""C=O"", ""C=O""]",2.9267098903656006,2.9015021324157715,2.908374071121216,2.882845401763916,0.0252077579498291,0.018335819244384766,0.04386448860168457,0.0003209114074707031,yp+yl-y0-ypl,631ef93608905533d365fb97ed0ecc379a60c0993e0d15ad8dd8c4d29a42bd65
2773,442,factor_xa_05,N=C(N)NCCC[C@@H](NC(=O)CN1CCN(S(=O)(=O)Cc2ccccc2)CC1=O)C(=O)c1nccs1,NC(=N)NCCC[C@@H](NC(=O)CN1CCN(CC1=O)S(=O)(=O)Cc1ccccc1)C(=O)c1nccs1,1.886056648,0.0,1,10.1093/nar/gkv1072,w16_s4_sequence_mean:265-280,265,280,ILSEFYILTAAHCLYQ,r3_b80,3,80,"[4, 5, 6, 11, 19]","[""C"", ""C"", ""C"", ""C"", ""C""]",2.9267098903656006,2.9015021324157715,2.9113872051239014,2.8860280513763428,0.0252077579498291,0.015322685241699219,0.04068183898925781,0.0001513957977294922,yp+yl-y0-ypl,631ef93608905533d365fb97ed0ecc379a60c0993e0d15ad8dd8c4d29a42bd65
2773,442,factor_xa_05,N=C(N)NCCC[C@@H](NC(=O)CN1CCN(S(=O)(=O)Cc2ccccc2)CC1=O)C(=O)c1nccs1,NC(=N)NCCC[C@@H](NC(=O)CN1CCN(CC1=O)S(=O)(=O)Cc1ccccc1)C(=O)c1nccs1,1.886056648,0.0,1,10.1093/nar/gkv1072,w16_s4_sequence_mean:265-280,265,280,ILSEFYILTAAHCLYQ,r3_b1947,3,1947,"[20, 21, 22, 23, 24, 25]","[""c1ccccc1""]",2.9267098903656006,2.9015021324157715,2.919353723526001,2.8941256999969482,0.0252077579498291,0.007356166839599609,0.032584190368652344,2.0265579223632812e-05,yp+yl-y0-ypl,631ef93608905533d365fb97ed0ecc379a60c0993e0d15ad8dd8c4d29a42bd65
2773,442,factor_xa_05,N=C(N)NCCC[C@@H](NC(=O)CN1CCN(S(=O)(=O)Cc2ccccc2)CC1=O)C(=O)c1nccs1,NC(=N)NCCC[C@@H](NC(=O)CN1CCN(CC1=O)S(=O)(=O)Cc1ccccc1)C(=O)c1nccs1,1.886056648,0.0,1,10.1093/nar/gkv1072,w16_s4_sequence_mean:265-280,265,280,ILSEFYILTAAHCLYQ,r2_b1567,2,1567,"[31, 34, 35]","[""csc""]",2.9267098903656006,2.9015021324157715,2.8711955547332764,2.8459582328796387,0.0252077579498291,0.05551433563232422,0.08075165748596191,2.956390380859375e-05,yp+yl-y0-ypl,631ef93608905533d365fb97ed0ecc379a60c0993e0d15ad8dd8c4d29a42bd65
2773,442,factor_xa_05,N=C(N)NCCC[C@@H](NC(=O)CN1CCN(S(=O)(=O)Cc2ccccc2)CC1=O)C(=O)c1nccs1,NC(=N)NCCC[C@@H](NC(=O)CN1CCN(CC1=O)S(=O)(=O)Cc1ccccc1)C(=O)c1nccs1,1.886056648,0.0,1,10.1093/nar/gkv1072,w16_s4_sequence_mean:465-480,465,480,SMKTRGLPKAKSHAPE,r3_b1066,3,1066,"[19, 20, 21, 22, 23, 24, 25]","[""cccc(C)c"", ""cccc(C)c""]",2.9267098903656006,2.9123973846435547,2.905296564102173,2.8905606269836426,0.014312505722045898,0.021413326263427734,0.03614926338195801,0.000423431396484375,yp+yl-y0-ypl,631ef93608905533d365fb97ed0ecc379a60c0993e0d15ad8dd8c4d29a42bd65
2773,442,factor_xa_05,N=C(N)NCCC[C@@H](NC(=O)CN1CCN(S(=O)(=O)Cc2ccccc2)CC1=O)C(=O)c1nccs1,NC(=N)NCCC[C@@H](NC(=O)CN1CCN(CC1=O)S(=O)(=O)Cc1ccccc1)C(=O)c1nccs1,1.886056648,0.0,1,10.1093/nar/gkv1072,w16_s4_sequence_mean:465-480,465,480,SMKTRGLPKAKSHAPE,r3_b983,3,983,"[0, 1, 2, 3, 4, 5]","[""CCNC(=N)N""]",2.9267098903656006,2.9123973846435547,2.905695915222168,2.89081072807312,0.014312505722045898,0.021013975143432617,0.03589916229248047,0.0005726814270019531,yp+yl-y0-ypl,631ef93608905533d365fb97ed0ecc379a60c0993e0d15ad8dd8c4d29a42bd65
2773,442,factor_xa_05,N=C(N)NCCC[C@@H](NC(=O)CN1CCN(S(=O)(=O)Cc2ccccc2)CC1=O)C(=O)c1nccs1,NC(=N)NCCC[C@@H](NC(=O)CN1CCN(CC1=O)S(=O)(=O)Cc1ccccc1)C(=O)c1nccs1,1.886056648,0.0,1,10.1093/nar/gkv1072,w16_s4_sequence_mean:465-480,465,480,SMKTRGLPKAKSHAPE,r2_b1066,2,1066,"[19, 20, 21, 22, 23, 24, 25]","[""cccc(C)c"", ""cccc(C)c""]",2.9267098903656006,2.9123973846435547,2.8210513591766357,2.8064167499542236,0.014312505722045898,0.10565853118896484,0.12029314041137695,0.00032210350036621094,yp+yl-y0-ypl,631ef93608905533d365fb97ed0ecc379a60c0993e0d15ad8dd8c4d29a42bd65
2773,442,factor_xa_05,N=C(N)NCCC[C@@H](NC(=O)CN1CCN(S(=O)(=O)Cc2ccccc2)CC1=O)C(=O)c1nccs1,NC(=N)NCCC[C@@H](NC(=O)CN1CCN(CC1=O)S(=O)(=O)Cc1ccccc1)C(=O)c1nccs1,1.886056648,0.0,1,10.1093/nar/gkv1072,w16_s4_sequence_mean:465-480,465,480,SMKTRGLPKAKSHAPE,r3_b632,3,632,"[11, 12, 13, 15, 26, 27, 28]","[""CN(C)C(=O)CN""]",2.9267098903656006,2.9123973846435547,2.901663064956665,2.887420177459717,0.014312505722045898,0.025046825408935547,0.03928971290588379,-6.961822509765625e-05,yp+yl-y0-ypl,631ef93608905533d365fb97ed0ecc379a60c0993e0d15ad8dd8c4d29a42bd65
2773,442,factor_xa_05,N=C(N)NCCC[C@@H](NC(=O)CN1CCN(S(=O)(=O)Cc2ccccc2)CC1=O)C(=O)c1nccs1,NC(=N)NCCC[C@@H](NC(=O)CN1CCN(CC1=O)S(=O)(=O)Cc1ccccc1)C(=O)c1nccs1,1.886056648,0.0,1,10.1093/nar/gkv1072,w16_s4_sequence_mean:465-480,465,480,SMKTRGLPKAKSHAPE,r3_b5,3,5,"[16, 19, 20]","[""cCS""]",2.9267098903656006,2.9123973846435547,2.9038143157958984,2.8891592025756836,0.014312505722045898,0.02289557456970215,0.03755068778991699,0.0003426074981689453,yp+yl-y0-ypl,631ef93608905533d365fb97ed0ecc379a60c0993e0d15ad8dd8c4d29a42bd65
2773,442,factor_xa_05,N=C(N)NCCC[C@@H](NC(=O)CN1CCN(S(=O)(=O)Cc2ccccc2)CC1=O)C(=O)c1nccs1,NC(=N)NCCC[C@@H](NC(=O)CN1CCN(CC1=O)S(=O)(=O)Cc1ccccc1)C(=O)c1nccs1,1.886056648,0.0,1,10.1093/nar/gkv1072,w16_s4_sequence_mean:465-480,465,480,SMKTRGLPKAKSHAPE,r2_b295,2,295,"[11, 12, 13, 14, 15, 27]","[""CN(C)CCN""]",2.9267098903656006,2.9123973846435547,2.848395824432373,2.831920862197876,0.014312505722045898,0.07831406593322754,0.09478902816772461,0.002162456512451172,yp+yl-y0-ypl,631ef93608905533d365fb97ed0ecc379a60c0993e0d15ad8dd8c4d29a42bd65
2773,442,factor_xa_05,N=C(N)NCCC[C@@H](NC(=O)CN1CCN(S(=O)(=O)Cc2ccccc2)CC1=O)C(=O)c1nccs1,NC(=N)NCCC[C@@H](NC(=O)CN1CCN(CC1=O)S(=O)(=O)Cc1ccccc1)C(=O)c1nccs1,1.886056648,0.0,1,10.1093/nar/gkv1072,w16_s4_sequence_mean:465-480,465,480,SMKTRGLPKAKSHAPE,r3_b1917,3,1917,"[9, 10, 29, 30]","[""C=O"", ""C=O""]",2.9267098903656006,2.9123973846435547,2.908374071121216,2.893639087677002,0.014312505722045898,0.018335819244384766,0.03307080268859863,0.00042247772216796875,yp+yl-y0-ypl,631ef93608905533d365fb97ed0ecc379a60c0993e0d15ad8dd8c4d29a42bd65
2773,442,factor_xa_05,N=C(N)NCCC[C@@H](NC(=O)CN1CCN(S(=O)(=O)Cc2ccccc2)CC1=O)C(=O)c1nccs1,NC(=N)NCCC[C@@H](NC(=O)CN1CCN(CC1=O)S(=O)(=O)Cc1ccccc1)C(=O)c1nccs1,1.886056648,0.0,1,10.1093/nar/gkv1072,w16_s4_sequence_mean:465-480,465,480,SMKTRGLPKAKSHAPE,r3_b80,3,80,"[4, 5, 6, 11, 19]","[""C"", ""C"", ""C"", ""C"", ""C""]",2.9267098903656006,2.9123973846435547,2.9113872051239014,2.897181749343872,0.014312505722045898,0.015322685241699219,0.029528141021728516,-0.00010704994201660156,yp+yl-y0-ypl,631ef93608905533d365fb97ed0ecc379a60c0993e0d15ad8dd8c4d29a42bd65
2773,442,factor_xa_05,N=C(N)NCCC[C@@H](NC(=O)CN1CCN(S(=O)(=O)Cc2ccccc2)CC1=O)C(=O)c1nccs1,NC(=N)NCCC[C@@H](NC(=O)CN1CCN(CC1=O)S(=O)(=O)Cc1ccccc1)C(=O)c1nccs1,1.886056648,0.0,1,10.1093/nar/gkv1072,w16_s4_sequence_mean:465-480,465,480,SMKTRGLPKAKSHAPE,r3_b1947,3,1947,"[20, 21, 22, 23, 24, 25]","[""c1ccccc1""]",2.9267098903656006,2.9123973846435547,2.919353723526001,2.9052183628082275,0.014312505722045898,0.007356166839599609,0.021491527557373047,-0.00017714500427246094,yp+yl-y0-ypl,631ef93608905533d365fb97ed0ecc379a60c0993e0d15ad8dd8c4d29a42bd65
2773,442,factor_xa_05,N=C(N)NCCC[C@@H](NC(=O)CN1CCN(S(=O)(=O)Cc2ccccc2)CC1=O)C(=O)c1nccs1,NC(=N)NCCC[C@@H](NC(=O)CN1CCN(CC1=O)S(=O)(=O)Cc1ccccc1)C(=O)c1nccs1,1.886056648,0.0,1,10.1093/nar/gkv1072,w16_s4_sequence_mean:465-480,465,480,SMKTRGLPKAKSHAPE,r2_b1567,2,1567,"[31, 34, 35]","[""csc""]",2.9267098903656006,2.9123973846435547,2.8711955547332764,2.85744309425354,0.014312505722045898,0.05551433563232422,0.06926679611206055,-0.0005600452423095703,yp+yl-y0-ypl,631ef93608905533d365fb97ed0ecc379a60c0993e0d15ad8dd8c4d29a42bd65
2773,442,factor_xa_05,N=C(N)NCCC[C@@H](NC(=O)CN1CCN(S(=O)(=O)Cc2ccccc2)CC1=O)C(=O)c1nccs1,NC(=N)NCCC[C@@H](NC(=O)CN1CCN(CC1=O)S(=O)(=O)Cc1ccccc1)C(=O)c1nccs1,1.886056648,0.0,1,10.1093/nar/gkv1072,w16_s4_sequence_mean:225-240,225,240,PERGDNNLTRIVGGQE,r3_b1066,3,1066,"[19, 20, 21, 22, 23, 24, 25]","[""cccc(C)c"", ""cccc(C)c""]",2.9267098903656006,2.9117250442504883,2.905296564102173,2.890246868133545,0.014984846115112305,0.021413326263427734,0.036463022232055664,6.4849853515625e-05,yp+yl-y0-ypl,631ef93608905533d365fb97ed0ecc379a60c0993e0d15ad8dd8c4d29a42bd65
2773,442,factor_xa_05,N=C(N)NCCC[C@@H](NC(=O)CN1CCN(S(=O)(=O)Cc2ccccc2)CC1=O)C(=O)c1nccs1,NC(=N)NCCC[C@@H](NC(=O)CN1CCN(CC1=O)S(=O)(=O)Cc1ccccc1)C(=O)c1nccs1,1.886056648,0.0,1,10.1093/nar/gkv1072,w16_s4_sequence_mean:225-240,225,240,PERGDNNLTRIVGGQE,r3_b983,3,983,"[0, 1, 2, 3, 4, 5]","[""CCNC(=N)N""]",2.9267098903656006,2.9117250442504883,2.905695915222168,2.8900463581085205,0.014984846115112305,0.021013975143432617,0.03666353225708008,0.0006647109985351562,yp+yl-y0-ypl,631ef93608905533d365fb97ed0ecc379a60c0993e0d15ad8dd8c4d29a42bd65
2773,442,factor_xa_05,N=C(N)NCCC[C@@H](NC(=O)CN1CCN(S(=O)(=O)Cc2ccccc2)CC1=O)C(=O)c1nccs1,NC(=N)NCCC[C@@H](NC(=O)CN1CCN(CC1=O)S(=O)(=O)Cc1ccccc1)C(=O)c1nccs1,1.886056648,0.0,1,10.1093/nar/gkv1072,w16_s4_sequence_mean:225-240,225,240,PERGDNNLTRIVGGQE,r2_b1066,2,1066,"[19, 20, 21, 22, 23, 24, 25]","[""cccc(C)c"", ""cccc(C)c""]",2.9267098903656006,2.9117250442504883,2.8210513591766357,2.8065760135650635,0.014984846115112305,0.10565853118896484,0.12013387680053711,-0.0005095005035400391,yp+yl-y0-ypl,631ef93608905533d365fb97ed0ecc379a60c0993e0d15ad8dd8c4d29a42bd65
2773,442,factor_xa_05,N=C(N)NCCC[C@@H](NC(=O)CN1CCN(S(=O)(=O)Cc2ccccc2)CC1=O)C(=O)c1nccs1,NC(=N)NCCC[C@@H](NC(=O)CN1CCN(CC1=O)S(=O)(=O)Cc1ccccc1)C(=O)c1nccs1,1.886056648,0.0,1,10.1093/nar/gkv1072,w16_s4_sequence_mean:225-240,225,240,PERGDNNLTRIVGGQE,r3_b632,3,632,"[11, 12, 13, 15, 26, 27, 28]","[""CN(C)C(=O)CN""]",2.9267098903656006,2.9117250442504883,2.901663064956665,2.8868565559387207,0.014984846115112305,0.025046825408935547,0.03985333442687988,-0.00017833709716796875,yp+yl-y0-ypl,631ef93608905533d365fb97ed0ecc379a60c0993e0d15ad8dd8c4d29a42bd65
2773,442,factor_xa_05,N=C(N)NCCC[C@@H](NC(=O)CN1CCN(S(=O)(=O)Cc2ccccc2)CC1=O)C(=O)c1nccs1,NC(=N)NCCC[C@@H](NC(=O)CN1CCN(CC1=O)S(=O)(=O)Cc1ccccc1)C(=O)c1nccs1,1.886056648,0.0,1,10.1093/nar/gkv1072,w16_s4_sequence_mean:225-240,225,240,PERGDNNLTRIVGGQE,r3_b5,3,5,"[16, 19, 20]","[""cCS""]",2.9267098903656006,2.9117250442504883,2.9038143157958984,2.889122247695923,0.014984846115112305,0.02289557456970215,0.037587642669677734,-0.00029277801513671875,yp+yl-y0-ypl,631ef93608905533d365fb97ed0ecc379a60c0993e0d15ad8dd8c4d29a42bd65
2773,442,factor_xa_05,N=C(N)NCCC[C@@H](NC(=O)CN1CCN(S(=O)(=O)Cc2ccccc2)CC1=O)C(=O)c1nccs1,NC(=N)NCCC[C@@H](NC(=O)CN1CCN(CC1=O)S(=O)(=O)Cc1ccccc1)C(=O)c1nccs1,1.886056648,0.0,1,10.1093/nar/gkv1072,w16_s4_sequence_mean:225-240,225,240,PERGDNNLTRIVGGQE,r2_b295,2,295,"[11, 12, 13, 14, 15, 27]","[""CN(C)CCN""]",2.9267098903656006,2.9117250442504883,2.848395824432373,2.832669496536255,0.014984846115112305,0.07831406593322754,0.0940403938293457,0.0007414817810058594,yp+yl-y0-ypl,631ef93608905533d365fb97ed0ecc379a60c0993e0d15ad8dd8c4d29a42bd65
2773,442,factor_xa_05,N=C(N)NCCC[C@@H](NC(=O)CN1CCN(S(=O)(=O)Cc2ccccc2)CC1=O)C(=O)c1nccs1,NC(=N)NCCC[C@@H](NC(=O)CN1CCN(CC1=O)S(=O)(=O)Cc1ccccc1)C(=O)c1nccs1,1.886056648,0.0,1,10.1093/nar/gkv1072,w16_s4_sequence_mean:225-240,225,240,PERGDNNLTRIVGGQE,r3_b1917,3,1917,"[9, 10, 29, 30]","[""C=O"", ""C=O""]",2.9267098903656006,2.9117250442504883,2.908374071121216,2.8930537700653076,0.014984846115112305,0.018335819244384766,0.03365612030029297,0.00033545494079589844,yp+yl-y0-ypl,631ef93608905533d365fb97ed0ecc379a60c0993e0d15ad8dd8c4d29a42bd65
2773,442,factor_xa_05,N=C(N)NCCC[C@@H](NC(=O)CN1CCN(S(=O)(=O)Cc2ccccc2)CC1=O)C(=O)c1nccs1,NC(=N)NCCC[C@@H](NC(=O)CN1CCN(CC1=O)S(=O)(=O)Cc1ccccc1)C(=O)c1nccs1,1.886056648,0.0,1,10.1093/nar/gkv1072,w16_s4_sequence_mean:225-240,225,240,PERGDNNLTRIVGGQE,r3_b80,3,80,"[4, 5, 6, 11, 19]","[""C"", ""C"", ""C"", ""C"", ""C""]",2.9267098903656006,2.9117250442504883,2.9113872051239014,2.8970370292663574,0.014984846115112305,0.015322685241699219,0.029672861099243164,-0.0006346702575683594,yp+yl-y0-ypl,631ef93608905533d365fb97ed0ecc379a60c0993e0d15ad8dd8c4d29a42bd65
2773,442,factor_xa_05,N=C(N)NCCC[C@@H](NC(=O)CN1CCN(S(=O)(=O)Cc2ccccc2)CC1=O)C(=O)c1nccs1,NC(=N)NCCC[C@@H](NC(=O)CN1CCN(CC1=O)S(=O)(=O)Cc1ccccc1)C(=O)c1nccs1,1.886056648,0.0,1,10.1093/nar/gkv1072,w16_s4_sequence_mean:225-240,225,240,PERGDNNLTRIVGGQE,r3_b1947,3,1947,"[20, 21, 22, 23, 24, 25]","[""c1ccccc1""]",2.9267098903656006,2.9117250442504883,2.919353723526001,2.904670000076294,0.014984846115112305,0.007356166839599609,0.02203989028930664,-0.00030112266540527344,yp+yl-y0-ypl,631ef93608905533d365fb97ed0ecc379a60c0993e0d15ad8dd8c4d29a42bd65
2773,442,factor_xa_05,N=C(N)NCCC[C@@H](NC(=O)CN1CCN(S(=O)(=O)Cc2ccccc2)CC1=O)C(=O)c1nccs1,NC(=N)NCCC[C@@H](NC(=O)CN1CCN(CC1=O)S(=O)(=O)Cc1ccccc1)C(=O)c1nccs1,1.886056648,0.0,1,10.1093/nar/gkv1072,w16_s4_sequence_mean:225-240,225,240,PERGDNNLTRIVGGQE,r2_b1567,2,1567,"[31, 34, 35]","[""csc""]",2.9267098903656006,2.9117250442504883,2.8711955547332764,2.8561341762542725,0.014984846115112305,0.05551433563232422,0.07057571411132812,7.653236389160156e-05,yp+yl-y0-ypl,631ef93608905533d365fb97ed0ecc379a60c0993e0d15ad8dd8c4d29a42bd65
