target_name,uniprot_id,evaluation,predicted_rank,predicted_pkoff,observed_pkoff,canonical_smiles,representative_smiles,is_Train,is_predicted_Top_3,is_predicted_Top_5,is_predicted_Top_10,is_experimental_Top_3,is_experimental_Top_5,is_experimental_Top_10
AURKA,O14965,seed_42,1,3.1375553607940674,3.0599999,CCn1c(N)c(C(=O)NC)c(=O)c2ccc(C#C[C@@](C)(O)COC)nc21,O=C(NC)C1=C(N)N(CC)c2nc(C#C[C@@](O)(COC)C)ccc2C1=O,1,1,1,1,1,1,1
AURKA,O14965,seed_42,2,3.1039950847625732,3.2,Cc1ccc(F)c(NC(=O)Nc2ccc(-c3cccc4[nH]nc(N)c34)cc2)c1,Fc1c(NC(=O)Nc2ccc(-c3c4c(N)n[nH]c4ccc3)cc2)cc(C)cc1,1,1,1,1,1,1,1
AURKA,O14965,seed_42,3,2.8616111278533936,1.96,CS(=O)(=O)N1CCN(Cc2cc3nc(-c4cccc5[nH]ncc45)nc(N4CCOCC4)c3s2)CC1,S(=O)(=O)(C)N1CCN(Cc2sc3c(N4CCOCC4)nc(-c4c5c([nH]nc5)ccc4)nc3c2)CC1,0,1,1,1,0,0,0
AURKA,O14965,seed_42,4,2.8096373081207275,2.1900001,Cc1ccc(C(=O)Nc2ccc(CN3CCN(C)CC3)c(C(F)(F)F)c2)cc1C#Cc1cnc2cccnn12,FC(F)(F)c1c(CN2CCN(C)CC2)ccc(NC(=O)c2cc(C#Cc3n4N=CC=Cc4nc3)c(C)cc2)c1,0,0,1,1,0,0,0
AURKA,O14965,seed_42,5,2.788330316543579,2.341321,COC1C(N(C)C(=O)c2ccccc2)CC2OC1(C)n1c3ccccc3c3c4c(c5c6ccccc6n2c5c31)C(=O)NC4,O=C(N(C)C1C(OC)C2(C)OC(n3c4c5n2c2c(c5c5c(C(=O)NC5)c4c4c3cccc4)cccc2)C1)c1ccccc1,0,0,1,1,0,0,0
AURKA,O14965,seed_42,6,2.7635700702667236,2.02,COc1ccc2c(Oc3ccc(NC(=O)c4c(C)n(CC(C)(C)O)n(-c5ccccc5)c4=O)nc3)ccnc2c1,O=C(Nc1ncc(Oc2c3c(ncc2)cc(OC)cc3)cc1)C=1C(=O)N(N(CC(O)(C)C)C=1C)c1ccccc1,0,0,0,1,0,0,0
AURKA,O14965,seed_42,7,2.7539851665496826,1.0652996,Cn1cnc(-c2cc3nccc(Oc4ccc(NC(=S)NC(=O)Cc5ccccc5)cc4F)c3s2)c1,S=C(NC(=O)Cc1ccccc1)Nc1cc(F)c(Oc2c3sc(-c4ncn(C)c4)cc3ncc2)cc1,0,0,0,1,0,0,0
AURKA,O14965,seed_42,8,2.7529215812683105,2.8199999,Cc1ccncc1Nc1ncccc1C(=O)Nc1ccc(C2(C#N)CCCC2)cc1,O=C(Nc1ccc(C2(C#N)CCCC2)cc1)c1c(Nc2c(C)ccnc2)nccc1,0,0,0,1,0,1,1
AURKA,O14965,seed_42,9,2.7436625957489014,2.3900001,COc1cccc2cc(-c3nc(C4CCC(C(=O)O)CC4)n4ncnc(N)c34)[nH]c12,O=C(O)C1CCC(c2n3N=CN=C(N)c3c(-c3[nH]c4c(OC)cccc4c3)n2)CC1,1,0,0,1,0,0,0
AURKA,O14965,seed_42,10,2.7170660495758057,1.8099999,O=C(O)C1(Cc2cccc(Nc3nccs3)n2)CCC(Oc2cccc(Cl)c2F)CC1,Clc1c(F)c(OC2CCC(C(=O)O)(Cc3nc(Nc4sccn4)ccc3)CC2)ccc1,0,0,0,1,0,0,0
AURKA,O14965,seed_42,11,2.7131645679473877,1.1933678,CC(Oc1cc(-c2cnn(C3CCNCC3)c2)cnc1N)c1c(Cl)ccc(F)c1Cl,Clc1c(C(Oc2c(N)ncc(-c3cn(C4CCNCC4)nc3)c2)C)c(Cl)ccc1F,0,0,0,0,0,0,0
AURKA,O14965,seed_42,12,2.7131645679473877,1.27,C[C@@H](Oc1cc(-c2cnn(C3CCNCC3)c2)cnc1N)c1c(Cl)ccc(F)c1Cl,Clc1c([C@H](Oc2c(N)ncc(-c3cn(C4CCNCC4)nc3)c2)C)c(Cl)ccc1F,0,0,0,0,0,0,0
AURKA,O14965,seed_42,13,2.7015111446380615,2.0,COc1cc2c(Oc3ccc(NC(=O)C4(C(=O)Nc5ccc(F)cc5)CC4)cc3F)ccnc2cc1OCCCN1CCOCC1,Fc1c(Oc2c3c(ncc2)cc(OCCCN2CCOCC2)c(OC)c3)ccc(NC(=O)C2(C(=O)Nc3ccc(F)cc3)CC2)c1,0,0,0,0,0,0,0
AURKA,O14965,seed_42,14,2.6789748668670654,2.0599999,Fc1cc(-c2cccc3ncc(-c4cnn(C5CCNCC5)c4)nc23)cc(F)c1CN1CCOCC1,Fc1c(CN2CCOCC2)c(F)cc(-c2c3nc(-c4cn(C5CCNCC5)nc4)cnc3ccc2)c1,1,0,0,0,0,0,0
AURKA,O14965,seed_42,15,2.658365249633789,2.9400001,CC(=O)NCC(=O)N1[C@@H]2CC[C@H]1c1ccc(Nc3ncc(C(F)(F)F)c(NC4CCC4)n3)cc12,FC(F)(F)c1c(NC2CCC2)nc(Nc2cc3[C@@H]4N(C(=O)CNC(=O)C)[C@H](c3cc2)CC4)nc1,1,0,0,0,0,1,1
AURKA,O14965,seed_42,16,2.643390655517578,2.3199999,O=C(Nc1cccc(Cl)c1)Nc1ncc(CCNc2ncnc3ccsc23)s1,Clc1cc(NC(=O)Nc2sc(CCNc3ncnc4c3scc4)cn2)ccc1,0,0,0,0,0,0,0
AURKA,O14965,seed_42,17,2.6380350589752197,2.22,COc1cc2c(Nc3ccc(Br)cc3F)ncnc2cc1OCC1CCN(C)CC1,Brc1cc(F)c(Nc2ncnc3c2cc(OC)c(OCC2CCN(C)CC2)c3)cc1,0,0,0,0,0,0,0
AURKA,O14965,seed_42,18,2.631284713745117,2.46,Cc1n[nH]c2ccc(-c3cncc(OC[C@@H](N)Cc4ccccc4)c3)cc12,O(C[C@@H](N)Cc1ccccc1)c1cc(-c2cc3c(C)n[nH]c3cc2)cnc1,1,0,0,0,0,0,0
AURKA,O14965,seed_42,19,2.5728061199188232,2.01,CCOc1ccn(-c2ccc(F)cc2)c(=O)c1C(=O)Nc1ccc(Oc2ccnc(N)c2Cl)c(F)c1,Clc1c(N)nccc1Oc1c(F)cc(NC(=O)C=2C(=O)N(c3ccc(F)cc3)C=CC=2OCC)cc1,0,0,0,0,0,0,0
AURKA,O14965,seed_42,20,2.559863805770874,2.5599999,O=C(Nc1c[nH]nc1-c1nc2cc(CN3CCOCC3)ccc2[nH]1)NC1CC1,O=C(Nc1c(-c2[nH]c3c(n2)cc(CN2CCOCC2)cc3)n[nH]c1)NC1CC1,1,0,0,0,0,0,1
AURKA,O14965,seed_42,21,2.5331881046295166,2.0544822,CCS(=O)(=O)c1cccc(-c2cc(C(=O)NC3CCN(C)CC3)c(C)c3[nH]c4ncc(C)cc4c23)c1,S(=O)(=O)(CC)c1cc(-c2c3c(c(C)c(C(=O)NC4CCN(C)CC4)c2)[nH]c2ncc(C)cc32)ccc1,0,0,0,0,0,0,0
AURKA,O14965,seed_42,22,2.524306535720825,2.1900001,O=C1NC(=O)/C(=C/c2ccc(-c3ccc(F)cc3O)o2)S1,Fc1cc(O)c(-c2oc(/C=C\3/C(=O)NC(=O)S/3)cc2)cc1,1,0,0,0,0,0,0
AURKA,O14965,seed_42,23,2.51247501373291,2.17709222,CCc1cccc(CC)c1NC(=O)N1Cc2[nH]nc(NC(=O)c3ccc(N4CCN(C)CC4)cc3)c2C1,O=C(Nc1c(CC)cccc1CC)N1Cc2c(NC(=O)c3ccc(N4CCN(C)CC4)cc3)n[nH]c2C1,0,0,0,0,0,0,0
AURKA,O14965,seed_42,24,2.507265329360962,1.0355203,O=C(O)c1ccc(-c2c[nH]c3ncc(-c4ccccc4)cc23)cc1C1CCCC1,O=C(O)c1c(C2CCCC2)cc(-c2c3c([nH]c2)ncc(-c2ccccc2)c3)cc1,0,0,0,0,0,0,0
AURKA,O14965,seed_42,25,2.494459867477417,1.34154275,COc1cc2c(Nc3ccc(NC(=O)c4ccccc4)cc3)ncnc2cc1OCCCN1CCOCC1,O=C(Nc1ccc(Nc2ncnc3c2cc(OC)c(OCCCN2CCOCC2)c3)cc1)c1ccccc1,0,0,0,0,0,0,0
AURKA,O14965,seed_42,26,2.4921562671661377,2.39735365,Cc1cc(Nc2cc(CN3CCOCC3)c3nc(C)c(Cc4ccc(Cl)cc4F)n3n2)n[nH]1,Clc1cc(F)c(Cc2c(C)nc3C(CN4CCOCC4)=CC(Nc4n[nH]c(C)c4)=Nn23)cc1,1,0,0,0,0,0,0
AURKA,O14965,seed_42,27,2.480924129486084,2.543893017,Cc1cc(Nc2cc(N3CCN(C)CC3)nc(Sc3ccc(NC(=O)C4CC4)cc3)n2)n[nH]1,S(c1nc(Nc2n[nH]c(C)c2)cc(N2CCN(C)CC2)n1)c1ccc(NC(=O)C2CC2)cc1,1,0,0,0,0,0,1
AURKA,O14965,seed_42,28,2.47548770904541,2.03,Cc1c(NC(=O)OC[C@@H]2COCCN2)cn2ncnc(Nc3ccc4c(cnn4Cc4cccc(F)c4)c3)c12,Fc1cc(Cn2ncc3c2ccc(NC2=NC=Nn4c2c(C)c(NC(=O)OC[C@H]2NCCOC2)c4)c3)ccc1,0,0,0,0,0,0,0
AURKA,O14965,seed_42,29,2.4554741382598877,2.4100001,COCCNCc1ccc(-c2cc3nccc(Oc4ccc(NC(=S)NC(=O)Cc5ccc(F)cc5)cc4F)c3s2)nc1,S=C(NC(=O)Cc1ccc(F)cc1)Nc1cc(F)c(Oc2c3sc(-c4ncc(CNCCOC)cc4)cc3ncc2)cc1,0,0,0,0,0,0,0
AURKA,O14965,seed_42,30,2.454860210418701,2.6600001,Nc1nccc(Oc2ccc(NC(=O)c3c[nH]cc(-c4ccc(F)cc4)c3=O)cc2F)c1Cl,Clc1c(N)nccc1Oc1c(F)cc(NC(=O)C=2C(=O)C(c3ccc(F)cc3)=CNC=2)cc1,1,0,0,0,0,0,1
AURKA,O14965,seed_42,31,2.454158306121826,2.4000001,Cc1cc(Nc2nc(N[C@@H](C)c3ccc(F)cc3)c(C#N)cc2F)n[nH]1,Fc1c(Nc2n[nH]c(C)c2)nc(N[C@@H](C)c2ccc(F)cc2)c(C#N)c1,1,0,0,0,0,0,0
AURKA,O14965,seed_42,32,2.4530184268951416,2.47,CN1CC[C@H](c2c(O)cc(O)c3c(=O)cc(-c4ccccc4Cl)oc23)[C@H](O)C1,Clc1c(C=2Oc3c([C@@H]4[C@H](O)CN(C)CC4)c(O)cc(O)c3C(=O)C=2)cccc1,1,0,0,0,0,0,0
AURKA,O14965,seed_42,33,2.448737382888794,2.23,CC(C)(C)c1nc(-c2cccc(NS(=O)(=O)c3c(F)cccc3F)c2F)c(-c2ccnc(N)n2)s1,S(=O)(=O)(Nc1c(F)c(-c2c(-c3nc(N)ncc3)sc(C(C)(C)C)n2)ccc1)c1c(F)cccc1F,0,0,0,0,0,0,0
AURKA,O14965,seed_42,34,2.4444196224212646,2.0799999,N#CC[C@H](C1CCCC1)n1cc(-c2ncnc3[nH]ccc23)cn1,N#CC[C@@H](n1ncc(-c2ncnc3[nH]ccc23)c1)C1CCCC1,1,0,0,0,0,0,0
AURKA,O14965,seed_42,35,2.4305319786071777,2.24,CCS(=O)(=O)Nc1ccc2c(c1)/C(=C(/Nc1ccc(CN3CCCCC3)cc1)c1ccccc1)C(=O)N2,S(=O)(=O)(Nc1cc2/C(=C(/Nc3ccc(CN4CCCCC4)cc3)\c3ccccc3)/C(=O)Nc2cc1)CC,0,0,0,0,0,0,0
AURKA,O14965,seed_42,36,2.4110639095306396,2.6099999,CCN1CCN(C(=O)Cc2ccc(Nc3ncc(F)c(Nc4ccc(C(=O)Nc5ccccc5Cl)cc4)n3)cc2)CC1,Clc1c(NC(=O)c2ccc(Nc3c(F)cnc(Nc4ccc(CC(=O)N5CCN(CC)CC5)cc4)n3)cc2)cccc1,0,0,0,0,0,0,1
AURKA,O14965,seed_42,37,2.4097516536712646,2.05,CCS(=O)(=O)N1CC(CC#N)(n2cc(-c3ncnc4[nH]ccc34)cn2)C1,S(=O)(=O)(CC)N1CC(CC#N)(n2ncc(-c3ncnc4[nH]ccc34)c2)C1,1,0,0,0,0,0,0
AURKA,O14965,seed_42,38,2.405296564102173,2.445253171,CCn1cc(-c2ccnc3[nH]c(-c4cccc(CN(C)C)c4)cc23)c(-c2ccc(NC(=O)N(C)C)cc2)n1,O=C(N(C)C)Nc1ccc(-c2c(-c3c4c([nH]c(-c5cc(CN(C)C)ccc5)c4)ncc3)cn(CC)n2)cc1,0,0,0,0,0,0,0
AURKA,O14965,seed_42,39,2.399820566177368,2.1300001,CS(=O)(=O)CCNCc1ccc(-c2ccc3ncnc(Nc4ccc(OCc5cccc(F)c5)c(Cl)c4)c3c2)o1,Clc1c(OCc2cc(F)ccc2)ccc(Nc2ncnc3c2cc(-c2oc(CNCCS(=O)(=O)C)cc2)cc3)c1,0,0,0,0,0,0,0
AURKA,O14965,seed_42,40,2.399519681930542,2.5599999,O=C(NCCCNc1nc(Nc2cccc(NC(=O)N3CCCC3)c2)ncc1I)c1cccs1,Ic1c(NCCCNC(=O)c2sccc2)nc(Nc2cc(NC(=O)N3CCCC3)ccc2)nc1,0,0,0,0,0,0,1
AURKA,O14965,seed_42,41,2.3968474864959717,2.358915429,COC(C(=O)N1Cc2[nH]nc(NC(=O)c3ccc(N4CCN(C)CC4)cc3)c2C1)c1ccccc1,O=C(C(OC)c1ccccc1)N1Cc2c(NC(=O)c3ccc(N4CCN(C)CC4)cc3)n[nH]c2C1,1,0,0,0,0,0,0
AURKA,O14965,seed_42,42,2.394563674926758,2.1300001,C#Cc1cccc(Nc2ncnc3cc(OCCOC)c(OCCO)cc23)c1,O(CCOc1c(OCCO)cc2c(Nc3cc(C#C)ccc3)ncnc2c1)C,1,0,0,0,0,0,0
AURKA,O14965,seed_42,43,2.391632080078125,2.3900001,Cc1ccccc1-n1c(Cn2nc(-c3cccc(O)c3)c3c(N)ncnc32)nc2cccc(C)c2c1=O,O=C1N(c2c(C)cccc2)C(Cn2nc(-c3cc(O)ccc3)c3c(N)ncnc23)=Nc2c1c(C)ccc2,1,0,0,0,0,0,0
AURKA,O14965,seed_42,44,2.3887197971343994,2.4300001,CC(C)n1nc(-c2cc3cc(O)ccc3[nH]2)c2c(N)ncnc21,Oc1cc2c([nH]c(-c3nn(C(C)C)c4ncnc(N)c34)c2)cc1,1,0,0,0,0,0,0
AURKA,O14965,seed_42,45,2.3865718841552734,2.24,O=c1[nH]c2ccc(Cl)cc2c(N[C@@H]2CN3CCC2CC3)c1-c1nc2ccccc2[nH]1,Clc1cc2C(N[C@H]3C4CCN(C3)CC4)=C(c3[nH]c4c(n3)cccc4)C(=O)Nc2cc1,1,0,0,0,0,0,0
AURKA,O14965,seed_42,46,2.385005235671997,1.74,COc1cc2c(N3CCN(C(=O)Nc4ccc(OC(C)C)cc4)CC3)ncnc2cc1OCCCN1CCCCC1,O=C(Nc1ccc(OC(C)C)cc1)N1CCN(c2ncnc3c2cc(OC)c(OCCCN2CCCCC2)c3)CC1,0,0,0,0,0,0,0
AURKA,O14965,seed_42,47,2.3841376304626465,2.1400001,Cc1cnc(Nc2ccc(OCCN3CCCC3)cc2)nc1Nc1cccc(S(=O)(=O)NC(C)(C)C)c1,S(=O)(=O)(NC(C)(C)C)c1cc(Nc2c(C)cnc(Nc3ccc(OCCN4CCCC4)cc3)n2)ccc1,0,0,0,0,0,0,0
AURKA,O14965,seed_42,48,2.380511522293091,2.1199999,N#CCNC(=O)c1ccc(-c2ccnc(Nc3ccc(N4CCOCC4)cc3)n2)cc1,O=C(NCC#N)c1ccc(-c2nc(Nc3ccc(N4CCOCC4)cc3)ncc2)cc1,1,0,0,0,0,0,0
AURKA,O14965,seed_42,49,2.368253469467163,2.3,Cc1cnc(Nc2ccc(N3CCN(C)CC3)cc2)nc1Nc1cccc(S(=O)(=O)NC(C)(C)C)c1,S(=O)(=O)(NC(C)(C)C)c1cc(Nc2c(C)cnc(Nc3ccc(N4CCN(C)CC4)cc3)n2)ccc1,0,0,0,0,0,0,0
AURKA,O14965,seed_42,50,2.366314649581909,2.23,COCC(=O)NC/C=C/c1ccc2ncnc(Nc3ccc(Oc4ccc(C)nc4)c(C)c3)c2c1,O=C(NC/C=C/c1cc2c(Nc3cc(C)c(Oc4cnc(C)cc4)cc3)ncnc2cc1)COC,1,0,0,0,0,0,0
AURKA,O14965,seed_42,51,2.3480870723724365,2.1199999,C[C@@H]1CCN(C(=O)CC#N)C[C@@H]1N(C)c1ncnc2[nH]ccc12,O=C(CC#N)N1C[C@H](N(C)c2ncnc3[nH]ccc23)[C@H](C)CC1,1,0,0,0,0,0,0
AURKA,O14965,seed_42,52,2.3467819690704346,2.4400001,Cc1cc(Nc2cc(N3CCN(C)CC3)nc(/C=C/c3ccccc3)n2)n[nH]1,N(c1nc(/C=C/c2ccccc2)nc(N2CCN(C)CC2)c1)c1n[nH]c(C)c1,1,0,0,0,0,0,0
AURKA,O14965,seed_42,53,2.3274314403533936,1.96,Nc1ccc(-c2ccc3ncc4ccc(=O)n(-c5cccc(C(F)(F)F)c5)c4c3c2)cn1,FC(F)(F)c1cc(N2C(=O)C=Cc3c2c2c(nc3)ccc(-c3cnc(N)cc3)c2)ccc1,0,0,0,0,0,0,0
AURKA,O14965,seed_42,54,2.3232383728027344,2.28,Cn1cc(-c2ccc3nnc(C(F)(F)c4ccc5ncccc5c4)n3n2)cn1,FC(F)(c1n2N=C(c3cn(C)nc3)C=Cc2nn1)c1cc2c(nccc2)cc1,1,0,0,0,0,0,0
AURKA,O14965,seed_42,55,2.31988263130188,1.85,COc1cc2c(Oc3ccc4[nH]c(C)cc4c3F)ncnc2cc1OCCCN1CCCC1,Fc1c(Oc2ncnc3c2cc(OC)c(OCCCN2CCCC2)c3)ccc2[nH]c(C)cc12,0,0,0,0,0,0,0
AURKA,O14965,seed_42,56,2.319772720336914,2.46,COc1cc(N2CCC(N3CCN(C)CC3)CC2)ccc1Nc1ncc(Cl)c(Nc2ccccc2S(=O)(=O)C(C)C)n1,Clc1c(Nc2c(S(=O)(=O)C(C)C)cccc2)nc(Nc2c(OC)cc(N3CCC(N4CCN(C)CC4)CC3)cc2)nc1,0,0,0,0,0,0,0
AURKA,O14965,seed_42,57,2.3038456439971924,2.54,CC1(O)CC(c2nc(-c3ccc4ccc(-c5ccccc5)nc4c3)c3c(N)nccn23)C1,OC1(C)CC(c2n3c(c(-c4cc5nc(-c6ccccc6)ccc5cc4)n2)C(N)=NC=C3)C1,1,0,0,0,0,0,0
AURKA,O14965,seed_42,58,2.3019967079162598,2.0,CCN1CCN(Cc2ccc(-c3cc4c(N[C@H](C)c5ccccc5)ncnc4[nH]3)cc2)CC1,N([C@H](C)c1ccccc1)c1ncnc2[nH]c(-c3ccc(CN4CCN(CC)CC4)cc3)cc12,1,0,0,0,0,0,0
AURKA,O14965,seed_42,59,2.29894757270813,2.1700001,CN(C)c1ccc(-c2nc3ncc(Cl)c(N4CCN(CC(=O)Nc5nccs5)CC4)c3[nH]2)cc1,Clc1c(N2CCN(CC(=O)Nc3sccn3)CC2)c2[nH]c(-c3ccc(N(C)C)cc3)nc2nc1,1,0,0,0,0,0,0
AURKA,O14965,seed_42,60,2.2919580936431885,2.0699999,CC(C)n1nc(-c2ccc3oc(N)nc3c2)c2c(N)ncnc21,Nc1oc2c(n1)cc(-c1nn(C(C)C)c3ncnc(N)c13)cc2,1,0,0,0,0,0,0
AURKA,O14965,seed_42,61,2.289492607116699,2.04,O=C(NCc1ccccc1)c1csc(Nc2ccncn2)n1,O=C(NCc1ccccc1)c1nc(Nc2ncncc2)sc1,1,0,0,0,0,0,0
AURKA,O14965,seed_42,62,2.285557270050049,2.1900001,C=CC(=O)Nc1cccc(Sc2nc(Nc3ccc(N4CCN(C)CC4)cc3)ncc2Cl)c1,Clc1c(Sc2cc(NC(=O)C=C)ccc2)nc(Nc2ccc(N3CCN(C)CC3)cc2)nc1,1,0,0,0,0,0,0
AURKA,O14965,seed_42,63,2.279937505722046,2.05,COc1cc2nccc(Oc3ccc(NC(=O)Nc4cc(C)on4)c(Cl)c3)c2cc1OC,Clc1c(NC(=O)Nc2noc(C)c2)ccc(Oc2c3c(ncc2)cc(OC)c(OC)c3)c1,0,0,0,0,0,0,0
AURKA,O14965,seed_42,64,2.278827667236328,2.3499999,CC1(COc2ccc3c(c2)ncn3-c2ccc3cccc(N4CCC(N)CC4)c3n2)COC1,O(CC1(C)COC1)c1cc2ncn(-c3nc4c(N5CCC(N)CC5)cccc4cc3)c2cc1,1,0,0,0,0,0,0
AURKA,O14965,seed_42,65,2.27850079536438,2.03,CCCS(=O)(=O)Nc1ccc(F)c(C(=O)c2c[nH]c3ncc(Cl)cc23)c1F,Clc1cnc2[nH]cc(C(=O)c3c(F)c(NS(=O)(=O)CCC)ccc3F)c2c1,1,0,0,0,0,0,0
AURKA,O14965,seed_42,66,2.2778894901275635,3.5799999,Cc1csc(-c2nnc(Nc3ccc(Oc4ncccc4-c4ccnc(N)n4)cc3)c3ccccc23)c1,O(c1c(-c2nc(N)ncc2)cccn1)c1ccc(Nc2nnc(-c3scc(C)c3)c3c2cccc3)cc1,0,0,0,0,1,1,1
AURKA,O14965,seed_42,67,2.2769858837127686,2.1500001,CN(C)Cc1cccc(N/C(=C2\C(=O)Nc3cc(C(N)=O)ccc32)c2ccccc2)c1,O=C(N)c1cc2NC(=O)/C(=C(\Nc3cc(CN(C)C)ccc3)/c3ccccc3)/c2cc1,1,0,0,0,0,0,0
AURKA,O14965,seed_42,68,2.262554883956909,2.22,CCCNC(=O)Nc1ccc(Oc2ncnc3cc(OC)c(OC)cc23)cc1Cl,Clc1c(NC(=O)NCCC)ccc(Oc2ncnc3c2cc(OC)c(OC)c3)c1,1,0,0,0,0,0,0
AURKA,O14965,seed_42,69,2.2483108043670654,2.25,Cc1nc(N)sc1-c1ccnc(Nc2ccc(N3CCOCC3)cc2)n1,N(c1nc(-c2c(C)nc(N)s2)ccn1)c1ccc(N2CCOCC2)cc1,1,0,0,0,0,0,0
AURKA,O14965,seed_42,70,2.245851516723633,2.05,COc1cc2nccc(Oc3ccc(NC(=O)NC4CC4)c(Cl)c3)c2cc1C(N)=O,Clc1c(NC(=O)NC2CC2)ccc(Oc2c3c(ncc2)cc(OC)c(C(=O)N)c3)c1,1,0,0,0,0,0,0
AURKA,O14965,seed_42,71,2.238845109939575,2.1199999,NC(=O)Nc1sc(-c2ccc(F)cc2)cc1C(N)=O,Fc1ccc(-c2sc(NC(=O)N)c(C(=O)N)c2)cc1,1,0,0,0,0,0,0
AURKA,O14965,seed_42,72,2.2373745441436768,1.97,COc1cc2ncnc(Nc3cccc(Br)c3)c2cc1OC,Brc1cc(Nc2ncnc3c2cc(OC)c(OC)c3)ccc1,1,0,0,0,0,0,0
AURKA,O14965,seed_42,73,2.2235238552093506,2.1099999,NC(=O)Nc1cc(-c2cccc(F)c2)sc1C(=O)N[C@H]1CCCNC1,Fc1cc(-c2sc(C(=O)N[C@@H]3CNCCC3)c(NC(=O)N)c2)ccc1,1,0,0,0,0,0,0
AURKA,O14965,seed_42,74,2.222447633743286,1.98,CC(C)(C)c1cnc(CSc2cnc(NC(=O)C3CCNCC3)s2)o1,S(Cc1oc(C(C)(C)C)cn1)c1sc(NC(=O)C2CCNCC2)nc1,1,0,0,0,0,0,0
AURKA,O14965,seed_42,75,2.216674566268921,2.04,CN1CCN(c2cccc(Nc3nc4c(-c5ccc(S(C)(=O)=O)cc5)cccn4n3)c2)CC1,S(=O)(=O)(C)c1ccc(C=2c3n(nc(Nc4cc(N5CCN(C)CC5)ccc4)n3)C=CC=2)cc1,1,0,0,0,0,0,0
AURKA,O14965,seed_42,76,2.2166430950164795,2.02,Nc1ncnc2c1c(-c1cccc(OCc3ccccc3)c1)cn2C1CC(CN2CCCC2)C1,O(Cc1ccccc1)c1cc(-c2c3c(N)ncnc3n(C3CC(CN4CCCC4)C3)c2)ccc1,0,0,0,0,0,0,0
AURKA,O14965,seed_42,77,2.1992037296295166,1.99,Clc1ccc(C2(c3ccc(-c4cn[nH]c4)cc3)CCNCC2)cc1,Clc1ccc(C2(c3ccc(-c4c[nH]nc4)cc3)CCNCC2)cc1,1,0,0,0,0,0,0
AURKA,O14965,seed_42,78,2.193938970565796,2.03,C=CC(=O)Nc1cccc(Oc2nc(Nc3ccc(N4CCN(C)CC4)cc3)ncc2Cl)c1,Clc1c(Oc2cc(NC(=O)C=C)ccc2)nc(Nc2ccc(N3CCN(C)CC3)cc2)nc1,1,0,0,0,0,0,0
AURKA,O14965,seed_42,79,2.185760021209717,1.489361765,COc1cc2nccc(Oc3ccc(NC(=O)C4(C(=O)Nc5ccc(F)cc5)CC4)cc3)c2cc1OC,Fc1ccc(NC(=O)C2(C(=O)Nc3ccc(Oc4c5c(ncc4)cc(OC)c(OC)c5)cc3)CC2)cc1,0,0,0,0,0,0,0
AURKA,O14965,seed_42,80,2.1781771183013916,2.1448445,CC(Oc1ccc2[nH]nc(C=Cc3cnn(CCO)c3)c2c1)c1c(Cl)cncc1Cl,Clc1c(C(Oc2cc3c(C=Cc4cn(CCO)nc4)n[nH]c3cc2)C)c(Cl)cnc1,1,0,0,0,0,0,0
AURKA,O14965,seed_42,81,2.172252655029297,2.1400001,Cc1nc(NC(=O)N2CCC[C@H]2C(N)=O)sc1-c1csc(C(C)(C)C)n1,O=C(Nc1sc(c(C)n1)-c1nc(C(C)(C)C)sc1)N1[C@H](C(=O)N)CCC1,1,0,0,0,0,0,0
AURKA,O14965,seed_42,82,2.1650032997131348,2.1600001,O=C(O)c1ccc2c(c1)nc(Nc1cccc(Cl)c1)c1ccncc12,Clc1cc(Nc2nc3c(c4c2ccnc4)ccc(C(=O)O)c3)ccc1,1,0,0,0,0,0,0
AURKA,O14965,seed_42,83,2.162747621536255,1.98,Cc1ccc([N+](=O)[O-])cc1S(=O)(=O)N(C)/N=C/c1cnc2ccc(Br)cn12,BrC1=Cn2c(/C=N/N(S(=O)(=O)c3c(C)ccc([N+](=O)[O-])c3)C)cnc2C=C1,1,0,0,0,0,0,0
AURKA,O14965,seed_42,84,2.161639451980591,2.0599999,c1ccc2c(-c3cnn4cc(-c5ccc(N6CCNCC6)cc5)cnc34)ccnc2c1,N1(c2ccc(C3=Cn4ncc(-c5c6c(ncc5)cccc6)c4N=C3)cc2)CCNCC1,1,0,0,0,0,0,0
AURKA,O14965,seed_42,85,2.1556150913238525,2.0826871,CN1CCN(C(=O)c2ccc(NC(=O)Nc3ccc(N(C)c4ccnc(Nc5ccc(CS(C)(=O)=O)cc5)n4)cc3)cc2)CC1,S(=O)(=O)(Cc1ccc(Nc2nc(N(C)c3ccc(NC(=O)Nc4ccc(C(=O)N5CCN(C)CC5)cc4)cc3)ccn2)cc1)C,0,0,0,0,0,0,0
AURKA,O14965,seed_42,86,2.151806116104126,0.785761576,CCN(CCO)CCCOc1ccc2c(Nc3cc(CC(=O)Nc4cccc(F)c4)[nH]n3)ncnc2c1,Fc1cc(NC(=O)Cc2[nH]nc(Nc3ncnc4c3ccc(OCCCN(CCO)CC)c4)c2)ccc1,0,0,0,0,0,0,0
AURKA,O14965,seed_42,87,2.1516945362091064,1.7636307,O=C(Nc1c[nH]nc1-c1nc2ccc(CN3CCOCC3)cc2[nH]1)NC1CC1,O=C(Nc1c(-c2[nH]c3c(n2)ccc(CN2CCOCC2)c3)n[nH]c1)NC1CC1,1,0,0,0,0,0,0
AURKA,O14965,seed_42,88,2.144779920578003,2.2,O=c1c(O)c(-c2ccc(O)c(O)c2)oc2cc(O)cc(O)c12,O=C1C(O)=C(c2cc(O)c(O)cc2)Oc2c1c(O)cc(O)c2,1,0,0,0,0,0,0
AURKA,O14965,seed_42,89,2.1396331787109375,2.1900001,C=CC(=O)N1CCC[C@@H](n2nc(-c3ccc(Oc4ccccc4)cc3)c3c(N)ncnc32)C1,O=C(C=C)N1C[C@H](n2nc(-c3ccc(Oc4ccccc4)cc3)c3c(N)ncnc23)CCC1,1,0,0,0,0,0,0
AURKA,O14965,seed_42,90,2.138577699661255,1.99,Nc1cccc(-c2cc3c(Oc4cccc(O)c4)ncnc3[nH]2)c1,O(c1ncnc2[nH]c(-c3cc(N)ccc3)cc12)c1cc(O)ccc1,1,0,0,0,0,0,0
AURKA,O14965,seed_42,91,2.1323206424713135,2.21,Nc1ncnc2c1c(-c1cnc3[nH]ccc3c1)nn2C1CCCC1,Nc1ncnc2n(C3CCCC3)nc(-c3cnc4[nH]ccc4c3)c12,1,0,0,0,0,0,0
AURKA,O14965,seed_42,92,2.120413064956665,1.9299999,CCN(CCCOc1ccc2c(Nc3cc(CC(=O)Nc4cccc(F)c4)n[nH]3)ncnc2c1)CCOP(=O)(O)O,P(=O)(OCCN(CCCOc1cc2ncnc(Nc3[nH]nc(CC(=O)Nc4cc(F)ccc4)c3)c2cc1)CC)(O)O,0,0,0,0,0,0,0
AURKA,O14965,seed_42,93,2.114619493484497,2.0,O=C1NC(=O)/C(=C/c2ccc3nccc(-c4ccncc4)c3c2)S1,O=C1/C(=C/c2cc3c(-c4ccncc4)ccnc3cc2)/SC(=O)N1,1,0,0,0,0,0,0
AURKA,O14965,seed_42,94,2.1059672832489014,2.01,COc1cc(Nc2ncc(F)c(Nc3ccc4c(n3)N(COP(=O)(O)O)C(=O)C(C)(C)O4)n2)cc(OC)c1OC,P(=O)(OCN1C(=O)C(C)(C)Oc2c1nc(Nc1c(F)cnc(Nc3cc(OC)c(OC)c(OC)c3)n1)cc2)(O)O,0,0,0,0,0,0,0
AURKA,O14965,seed_42,95,2.090172052383423,1.0608304,COc1cc(N2CCC(N(C)C)CC2)ccc1Nc1ncc(Cl)c(Nc2ccccc2P(C)(C)=O)n1,Clc1c(Nc2c(P(=O)(C)C)cccc2)nc(Nc2c(OC)cc(N3CCC(N(C)C)CC3)cc2)nc1,0,0,0,0,0,0,0
AURKA,O14965,seed_42,96,2.086989641189575,1.9,Cc1cc(C)c(/C=C2\C(=O)Nc3ccccc32)[nH]1,O=C1/C(=C\c2c(C)cc(C)[nH]2)/c2c(N1)cccc2,1,0,0,0,0,0,0
AURKA,O14965,seed_42,97,2.055330514907837,1.84,Cc1[nH]c(/C=C2\C(=O)Nc3ccc(S(=O)(=O)Cc4c(Cl)cccc4Cl)cc32)c(C)c1C(=O)N1CCC[C@@H]1CN1CCCC1,Clc1c(CS(=O)(=O)c2cc3/C(=C/c4c(C)c(C(=O)N5[C@@H](CN6CCCC6)CCC5)c(C)[nH]4)/C(=O)Nc3cc2)c(Cl)ccc1,0,0,0,0,0,0,0
AURKA,O14965,seed_42,98,2.0456383228302,1.7819343,COc1cc(Nc2ncc(F)c(Nc3ccc4c(n3)NC(=O)C(C)(C)O4)n2)cc(OC)c1OC,Fc1c(Nc2nc3NC(=O)C(C)(C)Oc3cc2)nc(Nc2cc(OC)c(OC)c(OC)c2)nc1,1,0,0,0,0,0,0
AURKA,O14965,seed_42,99,2.026082754135132,2.1529376,O=C(O)c1ccc(Nc2ncc3c(n2)-c2ccc(Cl)cc2C(c2c(F)cccc2F)=NC3)cc1,Clc1cc2C(c3c(F)cccc3F)=NCc3c(nc(Nc4ccc(C(=O)O)cc4)nc3)-c2cc1,0,0,0,0,0,0,0
AURKA,O14965,seed_42,100,2.018669843673706,1.95,C=CC(=O)Nc1cccc(Oc2nc(Nc3ccc(N4CCN(C)CC4)cc3OC)ncc2Cl)c1,Clc1c(Oc2cc(NC(=O)C=C)ccc2)nc(Nc2c(OC)cc(N3CCN(C)CC3)cc2)nc1,1,0,0,0,0,0,0
AURKA,O14965,seed_42,101,1.9854985475540161,1.92,COCCOc1ccc2c(c1)ncn2-c1ccc2cccc(N3CCC(N)CC3)c2n1,O(CCOc1cc2ncn(-c3nc4c(N5CCC(N)CC5)cccc4cc3)c2cc1)C,1,0,0,0,0,0,0
AURKA,O14965,seed_42,102,1.97757089138031,2.01,CNC(=O)c1ccccc1Nc1nc(Nc2ccc(N3CCOCC3)cc2OC)ncc1Cl,Clc1c(Nc2c(C(=O)NC)cccc2)nc(Nc2c(OC)cc(N3CCOCC3)cc2)nc1,1,0,0,0,0,0,0
AURKA,O14965,seed_42,103,1.9414876699447632,2.03,O=C1c2ccccc2-c2n[nH]c3cccc1c23,O=C1c2c3c([nH]nc3-c3c1cccc3)ccc2,1,0,0,0,0,0,0
AURKA,O14965,seed_42,104,1.9146699905395508,1.6799999,Cc1nc(Nc2ncc(C(=O)Nc3c(C)cccc3Cl)s2)cc(N2CCN(CCO)CC2)n1,Clc1c(NC(=O)c2sc(Nc3nc(C)nc(N4CCN(CCO)CC4)c3)nc2)c(C)ccc1,1,0,0,0,0,0,0
AURKA,O14965,seed_42,105,1.883604645729065,1.62873165,O=C(Nc1cccc(Nc2ncc(Br)c(NCCc3cnc[nH]3)n2)c1)N1CCCC1,Brc1c(NCCc2[nH]cnc2)nc(Nc2cc(NC(=O)N3CCCC3)ccc2)nc1,1,0,0,0,0,0,0
AURKA,O14965,seed_42,106,1.876936435699463,1.8,COc1cc2ncnc(Nc3ccc(O)c(Br)c3)c2cc1OC,Brc1c(O)ccc(Nc2ncnc3c2cc(OC)c(OC)c3)c1,1,0,0,0,0,0,0
AURKA,O14965,seed_42,107,1.8497155904769897,1.1677892,CN(c1ccccc1CNc1nc(Nc2ccc3c(c2)CC(=O)N3)ncc1C(F)(F)F)S(C)(=O)=O,S(=O)(=O)(N(C)c1c(CNc2c(C(F)(F)F)cnc(Nc3cc4c(NC(=O)C4)cc3)n2)cccc1)C,0,0,0,0,0,0,0
AURKA,O14965,seed_42,108,1.8464163541793823,1.9400001,CNC(=O)c1nn(C)c2c1C(C)(C)Cc1cnc(Nc3ccc(N4CCN(C)CC4)cc3)nc1-2,O=C(NC)c1nn(C)c-2c1C(C)(C)Cc1c-2nc(Nc2ccc(N3CCN(C)CC3)cc2)nc1,1,0,0,0,0,0,0
AURKA,O14965,seed_42,109,1.8387314081192017,1.66,CN1CCN(c2ccc3nc(-c4c(N)c5c(F)cccc5[nH]c4=O)[nH]c3c2)CC1,Fc1c2C(N)=C(c3[nH]c4c(n3)ccc(N3CCN(C)CC3)c4)C(=O)Nc2ccc1,1,0,0,0,0,0,0
AURKA,O14965,seed_42,110,1.823063850402832,1.92,Cc1[nH]c(/C=C2\C(=O)Nc3ccc(S(=O)(=O)N(C)c4cccc(Cl)c4)cc32)c(C)c1C(=O)N1CCN(C)CC1,Clc1cc(N(S(=O)(=O)c2cc3/C(=C/c4c(C)c(C(=O)N5CCN(C)CC5)c(C)[nH]4)/C(=O)Nc3cc2)C)ccc1,0,0,0,0,0,0,0
AURKA,O14965,seed_42,111,1.8064796924591064,2.1099999,CN(c1ncccc1CNc1nc(Nc2ccc3c(c2)CC(=O)N3)ncc1C(F)(F)F)S(C)(=O)=O,S(=O)(=O)(N(C)c1c(CNc2c(C(F)(F)F)cnc(Nc3cc4c(NC(=O)C4)cc3)n2)cccn1)C,0,0,0,0,0,0,0
AURKA,O14965,seed_42,112,1.7946953773498535,1.8759525,CC1(C(=O)Nc2ccc(F)nc2)CCCN1c1nc(Nc2cc(C3CC3)n[nH]2)c2cccn2n1,Fc1ncc(NC(=O)C2(C)N(C=3N=C(Nc4[nH]nc(C5CC5)c4)c4n(N=3)ccc4)CCC2)cc1,1,0,0,0,0,0,0
AURKA,O14965,seed_42,113,1.7922405004501343,1.96,CNC(=O)c1ccccc1Sc1ccc2c(/C=C/c3ccccn3)n[nH]c2c1,S(c1c(C(=O)NC)cccc1)c1cc2[nH]nc(/C=C/c3ncccc3)c2cc1,1,0,0,0,0,0,0
AURKA,O14965,seed_42,114,1.7922405004501343,1.0655016,CNC(=O)c1ccccc1Sc1ccc2c(C=Cc3ccccn3)n[nH]c2c1,S(c1c(C(=O)NC)cccc1)c1cc2[nH]nc(C=Cc3ncccc3)c2cc1,1,0,0,0,0,0,0
AURKA,O14965,seed_42,115,1.7895830869674683,1.6900001,Cc1ncc(-c2ccnc(Nc3ccc(S(C)(=O)=O)cc3)n2)n1C(C)C,S(=O)(=O)(C)c1ccc(Nc2nc(-c3n(C(C)C)c(C)nc3)ccn2)cc1,1,0,0,0,0,0,0
AURKA,O14965,seed_42,116,1.7882351875305176,0.52588093,COc1cc(CCc2cc(NC(=O)c3ccc(N4CC(C)NC(C)C4)cc3)n[nH]2)cc(OC)c1,O=C(Nc1n[nH]c(CCc2cc(OC)cc(OC)c2)c1)c1ccc(N2CC(C)NC(C)C2)cc1,1,0,0,0,0,0,0
AURKA,O14965,seed_42,117,1.7882351875305176,2.04,COc1cc(CCc2cc(NC(=O)c3ccc(N4C[C@@H](C)N[C@@H](C)C4)cc3)n[nH]2)cc(OC)c1,O=C(Nc1n[nH]c(CCc2cc(OC)cc(OC)c2)c1)c1ccc(N2C[C@@H](C)N[C@@H](C)C2)cc1,1,0,0,0,0,0,0
AURKA,O14965,seed_42,118,1.7106269598007202,1.30614455,Nc1nc(Nc2ccc(S(N)(=O)=O)cc2)nn1C(=O)c1c(F)cccc1F,S(=O)(=O)(N)c1ccc(Nc2nn(C(=O)c3c(F)cccc3F)c(N)n2)cc1,1,0,0,0,0,0,0
AURKA,O14965,seed_42,119,1.6640877723693848,2.0130939,CN(c1ccc(NC(=O)Nc2ccc(OC(F)(F)F)cc2)cc1)c1ccnc(Nc2cccc(S(N)(=O)=O)c2)n1,S(=O)(=O)(N)c1cc(Nc2nc(N(C)c3ccc(NC(=O)Nc4ccc(OC(F)(F)F)cc4)cc3)ccn2)ccc1,0,0,0,0,0,0,0
AURKA,O14965,seed_42,120,1.6515395641326904,2.04,Cc1[nH]c(/C=C2\C(=O)Nc3ccccc32)c(C)c1CCC(=O)O,O=C(O)CCc1c(C)c(/C=C/2\C(=O)Nc3c\2cccc3)[nH]c1C,1,0,0,0,0,0,0
AURKA,O14965,seed_42,121,1.6515395641326904,0.81476957,Cc1[nH]c(C=C2C(=O)Nc3ccccc32)c(C)c1CCC(=O)O,O=C(O)CCc1c(C)c(C=C2C(=O)Nc3c2cccc3)[nH]c1C,1,0,0,0,0,0,0
AURKA,O14965,seed_42,122,1.639135479927063,1.30845963,Cc1ccc(Nc2nccc(N(C)c3ccc4c(C)n(C)nc4c3)n2)cc1S(N)(=O)=O,S(=O)(=O)(N)c1c(C)ccc(Nc2nc(N(C)c3cc4nn(C)c(C)c4cc3)ccn2)c1,1,0,0,0,0,0,0
AURKA,O14965,seed_42,123,1.541570782661438,1.72,CCN(CC)CCNC(=O)c1c(C)[nH]c(/C=C2\C(=O)Nc3ccc(F)cc32)c1C,Fc1cc2/C(=C/c3c(C)c(C(=O)NCCN(CC)CC)c(C)[nH]3)/C(=O)Nc2cc1,1,0,0,0,0,0,0
AURKA,O14965,seed_42,124,1.4197574853897095,1.2720252,COC(=O)c1ccc2c(c1)C(=Cc1cc(Br)c(O)c(Br)c1)C(=O)N2,Brc1c(O)c(Br)cc(C=C2C(=O)Nc3c2cc(C(=O)OC)cc3)c1,1,0,0,0,0,0,0
AURKA,O14965,seed_42,125,1.3994346857070923,1.3411622,Cc1cc(Nc2nc(NC(C)c3ncc(F)cn3)ncc2Cl)n[nH]1,Clc1c(Nc2n[nH]c(C)c2)nc(NC(C)c2ncc(F)cn2)nc1,1,0,0,0,0,0,0
AURKA,O14965,seed_42,126,1.3086271286010742,1.36,CN(C[C@@H]1COCCO1)S(=O)(=O)Nc1ccc2ccc3ncc(-c4cnn(C)c4)cc3c(=O)c2c1,S(=O)(=O)(N(C[C@H]1OCCOC1)C)Nc1cc2C(=O)c3c(ncc(-c4cn(C)nc4)c3)C=Cc2cc1,1,0,0,0,0,0,0
AURKA,O14965,seed_42,127,1.2628971338272095,1.1844665,CC(C)Oc1cc(Nc2nc(NC(C)c3ccc(F)cn3)ncc2Cl)n[nH]1,Clc1c(Nc2n[nH]c(OC(C)C)c2)nc(NC(C)c2ncc(F)cc2)nc1,1,0,0,0,0,0,0
AURKA,O14965,seed_42,128,1.1614502668380737,1.0730405,CN1CCN(c2ccc(Nc3nccc(-c4cnn5ncccc45)n3)cc2C(F)(F)F)CC1,FC(F)(F)c1c(N2CCN(C)CC2)ccc(Nc2nc(-c3c4n(nc3)N=CC=C4)ccn2)c1,1,0,0,0,0,0,0
AURKA,O14965,seed_42,129,1.0506106615066528,0.86742014,Cn1cc(-c2[nH]c3cc(NC(=O)C(N)C4CCCCC4)cc4c3c2C=NNC4=O)cn1,O=C(Nc1cc2[nH]c(-c3cn(C)nc3)c3c2c(C(=O)NN=C3)c1)C(N)C1CCCCC1,1,0,0,0,0,0,0
AURKA,O14965,seed_42,130,1.042592167854309,1.09,C=CC(=O)Nc1cc2c(Nc3ccc(F)c(Cl)c3)ncnc2cc1OCCCN1CCOCC1,Clc1c(F)ccc(Nc2ncnc3c2cc(NC(=O)C=C)c(OCCCN2CCOCC2)c3)c1,1,0,0,0,0,0,0
AURKA,O14965,seed_142,1,3.2306134700775146,3.0599999,CCn1c(N)c(C(=O)NC)c(=O)c2ccc(C#C[C@@](C)(O)COC)nc21,O=C(NC)C1=C(N)N(CC)c2nc(C#C[C@@](O)(COC)C)ccc2C1=O,1,1,1,1,1,1,1
AURKA,O14965,seed_142,2,2.951028823852539,2.02,COc1ccc2c(Oc3ccc(NC(=O)c4c(C)n(CC(C)(C)O)n(-c5ccccc5)c4=O)nc3)ccnc2c1,O=C(Nc1ncc(Oc2c3c(ncc2)cc(OC)cc3)cc1)C=1C(=O)N(N(CC(O)(C)C)C=1C)c1ccccc1,0,1,1,1,0,0,0
AURKA,O14965,seed_142,3,2.8982837200164795,3.2,Cc1ccc(F)c(NC(=O)Nc2ccc(-c3cccc4[nH]nc(N)c34)cc2)c1,Fc1c(NC(=O)Nc2ccc(-c3c4c(N)n[nH]c4ccc3)cc2)cc(C)cc1,1,1,1,1,1,1,1
AURKA,O14965,seed_142,4,2.854025363922119,1.0652996,Cn1cnc(-c2cc3nccc(Oc4ccc(NC(=S)NC(=O)Cc5ccccc5)cc4F)c3s2)c1,S=C(NC(=O)Cc1ccccc1)Nc1cc(F)c(Oc2c3sc(-c4ncn(C)c4)cc3ncc2)cc1,0,0,1,1,0,0,0
AURKA,O14965,seed_142,5,2.830752372741699,2.8199999,Cc1ccncc1Nc1ncccc1C(=O)Nc1ccc(C2(C#N)CCCC2)cc1,O=C(Nc1ccc(C2(C#N)CCCC2)cc1)c1c(Nc2c(C)ccnc2)nccc1,0,0,1,1,0,1,1
AURKA,O14965,seed_142,6,2.801943778991699,1.96,CS(=O)(=O)N1CCN(Cc2cc3nc(-c4cccc5[nH]ncc45)nc(N4CCOCC4)c3s2)CC1,S(=O)(=O)(C)N1CCN(Cc2sc3c(N4CCOCC4)nc(-c4c5c([nH]nc5)ccc4)nc3c2)CC1,0,0,0,1,0,0,0
AURKA,O14965,seed_142,7,2.798600435256958,2.1900001,Cc1ccc(C(=O)Nc2ccc(CN3CCN(C)CC3)c(C(F)(F)F)c2)cc1C#Cc1cnc2cccnn12,FC(F)(F)c1c(CN2CCN(C)CC2)ccc(NC(=O)c2cc(C#Cc3n4N=CC=Cc4nc3)c(C)cc2)c1,0,0,0,1,0,0,0
AURKA,O14965,seed_142,8,2.7650868892669678,2.46,Cc1n[nH]c2ccc(-c3cncc(OC[C@@H](N)Cc4ccccc4)c3)cc12,O(C[C@@H](N)Cc1ccccc1)c1cc(-c2cc3c(C)n[nH]c3cc2)cnc1,1,0,0,1,0,0,0
AURKA,O14965,seed_142,9,2.7542614936828613,1.8099999,O=C(O)C1(Cc2cccc(Nc3nccs3)n2)CCC(Oc2cccc(Cl)c2F)CC1,Clc1c(F)c(OC2CCC(C(=O)O)(Cc3nc(Nc4sccn4)ccc3)CC2)ccc1,0,0,0,1,0,0,0
AURKA,O14965,seed_142,10,2.681227684020996,2.0,COc1cc2c(Oc3ccc(NC(=O)C4(C(=O)Nc5ccc(F)cc5)CC4)cc3F)ccnc2cc1OCCCN1CCOCC1,Fc1c(Oc2c3c(ncc2)cc(OCCCN2CCOCC2)c(OC)c3)ccc(NC(=O)C2(C(=O)Nc3ccc(F)cc3)CC2)c1,0,0,0,1,0,0,0
AURKA,O14965,seed_142,11,2.6749510765075684,1.1933678,CC(Oc1cc(-c2cnn(C3CCNCC3)c2)cnc1N)c1c(Cl)ccc(F)c1Cl,Clc1c(C(Oc2c(N)ncc(-c3cn(C4CCNCC4)nc3)c2)C)c(Cl)ccc1F,0,0,0,0,0,0,0
AURKA,O14965,seed_142,12,2.6749510765075684,1.27,C[C@@H](Oc1cc(-c2cnn(C3CCNCC3)c2)cnc1N)c1c(Cl)ccc(F)c1Cl,Clc1c([C@H](Oc2c(N)ncc(-c3cn(C4CCNCC4)nc3)c2)C)c(Cl)ccc1F,0,0,0,0,0,0,0
AURKA,O14965,seed_142,13,2.670922040939331,2.1900001,O=C1NC(=O)/C(=C/c2ccc(-c3ccc(F)cc3O)o2)S1,Fc1cc(O)c(-c2oc(/C=C\3/C(=O)NC(=O)S/3)cc2)cc1,1,0,0,0,0,0,0
AURKA,O14965,seed_142,14,2.6683356761932373,2.03,Cc1c(NC(=O)OC[C@@H]2COCCN2)cn2ncnc(Nc3ccc4c(cnn4Cc4cccc(F)c4)c3)c12,Fc1cc(Cn2ncc3c2ccc(NC2=NC=Nn4c2c(C)c(NC(=O)OC[C@H]2NCCOC2)c4)c3)ccc1,0,0,0,0,0,0,0
AURKA,O14965,seed_142,15,2.6527605056762695,2.3900001,COc1cccc2cc(-c3nc(C4CCC(C(=O)O)CC4)n4ncnc(N)c34)[nH]c12,O=C(O)C1CCC(c2n3N=CN=C(N)c3c(-c3[nH]c4c(OC)cccc4c3)n2)CC1,1,0,0,0,0,0,0
AURKA,O14965,seed_142,16,2.5666890144348145,2.4100001,COCCNCc1ccc(-c2cc3nccc(Oc4ccc(NC(=S)NC(=O)Cc5ccc(F)cc5)cc4F)c3s2)nc1,S=C(NC(=O)Cc1ccc(F)cc1)Nc1cc(F)c(Oc2c3sc(-c4ncc(CNCCOC)cc4)cc3ncc2)cc1,0,0,0,0,0,0,0
AURKA,O14965,seed_142,17,2.5613954067230225,2.39735365,Cc1cc(Nc2cc(CN3CCOCC3)c3nc(C)c(Cc4ccc(Cl)cc4F)n3n2)n[nH]1,Clc1cc(F)c(Cc2c(C)nc3C(CN4CCOCC4)=CC(Nc4n[nH]c(C)c4)=Nn23)cc1,1,0,0,0,0,0,0
AURKA,O14965,seed_142,18,2.5597853660583496,1.96,Nc1ccc(-c2ccc3ncc4ccc(=O)n(-c5cccc(C(F)(F)F)c5)c4c3c2)cn1,FC(F)(F)c1cc(N2C(=O)C=Cc3c2c2c(nc3)ccc(-c3cnc(N)cc3)c2)ccc1,0,0,0,0,0,0,0
AURKA,O14965,seed_142,19,2.555182695388794,2.341321,COC1C(N(C)C(=O)c2ccccc2)CC2OC1(C)n1c3ccccc3c3c4c(c5c6ccccc6n2c5c31)C(=O)NC4,O=C(N(C)C1C(OC)C2(C)OC(n3c4c5n2c2c(c5c5c(C(=O)NC5)c4c4c3cccc4)cccc2)C1)c1ccccc1,0,0,0,0,0,0,0
AURKA,O14965,seed_142,20,2.547210931777954,1.0355203,O=C(O)c1ccc(-c2c[nH]c3ncc(-c4ccccc4)cc23)cc1C1CCCC1,O=C(O)c1c(C2CCCC2)cc(-c2c3c([nH]c2)ncc(-c2ccccc2)c3)cc1,0,0,0,0,0,0,0
AURKA,O14965,seed_142,21,2.54374098777771,2.28,Cn1cc(-c2ccc3nnc(C(F)(F)c4ccc5ncccc5c4)n3n2)cn1,FC(F)(c1n2N=C(c3cn(C)nc3)C=Cc2nn1)c1cc2c(nccc2)cc1,1,0,0,0,0,0,0
AURKA,O14965,seed_142,22,2.5182535648345947,2.4000001,Cc1cc(Nc2nc(N[C@@H](C)c3ccc(F)cc3)c(C#N)cc2F)n[nH]1,Fc1c(Nc2n[nH]c(C)c2)nc(N[C@@H](C)c2ccc(F)cc2)c(C#N)c1,1,0,0,0,0,0,0
AURKA,O14965,seed_142,23,2.5169618129730225,2.3900001,Cc1ccccc1-n1c(Cn2nc(-c3cccc(O)c3)c3c(N)ncnc32)nc2cccc(C)c2c1=O,O=C1N(c2c(C)cccc2)C(Cn2nc(-c3cc(O)ccc3)c3c(N)ncnc23)=Nc2c1c(C)ccc2,1,0,0,0,0,0,0
AURKA,O14965,seed_142,24,2.5115835666656494,2.0544822,CCS(=O)(=O)c1cccc(-c2cc(C(=O)NC3CCN(C)CC3)c(C)c3[nH]c4ncc(C)cc4c23)c1,S(=O)(=O)(CC)c1cc(-c2c3c(c(C)c(C(=O)NC4CCN(C)CC4)c2)[nH]c2ncc(C)cc32)ccc1,0,0,0,0,0,0,0
AURKA,O14965,seed_142,25,2.5112524032592773,2.1400001,Cc1cnc(Nc2ccc(OCCN3CCCC3)cc2)nc1Nc1cccc(S(=O)(=O)NC(C)(C)C)c1,S(=O)(=O)(NC(C)(C)C)c1cc(Nc2c(C)cnc(Nc3ccc(OCCN4CCCC4)cc3)n2)ccc1,0,0,0,0,0,0,0
AURKA,O14965,seed_142,26,2.4915218353271484,2.6099999,CCN1CCN(C(=O)Cc2ccc(Nc3ncc(F)c(Nc4ccc(C(=O)Nc5ccccc5Cl)cc4)n3)cc2)CC1,Clc1c(NC(=O)c2ccc(Nc3c(F)cnc(Nc4ccc(CC(=O)N5CCN(CC)CC5)cc4)n3)cc2)cccc1,0,0,0,0,0,0,1
AURKA,O14965,seed_142,27,2.484964609146118,2.9400001,CC(=O)NCC(=O)N1[C@@H]2CC[C@H]1c1ccc(Nc3ncc(C(F)(F)F)c(NC4CCC4)n3)cc12,FC(F)(F)c1c(NC2CCC2)nc(Nc2cc3[C@@H]4N(C(=O)CNC(=O)C)[C@H](c3cc2)CC4)nc1,1,0,0,0,0,1,1
AURKA,O14965,seed_142,28,2.4789745807647705,2.01,CCOc1ccn(-c2ccc(F)cc2)c(=O)c1C(=O)Nc1ccc(Oc2ccnc(N)c2Cl)c(F)c1,Clc1c(N)nccc1Oc1c(F)cc(NC(=O)C=2C(=O)N(c3ccc(F)cc3)C=CC=2OCC)cc1,0,0,0,0,0,0,0
AURKA,O14965,seed_142,29,2.4625136852264404,2.22,COc1cc2c(Nc3ccc(Br)cc3F)ncnc2cc1OCC1CCN(C)CC1,Brc1cc(F)c(Nc2ncnc3c2cc(OC)c(OCC2CCN(C)CC2)c3)cc1,0,0,0,0,0,0,0
AURKA,O14965,seed_142,30,2.4586751461029053,2.54,CC1(O)CC(c2nc(-c3ccc4ccc(-c5ccccc5)nc4c3)c3c(N)nccn23)C1,OC1(C)CC(c2n3c(c(-c4cc5nc(-c6ccccc6)ccc5cc4)n2)C(N)=NC=C3)C1,1,0,0,0,0,0,0
AURKA,O14965,seed_142,31,2.45766544342041,2.17709222,CCc1cccc(CC)c1NC(=O)N1Cc2[nH]nc(NC(=O)c3ccc(N4CCN(C)CC4)cc3)c2C1,O=C(Nc1c(CC)cccc1CC)N1Cc2c(NC(=O)c3ccc(N4CCN(C)CC4)cc3)n[nH]c2C1,0,0,0,0,0,0,0
AURKA,O14965,seed_142,32,2.4531877040863037,2.3,Cc1cnc(Nc2ccc(N3CCN(C)CC3)cc2)nc1Nc1cccc(S(=O)(=O)NC(C)(C)C)c1,S(=O)(=O)(NC(C)(C)C)c1cc(Nc2c(C)cnc(Nc3ccc(N4CCN(C)CC4)cc3)n2)ccc1,0,0,0,0,0,0,0
AURKA,O14965,seed_142,33,2.447855234146118,2.358915429,COC(C(=O)N1Cc2[nH]nc(NC(=O)c3ccc(N4CCN(C)CC4)cc3)c2C1)c1ccccc1,O=C(C(OC)c1ccccc1)N1Cc2c(NC(=O)c3ccc(N4CCN(C)CC4)cc3)n[nH]c2C1,1,0,0,0,0,0,0
AURKA,O14965,seed_142,34,2.4383316040039062,2.0599999,Fc1cc(-c2cccc3ncc(-c4cnn(C5CCNCC5)c4)nc23)cc(F)c1CN1CCOCC1,Fc1c(CN2CCOCC2)c(F)cc(-c2c3nc(-c4cn(C5CCNCC5)nc4)cnc3ccc2)c1,1,0,0,0,0,0,0
AURKA,O14965,seed_142,35,2.4325902462005615,2.4300001,CC(C)n1nc(-c2cc3cc(O)ccc3[nH]2)c2c(N)ncnc21,Oc1cc2c([nH]c(-c3nn(C(C)C)c4ncnc(N)c34)c2)cc1,1,0,0,0,0,0,0
AURKA,O14965,seed_142,36,2.4291014671325684,2.0699999,CC(C)n1nc(-c2ccc3oc(N)nc3c2)c2c(N)ncnc21,Nc1oc2c(n1)cc(-c1nn(C(C)C)c3ncnc(N)c13)cc2,1,0,0,0,0,0,0
AURKA,O14965,seed_142,37,2.428633213043213,2.23,CC(C)(C)c1nc(-c2cccc(NS(=O)(=O)c3c(F)cccc3F)c2F)c(-c2ccnc(N)n2)s1,S(=O)(=O)(Nc1c(F)c(-c2c(-c3nc(N)ncc3)sc(C(C)(C)C)n2)ccc1)c1c(F)cccc1F,0,0,0,0,0,0,0
AURKA,O14965,seed_142,38,2.4201416969299316,2.3199999,O=C(Nc1cccc(Cl)c1)Nc1ncc(CCNc2ncnc3ccsc23)s1,Clc1cc(NC(=O)Nc2sc(CCNc3ncnc4c3scc4)cn2)ccc1,0,0,0,0,0,0,0
AURKA,O14965,seed_142,39,2.402686357498169,2.47,CN1CC[C@H](c2c(O)cc(O)c3c(=O)cc(-c4ccccc4Cl)oc23)[C@H](O)C1,Clc1c(C=2Oc3c([C@@H]4[C@H](O)CN(C)CC4)c(O)cc(O)c3C(=O)C=2)cccc1,1,0,0,0,0,0,0
AURKA,O14965,seed_142,40,2.397474527359009,2.1700001,CN(C)c1ccc(-c2nc3ncc(Cl)c(N4CCN(CC(=O)Nc5nccs5)CC4)c3[nH]2)cc1,Clc1c(N2CCN(CC(=O)Nc3sccn3)CC2)c2[nH]c(-c3ccc(N(C)C)cc3)nc2nc1,1,0,0,0,0,0,0
AURKA,O14965,seed_142,41,2.3886520862579346,2.1400001,Cc1nc(NC(=O)N2CCC[C@H]2C(N)=O)sc1-c1csc(C(C)(C)C)n1,O=C(Nc1sc(c(C)n1)-c1nc(C(C)(C)C)sc1)N1[C@H](C(=O)N)CCC1,1,0,0,0,0,0,0
AURKA,O14965,seed_142,42,2.382453203201294,1.74,COc1cc2c(N3CCN(C(=O)Nc4ccc(OC(C)C)cc4)CC3)ncnc2cc1OCCCN1CCCCC1,O=C(Nc1ccc(OC(C)C)cc1)N1CCN(c2ncnc3c2cc(OC)c(OCCCN2CCCCC2)c3)CC1,0,0,0,0,0,0,0
AURKA,O14965,seed_142,43,2.3805630207061768,2.543893017,Cc1cc(Nc2cc(N3CCN(C)CC3)nc(Sc3ccc(NC(=O)C4CC4)cc3)n2)n[nH]1,S(c1nc(Nc2n[nH]c(C)c2)cc(N2CCN(C)CC2)n1)c1ccc(NC(=O)C2CC2)cc1,1,0,0,0,0,0,1
AURKA,O14965,seed_142,44,2.373775005340576,2.1900001,C=CC(=O)Nc1cccc(Sc2nc(Nc3ccc(N4CCN(C)CC4)cc3)ncc2Cl)c1,Clc1c(Sc2cc(NC(=O)C=C)ccc2)nc(Nc2ccc(N3CCN(C)CC3)cc2)nc1,1,0,0,0,0,0,0
AURKA,O14965,seed_142,45,2.3709428310394287,2.6600001,Nc1nccc(Oc2ccc(NC(=O)c3c[nH]cc(-c4ccc(F)cc4)c3=O)cc2F)c1Cl,Clc1c(N)nccc1Oc1c(F)cc(NC(=O)C=2C(=O)C(c3ccc(F)cc3)=CNC=2)cc1,1,0,0,0,0,0,1
AURKA,O14965,seed_142,46,2.3592934608459473,2.05,COc1cc2nccc(Oc3ccc(NC(=O)NC4CC4)c(Cl)c3)c2cc1C(N)=O,Clc1c(NC(=O)NC2CC2)ccc(Oc2c3c(ncc2)cc(OC)c(C(=O)N)c3)c1,1,0,0,0,0,0,0
AURKA,O14965,seed_142,47,2.359280824661255,2.1300001,CS(=O)(=O)CCNCc1ccc(-c2ccc3ncnc(Nc4ccc(OCc5cccc(F)c5)c(Cl)c4)c3c2)o1,Clc1c(OCc2cc(F)ccc2)ccc(Nc2ncnc3c2cc(-c2oc(CNCCS(=O)(=O)C)cc2)cc3)c1,0,0,0,0,0,0,0
AURKA,O14965,seed_142,48,2.3591387271881104,2.46,COc1cc(N2CCC(N3CCN(C)CC3)CC2)ccc1Nc1ncc(Cl)c(Nc2ccccc2S(=O)(=O)C(C)C)n1,Clc1c(Nc2c(S(=O)(=O)C(C)C)cccc2)nc(Nc2c(OC)cc(N3CCC(N4CCN(C)CC4)CC3)cc2)nc1,0,0,0,0,0,0,0
AURKA,O14965,seed_142,49,2.3585383892059326,2.05,CCS(=O)(=O)N1CC(CC#N)(n2cc(-c3ncnc4[nH]ccc34)cn2)C1,S(=O)(=O)(CC)N1CC(CC#N)(n2ncc(-c3ncnc4[nH]ccc34)c2)C1,1,0,0,0,0,0,0
AURKA,O14965,seed_142,50,2.349301815032959,2.1448445,CC(Oc1ccc2[nH]nc(C=Cc3cnn(CCO)c3)c2c1)c1c(Cl)cncc1Cl,Clc1c(C(Oc2cc3c(C=Cc4cn(CCO)nc4)n[nH]c3cc2)C)c(Cl)cnc1,1,0,0,0,0,0,0
AURKA,O14965,seed_142,51,2.3490922451019287,2.2,O=c1c(O)c(-c2ccc(O)c(O)c2)oc2cc(O)cc(O)c12,O=C1C(O)=C(c2cc(O)c(O)cc2)Oc2c1c(O)cc(O)c2,1,0,0,0,0,0,0
AURKA,O14965,seed_142,52,2.3470752239227295,2.02,Nc1ncnc2c1c(-c1cccc(OCc3ccccc3)c1)cn2C1CC(CN2CCCC2)C1,O(Cc1ccccc1)c1cc(-c2c3c(N)ncnc3n(C3CC(CN4CCCC4)C3)c2)ccc1,0,0,0,0,0,0,0
AURKA,O14965,seed_142,53,2.3464272022247314,2.445253171,CCn1cc(-c2ccnc3[nH]c(-c4cccc(CN(C)C)c4)cc23)c(-c2ccc(NC(=O)N(C)C)cc2)n1,O=C(N(C)C)Nc1ccc(-c2c(-c3c4c([nH]c(-c5cc(CN(C)C)ccc5)c4)ncc3)cn(CC)n2)cc1,0,0,0,0,0,0,0
AURKA,O14965,seed_142,54,2.340379476547241,2.05,COc1cc2nccc(Oc3ccc(NC(=O)Nc4cc(C)on4)c(Cl)c3)c2cc1OC,Clc1c(NC(=O)Nc2noc(C)c2)ccc(Oc2c3c(ncc2)cc(OC)c(OC)c3)c1,0,0,0,0,0,0,0
AURKA,O14965,seed_142,55,2.3315603733062744,2.5599999,O=C(Nc1c[nH]nc1-c1nc2cc(CN3CCOCC3)ccc2[nH]1)NC1CC1,O=C(Nc1c(-c2[nH]c3c(n2)cc(CN2CCOCC2)cc3)n[nH]c1)NC1CC1,1,0,0,0,0,0,1
AURKA,O14965,seed_142,56,2.319411277770996,2.04,O=C(NCc1ccccc1)c1csc(Nc2ccncn2)n1,O=C(NCc1ccccc1)c1nc(Nc2ncncc2)sc1,1,0,0,0,0,0,0
AURKA,O14965,seed_142,57,2.308793783187866,2.1199999,N#CCNC(=O)c1ccc(-c2ccnc(Nc3ccc(N4CCOCC4)cc3)n2)cc1,O=C(NCC#N)c1ccc(-c2nc(Nc3ccc(N4CCOCC4)cc3)ncc2)cc1,1,0,0,0,0,0,0
AURKA,O14965,seed_142,58,2.3041107654571533,2.21,Nc1ncnc2c1c(-c1cnc3[nH]ccc3c1)nn2C1CCCC1,Nc1ncnc2n(C3CCCC3)nc(-c3cnc4[nH]ccc4c3)c12,1,0,0,0,0,0,0
AURKA,O14965,seed_142,59,2.3003616333007812,2.1900001,C=CC(=O)N1CCC[C@@H](n2nc(-c3ccc(Oc4ccccc4)cc3)c3c(N)ncnc32)C1,O=C(C=C)N1C[C@H](n2nc(-c3ccc(Oc4ccccc4)cc3)c3c(N)ncnc23)CCC1,1,0,0,0,0,0,0
AURKA,O14965,seed_142,60,2.2988948822021484,2.23,COCC(=O)NC/C=C/c1ccc2ncnc(Nc3ccc(Oc4ccc(C)nc4)c(C)c3)c2c1,O=C(NC/C=C/c1cc2c(Nc3cc(C)c(Oc4cnc(C)cc4)cc3)ncnc2cc1)COC,1,0,0,0,0,0,0
AURKA,O14965,seed_142,61,2.2785985469818115,1.34154275,COc1cc2c(Nc3ccc(NC(=O)c4ccccc4)cc3)ncnc2cc1OCCCN1CCOCC1,O=C(Nc1ccc(Nc2ncnc3c2cc(OC)c(OCCCN2CCOCC2)c3)cc1)c1ccccc1,0,0,0,0,0,0,0
AURKA,O14965,seed_142,62,2.2513022422790527,2.3499999,CC1(COc2ccc3c(c2)ncn3-c2ccc3cccc(N4CCC(N)CC4)c3n2)COC1,O(CC1(C)COC1)c1cc2ncn(-c3nc4c(N5CCC(N)CC5)cccc4cc3)c2cc1,1,0,0,0,0,0,0
AURKA,O14965,seed_142,63,2.249603748321533,2.1300001,C#Cc1cccc(Nc2ncnc3cc(OCCOC)c(OCCO)cc23)c1,O(CCOc1c(OCCO)cc2c(Nc3cc(C#C)ccc3)ncnc2c1)C,1,0,0,0,0,0,0
AURKA,O14965,seed_142,64,2.2480013370513916,1.98,Cc1ccc([N+](=O)[O-])cc1S(=O)(=O)N(C)/N=C/c1cnc2ccc(Br)cn12,BrC1=Cn2c(/C=N/N(S(=O)(=O)c3c(C)ccc([N+](=O)[O-])c3)C)cnc2C=C1,1,0,0,0,0,0,0
AURKA,O14965,seed_142,65,2.2373735904693604,3.5799999,Cc1csc(-c2nnc(Nc3ccc(Oc4ncccc4-c4ccnc(N)n4)cc3)c3ccccc23)c1,O(c1c(-c2nc(N)ncc2)cccn1)c1ccc(Nc2nnc(-c3scc(C)c3)c3c2cccc3)cc1,0,0,0,0,1,1,1
AURKA,O14965,seed_142,66,2.2299416065216064,2.04,CN1CCN(c2cccc(Nc3nc4c(-c5ccc(S(C)(=O)=O)cc5)cccn4n3)c2)CC1,S(=O)(=O)(C)c1ccc(C=2c3n(nc(Nc4cc(N5CCN(C)CC5)ccc4)n3)C=CC=2)cc1,1,0,0,0,0,0,0
AURKA,O14965,seed_142,67,2.2279655933380127,2.25,Cc1nc(N)sc1-c1ccnc(Nc2ccc(N3CCOCC3)cc2)n1,N(c1nc(-c2c(C)nc(N)s2)ccn1)c1ccc(N2CCOCC2)cc1,1,0,0,0,0,0,0
AURKA,O14965,seed_142,68,2.2263731956481934,2.03,C=CC(=O)Nc1cccc(Oc2nc(Nc3ccc(N4CCN(C)CC4)cc3)ncc2Cl)c1,Clc1c(Oc2cc(NC(=O)C=C)ccc2)nc(Nc2ccc(N3CCN(C)CC3)cc2)nc1,1,0,0,0,0,0,0
AURKA,O14965,seed_142,69,2.2227957248687744,2.1199999,C[C@@H]1CCN(C(=O)CC#N)C[C@@H]1N(C)c1ncnc2[nH]ccc12,O=C(CC#N)N1C[C@H](N(C)c2ncnc3[nH]ccc23)[C@H](C)CC1,1,0,0,0,0,0,0
AURKA,O14965,seed_142,70,2.2227866649627686,2.22,CCCNC(=O)Nc1ccc(Oc2ncnc3cc(OC)c(OC)cc23)cc1Cl,Clc1c(NC(=O)NCCC)ccc(Oc2ncnc3c2cc(OC)c(OC)c3)c1,1,0,0,0,0,0,0
AURKA,O14965,seed_142,71,2.2148797512054443,2.4400001,Cc1cc(Nc2cc(N3CCN(C)CC3)nc(/C=C/c3ccccc3)n2)n[nH]1,N(c1nc(/C=C/c2ccccc2)nc(N2CCN(C)CC2)c1)c1n[nH]c(C)c1,1,0,0,0,0,0,0
AURKA,O14965,seed_142,72,2.20892071723938,2.5599999,O=C(NCCCNc1nc(Nc2cccc(NC(=O)N3CCCC3)c2)ncc1I)c1cccs1,Ic1c(NCCCNC(=O)c2sccc2)nc(Nc2cc(NC(=O)N3CCCC3)ccc2)nc1,0,0,0,0,0,0,1
AURKA,O14965,seed_142,73,2.203815221786499,1.489361765,COc1cc2nccc(Oc3ccc(NC(=O)C4(C(=O)Nc5ccc(F)cc5)CC4)cc3)c2cc1OC,Fc1ccc(NC(=O)C2(C(=O)Nc3ccc(Oc4c5c(ncc4)cc(OC)c(OC)c5)cc3)CC2)cc1,0,0,0,0,0,0,0
AURKA,O14965,seed_142,74,2.202227830886841,2.1199999,NC(=O)Nc1sc(-c2ccc(F)cc2)cc1C(N)=O,Fc1ccc(-c2sc(NC(=O)N)c(C(=O)N)c2)cc1,1,0,0,0,0,0,0
AURKA,O14965,seed_142,75,2.19962739944458,2.24,O=c1[nH]c2ccc(Cl)cc2c(N[C@@H]2CN3CCC2CC3)c1-c1nc2ccccc2[nH]1,Clc1cc2C(N[C@H]3C4CCN(C3)CC4)=C(c3[nH]c4c(n3)cccc4)C(=O)Nc2cc1,1,0,0,0,0,0,0
AURKA,O14965,seed_142,76,2.194495916366577,1.0608304,COc1cc(N2CCC(N(C)C)CC2)ccc1Nc1ncc(Cl)c(Nc2ccccc2P(C)(C)=O)n1,Clc1c(Nc2c(P(=O)(C)C)cccc2)nc(Nc2c(OC)cc(N3CCC(N(C)C)CC3)cc2)nc1,0,0,0,0,0,0,0
AURKA,O14965,seed_142,77,2.193255662918091,2.01,COc1cc(Nc2ncc(F)c(Nc3ccc4c(n3)N(COP(=O)(O)O)C(=O)C(C)(C)O4)n2)cc(OC)c1OC,P(=O)(OCN1C(=O)C(C)(C)Oc2c1nc(Nc1c(F)cnc(Nc3cc(OC)c(OC)c(OC)c3)n1)cc2)(O)O,0,0,0,0,0,0,0
AURKA,O14965,seed_142,78,2.1876132488250732,2.1099999,NC(=O)Nc1cc(-c2cccc(F)c2)sc1C(=O)N[C@H]1CCCNC1,Fc1cc(-c2sc(C(=O)N[C@@H]3CNCCC3)c(NC(=O)N)c2)ccc1,1,0,0,0,0,0,0
AURKA,O14965,seed_142,79,2.1762285232543945,2.24,CCS(=O)(=O)Nc1ccc2c(c1)/C(=C(/Nc1ccc(CN3CCCCC3)cc1)c1ccccc1)C(=O)N2,S(=O)(=O)(Nc1cc2/C(=C(/Nc3ccc(CN4CCCCC4)cc3)\c3ccccc3)/C(=O)Nc2cc1)CC,0,0,0,0,0,0,0
AURKA,O14965,seed_142,80,2.1469647884368896,1.99,Clc1ccc(C2(c3ccc(-c4cn[nH]c4)cc3)CCNCC2)cc1,Clc1ccc(C2(c3ccc(-c4c[nH]nc4)cc3)CCNCC2)cc1,1,0,0,0,0,0,0
AURKA,O14965,seed_142,81,2.1452393531799316,2.0826871,CN1CCN(C(=O)c2ccc(NC(=O)Nc3ccc(N(C)c4ccnc(Nc5ccc(CS(C)(=O)=O)cc5)n4)cc3)cc2)CC1,S(=O)(=O)(Cc1ccc(Nc2nc(N(C)c3ccc(NC(=O)Nc4ccc(C(=O)N5CCN(C)CC5)cc4)cc3)ccn2)cc1)C,0,0,0,0,0,0,0
AURKA,O14965,seed_142,82,2.1334140300750732,1.97,COc1cc2ncnc(Nc3cccc(Br)c3)c2cc1OC,Brc1cc(Nc2ncnc3c2cc(OC)c(OC)c3)ccc1,1,0,0,0,0,0,0
AURKA,O14965,seed_142,83,2.1157724857330322,1.6799999,Cc1nc(Nc2ncc(C(=O)Nc3c(C)cccc3Cl)s2)cc(N2CCN(CCO)CC2)n1,Clc1c(NC(=O)c2sc(Nc3nc(C)nc(N4CCN(CCO)CC4)c3)nc2)c(C)ccc1,1,0,0,0,0,0,0
AURKA,O14965,seed_142,84,2.1110291481018066,1.8759525,CC1(C(=O)Nc2ccc(F)nc2)CCCN1c1nc(Nc2cc(C3CC3)n[nH]2)c2cccn2n1,Fc1ncc(NC(=O)C2(C)N(C=3N=C(Nc4[nH]nc(C5CC5)c4)c4n(N=3)ccc4)CCC2)cc1,1,0,0,0,0,0,0
AURKA,O14965,seed_142,85,2.1001479625701904,1.9299999,CCN(CCCOc1ccc2c(Nc3cc(CC(=O)Nc4cccc(F)c4)n[nH]3)ncnc2c1)CCOP(=O)(O)O,P(=O)(OCCN(CCCOc1cc2ncnc(Nc3[nH]nc(CC(=O)Nc4cc(F)ccc4)c3)c2cc1)CC)(O)O,0,0,0,0,0,0,0
AURKA,O14965,seed_142,86,2.0934441089630127,2.0,O=C1NC(=O)/C(=C/c2ccc3nccc(-c4ccncc4)c3c2)S1,O=C1/C(=C/c2cc3c(-c4ccncc4)ccnc3cc2)/SC(=O)N1,1,0,0,0,0,0,0
AURKA,O14965,seed_142,87,2.0824480056762695,1.99,Nc1cccc(-c2cc3c(Oc4cccc(O)c4)ncnc3[nH]2)c1,O(c1ncnc2[nH]c(-c3cc(N)ccc3)cc12)c1cc(O)ccc1,1,0,0,0,0,0,0
AURKA,O14965,seed_142,88,2.079570770263672,2.01,CNC(=O)c1ccccc1Nc1nc(Nc2ccc(N3CCOCC3)cc2OC)ncc1Cl,Clc1c(Nc2c(C(=O)NC)cccc2)nc(Nc2c(OC)cc(N3CCOCC3)cc2)nc1,1,0,0,0,0,0,0
AURKA,O14965,seed_142,89,2.078707695007324,2.1500001,CN(C)Cc1cccc(N/C(=C2\C(=O)Nc3cc(C(N)=O)ccc32)c2ccccc2)c1,O=C(N)c1cc2NC(=O)/C(=C(\Nc3cc(CN(C)C)ccc3)/c3ccccc3)/c2cc1,1,0,0,0,0,0,0
AURKA,O14965,seed_142,90,2.0667262077331543,2.03,CCCS(=O)(=O)Nc1ccc(F)c(C(=O)c2c[nH]c3ncc(Cl)cc23)c1F,Clc1cnc2[nH]cc(C(=O)c3c(F)c(NS(=O)(=O)CCC)ccc3F)c2c1,1,0,0,0,0,0,0
AURKA,O14965,seed_142,91,2.0656440258026123,2.0799999,N#CC[C@H](C1CCCC1)n1cc(-c2ncnc3[nH]ccc23)cn1,N#CC[C@@H](n1ncc(-c2ncnc3[nH]ccc23)c1)C1CCCC1,1,0,0,0,0,0,0
AURKA,O14965,seed_142,92,2.0382890701293945,1.98,CC(C)(C)c1cnc(CSc2cnc(NC(=O)C3CCNCC3)s2)o1,S(Cc1oc(C(C)(C)C)cn1)c1sc(NC(=O)C2CCNCC2)nc1,1,0,0,0,0,0,0
AURKA,O14965,seed_142,93,2.0248348712921143,1.9400001,CNC(=O)c1nn(C)c2c1C(C)(C)Cc1cnc(Nc3ccc(N4CCN(C)CC4)cc3)nc1-2,O=C(NC)c1nn(C)c-2c1C(C)(C)Cc1c-2nc(Nc2ccc(N3CCN(C)CC3)cc2)nc1,1,0,0,0,0,0,0
AURKA,O14965,seed_142,94,2.009958505630493,2.1600001,O=C(O)c1ccc2c(c1)nc(Nc1cccc(Cl)c1)c1ccncc12,Clc1cc(Nc2nc3c(c4c2ccnc4)ccc(C(=O)O)c3)ccc1,1,0,0,0,0,0,0
AURKA,O14965,seed_142,95,2.009925365447998,1.92,COCCOc1ccc2c(c1)ncn2-c1ccc2cccc(N3CCC(N)CC3)c2n1,O(CCOc1cc2ncn(-c3nc4c(N5CCC(N)CC5)cccc4cc3)c2cc1)C,1,0,0,0,0,0,0
AURKA,O14965,seed_142,96,2.0021119117736816,1.84,Cc1[nH]c(/C=C2\C(=O)Nc3ccc(S(=O)(=O)Cc4c(Cl)cccc4Cl)cc32)c(C)c1C(=O)N1CCC[C@@H]1CN1CCCC1,Clc1c(CS(=O)(=O)c2cc3/C(=C/c4c(C)c(C(=O)N5[C@@H](CN6CCCC6)CCC5)c(C)[nH]4)/C(=O)Nc3cc2)c(Cl)ccc1,0,0,0,0,0,0,0
AURKA,O14965,seed_142,97,2.001457452774048,1.85,COc1cc2c(Oc3ccc4[nH]c(C)cc4c3F)ncnc2cc1OCCCN1CCCC1,Fc1c(Oc2ncnc3c2cc(OC)c(OCCCN2CCCC2)c3)ccc2[nH]c(C)cc12,0,0,0,0,0,0,0
AURKA,O14965,seed_142,98,1.9670581817626953,1.1677892,CN(c1ccccc1CNc1nc(Nc2ccc3c(c2)CC(=O)N3)ncc1C(F)(F)F)S(C)(=O)=O,S(=O)(=O)(N(C)c1c(CNc2c(C(F)(F)F)cnc(Nc3cc4c(NC(=O)C4)cc3)n2)cccc1)C,0,0,0,0,0,0,0
AURKA,O14965,seed_142,99,1.9557011127471924,2.1099999,CN(c1ncccc1CNc1nc(Nc2ccc3c(c2)CC(=O)N3)ncc1C(F)(F)F)S(C)(=O)=O,S(=O)(=O)(N(C)c1c(CNc2c(C(F)(F)F)cnc(Nc3cc4c(NC(=O)C4)cc3)n2)cccn1)C,0,0,0,0,0,0,0
AURKA,O14965,seed_142,100,1.9468762874603271,2.0,CCN1CCN(Cc2ccc(-c3cc4c(N[C@H](C)c5ccccc5)ncnc4[nH]3)cc2)CC1,N([C@H](C)c1ccccc1)c1ncnc2[nH]c(-c3ccc(CN4CCN(CC)CC4)cc3)cc12,1,0,0,0,0,0,0
AURKA,O14965,seed_142,101,1.9387755393981934,1.8,COc1cc2ncnc(Nc3ccc(O)c(Br)c3)c2cc1OC,Brc1c(O)ccc(Nc2ncnc3c2cc(OC)c(OC)c3)c1,1,0,0,0,0,0,0
AURKA,O14965,seed_142,102,1.9275410175323486,1.7819343,COc1cc(Nc2ncc(F)c(Nc3ccc4c(n3)NC(=O)C(C)(C)O4)n2)cc(OC)c1OC,Fc1c(Nc2nc3NC(=O)C(C)(C)Oc3cc2)nc(Nc2cc(OC)c(OC)c(OC)c2)nc1,1,0,0,0,0,0,0
AURKA,O14965,seed_142,103,1.9261314868927002,2.03,O=C1c2ccccc2-c2n[nH]c3cccc1c23,O=C1c2c3c([nH]nc3-c3c1cccc3)ccc2,1,0,0,0,0,0,0
AURKA,O14965,seed_142,104,1.895796537399292,1.66,CN1CCN(c2ccc3nc(-c4c(N)c5c(F)cccc5[nH]c4=O)[nH]c3c2)CC1,Fc1c2C(N)=C(c3[nH]c4c(n3)ccc(N3CCN(C)CC3)c4)C(=O)Nc2ccc1,1,0,0,0,0,0,0
AURKA,O14965,seed_142,105,1.8940562009811401,2.0599999,c1ccc2c(-c3cnn4cc(-c5ccc(N6CCNCC6)cc5)cnc34)ccnc2c1,N1(c2ccc(C3=Cn4ncc(-c5c6c(ncc5)cccc6)c4N=C3)cc2)CCNCC1,1,0,0,0,0,0,0
AURKA,O14965,seed_142,106,1.8901526927947998,1.9,Cc1cc(C)c(/C=C2\C(=O)Nc3ccccc32)[nH]1,O=C1/C(=C\c2c(C)cc(C)[nH]2)/c2c(N1)cccc2,1,0,0,0,0,0,0
AURKA,O14965,seed_142,107,1.8788847923278809,2.1529376,O=C(O)c1ccc(Nc2ncc3c(n2)-c2ccc(Cl)cc2C(c2c(F)cccc2F)=NC3)cc1,Clc1cc2C(c3c(F)cccc3F)=NCc3c(nc(Nc4ccc(C(=O)O)cc4)nc3)-c2cc1,0,0,0,0,0,0,0
AURKA,O14965,seed_142,108,1.878193974494934,0.785761576,CCN(CCO)CCCOc1ccc2c(Nc3cc(CC(=O)Nc4cccc(F)c4)[nH]n3)ncnc2c1,Fc1cc(NC(=O)Cc2[nH]nc(Nc3ncnc4c3ccc(OCCCN(CCO)CC)c4)c2)ccc1,0,0,0,0,0,0,0
AURKA,O14965,seed_142,109,1.8676857948303223,1.95,C=CC(=O)Nc1cccc(Oc2nc(Nc3ccc(N4CCN(C)CC4)cc3OC)ncc2Cl)c1,Clc1c(Oc2cc(NC(=O)C=C)ccc2)nc(Nc2c(OC)cc(N3CCN(C)CC3)cc2)nc1,1,0,0,0,0,0,0
AURKA,O14965,seed_142,110,1.8516664505004883,1.62873165,O=C(Nc1cccc(Nc2ncc(Br)c(NCCc3cnc[nH]3)n2)c1)N1CCCC1,Brc1c(NCCc2[nH]cnc2)nc(Nc2cc(NC(=O)N3CCCC3)ccc2)nc1,1,0,0,0,0,0,0
AURKA,O14965,seed_142,111,1.8319370746612549,1.7636307,O=C(Nc1c[nH]nc1-c1nc2ccc(CN3CCOCC3)cc2[nH]1)NC1CC1,O=C(Nc1c(-c2[nH]c3c(n2)ccc(CN2CCOCC2)c3)n[nH]c1)NC1CC1,1,0,0,0,0,0,0
AURKA,O14965,seed_142,112,1.7938158512115479,1.96,CNC(=O)c1ccccc1Sc1ccc2c(/C=C/c3ccccn3)n[nH]c2c1,S(c1c(C(=O)NC)cccc1)c1cc2[nH]nc(/C=C/c3ncccc3)c2cc1,1,0,0,0,0,0,0
AURKA,O14965,seed_142,113,1.7938158512115479,1.0655016,CNC(=O)c1ccccc1Sc1ccc2c(C=Cc3ccccn3)n[nH]c2c1,S(c1c(C(=O)NC)cccc1)c1cc2[nH]nc(C=Cc3ncccc3)c2cc1,1,0,0,0,0,0,0
AURKA,O14965,seed_142,114,1.7906556129455566,1.92,Cc1[nH]c(/C=C2\C(=O)Nc3ccc(S(=O)(=O)N(C)c4cccc(Cl)c4)cc32)c(C)c1C(=O)N1CCN(C)CC1,Clc1cc(N(S(=O)(=O)c2cc3/C(=C/c4c(C)c(C(=O)N5CCN(C)CC5)c(C)[nH]4)/C(=O)Nc3cc2)C)ccc1,0,0,0,0,0,0,0
AURKA,O14965,seed_142,115,1.7795276641845703,1.30614455,Nc1nc(Nc2ccc(S(N)(=O)=O)cc2)nn1C(=O)c1c(F)cccc1F,S(=O)(=O)(N)c1ccc(Nc2nn(C(=O)c3c(F)cccc3F)c(N)n2)cc1,1,0,0,0,0,0,0
AURKA,O14965,seed_142,116,1.7729573249816895,1.6900001,Cc1ncc(-c2ccnc(Nc3ccc(S(C)(=O)=O)cc3)n2)n1C(C)C,S(=O)(=O)(C)c1ccc(Nc2nc(-c3n(C(C)C)c(C)nc3)ccn2)cc1,1,0,0,0,0,0,0
AURKA,O14965,seed_142,117,1.7576204538345337,2.0130939,CN(c1ccc(NC(=O)Nc2ccc(OC(F)(F)F)cc2)cc1)c1ccnc(Nc2cccc(S(N)(=O)=O)c2)n1,S(=O)(=O)(N)c1cc(Nc2nc(N(C)c3ccc(NC(=O)Nc4ccc(OC(F)(F)F)cc4)cc3)ccn2)ccc1,0,0,0,0,0,0,0
AURKA,O14965,seed_142,118,1.739326000213623,0.52588093,COc1cc(CCc2cc(NC(=O)c3ccc(N4CC(C)NC(C)C4)cc3)n[nH]2)cc(OC)c1,O=C(Nc1n[nH]c(CCc2cc(OC)cc(OC)c2)c1)c1ccc(N2CC(C)NC(C)C2)cc1,1,0,0,0,0,0,0
AURKA,O14965,seed_142,119,1.739326000213623,2.04,COc1cc(CCc2cc(NC(=O)c3ccc(N4C[C@@H](C)N[C@@H](C)C4)cc3)n[nH]2)cc(OC)c1,O=C(Nc1n[nH]c(CCc2cc(OC)cc(OC)c2)c1)c1ccc(N2C[C@@H](C)N[C@@H](C)C2)cc1,1,0,0,0,0,0,0
AURKA,O14965,seed_142,120,1.6783947944641113,1.30845963,Cc1ccc(Nc2nccc(N(C)c3ccc4c(C)n(C)nc4c3)n2)cc1S(N)(=O)=O,S(=O)(=O)(N)c1c(C)ccc(Nc2nc(N(C)c3cc4nn(C)c(C)c4cc3)ccn2)c1,1,0,0,0,0,0,0
AURKA,O14965,seed_142,121,1.5538582801818848,1.72,CCN(CC)CCNC(=O)c1c(C)[nH]c(/C=C2\C(=O)Nc3ccc(F)cc32)c1C,Fc1cc2/C(=C/c3c(C)c(C(=O)NCCN(CC)CC)c(C)[nH]3)/C(=O)Nc2cc1,1,0,0,0,0,0,0
AURKA,O14965,seed_142,122,1.550102710723877,1.36,CN(C[C@@H]1COCCO1)S(=O)(=O)Nc1ccc2ccc3ncc(-c4cnn(C)c4)cc3c(=O)c2c1,S(=O)(=O)(N(C[C@H]1OCCOC1)C)Nc1cc2C(=O)c3c(ncc(-c4cn(C)nc4)c3)C=Cc2cc1,1,0,0,0,0,0,0
AURKA,O14965,seed_142,123,1.5119009017944336,2.04,Cc1[nH]c(/C=C2\C(=O)Nc3ccccc32)c(C)c1CCC(=O)O,O=C(O)CCc1c(C)c(/C=C/2\C(=O)Nc3c\2cccc3)[nH]c1C,1,0,0,0,0,0,0
AURKA,O14965,seed_142,124,1.5119009017944336,0.81476957,Cc1[nH]c(C=C2C(=O)Nc3ccccc32)c(C)c1CCC(=O)O,O=C(O)CCc1c(C)c(C=C2C(=O)Nc3c2cccc3)[nH]c1C,1,0,0,0,0,0,0
AURKA,O14965,seed_142,125,1.3325780630111694,1.3411622,Cc1cc(Nc2nc(NC(C)c3ncc(F)cn3)ncc2Cl)n[nH]1,Clc1c(Nc2n[nH]c(C)c2)nc(NC(C)c2ncc(F)cn2)nc1,1,0,0,0,0,0,0
AURKA,O14965,seed_142,126,1.2844709157943726,1.2720252,COC(=O)c1ccc2c(c1)C(=Cc1cc(Br)c(O)c(Br)c1)C(=O)N2,Brc1c(O)c(Br)cc(C=C2C(=O)Nc3c2cc(C(=O)OC)cc3)c1,1,0,0,0,0,0,0
AURKA,O14965,seed_142,127,1.133792519569397,1.1844665,CC(C)Oc1cc(Nc2nc(NC(C)c3ccc(F)cn3)ncc2Cl)n[nH]1,Clc1c(Nc2n[nH]c(OC(C)C)c2)nc(NC(C)c2ncc(F)cc2)nc1,1,0,0,0,0,0,0
AURKA,O14965,seed_142,128,1.1014454364776611,1.0730405,CN1CCN(c2ccc(Nc3nccc(-c4cnn5ncccc45)n3)cc2C(F)(F)F)CC1,FC(F)(F)c1c(N2CCN(C)CC2)ccc(Nc2nc(-c3c4n(nc3)N=CC=C4)ccn2)c1,1,0,0,0,0,0,0
AURKA,O14965,seed_142,129,1.0561535358428955,1.09,C=CC(=O)Nc1cc2c(Nc3ccc(F)c(Cl)c3)ncnc2cc1OCCCN1CCOCC1,Clc1c(F)ccc(Nc2ncnc3c2cc(NC(=O)C=C)c(OCCCN2CCOCC2)c3)c1,1,0,0,0,0,0,0
AURKA,O14965,seed_142,130,0.9421132802963257,0.86742014,Cn1cc(-c2[nH]c3cc(NC(=O)C(N)C4CCCCC4)cc4c3c2C=NNC4=O)cn1,O=C(Nc1cc2[nH]c(-c3cn(C)nc3)c3c2c(C(=O)NN=C3)c1)C(N)C1CCCCC1,1,0,0,0,0,0,0
AURKA,O14965,seed_242,1,3.1854937076568604,3.0599999,CCn1c(N)c(C(=O)NC)c(=O)c2ccc(C#C[C@@](C)(O)COC)nc21,O=C(NC)C1=C(N)N(CC)c2nc(C#C[C@@](O)(COC)C)ccc2C1=O,1,1,1,1,1,1,1
AURKA,O14965,seed_242,2,3.0086684226989746,3.2,Cc1ccc(F)c(NC(=O)Nc2ccc(-c3cccc4[nH]nc(N)c34)cc2)c1,Fc1c(NC(=O)Nc2ccc(-c3c4c(N)n[nH]c4ccc3)cc2)cc(C)cc1,1,1,1,1,1,1,1
AURKA,O14965,seed_242,3,2.8459136486053467,1.96,CS(=O)(=O)N1CCN(Cc2cc3nc(-c4cccc5[nH]ncc45)nc(N4CCOCC4)c3s2)CC1,S(=O)(=O)(C)N1CCN(Cc2sc3c(N4CCOCC4)nc(-c4c5c([nH]nc5)ccc4)nc3c2)CC1,0,1,1,1,0,0,0
AURKA,O14965,seed_242,4,2.7424440383911133,2.0,COc1cc2c(Oc3ccc(NC(=O)C4(C(=O)Nc5ccc(F)cc5)CC4)cc3F)ccnc2cc1OCCCN1CCOCC1,Fc1c(Oc2c3c(ncc2)cc(OCCCN2CCOCC2)c(OC)c3)ccc(NC(=O)C2(C(=O)Nc3ccc(F)cc3)CC2)c1,0,0,1,1,0,0,0
AURKA,O14965,seed_242,5,2.7297914028167725,2.3900001,COc1cccc2cc(-c3nc(C4CCC(C(=O)O)CC4)n4ncnc(N)c34)[nH]c12,O=C(O)C1CCC(c2n3N=CN=C(N)c3c(-c3[nH]c4c(OC)cccc4c3)n2)CC1,1,0,1,1,0,0,0
AURKA,O14965,seed_242,6,2.7232720851898193,2.1900001,Cc1ccc(C(=O)Nc2ccc(CN3CCN(C)CC3)c(C(F)(F)F)c2)cc1C#Cc1cnc2cccnn12,FC(F)(F)c1c(CN2CCN(C)CC2)ccc(NC(=O)c2cc(C#Cc3n4N=CC=Cc4nc3)c(C)cc2)c1,0,0,0,1,0,0,0
AURKA,O14965,seed_242,7,2.712521553039551,1.1933678,CC(Oc1cc(-c2cnn(C3CCNCC3)c2)cnc1N)c1c(Cl)ccc(F)c1Cl,Clc1c(C(Oc2c(N)ncc(-c3cn(C4CCNCC4)nc3)c2)C)c(Cl)ccc1F,0,0,0,1,0,0,0
AURKA,O14965,seed_242,8,2.712521553039551,1.27,C[C@@H](Oc1cc(-c2cnn(C3CCNCC3)c2)cnc1N)c1c(Cl)ccc(F)c1Cl,Clc1c([C@H](Oc2c(N)ncc(-c3cn(C4CCNCC4)nc3)c2)C)c(Cl)ccc1F,0,0,0,1,0,0,0
AURKA,O14965,seed_242,9,2.697842836380005,1.8099999,O=C(O)C1(Cc2cccc(Nc3nccs3)n2)CCC(Oc2cccc(Cl)c2F)CC1,Clc1c(F)c(OC2CCC(C(=O)O)(Cc3nc(Nc4sccn4)ccc3)CC2)ccc1,0,0,0,1,0,0,0
AURKA,O14965,seed_242,10,2.6261255741119385,2.22,COc1cc2c(Nc3ccc(Br)cc3F)ncnc2cc1OCC1CCN(C)CC1,Brc1cc(F)c(Nc2ncnc3c2cc(OC)c(OCC2CCN(C)CC2)c3)cc1,0,0,0,1,0,0,0
AURKA,O14965,seed_242,11,2.6007936000823975,2.9400001,CC(=O)NCC(=O)N1[C@@H]2CC[C@H]1c1ccc(Nc3ncc(C(F)(F)F)c(NC4CCC4)n3)cc12,FC(F)(F)c1c(NC2CCC2)nc(Nc2cc3[C@@H]4N(C(=O)CNC(=O)C)[C@H](c3cc2)CC4)nc1,1,0,0,0,0,1,1
AURKA,O14965,seed_242,12,2.5986599922180176,2.46,Cc1n[nH]c2ccc(-c3cncc(OC[C@@H](N)Cc4ccccc4)c3)cc12,O(C[C@@H](N)Cc1ccccc1)c1cc(-c2cc3c(C)n[nH]c3cc2)cnc1,1,0,0,0,0,0,0
AURKA,O14965,seed_242,13,2.582929849624634,2.39735365,Cc1cc(Nc2cc(CN3CCOCC3)c3nc(C)c(Cc4ccc(Cl)cc4F)n3n2)n[nH]1,Clc1cc(F)c(Cc2c(C)nc3C(CN4CCOCC4)=CC(Nc4n[nH]c(C)c4)=Nn23)cc1,1,0,0,0,0,0,0
AURKA,O14965,seed_242,14,2.5681650638580322,2.6099999,CCN1CCN(C(=O)Cc2ccc(Nc3ncc(F)c(Nc4ccc(C(=O)Nc5ccccc5Cl)cc4)n3)cc2)CC1,Clc1c(NC(=O)c2ccc(Nc3c(F)cnc(Nc4ccc(CC(=O)N5CCN(CC)CC5)cc4)n3)cc2)cccc1,0,0,0,0,0,0,1
AURKA,O14965,seed_242,15,2.5583934783935547,2.1900001,O=C1NC(=O)/C(=C/c2ccc(-c3ccc(F)cc3O)o2)S1,Fc1cc(O)c(-c2oc(/C=C\3/C(=O)NC(=O)S/3)cc2)cc1,1,0,0,0,0,0,0
AURKA,O14965,seed_242,16,2.534064531326294,2.4000001,Cc1cc(Nc2nc(N[C@@H](C)c3ccc(F)cc3)c(C#N)cc2F)n[nH]1,Fc1c(Nc2n[nH]c(C)c2)nc(N[C@@H](C)c2ccc(F)cc2)c(C#N)c1,1,0,0,0,0,0,0
AURKA,O14965,seed_242,17,2.5254390239715576,2.0599999,Fc1cc(-c2cccc3ncc(-c4cnn(C5CCNCC5)c4)nc23)cc(F)c1CN1CCOCC1,Fc1c(CN2CCOCC2)c(F)cc(-c2c3nc(-c4cn(C5CCNCC5)nc4)cnc3ccc2)c1,1,0,0,0,0,0,0
AURKA,O14965,seed_242,18,2.50520920753479,2.23,COCC(=O)NC/C=C/c1ccc2ncnc(Nc3ccc(Oc4ccc(C)nc4)c(C)c3)c2c1,O=C(NC/C=C/c1cc2c(Nc3cc(C)c(Oc4cnc(C)cc4)cc3)ncnc2cc1)COC,1,0,0,0,0,0,0
AURKA,O14965,seed_242,19,2.4954276084899902,2.05,COc1cc2nccc(Oc3ccc(NC(=O)Nc4cc(C)on4)c(Cl)c3)c2cc1OC,Clc1c(NC(=O)Nc2noc(C)c2)ccc(Oc2c3c(ncc2)cc(OC)c(OC)c3)c1,0,0,0,0,0,0,0
AURKA,O14965,seed_242,20,2.4914591312408447,2.17709222,CCc1cccc(CC)c1NC(=O)N1Cc2[nH]nc(NC(=O)c3ccc(N4CCN(C)CC4)cc3)c2C1,O=C(Nc1c(CC)cccc1CC)N1Cc2c(NC(=O)c3ccc(N4CCN(C)CC4)cc3)n[nH]c2C1,0,0,0,0,0,0,0
AURKA,O14965,seed_242,21,2.4895622730255127,2.543893017,Cc1cc(Nc2cc(N3CCN(C)CC3)nc(Sc3ccc(NC(=O)C4CC4)cc3)n2)n[nH]1,S(c1nc(Nc2n[nH]c(C)c2)cc(N2CCN(C)CC2)n1)c1ccc(NC(=O)C2CC2)cc1,1,0,0,0,0,0,1
AURKA,O14965,seed_242,22,2.4849541187286377,2.5599999,O=C(Nc1c[nH]nc1-c1nc2cc(CN3CCOCC3)ccc2[nH]1)NC1CC1,O=C(Nc1c(-c2[nH]c3c(n2)cc(CN2CCOCC2)cc3)n[nH]c1)NC1CC1,1,0,0,0,0,0,1
AURKA,O14965,seed_242,23,2.4726288318634033,2.47,CN1CC[C@H](c2c(O)cc(O)c3c(=O)cc(-c4ccccc4Cl)oc23)[C@H](O)C1,Clc1c(C=2Oc3c([C@@H]4[C@H](O)CN(C)CC4)c(O)cc(O)c3C(=O)C=2)cccc1,1,0,0,0,0,0,0
AURKA,O14965,seed_242,24,2.4640142917633057,2.1199999,N#CCNC(=O)c1ccc(-c2ccnc(Nc3ccc(N4CCOCC4)cc3)n2)cc1,O=C(NCC#N)c1ccc(-c2nc(Nc3ccc(N4CCOCC4)cc3)ncc2)cc1,1,0,0,0,0,0,0
AURKA,O14965,seed_242,25,2.4604811668395996,2.28,Cn1cc(-c2ccc3nnc(C(F)(F)c4ccc5ncccc5c4)n3n2)cn1,FC(F)(c1n2N=C(c3cn(C)nc3)C=Cc2nn1)c1cc2c(nccc2)cc1,1,0,0,0,0,0,0
AURKA,O14965,seed_242,26,2.4538795948028564,2.4300001,CC(C)n1nc(-c2cc3cc(O)ccc3[nH]2)c2c(N)ncnc21,Oc1cc2c([nH]c(-c3nn(C(C)C)c4ncnc(N)c34)c2)cc1,1,0,0,0,0,0,0
AURKA,O14965,seed_242,27,2.4523613452911377,2.341321,COC1C(N(C)C(=O)c2ccccc2)CC2OC1(C)n1c3ccccc3c3c4c(c5c6ccccc6n2c5c31)C(=O)NC4,O=C(N(C)C1C(OC)C2(C)OC(n3c4c5n2c2c(c5c5c(C(=O)NC5)c4c4c3cccc4)cccc2)C1)c1ccccc1,0,0,0,0,0,0,0
AURKA,O14965,seed_242,28,2.448652505874634,2.5599999,O=C(NCCCNc1nc(Nc2cccc(NC(=O)N3CCCC3)c2)ncc1I)c1cccs1,Ic1c(NCCCNC(=O)c2sccc2)nc(Nc2cc(NC(=O)N3CCCC3)ccc2)nc1,0,0,0,0,0,0,1
AURKA,O14965,seed_242,29,2.4482531547546387,2.05,CCS(=O)(=O)N1CC(CC#N)(n2cc(-c3ncnc4[nH]ccc34)cn2)C1,S(=O)(=O)(CC)N1CC(CC#N)(n2ncc(-c3ncnc4[nH]ccc34)c2)C1,1,0,0,0,0,0,0
AURKA,O14965,seed_242,30,2.4410617351531982,1.0652996,Cn1cnc(-c2cc3nccc(Oc4ccc(NC(=S)NC(=O)Cc5ccccc5)cc4F)c3s2)c1,S=C(NC(=O)Cc1ccccc1)Nc1cc(F)c(Oc2c3sc(-c4ncn(C)c4)cc3ncc2)cc1,0,0,0,0,0,0,0
AURKA,O14965,seed_242,31,2.4288671016693115,2.358915429,COC(C(=O)N1Cc2[nH]nc(NC(=O)c3ccc(N4CCN(C)CC4)cc3)c2C1)c1ccccc1,O=C(C(OC)c1ccccc1)N1Cc2c(NC(=O)c3ccc(N4CCN(C)CC4)cc3)n[nH]c2C1,1,0,0,0,0,0,0
AURKA,O14965,seed_242,32,2.4280591011047363,2.0544822,CCS(=O)(=O)c1cccc(-c2cc(C(=O)NC3CCN(C)CC3)c(C)c3[nH]c4ncc(C)cc4c23)c1,S(=O)(=O)(CC)c1cc(-c2c3c(c(C)c(C(=O)NC4CCN(C)CC4)c2)[nH]c2ncc(C)cc32)ccc1,0,0,0,0,0,0,0
AURKA,O14965,seed_242,33,2.414135217666626,2.8199999,Cc1ccncc1Nc1ncccc1C(=O)Nc1ccc(C2(C#N)CCCC2)cc1,O=C(Nc1ccc(C2(C#N)CCCC2)cc1)c1c(Nc2c(C)ccnc2)nccc1,0,0,0,0,0,1,1
AURKA,O14965,seed_242,34,2.407806873321533,1.489361765,COc1cc2nccc(Oc3ccc(NC(=O)C4(C(=O)Nc5ccc(F)cc5)CC4)cc3)c2cc1OC,Fc1ccc(NC(=O)C2(C(=O)Nc3ccc(Oc4c5c(ncc4)cc(OC)c(OC)c5)cc3)CC2)cc1,0,0,0,0,0,0,0
AURKA,O14965,seed_242,35,2.401228904724121,2.1300001,CS(=O)(=O)CCNCc1ccc(-c2ccc3ncnc(Nc4ccc(OCc5cccc(F)c5)c(Cl)c4)c3c2)o1,Clc1c(OCc2cc(F)ccc2)ccc(Nc2ncnc3c2cc(-c2oc(CNCCS(=O)(=O)C)cc2)cc3)c1,0,0,0,0,0,0,0
AURKA,O14965,seed_242,36,2.3990554809570312,2.02,COc1ccc2c(Oc3ccc(NC(=O)c4c(C)n(CC(C)(C)O)n(-c5ccccc5)c4=O)nc3)ccnc2c1,O=C(Nc1ncc(Oc2c3c(ncc2)cc(OC)cc3)cc1)C=1C(=O)N(N(CC(O)(C)C)C=1C)c1ccccc1,0,0,0,0,0,0,0
AURKA,O14965,seed_242,37,2.39518666267395,2.01,CCOc1ccn(-c2ccc(F)cc2)c(=O)c1C(=O)Nc1ccc(Oc2ccnc(N)c2Cl)c(F)c1,Clc1c(N)nccc1Oc1c(F)cc(NC(=O)C=2C(=O)N(c3ccc(F)cc3)C=CC=2OCC)cc1,0,0,0,0,0,0,0
AURKA,O14965,seed_242,38,2.38903546333313,2.6600001,Nc1nccc(Oc2ccc(NC(=O)c3c[nH]cc(-c4ccc(F)cc4)c3=O)cc2F)c1Cl,Clc1c(N)nccc1Oc1c(F)cc(NC(=O)C=2C(=O)C(c3ccc(F)cc3)=CNC=2)cc1,1,0,0,0,0,0,1
AURKA,O14965,seed_242,39,2.384021520614624,2.1900001,C=CC(=O)Nc1cccc(Sc2nc(Nc3ccc(N4CCN(C)CC4)cc3)ncc2Cl)c1,Clc1c(Sc2cc(NC(=O)C=C)ccc2)nc(Nc2ccc(N3CCN(C)CC3)cc2)nc1,1,0,0,0,0,0,0
AURKA,O14965,seed_242,40,2.3744118213653564,2.3900001,Cc1ccccc1-n1c(Cn2nc(-c3cccc(O)c3)c3c(N)ncnc32)nc2cccc(C)c2c1=O,O=C1N(c2c(C)cccc2)C(Cn2nc(-c3cc(O)ccc3)c3c(N)ncnc23)=Nc2c1c(C)ccc2,1,0,0,0,0,0,0
AURKA,O14965,seed_242,41,2.360036611557007,1.34154275,COc1cc2c(Nc3ccc(NC(=O)c4ccccc4)cc3)ncnc2cc1OCCCN1CCOCC1,O=C(Nc1ccc(Nc2ncnc3c2cc(OC)c(OCCCN2CCOCC2)c3)cc1)c1ccccc1,0,0,0,0,0,0,0
AURKA,O14965,seed_242,42,2.359825611114502,2.04,O=C(NCc1ccccc1)c1csc(Nc2ccncn2)n1,O=C(NCc1ccccc1)c1nc(Nc2ncncc2)sc1,1,0,0,0,0,0,0
AURKA,O14965,seed_242,43,2.351130247116089,2.1199999,C[C@@H]1CCN(C(=O)CC#N)C[C@@H]1N(C)c1ncnc2[nH]ccc12,O=C(CC#N)N1C[C@H](N(C)c2ncnc3[nH]ccc23)[C@H](C)CC1,1,0,0,0,0,0,0
AURKA,O14965,seed_242,44,2.3458621501922607,2.1400001,Cc1cnc(Nc2ccc(OCCN3CCCC3)cc2)nc1Nc1cccc(S(=O)(=O)NC(C)(C)C)c1,S(=O)(=O)(NC(C)(C)C)c1cc(Nc2c(C)cnc(Nc3ccc(OCCN4CCCC4)cc3)n2)ccc1,0,0,0,0,0,0,0
AURKA,O14965,seed_242,45,2.343611240386963,2.3,Cc1cnc(Nc2ccc(N3CCN(C)CC3)cc2)nc1Nc1cccc(S(=O)(=O)NC(C)(C)C)c1,S(=O)(=O)(NC(C)(C)C)c1cc(Nc2c(C)cnc(Nc3ccc(N4CCN(C)CC4)cc3)n2)ccc1,0,0,0,0,0,0,0
AURKA,O14965,seed_242,46,2.322925329208374,2.1199999,NC(=O)Nc1sc(-c2ccc(F)cc2)cc1C(N)=O,Fc1ccc(-c2sc(NC(=O)N)c(C(=O)N)c2)cc1,1,0,0,0,0,0,0
AURKA,O14965,seed_242,47,2.315284013748169,1.74,COc1cc2c(N3CCN(C(=O)Nc4ccc(OC(C)C)cc4)CC3)ncnc2cc1OCCCN1CCCCC1,O=C(Nc1ccc(OC(C)C)cc1)N1CCN(c2ncnc3c2cc(OC)c(OCCCN2CCCCC2)c3)CC1,0,0,0,0,0,0,0
AURKA,O14965,seed_242,48,2.3082001209259033,1.98,Cc1ccc([N+](=O)[O-])cc1S(=O)(=O)N(C)/N=C/c1cnc2ccc(Br)cn12,BrC1=Cn2c(/C=N/N(S(=O)(=O)c3c(C)ccc([N+](=O)[O-])c3)C)cnc2C=C1,1,0,0,0,0,0,0
AURKA,O14965,seed_242,49,2.3026411533355713,2.04,CN1CCN(c2cccc(Nc3nc4c(-c5ccc(S(C)(=O)=O)cc5)cccn4n3)c2)CC1,S(=O)(=O)(C)c1ccc(C=2c3n(nc(Nc4cc(N5CCN(C)CC5)ccc4)n3)C=CC=2)cc1,1,0,0,0,0,0,0
AURKA,O14965,seed_242,50,2.3003792762756348,1.97,COc1cc2ncnc(Nc3cccc(Br)c3)c2cc1OC,Brc1cc(Nc2ncnc3c2cc(OC)c(OC)c3)ccc1,1,0,0,0,0,0,0
AURKA,O14965,seed_242,51,2.2887868881225586,2.445253171,CCn1cc(-c2ccnc3[nH]c(-c4cccc(CN(C)C)c4)cc23)c(-c2ccc(NC(=O)N(C)C)cc2)n1,O=C(N(C)C)Nc1ccc(-c2c(-c3c4c([nH]c(-c5cc(CN(C)C)ccc5)c4)ncc3)cn(CC)n2)cc1,0,0,0,0,0,0,0
AURKA,O14965,seed_242,52,2.2840487957000732,2.1400001,Cc1nc(NC(=O)N2CCC[C@H]2C(N)=O)sc1-c1csc(C(C)(C)C)n1,O=C(Nc1sc(c(C)n1)-c1nc(C(C)(C)C)sc1)N1[C@H](C(=O)N)CCC1,1,0,0,0,0,0,0
AURKA,O14965,seed_242,53,2.280200719833374,2.1448445,CC(Oc1ccc2[nH]nc(C=Cc3cnn(CCO)c3)c2c1)c1c(Cl)cncc1Cl,Clc1c(C(Oc2cc3c(C=Cc4cn(CCO)nc4)n[nH]c3cc2)C)c(Cl)cnc1,1,0,0,0,0,0,0
AURKA,O14965,seed_242,54,2.2749433517456055,2.0799999,N#CC[C@H](C1CCCC1)n1cc(-c2ncnc3[nH]ccc23)cn1,N#CC[C@@H](n1ncc(-c2ncnc3[nH]ccc23)c1)C1CCCC1,1,0,0,0,0,0,0
AURKA,O14965,seed_242,55,2.274791955947876,2.03,Cc1c(NC(=O)OC[C@@H]2COCCN2)cn2ncnc(Nc3ccc4c(cnn4Cc4cccc(F)c4)c3)c12,Fc1cc(Cn2ncc3c2ccc(NC2=NC=Nn4c2c(C)c(NC(=O)OC[C@H]2NCCOC2)c4)c3)ccc1,0,0,0,0,0,0,0
AURKA,O14965,seed_242,56,2.271759510040283,2.3199999,O=C(Nc1cccc(Cl)c1)Nc1ncc(CCNc2ncnc3ccsc23)s1,Clc1cc(NC(=O)Nc2sc(CCNc3ncnc4c3scc4)cn2)ccc1,0,0,0,0,0,0,0
AURKA,O14965,seed_242,57,2.2628278732299805,2.1700001,CN(C)c1ccc(-c2nc3ncc(Cl)c(N4CCN(CC(=O)Nc5nccs5)CC4)c3[nH]2)cc1,Clc1c(N2CCN(CC(=O)Nc3sccn3)CC2)c2[nH]c(-c3ccc(N(C)C)cc3)nc2nc1,1,0,0,0,0,0,0
AURKA,O14965,seed_242,58,2.2626049518585205,0.785761576,CCN(CCO)CCCOc1ccc2c(Nc3cc(CC(=O)Nc4cccc(F)c4)[nH]n3)ncnc2c1,Fc1cc(NC(=O)Cc2[nH]nc(Nc3ncnc4c3ccc(OCCCN(CCO)CC)c4)c2)ccc1,0,0,0,0,0,0,0
AURKA,O14965,seed_242,59,2.261305093765259,1.99,Clc1ccc(C2(c3ccc(-c4cn[nH]c4)cc3)CCNCC2)cc1,Clc1ccc(C2(c3ccc(-c4c[nH]nc4)cc3)CCNCC2)cc1,1,0,0,0,0,0,0
AURKA,O14965,seed_242,60,2.259747266769409,1.0608304,COc1cc(N2CCC(N(C)C)CC2)ccc1Nc1ncc(Cl)c(Nc2ccccc2P(C)(C)=O)n1,Clc1c(Nc2c(P(=O)(C)C)cccc2)nc(Nc2c(OC)cc(N3CCC(N(C)C)CC3)cc2)nc1,0,0,0,0,0,0,0
AURKA,O14965,seed_242,61,2.259390115737915,1.85,COc1cc2c(Oc3ccc4[nH]c(C)cc4c3F)ncnc2cc1OCCCN1CCCC1,Fc1c(Oc2ncnc3c2cc(OC)c(OCCCN2CCCC2)c3)ccc2[nH]c(C)cc12,0,0,0,0,0,0,0
AURKA,O14965,seed_242,62,2.259343147277832,2.54,CC1(O)CC(c2nc(-c3ccc4ccc(-c5ccccc5)nc4c3)c3c(N)nccn23)C1,OC1(C)CC(c2n3c(c(-c4cc5nc(-c6ccccc6)ccc5cc4)n2)C(N)=NC=C3)C1,1,0,0,0,0,0,0
AURKA,O14965,seed_242,63,2.252295970916748,2.3499999,CC1(COc2ccc3c(c2)ncn3-c2ccc3cccc(N4CCC(N)CC4)c3n2)COC1,O(CC1(C)COC1)c1cc2ncn(-c3nc4c(N5CCC(N)CC5)cccc4cc3)c2cc1,1,0,0,0,0,0,0
AURKA,O14965,seed_242,64,2.240349531173706,2.03,C=CC(=O)Nc1cccc(Oc2nc(Nc3ccc(N4CCN(C)CC4)cc3)ncc2Cl)c1,Clc1c(Oc2cc(NC(=O)C=C)ccc2)nc(Nc2ccc(N3CCN(C)CC3)cc2)nc1,1,0,0,0,0,0,0
AURKA,O14965,seed_242,65,2.2391934394836426,2.25,Cc1nc(N)sc1-c1ccnc(Nc2ccc(N3CCOCC3)cc2)n1,N(c1nc(-c2c(C)nc(N)s2)ccn1)c1ccc(N2CCOCC2)cc1,1,0,0,0,0,0,0
AURKA,O14965,seed_242,66,2.237985610961914,2.0699999,CC(C)n1nc(-c2ccc3oc(N)nc3c2)c2c(N)ncnc21,Nc1oc2c(n1)cc(-c1nn(C(C)C)c3ncnc(N)c13)cc2,1,0,0,0,0,0,0
AURKA,O14965,seed_242,67,2.229567289352417,2.46,COc1cc(N2CCC(N3CCN(C)CC3)CC2)ccc1Nc1ncc(Cl)c(Nc2ccccc2S(=O)(=O)C(C)C)n1,Clc1c(Nc2c(S(=O)(=O)C(C)C)cccc2)nc(Nc2c(OC)cc(N3CCC(N4CCN(C)CC4)CC3)cc2)nc1,0,0,0,0,0,0,0
AURKA,O14965,seed_242,68,2.2288730144500732,2.1300001,C#Cc1cccc(Nc2ncnc3cc(OCCOC)c(OCCO)cc23)c1,O(CCOc1c(OCCO)cc2c(Nc3cc(C#C)ccc3)ncnc2c1)C,1,0,0,0,0,0,0
AURKA,O14965,seed_242,69,2.2211339473724365,1.9299999,CCN(CCCOc1ccc2c(Nc3cc(CC(=O)Nc4cccc(F)c4)n[nH]3)ncnc2c1)CCOP(=O)(O)O,P(=O)(OCCN(CCCOc1cc2ncnc(Nc3[nH]nc(CC(=O)Nc4cc(F)ccc4)c3)c2cc1)CC)(O)O,0,0,0,0,0,0,0
AURKA,O14965,seed_242,70,2.221066951751709,2.2,O=c1c(O)c(-c2ccc(O)c(O)c2)oc2cc(O)cc(O)c12,O=C1C(O)=C(c2cc(O)c(O)cc2)Oc2c1c(O)cc(O)c2,1,0,0,0,0,0,0
AURKA,O14965,seed_242,71,2.219224691390991,2.0,CCN1CCN(Cc2ccc(-c3cc4c(N[C@H](C)c5ccccc5)ncnc4[nH]3)cc2)CC1,N([C@H](C)c1ccccc1)c1ncnc2[nH]c(-c3ccc(CN4CCN(CC)CC4)cc3)cc12,1,0,0,0,0,0,0
AURKA,O14965,seed_242,72,2.2181146144866943,2.4400001,Cc1cc(Nc2cc(N3CCN(C)CC3)nc(/C=C/c3ccccc3)n2)n[nH]1,N(c1nc(/C=C/c2ccccc2)nc(N2CCN(C)CC2)c1)c1n[nH]c(C)c1,1,0,0,0,0,0,0
AURKA,O14965,seed_242,73,2.211944818496704,2.24,O=c1[nH]c2ccc(Cl)cc2c(N[C@@H]2CN3CCC2CC3)c1-c1nc2ccccc2[nH]1,Clc1cc2C(N[C@H]3C4CCN(C3)CC4)=C(c3[nH]c4c(n3)cccc4)C(=O)Nc2cc1,1,0,0,0,0,0,0
AURKA,O14965,seed_242,74,2.2093708515167236,2.4100001,COCCNCc1ccc(-c2cc3nccc(Oc4ccc(NC(=S)NC(=O)Cc5ccc(F)cc5)cc4F)c3s2)nc1,S=C(NC(=O)Cc1ccc(F)cc1)Nc1cc(F)c(Oc2c3sc(-c4ncc(CNCCOC)cc4)cc3ncc2)cc1,0,0,0,0,0,0,0
AURKA,O14965,seed_242,75,2.196148157119751,2.21,Nc1ncnc2c1c(-c1cnc3[nH]ccc3c1)nn2C1CCCC1,Nc1ncnc2n(C3CCCC3)nc(-c3cnc4[nH]ccc4c3)c12,1,0,0,0,0,0,0
AURKA,O14965,seed_242,76,2.1942808628082275,2.22,CCCNC(=O)Nc1ccc(Oc2ncnc3cc(OC)c(OC)cc23)cc1Cl,Clc1c(NC(=O)NCCC)ccc(Oc2ncnc3c2cc(OC)c(OC)c3)c1,1,0,0,0,0,0,0
AURKA,O14965,seed_242,77,2.1802244186401367,2.01,CNC(=O)c1ccccc1Nc1nc(Nc2ccc(N3CCOCC3)cc2OC)ncc1Cl,Clc1c(Nc2c(C(=O)NC)cccc2)nc(Nc2c(OC)cc(N3CCOCC3)cc2)nc1,1,0,0,0,0,0,0
AURKA,O14965,seed_242,78,2.157411813735962,2.02,Nc1ncnc2c1c(-c1cccc(OCc3ccccc3)c1)cn2C1CC(CN2CCCC2)C1,O(Cc1ccccc1)c1cc(-c2c3c(N)ncnc3n(C3CC(CN4CCCC4)C3)c2)ccc1,0,0,0,0,0,0,0
AURKA,O14965,seed_242,79,2.155224084854126,2.24,CCS(=O)(=O)Nc1ccc2c(c1)/C(=C(/Nc1ccc(CN3CCCCC3)cc1)c1ccccc1)C(=O)N2,S(=O)(=O)(Nc1cc2/C(=C(/Nc3ccc(CN4CCCCC4)cc3)\c3ccccc3)/C(=O)Nc2cc1)CC,0,0,0,0,0,0,0
AURKA,O14965,seed_242,80,2.151132822036743,2.05,COc1cc2nccc(Oc3ccc(NC(=O)NC4CC4)c(Cl)c3)c2cc1C(N)=O,Clc1c(NC(=O)NC2CC2)ccc(Oc2c3c(ncc2)cc(OC)c(C(=O)N)c3)c1,1,0,0,0,0,0,0
AURKA,O14965,seed_242,81,2.1472439765930176,2.1900001,C=CC(=O)N1CCC[C@@H](n2nc(-c3ccc(Oc4ccccc4)cc3)c3c(N)ncnc32)C1,O=C(C=C)N1C[C@H](n2nc(-c3ccc(Oc4ccccc4)cc3)c3c(N)ncnc23)CCC1,1,0,0,0,0,0,0
AURKA,O14965,seed_242,82,2.134983777999878,1.96,Nc1ccc(-c2ccc3ncc4ccc(=O)n(-c5cccc(C(F)(F)F)c5)c4c3c2)cn1,FC(F)(F)c1cc(N2C(=O)C=Cc3c2c2c(nc3)ccc(-c3cnc(N)cc3)c2)ccc1,0,0,0,0,0,0,0
AURKA,O14965,seed_242,83,2.1341512203216553,2.1500001,CN(C)Cc1cccc(N/C(=C2\C(=O)Nc3cc(C(N)=O)ccc32)c2ccccc2)c1,O=C(N)c1cc2NC(=O)/C(=C(\Nc3cc(CN(C)C)ccc3)/c3ccccc3)/c2cc1,1,0,0,0,0,0,0
AURKA,O14965,seed_242,84,2.12998104095459,2.0826871,CN1CCN(C(=O)c2ccc(NC(=O)Nc3ccc(N(C)c4ccnc(Nc5ccc(CS(C)(=O)=O)cc5)n4)cc3)cc2)CC1,S(=O)(=O)(Cc1ccc(Nc2nc(N(C)c3ccc(NC(=O)Nc4ccc(C(=O)N5CCN(C)CC5)cc4)cc3)ccn2)cc1)C,0,0,0,0,0,0,0
AURKA,O14965,seed_242,85,2.1162185668945312,1.99,Nc1cccc(-c2cc3c(Oc4cccc(O)c4)ncnc3[nH]2)c1,O(c1ncnc2[nH]c(-c3cc(N)ccc3)cc12)c1cc(O)ccc1,1,0,0,0,0,0,0
AURKA,O14965,seed_242,86,2.113469123840332,2.1099999,NC(=O)Nc1cc(-c2cccc(F)c2)sc1C(=O)N[C@H]1CCCNC1,Fc1cc(-c2sc(C(=O)N[C@@H]3CNCCC3)c(NC(=O)N)c2)ccc1,1,0,0,0,0,0,0
AURKA,O14965,seed_242,87,2.111966371536255,3.5799999,Cc1csc(-c2nnc(Nc3ccc(Oc4ncccc4-c4ccnc(N)n4)cc3)c3ccccc23)c1,O(c1c(-c2nc(N)ncc2)cccn1)c1ccc(Nc2nnc(-c3scc(C)c3)c3c2cccc3)cc1,0,0,0,0,1,1,1
AURKA,O14965,seed_242,88,2.10573410987854,1.0355203,O=C(O)c1ccc(-c2c[nH]c3ncc(-c4ccccc4)cc23)cc1C1CCCC1,O=C(O)c1c(C2CCCC2)cc(-c2c3c([nH]c2)ncc(-c2ccccc2)c3)cc1,0,0,0,0,0,0,0
AURKA,O14965,seed_242,89,2.0997166633605957,2.0,O=C1NC(=O)/C(=C/c2ccc3nccc(-c4ccncc4)c3c2)S1,O=C1/C(=C/c2cc3c(-c4ccncc4)ccnc3cc2)/SC(=O)N1,1,0,0,0,0,0,0
AURKA,O14965,seed_242,90,2.09600567817688,2.01,COc1cc(Nc2ncc(F)c(Nc3ccc4c(n3)N(COP(=O)(O)O)C(=O)C(C)(C)O4)n2)cc(OC)c1OC,P(=O)(OCN1C(=O)C(C)(C)Oc2c1nc(Nc1c(F)cnc(Nc3cc(OC)c(OC)c(OC)c3)n1)cc2)(O)O,0,0,0,0,0,0,0
AURKA,O14965,seed_242,91,2.0891215801239014,2.03,CCCS(=O)(=O)Nc1ccc(F)c(C(=O)c2c[nH]c3ncc(Cl)cc23)c1F,Clc1cnc2[nH]cc(C(=O)c3c(F)c(NS(=O)(=O)CCC)ccc3F)c2c1,1,0,0,0,0,0,0
AURKA,O14965,seed_242,92,2.0450732707977295,1.92,COCCOc1ccc2c(c1)ncn2-c1ccc2cccc(N3CCC(N)CC3)c2n1,O(CCOc1cc2ncn(-c3nc4c(N5CCC(N)CC5)cccc4cc3)c2cc1)C,1,0,0,0,0,0,0
AURKA,O14965,seed_242,93,2.023637056350708,2.1600001,O=C(O)c1ccc2c(c1)nc(Nc1cccc(Cl)c1)c1ccncc12,Clc1cc(Nc2nc3c(c4c2ccnc4)ccc(C(=O)O)c3)ccc1,1,0,0,0,0,0,0
AURKA,O14965,seed_242,94,1.992991328239441,2.0599999,c1ccc2c(-c3cnn4cc(-c5ccc(N6CCNCC6)cc5)cnc34)ccnc2c1,N1(c2ccc(C3=Cn4ncc(-c5c6c(ncc5)cccc6)c4N=C3)cc2)CCNCC1,1,0,0,0,0,0,0
AURKA,O14965,seed_242,95,1.9865347146987915,1.6799999,Cc1nc(Nc2ncc(C(=O)Nc3c(C)cccc3Cl)s2)cc(N2CCN(CCO)CC2)n1,Clc1c(NC(=O)c2sc(Nc3nc(C)nc(N4CCN(CCO)CC4)c3)nc2)c(C)ccc1,1,0,0,0,0,0,0
AURKA,O14965,seed_242,96,1.969972014427185,2.23,CC(C)(C)c1nc(-c2cccc(NS(=O)(=O)c3c(F)cccc3F)c2F)c(-c2ccnc(N)n2)s1,S(=O)(=O)(Nc1c(F)c(-c2c(-c3nc(N)ncc3)sc(C(C)(C)C)n2)ccc1)c1c(F)cccc1F,0,0,0,0,0,0,0
AURKA,O14965,seed_242,97,1.967725396156311,1.98,CC(C)(C)c1cnc(CSc2cnc(NC(=O)C3CCNCC3)s2)o1,S(Cc1oc(C(C)(C)C)cn1)c1sc(NC(=O)C2CCNCC2)nc1,1,0,0,0,0,0,0
AURKA,O14965,seed_242,98,1.9655441045761108,1.9,Cc1cc(C)c(/C=C2\C(=O)Nc3ccccc32)[nH]1,O=C1/C(=C\c2c(C)cc(C)[nH]2)/c2c(N1)cccc2,1,0,0,0,0,0,0
AURKA,O14965,seed_242,99,1.9332879781723022,1.95,C=CC(=O)Nc1cccc(Oc2nc(Nc3ccc(N4CCN(C)CC4)cc3OC)ncc2Cl)c1,Clc1c(Oc2cc(NC(=O)C=C)ccc2)nc(Nc2c(OC)cc(N3CCN(C)CC3)cc2)nc1,1,0,0,0,0,0,0
AURKA,O14965,seed_242,100,1.8949631452560425,1.9400001,CNC(=O)c1nn(C)c2c1C(C)(C)Cc1cnc(Nc3ccc(N4CCN(C)CC4)cc3)nc1-2,O=C(NC)c1nn(C)c-2c1C(C)(C)Cc1c-2nc(Nc2ccc(N3CCN(C)CC3)cc2)nc1,1,0,0,0,0,0,0
AURKA,O14965,seed_242,101,1.8847566843032837,1.7819343,COc1cc(Nc2ncc(F)c(Nc3ccc4c(n3)NC(=O)C(C)(C)O4)n2)cc(OC)c1OC,Fc1c(Nc2nc3NC(=O)C(C)(C)Oc3cc2)nc(Nc2cc(OC)c(OC)c(OC)c2)nc1,1,0,0,0,0,0,0
AURKA,O14965,seed_242,102,1.8682912588119507,2.03,O=C1c2ccccc2-c2n[nH]c3cccc1c23,O=C1c2c3c([nH]nc3-c3c1cccc3)ccc2,1,0,0,0,0,0,0
AURKA,O14965,seed_242,103,1.8595837354660034,1.6900001,Cc1ncc(-c2ccnc(Nc3ccc(S(C)(=O)=O)cc3)n2)n1C(C)C,S(=O)(=O)(C)c1ccc(Nc2nc(-c3n(C(C)C)c(C)nc3)ccn2)cc1,1,0,0,0,0,0,0
AURKA,O14965,seed_242,104,1.8560645580291748,1.7636307,O=C(Nc1c[nH]nc1-c1nc2ccc(CN3CCOCC3)cc2[nH]1)NC1CC1,O=C(Nc1c(-c2[nH]c3c(n2)ccc(CN2CCOCC2)c3)n[nH]c1)NC1CC1,1,0,0,0,0,0,0
AURKA,O14965,seed_242,105,1.8513950109481812,1.8759525,CC1(C(=O)Nc2ccc(F)nc2)CCCN1c1nc(Nc2cc(C3CC3)n[nH]2)c2cccn2n1,Fc1ncc(NC(=O)C2(C)N(C=3N=C(Nc4[nH]nc(C5CC5)c4)c4n(N=3)ccc4)CCC2)cc1,1,0,0,0,0,0,0
AURKA,O14965,seed_242,106,1.8359023332595825,2.1529376,O=C(O)c1ccc(Nc2ncc3c(n2)-c2ccc(Cl)cc2C(c2c(F)cccc2F)=NC3)cc1,Clc1cc2C(c3c(F)cccc3F)=NCc3c(nc(Nc4ccc(C(=O)O)cc4)nc3)-c2cc1,0,0,0,0,0,0,0
AURKA,O14965,seed_242,107,1.827786922454834,1.8,COc1cc2ncnc(Nc3ccc(O)c(Br)c3)c2cc1OC,Brc1c(O)ccc(Nc2ncnc3c2cc(OC)c(OC)c3)c1,1,0,0,0,0,0,0
AURKA,O14965,seed_242,108,1.8230198621749878,1.1677892,CN(c1ccccc1CNc1nc(Nc2ccc3c(c2)CC(=O)N3)ncc1C(F)(F)F)S(C)(=O)=O,S(=O)(=O)(N(C)c1c(CNc2c(C(F)(F)F)cnc(Nc3cc4c(NC(=O)C4)cc3)n2)cccc1)C,0,0,0,0,0,0,0
AURKA,O14965,seed_242,109,1.8186603784561157,1.84,Cc1[nH]c(/C=C2\C(=O)Nc3ccc(S(=O)(=O)Cc4c(Cl)cccc4Cl)cc32)c(C)c1C(=O)N1CCC[C@@H]1CN1CCCC1,Clc1c(CS(=O)(=O)c2cc3/C(=C/c4c(C)c(C(=O)N5[C@@H](CN6CCCC6)CCC5)c(C)[nH]4)/C(=O)Nc3cc2)c(Cl)ccc1,0,0,0,0,0,0,0
AURKA,O14965,seed_242,110,1.8012455701828003,1.92,Cc1[nH]c(/C=C2\C(=O)Nc3ccc(S(=O)(=O)N(C)c4cccc(Cl)c4)cc32)c(C)c1C(=O)N1CCN(C)CC1,Clc1cc(N(S(=O)(=O)c2cc3/C(=C/c4c(C)c(C(=O)N5CCN(C)CC5)c(C)[nH]4)/C(=O)Nc3cc2)C)ccc1,0,0,0,0,0,0,0
AURKA,O14965,seed_242,111,1.7976676225662231,1.30614455,Nc1nc(Nc2ccc(S(N)(=O)=O)cc2)nn1C(=O)c1c(F)cccc1F,S(=O)(=O)(N)c1ccc(Nc2nn(C(=O)c3c(F)cccc3F)c(N)n2)cc1,1,0,0,0,0,0,0
AURKA,O14965,seed_242,112,1.790794849395752,1.62873165,O=C(Nc1cccc(Nc2ncc(Br)c(NCCc3cnc[nH]3)n2)c1)N1CCCC1,Brc1c(NCCc2[nH]cnc2)nc(Nc2cc(NC(=O)N3CCCC3)ccc2)nc1,1,0,0,0,0,0,0
AURKA,O14965,seed_242,113,1.7290042638778687,2.1099999,CN(c1ncccc1CNc1nc(Nc2ccc3c(c2)CC(=O)N3)ncc1C(F)(F)F)S(C)(=O)=O,S(=O)(=O)(N(C)c1c(CNc2c(C(F)(F)F)cnc(Nc3cc4c(NC(=O)C4)cc3)n2)cccn1)C,0,0,0,0,0,0,0
AURKA,O14965,seed_242,114,1.7245427370071411,1.96,CNC(=O)c1ccccc1Sc1ccc2c(/C=C/c3ccccn3)n[nH]c2c1,S(c1c(C(=O)NC)cccc1)c1cc2[nH]nc(/C=C/c3ncccc3)c2cc1,1,0,0,0,0,0,0
AURKA,O14965,seed_242,115,1.7245427370071411,1.0655016,CNC(=O)c1ccccc1Sc1ccc2c(C=Cc3ccccn3)n[nH]c2c1,S(c1c(C(=O)NC)cccc1)c1cc2[nH]nc(C=Cc3ncccc3)c2cc1,1,0,0,0,0,0,0
AURKA,O14965,seed_242,116,1.7193341255187988,1.66,CN1CCN(c2ccc3nc(-c4c(N)c5c(F)cccc5[nH]c4=O)[nH]c3c2)CC1,Fc1c2C(N)=C(c3[nH]c4c(n3)ccc(N3CCN(C)CC3)c4)C(=O)Nc2ccc1,1,0,0,0,0,0,0
AURKA,O14965,seed_242,117,1.6869994401931763,2.0130939,CN(c1ccc(NC(=O)Nc2ccc(OC(F)(F)F)cc2)cc1)c1ccnc(Nc2cccc(S(N)(=O)=O)c2)n1,S(=O)(=O)(N)c1cc(Nc2nc(N(C)c3ccc(NC(=O)Nc4ccc(OC(F)(F)F)cc4)cc3)ccn2)ccc1,0,0,0,0,0,0,0
AURKA,O14965,seed_242,118,1.6270537376403809,1.30845963,Cc1ccc(Nc2nccc(N(C)c3ccc4c(C)n(C)nc4c3)n2)cc1S(N)(=O)=O,S(=O)(=O)(N)c1c(C)ccc(Nc2nc(N(C)c3cc4nn(C)c(C)c4cc3)ccn2)c1,1,0,0,0,0,0,0
AURKA,O14965,seed_242,119,1.6082476377487183,2.04,Cc1[nH]c(/C=C2\C(=O)Nc3ccccc32)c(C)c1CCC(=O)O,O=C(O)CCc1c(C)c(/C=C/2\C(=O)Nc3c\2cccc3)[nH]c1C,1,0,0,0,0,0,0
AURKA,O14965,seed_242,120,1.6082476377487183,0.81476957,Cc1[nH]c(C=C2C(=O)Nc3ccccc32)c(C)c1CCC(=O)O,O=C(O)CCc1c(C)c(C=C2C(=O)Nc3c2cccc3)[nH]c1C,1,0,0,0,0,0,0
AURKA,O14965,seed_242,121,1.5932809114456177,1.36,CN(C[C@@H]1COCCO1)S(=O)(=O)Nc1ccc2ccc3ncc(-c4cnn(C)c4)cc3c(=O)c2c1,S(=O)(=O)(N(C[C@H]1OCCOC1)C)Nc1cc2C(=O)c3c(ncc(-c4cn(C)nc4)c3)C=Cc2cc1,1,0,0,0,0,0,0
AURKA,O14965,seed_242,122,1.578772783279419,1.72,CCN(CC)CCNC(=O)c1c(C)[nH]c(/C=C2\C(=O)Nc3ccc(F)cc32)c1C,Fc1cc2/C(=C/c3c(C)c(C(=O)NCCN(CC)CC)c(C)[nH]3)/C(=O)Nc2cc1,1,0,0,0,0,0,0
AURKA,O14965,seed_242,123,1.5260833501815796,0.52588093,COc1cc(CCc2cc(NC(=O)c3ccc(N4CC(C)NC(C)C4)cc3)n[nH]2)cc(OC)c1,O=C(Nc1n[nH]c(CCc2cc(OC)cc(OC)c2)c1)c1ccc(N2CC(C)NC(C)C2)cc1,1,0,0,0,0,0,0
AURKA,O14965,seed_242,124,1.5260833501815796,2.04,COc1cc(CCc2cc(NC(=O)c3ccc(N4C[C@@H](C)N[C@@H](C)C4)cc3)n[nH]2)cc(OC)c1,O=C(Nc1n[nH]c(CCc2cc(OC)cc(OC)c2)c1)c1ccc(N2C[C@@H](C)N[C@@H](C)C2)cc1,1,0,0,0,0,0,0
AURKA,O14965,seed_242,125,1.4357014894485474,1.3411622,Cc1cc(Nc2nc(NC(C)c3ncc(F)cn3)ncc2Cl)n[nH]1,Clc1c(Nc2n[nH]c(C)c2)nc(NC(C)c2ncc(F)cn2)nc1,1,0,0,0,0,0,0
AURKA,O14965,seed_242,126,1.4127346277236938,1.1844665,CC(C)Oc1cc(Nc2nc(NC(C)c3ccc(F)cn3)ncc2Cl)n[nH]1,Clc1c(Nc2n[nH]c(OC(C)C)c2)nc(NC(C)c2ncc(F)cc2)nc1,1,0,0,0,0,0,0
AURKA,O14965,seed_242,127,1.3561562299728394,1.2720252,COC(=O)c1ccc2c(c1)C(=Cc1cc(Br)c(O)c(Br)c1)C(=O)N2,Brc1c(O)c(Br)cc(C=C2C(=O)Nc3c2cc(C(=O)OC)cc3)c1,1,0,0,0,0,0,0
AURKA,O14965,seed_242,128,1.235627293586731,1.09,C=CC(=O)Nc1cc2c(Nc3ccc(F)c(Cl)c3)ncnc2cc1OCCCN1CCOCC1,Clc1c(F)ccc(Nc2ncnc3c2cc(NC(=O)C=C)c(OCCCN2CCOCC2)c3)c1,1,0,0,0,0,0,0
AURKA,O14965,seed_242,129,1.0781248807907104,1.0730405,CN1CCN(c2ccc(Nc3nccc(-c4cnn5ncccc45)n3)cc2C(F)(F)F)CC1,FC(F)(F)c1c(N2CCN(C)CC2)ccc(Nc2nc(-c3c4n(nc3)N=CC=C4)ccn2)c1,1,0,0,0,0,0,0
AURKA,O14965,seed_242,130,1.009095311164856,0.86742014,Cn1cc(-c2[nH]c3cc(NC(=O)C(N)C4CCCCC4)cc4c3c2C=NNC4=O)cn1,O=C(Nc1cc2[nH]c(-c3cn(C)nc3)c3c2c(C(=O)NN=C3)c1)C(N)C1CCCCC1,1,0,0,0,0,0,0
AURKA,O14965,seed_342,1,2.974963426589966,3.0599999,CCn1c(N)c(C(=O)NC)c(=O)c2ccc(C#C[C@@](C)(O)COC)nc21,O=C(NC)C1=C(N)N(CC)c2nc(C#C[C@@](O)(COC)C)ccc2C1=O,1,1,1,1,1,1,1
AURKA,O14965,seed_342,2,2.968919038772583,3.2,Cc1ccc(F)c(NC(=O)Nc2ccc(-c3cccc4[nH]nc(N)c34)cc2)c1,Fc1c(NC(=O)Nc2ccc(-c3c4c(N)n[nH]c4ccc3)cc2)cc(C)cc1,1,1,1,1,1,1,1
AURKA,O14965,seed_342,3,2.66147780418396,2.46,Cc1n[nH]c2ccc(-c3cncc(OC[C@@H](N)Cc4ccccc4)c3)cc12,O(C[C@@H](N)Cc1ccccc1)c1cc(-c2cc3c(C)n[nH]c3cc2)cnc1,1,1,1,1,0,0,0
AURKA,O14965,seed_342,4,2.6404130458831787,1.0652996,Cn1cnc(-c2cc3nccc(Oc4ccc(NC(=S)NC(=O)Cc5ccccc5)cc4F)c3s2)c1,S=C(NC(=O)Cc1ccccc1)Nc1cc(F)c(Oc2c3sc(-c4ncn(C)c4)cc3ncc2)cc1,0,0,1,1,0,0,0
AURKA,O14965,seed_342,5,2.6309866905212402,2.03,Cc1c(NC(=O)OC[C@@H]2COCCN2)cn2ncnc(Nc3ccc4c(cnn4Cc4cccc(F)c4)c3)c12,Fc1cc(Cn2ncc3c2ccc(NC2=NC=Nn4c2c(C)c(NC(=O)OC[C@H]2NCCOC2)c4)c3)ccc1,0,0,1,1,0,0,0
AURKA,O14965,seed_342,6,2.624192953109741,2.01,CCOc1ccn(-c2ccc(F)cc2)c(=O)c1C(=O)Nc1ccc(Oc2ccnc(N)c2Cl)c(F)c1,Clc1c(N)nccc1Oc1c(F)cc(NC(=O)C=2C(=O)N(c3ccc(F)cc3)C=CC=2OCC)cc1,0,0,0,1,0,0,0
AURKA,O14965,seed_342,7,2.5635602474212646,2.8199999,Cc1ccncc1Nc1ncccc1C(=O)Nc1ccc(C2(C#N)CCCC2)cc1,O=C(Nc1ccc(C2(C#N)CCCC2)cc1)c1c(Nc2c(C)ccnc2)nccc1,0,0,0,1,0,1,1
AURKA,O14965,seed_342,8,2.5501434803009033,2.1900001,Cc1ccc(C(=O)Nc2ccc(CN3CCN(C)CC3)c(C(F)(F)F)c2)cc1C#Cc1cnc2cccnn12,FC(F)(F)c1c(CN2CCN(C)CC2)ccc(NC(=O)c2cc(C#Cc3n4N=CC=Cc4nc3)c(C)cc2)c1,0,0,0,1,0,0,0
AURKA,O14965,seed_342,9,2.515672445297241,2.6600001,Nc1nccc(Oc2ccc(NC(=O)c3c[nH]cc(-c4ccc(F)cc4)c3=O)cc2F)c1Cl,Clc1c(N)nccc1Oc1c(F)cc(NC(=O)C=2C(=O)C(c3ccc(F)cc3)=CNC=2)cc1,1,0,0,1,0,0,1
AURKA,O14965,seed_342,10,2.514714241027832,2.9400001,CC(=O)NCC(=O)N1[C@@H]2CC[C@H]1c1ccc(Nc3ncc(C(F)(F)F)c(NC4CCC4)n3)cc12,FC(F)(F)c1c(NC2CCC2)nc(Nc2cc3[C@@H]4N(C(=O)CNC(=O)C)[C@H](c3cc2)CC4)nc1,1,0,0,1,0,1,1
AURKA,O14965,seed_342,11,2.513943910598755,2.4000001,Cc1cc(Nc2nc(N[C@@H](C)c3ccc(F)cc3)c(C#N)cc2F)n[nH]1,Fc1c(Nc2n[nH]c(C)c2)nc(N[C@@H](C)c2ccc(F)cc2)c(C#N)c1,1,0,0,0,0,0,0
AURKA,O14965,seed_342,12,2.506587028503418,2.4100001,COCCNCc1ccc(-c2cc3nccc(Oc4ccc(NC(=S)NC(=O)Cc5ccc(F)cc5)cc4F)c3s2)nc1,S=C(NC(=O)Cc1ccc(F)cc1)Nc1cc(F)c(Oc2c3sc(-c4ncc(CNCCOC)cc4)cc3ncc2)cc1,0,0,0,0,0,0,0
AURKA,O14965,seed_342,13,2.5032663345336914,2.02,COc1ccc2c(Oc3ccc(NC(=O)c4c(C)n(CC(C)(C)O)n(-c5ccccc5)c4=O)nc3)ccnc2c1,O=C(Nc1ncc(Oc2c3c(ncc2)cc(OC)cc3)cc1)C=1C(=O)N(N(CC(O)(C)C)C=1C)c1ccccc1,0,0,0,0,0,0,0
AURKA,O14965,seed_342,14,2.4677910804748535,2.5599999,O=C(Nc1c[nH]nc1-c1nc2cc(CN3CCOCC3)ccc2[nH]1)NC1CC1,O=C(Nc1c(-c2[nH]c3c(n2)cc(CN2CCOCC2)cc3)n[nH]c1)NC1CC1,1,0,0,0,0,0,1
AURKA,O14965,seed_342,15,2.4395124912261963,2.3900001,Cc1ccccc1-n1c(Cn2nc(-c3cccc(O)c3)c3c(N)ncnc32)nc2cccc(C)c2c1=O,O=C1N(c2c(C)cccc2)C(Cn2nc(-c3cc(O)ccc3)c3c(N)ncnc23)=Nc2c1c(C)ccc2,1,0,0,0,0,0,0
AURKA,O14965,seed_342,16,2.433832883834839,2.0,COc1cc2c(Oc3ccc(NC(=O)C4(C(=O)Nc5ccc(F)cc5)CC4)cc3F)ccnc2cc1OCCCN1CCOCC1,Fc1c(Oc2c3c(ncc2)cc(OCCCN2CCOCC2)c(OC)c3)ccc(NC(=O)C2(C(=O)Nc3ccc(F)cc3)CC2)c1,0,0,0,0,0,0,0
AURKA,O14965,seed_342,17,2.426795482635498,1.96,CS(=O)(=O)N1CCN(Cc2cc3nc(-c4cccc5[nH]ncc45)nc(N4CCOCC4)c3s2)CC1,S(=O)(=O)(C)N1CCN(Cc2sc3c(N4CCOCC4)nc(-c4c5c([nH]nc5)ccc4)nc3c2)CC1,0,0,0,0,0,0,0
AURKA,O14965,seed_342,18,2.4265739917755127,2.0544822,CCS(=O)(=O)c1cccc(-c2cc(C(=O)NC3CCN(C)CC3)c(C)c3[nH]c4ncc(C)cc4c23)c1,S(=O)(=O)(CC)c1cc(-c2c3c(c(C)c(C(=O)NC4CCN(C)CC4)c2)[nH]c2ncc(C)cc32)ccc1,0,0,0,0,0,0,0
AURKA,O14965,seed_342,19,2.3910605907440186,2.39735365,Cc1cc(Nc2cc(CN3CCOCC3)c3nc(C)c(Cc4ccc(Cl)cc4F)n3n2)n[nH]1,Clc1cc(F)c(Cc2c(C)nc3C(CN4CCOCC4)=CC(Nc4n[nH]c(C)c4)=Nn23)cc1,1,0,0,0,0,0,0
AURKA,O14965,seed_342,20,2.3870208263397217,1.8099999,O=C(O)C1(Cc2cccc(Nc3nccs3)n2)CCC(Oc2cccc(Cl)c2F)CC1,Clc1c(F)c(OC2CCC(C(=O)O)(Cc3nc(Nc4sccn4)ccc3)CC2)ccc1,0,0,0,0,0,0,0
AURKA,O14965,seed_342,21,2.381514549255371,2.6099999,CCN1CCN(C(=O)Cc2ccc(Nc3ncc(F)c(Nc4ccc(C(=O)Nc5ccccc5Cl)cc4)n3)cc2)CC1,Clc1c(NC(=O)c2ccc(Nc3c(F)cnc(Nc4ccc(CC(=O)N5CCN(CC)CC5)cc4)n3)cc2)cccc1,0,0,0,0,0,0,1
AURKA,O14965,seed_342,22,2.3793718814849854,2.358915429,COC(C(=O)N1Cc2[nH]nc(NC(=O)c3ccc(N4CCN(C)CC4)cc3)c2C1)c1ccccc1,O=C(C(OC)c1ccccc1)N1Cc2c(NC(=O)c3ccc(N4CCN(C)CC4)cc3)n[nH]c2C1,1,0,0,0,0,0,0
AURKA,O14965,seed_342,23,2.3777735233306885,2.54,CC1(O)CC(c2nc(-c3ccc4ccc(-c5ccccc5)nc4c3)c3c(N)nccn23)C1,OC1(C)CC(c2n3c(c(-c4cc5nc(-c6ccccc6)ccc5cc4)n2)C(N)=NC=C3)C1,1,0,0,0,0,0,0
AURKA,O14965,seed_342,24,2.3557398319244385,1.1933678,CC(Oc1cc(-c2cnn(C3CCNCC3)c2)cnc1N)c1c(Cl)ccc(F)c1Cl,Clc1c(C(Oc2c(N)ncc(-c3cn(C4CCNCC4)nc3)c2)C)c(Cl)ccc1F,0,0,0,0,0,0,0
AURKA,O14965,seed_342,25,2.3557398319244385,1.27,C[C@@H](Oc1cc(-c2cnn(C3CCNCC3)c2)cnc1N)c1c(Cl)ccc(F)c1Cl,Clc1c([C@H](Oc2c(N)ncc(-c3cn(C4CCNCC4)nc3)c2)C)c(Cl)ccc1F,0,0,0,0,0,0,0
AURKA,O14965,seed_342,26,2.3528389930725098,2.4300001,CC(C)n1nc(-c2cc3cc(O)ccc3[nH]2)c2c(N)ncnc21,Oc1cc2c([nH]c(-c3nn(C(C)C)c4ncnc(N)c34)c2)cc1,1,0,0,0,0,0,0
AURKA,O14965,seed_342,27,2.3312175273895264,2.1300001,CS(=O)(=O)CCNCc1ccc(-c2ccc3ncnc(Nc4ccc(OCc5cccc(F)c5)c(Cl)c4)c3c2)o1,Clc1c(OCc2cc(F)ccc2)ccc(Nc2ncnc3c2cc(-c2oc(CNCCS(=O)(=O)C)cc2)cc3)c1,0,0,0,0,0,0,0
AURKA,O14965,seed_342,28,2.3243844509124756,2.1400001,Cc1cnc(Nc2ccc(OCCN3CCCC3)cc2)nc1Nc1cccc(S(=O)(=O)NC(C)(C)C)c1,S(=O)(=O)(NC(C)(C)C)c1cc(Nc2c(C)cnc(Nc3ccc(OCCN4CCCC4)cc3)n2)ccc1,0,0,0,0,0,0,0
AURKA,O14965,seed_342,29,2.320863962173462,2.28,Cn1cc(-c2ccc3nnc(C(F)(F)c4ccc5ncccc5c4)n3n2)cn1,FC(F)(c1n2N=C(c3cn(C)nc3)C=Cc2nn1)c1cc2c(nccc2)cc1,1,0,0,0,0,0,0
AURKA,O14965,seed_342,30,2.3191726207733154,2.17709222,CCc1cccc(CC)c1NC(=O)N1Cc2[nH]nc(NC(=O)c3ccc(N4CCN(C)CC4)cc3)c2C1,O=C(Nc1c(CC)cccc1CC)N1Cc2c(NC(=O)c3ccc(N4CCN(C)CC4)cc3)n[nH]c2C1,0,0,0,0,0,0,0
AURKA,O14965,seed_342,31,2.315575361251831,2.341321,COC1C(N(C)C(=O)c2ccccc2)CC2OC1(C)n1c3ccccc3c3c4c(c5c6ccccc6n2c5c31)C(=O)NC4,O=C(N(C)C1C(OC)C2(C)OC(n3c4c5n2c2c(c5c5c(C(=O)NC5)c4c4c3cccc4)cccc2)C1)c1ccccc1,0,0,0,0,0,0,0
AURKA,O14965,seed_342,32,2.310034990310669,2.05,COc1cc2nccc(Oc3ccc(NC(=O)Nc4cc(C)on4)c(Cl)c3)c2cc1OC,Clc1c(NC(=O)Nc2noc(C)c2)ccc(Oc2c3c(ncc2)cc(OC)c(OC)c3)c1,0,0,0,0,0,0,0
AURKA,O14965,seed_342,33,2.2992074489593506,2.22,COc1cc2c(Nc3ccc(Br)cc3F)ncnc2cc1OCC1CCN(C)CC1,Brc1cc(F)c(Nc2ncnc3c2cc(OC)c(OCC2CCN(C)CC2)c3)cc1,0,0,0,0,0,0,0
AURKA,O14965,seed_342,34,2.2915470600128174,1.1677892,CN(c1ccccc1CNc1nc(Nc2ccc3c(c2)CC(=O)N3)ncc1C(F)(F)F)S(C)(=O)=O,S(=O)(=O)(N(C)c1c(CNc2c(C(F)(F)F)cnc(Nc3cc4c(NC(=O)C4)cc3)n2)cccc1)C,0,0,0,0,0,0,0
AURKA,O14965,seed_342,35,2.286008596420288,2.3900001,COc1cccc2cc(-c3nc(C4CCC(C(=O)O)CC4)n4ncnc(N)c34)[nH]c12,O=C(O)C1CCC(c2n3N=CN=C(N)c3c(-c3[nH]c4c(OC)cccc4c3)n2)CC1,1,0,0,0,0,0,0
AURKA,O14965,seed_342,36,2.2840473651885986,2.0599999,Fc1cc(-c2cccc3ncc(-c4cnn(C5CCNCC5)c4)nc23)cc(F)c1CN1CCOCC1,Fc1c(CN2CCOCC2)c(F)cc(-c2c3nc(-c4cn(C5CCNCC5)nc4)cnc3ccc2)c1,1,0,0,0,0,0,0
AURKA,O14965,seed_342,37,2.2809793949127197,1.34154275,COc1cc2c(Nc3ccc(NC(=O)c4ccccc4)cc3)ncnc2cc1OCCCN1CCOCC1,O=C(Nc1ccc(Nc2ncnc3c2cc(OC)c(OCCCN2CCOCC2)c3)cc1)c1ccccc1,0,0,0,0,0,0,0
AURKA,O14965,seed_342,38,2.2710468769073486,2.24,O=c1[nH]c2ccc(Cl)cc2c(N[C@@H]2CN3CCC2CC3)c1-c1nc2ccccc2[nH]1,Clc1cc2C(N[C@H]3C4CCN(C3)CC4)=C(c3[nH]c4c(n3)cccc4)C(=O)Nc2cc1,1,0,0,0,0,0,0
AURKA,O14965,seed_342,39,2.2703287601470947,2.24,CCS(=O)(=O)Nc1ccc2c(c1)/C(=C(/Nc1ccc(CN3CCCCC3)cc1)c1ccccc1)C(=O)N2,S(=O)(=O)(Nc1cc2/C(=C(/Nc3ccc(CN4CCCCC4)cc3)\c3ccccc3)/C(=O)Nc2cc1)CC,0,0,0,0,0,0,0
AURKA,O14965,seed_342,40,2.264960527420044,1.0355203,O=C(O)c1ccc(-c2c[nH]c3ncc(-c4ccccc4)cc23)cc1C1CCCC1,O=C(O)c1c(C2CCCC2)cc(-c2c3c([nH]c2)ncc(-c2ccccc2)c3)cc1,0,0,0,0,0,0,0
AURKA,O14965,seed_342,41,2.2413952350616455,2.0699999,CC(C)n1nc(-c2ccc3oc(N)nc3c2)c2c(N)ncnc21,Nc1oc2c(n1)cc(-c1nn(C(C)C)c3ncnc(N)c13)cc2,1,0,0,0,0,0,0
AURKA,O14965,seed_342,42,2.21553635597229,2.1700001,CN(C)c1ccc(-c2nc3ncc(Cl)c(N4CCN(CC(=O)Nc5nccs5)CC4)c3[nH]2)cc1,Clc1c(N2CCN(CC(=O)Nc3sccn3)CC2)c2[nH]c(-c3ccc(N(C)C)cc3)nc2nc1,1,0,0,0,0,0,0
AURKA,O14965,seed_342,43,2.212705373764038,2.543893017,Cc1cc(Nc2cc(N3CCN(C)CC3)nc(Sc3ccc(NC(=O)C4CC4)cc3)n2)n[nH]1,S(c1nc(Nc2n[nH]c(C)c2)cc(N2CCN(C)CC2)n1)c1ccc(NC(=O)C2CC2)cc1,1,0,0,0,0,0,1
AURKA,O14965,seed_342,44,2.1966474056243896,2.47,CN1CC[C@H](c2c(O)cc(O)c3c(=O)cc(-c4ccccc4Cl)oc23)[C@H](O)C1,Clc1c(C=2Oc3c([C@@H]4[C@H](O)CN(C)CC4)c(O)cc(O)c3C(=O)C=2)cccc1,1,0,0,0,0,0,0
AURKA,O14965,seed_342,45,2.188502550125122,2.4400001,Cc1cc(Nc2cc(N3CCN(C)CC3)nc(/C=C/c3ccccc3)n2)n[nH]1,N(c1nc(/C=C/c2ccccc2)nc(N2CCN(C)CC2)c1)c1n[nH]c(C)c1,1,0,0,0,0,0,0
AURKA,O14965,seed_342,46,2.1859524250030518,2.1199999,N#CCNC(=O)c1ccc(-c2ccnc(Nc3ccc(N4CCOCC4)cc3)n2)cc1,O=C(NCC#N)c1ccc(-c2nc(Nc3ccc(N4CCOCC4)cc3)ncc2)cc1,1,0,0,0,0,0,0
AURKA,O14965,seed_342,47,2.1856281757354736,2.05,CCS(=O)(=O)N1CC(CC#N)(n2cc(-c3ncnc4[nH]ccc34)cn2)C1,S(=O)(=O)(CC)N1CC(CC#N)(n2ncc(-c3ncnc4[nH]ccc34)c2)C1,1,0,0,0,0,0,0
AURKA,O14965,seed_342,48,2.1843631267547607,2.3199999,O=C(Nc1cccc(Cl)c1)Nc1ncc(CCNc2ncnc3ccsc23)s1,Clc1cc(NC(=O)Nc2sc(CCNc3ncnc4c3scc4)cn2)ccc1,0,0,0,0,0,0,0
AURKA,O14965,seed_342,49,2.1821792125701904,3.5799999,Cc1csc(-c2nnc(Nc3ccc(Oc4ncccc4-c4ccnc(N)n4)cc3)c3ccccc23)c1,O(c1c(-c2nc(N)ncc2)cccn1)c1ccc(Nc2nnc(-c3scc(C)c3)c3c2cccc3)cc1,0,0,0,0,1,1,1
AURKA,O14965,seed_342,50,2.1642279624938965,1.489361765,COc1cc2nccc(Oc3ccc(NC(=O)C4(C(=O)Nc5ccc(F)cc5)CC4)cc3)c2cc1OC,Fc1ccc(NC(=O)C2(C(=O)Nc3ccc(Oc4c5c(ncc4)cc(OC)c(OC)c5)cc3)CC2)cc1,0,0,0,0,0,0,0
AURKA,O14965,seed_342,51,2.1569740772247314,1.96,Nc1ccc(-c2ccc3ncc4ccc(=O)n(-c5cccc(C(F)(F)F)c5)c4c3c2)cn1,FC(F)(F)c1cc(N2C(=O)C=Cc3c2c2c(nc3)ccc(-c3cnc(N)cc3)c2)ccc1,0,0,0,0,0,0,0
AURKA,O14965,seed_342,52,2.1515212059020996,2.21,Nc1ncnc2c1c(-c1cnc3[nH]ccc3c1)nn2C1CCCC1,Nc1ncnc2n(C3CCCC3)nc(-c3cnc4[nH]ccc4c3)c12,1,0,0,0,0,0,0
AURKA,O14965,seed_342,53,2.1512913703918457,1.99,Clc1ccc(C2(c3ccc(-c4cn[nH]c4)cc3)CCNCC2)cc1,Clc1ccc(C2(c3ccc(-c4c[nH]nc4)cc3)CCNCC2)cc1,1,0,0,0,0,0,0
AURKA,O14965,seed_342,54,2.136845350265503,2.1400001,Cc1nc(NC(=O)N2CCC[C@H]2C(N)=O)sc1-c1csc(C(C)(C)C)n1,O=C(Nc1sc(c(C)n1)-c1nc(C(C)(C)C)sc1)N1[C@H](C(=O)N)CCC1,1,0,0,0,0,0,0
AURKA,O14965,seed_342,55,2.1208765506744385,2.04,O=C(NCc1ccccc1)c1csc(Nc2ccncn2)n1,O=C(NCc1ccccc1)c1nc(Nc2ncncc2)sc1,1,0,0,0,0,0,0
AURKA,O14965,seed_342,56,2.1052985191345215,2.1099999,CN(c1ncccc1CNc1nc(Nc2ccc3c(c2)CC(=O)N3)ncc1C(F)(F)F)S(C)(=O)=O,S(=O)(=O)(N(C)c1c(CNc2c(C(F)(F)F)cnc(Nc3cc4c(NC(=O)C4)cc3)n2)cccn1)C,0,0,0,0,0,0,0
AURKA,O14965,seed_342,57,2.1010053157806396,2.1900001,O=C1NC(=O)/C(=C/c2ccc(-c3ccc(F)cc3O)o2)S1,Fc1cc(O)c(-c2oc(/C=C\3/C(=O)NC(=O)S/3)cc2)cc1,1,0,0,0,0,0,0
AURKA,O14965,seed_342,58,2.100127935409546,2.1199999,C[C@@H]1CCN(C(=O)CC#N)C[C@@H]1N(C)c1ncnc2[nH]ccc12,O=C(CC#N)N1C[C@H](N(C)c2ncnc3[nH]ccc23)[C@H](C)CC1,1,0,0,0,0,0,0
AURKA,O14965,seed_342,59,2.098389148712158,2.3499999,CC1(COc2ccc3c(c2)ncn3-c2ccc3cccc(N4CCC(N)CC4)c3n2)COC1,O(CC1(C)COC1)c1cc2ncn(-c3nc4c(N5CCC(N)CC5)cccc4cc3)c2cc1,1,0,0,0,0,0,0
AURKA,O14965,seed_342,60,2.0899455547332764,2.23,COCC(=O)NC/C=C/c1ccc2ncnc(Nc3ccc(Oc4ccc(C)nc4)c(C)c3)c2c1,O=C(NC/C=C/c1cc2c(Nc3cc(C)c(Oc4cnc(C)cc4)cc3)ncnc2cc1)COC,1,0,0,0,0,0,0
AURKA,O14965,seed_342,61,2.0871403217315674,2.445253171,CCn1cc(-c2ccnc3[nH]c(-c4cccc(CN(C)C)c4)cc23)c(-c2ccc(NC(=O)N(C)C)cc2)n1,O=C(N(C)C)Nc1ccc(-c2c(-c3c4c([nH]c(-c5cc(CN(C)C)ccc5)c4)ncc3)cn(CC)n2)cc1,0,0,0,0,0,0,0
AURKA,O14965,seed_342,62,2.084895372390747,2.5599999,O=C(NCCCNc1nc(Nc2cccc(NC(=O)N3CCCC3)c2)ncc1I)c1cccs1,Ic1c(NCCCNC(=O)c2sccc2)nc(Nc2cc(NC(=O)N3CCCC3)ccc2)nc1,0,0,0,0,0,0,1
AURKA,O14965,seed_342,63,2.075693368911743,2.05,COc1cc2nccc(Oc3ccc(NC(=O)NC4CC4)c(Cl)c3)c2cc1C(N)=O,Clc1c(NC(=O)NC2CC2)ccc(Oc2c3c(ncc2)cc(OC)c(C(=O)N)c3)c1,1,0,0,0,0,0,0
AURKA,O14965,seed_342,64,2.070708990097046,2.46,COc1cc(N2CCC(N3CCN(C)CC3)CC2)ccc1Nc1ncc(Cl)c(Nc2ccccc2S(=O)(=O)C(C)C)n1,Clc1c(Nc2c(S(=O)(=O)C(C)C)cccc2)nc(Nc2c(OC)cc(N3CCC(N4CCN(C)CC4)CC3)cc2)nc1,0,0,0,0,0,0,0
AURKA,O14965,seed_342,65,2.051579713821411,2.2,O=c1c(O)c(-c2ccc(O)c(O)c2)oc2cc(O)cc(O)c12,O=C1C(O)=C(c2cc(O)c(O)cc2)Oc2c1c(O)cc(O)c2,1,0,0,0,0,0,0
AURKA,O14965,seed_342,66,2.0501785278320312,2.1500001,CN(C)Cc1cccc(N/C(=C2\C(=O)Nc3cc(C(N)=O)ccc32)c2ccccc2)c1,O=C(N)c1cc2NC(=O)/C(=C(\Nc3cc(CN(C)C)ccc3)/c3ccccc3)/c2cc1,1,0,0,0,0,0,0
AURKA,O14965,seed_342,67,2.04746413230896,1.74,COc1cc2c(N3CCN(C(=O)Nc4ccc(OC(C)C)cc4)CC3)ncnc2cc1OCCCN1CCCCC1,O=C(Nc1ccc(OC(C)C)cc1)N1CCN(c2ncnc3c2cc(OC)c(OCCCN2CCCCC2)c3)CC1,0,0,0,0,0,0,0
AURKA,O14965,seed_342,68,2.0425479412078857,2.25,Cc1nc(N)sc1-c1ccnc(Nc2ccc(N3CCOCC3)cc2)n1,N(c1nc(-c2c(C)nc(N)s2)ccn1)c1ccc(N2CCOCC2)cc1,1,0,0,0,0,0,0
AURKA,O14965,seed_342,69,2.037259817123413,2.0799999,N#CC[C@H](C1CCCC1)n1cc(-c2ncnc3[nH]ccc23)cn1,N#CC[C@@H](n1ncc(-c2ncnc3[nH]ccc23)c1)C1CCCC1,1,0,0,0,0,0,0
AURKA,O14965,seed_342,70,2.0233540534973145,2.1900001,C=CC(=O)Nc1cccc(Sc2nc(Nc3ccc(N4CCN(C)CC4)cc3)ncc2Cl)c1,Clc1c(Sc2cc(NC(=O)C=C)ccc2)nc(Nc2ccc(N3CCN(C)CC3)cc2)nc1,1,0,0,0,0,0,0
AURKA,O14965,seed_342,71,2.0146589279174805,2.3,Cc1cnc(Nc2ccc(N3CCN(C)CC3)cc2)nc1Nc1cccc(S(=O)(=O)NC(C)(C)C)c1,S(=O)(=O)(NC(C)(C)C)c1cc(Nc2c(C)cnc(Nc3ccc(N4CCN(C)CC4)cc3)n2)ccc1,0,0,0,0,0,0,0
AURKA,O14965,seed_342,72,2.0112040042877197,2.1199999,NC(=O)Nc1sc(-c2ccc(F)cc2)cc1C(N)=O,Fc1ccc(-c2sc(NC(=O)N)c(C(=O)N)c2)cc1,1,0,0,0,0,0,0
AURKA,O14965,seed_342,73,2.0089166164398193,2.1099999,NC(=O)Nc1cc(-c2cccc(F)c2)sc1C(=O)N[C@H]1CCCNC1,Fc1cc(-c2sc(C(=O)N[C@@H]3CNCCC3)c(NC(=O)N)c2)ccc1,1,0,0,0,0,0,0
AURKA,O14965,seed_342,74,1.9977149963378906,2.1448445,CC(Oc1ccc2[nH]nc(C=Cc3cnn(CCO)c3)c2c1)c1c(Cl)cncc1Cl,Clc1c(C(Oc2cc3c(C=Cc4cn(CCO)nc4)n[nH]c3cc2)C)c(Cl)cnc1,1,0,0,0,0,0,0
AURKA,O14965,seed_342,75,1.997330904006958,1.98,CC(C)(C)c1cnc(CSc2cnc(NC(=O)C3CCNCC3)s2)o1,S(Cc1oc(C(C)(C)C)cn1)c1sc(NC(=O)C2CCNCC2)nc1,1,0,0,0,0,0,0
AURKA,O14965,seed_342,76,1.9833362102508545,2.1600001,O=C(O)c1ccc2c(c1)nc(Nc1cccc(Cl)c1)c1ccncc12,Clc1cc(Nc2nc3c(c4c2ccnc4)ccc(C(=O)O)c3)ccc1,1,0,0,0,0,0,0
AURKA,O14965,seed_342,77,1.974874496459961,2.22,CCCNC(=O)Nc1ccc(Oc2ncnc3cc(OC)c(OC)cc23)cc1Cl,Clc1c(NC(=O)NCCC)ccc(Oc2ncnc3c2cc(OC)c(OC)c3)c1,1,0,0,0,0,0,0
AURKA,O14965,seed_342,78,1.951373815536499,1.92,COCCOc1ccc2c(c1)ncn2-c1ccc2cccc(N3CCC(N)CC3)c2n1,O(CCOc1cc2ncn(-c3nc4c(N5CCC(N)CC5)cccc4cc3)c2cc1)C,1,0,0,0,0,0,0
AURKA,O14965,seed_342,79,1.9355249404907227,2.04,CN1CCN(c2cccc(Nc3nc4c(-c5ccc(S(C)(=O)=O)cc5)cccn4n3)c2)CC1,S(=O)(=O)(C)c1ccc(C=2c3n(nc(Nc4cc(N5CCN(C)CC5)ccc4)n3)C=CC=2)cc1,1,0,0,0,0,0,0
AURKA,O14965,seed_342,80,1.9335346221923828,2.1300001,C#Cc1cccc(Nc2ncnc3cc(OCCOC)c(OCCO)cc23)c1,O(CCOc1c(OCCO)cc2c(Nc3cc(C#C)ccc3)ncnc2c1)C,1,0,0,0,0,0,0
AURKA,O14965,seed_342,81,1.9290236234664917,2.1900001,C=CC(=O)N1CCC[C@@H](n2nc(-c3ccc(Oc4ccccc4)cc3)c3c(N)ncnc32)C1,O=C(C=C)N1C[C@H](n2nc(-c3ccc(Oc4ccccc4)cc3)c3c(N)ncnc23)CCC1,1,0,0,0,0,0,0
AURKA,O14965,seed_342,82,1.926363229751587,1.9299999,CCN(CCCOc1ccc2c(Nc3cc(CC(=O)Nc4cccc(F)c4)n[nH]3)ncnc2c1)CCOP(=O)(O)O,P(=O)(OCCN(CCCOc1cc2ncnc(Nc3[nH]nc(CC(=O)Nc4cc(F)ccc4)c3)c2cc1)CC)(O)O,0,0,0,0,0,0,0
AURKA,O14965,seed_342,83,1.9260778427124023,1.98,Cc1ccc([N+](=O)[O-])cc1S(=O)(=O)N(C)/N=C/c1cnc2ccc(Br)cn12,BrC1=Cn2c(/C=N/N(S(=O)(=O)c3c(C)ccc([N+](=O)[O-])c3)C)cnc2C=C1,1,0,0,0,0,0,0
AURKA,O14965,seed_342,84,1.9215902090072632,1.6799999,Cc1nc(Nc2ncc(C(=O)Nc3c(C)cccc3Cl)s2)cc(N2CCN(CCO)CC2)n1,Clc1c(NC(=O)c2sc(Nc3nc(C)nc(N4CCN(CCO)CC4)c3)nc2)c(C)ccc1,1,0,0,0,0,0,0
AURKA,O14965,seed_342,85,1.9082763195037842,2.03,C=CC(=O)Nc1cccc(Oc2nc(Nc3ccc(N4CCN(C)CC4)cc3)ncc2Cl)c1,Clc1c(Oc2cc(NC(=O)C=C)ccc2)nc(Nc2ccc(N3CCN(C)CC3)cc2)nc1,1,0,0,0,0,0,0
AURKA,O14965,seed_342,86,1.9080736637115479,0.785761576,CCN(CCO)CCCOc1ccc2c(Nc3cc(CC(=O)Nc4cccc(F)c4)[nH]n3)ncnc2c1,Fc1cc(NC(=O)Cc2[nH]nc(Nc3ncnc4c3ccc(OCCCN(CCO)CC)c4)c2)ccc1,0,0,0,0,0,0,0
AURKA,O14965,seed_342,87,1.9013919830322266,2.23,CC(C)(C)c1nc(-c2cccc(NS(=O)(=O)c3c(F)cccc3F)c2F)c(-c2ccnc(N)n2)s1,S(=O)(=O)(Nc1c(F)c(-c2c(-c3nc(N)ncc3)sc(C(C)(C)C)n2)ccc1)c1c(F)cccc1F,0,0,0,0,0,0,0
AURKA,O14965,seed_342,88,1.8848941326141357,1.0608304,COc1cc(N2CCC(N(C)C)CC2)ccc1Nc1ncc(Cl)c(Nc2ccccc2P(C)(C)=O)n1,Clc1c(Nc2c(P(=O)(C)C)cccc2)nc(Nc2c(OC)cc(N3CCC(N(C)C)CC3)cc2)nc1,0,0,0,0,0,0,0
AURKA,O14965,seed_342,89,1.8768548965454102,2.03,CCCS(=O)(=O)Nc1ccc(F)c(C(=O)c2c[nH]c3ncc(Cl)cc23)c1F,Clc1cnc2[nH]cc(C(=O)c3c(F)c(NS(=O)(=O)CCC)ccc3F)c2c1,1,0,0,0,0,0,0
AURKA,O14965,seed_342,90,1.8698062896728516,2.01,CNC(=O)c1ccccc1Nc1nc(Nc2ccc(N3CCOCC3)cc2OC)ncc1Cl,Clc1c(Nc2c(C(=O)NC)cccc2)nc(Nc2c(OC)cc(N3CCOCC3)cc2)nc1,1,0,0,0,0,0,0
AURKA,O14965,seed_342,91,1.8579312562942505,1.9,Cc1cc(C)c(/C=C2\C(=O)Nc3ccccc32)[nH]1,O=C1/C(=C\c2c(C)cc(C)[nH]2)/c2c(N1)cccc2,1,0,0,0,0,0,0
AURKA,O14965,seed_342,92,1.8245635032653809,1.99,Nc1cccc(-c2cc3c(Oc4cccc(O)c4)ncnc3[nH]2)c1,O(c1ncnc2[nH]c(-c3cc(N)ccc3)cc12)c1cc(O)ccc1,1,0,0,0,0,0,0
AURKA,O14965,seed_342,93,1.8128076791763306,1.85,COc1cc2c(Oc3ccc4[nH]c(C)cc4c3F)ncnc2cc1OCCCN1CCCC1,Fc1c(Oc2ncnc3c2cc(OC)c(OCCCN2CCCC2)c3)ccc2[nH]c(C)cc12,0,0,0,0,0,0,0
AURKA,O14965,seed_342,94,1.8019145727157593,2.1529376,O=C(O)c1ccc(Nc2ncc3c(n2)-c2ccc(Cl)cc2C(c2c(F)cccc2F)=NC3)cc1,Clc1cc2C(c3c(F)cccc3F)=NCc3c(nc(Nc4ccc(C(=O)O)cc4)nc3)-c2cc1,0,0,0,0,0,0,0
AURKA,O14965,seed_342,95,1.801497220993042,1.97,COc1cc2ncnc(Nc3cccc(Br)c3)c2cc1OC,Brc1cc(Nc2ncnc3c2cc(OC)c(OC)c3)ccc1,1,0,0,0,0,0,0
AURKA,O14965,seed_342,96,1.7964797019958496,1.84,Cc1[nH]c(/C=C2\C(=O)Nc3ccc(S(=O)(=O)Cc4c(Cl)cccc4Cl)cc32)c(C)c1C(=O)N1CCC[C@@H]1CN1CCCC1,Clc1c(CS(=O)(=O)c2cc3/C(=C/c4c(C)c(C(=O)N5[C@@H](CN6CCCC6)CCC5)c(C)[nH]4)/C(=O)Nc3cc2)c(Cl)ccc1,0,0,0,0,0,0,0
AURKA,O14965,seed_342,97,1.7892347574234009,1.7636307,O=C(Nc1c[nH]nc1-c1nc2ccc(CN3CCOCC3)cc2[nH]1)NC1CC1,O=C(Nc1c(-c2[nH]c3c(n2)ccc(CN2CCOCC2)c3)n[nH]c1)NC1CC1,1,0,0,0,0,0,0
AURKA,O14965,seed_342,98,1.7891496419906616,2.02,Nc1ncnc2c1c(-c1cccc(OCc3ccccc3)c1)cn2C1CC(CN2CCCC2)C1,O(Cc1ccccc1)c1cc(-c2c3c(N)ncnc3n(C3CC(CN4CCCC4)C3)c2)ccc1,0,0,0,0,0,0,0
AURKA,O14965,seed_342,99,1.7841026782989502,2.0,CCN1CCN(Cc2ccc(-c3cc4c(N[C@H](C)c5ccccc5)ncnc4[nH]3)cc2)CC1,N([C@H](C)c1ccccc1)c1ncnc2[nH]c(-c3ccc(CN4CCN(CC)CC4)cc3)cc12,1,0,0,0,0,0,0
AURKA,O14965,seed_342,100,1.782982349395752,1.8759525,CC1(C(=O)Nc2ccc(F)nc2)CCCN1c1nc(Nc2cc(C3CC3)n[nH]2)c2cccn2n1,Fc1ncc(NC(=O)C2(C)N(C=3N=C(Nc4[nH]nc(C5CC5)c4)c4n(N=3)ccc4)CCC2)cc1,1,0,0,0,0,0,0
AURKA,O14965,seed_342,101,1.7755193710327148,2.0,O=C1NC(=O)/C(=C/c2ccc3nccc(-c4ccncc4)c3c2)S1,O=C1/C(=C/c2cc3c(-c4ccncc4)ccnc3cc2)/SC(=O)N1,1,0,0,0,0,0,0
AURKA,O14965,seed_342,102,1.746171236038208,1.95,C=CC(=O)Nc1cccc(Oc2nc(Nc3ccc(N4CCN(C)CC4)cc3OC)ncc2Cl)c1,Clc1c(Oc2cc(NC(=O)C=C)ccc2)nc(Nc2c(OC)cc(N3CCN(C)CC3)cc2)nc1,1,0,0,0,0,0,0
AURKA,O14965,seed_342,103,1.7363828420639038,2.0599999,c1ccc2c(-c3cnn4cc(-c5ccc(N6CCNCC6)cc5)cnc34)ccnc2c1,N1(c2ccc(C3=Cn4ncc(-c5c6c(ncc5)cccc6)c4N=C3)cc2)CCNCC1,1,0,0,0,0,0,0
AURKA,O14965,seed_342,104,1.722658395767212,2.01,COc1cc(Nc2ncc(F)c(Nc3ccc4c(n3)N(COP(=O)(O)O)C(=O)C(C)(C)O4)n2)cc(OC)c1OC,P(=O)(OCN1C(=O)C(C)(C)Oc2c1nc(Nc1c(F)cnc(Nc3cc(OC)c(OC)c(OC)c3)n1)cc2)(O)O,0,0,0,0,0,0,0
AURKA,O14965,seed_342,105,1.6990580558776855,1.7819343,COc1cc(Nc2ncc(F)c(Nc3ccc4c(n3)NC(=O)C(C)(C)O4)n2)cc(OC)c1OC,Fc1c(Nc2nc3NC(=O)C(C)(C)Oc3cc2)nc(Nc2cc(OC)c(OC)c(OC)c2)nc1,1,0,0,0,0,0,0
AURKA,O14965,seed_342,106,1.6846656799316406,2.0826871,CN1CCN(C(=O)c2ccc(NC(=O)Nc3ccc(N(C)c4ccnc(Nc5ccc(CS(C)(=O)=O)cc5)n4)cc3)cc2)CC1,S(=O)(=O)(Cc1ccc(Nc2nc(N(C)c3ccc(NC(=O)Nc4ccc(C(=O)N5CCN(C)CC5)cc4)cc3)ccn2)cc1)C,0,0,0,0,0,0,0
AURKA,O14965,seed_342,107,1.6711628437042236,1.66,CN1CCN(c2ccc3nc(-c4c(N)c5c(F)cccc5[nH]c4=O)[nH]c3c2)CC1,Fc1c2C(N)=C(c3[nH]c4c(n3)ccc(N3CCN(C)CC3)c4)C(=O)Nc2ccc1,1,0,0,0,0,0,0
AURKA,O14965,seed_342,108,1.60903000831604,1.8,COc1cc2ncnc(Nc3ccc(O)c(Br)c3)c2cc1OC,Brc1c(O)ccc(Nc2ncnc3c2cc(OC)c(OC)c3)c1,1,0,0,0,0,0,0
AURKA,O14965,seed_342,109,1.5843591690063477,1.62873165,O=C(Nc1cccc(Nc2ncc(Br)c(NCCc3cnc[nH]3)n2)c1)N1CCCC1,Brc1c(NCCc2[nH]cnc2)nc(Nc2cc(NC(=O)N3CCCC3)ccc2)nc1,1,0,0,0,0,0,0
AURKA,O14965,seed_342,110,1.5744643211364746,1.30614455,Nc1nc(Nc2ccc(S(N)(=O)=O)cc2)nn1C(=O)c1c(F)cccc1F,S(=O)(=O)(N)c1ccc(Nc2nn(C(=O)c3c(F)cccc3F)c(N)n2)cc1,1,0,0,0,0,0,0
AURKA,O14965,seed_342,111,1.567591667175293,1.9400001,CNC(=O)c1nn(C)c2c1C(C)(C)Cc1cnc(Nc3ccc(N4CCN(C)CC4)cc3)nc1-2,O=C(NC)c1nn(C)c-2c1C(C)(C)Cc1c-2nc(Nc2ccc(N3CCN(C)CC3)cc2)nc1,1,0,0,0,0,0,0
AURKA,O14965,seed_342,112,1.5593433380126953,2.03,O=C1c2ccccc2-c2n[nH]c3cccc1c23,O=C1c2c3c([nH]nc3-c3c1cccc3)ccc2,1,0,0,0,0,0,0
AURKA,O14965,seed_342,113,1.5561820268630981,1.96,CNC(=O)c1ccccc1Sc1ccc2c(/C=C/c3ccccn3)n[nH]c2c1,S(c1c(C(=O)NC)cccc1)c1cc2[nH]nc(/C=C/c3ncccc3)c2cc1,1,0,0,0,0,0,0
AURKA,O14965,seed_342,114,1.5561820268630981,1.0655016,CNC(=O)c1ccccc1Sc1ccc2c(C=Cc3ccccn3)n[nH]c2c1,S(c1c(C(=O)NC)cccc1)c1cc2[nH]nc(C=Cc3ncccc3)c2cc1,1,0,0,0,0,0,0
AURKA,O14965,seed_342,115,1.528250813484192,1.92,Cc1[nH]c(/C=C2\C(=O)Nc3ccc(S(=O)(=O)N(C)c4cccc(Cl)c4)cc32)c(C)c1C(=O)N1CCN(C)CC1,Clc1cc(N(S(=O)(=O)c2cc3/C(=C/c4c(C)c(C(=O)N5CCN(C)CC5)c(C)[nH]4)/C(=O)Nc3cc2)C)ccc1,0,0,0,0,0,0,0
AURKA,O14965,seed_342,116,1.505838394165039,2.0130939,CN(c1ccc(NC(=O)Nc2ccc(OC(F)(F)F)cc2)cc1)c1ccnc(Nc2cccc(S(N)(=O)=O)c2)n1,S(=O)(=O)(N)c1cc(Nc2nc(N(C)c3ccc(NC(=O)Nc4ccc(OC(F)(F)F)cc4)cc3)ccn2)ccc1,0,0,0,0,0,0,0
AURKA,O14965,seed_342,117,1.5017528533935547,1.6900001,Cc1ncc(-c2ccnc(Nc3ccc(S(C)(=O)=O)cc3)n2)n1C(C)C,S(=O)(=O)(C)c1ccc(Nc2nc(-c3n(C(C)C)c(C)nc3)ccn2)cc1,1,0,0,0,0,0,0
AURKA,O14965,seed_342,118,1.4133777618408203,2.04,Cc1[nH]c(/C=C2\C(=O)Nc3ccccc32)c(C)c1CCC(=O)O,O=C(O)CCc1c(C)c(/C=C/2\C(=O)Nc3c\2cccc3)[nH]c1C,1,0,0,0,0,0,0
AURKA,O14965,seed_342,119,1.4133777618408203,0.81476957,Cc1[nH]c(C=C2C(=O)Nc3ccccc32)c(C)c1CCC(=O)O,O=C(O)CCc1c(C)c(C=C2C(=O)Nc3c2cccc3)[nH]c1C,1,0,0,0,0,0,0
AURKA,O14965,seed_342,120,1.3825595378875732,1.36,CN(C[C@@H]1COCCO1)S(=O)(=O)Nc1ccc2ccc3ncc(-c4cnn(C)c4)cc3c(=O)c2c1,S(=O)(=O)(N(C[C@H]1OCCOC1)C)Nc1cc2C(=O)c3c(ncc(-c4cn(C)nc4)c3)C=Cc2cc1,1,0,0,0,0,0,0
AURKA,O14965,seed_342,121,1.3650469779968262,1.30845963,Cc1ccc(Nc2nccc(N(C)c3ccc4c(C)n(C)nc4c3)n2)cc1S(N)(=O)=O,S(=O)(=O)(N)c1c(C)ccc(Nc2nc(N(C)c3cc4nn(C)c(C)c4cc3)ccn2)c1,1,0,0,0,0,0,0
AURKA,O14965,seed_342,122,1.3634058237075806,1.72,CCN(CC)CCNC(=O)c1c(C)[nH]c(/C=C2\C(=O)Nc3ccc(F)cc32)c1C,Fc1cc2/C(=C/c3c(C)c(C(=O)NCCN(CC)CC)c(C)[nH]3)/C(=O)Nc2cc1,1,0,0,0,0,0,0
AURKA,O14965,seed_342,123,1.351131796836853,0.52588093,COc1cc(CCc2cc(NC(=O)c3ccc(N4CC(C)NC(C)C4)cc3)n[nH]2)cc(OC)c1,O=C(Nc1n[nH]c(CCc2cc(OC)cc(OC)c2)c1)c1ccc(N2CC(C)NC(C)C2)cc1,1,0,0,0,0,0,0
AURKA,O14965,seed_342,124,1.351131796836853,2.04,COc1cc(CCc2cc(NC(=O)c3ccc(N4C[C@@H](C)N[C@@H](C)C4)cc3)n[nH]2)cc(OC)c1,O=C(Nc1n[nH]c(CCc2cc(OC)cc(OC)c2)c1)c1ccc(N2C[C@@H](C)N[C@@H](C)C2)cc1,1,0,0,0,0,0,0
AURKA,O14965,seed_342,125,1.1834075450897217,1.3411622,Cc1cc(Nc2nc(NC(C)c3ncc(F)cn3)ncc2Cl)n[nH]1,Clc1c(Nc2n[nH]c(C)c2)nc(NC(C)c2ncc(F)cn2)nc1,1,0,0,0,0,0,0
AURKA,O14965,seed_342,126,1.1391355991363525,1.2720252,COC(=O)c1ccc2c(c1)C(=Cc1cc(Br)c(O)c(Br)c1)C(=O)N2,Brc1c(O)c(Br)cc(C=C2C(=O)Nc3c2cc(C(=O)OC)cc3)c1,1,0,0,0,0,0,0
AURKA,O14965,seed_342,127,0.9578221440315247,1.1844665,CC(C)Oc1cc(Nc2nc(NC(C)c3ccc(F)cn3)ncc2Cl)n[nH]1,Clc1c(Nc2n[nH]c(OC(C)C)c2)nc(NC(C)c2ncc(F)cc2)nc1,1,0,0,0,0,0,0
AURKA,O14965,seed_342,128,0.7805435657501221,1.0730405,CN1CCN(c2ccc(Nc3nccc(-c4cnn5ncccc45)n3)cc2C(F)(F)F)CC1,FC(F)(F)c1c(N2CCN(C)CC2)ccc(Nc2nc(-c3c4n(nc3)N=CC=C4)ccn2)c1,1,0,0,0,0,0,0
AURKA,O14965,seed_342,129,0.7287164926528931,1.09,C=CC(=O)Nc1cc2c(Nc3ccc(F)c(Cl)c3)ncnc2cc1OCCCN1CCOCC1,Clc1c(F)ccc(Nc2ncnc3c2cc(NC(=O)C=C)c(OCCCN2CCOCC2)c3)c1,1,0,0,0,0,0,0
AURKA,O14965,seed_342,130,0.6918362379074097,0.86742014,Cn1cc(-c2[nH]c3cc(NC(=O)C(N)C4CCCCC4)cc4c3c2C=NNC4=O)cn1,O=C(Nc1cc2[nH]c(-c3cn(C)nc3)c3c2c(C(=O)NN=C3)c1)C(N)C1CCCCC1,1,0,0,0,0,0,0
AURKA,O14965,seed_442,1,3.3474361896514893,3.0599999,CCn1c(N)c(C(=O)NC)c(=O)c2ccc(C#C[C@@](C)(O)COC)nc21,O=C(NC)C1=C(N)N(CC)c2nc(C#C[C@@](O)(COC)C)ccc2C1=O,1,1,1,1,1,1,1
AURKA,O14965,seed_442,2,3.0511136054992676,2.8199999,Cc1ccncc1Nc1ncccc1C(=O)Nc1ccc(C2(C#N)CCCC2)cc1,O=C(Nc1ccc(C2(C#N)CCCC2)cc1)c1c(Nc2c(C)ccnc2)nccc1,0,1,1,1,0,1,1
AURKA,O14965,seed_442,3,3.015531539916992,3.2,Cc1ccc(F)c(NC(=O)Nc2ccc(-c3cccc4[nH]nc(N)c34)cc2)c1,Fc1c(NC(=O)Nc2ccc(-c3c4c(N)n[nH]c4ccc3)cc2)cc(C)cc1,1,1,1,1,1,1,1
AURKA,O14965,seed_442,4,2.9125349521636963,2.46,Cc1n[nH]c2ccc(-c3cncc(OC[C@@H](N)Cc4ccccc4)c3)cc12,O(C[C@@H](N)Cc1ccccc1)c1cc(-c2cc3c(C)n[nH]c3cc2)cnc1,1,0,1,1,0,0,0
AURKA,O14965,seed_442,5,2.7591121196746826,2.22,COc1cc2c(Nc3ccc(Br)cc3F)ncnc2cc1OCC1CCN(C)CC1,Brc1cc(F)c(Nc2ncnc3c2cc(OC)c(OCC2CCN(C)CC2)c3)cc1,0,0,1,1,0,0,0
AURKA,O14965,seed_442,6,2.7152955532073975,2.543893017,Cc1cc(Nc2cc(N3CCN(C)CC3)nc(Sc3ccc(NC(=O)C4CC4)cc3)n2)n[nH]1,S(c1nc(Nc2n[nH]c(C)c2)cc(N2CCN(C)CC2)n1)c1ccc(NC(=O)C2CC2)cc1,1,0,0,1,0,0,1
AURKA,O14965,seed_442,7,2.7000572681427,2.0544822,CCS(=O)(=O)c1cccc(-c2cc(C(=O)NC3CCN(C)CC3)c(C)c3[nH]c4ncc(C)cc4c23)c1,S(=O)(=O)(CC)c1cc(-c2c3c(c(C)c(C(=O)NC4CCN(C)CC4)c2)[nH]c2ncc(C)cc32)ccc1,0,0,0,1,0,0,0
AURKA,O14965,seed_442,8,2.6844630241394043,2.341321,COC1C(N(C)C(=O)c2ccccc2)CC2OC1(C)n1c3ccccc3c3c4c(c5c6ccccc6n2c5c31)C(=O)NC4,O=C(N(C)C1C(OC)C2(C)OC(n3c4c5n2c2c(c5c5c(C(=O)NC5)c4c4c3cccc4)cccc2)C1)c1ccccc1,0,0,0,1,0,0,0
AURKA,O14965,seed_442,9,2.671604871749878,2.0,COc1cc2c(Oc3ccc(NC(=O)C4(C(=O)Nc5ccc(F)cc5)CC4)cc3F)ccnc2cc1OCCCN1CCOCC1,Fc1c(Oc2c3c(ncc2)cc(OCCCN2CCOCC2)c(OC)c3)ccc(NC(=O)C2(C(=O)Nc3ccc(F)cc3)CC2)c1,0,0,0,1,0,0,0
AURKA,O14965,seed_442,10,2.67118501663208,1.0355203,O=C(O)c1ccc(-c2c[nH]c3ncc(-c4ccccc4)cc23)cc1C1CCCC1,O=C(O)c1c(C2CCCC2)cc(-c2c3c([nH]c2)ncc(-c2ccccc2)c3)cc1,0,0,0,1,0,0,0
AURKA,O14965,seed_442,11,2.647197961807251,2.3900001,COc1cccc2cc(-c3nc(C4CCC(C(=O)O)CC4)n4ncnc(N)c34)[nH]c12,O=C(O)C1CCC(c2n3N=CN=C(N)c3c(-c3[nH]c4c(OC)cccc4c3)n2)CC1,1,0,0,0,0,0,0
AURKA,O14965,seed_442,12,2.642085075378418,2.0599999,Fc1cc(-c2cccc3ncc(-c4cnn(C5CCNCC5)c4)nc23)cc(F)c1CN1CCOCC1,Fc1c(CN2CCOCC2)c(F)cc(-c2c3nc(-c4cn(C5CCNCC5)nc4)cnc3ccc2)c1,1,0,0,0,0,0,0
AURKA,O14965,seed_442,13,2.6324853897094727,1.8099999,O=C(O)C1(Cc2cccc(Nc3nccs3)n2)CCC(Oc2cccc(Cl)c2F)CC1,Clc1c(F)c(OC2CCC(C(=O)O)(Cc3nc(Nc4sccn4)ccc3)CC2)ccc1,0,0,0,0,0,0,0
AURKA,O14965,seed_442,14,2.6275951862335205,2.23,CC(C)(C)c1nc(-c2cccc(NS(=O)(=O)c3c(F)cccc3F)c2F)c(-c2ccnc(N)n2)s1,S(=O)(=O)(Nc1c(F)c(-c2c(-c3nc(N)ncc3)sc(C(C)(C)C)n2)ccc1)c1c(F)cccc1F,0,0,0,0,0,0,0
AURKA,O14965,seed_442,15,2.6182587146759033,1.96,CS(=O)(=O)N1CCN(Cc2cc3nc(-c4cccc5[nH]ncc45)nc(N4CCOCC4)c3s2)CC1,S(=O)(=O)(C)N1CCN(Cc2sc3c(N4CCOCC4)nc(-c4c5c([nH]nc5)ccc4)nc3c2)CC1,0,0,0,0,0,0,0
AURKA,O14965,seed_442,16,2.604907751083374,2.39735365,Cc1cc(Nc2cc(CN3CCOCC3)c3nc(C)c(Cc4ccc(Cl)cc4F)n3n2)n[nH]1,Clc1cc(F)c(Cc2c(C)nc3C(CN4CCOCC4)=CC(Nc4n[nH]c(C)c4)=Nn23)cc1,1,0,0,0,0,0,0
AURKA,O14965,seed_442,17,2.5889127254486084,2.1900001,O=C1NC(=O)/C(=C/c2ccc(-c3ccc(F)cc3O)o2)S1,Fc1cc(O)c(-c2oc(/C=C\3/C(=O)NC(=O)S/3)cc2)cc1,1,0,0,0,0,0,0
AURKA,O14965,seed_442,18,2.58819317817688,1.1933678,CC(Oc1cc(-c2cnn(C3CCNCC3)c2)cnc1N)c1c(Cl)ccc(F)c1Cl,Clc1c(C(Oc2c(N)ncc(-c3cn(C4CCNCC4)nc3)c2)C)c(Cl)ccc1F,0,0,0,0,0,0,0
AURKA,O14965,seed_442,19,2.58819317817688,1.27,C[C@@H](Oc1cc(-c2cnn(C3CCNCC3)c2)cnc1N)c1c(Cl)ccc(F)c1Cl,Clc1c([C@H](Oc2c(N)ncc(-c3cn(C4CCNCC4)nc3)c2)C)c(Cl)ccc1F,0,0,0,0,0,0,0
AURKA,O14965,seed_442,20,2.5806925296783447,2.1400001,Cc1nc(NC(=O)N2CCC[C@H]2C(N)=O)sc1-c1csc(C(C)(C)C)n1,O=C(Nc1sc(c(C)n1)-c1nc(C(C)(C)C)sc1)N1[C@H](C(=O)N)CCC1,1,0,0,0,0,0,0
AURKA,O14965,seed_442,21,2.562040090560913,2.23,COCC(=O)NC/C=C/c1ccc2ncnc(Nc3ccc(Oc4ccc(C)nc4)c(C)c3)c2c1,O=C(NC/C=C/c1cc2c(Nc3cc(C)c(Oc4cnc(C)cc4)cc3)ncnc2cc1)COC,1,0,0,0,0,0,0
AURKA,O14965,seed_442,22,2.5597636699676514,1.0652996,Cn1cnc(-c2cc3nccc(Oc4ccc(NC(=S)NC(=O)Cc5ccccc5)cc4F)c3s2)c1,S=C(NC(=O)Cc1ccccc1)Nc1cc(F)c(Oc2c3sc(-c4ncn(C)c4)cc3ncc2)cc1,0,0,0,0,0,0,0
AURKA,O14965,seed_442,23,2.548386335372925,2.4000001,Cc1cc(Nc2nc(N[C@@H](C)c3ccc(F)cc3)c(C#N)cc2F)n[nH]1,Fc1c(Nc2n[nH]c(C)c2)nc(N[C@@H](C)c2ccc(F)cc2)c(C#N)c1,1,0,0,0,0,0,0
AURKA,O14965,seed_442,24,2.537372350692749,2.01,CCOc1ccn(-c2ccc(F)cc2)c(=O)c1C(=O)Nc1ccc(Oc2ccnc(N)c2Cl)c(F)c1,Clc1c(N)nccc1Oc1c(F)cc(NC(=O)C=2C(=O)N(c3ccc(F)cc3)C=CC=2OCC)cc1,0,0,0,0,0,0,0
AURKA,O14965,seed_442,25,2.528463125228882,2.1900001,Cc1ccc(C(=O)Nc2ccc(CN3CCN(C)CC3)c(C(F)(F)F)c2)cc1C#Cc1cnc2cccnn12,FC(F)(F)c1c(CN2CCN(C)CC2)ccc(NC(=O)c2cc(C#Cc3n4N=CC=Cc4nc3)c(C)cc2)c1,0,0,0,0,0,0,0
AURKA,O14965,seed_442,26,2.527869701385498,2.05,CCS(=O)(=O)N1CC(CC#N)(n2cc(-c3ncnc4[nH]ccc34)cn2)C1,S(=O)(=O)(CC)N1CC(CC#N)(n2ncc(-c3ncnc4[nH]ccc34)c2)C1,1,0,0,0,0,0,0
AURKA,O14965,seed_442,27,2.5107414722442627,2.03,Cc1c(NC(=O)OC[C@@H]2COCCN2)cn2ncnc(Nc3ccc4c(cnn4Cc4cccc(F)c4)c3)c12,Fc1cc(Cn2ncc3c2ccc(NC2=NC=Nn4c2c(C)c(NC(=O)OC[C@H]2NCCOC2)c4)c3)ccc1,0,0,0,0,0,0,0
AURKA,O14965,seed_442,28,2.5104241371154785,2.1300001,CS(=O)(=O)CCNCc1ccc(-c2ccc3ncnc(Nc4ccc(OCc5cccc(F)c5)c(Cl)c4)c3c2)o1,Clc1c(OCc2cc(F)ccc2)ccc(Nc2ncnc3c2cc(-c2oc(CNCCS(=O)(=O)C)cc2)cc3)c1,0,0,0,0,0,0,0
AURKA,O14965,seed_442,29,2.5103657245635986,2.3,Cc1cnc(Nc2ccc(N3CCN(C)CC3)cc2)nc1Nc1cccc(S(=O)(=O)NC(C)(C)C)c1,S(=O)(=O)(NC(C)(C)C)c1cc(Nc2c(C)cnc(Nc3ccc(N4CCN(C)CC4)cc3)n2)ccc1,0,0,0,0,0,0,0
AURKA,O14965,seed_442,30,2.5018904209136963,2.1400001,Cc1cnc(Nc2ccc(OCCN3CCCC3)cc2)nc1Nc1cccc(S(=O)(=O)NC(C)(C)C)c1,S(=O)(=O)(NC(C)(C)C)c1cc(Nc2c(C)cnc(Nc3ccc(OCCN4CCCC4)cc3)n2)ccc1,0,0,0,0,0,0,0
AURKA,O14965,seed_442,31,2.501479148864746,2.02,COc1ccc2c(Oc3ccc(NC(=O)c4c(C)n(CC(C)(C)O)n(-c5ccccc5)c4=O)nc3)ccnc2c1,O=C(Nc1ncc(Oc2c3c(ncc2)cc(OC)cc3)cc1)C=1C(=O)N(N(CC(O)(C)C)C=1C)c1ccccc1,0,0,0,0,0,0,0
AURKA,O14965,seed_442,32,2.477003335952759,2.9400001,CC(=O)NCC(=O)N1[C@@H]2CC[C@H]1c1ccc(Nc3ncc(C(F)(F)F)c(NC4CCC4)n3)cc12,FC(F)(F)c1c(NC2CCC2)nc(Nc2cc3[C@@H]4N(C(=O)CNC(=O)C)[C@H](c3cc2)CC4)nc1,1,0,0,0,0,1,1
AURKA,O14965,seed_442,33,2.4758217334747314,2.1300001,C#Cc1cccc(Nc2ncnc3cc(OCCOC)c(OCCO)cc23)c1,O(CCOc1c(OCCO)cc2c(Nc3cc(C#C)ccc3)ncnc2c1)C,1,0,0,0,0,0,0
AURKA,O14965,seed_442,34,2.4725728034973145,2.1199999,N#CCNC(=O)c1ccc(-c2ccnc(Nc3ccc(N4CCOCC4)cc3)n2)cc1,O=C(NCC#N)c1ccc(-c2nc(Nc3ccc(N4CCOCC4)cc3)ncc2)cc1,1,0,0,0,0,0,0
AURKA,O14965,seed_442,35,2.4702041149139404,2.3199999,O=C(Nc1cccc(Cl)c1)Nc1ncc(CCNc2ncnc3ccsc23)s1,Clc1cc(NC(=O)Nc2sc(CCNc3ncnc4c3scc4)cn2)ccc1,0,0,0,0,0,0,0
AURKA,O14965,seed_442,36,2.468336820602417,2.5599999,O=C(Nc1c[nH]nc1-c1nc2cc(CN3CCOCC3)ccc2[nH]1)NC1CC1,O=C(Nc1c(-c2[nH]c3c(n2)cc(CN2CCOCC2)cc3)n[nH]c1)NC1CC1,1,0,0,0,0,0,1
AURKA,O14965,seed_442,37,2.4589145183563232,2.4300001,CC(C)n1nc(-c2cc3cc(O)ccc3[nH]2)c2c(N)ncnc21,Oc1cc2c([nH]c(-c3nn(C(C)C)c4ncnc(N)c34)c2)cc1,1,0,0,0,0,0,0
AURKA,O14965,seed_442,38,2.4486587047576904,2.358915429,COC(C(=O)N1Cc2[nH]nc(NC(=O)c3ccc(N4CCN(C)CC4)cc3)c2C1)c1ccccc1,O=C(C(OC)c1ccccc1)N1Cc2c(NC(=O)c3ccc(N4CCN(C)CC4)cc3)n[nH]c2C1,1,0,0,0,0,0,0
AURKA,O14965,seed_442,39,2.446223735809326,2.17709222,CCc1cccc(CC)c1NC(=O)N1Cc2[nH]nc(NC(=O)c3ccc(N4CCN(C)CC4)cc3)c2C1,O=C(Nc1c(CC)cccc1CC)N1Cc2c(NC(=O)c3ccc(N4CCN(C)CC4)cc3)n[nH]c2C1,0,0,0,0,0,0,0
AURKA,O14965,seed_442,40,2.444476366043091,2.6600001,Nc1nccc(Oc2ccc(NC(=O)c3c[nH]cc(-c4ccc(F)cc4)c3=O)cc2F)c1Cl,Clc1c(N)nccc1Oc1c(F)cc(NC(=O)C=2C(=O)C(c3ccc(F)cc3)=CNC=2)cc1,1,0,0,0,0,0,1
AURKA,O14965,seed_442,41,2.4400036334991455,2.28,Cn1cc(-c2ccc3nnc(C(F)(F)c4ccc5ncccc5c4)n3n2)cn1,FC(F)(c1n2N=C(c3cn(C)nc3)C=Cc2nn1)c1cc2c(nccc2)cc1,1,0,0,0,0,0,0
AURKA,O14965,seed_442,42,2.4350740909576416,2.04,O=C(NCc1ccccc1)c1csc(Nc2ccncn2)n1,O=C(NCc1ccccc1)c1nc(Nc2ncncc2)sc1,1,0,0,0,0,0,0
AURKA,O14965,seed_442,43,2.4346234798431396,2.3900001,Cc1ccccc1-n1c(Cn2nc(-c3cccc(O)c3)c3c(N)ncnc32)nc2cccc(C)c2c1=O,O=C1N(c2c(C)cccc2)C(Cn2nc(-c3cc(O)ccc3)c3c(N)ncnc23)=Nc2c1c(C)ccc2,1,0,0,0,0,0,0
AURKA,O14965,seed_442,44,2.425420045852661,2.445253171,CCn1cc(-c2ccnc3[nH]c(-c4cccc(CN(C)C)c4)cc23)c(-c2ccc(NC(=O)N(C)C)cc2)n1,O=C(N(C)C)Nc1ccc(-c2c(-c3c4c([nH]c(-c5cc(CN(C)C)ccc5)c4)ncc3)cn(CC)n2)cc1,0,0,0,0,0,0,0
AURKA,O14965,seed_442,45,2.4055566787719727,2.0699999,CC(C)n1nc(-c2ccc3oc(N)nc3c2)c2c(N)ncnc21,Nc1oc2c(n1)cc(-c1nn(C(C)C)c3ncnc(N)c13)cc2,1,0,0,0,0,0,0
AURKA,O14965,seed_442,46,2.3998782634735107,2.1900001,C=CC(=O)Nc1cccc(Sc2nc(Nc3ccc(N4CCN(C)CC4)cc3)ncc2Cl)c1,Clc1c(Sc2cc(NC(=O)C=C)ccc2)nc(Nc2ccc(N3CCN(C)CC3)cc2)nc1,1,0,0,0,0,0,0
AURKA,O14965,seed_442,47,2.3893253803253174,2.1448445,CC(Oc1ccc2[nH]nc(C=Cc3cnn(CCO)c3)c2c1)c1c(Cl)cncc1Cl,Clc1c(C(Oc2cc3c(C=Cc4cn(CCO)nc4)n[nH]c3cc2)C)c(Cl)cnc1,1,0,0,0,0,0,0
AURKA,O14965,seed_442,48,2.386258602142334,2.22,CCCNC(=O)Nc1ccc(Oc2ncnc3cc(OC)c(OC)cc23)cc1Cl,Clc1c(NC(=O)NCCC)ccc(Oc2ncnc3c2cc(OC)c(OC)c3)c1,1,0,0,0,0,0,0
AURKA,O14965,seed_442,49,2.379135847091675,2.05,COc1cc2nccc(Oc3ccc(NC(=O)Nc4cc(C)on4)c(Cl)c3)c2cc1OC,Clc1c(NC(=O)Nc2noc(C)c2)ccc(Oc2c3c(ncc2)cc(OC)c(OC)c3)c1,0,0,0,0,0,0,0
AURKA,O14965,seed_442,50,2.37688946723938,2.54,CC1(O)CC(c2nc(-c3ccc4ccc(-c5ccccc5)nc4c3)c3c(N)nccn23)C1,OC1(C)CC(c2n3c(c(-c4cc5nc(-c6ccccc6)ccc5cc4)n2)C(N)=NC=C3)C1,1,0,0,0,0,0,0
AURKA,O14965,seed_442,51,2.3724429607391357,1.98,Cc1ccc([N+](=O)[O-])cc1S(=O)(=O)N(C)/N=C/c1cnc2ccc(Br)cn12,BrC1=Cn2c(/C=N/N(S(=O)(=O)c3c(C)ccc([N+](=O)[O-])c3)C)cnc2C=C1,1,0,0,0,0,0,0
AURKA,O14965,seed_442,52,2.3678267002105713,1.34154275,COc1cc2c(Nc3ccc(NC(=O)c4ccccc4)cc3)ncnc2cc1OCCCN1CCOCC1,O=C(Nc1ccc(Nc2ncnc3c2cc(OC)c(OCCCN2CCOCC2)c3)cc1)c1ccccc1,0,0,0,0,0,0,0
AURKA,O14965,seed_442,53,2.3673999309539795,1.97,COc1cc2ncnc(Nc3cccc(Br)c3)c2cc1OC,Brc1cc(Nc2ncnc3c2cc(OC)c(OC)c3)ccc1,1,0,0,0,0,0,0
AURKA,O14965,seed_442,54,2.3656094074249268,2.1700001,CN(C)c1ccc(-c2nc3ncc(Cl)c(N4CCN(CC(=O)Nc5nccs5)CC4)c3[nH]2)cc1,Clc1c(N2CCN(CC(=O)Nc3sccn3)CC2)c2[nH]c(-c3ccc(N(C)C)cc3)nc2nc1,1,0,0,0,0,0,0
AURKA,O14965,seed_442,55,2.363360643386841,1.99,Clc1ccc(C2(c3ccc(-c4cn[nH]c4)cc3)CCNCC2)cc1,Clc1ccc(C2(c3ccc(-c4c[nH]nc4)cc3)CCNCC2)cc1,1,0,0,0,0,0,0
AURKA,O14965,seed_442,56,2.359980344772339,2.25,Cc1nc(N)sc1-c1ccnc(Nc2ccc(N3CCOCC3)cc2)n1,N(c1nc(-c2c(C)nc(N)s2)ccn1)c1ccc(N2CCOCC2)cc1,1,0,0,0,0,0,0
AURKA,O14965,seed_442,57,2.3583037853240967,3.5799999,Cc1csc(-c2nnc(Nc3ccc(Oc4ncccc4-c4ccnc(N)n4)cc3)c3ccccc23)c1,O(c1c(-c2nc(N)ncc2)cccn1)c1ccc(Nc2nnc(-c3scc(C)c3)c3c2cccc3)cc1,0,0,0,0,1,1,1
AURKA,O14965,seed_442,58,2.3216311931610107,2.1199999,C[C@@H]1CCN(C(=O)CC#N)C[C@@H]1N(C)c1ncnc2[nH]ccc12,O=C(CC#N)N1C[C@H](N(C)c2ncnc3[nH]ccc23)[C@H](C)CC1,1,0,0,0,0,0,0
AURKA,O14965,seed_442,59,2.30292010307312,1.96,Nc1ccc(-c2ccc3ncc4ccc(=O)n(-c5cccc(C(F)(F)F)c5)c4c3c2)cn1,FC(F)(F)c1cc(N2C(=O)C=Cc3c2c2c(nc3)ccc(-c3cnc(N)cc3)c2)ccc1,0,0,0,0,0,0,0
AURKA,O14965,seed_442,60,2.291668176651001,2.4400001,Cc1cc(Nc2cc(N3CCN(C)CC3)nc(/C=C/c3ccccc3)n2)n[nH]1,N(c1nc(/C=C/c2ccccc2)nc(N2CCN(C)CC2)c1)c1n[nH]c(C)c1,1,0,0,0,0,0,0
AURKA,O14965,seed_442,61,2.2896721363067627,2.03,CCCS(=O)(=O)Nc1ccc(F)c(C(=O)c2c[nH]c3ncc(Cl)cc23)c1F,Clc1cnc2[nH]cc(C(=O)c3c(F)c(NS(=O)(=O)CCC)ccc3F)c2c1,1,0,0,0,0,0,0
AURKA,O14965,seed_442,62,2.2678639888763428,2.2,O=c1c(O)c(-c2ccc(O)c(O)c2)oc2cc(O)cc(O)c12,O=C1C(O)=C(c2cc(O)c(O)cc2)Oc2c1c(O)cc(O)c2,1,0,0,0,0,0,0
AURKA,O14965,seed_442,63,2.264751672744751,2.01,CNC(=O)c1ccccc1Nc1nc(Nc2ccc(N3CCOCC3)cc2OC)ncc1Cl,Clc1c(Nc2c(C(=O)NC)cccc2)nc(Nc2c(OC)cc(N3CCOCC3)cc2)nc1,1,0,0,0,0,0,0
AURKA,O14965,seed_442,64,2.2521097660064697,2.24,CCS(=O)(=O)Nc1ccc2c(c1)/C(=C(/Nc1ccc(CN3CCCCC3)cc1)c1ccccc1)C(=O)N2,S(=O)(=O)(Nc1cc2/C(=C(/Nc3ccc(CN4CCCCC4)cc3)\c3ccccc3)/C(=O)Nc2cc1)CC,0,0,0,0,0,0,0
AURKA,O14965,seed_442,65,2.2512314319610596,1.85,COc1cc2c(Oc3ccc4[nH]c(C)cc4c3F)ncnc2cc1OCCCN1CCCC1,Fc1c(Oc2ncnc3c2cc(OC)c(OCCCN2CCCC2)c3)ccc2[nH]c(C)cc12,0,0,0,0,0,0,0
AURKA,O14965,seed_442,66,2.249140739440918,2.1199999,NC(=O)Nc1sc(-c2ccc(F)cc2)cc1C(N)=O,Fc1ccc(-c2sc(NC(=O)N)c(C(=O)N)c2)cc1,1,0,0,0,0,0,0
AURKA,O14965,seed_442,67,2.24776291847229,2.1900001,C=CC(=O)N1CCC[C@@H](n2nc(-c3ccc(Oc4ccccc4)cc3)c3c(N)ncnc32)C1,O=C(C=C)N1C[C@H](n2nc(-c3ccc(Oc4ccccc4)cc3)c3c(N)ncnc23)CCC1,1,0,0,0,0,0,0
AURKA,O14965,seed_442,68,2.2450363636016846,2.47,CN1CC[C@H](c2c(O)cc(O)c3c(=O)cc(-c4ccccc4Cl)oc23)[C@H](O)C1,Clc1c(C=2Oc3c([C@@H]4[C@H](O)CN(C)CC4)c(O)cc(O)c3C(=O)C=2)cccc1,1,0,0,0,0,0,0
AURKA,O14965,seed_442,69,2.2403295040130615,2.1500001,CN(C)Cc1cccc(N/C(=C2\C(=O)Nc3cc(C(N)=O)ccc32)c2ccccc2)c1,O=C(N)c1cc2NC(=O)/C(=C(\Nc3cc(CN(C)C)ccc3)/c3ccccc3)/c2cc1,1,0,0,0,0,0,0
AURKA,O14965,seed_442,70,2.2386205196380615,2.1600001,O=C(O)c1ccc2c(c1)nc(Nc1cccc(Cl)c1)c1ccncc12,Clc1cc(Nc2nc3c(c4c2ccnc4)ccc(C(=O)O)c3)ccc1,1,0,0,0,0,0,0
AURKA,O14965,seed_442,71,2.2374370098114014,2.3499999,CC1(COc2ccc3c(c2)ncn3-c2ccc3cccc(N4CCC(N)CC4)c3n2)COC1,O(CC1(C)COC1)c1cc2ncn(-c3nc4c(N5CCC(N)CC5)cccc4cc3)c2cc1,1,0,0,0,0,0,0
AURKA,O14965,seed_442,72,2.2326998710632324,2.0799999,N#CC[C@H](C1CCCC1)n1cc(-c2ncnc3[nH]ccc23)cn1,N#CC[C@@H](n1ncc(-c2ncnc3[nH]ccc23)c1)C1CCCC1,1,0,0,0,0,0,0
AURKA,O14965,seed_442,73,2.22697377204895,2.24,O=c1[nH]c2ccc(Cl)cc2c(N[C@@H]2CN3CCC2CC3)c1-c1nc2ccccc2[nH]1,Clc1cc2C(N[C@H]3C4CCN(C3)CC4)=C(c3[nH]c4c(n3)cccc4)C(=O)Nc2cc1,1,0,0,0,0,0,0
AURKA,O14965,seed_442,74,2.208876371383667,2.21,Nc1ncnc2c1c(-c1cnc3[nH]ccc3c1)nn2C1CCCC1,Nc1ncnc2n(C3CCCC3)nc(-c3cnc4[nH]ccc4c3)c12,1,0,0,0,0,0,0
AURKA,O14965,seed_442,75,2.202646255493164,2.46,COc1cc(N2CCC(N3CCN(C)CC3)CC2)ccc1Nc1ncc(Cl)c(Nc2ccccc2S(=O)(=O)C(C)C)n1,Clc1c(Nc2c(S(=O)(=O)C(C)C)cccc2)nc(Nc2c(OC)cc(N3CCC(N4CCN(C)CC4)CC3)cc2)nc1,0,0,0,0,0,0,0
AURKA,O14965,seed_442,76,2.200212240219116,2.04,CN1CCN(c2cccc(Nc3nc4c(-c5ccc(S(C)(=O)=O)cc5)cccn4n3)c2)CC1,S(=O)(=O)(C)c1ccc(C=2c3n(nc(Nc4cc(N5CCN(C)CC5)ccc4)n3)C=CC=2)cc1,1,0,0,0,0,0,0
AURKA,O14965,seed_442,77,2.1992111206054688,2.6099999,CCN1CCN(C(=O)Cc2ccc(Nc3ncc(F)c(Nc4ccc(C(=O)Nc5ccccc5Cl)cc4)n3)cc2)CC1,Clc1c(NC(=O)c2ccc(Nc3c(F)cnc(Nc4ccc(CC(=O)N5CCN(CC)CC5)cc4)n3)cc2)cccc1,0,0,0,0,0,0,1
AURKA,O14965,seed_442,78,2.1947414875030518,2.03,C=CC(=O)Nc1cccc(Oc2nc(Nc3ccc(N4CCN(C)CC4)cc3)ncc2Cl)c1,Clc1c(Oc2cc(NC(=O)C=C)ccc2)nc(Nc2ccc(N3CCN(C)CC3)cc2)nc1,1,0,0,0,0,0,0
AURKA,O14965,seed_442,79,2.194608449935913,1.489361765,COc1cc2nccc(Oc3ccc(NC(=O)C4(C(=O)Nc5ccc(F)cc5)CC4)cc3)c2cc1OC,Fc1ccc(NC(=O)C2(C(=O)Nc3ccc(Oc4c5c(ncc4)cc(OC)c(OC)c5)cc3)CC2)cc1,0,0,0,0,0,0,0
AURKA,O14965,seed_442,80,2.185959815979004,2.02,Nc1ncnc2c1c(-c1cccc(OCc3ccccc3)c1)cn2C1CC(CN2CCCC2)C1,O(Cc1ccccc1)c1cc(-c2c3c(N)ncnc3n(C3CC(CN4CCCC4)C3)c2)ccc1,0,0,0,0,0,0,0
AURKA,O14965,seed_442,81,2.1850099563598633,2.0,O=C1NC(=O)/C(=C/c2ccc3nccc(-c4ccncc4)c3c2)S1,O=C1/C(=C/c2cc3c(-c4ccncc4)ccnc3cc2)/SC(=O)N1,1,0,0,0,0,0,0
AURKA,O14965,seed_442,82,2.1744790077209473,2.05,COc1cc2nccc(Oc3ccc(NC(=O)NC4CC4)c(Cl)c3)c2cc1C(N)=O,Clc1c(NC(=O)NC2CC2)ccc(Oc2c3c(ncc2)cc(OC)c(C(=O)N)c3)c1,1,0,0,0,0,0,0
AURKA,O14965,seed_442,83,2.1671392917633057,1.8759525,CC1(C(=O)Nc2ccc(F)nc2)CCCN1c1nc(Nc2cc(C3CC3)n[nH]2)c2cccn2n1,Fc1ncc(NC(=O)C2(C)N(C=3N=C(Nc4[nH]nc(C5CC5)c4)c4n(N=3)ccc4)CCC2)cc1,1,0,0,0,0,0,0
AURKA,O14965,seed_442,84,2.1624701023101807,1.9299999,CCN(CCCOc1ccc2c(Nc3cc(CC(=O)Nc4cccc(F)c4)n[nH]3)ncnc2c1)CCOP(=O)(O)O,P(=O)(OCCN(CCCOc1cc2ncnc(Nc3[nH]nc(CC(=O)Nc4cc(F)ccc4)c3)c2cc1)CC)(O)O,0,0,0,0,0,0,0
AURKA,O14965,seed_442,85,2.1507251262664795,1.99,Nc1cccc(-c2cc3c(Oc4cccc(O)c4)ncnc3[nH]2)c1,O(c1ncnc2[nH]c(-c3cc(N)ccc3)cc12)c1cc(O)ccc1,1,0,0,0,0,0,0
AURKA,O14965,seed_442,86,2.1450650691986084,2.0,CCN1CCN(Cc2ccc(-c3cc4c(N[C@H](C)c5ccccc5)ncnc4[nH]3)cc2)CC1,N([C@H](C)c1ccccc1)c1ncnc2[nH]c(-c3ccc(CN4CCN(CC)CC4)cc3)cc12,1,0,0,0,0,0,0
AURKA,O14965,seed_442,87,2.112809181213379,1.9,Cc1cc(C)c(/C=C2\C(=O)Nc3ccccc32)[nH]1,O=C1/C(=C\c2c(C)cc(C)[nH]2)/c2c(N1)cccc2,1,0,0,0,0,0,0
AURKA,O14965,seed_442,88,2.098910093307495,2.4100001,COCCNCc1ccc(-c2cc3nccc(Oc4ccc(NC(=S)NC(=O)Cc5ccc(F)cc5)cc4F)c3s2)nc1,S=C(NC(=O)Cc1ccc(F)cc1)Nc1cc(F)c(Oc2c3sc(-c4ncc(CNCCOC)cc4)cc3ncc2)cc1,0,0,0,0,0,0,0
AURKA,O14965,seed_442,89,2.0975470542907715,2.01,COc1cc(Nc2ncc(F)c(Nc3ccc4c(n3)N(COP(=O)(O)O)C(=O)C(C)(C)O4)n2)cc(OC)c1OC,P(=O)(OCN1C(=O)C(C)(C)Oc2c1nc(Nc1c(F)cnc(Nc3cc(OC)c(OC)c(OC)c3)n1)cc2)(O)O,0,0,0,0,0,0,0
AURKA,O14965,seed_442,90,2.0760762691497803,1.6799999,Cc1nc(Nc2ncc(C(=O)Nc3c(C)cccc3Cl)s2)cc(N2CCN(CCO)CC2)n1,Clc1c(NC(=O)c2sc(Nc3nc(C)nc(N4CCN(CCO)CC4)c3)nc2)c(C)ccc1,1,0,0,0,0,0,0
AURKA,O14965,seed_442,91,2.0740222930908203,2.0826871,CN1CCN(C(=O)c2ccc(NC(=O)Nc3ccc(N(C)c4ccnc(Nc5ccc(CS(C)(=O)=O)cc5)n4)cc3)cc2)CC1,S(=O)(=O)(Cc1ccc(Nc2nc(N(C)c3ccc(NC(=O)Nc4ccc(C(=O)N5CCN(C)CC5)cc4)cc3)ccn2)cc1)C,0,0,0,0,0,0,0
AURKA,O14965,seed_442,92,2.061267614364624,1.74,COc1cc2c(N3CCN(C(=O)Nc4ccc(OC(C)C)cc4)CC3)ncnc2cc1OCCCN1CCCCC1,O=C(Nc1ccc(OC(C)C)cc1)N1CCN(c2ncnc3c2cc(OC)c(OCCCN2CCCCC2)c3)CC1,0,0,0,0,0,0,0
AURKA,O14965,seed_442,93,2.0580878257751465,2.5599999,O=C(NCCCNc1nc(Nc2cccc(NC(=O)N3CCCC3)c2)ncc1I)c1cccs1,Ic1c(NCCCNC(=O)c2sccc2)nc(Nc2cc(NC(=O)N3CCCC3)ccc2)nc1,0,0,0,0,0,0,1
AURKA,O14965,seed_442,94,2.037977457046509,2.1099999,NC(=O)Nc1cc(-c2cccc(F)c2)sc1C(=O)N[C@H]1CCCNC1,Fc1cc(-c2sc(C(=O)N[C@@H]3CNCCC3)c(NC(=O)N)c2)ccc1,1,0,0,0,0,0,0
AURKA,O14965,seed_442,95,2.000297784805298,2.03,O=C1c2ccccc2-c2n[nH]c3cccc1c23,O=C1c2c3c([nH]nc3-c3c1cccc3)ccc2,1,0,0,0,0,0,0
AURKA,O14965,seed_442,96,1.9912645816802979,0.785761576,CCN(CCO)CCCOc1ccc2c(Nc3cc(CC(=O)Nc4cccc(F)c4)[nH]n3)ncnc2c1,Fc1cc(NC(=O)Cc2[nH]nc(Nc3ncnc4c3ccc(OCCCN(CCO)CC)c4)c2)ccc1,0,0,0,0,0,0,0
AURKA,O14965,seed_442,97,1.9906609058380127,1.92,COCCOc1ccc2c(c1)ncn2-c1ccc2cccc(N3CCC(N)CC3)c2n1,O(CCOc1cc2ncn(-c3nc4c(N5CCC(N)CC5)cccc4cc3)c2cc1)C,1,0,0,0,0,0,0
AURKA,O14965,seed_442,98,1.9634628295898438,1.0608304,COc1cc(N2CCC(N(C)C)CC2)ccc1Nc1ncc(Cl)c(Nc2ccccc2P(C)(C)=O)n1,Clc1c(Nc2c(P(=O)(C)C)cccc2)nc(Nc2c(OC)cc(N3CCC(N(C)C)CC3)cc2)nc1,0,0,0,0,0,0,0
AURKA,O14965,seed_442,99,1.960991621017456,1.9400001,CNC(=O)c1nn(C)c2c1C(C)(C)Cc1cnc(Nc3ccc(N4CCN(C)CC4)cc3)nc1-2,O=C(NC)c1nn(C)c-2c1C(C)(C)Cc1c-2nc(Nc2ccc(N3CCN(C)CC3)cc2)nc1,1,0,0,0,0,0,0
AURKA,O14965,seed_442,100,1.959660291671753,2.0599999,c1ccc2c(-c3cnn4cc(-c5ccc(N6CCNCC6)cc5)cnc34)ccnc2c1,N1(c2ccc(C3=Cn4ncc(-c5c6c(ncc5)cccc6)c4N=C3)cc2)CCNCC1,1,0,0,0,0,0,0
AURKA,O14965,seed_442,101,1.9316684007644653,1.84,Cc1[nH]c(/C=C2\C(=O)Nc3ccc(S(=O)(=O)Cc4c(Cl)cccc4Cl)cc32)c(C)c1C(=O)N1CCC[C@@H]1CN1CCCC1,Clc1c(CS(=O)(=O)c2cc3/C(=C/c4c(C)c(C(=O)N5[C@@H](CN6CCCC6)CCC5)c(C)[nH]4)/C(=O)Nc3cc2)c(Cl)ccc1,0,0,0,0,0,0,0
AURKA,O14965,seed_442,102,1.9234453439712524,1.6900001,Cc1ncc(-c2ccnc(Nc3ccc(S(C)(=O)=O)cc3)n2)n1C(C)C,S(=O)(=O)(C)c1ccc(Nc2nc(-c3n(C(C)C)c(C)nc3)ccn2)cc1,1,0,0,0,0,0,0
AURKA,O14965,seed_442,103,1.9205632209777832,1.7636307,O=C(Nc1c[nH]nc1-c1nc2ccc(CN3CCOCC3)cc2[nH]1)NC1CC1,O=C(Nc1c(-c2[nH]c3c(n2)ccc(CN2CCOCC2)c3)n[nH]c1)NC1CC1,1,0,0,0,0,0,0
AURKA,O14965,seed_442,104,1.9125975370407104,1.1677892,CN(c1ccccc1CNc1nc(Nc2ccc3c(c2)CC(=O)N3)ncc1C(F)(F)F)S(C)(=O)=O,S(=O)(=O)(N(C)c1c(CNc2c(C(F)(F)F)cnc(Nc3cc4c(NC(=O)C4)cc3)n2)cccc1)C,0,0,0,0,0,0,0
AURKA,O14965,seed_442,105,1.8954824209213257,1.98,CC(C)(C)c1cnc(CSc2cnc(NC(=O)C3CCNCC3)s2)o1,S(Cc1oc(C(C)(C)C)cn1)c1sc(NC(=O)C2CCNCC2)nc1,1,0,0,0,0,0,0
AURKA,O14965,seed_442,106,1.872768521308899,1.62873165,O=C(Nc1cccc(Nc2ncc(Br)c(NCCc3cnc[nH]3)n2)c1)N1CCCC1,Brc1c(NCCc2[nH]cnc2)nc(Nc2cc(NC(=O)N3CCCC3)ccc2)nc1,1,0,0,0,0,0,0
AURKA,O14965,seed_442,107,1.8539923429489136,1.96,CNC(=O)c1ccccc1Sc1ccc2c(/C=C/c3ccccn3)n[nH]c2c1,S(c1c(C(=O)NC)cccc1)c1cc2[nH]nc(/C=C/c3ncccc3)c2cc1,1,0,0,0,0,0,0
AURKA,O14965,seed_442,108,1.8539923429489136,1.0655016,CNC(=O)c1ccccc1Sc1ccc2c(C=Cc3ccccn3)n[nH]c2c1,S(c1c(C(=O)NC)cccc1)c1cc2[nH]nc(C=Cc3ncccc3)c2cc1,1,0,0,0,0,0,0
AURKA,O14965,seed_442,109,1.8464107513427734,1.95,C=CC(=O)Nc1cccc(Oc2nc(Nc3ccc(N4CCN(C)CC4)cc3OC)ncc2Cl)c1,Clc1c(Oc2cc(NC(=O)C=C)ccc2)nc(Nc2c(OC)cc(N3CCN(C)CC3)cc2)nc1,1,0,0,0,0,0,0
AURKA,O14965,seed_442,110,1.8363122940063477,1.30614455,Nc1nc(Nc2ccc(S(N)(=O)=O)cc2)nn1C(=O)c1c(F)cccc1F,S(=O)(=O)(N)c1ccc(Nc2nn(C(=O)c3c(F)cccc3F)c(N)n2)cc1,1,0,0,0,0,0,0
AURKA,O14965,seed_442,111,1.8362045288085938,1.92,Cc1[nH]c(/C=C2\C(=O)Nc3ccc(S(=O)(=O)N(C)c4cccc(Cl)c4)cc32)c(C)c1C(=O)N1CCN(C)CC1,Clc1cc(N(S(=O)(=O)c2cc3/C(=C/c4c(C)c(C(=O)N5CCN(C)CC5)c(C)[nH]4)/C(=O)Nc3cc2)C)ccc1,0,0,0,0,0,0,0
AURKA,O14965,seed_442,112,1.8320200443267822,1.66,CN1CCN(c2ccc3nc(-c4c(N)c5c(F)cccc5[nH]c4=O)[nH]c3c2)CC1,Fc1c2C(N)=C(c3[nH]c4c(n3)ccc(N3CCN(C)CC3)c4)C(=O)Nc2ccc1,1,0,0,0,0,0,0
AURKA,O14965,seed_442,113,1.8248116970062256,1.36,CN(C[C@@H]1COCCO1)S(=O)(=O)Nc1ccc2ccc3ncc(-c4cnn(C)c4)cc3c(=O)c2c1,S(=O)(=O)(N(C[C@H]1OCCOC1)C)Nc1cc2C(=O)c3c(ncc(-c4cn(C)nc4)c3)C=Cc2cc1,1,0,0,0,0,0,0
AURKA,O14965,seed_442,114,1.791935682296753,1.8,COc1cc2ncnc(Nc3ccc(O)c(Br)c3)c2cc1OC,Brc1c(O)ccc(Nc2ncnc3c2cc(OC)c(OC)c3)c1,1,0,0,0,0,0,0
AURKA,O14965,seed_442,115,1.7775039672851562,2.1099999,CN(c1ncccc1CNc1nc(Nc2ccc3c(c2)CC(=O)N3)ncc1C(F)(F)F)S(C)(=O)=O,S(=O)(=O)(N(C)c1c(CNc2c(C(F)(F)F)cnc(Nc3cc4c(NC(=O)C4)cc3)n2)cccn1)C,0,0,0,0,0,0,0
AURKA,O14965,seed_442,116,1.7718645334243774,2.1529376,O=C(O)c1ccc(Nc2ncc3c(n2)-c2ccc(Cl)cc2C(c2c(F)cccc2F)=NC3)cc1,Clc1cc2C(c3c(F)cccc3F)=NCc3c(nc(Nc4ccc(C(=O)O)cc4)nc3)-c2cc1,0,0,0,0,0,0,0
AURKA,O14965,seed_442,117,1.7487764358520508,1.7819343,COc1cc(Nc2ncc(F)c(Nc3ccc4c(n3)NC(=O)C(C)(C)O4)n2)cc(OC)c1OC,Fc1c(Nc2nc3NC(=O)C(C)(C)Oc3cc2)nc(Nc2cc(OC)c(OC)c(OC)c2)nc1,1,0,0,0,0,0,0
AURKA,O14965,seed_442,118,1.6798278093338013,0.52588093,COc1cc(CCc2cc(NC(=O)c3ccc(N4CC(C)NC(C)C4)cc3)n[nH]2)cc(OC)c1,O=C(Nc1n[nH]c(CCc2cc(OC)cc(OC)c2)c1)c1ccc(N2CC(C)NC(C)C2)cc1,1,0,0,0,0,0,0
AURKA,O14965,seed_442,119,1.6798278093338013,2.04,COc1cc(CCc2cc(NC(=O)c3ccc(N4C[C@@H](C)N[C@@H](C)C4)cc3)n[nH]2)cc(OC)c1,O=C(Nc1n[nH]c(CCc2cc(OC)cc(OC)c2)c1)c1ccc(N2C[C@@H](C)N[C@@H](C)C2)cc1,1,0,0,0,0,0,0
AURKA,O14965,seed_442,120,1.6496503353118896,2.04,Cc1[nH]c(/C=C2\C(=O)Nc3ccccc32)c(C)c1CCC(=O)O,O=C(O)CCc1c(C)c(/C=C/2\C(=O)Nc3c\2cccc3)[nH]c1C,1,0,0,0,0,0,0
AURKA,O14965,seed_442,121,1.6496503353118896,0.81476957,Cc1[nH]c(C=C2C(=O)Nc3ccccc32)c(C)c1CCC(=O)O,O=C(O)CCc1c(C)c(C=C2C(=O)Nc3c2cccc3)[nH]c1C,1,0,0,0,0,0,0
AURKA,O14965,seed_442,122,1.5758507251739502,2.0130939,CN(c1ccc(NC(=O)Nc2ccc(OC(F)(F)F)cc2)cc1)c1ccnc(Nc2cccc(S(N)(=O)=O)c2)n1,S(=O)(=O)(N)c1cc(Nc2nc(N(C)c3ccc(NC(=O)Nc4ccc(OC(F)(F)F)cc4)cc3)ccn2)ccc1,0,0,0,0,0,0,0
AURKA,O14965,seed_442,123,1.5644689798355103,1.30845963,Cc1ccc(Nc2nccc(N(C)c3ccc4c(C)n(C)nc4c3)n2)cc1S(N)(=O)=O,S(=O)(=O)(N)c1c(C)ccc(Nc2nc(N(C)c3cc4nn(C)c(C)c4cc3)ccn2)c1,1,0,0,0,0,0,0
AURKA,O14965,seed_442,124,1.5340478420257568,1.72,CCN(CC)CCNC(=O)c1c(C)[nH]c(/C=C2\C(=O)Nc3ccc(F)cc32)c1C,Fc1cc2/C(=C/c3c(C)c(C(=O)NCCN(CC)CC)c(C)[nH]3)/C(=O)Nc2cc1,1,0,0,0,0,0,0
AURKA,O14965,seed_442,125,1.4360034465789795,1.2720252,COC(=O)c1ccc2c(c1)C(=Cc1cc(Br)c(O)c(Br)c1)C(=O)N2,Brc1c(O)c(Br)cc(C=C2C(=O)Nc3c2cc(C(=O)OC)cc3)c1,1,0,0,0,0,0,0
AURKA,O14965,seed_442,126,1.3080570697784424,1.3411622,Cc1cc(Nc2nc(NC(C)c3ncc(F)cn3)ncc2Cl)n[nH]1,Clc1c(Nc2n[nH]c(C)c2)nc(NC(C)c2ncc(F)cn2)nc1,1,0,0,0,0,0,0
AURKA,O14965,seed_442,127,1.1297481060028076,1.1844665,CC(C)Oc1cc(Nc2nc(NC(C)c3ccc(F)cn3)ncc2Cl)n[nH]1,Clc1c(Nc2n[nH]c(OC(C)C)c2)nc(NC(C)c2ncc(F)cc2)nc1,1,0,0,0,0,0,0
AURKA,O14965,seed_442,128,1.096817970275879,1.09,C=CC(=O)Nc1cc2c(Nc3ccc(F)c(Cl)c3)ncnc2cc1OCCCN1CCOCC1,Clc1c(F)ccc(Nc2ncnc3c2cc(NC(=O)C=C)c(OCCCN2CCOCC2)c3)c1,1,0,0,0,0,0,0
AURKA,O14965,seed_442,129,0.9935590624809265,1.0730405,CN1CCN(c2ccc(Nc3nccc(-c4cnn5ncccc45)n3)cc2C(F)(F)F)CC1,FC(F)(F)c1c(N2CCN(C)CC2)ccc(Nc2nc(-c3c4n(nc3)N=CC=C4)ccn2)c1,1,0,0,0,0,0,0
AURKA,O14965,seed_442,130,0.8717600703239441,0.86742014,Cn1cc(-c2[nH]c3cc(NC(=O)C(N)C4CCCCC4)cc4c3c2C=NNC4=O)cn1,O=C(Nc1cc2[nH]c(-c3cn(C)nc3)c3c2c(C(=O)NN=C3)c1)C(N)C1CCCCC1,1,0,0,0,0,0,0
AURKA,O14965,ensemble,1,3.1752124309539793,3.0599999,CCn1c(N)c(C(=O)NC)c(=O)c2ccc(C#C[C@@](C)(O)COC)nc21,O=C(NC)C1=C(N)N(CC)c2nc(C#C[C@@](O)(COC)C)ccc2C1=O,1,1,1,1,1,1,1
AURKA,O14965,ensemble,2,2.9990795612335206,3.2,Cc1ccc(F)c(NC(=O)Nc2ccc(-c3cccc4[nH]nc(N)c34)cc2)c1,Fc1c(NC(=O)Nc2ccc(-c3c4c(N)n[nH]c4ccc3)cc2)cc(C)cc1,1,1,1,1,1,1,1
AURKA,O14965,ensemble,3,2.7224966049194337,2.8199999,Cc1ccncc1Nc1ncccc1C(=O)Nc1ccc(C2(C#N)CCCC2)cc1,O=C(Nc1ccc(C2(C#N)CCCC2)cc1)c1c(Nc2c(C)ccnc2)nccc1,0,1,1,1,0,1,1
AURKA,O14965,ensemble,4,2.713808870315552,2.46,Cc1n[nH]c2ccc(-c3cncc(OC[C@@H](N)Cc4ccccc4)c3)cc12,O(C[C@@H](N)Cc1ccccc1)c1cc(-c2cc3c(C)n[nH]c3cc2)cnc1,1,0,1,1,0,0,0
AURKA,O14965,ensemble,5,2.7109045505523683,1.96,CS(=O)(=O)N1CCN(Cc2cc3nc(-c4cccc5[nH]ncc45)nc(N4CCOCC4)c3s2)CC1,S(=O)(=O)(C)N1CCN(Cc2sc3c(N4CCOCC4)nc(-c4c5c([nH]nc5)ccc4)nc3c2)CC1,0,0,1,1,0,0,0
AURKA,O14965,ensemble,6,2.682023286819458,2.1900001,Cc1ccc(C(=O)Nc2ccc(CN3CCN(C)CC3)c(C(F)(F)F)c2)cc1C#Cc1cnc2cccnn12,FC(F)(F)c1c(CN2CCN(C)CC2)ccc(NC(=O)c2cc(C#Cc3n4N=CC=Cc4nc3)c(C)cc2)c1,0,0,0,1,0,0,0
AURKA,O14965,ensemble,7,2.649849796295166,1.0652996,Cn1cnc(-c2cc3nccc(Oc4ccc(NC(=S)NC(=O)Cc5ccccc5)cc4F)c3s2)c1,S=C(NC(=O)Cc1ccccc1)Nc1cc(F)c(Oc2c3sc(-c4ncn(C)c4)cc3ncc2)cc1,0,0,0,1,0,0,0
AURKA,O14965,ensemble,8,2.6461241245269775,2.0,COc1cc2c(Oc3ccc(NC(=O)C4(C(=O)Nc5ccc(F)cc5)CC4)cc3F)ccnc2cc1OCCCN1CCOCC1,Fc1c(Oc2c3c(ncc2)cc(OCCCN2CCOCC2)c(OC)c3)ccc(NC(=O)C2(C(=O)Nc3ccc(F)cc3)CC2)c1,0,0,0,1,0,0,0
AURKA,O14965,ensemble,9,2.6377353191375734,1.8099999,O=C(O)C1(Cc2cccc(Nc3nccs3)n2)CCC(Oc2cccc(Cl)c2F)CC1,Clc1c(F)c(OC2CCC(C(=O)O)(Cc3nc(Nc4sccn4)ccc3)CC2)ccc1,0,0,0,1,0,0,0
AURKA,O14965,ensemble,10,2.6236799716949464,2.02,COc1ccc2c(Oc3ccc(NC(=O)c4c(C)n(CC(C)(C)O)n(-c5ccccc5)c4=O)nc3)ccnc2c1,O=C(Nc1ncc(Oc2c3c(ncc2)cc(OC)cc3)cc1)C=1C(=O)N(N(CC(O)(C)C)C=1C)c1ccccc1,0,0,0,1,0,0,0
AURKA,O14965,ensemble,11,2.6118842124938966,2.3900001,COc1cccc2cc(-c3nc(C4CCC(C(=O)O)CC4)n4ncnc(N)c34)[nH]c12,O=C(O)C1CCC(c2n3N=CN=C(N)c3c(-c3[nH]c4c(OC)cccc4c3)n2)CC1,1,0,0,0,0,0,0
AURKA,O14965,ensemble,12,2.608914041519165,1.1933678,CC(Oc1cc(-c2cnn(C3CCNCC3)c2)cnc1N)c1c(Cl)ccc(F)c1Cl,Clc1c(C(Oc2c(N)ncc(-c3cn(C4CCNCC4)nc3)c2)C)c(Cl)ccc1F,0,0,0,0,0,0,0
AURKA,O14965,ensemble,13,2.608914041519165,1.27,C[C@@H](Oc1cc(-c2cnn(C3CCNCC3)c2)cnc1N)c1c(Cl)ccc(F)c1Cl,Clc1c([C@H](Oc2c(N)ncc(-c3cn(C4CCNCC4)nc3)c2)C)c(Cl)ccc1F,0,0,0,0,0,0,0
AURKA,O14965,ensemble,14,2.559182548522949,2.341321,COC1C(N(C)C(=O)c2ccccc2)CC2OC1(C)n1c3ccccc3c3c4c(c5c6ccccc6n2c5c31)C(=O)NC4,O=C(N(C)C1C(OC)C2(C)OC(n3c4c5n2c2c(c5c5c(C(=O)NC5)c4c4c3cccc4)cccc2)C1)c1ccccc1,0,0,0,0,0,0,0
AURKA,O14965,ensemble,15,2.556998777389526,2.22,COc1cc2c(Nc3ccc(Br)cc3F)ncnc2cc1OCC1CCN(C)CC1,Brc1cc(F)c(Nc2ncnc3c2cc(OC)c(OCC2CCN(C)CC2)c3)cc1,0,0,0,0,0,0,0
AURKA,O14965,ensemble,16,2.5471682071685793,2.9400001,CC(=O)NCC(=O)N1[C@@H]2CC[C@H]1c1ccc(Nc3ncc(C(F)(F)F)c(NC4CCC4)n3)cc12,FC(F)(F)c1c(NC2CCC2)nc(Nc2cc3[C@@H]4N(C(=O)CNC(=O)C)[C@H](c3cc2)CC4)nc1,1,0,0,0,0,1,1
AURKA,O14965,ensemble,17,2.5264899730682373,2.39735365,Cc1cc(Nc2cc(CN3CCOCC3)c3nc(C)c(Cc4ccc(Cl)cc4F)n3n2)n[nH]1,Clc1cc(F)c(Cc2c(C)nc3C(CN4CCOCC4)=CC(Nc4n[nH]c(C)c4)=Nn23)cc1,1,0,0,0,0,0,0
AURKA,O14965,ensemble,18,2.521706533432007,2.01,CCOc1ccn(-c2ccc(F)cc2)c(=O)c1C(=O)Nc1ccc(Oc2ccnc(N)c2Cl)c(F)c1,Clc1c(N)nccc1Oc1c(F)cc(NC(=O)C=2C(=O)N(c3ccc(F)cc3)C=CC=2OCC)cc1,0,0,0,0,0,0,0
AURKA,O14965,ensemble,19,2.5198924064636232,2.0544822,CCS(=O)(=O)c1cccc(-c2cc(C(=O)NC3CCN(C)CC3)c(C)c3[nH]c4ncc(C)cc4c23)c1,S(=O)(=O)(CC)c1cc(-c2c3c(c(C)c(C(=O)NC4CCN(C)CC4)c2)[nH]c2ncc(C)cc32)ccc1,0,0,0,0,0,0,0
AURKA,O14965,ensemble,20,2.513775587081909,2.0599999,Fc1cc(-c2cccc3ncc(-c4cnn(C5CCNCC5)c4)nc23)cc(F)c1CN1CCOCC1,Fc1c(CN2CCOCC2)c(F)cc(-c2c3nc(-c4cn(C5CCNCC5)nc4)cnc3ccc2)c1,1,0,0,0,0,0,0
AURKA,O14965,ensemble,21,2.5137613296508787,2.4000001,Cc1cc(Nc2nc(N[C@@H](C)c3ccc(F)cc3)c(C#N)cc2F)n[nH]1,Fc1c(Nc2n[nH]c(C)c2)nc(N[C@@H](C)c2ccc(F)cc2)c(C#N)c1,1,0,0,0,0,0,0
AURKA,O14965,ensemble,22,2.5120687007904055,2.03,Cc1c(NC(=O)OC[C@@H]2COCCN2)cn2ncnc(Nc3ccc4c(cnn4Cc4cccc(F)c4)c3)c12,Fc1cc(Cn2ncc3c2ccc(NC2=NC=Nn4c2c(C)c(NC(=O)OC[C@H]2NCCOC2)c4)c3)ccc1,0,0,0,0,0,0,0
AURKA,O14965,ensemble,23,2.488708019256592,2.1900001,O=C1NC(=O)/C(=C/c2ccc(-c3ccc(F)cc3O)o2)S1,Fc1cc(O)c(-c2oc(/C=C\3/C(=O)NC(=O)S/3)cc2)cc1,1,0,0,0,0,0,0
AURKA,O14965,ensemble,24,2.4625012397766115,2.5599999,O=C(Nc1c[nH]nc1-c1nc2cc(CN3CCOCC3)ccc2[nH]1)NC1CC1,O=C(Nc1c(-c2[nH]c3c(n2)cc(CN2CCOCC2)cc3)n[nH]c1)NC1CC1,1,0,0,0,0,0,1
AURKA,O14965,ensemble,25,2.455810070037842,2.543893017,Cc1cc(Nc2cc(N3CCN(C)CC3)nc(Sc3ccc(NC(=O)C4CC4)cc3)n2)n[nH]1,S(c1nc(Nc2n[nH]c(C)c2)cc(N2CCN(C)CC2)n1)c1ccc(NC(=O)C2CC2)cc1,1,0,0,0,0,0,1
AURKA,O14965,ensemble,26,2.4453991889953612,2.17709222,CCc1cccc(CC)c1NC(=O)N1Cc2[nH]nc(NC(=O)c3ccc(N4CCN(C)CC4)cc3)c2C1,O=C(Nc1c(CC)cccc1CC)N1Cc2c(NC(=O)c3ccc(N4CCN(C)CC4)cc3)n[nH]c2C1,0,0,0,0,0,0,0
AURKA,O14965,ensemble,27,2.4349974632263183,2.6600001,Nc1nccc(Oc2ccc(NC(=O)c3c[nH]cc(-c4ccc(F)cc4)c3=O)cc2F)c1Cl,Clc1c(N)nccc1Oc1c(F)cc(NC(=O)C=2C(=O)C(c3ccc(F)cc3)=CNC=2)cc1,1,0,0,0,0,0,1
AURKA,O14965,ensemble,28,2.431428337097168,2.3900001,Cc1ccccc1-n1c(Cn2nc(-c3cccc(O)c3)c3c(N)ncnc32)nc2cccc(C)c2c1=O,O=C1N(c2c(C)cccc2)C(Cn2nc(-c3cc(O)ccc3)c3c(N)ncnc23)=Nc2c1c(C)ccc2,1,0,0,0,0,0,0
AURKA,O14965,ensemble,29,2.4203200817108153,2.358915429,COC(C(=O)N1Cc2[nH]nc(NC(=O)c3ccc(N4CCN(C)CC4)cc3)c2C1)c1ccccc1,O=C(C(OC)c1ccccc1)N1Cc2c(NC(=O)c3ccc(N4CCN(C)CC4)cc3)n[nH]c2C1,1,0,0,0,0,0,0
AURKA,O14965,ensemble,30,2.419271183013916,1.0355203,O=C(O)c1ccc(-c2c[nH]c3ncc(-c4ccccc4)cc23)cc1C1CCCC1,O=C(O)c1c(C2CCCC2)cc(-c2c3c([nH]c2)ncc(-c2ccccc2)c3)cc1,0,0,0,0,0,0,0
AURKA,O14965,ensemble,31,2.41766562461853,2.28,Cn1cc(-c2ccc3nnc(C(F)(F)c4ccc5ncccc5c4)n3n2)cn1,FC(F)(c1n2N=C(c3cn(C)nc3)C=Cc2nn1)c1cc2c(nccc2)cc1,1,0,0,0,0,0,0
AURKA,O14965,ensemble,32,2.4173886299133303,2.4300001,CC(C)n1nc(-c2cc3cc(O)ccc3[nH]2)c2c(N)ncnc21,Oc1cc2c([nH]c(-c3nn(C(C)C)c4ncnc(N)c34)c2)cc1,1,0,0,0,0,0,0
AURKA,O14965,ensemble,33,2.4135054111480714,2.1400001,Cc1cnc(Nc2ccc(OCCN3CCCC3)cc2)nc1Nc1cccc(S(=O)(=O)NC(C)(C)C)c1,S(=O)(=O)(NC(C)(C)C)c1cc(Nc2c(C)cnc(Nc3ccc(OCCN4CCCC4)cc3)n2)ccc1,0,0,0,0,0,0,0
AURKA,O14965,ensemble,34,2.410295295715332,2.6099999,CCN1CCN(C(=O)Cc2ccc(Nc3ncc(F)c(Nc4ccc(C(=O)Nc5ccccc5Cl)cc4)n3)cc2)CC1,Clc1c(NC(=O)c2ccc(Nc3c(F)cnc(Nc4ccc(CC(=O)N5CCN(CC)CC5)cc4)n3)cc2)cccc1,0,0,0,0,0,0,1
AURKA,O14965,ensemble,35,2.40039439201355,2.1300001,CS(=O)(=O)CCNCc1ccc(-c2ccc3ncnc(Nc4ccc(OCc5cccc(F)c5)c(Cl)c4)c3c2)o1,Clc1c(OCc2cc(F)ccc2)ccc(Nc2ncnc3c2cc(-c2oc(CNCCS(=O)(=O)C)cc2)cc3)c1,0,0,0,0,0,0,0
AURKA,O14965,ensemble,36,2.397971820831299,2.3199999,O=C(Nc1cccc(Cl)c1)Nc1ncc(CCNc2ncnc3ccsc23)s1,Clc1cc(NC(=O)Nc2sc(CCNc3ncnc4c3scc4)cn2)ccc1,0,0,0,0,0,0,0
AURKA,O14965,ensemble,37,2.3860082149505617,2.05,CCS(=O)(=O)N1CC(CC#N)(n2cc(-c3ncnc4[nH]ccc34)cn2)C1,S(=O)(=O)(CC)N1CC(CC#N)(n2ncc(-c3ncnc4[nH]ccc34)c2)C1,1,0,0,0,0,0,0
AURKA,O14965,ensemble,38,2.367406225204468,2.4100001,COCCNCc1ccc(-c2cc3nccc(Oc4ccc(NC(=S)NC(=O)Cc5ccc(F)cc5)cc4F)c3s2)nc1,S=C(NC(=O)Cc1ccc(F)cc1)Nc1cc(F)c(Oc2c3sc(-c4ncc(CNCCOC)cc4)cc3ncc2)cc1,0,0,0,0,0,0,0
AURKA,O14965,ensemble,39,2.3644808769226073,2.23,COCC(=O)NC/C=C/c1ccc2ncnc(Nc3ccc(Oc4ccc(C)nc4)c(C)c3)c2c1,O=C(NC/C=C/c1cc2c(Nc3cc(C)c(Oc4cnc(C)cc4)cc3)ncnc2cc1)COC,1,0,0,0,0,0,0
AURKA,O14965,ensemble,40,2.3623689651489257,2.1199999,N#CCNC(=O)c1ccc(-c2ccnc(Nc3ccc(N4CCOCC4)cc3)n2)cc1,O=C(NCC#N)c1ccc(-c2nc(Nc3ccc(N4CCOCC4)cc3)ncc2)cc1,1,0,0,0,0,0,0
AURKA,O14965,ensemble,41,2.3609830856323244,2.05,COc1cc2nccc(Oc3ccc(NC(=O)Nc4cc(C)on4)c(Cl)c3)c2cc1OC,Clc1c(NC(=O)Nc2noc(C)c2)ccc(Oc2c3c(ncc2)cc(OC)c(OC)c3)c1,0,0,0,0,0,0,0
AURKA,O14965,ensemble,42,2.3563802242279053,1.34154275,COc1cc2c(Nc3ccc(NC(=O)c4ccccc4)cc3)ncnc2cc1OCCCN1CCOCC1,O=C(Nc1ccc(Nc2ncnc3c2cc(OC)c(OCCCN2CCOCC2)c3)cc1)c1ccccc1,0,0,0,0,0,0,0
AURKA,O14965,ensemble,43,2.3553053855896,2.54,CC1(O)CC(c2nc(-c3ccc4ccc(-c5ccccc5)nc4c3)c3c(N)nccn23)C1,OC1(C)CC(c2n3c(c(-c4cc5nc(-c6ccccc6)ccc5cc4)n2)C(N)=NC=C3)C1,1,0,0,0,0,0,0
AURKA,O14965,ensemble,44,2.3540034770965574,2.47,CN1CC[C@H](c2c(O)cc(O)c3c(=O)cc(-c4ccccc4Cl)oc23)[C@H](O)C1,Clc1c(C=2Oc3c([C@@H]4[C@H](O)CN(C)CC4)c(O)cc(O)c3C(=O)C=2)cccc1,1,0,0,0,0,0,0
AURKA,O14965,ensemble,45,2.338015413284302,2.3,Cc1cnc(Nc2ccc(N3CCN(C)CC3)cc2)nc1Nc1cccc(S(=O)(=O)NC(C)(C)C)c1,S(=O)(=O)(NC(C)(C)C)c1cc(Nc2c(C)cnc(Nc3ccc(N4CCN(C)CC4)cc3)n2)ccc1,0,0,0,0,0,0,0
AURKA,O14965,ensemble,46,2.321199417114258,2.0699999,CC(C)n1nc(-c2ccc3oc(N)nc3c2)c2c(N)ncnc21,Nc1oc2c(n1)cc(-c1nn(C(C)C)c3ncnc(N)c13)cc2,1,0,0,0,0,0,0
AURKA,O14965,ensemble,47,2.3124982833862306,2.1400001,Cc1nc(NC(=O)N2CCC[C@H]2C(N)=O)sc1-c1csc(C(C)(C)C)n1,O=C(Nc1sc(c(C)n1)-c1nc(C(C)(C)C)sc1)N1[C@H](C(=O)N)CCC1,1,0,0,0,0,0,0
AURKA,O14965,ensemble,48,2.3106142044067384,2.445253171,CCn1cc(-c2ccnc3[nH]c(-c4cccc(CN(C)C)c4)cc23)c(-c2ccc(NC(=O)N(C)C)cc2)n1,O=C(N(C)C)Nc1ccc(-c2c(-c3c4c([nH]c(-c5cc(CN(C)C)ccc5)c4)ncc3)cn(CC)n2)cc1,0,0,0,0,0,0,0
AURKA,O14965,ensemble,49,2.308079147338867,2.1700001,CN(C)c1ccc(-c2nc3ncc(Cl)c(N4CCN(CC(=O)Nc5nccs5)CC4)c3[nH]2)cc1,Clc1c(N2CCN(CC(=O)Nc3sccn3)CC2)c2[nH]c(-c3ccc(N(C)C)cc3)nc2nc1,1,0,0,0,0,0,0
AURKA,O14965,ensemble,50,2.3049360275268556,2.04,O=C(NCc1ccccc1)c1csc(Nc2ccncn2)n1,O=C(NCc1ccccc1)c1nc(Nc2ncncc2)sc1,1,0,0,0,0,0,0
AURKA,O14965,ensemble,51,2.2964189529418944,1.96,Nc1ccc(-c2ccc3ncc4ccc(=O)n(-c5cccc(C(F)(F)F)c5)c4c3c2)cn1,FC(F)(F)c1cc(N2C(=O)C=Cc3c2c2c(nc3)ccc(-c3cnc(N)cc3)c2)ccc1,0,0,0,0,0,0,0
AURKA,O14965,ensemble,52,2.2933172225952148,2.1900001,C=CC(=O)Nc1cccc(Sc2nc(Nc3ccc(N4CCN(C)CC4)cc3)ncc2Cl)c1,Clc1c(Sc2cc(NC(=O)C=C)ccc2)nc(Nc2ccc(N3CCN(C)CC3)cc2)nc1,1,0,0,0,0,0,0
AURKA,O14965,ensemble,53,2.2752659559249877,2.23,CC(C)(C)c1nc(-c2cccc(NS(=O)(=O)c3c(F)cccc3F)c2F)c(-c2ccnc(N)n2)s1,S(=O)(=O)(Nc1c(F)c(-c2c(-c3nc(N)ncc3)sc(C(C)(C)C)n2)ccc1)c1c(F)cccc1F,0,0,0,0,0,0,0
AURKA,O14965,ensemble,54,2.2687544345855715,2.1199999,C[C@@H]1CCN(C(=O)CC#N)C[C@@H]1N(C)c1ncnc2[nH]ccc12,O=C(CC#N)N1C[C@H](N(C)c2ncnc3[nH]ccc23)[C@H](C)CC1,1,0,0,0,0,0,0
AURKA,O14965,ensemble,55,2.2592329502105715,2.24,O=c1[nH]c2ccc(Cl)cc2c(N[C@@H]2CN3CCC2CC3)c1-c1nc2ccccc2[nH]1,Clc1cc2C(N[C@H]3C4CCN(C3)CC4)=C(c3[nH]c4c(n3)cccc4)C(=O)Nc2cc1,1,0,0,0,0,0,0
AURKA,O14965,ensemble,56,2.2568846225738524,2.24,CCS(=O)(=O)Nc1ccc2c(c1)/C(=C(/Nc1ccc(CN3CCCCC3)cc1)c1ccccc1)C(=O)N2,S(=O)(=O)(Nc1cc2/C(=C(/Nc3ccc(CN4CCCCC4)cc3)\c3ccccc3)/C(=O)Nc2cc1)CC,0,0,0,0,0,0,0
AURKA,O14965,ensemble,57,2.256479358673096,2.1300001,C#Cc1cccc(Nc2ncnc3cc(OCCOC)c(OCCO)cc23)c1,O(CCOc1c(OCCO)cc2c(Nc3cc(C#C)ccc3)ncnc2c1)C,1,0,0,0,0,0,0
AURKA,O14965,ensemble,58,2.251989412307739,2.4400001,Cc1cc(Nc2cc(N3CCN(C)CC3)nc(/C=C/c3ccccc3)n2)n[nH]1,N(c1nc(/C=C/c2ccccc2)nc(N2CCN(C)CC2)c1)c1n[nH]c(C)c1,1,0,0,0,0,0,0
AURKA,O14965,ensemble,59,2.24001522064209,2.5599999,O=C(NCCCNc1nc(Nc2cccc(NC(=O)N3CCCC3)c2)ncc1I)c1cccs1,Ic1c(NCCCNC(=O)c2sccc2)nc(Nc2cc(NC(=O)N3CCCC3)ccc2)nc1,0,0,0,0,0,0,1
AURKA,O14965,ensemble,60,2.2389440059661867,2.1448445,CC(Oc1ccc2[nH]nc(C=Cc3cnn(CCO)c3)c2c1)c1c(Cl)cncc1Cl,Clc1c(C(Oc2cc3c(C=Cc4cn(CCO)nc4)n[nH]c3cc2)C)c(Cl)cnc1,1,0,0,0,0,0,0
AURKA,O14965,ensemble,61,2.238294839859009,1.74,COc1cc2c(N3CCN(C(=O)Nc4ccc(OC(C)C)cc4)CC3)ncnc2cc1OCCCN1CCCCC1,O=C(Nc1ccc(OC(C)C)cc1)N1CCN(c2ncnc3c2cc(OC)c(OCCCN2CCCCC2)c3)CC1,0,0,0,0,0,0,0
AURKA,O14965,ensemble,62,2.23636679649353,2.46,COc1cc(N2CCC(N3CCN(C)CC3)CC2)ccc1Nc1ncc(Cl)c(Nc2ccccc2S(=O)(=O)C(C)C)n1,Clc1c(Nc2c(S(=O)(=O)C(C)C)cccc2)nc(Nc2c(OC)cc(N3CCC(N4CCN(C)CC4)CC3)cc2)nc1,0,0,0,0,0,0,0
AURKA,O14965,ensemble,63,2.233542490005493,3.5799999,Cc1csc(-c2nnc(Nc3ccc(Oc4ncccc4-c4ccnc(N)n4)cc3)c3ccccc23)c1,O(c1c(-c2nc(N)ncc2)cccn1)c1ccc(Nc2nnc(-c3scc(C)c3)c3c2cccc3)cc1,0,0,0,0,1,1,1
AURKA,O14965,ensemble,64,2.231243705749512,1.489361765,COc1cc2nccc(Oc3ccc(NC(=O)C4(C(=O)Nc5ccc(F)cc5)CC4)cc3)c2cc1OC,Fc1ccc(NC(=O)C2(C(=O)Nc3ccc(Oc4c5c(ncc4)cc(OC)c(OC)c5)cc3)CC2)cc1,0,0,0,0,0,0,0
AURKA,O14965,ensemble,65,2.22442512512207,1.99,Clc1ccc(C2(c3ccc(-c4cn[nH]c4)cc3)CCNCC2)cc1,Clc1ccc(C2(c3ccc(-c4c[nH]nc4)cc3)CCNCC2)cc1,1,0,0,0,0,0,0
AURKA,O14965,ensemble,66,2.223650407791138,2.3499999,CC1(COc2ccc3c(c2)ncn3-c2ccc3cccc(N4CCC(N)CC4)c3n2)COC1,O(CC1(C)COC1)c1cc2ncn(-c3nc4c(N5CCC(N)CC5)cccc4cc3)c2cc1,1,0,0,0,0,0,0
AURKA,O14965,ensemble,67,2.2235996246337892,2.25,Cc1nc(N)sc1-c1ccnc(Nc2ccc(N3CCOCC3)cc2)n1,N(c1nc(-c2c(C)nc(N)s2)ccn1)c1ccc(N2CCOCC2)cc1,1,0,0,0,0,0,0
AURKA,O14965,ensemble,68,2.2109933376312254,2.0799999,N#CC[C@H](C1CCCC1)n1cc(-c2ncnc3[nH]ccc23)cn1,N#CC[C@@H](n1ncc(-c2ncnc3[nH]ccc23)c1)C1CCCC1,1,0,0,0,0,0,0
AURKA,O14965,ensemble,69,2.20815110206604,2.22,CCCNC(=O)Nc1ccc(Oc2ncnc3cc(OC)c(OC)cc23)cc1Cl,Clc1c(NC(=O)NCCC)ccc(Oc2ncnc3c2cc(OC)c(OC)c3)c1,1,0,0,0,0,0,0
AURKA,O14965,ensemble,70,2.2068765640258787,2.2,O=c1c(O)c(-c2ccc(O)c(O)c2)oc2cc(O)cc(O)c12,O=C1C(O)=C(c2cc(O)c(O)cc2)Oc2c1c(O)cc(O)c2,1,0,0,0,0,0,0
AURKA,O14965,ensemble,71,2.2048686027526854,2.1199999,NC(=O)Nc1sc(-c2ccc(F)cc2)cc1C(N)=O,Fc1ccc(-c2sc(NC(=O)N)c(C(=O)N)c2)cc1,1,0,0,0,0,0,0
AURKA,O14965,ensemble,72,2.2034939765930175,1.98,Cc1ccc([N+](=O)[O-])cc1S(=O)(=O)N(C)/N=C/c1cnc2ccc(Br)cn12,BrC1=Cn2c(/C=N/N(S(=O)(=O)c3c(C)ccc([N+](=O)[O-])c3)C)cnc2C=C1,1,0,0,0,0,0,0
AURKA,O14965,ensemble,73,2.2012900352478026,2.05,COc1cc2nccc(Oc3ccc(NC(=O)NC4CC4)c(Cl)c3)c2cc1C(N)=O,Clc1c(NC(=O)NC2CC2)ccc(Oc2c3c(ncc2)cc(OC)c(C(=O)N)c3)c1,1,0,0,0,0,0,0
AURKA,O14965,ensemble,74,2.198595428466797,2.21,Nc1ncnc2c1c(-c1cnc3[nH]ccc3c1)nn2C1CCCC1,Nc1ncnc2n(C3CCCC3)nc(-c3cnc4[nH]ccc4c3)c12,1,0,0,0,0,0,0
AURKA,O14965,ensemble,75,2.1769989013671873,2.04,CN1CCN(c2cccc(Nc3nc4c(-c5ccc(S(C)(=O)=O)cc5)cccn4n3)c2)CC1,S(=O)(=O)(C)c1ccc(C=2c3n(nc(Nc4cc(N5CCN(C)CC5)ccc4)n3)C=CC=2)cc1,1,0,0,0,0,0,0
AURKA,O14965,ensemble,76,2.168013000488281,1.97,COc1cc2ncnc(Nc3cccc(Br)c3)c2cc1OC,Brc1cc(Nc2ncnc3c2cc(OC)c(OC)c3)ccc1,1,0,0,0,0,0,0
AURKA,O14965,ensemble,77,2.1560705661773683,2.1500001,CN(C)Cc1cccc(N/C(=C2\C(=O)Nc3cc(C(N)=O)ccc32)c2ccccc2)c1,O=C(N)c1cc2NC(=O)/C(=C(\Nc3cc(CN(C)C)ccc3)/c3ccccc3)/c2cc1,1,0,0,0,0,0,0
AURKA,O14965,ensemble,78,2.1528050661087037,2.1900001,C=CC(=O)N1CCC[C@@H](n2nc(-c3ccc(Oc4ccccc4)cc3)c3c(N)ncnc32)C1,O=C(C=C)N1C[C@H](n2nc(-c3ccc(Oc4ccccc4)cc3)c3c(N)ncnc23)CCC1,1,0,0,0,0,0,0
AURKA,O14965,ensemble,79,2.1527359008789064,2.03,C=CC(=O)Nc1cccc(Oc2nc(Nc3ccc(N4CCN(C)CC4)cc3)ncc2Cl)c1,Clc1c(Oc2cc(NC(=O)C=C)ccc2)nc(Nc2ccc(N3CCN(C)CC3)cc2)nc1,1,0,0,0,0,0,0
AURKA,O14965,ensemble,80,2.139247918128967,2.02,Nc1ncnc2c1c(-c1cccc(OCc3ccccc3)c1)cn2C1CC(CN2CCCC2)C1,O(Cc1ccccc1)c1cc(-c2c3c(N)ncnc3n(C3CC(CN4CCCC4)C3)c2)ccc1,0,0,0,0,0,0,0
AURKA,O14965,ensemble,81,2.1289538621902464,1.85,COc1cc2c(Oc3ccc4[nH]c(C)cc4c3F)ncnc2cc1OCCCN1CCCC1,Fc1c(Oc2ncnc3c2cc(OC)c(OCCCN2CCCC2)c3)ccc2[nH]c(C)cc12,0,0,0,0,0,0,0
AURKA,O14965,ensemble,82,2.1201751232147217,2.03,CCCS(=O)(=O)Nc1ccc(F)c(C(=O)c2c[nH]c3ncc(Cl)cc23)c1F,Clc1cnc2[nH]cc(C(=O)c3c(F)c(NS(=O)(=O)CCC)ccc3F)c2c1,1,0,0,0,0,0,0
AURKA,O14965,ensemble,83,2.1143000602722166,2.1099999,NC(=O)Nc1cc(-c2cccc(F)c2)sc1C(=O)N[C@H]1CCCNC1,Fc1cc(-c2sc(C(=O)N[C@@H]3CNCCC3)c(NC(=O)N)c2)ccc1,1,0,0,0,0,0,0
AURKA,O14965,ensemble,84,2.106105661392212,1.9299999,CCN(CCCOc1ccc2c(Nc3cc(CC(=O)Nc4cccc(F)c4)n[nH]3)ncnc2c1)CCOP(=O)(O)O,P(=O)(OCCN(CCCOc1cc2ncnc(Nc3[nH]nc(CC(=O)Nc4cc(F)ccc4)c3)c2cc1)CC)(O)O,0,0,0,0,0,0,0
AURKA,O14965,ensemble,85,2.0841111183166503,2.1600001,O=C(O)c1ccc2c(c1)nc(Nc1cccc(Cl)c1)c1ccncc12,Clc1cc(Nc2nc3c(c4c2ccnc4)ccc(C(=O)O)c3)ccc1,1,0,0,0,0,0,0
AURKA,O14965,ensemble,86,2.0794530868530274,2.0,CCN1CCN(Cc2ccc(-c3cc4c(N[C@H](C)c5ccccc5)ncnc4[nH]3)cc2)CC1,N([C@H](C)c1ccccc1)c1ncnc2[nH]c(-c3ccc(CN4CCN(CC)CC4)cc3)cc12,1,0,0,0,0,0,0
AURKA,O14965,ensemble,87,2.0785544395446776,1.0608304,COc1cc(N2CCC(N(C)C)CC2)ccc1Nc1ncc(Cl)c(Nc2ccccc2P(C)(C)=O)n1,Clc1c(Nc2c(P(=O)(C)C)cccc2)nc(Nc2c(OC)cc(N3CCC(N(C)C)CC3)cc2)nc1,0,0,0,0,0,0,0
AURKA,O14965,ensemble,88,2.0743848085403442,2.01,CNC(=O)c1ccccc1Nc1nc(Nc2ccc(N3CCOCC3)cc2OC)ncc1Cl,Clc1c(Nc2c(C(=O)NC)cccc2)nc(Nc2c(OC)cc(N3CCOCC3)cc2)nc1,1,0,0,0,0,0,0
AURKA,O14965,ensemble,89,2.062506580352783,1.99,Nc1cccc(-c2cc3c(Oc4cccc(O)c4)ncnc3[nH]2)c1,O(c1ncnc2[nH]c(-c3cc(N)ccc3)cc12)c1cc(O)ccc1,1,0,0,0,0,0,0
AURKA,O14965,ensemble,90,2.053661918640137,2.0,O=C1NC(=O)/C(=C/c2ccc3nccc(-c4ccncc4)c3c2)S1,O=C1/C(=C/c2cc3c(-c4ccncc4)ccnc3cc2)/SC(=O)N1,1,0,0,0,0,0,0
AURKA,O14965,ensemble,91,2.043086814880371,2.01,COc1cc(Nc2ncc(F)c(Nc3ccc4c(n3)N(COP(=O)(O)O)C(=O)C(C)(C)O4)n2)cc(OC)c1OC,P(=O)(OCN1C(=O)C(C)(C)Oc2c1nc(Nc1c(F)cnc(Nc3cc(OC)c(OC)c(OC)c3)n1)cc2)(O)O,0,0,0,0,0,0,0
AURKA,O14965,ensemble,92,2.038388657569885,0.785761576,CCN(CCO)CCCOc1ccc2c(Nc3cc(CC(=O)Nc4cccc(F)c4)[nH]n3)ncnc2c1,Fc1cc(NC(=O)Cc2[nH]nc(Nc3ncnc4c3ccc(OCCCN(CCO)CC)c4)c2)ccc1,0,0,0,0,0,0,0
AURKA,O14965,ensemble,93,2.037904691696167,2.0826871,CN1CCN(C(=O)c2ccc(NC(=O)Nc3ccc(N(C)c4ccnc(Nc5ccc(CS(C)(=O)=O)cc5)n4)cc3)cc2)CC1,S(=O)(=O)(Cc1ccc(Nc2nc(N(C)c3ccc(NC(=O)Nc4ccc(C(=O)N5CCN(C)CC5)cc4)cc3)ccn2)cc1)C,0,0,0,0,0,0,0
AURKA,O14965,ensemble,94,2.024255084991455,1.98,CC(C)(C)c1cnc(CSc2cnc(NC(=O)C3CCNCC3)s2)o1,S(Cc1oc(C(C)(C)C)cn1)c1sc(NC(=O)C2CCNCC2)nc1,1,0,0,0,0,0,0
AURKA,O14965,ensemble,95,2.0029287338256836,1.6799999,Cc1nc(Nc2ncc(C(=O)Nc3c(C)cccc3Cl)s2)cc(N2CCN(CCO)CC2)n1,Clc1c(NC(=O)c2sc(Nc3nc(C)nc(N4CCN(CCO)CC4)c3)nc2)c(C)ccc1,1,0,0,0,0,0,0
AURKA,O14965,ensemble,96,1.9965063810348511,1.92,COCCOc1ccc2c(c1)ncn2-c1ccc2cccc(N3CCC(N)CC3)c2n1,O(CCOc1cc2ncn(-c3nc4c(N5CCC(N)CC5)cccc4cc3)c2cc1)C,1,0,0,0,0,0,0
AURKA,O14965,ensemble,97,1.982685375213623,1.9,Cc1cc(C)c(/C=C2\C(=O)Nc3ccccc32)[nH]1,O=C1/C(=C\c2c(C)cc(C)[nH]2)/c2c(N1)cccc2,1,0,0,0,0,0,0
AURKA,O14965,ensemble,98,1.9687876462936402,1.1677892,CN(c1ccccc1CNc1nc(Nc2ccc3c(c2)CC(=O)N3)ncc1C(F)(F)F)S(C)(=O)=O,S(=O)(=O)(N(C)c1c(CNc2c(C(F)(F)F)cnc(Nc3cc4c(NC(=O)C4)cc3)n2)cccc1)C,0,0,0,0,0,0,0
AURKA,O14965,ensemble,99,1.9489460229873656,2.0599999,c1ccc2c(-c3cnn4cc(-c5ccc(N6CCNCC6)cc5)cnc34)ccnc2c1,N1(c2ccc(C3=Cn4ncc(-c5c6c(ncc5)cccc6)c4N=C3)cc2)CCNCC1,1,0,0,0,0,0,0
AURKA,O14965,ensemble,100,1.9414482355117797,1.8759525,CC1(C(=O)Nc2ccc(F)nc2)CCCN1c1nc(Nc2cc(C3CC3)n[nH]2)c2cccn2n1,Fc1ncc(NC(=O)C2(C)N(C=3N=C(Nc4[nH]nc(C5CC5)c4)c4n(N=3)ccc4)CCC2)cc1,1,0,0,0,0,0,0
AURKA,O14965,ensemble,101,1.9208501815795898,1.84,Cc1[nH]c(/C=C2\C(=O)Nc3ccc(S(=O)(=O)Cc4c(Cl)cccc4Cl)cc32)c(C)c1C(=O)N1CCC[C@@H]1CN1CCCC1,Clc1c(CS(=O)(=O)c2cc3/C(=C/c4c(C)c(C(=O)N5[C@@H](CN6CCCC6)CCC5)c(C)[nH]4)/C(=O)Nc3cc2)c(Cl)ccc1,0,0,0,0,0,0,0
AURKA,O14965,ensemble,102,1.909898829460144,1.7636307,O=C(Nc1c[nH]nc1-c1nc2ccc(CN3CCOCC3)cc2[nH]1)NC1CC1,O=C(Nc1c(-c2[nH]c3c(n2)ccc(CN2CCOCC2)c3)n[nH]c1)NC1CC1,1,0,0,0,0,0,0
AURKA,O14965,ensemble,103,1.8824451208114623,1.95,C=CC(=O)Nc1cccc(Oc2nc(Nc3ccc(N4CCN(C)CC4)cc3OC)ncc2Cl)c1,Clc1c(Oc2cc(NC(=O)C=C)ccc2)nc(Nc2c(OC)cc(N3CCN(C)CC3)cc2)nc1,1,0,0,0,0,0,0
AURKA,O14965,ensemble,104,1.874797511100769,2.1099999,CN(c1ncccc1CNc1nc(Nc2ccc3c(c2)CC(=O)N3)ncc1C(F)(F)F)S(C)(=O)=O,S(=O)(=O)(N(C)c1c(CNc2c(C(F)(F)F)cnc(Nc3cc4c(NC(=O)C4)cc3)n2)cccn1)C,0,0,0,0,0,0,0
AURKA,O14965,ensemble,105,1.8629297971725465,2.1529376,O=C(O)c1ccc(Nc2ncc3c(n2)-c2ccc(Cl)cc2C(c2c(F)cccc2F)=NC3)cc1,Clc1cc2C(c3c(F)cccc3F)=NCc3c(nc(Nc4ccc(C(=O)O)cc4)nc3)-c2cc1,0,0,0,0,0,0,0
AURKA,O14965,ensemble,106,1.8611541032791137,1.7819343,COc1cc(Nc2ncc(F)c(Nc3ccc4c(n3)NC(=O)C(C)(C)O4)n2)cc(OC)c1OC,Fc1c(Nc2nc3NC(=O)C(C)(C)Oc3cc2)nc(Nc2cc(OC)c(OC)c(OC)c2)nc1,1,0,0,0,0,0,0
AURKA,O14965,ensemble,107,1.8591103076934814,2.03,O=C1c2ccccc2-c2n[nH]c3cccc1c23,O=C1c2c3c([nH]nc3-c3c1cccc3)ccc2,1,0,0,0,0,0,0
AURKA,O14965,ensemble,108,1.8589595317840577,1.9400001,CNC(=O)c1nn(C)c2c1C(C)(C)Cc1cnc(Nc3ccc(N4CCN(C)CC4)cc3)nc1-2,O=C(NC)c1nn(C)c-2c1C(C)(C)Cc1c-2nc(Nc2ccc(N3CCN(C)CC3)cc2)nc1,1,0,0,0,0,0,0
AURKA,O14965,ensemble,109,1.8088929176330566,1.8,COc1cc2ncnc(Nc3ccc(O)c(Br)c3)c2cc1OC,Brc1c(O)ccc(Nc2ncnc3c2cc(OC)c(OC)c3)c1,1,0,0,0,0,0,0
AURKA,O14965,ensemble,110,1.7966387271881104,1.62873165,O=C(Nc1cccc(Nc2ncc(Br)c(NCCc3cnc[nH]3)n2)c1)N1CCCC1,Brc1c(NCCc2[nH]cnc2)nc(Nc2cc(NC(=O)N3CCCC3)ccc2)nc1,1,0,0,0,0,0,0
AURKA,O14965,ensemble,111,1.7914089918136598,1.66,CN1CCN(c2ccc3nc(-c4c(N)c5c(F)cccc5[nH]c4=O)[nH]c3c2)CC1,Fc1c2C(N)=C(c3[nH]c4c(n3)ccc(N3CCN(C)CC3)c4)C(=O)Nc2ccc1,1,0,0,0,0,0,0
AURKA,O14965,ensemble,112,1.7694644689559937,1.6900001,Cc1ncc(-c2ccnc(Nc3ccc(S(C)(=O)=O)cc3)n2)n1C(C)C,S(=O)(=O)(C)c1ccc(Nc2nc(-c3n(C(C)C)c(C)nc3)ccn2)cc1,1,0,0,0,0,0,0
AURKA,O14965,ensemble,113,1.7558840751647948,1.92,Cc1[nH]c(/C=C2\C(=O)Nc3ccc(S(=O)(=O)N(C)c4cccc(Cl)c4)cc32)c(C)c1C(=O)N1CCN(C)CC1,Clc1cc(N(S(=O)(=O)c2cc3/C(=C/c4c(C)c(C(=O)N5CCN(C)CC5)c(C)[nH]4)/C(=O)Nc3cc2)C)ccc1,0,0,0,0,0,0,0
AURKA,O14965,ensemble,114,1.744154691696167,1.96,CNC(=O)c1ccccc1Sc1ccc2c(/C=C/c3ccccn3)n[nH]c2c1,S(c1c(C(=O)NC)cccc1)c1cc2[nH]nc(/C=C/c3ncccc3)c2cc1,1,0,0,0,0,0,0
AURKA,O14965,ensemble,115,1.744154691696167,1.0655016,CNC(=O)c1ccccc1Sc1ccc2c(C=Cc3ccccn3)n[nH]c2c1,S(c1c(C(=O)NC)cccc1)c1cc2[nH]nc(C=Cc3ncccc3)c2cc1,1,0,0,0,0,0,0
AURKA,O14965,ensemble,116,1.739719772338867,1.30614455,Nc1nc(Nc2ccc(S(N)(=O)=O)cc2)nn1C(=O)c1c(F)cccc1F,S(=O)(=O)(N)c1ccc(Nc2nn(C(=O)c3c(F)cccc3F)c(N)n2)cc1,1,0,0,0,0,0,0
AURKA,O14965,ensemble,117,1.6380793571472168,2.0130939,CN(c1ccc(NC(=O)Nc2ccc(OC(F)(F)F)cc2)cc1)c1ccnc(Nc2cccc(S(N)(=O)=O)c2)n1,S(=O)(=O)(N)c1cc(Nc2nc(N(C)c3ccc(NC(=O)Nc4ccc(OC(F)(F)F)cc4)cc3)ccn2)ccc1,0,0,0,0,0,0,0
AURKA,O14965,ensemble,118,1.616920828819275,0.52588093,COc1cc(CCc2cc(NC(=O)c3ccc(N4CC(C)NC(C)C4)cc3)n[nH]2)cc(OC)c1,O=C(Nc1n[nH]c(CCc2cc(OC)cc(OC)c2)c1)c1ccc(N2CC(C)NC(C)C2)cc1,1,0,0,0,0,0,0
AURKA,O14965,ensemble,119,1.616920828819275,2.04,COc1cc(CCc2cc(NC(=O)c3ccc(N4C[C@@H](C)N[C@@H](C)C4)cc3)n[nH]2)cc(OC)c1,O=C(Nc1n[nH]c(CCc2cc(OC)cc(OC)c2)c1)c1ccc(N2C[C@@H](C)N[C@@H](C)C2)cc1,1,0,0,0,0,0,0
AURKA,O14965,ensemble,120,1.5748199939727783,1.30845963,Cc1ccc(Nc2nccc(N(C)c3ccc4c(C)n(C)nc4c3)n2)cc1S(N)(=O)=O,S(=O)(=O)(N)c1c(C)ccc(Nc2nc(N(C)c3cc4nn(C)c(C)c4cc3)ccn2)c1,1,0,0,0,0,0,0
AURKA,O14965,ensemble,121,1.5669432401657104,2.04,Cc1[nH]c(/C=C2\C(=O)Nc3ccccc32)c(C)c1CCC(=O)O,O=C(O)CCc1c(C)c(/C=C/2\C(=O)Nc3c\2cccc3)[nH]c1C,1,0,0,0,0,0,0
AURKA,O14965,ensemble,122,1.5669432401657104,0.81476957,Cc1[nH]c(C=C2C(=O)Nc3ccccc32)c(C)c1CCC(=O)O,O=C(O)CCc1c(C)c(C=C2C(=O)Nc3c2cccc3)[nH]c1C,1,0,0,0,0,0,0
AURKA,O14965,ensemble,123,1.5318763971328735,1.36,CN(C[C@@H]1COCCO1)S(=O)(=O)Nc1ccc2ccc3ncc(-c4cnn(C)c4)cc3c(=O)c2c1,S(=O)(=O)(N(C[C@H]1OCCOC1)C)Nc1cc2C(=O)c3c(ncc(-c4cn(C)nc4)c3)C=Cc2cc1,1,0,0,0,0,0,0
AURKA,O14965,ensemble,124,1.5143311023712158,1.72,CCN(CC)CCNC(=O)c1c(C)[nH]c(/C=C2\C(=O)Nc3ccc(F)cc32)c1C,Fc1cc2/C(=C/c3c(C)c(C(=O)NCCN(CC)CC)c(C)[nH]3)/C(=O)Nc2cc1,1,0,0,0,0,0,0
AURKA,O14965,ensemble,125,1.3318357706069945,1.3411622,Cc1cc(Nc2nc(NC(C)c3ncc(F)cn3)ncc2Cl)n[nH]1,Clc1c(Nc2n[nH]c(C)c2)nc(NC(C)c2ncc(F)cn2)nc1,1,0,0,0,0,0,0
AURKA,O14965,ensemble,126,1.3271047353744507,1.2720252,COC(=O)c1ccc2c(c1)C(=Cc1cc(Br)c(O)c(Br)c1)C(=O)N2,Brc1c(O)c(Br)cc(C=C2C(=O)Nc3c2cc(C(=O)OC)cc3)c1,1,0,0,0,0,0,0
AURKA,O14965,ensemble,127,1.1793989062309265,1.1844665,CC(C)Oc1cc(Nc2nc(NC(C)c3ccc(F)cn3)ncc2Cl)n[nH]1,Clc1c(Nc2n[nH]c(OC(C)C)c2)nc(NC(C)c2ncc(F)cc2)nc1,1,0,0,0,0,0,0
AURKA,O14965,ensemble,128,1.0319814920425414,1.09,C=CC(=O)Nc1cc2c(Nc3ccc(F)c(Cl)c3)ncnc2cc1OCCCN1CCOCC1,Clc1c(F)ccc(Nc2ncnc3c2cc(NC(=O)C=C)c(OCCCN2CCOCC2)c3)c1,1,0,0,0,0,0,0
AURKA,O14965,ensemble,129,1.0230246424674987,1.0730405,CN1CCN(c2ccc(Nc3nccc(-c4cnn5ncccc45)n3)cc2C(F)(F)F)CC1,FC(F)(F)c1c(N2CCN(C)CC2)ccc(Nc2nc(-c3c4n(nc3)N=CC=C4)ccn2)c1,1,0,0,0,0,0,0
AURKA,O14965,ensemble,130,0.9130831122398376,0.86742014,Cn1cc(-c2[nH]c3cc(NC(=O)C(N)C4CCCCC4)cc4c3c2C=NNC4=O)cn1,O=C(Nc1cc2[nH]c(-c3cn(C)nc3)c3c2c(C(=O)NN=C3)c1)C(N)C1CCCCC1,1,0,0,0,0,0,0
Factor Xa,P00742,seed_42,1,3.446983814239502,0.886056648,O=C(Nc1ccc(Cl)cn1)C1C[NH+](CC(F)F)CC1C(=O)Nc1ccc(-n2ccccc2=O)cc1F,Clc1cnc(NC(=O)C2C(C(=O)Nc3c(F)cc(N4C(=O)C=CC=C4)cc3)C[NH+](CC(F)F)C2)cc1,0,1,1,1,0,1,1
Factor Xa,P00742,seed_42,2,3.372650384902954,-0.491361694,N=C(N)NCCC[C@@H](NS(=O)(=O)Cc1ccccc1)C(=O)NCC(=O)N[C@H](CCCNC(=N)N)C(=O)c1nccs1,NC(=N)NCCC[C@@H](NS(=O)(=O)Cc1ccccc1)C(=O)NCC(=O)N[C@H](CCCNC(N)=N)C(=O)c1nccs1,0,1,1,1,0,0,1
Factor Xa,P00742,seed_42,3,3.3345518112182617,1.886056648,N=C(N)NCCC[C@@H](NC(=O)CN1CCN(S(=O)(=O)Cc2ccccc2)CC1=O)C(=O)c1nccs1,NC(=N)NCCC[C@@H](NC(=O)CN1CCN(CC1=O)S(=O)(=O)Cc1ccccc1)C(=O)c1nccs1,0,1,1,1,1,1,1
Factor Xa,P00742,seed_42,4,3.223205804824829,0.970616222,N=C(N)NCCCC(NC(=O)CN1CCN(S(=O)(=O)c2cccc3cccnc23)CC1=O)C(=O)c1nccs1,NC(=N)NCCCC(NC(=O)CN1CCN(CC1=O)S(=O)(=O)c1cccc2cccnc12)C(=O)c1nccs1,0,0,1,1,1,1,1
Factor Xa,P00742,seed_42,5,3.145040273666382,0.879426069,N=C(N)NCCCC(NC(=O)CN1CCN(S(=O)(=O)c2ccc3ccccc3c2)CC1=O)C(=O)c1nccs1,NC(=N)NCCCC(NC(=O)CN1CCN(CC1=O)S(=O)(=O)c1ccc2ccccc2c1)C(=O)c1nccs1,0,0,1,1,0,1,1
Factor Xa,P00742,seed_42,6,3.10245418548584,1.408935393,COC(=O)N1CC(C(=O)Nc2ccc(Cl)cn2)C(C(=O)Nc2ccc(-n3ccccc3=O)cc2F)C1,Clc1cnc(NC(=O)C2C(C(=O)Nc3c(F)cc(N4C(=O)C=CC=C4)cc3)CN(C(=O)OC)C2)cc1,0,0,0,1,1,1,1
Factor Xa,P00742,seed_42,7,2.663158655166626,0.721246399,N=C(N)NCCC[C@@H](NC(=O)CN1CCN(S(=O)(=O)c2ccc(Cl)cc2)CC1=O)C(=O)c1nccs1,NC(=N)NCCC[C@@H](NC(=O)CN1CCN(CC1=O)S(=O)(=O)c1ccc(Cl)cc1)C(=O)c1nccs1,0,0,0,1,0,0,1
Factor Xa,P00742,seed_142,1,3.094912528991699,-0.491361694,N=C(N)NCCC[C@@H](NS(=O)(=O)Cc1ccccc1)C(=O)NCC(=O)N[C@H](CCCNC(=N)N)C(=O)c1nccs1,NC(=N)NCCC[C@@H](NS(=O)(=O)Cc1ccccc1)C(=O)NCC(=O)N[C@H](CCCNC(N)=N)C(=O)c1nccs1,0,1,1,1,0,0,1
Factor Xa,P00742,seed_142,2,2.967980146408081,0.886056648,O=C(Nc1ccc(Cl)cn1)C1C[NH+](CC(F)F)CC1C(=O)Nc1ccc(-n2ccccc2=O)cc1F,Clc1cnc(NC(=O)C2C(C(=O)Nc3c(F)cc(N4C(=O)C=CC=C4)cc3)C[NH+](CC(F)F)C2)cc1,0,1,1,1,0,1,1
Factor Xa,P00742,seed_142,3,2.9508373737335205,1.886056648,N=C(N)NCCC[C@@H](NC(=O)CN1CCN(S(=O)(=O)Cc2ccccc2)CC1=O)C(=O)c1nccs1,NC(=N)NCCC[C@@H](NC(=O)CN1CCN(CC1=O)S(=O)(=O)Cc1ccccc1)C(=O)c1nccs1,0,1,1,1,1,1,1
Factor Xa,P00742,seed_142,4,2.7717223167419434,0.970616222,N=C(N)NCCCC(NC(=O)CN1CCN(S(=O)(=O)c2cccc3cccnc23)CC1=O)C(=O)c1nccs1,NC(=N)NCCCC(NC(=O)CN1CCN(CC1=O)S(=O)(=O)c1cccc2cccnc12)C(=O)c1nccs1,0,0,1,1,1,1,1
Factor Xa,P00742,seed_142,5,2.737208366394043,1.408935393,COC(=O)N1CC(C(=O)Nc2ccc(Cl)cn2)C(C(=O)Nc2ccc(-n3ccccc3=O)cc2F)C1,Clc1cnc(NC(=O)C2C(C(=O)Nc3c(F)cc(N4C(=O)C=CC=C4)cc3)CN(C(=O)OC)C2)cc1,0,0,1,1,1,1,1
Factor Xa,P00742,seed_142,6,2.707516670227051,0.879426069,N=C(N)NCCCC(NC(=O)CN1CCN(S(=O)(=O)c2ccc3ccccc3c2)CC1=O)C(=O)c1nccs1,NC(=N)NCCCC(NC(=O)CN1CCN(CC1=O)S(=O)(=O)c1ccc2ccccc2c1)C(=O)c1nccs1,0,0,0,1,0,1,1
Factor Xa,P00742,seed_142,7,2.6922519207000732,0.721246399,N=C(N)NCCC[C@@H](NC(=O)CN1CCN(S(=O)(=O)c2ccc(Cl)cc2)CC1=O)C(=O)c1nccs1,NC(=N)NCCC[C@@H](NC(=O)CN1CCN(CC1=O)S(=O)(=O)c1ccc(Cl)cc1)C(=O)c1nccs1,0,0,0,1,0,0,1
Factor Xa,P00742,seed_242,1,3.2179336547851562,0.886056648,O=C(Nc1ccc(Cl)cn1)C1C[NH+](CC(F)F)CC1C(=O)Nc1ccc(-n2ccccc2=O)cc1F,Clc1cnc(NC(=O)C2C(C(=O)Nc3c(F)cc(N4C(=O)C=CC=C4)cc3)C[NH+](CC(F)F)C2)cc1,0,1,1,1,0,1,1
Factor Xa,P00742,seed_242,2,3.159226655960083,1.886056648,N=C(N)NCCC[C@@H](NC(=O)CN1CCN(S(=O)(=O)Cc2ccccc2)CC1=O)C(=O)c1nccs1,NC(=N)NCCC[C@@H](NC(=O)CN1CCN(CC1=O)S(=O)(=O)Cc1ccccc1)C(=O)c1nccs1,0,1,1,1,1,1,1
Factor Xa,P00742,seed_242,3,3.0829286575317383,-0.491361694,N=C(N)NCCC[C@@H](NS(=O)(=O)Cc1ccccc1)C(=O)NCC(=O)N[C@H](CCCNC(=N)N)C(=O)c1nccs1,NC(=N)NCCC[C@@H](NS(=O)(=O)Cc1ccccc1)C(=O)NCC(=O)N[C@H](CCCNC(N)=N)C(=O)c1nccs1,0,1,1,1,0,0,1
Factor Xa,P00742,seed_242,4,2.8941948413848877,1.408935393,COC(=O)N1CC(C(=O)Nc2ccc(Cl)cn2)C(C(=O)Nc2ccc(-n3ccccc3=O)cc2F)C1,Clc1cnc(NC(=O)C2C(C(=O)Nc3c(F)cc(N4C(=O)C=CC=C4)cc3)CN(C(=O)OC)C2)cc1,0,0,1,1,1,1,1
Factor Xa,P00742,seed_242,5,2.8520679473876953,0.970616222,N=C(N)NCCCC(NC(=O)CN1CCN(S(=O)(=O)c2cccc3cccnc23)CC1=O)C(=O)c1nccs1,NC(=N)NCCCC(NC(=O)CN1CCN(CC1=O)S(=O)(=O)c1cccc2cccnc12)C(=O)c1nccs1,0,0,1,1,1,1,1
Factor Xa,P00742,seed_242,6,2.838475227355957,0.879426069,N=C(N)NCCCC(NC(=O)CN1CCN(S(=O)(=O)c2ccc3ccccc3c2)CC1=O)C(=O)c1nccs1,NC(=N)NCCCC(NC(=O)CN1CCN(CC1=O)S(=O)(=O)c1ccc2ccccc2c1)C(=O)c1nccs1,0,0,0,1,0,1,1
Factor Xa,P00742,seed_242,7,2.835805654525757,0.721246399,N=C(N)NCCC[C@@H](NC(=O)CN1CCN(S(=O)(=O)c2ccc(Cl)cc2)CC1=O)C(=O)c1nccs1,NC(=N)NCCC[C@@H](NC(=O)CN1CCN(CC1=O)S(=O)(=O)c1ccc(Cl)cc1)C(=O)c1nccs1,0,0,0,1,0,0,1
Factor Xa,P00742,seed_342,1,3.1986660957336426,0.886056648,O=C(Nc1ccc(Cl)cn1)C1C[NH+](CC(F)F)CC1C(=O)Nc1ccc(-n2ccccc2=O)cc1F,Clc1cnc(NC(=O)C2C(C(=O)Nc3c(F)cc(N4C(=O)C=CC=C4)cc3)C[NH+](CC(F)F)C2)cc1,0,1,1,1,0,1,1
Factor Xa,P00742,seed_342,2,3.086362600326538,1.886056648,N=C(N)NCCC[C@@H](NC(=O)CN1CCN(S(=O)(=O)Cc2ccccc2)CC1=O)C(=O)c1nccs1,NC(=N)NCCC[C@@H](NC(=O)CN1CCN(CC1=O)S(=O)(=O)Cc1ccccc1)C(=O)c1nccs1,0,1,1,1,1,1,1
Factor Xa,P00742,seed_342,3,2.980947732925415,-0.491361694,N=C(N)NCCC[C@@H](NS(=O)(=O)Cc1ccccc1)C(=O)NCC(=O)N[C@H](CCCNC(=N)N)C(=O)c1nccs1,NC(=N)NCCC[C@@H](NS(=O)(=O)Cc1ccccc1)C(=O)NCC(=O)N[C@H](CCCNC(N)=N)C(=O)c1nccs1,0,1,1,1,0,0,1
Factor Xa,P00742,seed_342,4,2.934781789779663,0.970616222,N=C(N)NCCCC(NC(=O)CN1CCN(S(=O)(=O)c2cccc3cccnc23)CC1=O)C(=O)c1nccs1,NC(=N)NCCCC(NC(=O)CN1CCN(CC1=O)S(=O)(=O)c1cccc2cccnc12)C(=O)c1nccs1,0,0,1,1,1,1,1
Factor Xa,P00742,seed_342,5,2.927180767059326,1.408935393,COC(=O)N1CC(C(=O)Nc2ccc(Cl)cn2)C(C(=O)Nc2ccc(-n3ccccc3=O)cc2F)C1,Clc1cnc(NC(=O)C2C(C(=O)Nc3c(F)cc(N4C(=O)C=CC=C4)cc3)CN(C(=O)OC)C2)cc1,0,0,1,1,1,1,1
Factor Xa,P00742,seed_342,6,2.9094338417053223,0.879426069,N=C(N)NCCCC(NC(=O)CN1CCN(S(=O)(=O)c2ccc3ccccc3c2)CC1=O)C(=O)c1nccs1,NC(=N)NCCCC(NC(=O)CN1CCN(CC1=O)S(=O)(=O)c1ccc2ccccc2c1)C(=O)c1nccs1,0,0,0,1,0,1,1
Factor Xa,P00742,seed_342,7,2.5904951095581055,0.721246399,N=C(N)NCCC[C@@H](NC(=O)CN1CCN(S(=O)(=O)c2ccc(Cl)cc2)CC1=O)C(=O)c1nccs1,NC(=N)NCCC[C@@H](NC(=O)CN1CCN(CC1=O)S(=O)(=O)c1ccc(Cl)cc1)C(=O)c1nccs1,0,0,0,1,0,0,1
Factor Xa,P00742,seed_442,1,2.926710367202759,1.886056648,N=C(N)NCCC[C@@H](NC(=O)CN1CCN(S(=O)(=O)Cc2ccccc2)CC1=O)C(=O)c1nccs1,NC(=N)NCCC[C@@H](NC(=O)CN1CCN(CC1=O)S(=O)(=O)Cc1ccccc1)C(=O)c1nccs1,0,1,1,1,1,1,1
Factor Xa,P00742,seed_442,2,2.8412582874298096,-0.491361694,N=C(N)NCCC[C@@H](NS(=O)(=O)Cc1ccccc1)C(=O)NCC(=O)N[C@H](CCCNC(=N)N)C(=O)c1nccs1,NC(=N)NCCC[C@@H](NS(=O)(=O)Cc1ccccc1)C(=O)NCC(=O)N[C@H](CCCNC(N)=N)C(=O)c1nccs1,0,1,1,1,0,0,1
Factor Xa,P00742,seed_442,3,2.7393972873687744,0.886056648,O=C(Nc1ccc(Cl)cn1)C1C[NH+](CC(F)F)CC1C(=O)Nc1ccc(-n2ccccc2=O)cc1F,Clc1cnc(NC(=O)C2C(C(=O)Nc3c(F)cc(N4C(=O)C=CC=C4)cc3)C[NH+](CC(F)F)C2)cc1,0,1,1,1,0,1,1
Factor Xa,P00742,seed_442,4,2.5028903484344482,0.970616222,N=C(N)NCCCC(NC(=O)CN1CCN(S(=O)(=O)c2cccc3cccnc23)CC1=O)C(=O)c1nccs1,NC(=N)NCCCC(NC(=O)CN1CCN(CC1=O)S(=O)(=O)c1cccc2cccnc12)C(=O)c1nccs1,0,0,1,1,1,1,1
Factor Xa,P00742,seed_442,5,2.3814423084259033,0.879426069,N=C(N)NCCCC(NC(=O)CN1CCN(S(=O)(=O)c2ccc3ccccc3c2)CC1=O)C(=O)c1nccs1,NC(=N)NCCCC(NC(=O)CN1CCN(CC1=O)S(=O)(=O)c1ccc2ccccc2c1)C(=O)c1nccs1,0,0,1,1,0,1,1
Factor Xa,P00742,seed_442,6,2.3215110301971436,1.408935393,COC(=O)N1CC(C(=O)Nc2ccc(Cl)cn2)C(C(=O)Nc2ccc(-n3ccccc3=O)cc2F)C1,Clc1cnc(NC(=O)C2C(C(=O)Nc3c(F)cc(N4C(=O)C=CC=C4)cc3)CN(C(=O)OC)C2)cc1,0,0,0,1,1,1,1
Factor Xa,P00742,seed_442,7,2.0608036518096924,0.721246399,N=C(N)NCCC[C@@H](NC(=O)CN1CCN(S(=O)(=O)c2ccc(Cl)cc2)CC1=O)C(=O)c1nccs1,NC(=N)NCCC[C@@H](NC(=O)CN1CCN(CC1=O)S(=O)(=O)c1ccc(Cl)cc1)C(=O)c1nccs1,0,0,0,1,0,0,1
Factor Xa,P00742,ensemble,1,3.1141921997070314,0.886056648,O=C(Nc1ccc(Cl)cn1)C1C[NH+](CC(F)F)CC1C(=O)Nc1ccc(-n2ccccc2=O)cc1F,Clc1cnc(NC(=O)C2C(C(=O)Nc3c(F)cc(N4C(=O)C=CC=C4)cc3)C[NH+](CC(F)F)C2)cc1,0,1,1,1,0,1,1
Factor Xa,P00742,ensemble,2,3.0915377616882322,1.886056648,N=C(N)NCCC[C@@H](NC(=O)CN1CCN(S(=O)(=O)Cc2ccccc2)CC1=O)C(=O)c1nccs1,NC(=N)NCCC[C@@H](NC(=O)CN1CCN(CC1=O)S(=O)(=O)Cc1ccccc1)C(=O)c1nccs1,0,1,1,1,1,1,1
Factor Xa,P00742,ensemble,3,3.0745395183563233,-0.491361694,N=C(N)NCCC[C@@H](NS(=O)(=O)Cc1ccccc1)C(=O)NCC(=O)N[C@H](CCCNC(=N)N)C(=O)c1nccs1,NC(=N)NCCC[C@@H](NS(=O)(=O)Cc1ccccc1)C(=O)NCC(=O)N[C@H](CCCNC(N)=N)C(=O)c1nccs1,0,1,1,1,0,0,1
Factor Xa,P00742,ensemble,4,2.8569336414337156,0.970616222,N=C(N)NCCCC(NC(=O)CN1CCN(S(=O)(=O)c2cccc3cccnc23)CC1=O)C(=O)c1nccs1,NC(=N)NCCCC(NC(=O)CN1CCN(CC1=O)S(=O)(=O)c1cccc2cccnc12)C(=O)c1nccs1,0,0,1,1,1,1,1
Factor Xa,P00742,ensemble,5,2.796509838104248,1.408935393,COC(=O)N1CC(C(=O)Nc2ccc(Cl)cn2)C(C(=O)Nc2ccc(-n3ccccc3=O)cc2F)C1,Clc1cnc(NC(=O)C2C(C(=O)Nc3c(F)cc(N4C(=O)C=CC=C4)cc3)CN(C(=O)OC)C2)cc1,0,0,1,1,1,1,1
Factor Xa,P00742,ensemble,6,2.7963816642761232,0.879426069,N=C(N)NCCCC(NC(=O)CN1CCN(S(=O)(=O)c2ccc3ccccc3c2)CC1=O)C(=O)c1nccs1,NC(=N)NCCCC(NC(=O)CN1CCN(CC1=O)S(=O)(=O)c1ccc2ccccc2c1)C(=O)c1nccs1,0,0,0,1,0,1,1
Factor Xa,P00742,ensemble,7,2.568502998352051,0.721246399,N=C(N)NCCC[C@@H](NC(=O)CN1CCN(S(=O)(=O)c2ccc(Cl)cc2)CC1=O)C(=O)c1nccs1,NC(=N)NCCC[C@@H](NC(=O)CN1CCN(CC1=O)S(=O)(=O)c1ccc(Cl)cc1)C(=O)c1nccs1,0,0,0,1,0,0,1
IGF-1R,P08069,seed_42,1,3.2525384426116943,3.0707514,CNc1cc(CN2C(=O)N(c3ccc(SC(F)(F)F)cc3)C(=O)C2(C)C)ccn1,S(C(F)(F)F)c1ccc(N2C(=O)N(Cc3cc(NC)ncc3)C(C)(C)C2=O)cc1,1,1,1,1,1,1,1
IGF-1R,P08069,seed_42,2,3.138766288757324,2.2483361,CC1C(=O)N(c2ccc(SC(F)(F)F)cc2)C(=O)N1Cc1ccnc2ccccc12,S(C(F)(F)F)c1ccc(N2C(=O)N(Cc3c4c(ncc3)cccc4)C(C)C2=O)cc1,0,1,1,1,0,0,1
IGF-1R,P08069,seed_42,3,3.032867431640625,3.6944337,COc1cc(-c2ccccc2)nc2cc(-c3nc(C4CC(C)(O)C4)n4ccnc(N)c34)ccc12,O(C)c1c2c(nc(-c3ccccc3)c1)cc(-c1nc(C3CC(O)(C)C3)n3c1C(N)=NC=C3)cc2,1,1,1,1,1,1,1
IGF-1R,P08069,seed_42,4,3.0278942584991455,2.6073351,CC1C(=O)N(c2ccc(S(=O)(=O)C(F)(F)F)cc2)C(=O)N1Cc1ccnc2ccccc12,S(=O)(=O)(C(F)(F)F)c1ccc(N2C(=O)N(Cc3c4c(ncc3)cccc4)C(C)C2=O)cc1,1,0,1,1,0,1,1
IGF-1R,P08069,seed_42,5,2.9001362323760986,3.1547468,CC(C)Oc1cc(-c2ccccc2)nc2cc(-c3nc(C4CC(C)(O)C4)n4ccnc(N)c34)ccc12,O(C(C)C)c1c2c(nc(-c3ccccc3)c1)cc(-c1nc(C3CC(O)(C)C3)n3c1C(N)=NC=C3)cc2,0,0,1,1,1,1,1
IGF-1R,P08069,seed_42,6,2.847423553466797,1.8648673,CC1(C)C(=O)N(c2ccc(SC(F)(F)F)cc2)C(=O)N1Cc1ccnc(F)c1,S(C(F)(F)F)c1ccc(N2C(=O)N(Cc3cc(F)ncc3)C(C)(C)C2=O)cc1,1,0,0,1,0,0,1
IGF-1R,P08069,seed_42,7,2.7440297603607178,0.73000002,COc1cc2c(Oc3ccc(NC(=O)C4(C(=O)Nc5ccc(F)cc5)CC4)cc3F)ccnc2cc1OCCCN1CCOCC1,Fc1c(Oc2c3c(ncc2)cc(OCCCN2CCOCC2)c(OC)c3)ccc(NC(=O)C2(C(=O)Nc3ccc(F)cc3)CC2)c1,0,0,0,1,0,0,0
IGF-1R,P08069,seed_42,8,2.689603567123413,1.9118639,Cc1cc(N2CCOCC2)cc2[nH]c(-c3c(NCC(O)c4cccc(Cl)c4)cc[nH]c3=O)nc12,Clc1cc(C(O)CNC2=C(c3[nH]c4c(c(C)cc(N5CCOCC5)c4)n3)C(=O)NC=C2)ccc1,1,0,0,1,0,0,1
IGF-1R,P08069,seed_42,9,2.6394436359405518,1.04,CCS(=O)(=O)c1cccc(-c2cc(C(=O)NC3CCN(C)CC3)c(C)c3[nH]c4ncc(C)cc4c23)c1,S(=O)(=O)(CC)c1cc(-c2c3c(c(C)c(C(=O)NC4CCN(C)CC4)c2)[nH]c2ncc(C)cc32)ccc1,0,0,0,1,0,0,0
IGF-1R,P08069,seed_42,10,2.5901060104370117,1.8099999,CNC(=O)c1cc(Oc2ccc(NC(=O)Nc3cc(C(C)(C)C)nn3-c3ccc4ncccc4c3)c(F)c2)ccn1,Fc1c(NC(=O)Nc2n(-c3cc4c(nccc4)cc3)nc(C(C)(C)C)c2)ccc(Oc2cc(C(=O)NC)ncc2)c1,0,0,0,1,0,0,0
IGF-1R,P08069,seed_42,11,2.4920198917388916,0.81999999,COC(=O)c1ccc2c(c1)NC(=O)/C2=C(\Nc1ccc(N(C)C(=O)CN2CCN(C)CC2)cc1)c1ccccc1,O=C(N(C)c1ccc(N/C(/c2ccccc2)=C/2\C(=O)Nc3c\2ccc(C(=O)OC)c3)cc1)CN1CCN(C)CC1,0,0,0,0,0,0,0
IGF-1R,P08069,seed_42,12,2.4624125957489014,0.98000002,O=C(O)C1(Cc2cccc(Nc3nccs3)n2)CCC(Oc2cccc(Cl)c2F)CC1,Clc1c(F)c(OC2CCC(C(=O)O)(Cc3nc(Nc4sccn4)ccc3)CC2)ccc1,0,0,0,0,0,0,0
IGF-1R,P08069,seed_42,13,2.4427781105041504,1.2986047,COc1cc2c(cc1Nc1ncc(C)c(-c3cnn4ccccc34)n1)N(C(=O)CN(C)C)CC2,O=C(CN(C)C)N1c2c(cc(OC)c(Nc3nc(c(C)cn3)-c3c4n(nc3)C=CC=C4)c2)CC1,1,0,0,0,0,0,0
IGF-1R,P08069,seed_42,14,2.415748357772827,2.5,CS(=O)(=O)N1CCN(Cc2cc3nc(-c4cccc5[nH]ncc45)nc(N4CCOCC4)c3s2)CC1,S(=O)(=O)(C)N1CCN(Cc2sc3c(N4CCOCC4)nc(-c4c5c([nH]nc5)ccc4)nc3c2)CC1,0,0,0,0,0,0,1
IGF-1R,P08069,seed_42,15,2.355947732925415,1.4,CNC1CC2OC(C)(C1OC)n1c3ccccc3c3c4c(c5c6ccccc6n2c5c31)C(=O)NC4,O=C1NCc2c3c4n(C5(C)C(OC)C(NC)CC(O5)n5c4c(c4c5cccc4)c12)c1c3cccc1,1,0,0,0,0,0,0
IGF-1R,P08069,seed_42,16,2.355947732925415,0.60000002,CN[C@@H]1C[C@H]2O[C@@](C)([C@@H]1OC)n1c3ccccc3c3c4c(c5c6ccccc6n2c5c31)C(=O)NC4,O(C)[C@@H]1[C@H](NC)C[C@H]2O[C@]1(C)n1c3c4n2c2c(c4c4C(=O)NCc4c3c3c1cccc3)cccc2,1,0,0,0,0,0,0
IGF-1R,P08069,seed_42,17,2.3267505168914795,1.3099999,Cn1c(=O)n(-c2ccc(C(C)(C)C#N)cc2)c2c3cc(-c4cnc5ccccc5c4)ccc3ncc21,O=C1N(C)c2c(N1c1ccc(C(C#N)(C)C)cc1)c1c(nc2)ccc(-c2cnc3c(c2)cccc3)c1,0,0,0,0,0,0,0
IGF-1R,P08069,seed_42,18,2.3250112533569336,1.25,Cc1cc(Nc2cc(CN3CCOCC3)c3nc(C)c(Cc4ccc(Cl)cc4F)n3n2)n[nH]1,Clc1cc(F)c(Cc2c(C)nc3C(CN4CCOCC4)=CC(Nc4n[nH]c(C)c4)=Nn23)cc1,1,0,0,0,0,0,0
IGF-1R,P08069,seed_42,19,2.31044602394104,1.25,Cc1c(CN2CCN(C(=O)[C@H](C)O)CC2)sc2c(N3CCOCC3)nc(-c3cnc(N)nc3)nc12,O=C([C@@H](O)C)N1CCN(Cc2c(C)c3nc(-c4cnc(N)nc4)nc(N4CCOCC4)c3s2)CC1,1,0,0,0,0,0,0
IGF-1R,P08069,seed_42,20,2.30639386177063,0.87,Cc1ccc(F)c(NC(=O)Nc2ccc(-c3cccc4[nH]nc(N)c34)cc2)c1,Fc1c(NC(=O)Nc2ccc(-c3c4c(N)n[nH]c4ccc3)cc2)cc(C)cc1,1,0,0,0,0,0,0
IGF-1R,P08069,seed_42,21,2.305403470993042,2.3560541,CC1(O)CC(c2nc(-c3ccc4ccc(-c5ccccc5)nc4c3)c3c(N)nccn23)C1,OC1(C)CC(c2n3c(c(-c4cc5nc(-c6ccccc6)ccc5cc4)n2)C(N)=NC=C3)C1,1,0,0,0,0,0,1
IGF-1R,P08069,seed_42,22,2.2848875522613525,0.62,Cc1cnc(Nc2ccc(OCCN3CCCC3)cc2)nc1Nc1cccc(S(=O)(=O)NC(C)(C)C)c1,S(=O)(=O)(NC(C)(C)C)c1cc(Nc2c(C)cnc(Nc3ccc(OCCN4CCCC4)cc3)n2)ccc1,0,0,0,0,0,0,0
IGF-1R,P08069,seed_42,23,2.2761361598968506,0.71556926,COc1cc(N2CC3CN(CCO)CC(C2)O3)ccc1Nc1ncc(Cl)c(-c2cnc3ccccn23)n1,Clc1c(-c2n3c(nc2)C=CC=C3)nc(Nc2c(OC)cc(N3CC4OC(CN(CCO)C4)C3)cc2)nc1,0,0,0,0,0,0,0
IGF-1R,P08069,seed_42,24,2.265211343765259,1.1799999,COc1cc2c(Nc3ccc(NC(=O)c4ccccc4)cc3)ncnc2cc1OCCCN1CCOCC1,O=C(Nc1ccc(Nc2ncnc3c2cc(OC)c(OCCCN2CCOCC2)c3)cc1)c1ccccc1,0,0,0,0,0,0,0
IGF-1R,P08069,seed_42,25,2.251967668533325,1.2,CCS(=O)(=O)Nc1ccc2c(c1)/C(=C(/Nc1ccc(CN3CCCCC3)cc1)c1ccccc1)C(=O)N2,S(=O)(=O)(Nc1cc2/C(=C(/Nc3ccc(CN4CCCCC4)cc3)\c3ccccc3)/C(=O)Nc2cc1)CC,0,0,0,0,0,0,0
IGF-1R,P08069,seed_42,26,2.228102207183838,0.75,Cc1cc(Nc2nc(N[C@@H](C)c3ccc(F)cc3)c(C#N)cc2F)n[nH]1,Fc1c(Nc2n[nH]c(C)c2)nc(N[C@@H](C)c2ccc(F)cc2)c(C#N)c1,1,0,0,0,0,0,0
IGF-1R,P08069,seed_42,27,2.2279152870178223,1.29,CC(C)(C)c1nc(-c2cccc(NS(=O)(=O)c3c(F)cccc3F)c2F)c(-c2ccnc(N)n2)s1,S(=O)(=O)(Nc1c(F)c(-c2c(-c3nc(N)ncc3)sc(C(C)(C)C)n2)ccc1)c1c(F)cccc1F,0,0,0,0,0,0,0
IGF-1R,P08069,seed_42,28,2.2010340690612793,0.93000001,Cc1[nH]c(/C=C2\C(=O)Nc3ccc(S(=O)(=O)Cc4c(Cl)cccc4Cl)cc32)c(C)c1C(=O)N1CCC[C@@H]1CN1CCCC1,Clc1c(CS(=O)(=O)c2cc3/C(=C/c4c(C)c(C(=O)N5[C@@H](CN6CCCC6)CCC5)c(C)[nH]4)/C(=O)Nc3cc2)c(Cl)ccc1,0,0,0,0,0,0,0
IGF-1R,P08069,seed_42,29,2.1968722343444824,0.5,CCN1CCN(c2ccc(Nc3cc(N(C)C(=O)Nc4c(Cl)c(OC)cc(OC)c4Cl)ncn3)cc2)CC1,Clc1c(NC(=O)N(C)c2ncnc(Nc3ccc(N4CCN(CC)CC4)cc3)c2)c(Cl)c(OC)cc1OC,0,0,0,0,0,0,0
IGF-1R,P08069,seed_42,30,2.167534589767456,0.73000002,CCn1cc(-c2ccnc3[nH]c(-c4cccc(CN(C)C)c4)cc23)c(-c2ccc(NC(=O)N(C)C)cc2)n1,O=C(N(C)C)Nc1ccc(-c2c(-c3c4c([nH]c(-c5cc(CN(C)C)ccc5)c4)ncc3)cn(CC)n2)cc1,0,0,0,0,0,0,0
IGF-1R,P08069,seed_42,31,2.165109872817993,1.02,COc1cc(Nc2c(C#N)cnc3cc(OCCCN4CCN(C)CC4)c(OC)cc23)c(Cl)cc1Cl,Clc1c(OC)cc(Nc2c(C#N)cnc3c2cc(OC)c(OCCCN2CCN(C)CC2)c3)c(Cl)c1,0,0,0,0,0,0,0
IGF-1R,P08069,seed_42,32,2.1621253490448,0.81,COc1cc2nccc(Oc3ccc(NC(=O)C4(C(=O)Nc5ccc(F)cc5)CC4)cc3)c2cc1OC,Fc1ccc(NC(=O)C2(C(=O)Nc3ccc(Oc4c5c(ncc4)cc(OC)c(OC)c5)cc3)CC2)cc1,0,0,0,0,0,0,0
IGF-1R,P08069,seed_42,33,2.149959087371826,1.3657748,COc1cc2c(cc1Nc1ncc(Cl)c(-c3cnn4ccccc34)n1)N(C(C)=O)CC2,Clc1c(-c2c3n(nc2)C=CC=C3)nc(Nc2c(OC)cc3c(N(C(=O)C)CC3)c2)nc1,1,0,0,0,0,0,0
IGF-1R,P08069,seed_42,34,2.125988721847534,1.04,O=C(NCCCNc1nc(Nc2cccc(NC(=O)N3CCCC3)c2)ncc1I)c1cccs1,Ic1c(NCCCNC(=O)c2sccc2)nc(Nc2cc(NC(=O)N3CCCC3)ccc2)nc1,0,0,0,0,0,0,0
IGF-1R,P08069,seed_42,35,2.1237080097198486,0.92000002,O=C(Nc1c[nH]nc1-c1nc2cc(CN3CCOCC3)ccc2[nH]1)NC1CC1,O=C(Nc1c(-c2[nH]c3c(n2)cc(CN2CCOCC2)cc3)n[nH]c1)NC1CC1,1,0,0,0,0,0,0
IGF-1R,P08069,seed_42,36,2.1183135509490967,2.7941194,CC1(C(=O)Nc2ccc(F)nc2)CCCN1c1nc(Nc2cc(C3CC3)n[nH]2)c2cccn2n1,Fc1ncc(NC(=O)C2(C)N(C=3N=C(Nc4[nH]nc(C5CC5)c4)c4n(N=3)ccc4)CCC2)cc1,1,0,0,0,0,1,1
IGF-1R,P08069,seed_42,37,2.10379958152771,1.2878134,CNCC(=O)N1CCC(c2ccc(Nc3ncc(Cl)c(-c4cnc5ccccn45)n3)c(OC)c2)CC1,Clc1c(-c2n3c(nc2)C=CC=C3)nc(Nc2c(OC)cc(C3CCN(C(=O)CNC)CC3)cc2)nc1,0,0,0,0,0,0,0
IGF-1R,P08069,seed_42,38,2.099604606628418,1.6900001,COc1cc(N2CCC(N3CCN(C)CC3)CC2)ccc1Nc1ncc(Cl)c(Nc2ccccc2S(=O)(=O)C(C)C)n1,Clc1c(Nc2c(S(=O)(=O)C(C)C)cccc2)nc(Nc2c(OC)cc(N3CCC(N4CCN(C)CC4)CC3)cc2)nc1,0,0,0,0,0,0,0
IGF-1R,P08069,seed_42,39,2.0922691822052,1.13,Cc1cc(C)c(/C=C2\C(=O)Nc3ccccc32)[nH]1,O=C1/C(=C\c2c(C)cc(C)[nH]2)/c2c(N1)cccc2,1,0,0,0,0,0,0
IGF-1R,P08069,seed_42,40,2.07049298286438,1.792436,CNC(=O)c1c(F)cccc1Nc1nc(Nc2cc3c(cc2OC)CCN3C(=O)CN(C)C)nc2[nH]ccc12,Fc1c(C(=O)NC)c(Nc2nc(Nc3c(OC)cc4c(N(C(=O)CN(C)C)CC4)c3)nc3[nH]ccc23)ccc1,0,0,0,0,0,0,0
IGF-1R,P08069,seed_42,41,2.0677897930145264,1.02,CC(C)n1nc(-c2ccc3oc(N)nc3c2)c2c(N)ncnc21,Nc1oc2c(n1)cc(-c1nn(C(C)C)c3ncnc(N)c13)cc2,1,0,0,0,0,0,0
IGF-1R,P08069,seed_42,42,2.0548765659332275,1.27,Fc1cc(-c2cccc3ncc(-c4cnn(C5CCNCC5)c4)nc23)cc(F)c1CN1CCOCC1,Fc1c(CN2CCOCC2)c(F)cc(-c2c3nc(-c4cn(C5CCNCC5)nc4)cnc3ccc2)c1,1,0,0,0,0,0,0
IGF-1R,P08069,seed_42,43,2.0215342044830322,0.42887372,COc1ccc(N2CCN(C(=O)CN(C)C)CC2)cc1Nc1ncc(Cl)c(-c2cnc3ccccn23)n1,Clc1c(-c2n3c(nc2)C=CC=C3)nc(Nc2c(OC)ccc(N3CCN(C(=O)CN(C)C)CC3)c2)nc1,0,0,0,0,0,0,0
IGF-1R,P08069,seed_42,44,2.014146089553833,1.01,Nc1ncnc2c1c(-c1cnc3[nH]ccc3c1)nn2C1CCCC1,Nc1ncnc2n(C3CCCC3)nc(-c3cnc4[nH]ccc4c3)c12,1,0,0,0,0,0,0
IGF-1R,P08069,seed_42,45,2.01235032081604,0.41,CC(=O)NCC(=O)N1[C@@H]2CC[C@H]1c1ccc(Nc3ncc(C(F)(F)F)c(NC4CCC4)n3)cc12,FC(F)(F)c1c(NC2CCC2)nc(Nc2cc3[C@@H]4N(C(=O)CNC(=O)C)[C@H](c3cc2)CC4)nc1,1,0,0,0,0,0,0
IGF-1R,P08069,seed_42,46,2.001739501953125,1.03,C=CC(=O)Nc1cccc(Oc2nc(Nc3ccc(N4CCN(C)CC4)cc3OC)ncc2Cl)c1,Clc1c(Oc2cc(NC(=O)C=C)ccc2)nc(Nc2c(OC)cc(N3CCN(C)CC3)cc2)nc1,1,0,0,0,0,0,0
IGF-1R,P08069,seed_42,47,1.9854782819747925,1.11,Cc1cc(Nc2cc(N3CCN(C)CC3)nc(/C=C/c3ccccc3)n2)n[nH]1,N(c1nc(/C=C/c2ccccc2)nc(N2CCN(C)CC2)c1)c1n[nH]c(C)c1,1,0,0,0,0,0,0
IGF-1R,P08069,seed_42,48,1.9650946855545044,1.13,Cc1ccc([N+](=O)[O-])cc1S(=O)(=O)N(C)/N=C/c1cnc2ccc(Br)cn12,BrC1=Cn2c(/C=N/N(S(=O)(=O)c3c(C)ccc([N+](=O)[O-])c3)C)cnc2C=C1,1,0,0,0,0,0,0
IGF-1R,P08069,seed_42,49,1.9377341270446777,0.79000002,Cc1cnc(Nc2ccc(N3CCN(C)CC3)cc2)nc1Nc1cccc(S(=O)(=O)NC(C)(C)C)c1,S(=O)(=O)(NC(C)(C)C)c1cc(Nc2c(C)cnc(Nc3ccc(N4CCN(C)CC4)cc3)n2)ccc1,0,0,0,0,0,0,0
IGF-1R,P08069,seed_42,50,1.9262913465499878,0.83999997,NC(=O)Nc1sc(-c2ccc(F)cc2)cc1C(N)=O,Fc1ccc(-c2sc(NC(=O)N)c(C(=O)N)c2)cc1,1,0,0,0,0,0,0
IGF-1R,P08069,seed_42,51,1.9040486812591553,0.69,NC(=O)Nc1cc(-c2cccc(F)c2)sc1C(=O)N[C@H]1CCCNC1,Fc1cc(-c2sc(C(=O)N[C@@H]3CNCCC3)c(NC(=O)N)c2)ccc1,1,0,0,0,0,0,0
IGF-1R,P08069,seed_42,52,1.8889645338058472,0.87047124,CNCC(=O)N1CCN(c2ccc(OC)c(Nc3ncc(Cl)c(-c4cnn5ccccc45)n3)c2)CC1,Clc1c(-c2c3n(nc2)C=CC=C3)nc(Nc2c(OC)ccc(N3CCN(C(=O)CNC)CC3)c2)nc1,0,0,0,0,0,0,0
IGF-1R,P08069,seed_42,53,1.8862967491149902,0.85000002,CCCS(=O)(=O)Nc1ccc(F)c(C(=O)c2c[nH]c3ncc(Cl)cc23)c1F,Clc1cnc2[nH]cc(C(=O)c3c(F)c(NS(=O)(=O)CCC)ccc3F)c2c1,1,0,0,0,0,0,0
IGF-1R,P08069,seed_42,54,1.8792451620101929,1.5428754,CC(C)(C)c1cc(C=C(C#N)C#N)cc(Br)c1O,Brc1c(O)c(C(C)(C)C)cc(C=C(C#N)C#N)c1,1,0,0,0,0,0,0
IGF-1R,P08069,seed_42,55,1.871911644935608,0.73834068,Nc1ncnc2c1c(-c1cccc(OCc3ccccc3)c1)cn2C1CC(CN2CCC2)C1,O(Cc1ccccc1)c1cc(-c2c3c(N)ncnc3n(C3CC(CN4CCC4)C3)c2)ccc1,1,0,0,0,0,0,0
IGF-1R,P08069,seed_42,56,1.8455463647842407,1.17,CN1CCN(c2cccc(Nc3nc4c(-c5ccc(S(C)(=O)=O)cc5)cccn4n3)c2)CC1,S(=O)(=O)(C)c1ccc(C=2c3n(nc(Nc4cc(N5CCN(C)CC5)ccc4)n3)C=CC=2)cc1,1,0,0,0,0,0,0
IGF-1R,P08069,seed_42,57,1.843553900718689,0.61978877,Nc1ncnc2c1c(-c1cccc(OCc3ccccc3)c1)cn2C1CC(CN2CCCC2)C1,O(Cc1ccccc1)c1cc(-c2c3c(N)ncnc3n(C3CC(CN4CCCC4)C3)c2)ccc1,0,0,0,0,0,0,0
IGF-1R,P08069,seed_42,58,1.82151198387146,1.02,COc1cc(CCc2cc(NC(=O)c3ccc(N4C[C@@H](C)N[C@@H](C)C4)cc3)n[nH]2)cc(OC)c1,O=C(Nc1n[nH]c(CCc2cc(OC)cc(OC)c2)c1)c1ccc(N2C[C@@H](C)N[C@@H](C)C2)cc1,1,0,0,0,0,0,0
IGF-1R,P08069,seed_42,59,1.8072127103805542,1.24,C=CC(=O)Nc1cccc(Sc2nc(Nc3ccc(N4CCN(C)CC4)cc3)ncc2Cl)c1,Clc1c(Sc2cc(NC(=O)C=C)ccc2)nc(Nc2ccc(N3CCN(C)CC3)cc2)nc1,1,0,0,0,0,0,0
IGF-1R,P08069,seed_42,60,1.8039124011993408,1.0255574,CNCC(=O)N1CCN(c2ccc(Nc3ncc(F)c(-c4cnn5ccccc45)n3)c(OC)c2)CC1,Fc1c(-c2c3n(nc2)C=CC=C3)nc(Nc2c(OC)cc(N3CCN(C(=O)CNC)CC3)cc2)nc1,1,0,0,0,0,0,0
IGF-1R,P08069,seed_42,61,1.7698930501937866,0.81999999,CN1CCN(c2ccc3nc(-c4c(N)c5c(F)cccc5[nH]c4=O)[nH]c3c2)CC1,Fc1c2C(N)=C(c3[nH]c4c(n3)ccc(N3CCN(C)CC3)c4)C(=O)Nc2ccc1,1,0,0,0,0,0,0
IGF-1R,P08069,seed_42,62,1.7573796510696411,1.0700001,Nc1nc(Nc2ccc(S(N)(=O)=O)cc2)nn1C(=O)c1c(F)cccc1F,S(=O)(=O)(N)c1ccc(Nc2nn(C(=O)c3c(F)cccc3F)c(N)n2)cc1,1,0,0,0,0,0,0
IGF-1R,P08069,seed_42,63,1.745556116104126,0.83999997,O=C(O)c1ccc(Nc2ncc3c(n2)-c2ccc(Cl)cc2C(c2c(F)cccc2F)=NC3)cc1,Clc1cc2C(c3c(F)cccc3F)=NCc3c(nc(Nc4ccc(C(=O)O)cc4)nc3)-c2cc1,0,0,0,0,0,0,0
IGF-1R,P08069,seed_42,64,1.7339190244674683,0.77999997,COc1cc(Nc2ncc3c(n2)-c2ccc(Cl)cc2C(c2c(F)cccc2OC)=NC3)ccc1C(=O)O,Clc1cc2C(c3c(F)cccc3OC)=NCc3c(nc(Nc4cc(OC)c(C(=O)O)cc4)nc3)-c2cc1,0,0,0,0,0,0,0
IGF-1R,P08069,seed_42,65,1.7156755924224854,0.94999999,Cc1[nH]c(/C=C2\C(=O)Nc3ccccc32)c(C)c1CCC(=O)O,O=C(O)CCc1c(C)c(/C=C/2\C(=O)Nc3c\2cccc3)[nH]c1C,1,0,0,0,0,0,0
IGF-1R,P08069,seed_42,66,1.7145782709121704,0.60000002,Cc1cc(Nc2cc(N3CCN(C)CC3)nc(Sc3ccc(NC(=O)C4CC4)cc3)n2)n[nH]1,S(c1nc(Nc2n[nH]c(C)c2)cc(N2CCN(C)CC2)n1)c1ccc(NC(=O)C2CC2)cc1,1,0,0,0,0,0,0
IGF-1R,P08069,seed_42,67,1.705331802368164,1.17,Cc1nc(N)sc1-c1ccnc(Nc2ccc(N3CCOCC3)cc2)n1,N(c1nc(-c2c(C)nc(N)s2)ccn1)c1ccc(N2CCOCC2)cc1,1,0,0,0,0,0,0
IGF-1R,P08069,seed_42,68,1.7021862268447876,1.09,O=C(Nc1cccc(Nc2ncc(Br)c(NCCc3cnc[nH]3)n2)c1)N1CCCC1,Brc1c(NCCc2[nH]cnc2)nc(Nc2cc(NC(=O)N3CCCC3)ccc2)nc1,1,0,0,0,0,0,0
IGF-1R,P08069,seed_42,69,1.6667972803115845,0.89999998,COc1cc(Nc2ncc(F)c(Nc3ccc4c(n3)N(COP(=O)(O)O)C(=O)C(C)(C)O4)n2)cc(OC)c1OC,P(=O)(OCN1C(=O)C(C)(C)Oc2c1nc(Nc1c(F)cnc(Nc3cc(OC)c(OC)c(OC)c3)n1)cc2)(O)O,0,0,0,0,0,0,0
IGF-1R,P08069,seed_42,70,1.6618729829788208,1.47,CNC(=O)c1ccccc1Nc1nc(Nc2ccc(N3CCOCC3)cc2OC)ncc1Cl,Clc1c(Nc2c(C(=O)NC)cccc2)nc(Nc2c(OC)cc(N3CCOCC3)cc2)nc1,1,0,0,0,0,0,0
IGF-1R,P08069,seed_42,71,1.6574703454971313,1.01,Cc1ccc(Nc2nccc(N(C)c3ccc4c(C)n(C)nc4c3)n2)cc1S(N)(=O)=O,S(=O)(=O)(N)c1c(C)ccc(Nc2nc(N(C)c3cc4nn(C)c(C)c4cc3)ccn2)c1,1,0,0,0,0,0,0
IGF-1R,P08069,seed_42,72,1.6449618339538574,0.94,CCN(CC)CCNC(=O)c1c(C)[nH]c(/C=C2\C(=O)Nc3ccc(F)cc32)c1C,Fc1cc2/C(=C/c3c(C)c(C(=O)NCCN(CC)CC)c(C)[nH]3)/C(=O)Nc2cc1,1,0,0,0,0,0,0
IGF-1R,P08069,seed_42,73,1.638188362121582,0.97000003,C=CC(=O)Nc1cccc(Oc2nc(Nc3ccc(N4CCN(C)CC4)cc3)ncc2Cl)c1,Clc1c(Oc2cc(NC(=O)C=C)ccc2)nc(Nc2ccc(N3CCN(C)CC3)cc2)nc1,1,0,0,0,0,0,0
IGF-1R,P08069,seed_42,74,1.6151129007339478,0.89999998,O=C(c1ccc(/C=C/c2n[nH]c3ccccc23)cc1)N1CCNCC1,O=C(N1CCNCC1)c1ccc(/C=C/c2n[nH]c3c2cccc3)cc1,1,0,0,0,0,0,0
IGF-1R,P08069,seed_42,75,1.5624648332595825,0.84572822,COc1cc(N2CCNCC2)ccc1Nc1ncc(C)c(-c2cnn3ccccc23)n1,O(C)c1c(Nc2nc(c(C)cn2)-c2c3n(nc2)C=CC=C3)ccc(N2CCNCC2)c1,1,0,0,0,0,0,0
IGF-1R,P08069,seed_42,76,1.5606106519699097,0.96193647,COc1ccc(NC(=O)CN(C)C)cc1Nc1ncc(Cl)c(-c2cnc3c(F)cccn23)n1,Clc1c(-c2n3c(C(F)=CC=C3)nc2)nc(Nc2c(OC)ccc(NC(=O)CN(C)C)c2)nc1,1,0,0,0,0,0,0
IGF-1R,P08069,seed_42,77,1.5367614030838013,1.04,CNC(=O)c1nn(C)c2c1C(C)(C)Cc1cnc(Nc3ccc(N4CCN(C)CC4)cc3)nc1-2,O=C(NC)c1nn(C)c-2c1C(C)(C)Cc1c-2nc(Nc2ccc(N3CCN(C)CC3)cc2)nc1,1,0,0,0,0,0,0
IGF-1R,P08069,seed_42,78,1.5119531154632568,0.63999999,COc1cc(Nc2ncc(F)c(Nc3ccc4c(n3)NC(=O)C(C)(C)O4)n2)cc(OC)c1OC,Fc1c(Nc2nc3NC(=O)C(C)(C)Oc3cc2)nc(Nc2cc(OC)c(OC)c(OC)c2)nc1,1,0,0,0,0,0,0
IGF-1R,P08069,seed_42,79,1.505837082862854,1.16,CN(c1ncccc1CNc1nc(Nc2ccc3c(c2)CC(=O)N3)ncc1C(F)(F)F)S(C)(=O)=O,S(=O)(=O)(N(C)c1c(CNc2c(C(F)(F)F)cnc(Nc3cc4c(NC(=O)C4)cc3)n2)cccn1)C,0,0,0,0,0,0,0
IGF-1R,P08069,seed_42,80,1.4848049879074097,0.86000001,CCOc1cc2ncc(C#N)c(Nc3ccc(OCc4ccccn4)c(Cl)c3)c2cc1NC(=O)/C=C/CN(C)C,Clc1c(OCc2ncccc2)ccc(Nc2c(C#N)cnc3c2cc(NC(=O)/C=C/CN(C)C)c(OCC)c3)c1,0,0,0,0,0,0,0
IGF-1R,P08069,seed_42,81,1.252611517906189,0.48932096,COc1ccc(N2CCNCC2)cc1Nc1ncc(C)c(-c2cnn3ccccc23)n1,O(C)c1c(Nc2nc(c(C)cn2)-c2c3n(nc2)C=CC=C3)cc(N2CCNCC2)cc1,1,0,0,0,0,0,0
IGF-1R,P08069,seed_142,1,3.3257241249084473,3.1547468,CC(C)Oc1cc(-c2ccccc2)nc2cc(-c3nc(C4CC(C)(O)C4)n4ccnc(N)c34)ccc12,O(C(C)C)c1c2c(nc(-c3ccccc3)c1)cc(-c1nc(C3CC(O)(C)C3)n3c1C(N)=NC=C3)cc2,0,1,1,1,1,1,1
IGF-1R,P08069,seed_142,2,3.2825076580047607,2.6073351,CC1C(=O)N(c2ccc(S(=O)(=O)C(F)(F)F)cc2)C(=O)N1Cc1ccnc2ccccc12,S(=O)(=O)(C(F)(F)F)c1ccc(N2C(=O)N(Cc3c4c(ncc3)cccc4)C(C)C2=O)cc1,1,1,1,1,0,1,1
IGF-1R,P08069,seed_142,3,3.2675509452819824,2.2483361,CC1C(=O)N(c2ccc(SC(F)(F)F)cc2)C(=O)N1Cc1ccnc2ccccc12,S(C(F)(F)F)c1ccc(N2C(=O)N(Cc3c4c(ncc3)cccc4)C(C)C2=O)cc1,0,1,1,1,0,0,1
IGF-1R,P08069,seed_142,4,3.257833242416382,3.0707514,CNc1cc(CN2C(=O)N(c3ccc(SC(F)(F)F)cc3)C(=O)C2(C)C)ccn1,S(C(F)(F)F)c1ccc(N2C(=O)N(Cc3cc(NC)ncc3)C(C)(C)C2=O)cc1,1,0,1,1,1,1,1
IGF-1R,P08069,seed_142,5,3.1976797580718994,1.8648673,CC1(C)C(=O)N(c2ccc(SC(F)(F)F)cc2)C(=O)N1Cc1ccnc(F)c1,S(C(F)(F)F)c1ccc(N2C(=O)N(Cc3cc(F)ncc3)C(C)(C)C2=O)cc1,1,0,1,1,0,0,1
IGF-1R,P08069,seed_142,6,3.181166887283325,3.6944337,COc1cc(-c2ccccc2)nc2cc(-c3nc(C4CC(C)(O)C4)n4ccnc(N)c34)ccc12,O(C)c1c2c(nc(-c3ccccc3)c1)cc(-c1nc(C3CC(O)(C)C3)n3c1C(N)=NC=C3)cc2,1,0,0,1,1,1,1
IGF-1R,P08069,seed_142,7,3.061540365219116,1.9118639,Cc1cc(N2CCOCC2)cc2[nH]c(-c3c(NCC(O)c4cccc(Cl)c4)cc[nH]c3=O)nc12,Clc1cc(C(O)CNC2=C(c3[nH]c4c(c(C)cc(N5CCOCC5)c4)n3)C(=O)NC=C2)ccc1,1,0,0,1,0,0,1
IGF-1R,P08069,seed_142,8,2.763610601425171,0.73000002,COc1cc2c(Oc3ccc(NC(=O)C4(C(=O)Nc5ccc(F)cc5)CC4)cc3F)ccnc2cc1OCCCN1CCOCC1,Fc1c(Oc2c3c(ncc2)cc(OCCCN2CCOCC2)c(OC)c3)ccc(NC(=O)C2(C(=O)Nc3ccc(F)cc3)CC2)c1,0,0,0,1,0,0,0
IGF-1R,P08069,seed_142,9,2.7370288372039795,0.98000002,O=C(O)C1(Cc2cccc(Nc3nccs3)n2)CCC(Oc2cccc(Cl)c2F)CC1,Clc1c(F)c(OC2CCC(C(=O)O)(Cc3nc(Nc4sccn4)ccc3)CC2)ccc1,0,0,0,1,0,0,0
IGF-1R,P08069,seed_142,10,2.721174478530884,1.8099999,CNC(=O)c1cc(Oc2ccc(NC(=O)Nc3cc(C(C)(C)C)nn3-c3ccc4ncccc4c3)c(F)c2)ccn1,Fc1c(NC(=O)Nc2n(-c3cc4c(nccc4)cc3)nc(C(C)(C)C)c2)ccc(Oc2cc(C(=O)NC)ncc2)c1,0,0,0,1,0,0,0
IGF-1R,P08069,seed_142,11,2.6709039211273193,0.87,Cc1ccc(F)c(NC(=O)Nc2ccc(-c3cccc4[nH]nc(N)c34)cc2)c1,Fc1c(NC(=O)Nc2ccc(-c3c4c(N)n[nH]c4ccc3)cc2)cc(C)cc1,1,0,0,0,0,0,0
IGF-1R,P08069,seed_142,12,2.5433030128479004,1.04,CCS(=O)(=O)c1cccc(-c2cc(C(=O)NC3CCN(C)CC3)c(C)c3[nH]c4ncc(C)cc4c23)c1,S(=O)(=O)(CC)c1cc(-c2c3c(c(C)c(C(=O)NC4CCN(C)CC4)c2)[nH]c2ncc(C)cc32)ccc1,0,0,0,0,0,0,0
IGF-1R,P08069,seed_142,13,2.526998996734619,2.5,CS(=O)(=O)N1CCN(Cc2cc3nc(-c4cccc5[nH]ncc45)nc(N4CCOCC4)c3s2)CC1,S(=O)(=O)(C)N1CCN(Cc2sc3c(N4CCOCC4)nc(-c4c5c([nH]nc5)ccc4)nc3c2)CC1,0,0,0,0,0,0,1
IGF-1R,P08069,seed_142,14,2.478719472885132,1.29,CC(C)(C)c1nc(-c2cccc(NS(=O)(=O)c3c(F)cccc3F)c2F)c(-c2ccnc(N)n2)s1,S(=O)(=O)(Nc1c(F)c(-c2c(-c3nc(N)ncc3)sc(C(C)(C)C)n2)ccc1)c1c(F)cccc1F,0,0,0,0,0,0,0
IGF-1R,P08069,seed_142,15,2.477663040161133,1.3099999,Cn1c(=O)n(-c2ccc(C(C)(C)C#N)cc2)c2c3cc(-c4cnc5ccccc5c4)ccc3ncc21,O=C1N(C)c2c(N1c1ccc(C(C#N)(C)C)cc1)c1c(nc2)ccc(-c2cnc3c(c2)cccc3)c1,0,0,0,0,0,0,0
IGF-1R,P08069,seed_142,16,2.434464693069458,0.62,Cc1cnc(Nc2ccc(OCCN3CCCC3)cc2)nc1Nc1cccc(S(=O)(=O)NC(C)(C)C)c1,S(=O)(=O)(NC(C)(C)C)c1cc(Nc2c(C)cnc(Nc3ccc(OCCN4CCCC4)cc3)n2)ccc1,0,0,0,0,0,0,0
IGF-1R,P08069,seed_142,17,2.4259836673736572,0.5,CCN1CCN(c2ccc(Nc3cc(N(C)C(=O)Nc4c(Cl)c(OC)cc(OC)c4Cl)ncn3)cc2)CC1,Clc1c(NC(=O)N(C)c2ncnc(Nc3ccc(N4CCN(CC)CC4)cc3)c2)c(Cl)c(OC)cc1OC,0,0,0,0,0,0,0
IGF-1R,P08069,seed_142,18,2.4203219413757324,1.24,C=CC(=O)Nc1cccc(Sc2nc(Nc3ccc(N4CCN(C)CC4)cc3)ncc2Cl)c1,Clc1c(Sc2cc(NC(=O)C=C)ccc2)nc(Nc2ccc(N3CCN(C)CC3)cc2)nc1,1,0,0,0,0,0,0
IGF-1R,P08069,seed_142,19,2.417264461517334,1.25,Cc1cc(Nc2cc(CN3CCOCC3)c3nc(C)c(Cc4ccc(Cl)cc4F)n3n2)n[nH]1,Clc1cc(F)c(Cc2c(C)nc3C(CN4CCOCC4)=CC(Nc4n[nH]c(C)c4)=Nn23)cc1,1,0,0,0,0,0,0
IGF-1R,P08069,seed_142,20,2.412693977355957,2.7941194,CC1(C(=O)Nc2ccc(F)nc2)CCCN1c1nc(Nc2cc(C3CC3)n[nH]2)c2cccn2n1,Fc1ncc(NC(=O)C2(C)N(C=3N=C(Nc4[nH]nc(C5CC5)c4)c4n(N=3)ccc4)CCC2)cc1,1,0,0,0,0,1,1
IGF-1R,P08069,seed_142,21,2.389390468597412,2.3560541,CC1(O)CC(c2nc(-c3ccc4ccc(-c5ccccc5)nc4c3)c3c(N)nccn23)C1,OC1(C)CC(c2n3c(c(-c4cc5nc(-c6ccccc6)ccc5cc4)n2)C(N)=NC=C3)C1,1,0,0,0,0,0,1
IGF-1R,P08069,seed_142,22,2.381295919418335,0.73000002,CCn1cc(-c2ccnc3[nH]c(-c4cccc(CN(C)C)c4)cc23)c(-c2ccc(NC(=O)N(C)C)cc2)n1,O=C(N(C)C)Nc1ccc(-c2c(-c3c4c([nH]c(-c5cc(CN(C)C)ccc5)c4)ncc3)cn(CC)n2)cc1,0,0,0,0,0,0,0
IGF-1R,P08069,seed_142,23,2.364074468612671,0.75,Cc1cc(Nc2nc(N[C@@H](C)c3ccc(F)cc3)c(C#N)cc2F)n[nH]1,Fc1c(Nc2n[nH]c(C)c2)nc(N[C@@H](C)c2ccc(F)cc2)c(C#N)c1,1,0,0,0,0,0,0
IGF-1R,P08069,seed_142,24,2.3450469970703125,1.1799999,COc1cc2c(Nc3ccc(NC(=O)c4ccccc4)cc3)ncnc2cc1OCCCN1CCOCC1,O=C(Nc1ccc(Nc2ncnc3c2cc(OC)c(OCCCN2CCOCC2)c3)cc1)c1ccccc1,0,0,0,0,0,0,0
IGF-1R,P08069,seed_142,25,2.339160680770874,0.81999999,COC(=O)c1ccc2c(c1)NC(=O)/C2=C(\Nc1ccc(N(C)C(=O)CN2CCN(C)CC2)cc1)c1ccccc1,O=C(N(C)c1ccc(N/C(/c2ccccc2)=C/2\C(=O)Nc3c\2ccc(C(=O)OC)c3)cc1)CN1CCN(C)CC1,0,0,0,0,0,0,0
IGF-1R,P08069,seed_142,26,2.3342125415802,1.04,O=C(NCCCNc1nc(Nc2cccc(NC(=O)N3CCCC3)c2)ncc1I)c1cccs1,Ic1c(NCCCNC(=O)c2sccc2)nc(Nc2cc(NC(=O)N3CCCC3)ccc2)nc1,0,0,0,0,0,0,0
IGF-1R,P08069,seed_142,27,2.2815825939178467,1.02,COc1cc(Nc2c(C#N)cnc3cc(OCCCN4CCN(C)CC4)c(OC)cc23)c(Cl)cc1Cl,Clc1c(OC)cc(Nc2c(C#N)cnc3c2cc(OC)c(OCCCN2CCN(C)CC2)c3)c(Cl)c1,0,0,0,0,0,0,0
IGF-1R,P08069,seed_142,28,2.278278112411499,1.4,CNC1CC2OC(C)(C1OC)n1c3ccccc3c3c4c(c5c6ccccc6n2c5c31)C(=O)NC4,O=C1NCc2c3c4n(C5(C)C(OC)C(NC)CC(O5)n5c4c(c4c5cccc4)c12)c1c3cccc1,1,0,0,0,0,0,0
IGF-1R,P08069,seed_142,29,2.278278112411499,0.60000002,CN[C@@H]1C[C@H]2O[C@@](C)([C@@H]1OC)n1c3ccccc3c3c4c(c5c6ccccc6n2c5c31)C(=O)NC4,O(C)[C@@H]1[C@H](NC)C[C@H]2O[C@]1(C)n1c3c4n2c2c(c4c4C(=O)NCc4c3c3c1cccc3)cccc2,1,0,0,0,0,0,0
IGF-1R,P08069,seed_142,30,2.2744152545928955,1.6900001,COc1cc(N2CCC(N3CCN(C)CC3)CC2)ccc1Nc1ncc(Cl)c(Nc2ccccc2S(=O)(=O)C(C)C)n1,Clc1c(Nc2c(S(=O)(=O)C(C)C)cccc2)nc(Nc2c(OC)cc(N3CCC(N4CCN(C)CC4)CC3)cc2)nc1,0,0,0,0,0,0,0
IGF-1R,P08069,seed_142,31,2.26814341545105,0.81,COc1cc2nccc(Oc3ccc(NC(=O)C4(C(=O)Nc5ccc(F)cc5)CC4)cc3)c2cc1OC,Fc1ccc(NC(=O)C2(C(=O)Nc3ccc(Oc4c5c(ncc4)cc(OC)c(OC)c5)cc3)CC2)cc1,0,0,0,0,0,0,0
IGF-1R,P08069,seed_142,32,2.2532083988189697,1.01,Nc1ncnc2c1c(-c1cnc3[nH]ccc3c1)nn2C1CCCC1,Nc1ncnc2n(C3CCCC3)nc(-c3cnc4[nH]ccc4c3)c12,1,0,0,0,0,0,0
IGF-1R,P08069,seed_142,33,2.248797655105591,0.79000002,Cc1cnc(Nc2ccc(N3CCN(C)CC3)cc2)nc1Nc1cccc(S(=O)(=O)NC(C)(C)C)c1,S(=O)(=O)(NC(C)(C)C)c1cc(Nc2c(C)cnc(Nc3ccc(N4CCN(C)CC4)cc3)n2)ccc1,0,0,0,0,0,0,0
IGF-1R,P08069,seed_142,34,2.236950635910034,1.2878134,CNCC(=O)N1CCC(c2ccc(Nc3ncc(Cl)c(-c4cnc5ccccn45)n3)c(OC)c2)CC1,Clc1c(-c2n3c(nc2)C=CC=C3)nc(Nc2c(OC)cc(C3CCN(C(=O)CNC)CC3)cc2)nc1,0,0,0,0,0,0,0
IGF-1R,P08069,seed_142,35,2.221346616744995,1.02,CC(C)n1nc(-c2ccc3oc(N)nc3c2)c2c(N)ncnc21,Nc1oc2c(n1)cc(-c1nn(C(C)C)c3ncnc(N)c13)cc2,1,0,0,0,0,0,0
IGF-1R,P08069,seed_142,36,2.1999056339263916,1.25,Cc1c(CN2CCN(C(=O)[C@H](C)O)CC2)sc2c(N3CCOCC3)nc(-c3cnc(N)nc3)nc12,O=C([C@@H](O)C)N1CCN(Cc2c(C)c3nc(-c4cnc(N)nc4)nc(N4CCOCC4)c3s2)CC1,1,0,0,0,0,0,0
IGF-1R,P08069,seed_142,37,2.169456720352173,1.3657748,COc1cc2c(cc1Nc1ncc(Cl)c(-c3cnn4ccccc34)n1)N(C(C)=O)CC2,Clc1c(-c2c3n(nc2)C=CC=C3)nc(Nc2c(OC)cc3c(N(C(=O)C)CC3)c2)nc1,1,0,0,0,0,0,0
IGF-1R,P08069,seed_142,38,2.1522562503814697,1.27,Fc1cc(-c2cccc3ncc(-c4cnn(C5CCNCC5)c4)nc23)cc(F)c1CN1CCOCC1,Fc1c(CN2CCOCC2)c(F)cc(-c2c3nc(-c4cn(C5CCNCC5)nc4)cnc3ccc2)c1,1,0,0,0,0,0,0
IGF-1R,P08069,seed_142,39,2.1217660903930664,0.83999997,NC(=O)Nc1sc(-c2ccc(F)cc2)cc1C(N)=O,Fc1ccc(-c2sc(NC(=O)N)c(C(=O)N)c2)cc1,1,0,0,0,0,0,0
IGF-1R,P08069,seed_142,40,2.1215221881866455,0.69,NC(=O)Nc1cc(-c2cccc(F)c2)sc1C(=O)N[C@H]1CCCNC1,Fc1cc(-c2sc(C(=O)N[C@@H]3CNCCC3)c(NC(=O)N)c2)ccc1,1,0,0,0,0,0,0
IGF-1R,P08069,seed_142,41,2.111328125,1.792436,CNC(=O)c1c(F)cccc1Nc1nc(Nc2cc3c(cc2OC)CCN3C(=O)CN(C)C)nc2[nH]ccc12,Fc1c(C(=O)NC)c(Nc2nc(Nc3c(OC)cc4c(N(C(=O)CN(C)C)CC4)c3)nc3[nH]ccc23)ccc1,0,0,0,0,0,0,0
IGF-1R,P08069,seed_142,42,2.107792615890503,0.41,CC(=O)NCC(=O)N1[C@@H]2CC[C@H]1c1ccc(Nc3ncc(C(F)(F)F)c(NC4CCC4)n3)cc12,FC(F)(F)c1c(NC2CCC2)nc(Nc2cc3[C@@H]4N(C(=O)CNC(=O)C)[C@H](c3cc2)CC4)nc1,1,0,0,0,0,0,0
IGF-1R,P08069,seed_142,43,2.0931544303894043,1.2986047,COc1cc2c(cc1Nc1ncc(C)c(-c3cnn4ccccc34)n1)N(C(=O)CN(C)C)CC2,O=C(CN(C)C)N1c2c(cc(OC)c(Nc3nc(c(C)cn3)-c3c4n(nc3)C=CC=C4)c2)CC1,1,0,0,0,0,0,0
IGF-1R,P08069,seed_142,44,2.0666072368621826,1.13,Cc1ccc([N+](=O)[O-])cc1S(=O)(=O)N(C)/N=C/c1cnc2ccc(Br)cn12,BrC1=Cn2c(/C=N/N(S(=O)(=O)c3c(C)ccc([N+](=O)[O-])c3)C)cnc2C=C1,1,0,0,0,0,0,0
IGF-1R,P08069,seed_142,45,2.0570313930511475,1.04,CNC(=O)c1nn(C)c2c1C(C)(C)Cc1cnc(Nc3ccc(N4CCN(C)CC4)cc3)nc1-2,O=C(NC)c1nn(C)c-2c1C(C)(C)Cc1c-2nc(Nc2ccc(N3CCN(C)CC3)cc2)nc1,1,0,0,0,0,0,0
IGF-1R,P08069,seed_142,46,2.056070566177368,0.92000002,O=C(Nc1c[nH]nc1-c1nc2cc(CN3CCOCC3)ccc2[nH]1)NC1CC1,O=C(Nc1c(-c2[nH]c3c(n2)cc(CN2CCOCC2)cc3)n[nH]c1)NC1CC1,1,0,0,0,0,0,0
IGF-1R,P08069,seed_142,47,2.0551869869232178,0.93000001,Cc1[nH]c(/C=C2\C(=O)Nc3ccc(S(=O)(=O)Cc4c(Cl)cccc4Cl)cc32)c(C)c1C(=O)N1CCC[C@@H]1CN1CCCC1,Clc1c(CS(=O)(=O)c2cc3/C(=C/c4c(C)c(C(=O)N5[C@@H](CN6CCCC6)CCC5)c(C)[nH]4)/C(=O)Nc3cc2)c(Cl)ccc1,0,0,0,0,0,0,0
IGF-1R,P08069,seed_142,48,2.051997184753418,0.97000003,C=CC(=O)Nc1cccc(Oc2nc(Nc3ccc(N4CCN(C)CC4)cc3)ncc2Cl)c1,Clc1c(Oc2cc(NC(=O)C=C)ccc2)nc(Nc2ccc(N3CCN(C)CC3)cc2)nc1,1,0,0,0,0,0,0
IGF-1R,P08069,seed_142,49,2.0446319580078125,1.2,CCS(=O)(=O)Nc1ccc2c(c1)/C(=C(/Nc1ccc(CN3CCCCC3)cc1)c1ccccc1)C(=O)N2,S(=O)(=O)(Nc1cc2/C(=C(/Nc3ccc(CN4CCCCC4)cc3)\c3ccccc3)/C(=O)Nc2cc1)CC,0,0,0,0,0,0,0
IGF-1R,P08069,seed_142,50,2.0435128211975098,0.77999997,COc1cc(Nc2ncc3c(n2)-c2ccc(Cl)cc2C(c2c(F)cccc2OC)=NC3)ccc1C(=O)O,Clc1cc2C(c3c(F)cccc3OC)=NCc3c(nc(Nc4cc(OC)c(C(=O)O)cc4)nc3)-c2cc1,0,0,0,0,0,0,0
IGF-1R,P08069,seed_142,51,2.0207149982452393,1.17,Cc1nc(N)sc1-c1ccnc(Nc2ccc(N3CCOCC3)cc2)n1,N(c1nc(-c2c(C)nc(N)s2)ccn1)c1ccc(N2CCOCC2)cc1,1,0,0,0,0,0,0
IGF-1R,P08069,seed_142,52,2.0109212398529053,0.42887372,COc1ccc(N2CCN(C(=O)CN(C)C)CC2)cc1Nc1ncc(Cl)c(-c2cnc3ccccn23)n1,Clc1c(-c2n3c(nc2)C=CC=C3)nc(Nc2c(OC)ccc(N3CCN(C(=O)CN(C)C)CC3)c2)nc1,0,0,0,0,0,0,0
IGF-1R,P08069,seed_142,53,2.0095717906951904,1.5428754,CC(C)(C)c1cc(C=C(C#N)C#N)cc(Br)c1O,Brc1c(O)c(C(C)(C)C)cc(C=C(C#N)C#N)c1,1,0,0,0,0,0,0
IGF-1R,P08069,seed_142,54,2.0039491653442383,1.13,Cc1cc(C)c(/C=C2\C(=O)Nc3ccccc32)[nH]1,O=C1/C(=C\c2c(C)cc(C)[nH]2)/c2c(N1)cccc2,1,0,0,0,0,0,0
IGF-1R,P08069,seed_142,55,2.0016493797302246,0.71556926,COc1cc(N2CC3CN(CCO)CC(C2)O3)ccc1Nc1ncc(Cl)c(-c2cnc3ccccn23)n1,Clc1c(-c2n3c(nc2)C=CC=C3)nc(Nc2c(OC)cc(N3CC4OC(CN(CCO)C4)C3)cc2)nc1,0,0,0,0,0,0,0
IGF-1R,P08069,seed_142,56,1.9718858003616333,1.47,CNC(=O)c1ccccc1Nc1nc(Nc2ccc(N3CCOCC3)cc2OC)ncc1Cl,Clc1c(Nc2c(C(=O)NC)cccc2)nc(Nc2c(OC)cc(N3CCOCC3)cc2)nc1,1,0,0,0,0,0,0
IGF-1R,P08069,seed_142,57,1.96818208694458,0.61978877,Nc1ncnc2c1c(-c1cccc(OCc3ccccc3)c1)cn2C1CC(CN2CCCC2)C1,O(Cc1ccccc1)c1cc(-c2c3c(N)ncnc3n(C3CC(CN4CCCC4)C3)c2)ccc1,0,0,0,0,0,0,0
IGF-1R,P08069,seed_142,58,1.9593780040740967,0.73834068,Nc1ncnc2c1c(-c1cccc(OCc3ccccc3)c1)cn2C1CC(CN2CCC2)C1,O(Cc1ccccc1)c1cc(-c2c3c(N)ncnc3n(C3CC(CN4CCC4)C3)c2)ccc1,1,0,0,0,0,0,0
IGF-1R,P08069,seed_142,59,1.9398207664489746,0.81999999,CN1CCN(c2ccc3nc(-c4c(N)c5c(F)cccc5[nH]c4=O)[nH]c3c2)CC1,Fc1c2C(N)=C(c3[nH]c4c(n3)ccc(N3CCN(C)CC3)c4)C(=O)Nc2ccc1,1,0,0,0,0,0,0
IGF-1R,P08069,seed_142,60,1.9381802082061768,0.89999998,COc1cc(Nc2ncc(F)c(Nc3ccc4c(n3)N(COP(=O)(O)O)C(=O)C(C)(C)O4)n2)cc(OC)c1OC,P(=O)(OCN1C(=O)C(C)(C)Oc2c1nc(Nc1c(F)cnc(Nc3cc(OC)c(OC)c(OC)c3)n1)cc2)(O)O,0,0,0,0,0,0,0
IGF-1R,P08069,seed_142,61,1.9136199951171875,1.11,Cc1cc(Nc2cc(N3CCN(C)CC3)nc(/C=C/c3ccccc3)n2)n[nH]1,N(c1nc(/C=C/c2ccccc2)nc(N2CCN(C)CC2)c1)c1n[nH]c(C)c1,1,0,0,0,0,0,0
IGF-1R,P08069,seed_142,62,1.9044764041900635,0.83999997,O=C(O)c1ccc(Nc2ncc3c(n2)-c2ccc(Cl)cc2C(c2c(F)cccc2F)=NC3)cc1,Clc1cc2C(c3c(F)cccc3F)=NCc3c(nc(Nc4ccc(C(=O)O)cc4)nc3)-c2cc1,0,0,0,0,0,0,0
IGF-1R,P08069,seed_142,63,1.8292109966278076,1.03,C=CC(=O)Nc1cccc(Oc2nc(Nc3ccc(N4CCN(C)CC4)cc3OC)ncc2Cl)c1,Clc1c(Oc2cc(NC(=O)C=C)ccc2)nc(Nc2c(OC)cc(N3CCN(C)CC3)cc2)nc1,1,0,0,0,0,0,0
IGF-1R,P08069,seed_142,64,1.8142099380493164,1.0700001,Nc1nc(Nc2ccc(S(N)(=O)=O)cc2)nn1C(=O)c1c(F)cccc1F,S(=O)(=O)(N)c1ccc(Nc2nn(C(=O)c3c(F)cccc3F)c(N)n2)cc1,1,0,0,0,0,0,0
IGF-1R,P08069,seed_142,65,1.8120083808898926,0.96193647,COc1ccc(NC(=O)CN(C)C)cc1Nc1ncc(Cl)c(-c2cnc3c(F)cccn23)n1,Clc1c(-c2n3c(C(F)=CC=C3)nc2)nc(Nc2c(OC)ccc(NC(=O)CN(C)C)c2)nc1,1,0,0,0,0,0,0
IGF-1R,P08069,seed_142,66,1.7793689966201782,1.17,CN1CCN(c2cccc(Nc3nc4c(-c5ccc(S(C)(=O)=O)cc5)cccn4n3)c2)CC1,S(=O)(=O)(C)c1ccc(C=2c3n(nc(Nc4cc(N5CCN(C)CC5)ccc4)n3)C=CC=2)cc1,1,0,0,0,0,0,0
IGF-1R,P08069,seed_142,67,1.7780539989471436,1.16,CN(c1ncccc1CNc1nc(Nc2ccc3c(c2)CC(=O)N3)ncc1C(F)(F)F)S(C)(=O)=O,S(=O)(=O)(N(C)c1c(CNc2c(C(F)(F)F)cnc(Nc3cc4c(NC(=O)C4)cc3)n2)cccn1)C,0,0,0,0,0,0,0
IGF-1R,P08069,seed_142,68,1.7711340188980103,1.09,O=C(Nc1cccc(Nc2ncc(Br)c(NCCc3cnc[nH]3)n2)c1)N1CCCC1,Brc1c(NCCc2[nH]cnc2)nc(Nc2cc(NC(=O)N3CCCC3)ccc2)nc1,1,0,0,0,0,0,0
IGF-1R,P08069,seed_142,69,1.7467838525772095,0.85000002,CCCS(=O)(=O)Nc1ccc(F)c(C(=O)c2c[nH]c3ncc(Cl)cc23)c1F,Clc1cnc2[nH]cc(C(=O)c3c(F)c(NS(=O)(=O)CCC)ccc3F)c2c1,1,0,0,0,0,0,0
IGF-1R,P08069,seed_142,70,1.7339774370193481,1.02,COc1cc(CCc2cc(NC(=O)c3ccc(N4C[C@@H](C)N[C@@H](C)C4)cc3)n[nH]2)cc(OC)c1,O=C(Nc1n[nH]c(CCc2cc(OC)cc(OC)c2)c1)c1ccc(N2C[C@@H](C)N[C@@H](C)C2)cc1,1,0,0,0,0,0,0
IGF-1R,P08069,seed_142,71,1.7131547927856445,0.60000002,Cc1cc(Nc2cc(N3CCN(C)CC3)nc(Sc3ccc(NC(=O)C4CC4)cc3)n2)n[nH]1,S(c1nc(Nc2n[nH]c(C)c2)cc(N2CCN(C)CC2)n1)c1ccc(NC(=O)C2CC2)cc1,1,0,0,0,0,0,0
IGF-1R,P08069,seed_142,72,1.6968735456466675,1.01,Cc1ccc(Nc2nccc(N(C)c3ccc4c(C)n(C)nc4c3)n2)cc1S(N)(=O)=O,S(=O)(=O)(N)c1c(C)ccc(Nc2nc(N(C)c3cc4nn(C)c(C)c4cc3)ccn2)c1,1,0,0,0,0,0,0
IGF-1R,P08069,seed_142,73,1.6657642126083374,0.89999998,O=C(c1ccc(/C=C/c2n[nH]c3ccccc23)cc1)N1CCNCC1,O=C(N1CCNCC1)c1ccc(/C=C/c2n[nH]c3c2cccc3)cc1,1,0,0,0,0,0,0
IGF-1R,P08069,seed_142,74,1.636871099472046,0.63999999,COc1cc(Nc2ncc(F)c(Nc3ccc4c(n3)NC(=O)C(C)(C)O4)n2)cc(OC)c1OC,Fc1c(Nc2nc3NC(=O)C(C)(C)Oc3cc2)nc(Nc2cc(OC)c(OC)c(OC)c2)nc1,1,0,0,0,0,0,0
IGF-1R,P08069,seed_142,75,1.6344952583312988,0.94999999,Cc1[nH]c(/C=C2\C(=O)Nc3ccccc32)c(C)c1CCC(=O)O,O=C(O)CCc1c(C)c(/C=C/2\C(=O)Nc3c\2cccc3)[nH]c1C,1,0,0,0,0,0,0
IGF-1R,P08069,seed_142,76,1.620086908340454,0.94,CCN(CC)CCNC(=O)c1c(C)[nH]c(/C=C2\C(=O)Nc3ccc(F)cc32)c1C,Fc1cc2/C(=C/c3c(C)c(C(=O)NCCN(CC)CC)c(C)[nH]3)/C(=O)Nc2cc1,1,0,0,0,0,0,0
IGF-1R,P08069,seed_142,77,1.553652286529541,0.87047124,CNCC(=O)N1CCN(c2ccc(OC)c(Nc3ncc(Cl)c(-c4cnn5ccccc45)n3)c2)CC1,Clc1c(-c2c3n(nc2)C=CC=C3)nc(Nc2c(OC)ccc(N3CCN(C(=O)CNC)CC3)c2)nc1,0,0,0,0,0,0,0
IGF-1R,P08069,seed_142,78,1.5299636125564575,0.86000001,CCOc1cc2ncc(C#N)c(Nc3ccc(OCc4ccccn4)c(Cl)c3)c2cc1NC(=O)/C=C/CN(C)C,Clc1c(OCc2ncccc2)ccc(Nc2c(C#N)cnc3c2cc(NC(=O)/C=C/CN(C)C)c(OCC)c3)c1,0,0,0,0,0,0,0
IGF-1R,P08069,seed_142,79,1.4451661109924316,1.0255574,CNCC(=O)N1CCN(c2ccc(Nc3ncc(F)c(-c4cnn5ccccc45)n3)c(OC)c2)CC1,Fc1c(-c2c3n(nc2)C=CC=C3)nc(Nc2c(OC)cc(N3CCN(C(=O)CNC)CC3)cc2)nc1,1,0,0,0,0,0,0
IGF-1R,P08069,seed_142,80,1.3222711086273193,0.84572822,COc1cc(N2CCNCC2)ccc1Nc1ncc(C)c(-c2cnn3ccccc23)n1,O(C)c1c(Nc2nc(c(C)cn2)-c2c3n(nc2)C=CC=C3)ccc(N2CCNCC2)c1,1,0,0,0,0,0,0
IGF-1R,P08069,seed_142,81,1.151519536972046,0.48932096,COc1ccc(N2CCNCC2)cc1Nc1ncc(C)c(-c2cnn3ccccc23)n1,O(C)c1c(Nc2nc(c(C)cn2)-c2c3n(nc2)C=CC=C3)cc(N2CCNCC2)cc1,1,0,0,0,0,0,0
IGF-1R,P08069,seed_242,1,3.4259376525878906,3.0707514,CNc1cc(CN2C(=O)N(c3ccc(SC(F)(F)F)cc3)C(=O)C2(C)C)ccn1,S(C(F)(F)F)c1ccc(N2C(=O)N(Cc3cc(NC)ncc3)C(C)(C)C2=O)cc1,1,1,1,1,1,1,1
IGF-1R,P08069,seed_242,2,3.3328850269317627,3.6944337,COc1cc(-c2ccccc2)nc2cc(-c3nc(C4CC(C)(O)C4)n4ccnc(N)c34)ccc12,O(C)c1c2c(nc(-c3ccccc3)c1)cc(-c1nc(C3CC(O)(C)C3)n3c1C(N)=NC=C3)cc2,1,1,1,1,1,1,1
IGF-1R,P08069,seed_242,3,3.3259284496307373,3.1547468,CC(C)Oc1cc(-c2ccccc2)nc2cc(-c3nc(C4CC(C)(O)C4)n4ccnc(N)c34)ccc12,O(C(C)C)c1c2c(nc(-c3ccccc3)c1)cc(-c1nc(C3CC(O)(C)C3)n3c1C(N)=NC=C3)cc2,0,1,1,1,1,1,1
IGF-1R,P08069,seed_242,4,3.198421001434326,2.6073351,CC1C(=O)N(c2ccc(S(=O)(=O)C(F)(F)F)cc2)C(=O)N1Cc1ccnc2ccccc12,S(=O)(=O)(C(F)(F)F)c1ccc(N2C(=O)N(Cc3c4c(ncc3)cccc4)C(C)C2=O)cc1,1,0,1,1,0,1,1
IGF-1R,P08069,seed_242,5,3.122985363006592,2.2483361,CC1C(=O)N(c2ccc(SC(F)(F)F)cc2)C(=O)N1Cc1ccnc2ccccc12,S(C(F)(F)F)c1ccc(N2C(=O)N(Cc3c4c(ncc3)cccc4)C(C)C2=O)cc1,0,0,1,1,0,0,1
IGF-1R,P08069,seed_242,6,3.0969860553741455,1.9118639,Cc1cc(N2CCOCC2)cc2[nH]c(-c3c(NCC(O)c4cccc(Cl)c4)cc[nH]c3=O)nc12,Clc1cc(C(O)CNC2=C(c3[nH]c4c(c(C)cc(N5CCOCC5)c4)n3)C(=O)NC=C2)ccc1,1,0,0,1,0,0,1
IGF-1R,P08069,seed_242,7,2.7985568046569824,0.98000002,O=C(O)C1(Cc2cccc(Nc3nccs3)n2)CCC(Oc2cccc(Cl)c2F)CC1,Clc1c(F)c(OC2CCC(C(=O)O)(Cc3nc(Nc4sccn4)ccc3)CC2)ccc1,0,0,0,1,0,0,0
IGF-1R,P08069,seed_242,8,2.7540879249572754,1.8648673,CC1(C)C(=O)N(c2ccc(SC(F)(F)F)cc2)C(=O)N1Cc1ccnc(F)c1,S(C(F)(F)F)c1ccc(N2C(=O)N(Cc3cc(F)ncc3)C(C)(C)C2=O)cc1,1,0,0,1,0,0,1
IGF-1R,P08069,seed_242,9,2.7342183589935303,0.73000002,COc1cc2c(Oc3ccc(NC(=O)C4(C(=O)Nc5ccc(F)cc5)CC4)cc3F)ccnc2cc1OCCCN1CCOCC1,Fc1c(Oc2c3c(ncc2)cc(OCCCN2CCOCC2)c(OC)c3)ccc(NC(=O)C2(C(=O)Nc3ccc(F)cc3)CC2)c1,0,0,0,1,0,0,0
IGF-1R,P08069,seed_242,10,2.703455686569214,0.81,COc1cc2nccc(Oc3ccc(NC(=O)C4(C(=O)Nc5ccc(F)cc5)CC4)cc3)c2cc1OC,Fc1ccc(NC(=O)C2(C(=O)Nc3ccc(Oc4c5c(ncc4)cc(OC)c(OC)c5)cc3)CC2)cc1,0,0,0,1,0,0,0
IGF-1R,P08069,seed_242,11,2.6742730140686035,2.5,CS(=O)(=O)N1CCN(Cc2cc3nc(-c4cccc5[nH]ncc45)nc(N4CCOCC4)c3s2)CC1,S(=O)(=O)(C)N1CCN(Cc2sc3c(N4CCOCC4)nc(-c4c5c([nH]nc5)ccc4)nc3c2)CC1,0,0,0,0,0,0,1
IGF-1R,P08069,seed_242,12,2.6719906330108643,1.8099999,CNC(=O)c1cc(Oc2ccc(NC(=O)Nc3cc(C(C)(C)C)nn3-c3ccc4ncccc4c3)c(F)c2)ccn1,Fc1c(NC(=O)Nc2n(-c3cc4c(nccc4)cc3)nc(C(C)(C)C)c2)ccc(Oc2cc(C(=O)NC)ncc2)c1,0,0,0,0,0,0,0
IGF-1R,P08069,seed_242,13,2.5906875133514404,1.04,CCS(=O)(=O)c1cccc(-c2cc(C(=O)NC3CCN(C)CC3)c(C)c3[nH]c4ncc(C)cc4c23)c1,S(=O)(=O)(CC)c1cc(-c2c3c(c(C)c(C(=O)NC4CCN(C)CC4)c2)[nH]c2ncc(C)cc32)ccc1,0,0,0,0,0,0,0
IGF-1R,P08069,seed_242,14,2.5226104259490967,2.3560541,CC1(O)CC(c2nc(-c3ccc4ccc(-c5ccccc5)nc4c3)c3c(N)nccn23)C1,OC1(C)CC(c2n3c(c(-c4cc5nc(-c6ccccc6)ccc5cc4)n2)C(N)=NC=C3)C1,1,0,0,0,0,0,1
IGF-1R,P08069,seed_242,15,2.520435094833374,0.87,Cc1ccc(F)c(NC(=O)Nc2ccc(-c3cccc4[nH]nc(N)c34)cc2)c1,Fc1c(NC(=O)Nc2ccc(-c3c4c(N)n[nH]c4ccc3)cc2)cc(C)cc1,1,0,0,0,0,0,0
IGF-1R,P08069,seed_242,16,2.498905658721924,1.3099999,Cn1c(=O)n(-c2ccc(C(C)(C)C#N)cc2)c2c3cc(-c4cnc5ccccc5c4)ccc3ncc21,O=C1N(C)c2c(N1c1ccc(C(C#N)(C)C)cc1)c1c(nc2)ccc(-c2cnc3c(c2)cccc3)c1,0,0,0,0,0,0,0
IGF-1R,P08069,seed_242,17,2.4496872425079346,0.5,CCN1CCN(c2ccc(Nc3cc(N(C)C(=O)Nc4c(Cl)c(OC)cc(OC)c4Cl)ncn3)cc2)CC1,Clc1c(NC(=O)N(C)c2ncnc(Nc3ccc(N4CCN(CC)CC4)cc3)c2)c(Cl)c(OC)cc1OC,0,0,0,0,0,0,0
IGF-1R,P08069,seed_242,18,2.4064862728118896,0.81999999,COC(=O)c1ccc2c(c1)NC(=O)/C2=C(\Nc1ccc(N(C)C(=O)CN2CCN(C)CC2)cc1)c1ccccc1,O=C(N(C)c1ccc(N/C(/c2ccccc2)=C/2\C(=O)Nc3c\2ccc(C(=O)OC)c3)cc1)CN1CCN(C)CC1,0,0,0,0,0,0,0
IGF-1R,P08069,seed_242,19,2.405916213989258,1.1799999,COc1cc2c(Nc3ccc(NC(=O)c4ccccc4)cc3)ncnc2cc1OCCCN1CCOCC1,O=C(Nc1ccc(Nc2ncnc3c2cc(OC)c(OCCCN2CCOCC2)c3)cc1)c1ccccc1,0,0,0,0,0,0,0
IGF-1R,P08069,seed_242,20,2.405573606491089,1.02,COc1cc(Nc2c(C#N)cnc3cc(OCCCN4CCN(C)CC4)c(OC)cc23)c(Cl)cc1Cl,Clc1c(OC)cc(Nc2c(C#N)cnc3c2cc(OC)c(OCCCN2CCN(C)CC2)c3)c(Cl)c1,0,0,0,0,0,0,0
IGF-1R,P08069,seed_242,21,2.388230800628662,0.73000002,CCn1cc(-c2ccnc3[nH]c(-c4cccc(CN(C)C)c4)cc23)c(-c2ccc(NC(=O)N(C)C)cc2)n1,O=C(N(C)C)Nc1ccc(-c2c(-c3c4c([nH]c(-c5cc(CN(C)C)ccc5)c4)ncc3)cn(CC)n2)cc1,0,0,0,0,0,0,0
IGF-1R,P08069,seed_242,22,2.3852181434631348,1.792436,CNC(=O)c1c(F)cccc1Nc1nc(Nc2cc3c(cc2OC)CCN3C(=O)CN(C)C)nc2[nH]ccc12,Fc1c(C(=O)NC)c(Nc2nc(Nc3c(OC)cc4c(N(C(=O)CN(C)C)CC4)c3)nc3[nH]ccc23)ccc1,0,0,0,0,0,0,0
IGF-1R,P08069,seed_242,23,2.383526086807251,1.3657748,COc1cc2c(cc1Nc1ncc(Cl)c(-c3cnn4ccccc34)n1)N(C(C)=O)CC2,Clc1c(-c2c3n(nc2)C=CC=C3)nc(Nc2c(OC)cc3c(N(C(=O)C)CC3)c2)nc1,1,0,0,0,0,0,0
IGF-1R,P08069,seed_242,24,2.3644649982452393,2.7941194,CC1(C(=O)Nc2ccc(F)nc2)CCCN1c1nc(Nc2cc(C3CC3)n[nH]2)c2cccn2n1,Fc1ncc(NC(=O)C2(C)N(C=3N=C(Nc4[nH]nc(C5CC5)c4)c4n(N=3)ccc4)CCC2)cc1,1,0,0,0,0,1,1
IGF-1R,P08069,seed_242,25,2.336291551589966,1.04,O=C(NCCCNc1nc(Nc2cccc(NC(=O)N3CCCC3)c2)ncc1I)c1cccs1,Ic1c(NCCCNC(=O)c2sccc2)nc(Nc2cc(NC(=O)N3CCCC3)ccc2)nc1,0,0,0,0,0,0,0
IGF-1R,P08069,seed_242,26,2.298516035079956,0.62,Cc1cnc(Nc2ccc(OCCN3CCCC3)cc2)nc1Nc1cccc(S(=O)(=O)NC(C)(C)C)c1,S(=O)(=O)(NC(C)(C)C)c1cc(Nc2c(C)cnc(Nc3ccc(OCCN4CCCC4)cc3)n2)ccc1,0,0,0,0,0,0,0
IGF-1R,P08069,seed_242,27,2.2955129146575928,1.2986047,COc1cc2c(cc1Nc1ncc(C)c(-c3cnn4ccccc34)n1)N(C(=O)CN(C)C)CC2,O=C(CN(C)C)N1c2c(cc(OC)c(Nc3nc(c(C)cn3)-c3c4n(nc3)C=CC=C4)c2)CC1,1,0,0,0,0,0,0
IGF-1R,P08069,seed_242,28,2.291989326477051,1.2878134,CNCC(=O)N1CCC(c2ccc(Nc3ncc(Cl)c(-c4cnc5ccccn45)n3)c(OC)c2)CC1,Clc1c(-c2n3c(nc2)C=CC=C3)nc(Nc2c(OC)cc(C3CCN(C(=O)CNC)CC3)cc2)nc1,0,0,0,0,0,0,0
IGF-1R,P08069,seed_242,29,2.285944938659668,1.25,Cc1c(CN2CCN(C(=O)[C@H](C)O)CC2)sc2c(N3CCOCC3)nc(-c3cnc(N)nc3)nc12,O=C([C@@H](O)C)N1CCN(Cc2c(C)c3nc(-c4cnc(N)nc4)nc(N4CCOCC4)c3s2)CC1,1,0,0,0,0,0,0
IGF-1R,P08069,seed_242,30,2.2772397994995117,1.4,CNC1CC2OC(C)(C1OC)n1c3ccccc3c3c4c(c5c6ccccc6n2c5c31)C(=O)NC4,O=C1NCc2c3c4n(C5(C)C(OC)C(NC)CC(O5)n5c4c(c4c5cccc4)c12)c1c3cccc1,1,0,0,0,0,0,0
IGF-1R,P08069,seed_242,31,2.2772397994995117,0.60000002,CN[C@@H]1C[C@H]2O[C@@](C)([C@@H]1OC)n1c3ccccc3c3c4c(c5c6ccccc6n2c5c31)C(=O)NC4,O(C)[C@@H]1[C@H](NC)C[C@H]2O[C@]1(C)n1c3c4n2c2c(c4c4C(=O)NCc4c3c3c1cccc3)cccc2,1,0,0,0,0,0,0
IGF-1R,P08069,seed_242,32,2.2590439319610596,0.42887372,COc1ccc(N2CCN(C(=O)CN(C)C)CC2)cc1Nc1ncc(Cl)c(-c2cnc3ccccn23)n1,Clc1c(-c2n3c(nc2)C=CC=C3)nc(Nc2c(OC)ccc(N3CCN(C(=O)CN(C)C)CC3)c2)nc1,0,0,0,0,0,0,0
IGF-1R,P08069,seed_242,33,2.249110460281372,1.13,Cc1cc(C)c(/C=C2\C(=O)Nc3ccccc32)[nH]1,O=C1/C(=C\c2c(C)cc(C)[nH]2)/c2c(N1)cccc2,1,0,0,0,0,0,0
IGF-1R,P08069,seed_242,34,2.216031789779663,1.25,Cc1cc(Nc2cc(CN3CCOCC3)c3nc(C)c(Cc4ccc(Cl)cc4F)n3n2)n[nH]1,Clc1cc(F)c(Cc2c(C)nc3C(CN4CCOCC4)=CC(Nc4n[nH]c(C)c4)=Nn23)cc1,1,0,0,0,0,0,0
IGF-1R,P08069,seed_242,35,2.2014923095703125,0.71556926,COc1cc(N2CC3CN(CCO)CC(C2)O3)ccc1Nc1ncc(Cl)c(-c2cnc3ccccn23)n1,Clc1c(-c2n3c(nc2)C=CC=C3)nc(Nc2c(OC)cc(N3CC4OC(CN(CCO)C4)C3)cc2)nc1,0,0,0,0,0,0,0
IGF-1R,P08069,seed_242,36,2.1786725521087646,1.2,CCS(=O)(=O)Nc1ccc2c(c1)/C(=C(/Nc1ccc(CN3CCCCC3)cc1)c1ccccc1)C(=O)N2,S(=O)(=O)(Nc1cc2/C(=C(/Nc3ccc(CN4CCCCC4)cc3)\c3ccccc3)/C(=O)Nc2cc1)CC,0,0,0,0,0,0,0
IGF-1R,P08069,seed_242,37,2.1392180919647217,0.83999997,NC(=O)Nc1sc(-c2ccc(F)cc2)cc1C(N)=O,Fc1ccc(-c2sc(NC(=O)N)c(C(=O)N)c2)cc1,1,0,0,0,0,0,0
IGF-1R,P08069,seed_242,38,2.0948050022125244,1.6900001,COc1cc(N2CCC(N3CCN(C)CC3)CC2)ccc1Nc1ncc(Cl)c(Nc2ccccc2S(=O)(=O)C(C)C)n1,Clc1c(Nc2c(S(=O)(=O)C(C)C)cccc2)nc(Nc2c(OC)cc(N3CCC(N4CCN(C)CC4)CC3)cc2)nc1,0,0,0,0,0,0,0
IGF-1R,P08069,seed_242,39,2.0924830436706543,1.24,C=CC(=O)Nc1cccc(Sc2nc(Nc3ccc(N4CCN(C)CC4)cc3)ncc2Cl)c1,Clc1c(Sc2cc(NC(=O)C=C)ccc2)nc(Nc2ccc(N3CCN(C)CC3)cc2)nc1,1,0,0,0,0,0,0
IGF-1R,P08069,seed_242,40,2.069683313369751,1.02,CC(C)n1nc(-c2ccc3oc(N)nc3c2)c2c(N)ncnc21,Nc1oc2c(n1)cc(-c1nn(C(C)C)c3ncnc(N)c13)cc2,1,0,0,0,0,0,0
IGF-1R,P08069,seed_242,41,2.06740403175354,0.75,Cc1cc(Nc2nc(N[C@@H](C)c3ccc(F)cc3)c(C#N)cc2F)n[nH]1,Fc1c(Nc2n[nH]c(C)c2)nc(N[C@@H](C)c2ccc(F)cc2)c(C#N)c1,1,0,0,0,0,0,0
IGF-1R,P08069,seed_242,42,2.0607831478118896,0.79000002,Cc1cnc(Nc2ccc(N3CCN(C)CC3)cc2)nc1Nc1cccc(S(=O)(=O)NC(C)(C)C)c1,S(=O)(=O)(NC(C)(C)C)c1cc(Nc2c(C)cnc(Nc3ccc(N4CCN(C)CC4)cc3)n2)ccc1,0,0,0,0,0,0,0
IGF-1R,P08069,seed_242,43,2.0585272312164307,1.01,Nc1ncnc2c1c(-c1cnc3[nH]ccc3c1)nn2C1CCCC1,Nc1ncnc2n(C3CCCC3)nc(-c3cnc4[nH]ccc4c3)c12,1,0,0,0,0,0,0
IGF-1R,P08069,seed_242,44,2.0503203868865967,1.17,Cc1nc(N)sc1-c1ccnc(Nc2ccc(N3CCOCC3)cc2)n1,N(c1nc(-c2c(C)nc(N)s2)ccn1)c1ccc(N2CCOCC2)cc1,1,0,0,0,0,0,0
IGF-1R,P08069,seed_242,45,2.042638063430786,0.92000002,O=C(Nc1c[nH]nc1-c1nc2cc(CN3CCOCC3)ccc2[nH]1)NC1CC1,O=C(Nc1c(-c2[nH]c3c(n2)cc(CN2CCOCC2)cc3)n[nH]c1)NC1CC1,1,0,0,0,0,0,0
IGF-1R,P08069,seed_242,46,2.0390779972076416,1.27,Fc1cc(-c2cccc3ncc(-c4cnn(C5CCNCC5)c4)nc23)cc(F)c1CN1CCOCC1,Fc1c(CN2CCOCC2)c(F)cc(-c2c3nc(-c4cn(C5CCNCC5)nc4)cnc3ccc2)c1,1,0,0,0,0,0,0
IGF-1R,P08069,seed_242,47,2.0359644889831543,0.93000001,Cc1[nH]c(/C=C2\C(=O)Nc3ccc(S(=O)(=O)Cc4c(Cl)cccc4Cl)cc32)c(C)c1C(=O)N1CCC[C@@H]1CN1CCCC1,Clc1c(CS(=O)(=O)c2cc3/C(=C/c4c(C)c(C(=O)N5[C@@H](CN6CCCC6)CCC5)c(C)[nH]4)/C(=O)Nc3cc2)c(Cl)ccc1,0,0,0,0,0,0,0
IGF-1R,P08069,seed_242,48,2.0329341888427734,1.03,C=CC(=O)Nc1cccc(Oc2nc(Nc3ccc(N4CCN(C)CC4)cc3OC)ncc2Cl)c1,Clc1c(Oc2cc(NC(=O)C=C)ccc2)nc(Nc2c(OC)cc(N3CCN(C)CC3)cc2)nc1,1,0,0,0,0,0,0
IGF-1R,P08069,seed_242,49,2.032139301300049,1.11,Cc1cc(Nc2cc(N3CCN(C)CC3)nc(/C=C/c3ccccc3)n2)n[nH]1,N(c1nc(/C=C/c2ccccc2)nc(N2CCN(C)CC2)c1)c1n[nH]c(C)c1,1,0,0,0,0,0,0
IGF-1R,P08069,seed_242,50,1.9711240530014038,0.60000002,Cc1cc(Nc2cc(N3CCN(C)CC3)nc(Sc3ccc(NC(=O)C4CC4)cc3)n2)n[nH]1,S(c1nc(Nc2n[nH]c(C)c2)cc(N2CCN(C)CC2)n1)c1ccc(NC(=O)C2CC2)cc1,1,0,0,0,0,0,0
IGF-1R,P08069,seed_242,51,1.966068148612976,1.47,CNC(=O)c1ccccc1Nc1nc(Nc2ccc(N3CCOCC3)cc2OC)ncc1Cl,Clc1c(Nc2c(C(=O)NC)cccc2)nc(Nc2c(OC)cc(N3CCOCC3)cc2)nc1,1,0,0,0,0,0,0
IGF-1R,P08069,seed_242,52,1.9634922742843628,0.97000003,C=CC(=O)Nc1cccc(Oc2nc(Nc3ccc(N4CCN(C)CC4)cc3)ncc2Cl)c1,Clc1c(Oc2cc(NC(=O)C=C)ccc2)nc(Nc2ccc(N3CCN(C)CC3)cc2)nc1,1,0,0,0,0,0,0
IGF-1R,P08069,seed_242,53,1.9566563367843628,0.61978877,Nc1ncnc2c1c(-c1cccc(OCc3ccccc3)c1)cn2C1CC(CN2CCCC2)C1,O(Cc1ccccc1)c1cc(-c2c3c(N)ncnc3n(C3CC(CN4CCCC4)C3)c2)ccc1,0,0,0,0,0,0,0
IGF-1R,P08069,seed_242,54,1.951102614402771,0.85000002,CCCS(=O)(=O)Nc1ccc(F)c(C(=O)c2c[nH]c3ncc(Cl)cc23)c1F,Clc1cnc2[nH]cc(C(=O)c3c(F)c(NS(=O)(=O)CCC)ccc3F)c2c1,1,0,0,0,0,0,0
IGF-1R,P08069,seed_242,55,1.9494200944900513,1.0700001,Nc1nc(Nc2ccc(S(N)(=O)=O)cc2)nn1C(=O)c1c(F)cccc1F,S(=O)(=O)(N)c1ccc(Nc2nn(C(=O)c3c(F)cccc3F)c(N)n2)cc1,1,0,0,0,0,0,0
IGF-1R,P08069,seed_242,56,1.9436707496643066,0.69,NC(=O)Nc1cc(-c2cccc(F)c2)sc1C(=O)N[C@H]1CCCNC1,Fc1cc(-c2sc(C(=O)N[C@@H]3CNCCC3)c(NC(=O)N)c2)ccc1,1,0,0,0,0,0,0
IGF-1R,P08069,seed_242,57,1.9423785209655762,1.29,CC(C)(C)c1nc(-c2cccc(NS(=O)(=O)c3c(F)cccc3F)c2F)c(-c2ccnc(N)n2)s1,S(=O)(=O)(Nc1c(F)c(-c2c(-c3nc(N)ncc3)sc(C(C)(C)C)n2)ccc1)c1c(F)cccc1F,0,0,0,0,0,0,0
IGF-1R,P08069,seed_242,58,1.9207273721694946,0.73834068,Nc1ncnc2c1c(-c1cccc(OCc3ccccc3)c1)cn2C1CC(CN2CCC2)C1,O(Cc1ccccc1)c1cc(-c2c3c(N)ncnc3n(C3CC(CN4CCC4)C3)c2)ccc1,1,0,0,0,0,0,0
IGF-1R,P08069,seed_242,59,1.9174245595932007,1.13,Cc1ccc([N+](=O)[O-])cc1S(=O)(=O)N(C)/N=C/c1cnc2ccc(Br)cn12,BrC1=Cn2c(/C=N/N(S(=O)(=O)c3c(C)ccc([N+](=O)[O-])c3)C)cnc2C=C1,1,0,0,0,0,0,0
IGF-1R,P08069,seed_242,60,1.9156361818313599,0.41,CC(=O)NCC(=O)N1[C@@H]2CC[C@H]1c1ccc(Nc3ncc(C(F)(F)F)c(NC4CCC4)n3)cc12,FC(F)(F)c1c(NC2CCC2)nc(Nc2cc3[C@@H]4N(C(=O)CNC(=O)C)[C@H](c3cc2)CC4)nc1,1,0,0,0,0,0,0
IGF-1R,P08069,seed_242,61,1.9146238565444946,0.81999999,CN1CCN(c2ccc3nc(-c4c(N)c5c(F)cccc5[nH]c4=O)[nH]c3c2)CC1,Fc1c2C(N)=C(c3[nH]c4c(n3)ccc(N3CCN(C)CC3)c4)C(=O)Nc2ccc1,1,0,0,0,0,0,0
IGF-1R,P08069,seed_242,62,1.9116233587265015,0.77999997,COc1cc(Nc2ncc3c(n2)-c2ccc(Cl)cc2C(c2c(F)cccc2OC)=NC3)ccc1C(=O)O,Clc1cc2C(c3c(F)cccc3OC)=NCc3c(nc(Nc4cc(OC)c(C(=O)O)cc4)nc3)-c2cc1,0,0,0,0,0,0,0
IGF-1R,P08069,seed_242,63,1.8973275423049927,1.04,CNC(=O)c1nn(C)c2c1C(C)(C)Cc1cnc(Nc3ccc(N4CCN(C)CC4)cc3)nc1-2,O=C(NC)c1nn(C)c-2c1C(C)(C)Cc1c-2nc(Nc2ccc(N3CCN(C)CC3)cc2)nc1,1,0,0,0,0,0,0
IGF-1R,P08069,seed_242,64,1.8740724325180054,1.5428754,CC(C)(C)c1cc(C=C(C#N)C#N)cc(Br)c1O,Brc1c(O)c(C(C)(C)C)cc(C=C(C#N)C#N)c1,1,0,0,0,0,0,0
IGF-1R,P08069,seed_242,65,1.8656890392303467,0.83999997,O=C(O)c1ccc(Nc2ncc3c(n2)-c2ccc(Cl)cc2C(c2c(F)cccc2F)=NC3)cc1,Clc1cc2C(c3c(F)cccc3F)=NCc3c(nc(Nc4ccc(C(=O)O)cc4)nc3)-c2cc1,0,0,0,0,0,0,0
IGF-1R,P08069,seed_242,66,1.8451480865478516,1.01,Cc1ccc(Nc2nccc(N(C)c3ccc4c(C)n(C)nc4c3)n2)cc1S(N)(=O)=O,S(=O)(=O)(N)c1c(C)ccc(Nc2nc(N(C)c3cc4nn(C)c(C)c4cc3)ccn2)c1,1,0,0,0,0,0,0
IGF-1R,P08069,seed_242,67,1.8394941091537476,0.89999998,COc1cc(Nc2ncc(F)c(Nc3ccc4c(n3)N(COP(=O)(O)O)C(=O)C(C)(C)O4)n2)cc(OC)c1OC,P(=O)(OCN1C(=O)C(C)(C)Oc2c1nc(Nc1c(F)cnc(Nc3cc(OC)c(OC)c(OC)c3)n1)cc2)(O)O,0,0,0,0,0,0,0
IGF-1R,P08069,seed_242,68,1.8294674158096313,1.17,CN1CCN(c2cccc(Nc3nc4c(-c5ccc(S(C)(=O)=O)cc5)cccn4n3)c2)CC1,S(=O)(=O)(C)c1ccc(C=2c3n(nc(Nc4cc(N5CCN(C)CC5)ccc4)n3)C=CC=2)cc1,1,0,0,0,0,0,0
IGF-1R,P08069,seed_242,69,1.817611575126648,0.86000001,CCOc1cc2ncc(C#N)c(Nc3ccc(OCc4ccccn4)c(Cl)c3)c2cc1NC(=O)/C=C/CN(C)C,Clc1c(OCc2ncccc2)ccc(Nc2c(C#N)cnc3c2cc(NC(=O)/C=C/CN(C)C)c(OCC)c3)c1,0,0,0,0,0,0,0
IGF-1R,P08069,seed_242,70,1.7735899686813354,0.94,CCN(CC)CCNC(=O)c1c(C)[nH]c(/C=C2\C(=O)Nc3ccc(F)cc32)c1C,Fc1cc2/C(=C/c3c(C)c(C(=O)NCCN(CC)CC)c(C)[nH]3)/C(=O)Nc2cc1,1,0,0,0,0,0,0
IGF-1R,P08069,seed_242,71,1.7478491067886353,0.96193647,COc1ccc(NC(=O)CN(C)C)cc1Nc1ncc(Cl)c(-c2cnc3c(F)cccn23)n1,Clc1c(-c2n3c(C(F)=CC=C3)nc2)nc(Nc2c(OC)ccc(NC(=O)CN(C)C)c2)nc1,1,0,0,0,0,0,0
IGF-1R,P08069,seed_242,72,1.7424396276474,0.94999999,Cc1[nH]c(/C=C2\C(=O)Nc3ccccc32)c(C)c1CCC(=O)O,O=C(O)CCc1c(C)c(/C=C/2\C(=O)Nc3c\2cccc3)[nH]c1C,1,0,0,0,0,0,0
IGF-1R,P08069,seed_242,73,1.741673231124878,1.09,O=C(Nc1cccc(Nc2ncc(Br)c(NCCc3cnc[nH]3)n2)c1)N1CCCC1,Brc1c(NCCc2[nH]cnc2)nc(Nc2cc(NC(=O)N3CCCC3)ccc2)nc1,1,0,0,0,0,0,0
IGF-1R,P08069,seed_242,74,1.7325469255447388,1.02,COc1cc(CCc2cc(NC(=O)c3ccc(N4C[C@@H](C)N[C@@H](C)C4)cc3)n[nH]2)cc(OC)c1,O=C(Nc1n[nH]c(CCc2cc(OC)cc(OC)c2)c1)c1ccc(N2C[C@@H](C)N[C@@H](C)C2)cc1,1,0,0,0,0,0,0
IGF-1R,P08069,seed_242,75,1.7276508808135986,1.0255574,CNCC(=O)N1CCN(c2ccc(Nc3ncc(F)c(-c4cnn5ccccc45)n3)c(OC)c2)CC1,Fc1c(-c2c3n(nc2)C=CC=C3)nc(Nc2c(OC)cc(N3CCN(C(=O)CNC)CC3)cc2)nc1,1,0,0,0,0,0,0
IGF-1R,P08069,seed_242,76,1.7188385725021362,1.16,CN(c1ncccc1CNc1nc(Nc2ccc3c(c2)CC(=O)N3)ncc1C(F)(F)F)S(C)(=O)=O,S(=O)(=O)(N(C)c1c(CNc2c(C(F)(F)F)cnc(Nc3cc4c(NC(=O)C4)cc3)n2)cccn1)C,0,0,0,0,0,0,0
IGF-1R,P08069,seed_242,77,1.681374192237854,0.87047124,CNCC(=O)N1CCN(c2ccc(OC)c(Nc3ncc(Cl)c(-c4cnn5ccccc45)n3)c2)CC1,Clc1c(-c2c3n(nc2)C=CC=C3)nc(Nc2c(OC)ccc(N3CCN(C(=O)CNC)CC3)c2)nc1,0,0,0,0,0,0,0
IGF-1R,P08069,seed_242,78,1.5794341564178467,0.63999999,COc1cc(Nc2ncc(F)c(Nc3ccc4c(n3)NC(=O)C(C)(C)O4)n2)cc(OC)c1OC,Fc1c(Nc2nc3NC(=O)C(C)(C)Oc3cc2)nc(Nc2cc(OC)c(OC)c(OC)c2)nc1,1,0,0,0,0,0,0
IGF-1R,P08069,seed_242,79,1.5348769426345825,0.89999998,O=C(c1ccc(/C=C/c2n[nH]c3ccccc23)cc1)N1CCNCC1,O=C(N1CCNCC1)c1ccc(/C=C/c2n[nH]c3c2cccc3)cc1,1,0,0,0,0,0,0
IGF-1R,P08069,seed_242,80,1.4164053201675415,0.84572822,COc1cc(N2CCNCC2)ccc1Nc1ncc(C)c(-c2cnn3ccccc23)n1,O(C)c1c(Nc2nc(c(C)cn2)-c2c3n(nc2)C=CC=C3)ccc(N2CCNCC2)c1,1,0,0,0,0,0,0
IGF-1R,P08069,seed_242,81,1.1161818504333496,0.48932096,COc1ccc(N2CCNCC2)cc1Nc1ncc(C)c(-c2cnn3ccccc23)n1,O(C)c1c(Nc2nc(c(C)cn2)-c2c3n(nc2)C=CC=C3)cc(N2CCNCC2)cc1,1,0,0,0,0,0,0
IGF-1R,P08069,seed_342,1,3.145603895187378,3.0707514,CNc1cc(CN2C(=O)N(c3ccc(SC(F)(F)F)cc3)C(=O)C2(C)C)ccn1,S(C(F)(F)F)c1ccc(N2C(=O)N(Cc3cc(NC)ncc3)C(C)(C)C2=O)cc1,1,1,1,1,1,1,1
IGF-1R,P08069,seed_342,2,3.104238271713257,3.6944337,COc1cc(-c2ccccc2)nc2cc(-c3nc(C4CC(C)(O)C4)n4ccnc(N)c34)ccc12,O(C)c1c2c(nc(-c3ccccc3)c1)cc(-c1nc(C3CC(O)(C)C3)n3c1C(N)=NC=C3)cc2,1,1,1,1,1,1,1
IGF-1R,P08069,seed_342,3,3.0376150608062744,3.1547468,CC(C)Oc1cc(-c2ccccc2)nc2cc(-c3nc(C4CC(C)(O)C4)n4ccnc(N)c34)ccc12,O(C(C)C)c1c2c(nc(-c3ccccc3)c1)cc(-c1nc(C3CC(O)(C)C3)n3c1C(N)=NC=C3)cc2,0,1,1,1,1,1,1
IGF-1R,P08069,seed_342,4,3.0209834575653076,2.2483361,CC1C(=O)N(c2ccc(SC(F)(F)F)cc2)C(=O)N1Cc1ccnc2ccccc12,S(C(F)(F)F)c1ccc(N2C(=O)N(Cc3c4c(ncc3)cccc4)C(C)C2=O)cc1,0,0,1,1,0,0,1
IGF-1R,P08069,seed_342,5,3.0053040981292725,2.6073351,CC1C(=O)N(c2ccc(S(=O)(=O)C(F)(F)F)cc2)C(=O)N1Cc1ccnc2ccccc12,S(=O)(=O)(C(F)(F)F)c1ccc(N2C(=O)N(Cc3c4c(ncc3)cccc4)C(C)C2=O)cc1,1,0,1,1,0,1,1
IGF-1R,P08069,seed_342,6,2.8769664764404297,1.8648673,CC1(C)C(=O)N(c2ccc(SC(F)(F)F)cc2)C(=O)N1Cc1ccnc(F)c1,S(C(F)(F)F)c1ccc(N2C(=O)N(Cc3cc(F)ncc3)C(C)(C)C2=O)cc1,1,0,0,1,0,0,1
IGF-1R,P08069,seed_342,7,2.833350896835327,1.9118639,Cc1cc(N2CCOCC2)cc2[nH]c(-c3c(NCC(O)c4cccc(Cl)c4)cc[nH]c3=O)nc12,Clc1cc(C(O)CNC2=C(c3[nH]c4c(c(C)cc(N5CCOCC5)c4)n3)C(=O)NC=C2)ccc1,1,0,0,1,0,0,1
IGF-1R,P08069,seed_342,8,2.4434635639190674,1.04,CCS(=O)(=O)c1cccc(-c2cc(C(=O)NC3CCN(C)CC3)c(C)c3[nH]c4ncc(C)cc4c23)c1,S(=O)(=O)(CC)c1cc(-c2c3c(c(C)c(C(=O)NC4CCN(C)CC4)c2)[nH]c2ncc(C)cc32)ccc1,0,0,0,1,0,0,0
IGF-1R,P08069,seed_342,9,2.3760786056518555,1.8099999,CNC(=O)c1cc(Oc2ccc(NC(=O)Nc3cc(C(C)(C)C)nn3-c3ccc4ncccc4c3)c(F)c2)ccn1,Fc1c(NC(=O)Nc2n(-c3cc4c(nccc4)cc3)nc(C(C)(C)C)c2)ccc(Oc2cc(C(=O)NC)ncc2)c1,0,0,0,1,0,0,0
IGF-1R,P08069,seed_342,10,2.319725751876831,2.3560541,CC1(O)CC(c2nc(-c3ccc4ccc(-c5ccccc5)nc4c3)c3c(N)nccn23)C1,OC1(C)CC(c2n3c(c(-c4cc5nc(-c6ccccc6)ccc5cc4)n2)C(N)=NC=C3)C1,1,0,0,1,0,0,1
IGF-1R,P08069,seed_342,11,2.3104019165039062,2.5,CS(=O)(=O)N1CCN(Cc2cc3nc(-c4cccc5[nH]ncc45)nc(N4CCOCC4)c3s2)CC1,S(=O)(=O)(C)N1CCN(Cc2sc3c(N4CCOCC4)nc(-c4c5c([nH]nc5)ccc4)nc3c2)CC1,0,0,0,0,0,0,1
IGF-1R,P08069,seed_342,12,2.2653491497039795,0.73000002,COc1cc2c(Oc3ccc(NC(=O)C4(C(=O)Nc5ccc(F)cc5)CC4)cc3F)ccnc2cc1OCCCN1CCOCC1,Fc1c(Oc2c3c(ncc2)cc(OCCCN2CCOCC2)c(OC)c3)ccc(NC(=O)C2(C(=O)Nc3ccc(F)cc3)CC2)c1,0,0,0,0,0,0,0
IGF-1R,P08069,seed_342,13,2.247060537338257,1.1799999,COc1cc2c(Nc3ccc(NC(=O)c4ccccc4)cc3)ncnc2cc1OCCCN1CCOCC1,O=C(Nc1ccc(Nc2ncnc3c2cc(OC)c(OCCCN2CCOCC2)c3)cc1)c1ccccc1,0,0,0,0,0,0,0
IGF-1R,P08069,seed_342,14,2.192563772201538,1.25,Cc1c(CN2CCN(C(=O)[C@H](C)O)CC2)sc2c(N3CCOCC3)nc(-c3cnc(N)nc3)nc12,O=C([C@@H](O)C)N1CCN(Cc2c(C)c3nc(-c4cnc(N)nc4)nc(N4CCOCC4)c3s2)CC1,1,0,0,0,0,0,0
IGF-1R,P08069,seed_342,15,2.1869373321533203,1.25,Cc1cc(Nc2cc(CN3CCOCC3)c3nc(C)c(Cc4ccc(Cl)cc4F)n3n2)n[nH]1,Clc1cc(F)c(Cc2c(C)nc3C(CN4CCOCC4)=CC(Nc4n[nH]c(C)c4)=Nn23)cc1,1,0,0,0,0,0,0
IGF-1R,P08069,seed_342,16,2.176318883895874,2.7941194,CC1(C(=O)Nc2ccc(F)nc2)CCCN1c1nc(Nc2cc(C3CC3)n[nH]2)c2cccn2n1,Fc1ncc(NC(=O)C2(C)N(C=3N=C(Nc4[nH]nc(C5CC5)c4)c4n(N=3)ccc4)CCC2)cc1,1,0,0,0,0,1,1
IGF-1R,P08069,seed_342,17,2.143247604370117,1.3099999,Cn1c(=O)n(-c2ccc(C(C)(C)C#N)cc2)c2c3cc(-c4cnc5ccccc5c4)ccc3ncc21,O=C1N(C)c2c(N1c1ccc(C(C#N)(C)C)cc1)c1c(nc2)ccc(-c2cnc3c(c2)cccc3)c1,0,0,0,0,0,0,0
IGF-1R,P08069,seed_342,18,2.1274425983428955,1.2986047,COc1cc2c(cc1Nc1ncc(C)c(-c3cnn4ccccc34)n1)N(C(=O)CN(C)C)CC2,O=C(CN(C)C)N1c2c(cc(OC)c(Nc3nc(c(C)cn3)-c3c4n(nc3)C=CC=C4)c2)CC1,1,0,0,0,0,0,0
IGF-1R,P08069,seed_342,19,2.1113905906677246,0.87,Cc1ccc(F)c(NC(=O)Nc2ccc(-c3cccc4[nH]nc(N)c34)cc2)c1,Fc1c(NC(=O)Nc2ccc(-c3c4c(N)n[nH]c4ccc3)cc2)cc(C)cc1,1,0,0,0,0,0,0
IGF-1R,P08069,seed_342,20,2.0871570110321045,0.75,Cc1cc(Nc2nc(N[C@@H](C)c3ccc(F)cc3)c(C#N)cc2F)n[nH]1,Fc1c(Nc2n[nH]c(C)c2)nc(N[C@@H](C)c2ccc(F)cc2)c(C#N)c1,1,0,0,0,0,0,0
IGF-1R,P08069,seed_342,21,2.0736277103424072,0.92000002,O=C(Nc1c[nH]nc1-c1nc2cc(CN3CCOCC3)ccc2[nH]1)NC1CC1,O=C(Nc1c(-c2[nH]c3c(n2)cc(CN2CCOCC2)cc3)n[nH]c1)NC1CC1,1,0,0,0,0,0,0
IGF-1R,P08069,seed_342,22,2.058206081390381,1.792436,CNC(=O)c1c(F)cccc1Nc1nc(Nc2cc3c(cc2OC)CCN3C(=O)CN(C)C)nc2[nH]ccc12,Fc1c(C(=O)NC)c(Nc2nc(Nc3c(OC)cc4c(N(C(=O)CN(C)C)CC4)c3)nc3[nH]ccc23)ccc1,0,0,0,0,0,0,0
IGF-1R,P08069,seed_342,23,2.0537850856781006,0.81999999,COC(=O)c1ccc2c(c1)NC(=O)/C2=C(\Nc1ccc(N(C)C(=O)CN2CCN(C)CC2)cc1)c1ccccc1,O=C(N(C)c1ccc(N/C(/c2ccccc2)=C/2\C(=O)Nc3c\2ccc(C(=O)OC)c3)cc1)CN1CCN(C)CC1,0,0,0,0,0,0,0
IGF-1R,P08069,seed_342,24,2.0363972187042236,0.98000002,O=C(O)C1(Cc2cccc(Nc3nccs3)n2)CCC(Oc2cccc(Cl)c2F)CC1,Clc1c(F)c(OC2CCC(C(=O)O)(Cc3nc(Nc4sccn4)ccc3)CC2)ccc1,0,0,0,0,0,0,0
IGF-1R,P08069,seed_342,25,2.035767078399658,1.2,CCS(=O)(=O)Nc1ccc2c(c1)/C(=C(/Nc1ccc(CN3CCCCC3)cc1)c1ccccc1)C(=O)N2,S(=O)(=O)(Nc1cc2/C(=C(/Nc3ccc(CN4CCCCC4)cc3)\c3ccccc3)/C(=O)Nc2cc1)CC,0,0,0,0,0,0,0
IGF-1R,P08069,seed_342,26,1.9853276014328003,0.62,Cc1cnc(Nc2ccc(OCCN3CCCC3)cc2)nc1Nc1cccc(S(=O)(=O)NC(C)(C)C)c1,S(=O)(=O)(NC(C)(C)C)c1cc(Nc2c(C)cnc(Nc3ccc(OCCN4CCCC4)cc3)n2)ccc1,0,0,0,0,0,0,0
IGF-1R,P08069,seed_342,27,1.9837313890457153,0.81,COc1cc2nccc(Oc3ccc(NC(=O)C4(C(=O)Nc5ccc(F)cc5)CC4)cc3)c2cc1OC,Fc1ccc(NC(=O)C2(C(=O)Nc3ccc(Oc4c5c(ncc4)cc(OC)c(OC)c5)cc3)CC2)cc1,0,0,0,0,0,0,0
IGF-1R,P08069,seed_342,28,1.976786732673645,1.27,Fc1cc(-c2cccc3ncc(-c4cnn(C5CCNCC5)c4)nc23)cc(F)c1CN1CCOCC1,Fc1c(CN2CCOCC2)c(F)cc(-c2c3nc(-c4cn(C5CCNCC5)nc4)cnc3ccc2)c1,1,0,0,0,0,0,0
IGF-1R,P08069,seed_342,29,1.9255197048187256,0.5,CCN1CCN(c2ccc(Nc3cc(N(C)C(=O)Nc4c(Cl)c(OC)cc(OC)c4Cl)ncn3)cc2)CC1,Clc1c(NC(=O)N(C)c2ncnc(Nc3ccc(N4CCN(CC)CC4)cc3)c2)c(Cl)c(OC)cc1OC,0,0,0,0,0,0,0
IGF-1R,P08069,seed_342,30,1.9188185930252075,1.02,CC(C)n1nc(-c2ccc3oc(N)nc3c2)c2c(N)ncnc21,Nc1oc2c(n1)cc(-c1nn(C(C)C)c3ncnc(N)c13)cc2,1,0,0,0,0,0,0
IGF-1R,P08069,seed_342,31,1.914301872253418,1.13,Cc1cc(C)c(/C=C2\C(=O)Nc3ccccc32)[nH]1,O=C1/C(=C\c2c(C)cc(C)[nH]2)/c2c(N1)cccc2,1,0,0,0,0,0,0
IGF-1R,P08069,seed_342,32,1.900032639503479,1.3657748,COc1cc2c(cc1Nc1ncc(Cl)c(-c3cnn4ccccc34)n1)N(C(C)=O)CC2,Clc1c(-c2c3n(nc2)C=CC=C3)nc(Nc2c(OC)cc3c(N(C(=O)C)CC3)c2)nc1,1,0,0,0,0,0,0
IGF-1R,P08069,seed_342,33,1.8825819492340088,0.73000002,CCn1cc(-c2ccnc3[nH]c(-c4cccc(CN(C)C)c4)cc23)c(-c2ccc(NC(=O)N(C)C)cc2)n1,O=C(N(C)C)Nc1ccc(-c2c(-c3c4c([nH]c(-c5cc(CN(C)C)ccc5)c4)ncc3)cn(CC)n2)cc1,0,0,0,0,0,0,0
IGF-1R,P08069,seed_342,34,1.8571500778198242,1.11,Cc1cc(Nc2cc(N3CCN(C)CC3)nc(/C=C/c3ccccc3)n2)n[nH]1,N(c1nc(/C=C/c2ccccc2)nc(N2CCN(C)CC2)c1)c1n[nH]c(C)c1,1,0,0,0,0,0,0
IGF-1R,P08069,seed_342,35,1.84575355052948,0.42887372,COc1ccc(N2CCN(C(=O)CN(C)C)CC2)cc1Nc1ncc(Cl)c(-c2cnc3ccccn23)n1,Clc1c(-c2n3c(nc2)C=CC=C3)nc(Nc2c(OC)ccc(N3CCN(C(=O)CN(C)C)CC3)c2)nc1,0,0,0,0,0,0,0
IGF-1R,P08069,seed_342,36,1.832200527191162,1.01,Nc1ncnc2c1c(-c1cnc3[nH]ccc3c1)nn2C1CCCC1,Nc1ncnc2n(C3CCCC3)nc(-c3cnc4[nH]ccc4c3)c12,1,0,0,0,0,0,0
IGF-1R,P08069,seed_342,37,1.831310510635376,0.71556926,COc1cc(N2CC3CN(CCO)CC(C2)O3)ccc1Nc1ncc(Cl)c(-c2cnc3ccccn23)n1,Clc1c(-c2n3c(nc2)C=CC=C3)nc(Nc2c(OC)cc(N3CC4OC(CN(CCO)C4)C3)cc2)nc1,0,0,0,0,0,0,0
IGF-1R,P08069,seed_342,38,1.8224453926086426,1.5428754,CC(C)(C)c1cc(C=C(C#N)C#N)cc(Br)c1O,Brc1c(O)c(C(C)(C)C)cc(C=C(C#N)C#N)c1,1,0,0,0,0,0,0
IGF-1R,P08069,seed_342,39,1.817800760269165,1.4,CNC1CC2OC(C)(C1OC)n1c3ccccc3c3c4c(c5c6ccccc6n2c5c31)C(=O)NC4,O=C1NCc2c3c4n(C5(C)C(OC)C(NC)CC(O5)n5c4c(c4c5cccc4)c12)c1c3cccc1,1,0,0,0,0,0,0
IGF-1R,P08069,seed_342,40,1.817800760269165,0.60000002,CN[C@@H]1C[C@H]2O[C@@](C)([C@@H]1OC)n1c3ccccc3c3c4c(c5c6ccccc6n2c5c31)C(=O)NC4,O(C)[C@@H]1[C@H](NC)C[C@H]2O[C@]1(C)n1c3c4n2c2c(c4c4C(=O)NCc4c3c3c1cccc3)cccc2,1,0,0,0,0,0,0
IGF-1R,P08069,seed_342,41,1.7847750186920166,0.41,CC(=O)NCC(=O)N1[C@@H]2CC[C@H]1c1ccc(Nc3ncc(C(F)(F)F)c(NC4CCC4)n3)cc12,FC(F)(F)c1c(NC2CCC2)nc(Nc2cc3[C@@H]4N(C(=O)CNC(=O)C)[C@H](c3cc2)CC4)nc1,1,0,0,0,0,0,0
IGF-1R,P08069,seed_342,42,1.7708086967468262,1.04,O=C(NCCCNc1nc(Nc2cccc(NC(=O)N3CCCC3)c2)ncc1I)c1cccs1,Ic1c(NCCCNC(=O)c2sccc2)nc(Nc2cc(NC(=O)N3CCCC3)ccc2)nc1,0,0,0,0,0,0,0
IGF-1R,P08069,seed_342,43,1.7525372505187988,0.81999999,CN1CCN(c2ccc3nc(-c4c(N)c5c(F)cccc5[nH]c4=O)[nH]c3c2)CC1,Fc1c2C(N)=C(c3[nH]c4c(n3)ccc(N3CCN(C)CC3)c4)C(=O)Nc2ccc1,1,0,0,0,0,0,0
IGF-1R,P08069,seed_342,44,1.7509156465530396,1.6900001,COc1cc(N2CCC(N3CCN(C)CC3)CC2)ccc1Nc1ncc(Cl)c(Nc2ccccc2S(=O)(=O)C(C)C)n1,Clc1c(Nc2c(S(=O)(=O)C(C)C)cccc2)nc(Nc2c(OC)cc(N3CCC(N4CCN(C)CC4)CC3)cc2)nc1,0,0,0,0,0,0,0
IGF-1R,P08069,seed_342,45,1.7464032173156738,1.2878134,CNCC(=O)N1CCC(c2ccc(Nc3ncc(Cl)c(-c4cnc5ccccn45)n3)c(OC)c2)CC1,Clc1c(-c2n3c(nc2)C=CC=C3)nc(Nc2c(OC)cc(C3CCN(C(=O)CNC)CC3)cc2)nc1,0,0,0,0,0,0,0
IGF-1R,P08069,seed_342,46,1.7446058988571167,0.69,NC(=O)Nc1cc(-c2cccc(F)c2)sc1C(=O)N[C@H]1CCCNC1,Fc1cc(-c2sc(C(=O)N[C@@H]3CNCCC3)c(NC(=O)N)c2)ccc1,1,0,0,0,0,0,0
IGF-1R,P08069,seed_342,47,1.7404699325561523,0.93000001,Cc1[nH]c(/C=C2\C(=O)Nc3ccc(S(=O)(=O)Cc4c(Cl)cccc4Cl)cc32)c(C)c1C(=O)N1CCC[C@@H]1CN1CCCC1,Clc1c(CS(=O)(=O)c2cc3/C(=C/c4c(C)c(C(=O)N5[C@@H](CN6CCCC6)CCC5)c(C)[nH]4)/C(=O)Nc3cc2)c(Cl)ccc1,0,0,0,0,0,0,0
IGF-1R,P08069,seed_342,48,1.7390110492706299,1.16,CN(c1ncccc1CNc1nc(Nc2ccc3c(c2)CC(=O)N3)ncc1C(F)(F)F)S(C)(=O)=O,S(=O)(=O)(N(C)c1c(CNc2c(C(F)(F)F)cnc(Nc3cc4c(NC(=O)C4)cc3)n2)cccn1)C,0,0,0,0,0,0,0
IGF-1R,P08069,seed_342,49,1.7013680934906006,1.0700001,Nc1nc(Nc2ccc(S(N)(=O)=O)cc2)nn1C(=O)c1c(F)cccc1F,S(=O)(=O)(N)c1ccc(Nc2nn(C(=O)c3c(F)cccc3F)c(N)n2)cc1,1,0,0,0,0,0,0
IGF-1R,P08069,seed_342,50,1.6771137714385986,1.03,C=CC(=O)Nc1cccc(Oc2nc(Nc3ccc(N4CCN(C)CC4)cc3OC)ncc2Cl)c1,Clc1c(Oc2cc(NC(=O)C=C)ccc2)nc(Nc2c(OC)cc(N3CCN(C)CC3)cc2)nc1,1,0,0,0,0,0,0
IGF-1R,P08069,seed_342,51,1.6769702434539795,1.29,CC(C)(C)c1nc(-c2cccc(NS(=O)(=O)c3c(F)cccc3F)c2F)c(-c2ccnc(N)n2)s1,S(=O)(=O)(Nc1c(F)c(-c2c(-c3nc(N)ncc3)sc(C(C)(C)C)n2)ccc1)c1c(F)cccc1F,0,0,0,0,0,0,0
IGF-1R,P08069,seed_342,52,1.6738612651824951,1.02,COc1cc(CCc2cc(NC(=O)c3ccc(N4C[C@@H](C)N[C@@H](C)C4)cc3)n[nH]2)cc(OC)c1,O=C(Nc1n[nH]c(CCc2cc(OC)cc(OC)c2)c1)c1ccc(N2C[C@@H](C)N[C@@H](C)C2)cc1,1,0,0,0,0,0,0
IGF-1R,P08069,seed_342,53,1.6644012928009033,0.83999997,NC(=O)Nc1sc(-c2ccc(F)cc2)cc1C(N)=O,Fc1ccc(-c2sc(NC(=O)N)c(C(=O)N)c2)cc1,1,0,0,0,0,0,0
IGF-1R,P08069,seed_342,54,1.6418761014938354,1.02,COc1cc(Nc2c(C#N)cnc3cc(OCCCN4CCN(C)CC4)c(OC)cc23)c(Cl)cc1Cl,Clc1c(OC)cc(Nc2c(C#N)cnc3c2cc(OC)c(OCCCN2CCN(C)CC2)c3)c(Cl)c1,0,0,0,0,0,0,0
IGF-1R,P08069,seed_342,55,1.6339647769927979,0.79000002,Cc1cnc(Nc2ccc(N3CCN(C)CC3)cc2)nc1Nc1cccc(S(=O)(=O)NC(C)(C)C)c1,S(=O)(=O)(NC(C)(C)C)c1cc(Nc2c(C)cnc(Nc3ccc(N4CCN(C)CC4)cc3)n2)ccc1,0,0,0,0,0,0,0
IGF-1R,P08069,seed_342,56,1.6296254396438599,0.61978877,Nc1ncnc2c1c(-c1cccc(OCc3ccccc3)c1)cn2C1CC(CN2CCCC2)C1,O(Cc1ccccc1)c1cc(-c2c3c(N)ncnc3n(C3CC(CN4CCCC4)C3)c2)ccc1,0,0,0,0,0,0,0
IGF-1R,P08069,seed_342,57,1.6054987907409668,1.13,Cc1ccc([N+](=O)[O-])cc1S(=O)(=O)N(C)/N=C/c1cnc2ccc(Br)cn12,BrC1=Cn2c(/C=N/N(S(=O)(=O)c3c(C)ccc([N+](=O)[O-])c3)C)cnc2C=C1,1,0,0,0,0,0,0
IGF-1R,P08069,seed_342,58,1.5978223085403442,1.17,Cc1nc(N)sc1-c1ccnc(Nc2ccc(N3CCOCC3)cc2)n1,N(c1nc(-c2c(C)nc(N)s2)ccn1)c1ccc(N2CCOCC2)cc1,1,0,0,0,0,0,0
IGF-1R,P08069,seed_342,59,1.5973501205444336,0.77999997,COc1cc(Nc2ncc3c(n2)-c2ccc(Cl)cc2C(c2c(F)cccc2OC)=NC3)ccc1C(=O)O,Clc1cc2C(c3c(F)cccc3OC)=NCc3c(nc(Nc4cc(OC)c(C(=O)O)cc4)nc3)-c2cc1,0,0,0,0,0,0,0
IGF-1R,P08069,seed_342,60,1.595909833908081,1.47,CNC(=O)c1ccccc1Nc1nc(Nc2ccc(N3CCOCC3)cc2OC)ncc1Cl,Clc1c(Nc2c(C(=O)NC)cccc2)nc(Nc2c(OC)cc(N3CCOCC3)cc2)nc1,1,0,0,0,0,0,0
IGF-1R,P08069,seed_342,61,1.5911521911621094,1.24,C=CC(=O)Nc1cccc(Sc2nc(Nc3ccc(N4CCN(C)CC4)cc3)ncc2Cl)c1,Clc1c(Sc2cc(NC(=O)C=C)ccc2)nc(Nc2ccc(N3CCN(C)CC3)cc2)nc1,1,0,0,0,0,0,0
IGF-1R,P08069,seed_342,62,1.583611011505127,0.73834068,Nc1ncnc2c1c(-c1cccc(OCc3ccccc3)c1)cn2C1CC(CN2CCC2)C1,O(Cc1ccccc1)c1cc(-c2c3c(N)ncnc3n(C3CC(CN4CCC4)C3)c2)ccc1,1,0,0,0,0,0,0
IGF-1R,P08069,seed_342,63,1.5675437450408936,0.85000002,CCCS(=O)(=O)Nc1ccc(F)c(C(=O)c2c[nH]c3ncc(Cl)cc23)c1F,Clc1cnc2[nH]cc(C(=O)c3c(F)c(NS(=O)(=O)CCC)ccc3F)c2c1,1,0,0,0,0,0,0
IGF-1R,P08069,seed_342,64,1.4816083908081055,1.09,O=C(Nc1cccc(Nc2ncc(Br)c(NCCc3cnc[nH]3)n2)c1)N1CCCC1,Brc1c(NCCc2[nH]cnc2)nc(Nc2cc(NC(=O)N3CCCC3)ccc2)nc1,1,0,0,0,0,0,0
IGF-1R,P08069,seed_342,65,1.477638840675354,0.97000003,C=CC(=O)Nc1cccc(Oc2nc(Nc3ccc(N4CCN(C)CC4)cc3)ncc2Cl)c1,Clc1c(Oc2cc(NC(=O)C=C)ccc2)nc(Nc2ccc(N3CCN(C)CC3)cc2)nc1,1,0,0,0,0,0,0
IGF-1R,P08069,seed_342,66,1.468047857284546,1.01,Cc1ccc(Nc2nccc(N(C)c3ccc4c(C)n(C)nc4c3)n2)cc1S(N)(=O)=O,S(=O)(=O)(N)c1c(C)ccc(Nc2nc(N(C)c3cc4nn(C)c(C)c4cc3)ccn2)c1,1,0,0,0,0,0,0
IGF-1R,P08069,seed_342,67,1.4665744304656982,0.60000002,Cc1cc(Nc2cc(N3CCN(C)CC3)nc(Sc3ccc(NC(=O)C4CC4)cc3)n2)n[nH]1,S(c1nc(Nc2n[nH]c(C)c2)cc(N2CCN(C)CC2)n1)c1ccc(NC(=O)C2CC2)cc1,1,0,0,0,0,0,0
IGF-1R,P08069,seed_342,68,1.4628766775131226,0.83999997,O=C(O)c1ccc(Nc2ncc3c(n2)-c2ccc(Cl)cc2C(c2c(F)cccc2F)=NC3)cc1,Clc1cc2C(c3c(F)cccc3F)=NCc3c(nc(Nc4ccc(C(=O)O)cc4)nc3)-c2cc1,0,0,0,0,0,0,0
IGF-1R,P08069,seed_342,69,1.460958480834961,0.94999999,Cc1[nH]c(/C=C2\C(=O)Nc3ccccc32)c(C)c1CCC(=O)O,O=C(O)CCc1c(C)c(/C=C/2\C(=O)Nc3c\2cccc3)[nH]c1C,1,0,0,0,0,0,0
IGF-1R,P08069,seed_342,70,1.4457809925079346,0.96193647,COc1ccc(NC(=O)CN(C)C)cc1Nc1ncc(Cl)c(-c2cnc3c(F)cccn23)n1,Clc1c(-c2n3c(C(F)=CC=C3)nc2)nc(Nc2c(OC)ccc(NC(=O)CN(C)C)c2)nc1,1,0,0,0,0,0,0
IGF-1R,P08069,seed_342,71,1.401962399482727,0.89999998,COc1cc(Nc2ncc(F)c(Nc3ccc4c(n3)N(COP(=O)(O)O)C(=O)C(C)(C)O4)n2)cc(OC)c1OC,P(=O)(OCN1C(=O)C(C)(C)Oc2c1nc(Nc1c(F)cnc(Nc3cc(OC)c(OC)c(OC)c3)n1)cc2)(O)O,0,0,0,0,0,0,0
IGF-1R,P08069,seed_342,72,1.3887462615966797,0.94,CCN(CC)CCNC(=O)c1c(C)[nH]c(/C=C2\C(=O)Nc3ccc(F)cc32)c1C,Fc1cc2/C(=C/c3c(C)c(C(=O)NCCN(CC)CC)c(C)[nH]3)/C(=O)Nc2cc1,1,0,0,0,0,0,0
IGF-1R,P08069,seed_342,73,1.3755371570587158,1.17,CN1CCN(c2cccc(Nc3nc4c(-c5ccc(S(C)(=O)=O)cc5)cccn4n3)c2)CC1,S(=O)(=O)(C)c1ccc(C=2c3n(nc(Nc4cc(N5CCN(C)CC5)ccc4)n3)C=CC=2)cc1,1,0,0,0,0,0,0
IGF-1R,P08069,seed_342,74,1.353567361831665,0.87047124,CNCC(=O)N1CCN(c2ccc(OC)c(Nc3ncc(Cl)c(-c4cnn5ccccc45)n3)c2)CC1,Clc1c(-c2c3n(nc2)C=CC=C3)nc(Nc2c(OC)ccc(N3CCN(C(=O)CNC)CC3)c2)nc1,0,0,0,0,0,0,0
IGF-1R,P08069,seed_342,75,1.335321068763733,1.0255574,CNCC(=O)N1CCN(c2ccc(Nc3ncc(F)c(-c4cnn5ccccc45)n3)c(OC)c2)CC1,Fc1c(-c2c3n(nc2)C=CC=C3)nc(Nc2c(OC)cc(N3CCN(C(=O)CNC)CC3)cc2)nc1,1,0,0,0,0,0,0
IGF-1R,P08069,seed_342,76,1.3349114656448364,0.86000001,CCOc1cc2ncc(C#N)c(Nc3ccc(OCc4ccccn4)c(Cl)c3)c2cc1NC(=O)/C=C/CN(C)C,Clc1c(OCc2ncccc2)ccc(Nc2c(C#N)cnc3c2cc(NC(=O)/C=C/CN(C)C)c(OCC)c3)c1,0,0,0,0,0,0,0
IGF-1R,P08069,seed_342,77,1.321409821510315,1.04,CNC(=O)c1nn(C)c2c1C(C)(C)Cc1cnc(Nc3ccc(N4CCN(C)CC4)cc3)nc1-2,O=C(NC)c1nn(C)c-2c1C(C)(C)Cc1c-2nc(Nc2ccc(N3CCN(C)CC3)cc2)nc1,1,0,0,0,0,0,0
IGF-1R,P08069,seed_342,78,1.3008296489715576,0.63999999,COc1cc(Nc2ncc(F)c(Nc3ccc4c(n3)NC(=O)C(C)(C)O4)n2)cc(OC)c1OC,Fc1c(Nc2nc3NC(=O)C(C)(C)Oc3cc2)nc(Nc2cc(OC)c(OC)c(OC)c2)nc1,1,0,0,0,0,0,0
IGF-1R,P08069,seed_342,79,1.2909281253814697,0.89999998,O=C(c1ccc(/C=C/c2n[nH]c3ccccc23)cc1)N1CCNCC1,O=C(N1CCNCC1)c1ccc(/C=C/c2n[nH]c3c2cccc3)cc1,1,0,0,0,0,0,0
IGF-1R,P08069,seed_342,80,1.094831109046936,0.84572822,COc1cc(N2CCNCC2)ccc1Nc1ncc(C)c(-c2cnn3ccccc23)n1,O(C)c1c(Nc2nc(c(C)cn2)-c2c3n(nc2)C=CC=C3)ccc(N2CCNCC2)c1,1,0,0,0,0,0,0
IGF-1R,P08069,seed_342,81,0.7716507315635681,0.48932096,COc1ccc(N2CCNCC2)cc1Nc1ncc(C)c(-c2cnn3ccccc23)n1,O(C)c1c(Nc2nc(c(C)cn2)-c2c3n(nc2)C=CC=C3)cc(N2CCNCC2)cc1,1,0,0,0,0,0,0
IGF-1R,P08069,seed_442,1,3.1550376415252686,3.6944337,COc1cc(-c2ccccc2)nc2cc(-c3nc(C4CC(C)(O)C4)n4ccnc(N)c34)ccc12,O(C)c1c2c(nc(-c3ccccc3)c1)cc(-c1nc(C3CC(O)(C)C3)n3c1C(N)=NC=C3)cc2,1,1,1,1,1,1,1
IGF-1R,P08069,seed_442,2,3.0126640796661377,3.0707514,CNc1cc(CN2C(=O)N(c3ccc(SC(F)(F)F)cc3)C(=O)C2(C)C)ccn1,S(C(F)(F)F)c1ccc(N2C(=O)N(Cc3cc(NC)ncc3)C(C)(C)C2=O)cc1,1,1,1,1,1,1,1
IGF-1R,P08069,seed_442,3,2.9549591541290283,3.1547468,CC(C)Oc1cc(-c2ccccc2)nc2cc(-c3nc(C4CC(C)(O)C4)n4ccnc(N)c34)ccc12,O(C(C)C)c1c2c(nc(-c3ccccc3)c1)cc(-c1nc(C3CC(O)(C)C3)n3c1C(N)=NC=C3)cc2,0,1,1,1,1,1,1
IGF-1R,P08069,seed_442,4,2.930987596511841,2.6073351,CC1C(=O)N(c2ccc(S(=O)(=O)C(F)(F)F)cc2)C(=O)N1Cc1ccnc2ccccc12,S(=O)(=O)(C(F)(F)F)c1ccc(N2C(=O)N(Cc3c4c(ncc3)cccc4)C(C)C2=O)cc1,1,0,1,1,0,1,1
IGF-1R,P08069,seed_442,5,2.7818312644958496,2.2483361,CC1C(=O)N(c2ccc(SC(F)(F)F)cc2)C(=O)N1Cc1ccnc2ccccc12,S(C(F)(F)F)c1ccc(N2C(=O)N(Cc3c4c(ncc3)cccc4)C(C)C2=O)cc1,0,0,1,1,0,0,1
IGF-1R,P08069,seed_442,6,2.7337534427642822,1.8099999,CNC(=O)c1cc(Oc2ccc(NC(=O)Nc3cc(C(C)(C)C)nn3-c3ccc4ncccc4c3)c(F)c2)ccn1,Fc1c(NC(=O)Nc2n(-c3cc4c(nccc4)cc3)nc(C(C)(C)C)c2)ccc(Oc2cc(C(=O)NC)ncc2)c1,0,0,0,1,0,0,0
IGF-1R,P08069,seed_442,7,2.6296401023864746,1.8648673,CC1(C)C(=O)N(c2ccc(SC(F)(F)F)cc2)C(=O)N1Cc1ccnc(F)c1,S(C(F)(F)F)c1ccc(N2C(=O)N(Cc3cc(F)ncc3)C(C)(C)C2=O)cc1,1,0,0,1,0,0,1
IGF-1R,P08069,seed_442,8,2.5927517414093018,1.9118639,Cc1cc(N2CCOCC2)cc2[nH]c(-c3c(NCC(O)c4cccc(Cl)c4)cc[nH]c3=O)nc12,Clc1cc(C(O)CNC2=C(c3[nH]c4c(c(C)cc(N5CCOCC5)c4)n3)C(=O)NC=C2)ccc1,1,0,0,1,0,0,1
IGF-1R,P08069,seed_442,9,2.3079020977020264,1.04,CCS(=O)(=O)c1cccc(-c2cc(C(=O)NC3CCN(C)CC3)c(C)c3[nH]c4ncc(C)cc4c23)c1,S(=O)(=O)(CC)c1cc(-c2c3c(c(C)c(C(=O)NC4CCN(C)CC4)c2)[nH]c2ncc(C)cc32)ccc1,0,0,0,1,0,0,0
IGF-1R,P08069,seed_442,10,2.2930614948272705,1.3099999,Cn1c(=O)n(-c2ccc(C(C)(C)C#N)cc2)c2c3cc(-c4cnc5ccccc5c4)ccc3ncc21,O=C1N(C)c2c(N1c1ccc(C(C#N)(C)C)cc1)c1c(nc2)ccc(-c2cnc3c(c2)cccc3)c1,0,0,0,1,0,0,0
IGF-1R,P08069,seed_442,11,2.25321364402771,0.81999999,COC(=O)c1ccc2c(c1)NC(=O)/C2=C(\Nc1ccc(N(C)C(=O)CN2CCN(C)CC2)cc1)c1ccccc1,O=C(N(C)c1ccc(N/C(/c2ccccc2)=C/2\C(=O)Nc3c\2ccc(C(=O)OC)c3)cc1)CN1CCN(C)CC1,0,0,0,0,0,0,0
IGF-1R,P08069,seed_442,12,2.2501871585845947,0.73000002,COc1cc2c(Oc3ccc(NC(=O)C4(C(=O)Nc5ccc(F)cc5)CC4)cc3F)ccnc2cc1OCCCN1CCOCC1,Fc1c(Oc2c3c(ncc2)cc(OCCCN2CCOCC2)c(OC)c3)ccc(NC(=O)C2(C(=O)Nc3ccc(F)cc3)CC2)c1,0,0,0,0,0,0,0
IGF-1R,P08069,seed_442,13,2.227350950241089,2.3560541,CC1(O)CC(c2nc(-c3ccc4ccc(-c5ccccc5)nc4c3)c3c(N)nccn23)C1,OC1(C)CC(c2n3c(c(-c4cc5nc(-c6ccccc6)ccc5cc4)n2)C(N)=NC=C3)C1,1,0,0,0,0,0,1
IGF-1R,P08069,seed_442,14,2.221052408218384,1.25,Cc1c(CN2CCN(C(=O)[C@H](C)O)CC2)sc2c(N3CCOCC3)nc(-c3cnc(N)nc3)nc12,O=C([C@@H](O)C)N1CCN(Cc2c(C)c3nc(-c4cnc(N)nc4)nc(N4CCOCC4)c3s2)CC1,1,0,0,0,0,0,0
IGF-1R,P08069,seed_442,15,2.188011884689331,2.5,CS(=O)(=O)N1CCN(Cc2cc3nc(-c4cccc5[nH]ncc45)nc(N4CCOCC4)c3s2)CC1,S(=O)(=O)(C)N1CCN(Cc2sc3c(N4CCOCC4)nc(-c4c5c([nH]nc5)ccc4)nc3c2)CC1,0,0,0,0,0,0,1
IGF-1R,P08069,seed_442,16,2.1806371212005615,1.27,Fc1cc(-c2cccc3ncc(-c4cnn(C5CCNCC5)c4)nc23)cc(F)c1CN1CCOCC1,Fc1c(CN2CCOCC2)c(F)cc(-c2c3nc(-c4cn(C5CCNCC5)nc4)cnc3ccc2)c1,1,0,0,0,0,0,0
IGF-1R,P08069,seed_442,17,2.1470515727996826,0.87,Cc1ccc(F)c(NC(=O)Nc2ccc(-c3cccc4[nH]nc(N)c34)cc2)c1,Fc1c(NC(=O)Nc2ccc(-c3c4c(N)n[nH]c4ccc3)cc2)cc(C)cc1,1,0,0,0,0,0,0
IGF-1R,P08069,seed_442,18,2.116142749786377,2.7941194,CC1(C(=O)Nc2ccc(F)nc2)CCCN1c1nc(Nc2cc(C3CC3)n[nH]2)c2cccn2n1,Fc1ncc(NC(=O)C2(C)N(C=3N=C(Nc4[nH]nc(C5CC5)c4)c4n(N=3)ccc4)CCC2)cc1,1,0,0,0,0,1,1
IGF-1R,P08069,seed_442,19,2.11403489112854,0.62,Cc1cnc(Nc2ccc(OCCN3CCCC3)cc2)nc1Nc1cccc(S(=O)(=O)NC(C)(C)C)c1,S(=O)(=O)(NC(C)(C)C)c1cc(Nc2c(C)cnc(Nc3ccc(OCCN4CCCC4)cc3)n2)ccc1,0,0,0,0,0,0,0
IGF-1R,P08069,seed_442,20,2.0830976963043213,1.4,CNC1CC2OC(C)(C1OC)n1c3ccccc3c3c4c(c5c6ccccc6n2c5c31)C(=O)NC4,O=C1NCc2c3c4n(C5(C)C(OC)C(NC)CC(O5)n5c4c(c4c5cccc4)c12)c1c3cccc1,1,0,0,0,0,0,0
IGF-1R,P08069,seed_442,21,2.0830976963043213,0.60000002,CN[C@@H]1C[C@H]2O[C@@](C)([C@@H]1OC)n1c3ccccc3c3c4c(c5c6ccccc6n2c5c31)C(=O)NC4,O(C)[C@@H]1[C@H](NC)C[C@H]2O[C@]1(C)n1c3c4n2c2c(c4c4C(=O)NCc4c3c3c1cccc3)cccc2,1,0,0,0,0,0,0
IGF-1R,P08069,seed_442,22,2.0783779621124268,1.25,Cc1cc(Nc2cc(CN3CCOCC3)c3nc(C)c(Cc4ccc(Cl)cc4F)n3n2)n[nH]1,Clc1cc(F)c(Cc2c(C)nc3C(CN4CCOCC4)=CC(Nc4n[nH]c(C)c4)=Nn23)cc1,1,0,0,0,0,0,0
IGF-1R,P08069,seed_442,23,2.071855306625366,1.29,CC(C)(C)c1nc(-c2cccc(NS(=O)(=O)c3c(F)cccc3F)c2F)c(-c2ccnc(N)n2)s1,S(=O)(=O)(Nc1c(F)c(-c2c(-c3nc(N)ncc3)sc(C(C)(C)C)n2)ccc1)c1c(F)cccc1F,0,0,0,0,0,0,0
IGF-1R,P08069,seed_442,24,2.062222480773926,0.98000002,O=C(O)C1(Cc2cccc(Nc3nccs3)n2)CCC(Oc2cccc(Cl)c2F)CC1,Clc1c(F)c(OC2CCC(C(=O)O)(Cc3nc(Nc4sccn4)ccc3)CC2)ccc1,0,0,0,0,0,0,0
IGF-1R,P08069,seed_442,25,2.020704507827759,1.2878134,CNCC(=O)N1CCC(c2ccc(Nc3ncc(Cl)c(-c4cnc5ccccn45)n3)c(OC)c2)CC1,Clc1c(-c2n3c(nc2)C=CC=C3)nc(Nc2c(OC)cc(C3CCN(C(=O)CNC)CC3)cc2)nc1,0,0,0,0,0,0,0
IGF-1R,P08069,seed_442,26,2.010596990585327,0.5,CCN1CCN(c2ccc(Nc3cc(N(C)C(=O)Nc4c(Cl)c(OC)cc(OC)c4Cl)ncn3)cc2)CC1,Clc1c(NC(=O)N(C)c2ncnc(Nc3ccc(N4CCN(CC)CC4)cc3)c2)c(Cl)c(OC)cc1OC,0,0,0,0,0,0,0
IGF-1R,P08069,seed_442,27,2.006364107131958,0.73000002,CCn1cc(-c2ccnc3[nH]c(-c4cccc(CN(C)C)c4)cc23)c(-c2ccc(NC(=O)N(C)C)cc2)n1,O=C(N(C)C)Nc1ccc(-c2c(-c3c4c([nH]c(-c5cc(CN(C)C)ccc5)c4)ncc3)cn(CC)n2)cc1,0,0,0,0,0,0,0
IGF-1R,P08069,seed_442,28,1.9867668151855469,0.83999997,NC(=O)Nc1sc(-c2ccc(F)cc2)cc1C(N)=O,Fc1ccc(-c2sc(NC(=O)N)c(C(=O)N)c2)cc1,1,0,0,0,0,0,0
IGF-1R,P08069,seed_442,29,1.9745042324066162,1.13,Cc1ccc([N+](=O)[O-])cc1S(=O)(=O)N(C)/N=C/c1cnc2ccc(Br)cn12,BrC1=Cn2c(/C=N/N(S(=O)(=O)c3c(C)ccc([N+](=O)[O-])c3)C)cnc2C=C1,1,0,0,0,0,0,0
IGF-1R,P08069,seed_442,30,1.943540334701538,0.75,Cc1cc(Nc2nc(N[C@@H](C)c3ccc(F)cc3)c(C#N)cc2F)n[nH]1,Fc1c(Nc2n[nH]c(C)c2)nc(N[C@@H](C)c2ccc(F)cc2)c(C#N)c1,1,0,0,0,0,0,0
IGF-1R,P08069,seed_442,31,1.9365068674087524,0.92000002,O=C(Nc1c[nH]nc1-c1nc2cc(CN3CCOCC3)ccc2[nH]1)NC1CC1,O=C(Nc1c(-c2[nH]c3c(n2)cc(CN2CCOCC2)cc3)n[nH]c1)NC1CC1,1,0,0,0,0,0,0
IGF-1R,P08069,seed_442,32,1.9239075183868408,1.13,Cc1cc(C)c(/C=C2\C(=O)Nc3ccccc32)[nH]1,O=C1/C(=C\c2c(C)cc(C)[nH]2)/c2c(N1)cccc2,1,0,0,0,0,0,0
IGF-1R,P08069,seed_442,33,1.918389081954956,1.2986047,COc1cc2c(cc1Nc1ncc(C)c(-c3cnn4ccccc34)n1)N(C(=O)CN(C)C)CC2,O=C(CN(C)C)N1c2c(cc(OC)c(Nc3nc(c(C)cn3)-c3c4n(nc3)C=CC=C4)c2)CC1,1,0,0,0,0,0,0
IGF-1R,P08069,seed_442,34,1.9161485433578491,0.79000002,Cc1cnc(Nc2ccc(N3CCN(C)CC3)cc2)nc1Nc1cccc(S(=O)(=O)NC(C)(C)C)c1,S(=O)(=O)(NC(C)(C)C)c1cc(Nc2c(C)cnc(Nc3ccc(N4CCN(C)CC4)cc3)n2)ccc1,0,0,0,0,0,0,0
IGF-1R,P08069,seed_442,35,1.9080508947372437,1.2,CCS(=O)(=O)Nc1ccc2c(c1)/C(=C(/Nc1ccc(CN3CCCCC3)cc1)c1ccccc1)C(=O)N2,S(=O)(=O)(Nc1cc2/C(=C(/Nc3ccc(CN4CCCCC4)cc3)\c3ccccc3)/C(=O)Nc2cc1)CC,0,0,0,0,0,0,0
IGF-1R,P08069,seed_442,36,1.891800880432129,1.3657748,COc1cc2c(cc1Nc1ncc(Cl)c(-c3cnn4ccccc34)n1)N(C(C)=O)CC2,Clc1c(-c2c3n(nc2)C=CC=C3)nc(Nc2c(OC)cc3c(N(C(=O)C)CC3)c2)nc1,1,0,0,0,0,0,0
IGF-1R,P08069,seed_442,37,1.8906022310256958,1.1799999,COc1cc2c(Nc3ccc(NC(=O)c4ccccc4)cc3)ncnc2cc1OCCCN1CCOCC1,O=C(Nc1ccc(Nc2ncnc3c2cc(OC)c(OCCCN2CCOCC2)c3)cc1)c1ccccc1,0,0,0,0,0,0,0
IGF-1R,P08069,seed_442,38,1.8858377933502197,0.71556926,COc1cc(N2CC3CN(CCO)CC(C2)O3)ccc1Nc1ncc(Cl)c(-c2cnc3ccccn23)n1,Clc1c(-c2n3c(nc2)C=CC=C3)nc(Nc2c(OC)cc(N3CC4OC(CN(CCO)C4)C3)cc2)nc1,0,0,0,0,0,0,0
IGF-1R,P08069,seed_442,39,1.877354383468628,1.02,CC(C)n1nc(-c2ccc3oc(N)nc3c2)c2c(N)ncnc21,Nc1oc2c(n1)cc(-c1nn(C(C)C)c3ncnc(N)c13)cc2,1,0,0,0,0,0,0
IGF-1R,P08069,seed_442,40,1.8666493892669678,0.81,COc1cc2nccc(Oc3ccc(NC(=O)C4(C(=O)Nc5ccc(F)cc5)CC4)cc3)c2cc1OC,Fc1ccc(NC(=O)C2(C(=O)Nc3ccc(Oc4c5c(ncc4)cc(OC)c(OC)c5)cc3)CC2)cc1,0,0,0,0,0,0,0
IGF-1R,P08069,seed_442,41,1.8270803689956665,1.792436,CNC(=O)c1c(F)cccc1Nc1nc(Nc2cc3c(cc2OC)CCN3C(=O)CN(C)C)nc2[nH]ccc12,Fc1c(C(=O)NC)c(Nc2nc(Nc3c(OC)cc4c(N(C(=O)CN(C)C)CC4)c3)nc3[nH]ccc23)ccc1,0,0,0,0,0,0,0
IGF-1R,P08069,seed_442,42,1.7575639486312866,1.02,COc1cc(CCc2cc(NC(=O)c3ccc(N4C[C@@H](C)N[C@@H](C)C4)cc3)n[nH]2)cc(OC)c1,O=C(Nc1n[nH]c(CCc2cc(OC)cc(OC)c2)c1)c1ccc(N2C[C@@H](C)N[C@@H](C)C2)cc1,1,0,0,0,0,0,0
IGF-1R,P08069,seed_442,43,1.7547026872634888,1.11,Cc1cc(Nc2cc(N3CCN(C)CC3)nc(/C=C/c3ccccc3)n2)n[nH]1,N(c1nc(/C=C/c2ccccc2)nc(N2CCN(C)CC2)c1)c1n[nH]c(C)c1,1,0,0,0,0,0,0
IGF-1R,P08069,seed_442,44,1.7525548934936523,1.01,Nc1ncnc2c1c(-c1cnc3[nH]ccc3c1)nn2C1CCCC1,Nc1ncnc2n(C3CCCC3)nc(-c3cnc4[nH]ccc4c3)c12,1,0,0,0,0,0,0
IGF-1R,P08069,seed_442,45,1.7485699653625488,0.60000002,Cc1cc(Nc2cc(N3CCN(C)CC3)nc(Sc3ccc(NC(=O)C4CC4)cc3)n2)n[nH]1,S(c1nc(Nc2n[nH]c(C)c2)cc(N2CCN(C)CC2)n1)c1ccc(NC(=O)C2CC2)cc1,1,0,0,0,0,0,0
IGF-1R,P08069,seed_442,46,1.7434393167495728,1.17,Cc1nc(N)sc1-c1ccnc(Nc2ccc(N3CCOCC3)cc2)n1,N(c1nc(-c2c(C)nc(N)s2)ccn1)c1ccc(N2CCOCC2)cc1,1,0,0,0,0,0,0
IGF-1R,P08069,seed_442,47,1.7394979000091553,1.24,C=CC(=O)Nc1cccc(Sc2nc(Nc3ccc(N4CCN(C)CC4)cc3)ncc2Cl)c1,Clc1c(Sc2cc(NC(=O)C=C)ccc2)nc(Nc2ccc(N3CCN(C)CC3)cc2)nc1,1,0,0,0,0,0,0
IGF-1R,P08069,seed_442,48,1.7361721992492676,0.93000001,Cc1[nH]c(/C=C2\C(=O)Nc3ccc(S(=O)(=O)Cc4c(Cl)cccc4Cl)cc32)c(C)c1C(=O)N1CCC[C@@H]1CN1CCCC1,Clc1c(CS(=O)(=O)c2cc3/C(=C/c4c(C)c(C(=O)N5[C@@H](CN6CCCC6)CCC5)c(C)[nH]4)/C(=O)Nc3cc2)c(Cl)ccc1,0,0,0,0,0,0,0
IGF-1R,P08069,seed_442,49,1.7327921390533447,1.0700001,Nc1nc(Nc2ccc(S(N)(=O)=O)cc2)nn1C(=O)c1c(F)cccc1F,S(=O)(=O)(N)c1ccc(Nc2nn(C(=O)c3c(F)cccc3F)c(N)n2)cc1,1,0,0,0,0,0,0
IGF-1R,P08069,seed_442,50,1.7113823890686035,1.02,COc1cc(Nc2c(C#N)cnc3cc(OCCCN4CCN(C)CC4)c(OC)cc23)c(Cl)cc1Cl,Clc1c(OC)cc(Nc2c(C#N)cnc3c2cc(OC)c(OCCCN2CCN(C)CC2)c3)c(Cl)c1,0,0,0,0,0,0,0
IGF-1R,P08069,seed_442,51,1.7057520151138306,0.61978877,Nc1ncnc2c1c(-c1cccc(OCc3ccccc3)c1)cn2C1CC(CN2CCCC2)C1,O(Cc1ccccc1)c1cc(-c2c3c(N)ncnc3n(C3CC(CN4CCCC4)C3)c2)ccc1,0,0,0,0,0,0,0
IGF-1R,P08069,seed_442,52,1.685892105102539,1.5428754,CC(C)(C)c1cc(C=C(C#N)C#N)cc(Br)c1O,Brc1c(O)c(C(C)(C)C)cc(C=C(C#N)C#N)c1,1,0,0,0,0,0,0
IGF-1R,P08069,seed_442,53,1.6756606101989746,0.85000002,CCCS(=O)(=O)Nc1ccc(F)c(C(=O)c2c[nH]c3ncc(Cl)cc23)c1F,Clc1cnc2[nH]cc(C(=O)c3c(F)c(NS(=O)(=O)CCC)ccc3F)c2c1,1,0,0,0,0,0,0
IGF-1R,P08069,seed_442,54,1.6674294471740723,0.42887372,COc1ccc(N2CCN(C(=O)CN(C)C)CC2)cc1Nc1ncc(Cl)c(-c2cnc3ccccn23)n1,Clc1c(-c2n3c(nc2)C=CC=C3)nc(Nc2c(OC)ccc(N3CCN(C(=O)CN(C)C)CC3)c2)nc1,0,0,0,0,0,0,0
IGF-1R,P08069,seed_442,55,1.6367266178131104,1.04,CNC(=O)c1nn(C)c2c1C(C)(C)Cc1cnc(Nc3ccc(N4CCN(C)CC4)cc3)nc1-2,O=C(NC)c1nn(C)c-2c1C(C)(C)Cc1c-2nc(Nc2ccc(N3CCN(C)CC3)cc2)nc1,1,0,0,0,0,0,0
IGF-1R,P08069,seed_442,56,1.6344918012619019,0.41,CC(=O)NCC(=O)N1[C@@H]2CC[C@H]1c1ccc(Nc3ncc(C(F)(F)F)c(NC4CCC4)n3)cc12,FC(F)(F)c1c(NC2CCC2)nc(Nc2cc3[C@@H]4N(C(=O)CNC(=O)C)[C@H](c3cc2)CC4)nc1,1,0,0,0,0,0,0
IGF-1R,P08069,seed_442,57,1.6279243230819702,1.6900001,COc1cc(N2CCC(N3CCN(C)CC3)CC2)ccc1Nc1ncc(Cl)c(Nc2ccccc2S(=O)(=O)C(C)C)n1,Clc1c(Nc2c(S(=O)(=O)C(C)C)cccc2)nc(Nc2c(OC)cc(N3CCC(N4CCN(C)CC4)CC3)cc2)nc1,0,0,0,0,0,0,0
IGF-1R,P08069,seed_442,58,1.617046594619751,0.97000003,C=CC(=O)Nc1cccc(Oc2nc(Nc3ccc(N4CCN(C)CC4)cc3)ncc2Cl)c1,Clc1c(Oc2cc(NC(=O)C=C)ccc2)nc(Nc2ccc(N3CCN(C)CC3)cc2)nc1,1,0,0,0,0,0,0
IGF-1R,P08069,seed_442,59,1.6104624271392822,1.17,CN1CCN(c2cccc(Nc3nc4c(-c5ccc(S(C)(=O)=O)cc5)cccn4n3)c2)CC1,S(=O)(=O)(C)c1ccc(C=2c3n(nc(Nc4cc(N5CCN(C)CC5)ccc4)n3)C=CC=2)cc1,1,0,0,0,0,0,0
IGF-1R,P08069,seed_442,60,1.6033332347869873,0.73834068,Nc1ncnc2c1c(-c1cccc(OCc3ccccc3)c1)cn2C1CC(CN2CCC2)C1,O(Cc1ccccc1)c1cc(-c2c3c(N)ncnc3n(C3CC(CN4CCC4)C3)c2)ccc1,1,0,0,0,0,0,0
IGF-1R,P08069,seed_442,61,1.6006931066513062,1.47,CNC(=O)c1ccccc1Nc1nc(Nc2ccc(N3CCOCC3)cc2OC)ncc1Cl,Clc1c(Nc2c(C(=O)NC)cccc2)nc(Nc2c(OC)cc(N3CCOCC3)cc2)nc1,1,0,0,0,0,0,0
IGF-1R,P08069,seed_442,62,1.593333125114441,1.04,O=C(NCCCNc1nc(Nc2cccc(NC(=O)N3CCCC3)c2)ncc1I)c1cccs1,Ic1c(NCCCNC(=O)c2sccc2)nc(Nc2cc(NC(=O)N3CCCC3)ccc2)nc1,0,0,0,0,0,0,0
IGF-1R,P08069,seed_442,63,1.5881448984146118,0.94999999,Cc1[nH]c(/C=C2\C(=O)Nc3ccccc32)c(C)c1CCC(=O)O,O=C(O)CCc1c(C)c(/C=C/2\C(=O)Nc3c\2cccc3)[nH]c1C,1,0,0,0,0,0,0
IGF-1R,P08069,seed_442,64,1.5779266357421875,0.69,NC(=O)Nc1cc(-c2cccc(F)c2)sc1C(=O)N[C@H]1CCCNC1,Fc1cc(-c2sc(C(=O)N[C@@H]3CNCCC3)c(NC(=O)N)c2)ccc1,1,0,0,0,0,0,0
IGF-1R,P08069,seed_442,65,1.5294698476791382,0.81999999,CN1CCN(c2ccc3nc(-c4c(N)c5c(F)cccc5[nH]c4=O)[nH]c3c2)CC1,Fc1c2C(N)=C(c3[nH]c4c(n3)ccc(N3CCN(C)CC3)c4)C(=O)Nc2ccc1,1,0,0,0,0,0,0
IGF-1R,P08069,seed_442,66,1.5287328958511353,0.87047124,CNCC(=O)N1CCN(c2ccc(OC)c(Nc3ncc(Cl)c(-c4cnn5ccccc45)n3)c2)CC1,Clc1c(-c2c3n(nc2)C=CC=C3)nc(Nc2c(OC)ccc(N3CCN(C(=O)CNC)CC3)c2)nc1,0,0,0,0,0,0,0
IGF-1R,P08069,seed_442,67,1.5144436359405518,1.01,Cc1ccc(Nc2nccc(N(C)c3ccc4c(C)n(C)nc4c3)n2)cc1S(N)(=O)=O,S(=O)(=O)(N)c1c(C)ccc(Nc2nc(N(C)c3cc4nn(C)c(C)c4cc3)ccn2)c1,1,0,0,0,0,0,0
IGF-1R,P08069,seed_442,68,1.5121098756790161,0.89999998,COc1cc(Nc2ncc(F)c(Nc3ccc4c(n3)N(COP(=O)(O)O)C(=O)C(C)(C)O4)n2)cc(OC)c1OC,P(=O)(OCN1C(=O)C(C)(C)Oc2c1nc(Nc1c(F)cnc(Nc3cc(OC)c(OC)c(OC)c3)n1)cc2)(O)O,0,0,0,0,0,0,0
IGF-1R,P08069,seed_442,69,1.4797368049621582,0.77999997,COc1cc(Nc2ncc3c(n2)-c2ccc(Cl)cc2C(c2c(F)cccc2OC)=NC3)ccc1C(=O)O,Clc1cc2C(c3c(F)cccc3OC)=NCc3c(nc(Nc4cc(OC)c(C(=O)O)cc4)nc3)-c2cc1,0,0,0,0,0,0,0
IGF-1R,P08069,seed_442,70,1.4430217742919922,1.09,O=C(Nc1cccc(Nc2ncc(Br)c(NCCc3cnc[nH]3)n2)c1)N1CCCC1,Brc1c(NCCc2[nH]cnc2)nc(Nc2cc(NC(=O)N3CCCC3)ccc2)nc1,1,0,0,0,0,0,0
IGF-1R,P08069,seed_442,71,1.4159808158874512,0.83999997,O=C(O)c1ccc(Nc2ncc3c(n2)-c2ccc(Cl)cc2C(c2c(F)cccc2F)=NC3)cc1,Clc1cc2C(c3c(F)cccc3F)=NCc3c(nc(Nc4ccc(C(=O)O)cc4)nc3)-c2cc1,0,0,0,0,0,0,0
IGF-1R,P08069,seed_442,72,1.4131532907485962,1.0255574,CNCC(=O)N1CCN(c2ccc(Nc3ncc(F)c(-c4cnn5ccccc45)n3)c(OC)c2)CC1,Fc1c(-c2c3n(nc2)C=CC=C3)nc(Nc2c(OC)cc(N3CCN(C(=O)CNC)CC3)cc2)nc1,1,0,0,0,0,0,0
IGF-1R,P08069,seed_442,73,1.4051058292388916,1.03,C=CC(=O)Nc1cccc(Oc2nc(Nc3ccc(N4CCN(C)CC4)cc3OC)ncc2Cl)c1,Clc1c(Oc2cc(NC(=O)C=C)ccc2)nc(Nc2c(OC)cc(N3CCN(C)CC3)cc2)nc1,1,0,0,0,0,0,0
IGF-1R,P08069,seed_442,74,1.404128909111023,0.86000001,CCOc1cc2ncc(C#N)c(Nc3ccc(OCc4ccccn4)c(Cl)c3)c2cc1NC(=O)/C=C/CN(C)C,Clc1c(OCc2ncccc2)ccc(Nc2c(C#N)cnc3c2cc(NC(=O)/C=C/CN(C)C)c(OCC)c3)c1,0,0,0,0,0,0,0
IGF-1R,P08069,seed_442,75,1.3908251523971558,0.94,CCN(CC)CCNC(=O)c1c(C)[nH]c(/C=C2\C(=O)Nc3ccc(F)cc32)c1C,Fc1cc2/C(=C/c3c(C)c(C(=O)NCCN(CC)CC)c(C)[nH]3)/C(=O)Nc2cc1,1,0,0,0,0,0,0
IGF-1R,P08069,seed_442,76,1.2841391563415527,1.16,CN(c1ncccc1CNc1nc(Nc2ccc3c(c2)CC(=O)N3)ncc1C(F)(F)F)S(C)(=O)=O,S(=O)(=O)(N(C)c1c(CNc2c(C(F)(F)F)cnc(Nc3cc4c(NC(=O)C4)cc3)n2)cccn1)C,0,0,0,0,0,0,0
IGF-1R,P08069,seed_442,77,1.2826143503189087,0.89999998,O=C(c1ccc(/C=C/c2n[nH]c3ccccc23)cc1)N1CCNCC1,O=C(N1CCNCC1)c1ccc(/C=C/c2n[nH]c3c2cccc3)cc1,1,0,0,0,0,0,0
IGF-1R,P08069,seed_442,78,1.2570198774337769,0.96193647,COc1ccc(NC(=O)CN(C)C)cc1Nc1ncc(Cl)c(-c2cnc3c(F)cccn23)n1,Clc1c(-c2n3c(C(F)=CC=C3)nc2)nc(Nc2c(OC)ccc(NC(=O)CN(C)C)c2)nc1,1,0,0,0,0,0,0
IGF-1R,P08069,seed_442,79,1.2402067184448242,0.63999999,COc1cc(Nc2ncc(F)c(Nc3ccc4c(n3)NC(=O)C(C)(C)O4)n2)cc(OC)c1OC,Fc1c(Nc2nc3NC(=O)C(C)(C)Oc3cc2)nc(Nc2cc(OC)c(OC)c(OC)c2)nc1,1,0,0,0,0,0,0
IGF-1R,P08069,seed_442,80,1.1943042278289795,0.84572822,COc1cc(N2CCNCC2)ccc1Nc1ncc(C)c(-c2cnn3ccccc23)n1,O(C)c1c(Nc2nc(c(C)cn2)-c2c3n(nc2)C=CC=C3)ccc(N2CCNCC2)c1,1,0,0,0,0,0,0
IGF-1R,P08069,seed_442,81,0.9336198568344116,0.48932096,COc1ccc(N2CCNCC2)cc1Nc1ncc(C)c(-c2cnn3ccccc23)n1,O(C)c1c(Nc2nc(c(C)cn2)-c2c3n(nc2)C=CC=C3)cc(N2CCNCC2)cc1,1,0,0,0,0,0,0
IGF-1R,P08069,ensemble,1,3.2189154624938965,3.0707514,CNc1cc(CN2C(=O)N(c3ccc(SC(F)(F)F)cc3)C(=O)C2(C)C)ccn1,S(C(F)(F)F)c1ccc(N2C(=O)N(Cc3cc(NC)ncc3)C(C)(C)C2=O)cc1,1,1,1,1,1,1,1
IGF-1R,P08069,ensemble,2,3.1612390518188476,3.6944337,COc1cc(-c2ccccc2)nc2cc(-c3nc(C4CC(C)(O)C4)n4ccnc(N)c34)ccc12,O(C)c1c2c(nc(-c3ccccc3)c1)cc(-c1nc(C3CC(O)(C)C3)n3c1C(N)=NC=C3)cc2,1,1,1,1,1,1,1
IGF-1R,P08069,ensemble,3,3.1088726043701174,3.1547468,CC(C)Oc1cc(-c2ccccc2)nc2cc(-c3nc(C4CC(C)(O)C4)n4ccnc(N)c34)ccc12,O(C(C)C)c1c2c(nc(-c3ccccc3)c1)cc(-c1nc(C3CC(O)(C)C3)n3c1C(N)=NC=C3)cc2,0,1,1,1,1,1,1
IGF-1R,P08069,ensemble,4,3.089022922515869,2.6073351,CC1C(=O)N(c2ccc(S(=O)(=O)C(F)(F)F)cc2)C(=O)N1Cc1ccnc2ccccc12,S(=O)(=O)(C(F)(F)F)c1ccc(N2C(=O)N(Cc3c4c(ncc3)cccc4)C(C)C2=O)cc1,1,0,1,1,0,1,1
IGF-1R,P08069,ensemble,5,3.066423463821411,2.2483361,CC1C(=O)N(c2ccc(SC(F)(F)F)cc2)C(=O)N1Cc1ccnc2ccccc12,S(C(F)(F)F)c1ccc(N2C(=O)N(Cc3c4c(ncc3)cccc4)C(C)C2=O)cc1,0,0,1,1,0,0,1
IGF-1R,P08069,ensemble,6,2.861159563064575,1.8648673,CC1(C)C(=O)N(c2ccc(SC(F)(F)F)cc2)C(=O)N1Cc1ccnc(F)c1,S(C(F)(F)F)c1ccc(N2C(=O)N(Cc3cc(F)ncc3)C(C)(C)C2=O)cc1,1,0,0,1,0,0,1
IGF-1R,P08069,ensemble,7,2.8548465251922606,1.9118639,Cc1cc(N2CCOCC2)cc2[nH]c(-c3c(NCC(O)c4cccc(Cl)c4)cc[nH]c3=O)nc12,Clc1cc(C(O)CNC2=C(c3[nH]c4c(c(C)cc(N5CCOCC5)c4)n3)C(=O)NC=C2)ccc1,1,0,0,1,0,0,1
IGF-1R,P08069,ensemble,8,2.6186206340789795,1.8099999,CNC(=O)c1cc(Oc2ccc(NC(=O)Nc3cc(C(C)(C)C)nn3-c3ccc4ncccc4c3)c(F)c2)ccn1,Fc1c(NC(=O)Nc2n(-c3cc4c(nccc4)cc3)nc(C(C)(C)C)c2)ccc(Oc2cc(C(=O)NC)ncc2)c1,0,0,0,1,0,0,0
IGF-1R,P08069,ensemble,9,2.5514790058135985,0.73000002,COc1cc2c(Oc3ccc(NC(=O)C4(C(=O)Nc5ccc(F)cc5)CC4)cc3F)ccnc2cc1OCCCN1CCOCC1,Fc1c(Oc2c3c(ncc2)cc(OCCCN2CCOCC2)c(OC)c3)ccc(NC(=O)C2(C(=O)Nc3ccc(F)cc3)CC2)c1,0,0,0,1,0,0,0
IGF-1R,P08069,ensemble,10,2.504959964752197,1.04,CCS(=O)(=O)c1cccc(-c2cc(C(=O)NC3CCN(C)CC3)c(C)c3[nH]c4ncc(C)cc4c23)c1,S(=O)(=O)(CC)c1cc(-c2c3c(c(C)c(C(=O)NC4CCN(C)CC4)c2)[nH]c2ncc(C)cc32)ccc1,0,0,0,1,0,0,0
IGF-1R,P08069,ensemble,11,2.4230868339538576,2.5,CS(=O)(=O)N1CCN(Cc2cc3nc(-c4cccc5[nH]ncc45)nc(N4CCOCC4)c3s2)CC1,S(=O)(=O)(C)N1CCN(Cc2sc3c(N4CCOCC4)nc(-c4c5c([nH]nc5)ccc4)nc3c2)CC1,0,0,0,0,0,0,1
IGF-1R,P08069,ensemble,12,2.4193235874176025,0.98000002,O=C(O)C1(Cc2cccc(Nc3nccs3)n2)CCC(Oc2cccc(Cl)c2F)CC1,Clc1c(F)c(OC2CCC(C(=O)O)(Cc3nc(Nc4sccn4)ccc3)CC2)ccc1,0,0,0,0,0,0,0
IGF-1R,P08069,ensemble,13,2.352896213531494,2.3560541,CC1(O)CC(c2nc(-c3ccc4ccc(-c5ccccc5)nc4c3)c3c(N)nccn23)C1,OC1(C)CC(c2n3c(c(-c4cc5nc(-c6ccccc6)ccc5cc4)n2)C(N)=NC=C3)C1,1,0,0,0,0,0,1
IGF-1R,P08069,ensemble,14,2.351235008239746,0.87,Cc1ccc(F)c(NC(=O)Nc2ccc(-c3cccc4[nH]nc(N)c34)cc2)c1,Fc1c(NC(=O)Nc2ccc(-c3c4c(N)n[nH]c4ccc3)cc2)cc(C)cc1,1,0,0,0,0,0,0
IGF-1R,P08069,ensemble,15,2.3479256629943848,1.3099999,Cn1c(=O)n(-c2ccc(C(C)(C)C#N)cc2)c2c3cc(-c4cnc5ccccc5c4)ccc3ncc21,O=C1N(C)c2c(N1c1ccc(C(C#N)(C)C)cc1)c1c(nc2)ccc(-c2cnc3c(c2)cccc3)c1,0,0,0,0,0,0,0
IGF-1R,P08069,ensemble,16,2.3089331150054933,0.81999999,COC(=O)c1ccc2c(c1)NC(=O)/C2=C(\Nc1ccc(N(C)C(=O)CN2CCN(C)CC2)cc1)c1ccccc1,O=C(N(C)c1ccc(N/C(/c2ccccc2)=C/2\C(=O)Nc3c\2ccc(C(=O)OC)c3)cc1)CN1CCN(C)CC1,0,0,0,0,0,0,0
IGF-1R,P08069,ensemble,17,2.2447245597839354,1.25,Cc1cc(Nc2cc(CN3CCOCC3)c3nc(C)c(Cc4ccc(Cl)cc4F)n3n2)n[nH]1,Clc1cc(F)c(Cc2c(C)nc3C(CN4CCOCC4)=CC(Nc4n[nH]c(C)c4)=Nn23)cc1,1,0,0,0,0,0,0
IGF-1R,P08069,ensemble,18,2.2419825553894044,1.25,Cc1c(CN2CCN(C(=O)[C@H](C)O)CC2)sc2c(N3CCOCC3)nc(-c3cnc(N)nc3)nc12,O=C([C@@H](O)C)N1CCN(Cc2c(C)c3nc(-c4cnc(N)nc4)nc(N4CCOCC4)c3s2)CC1,1,0,0,0,0,0,0
IGF-1R,P08069,ensemble,19,2.237586832046509,2.7941194,CC1(C(=O)Nc2ccc(F)nc2)CCCN1c1nc(Nc2cc(C3CC3)n[nH]2)c2cccn2n1,Fc1ncc(NC(=O)C2(C)N(C=3N=C(Nc4[nH]nc(C5CC5)c4)c4n(N=3)ccc4)CCC2)cc1,1,0,0,0,0,1,1
IGF-1R,P08069,ensemble,20,2.2307674646377564,1.1799999,COc1cc2c(Nc3ccc(NC(=O)c4ccccc4)cc3)ncnc2cc1OCCCN1CCOCC1,O=C(Nc1ccc(Nc2ncnc3c2cc(OC)c(OCCCN2CCOCC2)c3)cc1)c1ccccc1,0,0,0,0,0,0,0
IGF-1R,P08069,ensemble,21,2.2234461545944213,0.62,Cc1cnc(Nc2ccc(OCCN3CCCC3)cc2)nc1Nc1cccc(S(=O)(=O)NC(C)(C)C)c1,S(=O)(=O)(NC(C)(C)C)c1cc(Nc2c(C)cnc(Nc3ccc(OCCN4CCCC4)cc3)n2)ccc1,0,0,0,0,0,0,0
IGF-1R,P08069,ensemble,22,2.201731967926025,0.5,CCN1CCN(c2ccc(Nc3cc(N(C)C(=O)Nc4c(Cl)c(OC)cc(OC)c4Cl)ncn3)cc2)CC1,Clc1c(NC(=O)N(C)c2ncnc(Nc3ccc(N4CCN(CC)CC4)cc3)c2)c(Cl)c(OC)cc1OC,0,0,0,0,0,0,0
IGF-1R,P08069,ensemble,23,2.1968210458755495,0.81,COc1cc2nccc(Oc3ccc(NC(=O)C4(C(=O)Nc5ccc(F)cc5)CC4)cc3)c2cc1OC,Fc1ccc(NC(=O)C2(C(=O)Nc3ccc(Oc4c5c(ncc4)cc(OC)c(OC)c5)cc3)CC2)cc1,0,0,0,0,0,0,0
IGF-1R,P08069,ensemble,24,2.1754554271698,1.2986047,COc1cc2c(cc1Nc1ncc(C)c(-c3cnn4ccccc34)n1)N(C(=O)CN(C)C)CC2,O=C(CN(C)C)N1c2c(cc(OC)c(Nc3nc(c(C)cn3)-c3c4n(nc3)C=CC=C4)c2)CC1,1,0,0,0,0,0,0
IGF-1R,P08069,ensemble,25,2.165201473236084,0.73000002,CCn1cc(-c2ccnc3[nH]c(-c4cccc(CN(C)C)c4)cc23)c(-c2ccc(NC(=O)N(C)C)cc2)n1,O=C(N(C)C)Nc1ccc(-c2c(-c3c4c([nH]c(-c5cc(CN(C)C)ccc5)c4)ncc3)cn(CC)n2)cc1,0,0,0,0,0,0,0
IGF-1R,P08069,ensemble,26,2.1624728202819825,1.4,CNC1CC2OC(C)(C1OC)n1c3ccccc3c3c4c(c5c6ccccc6n2c5c31)C(=O)NC4,O=C1NCc2c3c4n(C5(C)C(OC)C(NC)CC(O5)n5c4c(c4c5cccc4)c12)c1c3cccc1,1,0,0,0,0,0,0
IGF-1R,P08069,ensemble,27,2.1624728202819825,0.60000002,CN[C@@H]1C[C@H]2O[C@@](C)([C@@H]1OC)n1c3ccccc3c3c4c(c5c6ccccc6n2c5c31)C(=O)NC4,O(C)[C@@H]1[C@H](NC)C[C@H]2O[C@]1(C)n1c3c4n2c2c(c4c4C(=O)NCc4c3c3c1cccc3)cccc2,1,0,0,0,0,0,0
IGF-1R,P08069,ensemble,28,2.138055610656738,0.75,Cc1cc(Nc2nc(N[C@@H](C)c3ccc(F)cc3)c(C#N)cc2F)n[nH]1,Fc1c(Nc2n[nH]c(C)c2)nc(N[C@@H](C)c2ccc(F)cc2)c(C#N)c1,1,0,0,0,0,0,0
IGF-1R,P08069,ensemble,29,2.0989550828933714,1.3657748,COc1cc2c(cc1Nc1ncc(Cl)c(-c3cnn4ccccc34)n1)N(C(C)=O)CC2,Clc1c(-c2c3n(nc2)C=CC=C3)nc(Nc2c(OC)cc3c(N(C(=O)C)CC3)c2)nc1,1,0,0,0,0,0,0
IGF-1R,P08069,ensemble,30,2.0904651403427126,1.792436,CNC(=O)c1c(F)cccc1Nc1nc(Nc2cc3c(cc2OC)CCN3C(=O)CN(C)C)nc2[nH]ccc12,Fc1c(C(=O)NC)c(Nc2nc(Nc3c(OC)cc4c(N(C(=O)CN(C)C)CC4)c3)nc3[nH]ccc23)ccc1,0,0,0,0,0,0,0
IGF-1R,P08069,ensemble,31,2.083818030357361,1.2,CCS(=O)(=O)Nc1ccc2c(c1)/C(=C(/Nc1ccc(CN3CCCCC3)cc1)c1ccccc1)C(=O)N2,S(=O)(=O)(Nc1cc2/C(=C(/Nc3ccc(CN4CCCCC4)cc3)\c3ccccc3)/C(=O)Nc2cc1)CC,0,0,0,0,0,0,0
IGF-1R,P08069,ensemble,32,2.0807269334793093,1.27,Fc1cc(-c2cccc3ncc(-c4cnn(C5CCNCC5)c4)nc23)cc(F)c1CN1CCOCC1,Fc1c(CN2CCOCC2)c(F)cc(-c2c3nc(-c4cn(C5CCNCC5)nc4)cnc3ccc2)c1,1,0,0,0,0,0,0
IGF-1R,P08069,ensemble,33,2.0799694538116453,1.2878134,CNCC(=O)N1CCC(c2ccc(Nc3ncc(Cl)c(-c4cnc5ccccn45)n3)c(OC)c2)CC1,Clc1c(-c2n3c(nc2)C=CC=C3)nc(Nc2c(OC)cc(C3CCN(C(=O)CNC)CC3)cc2)nc1,0,0,0,0,0,0,0
IGF-1R,P08069,ensemble,34,2.0795677661895753,1.29,CC(C)(C)c1nc(-c2cccc(NS(=O)(=O)c3c(F)cccc3F)c2F)c(-c2ccnc(N)n2)s1,S(=O)(=O)(Nc1c(F)c(-c2c(-c3nc(N)ncc3)sc(C(C)(C)C)n2)ccc1)c1c(F)cccc1F,0,0,0,0,0,0,0
IGF-1R,P08069,ensemble,35,2.0465102434158324,0.92000002,O=C(Nc1c[nH]nc1-c1nc2cc(CN3CCOCC3)ccc2[nH]1)NC1CC1,O=C(Nc1c(-c2[nH]c3c(n2)cc(CN2CCOCC2)cc3)n[nH]c1)NC1CC1,1,0,0,0,0,0,0
IGF-1R,P08069,ensemble,36,2.0411049127578735,1.02,COc1cc(Nc2c(C#N)cnc3cc(OCCCN4CCN(C)CC4)c(OC)cc23)c(Cl)cc1Cl,Clc1c(OC)cc(Nc2c(C#N)cnc3c2cc(OC)c(OCCCN2CCN(C)CC2)c3)c(Cl)c1,0,0,0,0,0,0,0
IGF-1R,P08069,ensemble,37,2.0392852306365965,0.71556926,COc1cc(N2CC3CN(CCO)CC(C2)O3)ccc1Nc1ncc(Cl)c(-c2cnc3ccccn23)n1,Clc1c(-c2n3c(nc2)C=CC=C3)nc(Nc2c(OC)cc(N3CC4OC(CN(CCO)C4)C3)cc2)nc1,0,0,0,0,0,0,0
IGF-1R,P08069,ensemble,38,2.036707639694214,1.13,Cc1cc(C)c(/C=C2\C(=O)Nc3ccccc32)[nH]1,O=C1/C(=C\c2c(C)cc(C)[nH]2)/c2c(N1)cccc2,1,0,0,0,0,0,0
IGF-1R,P08069,ensemble,39,2.0321269273757934,1.04,O=C(NCCCNc1nc(Nc2cccc(NC(=O)N3CCCC3)c2)ncc1I)c1cccs1,Ic1c(NCCCNC(=O)c2sccc2)nc(Nc2cc(NC(=O)N3CCCC3)ccc2)nc1,0,0,0,0,0,0,0
IGF-1R,P08069,ensemble,40,2.0309985399246218,1.02,CC(C)n1nc(-c2ccc3oc(N)nc3c2)c2c(N)ncnc21,Nc1oc2c(n1)cc(-c1nn(C(C)C)c3ncnc(N)c13)cc2,1,0,0,0,0,0,0
IGF-1R,P08069,ensemble,41,1.9821274280548096,1.01,Nc1ncnc2c1c(-c1cnc3[nH]ccc3c1)nn2C1CCCC1,Nc1ncnc2n(C3CCCC3)nc(-c3cnc4[nH]ccc4c3)c12,1,0,0,0,0,0,0
IGF-1R,P08069,ensemble,42,1.9695329666137695,1.6900001,COc1cc(N2CCC(N3CCN(C)CC3)CC2)ccc1Nc1ncc(Cl)c(Nc2ccccc2S(=O)(=O)C(C)C)n1,Clc1c(Nc2c(S(=O)(=O)C(C)C)cccc2)nc(Nc2c(OC)cc(N3CCC(N4CCN(C)CC4)CC3)cc2)nc1,0,0,0,0,0,0,0
IGF-1R,P08069,ensemble,43,1.9676887273788453,0.83999997,NC(=O)Nc1sc(-c2ccc(F)cc2)cc1C(N)=O,Fc1ccc(-c2sc(NC(=O)N)c(C(=O)N)c2)cc1,1,0,0,0,0,0,0
IGF-1R,P08069,ensemble,44,1.96093647480011,0.42887372,COc1ccc(N2CCN(C(=O)CN(C)C)CC2)cc1Nc1ncc(Cl)c(-c2cnc3ccccn23)n1,Clc1c(-c2n3c(nc2)C=CC=C3)nc(Nc2c(OC)ccc(N3CCN(C(=O)CN(C)C)CC3)c2)nc1,0,0,0,0,0,0,0
IGF-1R,P08069,ensemble,45,1.959485650062561,0.79000002,Cc1cnc(Nc2ccc(N3CCN(C)CC3)cc2)nc1Nc1cccc(S(=O)(=O)NC(C)(C)C)c1,S(=O)(=O)(NC(C)(C)C)c1cc(Nc2c(C)cnc(Nc3ccc(N4CCN(C)CC4)cc3)n2)ccc1,0,0,0,0,0,0,0
IGF-1R,P08069,ensemble,46,1.9537655353546142,0.93000001,Cc1[nH]c(/C=C2\C(=O)Nc3ccc(S(=O)(=O)Cc4c(Cl)cccc4Cl)cc32)c(C)c1C(=O)N1CCC[C@@H]1CN1CCCC1,Clc1c(CS(=O)(=O)c2cc3/C(=C/c4c(C)c(C(=O)N5[C@@H](CN6CCCC6)CCC5)c(C)[nH]4)/C(=O)Nc3cc2)c(Cl)ccc1,0,0,0,0,0,0,0
IGF-1R,P08069,ensemble,47,1.9301335573196412,1.24,C=CC(=O)Nc1cccc(Sc2nc(Nc3ccc(N4CCN(C)CC4)cc3)ncc2Cl)c1,Clc1c(Sc2cc(NC(=O)C=C)ccc2)nc(Nc2ccc(N3CCN(C)CC3)cc2)nc1,1,0,0,0,0,0,0
IGF-1R,P08069,ensemble,48,1.9086180686950684,1.11,Cc1cc(Nc2cc(N3CCN(C)CC3)nc(/C=C/c3ccccc3)n2)n[nH]1,N(c1nc(/C=C/c2ccccc2)nc(N2CCN(C)CC2)c1)c1n[nH]c(C)c1,1,0,0,0,0,0,0
IGF-1R,P08069,ensemble,49,1.9058259010314942,1.13,Cc1ccc([N+](=O)[O-])cc1S(=O)(=O)N(C)/N=C/c1cnc2ccc(Br)cn12,BrC1=Cn2c(/C=N/N(S(=O)(=O)c3c(C)ccc([N+](=O)[O-])c3)C)cnc2C=C1,1,0,0,0,0,0,0
IGF-1R,P08069,ensemble,50,1.8910091876983643,0.41,CC(=O)NCC(=O)N1[C@@H]2CC[C@H]1c1ccc(Nc3ncc(C(F)(F)F)c(NC4CCC4)n3)cc12,FC(F)(F)c1c(NC2CCC2)nc(Nc2cc3[C@@H]4N(C(=O)CNC(=O)C)[C@H](c3cc2)CC4)nc1,1,0,0,0,0,0,0
IGF-1R,P08069,ensemble,51,1.8583548307418822,0.69,NC(=O)Nc1cc(-c2cccc(F)c2)sc1C(=O)N[C@H]1CCCNC1,Fc1cc(-c2sc(C(=O)N[C@@H]3CNCCC3)c(NC(=O)N)c2)ccc1,1,0,0,0,0,0,0
IGF-1R,P08069,ensemble,52,1.854245376586914,1.5428754,CC(C)(C)c1cc(C=C(C#N)C#N)cc(Br)c1O,Brc1c(O)c(C(C)(C)C)cc(C=C(C#N)C#N)c1,1,0,0,0,0,0,0
IGF-1R,P08069,ensemble,53,1.8235257625579835,1.17,Cc1nc(N)sc1-c1ccnc(Nc2ccc(N3CCOCC3)cc2)n1,N(c1nc(-c2c(C)nc(N)s2)ccn1)c1ccc(N2CCOCC2)cc1,1,0,0,0,0,0,0
IGF-1R,P08069,ensemble,54,1.8207539558410644,0.61978877,Nc1ncnc2c1c(-c1cccc(OCc3ccccc3)c1)cn2C1CC(CN2CCCC2)C1,O(Cc1ccccc1)c1cc(-c2c3c(N)ncnc3n(C3CC(CN4CCCC4)C3)c2)ccc1,0,0,0,0,0,0,0
IGF-1R,P08069,ensemble,55,1.7910339832305908,1.0700001,Nc1nc(Nc2ccc(S(N)(=O)=O)cc2)nn1C(=O)c1c(F)cccc1F,S(=O)(=O)(N)c1ccc(Nc2nn(C(=O)c3c(F)cccc3F)c(N)n2)cc1,1,0,0,0,0,0,0
IGF-1R,P08069,ensemble,56,1.7892208576202393,1.03,C=CC(=O)Nc1cccc(Oc2nc(Nc3ccc(N4CCN(C)CC4)cc3OC)ncc2Cl)c1,Clc1c(Oc2cc(NC(=O)C=C)ccc2)nc(Nc2c(OC)cc(N3CCN(C)CC3)cc2)nc1,1,0,0,0,0,0,0
IGF-1R,P08069,ensemble,57,1.7877922534942627,0.73834068,Nc1ncnc2c1c(-c1cccc(OCc3ccccc3)c1)cn2C1CC(CN2CCC2)C1,O(Cc1ccccc1)c1cc(-c2c3c(N)ncnc3n(C3CC(CN4CCC4)C3)c2)ccc1,1,0,0,0,0,0,0
IGF-1R,P08069,ensemble,58,1.7812689542770386,0.81999999,CN1CCN(c2ccc3nc(-c4c(N)c5c(F)cccc5[nH]c4=O)[nH]c3c2)CC1,Fc1c2C(N)=C(c3[nH]c4c(n3)ccc(N3CCN(C)CC3)c4)C(=O)Nc2ccc1,1,0,0,0,0,0,0
IGF-1R,P08069,ensemble,59,1.7654775142669679,0.85000002,CCCS(=O)(=O)Nc1ccc(F)c(C(=O)c2c[nH]c3ncc(Cl)cc23)c1F,Clc1cnc2[nH]cc(C(=O)c3c(F)c(NS(=O)(=O)CCC)ccc3F)c2c1,1,0,0,0,0,0,0
IGF-1R,P08069,ensemble,60,1.7592859745025635,1.47,CNC(=O)c1ccccc1Nc1nc(Nc2ccc(N3CCOCC3)cc2OC)ncc1Cl,Clc1c(Nc2c(C(=O)NC)cccc2)nc(Nc2c(OC)cc(N3CCOCC3)cc2)nc1,1,0,0,0,0,0,0
IGF-1R,P08069,ensemble,61,1.7532284259796143,0.77999997,COc1cc(Nc2ncc3c(n2)-c2ccc(Cl)cc2C(c2c(F)cccc2OC)=NC3)ccc1C(=O)O,Clc1cc2C(c3c(F)cccc3OC)=NCc3c(nc(Nc4cc(OC)c(C(=O)O)cc4)nc3)-c2cc1,0,0,0,0,0,0,0
IGF-1R,P08069,ensemble,62,1.7496726512908936,0.97000003,C=CC(=O)Nc1cccc(Oc2nc(Nc3ccc(N4CCN(C)CC4)cc3)ncc2Cl)c1,Clc1c(Oc2cc(NC(=O)C=C)ccc2)nc(Nc2ccc(N3CCN(C)CC3)cc2)nc1,1,0,0,0,0,0,0
IGF-1R,P08069,ensemble,63,1.7438923120498657,1.02,COc1cc(CCc2cc(NC(=O)c3ccc(N4C[C@@H](C)N[C@@H](C)C4)cc3)n[nH]2)cc(OC)c1,O=C(Nc1n[nH]c(CCc2cc(OC)cc(OC)c2)c1)c1ccc(N2C[C@@H](C)N[C@@H](C)C2)cc1,1,0,0,0,0,0,0
IGF-1R,P08069,ensemble,64,1.7228003025054932,0.60000002,Cc1cc(Nc2cc(N3CCN(C)CC3)nc(Sc3ccc(NC(=O)C4CC4)cc3)n2)n[nH]1,S(c1nc(Nc2n[nH]c(C)c2)cc(N2CCN(C)CC2)n1)c1ccc(NC(=O)C2CC2)cc1,1,0,0,0,0,0,0
IGF-1R,P08069,ensemble,65,1.6898513555526733,1.04,CNC(=O)c1nn(C)c2c1C(C)(C)Cc1cnc(Nc3ccc(N4CCN(C)CC4)cc3)nc1-2,O=C(NC)c1nn(C)c-2c1C(C)(C)Cc1c-2nc(Nc2ccc(N3CCN(C)CC3)cc2)nc1,1,0,0,0,0,0,0
IGF-1R,P08069,ensemble,66,1.6880764722824098,1.17,CN1CCN(c2cccc(Nc3nc4c(-c5ccc(S(C)(=O)=O)cc5)cccn4n3)c2)CC1,S(=O)(=O)(C)c1ccc(C=2c3n(nc(Nc4cc(N5CCN(C)CC5)ccc4)n3)C=CC=2)cc1,1,0,0,0,0,0,0
IGF-1R,P08069,ensemble,67,1.678915810585022,0.83999997,O=C(O)c1ccc(Nc2ncc3c(n2)-c2ccc(Cl)cc2C(c2c(F)cccc2F)=NC3)cc1,Clc1cc2C(c3c(F)cccc3F)=NCc3c(nc(Nc4ccc(C(=O)O)cc4)nc3)-c2cc1,0,0,0,0,0,0,0
IGF-1R,P08069,ensemble,68,1.6717087745666503,0.89999998,COc1cc(Nc2ncc(F)c(Nc3ccc4c(n3)N(COP(=O)(O)O)C(=O)C(C)(C)O4)n2)cc(OC)c1OC,P(=O)(OCN1C(=O)C(C)(C)Oc2c1nc(Nc1c(F)cnc(Nc3cc(OC)c(OC)c(OC)c3)n1)cc2)(O)O,0,0,0,0,0,0,0
IGF-1R,P08069,ensemble,69,1.6363966941833497,1.01,Cc1ccc(Nc2nccc(N(C)c3ccc4c(C)n(C)nc4c3)n2)cc1S(N)(=O)=O,S(=O)(=O)(N)c1c(C)ccc(Nc2nc(N(C)c3cc4nn(C)c(C)c4cc3)ccn2)c1,1,0,0,0,0,0,0
IGF-1R,P08069,ensemble,70,1.6283427715301513,0.94999999,Cc1[nH]c(/C=C2\C(=O)Nc3ccccc32)c(C)c1CCC(=O)O,O=C(O)CCc1c(C)c(/C=C/2\C(=O)Nc3c\2cccc3)[nH]c1C,1,0,0,0,0,0,0
IGF-1R,P08069,ensemble,71,1.6279247283935547,1.09,O=C(Nc1cccc(Nc2ncc(Br)c(NCCc3cnc[nH]3)n2)c1)N1CCCC1,Brc1c(NCCc2[nH]cnc2)nc(Nc2cc(NC(=O)N3CCCC3)ccc2)nc1,1,0,0,0,0,0,0
IGF-1R,P08069,ensemble,72,1.6051759719848633,1.16,CN(c1ncccc1CNc1nc(Nc2ccc3c(c2)CC(=O)N3)ncc1C(F)(F)F)S(C)(=O)=O,S(=O)(=O)(N(C)c1c(CNc2c(C(F)(F)F)cnc(Nc3cc4c(NC(=O)C4)cc3)n2)cccn1)C,0,0,0,0,0,0,0
IGF-1R,P08069,ensemble,73,1.6012582540512086,0.87047124,CNCC(=O)N1CCN(c2ccc(OC)c(Nc3ncc(Cl)c(-c4cnn5ccccc45)n3)c2)CC1,Clc1c(-c2c3n(nc2)C=CC=C3)nc(Nc2c(OC)ccc(N3CCN(C(=O)CNC)CC3)c2)nc1,0,0,0,0,0,0,0
IGF-1R,P08069,ensemble,74,1.5646538019180298,0.96193647,COc1ccc(NC(=O)CN(C)C)cc1Nc1ncc(Cl)c(-c2cnc3c(F)cccn23)n1,Clc1c(-c2n3c(C(F)=CC=C3)nc2)nc(Nc2c(OC)ccc(NC(=O)CN(C)C)c2)nc1,1,0,0,0,0,0,0
IGF-1R,P08069,ensemble,75,1.5636420249938965,0.94,CCN(CC)CCNC(=O)c1c(C)[nH]c(/C=C2\C(=O)Nc3ccc(F)cc32)c1C,Fc1cc2/C(=C/c3c(C)c(C(=O)NCCN(CC)CC)c(C)[nH]3)/C(=O)Nc2cc1,1,0,0,0,0,0,0
IGF-1R,P08069,ensemble,76,1.54504075050354,1.0255574,CNCC(=O)N1CCN(c2ccc(Nc3ncc(F)c(-c4cnn5ccccc45)n3)c(OC)c2)CC1,Fc1c(-c2c3n(nc2)C=CC=C3)nc(Nc2c(OC)cc(N3CCN(C(=O)CNC)CC3)cc2)nc1,1,0,0,0,0,0,0
IGF-1R,P08069,ensemble,77,1.514284110069275,0.86000001,CCOc1cc2ncc(C#N)c(Nc3ccc(OCc4ccccn4)c(Cl)c3)c2cc1NC(=O)/C=C/CN(C)C,Clc1c(OCc2ncccc2)ccc(Nc2c(C#N)cnc3c2cc(NC(=O)/C=C/CN(C)C)c(OCC)c3)c1,0,0,0,0,0,0,0
IGF-1R,P08069,ensemble,78,1.4778593063354493,0.89999998,O=C(c1ccc(/C=C/c2n[nH]c3ccccc23)cc1)N1CCNCC1,O=C(N1CCNCC1)c1ccc(/C=C/c2n[nH]c3c2cccc3)cc1,1,0,0,0,0,0,0
IGF-1R,P08069,ensemble,79,1.4538589477539063,0.63999999,COc1cc(Nc2ncc(F)c(Nc3ccc4c(n3)NC(=O)C(C)(C)O4)n2)cc(OC)c1OC,Fc1c(Nc2nc3NC(=O)C(C)(C)Oc3cc2)nc(Nc2cc(OC)c(OC)c(OC)c2)nc1,1,0,0,0,0,0,0
IGF-1R,P08069,ensemble,80,1.3180553197860718,0.84572822,COc1cc(N2CCNCC2)ccc1Nc1ncc(C)c(-c2cnn3ccccc23)n1,O(C)c1c(Nc2nc(c(C)cn2)-c2c3n(nc2)C=CC=C3)ccc(N2CCNCC2)c1,1,0,0,0,0,0,0
IGF-1R,P08069,ensemble,81,1.045116698741913,0.48932096,COc1ccc(N2CCNCC2)cc1Nc1ncc(C)c(-c2cnn3ccccc23)n1,O(C)c1c(Nc2nc(c(C)cn2)-c2c3n(nc2)C=CC=C3)cc(N2CCNCC2)cc1,1,0,0,0,0,0,0
HSP90alpha,P07900,seed_42,1,3.6162497997283936,4.1490474,O=C(NC1c2ccccc2-c2c(-c3nc4cnccc4[nH]3)cccc21)c1ccncc1,O=C(NC1c2c(c(-c3[nH]c4c(n3)cncc4)ccc2)-c2c1cccc2)c1ccncc1,1,1,1,1,1,1,1
HSP90alpha,P07900,seed_42,2,3.3699543476104736,3.531701957,COC1CCCN(C(=O)c2n[nH]c3cc(O)c(C(=O)N(C)c4ccc(N5CCOCC5)cc4)cc23)C1,O=C(N(C)c1ccc(N2CCOCC2)cc1)c1c(O)cc2[nH]nc(C(=O)N3CC(OC)CCC3)c2c1,1,1,1,1,0,0,0
HSP90alpha,P07900,seed_42,3,3.3699543476104736,3.53165267,CO[C@H]1CCCN(C(=O)c2n[nH]c3cc(O)c(C(=O)N(C)c4ccc(N5CCOCC5)cc4)cc23)C1,CO[C@H]1CCCN(C(=O)c2n[nH]c3cc(O)c(C(=O)N(C)c4ccc(N5CCOCC5)cc4)cc23)C1,1,1,1,1,0,0,0
HSP90alpha,P07900,seed_42,4,3.0878450870513916,3.215432782,Cc1cn(-c2ccc(C(N)=O)c(NC3CCC(O)CC3)c2)c2c1C(=O)CC(C)(C)C2,O=C(N)c1c(NC2CCC(O)CC2)cc(-n2c3c(c(C)c2)C(=O)CC(C)(C)C3)cc1,1,0,1,1,0,0,0
HSP90alpha,P07900,seed_42,5,3.0878450870513916,3.314258261,Cc1cn(-c2ccc(C(N)=O)c(N[C@H]3CC[C@H](O)CC3)c2)c2c1C(=O)CC(C)(C)C2,Cc1cn(-c2ccc(C(N)=O)c(N[C@H]3CC[C@H](O)CC3)c2)c2c1C(=O)CC(C)(C)C2,1,0,1,1,0,0,0
HSP90alpha,P07900,seed_42,6,3.0248963832855225,3.3559852,Nc1ncc(Cl)c(C(=O)NC2c3ccccc3-c3c(-c4nc5cnccc5[nH]4)cccc32)n1,Clc1c(C(=O)NC2c3c(c(-c4[nH]c5c(n4)cncc5)ccc3)-c3c2cccc3)nc(N)nc1,1,0,0,1,0,0,0
HSP90alpha,P07900,seed_42,7,3.0211241245269775,3.1230553175,Cc1cccc(Cc2n[nH]c3cc(O)c(C(=O)N(C)c4ccc(N5CCOCC5)cc4)cc23)c1,Cc1cccc(Cc2n[nH]c3cc(O)c(C(=O)N(C)c4ccc(N5CCOCC5)cc4)cc23)c1,1,0,0,1,0,0,0
HSP90alpha,P07900,seed_42,8,2.997080087661743,3.165811373,Cc1cn(-c2ccc(C(N)=O)c(NC3CCC(=O)CC3)c2)c2c1C(=O)CC(C)(C)C2,Cc1cn(-c2ccc(C(N)=O)c(NC3CCC(=O)CC3)c2)c2c1C(=O)CC(C)(C)C2,1,0,0,1,0,0,0
HSP90alpha,P07900,seed_42,9,2.9351165294647217,3.1036857295,Cc1cccc(Cc2n[nH]c3cc(O)c(C(=O)N(C)c4ccc(N5CCN(C)CC5)cc4)cc23)c1,Cc1cccc(Cc2n[nH]c3cc(O)c(C(=O)N(C)c4ccc(N5CCN(C)CC5)cc4)cc23)c1,1,0,0,1,0,0,0
HSP90alpha,P07900,seed_42,10,2.8789849281311035,2.896196279,COc1c(C)cnc(Cn2cc(C#CCC(C)(C)O)c3c(Cl)nc(N)nc32)c1C,COc1c(C)cnc(Cn2cc(C#CCC(C)(C)O)c3c(Cl)nc(N)nc32)c1C,1,0,0,1,0,0,0
HSP90alpha,P07900,seed_42,11,2.8583457469940186,3.123782159,Cc1cccc(Cc2n[nH]c3cc(O)c(C(=O)N(C)c4ccc(N5CC[NH+](C)CC5)cc4)cc23)c1,O=C(N(C)c1ccc(N2CC[NH+](C)CC2)cc1)c1c(O)cc2[nH]nc(Cc3cc(C)ccc3)c2c1,0,0,0,0,0,0,0
HSP90alpha,P07900,seed_42,12,2.840545177459717,3.129596095,Cc1cccc(Cc2n[nH]c3cc(O)c(C(=O)N(C)c4ccc(N5CCCCC5)cc4)cc23)c1,Cc1cccc(Cc2n[nH]c3cc(O)c(C(=O)N(C)c4ccc(N5CCCCC5)cc4)cc23)c1,0,0,0,0,0,0,0
HSP90alpha,P07900,seed_42,13,2.8404791355133057,3.040958604,CN(C(=O)c1cc2c(C(=O)N3CCCCC3)n[nH]c2cc1O)c1ccc(N2CCOCC2)cc1,CN(C(=O)c1cc2c(C(=O)N3CCCCC3)n[nH]c2cc1O)c1ccc(N2CCOCC2)cc1,1,0,0,0,0,0,0
HSP90alpha,P07900,seed_42,14,2.837857484817505,2.860541138,COC1CCN(C(=O)c2n[nH]c3cc(O)c(C(=O)N(C)c4ccc(N5CCOCC5)cc4)cc23)C1,O=C(N(C)c1ccc(N2CCOCC2)cc1)c1c(O)cc2[nH]nc(C(=O)N3CC(OC)CC3)c2c1,1,0,0,0,0,0,0
HSP90alpha,P07900,seed_42,15,2.837857484817505,2.860120914,CO[C@H]1CCN(C(=O)c2n[nH]c3cc(O)c(C(=O)N(C)c4ccc(N5CCOCC5)cc4)cc23)C1,CO[C@H]1CCN(C(=O)c2n[nH]c3cc(O)c(C(=O)N(C)c4ccc(N5CCOCC5)cc4)cc23)C1,1,0,0,0,0,0,0
HSP90alpha,P07900,seed_42,16,2.835723400115967,2.880354967,Cc1cccc(Cc2n[nH]c3cc(O)c(C(=O)N(C)c4ccc(N5CCNCC5)cc4)cc23)c1,O=C(N(C)c1ccc(N2CCNCC2)cc1)c1c(O)cc2[nH]nc(Cc3cc(C)ccc3)c2c1,1,0,0,0,0,0,0
HSP90alpha,P07900,seed_42,17,2.8262534141540527,3.670434,O=C(NC1c2ccccc2-c2c(-c3nc4cnccc4[nH]3)cccc21)c1ccnc2[nH]ccc12,O=C(NC1c2c(c(-c3[nH]c4c(n3)cncc4)ccc2)-c2c1cccc2)c1c2c([nH]cc2)ncc1,0,0,0,0,0,0,1
HSP90alpha,P07900,seed_42,18,2.824964761734009,3.154266346,Cc1ccccc1-n1nccc1-c1cc(C(=O)N(C)Cc2ccco2)c(O)cc1O,Cc1ccccc1-n1nccc1-c1cc(C(=O)N(C)Cc2ccco2)c(O)cc1O,1,0,0,0,0,0,0
HSP90alpha,P07900,seed_42,19,2.8169891834259033,3.257524969,CN(Cc1ccco1)C(=O)c1cc(-c2n[nH]c(=O)n2-c2ccccc2F)c(O)cc1O,CN(Cc1ccco1)C(=O)c1cc(-c2n[nH]c(=O)n2-c2ccccc2F)c(O)cc1O,1,0,0,0,0,0,0
HSP90alpha,P07900,seed_42,20,2.8118345737457275,2.86918425,CC(C)CN(C)C(=O)c1n[nH]c2cc(O)c(C(=O)N(C)c3ccc(N4CCOCC4)cc3)cc12,O=C(N(CC(C)C)C)c1n[nH]c2c1cc(C(=O)N(C)c1ccc(N3CCOCC3)cc1)c(O)c2,1,0,0,0,0,0,0
HSP90alpha,P07900,seed_42,21,2.810879945755005,3.040958608,CN(C(=O)c1cc2c(C(=O)N3CCCCC3)[nH]nc2cc1O)c1ccc(N2CCOCC2)cc1,O=C(N(C)c1ccc(N2CCOCC2)cc1)c1c(O)cc2n[nH]c(C(=O)N3CCCCC3)c2c1,1,0,0,0,0,0,0
HSP90alpha,P07900,seed_42,22,2.8043577671051025,3.004803708,Nc1cc(C(=O)NC2c3ccccc3-c3c(-c4nc5ccncc5[nH]4)cccc32)ccn1,Nc1cc(C(=O)NC2c3ccccc3-c3c(-c4nc5ccncc5[nH]4)cccc32)ccn1,1,0,0,0,0,0,0
HSP90alpha,P07900,seed_42,23,2.8030214309692383,4.0,CCNC(=O)c1noc(-c2cc(Cl)c(O)cc2O)c1-c1ccc(C[NH+]2CCOCC2)cc1,Clc1c(O)cc(O)c(-c2c(c(C(=O)NCC)no2)-c2ccc(C[NH+]3CCOCC3)cc2)c1,0,0,0,0,1,1,1
HSP90alpha,P07900,seed_42,24,2.799610137939453,3.7329869469999997,O=C(NC1c2ccccc2-c2c(-c3nc4ccncc4[nH]3)cccc21)c1ccnc2[nH]ccc12,O=C(NC1c2c(c(-c3[nH]c4c(n3)ccnc4)ccc2)-c2c1cccc2)c1c2c([nH]cc2)ncc1,0,0,0,0,0,0,1
HSP90alpha,P07900,seed_42,25,2.7829535007476807,2.896196279,COc1c(C)cnc(Cn2cc(C=CCC(C)(C)O)c3c(Cl)nc(N)nc32)c1C,Clc1nc(N)nc2n(Cc3c(C)c(OC)c(C)cn3)cc(C=CCC(O)(C)C)c12,1,0,0,0,0,0,0
HSP90alpha,P07900,seed_42,26,2.7533223628997803,2.9712938,Cc1ccccc1CN(C)C(=O)c1cc(-c2n[nH]c(=O)n2-c2ccccc2C)c(O)cc1O,O=C(N(Cc1c(C)cccc1)C)c1c(O)cc(O)c(C=2N(c3c(C)cccc3)C(=O)NN=2)c1,1,0,0,0,0,0,0
HSP90alpha,P07900,seed_42,27,2.7502384185791016,2.9194574080000004,Cc1cccc(Cc2n[nH]c3cc(O)c(C(=O)N(C)c4ccc(N5CCOCC5=O)cc4)cc23)c1,Cc1cccc(Cc2n[nH]c3cc(O)c(C(=O)N(C)c4ccc(N5CCOCC5=O)cc4)cc23)c1,1,0,0,0,0,0,0
HSP90alpha,P07900,seed_42,28,2.7438294887542725,2.906578315,Cc1cccc(Cc2n[nH]c3cc(O)c(C(=O)N(C)c4ccc(N5CC[NH2+]CC5)cc4)cc23)c1,Cc1cccc(Cc2n[nH]c3cc(O)c(C(=O)N(C)c4ccc(N5CC[NH2+]CC5)cc4)cc23)c1,0,0,0,0,0,0,0
HSP90alpha,P07900,seed_42,29,2.7421152591705322,2.58031965,Cc1ccccc1-n1c(-c2cc(C(=O)N(C)Cc3ccccc3-c3cccnc3)c(O)cc2O)n[nH]c1=O,O=C(N(Cc1c(-c2cnccc2)cccc1)C)c1c(O)cc(O)c(C=2N(c3c(C)cccc3)C(=O)NN=2)c1,0,0,0,0,0,0,0
HSP90alpha,P07900,seed_42,30,2.72879958152771,2.8130436,CCC(F)c1n[nH]c2cc(O)c(C(=O)N(C)c3ccc(N4CCOCC4)cc3)cc12,FC(CC)c1n[nH]c2c1cc(C(=O)N(C)c1ccc(N3CCOCC3)cc1)c(O)c2,1,0,0,0,0,0,0
HSP90alpha,P07900,seed_42,31,2.7233450412750244,3.0046721,Nc1cc(C(=O)NC2c3ccccc3-c3c(-c4nc5cnccc5[nH]4)cccc32)ccn1,O=C(NC1c2c(c(-c3[nH]c4c(n3)cncc4)ccc2)-c2c1cccc2)c1cc(N)ncc1,1,0,0,0,0,0,0
HSP90alpha,P07900,seed_42,32,2.7100889682769775,2.9025117,COc1ccccc1CN(C)C(=O)c1cc(-c2n[nH]c(=O)n2-c2ccccc2C)c(O)cc1O,O=C(N(Cc1c(OC)cccc1)C)c1c(O)cc(O)c(C=2N(c3c(C)cccc3)C(=O)NN=2)c1,1,0,0,0,0,0,0
HSP90alpha,P07900,seed_42,33,2.6839282512664795,4.0,CCNC(=O)c1noc(-c2cc(C(C)C)c(O)cc2O)c1-c1ccc(C[NH+]2CCOCC2)cc1,O=C(NCC)c1c(c(-c2c(O)cc(O)c(C(C)C)c2)on1)-c1ccc(C[NH+]2CCOCC2)cc1,0,0,0,0,1,1,1
HSP90alpha,P07900,seed_42,34,2.6817667484283447,3.865982546,Cc1nn(-c2ccc(C(N)=O)c(NC3CCC(O)CC3)c2)c2cccc(-c3cnc4ccccc4c3)c12,O=C(N)c1c(NC2CCC(O)CC2)cc(-n2nc(C)c3c(-c4cnc5c(c4)cccc5)cccc23)cc1,0,0,0,0,0,1,1
HSP90alpha,P07900,seed_42,35,2.6817667484283447,3.866461092,Cc1nn(-c2ccc(C(N)=O)c(N[C@H]3CC[C@H](O)CC3)c2)c2cccc(-c3cnc4ccccc4c3)c12,Cc1nn(-c2ccc(C(N)=O)c(N[C@H]3CC[C@H](O)CC3)c2)c2cccc(-c3cnc4ccccc4c3)c12,0,0,0,0,0,1,1
HSP90alpha,P07900,seed_42,36,2.6740763187408447,2.683868054,CCNC(=O)c1noc(-c2cc(Cl)c(O)cc2O)c1-c1ccc(OC)cc1,CCNC(=O)c1noc(-c2cc(Cl)c(O)cc2O)c1-c1ccc(OC)cc1,1,0,0,0,0,0,0
HSP90alpha,P07900,seed_42,37,2.672590970993042,2.7935115,CCC(C)c1n[nH]c2cc(O)c(C(=O)N(C)c3ccc(N4CCOCC4)cc3)cc12,O=C(N(C)c1ccc(N2CCOCC2)cc1)c1c(O)cc2[nH]nc(C(CC)C)c2c1,1,0,0,0,0,0,0
HSP90alpha,P07900,seed_42,38,2.6686558723449707,2.864753211,Cc1ccccc1-n1c(-c2cc(C(=O)N(C)Cc3ccccc3)c(O)cc2O)n[nH]c1=O,Cc1ccccc1-n1c(-c2cc(C(=O)N(C)Cc3ccccc3)c(O)cc2O)n[nH]c1=O,1,0,0,0,0,0,0
HSP90alpha,P07900,seed_42,39,2.651953935623169,2.7958801,CN(C(=O)c1cc2c(CC3CCCC3)n[nH]c2cc1O)c1ccc(N2CCOCC2)cc1,O=C(N(C)c1ccc(N2CCOCC2)cc1)c1c(O)cc2[nH]nc(CC3CCCC3)c2c1,1,0,0,0,0,0,0
HSP90alpha,P07900,seed_42,40,2.6428651809692383,2.8471794105,Cc1cccc(CN(C)C(=O)c2cc(-c3n[nH]c(=O)n3-c3ccccc3C)c(O)cc2O)c1,Cc1cccc(CN(C)C(=O)c2cc(-c3n[nH]c(=O)n3-c3ccccc3C)c(O)cc2O)c1,1,0,0,0,0,0,0
HSP90alpha,P07900,seed_42,41,2.6316535472869873,2.51404215,Cc1ccccc1-n1c(-c2cc(C(=O)N(C)Cc3cccc(-c4cncnc4)c3)c(O)cc2O)n[nH]c1=O,O=C(N(Cc1cc(-c2cncnc2)ccc1)C)c1c(O)cc(O)c(C=2N(c3c(C)cccc3)C(=O)NN=2)c1,0,0,0,0,0,0,0
HSP90alpha,P07900,seed_42,42,2.609579563140869,2.6966150325,CCCCN(C)C(=O)c1n[nH]c2cc(O)c(C(=O)N(C)c3ccc(N4CCOCC4)cc3)cc12,CCCCN(C)C(=O)c1n[nH]c2cc(O)c(C(=O)N(C)c3ccc(N4CCOCC4)cc3)cc12,1,0,0,0,0,0,0
HSP90alpha,P07900,seed_42,43,2.5763728618621826,2.821023053,Nc1nc(C(=O)N2Cc3ccccc3C2)c2cc(-c3cc(F)c(F)cc3CCc3nnn[nH]3)ccc2n1,Fc1c(F)cc(c(CCc2[nH]nnn2)c1)-c1cc2c(C(=O)N3Cc4c(cccc4)C3)nc(N)nc2cc1,1,0,0,0,0,0,0
HSP90alpha,P07900,seed_42,44,2.5749075412750244,2.7521280395,Cc1ccccc1-n1c(-c2cc(C(=O)N(C)Cc3cccs3)c(O)cc2O)n[nH]c1=O,Cc1ccccc1-n1c(-c2cc(C(=O)N(C)Cc3cccs3)c(O)cc2O)n[nH]c1=O,1,0,0,0,0,0,0
HSP90alpha,P07900,seed_42,45,2.5631139278411865,2.5301781,Cc1cccc(Cc2n[nH]c3cc(O)c(C(=O)N(C)c4ccc(CN5CCOCC5)cc4)cc23)c1,O=C(N(C)c1ccc(CN2CCOCC2)cc1)c1c(O)cc2[nH]nc(Cc3cc(C)ccc3)c2c1,1,0,0,0,0,0,0
HSP90alpha,P07900,seed_42,46,2.537753105163574,3.723538196,O=C(NC1c2ccccc2-c2c(-c3nc4cc(F)ccc4[nH]3)cccc21)c1ccnc2[nH]ccc12,Fc1cc2nc(-c3c-4c(C(NC(=O)c5c6c([nH]cc6)ncc5)c5c-4cccc5)ccc3)[nH]c2cc1,0,0,0,0,0,0,1
HSP90alpha,P07900,seed_42,47,2.537753105163574,3.723538196,O=C(N[C@@H]1c2ccccc2-c2c(-c3nc4cc(F)ccc4[nH]3)cccc21)c1ccnc2[nH]ccc12,Fc1ccc2[nH]c(nc2c1)-c1cccc2[C@H](NC(=O)c3ccnc4[nH]ccc34)c3ccccc3-c12,0,0,0,0,0,0,1
HSP90alpha,P07900,seed_42,48,2.5221667289733887,2.6025259715,Cc1cccc(Cc2n[nH]c3cc(O)c(C(=O)N(C)c4ccc(N(C)C)cc4)cc23)c1,Cc1cccc(Cc2n[nH]c3cc(O)c(C(=O)N(C)c4ccc(N(C)C)cc4)cc23)c1,1,0,0,0,0,0,0
HSP90alpha,P07900,seed_42,49,2.512758731842041,2.337242168,Cc1ccccc1-n1c(-c2cc(C(=O)N(C)Cc3ccco3)c(O)cc2O)n[nH]c1=O,O=C(N(Cc1occc1)C)c1c(O)cc(O)c(C=2N(c3c(C)cccc3)C(=O)NN=2)c1,1,0,0,0,0,0,0
HSP90alpha,P07900,seed_42,50,2.5110104084014893,2.70469365,Nc1nc(C(=O)N2Cc3ccccc3C2)c2cc(-c3cc(F)c(F)cc3Cc3nnn[nH]3)ccc2n1,Fc1c(F)cc(c(Cc2[nH]nnn2)c1)-c1cc2c(C(=O)N3Cc4c(cccc4)C3)nc(N)nc2cc1,1,0,0,0,0,0,0
HSP90alpha,P07900,seed_42,51,2.502743721008301,0.943095149,CCCCC#Cc1ccc(N[C@H]2CC[C@H](O)CC2)c(C(N)=O)c1,CCCCC#Cc1ccc(N[C@H]2CC[C@H](O)CC2)c(c1)C(N)=O,0,0,0,0,0,0,0
HSP90alpha,P07900,seed_42,52,2.4850025177001953,3.556013778,O=C(NC1c2ccccc2-c2c(-c3cnc4ccccc4c3)cccc21)c1c(Br)cnc2[nH]cnc12,Brc1c(C(=O)NC2c3c(c(-c4cnc5c(c4)cccc5)ccc3)-c3c2cccc3)c2nc[nH]c2nc1,0,0,0,0,0,0,0
HSP90alpha,P07900,seed_42,53,2.480529546737671,2.6144906005,CN(C(=O)c1cc2c(C(=O)N3CCCC3)n[nH]c2cc1O)c1ccc(N2CCOCC2)cc1,CN(C(=O)c1cc2c(C(=O)N3CCCC3)n[nH]c2cc1O)c1ccc(N2CCOCC2)cc1,1,0,0,0,0,0,0
HSP90alpha,P07900,seed_42,54,2.4780333042144775,3.0,CCNC(=O)c1noc(-c2cc(Cl)c(O)cc2O)c1-c1ccc(CN2CCOCC2)cc1C,CCNC(=O)c1noc(c1-c1ccc(CN2CCOCC2)cc1C)-c1cc(Cl)c(O)cc1O,0,0,0,0,0,0,0
HSP90alpha,P07900,seed_42,55,2.4751205444335938,2.5850267,COc1cccc(Cc2n[nH]c3cc(O)c(C(=O)N(C)c4ccc(N5CCOCC5)cc4)cc23)c1,O=C(N(C)c1ccc(N2CCOCC2)cc1)c1c(O)cc2[nH]nc(Cc3cc(OC)ccc3)c2c1,1,0,0,0,0,0,0
HSP90alpha,P07900,seed_42,56,2.4745516777038574,2.5528419,CN(C(=O)c1cc2c(CC3CCCCC3)n[nH]c2cc1O)c1ccc(N2CCOCC2)cc1,O=C(N(C)c1ccc(N2CCOCC2)cc1)c1c(O)cc2[nH]nc(CC3CCCCC3)c2c1,1,0,0,0,0,0,0
HSP90alpha,P07900,seed_42,57,2.4492781162261963,2.5376019,CCCc1n[nH]c2cc(O)c(C(=O)N(C)c3ccc(N4CCOCC4)cc3)cc12,O=C(N(C)c1ccc(N2CCOCC2)cc1)c1c(O)cc2[nH]nc(CCC)c2c1,1,0,0,0,0,0,0
HSP90alpha,P07900,seed_42,58,2.4308695793151855,2.5686362,CCCCc1n[nH]c2cc(O)c(C(=O)N(C)c3ccc(N4CCOCC4)cc3)cc12,O=C(N(C)c1ccc(N2CCOCC2)cc1)c1c(O)cc2[nH]nc(CCCC)c2c1,1,0,0,0,0,0,0
HSP90alpha,P07900,seed_42,59,2.4111993312835693,2.6798537,Cc1cccc(Cc2n[nH]c3cc(O)c(C(=O)N(C)c4ccc(OCCCC#N)cc4)cc23)c1,O=C(N(C)c1ccc(OCCCC#N)cc1)c1c(O)cc2[nH]nc(Cc3cc(C)ccc3)c2c1,0,0,0,0,0,0,0
HSP90alpha,P07900,seed_42,60,2.3828437328338623,2.655273836,CCCCN(C)C(=O)c1cc(-c2n[nH]c(=O)n2-c2ccccc2F)c(O)cc1O,CCCCN(C)C(=O)c1cc(-c2n[nH]c(=O)n2-c2ccccc2F)c(O)cc1O,1,0,0,0,0,0,0
HSP90alpha,P07900,seed_42,61,2.3656442165374756,2.5139896505,CCCCN(C)C(=O)c1cc(-c2n[nH]c(=O)n2-c2ccccc2)c(O)cc1O,CCCCN(C)C(=O)c1cc(-c2n[nH]c(=O)n2-c2ccccc2)c(O)cc1O,1,0,0,0,0,0,0
HSP90alpha,P07900,seed_42,62,2.3515188694000244,2.3625102,Cc1cccc(Cc2n[nH]c3cc(O)c(C(=O)N(C)c4ccc(CNS(C)(=O)=O)cc4)cc23)c1,S(=O)(=O)(NCc1ccc(N(C(=O)c2c(O)cc3[nH]nc(Cc4cc(C)ccc4)c3c2)C)cc1)C,1,0,0,0,0,0,0
HSP90alpha,P07900,seed_42,63,2.3459389209747314,2.5160029,COCc1n[nH]c2cc(O)c(C(=O)N(C)c3ccc(N4CCOCC4)cc3)cc12,O=C(N(C)c1ccc(N2CCOCC2)cc1)c1c(O)cc2[nH]nc(COC)c2c1,1,0,0,0,0,0,0
HSP90alpha,P07900,seed_42,64,2.3412909507751465,3.722964,O=C(NC1c2ccccc2-c2c(-c3nc4ccc(F)cc4[nH]3)cccc21)c1ccnc2[nH]ccc12,Fc1cc2[nH]c(-c3c-4c(C(NC(=O)c5c6c([nH]cc6)ncc5)c5c-4cccc5)ccc3)nc2cc1,0,0,0,0,0,0,1
HSP90alpha,P07900,seed_42,65,2.335456132888794,2.5524931,CCCc1n[nH]c2cc(O)c(C(=O)N(C)c3ccc(C4CCN(C)CC4)cc3)cc12,O=C(N(C)c1ccc(C2CCN(C)CC2)cc1)c1c(O)cc2[nH]nc(CCC)c2c1,1,0,0,0,0,0,0
HSP90alpha,P07900,seed_42,66,2.331313371658325,2.5228786,Cc1cccc(Cc2n[nH]c3cc(O)c(C(=O)N(C)c4ccc(OCCN(C)C)cc4)cc23)c1,O=C(N(C)c1ccc(OCCN(C)C)cc1)c1c(O)cc2[nH]nc(Cc3cc(C)ccc3)c2c1,1,0,0,0,0,0,0
HSP90alpha,P07900,seed_42,67,2.326984167098999,2.3979399,COc1ccc(N(C)C(=O)c2cc3c(Cc4cccc(C)c4)n[nH]c3cc2O)cc1,O=C(N(C)c1ccc(OC)cc1)c1c(O)cc2[nH]nc(Cc3cc(C)ccc3)c2c1,1,0,0,0,0,0,0
HSP90alpha,P07900,seed_42,68,2.3205208778381348,3.13667714,C=CCNC1=C2CC(C)CC(OC)C(O)C(C)C=C(C)C(OC(N)=O)C(OC)C=CC=C(C)C(=O)NC(=CC1=O)C2=O,O=C(OC1C(C)=CC(C)C(O)C(OC)CC(C)CC=2C(=O)C(NC(=O)C(C)=CC=CC1OC)=CC(=O)C=2NCC=C)N,0,0,0,0,0,0,0
HSP90alpha,P07900,seed_42,69,2.3167412281036377,2.8570373,CN1CCC(c2ccc(N(C)C(=O)c3cc4c(CCC(C)(C)C)n[nH]c4cc3O)cc2)CC1,O=C(N(C)c1ccc(C2CCN(C)CC2)cc1)c1c(O)cc2[nH]nc(CCC(C)(C)C)c2c1,0,0,0,0,0,0,0
HSP90alpha,P07900,seed_42,70,2.312640428543091,2.4004528990000003,Cc1ccccc1-n1c(-c2cc(C(=O)N(C)CC3CCCO3)c(O)cc2O)n[nH]c1=O,Cc1ccccc1-n1c(-c2cc(C(=O)N(C)CC3CCCO3)c(O)cc2O)n[nH]c1=O,1,0,0,0,0,0,0
HSP90alpha,P07900,seed_42,71,2.3120343685150146,2.5626855,CCCc1n[nH]c2c(Br)c(O)c(C(=O)N(C)c3ccc(N4CCOCC4)cc3)cc12,Brc1c(O)c(C(=O)N(C)c2ccc(N3CCOCC3)cc2)cc2c(CCC)n[nH]c12,1,0,0,0,0,0,0
HSP90alpha,P07900,seed_42,72,2.2922122478485107,2.4321506,CCNC(=O)C1(c2ccc3nc(N)nc(C(=O)N4Cc5ccccc5C4)c3c2)CCC1,O=C(N1Cc2c(cccc2)C1)c1nc(N)nc2c1cc(C1(C(=O)NCC)CCC1)cc2,1,0,0,0,0,0,0
HSP90alpha,P07900,seed_42,73,2.27758526802063,2.2964248595,Cc1ccc(N(C)C(=O)c2cc3c(Cc4cccc(C)c4)n[nH]c3cc2O)cc1,Cc1ccc(N(C)C(=O)c2cc3c(Cc4cccc(C)c4)n[nH]c3cc2O)cc1,1,0,0,0,0,0,0
HSP90alpha,P07900,seed_42,74,2.2555367946624756,2.3260579,COc1ccc(CN(C)C(=O)c2cc(-c3n[nH]c(=O)n3-c3ccccc3C)c(O)cc2O)cc1,O=C(N(Cc1ccc(OC)cc1)C)c1c(O)cc(O)c(C=2N(c3c(C)cccc3)C(=O)NN=2)c1,1,0,0,0,0,0,0
HSP90alpha,P07900,seed_42,75,2.249129056930542,2.2508990375,Cc1cccc(Cc2n[nH]c3cc(O)c(C(=O)N(C)c4ccc5c(c4)OCO5)cc23)c1,Cc1cccc(Cc2n[nH]c3cc(O)c(C(=O)N(C)c4ccc5c(c4)OCO5)cc23)c1,1,0,0,0,0,0,0
HSP90alpha,P07900,seed_42,76,2.2138631343841553,2.342944147,Nc1nc(C(=O)N2Cc3ccccc3C2)c2cc(-c3ccccc3O)ccc2n1,Nc1nc(C(=O)N2Cc3ccccc3C2)c2cc(-c3ccccc3O)ccc2n1,1,0,0,0,0,0,0
HSP90alpha,P07900,seed_42,77,2.198251962661743,2.3100635995000003,CCCN(C)C(=O)c1cc(-c2n[nH]c(=O)n2-c2ccccc2C)c(O)cc1O,CCCN(C)C(=O)c1cc(-c2n[nH]c(=O)n2-c2ccccc2C)c(O)cc1O,1,0,0,0,0,0,0
HSP90alpha,P07900,seed_42,78,2.190153121948242,2.377878523,Nc1nc(C(=O)N2Cc3ccccc3C2)c2cc(-c3ccccc3CO)ccc2n1,O=C(N1Cc2c(cccc2)C1)c1nc(N)nc2c1cc(-c1c(CO)cccc1)cc2,1,0,0,0,0,0,0
HSP90alpha,P07900,seed_42,79,2.1669650077819824,2.343901798,CNCc1ccccc1-c1ccc2nc(N)nc(C(=O)N3Cc4ccccc4C3)c2c1,CNCc1ccccc1-c1ccc2nc(N)nc(C(=O)N3Cc4ccccc4C3)c2c1,1,0,0,0,0,0,0
HSP90alpha,P07900,seed_42,80,2.165884256362915,2.1999707,Cc1cccc(Cc2n[nH]c3cc(O)c(C(=O)N(C)c4ccc5c(c4)OCCO5)cc23)c1,O=C(N(C)c1cc2OCCOc2cc1)c1c(O)cc2[nH]nc(Cc3cc(C)ccc3)c2c1,1,0,0,0,0,0,0
HSP90alpha,P07900,seed_42,81,2.156017541885376,1.9665762,Cc1cccc(Cc2n[nH]c3cc(O)c(C(=O)N(C)c4ccc(Br)cc4)cc23)c1,Brc1ccc(N(C(=O)c2c(O)cc3[nH]nc(Cc4cc(C)ccc4)c3c2)C)cc1,0,0,0,0,0,0,0
HSP90alpha,P07900,seed_42,82,2.1456222534179688,2.2494917,CC(=O)N1CCc2ccc(N(C)C(=O)c3cc4c(Cc5cccc(C)c5)n[nH]c4cc3O)cc21,O=C(C)N1c2c(ccc(N(C(=O)c3c(O)cc4[nH]nc(Cc5cc(C)ccc5)c4c3)C)c2)CC1,1,0,0,0,0,0,0
HSP90alpha,P07900,seed_42,83,2.1140873432159424,2.124360448,CCNC(=O)c1[nH]nc(-c2cc(Cl)c(O)cc2O)c1-c1ccc(OC)cc1,CCNC(=O)c1[nH]nc(-c2cc(Cl)c(O)cc2O)c1-c1ccc(OC)cc1,1,0,0,0,0,0,0
HSP90alpha,P07900,seed_42,84,2.109997272491455,2.8569852,CN(C(=O)c1cc2c(CCC(C)(C)C)n[nH]c2cc1O)c1ccc(C2CC[NH+](C)CC2)cc1,C[NH+]1CCC(c2ccc(N(C)C(=O)c3cc4c(CCC(C)(C)C)n[nH]c4cc3O)cc2)CC1,0,0,0,0,0,0,0
HSP90alpha,P07900,seed_42,85,2.109813928604126,2.5301781,COc1ccc(N(C)C(=O)c2cc3c(Cc4cccc(C)c4)n[nH]c3cc2O)cc1Cl,Clc1c(OC)ccc(N(C(=O)c2c(O)cc3[nH]nc(Cc4cc(C)ccc4)c3c2)C)c1,0,0,0,0,0,0,0
HSP90alpha,P07900,seed_42,86,2.1030819416046143,2.2594183235000003,CCCN(C)S(=O)(=O)c1cc(-c2n[nH]c(=O)n2-c2ccccc2F)c(O)cc1O,CCCN(C)S(=O)(=O)c1cc(-c2n[nH]c(=O)n2-c2ccccc2F)c(O)cc1O,1,0,0,0,0,0,0
HSP90alpha,P07900,seed_42,87,2.0932517051696777,2.3609953,COc1ccc(I)c(Sc2nc3c(N)ncnc3n2CCNCC(C)(C)C)c1,Ic1c(Sc2n(CCNCC(C)(C)C)c3ncnc(N)c3n2)cc(OC)cc1,0,0,0,0,0,0,0
HSP90alpha,P07900,seed_42,88,2.0835068225860596,2.4629369,CC(C)NCCCn1c(Sc2cc3c(cc2I)OCO3)nc2c(N)ncnc21,Ic1c(Sc2n(CCCNC(C)C)c3ncnc(N)c3n2)cc2OCOc2c1,0,0,0,0,0,0,0
HSP90alpha,P07900,seed_42,89,2.082569122314453,2.2621334255,CCCN(C)C(=O)c1cc(-c2n[nH]c(=O)n2-c2ccccc2F)c(O)cc1O,CCCN(C)C(=O)c1cc(-c2n[nH]c(=O)n2-c2ccccc2F)c(O)cc1O,1,0,0,0,0,0,0
HSP90alpha,P07900,seed_42,90,2.0776402950286865,3.623423043,C[NH+]1CCN(S(=O)(=O)c2ccccc2-c2ccc3nc(N)nc(C(=O)N4Cc5ccccc5C4)c3c2)CC1,C[NH+]1CCN(S(=O)(=O)c2ccccc2-c2ccc3nc(N)nc(C(=O)N4Cc5ccccc5C4)c3c2)CC1,0,0,0,0,0,0,0
HSP90alpha,P07900,seed_42,91,2.0737712383270264,1.844664,Cc1cccc(Cc2n[nH]c3cc(O)c(C(=O)N(C)c4ccc(Cl)cc4)cc23)c1,Clc1ccc(N(C(=O)c2c(O)cc3[nH]nc(Cc4cc(C)ccc4)c3c2)C)cc1,0,0,0,0,0,0,0
HSP90alpha,P07900,seed_42,92,2.068708896636963,2.0506101,CC(=O)c1ccc(N(C)C(=O)c2cc3c(Cc4cccc(C)c4)n[nH]c3cc2O)cc1,O=C(N(C)c1ccc(C(=O)C)cc1)c1c(O)cc2[nH]nc(Cc3cc(C)ccc3)c2c1,1,0,0,0,0,0,0
HSP90alpha,P07900,seed_42,93,2.066368341445923,2.1135092565,Cc1cccc(Cc2n[nH]c3cc(O)c(C(=O)N(C)c4cccc(C)c4)cc23)c1,Cc1cccc(Cc2n[nH]c3cc(O)c(C(=O)N(C)c4cccc(C)c4)cc23)c1,1,0,0,0,0,0,0
HSP90alpha,P07900,seed_42,94,2.040774345397949,2.343901798,C[NH2+]Cc1ccccc1-c1ccc2nc(N)nc(C(=O)N3Cc4ccccc4C3)c2c1,O=C(N1Cc2c(cccc2)C1)c1nc(N)nc2c1cc(-c1c(C[NH2+]C)cccc1)cc2,0,0,0,0,0,0,0
HSP90alpha,P07900,seed_42,95,2.040363073348999,2.0241427515000003,Cc1cccc(Cc2n[nH]c3cc(O)c(C(=O)N(C)c4ccccc4)cc23)c1,Cc1cccc(Cc2n[nH]c3cc(O)c(C(=O)N(C)c4ccccc4)cc23)c1,1,0,0,0,0,0,0
HSP90alpha,P07900,seed_42,96,1.9590097665786743,1.9817573,CCNC(=O)c1n[nH]c(-c2cc(Cl)c(O)cc2O)c1-c1ccc(OC)cc1,Clc1c(O)cc(O)c(-c2c(c(C(=O)NCC)n[nH]2)-c2ccc(OC)cc2)c1,1,0,0,0,0,0,0
HSP90alpha,P07900,seed_42,97,1.9306845664978027,0.853871964,O=C(c1ccc(O)cc1O)N(Cc1ccccc1)c1ccccc1,Oc1ccc(C(=O)N(Cc2ccccc2)c2ccccc2)c(O)c1,0,0,0,0,0,0,0
HSP90alpha,P07900,seed_42,98,1.9016309976577759,2.027612,O=c1[nH]nc(-c2cc(CCc3ccccc3)c(O)cc2O)n1-c1ccccc1F,Fc1c(N2C(c3c(O)cc(O)c(CCc4ccccc4)c3)=NNC2=O)cccc1,1,0,0,0,0,0,0
HSP90alpha,P07900,seed_42,99,1.8657548427581787,1.8996295,CC(=O)N1CCc2cc(N(C)C(=O)c3cc4c(Cc5cccc(C)c5)n[nH]c4cc3O)ccc21,O=C(C)N1c2c(cc(N(C(=O)c3c(O)cc4[nH]nc(Cc5cc(C)ccc5)c4c3)C)cc2)CC1,1,0,0,0,0,0,0
HSP90alpha,P07900,seed_42,100,1.8389538526535034,1.9168558,O=C(O)c1cc(-c2n[nH]c(=O)n2-c2ccccc2F)c(O)cc1O,Fc1c(N2C(c3c(O)cc(O)c(C(=O)O)c3)=NNC2=O)cccc1,1,0,0,0,0,0,0
HSP90alpha,P07900,seed_42,101,1.8274943828582764,1.9200233,O=C(O)c1cc(-c2n[nH]c(=O)n2-c2ccccc2F)c(O)c(Br)c1O,Brc1c(O)c(C(=O)O)cc(c1O)C=1N(c2c(F)cccc2)C(=O)NN=1,1,0,0,0,0,0,0
HSP90alpha,P07900,seed_42,102,1.8037168979644775,1.9318142,Cc1cccc(Cc2n[nH]c3cc(O)c(C(=O)N(C)c4cccc(Cl)c4)cc23)c1,Clc1cc(N(C(=O)c2c(O)cc3[nH]nc(Cc4cc(C)ccc4)c3c2)C)ccc1,0,0,0,0,0,0,0
HSP90alpha,P07900,seed_42,103,1.8032116889953613,0.537602002,COc1cc2c(cc1OC)C(c1cccnc1)N(C(=O)c1ccc(O)cc1O)CC2,COc1cc2CCN(C(c3cccnc3)c2cc1OC)C(=O)c1ccc(O)cc1O,0,0,0,0,0,0,0
HSP90alpha,P07900,seed_42,104,1.786850929260254,1.793174118,COc1cccc(N(C)C(=O)c2cc3c(Cc4cccc(C)c4)n[nH]c3cc2O)c1,COc1cccc(N(C)C(=O)c2cc3c(Cc4cccc(C)c4)n[nH]c3cc2O)c1,1,0,0,0,0,0,0
HSP90alpha,P07900,seed_42,105,1.6831239461898804,1.8638014395,CC(C)N(C)S(=O)(=O)c1cc(-c2n[nH]c(=O)n2-c2ccccc2Cl)c(O)cc1O,CC(C)N(C)S(=O)(=O)c1cc(-c2n[nH]c(=O)n2-c2ccccc2Cl)c(O)cc1O,1,0,0,0,0,0,0
HSP90alpha,P07900,seed_42,106,1.660365104675293,1.649396841,Cc1cccc(Cc2n[nH]c3cc(O)c(C(=O)N(C)Cc4ccccc4)cc23)c1,Cc1cccc(Cc2n[nH]c3cc(O)c(C(=O)N(C)Cc4ccccc4)cc23)c1,1,0,0,0,0,0,0
HSP90alpha,P07900,seed_42,107,1.6421252489089966,1.6946486,Cc1cccc(Cc2n[nH]c3cc(O)c(C(=O)N(C)c4cccc(F)c4)cc23)c1,Fc1cc(N(C(=O)c2c(O)cc3[nH]nc(Cc4cc(C)ccc4)c3c2)C)ccc1,1,0,0,0,0,0,0
HSP90alpha,P07900,seed_42,108,1.6396763324737549,1.879426069,CN(C(=O)c1cc2c(C(=O)N3CCOCC3)[nH]nc2cc1O)c1ccc(N2CCOCC2)cc1,O=C(N(C)c1ccc(N2CCOCC2)cc1)c1c(O)cc2n[nH]c(C(=O)N3CCOCC3)c2c1,1,0,0,0,0,0,0
HSP90alpha,P07900,seed_42,109,1.6342833042144775,1.8028486655,CCCCCCN(C)C(=O)c1cc(-c2ccnn2-c2ccccc2C)c(O)cc1O,CCCCCCN(C)C(=O)c1cc(-c2ccnn2-c2ccccc2C)c(O)cc1O,1,0,0,0,0,0,0
HSP90alpha,P07900,seed_42,110,1.587490200996399,1.6309466,CCC(O)c1n[nH]c2cc(O)c(C(=O)N(C)c3ccc(N4CCOCC4)cc3)cc12,O=C(N(C)c1ccc(N2CCOCC2)cc1)c1c(O)cc2[nH]nc(C(O)CC)c2c1,1,0,0,0,0,0,0
HSP90alpha,P07900,seed_42,111,1.5680571794509888,1.8796525095,CN(C(=O)c1cc2c(C(=O)N3CCOCC3)n[nH]c2cc1O)c1ccc(N2CCOCC2)cc1,CN(C(=O)c1cc2c(cc1O)[nH]nc2C(=O)N1CCOCC1)c1ccc(N2CCOCC2)cc1,1,0,0,0,0,0,0
HSP90alpha,P07900,seed_42,112,1.5242992639541626,1.480172006,C#CCCCn1c(Cc2cc(OC)c(OC)c(OC)c2Cl)nc2c(N)nc(F)nc21,C#CCCCn1c(Cc2cc(OC)c(OC)c(OC)c2Cl)nc2c(N)nc(F)nc21,1,0,0,0,0,0,0
HSP90alpha,P07900,seed_42,113,1.5098726749420166,1.718645423,CC(C)N(C)S(=O)(=O)c1cc(-c2n[nH]c(=O)n2-c2ccccc2F)c(O)cc1O,CC(C)N(C)S(=O)(=O)c1cc(-c2n[nH]c(=O)n2-c2ccccc2F)c(O)cc1O,1,0,0,0,0,0,0
HSP90alpha,P07900,seed_42,114,1.4842395782470703,1.7175303145,O=c1[nH]nc(-c2cc(Br)c(O)cc2O)n1-c1ccccc1F,Brc1c(O)cc(O)c(C=2N(c3c(F)cccc3)C(=O)NN=2)c1,1,0,0,0,0,0,0
HSP90alpha,P07900,seed_42,115,1.4779345989227295,1.5759898235,Cc1cnc(Cn2ccc3c(Cl)nc(N)nc32)c(C)c1Cl,Cc1cnc(Cn2ccc3c(Cl)nc(N)nc32)c(C)c1Cl,1,0,0,0,0,0,0
HSP90alpha,P07900,seed_42,116,1.4735491275787354,1.497572885,Cc1cccc(Cc2n[nH]c3cc(O)c(C(=O)N(C)c4ccc(F)cc4)cc23)c1,Cc1cccc(Cc2n[nH]c3cc(O)c(C(=O)N(C)c4ccc(F)cc4)cc23)c1,1,0,0,0,0,0,0
HSP90alpha,P07900,seed_42,117,1.469317078590393,1.433165,CC1CC2OC2C=CC=CC(=O)Cc2c(Cl)c(O)cc(O)c2C(=O)O1,Clc1c(O)cc(O)c2C(=O)OC(C)CC3OC3C=CC=CC(=O)Cc12,1,0,0,0,0,0,0
HSP90alpha,P07900,seed_42,118,1.438085913658142,1.759679789,Cc1cccc(Cc2n[nH]c3cc(O)c(C(=O)N(C)Cc4ccc(Cl)cc4)cc23)c1,Cc1cccc(Cc2n[nH]c3cc(O)c(C(=O)N(C)Cc4ccc(Cl)cc4)cc23)c1,0,0,0,0,0,0,0
HSP90alpha,P07900,seed_42,119,1.436334490776062,0.638272164,CC1CCc2cc(F)ccc2N1C(=O)c1ccc(O)cc1O,CC1CCc2cc(F)ccc2N1C(=O)c1ccc(O)cc1O,0,0,0,0,0,0,0
HSP90alpha,P07900,seed_42,120,1.436334490776062,0.22184875,C[C@@H]1CCc2cc(F)ccc2N1C(=O)c1ccc(O)cc1O,C[C@@H]1CCc2cc(F)ccc2N1C(=O)c1ccc(O)cc1O,0,0,0,0,0,0,0
HSP90alpha,P07900,seed_42,121,1.436334490776062,0.744727495,C[C@H]1CCc2cc(F)ccc2N1C(=O)c1ccc(O)cc1O,C[C@H]1CCc2cc(F)ccc2N1C(=O)c1ccc(O)cc1O,0,0,0,0,0,0,0
HSP90alpha,P07900,seed_42,122,1.4342130422592163,1.4710833,Oc1ccc(-c2ccnn2-c2ccccc2Cl)c(O)c1,Clc1c(-n2c(-c3c(O)cc(O)cc3)ccn2)cccc1,1,0,0,0,0,0,0
HSP90alpha,P07900,seed_42,123,1.2662960290908813,1.1979621315,CCc1cc(-c2n[nH]c(C)c2-c2ccccc2F)c(O)cc1O,CCc1cc(-c2n[nH]c(C)c2-c2ccccc2F)c(O)cc1O,1,0,0,0,0,0,0
HSP90alpha,P07900,seed_42,124,1.2521363496780396,1.31398316,CN(Cc1ccc(Cl)cc1)C(=O)c1cc2c(Cc3ccccc3)n[nH]c2cc1O,CN(Cc1ccc(Cl)cc1)C(=O)c2cc3c(Cc4ccccc4)n[nH]c3cc2O,1,0,0,0,0,0,0
HSP90alpha,P07900,seed_42,125,1.0896484851837158,0.962573502,COc1ccc(-c2c(C#N)c(N)nc3sc(C(N)=O)c(N)c23)cc1OCCCC(=O)[O-],O=C([O-])CCCOc1c(OC)ccc(-c2c(C#N)c(N)nc3sc(C(=O)N)c(N)c23)c1,0,0,0,0,0,0,0
HSP90alpha,P07900,seed_42,126,1.0093891620635986,1.06913968,Oc1ccc(-c2nocc2-c2ccccc2)c(O)c1,Oc1c(-c2c(-c3ccccc3)con2)ccc(O)c1,1,0,0,0,0,0,0
HSP90alpha,P07900,seed_42,127,0.998880922794342,1.1496449,COc1ccc(-c2c(C#N)c(N)nc3sc(C(=O)Nc4ccc(F)cc4)c(N)c23)cc1OC,Fc1ccc(NC(=O)c2c(N)c3c(c(C#N)c(N)nc3s2)-c2cc(OC)c(OC)cc2)cc1,1,0,0,0,0,0,0
HSP90alpha,P07900,seed_42,128,0.9870911240577698,0.94923371,COc1ccc(-c2c(C#N)c(N)nc3sc(C(=O)Nc4ccc(Br)cc4)c(N)c23)cc1OC,Brc1ccc(NC(=O)c2c(N)c3c(c(C#N)c(N)nc3s2)-c2cc(OC)c(OC)cc2)cc1,0,0,0,0,0,0,0
HSP90alpha,P07900,seed_42,129,0.9720988869667053,1.05479,Cc1ccc2nc(N)nc(C(=O)N3Cc4ccc(Br)cc4C3)c2c1,Brc1cc2c(cc1)CN(C(=O)c1nc(N)nc3c1cc(C)cc3)C2,1,0,0,0,0,0,0
HSP90alpha,P07900,seed_42,130,0.9555068612098694,0.937538223,Cc1ccccc1-n1c(-c2ccc(O)cc2O)n[nH]c1=O,Cc1ccccc1-n1c(-c2ccc(O)cc2O)n[nH]c1=O,1,0,0,0,0,0,0
HSP90alpha,P07900,seed_42,131,0.942789614200592,1.0299766085,CCc1ccccc1-n1c(-c2ccc(O)cc2O)n[nH]c1=O,CCc1ccccc1-n1c(-c2ccc(O)cc2O)n[nH]c1=O,1,0,0,0,0,0,0
HSP90alpha,P07900,seed_42,132,0.9122798442840576,0.962573502,COc1ccc(-c2c(C#N)c(N)nc3sc(C(N)=O)c(N)c23)cc1OCCCC(=O)O,COc1ccc(-c2c(C#N)c(N)nc3sc(C(N)=O)c(N)c23)cc1OCCCC(=O)O,1,0,0,0,0,0,0
HSP90alpha,P07900,seed_42,133,0.8490672707557678,0.954677021,Oc1ccc(-c2n[nH]c(=S)n2-c2ccccc2F)c(O)c1,S=C1N(c2c(F)cccc2)C(c2c(O)cc(O)cc2)=NN1,1,0,0,0,0,0,0
HSP90alpha,P07900,seed_42,134,0.7910937666893005,0.367542708,N#Cc1ccc(N2CC[NH+](CCCCc3c[nH]c4cc(O)c(C#N)cc34)CC2)cc1,Oc1c(C#N)cc2c(CCCC[NH+]3CCN(c4ccc(C#N)cc4)CC3)c[nH]c2c1,0,0,0,0,0,0,0
HSP90alpha,P07900,seed_42,135,0.7774139642715454,0.7597319015,Oc1cc(O)c(-c2ccnn2-c2ccccc2Cl)cc1CCc1ccccn1,Clc1c(-n2c(-c3c(O)cc(O)c(CCc4ncccc4)c3)ccn2)cccc1,1,0,0,0,0,0,0
HSP90alpha,P07900,seed_42,136,0.7516087889671326,0.8274355885,O=c1[nH]nc(-c2ccc(O)cc2O)n1-c1ccccc1Cl,Clc1c(N2C(c3c(O)cc(O)cc3)=NNC2=O)cccc1,1,0,0,0,0,0,0
HSP90alpha,P07900,seed_42,137,0.6931197047233582,0.698970004,CSc1nc(-c2ccc(F)cc2C)c2c(C#N)c[nH]c2n1,S(C)c1nc(-c2c(C)cc(F)cc2)c2c(C#N)c[nH]c2n1,1,0,0,0,0,0,0
HSP90alpha,P07900,seed_42,138,0.661497175693512,0.696689976,O=c1[nH]nc(-c2ccc(O)cc2O)n1-c1ccccc1F,Fc1c(N2C(c3c(O)cc(O)cc3)=NNC2=O)cccc1,1,0,0,0,0,0,0
HSP90alpha,P07900,seed_42,139,0.6614397168159485,0.6348867174999999,Oc1cc2[nH]nc(Cc3ccccc3)c2cc1-c1ccnn1-c1ccccc1,Oc1c(-c2n(-c3ccccc3)ncc2)cc2c(Cc3ccccc3)n[nH]c2c1,1,0,0,0,0,0,0
HSP90alpha,P07900,seed_42,140,0.5959852337837219,0.68165839,CCOc1ccc2c(c1)CN(C(=O)c1nc(N)nc3ccc(C)cc13)C2,O=C(N1Cc2c(ccc(OCC)c2)C1)c1nc(N)nc2c1cc(C)cc2,1,0,0,0,0,0,0
HSP90alpha,P07900,seed_42,141,0.5920127630233765,0.54752356,CCc1cc(-c2n[nH]c(C)c2-c2ccccc2Cl)c(O)cc1O,Clc1c(-c2c(C)[nH]nc2-c2c(O)cc(O)c(CC)c2)cccc1,1,0,0,0,0,0,0
HSP90alpha,P07900,seed_42,142,0.5396212339401245,0.5948245915,COc1ccc(-c2c(-c3ccc(O)cc3O)n[nH]c2C)cc1,COc1ccc(-c2c(-c3ccc(O)cc3O)n[nH]c2C)cc1,1,0,0,0,0,0,0
HSP90alpha,P07900,seed_42,143,0.5140628218650818,0.58875918,COc1ccc2c(c1)CN(C(=O)c1nc(N)nc3ccc(C)cc13)C2,O=C(N1Cc2c(ccc(OC)c2)C1)c1nc(N)nc2c1cc(C)cc2,1,0,0,0,0,0,0
HSP90alpha,P07900,seed_42,144,0.5026286840438843,0.5543568905,Cc1ccc2nc(N)nc(C(=O)N3Cc4ccccc4C3)c2c1,Cc1ccc2nc(N)nc(C(=O)N3Cc4ccccc4C3)c2c1,1,0,0,0,0,0,0
HSP90alpha,P07900,seed_42,145,0.4041749835014343,0.45284086,CCc1ccc(-c2c(C#N)c(N)nc3sc(C(=O)Nc4ccc5c(c4)OCO5)c(N)c23)cc1,O=C(Nc1cc2OCOc2cc1)c1c(N)c2c(c(C#N)c(N)nc2s1)-c1ccc(CC)cc1,1,0,0,0,0,0,0
HSP90alpha,P07900,seed_42,146,0.40307939052581787,0.42239332,Cc1ccc2nc(N)nc(C(=O)N3Cc4ccc(O)cc4C3)c2c1,O=C(N1Cc2c(ccc(O)c2)C1)c1nc(N)nc2c1cc(C)cc2,1,0,0,0,0,0,0
HSP90alpha,P07900,seed_42,147,0.36943286657333374,0.35127416,CCCc1cc(-c2n[nH]cc2-c2ccc3c(c2)OCCO3)c(O)cc1O,Oc1c(CCC)cc(-c2c(-c3cc4OCCOc4cc3)c[nH]n2)c(O)c1,1,0,0,0,0,0,0
HSP90alpha,P07900,seed_42,148,0.34187984466552734,0.367542708,N#Cc1ccc(N2CCN(CCCc3c[nH]c4cc(O)c(C#N)cc34)CC2)cc1,N#Cc1ccc(N2CCN(CCCc3c[nH]c4cc(O)c(C#N)cc34)CC2)cc1,1,0,0,0,0,0,0
HSP90alpha,P07900,seed_42,149,0.3220697045326233,0.53790173,CCC(=O)c1n[nH]c2cc(O)c(C(=O)N(C)c3ccc(N4CCOCC4)cc3)cc12,O=C(N(C)c1ccc(N2CCOCC2)cc1)c1c(O)cc2[nH]nc(C(=O)CC)c2c1,1,0,0,0,0,0,0
HSP90alpha,P07900,seed_42,150,0.2312006801366806,0.28469321,Oc1cc(O)c(-c2ccnn2-c2ccccc2F)cc1I,Ic1c(O)cc(O)c(-c2n(-c3c(F)cccc3)ncc2)c1,1,0,0,0,0,0,0
HSP90alpha,P07900,seed_42,151,0.21987690031528473,0.258090429,Nc1nc(C(=O)N2Cc3ccccc3C2)c2ccccc2n1,Nc1nc(C(=O)N2Cc3ccccc3C2)c2ccccc2n1,1,0,0,0,0,0,0
HSP90alpha,P07900,seed_42,152,0.21856944262981415,0.256529439,Nc1nc(C(=O)N2Cc3ccc(O)cc3C2)c2ccccc2n1,Nc1nc(C(=O)N2Cc3ccc(O)cc3C2)c2ccccc2n1,1,0,0,0,0,0,0
HSP90alpha,P07900,seed_42,153,0.18002405762672424,0.2418074885,Nc1nc(C(=O)N2Cc3ccccc3C2)c2cc(O)ccc2n1,Nc1nc(C(=O)N2Cc3ccccc3C2)c2cc(O)ccc2n1,1,0,0,0,0,0,0
HSP90alpha,P07900,seed_42,154,0.0836460143327713,0.083546051,Cc1n[nH]c2cc(O)c(-c3ccnn3C3CCCCC3)cc12,Oc1c(-c2n(C3CCCCC3)ncc2)cc2c(C)n[nH]c2c1,1,0,0,0,0,0,0
HSP90alpha,P07900,seed_42,155,0.06322179734706879,0.083546051,Cc1n[nH]c2cc(O)c(-c3ccnn3-c3ccccc3)cc12,Cc1n[nH]c2cc(O)c(-c3ccnn3-c3ccccc3)cc12,1,0,0,0,0,0,0
HSP90alpha,P07900,seed_142,1,3.993373394012451,4.1490474,O=C(NC1c2ccccc2-c2c(-c3nc4cnccc4[nH]3)cccc21)c1ccncc1,O=C(NC1c2c(c(-c3[nH]c4c(n3)cncc4)ccc2)-c2c1cccc2)c1ccncc1,1,1,1,1,1,1,1
HSP90alpha,P07900,seed_142,2,3.481682538986206,3.531701957,COC1CCCN(C(=O)c2n[nH]c3cc(O)c(C(=O)N(C)c4ccc(N5CCOCC5)cc4)cc23)C1,O=C(N(C)c1ccc(N2CCOCC2)cc1)c1c(O)cc2[nH]nc(C(=O)N3CC(OC)CCC3)c2c1,1,1,1,1,0,0,0
HSP90alpha,P07900,seed_142,3,3.481682538986206,3.53165267,CO[C@H]1CCCN(C(=O)c2n[nH]c3cc(O)c(C(=O)N(C)c4ccc(N5CCOCC5)cc4)cc23)C1,CO[C@H]1CCCN(C(=O)c2n[nH]c3cc(O)c(C(=O)N(C)c4ccc(N5CCOCC5)cc4)cc23)C1,1,1,1,1,0,0,0
HSP90alpha,P07900,seed_142,4,3.2453153133392334,3.3559852,Nc1ncc(Cl)c(C(=O)NC2c3ccccc3-c3c(-c4nc5cnccc5[nH]4)cccc32)n1,Clc1c(C(=O)NC2c3c(c(-c4[nH]c5c(n4)cncc5)ccc3)-c3c2cccc3)nc(N)nc1,1,0,1,1,0,0,0
HSP90alpha,P07900,seed_142,5,3.1677768230438232,3.257524969,CN(Cc1ccco1)C(=O)c1cc(-c2n[nH]c(=O)n2-c2ccccc2F)c(O)cc1O,CN(Cc1ccco1)C(=O)c1cc(-c2n[nH]c(=O)n2-c2ccccc2F)c(O)cc1O,1,0,1,1,0,0,0
HSP90alpha,P07900,seed_142,6,3.1099917888641357,3.670434,O=C(NC1c2ccccc2-c2c(-c3nc4cnccc4[nH]3)cccc21)c1ccnc2[nH]ccc12,O=C(NC1c2c(c(-c3[nH]c4c(n3)cncc4)ccc2)-c2c1cccc2)c1c2c([nH]cc2)ncc1,0,0,0,1,0,0,1
HSP90alpha,P07900,seed_142,7,3.0971977710723877,3.215432782,Cc1cn(-c2ccc(C(N)=O)c(NC3CCC(O)CC3)c2)c2c1C(=O)CC(C)(C)C2,O=C(N)c1c(NC2CCC(O)CC2)cc(-n2c3c(c(C)c2)C(=O)CC(C)(C)C3)cc1,1,0,0,1,0,0,0
HSP90alpha,P07900,seed_142,8,3.0971977710723877,3.314258261,Cc1cn(-c2ccc(C(N)=O)c(N[C@H]3CC[C@H](O)CC3)c2)c2c1C(=O)CC(C)(C)C2,Cc1cn(-c2ccc(C(N)=O)c(N[C@H]3CC[C@H](O)CC3)c2)c2c1C(=O)CC(C)(C)C2,1,0,0,1,0,0,0
HSP90alpha,P07900,seed_142,9,3.0589711666107178,3.1230553175,Cc1cccc(Cc2n[nH]c3cc(O)c(C(=O)N(C)c4ccc(N5CCOCC5)cc4)cc23)c1,Cc1cccc(Cc2n[nH]c3cc(O)c(C(=O)N(C)c4ccc(N5CCOCC5)cc4)cc23)c1,1,0,0,1,0,0,0
HSP90alpha,P07900,seed_142,10,3.0420682430267334,3.1036857295,Cc1cccc(Cc2n[nH]c3cc(O)c(C(=O)N(C)c4ccc(N5CCN(C)CC5)cc4)cc23)c1,Cc1cccc(Cc2n[nH]c3cc(O)c(C(=O)N(C)c4ccc(N5CCN(C)CC5)cc4)cc23)c1,1,0,0,1,0,0,0
HSP90alpha,P07900,seed_142,11,2.9947822093963623,3.165811373,Cc1cn(-c2ccc(C(N)=O)c(NC3CCC(=O)CC3)c2)c2c1C(=O)CC(C)(C)C2,Cc1cn(-c2ccc(C(N)=O)c(NC3CCC(=O)CC3)c2)c2c1C(=O)CC(C)(C)C2,1,0,0,0,0,0,0
HSP90alpha,P07900,seed_142,12,2.9900267124176025,3.040958608,CN(C(=O)c1cc2c(C(=O)N3CCCCC3)[nH]nc2cc1O)c1ccc(N2CCOCC2)cc1,O=C(N(C)c1ccc(N2CCOCC2)cc1)c1c(O)cc2n[nH]c(C(=O)N3CCCCC3)c2c1,1,0,0,0,0,0,0
HSP90alpha,P07900,seed_142,13,2.9885032176971436,3.040958604,CN(C(=O)c1cc2c(C(=O)N3CCCCC3)n[nH]c2cc1O)c1ccc(N2CCOCC2)cc1,CN(C(=O)c1cc2c(C(=O)N3CCCCC3)n[nH]c2cc1O)c1ccc(N2CCOCC2)cc1,1,0,0,0,0,0,0
HSP90alpha,P07900,seed_142,14,2.9842522144317627,3.7329869469999997,O=C(NC1c2ccccc2-c2c(-c3nc4ccncc4[nH]3)cccc21)c1ccnc2[nH]ccc12,O=C(NC1c2c(c(-c3[nH]c4c(n3)ccnc4)ccc2)-c2c1cccc2)c1c2c([nH]cc2)ncc1,0,0,0,0,0,0,1
HSP90alpha,P07900,seed_142,15,2.963073492050171,2.9025117,COc1ccccc1CN(C)C(=O)c1cc(-c2n[nH]c(=O)n2-c2ccccc2C)c(O)cc1O,O=C(N(Cc1c(OC)cccc1)C)c1c(O)cc(O)c(C=2N(c3c(C)cccc3)C(=O)NN=2)c1,1,0,0,0,0,0,0
HSP90alpha,P07900,seed_142,16,2.9495737552642822,2.9712938,Cc1ccccc1CN(C)C(=O)c1cc(-c2n[nH]c(=O)n2-c2ccccc2C)c(O)cc1O,O=C(N(Cc1c(C)cccc1)C)c1c(O)cc(O)c(C=2N(c3c(C)cccc3)C(=O)NN=2)c1,1,0,0,0,0,0,0
HSP90alpha,P07900,seed_142,17,2.926647901535034,3.154266346,Cc1ccccc1-n1nccc1-c1cc(C(=O)N(C)Cc2ccco2)c(O)cc1O,Cc1ccccc1-n1nccc1-c1cc(C(=O)N(C)Cc2ccco2)c(O)cc1O,1,0,0,0,0,0,0
HSP90alpha,P07900,seed_142,18,2.9054863452911377,2.860541138,COC1CCN(C(=O)c2n[nH]c3cc(O)c(C(=O)N(C)c4ccc(N5CCOCC5)cc4)cc23)C1,O=C(N(C)c1ccc(N2CCOCC2)cc1)c1c(O)cc2[nH]nc(C(=O)N3CC(OC)CC3)c2c1,1,0,0,0,0,0,0
HSP90alpha,P07900,seed_142,19,2.9054863452911377,2.860120914,CO[C@H]1CCN(C(=O)c2n[nH]c3cc(O)c(C(=O)N(C)c4ccc(N5CCOCC5)cc4)cc23)C1,CO[C@H]1CCN(C(=O)c2n[nH]c3cc(O)c(C(=O)N(C)c4ccc(N5CCOCC5)cc4)cc23)C1,1,0,0,0,0,0,0
HSP90alpha,P07900,seed_142,20,2.901380777359009,2.58031965,Cc1ccccc1-n1c(-c2cc(C(=O)N(C)Cc3ccccc3-c3cccnc3)c(O)cc2O)n[nH]c1=O,O=C(N(Cc1c(-c2cnccc2)cccc1)C)c1c(O)cc(O)c(C=2N(c3c(C)cccc3)C(=O)NN=2)c1,0,0,0,0,0,0,0
HSP90alpha,P07900,seed_142,21,2.898529052734375,2.896196279,COc1c(C)cnc(Cn2cc(C#CCC(C)(C)O)c3c(Cl)nc(N)nc32)c1C,COc1c(C)cnc(Cn2cc(C#CCC(C)(C)O)c3c(Cl)nc(N)nc32)c1C,1,0,0,0,0,0,0
HSP90alpha,P07900,seed_142,22,2.8702540397644043,3.123782159,Cc1cccc(Cc2n[nH]c3cc(O)c(C(=O)N(C)c4ccc(N5CC[NH+](C)CC5)cc4)cc23)c1,O=C(N(C)c1ccc(N2CC[NH+](C)CC2)cc1)c1c(O)cc2[nH]nc(Cc3cc(C)ccc3)c2c1,0,0,0,0,0,0,0
HSP90alpha,P07900,seed_142,23,2.868966817855835,2.880354967,Cc1cccc(Cc2n[nH]c3cc(O)c(C(=O)N(C)c4ccc(N5CCNCC5)cc4)cc23)c1,O=C(N(C)c1ccc(N2CCNCC2)cc1)c1c(O)cc2[nH]nc(Cc3cc(C)ccc3)c2c1,1,0,0,0,0,0,0
HSP90alpha,P07900,seed_142,24,2.8617055416107178,2.9194574080000004,Cc1cccc(Cc2n[nH]c3cc(O)c(C(=O)N(C)c4ccc(N5CCOCC5=O)cc4)cc23)c1,Cc1cccc(Cc2n[nH]c3cc(O)c(C(=O)N(C)c4ccc(N5CCOCC5=O)cc4)cc23)c1,1,0,0,0,0,0,0
HSP90alpha,P07900,seed_142,25,2.8608059883117676,2.896196279,COc1c(C)cnc(Cn2cc(C=CCC(C)(C)O)c3c(Cl)nc(N)nc32)c1C,Clc1nc(N)nc2n(Cc3c(C)c(OC)c(C)cn3)cc(C=CCC(O)(C)C)c12,1,0,0,0,0,0,0
HSP90alpha,P07900,seed_142,26,2.850933313369751,3.129596095,Cc1cccc(Cc2n[nH]c3cc(O)c(C(=O)N(C)c4ccc(N5CCCCC5)cc4)cc23)c1,Cc1cccc(Cc2n[nH]c3cc(O)c(C(=O)N(C)c4ccc(N5CCCCC5)cc4)cc23)c1,0,0,0,0,0,0,0
HSP90alpha,P07900,seed_142,27,2.8067572116851807,3.004803708,Nc1cc(C(=O)NC2c3ccccc3-c3c(-c4nc5ccncc5[nH]4)cccc32)ccn1,Nc1cc(C(=O)NC2c3ccccc3-c3c(-c4nc5ccncc5[nH]4)cccc32)ccn1,1,0,0,0,0,0,0
HSP90alpha,P07900,seed_142,28,2.8065249919891357,2.906578315,Cc1cccc(Cc2n[nH]c3cc(O)c(C(=O)N(C)c4ccc(N5CC[NH2+]CC5)cc4)cc23)c1,Cc1cccc(Cc2n[nH]c3cc(O)c(C(=O)N(C)c4ccc(N5CC[NH2+]CC5)cc4)cc23)c1,0,0,0,0,0,0,0
HSP90alpha,P07900,seed_142,29,2.7988107204437256,2.8130436,CCC(F)c1n[nH]c2cc(O)c(C(=O)N(C)c3ccc(N4CCOCC4)cc3)cc12,FC(CC)c1n[nH]c2c1cc(C(=O)N(C)c1ccc(N3CCOCC3)cc1)c(O)c2,1,0,0,0,0,0,0
HSP90alpha,P07900,seed_142,30,2.795431137084961,2.86918425,CC(C)CN(C)C(=O)c1n[nH]c2cc(O)c(C(=O)N(C)c3ccc(N4CCOCC4)cc3)cc12,O=C(N(CC(C)C)C)c1n[nH]c2c1cc(C(=O)N(C)c1ccc(N3CCOCC3)cc1)c(O)c2,1,0,0,0,0,0,0
HSP90alpha,P07900,seed_142,31,2.792473077774048,3.0046721,Nc1cc(C(=O)NC2c3ccccc3-c3c(-c4nc5cnccc5[nH]4)cccc32)ccn1,O=C(NC1c2c(c(-c3[nH]c4c(n3)cncc4)ccc2)-c2c1cccc2)c1cc(N)ncc1,1,0,0,0,0,0,0
HSP90alpha,P07900,seed_142,32,2.785473585128784,4.0,CCNC(=O)c1noc(-c2cc(C(C)C)c(O)cc2O)c1-c1ccc(C[NH+]2CCOCC2)cc1,O=C(NCC)c1c(c(-c2c(O)cc(O)c(C(C)C)c2)on1)-c1ccc(C[NH+]2CCOCC2)cc1,0,0,0,0,1,1,1
HSP90alpha,P07900,seed_142,33,2.763575315475464,4.0,CCNC(=O)c1noc(-c2cc(Cl)c(O)cc2O)c1-c1ccc(C[NH+]2CCOCC2)cc1,Clc1c(O)cc(O)c(-c2c(c(C(=O)NCC)no2)-c2ccc(C[NH+]3CCOCC3)cc2)c1,0,0,0,0,1,1,1
HSP90alpha,P07900,seed_142,34,2.7609822750091553,2.7521280395,Cc1ccccc1-n1c(-c2cc(C(=O)N(C)Cc3cccs3)c(O)cc2O)n[nH]c1=O,Cc1ccccc1-n1c(-c2cc(C(=O)N(C)Cc3cccs3)c(O)cc2O)n[nH]c1=O,1,0,0,0,0,0,0
HSP90alpha,P07900,seed_142,35,2.756314516067505,2.7935115,CCC(C)c1n[nH]c2cc(O)c(C(=O)N(C)c3ccc(N4CCOCC4)cc3)cc12,O=C(N(C)c1ccc(N2CCOCC2)cc1)c1c(O)cc2[nH]nc(C(CC)C)c2c1,1,0,0,0,0,0,0
HSP90alpha,P07900,seed_142,36,2.754542589187622,2.821023053,Nc1nc(C(=O)N2Cc3ccccc3C2)c2cc(-c3cc(F)c(F)cc3CCc3nnn[nH]3)ccc2n1,Fc1c(F)cc(c(CCc2[nH]nnn2)c1)-c1cc2c(C(=O)N3Cc4c(cccc4)C3)nc(N)nc2cc1,1,0,0,0,0,0,0
HSP90alpha,P07900,seed_142,37,2.734415054321289,2.864753211,Cc1ccccc1-n1c(-c2cc(C(=O)N(C)Cc3ccccc3)c(O)cc2O)n[nH]c1=O,Cc1ccccc1-n1c(-c2cc(C(=O)N(C)Cc3ccccc3)c(O)cc2O)n[nH]c1=O,1,0,0,0,0,0,0
HSP90alpha,P07900,seed_142,38,2.717994451522827,2.8471794105,Cc1cccc(CN(C)C(=O)c2cc(-c3n[nH]c(=O)n3-c3ccccc3C)c(O)cc2O)c1,Cc1cccc(CN(C)C(=O)c2cc(-c3n[nH]c(=O)n3-c3ccccc3C)c(O)cc2O)c1,1,0,0,0,0,0,0
HSP90alpha,P07900,seed_142,39,2.7096238136291504,2.7958801,CN(C(=O)c1cc2c(CC3CCCC3)n[nH]c2cc1O)c1ccc(N2CCOCC2)cc1,O=C(N(C)c1ccc(N2CCOCC2)cc1)c1c(O)cc2[nH]nc(CC3CCCC3)c2c1,1,0,0,0,0,0,0
HSP90alpha,P07900,seed_142,40,2.703674554824829,2.6144906005,CN(C(=O)c1cc2c(C(=O)N3CCCC3)n[nH]c2cc1O)c1ccc(N2CCOCC2)cc1,CN(C(=O)c1cc2c(C(=O)N3CCCC3)n[nH]c2cc1O)c1ccc(N2CCOCC2)cc1,1,0,0,0,0,0,0
HSP90alpha,P07900,seed_142,41,2.6910598278045654,3.723538196,O=C(NC1c2ccccc2-c2c(-c3nc4cc(F)ccc4[nH]3)cccc21)c1ccnc2[nH]ccc12,Fc1cc2nc(-c3c-4c(C(NC(=O)c5c6c([nH]cc6)ncc5)c5c-4cccc5)ccc3)[nH]c2cc1,0,0,0,0,0,0,1
HSP90alpha,P07900,seed_142,42,2.6910598278045654,3.723538196,O=C(N[C@@H]1c2ccccc2-c2c(-c3nc4cc(F)ccc4[nH]3)cccc21)c1ccnc2[nH]ccc12,Fc1ccc2[nH]c(nc2c1)-c1cccc2[C@H](NC(=O)c3ccnc4[nH]ccc34)c3ccccc3-c12,0,0,0,0,0,0,1
HSP90alpha,P07900,seed_142,43,2.679384469985962,2.683868054,CCNC(=O)c1noc(-c2cc(Cl)c(O)cc2O)c1-c1ccc(OC)cc1,CCNC(=O)c1noc(-c2cc(Cl)c(O)cc2O)c1-c1ccc(OC)cc1,1,0,0,0,0,0,0
HSP90alpha,P07900,seed_142,44,2.674652099609375,2.51404215,Cc1ccccc1-n1c(-c2cc(C(=O)N(C)Cc3cccc(-c4cncnc4)c3)c(O)cc2O)n[nH]c1=O,O=C(N(Cc1cc(-c2cncnc2)ccc1)C)c1c(O)cc(O)c(C=2N(c3c(C)cccc3)C(=O)NN=2)c1,0,0,0,0,0,0,0
HSP90alpha,P07900,seed_142,45,2.6404411792755127,3.0,CCNC(=O)c1noc(-c2cc(Cl)c(O)cc2O)c1-c1ccc(CN2CCOCC2)cc1C,CCNC(=O)c1noc(c1-c1ccc(CN2CCOCC2)cc1C)-c1cc(Cl)c(O)cc1O,0,0,0,0,0,0,0
HSP90alpha,P07900,seed_142,46,2.616691827774048,2.337242168,Cc1ccccc1-n1c(-c2cc(C(=O)N(C)Cc3ccco3)c(O)cc2O)n[nH]c1=O,O=C(N(Cc1occc1)C)c1c(O)cc(O)c(C=2N(c3c(C)cccc3)C(=O)NN=2)c1,1,0,0,0,0,0,0
HSP90alpha,P07900,seed_142,47,2.6095993518829346,2.655273836,CCCCN(C)C(=O)c1cc(-c2n[nH]c(=O)n2-c2ccccc2F)c(O)cc1O,CCCCN(C)C(=O)c1cc(-c2n[nH]c(=O)n2-c2ccccc2F)c(O)cc1O,1,0,0,0,0,0,0
HSP90alpha,P07900,seed_142,48,2.6040706634521484,2.5850267,COc1cccc(Cc2n[nH]c3cc(O)c(C(=O)N(C)c4ccc(N5CCOCC5)cc4)cc23)c1,O=C(N(C)c1ccc(N2CCOCC2)cc1)c1c(O)cc2[nH]nc(Cc3cc(OC)ccc3)c2c1,1,0,0,0,0,0,0
HSP90alpha,P07900,seed_142,49,2.5882585048675537,2.70469365,Nc1nc(C(=O)N2Cc3ccccc3C2)c2cc(-c3cc(F)c(F)cc3Cc3nnn[nH]3)ccc2n1,Fc1c(F)cc(c(Cc2[nH]nnn2)c1)-c1cc2c(C(=O)N3Cc4c(cccc4)C3)nc(N)nc2cc1,1,0,0,0,0,0,0
HSP90alpha,P07900,seed_142,50,2.5858561992645264,2.5376019,CCCc1n[nH]c2cc(O)c(C(=O)N(C)c3ccc(N4CCOCC4)cc3)cc12,O=C(N(C)c1ccc(N2CCOCC2)cc1)c1c(O)cc2[nH]nc(CCC)c2c1,1,0,0,0,0,0,0
HSP90alpha,P07900,seed_142,51,2.55910062789917,2.5686362,CCCCc1n[nH]c2cc(O)c(C(=O)N(C)c3ccc(N4CCOCC4)cc3)cc12,O=C(N(C)c1ccc(N2CCOCC2)cc1)c1c(O)cc2[nH]nc(CCCC)c2c1,1,0,0,0,0,0,0
HSP90alpha,P07900,seed_142,52,2.547621011734009,2.6966150325,CCCCN(C)C(=O)c1n[nH]c2cc(O)c(C(=O)N(C)c3ccc(N4CCOCC4)cc3)cc12,CCCCN(C)C(=O)c1n[nH]c2cc(O)c(C(=O)N(C)c3ccc(N4CCOCC4)cc3)cc12,1,0,0,0,0,0,0
HSP90alpha,P07900,seed_142,53,2.5447075366973877,2.5528419,CN(C(=O)c1cc2c(CC3CCCCC3)n[nH]c2cc1O)c1ccc(N2CCOCC2)cc1,O=C(N(C)c1ccc(N2CCOCC2)cc1)c1c(O)cc2[nH]nc(CC3CCCCC3)c2c1,1,0,0,0,0,0,0
HSP90alpha,P07900,seed_142,54,2.542682409286499,2.6025259715,Cc1cccc(Cc2n[nH]c3cc(O)c(C(=O)N(C)c4ccc(N(C)C)cc4)cc23)c1,Cc1cccc(Cc2n[nH]c3cc(O)c(C(=O)N(C)c4ccc(N(C)C)cc4)cc23)c1,1,0,0,0,0,0,0
HSP90alpha,P07900,seed_142,55,2.540245771408081,2.5524931,CCCc1n[nH]c2cc(O)c(C(=O)N(C)c3ccc(C4CCN(C)CC4)cc3)cc12,O=C(N(C)c1ccc(C2CCN(C)CC2)cc1)c1c(O)cc2[nH]nc(CCC)c2c1,1,0,0,0,0,0,0
HSP90alpha,P07900,seed_142,56,2.536166191101074,2.5301781,Cc1cccc(Cc2n[nH]c3cc(O)c(C(=O)N(C)c4ccc(CN5CCOCC5)cc4)cc23)c1,O=C(N(C)c1ccc(CN2CCOCC2)cc1)c1c(O)cc2[nH]nc(Cc3cc(C)ccc3)c2c1,1,0,0,0,0,0,0
HSP90alpha,P07900,seed_142,57,2.530179738998413,2.6798537,Cc1cccc(Cc2n[nH]c3cc(O)c(C(=O)N(C)c4ccc(OCCCC#N)cc4)cc23)c1,O=C(N(C)c1ccc(OCCCC#N)cc1)c1c(O)cc2[nH]nc(Cc3cc(C)ccc3)c2c1,0,0,0,0,0,0,0
HSP90alpha,P07900,seed_142,58,2.5161876678466797,2.8570373,CN1CCC(c2ccc(N(C)C(=O)c3cc4c(CCC(C)(C)C)n[nH]c4cc3O)cc2)CC1,O=C(N(C)c1ccc(C2CCN(C)CC2)cc1)c1c(O)cc2[nH]nc(CCC(C)(C)C)c2c1,0,0,0,0,0,0,0
HSP90alpha,P07900,seed_142,59,2.504709482192993,2.5139896505,CCCCN(C)C(=O)c1cc(-c2n[nH]c(=O)n2-c2ccccc2)c(O)cc1O,CCCCN(C)C(=O)c1cc(-c2n[nH]c(=O)n2-c2ccccc2)c(O)cc1O,1,0,0,0,0,0,0
HSP90alpha,P07900,seed_142,60,2.500903844833374,2.4004528990000003,Cc1ccccc1-n1c(-c2cc(C(=O)N(C)CC3CCCO3)c(O)cc2O)n[nH]c1=O,Cc1ccccc1-n1c(-c2cc(C(=O)N(C)CC3CCCO3)c(O)cc2O)n[nH]c1=O,1,0,0,0,0,0,0
HSP90alpha,P07900,seed_142,61,2.496427297592163,2.5160029,COCc1n[nH]c2cc(O)c(C(=O)N(C)c3ccc(N4CCOCC4)cc3)cc12,O=C(N(C)c1ccc(N2CCOCC2)cc1)c1c(O)cc2[nH]nc(COC)c2c1,1,0,0,0,0,0,0
HSP90alpha,P07900,seed_142,62,2.477585554122925,3.722964,O=C(NC1c2ccccc2-c2c(-c3nc4ccc(F)cc4[nH]3)cccc21)c1ccnc2[nH]ccc12,Fc1cc2[nH]c(-c3c-4c(C(NC(=O)c5c6c([nH]cc6)ncc5)c5c-4cccc5)ccc3)nc2cc1,0,0,0,0,0,0,1
HSP90alpha,P07900,seed_142,63,2.444488763809204,3.865982546,Cc1nn(-c2ccc(C(N)=O)c(NC3CCC(O)CC3)c2)c2cccc(-c3cnc4ccccc4c3)c12,O=C(N)c1c(NC2CCC(O)CC2)cc(-n2nc(C)c3c(-c4cnc5c(c4)cccc5)cccc23)cc1,0,0,0,0,0,1,1
HSP90alpha,P07900,seed_142,64,2.444488763809204,3.866461092,Cc1nn(-c2ccc(C(N)=O)c(N[C@H]3CC[C@H](O)CC3)c2)c2cccc(-c3cnc4ccccc4c3)c12,Cc1nn(-c2ccc(C(N)=O)c(N[C@H]3CC[C@H](O)CC3)c2)c2cccc(-c3cnc4ccccc4c3)c12,0,0,0,0,0,1,1
HSP90alpha,P07900,seed_142,65,2.4430344104766846,2.8569852,CN(C(=O)c1cc2c(CCC(C)(C)C)n[nH]c2cc1O)c1ccc(C2CC[NH+](C)CC2)cc1,C[NH+]1CCC(c2ccc(N(C)C(=O)c3cc4c(CCC(C)(C)C)n[nH]c4cc3O)cc2)CC1,0,0,0,0,0,0,0
HSP90alpha,P07900,seed_142,66,2.420494794845581,2.5626855,CCCc1n[nH]c2c(Br)c(O)c(C(=O)N(C)c3ccc(N4CCOCC4)cc3)cc12,Brc1c(O)c(C(=O)N(C)c2ccc(N3CCOCC3)cc2)cc2c(CCC)n[nH]c12,1,0,0,0,0,0,0
HSP90alpha,P07900,seed_142,67,2.3940370082855225,2.5228786,Cc1cccc(Cc2n[nH]c3cc(O)c(C(=O)N(C)c4ccc(OCCN(C)C)cc4)cc23)c1,O=C(N(C)c1ccc(OCCN(C)C)cc1)c1c(O)cc2[nH]nc(Cc3cc(C)ccc3)c2c1,1,0,0,0,0,0,0
HSP90alpha,P07900,seed_142,68,2.364842176437378,0.943095149,CCCCC#Cc1ccc(N[C@H]2CC[C@H](O)CC2)c(C(N)=O)c1,CCCCC#Cc1ccc(N[C@H]2CC[C@H](O)CC2)c(c1)C(N)=O,0,0,0,0,0,0,0
HSP90alpha,P07900,seed_142,69,2.3036739826202393,2.3260579,COc1ccc(CN(C)C(=O)c2cc(-c3n[nH]c(=O)n3-c3ccccc3C)c(O)cc2O)cc1,O=C(N(Cc1ccc(OC)cc1)C)c1c(O)cc(O)c(C=2N(c3c(C)cccc3)C(=O)NN=2)c1,1,0,0,0,0,0,0
HSP90alpha,P07900,seed_142,70,2.29744553565979,2.3979399,COc1ccc(N(C)C(=O)c2cc3c(Cc4cccc(C)c4)n[nH]c3cc2O)cc1,O=C(N(C)c1ccc(OC)cc1)c1c(O)cc2[nH]nc(Cc3cc(C)ccc3)c2c1,1,0,0,0,0,0,0
HSP90alpha,P07900,seed_142,71,2.287419557571411,2.2594183235000003,CCCN(C)S(=O)(=O)c1cc(-c2n[nH]c(=O)n2-c2ccccc2F)c(O)cc1O,CCCN(C)S(=O)(=O)c1cc(-c2n[nH]c(=O)n2-c2ccccc2F)c(O)cc1O,1,0,0,0,0,0,0
HSP90alpha,P07900,seed_142,72,2.2810885906219482,3.556013778,O=C(NC1c2ccccc2-c2c(-c3cnc4ccccc4c3)cccc21)c1c(Br)cnc2[nH]cnc12,Brc1c(C(=O)NC2c3c(c(-c4cnc5c(c4)cccc5)ccc3)-c3c2cccc3)c2nc[nH]c2nc1,0,0,0,0,0,0,0
HSP90alpha,P07900,seed_142,73,2.265561580657959,2.3100635995000003,CCCN(C)C(=O)c1cc(-c2n[nH]c(=O)n2-c2ccccc2C)c(O)cc1O,CCCN(C)C(=O)c1cc(-c2n[nH]c(=O)n2-c2ccccc2C)c(O)cc1O,1,0,0,0,0,0,0
HSP90alpha,P07900,seed_142,74,2.265533208847046,2.2621334255,CCCN(C)C(=O)c1cc(-c2n[nH]c(=O)n2-c2ccccc2F)c(O)cc1O,CCCN(C)C(=O)c1cc(-c2n[nH]c(=O)n2-c2ccccc2F)c(O)cc1O,1,0,0,0,0,0,0
HSP90alpha,P07900,seed_142,75,2.2619855403900146,2.2964248595,Cc1ccc(N(C)C(=O)c2cc3c(Cc4cccc(C)c4)n[nH]c3cc2O)cc1,Cc1ccc(N(C)C(=O)c2cc3c(Cc4cccc(C)c4)n[nH]c3cc2O)cc1,1,0,0,0,0,0,0
HSP90alpha,P07900,seed_142,76,2.2391250133514404,2.377878523,Nc1nc(C(=O)N2Cc3ccccc3C2)c2cc(-c3ccccc3CO)ccc2n1,O=C(N1Cc2c(cccc2)C1)c1nc(N)nc2c1cc(-c1c(CO)cccc1)cc2,1,0,0,0,0,0,0
HSP90alpha,P07900,seed_142,77,2.2227680683135986,2.342944147,Nc1nc(C(=O)N2Cc3ccccc3C2)c2cc(-c3ccccc3O)ccc2n1,Nc1nc(C(=O)N2Cc3ccccc3C2)c2cc(-c3ccccc3O)ccc2n1,1,0,0,0,0,0,0
HSP90alpha,P07900,seed_142,78,2.21962833404541,2.3625102,Cc1cccc(Cc2n[nH]c3cc(O)c(C(=O)N(C)c4ccc(CNS(C)(=O)=O)cc4)cc23)c1,S(=O)(=O)(NCc1ccc(N(C(=O)c2c(O)cc3[nH]nc(Cc4cc(C)ccc4)c3c2)C)cc1)C,1,0,0,0,0,0,0
HSP90alpha,P07900,seed_142,79,2.198622941970825,2.2508990375,Cc1cccc(Cc2n[nH]c3cc(O)c(C(=O)N(C)c4ccc5c(c4)OCO5)cc23)c1,Cc1cccc(Cc2n[nH]c3cc(O)c(C(=O)N(C)c4ccc5c(c4)OCO5)cc23)c1,1,0,0,0,0,0,0
HSP90alpha,P07900,seed_142,80,2.1669318675994873,2.3609953,COc1ccc(I)c(Sc2nc3c(N)ncnc3n2CCNCC(C)(C)C)c1,Ic1c(Sc2n(CCNCC(C)(C)C)c3ncnc(N)c3n2)cc(OC)cc1,0,0,0,0,0,0,0
HSP90alpha,P07900,seed_142,81,2.1655824184417725,2.343901798,CNCc1ccccc1-c1ccc2nc(N)nc(C(=O)N3Cc4ccccc4C3)c2c1,CNCc1ccccc1-c1ccc2nc(N)nc(C(=O)N3Cc4ccccc4C3)c2c1,1,0,0,0,0,0,0
HSP90alpha,P07900,seed_142,82,2.15676212310791,2.4321506,CCNC(=O)C1(c2ccc3nc(N)nc(C(=O)N4Cc5ccccc5C4)c3c2)CCC1,O=C(N1Cc2c(cccc2)C1)c1nc(N)nc2c1cc(C1(C(=O)NCC)CCC1)cc2,1,0,0,0,0,0,0
HSP90alpha,P07900,seed_142,83,2.138882875442505,2.1999707,Cc1cccc(Cc2n[nH]c3cc(O)c(C(=O)N(C)c4ccc5c(c4)OCCO5)cc23)c1,O=C(N(C)c1cc2OCCOc2cc1)c1c(O)cc2[nH]nc(Cc3cc(C)ccc3)c2c1,1,0,0,0,0,0,0
HSP90alpha,P07900,seed_142,84,2.130842447280884,2.124360448,CCNC(=O)c1[nH]nc(-c2cc(Cl)c(O)cc2O)c1-c1ccc(OC)cc1,CCNC(=O)c1[nH]nc(-c2cc(Cl)c(O)cc2O)c1-c1ccc(OC)cc1,1,0,0,0,0,0,0
HSP90alpha,P07900,seed_142,85,2.126265287399292,1.9665762,Cc1cccc(Cc2n[nH]c3cc(O)c(C(=O)N(C)c4ccc(Br)cc4)cc23)c1,Brc1ccc(N(C(=O)c2c(O)cc3[nH]nc(Cc4cc(C)ccc4)c3c2)C)cc1,0,0,0,0,0,0,0
HSP90alpha,P07900,seed_142,86,2.0880186557769775,2.2494917,CC(=O)N1CCc2ccc(N(C)C(=O)c3cc4c(Cc5cccc(C)c5)n[nH]c4cc3O)cc21,O=C(C)N1c2c(ccc(N(C(=O)c3c(O)cc4[nH]nc(Cc5cc(C)ccc5)c4c3)C)c2)CC1,1,0,0,0,0,0,0
HSP90alpha,P07900,seed_142,87,2.053426504135132,2.1135092565,Cc1cccc(Cc2n[nH]c3cc(O)c(C(=O)N(C)c4cccc(C)c4)cc23)c1,Cc1cccc(Cc2n[nH]c3cc(O)c(C(=O)N(C)c4cccc(C)c4)cc23)c1,1,0,0,0,0,0,0
HSP90alpha,P07900,seed_142,88,2.04996919631958,3.13667714,C=CCNC1=C2CC(C)CC(OC)C(O)C(C)C=C(C)C(OC(N)=O)C(OC)C=CC=C(C)C(=O)NC(=CC1=O)C2=O,O=C(OC1C(C)=CC(C)C(O)C(OC)CC(C)CC=2C(=O)C(NC(=O)C(C)=CC=CC1OC)=CC(=O)C=2NCC=C)N,0,0,0,0,0,0,0
HSP90alpha,P07900,seed_142,89,2.0361721515655518,2.343901798,C[NH2+]Cc1ccccc1-c1ccc2nc(N)nc(C(=O)N3Cc4ccccc4C3)c2c1,O=C(N1Cc2c(cccc2)C1)c1nc(N)nc2c1cc(-c1c(C[NH2+]C)cccc1)cc2,0,0,0,0,0,0,0
HSP90alpha,P07900,seed_142,90,2.0320801734924316,2.027612,O=c1[nH]nc(-c2cc(CCc3ccccc3)c(O)cc2O)n1-c1ccccc1F,Fc1c(N2C(c3c(O)cc(O)c(CCc4ccccc4)c3)=NNC2=O)cccc1,1,0,0,0,0,0,0
HSP90alpha,P07900,seed_142,91,2.020447015762329,2.4629369,CC(C)NCCCn1c(Sc2cc3c(cc2I)OCO3)nc2c(N)ncnc21,Ic1c(Sc2n(CCCNC(C)C)c3ncnc(N)c3n2)cc2OCOc2c1,0,0,0,0,0,0,0
HSP90alpha,P07900,seed_142,92,2.00899600982666,1.844664,Cc1cccc(Cc2n[nH]c3cc(O)c(C(=O)N(C)c4ccc(Cl)cc4)cc23)c1,Clc1ccc(N(C(=O)c2c(O)cc3[nH]nc(Cc4cc(C)ccc4)c3c2)C)cc1,0,0,0,0,0,0,0
HSP90alpha,P07900,seed_142,93,2.000098705291748,2.5301781,COc1ccc(N(C)C(=O)c2cc3c(Cc4cccc(C)c4)n[nH]c3cc2O)cc1Cl,Clc1c(OC)ccc(N(C(=O)c2c(O)cc3[nH]nc(Cc4cc(C)ccc4)c3c2)C)c1,0,0,0,0,0,0,0
HSP90alpha,P07900,seed_142,94,1.9683419466018677,2.0506101,CC(=O)c1ccc(N(C)C(=O)c2cc3c(Cc4cccc(C)c4)n[nH]c3cc2O)cc1,O=C(N(C)c1ccc(C(=O)C)cc1)c1c(O)cc2[nH]nc(Cc3cc(C)ccc3)c2c1,1,0,0,0,0,0,0
HSP90alpha,P07900,seed_142,95,1.9477260112762451,1.9168558,O=C(O)c1cc(-c2n[nH]c(=O)n2-c2ccccc2F)c(O)cc1O,Fc1c(N2C(c3c(O)cc(O)c(C(=O)O)c3)=NNC2=O)cccc1,1,0,0,0,0,0,0
HSP90alpha,P07900,seed_142,96,1.9277355670928955,2.0241427515000003,Cc1cccc(Cc2n[nH]c3cc(O)c(C(=O)N(C)c4ccccc4)cc23)c1,Cc1cccc(Cc2n[nH]c3cc(O)c(C(=O)N(C)c4ccccc4)cc23)c1,1,0,0,0,0,0,0
HSP90alpha,P07900,seed_142,97,1.9189419746398926,1.9817573,CCNC(=O)c1n[nH]c(-c2cc(Cl)c(O)cc2O)c1-c1ccc(OC)cc1,Clc1c(O)cc(O)c(-c2c(c(C(=O)NCC)n[nH]2)-c2ccc(OC)cc2)c1,1,0,0,0,0,0,0
HSP90alpha,P07900,seed_142,98,1.9012850522994995,1.879426069,CN(C(=O)c1cc2c(C(=O)N3CCOCC3)[nH]nc2cc1O)c1ccc(N2CCOCC2)cc1,O=C(N(C)c1ccc(N2CCOCC2)cc1)c1c(O)cc2n[nH]c(C(=O)N3CCOCC3)c2c1,1,0,0,0,0,0,0
HSP90alpha,P07900,seed_142,99,1.9007129669189453,1.8796525095,CN(C(=O)c1cc2c(C(=O)N3CCOCC3)n[nH]c2cc1O)c1ccc(N2CCOCC2)cc1,CN(C(=O)c1cc2c(cc1O)[nH]nc2C(=O)N1CCOCC1)c1ccc(N2CCOCC2)cc1,1,0,0,0,0,0,0
HSP90alpha,P07900,seed_142,100,1.8757346868515015,1.9318142,Cc1cccc(Cc2n[nH]c3cc(O)c(C(=O)N(C)c4cccc(Cl)c4)cc23)c1,Clc1cc(N(C(=O)c2c(O)cc3[nH]nc(Cc4cc(C)ccc4)c3c2)C)ccc1,0,0,0,0,0,0,0
HSP90alpha,P07900,seed_142,101,1.866007924079895,1.8638014395,CC(C)N(C)S(=O)(=O)c1cc(-c2n[nH]c(=O)n2-c2ccccc2Cl)c(O)cc1O,CC(C)N(C)S(=O)(=O)c1cc(-c2n[nH]c(=O)n2-c2ccccc2Cl)c(O)cc1O,1,0,0,0,0,0,0
HSP90alpha,P07900,seed_142,102,1.8655269145965576,1.9200233,O=C(O)c1cc(-c2n[nH]c(=O)n2-c2ccccc2F)c(O)c(Br)c1O,Brc1c(O)c(C(=O)O)cc(c1O)C=1N(c2c(F)cccc2)C(=O)NN=1,1,0,0,0,0,0,0
HSP90alpha,P07900,seed_142,103,1.8594679832458496,3.623423043,C[NH+]1CCN(S(=O)(=O)c2ccccc2-c2ccc3nc(N)nc(C(=O)N4Cc5ccccc5C4)c3c2)CC1,C[NH+]1CCN(S(=O)(=O)c2ccccc2-c2ccc3nc(N)nc(C(=O)N4Cc5ccccc5C4)c3c2)CC1,0,0,0,0,0,0,0
HSP90alpha,P07900,seed_142,104,1.8403536081314087,1.8996295,CC(=O)N1CCc2cc(N(C)C(=O)c3cc4c(Cc5cccc(C)c5)n[nH]c4cc3O)ccc21,O=C(C)N1c2c(cc(N(C(=O)c3c(O)cc4[nH]nc(Cc5cc(C)ccc5)c4c3)C)cc2)CC1,1,0,0,0,0,0,0
HSP90alpha,P07900,seed_142,105,1.7892663478851318,0.638272164,CC1CCc2cc(F)ccc2N1C(=O)c1ccc(O)cc1O,CC1CCc2cc(F)ccc2N1C(=O)c1ccc(O)cc1O,0,0,0,0,0,0,0
HSP90alpha,P07900,seed_142,106,1.7892663478851318,0.22184875,C[C@@H]1CCc2cc(F)ccc2N1C(=O)c1ccc(O)cc1O,C[C@@H]1CCc2cc(F)ccc2N1C(=O)c1ccc(O)cc1O,0,0,0,0,0,0,0
HSP90alpha,P07900,seed_142,107,1.7892663478851318,0.744727495,C[C@H]1CCc2cc(F)ccc2N1C(=O)c1ccc(O)cc1O,C[C@H]1CCc2cc(F)ccc2N1C(=O)c1ccc(O)cc1O,0,0,0,0,0,0,0
HSP90alpha,P07900,seed_142,108,1.7001891136169434,1.793174118,COc1cccc(N(C)C(=O)c2cc3c(Cc4cccc(C)c4)n[nH]c3cc2O)c1,COc1cccc(N(C)C(=O)c2cc3c(Cc4cccc(C)c4)n[nH]c3cc2O)c1,1,0,0,0,0,0,0
HSP90alpha,P07900,seed_142,109,1.6905781030654907,1.8028486655,CCCCCCN(C)C(=O)c1cc(-c2ccnn2-c2ccccc2C)c(O)cc1O,CCCCCCN(C)C(=O)c1cc(-c2ccnn2-c2ccccc2C)c(O)cc1O,1,0,0,0,0,0,0
HSP90alpha,P07900,seed_142,110,1.6806628704071045,0.537602002,COc1cc2c(cc1OC)C(c1cccnc1)N(C(=O)c1ccc(O)cc1O)CC2,COc1cc2CCN(C(c3cccnc3)c2cc1OC)C(=O)c1ccc(O)cc1O,0,0,0,0,0,0,0
HSP90alpha,P07900,seed_142,111,1.676654577255249,1.718645423,CC(C)N(C)S(=O)(=O)c1cc(-c2n[nH]c(=O)n2-c2ccccc2F)c(O)cc1O,CC(C)N(C)S(=O)(=O)c1cc(-c2n[nH]c(=O)n2-c2ccccc2F)c(O)cc1O,1,0,0,0,0,0,0
HSP90alpha,P07900,seed_142,112,1.6715929508209229,0.853871964,O=C(c1ccc(O)cc1O)N(Cc1ccccc1)c1ccccc1,Oc1ccc(C(=O)N(Cc2ccccc2)c2ccccc2)c(O)c1,0,0,0,0,0,0,0
HSP90alpha,P07900,seed_142,113,1.647908091545105,1.5759898235,Cc1cnc(Cn2ccc3c(Cl)nc(N)nc32)c(C)c1Cl,Cc1cnc(Cn2ccc3c(Cl)nc(N)nc32)c(C)c1Cl,1,0,0,0,0,0,0
HSP90alpha,P07900,seed_142,114,1.5579899549484253,1.6309466,CCC(O)c1n[nH]c2cc(O)c(C(=O)N(C)c3ccc(N4CCOCC4)cc3)cc12,O=C(N(C)c1ccc(N2CCOCC2)cc1)c1c(O)cc2[nH]nc(C(O)CC)c2c1,1,0,0,0,0,0,0
HSP90alpha,P07900,seed_142,115,1.5434565544128418,1.7175303145,O=c1[nH]nc(-c2cc(Br)c(O)cc2O)n1-c1ccccc1F,Brc1c(O)cc(O)c(C=2N(c3c(F)cccc3)C(=O)NN=2)c1,1,0,0,0,0,0,0
HSP90alpha,P07900,seed_142,116,1.4983619451522827,1.649396841,Cc1cccc(Cc2n[nH]c3cc(O)c(C(=O)N(C)Cc4ccccc4)cc23)c1,Cc1cccc(Cc2n[nH]c3cc(O)c(C(=O)N(C)Cc4ccccc4)cc23)c1,1,0,0,0,0,0,0
HSP90alpha,P07900,seed_142,117,1.4914257526397705,1.6946486,Cc1cccc(Cc2n[nH]c3cc(O)c(C(=O)N(C)c4cccc(F)c4)cc23)c1,Fc1cc(N(C(=O)c2c(O)cc3[nH]nc(Cc4cc(C)ccc4)c3c2)C)ccc1,1,0,0,0,0,0,0
HSP90alpha,P07900,seed_142,118,1.43291437625885,1.759679789,Cc1cccc(Cc2n[nH]c3cc(O)c(C(=O)N(C)Cc4ccc(Cl)cc4)cc23)c1,Cc1cccc(Cc2n[nH]c3cc(O)c(C(=O)N(C)Cc4ccc(Cl)cc4)cc23)c1,0,0,0,0,0,0,0
HSP90alpha,P07900,seed_142,119,1.3736017942428589,1.480172006,C#CCCCn1c(Cc2cc(OC)c(OC)c(OC)c2Cl)nc2c(N)nc(F)nc21,C#CCCCn1c(Cc2cc(OC)c(OC)c(OC)c2Cl)nc2c(N)nc(F)nc21,1,0,0,0,0,0,0
HSP90alpha,P07900,seed_142,120,1.3622944355010986,1.4710833,Oc1ccc(-c2ccnn2-c2ccccc2Cl)c(O)c1,Clc1c(-n2c(-c3c(O)cc(O)cc3)ccn2)cccc1,1,0,0,0,0,0,0
HSP90alpha,P07900,seed_142,121,1.3552119731903076,1.497572885,Cc1cccc(Cc2n[nH]c3cc(O)c(C(=O)N(C)c4ccc(F)cc4)cc23)c1,Cc1cccc(Cc2n[nH]c3cc(O)c(C(=O)N(C)c4ccc(F)cc4)cc23)c1,1,0,0,0,0,0,0
HSP90alpha,P07900,seed_142,122,1.2919206619262695,1.433165,CC1CC2OC2C=CC=CC(=O)Cc2c(Cl)c(O)cc(O)c2C(=O)O1,Clc1c(O)cc(O)c2C(=O)OC(C)CC3OC3C=CC=CC(=O)Cc12,1,0,0,0,0,0,0
HSP90alpha,P07900,seed_142,123,1.1599400043487549,1.31398316,CN(Cc1ccc(Cl)cc1)C(=O)c1cc2c(Cc3ccccc3)n[nH]c2cc1O,CN(Cc1ccc(Cl)cc1)C(=O)c2cc3c(Cc4ccccc4)n[nH]c3cc2O,1,0,0,0,0,0,0
HSP90alpha,P07900,seed_142,124,1.1488926410675049,1.1496449,COc1ccc(-c2c(C#N)c(N)nc3sc(C(=O)Nc4ccc(F)cc4)c(N)c23)cc1OC,Fc1ccc(NC(=O)c2c(N)c3c(c(C#N)c(N)nc3s2)-c2cc(OC)c(OC)cc2)cc1,1,0,0,0,0,0,0
HSP90alpha,P07900,seed_142,125,1.1417157649993896,1.1979621315,CCc1cc(-c2n[nH]c(C)c2-c2ccccc2F)c(O)cc1O,CCc1cc(-c2n[nH]c(C)c2-c2ccccc2F)c(O)cc1O,1,0,0,0,0,0,0
HSP90alpha,P07900,seed_142,126,1.042628288269043,0.962573502,COc1ccc(-c2c(C#N)c(N)nc3sc(C(N)=O)c(N)c23)cc1OCCCC(=O)[O-],O=C([O-])CCCOc1c(OC)ccc(-c2c(C#N)c(N)nc3sc(C(=O)N)c(N)c23)c1,0,0,0,0,0,0,0
HSP90alpha,P07900,seed_142,127,0.9976030588150024,0.94923371,COc1ccc(-c2c(C#N)c(N)nc3sc(C(=O)Nc4ccc(Br)cc4)c(N)c23)cc1OC,Brc1ccc(NC(=O)c2c(N)c3c(c(C#N)c(N)nc3s2)-c2cc(OC)c(OC)cc2)cc1,0,0,0,0,0,0,0
HSP90alpha,P07900,seed_142,128,0.9605134725570679,1.05479,Cc1ccc2nc(N)nc(C(=O)N3Cc4ccc(Br)cc4C3)c2c1,Brc1cc2c(cc1)CN(C(=O)c1nc(N)nc3c1cc(C)cc3)C2,1,0,0,0,0,0,0
HSP90alpha,P07900,seed_142,129,0.9444382786750793,1.06913968,Oc1ccc(-c2nocc2-c2ccccc2)c(O)c1,Oc1c(-c2c(-c3ccccc3)con2)ccc(O)c1,1,0,0,0,0,0,0
HSP90alpha,P07900,seed_142,130,0.9094427227973938,1.0299766085,CCc1ccccc1-n1c(-c2ccc(O)cc2O)n[nH]c1=O,CCc1ccccc1-n1c(-c2ccc(O)cc2O)n[nH]c1=O,1,0,0,0,0,0,0
HSP90alpha,P07900,seed_142,131,0.8808249235153198,0.962573502,COc1ccc(-c2c(C#N)c(N)nc3sc(C(N)=O)c(N)c23)cc1OCCCC(=O)O,COc1ccc(-c2c(C#N)c(N)nc3sc(C(N)=O)c(N)c23)cc1OCCCC(=O)O,1,0,0,0,0,0,0
HSP90alpha,P07900,seed_142,132,0.8256121277809143,0.937538223,Cc1ccccc1-n1c(-c2ccc(O)cc2O)n[nH]c1=O,Cc1ccccc1-n1c(-c2ccc(O)cc2O)n[nH]c1=O,1,0,0,0,0,0,0
HSP90alpha,P07900,seed_142,133,0.8166104555130005,0.954677021,Oc1ccc(-c2n[nH]c(=S)n2-c2ccccc2F)c(O)c1,S=C1N(c2c(F)cccc2)C(c2c(O)cc(O)cc2)=NN1,1,0,0,0,0,0,0
HSP90alpha,P07900,seed_142,134,0.7498769760131836,0.698970004,CSc1nc(-c2ccc(F)cc2C)c2c(C#N)c[nH]c2n1,S(C)c1nc(-c2c(C)cc(F)cc2)c2c(C#N)c[nH]c2n1,1,0,0,0,0,0,0
HSP90alpha,P07900,seed_142,135,0.7419339418411255,0.8274355885,O=c1[nH]nc(-c2ccc(O)cc2O)n1-c1ccccc1Cl,Clc1c(N2C(c3c(O)cc(O)cc3)=NNC2=O)cccc1,1,0,0,0,0,0,0
HSP90alpha,P07900,seed_142,136,0.7196686267852783,0.367542708,N#Cc1ccc(N2CC[NH+](CCCCc3c[nH]c4cc(O)c(C#N)cc34)CC2)cc1,Oc1c(C#N)cc2c(CCCC[NH+]3CCN(c4ccc(C#N)cc4)CC3)c[nH]c2c1,0,0,0,0,0,0,0
HSP90alpha,P07900,seed_142,137,0.6686757802963257,0.7597319015,Oc1cc(O)c(-c2ccnn2-c2ccccc2Cl)cc1CCc1ccccn1,Clc1c(-n2c(-c3c(O)cc(O)c(CCc4ncccc4)c3)ccn2)cccc1,1,0,0,0,0,0,0
HSP90alpha,P07900,seed_142,138,0.5725542306900024,0.6348867174999999,Oc1cc2[nH]nc(Cc3ccccc3)c2cc1-c1ccnn1-c1ccccc1,Oc1c(-c2n(-c3ccccc3)ncc2)cc2c(Cc3ccccc3)n[nH]c2c1,1,0,0,0,0,0,0
HSP90alpha,P07900,seed_142,139,0.5694661140441895,0.696689976,O=c1[nH]nc(-c2ccc(O)cc2O)n1-c1ccccc1F,Fc1c(N2C(c3c(O)cc(O)cc3)=NNC2=O)cccc1,1,0,0,0,0,0,0
HSP90alpha,P07900,seed_142,140,0.5324754118919373,0.68165839,CCOc1ccc2c(c1)CN(C(=O)c1nc(N)nc3ccc(C)cc13)C2,O=C(N1Cc2c(ccc(OCC)c2)C1)c1nc(N)nc2c1cc(C)cc2,1,0,0,0,0,0,0
HSP90alpha,P07900,seed_142,141,0.49719271063804626,0.53790173,CCC(=O)c1n[nH]c2cc(O)c(C(=O)N(C)c3ccc(N4CCOCC4)cc3)cc12,O=C(N(C)c1ccc(N2CCOCC2)cc1)c1c(O)cc2[nH]nc(C(=O)CC)c2c1,1,0,0,0,0,0,0
HSP90alpha,P07900,seed_142,142,0.49579405784606934,0.5948245915,COc1ccc(-c2c(-c3ccc(O)cc3O)n[nH]c2C)cc1,COc1ccc(-c2c(-c3ccc(O)cc3O)n[nH]c2C)cc1,1,0,0,0,0,0,0
HSP90alpha,P07900,seed_142,143,0.44910377264022827,0.54752356,CCc1cc(-c2n[nH]c(C)c2-c2ccccc2Cl)c(O)cc1O,Clc1c(-c2c(C)[nH]nc2-c2c(O)cc(O)c(CC)c2)cccc1,1,0,0,0,0,0,0
HSP90alpha,P07900,seed_142,144,0.4160879850387573,0.45284086,CCc1ccc(-c2c(C#N)c(N)nc3sc(C(=O)Nc4ccc5c(c4)OCO5)c(N)c23)cc1,O=C(Nc1cc2OCOc2cc1)c1c(N)c2c(c(C#N)c(N)nc2s1)-c1ccc(CC)cc1,1,0,0,0,0,0,0
HSP90alpha,P07900,seed_142,145,0.3492669463157654,0.5543568905,Cc1ccc2nc(N)nc(C(=O)N3Cc4ccccc4C3)c2c1,Cc1ccc2nc(N)nc(C(=O)N3Cc4ccccc4C3)c2c1,1,0,0,0,0,0,0
HSP90alpha,P07900,seed_142,146,0.3468816876411438,0.58875918,COc1ccc2c(c1)CN(C(=O)c1nc(N)nc3ccc(C)cc13)C2,O=C(N1Cc2c(ccc(OC)c2)C1)c1nc(N)nc2c1cc(C)cc2,1,0,0,0,0,0,0
HSP90alpha,P07900,seed_142,147,0.29940155148506165,0.367542708,N#Cc1ccc(N2CCN(CCCc3c[nH]c4cc(O)c(C#N)cc34)CC2)cc1,N#Cc1ccc(N2CCN(CCCc3c[nH]c4cc(O)c(C#N)cc34)CC2)cc1,1,0,0,0,0,0,0
HSP90alpha,P07900,seed_142,148,0.28386595845222473,0.42239332,Cc1ccc2nc(N)nc(C(=O)N3Cc4ccc(O)cc4C3)c2c1,O=C(N1Cc2c(ccc(O)c2)C1)c1nc(N)nc2c1cc(C)cc2,1,0,0,0,0,0,0
HSP90alpha,P07900,seed_142,149,0.22030790150165558,0.35127416,CCCc1cc(-c2n[nH]cc2-c2ccc3c(c2)OCCO3)c(O)cc1O,Oc1c(CCC)cc(-c2c(-c3cc4OCCOc4cc3)c[nH]n2)c(O)c1,1,0,0,0,0,0,0
HSP90alpha,P07900,seed_142,150,0.1965731382369995,0.28469321,Oc1cc(O)c(-c2ccnn2-c2ccccc2F)cc1I,Ic1c(O)cc(O)c(-c2n(-c3c(F)cccc3)ncc2)c1,1,0,0,0,0,0,0
HSP90alpha,P07900,seed_142,151,0.12814459204673767,0.2418074885,Nc1nc(C(=O)N2Cc3ccccc3C2)c2cc(O)ccc2n1,Nc1nc(C(=O)N2Cc3ccccc3C2)c2cc(O)ccc2n1,1,0,0,0,0,0,0
HSP90alpha,P07900,seed_142,152,0.09247197210788727,0.256529439,Nc1nc(C(=O)N2Cc3ccc(O)cc3C2)c2ccccc2n1,Nc1nc(C(=O)N2Cc3ccc(O)cc3C2)c2ccccc2n1,1,0,0,0,0,0,0
HSP90alpha,P07900,seed_142,153,0.0811772271990776,0.258090429,Nc1nc(C(=O)N2Cc3ccccc3C2)c2ccccc2n1,Nc1nc(C(=O)N2Cc3ccccc3C2)c2ccccc2n1,1,0,0,0,0,0,0
HSP90alpha,P07900,seed_142,154,0.04955007880926132,0.083546051,Cc1n[nH]c2cc(O)c(-c3ccnn3-c3ccccc3)cc12,Cc1n[nH]c2cc(O)c(-c3ccnn3-c3ccccc3)cc12,1,0,0,0,0,0,0
HSP90alpha,P07900,seed_142,155,0.0065398067235946655,0.083546051,Cc1n[nH]c2cc(O)c(-c3ccnn3C3CCCCC3)cc12,Oc1c(-c2n(C3CCCCC3)ncc2)cc2c(C)n[nH]c2c1,1,0,0,0,0,0,0
HSP90alpha,P07900,seed_242,1,3.917443037033081,4.1490474,O=C(NC1c2ccccc2-c2c(-c3nc4cnccc4[nH]3)cccc21)c1ccncc1,O=C(NC1c2c(c(-c3[nH]c4c(n3)cncc4)ccc2)-c2c1cccc2)c1ccncc1,1,1,1,1,1,1,1
HSP90alpha,P07900,seed_242,2,3.565044641494751,3.531701957,COC1CCCN(C(=O)c2n[nH]c3cc(O)c(C(=O)N(C)c4ccc(N5CCOCC5)cc4)cc23)C1,O=C(N(C)c1ccc(N2CCOCC2)cc1)c1c(O)cc2[nH]nc(C(=O)N3CC(OC)CCC3)c2c1,1,1,1,1,0,0,0
HSP90alpha,P07900,seed_242,3,3.565044641494751,3.53165267,CO[C@H]1CCCN(C(=O)c2n[nH]c3cc(O)c(C(=O)N(C)c4ccc(N5CCOCC5)cc4)cc23)C1,CO[C@H]1CCCN(C(=O)c2n[nH]c3cc(O)c(C(=O)N(C)c4ccc(N5CCOCC5)cc4)cc23)C1,1,1,1,1,0,0,0
HSP90alpha,P07900,seed_242,4,3.1830532550811768,3.215432782,Cc1cn(-c2ccc(C(N)=O)c(NC3CCC(O)CC3)c2)c2c1C(=O)CC(C)(C)C2,O=C(N)c1c(NC2CCC(O)CC2)cc(-n2c3c(c(C)c2)C(=O)CC(C)(C)C3)cc1,1,0,1,1,0,0,0
HSP90alpha,P07900,seed_242,5,3.1830532550811768,3.314258261,Cc1cn(-c2ccc(C(N)=O)c(N[C@H]3CC[C@H](O)CC3)c2)c2c1C(=O)CC(C)(C)C2,Cc1cn(-c2ccc(C(N)=O)c(N[C@H]3CC[C@H](O)CC3)c2)c2c1C(=O)CC(C)(C)C2,1,0,1,1,0,0,0
HSP90alpha,P07900,seed_242,6,3.162158727645874,3.670434,O=C(NC1c2ccccc2-c2c(-c3nc4cnccc4[nH]3)cccc21)c1ccnc2[nH]ccc12,O=C(NC1c2c(c(-c3[nH]c4c(n3)cncc4)ccc2)-c2c1cccc2)c1c2c([nH]cc2)ncc1,0,0,0,1,0,0,1
HSP90alpha,P07900,seed_242,7,3.1320993900299072,3.1230553175,Cc1cccc(Cc2n[nH]c3cc(O)c(C(=O)N(C)c4ccc(N5CCOCC5)cc4)cc23)c1,Cc1cccc(Cc2n[nH]c3cc(O)c(C(=O)N(C)c4ccc(N5CCOCC5)cc4)cc23)c1,1,0,0,1,0,0,0
HSP90alpha,P07900,seed_242,8,3.121868848800659,3.3559852,Nc1ncc(Cl)c(C(=O)NC2c3ccccc3-c3c(-c4nc5cnccc5[nH]4)cccc32)n1,Clc1c(C(=O)NC2c3c(c(-c4[nH]c5c(n4)cncc5)ccc3)-c3c2cccc3)nc(N)nc1,1,0,0,1,0,0,0
HSP90alpha,P07900,seed_242,9,3.1205759048461914,3.1036857295,Cc1cccc(Cc2n[nH]c3cc(O)c(C(=O)N(C)c4ccc(N5CCN(C)CC5)cc4)cc23)c1,Cc1cccc(Cc2n[nH]c3cc(O)c(C(=O)N(C)c4ccc(N5CCN(C)CC5)cc4)cc23)c1,1,0,0,1,0,0,0
HSP90alpha,P07900,seed_242,10,3.0879220962524414,3.165811373,Cc1cn(-c2ccc(C(N)=O)c(NC3CCC(=O)CC3)c2)c2c1C(=O)CC(C)(C)C2,Cc1cn(-c2ccc(C(N)=O)c(NC3CCC(=O)CC3)c2)c2c1C(=O)CC(C)(C)C2,1,0,0,1,0,0,0
HSP90alpha,P07900,seed_242,11,3.08025860786438,3.7329869469999997,O=C(NC1c2ccccc2-c2c(-c3nc4ccncc4[nH]3)cccc21)c1ccnc2[nH]ccc12,O=C(NC1c2c(c(-c3[nH]c4c(n3)ccnc4)ccc2)-c2c1cccc2)c1c2c([nH]cc2)ncc1,0,0,0,0,0,0,1
HSP90alpha,P07900,seed_242,12,3.0766265392303467,3.723538196,O=C(NC1c2ccccc2-c2c(-c3nc4cc(F)ccc4[nH]3)cccc21)c1ccnc2[nH]ccc12,Fc1cc2nc(-c3c-4c(C(NC(=O)c5c6c([nH]cc6)ncc5)c5c-4cccc5)ccc3)[nH]c2cc1,0,0,0,0,0,0,1
HSP90alpha,P07900,seed_242,13,3.0766265392303467,3.723538196,O=C(N[C@@H]1c2ccccc2-c2c(-c3nc4cc(F)ccc4[nH]3)cccc21)c1ccnc2[nH]ccc12,Fc1ccc2[nH]c(nc2c1)-c1cccc2[C@H](NC(=O)c3ccnc4[nH]ccc34)c3ccccc3-c12,0,0,0,0,0,0,1
HSP90alpha,P07900,seed_242,14,3.0756754875183105,3.040958604,CN(C(=O)c1cc2c(C(=O)N3CCCCC3)n[nH]c2cc1O)c1ccc(N2CCOCC2)cc1,CN(C(=O)c1cc2c(C(=O)N3CCCCC3)n[nH]c2cc1O)c1ccc(N2CCOCC2)cc1,1,0,0,0,0,0,0
HSP90alpha,P07900,seed_242,15,3.0621018409729004,3.257524969,CN(Cc1ccco1)C(=O)c1cc(-c2n[nH]c(=O)n2-c2ccccc2F)c(O)cc1O,CN(Cc1ccco1)C(=O)c1cc(-c2n[nH]c(=O)n2-c2ccccc2F)c(O)cc1O,1,0,0,0,0,0,0
HSP90alpha,P07900,seed_242,16,3.008357286453247,3.040958608,CN(C(=O)c1cc2c(C(=O)N3CCCCC3)[nH]nc2cc1O)c1ccc(N2CCOCC2)cc1,O=C(N(C)c1ccc(N2CCOCC2)cc1)c1c(O)cc2n[nH]c(C(=O)N3CCCCC3)c2c1,1,0,0,0,0,0,0
HSP90alpha,P07900,seed_242,17,2.9649126529693604,3.154266346,Cc1ccccc1-n1nccc1-c1cc(C(=O)N(C)Cc2ccco2)c(O)cc1O,Cc1ccccc1-n1nccc1-c1cc(C(=O)N(C)Cc2ccco2)c(O)cc1O,1,0,0,0,0,0,0
HSP90alpha,P07900,seed_242,18,2.9554765224456787,3.129596095,Cc1cccc(Cc2n[nH]c3cc(O)c(C(=O)N(C)c4ccc(N5CCCCC5)cc4)cc23)c1,Cc1cccc(Cc2n[nH]c3cc(O)c(C(=O)N(C)c4ccc(N5CCCCC5)cc4)cc23)c1,0,0,0,0,0,0,0
HSP90alpha,P07900,seed_242,19,2.9438326358795166,2.896196279,COc1c(C)cnc(Cn2cc(C#CCC(C)(C)O)c3c(Cl)nc(N)nc32)c1C,COc1c(C)cnc(Cn2cc(C#CCC(C)(C)O)c3c(Cl)nc(N)nc32)c1C,1,0,0,0,0,0,0
HSP90alpha,P07900,seed_242,20,2.9285497665405273,2.880354967,Cc1cccc(Cc2n[nH]c3cc(O)c(C(=O)N(C)c4ccc(N5CCNCC5)cc4)cc23)c1,O=C(N(C)c1ccc(N2CCNCC2)cc1)c1c(O)cc2[nH]nc(Cc3cc(C)ccc3)c2c1,1,0,0,0,0,0,0
HSP90alpha,P07900,seed_242,21,2.9161245822906494,2.896196279,COc1c(C)cnc(Cn2cc(C=CCC(C)(C)O)c3c(Cl)nc(N)nc32)c1C,Clc1nc(N)nc2n(Cc3c(C)c(OC)c(C)cn3)cc(C=CCC(O)(C)C)c12,1,0,0,0,0,0,0
HSP90alpha,P07900,seed_242,22,2.892451763153076,2.9194574080000004,Cc1cccc(Cc2n[nH]c3cc(O)c(C(=O)N(C)c4ccc(N5CCOCC5=O)cc4)cc23)c1,Cc1cccc(Cc2n[nH]c3cc(O)c(C(=O)N(C)c4ccc(N5CCOCC5=O)cc4)cc23)c1,1,0,0,0,0,0,0
HSP90alpha,P07900,seed_242,23,2.881697654724121,2.86918425,CC(C)CN(C)C(=O)c1n[nH]c2cc(O)c(C(=O)N(C)c3ccc(N4CCOCC4)cc3)cc12,O=C(N(CC(C)C)C)c1n[nH]c2c1cc(C(=O)N(C)c1ccc(N3CCOCC3)cc1)c(O)c2,1,0,0,0,0,0,0
HSP90alpha,P07900,seed_242,24,2.880497694015503,4.0,CCNC(=O)c1noc(-c2cc(C(C)C)c(O)cc2O)c1-c1ccc(C[NH+]2CCOCC2)cc1,O=C(NCC)c1c(c(-c2c(O)cc(O)c(C(C)C)c2)on1)-c1ccc(C[NH+]2CCOCC2)cc1,0,0,0,0,1,1,1
HSP90alpha,P07900,seed_242,25,2.870007276535034,2.9712938,Cc1ccccc1CN(C)C(=O)c1cc(-c2n[nH]c(=O)n2-c2ccccc2C)c(O)cc1O,O=C(N(Cc1c(C)cccc1)C)c1c(O)cc(O)c(C=2N(c3c(C)cccc3)C(=O)NN=2)c1,1,0,0,0,0,0,0
HSP90alpha,P07900,seed_242,26,2.8676605224609375,2.906578315,Cc1cccc(Cc2n[nH]c3cc(O)c(C(=O)N(C)c4ccc(N5CC[NH2+]CC5)cc4)cc23)c1,Cc1cccc(Cc2n[nH]c3cc(O)c(C(=O)N(C)c4ccc(N5CC[NH2+]CC5)cc4)cc23)c1,0,0,0,0,0,0,0
HSP90alpha,P07900,seed_242,27,2.862187385559082,4.0,CCNC(=O)c1noc(-c2cc(Cl)c(O)cc2O)c1-c1ccc(C[NH+]2CCOCC2)cc1,Clc1c(O)cc(O)c(-c2c(c(C(=O)NCC)no2)-c2ccc(C[NH+]3CCOCC3)cc2)c1,0,0,0,0,1,1,1
HSP90alpha,P07900,seed_242,28,2.8523495197296143,2.8130436,CCC(F)c1n[nH]c2cc(O)c(C(=O)N(C)c3ccc(N4CCOCC4)cc3)cc12,FC(CC)c1n[nH]c2c1cc(C(=O)N(C)c1ccc(N3CCOCC3)cc1)c(O)c2,1,0,0,0,0,0,0
HSP90alpha,P07900,seed_242,29,2.8426671028137207,2.58031965,Cc1ccccc1-n1c(-c2cc(C(=O)N(C)Cc3ccccc3-c3cccnc3)c(O)cc2O)n[nH]c1=O,O=C(N(Cc1c(-c2cnccc2)cccc1)C)c1c(O)cc(O)c(C=2N(c3c(C)cccc3)C(=O)NN=2)c1,0,0,0,0,0,0,0
HSP90alpha,P07900,seed_242,30,2.822119951248169,2.860541138,COC1CCN(C(=O)c2n[nH]c3cc(O)c(C(=O)N(C)c4ccc(N5CCOCC5)cc4)cc23)C1,O=C(N(C)c1ccc(N2CCOCC2)cc1)c1c(O)cc2[nH]nc(C(=O)N3CC(OC)CC3)c2c1,1,0,0,0,0,0,0
HSP90alpha,P07900,seed_242,31,2.822119951248169,2.860120914,CO[C@H]1CCN(C(=O)c2n[nH]c3cc(O)c(C(=O)N(C)c4ccc(N5CCOCC5)cc4)cc23)C1,CO[C@H]1CCN(C(=O)c2n[nH]c3cc(O)c(C(=O)N(C)c4ccc(N5CCOCC5)cc4)cc23)C1,1,0,0,0,0,0,0
HSP90alpha,P07900,seed_242,32,2.812609910964966,2.9025117,COc1ccccc1CN(C)C(=O)c1cc(-c2n[nH]c(=O)n2-c2ccccc2C)c(O)cc1O,O=C(N(Cc1c(OC)cccc1)C)c1c(O)cc(O)c(C=2N(c3c(C)cccc3)C(=O)NN=2)c1,1,0,0,0,0,0,0
HSP90alpha,P07900,seed_242,33,2.810800790786743,2.7935115,CCC(C)c1n[nH]c2cc(O)c(C(=O)N(C)c3ccc(N4CCOCC4)cc3)cc12,O=C(N(C)c1ccc(N2CCOCC2)cc1)c1c(O)cc2[nH]nc(C(CC)C)c2c1,1,0,0,0,0,0,0
HSP90alpha,P07900,seed_242,34,2.7967026233673096,3.123782159,Cc1cccc(Cc2n[nH]c3cc(O)c(C(=O)N(C)c4ccc(N5CC[NH+](C)CC5)cc4)cc23)c1,O=C(N(C)c1ccc(N2CC[NH+](C)CC2)cc1)c1c(O)cc2[nH]nc(Cc3cc(C)ccc3)c2c1,0,0,0,0,0,0,0
HSP90alpha,P07900,seed_242,35,2.792609930038452,3.004803708,Nc1cc(C(=O)NC2c3ccccc3-c3c(-c4nc5ccncc5[nH]4)cccc32)ccn1,Nc1cc(C(=O)NC2c3ccccc3-c3c(-c4nc5ccncc5[nH]4)cccc32)ccn1,1,0,0,0,0,0,0
HSP90alpha,P07900,seed_242,36,2.785412549972534,3.722964,O=C(NC1c2ccccc2-c2c(-c3nc4ccc(F)cc4[nH]3)cccc21)c1ccnc2[nH]ccc12,Fc1cc2[nH]c(-c3c-4c(C(NC(=O)c5c6c([nH]cc6)ncc5)c5c-4cccc5)ccc3)nc2cc1,0,0,0,0,0,0,1
HSP90alpha,P07900,seed_242,37,2.7667176723480225,2.7958801,CN(C(=O)c1cc2c(CC3CCCC3)n[nH]c2cc1O)c1ccc(N2CCOCC2)cc1,O=C(N(C)c1ccc(N2CCOCC2)cc1)c1c(O)cc2[nH]nc(CC3CCCC3)c2c1,1,0,0,0,0,0,0
HSP90alpha,P07900,seed_242,38,2.7542784214019775,2.821023053,Nc1nc(C(=O)N2Cc3ccccc3C2)c2cc(-c3cc(F)c(F)cc3CCc3nnn[nH]3)ccc2n1,Fc1c(F)cc(c(CCc2[nH]nnn2)c1)-c1cc2c(C(=O)N3Cc4c(cccc4)C3)nc(N)nc2cc1,1,0,0,0,0,0,0
HSP90alpha,P07900,seed_242,39,2.749239683151245,2.683868054,CCNC(=O)c1noc(-c2cc(Cl)c(O)cc2O)c1-c1ccc(OC)cc1,CCNC(=O)c1noc(-c2cc(Cl)c(O)cc2O)c1-c1ccc(OC)cc1,1,0,0,0,0,0,0
HSP90alpha,P07900,seed_242,40,2.739161729812622,3.0046721,Nc1cc(C(=O)NC2c3ccccc3-c3c(-c4nc5cnccc5[nH]4)cccc32)ccn1,O=C(NC1c2c(c(-c3[nH]c4c(n3)cncc4)ccc2)-c2c1cccc2)c1cc(N)ncc1,1,0,0,0,0,0,0
HSP90alpha,P07900,seed_242,41,2.732593536376953,2.6144906005,CN(C(=O)c1cc2c(C(=O)N3CCCC3)n[nH]c2cc1O)c1ccc(N2CCOCC2)cc1,CN(C(=O)c1cc2c(C(=O)N3CCCC3)n[nH]c2cc1O)c1ccc(N2CCOCC2)cc1,1,0,0,0,0,0,0
HSP90alpha,P07900,seed_242,42,2.7290685176849365,2.6966150325,CCCCN(C)C(=O)c1n[nH]c2cc(O)c(C(=O)N(C)c3ccc(N4CCOCC4)cc3)cc12,CCCCN(C)C(=O)c1n[nH]c2cc(O)c(C(=O)N(C)c3ccc(N4CCOCC4)cc3)cc12,1,0,0,0,0,0,0
HSP90alpha,P07900,seed_242,43,2.7085371017456055,2.7521280395,Cc1ccccc1-n1c(-c2cc(C(=O)N(C)Cc3cccs3)c(O)cc2O)n[nH]c1=O,Cc1ccccc1-n1c(-c2cc(C(=O)N(C)Cc3cccs3)c(O)cc2O)n[nH]c1=O,1,0,0,0,0,0,0
HSP90alpha,P07900,seed_242,44,2.6751437187194824,2.864753211,Cc1ccccc1-n1c(-c2cc(C(=O)N(C)Cc3ccccc3)c(O)cc2O)n[nH]c1=O,Cc1ccccc1-n1c(-c2cc(C(=O)N(C)Cc3ccccc3)c(O)cc2O)n[nH]c1=O,1,0,0,0,0,0,0
HSP90alpha,P07900,seed_242,45,2.6735870838165283,2.8471794105,Cc1cccc(CN(C)C(=O)c2cc(-c3n[nH]c(=O)n3-c3ccccc3C)c(O)cc2O)c1,Cc1cccc(CN(C)C(=O)c2cc(-c3n[nH]c(=O)n3-c3ccccc3C)c(O)cc2O)c1,1,0,0,0,0,0,0
HSP90alpha,P07900,seed_242,46,2.6600897312164307,0.943095149,CCCCC#Cc1ccc(N[C@H]2CC[C@H](O)CC2)c(C(N)=O)c1,CCCCC#Cc1ccc(N[C@H]2CC[C@H](O)CC2)c(c1)C(N)=O,0,0,0,0,0,0,0
HSP90alpha,P07900,seed_242,47,2.654400110244751,2.51404215,Cc1ccccc1-n1c(-c2cc(C(=O)N(C)Cc3cccc(-c4cncnc4)c3)c(O)cc2O)n[nH]c1=O,O=C(N(Cc1cc(-c2cncnc2)ccc1)C)c1c(O)cc(O)c(C=2N(c3c(C)cccc3)C(=O)NN=2)c1,0,0,0,0,0,0,0
HSP90alpha,P07900,seed_242,48,2.6238999366760254,2.5850267,COc1cccc(Cc2n[nH]c3cc(O)c(C(=O)N(C)c4ccc(N5CCOCC5)cc4)cc23)c1,O=C(N(C)c1ccc(N2CCOCC2)cc1)c1c(O)cc2[nH]nc(Cc3cc(OC)ccc3)c2c1,1,0,0,0,0,0,0
HSP90alpha,P07900,seed_242,49,2.6166396141052246,2.70469365,Nc1nc(C(=O)N2Cc3ccccc3C2)c2cc(-c3cc(F)c(F)cc3Cc3nnn[nH]3)ccc2n1,Fc1c(F)cc(c(Cc2[nH]nnn2)c1)-c1cc2c(C(=O)N3Cc4c(cccc4)C3)nc(N)nc2cc1,1,0,0,0,0,0,0
HSP90alpha,P07900,seed_242,50,2.5939550399780273,2.6025259715,Cc1cccc(Cc2n[nH]c3cc(O)c(C(=O)N(C)c4ccc(N(C)C)cc4)cc23)c1,Cc1cccc(Cc2n[nH]c3cc(O)c(C(=O)N(C)c4ccc(N(C)C)cc4)cc23)c1,1,0,0,0,0,0,0
HSP90alpha,P07900,seed_242,51,2.5938260555267334,3.556013778,O=C(NC1c2ccccc2-c2c(-c3cnc4ccccc4c3)cccc21)c1c(Br)cnc2[nH]cnc12,Brc1c(C(=O)NC2c3c(c(-c4cnc5c(c4)cccc5)ccc3)-c3c2cccc3)c2nc[nH]c2nc1,0,0,0,0,0,0,0
HSP90alpha,P07900,seed_242,52,2.590866804122925,2.5376019,CCCc1n[nH]c2cc(O)c(C(=O)N(C)c3ccc(N4CCOCC4)cc3)cc12,O=C(N(C)c1ccc(N2CCOCC2)cc1)c1c(O)cc2[nH]nc(CCC)c2c1,1,0,0,0,0,0,0
HSP90alpha,P07900,seed_242,53,2.5847229957580566,2.5686362,CCCCc1n[nH]c2cc(O)c(C(=O)N(C)c3ccc(N4CCOCC4)cc3)cc12,O=C(N(C)c1ccc(N2CCOCC2)cc1)c1c(O)cc2[nH]nc(CCCC)c2c1,1,0,0,0,0,0,0
HSP90alpha,P07900,seed_242,54,2.563645601272583,2.5528419,CN(C(=O)c1cc2c(CC3CCCCC3)n[nH]c2cc1O)c1ccc(N2CCOCC2)cc1,O=C(N(C)c1ccc(N2CCOCC2)cc1)c1c(O)cc2[nH]nc(CC3CCCCC3)c2c1,1,0,0,0,0,0,0
HSP90alpha,P07900,seed_242,55,2.541703939437866,3.865982546,Cc1nn(-c2ccc(C(N)=O)c(NC3CCC(O)CC3)c2)c2cccc(-c3cnc4ccccc4c3)c12,O=C(N)c1c(NC2CCC(O)CC2)cc(-n2nc(C)c3c(-c4cnc5c(c4)cccc5)cccc23)cc1,0,0,0,0,0,1,1
HSP90alpha,P07900,seed_242,56,2.541703939437866,3.866461092,Cc1nn(-c2ccc(C(N)=O)c(N[C@H]3CC[C@H](O)CC3)c2)c2cccc(-c3cnc4ccccc4c3)c12,Cc1nn(-c2ccc(C(N)=O)c(N[C@H]3CC[C@H](O)CC3)c2)c2cccc(-c3cnc4ccccc4c3)c12,0,0,0,0,0,1,1
HSP90alpha,P07900,seed_242,57,2.5289196968078613,2.5626855,CCCc1n[nH]c2c(Br)c(O)c(C(=O)N(C)c3ccc(N4CCOCC4)cc3)cc12,Brc1c(O)c(C(=O)N(C)c2ccc(N3CCOCC3)cc2)cc2c(CCC)n[nH]c12,1,0,0,0,0,0,0
HSP90alpha,P07900,seed_242,58,2.524260997772217,3.0,CCNC(=O)c1noc(-c2cc(Cl)c(O)cc2O)c1-c1ccc(CN2CCOCC2)cc1C,CCNC(=O)c1noc(c1-c1ccc(CN2CCOCC2)cc1C)-c1cc(Cl)c(O)cc1O,0,0,0,0,0,0,0
HSP90alpha,P07900,seed_242,59,2.522310256958008,2.655273836,CCCCN(C)C(=O)c1cc(-c2n[nH]c(=O)n2-c2ccccc2F)c(O)cc1O,CCCCN(C)C(=O)c1cc(-c2n[nH]c(=O)n2-c2ccccc2F)c(O)cc1O,1,0,0,0,0,0,0
HSP90alpha,P07900,seed_242,60,2.5062525272369385,2.337242168,Cc1ccccc1-n1c(-c2cc(C(=O)N(C)Cc3ccco3)c(O)cc2O)n[nH]c1=O,O=C(N(Cc1occc1)C)c1c(O)cc(O)c(C=2N(c3c(C)cccc3)C(=O)NN=2)c1,1,0,0,0,0,0,0
HSP90alpha,P07900,seed_242,61,2.49599552154541,2.5160029,COCc1n[nH]c2cc(O)c(C(=O)N(C)c3ccc(N4CCOCC4)cc3)cc12,O=C(N(C)c1ccc(N2CCOCC2)cc1)c1c(O)cc2[nH]nc(COC)c2c1,1,0,0,0,0,0,0
HSP90alpha,P07900,seed_242,62,2.4887139797210693,2.5301781,Cc1cccc(Cc2n[nH]c3cc(O)c(C(=O)N(C)c4ccc(CN5CCOCC5)cc4)cc23)c1,O=C(N(C)c1ccc(CN2CCOCC2)cc1)c1c(O)cc2[nH]nc(Cc3cc(C)ccc3)c2c1,1,0,0,0,0,0,0
HSP90alpha,P07900,seed_242,63,2.4835205078125,2.5524931,CCCc1n[nH]c2cc(O)c(C(=O)N(C)c3ccc(C4CCN(C)CC4)cc3)cc12,O=C(N(C)c1ccc(C2CCN(C)CC2)cc1)c1c(O)cc2[nH]nc(CCC)c2c1,1,0,0,0,0,0,0
HSP90alpha,P07900,seed_242,64,2.47978138923645,2.4321506,CCNC(=O)C1(c2ccc3nc(N)nc(C(=O)N4Cc5ccccc5C4)c3c2)CCC1,O=C(N1Cc2c(cccc2)C1)c1nc(N)nc2c1cc(C1(C(=O)NCC)CCC1)cc2,1,0,0,0,0,0,0
HSP90alpha,P07900,seed_242,65,2.465376853942871,2.5139896505,CCCCN(C)C(=O)c1cc(-c2n[nH]c(=O)n2-c2ccccc2)c(O)cc1O,CCCCN(C)C(=O)c1cc(-c2n[nH]c(=O)n2-c2ccccc2)c(O)cc1O,1,0,0,0,0,0,0
HSP90alpha,P07900,seed_242,66,2.454414129257202,2.8570373,CN1CCC(c2ccc(N(C)C(=O)c3cc4c(CCC(C)(C)C)n[nH]c4cc3O)cc2)CC1,O=C(N(C)c1ccc(C2CCN(C)CC2)cc1)c1c(O)cc2[nH]nc(CCC(C)(C)C)c2c1,0,0,0,0,0,0,0
HSP90alpha,P07900,seed_242,67,2.4483768939971924,2.5228786,Cc1cccc(Cc2n[nH]c3cc(O)c(C(=O)N(C)c4ccc(OCCN(C)C)cc4)cc23)c1,O=C(N(C)c1ccc(OCCN(C)C)cc1)c1c(O)cc2[nH]nc(Cc3cc(C)ccc3)c2c1,1,0,0,0,0,0,0
HSP90alpha,P07900,seed_242,68,2.3927829265594482,2.3625102,Cc1cccc(Cc2n[nH]c3cc(O)c(C(=O)N(C)c4ccc(CNS(C)(=O)=O)cc4)cc23)c1,S(=O)(=O)(NCc1ccc(N(C(=O)c2c(O)cc3[nH]nc(Cc4cc(C)ccc4)c3c2)C)cc1)C,1,0,0,0,0,0,0
HSP90alpha,P07900,seed_242,69,2.384300470352173,2.6798537,Cc1cccc(Cc2n[nH]c3cc(O)c(C(=O)N(C)c4ccc(OCCCC#N)cc4)cc23)c1,O=C(N(C)c1ccc(OCCCC#N)cc1)c1c(O)cc2[nH]nc(Cc3cc(C)ccc3)c2c1,0,0,0,0,0,0,0
HSP90alpha,P07900,seed_242,70,2.3721237182617188,2.4004528990000003,Cc1ccccc1-n1c(-c2cc(C(=O)N(C)CC3CCCO3)c(O)cc2O)n[nH]c1=O,Cc1ccccc1-n1c(-c2cc(C(=O)N(C)CC3CCCO3)c(O)cc2O)n[nH]c1=O,1,0,0,0,0,0,0
HSP90alpha,P07900,seed_242,71,2.345090627670288,2.3979399,COc1ccc(N(C)C(=O)c2cc3c(Cc4cccc(C)c4)n[nH]c3cc2O)cc1,O=C(N(C)c1ccc(OC)cc1)c1c(O)cc2[nH]nc(Cc3cc(C)ccc3)c2c1,1,0,0,0,0,0,0
HSP90alpha,P07900,seed_242,72,2.321230173110962,2.8569852,CN(C(=O)c1cc2c(CCC(C)(C)C)n[nH]c2cc1O)c1ccc(C2CC[NH+](C)CC2)cc1,C[NH+]1CCC(c2ccc(N(C)C(=O)c3cc4c(CCC(C)(C)C)n[nH]c4cc3O)cc2)CC1,0,0,0,0,0,0,0
HSP90alpha,P07900,seed_242,73,2.3010644912719727,2.2508990375,Cc1cccc(Cc2n[nH]c3cc(O)c(C(=O)N(C)c4ccc5c(c4)OCO5)cc23)c1,Cc1cccc(Cc2n[nH]c3cc(O)c(C(=O)N(C)c4ccc5c(c4)OCO5)cc23)c1,1,0,0,0,0,0,0
HSP90alpha,P07900,seed_242,74,2.2776200771331787,2.2594183235000003,CCCN(C)S(=O)(=O)c1cc(-c2n[nH]c(=O)n2-c2ccccc2F)c(O)cc1O,CCCN(C)S(=O)(=O)c1cc(-c2n[nH]c(=O)n2-c2ccccc2F)c(O)cc1O,1,0,0,0,0,0,0
HSP90alpha,P07900,seed_242,75,2.266066312789917,2.343901798,CNCc1ccccc1-c1ccc2nc(N)nc(C(=O)N3Cc4ccccc4C3)c2c1,CNCc1ccccc1-c1ccc2nc(N)nc(C(=O)N3Cc4ccccc4C3)c2c1,1,0,0,0,0,0,0
HSP90alpha,P07900,seed_242,76,2.2637295722961426,2.2964248595,Cc1ccc(N(C)C(=O)c2cc3c(Cc4cccc(C)c4)n[nH]c3cc2O)cc1,Cc1ccc(N(C)C(=O)c2cc3c(Cc4cccc(C)c4)n[nH]c3cc2O)cc1,1,0,0,0,0,0,0
HSP90alpha,P07900,seed_242,77,2.2499687671661377,2.2494917,CC(=O)N1CCc2ccc(N(C)C(=O)c3cc4c(Cc5cccc(C)c5)n[nH]c4cc3O)cc21,O=C(C)N1c2c(ccc(N(C(=O)c3c(O)cc4[nH]nc(Cc5cc(C)ccc5)c4c3)C)c2)CC1,1,0,0,0,0,0,0
HSP90alpha,P07900,seed_242,78,2.233900308609009,2.3260579,COc1ccc(CN(C)C(=O)c2cc(-c3n[nH]c(=O)n3-c3ccccc3C)c(O)cc2O)cc1,O=C(N(Cc1ccc(OC)cc1)C)c1c(O)cc(O)c(C=2N(c3c(C)cccc3)C(=O)NN=2)c1,1,0,0,0,0,0,0
HSP90alpha,P07900,seed_242,79,2.23271107673645,2.377878523,Nc1nc(C(=O)N2Cc3ccccc3C2)c2cc(-c3ccccc3CO)ccc2n1,O=C(N1Cc2c(cccc2)C1)c1nc(N)nc2c1cc(-c1c(CO)cccc1)cc2,1,0,0,0,0,0,0
HSP90alpha,P07900,seed_242,80,2.228916883468628,2.3100635995000003,CCCN(C)C(=O)c1cc(-c2n[nH]c(=O)n2-c2ccccc2C)c(O)cc1O,CCCN(C)C(=O)c1cc(-c2n[nH]c(=O)n2-c2ccccc2C)c(O)cc1O,1,0,0,0,0,0,0
HSP90alpha,P07900,seed_242,81,2.1772758960723877,2.342944147,Nc1nc(C(=O)N2Cc3ccccc3C2)c2cc(-c3ccccc3O)ccc2n1,Nc1nc(C(=O)N2Cc3ccccc3C2)c2cc(-c3ccccc3O)ccc2n1,1,0,0,0,0,0,0
HSP90alpha,P07900,seed_242,82,2.1695239543914795,2.1999707,Cc1cccc(Cc2n[nH]c3cc(O)c(C(=O)N(C)c4ccc5c(c4)OCCO5)cc23)c1,O=C(N(C)c1cc2OCCOc2cc1)c1c(O)cc2[nH]nc(Cc3cc(C)ccc3)c2c1,1,0,0,0,0,0,0
HSP90alpha,P07900,seed_242,83,2.161576271057129,3.13667714,C=CCNC1=C2CC(C)CC(OC)C(O)C(C)C=C(C)C(OC(N)=O)C(OC)C=CC=C(C)C(=O)NC(=CC1=O)C2=O,O=C(OC1C(C)=CC(C)C(O)C(OC)CC(C)CC=2C(=O)C(NC(=O)C(C)=CC=CC1OC)=CC(=O)C=2NCC=C)N,0,0,0,0,0,0,0
HSP90alpha,P07900,seed_242,84,2.138777494430542,2.5301781,COc1ccc(N(C)C(=O)c2cc3c(Cc4cccc(C)c4)n[nH]c3cc2O)cc1Cl,Clc1c(OC)ccc(N(C(=O)c2c(O)cc3[nH]nc(Cc4cc(C)ccc4)c3c2)C)c1,0,0,0,0,0,0,0
HSP90alpha,P07900,seed_242,85,2.1256182193756104,1.9665762,Cc1cccc(Cc2n[nH]c3cc(O)c(C(=O)N(C)c4ccc(Br)cc4)cc23)c1,Brc1ccc(N(C(=O)c2c(O)cc3[nH]nc(Cc4cc(C)ccc4)c3c2)C)cc1,0,0,0,0,0,0,0
HSP90alpha,P07900,seed_242,86,2.1145453453063965,2.124360448,CCNC(=O)c1[nH]nc(-c2cc(Cl)c(O)cc2O)c1-c1ccc(OC)cc1,CCNC(=O)c1[nH]nc(-c2cc(Cl)c(O)cc2O)c1-c1ccc(OC)cc1,1,0,0,0,0,0,0
HSP90alpha,P07900,seed_242,87,2.113666296005249,0.537602002,COc1cc2c(cc1OC)C(c1cccnc1)N(C(=O)c1ccc(O)cc1O)CC2,COc1cc2CCN(C(c3cccnc3)c2cc1OC)C(=O)c1ccc(O)cc1O,0,0,0,0,0,0,0
HSP90alpha,P07900,seed_242,88,2.1075055599212646,2.2621334255,CCCN(C)C(=O)c1cc(-c2n[nH]c(=O)n2-c2ccccc2F)c(O)cc1O,CCCN(C)C(=O)c1cc(-c2n[nH]c(=O)n2-c2ccccc2F)c(O)cc1O,1,0,0,0,0,0,0
HSP90alpha,P07900,seed_242,89,2.0781590938568115,2.1135092565,Cc1cccc(Cc2n[nH]c3cc(O)c(C(=O)N(C)c4cccc(C)c4)cc23)c1,Cc1cccc(Cc2n[nH]c3cc(O)c(C(=O)N(C)c4cccc(C)c4)cc23)c1,1,0,0,0,0,0,0
HSP90alpha,P07900,seed_242,90,2.048424482345581,0.853871964,O=C(c1ccc(O)cc1O)N(Cc1ccccc1)c1ccccc1,Oc1ccc(C(=O)N(Cc2ccccc2)c2ccccc2)c(O)c1,0,0,0,0,0,0,0
HSP90alpha,P07900,seed_242,91,2.024080991744995,2.0241427515000003,Cc1cccc(Cc2n[nH]c3cc(O)c(C(=O)N(C)c4ccccc4)cc23)c1,Cc1cccc(Cc2n[nH]c3cc(O)c(C(=O)N(C)c4ccccc4)cc23)c1,1,0,0,0,0,0,0
HSP90alpha,P07900,seed_242,92,2.023829698562622,2.3609953,COc1ccc(I)c(Sc2nc3c(N)ncnc3n2CCNCC(C)(C)C)c1,Ic1c(Sc2n(CCNCC(C)(C)C)c3ncnc(N)c3n2)cc(OC)cc1,0,0,0,0,0,0,0
HSP90alpha,P07900,seed_242,93,2.015296220779419,2.343901798,C[NH2+]Cc1ccccc1-c1ccc2nc(N)nc(C(=O)N3Cc4ccccc4C3)c2c1,O=C(N1Cc2c(cccc2)C1)c1nc(N)nc2c1cc(-c1c(C[NH2+]C)cccc1)cc2,0,0,0,0,0,0,0
HSP90alpha,P07900,seed_242,94,2.0116331577301025,1.9817573,CCNC(=O)c1n[nH]c(-c2cc(Cl)c(O)cc2O)c1-c1ccc(OC)cc1,Clc1c(O)cc(O)c(-c2c(c(C(=O)NCC)n[nH]2)-c2ccc(OC)cc2)c1,1,0,0,0,0,0,0
HSP90alpha,P07900,seed_242,95,2.0024805068969727,3.623423043,C[NH+]1CCN(S(=O)(=O)c2ccccc2-c2ccc3nc(N)nc(C(=O)N4Cc5ccccc5C4)c3c2)CC1,C[NH+]1CCN(S(=O)(=O)c2ccccc2-c2ccc3nc(N)nc(C(=O)N4Cc5ccccc5C4)c3c2)CC1,0,0,0,0,0,0,0
HSP90alpha,P07900,seed_242,96,1.9953492879867554,2.0506101,CC(=O)c1ccc(N(C)C(=O)c2cc3c(Cc4cccc(C)c4)n[nH]c3cc2O)cc1,O=C(N(C)c1ccc(C(=O)C)cc1)c1c(O)cc2[nH]nc(Cc3cc(C)ccc3)c2c1,1,0,0,0,0,0,0
HSP90alpha,P07900,seed_242,97,1.9555877447128296,1.8796525095,CN(C(=O)c1cc2c(C(=O)N3CCOCC3)n[nH]c2cc1O)c1ccc(N2CCOCC2)cc1,CN(C(=O)c1cc2c(cc1O)[nH]nc2C(=O)N1CCOCC1)c1ccc(N2CCOCC2)cc1,1,0,0,0,0,0,0
HSP90alpha,P07900,seed_242,98,1.9451056718826294,1.844664,Cc1cccc(Cc2n[nH]c3cc(O)c(C(=O)N(C)c4ccc(Cl)cc4)cc23)c1,Clc1ccc(N(C(=O)c2c(O)cc3[nH]nc(Cc4cc(C)ccc4)c3c2)C)cc1,0,0,0,0,0,0,0
HSP90alpha,P07900,seed_242,99,1.9421221017837524,2.027612,O=c1[nH]nc(-c2cc(CCc3ccccc3)c(O)cc2O)n1-c1ccccc1F,Fc1c(N2C(c3c(O)cc(O)c(CCc4ccccc4)c3)=NNC2=O)cccc1,1,0,0,0,0,0,0
HSP90alpha,P07900,seed_242,100,1.9287196397781372,2.4629369,CC(C)NCCCn1c(Sc2cc3c(cc2I)OCO3)nc2c(N)ncnc21,Ic1c(Sc2n(CCCNC(C)C)c3ncnc(N)c3n2)cc2OCOc2c1,0,0,0,0,0,0,0
HSP90alpha,P07900,seed_242,101,1.8920875787734985,0.638272164,CC1CCc2cc(F)ccc2N1C(=O)c1ccc(O)cc1O,CC1CCc2cc(F)ccc2N1C(=O)c1ccc(O)cc1O,0,0,0,0,0,0,0
HSP90alpha,P07900,seed_242,102,1.8920875787734985,0.22184875,C[C@@H]1CCc2cc(F)ccc2N1C(=O)c1ccc(O)cc1O,C[C@@H]1CCc2cc(F)ccc2N1C(=O)c1ccc(O)cc1O,0,0,0,0,0,0,0
HSP90alpha,P07900,seed_242,103,1.8920875787734985,0.744727495,C[C@H]1CCc2cc(F)ccc2N1C(=O)c1ccc(O)cc1O,C[C@H]1CCc2cc(F)ccc2N1C(=O)c1ccc(O)cc1O,0,0,0,0,0,0,0
HSP90alpha,P07900,seed_242,104,1.8872638940811157,1.8996295,CC(=O)N1CCc2cc(N(C)C(=O)c3cc4c(Cc5cccc(C)c5)n[nH]c4cc3O)ccc21,O=C(C)N1c2c(cc(N(C(=O)c3c(O)cc4[nH]nc(Cc5cc(C)ccc5)c4c3)C)cc2)CC1,1,0,0,0,0,0,0
HSP90alpha,P07900,seed_242,105,1.8593006134033203,1.9200233,O=C(O)c1cc(-c2n[nH]c(=O)n2-c2ccccc2F)c(O)c(Br)c1O,Brc1c(O)c(C(=O)O)cc(c1O)C=1N(c2c(F)cccc2)C(=O)NN=1,1,0,0,0,0,0,0
HSP90alpha,P07900,seed_242,106,1.8490692377090454,1.879426069,CN(C(=O)c1cc2c(C(=O)N3CCOCC3)[nH]nc2cc1O)c1ccc(N2CCOCC2)cc1,O=C(N(C)c1ccc(N2CCOCC2)cc1)c1c(O)cc2n[nH]c(C(=O)N3CCOCC3)c2c1,1,0,0,0,0,0,0
HSP90alpha,P07900,seed_242,107,1.8054141998291016,1.9168558,O=C(O)c1cc(-c2n[nH]c(=O)n2-c2ccccc2F)c(O)cc1O,Fc1c(N2C(c3c(O)cc(O)c(C(=O)O)c3)=NNC2=O)cccc1,1,0,0,0,0,0,0
HSP90alpha,P07900,seed_242,108,1.7856394052505493,1.9318142,Cc1cccc(Cc2n[nH]c3cc(O)c(C(=O)N(C)c4cccc(Cl)c4)cc23)c1,Clc1cc(N(C(=O)c2c(O)cc3[nH]nc(Cc4cc(C)ccc4)c3c2)C)ccc1,0,0,0,0,0,0,0
HSP90alpha,P07900,seed_242,109,1.7573031187057495,1.8638014395,CC(C)N(C)S(=O)(=O)c1cc(-c2n[nH]c(=O)n2-c2ccccc2Cl)c(O)cc1O,CC(C)N(C)S(=O)(=O)c1cc(-c2n[nH]c(=O)n2-c2ccccc2Cl)c(O)cc1O,1,0,0,0,0,0,0
HSP90alpha,P07900,seed_242,110,1.7401034832000732,1.8028486655,CCCCCCN(C)C(=O)c1cc(-c2ccnn2-c2ccccc2C)c(O)cc1O,CCCCCCN(C)C(=O)c1cc(-c2ccnn2-c2ccccc2C)c(O)cc1O,1,0,0,0,0,0,0
HSP90alpha,P07900,seed_242,111,1.7350311279296875,1.793174118,COc1cccc(N(C)C(=O)c2cc3c(Cc4cccc(C)c4)n[nH]c3cc2O)c1,COc1cccc(N(C)C(=O)c2cc3c(Cc4cccc(C)c4)n[nH]c3cc2O)c1,1,0,0,0,0,0,0
HSP90alpha,P07900,seed_242,112,1.6644563674926758,1.6946486,Cc1cccc(Cc2n[nH]c3cc(O)c(C(=O)N(C)c4cccc(F)c4)cc23)c1,Fc1cc(N(C(=O)c2c(O)cc3[nH]nc(Cc4cc(C)ccc4)c3c2)C)ccc1,1,0,0,0,0,0,0
HSP90alpha,P07900,seed_242,113,1.6440321207046509,1.6309466,CCC(O)c1n[nH]c2cc(O)c(C(=O)N(C)c3ccc(N4CCOCC4)cc3)cc12,O=C(N(C)c1ccc(N2CCOCC2)cc1)c1c(O)cc2[nH]nc(C(O)CC)c2c1,1,0,0,0,0,0,0
HSP90alpha,P07900,seed_242,114,1.6171876192092896,1.649396841,Cc1cccc(Cc2n[nH]c3cc(O)c(C(=O)N(C)Cc4ccccc4)cc23)c1,Cc1cccc(Cc2n[nH]c3cc(O)c(C(=O)N(C)Cc4ccccc4)cc23)c1,1,0,0,0,0,0,0
HSP90alpha,P07900,seed_242,115,1.6057319641113281,1.718645423,CC(C)N(C)S(=O)(=O)c1cc(-c2n[nH]c(=O)n2-c2ccccc2F)c(O)cc1O,CC(C)N(C)S(=O)(=O)c1cc(-c2n[nH]c(=O)n2-c2ccccc2F)c(O)cc1O,1,0,0,0,0,0,0
HSP90alpha,P07900,seed_242,116,1.5915603637695312,1.5759898235,Cc1cnc(Cn2ccc3c(Cl)nc(N)nc32)c(C)c1Cl,Cc1cnc(Cn2ccc3c(Cl)nc(N)nc32)c(C)c1Cl,1,0,0,0,0,0,0
HSP90alpha,P07900,seed_242,117,1.5559784173965454,1.7175303145,O=c1[nH]nc(-c2cc(Br)c(O)cc2O)n1-c1ccccc1F,Brc1c(O)cc(O)c(C=2N(c3c(F)cccc3)C(=O)NN=2)c1,1,0,0,0,0,0,0
HSP90alpha,P07900,seed_242,118,1.5271925926208496,1.4710833,Oc1ccc(-c2ccnn2-c2ccccc2Cl)c(O)c1,Clc1c(-n2c(-c3c(O)cc(O)cc3)ccn2)cccc1,1,0,0,0,0,0,0
HSP90alpha,P07900,seed_242,119,1.4898487329483032,1.497572885,Cc1cccc(Cc2n[nH]c3cc(O)c(C(=O)N(C)c4ccc(F)cc4)cc23)c1,Cc1cccc(Cc2n[nH]c3cc(O)c(C(=O)N(C)c4ccc(F)cc4)cc23)c1,1,0,0,0,0,0,0
HSP90alpha,P07900,seed_242,120,1.4788862466812134,1.480172006,C#CCCCn1c(Cc2cc(OC)c(OC)c(OC)c2Cl)nc2c(N)nc(F)nc21,C#CCCCn1c(Cc2cc(OC)c(OC)c(OC)c2Cl)nc2c(N)nc(F)nc21,1,0,0,0,0,0,0
HSP90alpha,P07900,seed_242,121,1.4316521883010864,1.759679789,Cc1cccc(Cc2n[nH]c3cc(O)c(C(=O)N(C)Cc4ccc(Cl)cc4)cc23)c1,Cc1cccc(Cc2n[nH]c3cc(O)c(C(=O)N(C)Cc4ccc(Cl)cc4)cc23)c1,0,0,0,0,0,0,0
HSP90alpha,P07900,seed_242,122,1.292986512184143,1.433165,CC1CC2OC2C=CC=CC(=O)Cc2c(Cl)c(O)cc(O)c2C(=O)O1,Clc1c(O)cc(O)c2C(=O)OC(C)CC3OC3C=CC=CC(=O)Cc12,1,0,0,0,0,0,0
HSP90alpha,P07900,seed_242,123,1.2769628763198853,1.31398316,CN(Cc1ccc(Cl)cc1)C(=O)c1cc2c(Cc3ccccc3)n[nH]c2cc1O,CN(Cc1ccc(Cl)cc1)C(=O)c2cc3c(Cc4ccccc4)n[nH]c3cc2O,1,0,0,0,0,0,0
HSP90alpha,P07900,seed_242,124,1.181425929069519,1.1979621315,CCc1cc(-c2n[nH]c(C)c2-c2ccccc2F)c(O)cc1O,CCc1cc(-c2n[nH]c(C)c2-c2ccccc2F)c(O)cc1O,1,0,0,0,0,0,0
HSP90alpha,P07900,seed_242,125,1.1488651037216187,1.1496449,COc1ccc(-c2c(C#N)c(N)nc3sc(C(=O)Nc4ccc(F)cc4)c(N)c23)cc1OC,Fc1ccc(NC(=O)c2c(N)c3c(c(C#N)c(N)nc3s2)-c2cc(OC)c(OC)cc2)cc1,1,0,0,0,0,0,0
HSP90alpha,P07900,seed_242,126,1.1005024909973145,0.962573502,COc1ccc(-c2c(C#N)c(N)nc3sc(C(N)=O)c(N)c23)cc1OCCCC(=O)[O-],O=C([O-])CCCOc1c(OC)ccc(-c2c(C#N)c(N)nc3sc(C(=O)N)c(N)c23)c1,0,0,0,0,0,0,0
HSP90alpha,P07900,seed_242,127,1.0976080894470215,0.94923371,COc1ccc(-c2c(C#N)c(N)nc3sc(C(=O)Nc4ccc(Br)cc4)c(N)c23)cc1OC,Brc1ccc(NC(=O)c2c(N)c3c(c(C#N)c(N)nc3s2)-c2cc(OC)c(OC)cc2)cc1,0,0,0,0,0,0,0
HSP90alpha,P07900,seed_242,128,1.0731991529464722,1.05479,Cc1ccc2nc(N)nc(C(=O)N3Cc4ccc(Br)cc4C3)c2c1,Brc1cc2c(cc1)CN(C(=O)c1nc(N)nc3c1cc(C)cc3)C2,1,0,0,0,0,0,0
HSP90alpha,P07900,seed_242,129,1.0405863523483276,0.962573502,COc1ccc(-c2c(C#N)c(N)nc3sc(C(N)=O)c(N)c23)cc1OCCCC(=O)O,COc1ccc(-c2c(C#N)c(N)nc3sc(C(N)=O)c(N)c23)cc1OCCCC(=O)O,1,0,0,0,0,0,0
HSP90alpha,P07900,seed_242,130,1.0321781635284424,1.06913968,Oc1ccc(-c2nocc2-c2ccccc2)c(O)c1,Oc1c(-c2c(-c3ccccc3)con2)ccc(O)c1,1,0,0,0,0,0,0
HSP90alpha,P07900,seed_242,131,1.0305813550949097,1.0299766085,CCc1ccccc1-n1c(-c2ccc(O)cc2O)n[nH]c1=O,CCc1ccccc1-n1c(-c2ccc(O)cc2O)n[nH]c1=O,1,0,0,0,0,0,0
HSP90alpha,P07900,seed_242,132,1.001794695854187,0.954677021,Oc1ccc(-c2n[nH]c(=S)n2-c2ccccc2F)c(O)c1,S=C1N(c2c(F)cccc2)C(c2c(O)cc(O)cc2)=NN1,1,0,0,0,0,0,0
HSP90alpha,P07900,seed_242,133,0.9663481712341309,0.937538223,Cc1ccccc1-n1c(-c2ccc(O)cc2O)n[nH]c1=O,Cc1ccccc1-n1c(-c2ccc(O)cc2O)n[nH]c1=O,1,0,0,0,0,0,0
HSP90alpha,P07900,seed_242,134,0.9470886588096619,0.367542708,N#Cc1ccc(N2CC[NH+](CCCCc3c[nH]c4cc(O)c(C#N)cc34)CC2)cc1,Oc1c(C#N)cc2c(CCCC[NH+]3CCN(c4ccc(C#N)cc4)CC3)c[nH]c2c1,0,0,0,0,0,0,0
HSP90alpha,P07900,seed_242,135,0.8362623453140259,0.698970004,CSc1nc(-c2ccc(F)cc2C)c2c(C#N)c[nH]c2n1,S(C)c1nc(-c2c(C)cc(F)cc2)c2c(C#N)c[nH]c2n1,1,0,0,0,0,0,0
HSP90alpha,P07900,seed_242,136,0.8315219283103943,0.7597319015,Oc1cc(O)c(-c2ccnn2-c2ccccc2Cl)cc1CCc1ccccn1,Clc1c(-n2c(-c3c(O)cc(O)c(CCc4ncccc4)c3)ccn2)cccc1,1,0,0,0,0,0,0
HSP90alpha,P07900,seed_242,137,0.8262632489204407,0.8274355885,O=c1[nH]nc(-c2ccc(O)cc2O)n1-c1ccccc1Cl,Clc1c(N2C(c3c(O)cc(O)cc3)=NNC2=O)cccc1,1,0,0,0,0,0,0
HSP90alpha,P07900,seed_242,138,0.7395150065422058,0.6348867174999999,Oc1cc2[nH]nc(Cc3ccccc3)c2cc1-c1ccnn1-c1ccccc1,Oc1c(-c2n(-c3ccccc3)ncc2)cc2c(Cc3ccccc3)n[nH]c2c1,1,0,0,0,0,0,0
HSP90alpha,P07900,seed_242,139,0.7271725535392761,0.696689976,O=c1[nH]nc(-c2ccc(O)cc2O)n1-c1ccccc1F,Fc1c(N2C(c3c(O)cc(O)cc3)=NNC2=O)cccc1,1,0,0,0,0,0,0
HSP90alpha,P07900,seed_242,140,0.6662846803665161,0.68165839,CCOc1ccc2c(c1)CN(C(=O)c1nc(N)nc3ccc(C)cc13)C2,O=C(N1Cc2c(ccc(OCC)c2)C1)c1nc(N)nc2c1cc(C)cc2,1,0,0,0,0,0,0
HSP90alpha,P07900,seed_242,141,0.6210242509841919,0.58875918,COc1ccc2c(c1)CN(C(=O)c1nc(N)nc3ccc(C)cc13)C2,O=C(N1Cc2c(ccc(OC)c2)C1)c1nc(N)nc2c1cc(C)cc2,1,0,0,0,0,0,0
HSP90alpha,P07900,seed_242,142,0.5899098515510559,0.5948245915,COc1ccc(-c2c(-c3ccc(O)cc3O)n[nH]c2C)cc1,COc1ccc(-c2c(-c3ccc(O)cc3O)n[nH]c2C)cc1,1,0,0,0,0,0,0
HSP90alpha,P07900,seed_242,143,0.5874006748199463,0.54752356,CCc1cc(-c2n[nH]c(C)c2-c2ccccc2Cl)c(O)cc1O,Clc1c(-c2c(C)[nH]nc2-c2c(O)cc(O)c(CC)c2)cccc1,1,0,0,0,0,0,0
HSP90alpha,P07900,seed_242,144,0.5692740678787231,0.5543568905,Cc1ccc2nc(N)nc(C(=O)N3Cc4ccccc4C3)c2c1,Cc1ccc2nc(N)nc(C(=O)N3Cc4ccccc4C3)c2c1,1,0,0,0,0,0,0
HSP90alpha,P07900,seed_242,145,0.5363339781761169,0.53790173,CCC(=O)c1n[nH]c2cc(O)c(C(=O)N(C)c3ccc(N4CCOCC4)cc3)cc12,O=C(N(C)c1ccc(N2CCOCC2)cc1)c1c(O)cc2[nH]nc(C(=O)CC)c2c1,1,0,0,0,0,0,0
HSP90alpha,P07900,seed_242,146,0.4776434600353241,0.42239332,Cc1ccc2nc(N)nc(C(=O)N3Cc4ccc(O)cc4C3)c2c1,O=C(N1Cc2c(ccc(O)c2)C1)c1nc(N)nc2c1cc(C)cc2,1,0,0,0,0,0,0
HSP90alpha,P07900,seed_242,147,0.4519380033016205,0.45284086,CCc1ccc(-c2c(C#N)c(N)nc3sc(C(=O)Nc4ccc5c(c4)OCO5)c(N)c23)cc1,O=C(Nc1cc2OCOc2cc1)c1c(N)c2c(c(C#N)c(N)nc2s1)-c1ccc(CC)cc1,1,0,0,0,0,0,0
HSP90alpha,P07900,seed_242,148,0.3981884717941284,0.367542708,N#Cc1ccc(N2CCN(CCCc3c[nH]c4cc(O)c(C#N)cc34)CC2)cc1,N#Cc1ccc(N2CCN(CCCc3c[nH]c4cc(O)c(C#N)cc34)CC2)cc1,1,0,0,0,0,0,0
HSP90alpha,P07900,seed_242,149,0.35955747961997986,0.35127416,CCCc1cc(-c2n[nH]cc2-c2ccc3c(c2)OCCO3)c(O)cc1O,Oc1c(CCC)cc(-c2c(-c3cc4OCCOc4cc3)c[nH]n2)c(O)c1,1,0,0,0,0,0,0
HSP90alpha,P07900,seed_242,150,0.351127564907074,0.28469321,Oc1cc(O)c(-c2ccnn2-c2ccccc2F)cc1I,Ic1c(O)cc(O)c(-c2n(-c3c(F)cccc3)ncc2)c1,1,0,0,0,0,0,0
HSP90alpha,P07900,seed_242,151,0.3001649081707001,0.258090429,Nc1nc(C(=O)N2Cc3ccccc3C2)c2ccccc2n1,Nc1nc(C(=O)N2Cc3ccccc3C2)c2ccccc2n1,1,0,0,0,0,0,0
HSP90alpha,P07900,seed_242,152,0.29680317640304565,0.256529439,Nc1nc(C(=O)N2Cc3ccc(O)cc3C2)c2ccccc2n1,Nc1nc(C(=O)N2Cc3ccc(O)cc3C2)c2ccccc2n1,1,0,0,0,0,0,0
HSP90alpha,P07900,seed_242,153,0.28802552819252014,0.2418074885,Nc1nc(C(=O)N2Cc3ccccc3C2)c2cc(O)ccc2n1,Nc1nc(C(=O)N2Cc3ccccc3C2)c2cc(O)ccc2n1,1,0,0,0,0,0,0
HSP90alpha,P07900,seed_242,154,0.1888105571269989,0.083546051,Cc1n[nH]c2cc(O)c(-c3ccnn3-c3ccccc3)cc12,Cc1n[nH]c2cc(O)c(-c3ccnn3-c3ccccc3)cc12,1,0,0,0,0,0,0
HSP90alpha,P07900,seed_242,155,0.14570283889770508,0.083546051,Cc1n[nH]c2cc(O)c(-c3ccnn3C3CCCCC3)cc12,Oc1c(-c2n(C3CCCCC3)ncc2)cc2c(C)n[nH]c2c1,1,0,0,0,0,0,0
HSP90alpha,P07900,seed_342,1,3.617384195327759,4.1490474,O=C(NC1c2ccccc2-c2c(-c3nc4cnccc4[nH]3)cccc21)c1ccncc1,O=C(NC1c2c(c(-c3[nH]c4c(n3)cncc4)ccc2)-c2c1cccc2)c1ccncc1,1,1,1,1,1,1,1
HSP90alpha,P07900,seed_342,2,3.223836660385132,3.531701957,COC1CCCN(C(=O)c2n[nH]c3cc(O)c(C(=O)N(C)c4ccc(N5CCOCC5)cc4)cc23)C1,O=C(N(C)c1ccc(N2CCOCC2)cc1)c1c(O)cc2[nH]nc(C(=O)N3CC(OC)CCC3)c2c1,1,1,1,1,0,0,0
HSP90alpha,P07900,seed_342,3,3.223836660385132,3.53165267,CO[C@H]1CCCN(C(=O)c2n[nH]c3cc(O)c(C(=O)N(C)c4ccc(N5CCOCC5)cc4)cc23)C1,CO[C@H]1CCCN(C(=O)c2n[nH]c3cc(O)c(C(=O)N(C)c4ccc(N5CCOCC5)cc4)cc23)C1,1,1,1,1,0,0,0
HSP90alpha,P07900,seed_342,4,2.9539902210235596,3.3559852,Nc1ncc(Cl)c(C(=O)NC2c3ccccc3-c3c(-c4nc5cnccc5[nH]4)cccc32)n1,Clc1c(C(=O)NC2c3c(c(-c4[nH]c5c(n4)cncc5)ccc3)-c3c2cccc3)nc(N)nc1,1,0,1,1,0,0,0
HSP90alpha,P07900,seed_342,5,2.887352228164673,3.215432782,Cc1cn(-c2ccc(C(N)=O)c(NC3CCC(O)CC3)c2)c2c1C(=O)CC(C)(C)C2,O=C(N)c1c(NC2CCC(O)CC2)cc(-n2c3c(c(C)c2)C(=O)CC(C)(C)C3)cc1,1,0,1,1,0,0,0
HSP90alpha,P07900,seed_342,6,2.887352228164673,3.314258261,Cc1cn(-c2ccc(C(N)=O)c(N[C@H]3CC[C@H](O)CC3)c2)c2c1C(=O)CC(C)(C)C2,Cc1cn(-c2ccc(C(N)=O)c(N[C@H]3CC[C@H](O)CC3)c2)c2c1C(=O)CC(C)(C)C2,1,0,0,1,0,0,0
HSP90alpha,P07900,seed_342,7,2.814250946044922,3.165811373,Cc1cn(-c2ccc(C(N)=O)c(NC3CCC(=O)CC3)c2)c2c1C(=O)CC(C)(C)C2,Cc1cn(-c2ccc(C(N)=O)c(NC3CCC(=O)CC3)c2)c2c1C(=O)CC(C)(C)C2,1,0,0,1,0,0,0
HSP90alpha,P07900,seed_342,8,2.8060426712036133,3.670434,O=C(NC1c2ccccc2-c2c(-c3nc4cnccc4[nH]3)cccc21)c1ccnc2[nH]ccc12,O=C(NC1c2c(c(-c3[nH]c4c(n3)cncc4)ccc2)-c2c1cccc2)c1c2c([nH]cc2)ncc1,0,0,0,1,0,0,1
HSP90alpha,P07900,seed_342,9,2.7998416423797607,3.154266346,Cc1ccccc1-n1nccc1-c1cc(C(=O)N(C)Cc2ccco2)c(O)cc1O,Cc1ccccc1-n1nccc1-c1cc(C(=O)N(C)Cc2ccco2)c(O)cc1O,1,0,0,1,0,0,0
HSP90alpha,P07900,seed_342,10,2.790203332901001,3.1230553175,Cc1cccc(Cc2n[nH]c3cc(O)c(C(=O)N(C)c4ccc(N5CCOCC5)cc4)cc23)c1,Cc1cccc(Cc2n[nH]c3cc(O)c(C(=O)N(C)c4ccc(N5CCOCC5)cc4)cc23)c1,1,0,0,1,0,0,0
HSP90alpha,P07900,seed_342,11,2.7640724182128906,3.257524969,CN(Cc1ccco1)C(=O)c1cc(-c2n[nH]c(=O)n2-c2ccccc2F)c(O)cc1O,CN(Cc1ccco1)C(=O)c1cc(-c2n[nH]c(=O)n2-c2ccccc2F)c(O)cc1O,1,0,0,0,0,0,0
HSP90alpha,P07900,seed_342,12,2.7045395374298096,3.040958604,CN(C(=O)c1cc2c(C(=O)N3CCCCC3)n[nH]c2cc1O)c1ccc(N2CCOCC2)cc1,CN(C(=O)c1cc2c(C(=O)N3CCCCC3)n[nH]c2cc1O)c1ccc(N2CCOCC2)cc1,1,0,0,0,0,0,0
HSP90alpha,P07900,seed_342,13,2.6971852779388428,3.1036857295,Cc1cccc(Cc2n[nH]c3cc(O)c(C(=O)N(C)c4ccc(N5CCN(C)CC5)cc4)cc23)c1,Cc1cccc(Cc2n[nH]c3cc(O)c(C(=O)N(C)c4ccc(N5CCN(C)CC5)cc4)cc23)c1,1,0,0,0,0,0,0
HSP90alpha,P07900,seed_342,14,2.6541264057159424,2.9712938,Cc1ccccc1CN(C)C(=O)c1cc(-c2n[nH]c(=O)n2-c2ccccc2C)c(O)cc1O,O=C(N(Cc1c(C)cccc1)C)c1c(O)cc(O)c(C=2N(c3c(C)cccc3)C(=O)NN=2)c1,1,0,0,0,0,0,0
HSP90alpha,P07900,seed_342,15,2.6457295417785645,3.0046721,Nc1cc(C(=O)NC2c3ccccc3-c3c(-c4nc5cnccc5[nH]4)cccc32)ccn1,O=C(NC1c2c(c(-c3[nH]c4c(n3)cncc4)ccc2)-c2c1cccc2)c1cc(N)ncc1,1,0,0,0,0,0,0
HSP90alpha,P07900,seed_342,16,2.6414027214050293,3.040958608,CN(C(=O)c1cc2c(C(=O)N3CCCCC3)[nH]nc2cc1O)c1ccc(N2CCOCC2)cc1,O=C(N(C)c1ccc(N2CCOCC2)cc1)c1c(O)cc2n[nH]c(C(=O)N3CCCCC3)c2c1,1,0,0,0,0,0,0
HSP90alpha,P07900,seed_342,17,2.632655382156372,2.9194574080000004,Cc1cccc(Cc2n[nH]c3cc(O)c(C(=O)N(C)c4ccc(N5CCOCC5=O)cc4)cc23)c1,Cc1cccc(Cc2n[nH]c3cc(O)c(C(=O)N(C)c4ccc(N5CCOCC5=O)cc4)cc23)c1,1,0,0,0,0,0,0
HSP90alpha,P07900,seed_342,18,2.614637613296509,3.7329869469999997,O=C(NC1c2ccccc2-c2c(-c3nc4ccncc4[nH]3)cccc21)c1ccnc2[nH]ccc12,O=C(NC1c2c(c(-c3[nH]c4c(n3)ccnc4)ccc2)-c2c1cccc2)c1c2c([nH]cc2)ncc1,0,0,0,0,0,0,1
HSP90alpha,P07900,seed_342,19,2.5936412811279297,3.004803708,Nc1cc(C(=O)NC2c3ccccc3-c3c(-c4nc5ccncc5[nH]4)cccc32)ccn1,Nc1cc(C(=O)NC2c3ccccc3-c3c(-c4nc5ccncc5[nH]4)cccc32)ccn1,1,0,0,0,0,0,0
HSP90alpha,P07900,seed_342,20,2.5910770893096924,2.9025117,COc1ccccc1CN(C)C(=O)c1cc(-c2n[nH]c(=O)n2-c2ccccc2C)c(O)cc1O,O=C(N(Cc1c(OC)cccc1)C)c1c(O)cc(O)c(C=2N(c3c(C)cccc3)C(=O)NN=2)c1,1,0,0,0,0,0,0
HSP90alpha,P07900,seed_342,21,2.5758683681488037,2.58031965,Cc1ccccc1-n1c(-c2cc(C(=O)N(C)Cc3ccccc3-c3cccnc3)c(O)cc2O)n[nH]c1=O,O=C(N(Cc1c(-c2cnccc2)cccc1)C)c1c(O)cc(O)c(C=2N(c3c(C)cccc3)C(=O)NN=2)c1,0,0,0,0,0,0,0
HSP90alpha,P07900,seed_342,22,2.550955057144165,2.7958801,CN(C(=O)c1cc2c(CC3CCCC3)n[nH]c2cc1O)c1ccc(N2CCOCC2)cc1,O=C(N(C)c1ccc(N2CCOCC2)cc1)c1c(O)cc2[nH]nc(CC3CCCC3)c2c1,1,0,0,0,0,0,0
HSP90alpha,P07900,seed_342,23,2.545607566833496,2.821023053,Nc1nc(C(=O)N2Cc3ccccc3C2)c2cc(-c3cc(F)c(F)cc3CCc3nnn[nH]3)ccc2n1,Fc1c(F)cc(c(CCc2[nH]nnn2)c1)-c1cc2c(C(=O)N3Cc4c(cccc4)C3)nc(N)nc2cc1,1,0,0,0,0,0,0
HSP90alpha,P07900,seed_342,24,2.537674903869629,2.896196279,COc1c(C)cnc(Cn2cc(C=CCC(C)(C)O)c3c(Cl)nc(N)nc32)c1C,Clc1nc(N)nc2n(Cc3c(C)c(OC)c(C)cn3)cc(C=CCC(O)(C)C)c12,1,0,0,0,0,0,0
HSP90alpha,P07900,seed_342,25,2.53684401512146,2.864753211,Cc1ccccc1-n1c(-c2cc(C(=O)N(C)Cc3ccccc3)c(O)cc2O)n[nH]c1=O,Cc1ccccc1-n1c(-c2cc(C(=O)N(C)Cc3ccccc3)c(O)cc2O)n[nH]c1=O,1,0,0,0,0,0,0
HSP90alpha,P07900,seed_342,26,2.5305776596069336,2.8130436,CCC(F)c1n[nH]c2cc(O)c(C(=O)N(C)c3ccc(N4CCOCC4)cc3)cc12,FC(CC)c1n[nH]c2c1cc(C(=O)N(C)c1ccc(N3CCOCC3)cc1)c(O)c2,1,0,0,0,0,0,0
HSP90alpha,P07900,seed_342,27,2.519925117492676,2.896196279,COc1c(C)cnc(Cn2cc(C#CCC(C)(C)O)c3c(Cl)nc(N)nc32)c1C,COc1c(C)cnc(Cn2cc(C#CCC(C)(C)O)c3c(Cl)nc(N)nc32)c1C,1,0,0,0,0,0,0
HSP90alpha,P07900,seed_342,28,2.5067362785339355,3.723538196,O=C(NC1c2ccccc2-c2c(-c3nc4cc(F)ccc4[nH]3)cccc21)c1ccnc2[nH]ccc12,Fc1cc2nc(-c3c-4c(C(NC(=O)c5c6c([nH]cc6)ncc5)c5c-4cccc5)ccc3)[nH]c2cc1,0,0,0,0,0,0,1
HSP90alpha,P07900,seed_342,29,2.5067362785339355,3.723538196,O=C(N[C@@H]1c2ccccc2-c2c(-c3nc4cc(F)ccc4[nH]3)cccc21)c1ccnc2[nH]ccc12,Fc1ccc2[nH]c(nc2c1)-c1cccc2[C@H](NC(=O)c3ccnc4[nH]ccc34)c3ccccc3-c12,0,0,0,0,0,0,1
HSP90alpha,P07900,seed_342,30,2.5055243968963623,2.86918425,CC(C)CN(C)C(=O)c1n[nH]c2cc(O)c(C(=O)N(C)c3ccc(N4CCOCC4)cc3)cc12,O=C(N(CC(C)C)C)c1n[nH]c2c1cc(C(=O)N(C)c1ccc(N3CCOCC3)cc1)c(O)c2,1,0,0,0,0,0,0
HSP90alpha,P07900,seed_342,31,2.504207134246826,2.7935115,CCC(C)c1n[nH]c2cc(O)c(C(=O)N(C)c3ccc(N4CCOCC4)cc3)cc12,O=C(N(C)c1ccc(N2CCOCC2)cc1)c1c(O)cc2[nH]nc(C(CC)C)c2c1,1,0,0,0,0,0,0
HSP90alpha,P07900,seed_342,32,2.502262830734253,2.8471794105,Cc1cccc(CN(C)C(=O)c2cc(-c3n[nH]c(=O)n3-c3ccccc3C)c(O)cc2O)c1,Cc1cccc(CN(C)C(=O)c2cc(-c3n[nH]c(=O)n3-c3ccccc3C)c(O)cc2O)c1,1,0,0,0,0,0,0
HSP90alpha,P07900,seed_342,33,2.490140199661255,2.860541138,COC1CCN(C(=O)c2n[nH]c3cc(O)c(C(=O)N(C)c4ccc(N5CCOCC5)cc4)cc23)C1,O=C(N(C)c1ccc(N2CCOCC2)cc1)c1c(O)cc2[nH]nc(C(=O)N3CC(OC)CC3)c2c1,1,0,0,0,0,0,0
HSP90alpha,P07900,seed_342,34,2.490140199661255,2.860120914,CO[C@H]1CCN(C(=O)c2n[nH]c3cc(O)c(C(=O)N(C)c4ccc(N5CCOCC5)cc4)cc23)C1,CO[C@H]1CCN(C(=O)c2n[nH]c3cc(O)c(C(=O)N(C)c4ccc(N5CCOCC5)cc4)cc23)C1,1,0,0,0,0,0,0
HSP90alpha,P07900,seed_342,35,2.487492799758911,3.129596095,Cc1cccc(Cc2n[nH]c3cc(O)c(C(=O)N(C)c4ccc(N5CCCCC5)cc4)cc23)c1,Cc1cccc(Cc2n[nH]c3cc(O)c(C(=O)N(C)c4ccc(N5CCCCC5)cc4)cc23)c1,0,0,0,0,0,0,0
HSP90alpha,P07900,seed_342,36,2.478647470474243,2.6966150325,CCCCN(C)C(=O)c1n[nH]c2cc(O)c(C(=O)N(C)c3ccc(N4CCOCC4)cc3)cc12,CCCCN(C)C(=O)c1n[nH]c2cc(O)c(C(=O)N(C)c3ccc(N4CCOCC4)cc3)cc12,1,0,0,0,0,0,0
HSP90alpha,P07900,seed_342,37,2.4613378047943115,2.51404215,Cc1ccccc1-n1c(-c2cc(C(=O)N(C)Cc3cccc(-c4cncnc4)c3)c(O)cc2O)n[nH]c1=O,O=C(N(Cc1cc(-c2cncnc2)ccc1)C)c1c(O)cc(O)c(C=2N(c3c(C)cccc3)C(=O)NN=2)c1,0,0,0,0,0,0,0
HSP90alpha,P07900,seed_342,38,2.4591643810272217,2.7521280395,Cc1ccccc1-n1c(-c2cc(C(=O)N(C)Cc3cccs3)c(O)cc2O)n[nH]c1=O,Cc1ccccc1-n1c(-c2cc(C(=O)N(C)Cc3cccs3)c(O)cc2O)n[nH]c1=O,1,0,0,0,0,0,0
HSP90alpha,P07900,seed_342,39,2.448591470718384,2.683868054,CCNC(=O)c1noc(-c2cc(Cl)c(O)cc2O)c1-c1ccc(OC)cc1,CCNC(=O)c1noc(-c2cc(Cl)c(O)cc2O)c1-c1ccc(OC)cc1,1,0,0,0,0,0,0
HSP90alpha,P07900,seed_342,40,2.42981219291687,2.880354967,Cc1cccc(Cc2n[nH]c3cc(O)c(C(=O)N(C)c4ccc(N5CCNCC5)cc4)cc23)c1,O=C(N(C)c1ccc(N2CCNCC2)cc1)c1c(O)cc2[nH]nc(Cc3cc(C)ccc3)c2c1,1,0,0,0,0,0,0
HSP90alpha,P07900,seed_342,41,2.422511339187622,3.0,CCNC(=O)c1noc(-c2cc(Cl)c(O)cc2O)c1-c1ccc(CN2CCOCC2)cc1C,CCNC(=O)c1noc(c1-c1ccc(CN2CCOCC2)cc1C)-c1cc(Cl)c(O)cc1O,0,0,0,0,0,0,0
HSP90alpha,P07900,seed_342,42,2.4134058952331543,2.655273836,CCCCN(C)C(=O)c1cc(-c2n[nH]c(=O)n2-c2ccccc2F)c(O)cc1O,CCCCN(C)C(=O)c1cc(-c2n[nH]c(=O)n2-c2ccccc2F)c(O)cc1O,1,0,0,0,0,0,0
HSP90alpha,P07900,seed_342,43,2.399263620376587,2.70469365,Nc1nc(C(=O)N2Cc3ccccc3C2)c2cc(-c3cc(F)c(F)cc3Cc3nnn[nH]3)ccc2n1,Fc1c(F)cc(c(Cc2[nH]nnn2)c1)-c1cc2c(C(=O)N3Cc4c(cccc4)C3)nc(N)nc2cc1,1,0,0,0,0,0,0
HSP90alpha,P07900,seed_342,44,2.3895576000213623,4.0,CCNC(=O)c1noc(-c2cc(C(C)C)c(O)cc2O)c1-c1ccc(C[NH+]2CCOCC2)cc1,O=C(NCC)c1c(c(-c2c(O)cc(O)c(C(C)C)c2)on1)-c1ccc(C[NH+]2CCOCC2)cc1,0,0,0,0,1,1,1
HSP90alpha,P07900,seed_342,45,2.3840458393096924,4.0,CCNC(=O)c1noc(-c2cc(Cl)c(O)cc2O)c1-c1ccc(C[NH+]2CCOCC2)cc1,Clc1c(O)cc(O)c(-c2c(c(C(=O)NCC)no2)-c2ccc(C[NH+]3CCOCC3)cc2)c1,0,0,0,0,1,1,1
HSP90alpha,P07900,seed_342,46,2.373680353164673,3.123782159,Cc1cccc(Cc2n[nH]c3cc(O)c(C(=O)N(C)c4ccc(N5CC[NH+](C)CC5)cc4)cc23)c1,O=C(N(C)c1ccc(N2CC[NH+](C)CC2)cc1)c1c(O)cc2[nH]nc(Cc3cc(C)ccc3)c2c1,0,0,0,0,0,0,0
HSP90alpha,P07900,seed_342,47,2.371800661087036,2.906578315,Cc1cccc(Cc2n[nH]c3cc(O)c(C(=O)N(C)c4ccc(N5CC[NH2+]CC5)cc4)cc23)c1,Cc1cccc(Cc2n[nH]c3cc(O)c(C(=O)N(C)c4ccc(N5CC[NH2+]CC5)cc4)cc23)c1,0,0,0,0,0,0,0
HSP90alpha,P07900,seed_342,48,2.355539083480835,2.5528419,CN(C(=O)c1cc2c(CC3CCCCC3)n[nH]c2cc1O)c1ccc(N2CCOCC2)cc1,O=C(N(C)c1ccc(N2CCOCC2)cc1)c1c(O)cc2[nH]nc(CC3CCCCC3)c2c1,1,0,0,0,0,0,0
HSP90alpha,P07900,seed_342,49,2.345538377761841,2.6025259715,Cc1cccc(Cc2n[nH]c3cc(O)c(C(=O)N(C)c4ccc(N(C)C)cc4)cc23)c1,Cc1cccc(Cc2n[nH]c3cc(O)c(C(=O)N(C)c4ccc(N(C)C)cc4)cc23)c1,1,0,0,0,0,0,0
HSP90alpha,P07900,seed_342,50,2.3380229473114014,2.337242168,Cc1ccccc1-n1c(-c2cc(C(=O)N(C)Cc3ccco3)c(O)cc2O)n[nH]c1=O,O=C(N(Cc1occc1)C)c1c(O)cc(O)c(C=2N(c3c(C)cccc3)C(=O)NN=2)c1,1,0,0,0,0,0,0
HSP90alpha,P07900,seed_342,51,2.3353543281555176,3.722964,O=C(NC1c2ccccc2-c2c(-c3nc4ccc(F)cc4[nH]3)cccc21)c1ccnc2[nH]ccc12,Fc1cc2[nH]c(-c3c-4c(C(NC(=O)c5c6c([nH]cc6)ncc5)c5c-4cccc5)ccc3)nc2cc1,0,0,0,0,0,0,1
HSP90alpha,P07900,seed_342,52,2.3309078216552734,2.6144906005,CN(C(=O)c1cc2c(C(=O)N3CCCC3)n[nH]c2cc1O)c1ccc(N2CCOCC2)cc1,CN(C(=O)c1cc2c(C(=O)N3CCCC3)n[nH]c2cc1O)c1ccc(N2CCOCC2)cc1,1,0,0,0,0,0,0
HSP90alpha,P07900,seed_342,53,2.311432123184204,2.5139896505,CCCCN(C)C(=O)c1cc(-c2n[nH]c(=O)n2-c2ccccc2)c(O)cc1O,CCCCN(C)C(=O)c1cc(-c2n[nH]c(=O)n2-c2ccccc2)c(O)cc1O,1,0,0,0,0,0,0
HSP90alpha,P07900,seed_342,54,2.3071725368499756,2.5626855,CCCc1n[nH]c2c(Br)c(O)c(C(=O)N(C)c3ccc(N4CCOCC4)cc3)cc12,Brc1c(O)c(C(=O)N(C)c2ccc(N3CCOCC3)cc2)cc2c(CCC)n[nH]c12,1,0,0,0,0,0,0
HSP90alpha,P07900,seed_342,55,2.3000545501708984,2.5850267,COc1cccc(Cc2n[nH]c3cc(O)c(C(=O)N(C)c4ccc(N5CCOCC5)cc4)cc23)c1,O=C(N(C)c1ccc(N2CCOCC2)cc1)c1c(O)cc2[nH]nc(Cc3cc(OC)ccc3)c2c1,1,0,0,0,0,0,0
HSP90alpha,P07900,seed_342,56,2.290130376815796,2.5686362,CCCCc1n[nH]c2cc(O)c(C(=O)N(C)c3ccc(N4CCOCC4)cc3)cc12,O=C(N(C)c1ccc(N2CCOCC2)cc1)c1c(O)cc2[nH]nc(CCCC)c2c1,1,0,0,0,0,0,0
HSP90alpha,P07900,seed_342,57,2.28631591796875,2.5160029,COCc1n[nH]c2cc(O)c(C(=O)N(C)c3ccc(N4CCOCC4)cc3)cc12,O=C(N(C)c1ccc(N2CCOCC2)cc1)c1c(O)cc2[nH]nc(COC)c2c1,1,0,0,0,0,0,0
HSP90alpha,P07900,seed_342,58,2.279083013534546,3.556013778,O=C(NC1c2ccccc2-c2c(-c3cnc4ccccc4c3)cccc21)c1c(Br)cnc2[nH]cnc12,Brc1c(C(=O)NC2c3c(c(-c4cnc5c(c4)cccc5)ccc3)-c3c2cccc3)c2nc[nH]c2nc1,0,0,0,0,0,0,0
HSP90alpha,P07900,seed_342,59,2.277881383895874,2.5301781,Cc1cccc(Cc2n[nH]c3cc(O)c(C(=O)N(C)c4ccc(CN5CCOCC5)cc4)cc23)c1,O=C(N(C)c1ccc(CN2CCOCC2)cc1)c1c(O)cc2[nH]nc(Cc3cc(C)ccc3)c2c1,1,0,0,0,0,0,0
HSP90alpha,P07900,seed_342,60,2.2738778591156006,3.865982546,Cc1nn(-c2ccc(C(N)=O)c(NC3CCC(O)CC3)c2)c2cccc(-c3cnc4ccccc4c3)c12,O=C(N)c1c(NC2CCC(O)CC2)cc(-n2nc(C)c3c(-c4cnc5c(c4)cccc5)cccc23)cc1,0,0,0,0,0,1,1
HSP90alpha,P07900,seed_342,61,2.2738778591156006,3.866461092,Cc1nn(-c2ccc(C(N)=O)c(N[C@H]3CC[C@H](O)CC3)c2)c2cccc(-c3cnc4ccccc4c3)c12,Cc1nn(-c2ccc(C(N)=O)c(N[C@H]3CC[C@H](O)CC3)c2)c2cccc(-c3cnc4ccccc4c3)c12,0,0,0,0,0,1,1
HSP90alpha,P07900,seed_342,62,2.266073226928711,2.5524931,CCCc1n[nH]c2cc(O)c(C(=O)N(C)c3ccc(C4CCN(C)CC4)cc3)cc12,O=C(N(C)c1ccc(C2CCN(C)CC2)cc1)c1c(O)cc2[nH]nc(CCC)c2c1,1,0,0,0,0,0,0
HSP90alpha,P07900,seed_342,63,2.2631609439849854,2.5376019,CCCc1n[nH]c2cc(O)c(C(=O)N(C)c3ccc(N4CCOCC4)cc3)cc12,O=C(N(C)c1ccc(N2CCOCC2)cc1)c1c(O)cc2[nH]nc(CCC)c2c1,1,0,0,0,0,0,0
HSP90alpha,P07900,seed_342,64,2.258422613143921,2.4004528990000003,Cc1ccccc1-n1c(-c2cc(C(=O)N(C)CC3CCCO3)c(O)cc2O)n[nH]c1=O,Cc1ccccc1-n1c(-c2cc(C(=O)N(C)CC3CCCO3)c(O)cc2O)n[nH]c1=O,1,0,0,0,0,0,0
HSP90alpha,P07900,seed_342,65,2.2307941913604736,2.6798537,Cc1cccc(Cc2n[nH]c3cc(O)c(C(=O)N(C)c4ccc(OCCCC#N)cc4)cc23)c1,O=C(N(C)c1ccc(OCCCC#N)cc1)c1c(O)cc2[nH]nc(Cc3cc(C)ccc3)c2c1,0,0,0,0,0,0,0
HSP90alpha,P07900,seed_342,66,2.203643560409546,2.5228786,Cc1cccc(Cc2n[nH]c3cc(O)c(C(=O)N(C)c4ccc(OCCN(C)C)cc4)cc23)c1,O=C(N(C)c1ccc(OCCN(C)C)cc1)c1c(O)cc2[nH]nc(Cc3cc(C)ccc3)c2c1,1,0,0,0,0,0,0
HSP90alpha,P07900,seed_342,67,2.1877105236053467,2.8570373,CN1CCC(c2ccc(N(C)C(=O)c3cc4c(CCC(C)(C)C)n[nH]c4cc3O)cc2)CC1,O=C(N(C)c1ccc(C2CCN(C)CC2)cc1)c1c(O)cc2[nH]nc(CCC(C)(C)C)c2c1,0,0,0,0,0,0,0
HSP90alpha,P07900,seed_342,68,2.1735570430755615,2.377878523,Nc1nc(C(=O)N2Cc3ccccc3C2)c2cc(-c3ccccc3CO)ccc2n1,O=C(N1Cc2c(cccc2)C1)c1nc(N)nc2c1cc(-c1c(CO)cccc1)cc2,1,0,0,0,0,0,0
HSP90alpha,P07900,seed_342,69,2.1661794185638428,2.342944147,Nc1nc(C(=O)N2Cc3ccccc3C2)c2cc(-c3ccccc3O)ccc2n1,Nc1nc(C(=O)N2Cc3ccccc3C2)c2cc(-c3ccccc3O)ccc2n1,1,0,0,0,0,0,0
HSP90alpha,P07900,seed_342,70,2.1249005794525146,2.343901798,CNCc1ccccc1-c1ccc2nc(N)nc(C(=O)N3Cc4ccccc4C3)c2c1,CNCc1ccccc1-c1ccc2nc(N)nc(C(=O)N3Cc4ccccc4C3)c2c1,1,0,0,0,0,0,0
HSP90alpha,P07900,seed_342,71,2.117210626602173,2.3100635995000003,CCCN(C)C(=O)c1cc(-c2n[nH]c(=O)n2-c2ccccc2C)c(O)cc1O,CCCN(C)C(=O)c1cc(-c2n[nH]c(=O)n2-c2ccccc2C)c(O)cc1O,1,0,0,0,0,0,0
HSP90alpha,P07900,seed_342,72,2.1056129932403564,2.2594183235000003,CCCN(C)S(=O)(=O)c1cc(-c2n[nH]c(=O)n2-c2ccccc2F)c(O)cc1O,CCCN(C)S(=O)(=O)c1cc(-c2n[nH]c(=O)n2-c2ccccc2F)c(O)cc1O,1,0,0,0,0,0,0
HSP90alpha,P07900,seed_342,73,2.093886375427246,2.4321506,CCNC(=O)C1(c2ccc3nc(N)nc(C(=O)N4Cc5ccccc5C4)c3c2)CCC1,O=C(N1Cc2c(cccc2)C1)c1nc(N)nc2c1cc(C1(C(=O)NCC)CCC1)cc2,1,0,0,0,0,0,0
HSP90alpha,P07900,seed_342,74,2.0877163410186768,2.2508990375,Cc1cccc(Cc2n[nH]c3cc(O)c(C(=O)N(C)c4ccc5c(c4)OCO5)cc23)c1,Cc1cccc(Cc2n[nH]c3cc(O)c(C(=O)N(C)c4ccc5c(c4)OCO5)cc23)c1,1,0,0,0,0,0,0
HSP90alpha,P07900,seed_342,75,2.060803174972534,2.3625102,Cc1cccc(Cc2n[nH]c3cc(O)c(C(=O)N(C)c4ccc(CNS(C)(=O)=O)cc4)cc23)c1,S(=O)(=O)(NCc1ccc(N(C(=O)c2c(O)cc3[nH]nc(Cc4cc(C)ccc4)c3c2)C)cc1)C,1,0,0,0,0,0,0
HSP90alpha,P07900,seed_342,76,2.0579912662506104,2.3979399,COc1ccc(N(C)C(=O)c2cc3c(Cc4cccc(C)c4)n[nH]c3cc2O)cc1,O=C(N(C)c1ccc(OC)cc1)c1c(O)cc2[nH]nc(Cc3cc(C)ccc3)c2c1,1,0,0,0,0,0,0
HSP90alpha,P07900,seed_342,77,2.0523364543914795,2.3260579,COc1ccc(CN(C)C(=O)c2cc(-c3n[nH]c(=O)n3-c3ccccc3C)c(O)cc2O)cc1,O=C(N(Cc1ccc(OC)cc1)C)c1c(O)cc(O)c(C=2N(c3c(C)cccc3)C(=O)NN=2)c1,1,0,0,0,0,0,0
HSP90alpha,P07900,seed_342,78,2.0461714267730713,2.2964248595,Cc1ccc(N(C)C(=O)c2cc3c(Cc4cccc(C)c4)n[nH]c3cc2O)cc1,Cc1ccc(N(C)C(=O)c2cc3c(Cc4cccc(C)c4)n[nH]c3cc2O)cc1,1,0,0,0,0,0,0
HSP90alpha,P07900,seed_342,79,2.040297031402588,2.2494917,CC(=O)N1CCc2ccc(N(C)C(=O)c3cc4c(Cc5cccc(C)c5)n[nH]c4cc3O)cc21,O=C(C)N1c2c(ccc(N(C(=O)c3c(O)cc4[nH]nc(Cc5cc(C)ccc5)c4c3)C)c2)CC1,1,0,0,0,0,0,0
HSP90alpha,P07900,seed_342,80,2.032097101211548,2.2621334255,CCCN(C)C(=O)c1cc(-c2n[nH]c(=O)n2-c2ccccc2F)c(O)cc1O,CCCN(C)C(=O)c1cc(-c2n[nH]c(=O)n2-c2ccccc2F)c(O)cc1O,1,0,0,0,0,0,0
HSP90alpha,P07900,seed_342,81,1.98087477684021,2.8569852,CN(C(=O)c1cc2c(CCC(C)(C)C)n[nH]c2cc1O)c1ccc(C2CC[NH+](C)CC2)cc1,C[NH+]1CCC(c2ccc(N(C)C(=O)c3cc4c(CCC(C)(C)C)n[nH]c4cc3O)cc2)CC1,0,0,0,0,0,0,0
HSP90alpha,P07900,seed_342,82,1.952996015548706,0.943095149,CCCCC#Cc1ccc(N[C@H]2CC[C@H](O)CC2)c(C(N)=O)c1,CCCCC#Cc1ccc(N[C@H]2CC[C@H](O)CC2)c(c1)C(N)=O,0,0,0,0,0,0,0
HSP90alpha,P07900,seed_342,83,1.9377057552337646,2.1999707,Cc1cccc(Cc2n[nH]c3cc(O)c(C(=O)N(C)c4ccc5c(c4)OCCO5)cc23)c1,O=C(N(C)c1cc2OCCOc2cc1)c1c(O)cc2[nH]nc(Cc3cc(C)ccc3)c2c1,1,0,0,0,0,0,0
HSP90alpha,P07900,seed_342,84,1.9239890575408936,2.5301781,COc1ccc(N(C)C(=O)c2cc3c(Cc4cccc(C)c4)n[nH]c3cc2O)cc1Cl,Clc1c(OC)ccc(N(C(=O)c2c(O)cc3[nH]nc(Cc4cc(C)ccc4)c3c2)C)c1,0,0,0,0,0,0,0
HSP90alpha,P07900,seed_342,85,1.9214398860931396,2.343901798,C[NH2+]Cc1ccccc1-c1ccc2nc(N)nc(C(=O)N3Cc4ccccc4C3)c2c1,O=C(N1Cc2c(cccc2)C1)c1nc(N)nc2c1cc(-c1c(C[NH2+]C)cccc1)cc2,0,0,0,0,0,0,0
HSP90alpha,P07900,seed_342,86,1.9107909202575684,1.9665762,Cc1cccc(Cc2n[nH]c3cc(O)c(C(=O)N(C)c4ccc(Br)cc4)cc23)c1,Brc1ccc(N(C(=O)c2c(O)cc3[nH]nc(Cc4cc(C)ccc4)c3c2)C)cc1,0,0,0,0,0,0,0
HSP90alpha,P07900,seed_342,87,1.8707880973815918,2.1135092565,Cc1cccc(Cc2n[nH]c3cc(O)c(C(=O)N(C)c4cccc(C)c4)cc23)c1,Cc1cccc(Cc2n[nH]c3cc(O)c(C(=O)N(C)c4cccc(C)c4)cc23)c1,1,0,0,0,0,0,0
HSP90alpha,P07900,seed_342,88,1.8610376119613647,3.13667714,C=CCNC1=C2CC(C)CC(OC)C(O)C(C)C=C(C)C(OC(N)=O)C(OC)C=CC=C(C)C(=O)NC(=CC1=O)C2=O,O=C(OC1C(C)=CC(C)C(O)C(OC)CC(C)CC=2C(=O)C(NC(=O)C(C)=CC=CC1OC)=CC(=O)C=2NCC=C)N,0,0,0,0,0,0,0
HSP90alpha,P07900,seed_342,89,1.8524813652038574,2.124360448,CCNC(=O)c1[nH]nc(-c2cc(Cl)c(O)cc2O)c1-c1ccc(OC)cc1,CCNC(=O)c1[nH]nc(-c2cc(Cl)c(O)cc2O)c1-c1ccc(OC)cc1,1,0,0,0,0,0,0
HSP90alpha,P07900,seed_342,90,1.845711350440979,1.844664,Cc1cccc(Cc2n[nH]c3cc(O)c(C(=O)N(C)c4ccc(Cl)cc4)cc23)c1,Clc1ccc(N(C(=O)c2c(O)cc3[nH]nc(Cc4cc(C)ccc4)c3c2)C)cc1,0,0,0,0,0,0,0
HSP90alpha,P07900,seed_342,91,1.8178839683532715,2.0506101,CC(=O)c1ccc(N(C)C(=O)c2cc3c(Cc4cccc(C)c4)n[nH]c3cc2O)cc1,O=C(N(C)c1ccc(C(=O)C)cc1)c1c(O)cc2[nH]nc(Cc3cc(C)ccc3)c2c1,1,0,0,0,0,0,0
HSP90alpha,P07900,seed_342,92,1.8137699365615845,2.4629369,CC(C)NCCCn1c(Sc2cc3c(cc2I)OCO3)nc2c(N)ncnc21,Ic1c(Sc2n(CCCNC(C)C)c3ncnc(N)c3n2)cc2OCOc2c1,0,0,0,0,0,0,0
HSP90alpha,P07900,seed_342,93,1.799220323562622,2.0241427515000003,Cc1cccc(Cc2n[nH]c3cc(O)c(C(=O)N(C)c4ccccc4)cc23)c1,Cc1cccc(Cc2n[nH]c3cc(O)c(C(=O)N(C)c4ccccc4)cc23)c1,1,0,0,0,0,0,0
HSP90alpha,P07900,seed_342,94,1.7649626731872559,2.027612,O=c1[nH]nc(-c2cc(CCc3ccccc3)c(O)cc2O)n1-c1ccccc1F,Fc1c(N2C(c3c(O)cc(O)c(CCc4ccccc4)c3)=NNC2=O)cccc1,1,0,0,0,0,0,0
HSP90alpha,P07900,seed_342,95,1.7486531734466553,2.3609953,COc1ccc(I)c(Sc2nc3c(N)ncnc3n2CCNCC(C)(C)C)c1,Ic1c(Sc2n(CCNCC(C)(C)C)c3ncnc(N)c3n2)cc(OC)cc1,0,0,0,0,0,0,0
HSP90alpha,P07900,seed_342,96,1.746511697769165,1.9817573,CCNC(=O)c1n[nH]c(-c2cc(Cl)c(O)cc2O)c1-c1ccc(OC)cc1,Clc1c(O)cc(O)c(-c2c(c(C(=O)NCC)n[nH]2)-c2ccc(OC)cc2)c1,1,0,0,0,0,0,0
HSP90alpha,P07900,seed_342,97,1.7325778007507324,1.9168558,O=C(O)c1cc(-c2n[nH]c(=O)n2-c2ccccc2F)c(O)cc1O,Fc1c(N2C(c3c(O)cc(O)c(C(=O)O)c3)=NNC2=O)cccc1,1,0,0,0,0,0,0
HSP90alpha,P07900,seed_342,98,1.7293293476104736,0.853871964,O=C(c1ccc(O)cc1O)N(Cc1ccccc1)c1ccccc1,Oc1ccc(C(=O)N(Cc2ccccc2)c2ccccc2)c(O)c1,0,0,0,0,0,0,0
HSP90alpha,P07900,seed_342,99,1.7153935432434082,1.8996295,CC(=O)N1CCc2cc(N(C)C(=O)c3cc4c(Cc5cccc(C)c5)n[nH]c4cc3O)ccc21,O=C(C)N1c2c(cc(N(C(=O)c3c(O)cc4[nH]nc(Cc5cc(C)ccc5)c4c3)C)cc2)CC1,1,0,0,0,0,0,0
HSP90alpha,P07900,seed_342,100,1.6570916175842285,1.9318142,Cc1cccc(Cc2n[nH]c3cc(O)c(C(=O)N(C)c4cccc(Cl)c4)cc23)c1,Clc1cc(N(C(=O)c2c(O)cc3[nH]nc(Cc4cc(C)ccc4)c3c2)C)ccc1,0,0,0,0,0,0,0
HSP90alpha,P07900,seed_342,101,1.6331021785736084,0.537602002,COc1cc2c(cc1OC)C(c1cccnc1)N(C(=O)c1ccc(O)cc1O)CC2,COc1cc2CCN(C(c3cccnc3)c2cc1OC)C(=O)c1ccc(O)cc1O,0,0,0,0,0,0,0
HSP90alpha,P07900,seed_342,102,1.6321136951446533,3.623423043,C[NH+]1CCN(S(=O)(=O)c2ccccc2-c2ccc3nc(N)nc(C(=O)N4Cc5ccccc5C4)c3c2)CC1,C[NH+]1CCN(S(=O)(=O)c2ccccc2-c2ccc3nc(N)nc(C(=O)N4Cc5ccccc5C4)c3c2)CC1,0,0,0,0,0,0,0
HSP90alpha,P07900,seed_342,103,1.6300545930862427,1.9200233,O=C(O)c1cc(-c2n[nH]c(=O)n2-c2ccccc2F)c(O)c(Br)c1O,Brc1c(O)c(C(=O)O)cc(c1O)C=1N(c2c(F)cccc2)C(=O)NN=1,1,0,0,0,0,0,0
HSP90alpha,P07900,seed_342,104,1.6138031482696533,1.8028486655,CCCCCCN(C)C(=O)c1cc(-c2ccnn2-c2ccccc2C)c(O)cc1O,CCCCCCN(C)C(=O)c1cc(-c2ccnn2-c2ccccc2C)c(O)cc1O,1,0,0,0,0,0,0
HSP90alpha,P07900,seed_342,105,1.595046043395996,1.8638014395,CC(C)N(C)S(=O)(=O)c1cc(-c2n[nH]c(=O)n2-c2ccccc2Cl)c(O)cc1O,CC(C)N(C)S(=O)(=O)c1cc(-c2n[nH]c(=O)n2-c2ccccc2Cl)c(O)cc1O,1,0,0,0,0,0,0
HSP90alpha,P07900,seed_342,106,1.584547996520996,1.793174118,COc1cccc(N(C)C(=O)c2cc3c(Cc4cccc(C)c4)n[nH]c3cc2O)c1,COc1cccc(N(C)C(=O)c2cc3c(Cc4cccc(C)c4)n[nH]c3cc2O)c1,1,0,0,0,0,0,0
HSP90alpha,P07900,seed_342,107,1.5686423778533936,1.8796525095,CN(C(=O)c1cc2c(C(=O)N3CCOCC3)n[nH]c2cc1O)c1ccc(N2CCOCC2)cc1,CN(C(=O)c1cc2c(cc1O)[nH]nc2C(=O)N1CCOCC1)c1ccc(N2CCOCC2)cc1,1,0,0,0,0,0,0
HSP90alpha,P07900,seed_342,108,1.5147478580474854,1.879426069,CN(C(=O)c1cc2c(C(=O)N3CCOCC3)[nH]nc2cc1O)c1ccc(N2CCOCC2)cc1,O=C(N(C)c1ccc(N2CCOCC2)cc1)c1c(O)cc2n[nH]c(C(=O)N3CCOCC3)c2c1,1,0,0,0,0,0,0
HSP90alpha,P07900,seed_342,109,1.5043535232543945,1.718645423,CC(C)N(C)S(=O)(=O)c1cc(-c2n[nH]c(=O)n2-c2ccccc2F)c(O)cc1O,CC(C)N(C)S(=O)(=O)c1cc(-c2n[nH]c(=O)n2-c2ccccc2F)c(O)cc1O,1,0,0,0,0,0,0
HSP90alpha,P07900,seed_342,110,1.5011427402496338,1.6946486,Cc1cccc(Cc2n[nH]c3cc(O)c(C(=O)N(C)c4cccc(F)c4)cc23)c1,Fc1cc(N(C(=O)c2c(O)cc3[nH]nc(Cc4cc(C)ccc4)c3c2)C)ccc1,1,0,0,0,0,0,0
HSP90alpha,P07900,seed_342,111,1.4453327655792236,1.649396841,Cc1cccc(Cc2n[nH]c3cc(O)c(C(=O)N(C)Cc4ccccc4)cc23)c1,Cc1cccc(Cc2n[nH]c3cc(O)c(C(=O)N(C)Cc4ccccc4)cc23)c1,1,0,0,0,0,0,0
HSP90alpha,P07900,seed_342,112,1.3965380191802979,0.638272164,CC1CCc2cc(F)ccc2N1C(=O)c1ccc(O)cc1O,CC1CCc2cc(F)ccc2N1C(=O)c1ccc(O)cc1O,0,0,0,0,0,0,0
HSP90alpha,P07900,seed_342,113,1.3965380191802979,0.22184875,C[C@@H]1CCc2cc(F)ccc2N1C(=O)c1ccc(O)cc1O,C[C@@H]1CCc2cc(F)ccc2N1C(=O)c1ccc(O)cc1O,0,0,0,0,0,0,0
HSP90alpha,P07900,seed_342,114,1.3965380191802979,0.744727495,C[C@H]1CCc2cc(F)ccc2N1C(=O)c1ccc(O)cc1O,C[C@H]1CCc2cc(F)ccc2N1C(=O)c1ccc(O)cc1O,0,0,0,0,0,0,0
HSP90alpha,P07900,seed_342,115,1.3832281827926636,1.6309466,CCC(O)c1n[nH]c2cc(O)c(C(=O)N(C)c3ccc(N4CCOCC4)cc3)cc12,O=C(N(C)c1ccc(N2CCOCC2)cc1)c1c(O)cc2[nH]nc(C(O)CC)c2c1,1,0,0,0,0,0,0
HSP90alpha,P07900,seed_342,116,1.3717273473739624,1.7175303145,O=c1[nH]nc(-c2cc(Br)c(O)cc2O)n1-c1ccccc1F,Brc1c(O)cc(O)c(C=2N(c3c(F)cccc3)C(=O)NN=2)c1,1,0,0,0,0,0,0
HSP90alpha,P07900,seed_342,117,1.3517999649047852,1.497572885,Cc1cccc(Cc2n[nH]c3cc(O)c(C(=O)N(C)c4ccc(F)cc4)cc23)c1,Cc1cccc(Cc2n[nH]c3cc(O)c(C(=O)N(C)c4ccc(F)cc4)cc23)c1,1,0,0,0,0,0,0
HSP90alpha,P07900,seed_342,118,1.3307113647460938,1.759679789,Cc1cccc(Cc2n[nH]c3cc(O)c(C(=O)N(C)Cc4ccc(Cl)cc4)cc23)c1,Cc1cccc(Cc2n[nH]c3cc(O)c(C(=O)N(C)Cc4ccc(Cl)cc4)cc23)c1,0,0,0,0,0,0,0
HSP90alpha,P07900,seed_342,119,1.2922085523605347,1.5759898235,Cc1cnc(Cn2ccc3c(Cl)nc(N)nc32)c(C)c1Cl,Cc1cnc(Cn2ccc3c(Cl)nc(N)nc32)c(C)c1Cl,1,0,0,0,0,0,0
HSP90alpha,P07900,seed_342,120,1.2810677289962769,1.480172006,C#CCCCn1c(Cc2cc(OC)c(OC)c(OC)c2Cl)nc2c(N)nc(F)nc21,C#CCCCn1c(Cc2cc(OC)c(OC)c(OC)c2Cl)nc2c(N)nc(F)nc21,1,0,0,0,0,0,0
HSP90alpha,P07900,seed_342,121,1.2166748046875,1.433165,CC1CC2OC2C=CC=CC(=O)Cc2c(Cl)c(O)cc(O)c2C(=O)O1,Clc1c(O)cc(O)c2C(=O)OC(C)CC3OC3C=CC=CC(=O)Cc12,1,0,0,0,0,0,0
HSP90alpha,P07900,seed_342,122,1.2046785354614258,1.31398316,CN(Cc1ccc(Cl)cc1)C(=O)c1cc2c(Cc3ccccc3)n[nH]c2cc1O,CN(Cc1ccc(Cl)cc1)C(=O)c2cc3c(Cc4ccccc4)n[nH]c3cc2O,1,0,0,0,0,0,0
HSP90alpha,P07900,seed_342,123,1.1570663452148438,1.4710833,Oc1ccc(-c2ccnn2-c2ccccc2Cl)c(O)c1,Clc1c(-n2c(-c3c(O)cc(O)cc3)ccn2)cccc1,1,0,0,0,0,0,0
HSP90alpha,P07900,seed_342,124,1.0622899532318115,1.1979621315,CCc1cc(-c2n[nH]c(C)c2-c2ccccc2F)c(O)cc1O,CCc1cc(-c2n[nH]c(C)c2-c2ccccc2F)c(O)cc1O,1,0,0,0,0,0,0
HSP90alpha,P07900,seed_342,125,0.953475832939148,0.962573502,COc1ccc(-c2c(C#N)c(N)nc3sc(C(N)=O)c(N)c23)cc1OCCCC(=O)[O-],O=C([O-])CCCOc1c(OC)ccc(-c2c(C#N)c(N)nc3sc(C(=O)N)c(N)c23)c1,0,0,0,0,0,0,0
HSP90alpha,P07900,seed_342,126,0.917159378528595,1.05479,Cc1ccc2nc(N)nc(C(=O)N3Cc4ccc(Br)cc4C3)c2c1,Brc1cc2c(cc1)CN(C(=O)c1nc(N)nc3c1cc(C)cc3)C2,1,0,0,0,0,0,0
HSP90alpha,P07900,seed_342,127,0.9156873822212219,1.1496449,COc1ccc(-c2c(C#N)c(N)nc3sc(C(=O)Nc4ccc(F)cc4)c(N)c23)cc1OC,Fc1ccc(NC(=O)c2c(N)c3c(c(C#N)c(N)nc3s2)-c2cc(OC)c(OC)cc2)cc1,1,0,0,0,0,0,0
HSP90alpha,P07900,seed_342,128,0.9097906351089478,1.06913968,Oc1ccc(-c2nocc2-c2ccccc2)c(O)c1,Oc1c(-c2c(-c3ccccc3)con2)ccc(O)c1,1,0,0,0,0,0,0
HSP90alpha,P07900,seed_342,129,0.8560874462127686,0.94923371,COc1ccc(-c2c(C#N)c(N)nc3sc(C(=O)Nc4ccc(Br)cc4)c(N)c23)cc1OC,Brc1ccc(NC(=O)c2c(N)c3c(c(C#N)c(N)nc3s2)-c2cc(OC)c(OC)cc2)cc1,0,0,0,0,0,0,0
HSP90alpha,P07900,seed_342,130,0.8273584842681885,0.954677021,Oc1ccc(-c2n[nH]c(=S)n2-c2ccccc2F)c(O)c1,S=C1N(c2c(F)cccc2)C(c2c(O)cc(O)cc2)=NN1,1,0,0,0,0,0,0
HSP90alpha,P07900,seed_342,131,0.8259825706481934,0.962573502,COc1ccc(-c2c(C#N)c(N)nc3sc(C(N)=O)c(N)c23)cc1OCCCC(=O)O,COc1ccc(-c2c(C#N)c(N)nc3sc(C(N)=O)c(N)c23)cc1OCCCC(=O)O,1,0,0,0,0,0,0
HSP90alpha,P07900,seed_342,132,0.7938446998596191,1.0299766085,CCc1ccccc1-n1c(-c2ccc(O)cc2O)n[nH]c1=O,CCc1ccccc1-n1c(-c2ccc(O)cc2O)n[nH]c1=O,1,0,0,0,0,0,0
HSP90alpha,P07900,seed_342,133,0.7356844544410706,0.937538223,Cc1ccccc1-n1c(-c2ccc(O)cc2O)n[nH]c1=O,Cc1ccccc1-n1c(-c2ccc(O)cc2O)n[nH]c1=O,1,0,0,0,0,0,0
HSP90alpha,P07900,seed_342,134,0.6360049247741699,0.7597319015,Oc1cc(O)c(-c2ccnn2-c2ccccc2Cl)cc1CCc1ccccn1,Clc1c(-n2c(-c3c(O)cc(O)c(CCc4ncccc4)c3)ccn2)cccc1,1,0,0,0,0,0,0
HSP90alpha,P07900,seed_342,135,0.6114617586135864,0.698970004,CSc1nc(-c2ccc(F)cc2C)c2c(C#N)c[nH]c2n1,S(C)c1nc(-c2c(C)cc(F)cc2)c2c(C#N)c[nH]c2n1,1,0,0,0,0,0,0
HSP90alpha,P07900,seed_342,136,0.6051985621452332,0.367542708,N#Cc1ccc(N2CC[NH+](CCCCc3c[nH]c4cc(O)c(C#N)cc34)CC2)cc1,Oc1c(C#N)cc2c(CCCC[NH+]3CCN(c4ccc(C#N)cc4)CC3)c[nH]c2c1,0,0,0,0,0,0,0
HSP90alpha,P07900,seed_342,137,0.6037662029266357,0.8274355885,O=c1[nH]nc(-c2ccc(O)cc2O)n1-c1ccccc1Cl,Clc1c(N2C(c3c(O)cc(O)cc3)=NNC2=O)cccc1,1,0,0,0,0,0,0
HSP90alpha,P07900,seed_342,138,0.5423921346664429,0.68165839,CCOc1ccc2c(c1)CN(C(=O)c1nc(N)nc3ccc(C)cc13)C2,O=C(N1Cc2c(ccc(OCC)c2)C1)c1nc(N)nc2c1cc(C)cc2,1,0,0,0,0,0,0
HSP90alpha,P07900,seed_342,139,0.5258193016052246,0.696689976,O=c1[nH]nc(-c2ccc(O)cc2O)n1-c1ccccc1F,Fc1c(N2C(c3c(O)cc(O)cc3)=NNC2=O)cccc1,1,0,0,0,0,0,0
HSP90alpha,P07900,seed_342,140,0.5132856369018555,0.6348867174999999,Oc1cc2[nH]nc(Cc3ccccc3)c2cc1-c1ccnn1-c1ccccc1,Oc1c(-c2n(-c3ccccc3)ncc2)cc2c(Cc3ccccc3)n[nH]c2c1,1,0,0,0,0,0,0
HSP90alpha,P07900,seed_342,141,0.49917858839035034,0.5543568905,Cc1ccc2nc(N)nc(C(=O)N3Cc4ccccc4C3)c2c1,Cc1ccc2nc(N)nc(C(=O)N3Cc4ccccc4C3)c2c1,1,0,0,0,0,0,0
HSP90alpha,P07900,seed_342,142,0.47439321875572205,0.5948245915,COc1ccc(-c2c(-c3ccc(O)cc3O)n[nH]c2C)cc1,COc1ccc(-c2c(-c3ccc(O)cc3O)n[nH]c2C)cc1,1,0,0,0,0,0,0
HSP90alpha,P07900,seed_342,143,0.4629286527633667,0.58875918,COc1ccc2c(c1)CN(C(=O)c1nc(N)nc3ccc(C)cc13)C2,O=C(N1Cc2c(ccc(OC)c2)C1)c1nc(N)nc2c1cc(C)cc2,1,0,0,0,0,0,0
HSP90alpha,P07900,seed_342,144,0.44316986203193665,0.54752356,CCc1cc(-c2n[nH]c(C)c2-c2ccccc2Cl)c(O)cc1O,Clc1c(-c2c(C)[nH]nc2-c2c(O)cc(O)c(CC)c2)cccc1,1,0,0,0,0,0,0
HSP90alpha,P07900,seed_342,145,0.3695761561393738,0.53790173,CCC(=O)c1n[nH]c2cc(O)c(C(=O)N(C)c3ccc(N4CCOCC4)cc3)cc12,O=C(N(C)c1ccc(N2CCOCC2)cc1)c1c(O)cc2[nH]nc(C(=O)CC)c2c1,1,0,0,0,0,0,0
HSP90alpha,P07900,seed_342,146,0.36576297879219055,0.42239332,Cc1ccc2nc(N)nc(C(=O)N3Cc4ccc(O)cc4C3)c2c1,O=C(N1Cc2c(ccc(O)c2)C1)c1nc(N)nc2c1cc(C)cc2,1,0,0,0,0,0,0
HSP90alpha,P07900,seed_342,147,0.33594468235969543,0.45284086,CCc1ccc(-c2c(C#N)c(N)nc3sc(C(=O)Nc4ccc5c(c4)OCO5)c(N)c23)cc1,O=C(Nc1cc2OCOc2cc1)c1c(N)c2c(c(C#N)c(N)nc2s1)-c1ccc(CC)cc1,1,0,0,0,0,0,0
HSP90alpha,P07900,seed_342,148,0.19765853881835938,0.258090429,Nc1nc(C(=O)N2Cc3ccccc3C2)c2ccccc2n1,Nc1nc(C(=O)N2Cc3ccccc3C2)c2ccccc2n1,1,0,0,0,0,0,0
HSP90alpha,P07900,seed_342,149,0.19297167658805847,0.2418074885,Nc1nc(C(=O)N2Cc3ccccc3C2)c2cc(O)ccc2n1,Nc1nc(C(=O)N2Cc3ccccc3C2)c2cc(O)ccc2n1,1,0,0,0,0,0,0
HSP90alpha,P07900,seed_342,150,0.16127502918243408,0.367542708,N#Cc1ccc(N2CCN(CCCc3c[nH]c4cc(O)c(C#N)cc34)CC2)cc1,N#Cc1ccc(N2CCN(CCCc3c[nH]c4cc(O)c(C#N)cc34)CC2)cc1,1,0,0,0,0,0,0
HSP90alpha,P07900,seed_342,151,0.1594790816307068,0.35127416,CCCc1cc(-c2n[nH]cc2-c2ccc3c(c2)OCCO3)c(O)cc1O,Oc1c(CCC)cc(-c2c(-c3cc4OCCOc4cc3)c[nH]n2)c(O)c1,1,0,0,0,0,0,0
HSP90alpha,P07900,seed_342,152,0.15094000101089478,0.256529439,Nc1nc(C(=O)N2Cc3ccc(O)cc3C2)c2ccccc2n1,Nc1nc(C(=O)N2Cc3ccc(O)cc3C2)c2ccccc2n1,1,0,0,0,0,0,0
HSP90alpha,P07900,seed_342,153,0.10793641209602356,0.28469321,Oc1cc(O)c(-c2ccnn2-c2ccccc2F)cc1I,Ic1c(O)cc(O)c(-c2n(-c3c(F)cccc3)ncc2)c1,1,0,0,0,0,0,0
HSP90alpha,P07900,seed_342,154,-0.05454380810260773,0.083546051,Cc1n[nH]c2cc(O)c(-c3ccnn3-c3ccccc3)cc12,Cc1n[nH]c2cc(O)c(-c3ccnn3-c3ccccc3)cc12,1,0,0,0,0,0,0
HSP90alpha,P07900,seed_342,155,-0.12487078458070755,0.083546051,Cc1n[nH]c2cc(O)c(-c3ccnn3C3CCCCC3)cc12,Oc1c(-c2n(C3CCCCC3)ncc2)cc2c(C)n[nH]c2c1,1,0,0,0,0,0,0
HSP90alpha,P07900,seed_442,1,3.689519166946411,4.1490474,O=C(NC1c2ccccc2-c2c(-c3nc4cnccc4[nH]3)cccc21)c1ccncc1,O=C(NC1c2c(c(-c3[nH]c4c(n3)cncc4)ccc2)-c2c1cccc2)c1ccncc1,1,1,1,1,1,1,1
HSP90alpha,P07900,seed_442,2,3.2104740142822266,3.531701957,COC1CCCN(C(=O)c2n[nH]c3cc(O)c(C(=O)N(C)c4ccc(N5CCOCC5)cc4)cc23)C1,O=C(N(C)c1ccc(N2CCOCC2)cc1)c1c(O)cc2[nH]nc(C(=O)N3CC(OC)CCC3)c2c1,1,1,1,1,0,0,0
HSP90alpha,P07900,seed_442,3,3.2104740142822266,3.53165267,CO[C@H]1CCCN(C(=O)c2n[nH]c3cc(O)c(C(=O)N(C)c4ccc(N5CCOCC5)cc4)cc23)C1,CO[C@H]1CCCN(C(=O)c2n[nH]c3cc(O)c(C(=O)N(C)c4ccc(N5CCOCC5)cc4)cc23)C1,1,1,1,1,0,0,0
HSP90alpha,P07900,seed_442,4,3.074692487716675,3.3559852,Nc1ncc(Cl)c(C(=O)NC2c3ccccc3-c3c(-c4nc5cnccc5[nH]4)cccc32)n1,Clc1c(C(=O)NC2c3c(c(-c4[nH]c5c(n4)cncc5)ccc3)-c3c2cccc3)nc(N)nc1,1,0,1,1,0,0,0
HSP90alpha,P07900,seed_442,5,2.934818744659424,3.215432782,Cc1cn(-c2ccc(C(N)=O)c(NC3CCC(O)CC3)c2)c2c1C(=O)CC(C)(C)C2,O=C(N)c1c(NC2CCC(O)CC2)cc(-n2c3c(c(C)c2)C(=O)CC(C)(C)C3)cc1,1,0,1,1,0,0,0
HSP90alpha,P07900,seed_442,6,2.934818744659424,3.314258261,Cc1cn(-c2ccc(C(N)=O)c(N[C@H]3CC[C@H](O)CC3)c2)c2c1C(=O)CC(C)(C)C2,Cc1cn(-c2ccc(C(N)=O)c(N[C@H]3CC[C@H](O)CC3)c2)c2c1C(=O)CC(C)(C)C2,1,0,0,1,0,0,0
HSP90alpha,P07900,seed_442,7,2.8266353607177734,3.1036857295,Cc1cccc(Cc2n[nH]c3cc(O)c(C(=O)N(C)c4ccc(N5CCN(C)CC5)cc4)cc23)c1,Cc1cccc(Cc2n[nH]c3cc(O)c(C(=O)N(C)c4ccc(N5CCN(C)CC5)cc4)cc23)c1,1,0,0,1,0,0,0
HSP90alpha,P07900,seed_442,8,2.8161702156066895,3.165811373,Cc1cn(-c2ccc(C(N)=O)c(NC3CCC(=O)CC3)c2)c2c1C(=O)CC(C)(C)C2,Cc1cn(-c2ccc(C(N)=O)c(NC3CCC(=O)CC3)c2)c2c1C(=O)CC(C)(C)C2,1,0,0,1,0,0,0
HSP90alpha,P07900,seed_442,9,2.814321756362915,3.1230553175,Cc1cccc(Cc2n[nH]c3cc(O)c(C(=O)N(C)c4ccc(N5CCOCC5)cc4)cc23)c1,Cc1cccc(Cc2n[nH]c3cc(O)c(C(=O)N(C)c4ccc(N5CCOCC5)cc4)cc23)c1,1,0,0,1,0,0,0
HSP90alpha,P07900,seed_442,10,2.8084707260131836,3.040958608,CN(C(=O)c1cc2c(C(=O)N3CCCCC3)[nH]nc2cc1O)c1ccc(N2CCOCC2)cc1,O=C(N(C)c1ccc(N2CCOCC2)cc1)c1c(O)cc2n[nH]c(C(=O)N3CCCCC3)c2c1,1,0,0,1,0,0,0
HSP90alpha,P07900,seed_442,11,2.8004825115203857,3.670434,O=C(NC1c2ccccc2-c2c(-c3nc4cnccc4[nH]3)cccc21)c1ccnc2[nH]ccc12,O=C(NC1c2c(c(-c3[nH]c4c(n3)cncc4)ccc2)-c2c1cccc2)c1c2c([nH]cc2)ncc1,0,0,0,0,0,0,1
HSP90alpha,P07900,seed_442,12,2.7562241554260254,3.040958604,CN(C(=O)c1cc2c(C(=O)N3CCCCC3)n[nH]c2cc1O)c1ccc(N2CCOCC2)cc1,CN(C(=O)c1cc2c(C(=O)N3CCCCC3)n[nH]c2cc1O)c1ccc(N2CCOCC2)cc1,1,0,0,0,0,0,0
HSP90alpha,P07900,seed_442,13,2.7008354663848877,3.154266346,Cc1ccccc1-n1nccc1-c1cc(C(=O)N(C)Cc2ccco2)c(O)cc1O,Cc1ccccc1-n1nccc1-c1cc(C(=O)N(C)Cc2ccco2)c(O)cc1O,1,0,0,0,0,0,0
HSP90alpha,P07900,seed_442,14,2.6294710636138916,2.9712938,Cc1ccccc1CN(C)C(=O)c1cc(-c2n[nH]c(=O)n2-c2ccccc2C)c(O)cc1O,O=C(N(Cc1c(C)cccc1)C)c1c(O)cc(O)c(C=2N(c3c(C)cccc3)C(=O)NN=2)c1,1,0,0,0,0,0,0
HSP90alpha,P07900,seed_442,15,2.6259782314300537,2.860541138,COC1CCN(C(=O)c2n[nH]c3cc(O)c(C(=O)N(C)c4ccc(N5CCOCC5)cc4)cc23)C1,O=C(N(C)c1ccc(N2CCOCC2)cc1)c1c(O)cc2[nH]nc(C(=O)N3CC(OC)CC3)c2c1,1,0,0,0,0,0,0
HSP90alpha,P07900,seed_442,16,2.6259782314300537,2.860120914,CO[C@H]1CCN(C(=O)c2n[nH]c3cc(O)c(C(=O)N(C)c4ccc(N5CCOCC5)cc4)cc23)C1,CO[C@H]1CCN(C(=O)c2n[nH]c3cc(O)c(C(=O)N(C)c4ccc(N5CCOCC5)cc4)cc23)C1,1,0,0,0,0,0,0
HSP90alpha,P07900,seed_442,17,2.6218421459198,3.004803708,Nc1cc(C(=O)NC2c3ccccc3-c3c(-c4nc5ccncc5[nH]4)cccc32)ccn1,Nc1cc(C(=O)NC2c3ccccc3-c3c(-c4nc5ccncc5[nH]4)cccc32)ccn1,1,0,0,0,0,0,0
HSP90alpha,P07900,seed_442,18,2.621508836746216,3.257524969,CN(Cc1ccco1)C(=O)c1cc(-c2n[nH]c(=O)n2-c2ccccc2F)c(O)cc1O,CN(Cc1ccco1)C(=O)c1cc(-c2n[nH]c(=O)n2-c2ccccc2F)c(O)cc1O,1,0,0,0,0,0,0
HSP90alpha,P07900,seed_442,19,2.6200902462005615,3.129596095,Cc1cccc(Cc2n[nH]c3cc(O)c(C(=O)N(C)c4ccc(N5CCCCC5)cc4)cc23)c1,Cc1cccc(Cc2n[nH]c3cc(O)c(C(=O)N(C)c4ccc(N5CCCCC5)cc4)cc23)c1,0,0,0,0,0,0,0
HSP90alpha,P07900,seed_442,20,2.6008083820343018,2.86918425,CC(C)CN(C)C(=O)c1n[nH]c2cc(O)c(C(=O)N(C)c3ccc(N4CCOCC4)cc3)cc12,O=C(N(CC(C)C)C)c1n[nH]c2c1cc(C(=O)N(C)c1ccc(N3CCOCC3)cc1)c(O)c2,1,0,0,0,0,0,0
HSP90alpha,P07900,seed_442,21,2.5912084579467773,3.0046721,Nc1cc(C(=O)NC2c3ccccc3-c3c(-c4nc5cnccc5[nH]4)cccc32)ccn1,O=C(NC1c2c(c(-c3[nH]c4c(n3)cncc4)ccc2)-c2c1cccc2)c1cc(N)ncc1,1,0,0,0,0,0,0
HSP90alpha,P07900,seed_442,22,2.58634877204895,2.9194574080000004,Cc1cccc(Cc2n[nH]c3cc(O)c(C(=O)N(C)c4ccc(N5CCOCC5=O)cc4)cc23)c1,Cc1cccc(Cc2n[nH]c3cc(O)c(C(=O)N(C)c4ccc(N5CCOCC5=O)cc4)cc23)c1,1,0,0,0,0,0,0
HSP90alpha,P07900,seed_442,23,2.5826804637908936,3.7329869469999997,O=C(NC1c2ccccc2-c2c(-c3nc4ccncc4[nH]3)cccc21)c1ccnc2[nH]ccc12,O=C(NC1c2c(c(-c3[nH]c4c(n3)ccnc4)ccc2)-c2c1cccc2)c1c2c([nH]cc2)ncc1,0,0,0,0,0,0,1
HSP90alpha,P07900,seed_442,24,2.5783743858337402,2.880354967,Cc1cccc(Cc2n[nH]c3cc(O)c(C(=O)N(C)c4ccc(N5CCNCC5)cc4)cc23)c1,O=C(N(C)c1ccc(N2CCNCC2)cc1)c1c(O)cc2[nH]nc(Cc3cc(C)ccc3)c2c1,1,0,0,0,0,0,0
HSP90alpha,P07900,seed_442,25,2.5754103660583496,2.821023053,Nc1nc(C(=O)N2Cc3ccccc3C2)c2cc(-c3cc(F)c(F)cc3CCc3nnn[nH]3)ccc2n1,Fc1c(F)cc(c(CCc2[nH]nnn2)c1)-c1cc2c(C(=O)N3Cc4c(cccc4)C3)nc(N)nc2cc1,1,0,0,0,0,0,0
HSP90alpha,P07900,seed_442,26,2.573197603225708,2.9025117,COc1ccccc1CN(C)C(=O)c1cc(-c2n[nH]c(=O)n2-c2ccccc2C)c(O)cc1O,O=C(N(Cc1c(OC)cccc1)C)c1c(O)cc(O)c(C=2N(c3c(C)cccc3)C(=O)NN=2)c1,1,0,0,0,0,0,0
HSP90alpha,P07900,seed_442,27,2.565498113632202,2.906578315,Cc1cccc(Cc2n[nH]c3cc(O)c(C(=O)N(C)c4ccc(N5CC[NH2+]CC5)cc4)cc23)c1,Cc1cccc(Cc2n[nH]c3cc(O)c(C(=O)N(C)c4ccc(N5CC[NH2+]CC5)cc4)cc23)c1,0,0,0,0,0,0,0
HSP90alpha,P07900,seed_442,28,2.546995162963867,2.58031965,Cc1ccccc1-n1c(-c2cc(C(=O)N(C)Cc3ccccc3-c3cccnc3)c(O)cc2O)n[nH]c1=O,O=C(N(Cc1c(-c2cnccc2)cccc1)C)c1c(O)cc(O)c(C=2N(c3c(C)cccc3)C(=O)NN=2)c1,0,0,0,0,0,0,0
HSP90alpha,P07900,seed_442,29,2.536907434463501,3.123782159,Cc1cccc(Cc2n[nH]c3cc(O)c(C(=O)N(C)c4ccc(N5CC[NH+](C)CC5)cc4)cc23)c1,O=C(N(C)c1ccc(N2CC[NH+](C)CC2)cc1)c1c(O)cc2[nH]nc(Cc3cc(C)ccc3)c2c1,0,0,0,0,0,0,0
HSP90alpha,P07900,seed_442,30,2.535818338394165,2.7935115,CCC(C)c1n[nH]c2cc(O)c(C(=O)N(C)c3ccc(N4CCOCC4)cc3)cc12,O=C(N(C)c1ccc(N2CCOCC2)cc1)c1c(O)cc2[nH]nc(C(CC)C)c2c1,1,0,0,0,0,0,0
HSP90alpha,P07900,seed_442,31,2.520885705947876,2.896196279,COc1c(C)cnc(Cn2cc(C=CCC(C)(C)O)c3c(Cl)nc(N)nc32)c1C,Clc1nc(N)nc2n(Cc3c(C)c(OC)c(C)cn3)cc(C=CCC(O)(C)C)c12,1,0,0,0,0,0,0
HSP90alpha,P07900,seed_442,32,2.4973769187927246,2.896196279,COc1c(C)cnc(Cn2cc(C#CCC(C)(C)O)c3c(Cl)nc(N)nc32)c1C,COc1c(C)cnc(Cn2cc(C#CCC(C)(C)O)c3c(Cl)nc(N)nc32)c1C,1,0,0,0,0,0,0
HSP90alpha,P07900,seed_442,33,2.4784486293792725,2.8471794105,Cc1cccc(CN(C)C(=O)c2cc(-c3n[nH]c(=O)n3-c3ccccc3C)c(O)cc2O)c1,Cc1cccc(CN(C)C(=O)c2cc(-c3n[nH]c(=O)n3-c3ccccc3C)c(O)cc2O)c1,1,0,0,0,0,0,0
HSP90alpha,P07900,seed_442,34,2.460049867630005,2.864753211,Cc1ccccc1-n1c(-c2cc(C(=O)N(C)Cc3ccccc3)c(O)cc2O)n[nH]c1=O,Cc1ccccc1-n1c(-c2cc(C(=O)N(C)Cc3ccccc3)c(O)cc2O)n[nH]c1=O,1,0,0,0,0,0,0
HSP90alpha,P07900,seed_442,35,2.4548895359039307,2.7521280395,Cc1ccccc1-n1c(-c2cc(C(=O)N(C)Cc3cccs3)c(O)cc2O)n[nH]c1=O,Cc1ccccc1-n1c(-c2cc(C(=O)N(C)Cc3cccs3)c(O)cc2O)n[nH]c1=O,1,0,0,0,0,0,0
HSP90alpha,P07900,seed_442,36,2.4541192054748535,2.7958801,CN(C(=O)c1cc2c(CC3CCCC3)n[nH]c2cc1O)c1ccc(N2CCOCC2)cc1,O=C(N(C)c1ccc(N2CCOCC2)cc1)c1c(O)cc2[nH]nc(CC3CCCC3)c2c1,1,0,0,0,0,0,0
HSP90alpha,P07900,seed_442,37,2.438199520111084,2.8130436,CCC(F)c1n[nH]c2cc(O)c(C(=O)N(C)c3ccc(N4CCOCC4)cc3)cc12,FC(CC)c1n[nH]c2c1cc(C(=O)N(C)c1ccc(N3CCOCC3)cc1)c(O)c2,1,0,0,0,0,0,0
HSP90alpha,P07900,seed_442,38,2.425377130508423,2.683868054,CCNC(=O)c1noc(-c2cc(Cl)c(O)cc2O)c1-c1ccc(OC)cc1,CCNC(=O)c1noc(-c2cc(Cl)c(O)cc2O)c1-c1ccc(OC)cc1,1,0,0,0,0,0,0
HSP90alpha,P07900,seed_442,39,2.414402723312378,2.51404215,Cc1ccccc1-n1c(-c2cc(C(=O)N(C)Cc3cccc(-c4cncnc4)c3)c(O)cc2O)n[nH]c1=O,O=C(N(Cc1cc(-c2cncnc2)ccc1)C)c1c(O)cc(O)c(C=2N(c3c(C)cccc3)C(=O)NN=2)c1,0,0,0,0,0,0,0
HSP90alpha,P07900,seed_442,40,2.4089343547821045,2.6144906005,CN(C(=O)c1cc2c(C(=O)N3CCCC3)n[nH]c2cc1O)c1ccc(N2CCOCC2)cc1,CN(C(=O)c1cc2c(C(=O)N3CCCC3)n[nH]c2cc1O)c1ccc(N2CCOCC2)cc1,1,0,0,0,0,0,0
HSP90alpha,P07900,seed_442,41,2.404869556427002,2.6966150325,CCCCN(C)C(=O)c1n[nH]c2cc(O)c(C(=O)N(C)c3ccc(N4CCOCC4)cc3)cc12,CCCCN(C)C(=O)c1n[nH]c2cc(O)c(C(=O)N(C)c3ccc(N4CCOCC4)cc3)cc12,1,0,0,0,0,0,0
HSP90alpha,P07900,seed_442,42,2.370976448059082,2.70469365,Nc1nc(C(=O)N2Cc3ccccc3C2)c2cc(-c3cc(F)c(F)cc3Cc3nnn[nH]3)ccc2n1,Fc1c(F)cc(c(Cc2[nH]nnn2)c1)-c1cc2c(C(=O)N3Cc4c(cccc4)C3)nc(N)nc2cc1,1,0,0,0,0,0,0
HSP90alpha,P07900,seed_442,43,2.3643696308135986,4.0,CCNC(=O)c1noc(-c2cc(Cl)c(O)cc2O)c1-c1ccc(C[NH+]2CCOCC2)cc1,Clc1c(O)cc(O)c(-c2c(c(C(=O)NCC)no2)-c2ccc(C[NH+]3CCOCC3)cc2)c1,0,0,0,0,1,1,1
HSP90alpha,P07900,seed_442,44,2.3547370433807373,2.6025259715,Cc1cccc(Cc2n[nH]c3cc(O)c(C(=O)N(C)c4ccc(N(C)C)cc4)cc23)c1,Cc1cccc(Cc2n[nH]c3cc(O)c(C(=O)N(C)c4ccc(N(C)C)cc4)cc23)c1,1,0,0,0,0,0,0
HSP90alpha,P07900,seed_442,45,2.3545360565185547,2.5626855,CCCc1n[nH]c2c(Br)c(O)c(C(=O)N(C)c3ccc(N4CCOCC4)cc3)cc12,Brc1c(O)c(C(=O)N(C)c2ccc(N3CCOCC3)cc2)cc2c(CCC)n[nH]c12,1,0,0,0,0,0,0
HSP90alpha,P07900,seed_442,46,2.350979804992676,4.0,CCNC(=O)c1noc(-c2cc(C(C)C)c(O)cc2O)c1-c1ccc(C[NH+]2CCOCC2)cc1,O=C(NCC)c1c(c(-c2c(O)cc(O)c(C(C)C)c2)on1)-c1ccc(C[NH+]2CCOCC2)cc1,0,0,0,0,1,1,1
HSP90alpha,P07900,seed_442,47,2.328575611114502,3.723538196,O=C(NC1c2ccccc2-c2c(-c3nc4cc(F)ccc4[nH]3)cccc21)c1ccnc2[nH]ccc12,Fc1cc2nc(-c3c-4c(C(NC(=O)c5c6c([nH]cc6)ncc5)c5c-4cccc5)ccc3)[nH]c2cc1,0,0,0,0,0,0,1
HSP90alpha,P07900,seed_442,48,2.328575611114502,3.723538196,O=C(N[C@@H]1c2ccccc2-c2c(-c3nc4cc(F)ccc4[nH]3)cccc21)c1ccnc2[nH]ccc12,Fc1ccc2[nH]c(nc2c1)-c1cccc2[C@H](NC(=O)c3ccnc4[nH]ccc34)c3ccccc3-c12,0,0,0,0,0,0,1
HSP90alpha,P07900,seed_442,49,2.3024866580963135,2.5160029,COCc1n[nH]c2cc(O)c(C(=O)N(C)c3ccc(N4CCOCC4)cc3)cc12,O=C(N(C)c1ccc(N2CCOCC2)cc1)c1c(O)cc2[nH]nc(COC)c2c1,1,0,0,0,0,0,0
HSP90alpha,P07900,seed_442,50,2.292658567428589,2.8570373,CN1CCC(c2ccc(N(C)C(=O)c3cc4c(CCC(C)(C)C)n[nH]c4cc3O)cc2)CC1,O=C(N(C)c1ccc(C2CCN(C)CC2)cc1)c1c(O)cc2[nH]nc(CCC(C)(C)C)c2c1,0,0,0,0,0,0,0
HSP90alpha,P07900,seed_442,51,2.2809269428253174,2.5528419,CN(C(=O)c1cc2c(CC3CCCCC3)n[nH]c2cc1O)c1ccc(N2CCOCC2)cc1,O=C(N(C)c1ccc(N2CCOCC2)cc1)c1c(O)cc2[nH]nc(CC3CCCCC3)c2c1,1,0,0,0,0,0,0
HSP90alpha,P07900,seed_442,52,2.280064105987549,2.5850267,COc1cccc(Cc2n[nH]c3cc(O)c(C(=O)N(C)c4ccc(N5CCOCC5)cc4)cc23)c1,O=C(N(C)c1ccc(N2CCOCC2)cc1)c1c(O)cc2[nH]nc(Cc3cc(OC)ccc3)c2c1,1,0,0,0,0,0,0
HSP90alpha,P07900,seed_442,53,2.2704715728759766,2.5376019,CCCc1n[nH]c2cc(O)c(C(=O)N(C)c3ccc(N4CCOCC4)cc3)cc12,O=C(N(C)c1ccc(N2CCOCC2)cc1)c1c(O)cc2[nH]nc(CCC)c2c1,1,0,0,0,0,0,0
HSP90alpha,P07900,seed_442,54,2.266343832015991,2.5524931,CCCc1n[nH]c2cc(O)c(C(=O)N(C)c3ccc(C4CCN(C)CC4)cc3)cc12,O=C(N(C)c1ccc(C2CCN(C)CC2)cc1)c1c(O)cc2[nH]nc(CCC)c2c1,1,0,0,0,0,0,0
HSP90alpha,P07900,seed_442,55,2.2599997520446777,2.6798537,Cc1cccc(Cc2n[nH]c3cc(O)c(C(=O)N(C)c4ccc(OCCCC#N)cc4)cc23)c1,O=C(N(C)c1ccc(OCCCC#N)cc1)c1c(O)cc2[nH]nc(Cc3cc(C)ccc3)c2c1,0,0,0,0,0,0,0
HSP90alpha,P07900,seed_442,56,2.2575013637542725,2.342944147,Nc1nc(C(=O)N2Cc3ccccc3C2)c2cc(-c3ccccc3O)ccc2n1,Nc1nc(C(=O)N2Cc3ccccc3C2)c2cc(-c3ccccc3O)ccc2n1,1,0,0,0,0,0,0
HSP90alpha,P07900,seed_442,57,2.2548036575317383,3.0,CCNC(=O)c1noc(-c2cc(Cl)c(O)cc2O)c1-c1ccc(CN2CCOCC2)cc1C,CCNC(=O)c1noc(c1-c1ccc(CN2CCOCC2)cc1C)-c1cc(Cl)c(O)cc1O,0,0,0,0,0,0,0
HSP90alpha,P07900,seed_442,58,2.24168062210083,2.337242168,Cc1ccccc1-n1c(-c2cc(C(=O)N(C)Cc3ccco3)c(O)cc2O)n[nH]c1=O,O=C(N(Cc1occc1)C)c1c(O)cc(O)c(C=2N(c3c(C)cccc3)C(=O)NN=2)c1,1,0,0,0,0,0,0
HSP90alpha,P07900,seed_442,59,2.237767219543457,2.655273836,CCCCN(C)C(=O)c1cc(-c2n[nH]c(=O)n2-c2ccccc2F)c(O)cc1O,CCCCN(C)C(=O)c1cc(-c2n[nH]c(=O)n2-c2ccccc2F)c(O)cc1O,1,0,0,0,0,0,0
HSP90alpha,P07900,seed_442,60,2.2326676845550537,2.5228786,Cc1cccc(Cc2n[nH]c3cc(O)c(C(=O)N(C)c4ccc(OCCN(C)C)cc4)cc23)c1,O=C(N(C)c1ccc(OCCN(C)C)cc1)c1c(O)cc2[nH]nc(Cc3cc(C)ccc3)c2c1,1,0,0,0,0,0,0
HSP90alpha,P07900,seed_442,61,2.224093198776245,2.5686362,CCCCc1n[nH]c2cc(O)c(C(=O)N(C)c3ccc(N4CCOCC4)cc3)cc12,O=C(N(C)c1ccc(N2CCOCC2)cc1)c1c(O)cc2[nH]nc(CCCC)c2c1,1,0,0,0,0,0,0
HSP90alpha,P07900,seed_442,62,2.2207188606262207,2.5301781,Cc1cccc(Cc2n[nH]c3cc(O)c(C(=O)N(C)c4ccc(CN5CCOCC5)cc4)cc23)c1,O=C(N(C)c1ccc(CN2CCOCC2)cc1)c1c(O)cc2[nH]nc(Cc3cc(C)ccc3)c2c1,1,0,0,0,0,0,0
HSP90alpha,P07900,seed_442,63,2.20563006401062,2.4321506,CCNC(=O)C1(c2ccc3nc(N)nc(C(=O)N4Cc5ccccc5C4)c3c2)CCC1,O=C(N1Cc2c(cccc2)C1)c1nc(N)nc2c1cc(C1(C(=O)NCC)CCC1)cc2,1,0,0,0,0,0,0
HSP90alpha,P07900,seed_442,64,2.1925580501556396,2.8569852,CN(C(=O)c1cc2c(CCC(C)(C)C)n[nH]c2cc1O)c1ccc(C2CC[NH+](C)CC2)cc1,C[NH+]1CCC(c2ccc(N(C)C(=O)c3cc4c(CCC(C)(C)C)n[nH]c4cc3O)cc2)CC1,0,0,0,0,0,0,0
HSP90alpha,P07900,seed_442,65,2.185842275619507,2.377878523,Nc1nc(C(=O)N2Cc3ccccc3C2)c2cc(-c3ccccc3CO)ccc2n1,O=C(N1Cc2c(cccc2)C1)c1nc(N)nc2c1cc(-c1c(CO)cccc1)cc2,1,0,0,0,0,0,0
HSP90alpha,P07900,seed_442,66,2.1629462242126465,2.5139896505,CCCCN(C)C(=O)c1cc(-c2n[nH]c(=O)n2-c2ccccc2)c(O)cc1O,CCCCN(C)C(=O)c1cc(-c2n[nH]c(=O)n2-c2ccccc2)c(O)cc1O,1,0,0,0,0,0,0
HSP90alpha,P07900,seed_442,67,2.1481192111968994,2.4004528990000003,Cc1ccccc1-n1c(-c2cc(C(=O)N(C)CC3CCCO3)c(O)cc2O)n[nH]c1=O,Cc1ccccc1-n1c(-c2cc(C(=O)N(C)CC3CCCO3)c(O)cc2O)n[nH]c1=O,1,0,0,0,0,0,0
HSP90alpha,P07900,seed_442,68,2.141873359680176,3.865982546,Cc1nn(-c2ccc(C(N)=O)c(NC3CCC(O)CC3)c2)c2cccc(-c3cnc4ccccc4c3)c12,O=C(N)c1c(NC2CCC(O)CC2)cc(-n2nc(C)c3c(-c4cnc5c(c4)cccc5)cccc23)cc1,0,0,0,0,0,1,1
HSP90alpha,P07900,seed_442,69,2.141873359680176,3.866461092,Cc1nn(-c2ccc(C(N)=O)c(N[C@H]3CC[C@H](O)CC3)c2)c2cccc(-c3cnc4ccccc4c3)c12,Cc1nn(-c2ccc(C(N)=O)c(N[C@H]3CC[C@H](O)CC3)c2)c2cccc(-c3cnc4ccccc4c3)c12,0,0,0,0,0,1,1
HSP90alpha,P07900,seed_442,70,2.138120412826538,3.556013778,O=C(NC1c2ccccc2-c2c(-c3cnc4ccccc4c3)cccc21)c1c(Br)cnc2[nH]cnc12,Brc1c(C(=O)NC2c3c(c(-c4cnc5c(c4)cccc5)ccc3)-c3c2cccc3)c2nc[nH]c2nc1,0,0,0,0,0,0,0
HSP90alpha,P07900,seed_442,71,2.133756399154663,3.722964,O=C(NC1c2ccccc2-c2c(-c3nc4ccc(F)cc4[nH]3)cccc21)c1ccnc2[nH]ccc12,Fc1cc2[nH]c(-c3c-4c(C(NC(=O)c5c6c([nH]cc6)ncc5)c5c-4cccc5)ccc3)nc2cc1,0,0,0,0,0,0,1
HSP90alpha,P07900,seed_442,72,2.128762722015381,2.3625102,Cc1cccc(Cc2n[nH]c3cc(O)c(C(=O)N(C)c4ccc(CNS(C)(=O)=O)cc4)cc23)c1,S(=O)(=O)(NCc1ccc(N(C(=O)c2c(O)cc3[nH]nc(Cc4cc(C)ccc4)c3c2)C)cc1)C,1,0,0,0,0,0,0
HSP90alpha,P07900,seed_442,73,2.1114940643310547,2.343901798,CNCc1ccccc1-c1ccc2nc(N)nc(C(=O)N3Cc4ccccc4C3)c2c1,CNCc1ccccc1-c1ccc2nc(N)nc(C(=O)N3Cc4ccccc4C3)c2c1,1,0,0,0,0,0,0
HSP90alpha,P07900,seed_442,74,2.0704104900360107,2.3979399,COc1ccc(N(C)C(=O)c2cc3c(Cc4cccc(C)c4)n[nH]c3cc2O)cc1,O=C(N(C)c1ccc(OC)cc1)c1c(O)cc2[nH]nc(Cc3cc(C)ccc3)c2c1,1,0,0,0,0,0,0
HSP90alpha,P07900,seed_442,75,2.0697977542877197,0.943095149,CCCCC#Cc1ccc(N[C@H]2CC[C@H](O)CC2)c(C(N)=O)c1,CCCCC#Cc1ccc(N[C@H]2CC[C@H](O)CC2)c(c1)C(N)=O,0,0,0,0,0,0,0
HSP90alpha,P07900,seed_442,76,2.040318250656128,2.3100635995000003,CCCN(C)C(=O)c1cc(-c2n[nH]c(=O)n2-c2ccccc2C)c(O)cc1O,CCCN(C)C(=O)c1cc(-c2n[nH]c(=O)n2-c2ccccc2C)c(O)cc1O,1,0,0,0,0,0,0
HSP90alpha,P07900,seed_442,77,2.0381662845611572,2.3260579,COc1ccc(CN(C)C(=O)c2cc(-c3n[nH]c(=O)n3-c3ccccc3C)c(O)cc2O)cc1,O=C(N(Cc1ccc(OC)cc1)C)c1c(O)cc(O)c(C=2N(c3c(C)cccc3)C(=O)NN=2)c1,1,0,0,0,0,0,0
HSP90alpha,P07900,seed_442,78,2.012481451034546,2.2508990375,Cc1cccc(Cc2n[nH]c3cc(O)c(C(=O)N(C)c4ccc5c(c4)OCO5)cc23)c1,Cc1cccc(Cc2n[nH]c3cc(O)c(C(=O)N(C)c4ccc5c(c4)OCO5)cc23)c1,1,0,0,0,0,0,0
HSP90alpha,P07900,seed_442,79,2.012162685394287,2.3609953,COc1ccc(I)c(Sc2nc3c(N)ncnc3n2CCNCC(C)(C)C)c1,Ic1c(Sc2n(CCNCC(C)(C)C)c3ncnc(N)c3n2)cc(OC)cc1,0,0,0,0,0,0,0
HSP90alpha,P07900,seed_442,80,2.0070688724517822,2.2964248595,Cc1ccc(N(C)C(=O)c2cc3c(Cc4cccc(C)c4)n[nH]c3cc2O)cc1,Cc1ccc(N(C)C(=O)c2cc3c(Cc4cccc(C)c4)n[nH]c3cc2O)cc1,1,0,0,0,0,0,0
HSP90alpha,P07900,seed_442,81,1.9758245944976807,1.9665762,Cc1cccc(Cc2n[nH]c3cc(O)c(C(=O)N(C)c4ccc(Br)cc4)cc23)c1,Brc1ccc(N(C(=O)c2c(O)cc3[nH]nc(Cc4cc(C)ccc4)c3c2)C)cc1,0,0,0,0,0,0,0
HSP90alpha,P07900,seed_442,82,1.9743738174438477,2.2494917,CC(=O)N1CCc2ccc(N(C)C(=O)c3cc4c(Cc5cccc(C)c5)n[nH]c4cc3O)cc21,O=C(C)N1c2c(ccc(N(C(=O)c3c(O)cc4[nH]nc(Cc5cc(C)ccc5)c4c3)C)c2)CC1,1,0,0,0,0,0,0
HSP90alpha,P07900,seed_442,83,1.972294569015503,2.2594183235000003,CCCN(C)S(=O)(=O)c1cc(-c2n[nH]c(=O)n2-c2ccccc2F)c(O)cc1O,CCCN(C)S(=O)(=O)c1cc(-c2n[nH]c(=O)n2-c2ccccc2F)c(O)cc1O,1,0,0,0,0,0,0
HSP90alpha,P07900,seed_442,84,1.9341051578521729,2.343901798,C[NH2+]Cc1ccccc1-c1ccc2nc(N)nc(C(=O)N3Cc4ccccc4C3)c2c1,O=C(N1Cc2c(cccc2)C1)c1nc(N)nc2c1cc(-c1c(C[NH2+]C)cccc1)cc2,0,0,0,0,0,0,0
HSP90alpha,P07900,seed_442,85,1.931201696395874,2.2621334255,CCCN(C)C(=O)c1cc(-c2n[nH]c(=O)n2-c2ccccc2F)c(O)cc1O,CCCN(C)C(=O)c1cc(-c2n[nH]c(=O)n2-c2ccccc2F)c(O)cc1O,1,0,0,0,0,0,0
HSP90alpha,P07900,seed_442,86,1.912008285522461,3.623423043,C[NH+]1CCN(S(=O)(=O)c2ccccc2-c2ccc3nc(N)nc(C(=O)N4Cc5ccccc5C4)c3c2)CC1,C[NH+]1CCN(S(=O)(=O)c2ccccc2-c2ccc3nc(N)nc(C(=O)N4Cc5ccccc5C4)c3c2)CC1,0,0,0,0,0,0,0
HSP90alpha,P07900,seed_442,87,1.8964588642120361,2.1999707,Cc1cccc(Cc2n[nH]c3cc(O)c(C(=O)N(C)c4ccc5c(c4)OCCO5)cc23)c1,O=C(N(C)c1cc2OCCOc2cc1)c1c(O)cc2[nH]nc(Cc3cc(C)ccc3)c2c1,1,0,0,0,0,0,0
HSP90alpha,P07900,seed_442,88,1.8837730884552002,1.844664,Cc1cccc(Cc2n[nH]c3cc(O)c(C(=O)N(C)c4ccc(Cl)cc4)cc23)c1,Clc1ccc(N(C(=O)c2c(O)cc3[nH]nc(Cc4cc(C)ccc4)c3c2)C)cc1,0,0,0,0,0,0,0
HSP90alpha,P07900,seed_442,89,1.847374439239502,2.1135092565,Cc1cccc(Cc2n[nH]c3cc(O)c(C(=O)N(C)c4cccc(C)c4)cc23)c1,Cc1cccc(Cc2n[nH]c3cc(O)c(C(=O)N(C)c4cccc(C)c4)cc23)c1,1,0,0,0,0,0,0
HSP90alpha,P07900,seed_442,90,1.834782361984253,2.124360448,CCNC(=O)c1[nH]nc(-c2cc(Cl)c(O)cc2O)c1-c1ccc(OC)cc1,CCNC(=O)c1[nH]nc(-c2cc(Cl)c(O)cc2O)c1-c1ccc(OC)cc1,1,0,0,0,0,0,0
HSP90alpha,P07900,seed_442,91,1.8330483436584473,2.4629369,CC(C)NCCCn1c(Sc2cc3c(cc2I)OCO3)nc2c(N)ncnc21,Ic1c(Sc2n(CCCNC(C)C)c3ncnc(N)c3n2)cc2OCOc2c1,0,0,0,0,0,0,0
HSP90alpha,P07900,seed_442,92,1.8230254650115967,3.13667714,C=CCNC1=C2CC(C)CC(OC)C(O)C(C)C=C(C)C(OC(N)=O)C(OC)C=CC=C(C)C(=O)NC(=CC1=O)C2=O,O=C(OC1C(C)=CC(C)C(O)C(OC)CC(C)CC=2C(=O)C(NC(=O)C(C)=CC=CC1OC)=CC(=O)C=2NCC=C)N,0,0,0,0,0,0,0
HSP90alpha,P07900,seed_442,93,1.8164781332015991,2.5301781,COc1ccc(N(C)C(=O)c2cc3c(Cc4cccc(C)c4)n[nH]c3cc2O)cc1Cl,Clc1c(OC)ccc(N(C(=O)c2c(O)cc3[nH]nc(Cc4cc(C)ccc4)c3c2)C)c1,0,0,0,0,0,0,0
HSP90alpha,P07900,seed_442,94,1.808201551437378,2.0506101,CC(=O)c1ccc(N(C)C(=O)c2cc3c(Cc4cccc(C)c4)n[nH]c3cc2O)cc1,O=C(N(C)c1ccc(C(=O)C)cc1)c1c(O)cc2[nH]nc(Cc3cc(C)ccc3)c2c1,1,0,0,0,0,0,0
HSP90alpha,P07900,seed_442,95,1.7989269495010376,2.0241427515000003,Cc1cccc(Cc2n[nH]c3cc(O)c(C(=O)N(C)c4ccccc4)cc23)c1,Cc1cccc(Cc2n[nH]c3cc(O)c(C(=O)N(C)c4ccccc4)cc23)c1,1,0,0,0,0,0,0
HSP90alpha,P07900,seed_442,96,1.7618966102600098,1.879426069,CN(C(=O)c1cc2c(C(=O)N3CCOCC3)[nH]nc2cc1O)c1ccc(N2CCOCC2)cc1,O=C(N(C)c1ccc(N2CCOCC2)cc1)c1c(O)cc2n[nH]c(C(=O)N3CCOCC3)c2c1,1,0,0,0,0,0,0
HSP90alpha,P07900,seed_442,97,1.7552146911621094,1.9817573,CCNC(=O)c1n[nH]c(-c2cc(Cl)c(O)cc2O)c1-c1ccc(OC)cc1,Clc1c(O)cc(O)c(-c2c(c(C(=O)NCC)n[nH]2)-c2ccc(OC)cc2)c1,1,0,0,0,0,0,0
HSP90alpha,P07900,seed_442,98,1.7442448139190674,0.853871964,O=C(c1ccc(O)cc1O)N(Cc1ccccc1)c1ccccc1,Oc1ccc(C(=O)N(Cc2ccccc2)c2ccccc2)c(O)c1,0,0,0,0,0,0,0
HSP90alpha,P07900,seed_442,99,1.7207815647125244,1.9318142,Cc1cccc(Cc2n[nH]c3cc(O)c(C(=O)N(C)c4cccc(Cl)c4)cc23)c1,Clc1cc(N(C(=O)c2c(O)cc3[nH]nc(Cc4cc(C)ccc4)c3c2)C)ccc1,0,0,0,0,0,0,0
HSP90alpha,P07900,seed_442,100,1.708076000213623,1.8996295,CC(=O)N1CCc2cc(N(C)C(=O)c3cc4c(Cc5cccc(C)c5)n[nH]c4cc3O)ccc21,O=C(C)N1c2c(cc(N(C(=O)c3c(O)cc4[nH]nc(Cc5cc(C)ccc5)c4c3)C)cc2)CC1,1,0,0,0,0,0,0
HSP90alpha,P07900,seed_442,101,1.6723718643188477,1.9200233,O=C(O)c1cc(-c2n[nH]c(=O)n2-c2ccccc2F)c(O)c(Br)c1O,Brc1c(O)c(C(=O)O)cc(c1O)C=1N(c2c(F)cccc2)C(=O)NN=1,1,0,0,0,0,0,0
HSP90alpha,P07900,seed_442,102,1.6541379690170288,2.027612,O=c1[nH]nc(-c2cc(CCc3ccccc3)c(O)cc2O)n1-c1ccccc1F,Fc1c(N2C(c3c(O)cc(O)c(CCc4ccccc4)c3)=NNC2=O)cccc1,1,0,0,0,0,0,0
HSP90alpha,P07900,seed_442,103,1.6485542058944702,1.793174118,COc1cccc(N(C)C(=O)c2cc3c(Cc4cccc(C)c4)n[nH]c3cc2O)c1,COc1cccc(N(C)C(=O)c2cc3c(Cc4cccc(C)c4)n[nH]c3cc2O)c1,1,0,0,0,0,0,0
HSP90alpha,P07900,seed_442,104,1.615309238433838,1.9168558,O=C(O)c1cc(-c2n[nH]c(=O)n2-c2ccccc2F)c(O)cc1O,Fc1c(N2C(c3c(O)cc(O)c(C(=O)O)c3)=NNC2=O)cccc1,1,0,0,0,0,0,0
HSP90alpha,P07900,seed_442,105,1.590831995010376,1.8796525095,CN(C(=O)c1cc2c(C(=O)N3CCOCC3)n[nH]c2cc1O)c1ccc(N2CCOCC2)cc1,CN(C(=O)c1cc2c(cc1O)[nH]nc2C(=O)N1CCOCC1)c1ccc(N2CCOCC2)cc1,1,0,0,0,0,0,0
HSP90alpha,P07900,seed_442,106,1.5126891136169434,1.8638014395,CC(C)N(C)S(=O)(=O)c1cc(-c2n[nH]c(=O)n2-c2ccccc2Cl)c(O)cc1O,CC(C)N(C)S(=O)(=O)c1cc(-c2n[nH]c(=O)n2-c2ccccc2Cl)c(O)cc1O,1,0,0,0,0,0,0
HSP90alpha,P07900,seed_442,107,1.4709744453430176,1.6946486,Cc1cccc(Cc2n[nH]c3cc(O)c(C(=O)N(C)c4cccc(F)c4)cc23)c1,Fc1cc(N(C(=O)c2c(O)cc3[nH]nc(Cc4cc(C)ccc4)c3c2)C)ccc1,1,0,0,0,0,0,0
HSP90alpha,P07900,seed_442,108,1.4692749977111816,1.6309466,CCC(O)c1n[nH]c2cc(O)c(C(=O)N(C)c3ccc(N4CCOCC4)cc3)cc12,O=C(N(C)c1ccc(N2CCOCC2)cc1)c1c(O)cc2[nH]nc(C(O)CC)c2c1,1,0,0,0,0,0,0
HSP90alpha,P07900,seed_442,109,1.4575891494750977,1.8028486655,CCCCCCN(C)C(=O)c1cc(-c2ccnn2-c2ccccc2C)c(O)cc1O,CCCCCCN(C)C(=O)c1cc(-c2ccnn2-c2ccccc2C)c(O)cc1O,1,0,0,0,0,0,0
HSP90alpha,P07900,seed_442,110,1.412571907043457,1.718645423,CC(C)N(C)S(=O)(=O)c1cc(-c2n[nH]c(=O)n2-c2ccccc2F)c(O)cc1O,CC(C)N(C)S(=O)(=O)c1cc(-c2n[nH]c(=O)n2-c2ccccc2F)c(O)cc1O,1,0,0,0,0,0,0
HSP90alpha,P07900,seed_442,111,1.3828883171081543,1.5759898235,Cc1cnc(Cn2ccc3c(Cl)nc(N)nc32)c(C)c1Cl,Cc1cnc(Cn2ccc3c(Cl)nc(N)nc32)c(C)c1Cl,1,0,0,0,0,0,0
HSP90alpha,P07900,seed_442,112,1.3758127689361572,0.537602002,COc1cc2c(cc1OC)C(c1cccnc1)N(C(=O)c1ccc(O)cc1O)CC2,COc1cc2CCN(C(c3cccnc3)c2cc1OC)C(=O)c1ccc(O)cc1O,0,0,0,0,0,0,0
HSP90alpha,P07900,seed_442,113,1.3636845350265503,1.649396841,Cc1cccc(Cc2n[nH]c3cc(O)c(C(=O)N(C)Cc4ccccc4)cc23)c1,Cc1cccc(Cc2n[nH]c3cc(O)c(C(=O)N(C)Cc4ccccc4)cc23)c1,1,0,0,0,0,0,0
HSP90alpha,P07900,seed_442,114,1.3527989387512207,1.7175303145,O=c1[nH]nc(-c2cc(Br)c(O)cc2O)n1-c1ccccc1F,Brc1c(O)cc(O)c(C=2N(c3c(F)cccc3)C(=O)NN=2)c1,1,0,0,0,0,0,0
HSP90alpha,P07900,seed_442,115,1.3222665786743164,1.497572885,Cc1cccc(Cc2n[nH]c3cc(O)c(C(=O)N(C)c4ccc(F)cc4)cc23)c1,Cc1cccc(Cc2n[nH]c3cc(O)c(C(=O)N(C)c4ccc(F)cc4)cc23)c1,1,0,0,0,0,0,0
HSP90alpha,P07900,seed_442,116,1.3093855381011963,1.759679789,Cc1cccc(Cc2n[nH]c3cc(O)c(C(=O)N(C)Cc4ccc(Cl)cc4)cc23)c1,Cc1cccc(Cc2n[nH]c3cc(O)c(C(=O)N(C)Cc4ccc(Cl)cc4)cc23)c1,0,0,0,0,0,0,0
HSP90alpha,P07900,seed_442,117,1.289074182510376,1.480172006,C#CCCCn1c(Cc2cc(OC)c(OC)c(OC)c2Cl)nc2c(N)nc(F)nc21,C#CCCCn1c(Cc2cc(OC)c(OC)c(OC)c2Cl)nc2c(N)nc(F)nc21,1,0,0,0,0,0,0
HSP90alpha,P07900,seed_442,118,1.1863059997558594,1.433165,CC1CC2OC2C=CC=CC(=O)Cc2c(Cl)c(O)cc(O)c2C(=O)O1,Clc1c(O)cc(O)c2C(=O)OC(C)CC3OC3C=CC=CC(=O)Cc12,1,0,0,0,0,0,0
HSP90alpha,P07900,seed_442,119,1.1780534982681274,1.4710833,Oc1ccc(-c2ccnn2-c2ccccc2Cl)c(O)c1,Clc1c(-n2c(-c3c(O)cc(O)cc3)ccn2)cccc1,1,0,0,0,0,0,0
HSP90alpha,P07900,seed_442,120,1.1698479652404785,0.638272164,CC1CCc2cc(F)ccc2N1C(=O)c1ccc(O)cc1O,CC1CCc2cc(F)ccc2N1C(=O)c1ccc(O)cc1O,0,0,0,0,0,0,0
HSP90alpha,P07900,seed_442,121,1.1698479652404785,0.22184875,C[C@@H]1CCc2cc(F)ccc2N1C(=O)c1ccc(O)cc1O,C[C@@H]1CCc2cc(F)ccc2N1C(=O)c1ccc(O)cc1O,0,0,0,0,0,0,0
HSP90alpha,P07900,seed_442,122,1.1698479652404785,0.744727495,C[C@H]1CCc2cc(F)ccc2N1C(=O)c1ccc(O)cc1O,C[C@H]1CCc2cc(F)ccc2N1C(=O)c1ccc(O)cc1O,0,0,0,0,0,0,0
HSP90alpha,P07900,seed_442,123,1.1239489316940308,1.31398316,CN(Cc1ccc(Cl)cc1)C(=O)c1cc2c(Cc3ccccc3)n[nH]c2cc1O,CN(Cc1ccc(Cl)cc1)C(=O)c2cc3c(Cc4ccccc4)n[nH]c3cc2O,1,0,0,0,0,0,0
HSP90alpha,P07900,seed_442,124,1.0162856578826904,1.1979621315,CCc1cc(-c2n[nH]c(C)c2-c2ccccc2F)c(O)cc1O,CCc1cc(-c2n[nH]c(C)c2-c2ccccc2F)c(O)cc1O,1,0,0,0,0,0,0
HSP90alpha,P07900,seed_442,125,0.9422116875648499,1.06913968,Oc1ccc(-c2nocc2-c2ccccc2)c(O)c1,Oc1c(-c2c(-c3ccccc3)con2)ccc(O)c1,1,0,0,0,0,0,0
HSP90alpha,P07900,seed_442,126,0.8803823590278625,1.05479,Cc1ccc2nc(N)nc(C(=O)N3Cc4ccc(Br)cc4C3)c2c1,Brc1cc2c(cc1)CN(C(=O)c1nc(N)nc3c1cc(C)cc3)C2,1,0,0,0,0,0,0
HSP90alpha,P07900,seed_442,127,0.8100617527961731,0.962573502,COc1ccc(-c2c(C#N)c(N)nc3sc(C(N)=O)c(N)c23)cc1OCCCC(=O)[O-],O=C([O-])CCCOc1c(OC)ccc(-c2c(C#N)c(N)nc3sc(C(=O)N)c(N)c23)c1,0,0,0,0,0,0,0
HSP90alpha,P07900,seed_442,128,0.7765383124351501,0.94923371,COc1ccc(-c2c(C#N)c(N)nc3sc(C(=O)Nc4ccc(Br)cc4)c(N)c23)cc1OC,Brc1ccc(NC(=O)c2c(N)c3c(c(C#N)c(N)nc3s2)-c2cc(OC)c(OC)cc2)cc1,0,0,0,0,0,0,0
HSP90alpha,P07900,seed_442,129,0.7665678858757019,1.1496449,COc1ccc(-c2c(C#N)c(N)nc3sc(C(=O)Nc4ccc(F)cc4)c(N)c23)cc1OC,Fc1ccc(NC(=O)c2c(N)c3c(c(C#N)c(N)nc3s2)-c2cc(OC)c(OC)cc2)cc1,1,0,0,0,0,0,0
HSP90alpha,P07900,seed_442,130,0.7661359906196594,1.0299766085,CCc1ccccc1-n1c(-c2ccc(O)cc2O)n[nH]c1=O,CCc1ccccc1-n1c(-c2ccc(O)cc2O)n[nH]c1=O,1,0,0,0,0,0,0
HSP90alpha,P07900,seed_442,131,0.7338354587554932,0.937538223,Cc1ccccc1-n1c(-c2ccc(O)cc2O)n[nH]c1=O,Cc1ccccc1-n1c(-c2ccc(O)cc2O)n[nH]c1=O,1,0,0,0,0,0,0
HSP90alpha,P07900,seed_442,132,0.6990940570831299,0.954677021,Oc1ccc(-c2n[nH]c(=S)n2-c2ccccc2F)c(O)c1,S=C1N(c2c(F)cccc2)C(c2c(O)cc(O)cc2)=NN1,1,0,0,0,0,0,0
HSP90alpha,P07900,seed_442,133,0.6874810457229614,0.962573502,COc1ccc(-c2c(C#N)c(N)nc3sc(C(N)=O)c(N)c23)cc1OCCCC(=O)O,COc1ccc(-c2c(C#N)c(N)nc3sc(C(N)=O)c(N)c23)cc1OCCCC(=O)O,1,0,0,0,0,0,0
HSP90alpha,P07900,seed_442,134,0.6779357194900513,0.698970004,CSc1nc(-c2ccc(F)cc2C)c2c(C#N)c[nH]c2n1,S(C)c1nc(-c2c(C)cc(F)cc2)c2c(C#N)c[nH]c2n1,1,0,0,0,0,0,0
HSP90alpha,P07900,seed_442,135,0.6142618060112,0.8274355885,O=c1[nH]nc(-c2ccc(O)cc2O)n1-c1ccccc1Cl,Clc1c(N2C(c3c(O)cc(O)cc3)=NNC2=O)cccc1,1,0,0,0,0,0,0
HSP90alpha,P07900,seed_442,136,0.609602153301239,0.68165839,CCOc1ccc2c(c1)CN(C(=O)c1nc(N)nc3ccc(C)cc13)C2,O=C(N1Cc2c(ccc(OCC)c2)C1)c1nc(N)nc2c1cc(C)cc2,1,0,0,0,0,0,0
HSP90alpha,P07900,seed_442,137,0.5985002517700195,0.7597319015,Oc1cc(O)c(-c2ccnn2-c2ccccc2Cl)cc1CCc1ccccn1,Clc1c(-n2c(-c3c(O)cc(O)c(CCc4ncccc4)c3)ccn2)cccc1,1,0,0,0,0,0,0
HSP90alpha,P07900,seed_442,138,0.5273988842964172,0.58875918,COc1ccc2c(c1)CN(C(=O)c1nc(N)nc3ccc(C)cc13)C2,O=C(N1Cc2c(ccc(OC)c2)C1)c1nc(N)nc2c1cc(C)cc2,1,0,0,0,0,0,0
HSP90alpha,P07900,seed_442,139,0.49723848700523376,0.696689976,O=c1[nH]nc(-c2ccc(O)cc2O)n1-c1ccccc1F,Fc1c(N2C(c3c(O)cc(O)cc3)=NNC2=O)cccc1,1,0,0,0,0,0,0
HSP90alpha,P07900,seed_442,140,0.4748733341693878,0.6348867174999999,Oc1cc2[nH]nc(Cc3ccccc3)c2cc1-c1ccnn1-c1ccccc1,Oc1c(-c2n(-c3ccccc3)ncc2)cc2c(Cc3ccccc3)n[nH]c2c1,1,0,0,0,0,0,0
HSP90alpha,P07900,seed_442,141,0.4569105803966522,0.53790173,CCC(=O)c1n[nH]c2cc(O)c(C(=O)N(C)c3ccc(N4CCOCC4)cc3)cc12,O=C(N(C)c1ccc(N2CCOCC2)cc1)c1c(O)cc2[nH]nc(C(=O)CC)c2c1,1,0,0,0,0,0,0
HSP90alpha,P07900,seed_442,142,0.4374339282512665,0.5948245915,COc1ccc(-c2c(-c3ccc(O)cc3O)n[nH]c2C)cc1,COc1ccc(-c2c(-c3ccc(O)cc3O)n[nH]c2C)cc1,1,0,0,0,0,0,0
HSP90alpha,P07900,seed_442,143,0.4312759041786194,0.367542708,N#Cc1ccc(N2CC[NH+](CCCCc3c[nH]c4cc(O)c(C#N)cc34)CC2)cc1,Oc1c(C#N)cc2c(CCCC[NH+]3CCN(c4ccc(C#N)cc4)CC3)c[nH]c2c1,0,0,0,0,0,0,0
HSP90alpha,P07900,seed_442,144,0.43086373805999756,0.5543568905,Cc1ccc2nc(N)nc(C(=O)N3Cc4ccccc4C3)c2c1,Cc1ccc2nc(N)nc(C(=O)N3Cc4ccccc4C3)c2c1,1,0,0,0,0,0,0
HSP90alpha,P07900,seed_442,145,0.3980605900287628,0.54752356,CCc1cc(-c2n[nH]c(C)c2-c2ccccc2Cl)c(O)cc1O,Clc1c(-c2c(C)[nH]nc2-c2c(O)cc(O)c(CC)c2)cccc1,1,0,0,0,0,0,0
HSP90alpha,P07900,seed_442,146,0.34694692492485046,0.42239332,Cc1ccc2nc(N)nc(C(=O)N3Cc4ccc(O)cc4C3)c2c1,O=C(N1Cc2c(ccc(O)c2)C1)c1nc(N)nc2c1cc(C)cc2,1,0,0,0,0,0,0
HSP90alpha,P07900,seed_442,147,0.2701233923435211,0.45284086,CCc1ccc(-c2c(C#N)c(N)nc3sc(C(=O)Nc4ccc5c(c4)OCO5)c(N)c23)cc1,O=C(Nc1cc2OCOc2cc1)c1c(N)c2c(c(C#N)c(N)nc2s1)-c1ccc(CC)cc1,1,0,0,0,0,0,0
HSP90alpha,P07900,seed_442,148,0.17841975390911102,0.256529439,Nc1nc(C(=O)N2Cc3ccc(O)cc3C2)c2ccccc2n1,Nc1nc(C(=O)N2Cc3ccc(O)cc3C2)c2ccccc2n1,1,0,0,0,0,0,0
HSP90alpha,P07900,seed_442,149,0.16695818305015564,0.258090429,Nc1nc(C(=O)N2Cc3ccccc3C2)c2ccccc2n1,Nc1nc(C(=O)N2Cc3ccccc3C2)c2ccccc2n1,1,0,0,0,0,0,0
HSP90alpha,P07900,seed_442,150,0.15572334825992584,0.2418074885,Nc1nc(C(=O)N2Cc3ccccc3C2)c2cc(O)ccc2n1,Nc1nc(C(=O)N2Cc3ccccc3C2)c2cc(O)ccc2n1,1,0,0,0,0,0,0
HSP90alpha,P07900,seed_442,151,0.1305537223815918,0.35127416,CCCc1cc(-c2n[nH]cc2-c2ccc3c(c2)OCCO3)c(O)cc1O,Oc1c(CCC)cc(-c2c(-c3cc4OCCOc4cc3)c[nH]n2)c(O)c1,1,0,0,0,0,0,0
HSP90alpha,P07900,seed_442,152,0.1224280297756195,0.28469321,Oc1cc(O)c(-c2ccnn2-c2ccccc2F)cc1I,Ic1c(O)cc(O)c(-c2n(-c3c(F)cccc3)ncc2)c1,1,0,0,0,0,0,0
HSP90alpha,P07900,seed_442,153,0.10676679015159607,0.367542708,N#Cc1ccc(N2CCN(CCCc3c[nH]c4cc(O)c(C#N)cc34)CC2)cc1,N#Cc1ccc(N2CCN(CCCc3c[nH]c4cc(O)c(C#N)cc34)CC2)cc1,1,0,0,0,0,0,0
HSP90alpha,P07900,seed_442,154,0.021045085042715073,0.083546051,Cc1n[nH]c2cc(O)c(-c3ccnn3C3CCCCC3)cc12,Oc1c(-c2n(C3CCCCC3)ncc2)cc2c(C)n[nH]c2c1,1,0,0,0,0,0,0
HSP90alpha,P07900,seed_442,155,-0.0018994100391864777,0.083546051,Cc1n[nH]c2cc(O)c(-c3ccnn3-c3ccccc3)cc12,Cc1n[nH]c2cc(O)c(-c3ccnn3-c3ccccc3)cc12,1,0,0,0,0,0,0
HSP90alpha,P07900,ensemble,1,3.7667939186096193,4.1490474,O=C(NC1c2ccccc2-c2c(-c3nc4cnccc4[nH]3)cccc21)c1ccncc1,O=C(NC1c2c(c(-c3[nH]c4c(n3)cncc4)ccc2)-c2c1cccc2)c1ccncc1,1,1,1,1,1,1,1
HSP90alpha,P07900,ensemble,2,3.370198440551758,3.531701957,COC1CCCN(C(=O)c2n[nH]c3cc(O)c(C(=O)N(C)c4ccc(N5CCOCC5)cc4)cc23)C1,O=C(N(C)c1ccc(N2CCOCC2)cc1)c1c(O)cc2[nH]nc(C(=O)N3CC(OC)CCC3)c2c1,1,1,1,1,0,0,0
HSP90alpha,P07900,ensemble,3,3.370198440551758,3.53165267,CO[C@H]1CCCN(C(=O)c2n[nH]c3cc(O)c(C(=O)N(C)c4ccc(N5CCOCC5)cc4)cc23)C1,CO[C@H]1CCCN(C(=O)c2n[nH]c3cc(O)c(C(=O)N(C)c4ccc(N5CCOCC5)cc4)cc23)C1,1,1,1,1,0,0,0
HSP90alpha,P07900,ensemble,4,3.08415265083313,3.3559852,Nc1ncc(Cl)c(C(=O)NC2c3ccccc3-c3c(-c4nc5cnccc5[nH]4)cccc32)n1,Clc1c(C(=O)NC2c3c(c(-c4[nH]c5c(n4)cncc5)ccc3)-c3c2cccc3)nc(N)nc1,1,0,1,1,0,0,0
HSP90alpha,P07900,ensemble,5,3.0380534172058105,3.215432782,Cc1cn(-c2ccc(C(N)=O)c(NC3CCC(O)CC3)c2)c2c1C(=O)CC(C)(C)C2,O=C(N)c1c(NC2CCC(O)CC2)cc(-n2c3c(c(C)c2)C(=O)CC(C)(C)C3)cc1,1,0,1,1,0,0,0
HSP90alpha,P07900,ensemble,6,3.0380534172058105,3.314258261,Cc1cn(-c2ccc(C(N)=O)c(N[C@H]3CC[C@H](O)CC3)c2)c2c1C(=O)CC(C)(C)C2,Cc1cn(-c2ccc(C(N)=O)c(N[C@H]3CC[C@H](O)CC3)c2)c2c1C(=O)CC(C)(C)C2,1,0,0,1,0,0,0
HSP90alpha,P07900,ensemble,7,2.963343954086304,3.1230553175,Cc1cccc(Cc2n[nH]c3cc(O)c(C(=O)N(C)c4ccc(N5CCOCC5)cc4)cc23)c1,Cc1cccc(Cc2n[nH]c3cc(O)c(C(=O)N(C)c4ccc(N5CCOCC5)cc4)cc23)c1,1,0,0,1,0,0,0
HSP90alpha,P07900,ensemble,8,2.942041110992432,3.165811373,Cc1cn(-c2ccc(C(N)=O)c(NC3CCC(=O)CC3)c2)c2c1C(=O)CC(C)(C)C2,Cc1cn(-c2ccc(C(N)=O)c(NC3CCC(=O)CC3)c2)c2c1C(=O)CC(C)(C)C2,1,0,0,1,0,0,0
HSP90alpha,P07900,ensemble,9,2.940985822677612,3.670434,O=C(NC1c2ccccc2-c2c(-c3nc4cnccc4[nH]3)cccc21)c1ccnc2[nH]ccc12,O=C(NC1c2c(c(-c3[nH]c4c(n3)cncc4)ccc2)-c2c1cccc2)c1c2c([nH]cc2)ncc1,0,0,0,1,0,0,1
HSP90alpha,P07900,ensemble,10,2.9243162631988526,3.1036857295,Cc1cccc(Cc2n[nH]c3cc(O)c(C(=O)N(C)c4ccc(N5CCN(C)CC5)cc4)cc23)c1,Cc1cccc(Cc2n[nH]c3cc(O)c(C(=O)N(C)c4ccc(N5CCN(C)CC5)cc4)cc23)c1,1,0,0,1,0,0,0
HSP90alpha,P07900,ensemble,11,2.886489820480347,3.257524969,CN(Cc1ccco1)C(=O)c1cc(-c2n[nH]c(=O)n2-c2ccccc2F)c(O)cc1O,CN(Cc1ccco1)C(=O)c1cc(-c2n[nH]c(=O)n2-c2ccccc2F)c(O)cc1O,1,0,0,0,0,0,0
HSP90alpha,P07900,ensemble,12,2.873084306716919,3.040958604,CN(C(=O)c1cc2c(C(=O)N3CCCCC3)n[nH]c2cc1O)c1ccc(N2CCOCC2)cc1,CN(C(=O)c1cc2c(C(=O)N3CCCCC3)n[nH]c2cc1O)c1ccc(N2CCOCC2)cc1,1,0,0,0,0,0,0
HSP90alpha,P07900,ensemble,13,2.8518274784088136,3.040958608,CN(C(=O)c1cc2c(C(=O)N3CCCCC3)[nH]nc2cc1O)c1ccc(N2CCOCC2)cc1,O=C(N(C)c1ccc(N2CCOCC2)cc1)c1c(O)cc2n[nH]c(C(=O)N3CCCCC3)c2c1,1,0,0,0,0,0,0
HSP90alpha,P07900,ensemble,14,2.8434404850006105,3.154266346,Cc1ccccc1-n1nccc1-c1cc(C(=O)N(C)Cc2ccco2)c(O)cc1O,Cc1ccccc1-n1nccc1-c1cc(C(=O)N(C)Cc2ccco2)c(O)cc1O,1,0,0,0,0,0,0
HSP90alpha,P07900,ensemble,15,2.8122878074645996,3.7329869469999997,O=C(NC1c2ccccc2-c2c(-c3nc4ccncc4[nH]3)cccc21)c1ccnc2[nH]ccc12,O=C(NC1c2c(c(-c3[nH]c4c(n3)ccnc4)ccc2)-c2c1cccc2)c1c2c([nH]cc2)ncc1,0,0,0,0,0,0,1
HSP90alpha,P07900,ensemble,16,2.771300172805786,2.9712938,Cc1ccccc1CN(C)C(=O)c1cc(-c2n[nH]c(=O)n2-c2ccccc2C)c(O)cc1O,O=C(N(Cc1c(C)cccc1)C)c1c(O)cc(O)c(C=2N(c3c(C)cccc3)C(=O)NN=2)c1,1,0,0,0,0,0,0
HSP90alpha,P07900,ensemble,17,2.750907611846924,3.129596095,Cc1cccc(Cc2n[nH]c3cc(O)c(C(=O)N(C)c4ccc(N5CCCCC5)cc4)cc23)c1,Cc1cccc(Cc2n[nH]c3cc(O)c(C(=O)N(C)c4ccc(N5CCCCC5)cc4)cc23)c1,0,0,0,0,0,0,0
HSP90alpha,P07900,ensemble,18,2.7477297306060793,2.896196279,COc1c(C)cnc(Cn2cc(C#CCC(C)(C)O)c3c(Cl)nc(N)nc32)c1C,COc1c(C)cnc(Cn2cc(C#CCC(C)(C)O)c3c(Cl)nc(N)nc32)c1C,1,0,0,0,0,0,0
HSP90alpha,P07900,ensemble,19,2.7446799755096434,2.9194574080000004,Cc1cccc(Cc2n[nH]c3cc(O)c(C(=O)N(C)c4ccc(N5CCOCC5=O)cc4)cc23)c1,Cc1cccc(Cc2n[nH]c3cc(O)c(C(=O)N(C)c4ccc(N5CCOCC5=O)cc4)cc23)c1,1,0,0,0,0,0,0
HSP90alpha,P07900,ensemble,20,2.736316442489624,2.860541138,COC1CCN(C(=O)c2n[nH]c3cc(O)c(C(=O)N(C)c4ccc(N5CCOCC5)cc4)cc23)C1,O=C(N(C)c1ccc(N2CCOCC2)cc1)c1c(O)cc2[nH]nc(C(=O)N3CC(OC)CC3)c2c1,1,0,0,0,0,0,0
HSP90alpha,P07900,ensemble,21,2.736316442489624,2.860120914,CO[C@H]1CCN(C(=O)c2n[nH]c3cc(O)c(C(=O)N(C)c4ccc(N5CCOCC5)cc4)cc23)C1,CO[C@H]1CCN(C(=O)c2n[nH]c3cc(O)c(C(=O)N(C)c4ccc(N5CCOCC5)cc4)cc23)C1,1,0,0,0,0,0,0
HSP90alpha,P07900,ensemble,22,2.730009412765503,2.9025117,COc1ccccc1CN(C)C(=O)c1cc(-c2n[nH]c(=O)n2-c2ccccc2C)c(O)cc1O,O=C(N(Cc1c(OC)cccc1)C)c1c(O)cc(O)c(C=2N(c3c(C)cccc3)C(=O)NN=2)c1,1,0,0,0,0,0,0
HSP90alpha,P07900,ensemble,23,2.728285312652588,2.880354967,Cc1cccc(Cc2n[nH]c3cc(O)c(C(=O)N(C)c4ccc(N5CCNCC5)cc4)cc23)c1,O=C(N(C)c1ccc(N2CCNCC2)cc1)c1c(O)cc2[nH]nc(Cc3cc(C)ccc3)c2c1,1,0,0,0,0,0,0
HSP90alpha,P07900,ensemble,24,2.723841667175293,3.004803708,Nc1cc(C(=O)NC2c3ccccc3-c3c(-c4nc5ccncc5[nH]4)cccc32)ccn1,Nc1cc(C(=O)NC2c3ccccc3-c3c(-c4nc5ccncc5[nH]4)cccc32)ccn1,1,0,0,0,0,0,0
HSP90alpha,P07900,ensemble,25,2.7236889362335206,2.896196279,COc1c(C)cnc(Cn2cc(C=CCC(C)(C)O)c3c(Cl)nc(N)nc32)c1C,Clc1nc(N)nc2n(Cc3c(C)c(OC)c(C)cn3)cc(C=CCC(O)(C)C)c12,1,0,0,0,0,0,0
HSP90alpha,P07900,ensemble,26,2.7218053340911865,2.58031965,Cc1ccccc1-n1c(-c2cc(C(=O)N(C)Cc3ccccc3-c3cccnc3)c(O)cc2O)n[nH]c1=O,O=C(N(Cc1c(-c2cnccc2)cccc1)C)c1c(O)cc(O)c(C=2N(c3c(C)cccc3)C(=O)NN=2)c1,0,0,0,0,0,0,0
HSP90alpha,P07900,ensemble,27,2.7190592288970947,2.86918425,CC(C)CN(C)C(=O)c1n[nH]c2cc(O)c(C(=O)N(C)c3ccc(N4CCOCC4)cc3)cc12,O=C(N(CC(C)C)C)c1n[nH]c2c1cc(C(=O)N(C)c1ccc(N3CCOCC3)cc1)c(O)c2,1,0,0,0,0,0,0
HSP90alpha,P07900,ensemble,28,2.6983835697174072,3.0046721,Nc1cc(C(=O)NC2c3ccccc3-c3c(-c4nc5cnccc5[nH]4)cccc32)ccn1,O=C(NC1c2c(c(-c3[nH]c4c(n3)cncc4)ccc2)-c2c1cccc2)c1cc(N)ncc1,1,0,0,0,0,0,0
HSP90alpha,P07900,ensemble,29,2.687178039550781,3.123782159,Cc1cccc(Cc2n[nH]c3cc(O)c(C(=O)N(C)c4ccc(N5CC[NH+](C)CC5)cc4)cc23)c1,O=C(N(C)c1ccc(N2CC[NH+](C)CC2)cc1)c1c(O)cc2[nH]nc(Cc3cc(C)ccc3)c2c1,0,0,0,0,0,0,0
HSP90alpha,P07900,ensemble,30,2.6710627555847166,2.906578315,Cc1cccc(Cc2n[nH]c3cc(O)c(C(=O)N(C)c4ccc(N5CC[NH2+]CC5)cc4)cc23)c1,Cc1cccc(Cc2n[nH]c3cc(O)c(C(=O)N(C)c4ccc(N5CC[NH2+]CC5)cc4)cc23)c1,0,0,0,0,0,0,0
HSP90alpha,P07900,ensemble,31,2.6697474002838133,2.8130436,CCC(F)c1n[nH]c2cc(O)c(C(=O)N(C)c3ccc(N4CCOCC4)cc3)cc12,FC(CC)c1n[nH]c2c1cc(C(=O)N(C)c1ccc(N3CCOCC3)cc1)c(O)c2,1,0,0,0,0,0,0
HSP90alpha,P07900,ensemble,32,2.6559463500976563,2.7935115,CCC(C)c1n[nH]c2cc(O)c(C(=O)N(C)c3ccc(N4CCOCC4)cc3)cc12,O=C(N(C)c1ccc(N2CCOCC2)cc1)c1c(O)cc2[nH]nc(C(CC)C)c2c1,1,0,0,0,0,0,0
HSP90alpha,P07900,ensemble,33,2.6412423610687257,2.821023053,Nc1nc(C(=O)N2Cc3ccccc3C2)c2cc(-c3cc(F)c(F)cc3CCc3nnn[nH]3)ccc2n1,Fc1c(F)cc(c(CCc2[nH]nnn2)c1)-c1cc2c(C(=O)N3Cc4c(cccc4)C3)nc(N)nc2cc1,1,0,0,0,0,0,0
HSP90alpha,P07900,ensemble,34,2.635439920425415,4.0,CCNC(=O)c1noc(-c2cc(Cl)c(O)cc2O)c1-c1ccc(C[NH+]2CCOCC2)cc1,Clc1c(O)cc(O)c(-c2c(c(C(=O)NCC)no2)-c2ccc(C[NH+]3CCOCC3)cc2)c1,0,0,0,0,1,1,1
HSP90alpha,P07900,ensemble,35,2.6281502723693846,3.723538196,O=C(NC1c2ccccc2-c2c(-c3nc4cc(F)ccc4[nH]3)cccc21)c1ccnc2[nH]ccc12,Fc1cc2nc(-c3c-4c(C(NC(=O)c5c6c([nH]cc6)ncc5)c5c-4cccc5)ccc3)[nH]c2cc1,0,0,0,0,0,0,1
HSP90alpha,P07900,ensemble,36,2.6281502723693846,3.723538196,O=C(N[C@@H]1c2ccccc2-c2c(-c3nc4cc(F)ccc4[nH]3)cccc21)c1ccnc2[nH]ccc12,Fc1ccc2[nH]c(nc2c1)-c1cccc2[C@H](NC(=O)c3ccnc4[nH]ccc34)c3ccccc3-c12,0,0,0,0,0,0,1
HSP90alpha,P07900,ensemble,37,2.626673936843872,2.7958801,CN(C(=O)c1cc2c(CC3CCCC3)n[nH]c2cc1O)c1ccc(N2CCOCC2)cc1,O=C(N(C)c1ccc(N2CCOCC2)cc1)c1c(O)cc2[nH]nc(CC3CCCC3)c2c1,1,0,0,0,0,0,0
HSP90alpha,P07900,ensemble,38,2.618087387084961,4.0,CCNC(=O)c1noc(-c2cc(C(C)C)c(O)cc2O)c1-c1ccc(C[NH+]2CCOCC2)cc1,O=C(NCC)c1c(c(-c2c(O)cc(O)c(C(C)C)c2)on1)-c1ccc(C[NH+]2CCOCC2)cc1,0,0,0,0,1,1,1
HSP90alpha,P07900,ensemble,39,2.6150217056274414,2.864753211,Cc1ccccc1-n1c(-c2cc(C(=O)N(C)Cc3ccccc3)c(O)cc2O)n[nH]c1=O,Cc1ccccc1-n1c(-c2cc(C(=O)N(C)Cc3ccccc3)c(O)cc2O)n[nH]c1=O,1,0,0,0,0,0,0
HSP90alpha,P07900,ensemble,40,2.603031635284424,2.8471794105,Cc1cccc(CN(C)C(=O)c2cc(-c3n[nH]c(=O)n3-c3ccccc3C)c(O)cc2O)c1,Cc1cccc(CN(C)C(=O)c2cc(-c3n[nH]c(=O)n3-c3ccccc3C)c(O)cc2O)c1,1,0,0,0,0,0,0
HSP90alpha,P07900,ensemble,41,2.5953338146209717,2.683868054,CCNC(=O)c1noc(-c2cc(Cl)c(O)cc2O)c1-c1ccc(OC)cc1,CCNC(=O)c1noc(-c2cc(Cl)c(O)cc2O)c1-c1ccc(OC)cc1,1,0,0,0,0,0,0
HSP90alpha,P07900,ensemble,42,2.5916961669921874,2.7521280395,Cc1ccccc1-n1c(-c2cc(C(=O)N(C)Cc3cccs3)c(O)cc2O)n[nH]c1=O,Cc1ccccc1-n1c(-c2cc(C(=O)N(C)Cc3cccs3)c(O)cc2O)n[nH]c1=O,1,0,0,0,0,0,0
HSP90alpha,P07900,ensemble,43,2.5672892570495605,2.51404215,Cc1ccccc1-n1c(-c2cc(C(=O)N(C)Cc3cccc(-c4cncnc4)c3)c(O)cc2O)n[nH]c1=O,O=C(N(Cc1cc(-c2cncnc2)ccc1)C)c1c(O)cc(O)c(C=2N(c3c(C)cccc3)C(=O)NN=2)c1,0,0,0,0,0,0,0
HSP90alpha,P07900,ensemble,44,2.553957223892212,2.6966150325,CCCCN(C)C(=O)c1n[nH]c2cc(O)c(C(=O)N(C)c3ccc(N4CCOCC4)cc3)cc12,CCCCN(C)C(=O)c1n[nH]c2cc(O)c(C(=O)N(C)c3ccc(N4CCOCC4)cc3)cc12,1,0,0,0,0,0,0
HSP90alpha,P07900,ensemble,45,2.531327962875366,2.6144906005,CN(C(=O)c1cc2c(C(=O)N3CCCC3)n[nH]c2cc1O)c1ccc(N2CCOCC2)cc1,CN(C(=O)c1cc2c(C(=O)N3CCCC3)n[nH]c2cc1O)c1ccc(N2CCOCC2)cc1,1,0,0,0,0,0,0
HSP90alpha,P07900,ensemble,46,2.497229719161987,2.70469365,Nc1nc(C(=O)N2Cc3ccccc3C2)c2cc(-c3cc(F)c(F)cc3Cc3nnn[nH]3)ccc2n1,Fc1c(F)cc(c(Cc2[nH]nnn2)c1)-c1cc2c(C(=O)N3Cc4c(cccc4)C3)nc(N)nc2cc1,1,0,0,0,0,0,0
HSP90alpha,P07900,ensemble,47,2.4718159198760987,2.6025259715,Cc1cccc(Cc2n[nH]c3cc(O)c(C(=O)N(C)c4ccc(N(C)C)cc4)cc23)c1,Cc1cccc(Cc2n[nH]c3cc(O)c(C(=O)N(C)c4ccc(N(C)C)cc4)cc23)c1,1,0,0,0,0,0,0
HSP90alpha,P07900,ensemble,48,2.4640100955963136,3.0,CCNC(=O)c1noc(-c2cc(Cl)c(O)cc2O)c1-c1ccc(CN2CCOCC2)cc1C,CCNC(=O)c1noc(c1-c1ccc(CN2CCOCC2)cc1C)-c1cc(Cl)c(O)cc1O,0,0,0,0,0,0,0
HSP90alpha,P07900,ensemble,49,2.456641960144043,2.5850267,COc1cccc(Cc2n[nH]c3cc(O)c(C(=O)N(C)c4ccc(N5CCOCC5)cc4)cc23)c1,O=C(N(C)c1ccc(N2CCOCC2)cc1)c1c(O)cc2[nH]nc(Cc3cc(OC)ccc3)c2c1,1,0,0,0,0,0,0
HSP90alpha,P07900,ensemble,50,2.443874168395996,2.5528419,CN(C(=O)c1cc2c(CC3CCCCC3)n[nH]c2cc1O)c1ccc(N2CCOCC2)cc1,O=C(N(C)c1ccc(N2CCOCC2)cc1)c1c(O)cc2[nH]nc(CC3CCCCC3)c2c1,1,0,0,0,0,0,0
HSP90alpha,P07900,ensemble,51,2.443081331253052,2.337242168,Cc1ccccc1-n1c(-c2cc(C(=O)N(C)Cc3ccco3)c(O)cc2O)n[nH]c1=O,O=C(N(Cc1occc1)C)c1c(O)cc(O)c(C=2N(c3c(C)cccc3)C(=O)NN=2)c1,1,0,0,0,0,0,0
HSP90alpha,P07900,ensemble,52,2.4331852912902834,2.655273836,CCCCN(C)C(=O)c1cc(-c2n[nH]c(=O)n2-c2ccccc2F)c(O)cc1O,CCCCN(C)C(=O)c1cc(-c2n[nH]c(=O)n2-c2ccccc2F)c(O)cc1O,1,0,0,0,0,0,0
HSP90alpha,P07900,ensemble,53,2.431926727294922,2.5376019,CCCc1n[nH]c2cc(O)c(C(=O)N(C)c3ccc(N4CCOCC4)cc3)cc12,O=C(N(C)c1ccc(N2CCOCC2)cc1)c1c(O)cc2[nH]nc(CCC)c2c1,1,0,0,0,0,0,0
HSP90alpha,P07900,ensemble,54,2.4177833557128907,2.5686362,CCCCc1n[nH]c2cc(O)c(C(=O)N(C)c3ccc(N4CCOCC4)cc3)cc12,O=C(N(C)c1ccc(N2CCOCC2)cc1)c1c(O)cc2[nH]nc(CCCC)c2c1,1,0,0,0,0,0,0
HSP90alpha,P07900,ensemble,55,2.417318868637085,2.5301781,Cc1cccc(Cc2n[nH]c3cc(O)c(C(=O)N(C)c4ccc(CN5CCOCC5)cc4)cc23)c1,O=C(N(C)c1ccc(CN2CCOCC2)cc1)c1c(O)cc2[nH]nc(Cc3cc(C)ccc3)c2c1,1,0,0,0,0,0,0
HSP90alpha,P07900,ensemble,56,2.416742134094238,3.865982546,Cc1nn(-c2ccc(C(N)=O)c(NC3CCC(O)CC3)c2)c2cccc(-c3cnc4ccccc4c3)c12,O=C(N)c1c(NC2CCC(O)CC2)cc(-n2nc(C)c3c(-c4cnc5c(c4)cccc5)cccc23)cc1,0,0,0,0,0,1,1
HSP90alpha,P07900,ensemble,57,2.416742134094238,3.866461092,Cc1nn(-c2ccc(C(N)=O)c(N[C@H]3CC[C@H](O)CC3)c2)c2cccc(-c3cnc4ccccc4c3)c12,Cc1nn(-c2ccc(C(N)=O)c(N[C@H]3CC[C@H](O)CC3)c2)c2cccc(-c3cnc4ccccc4c3)c12,0,0,0,0,0,1,1
HSP90alpha,P07900,ensemble,58,2.4146799564361574,3.722964,O=C(NC1c2ccccc2-c2c(-c3nc4ccc(F)cc4[nH]3)cccc21)c1ccnc2[nH]ccc12,Fc1cc2[nH]c(-c3c-4c(C(NC(=O)c5c6c([nH]cc6)ncc5)c5c-4cccc5)ccc3)nc2cc1,0,0,0,0,0,0,1
HSP90alpha,P07900,ensemble,59,2.3854328632354735,2.5160029,COCc1n[nH]c2cc(O)c(C(=O)N(C)c3ccc(N4CCOCC4)cc3)cc12,O=C(N(C)c1ccc(N2CCOCC2)cc1)c1c(O)cc2[nH]nc(COC)c2c1,1,0,0,0,0,0,0
HSP90alpha,P07900,ensemble,60,2.3846314907073975,2.5626855,CCCc1n[nH]c2c(Br)c(O)c(C(=O)N(C)c3ccc(N4CCOCC4)cc3)cc12,Brc1c(O)c(C(=O)N(C)c2ccc(N3CCOCC3)cc2)cc2c(CCC)n[nH]c12,1,0,0,0,0,0,0
HSP90alpha,P07900,ensemble,61,2.3783278942108153,2.5524931,CCCc1n[nH]c2cc(O)c(C(=O)N(C)c3ccc(C4CCN(C)CC4)cc3)cc12,O=C(N(C)c1ccc(C2CCN(C)CC2)cc1)c1c(O)cc2[nH]nc(CCC)c2c1,1,0,0,0,0,0,0
HSP90alpha,P07900,ensemble,62,2.3632946968078614,2.6798537,Cc1cccc(Cc2n[nH]c3cc(O)c(C(=O)N(C)c4ccc(OCCCC#N)cc4)cc23)c1,O=C(N(C)c1ccc(OCCCC#N)cc1)c1c(O)cc2[nH]nc(Cc3cc(C)ccc3)c2c1,0,0,0,0,0,0,0
HSP90alpha,P07900,ensemble,63,2.362021780014038,2.5139896505,CCCCN(C)C(=O)c1cc(-c2n[nH]c(=O)n2-c2ccccc2)c(O)cc1O,CCCCN(C)C(=O)c1cc(-c2n[nH]c(=O)n2-c2ccccc2)c(O)cc1O,1,0,0,0,0,0,0
HSP90alpha,P07900,ensemble,64,2.3554241180419924,3.556013778,O=C(NC1c2ccccc2-c2c(-c3cnc4ccccc4c3)cccc21)c1c(Br)cnc2[nH]cnc12,Brc1c(C(=O)NC2c3c(c(-c4cnc5c(c4)cccc5)ccc3)-c3c2cccc3)c2nc[nH]c2nc1,0,0,0,0,0,0,0
HSP90alpha,P07900,ensemble,65,2.353542423248291,2.8570373,CN1CCC(c2ccc(N(C)C(=O)c3cc4c(CCC(C)(C)C)n[nH]c4cc3O)cc2)CC1,O=C(N(C)c1ccc(C2CCN(C)CC2)cc1)c1c(O)cc2[nH]nc(CCC(C)(C)C)c2c1,0,0,0,0,0,0,0
HSP90alpha,P07900,ensemble,66,2.3220077037811278,2.5228786,Cc1cccc(Cc2n[nH]c3cc(O)c(C(=O)N(C)c4ccc(OCCN(C)C)cc4)cc23)c1,O=C(N(C)c1ccc(OCCN(C)C)cc1)c1c(O)cc2[nH]nc(Cc3cc(C)ccc3)c2c1,1,0,0,0,0,0,0
HSP90alpha,P07900,ensemble,67,2.318441963195801,2.4004528990000003,Cc1ccccc1-n1c(-c2cc(C(=O)N(C)CC3CCCO3)c(O)cc2O)n[nH]c1=O,Cc1ccccc1-n1c(-c2cc(C(=O)N(C)CC3CCCO3)c(O)cc2O)n[nH]c1=O,1,0,0,0,0,0,0
HSP90alpha,P07900,ensemble,68,2.310093879699707,0.943095149,CCCCC#Cc1ccc(N[C@H]2CC[C@H](O)CC2)c(C(N)=O)c1,CCCCC#Cc1ccc(N[C@H]2CC[C@H](O)CC2)c(c1)C(N)=O,0,0,0,0,0,0,0
HSP90alpha,P07900,ensemble,69,2.2456544399261475,2.4321506,CCNC(=O)C1(c2ccc3nc(N)nc(C(=O)N4Cc5ccccc5C4)c3c2)CCC1,O=C(N1Cc2c(cccc2)C1)c1nc(N)nc2c1cc(C1(C(=O)NCC)CCC1)cc2,1,0,0,0,0,0,0
HSP90alpha,P07900,ensemble,70,2.2306992053985595,2.3625102,Cc1cccc(Cc2n[nH]c3cc(O)c(C(=O)N(C)c4ccc(CNS(C)(=O)=O)cc4)cc23)c1,S(=O)(=O)(NCc1ccc(N(C(=O)c2c(O)cc3[nH]nc(Cc4cc(C)ccc4)c3c2)C)cc1)C,1,0,0,0,0,0,0
HSP90alpha,P07900,ensemble,71,2.21958441734314,2.3979399,COc1ccc(N(C)C(=O)c2cc3c(Cc4cccc(C)c4)n[nH]c3cc2O)cc1,O=C(N(C)c1ccc(OC)cc1)c1c(O)cc2[nH]nc(Cc3cc(C)ccc3)c2c1,1,0,0,0,0,0,0
HSP90alpha,P07900,ensemble,72,2.2095389366149902,2.8569852,CN(C(=O)c1cc2c(CCC(C)(C)C)n[nH]c2cc1O)c1ccc(C2CC[NH+](C)CC2)cc1,C[NH+]1CCC(c2ccc(N(C)C(=O)c3cc4c(CCC(C)(C)C)n[nH]c4cc3O)cc2)CC1,0,0,0,0,0,0,0
HSP90alpha,P07900,ensemble,73,2.2075175762176515,2.342944147,Nc1nc(C(=O)N2Cc3ccccc3C2)c2cc(-c3ccccc3O)ccc2n1,Nc1nc(C(=O)N2Cc3ccccc3C2)c2cc(-c3ccccc3O)ccc2n1,1,0,0,0,0,0,0
HSP90alpha,P07900,ensemble,74,2.2042777061462404,2.377878523,Nc1nc(C(=O)N2Cc3ccccc3C2)c2cc(-c3ccccc3CO)ccc2n1,O=C(N1Cc2c(cccc2)C1)c1nc(N)nc2c1cc(-c1c(CO)cccc1)cc2,1,0,0,0,0,0,0
HSP90alpha,P07900,ensemble,75,2.176722764968872,2.3260579,COc1ccc(CN(C)C(=O)c2cc(-c3n[nH]c(=O)n3-c3ccccc3C)c(O)cc2O)cc1,O=C(N(Cc1ccc(OC)cc1)C)c1c(O)cc(O)c(C=2N(c3c(C)cccc3)C(=O)NN=2)c1,1,0,0,0,0,0,0
HSP90alpha,P07900,ensemble,76,2.171308135986328,2.2964248595,Cc1ccc(N(C)C(=O)c2cc3c(Cc4cccc(C)c4)n[nH]c3cc2O)cc1,Cc1ccc(N(C)C(=O)c2cc3c(Cc4cccc(C)c4)n[nH]c3cc2O)cc1,1,0,0,0,0,0,0
HSP90alpha,P07900,ensemble,77,2.170051860809326,2.3100635995000003,CCCN(C)C(=O)c1cc(-c2n[nH]c(=O)n2-c2ccccc2C)c(O)cc1O,CCCN(C)C(=O)c1cc(-c2n[nH]c(=O)n2-c2ccccc2C)c(O)cc1O,1,0,0,0,0,0,0
HSP90alpha,P07900,ensemble,78,2.1698028564453127,2.2508990375,Cc1cccc(Cc2n[nH]c3cc(O)c(C(=O)N(C)c4ccc5c(c4)OCO5)cc23)c1,Cc1cccc(Cc2n[nH]c3cc(O)c(C(=O)N(C)c4ccc5c(c4)OCO5)cc23)c1,1,0,0,0,0,0,0
HSP90alpha,P07900,ensemble,79,2.1670016765594484,2.343901798,CNCc1ccccc1-c1ccc2nc(N)nc(C(=O)N3Cc4ccccc4C3)c2c1,CNCc1ccccc1-c1ccc2nc(N)nc(C(=O)N3Cc4ccccc4C3)c2c1,1,0,0,0,0,0,0
HSP90alpha,P07900,ensemble,80,2.1492058277130126,2.2594183235000003,CCCN(C)S(=O)(=O)c1cc(-c2n[nH]c(=O)n2-c2ccccc2F)c(O)cc1O,CCCN(C)S(=O)(=O)c1cc(-c2n[nH]c(=O)n2-c2ccccc2F)c(O)cc1O,1,0,0,0,0,0,0
HSP90alpha,P07900,ensemble,81,2.099656105041504,2.2494917,CC(=O)N1CCc2ccc(N(C)C(=O)c3cc4c(Cc5cccc(C)c5)n[nH]c4cc3O)cc21,O=C(C)N1c2c(ccc(N(C(=O)c3c(O)cc4[nH]nc(Cc5cc(C)ccc5)c4c3)C)c2)CC1,1,0,0,0,0,0,0
HSP90alpha,P07900,ensemble,82,2.083781337738037,2.2621334255,CCCN(C)C(=O)c1cc(-c2n[nH]c(=O)n2-c2ccccc2F)c(O)cc1O,CCCN(C)C(=O)c1cc(-c2n[nH]c(=O)n2-c2ccccc2F)c(O)cc1O,1,0,0,0,0,0,0
HSP90alpha,P07900,ensemble,83,2.06169114112854,2.1999707,Cc1cccc(Cc2n[nH]c3cc(O)c(C(=O)N(C)c4ccc5c(c4)OCCO5)cc23)c1,O=C(N(C)c1cc2OCCOc2cc1)c1c(O)cc2[nH]nc(Cc3cc(C)ccc3)c2c1,1,0,0,0,0,0,0
HSP90alpha,P07900,ensemble,84,2.0589033126831056,1.9665762,Cc1cccc(Cc2n[nH]c3cc(O)c(C(=O)N(C)c4ccc(Br)cc4)cc23)c1,Brc1ccc(N(C(=O)c2c(O)cc3[nH]nc(Cc4cc(C)ccc4)c3c2)C)cc1,0,0,0,0,0,0,0
HSP90alpha,P07900,ensemble,85,2.043225884437561,3.13667714,C=CCNC1=C2CC(C)CC(OC)C(O)C(C)C=C(C)C(OC(N)=O)C(OC)C=CC=C(C)C(=O)NC(=CC1=O)C2=O,O=C(OC1C(C)=CC(C)C(O)C(OC)CC(C)CC=2C(=O)C(NC(=O)C(C)=CC=CC1OC)=CC(=O)C=2NCC=C)N,0,0,0,0,0,0,0
HSP90alpha,P07900,ensemble,86,2.0093477725982667,2.124360448,CCNC(=O)c1[nH]nc(-c2cc(Cl)c(O)cc2O)c1-c1ccc(OC)cc1,CCNC(=O)c1[nH]nc(-c2cc(Cl)c(O)cc2O)c1-c1ccc(OC)cc1,1,0,0,0,0,0,0
HSP90alpha,P07900,ensemble,87,2.008965826034546,2.3609953,COc1ccc(I)c(Sc2nc3c(N)ncnc3n2CCNCC(C)(C)C)c1,Ic1c(Sc2n(CCNCC(C)(C)C)c3ncnc(N)c3n2)cc(OC)cc1,0,0,0,0,0,0,0
HSP90alpha,P07900,ensemble,88,1.9978314638137817,2.5301781,COc1ccc(N(C)C(=O)c2cc3c(Cc4cccc(C)c4)n[nH]c3cc2O)cc1Cl,Clc1c(OC)ccc(N(C(=O)c2c(O)cc3[nH]nc(Cc4cc(C)ccc4)c3c2)C)c1,0,0,0,0,0,0,0
HSP90alpha,P07900,ensemble,89,1.9895575523376465,2.343901798,C[NH2+]Cc1ccccc1-c1ccc2nc(N)nc(C(=O)N3Cc4ccccc4C3)c2c1,O=C(N1Cc2c(cccc2)C1)c1nc(N)nc2c1cc(-c1c(C[NH2+]C)cccc1)cc2,0,0,0,0,0,0,0
HSP90alpha,P07900,ensemble,90,1.983223295211792,2.1135092565,Cc1cccc(Cc2n[nH]c3cc(O)c(C(=O)N(C)c4cccc(C)c4)cc23)c1,Cc1cccc(Cc2n[nH]c3cc(O)c(C(=O)N(C)c4cccc(C)c4)cc23)c1,1,0,0,0,0,0,0
HSP90alpha,P07900,ensemble,91,1.951471471786499,1.844664,Cc1cccc(Cc2n[nH]c3cc(O)c(C(=O)N(C)c4ccc(Cl)cc4)cc23)c1,Clc1ccc(N(C(=O)c2c(O)cc3[nH]nc(Cc4cc(C)ccc4)c3c2)C)cc1,0,0,0,0,0,0,0
HSP90alpha,P07900,ensemble,92,1.9358983516693116,2.4629369,CC(C)NCCCn1c(Sc2cc3c(cc2I)OCO3)nc2c(N)ncnc21,Ic1c(Sc2n(CCCNC(C)C)c3ncnc(N)c3n2)cc2OCOc2c1,0,0,0,0,0,0,0
HSP90alpha,P07900,ensemble,93,1.931697130203247,2.0506101,CC(=O)c1ccc(N(C)C(=O)c2cc3c(Cc4cccc(C)c4)n[nH]c3cc2O)cc1,O=C(N(C)c1ccc(C(=O)C)cc1)c1c(O)cc2[nH]nc(Cc3cc(C)ccc3)c2c1,1,0,0,0,0,0,0
HSP90alpha,P07900,ensemble,94,1.9180653810501098,2.0241427515000003,Cc1cccc(Cc2n[nH]c3cc(O)c(C(=O)N(C)c4ccccc4)cc23)c1,Cc1cccc(Cc2n[nH]c3cc(O)c(C(=O)N(C)c4ccccc4)cc23)c1,1,0,0,0,0,0,0
HSP90alpha,P07900,ensemble,95,1.8967421531677247,3.623423043,C[NH+]1CCN(S(=O)(=O)c2ccccc2-c2ccc3nc(N)nc(C(=O)N4Cc5ccccc5C4)c3c2)CC1,C[NH+]1CCN(S(=O)(=O)c2ccccc2-c2ccc3nc(N)nc(C(=O)N4Cc5ccccc5C4)c3c2)CC1,0,0,0,0,0,0,0
HSP90alpha,P07900,ensemble,96,1.8782622575759889,1.9817573,CCNC(=O)c1n[nH]c(-c2cc(Cl)c(O)cc2O)c1-c1ccc(OC)cc1,Clc1c(O)cc(O)c(-c2c(c(C(=O)NCC)n[nH]2)-c2ccc(OC)cc2)c1,1,0,0,0,0,0,0
HSP90alpha,P07900,ensemble,97,1.858986783027649,2.027612,O=c1[nH]nc(-c2cc(CCc3ccccc3)c(O)cc2O)n1-c1ccccc1F,Fc1c(N2C(c3c(O)cc(O)c(CCc4ccccc4)c3)=NNC2=O)cccc1,1,0,0,0,0,0,0
HSP90alpha,P07900,ensemble,98,1.8248552322387694,0.853871964,O=C(c1ccc(O)cc1O)N(Cc1ccccc1)c1ccccc1,Oc1ccc(C(=O)N(Cc2ccccc2)c2ccccc2)c(O)c1,0,0,0,0,0,0,0
HSP90alpha,P07900,ensemble,99,1.803368377685547,1.8996295,CC(=O)N1CCc2cc(N(C)C(=O)c3cc4c(Cc5cccc(C)c5)n[nH]c4cc3O)ccc21,O=C(C)N1c2c(cc(N(C(=O)c3c(O)cc4[nH]nc(Cc5cc(C)ccc5)c4c3)C)cc2)CC1,1,0,0,0,0,0,0
HSP90alpha,P07900,ensemble,100,1.7879962205886841,1.9168558,O=C(O)c1cc(-c2n[nH]c(=O)n2-c2ccccc2F)c(O)cc1O,Fc1c(N2C(c3c(O)cc(O)c(C(=O)O)c3)=NNC2=O)cccc1,1,0,0,0,0,0,0
HSP90alpha,P07900,ensemble,101,1.7709496736526489,1.9200233,O=C(O)c1cc(-c2n[nH]c(=O)n2-c2ccccc2F)c(O)c(Br)c1O,Brc1c(O)c(C(=O)O)cc(c1O)C=1N(c2c(F)cccc2)C(=O)NN=1,1,0,0,0,0,0,0
HSP90alpha,P07900,ensemble,102,1.7685928344726562,1.9318142,Cc1cccc(Cc2n[nH]c3cc(O)c(C(=O)N(C)c4cccc(Cl)c4)cc23)c1,Clc1cc(N(C(=O)c2c(O)cc3[nH]nc(Cc4cc(C)ccc4)c3c2)C)ccc1,0,0,0,0,0,0,0
HSP90alpha,P07900,ensemble,103,1.733335018157959,1.879426069,CN(C(=O)c1cc2c(C(=O)N3CCOCC3)[nH]nc2cc1O)c1ccc(N2CCOCC2)cc1,O=C(N(C)c1ccc(N2CCOCC2)cc1)c1c(O)cc2n[nH]c(C(=O)N3CCOCC3)c2c1,1,0,0,0,0,0,0
HSP90alpha,P07900,ensemble,104,1.7212911605834962,0.537602002,COc1cc2c(cc1OC)C(c1cccnc1)N(C(=O)c1ccc(O)cc1O)CC2,COc1cc2CCN(C(c3cccnc3)c2cc1OC)C(=O)c1ccc(O)cc1O,0,0,0,0,0,0,0
HSP90alpha,P07900,ensemble,105,1.7167664527893067,1.8796525095,CN(C(=O)c1cc2c(C(=O)N3CCOCC3)n[nH]c2cc1O)c1ccc(N2CCOCC2)cc1,CN(C(=O)c1cc2c(cc1O)[nH]nc2C(=O)N1CCOCC1)c1ccc(N2CCOCC2)cc1,1,0,0,0,0,0,0
HSP90alpha,P07900,ensemble,106,1.6910346746444702,1.793174118,COc1cccc(N(C)C(=O)c2cc3c(Cc4cccc(C)c4)n[nH]c3cc2O)c1,COc1cccc(N(C)C(=O)c2cc3c(Cc4cccc(C)c4)n[nH]c3cc2O)c1,1,0,0,0,0,0,0
HSP90alpha,P07900,ensemble,107,1.6828340291976929,1.8638014395,CC(C)N(C)S(=O)(=O)c1cc(-c2n[nH]c(=O)n2-c2ccccc2Cl)c(O)cc1O,CC(C)N(C)S(=O)(=O)c1cc(-c2n[nH]c(=O)n2-c2ccccc2Cl)c(O)cc1O,1,0,0,0,0,0,0
HSP90alpha,P07900,ensemble,108,1.6272714376449584,1.8028486655,CCCCCCN(C)C(=O)c1cc(-c2ccnn2-c2ccccc2C)c(O)cc1O,CCCCCCN(C)C(=O)c1cc(-c2ccnn2-c2ccccc2C)c(O)cc1O,1,0,0,0,0,0,0
HSP90alpha,P07900,ensemble,109,1.554024910926819,1.6946486,Cc1cccc(Cc2n[nH]c3cc(O)c(C(=O)N(C)c4cccc(F)c4)cc23)c1,Fc1cc(N(C(=O)c2c(O)cc3[nH]nc(Cc4cc(C)ccc4)c3c2)C)ccc1,1,0,0,0,0,0,0
HSP90alpha,P07900,ensemble,110,1.541836929321289,1.718645423,CC(C)N(C)S(=O)(=O)c1cc(-c2n[nH]c(=O)n2-c2ccccc2F)c(O)cc1O,CC(C)N(C)S(=O)(=O)c1cc(-c2n[nH]c(=O)n2-c2ccccc2F)c(O)cc1O,1,0,0,0,0,0,0
HSP90alpha,P07900,ensemble,111,1.5368148803710937,0.638272164,CC1CCc2cc(F)ccc2N1C(=O)c1ccc(O)cc1O,CC1CCc2cc(F)ccc2N1C(=O)c1ccc(O)cc1O,0,0,0,0,0,0,0
HSP90alpha,P07900,ensemble,112,1.5368148803710937,0.22184875,C[C@@H]1CCc2cc(F)ccc2N1C(=O)c1ccc(O)cc1O,C[C@@H]1CCc2cc(F)ccc2N1C(=O)c1ccc(O)cc1O,0,0,0,0,0,0,0
HSP90alpha,P07900,ensemble,113,1.5368148803710937,0.744727495,C[C@H]1CCc2cc(F)ccc2N1C(=O)c1ccc(O)cc1O,C[C@H]1CCc2cc(F)ccc2N1C(=O)c1ccc(O)cc1O,0,0,0,0,0,0,0
HSP90alpha,P07900,ensemble,114,1.528403091430664,1.6309466,CCC(O)c1n[nH]c2cc(O)c(C(=O)N(C)c3ccc(N4CCOCC4)cc3)cc12,O=C(N(C)c1ccc(N2CCOCC2)cc1)c1c(O)cc2[nH]nc(C(O)CC)c2c1,1,0,0,0,0,0,0
HSP90alpha,P07900,ensemble,115,1.5169863939285277,1.649396841,Cc1cccc(Cc2n[nH]c3cc(O)c(C(=O)N(C)Cc4ccccc4)cc23)c1,Cc1cccc(Cc2n[nH]c3cc(O)c(C(=O)N(C)Cc4ccccc4)cc23)c1,1,0,0,0,0,0,0
HSP90alpha,P07900,ensemble,116,1.478499984741211,1.5759898235,Cc1cnc(Cn2ccc3c(Cl)nc(N)nc32)c(C)c1Cl,Cc1cnc(Cn2ccc3c(Cl)nc(N)nc32)c(C)c1Cl,1,0,0,0,0,0,0
HSP90alpha,P07900,ensemble,117,1.4616401672363282,1.7175303145,O=c1[nH]nc(-c2cc(Br)c(O)cc2O)n1-c1ccccc1F,Brc1c(O)cc(O)c(C=2N(c3c(F)cccc3)C(=O)NN=2)c1,1,0,0,0,0,0,0
HSP90alpha,P07900,ensemble,118,1.3985352754592895,1.497572885,Cc1cccc(Cc2n[nH]c3cc(O)c(C(=O)N(C)c4ccc(F)cc4)cc23)c1,Cc1cccc(Cc2n[nH]c3cc(O)c(C(=O)N(C)c4ccc(F)cc4)cc23)c1,1,0,0,0,0,0,0
HSP90alpha,P07900,ensemble,119,1.3893858432769775,1.480172006,C#CCCCn1c(Cc2cc(OC)c(OC)c(OC)c2Cl)nc2c(N)nc(F)nc21,C#CCCCn1c(Cc2cc(OC)c(OC)c(OC)c2Cl)nc2c(N)nc(F)nc21,1,0,0,0,0,0,0
HSP90alpha,P07900,ensemble,120,1.3885498762130737,1.759679789,Cc1cccc(Cc2n[nH]c3cc(O)c(C(=O)N(C)Cc4ccc(Cl)cc4)cc23)c1,Cc1cccc(Cc2n[nH]c3cc(O)c(C(=O)N(C)Cc4ccc(Cl)cc4)cc23)c1,0,0,0,0,0,0,0
HSP90alpha,P07900,ensemble,121,1.3317639827728271,1.4710833,Oc1ccc(-c2ccnn2-c2ccccc2Cl)c(O)c1,Clc1c(-n2c(-c3c(O)cc(O)cc3)ccn2)cccc1,1,0,0,0,0,0,0
HSP90alpha,P07900,ensemble,122,1.291441011428833,1.433165,CC1CC2OC2C=CC=CC(=O)Cc2c(Cl)c(O)cc(O)c2C(=O)O1,Clc1c(O)cc(O)c2C(=O)OC(C)CC3OC3C=CC=CC(=O)Cc12,1,0,0,0,0,0,0
HSP90alpha,P07900,ensemble,123,1.2035333395004273,1.31398316,CN(Cc1ccc(Cl)cc1)C(=O)c1cc2c(Cc3ccccc3)n[nH]c2cc1O,CN(Cc1ccc(Cl)cc1)C(=O)c2cc3c(Cc4ccccc4)n[nH]c3cc2O,1,0,0,0,0,0,0
HSP90alpha,P07900,ensemble,124,1.1336026668548584,1.1979621315,CCc1cc(-c2n[nH]c(C)c2-c2ccccc2F)c(O)cc1O,CCc1cc(-c2n[nH]c(C)c2-c2ccccc2F)c(O)cc1O,1,0,0,0,0,0,0
HSP90alpha,P07900,ensemble,125,0.9992633700370789,0.962573502,COc1ccc(-c2c(C#N)c(N)nc3sc(C(N)=O)c(N)c23)cc1OCCCC(=O)[O-],O=C([O-])CCCOc1c(OC)ccc(-c2c(C#N)c(N)nc3sc(C(=O)N)c(N)c23)c1,0,0,0,0,0,0,0
HSP90alpha,P07900,ensemble,126,0.9957787871360779,1.1496449,COc1ccc(-c2c(C#N)c(N)nc3sc(C(=O)Nc4ccc(F)cc4)c(N)c23)cc1OC,Fc1ccc(NC(=O)c2c(N)c3c(c(C#N)c(N)nc3s2)-c2cc(OC)c(OC)cc2)cc1,1,0,0,0,0,0,0
HSP90alpha,P07900,ensemble,127,0.9676015853881836,1.06913968,Oc1ccc(-c2nocc2-c2ccccc2)c(O)c1,Oc1c(-c2c(-c3ccccc3)con2)ccc(O)c1,1,0,0,0,0,0,0
HSP90alpha,P07900,ensemble,128,0.9606706500053406,1.05479,Cc1ccc2nc(N)nc(C(=O)N3Cc4ccc(Br)cc4C3)c2c1,Brc1cc2c(cc1)CN(C(=O)c1nc(N)nc3c1cc(C)cc3)C2,1,0,0,0,0,0,0
HSP90alpha,P07900,ensemble,129,0.9429856061935424,0.94923371,COc1ccc(-c2c(C#N)c(N)nc3sc(C(=O)Nc4ccc(Br)cc4)c(N)c23)cc1OC,Brc1ccc(NC(=O)c2c(N)c3c(c(C#N)c(N)nc3s2)-c2cc(OC)c(OC)cc2)cc1,0,0,0,0,0,0,0
HSP90alpha,P07900,ensemble,130,0.8885588765144348,1.0299766085,CCc1ccccc1-n1c(-c2ccc(O)cc2O)n[nH]c1=O,CCc1ccccc1-n1c(-c2ccc(O)cc2O)n[nH]c1=O,1,0,0,0,0,0,0
HSP90alpha,P07900,ensemble,131,0.869430947303772,0.962573502,COc1ccc(-c2c(C#N)c(N)nc3sc(C(N)=O)c(N)c23)cc1OCCCC(=O)O,COc1ccc(-c2c(C#N)c(N)nc3sc(C(N)=O)c(N)c23)cc1OCCCC(=O)O,1,0,0,0,0,0,0
HSP90alpha,P07900,ensemble,132,0.8433974146842956,0.937538223,Cc1ccccc1-n1c(-c2ccc(O)cc2O)n[nH]c1=O,Cc1ccccc1-n1c(-c2ccc(O)cc2O)n[nH]c1=O,1,0,0,0,0,0,0
HSP90alpha,P07900,ensemble,133,0.8387849926948547,0.954677021,Oc1ccc(-c2n[nH]c(=S)n2-c2ccccc2F)c(O)c1,S=C1N(c2c(F)cccc2)C(c2c(O)cc(O)cc2)=NN1,1,0,0,0,0,0,0
HSP90alpha,P07900,ensemble,134,0.713731300830841,0.698970004,CSc1nc(-c2ccc(F)cc2C)c2c(C#N)c[nH]c2n1,S(C)c1nc(-c2c(C)cc(F)cc2)c2c(C#N)c[nH]c2n1,1,0,0,0,0,0,0
HSP90alpha,P07900,ensemble,135,0.7075667977333069,0.8274355885,O=c1[nH]nc(-c2ccc(O)cc2O)n1-c1ccccc1Cl,Clc1c(N2C(c3c(O)cc(O)cc3)=NNC2=O)cccc1,1,0,0,0,0,0,0
HSP90alpha,P07900,ensemble,136,0.702423369884491,0.7597319015,Oc1cc(O)c(-c2ccnn2-c2ccccc2Cl)cc1CCc1ccccn1,Clc1c(-n2c(-c3c(O)cc(O)c(CCc4ncccc4)c3)ccn2)cccc1,1,0,0,0,0,0,0
HSP90alpha,P07900,ensemble,137,0.6988651037216187,0.367542708,N#Cc1ccc(N2CC[NH+](CCCCc3c[nH]c4cc(O)c(C#N)cc34)CC2)cc1,Oc1c(C#N)cc2c(CCCC[NH+]3CCN(c4ccc(C#N)cc4)CC3)c[nH]c2c1,0,0,0,0,0,0,0
HSP90alpha,P07900,ensemble,138,0.5962387263774872,0.696689976,O=c1[nH]nc(-c2ccc(O)cc2O)n1-c1ccccc1F,Fc1c(N2C(c3c(O)cc(O)cc3)=NNC2=O)cccc1,1,0,0,0,0,0,0
HSP90alpha,P07900,ensemble,139,0.59233358502388,0.6348867174999999,Oc1cc2[nH]nc(Cc3ccccc3)c2cc1-c1ccnn1-c1ccccc1,Oc1c(-c2n(-c3ccccc3)ncc2)cc2c(Cc3ccccc3)n[nH]c2c1,1,0,0,0,0,0,0
HSP90alpha,P07900,ensemble,140,0.5893479228019715,0.68165839,CCOc1ccc2c(c1)CN(C(=O)c1nc(N)nc3ccc(C)cc13)C2,O=C(N1Cc2c(ccc(OCC)c2)C1)c1nc(N)nc2c1cc(C)cc2,1,0,0,0,0,0,0
HSP90alpha,P07900,ensemble,141,0.5074304580688477,0.5948245915,COc1ccc(-c2c(-c3ccc(O)cc3O)n[nH]c2C)cc1,COc1ccc(-c2c(-c3ccc(O)cc3O)n[nH]c2C)cc1,1,0,0,0,0,0,0
HSP90alpha,P07900,ensemble,142,0.49445925951004027,0.58875918,COc1ccc2c(c1)CN(C(=O)c1nc(N)nc3ccc(C)cc13)C2,O=C(N1Cc2c(ccc(OC)c2)C1)c1nc(N)nc2c1cc(C)cc2,1,0,0,0,0,0,0
HSP90alpha,P07900,ensemble,143,0.4939495325088501,0.54752356,CCc1cc(-c2n[nH]c(C)c2-c2ccccc2Cl)c(O)cc1O,Clc1c(-c2c(C)[nH]nc2-c2c(O)cc(O)c(CC)c2)cccc1,1,0,0,0,0,0,0
HSP90alpha,P07900,ensemble,144,0.47024240493774416,0.5543568905,Cc1ccc2nc(N)nc(C(=O)N3Cc4ccccc4C3)c2c1,Cc1ccc2nc(N)nc(C(=O)N3Cc4ccccc4C3)c2c1,1,0,0,0,0,0,0
HSP90alpha,P07900,ensemble,145,0.4364166259765625,0.53790173,CCC(=O)c1n[nH]c2cc(O)c(C(=O)N(C)c3ccc(N4CCOCC4)cc3)cc12,O=C(N(C)c1ccc(N2CCOCC2)cc1)c1c(O)cc2[nH]nc(C(=O)CC)c2c1,1,0,0,0,0,0,0
HSP90alpha,P07900,ensemble,146,0.3756538093090057,0.45284086,CCc1ccc(-c2c(C#N)c(N)nc3sc(C(=O)Nc4ccc5c(c4)OCO5)c(N)c23)cc1,O=C(Nc1cc2OCOc2cc1)c1c(N)c2c(c(C#N)c(N)nc2s1)-c1ccc(CC)cc1,1,0,0,0,0,0,0
HSP90alpha,P07900,ensemble,147,0.37545974254608155,0.42239332,Cc1ccc2nc(N)nc(C(=O)N3Cc4ccc(O)cc4C3)c2c1,O=C(N1Cc2c(ccc(O)c2)C1)c1nc(N)nc2c1cc(C)cc2,1,0,0,0,0,0,0
HSP90alpha,P07900,ensemble,148,0.2615023374557495,0.367542708,N#Cc1ccc(N2CCN(CCCc3c[nH]c4cc(O)c(C#N)cc34)CC2)cc1,N#Cc1ccc(N2CCN(CCCc3c[nH]c4cc(O)c(C#N)cc34)CC2)cc1,1,0,0,0,0,0,0
HSP90alpha,P07900,ensemble,149,0.24786621034145356,0.35127416,CCCc1cc(-c2n[nH]cc2-c2ccc3c(c2)OCCO3)c(O)cc1O,Oc1c(CCC)cc(-c2c(-c3cc4OCCOc4cc3)c[nH]n2)c(O)c1,1,0,0,0,0,0,0
HSP90alpha,P07900,ensemble,150,0.20185316503047943,0.28469321,Oc1cc(O)c(-c2ccnn2-c2ccccc2F)cc1I,Ic1c(O)cc(O)c(-c2n(-c3c(F)cccc3)ncc2)c1,1,0,0,0,0,0,0
HSP90alpha,P07900,ensemble,151,0.19316715151071548,0.258090429,Nc1nc(C(=O)N2Cc3ccccc3C2)c2ccccc2n1,Nc1nc(C(=O)N2Cc3ccccc3C2)c2ccccc2n1,1,0,0,0,0,0,0
HSP90alpha,P07900,ensemble,152,0.18897784054279326,0.2418074885,Nc1nc(C(=O)N2Cc3ccccc3C2)c2cc(O)ccc2n1,Nc1nc(C(=O)N2Cc3ccccc3C2)c2cc(O)ccc2n1,1,0,0,0,0,0,0
HSP90alpha,P07900,ensemble,153,0.18744086921215058,0.256529439,Nc1nc(C(=O)N2Cc3ccc(O)cc3C2)c2ccccc2n1,Nc1nc(C(=O)N2Cc3ccc(O)cc3C2)c2ccccc2n1,1,0,0,0,0,0,0
HSP90alpha,P07900,ensemble,154,0.04902784302830696,0.083546051,Cc1n[nH]c2cc(O)c(-c3ccnn3-c3ccccc3)cc12,Cc1n[nH]c2cc(O)c(-c3ccnn3-c3ccccc3)cc12,1,0,0,0,0,0,0
HSP90alpha,P07900,ensemble,155,0.026412592083215714,0.083546051,Cc1n[nH]c2cc(O)c(-c3ccnn3C3CCCCC3)cc12,Oc1c(-c2n(C3CCCCC3)ncc2)cc2c(C)n[nH]c2c1,1,0,0,0,0,0,0
A2A receptor,P29274,seed_42,1,3.3064286708831787,3.3010299,CCNC(=O)C1OC(n2cnc3c(N)ncnc32)C(O)C1O,O=C(NCC)C1C(O)C(O)C(n2c3ncnc(N)c3nc2)O1,1,1,1,1,0,1,1
A2A receptor,P29274,seed_42,2,3.219226121902466,3.185430275,Nc1nnc(-c2ccc(O)c(Cl)c2)c(-c2ccccc2)n1,Clc1c(O)ccc(-c2c(-c3ccccc3)nc(N)nn2)c1,1,1,1,1,0,0,1
A2A receptor,P29274,seed_42,3,3.187187433242798,3.1760912,CCCCC#Cc1nc(N)c2ncn(C3OC(CO)C(O)C3O)c2n1,OCC1C(O)C(O)C(n2c3nc(C#CCCCC)nc(N)c3nc2)O1,1,1,1,1,0,0,1
A2A receptor,P29274,seed_42,4,3.0994009971618652,3.293370386,Nc1nc(NCCN2CCN(c3ccc(F)cc3F)CC2)nc2nc(-c3ccco3)nn12,Fc1c(N2CCN(CCNC=3N=C(N)n4nc(-c5occc5)nc4N=3)CC2)ccc(F)c1,1,0,1,1,0,0,1
A2A receptor,P29274,seed_42,5,3.0896503925323486,2.8309135,CCCCn1c(=O)c2[nH]c(C34CC5CC(CC3C5)C4)nc2n(CCCO)c1=O,O=C1N(CCCC)C(=O)c2[nH]c(C34C5CC(C3)CC(C4)C5)nc2N1CCCO,1,0,1,1,0,0,0
A2A receptor,P29274,seed_42,6,3.0616261959075928,3.0791812,CCCCC=Cc1nc(N)c2ncn(C3OC(CO)C(O)C3O)c2n1,OCC1C(O)C(O)C(n2c3nc(C=CCCCC)nc(N)c3nc2)O1,1,0,0,1,0,0,1
A2A receptor,P29274,seed_42,7,3.0276904106140137,2.8699999,Cc1cc(-c2nnc(N)nc2-c2ccccc2)cc(C)c1O,Oc1c(C)cc(-c2c(-c3ccccc3)nc(N)nn2)cc1C,1,0,0,1,0,0,0
A2A receptor,P29274,seed_42,8,2.994049072265625,3.0,CCCCC#Cc1nc(N)c2nc(NC)n(C3OC(CO)C(O)C3O)c2n1,OCC1C(O)C(O)C(n2c(NC)nc3c(N)nc(C#CCCCC)nc23)O1,1,0,0,1,0,0,1
A2A receptor,P29274,seed_42,9,2.9674899578094482,4.1760912,CCNC(=O)C1OC(n2cnc3c(NCC(c4ccccc4)c4ccccc4)nc(C(=O)NCCNC(=O)NC4CCN(c5ccccn5)CC4)nc32)C(O)C1O,O=C(NCCNC(=O)c1nc(NCC(c2ccccc2)c2ccccc2)c2ncn(C3C(O)C(O)C(C(=O)NCC)O3)c2n1)NC1CCN(c2ncccc2)CC1,0,0,0,1,1,1,1
A2A receptor,P29274,seed_42,10,2.9462549686431885,3.4771214,CCNC(=O)C1OC(n2cnc3c(N)nc(NCCc4ccc(CCC(=O)O)cc4)nc32)C(O)C1O,O=C(O)CCc1ccc(CCNc2nc(N)c3ncn(C4C(O)C(O)C(C(=O)NCC)O4)c3n2)cc1,0,0,0,1,1,1,1
A2A receptor,P29274,seed_42,11,2.870290994644165,2.8239088,CCCCC#Cc1nc(N)c2ncn(C3OC(CSC)C(O)C3O)c2n1,S(CC1C(O)C(O)C(n2c3nc(C#CCCCC)nc(N)c3nc2)O1)C,1,0,0,0,0,0,0
A2A receptor,P29274,seed_42,12,2.622935175895691,4.3012811630000005,Nc1nc(NCC[NH+]2CCN(c3ccc(F)cc3F)CC2)nc2nc(-c3ccco3)nn12,Fc1c(N2CC[NH+](CCNC=3N=C(N)n4nc(-c5occc5)nc4N=3)CC2)ccc(F)c1,0,0,0,0,1,1,1
A2A receptor,P29274,seed_42,13,2.608440399169922,2.9208188,Nc1nc2ccc(Cl)cc2c2nc(-c3ccco3)nn12,Clc1cc2-c3n(C(N)=Nc2cc1)nc(-c1occc1)n3,1,0,0,0,0,0,0
A2A receptor,P29274,seed_42,14,2.5189881324768066,2.4300001,Cc1cc(-c2nnc(N)nc2-c2ccccc2)cc(C(F)(F)F)n1,FC(F)(F)c1nc(C)cc(-c2c(-c3ccccc3)nc(N)nn2)c1,1,0,0,0,0,0,0
A2A receptor,P29274,seed_42,15,2.5034687519073486,2.505000433,COc1ccc(CCCn2ncc3c2nc(N)n2nc(-c4ccco4)nc32)cc1,O(C)c1ccc(CCCn2ncc3-c4n(C(N)=Nc23)nc(-c2occc2)n4)cc1,1,0,0,0,0,0,0
A2A receptor,P29274,seed_42,16,2.290428400039673,1.9523358,CCCn1c(=O)c2nc(-c3ccc(OCC(=O)Nc4ccc(C#N)cc4)cc3)[nH]c2n(CCC)c1=O,O=C(Nc1ccc(C#N)cc1)COc1ccc(-c2[nH]c3N(CCC)C(=O)N(CCC)C(=O)c3n2)cc1,1,0,0,0,0,0,0
A2A receptor,P29274,seed_42,17,2.2888858318328857,1.9400001,Cc1cc(-c2nnc(N)nc2-c2ccccc2)cc(C)n1,Nc1nc(c(-c2cc(C)nc(C)c2)nn1)-c1ccccc1,1,0,0,0,0,0,0
A2A receptor,P29274,seed_42,18,2.241773843765259,0.113509275,CCN(CC)C(=O)C1C=C2c3cccc4[nH]cc(c34)CC2[NH+](C)C1,O=C(N(CC)CC)C1C=C2c3c4c([nH]cc4CC2[NH+](C)C1)ccc3,0,0,0,0,0,0,0
A2A receptor,P29274,seed_42,19,2.222266435623169,1.735941433,CCCn1c(=O)c2nc(C34CC5CC(CC3C5)C4)[nH]c2n(CCC)c1=O,O=C1N(CCC)C(=O)c2nc(C34C5CC(C3)CC(C4)C5)[nH]c2N1CCC,1,0,0,0,0,0,0
A2A receptor,P29274,seed_42,20,2.2129993438720703,2.4164233,N#Cc1c(N)nc(SCc2ncc[nH]2)c(C#N)c1-c1ccc(O)cc1,S(Cc1[nH]ccn1)c1c(C#N)c(c(C#N)c(N)n1)-c1ccc(O)cc1,1,0,0,0,0,0,0
A2A receptor,P29274,seed_42,21,2.1630125045776367,1.940160733,CCCn1c(=O)c2[nH]c(-c3ccc(OCC(=O)NCCN)cc3)nc2n(CCC)c1=O,O=C(NCCN)COc1ccc(-c2[nH]c3C(=O)N(CCC)C(=O)N(CCC)c3n2)cc1,1,0,0,0,0,0,0
A2A receptor,P29274,seed_42,22,2.1330039501190186,2.3157532,N#Cc1c(N)nc(SCc2ncc[nH]2)c(C#N)c1-c1cccc(O)c1,S(Cc1[nH]ccn1)c1c(C#N)c(c(C#N)c(N)n1)-c1cc(O)ccc1,1,0,0,0,0,0,0
A2A receptor,P29274,seed_42,23,2.1145880222320557,1.641875367,CCCn1c(=O)c2[nH]c(C3CCCC3)nc2n(CCC)c1=O,O=C1N(CCC)C(=O)c2[nH]c(C3CCCC3)nc2N1CCC,1,0,0,0,0,0,0
A2A receptor,P29274,seed_42,24,2.0902931690216064,2.051607683,Nc1nc2c(cnn2CCc2ccccc2)c2nc(-c3ccco3)nn12,NC=1n2nc(-c3occc3)nc2-c2c(n(CCc3ccccc3)nc2)N=1,1,0,0,0,0,0,0
A2A receptor,P29274,seed_42,25,2.0266754627227783,1.702786133,CCCn1c(=O)n(CC)c(=O)c2[nH]c(-c3ccc(OCC(=O)NCCN)cc3)nc21,O=C(NCCN)COc1ccc(-c2[nH]c3C(=O)N(CC)C(=O)N(CCC)c3n2)cc1,1,0,0,0,0,0,0
A2A receptor,P29274,seed_42,26,1.88931405544281,1.4461169,CC1CCC(Nc2nc(-c3ccccc3)nc3[nH]ccc23)CC1,N(c1nc(-c2ccccc2)nc2[nH]ccc12)C1CCC(C)CC1,1,0,0,0,0,0,0
A2A receptor,P29274,seed_42,27,1.7387079000473022,1.61,Nc1nnc(-c2cc(Cl)cc(Cl)c2)c(-c2ccccc2)n1,Clc1cc(Cl)cc(-c2c(-c3ccccc3)nc(N)nn2)c1,1,0,0,0,0,0,0
A2A receptor,P29274,seed_42,28,1.6782071590423584,2.9178979505,Nc1nc(NCCC[NH+]2CCN(c3ccccc3)CC2)nc2nc(-c3ccco3)nn12,N(CCC[NH+]1CCN(c2ccccc2)CC1)C=1N=C(N)n2nc(-c3occc3)nc2N=1,0,0,0,0,0,0,0
A2A receptor,P29274,seed_42,29,1.623008668422699,3.3632142505,Nc1nc(NCCc2ccc(O)cc2)nc2nc(-c3ccco3)nn12,Oc1ccc(CCNC=2N=C(N)n3nc(-c4occc4)nc3N=2)cc1,1,0,0,0,0,1,1
A2A receptor,P29274,seed_42,30,1.5726957321166992,1.520987917,Nc1nc(NCCCN2CCN(c3ccccc3)CC2)nc2nc(-c3ccco3)nn12,N(CCCN1CCN(c2ccccc2)CC1)C=1N=C(N)n2nc(-c3occc3)nc2N=1,1,0,0,0,0,0,0
A2A receptor,P29274,seed_42,31,1.5396016836166382,2.09758975,N#Cc1c(N)nc(SCc2ncc[nH]2)c(C#N)c1-c1ccccc1,S(Cc1[nH]ccn1)c1c(C#N)c(c(C#N)c(N)n1)-c1ccccc1,1,0,0,0,0,0,0
A2A receptor,P29274,seed_42,32,1.5039727091789246,2.5838381705,C[NH+]1CC[NH+](CCNc2nc(N)n3nc(-c4ccco4)nc3n2)CC1,N(CC[NH+]1CC[NH+](C)CC1)C=1N=C(N)n2nc(-c3occc3)nc2N=1,0,0,0,0,0,0,0
A2A receptor,P29274,seed_42,33,1.4723626375198364,1.39,Cc1cc(-c2nnc(N)nc2-c2ccc(F)cc2)cc(C(F)(F)F)n1,FC(F)(F)c1nc(C)cc(-c2c(-c3ccc(F)cc3)nc(N)nn2)c1,1,0,0,0,0,0,0
A2A receptor,P29274,seed_42,34,1.4332751035690308,1.37,Cc1cc(-c2nnc(N)nc2-c2cccc(F)c2)cc(C)n1,Fc1cc(-c2c(-c3cc(C)nc(C)c3)nnc(N)n2)ccc1,1,0,0,0,0,0,0
A2A receptor,P29274,seed_42,35,1.4257515668869019,1.423971027,Nc1nc(NCCN2CCC(c3ccccc3)CC2)nc2nc(-c3ccco3)nn12,N(CCN1CCC(c2ccccc2)CC1)C=1N=C(N)n2nc(-c3occc3)nc2N=1,1,0,0,0,0,0,0
A2A receptor,P29274,seed_42,36,1.2970731854438782,2.816135727,Nc1nc(NCC[NH+]2CCC(c3ccccc3)CC2)nc2nc(-c3ccco3)nn12,N(CC[NH+]1CCC(c2ccccc2)CC1)C=1N=C(N)n2nc(-c3occc3)nc2N=1,0,0,0,0,0,0,0
A2A receptor,P29274,seed_42,37,1.1854231357574463,1.15118723,CN1CCN(CCNc2nc(N)n3nc(-c4ccco4)nc3n2)CC1,N(CCN1CCN(C)CC1)C=1N=C(N)n2nc(-c3occc3)nc2N=1,1,0,0,0,0,0,0
A2A receptor,P29274,seed_42,38,1.1199203729629517,1.05,Cc1cc(-c2nnc(N)nc2-c2cc(F)cc(F)c2)cc(C)n1,Fc1cc(F)cc(-c2c(-c3cc(C)nc(C)c3)nnc(N)n2)c1,1,0,0,0,0,0,0
A2A receptor,P29274,seed_42,39,1.0450199842453003,0.94,Cc1cc(-c2nnc(N)nc2-c2ccc(F)cc2)cc(C)n1,Fc1ccc(-c2c(-c3cc(C)nc(C)c3)nnc(N)n2)cc1,1,0,0,0,0,0,0
A2A receptor,P29274,seed_42,40,0.8562164902687073,0.76999998,Nc1nnc(-c2cccc(Cl)c2)c(-c2ccccc2)n1,Clc1cc(-c2c(-c3ccccc3)nc(N)nn2)ccc1,1,0,0,0,0,0,0
A2A receptor,P29274,seed_142,1,3.352205276489258,3.293370386,Nc1nc(NCCN2CCN(c3ccc(F)cc3F)CC2)nc2nc(-c3ccco3)nn12,Fc1c(N2CCN(CCNC=3N=C(N)n4nc(-c5occc5)nc4N=3)CC2)ccc(F)c1,1,1,1,1,0,0,1
A2A receptor,P29274,seed_142,2,3.262786865234375,3.3010299,CCNC(=O)C1OC(n2cnc3c(N)ncnc32)C(O)C1O,O=C(NCC)C1C(O)C(O)C(n2c3ncnc(N)c3nc2)O1,1,1,1,1,0,1,1
A2A receptor,P29274,seed_142,3,3.2144625186920166,2.8309135,CCCCn1c(=O)c2[nH]c(C34CC5CC(CC3C5)C4)nc2n(CCCO)c1=O,O=C1N(CCCC)C(=O)c2[nH]c(C34C5CC(C3)CC(C4)C5)nc2N1CCCO,1,1,1,1,0,0,0
A2A receptor,P29274,seed_142,4,3.1229183673858643,3.185430275,Nc1nnc(-c2ccc(O)c(Cl)c2)c(-c2ccccc2)n1,Clc1c(O)ccc(-c2c(-c3ccccc3)nc(N)nn2)c1,1,0,1,1,0,0,1
A2A receptor,P29274,seed_142,5,3.0014073848724365,3.1760912,CCCCC#Cc1nc(N)c2ncn(C3OC(CO)C(O)C3O)c2n1,OCC1C(O)C(O)C(n2c3nc(C#CCCCC)nc(N)c3nc2)O1,1,0,1,1,0,0,1
A2A receptor,P29274,seed_142,6,2.9056687355041504,4.1760912,CCNC(=O)C1OC(n2cnc3c(NCC(c4ccccc4)c4ccccc4)nc(C(=O)NCCNC(=O)NC4CCN(c5ccccn5)CC4)nc32)C(O)C1O,O=C(NCCNC(=O)c1nc(NCC(c2ccccc2)c2ccccc2)c2ncn(C3C(O)C(O)C(C(=O)NCC)O3)c2n1)NC1CCN(c2ncccc2)CC1,0,0,0,1,1,1,1
A2A receptor,P29274,seed_142,7,2.901871681213379,3.0791812,CCCCC=Cc1nc(N)c2ncn(C3OC(CO)C(O)C3O)c2n1,OCC1C(O)C(O)C(n2c3nc(C=CCCCC)nc(N)c3nc2)O1,1,0,0,1,0,0,1
A2A receptor,P29274,seed_142,8,2.896087408065796,3.0,CCCCC#Cc1nc(N)c2nc(NC)n(C3OC(CO)C(O)C3O)c2n1,OCC1C(O)C(O)C(n2c(NC)nc3c(N)nc(C#CCCCC)nc23)O1,1,0,0,1,0,0,1
A2A receptor,P29274,seed_142,9,2.8577206134796143,2.8699999,Cc1cc(-c2nnc(N)nc2-c2ccccc2)cc(C)c1O,Oc1c(C)cc(-c2c(-c3ccccc3)nc(N)nn2)cc1C,1,0,0,1,0,0,0
A2A receptor,P29274,seed_142,10,2.736290454864502,2.8239088,CCCCC#Cc1nc(N)c2ncn(C3OC(CSC)C(O)C3O)c2n1,S(CC1C(O)C(O)C(n2c3nc(C#CCCCC)nc(N)c3nc2)O1)C,1,0,0,1,0,0,0
A2A receptor,P29274,seed_142,11,2.6683237552642822,3.4771214,CCNC(=O)C1OC(n2cnc3c(N)nc(NCCc4ccc(CCC(=O)O)cc4)nc32)C(O)C1O,O=C(O)CCc1ccc(CCNc2nc(N)c3ncn(C4C(O)C(O)C(C(=O)NCC)O4)c3n2)cc1,0,0,0,0,1,1,1
A2A receptor,P29274,seed_142,12,2.505373239517212,2.9208188,Nc1nc2ccc(Cl)cc2c2nc(-c3ccco3)nn12,Clc1cc2-c3n(C(N)=Nc2cc1)nc(-c1occc1)n3,1,0,0,0,0,0,0
A2A receptor,P29274,seed_142,13,2.419823408126831,1.735941433,CCCn1c(=O)c2nc(C34CC5CC(CC3C5)C4)[nH]c2n(CCC)c1=O,O=C1N(CCC)C(=O)c2nc(C34C5CC(C3)CC(C4)C5)[nH]c2N1CCC,1,0,0,0,0,0,0
A2A receptor,P29274,seed_142,14,2.406867206096649,4.3012811630000005,Nc1nc(NCC[NH+]2CCN(c3ccc(F)cc3F)CC2)nc2nc(-c3ccco3)nn12,Fc1c(N2CC[NH+](CCNC=3N=C(N)n4nc(-c5occc5)nc4N=3)CC2)ccc(F)c1,0,0,0,0,1,1,1
A2A receptor,P29274,seed_142,15,2.3956596851348877,2.4300001,Cc1cc(-c2nnc(N)nc2-c2ccccc2)cc(C(F)(F)F)n1,FC(F)(F)c1nc(C)cc(-c2c(-c3ccccc3)nc(N)nn2)c1,1,0,0,0,0,0,0
A2A receptor,P29274,seed_142,16,2.2864558696746826,2.505000433,COc1ccc(CCCn2ncc3c2nc(N)n2nc(-c4ccco4)nc32)cc1,O(C)c1ccc(CCCn2ncc3-c4n(C(N)=Nc23)nc(-c2occc2)n4)cc1,1,0,0,0,0,0,0
A2A receptor,P29274,seed_142,17,2.2755091190338135,2.3157532,N#Cc1c(N)nc(SCc2ncc[nH]2)c(C#N)c1-c1cccc(O)c1,S(Cc1[nH]ccn1)c1c(C#N)c(c(C#N)c(N)n1)-c1cc(O)ccc1,1,0,0,0,0,0,0
A2A receptor,P29274,seed_142,18,2.1674082279205322,2.4164233,N#Cc1c(N)nc(SCc2ncc[nH]2)c(C#N)c1-c1ccc(O)cc1,S(Cc1[nH]ccn1)c1c(C#N)c(c(C#N)c(N)n1)-c1ccc(O)cc1,1,0,0,0,0,0,0
A2A receptor,P29274,seed_142,19,2.1505348682403564,1.9523358,CCCn1c(=O)c2nc(-c3ccc(OCC(=O)Nc4ccc(C#N)cc4)cc3)[nH]c2n(CCC)c1=O,O=C(Nc1ccc(C#N)cc1)COc1ccc(-c2[nH]c3N(CCC)C(=O)N(CCC)C(=O)c3n2)cc1,1,0,0,0,0,0,0
A2A receptor,P29274,seed_142,20,2.0713114738464355,0.113509275,CCN(CC)C(=O)C1C=C2c3cccc4[nH]cc(c34)CC2[NH+](C)C1,O=C(N(CC)CC)C1C=C2c3c4c([nH]cc4CC2[NH+](C)C1)ccc3,0,0,0,0,0,0,0
A2A receptor,P29274,seed_142,21,2.00492000579834,1.641875367,CCCn1c(=O)c2[nH]c(C3CCCC3)nc2n(CCC)c1=O,O=C1N(CCC)C(=O)c2[nH]c(C3CCCC3)nc2N1CCC,1,0,0,0,0,0,0
A2A receptor,P29274,seed_142,22,2.003657341003418,1.940160733,CCCn1c(=O)c2[nH]c(-c3ccc(OCC(=O)NCCN)cc3)nc2n(CCC)c1=O,O=C(NCCN)COc1ccc(-c2[nH]c3C(=O)N(CCC)C(=O)N(CCC)c3n2)cc1,1,0,0,0,0,0,0
A2A receptor,P29274,seed_142,23,1.9968104362487793,1.9400001,Cc1cc(-c2nnc(N)nc2-c2ccccc2)cc(C)n1,Nc1nc(c(-c2cc(C)nc(C)c2)nn1)-c1ccccc1,1,0,0,0,0,0,0
A2A receptor,P29274,seed_142,24,1.9946836233139038,1.4461169,CC1CCC(Nc2nc(-c3ccccc3)nc3[nH]ccc23)CC1,N(c1nc(-c2ccccc2)nc2[nH]ccc12)C1CCC(C)CC1,1,0,0,0,0,0,0
A2A receptor,P29274,seed_142,25,1.9614837169647217,2.051607683,Nc1nc2c(cnn2CCc2ccccc2)c2nc(-c3ccco3)nn12,NC=1n2nc(-c3occc3)nc2-c2c(n(CCc3ccccc3)nc2)N=1,1,0,0,0,0,0,0
A2A receptor,P29274,seed_142,26,1.884324550628662,1.702786133,CCCn1c(=O)n(CC)c(=O)c2[nH]c(-c3ccc(OCC(=O)NCCN)cc3)nc21,O=C(NCCN)COc1ccc(-c2[nH]c3C(=O)N(CC)C(=O)N(CCC)c3n2)cc1,1,0,0,0,0,0,0
A2A receptor,P29274,seed_142,27,1.6515257358551025,1.61,Nc1nnc(-c2cc(Cl)cc(Cl)c2)c(-c2ccccc2)n1,Clc1cc(Cl)cc(-c2c(-c3ccccc3)nc(N)nn2)c1,1,0,0,0,0,0,0
A2A receptor,P29274,seed_142,28,1.5032877922058105,2.09758975,N#Cc1c(N)nc(SCc2ncc[nH]2)c(C#N)c1-c1ccccc1,S(Cc1[nH]ccn1)c1c(C#N)c(c(C#N)c(N)n1)-c1ccccc1,1,0,0,0,0,0,0
A2A receptor,P29274,seed_142,29,1.4504172801971436,1.39,Cc1cc(-c2nnc(N)nc2-c2ccc(F)cc2)cc(C(F)(F)F)n1,FC(F)(F)c1nc(C)cc(-c2c(-c3ccc(F)cc3)nc(N)nn2)c1,1,0,0,0,0,0,0
A2A receptor,P29274,seed_142,30,1.4366403818130493,3.3632142505,Nc1nc(NCCc2ccc(O)cc2)nc2nc(-c3ccco3)nn12,Oc1ccc(CCNC=2N=C(N)n3nc(-c4occc4)nc3N=2)cc1,1,0,0,0,0,1,1
A2A receptor,P29274,seed_142,31,1.4309537410736084,1.423971027,Nc1nc(NCCN2CCC(c3ccccc3)CC2)nc2nc(-c3ccco3)nn12,N(CCN1CCC(c2ccccc2)CC1)C=1N=C(N)n2nc(-c3occc3)nc2N=1,1,0,0,0,0,0,0
A2A receptor,P29274,seed_142,32,1.411942720413208,1.520987917,Nc1nc(NCCCN2CCN(c3ccccc3)CC2)nc2nc(-c3ccco3)nn12,N(CCCN1CCN(c2ccccc2)CC1)C=1N=C(N)n2nc(-c3occc3)nc2N=1,1,0,0,0,0,0,0
A2A receptor,P29274,seed_142,33,1.411177158355713,1.37,Cc1cc(-c2nnc(N)nc2-c2cccc(F)c2)cc(C)n1,Fc1cc(-c2c(-c3cc(C)nc(C)c3)nnc(N)n2)ccc1,1,0,0,0,0,0,0
A2A receptor,P29274,seed_142,34,1.382278323173523,2.9178979505,Nc1nc(NCCC[NH+]2CCN(c3ccccc3)CC2)nc2nc(-c3ccco3)nn12,N(CCC[NH+]1CCN(c2ccccc2)CC1)C=1N=C(N)n2nc(-c3occc3)nc2N=1,0,0,0,0,0,0,0
A2A receptor,P29274,seed_142,35,1.2884541749954224,2.5838381705,C[NH+]1CC[NH+](CCNc2nc(N)n3nc(-c4ccco4)nc3n2)CC1,N(CC[NH+]1CC[NH+](C)CC1)C=1N=C(N)n2nc(-c3occc3)nc2N=1,0,0,0,0,0,0,0
A2A receptor,P29274,seed_142,36,1.231028139591217,2.816135727,Nc1nc(NCC[NH+]2CCC(c3ccccc3)CC2)nc2nc(-c3ccco3)nn12,N(CC[NH+]1CCC(c2ccccc2)CC1)C=1N=C(N)n2nc(-c3occc3)nc2N=1,0,0,0,0,0,0,0
A2A receptor,P29274,seed_142,37,1.1564912796020508,1.05,Cc1cc(-c2nnc(N)nc2-c2cc(F)cc(F)c2)cc(C)n1,Fc1cc(F)cc(-c2c(-c3cc(C)nc(C)c3)nnc(N)n2)c1,1,0,0,0,0,0,0
A2A receptor,P29274,seed_142,38,1.0671663284301758,1.15118723,CN1CCN(CCNc2nc(N)n3nc(-c4ccco4)nc3n2)CC1,N(CCN1CCN(C)CC1)C=1N=C(N)n2nc(-c3occc3)nc2N=1,1,0,0,0,0,0,0
A2A receptor,P29274,seed_142,39,1.063645362854004,0.94,Cc1cc(-c2nnc(N)nc2-c2ccc(F)cc2)cc(C)n1,Fc1ccc(-c2c(-c3cc(C)nc(C)c3)nnc(N)n2)cc1,1,0,0,0,0,0,0
A2A receptor,P29274,seed_142,40,0.8933041095733643,0.76999998,Nc1nnc(-c2cccc(Cl)c2)c(-c2ccccc2)n1,Clc1cc(-c2c(-c3ccccc3)nc(N)nn2)ccc1,1,0,0,0,0,0,0
A2A receptor,P29274,seed_242,1,3.4119341373443604,3.3010299,CCNC(=O)C1OC(n2cnc3c(N)ncnc32)C(O)C1O,O=C(NCC)C1C(O)C(O)C(n2c3ncnc(N)c3nc2)O1,1,1,1,1,0,1,1
A2A receptor,P29274,seed_242,2,3.329636335372925,2.8309135,CCCCn1c(=O)c2[nH]c(C34CC5CC(CC3C5)C4)nc2n(CCCO)c1=O,O=C1N(CCCC)C(=O)c2[nH]c(C34C5CC(C3)CC(C4)C5)nc2N1CCCO,1,1,1,1,0,0,0
A2A receptor,P29274,seed_242,3,3.1305344104766846,3.1760912,CCCCC#Cc1nc(N)c2ncn(C3OC(CO)C(O)C3O)c2n1,OCC1C(O)C(O)C(n2c3nc(C#CCCCC)nc(N)c3nc2)O1,1,1,1,1,0,0,1
A2A receptor,P29274,seed_242,4,3.113945245742798,3.185430275,Nc1nnc(-c2ccc(O)c(Cl)c2)c(-c2ccccc2)n1,Clc1c(O)ccc(-c2c(-c3ccccc3)nc(N)nn2)c1,1,0,1,1,0,0,1
A2A receptor,P29274,seed_242,5,3.089730739593506,3.0791812,CCCCC=Cc1nc(N)c2ncn(C3OC(CO)C(O)C3O)c2n1,OCC1C(O)C(O)C(n2c3nc(C=CCCCC)nc(N)c3nc2)O1,1,0,1,1,0,0,1
A2A receptor,P29274,seed_242,6,3.060471773147583,2.8699999,Cc1cc(-c2nnc(N)nc2-c2ccccc2)cc(C)c1O,Oc1c(C)cc(-c2c(-c3ccccc3)nc(N)nn2)cc1C,1,0,0,1,0,0,0
A2A receptor,P29274,seed_242,7,3.0219640731811523,4.1760912,CCNC(=O)C1OC(n2cnc3c(NCC(c4ccccc4)c4ccccc4)nc(C(=O)NCCNC(=O)NC4CCN(c5ccccn5)CC4)nc32)C(O)C1O,O=C(NCCNC(=O)c1nc(NCC(c2ccccc2)c2ccccc2)c2ncn(C3C(O)C(O)C(C(=O)NCC)O3)c2n1)NC1CCN(c2ncccc2)CC1,0,0,0,1,1,1,1
A2A receptor,P29274,seed_242,8,3.007845878601074,3.0,CCCCC#Cc1nc(N)c2nc(NC)n(C3OC(CO)C(O)C3O)c2n1,OCC1C(O)C(O)C(n2c(NC)nc3c(N)nc(C#CCCCC)nc23)O1,1,0,0,1,0,0,1
A2A receptor,P29274,seed_242,9,2.978388786315918,3.4771214,CCNC(=O)C1OC(n2cnc3c(N)nc(NCCc4ccc(CCC(=O)O)cc4)nc32)C(O)C1O,O=C(O)CCc1ccc(CCNc2nc(N)c3ncn(C4C(O)C(O)C(C(=O)NCC)O4)c3n2)cc1,0,0,0,1,1,1,1
A2A receptor,P29274,seed_242,10,2.939438581466675,3.293370386,Nc1nc(NCCN2CCN(c3ccc(F)cc3F)CC2)nc2nc(-c3ccco3)nn12,Fc1c(N2CCN(CCNC=3N=C(N)n4nc(-c5occc5)nc4N=3)CC2)ccc(F)c1,1,0,0,1,0,0,1
A2A receptor,P29274,seed_242,11,2.845041036605835,2.8239088,CCCCC#Cc1nc(N)c2ncn(C3OC(CSC)C(O)C3O)c2n1,S(CC1C(O)C(O)C(n2c3nc(C#CCCCC)nc(N)c3nc2)O1)C,1,0,0,0,0,0,0
A2A receptor,P29274,seed_242,12,2.5189802646636963,2.4300001,Cc1cc(-c2nnc(N)nc2-c2ccccc2)cc(C(F)(F)F)n1,FC(F)(F)c1nc(C)cc(-c2c(-c3ccccc3)nc(N)nn2)c1,1,0,0,0,0,0,0
A2A receptor,P29274,seed_242,13,2.4874823093414307,1.735941433,CCCn1c(=O)c2nc(C34CC5CC(CC3C5)C4)[nH]c2n(CCC)c1=O,O=C1N(CCC)C(=O)c2nc(C34C5CC(C3)CC(C4)C5)[nH]c2N1CCC,1,0,0,0,0,0,0
A2A receptor,P29274,seed_242,14,2.367130994796753,1.641875367,CCCn1c(=O)c2[nH]c(C3CCCC3)nc2n(CCC)c1=O,O=C1N(CCC)C(=O)c2[nH]c(C3CCCC3)nc2N1CCC,1,0,0,0,0,0,0
A2A receptor,P29274,seed_242,15,2.319298505783081,0.113509275,CCN(CC)C(=O)C1C=C2c3cccc4[nH]cc(c34)CC2[NH+](C)C1,O=C(N(CC)CC)C1C=C2c3c4c([nH]cc4CC2[NH+](C)C1)ccc3,0,0,0,0,0,0,0
A2A receptor,P29274,seed_242,16,2.3064143657684326,1.9523358,CCCn1c(=O)c2nc(-c3ccc(OCC(=O)Nc4ccc(C#N)cc4)cc3)[nH]c2n(CCC)c1=O,O=C(Nc1ccc(C#N)cc1)COc1ccc(-c2[nH]c3N(CCC)C(=O)N(CCC)C(=O)c3n2)cc1,1,0,0,0,0,0,0
A2A receptor,P29274,seed_242,17,2.2838497161865234,2.505000433,COc1ccc(CCCn2ncc3c2nc(N)n2nc(-c4ccco4)nc32)cc1,O(C)c1ccc(CCCn2ncc3-c4n(C(N)=Nc23)nc(-c2occc2)n4)cc1,1,0,0,0,0,0,0
A2A receptor,P29274,seed_242,18,2.2654411792755127,2.9208188,Nc1nc2ccc(Cl)cc2c2nc(-c3ccco3)nn12,Clc1cc2-c3n(C(N)=Nc2cc1)nc(-c1occc1)n3,1,0,0,0,0,0,0
A2A receptor,P29274,seed_242,19,2.19676011800766,4.3012811630000005,Nc1nc(NCC[NH+]2CCN(c3ccc(F)cc3F)CC2)nc2nc(-c3ccco3)nn12,Fc1c(N2CC[NH+](CCNC=3N=C(N)n4nc(-c5occc5)nc4N=3)CC2)ccc(F)c1,0,0,0,0,1,1,1
A2A receptor,P29274,seed_242,20,2.1491520404815674,1.4461169,CC1CCC(Nc2nc(-c3ccccc3)nc3[nH]ccc23)CC1,N(c1nc(-c2ccccc2)nc2[nH]ccc12)C1CCC(C)CC1,1,0,0,0,0,0,0
A2A receptor,P29274,seed_242,21,2.12729811668396,1.9400001,Cc1cc(-c2nnc(N)nc2-c2ccccc2)cc(C)n1,Nc1nc(c(-c2cc(C)nc(C)c2)nn1)-c1ccccc1,1,0,0,0,0,0,0
A2A receptor,P29274,seed_242,22,2.0022389888763428,2.3157532,N#Cc1c(N)nc(SCc2ncc[nH]2)c(C#N)c1-c1cccc(O)c1,S(Cc1[nH]ccn1)c1c(C#N)c(c(C#N)c(N)n1)-c1cc(O)ccc1,1,0,0,0,0,0,0
A2A receptor,P29274,seed_242,23,2.0008223056793213,2.4164233,N#Cc1c(N)nc(SCc2ncc[nH]2)c(C#N)c1-c1ccc(O)cc1,S(Cc1[nH]ccn1)c1c(C#N)c(c(C#N)c(N)n1)-c1ccc(O)cc1,1,0,0,0,0,0,0
A2A receptor,P29274,seed_242,24,1.9835702180862427,1.940160733,CCCn1c(=O)c2[nH]c(-c3ccc(OCC(=O)NCCN)cc3)nc2n(CCC)c1=O,O=C(NCCN)COc1ccc(-c2[nH]c3C(=O)N(CCC)C(=O)N(CCC)c3n2)cc1,1,0,0,0,0,0,0
A2A receptor,P29274,seed_242,25,1.8757356405258179,2.051607683,Nc1nc2c(cnn2CCc2ccccc2)c2nc(-c3ccco3)nn12,NC=1n2nc(-c3occc3)nc2-c2c(n(CCc3ccccc3)nc2)N=1,1,0,0,0,0,0,0
A2A receptor,P29274,seed_242,26,1.7786327600479126,1.702786133,CCCn1c(=O)n(CC)c(=O)c2[nH]c(-c3ccc(OCC(=O)NCCN)cc3)nc21,O=C(NCCN)COc1ccc(-c2[nH]c3C(=O)N(CC)C(=O)N(CCC)c3n2)cc1,1,0,0,0,0,0,0
A2A receptor,P29274,seed_242,27,1.7225990295410156,1.61,Nc1nnc(-c2cc(Cl)cc(Cl)c2)c(-c2ccccc2)n1,Clc1cc(Cl)cc(-c2c(-c3ccccc3)nc(N)nn2)c1,1,0,0,0,0,0,0
A2A receptor,P29274,seed_242,28,1.6879594326019287,3.3632142505,Nc1nc(NCCc2ccc(O)cc2)nc2nc(-c3ccco3)nn12,Oc1ccc(CCNC=2N=C(N)n3nc(-c4occc4)nc3N=2)cc1,1,0,0,0,0,1,1
A2A receptor,P29274,seed_242,29,1.6629517078399658,2.9178979505,Nc1nc(NCCC[NH+]2CCN(c3ccccc3)CC2)nc2nc(-c3ccco3)nn12,N(CCC[NH+]1CCN(c2ccccc2)CC1)C=1N=C(N)n2nc(-c3occc3)nc2N=1,0,0,0,0,0,0,0
A2A receptor,P29274,seed_242,30,1.618694543838501,1.37,Cc1cc(-c2nnc(N)nc2-c2cccc(F)c2)cc(C)n1,Fc1cc(-c2c(-c3cc(C)nc(C)c3)nnc(N)n2)ccc1,1,0,0,0,0,0,0
A2A receptor,P29274,seed_242,31,1.577842116355896,1.423971027,Nc1nc(NCCN2CCC(c3ccccc3)CC2)nc2nc(-c3ccco3)nn12,N(CCN1CCC(c2ccccc2)CC1)C=1N=C(N)n2nc(-c3occc3)nc2N=1,1,0,0,0,0,0,0
A2A receptor,P29274,seed_242,32,1.5693920850753784,1.520987917,Nc1nc(NCCCN2CCN(c3ccccc3)CC2)nc2nc(-c3ccco3)nn12,N(CCCN1CCN(c2ccccc2)CC1)C=1N=C(N)n2nc(-c3occc3)nc2N=1,1,0,0,0,0,0,0
A2A receptor,P29274,seed_242,33,1.4384623765945435,1.39,Cc1cc(-c2nnc(N)nc2-c2ccc(F)cc2)cc(C(F)(F)F)n1,FC(F)(F)c1nc(C)cc(-c2c(-c3ccc(F)cc3)nc(N)nn2)c1,1,0,0,0,0,0,0
A2A receptor,P29274,seed_242,34,1.4353803396224976,2.5838381705,C[NH+]1CC[NH+](CCNc2nc(N)n3nc(-c4ccco4)nc3n2)CC1,N(CC[NH+]1CC[NH+](C)CC1)C=1N=C(N)n2nc(-c3occc3)nc2N=1,0,0,0,0,0,0,0
A2A receptor,P29274,seed_242,35,1.3945748209953308,2.816135727,Nc1nc(NCC[NH+]2CCC(c3ccccc3)CC2)nc2nc(-c3ccco3)nn12,N(CC[NH+]1CCC(c2ccccc2)CC1)C=1N=C(N)n2nc(-c3occc3)nc2N=1,0,0,0,0,0,0,0
A2A receptor,P29274,seed_242,36,1.2663177251815796,2.09758975,N#Cc1c(N)nc(SCc2ncc[nH]2)c(C#N)c1-c1ccccc1,S(Cc1[nH]ccn1)c1c(C#N)c(c(C#N)c(N)n1)-c1ccccc1,1,0,0,0,0,0,0
A2A receptor,P29274,seed_242,37,1.1887661218643188,1.05,Cc1cc(-c2nnc(N)nc2-c2cc(F)cc(F)c2)cc(C)n1,Fc1cc(F)cc(-c2c(-c3cc(C)nc(C)c3)nnc(N)n2)c1,1,0,0,0,0,0,0
A2A receptor,P29274,seed_242,38,1.1437817811965942,1.15118723,CN1CCN(CCNc2nc(N)n3nc(-c4ccco4)nc3n2)CC1,N(CCN1CCN(C)CC1)C=1N=C(N)n2nc(-c3occc3)nc2N=1,1,0,0,0,0,0,0
A2A receptor,P29274,seed_242,39,1.0961740016937256,0.94,Cc1cc(-c2nnc(N)nc2-c2ccc(F)cc2)cc(C)n1,Fc1ccc(-c2c(-c3cc(C)nc(C)c3)nnc(N)n2)cc1,1,0,0,0,0,0,0
A2A receptor,P29274,seed_242,40,0.8824373483657837,0.76999998,Nc1nnc(-c2cccc(Cl)c2)c(-c2ccccc2)n1,Clc1cc(-c2c(-c3ccccc3)nc(N)nn2)ccc1,1,0,0,0,0,0,0
A2A receptor,P29274,seed_342,1,3.427976369857788,2.8309135,CCCCn1c(=O)c2[nH]c(C34CC5CC(CC3C5)C4)nc2n(CCCO)c1=O,O=C1N(CCCC)C(=O)c2[nH]c(C34C5CC(C3)CC(C4)C5)nc2N1CCCO,1,1,1,1,0,0,0
A2A receptor,P29274,seed_342,2,3.2906227111816406,3.3010299,CCNC(=O)C1OC(n2cnc3c(N)ncnc32)C(O)C1O,O=C(NCC)C1C(O)C(O)C(n2c3ncnc(N)c3nc2)O1,1,1,1,1,0,1,1
A2A receptor,P29274,seed_342,3,3.221010446548462,3.185430275,Nc1nnc(-c2ccc(O)c(Cl)c2)c(-c2ccccc2)n1,Clc1c(O)ccc(-c2c(-c3ccccc3)nc(N)nn2)c1,1,1,1,1,0,0,1
A2A receptor,P29274,seed_342,4,3.1964099407196045,3.1760912,CCCCC#Cc1nc(N)c2ncn(C3OC(CO)C(O)C3O)c2n1,OCC1C(O)C(O)C(n2c3nc(C#CCCCC)nc(N)c3nc2)O1,1,0,1,1,0,0,1
A2A receptor,P29274,seed_342,5,3.1216821670532227,2.8699999,Cc1cc(-c2nnc(N)nc2-c2ccccc2)cc(C)c1O,Oc1c(C)cc(-c2c(-c3ccccc3)nc(N)nn2)cc1C,1,0,1,1,0,0,0
A2A receptor,P29274,seed_342,6,3.0014142990112305,3.293370386,Nc1nc(NCCN2CCN(c3ccc(F)cc3F)CC2)nc2nc(-c3ccco3)nn12,Fc1c(N2CCN(CCNC=3N=C(N)n4nc(-c5occc5)nc4N=3)CC2)ccc(F)c1,1,0,0,1,0,0,1
A2A receptor,P29274,seed_342,7,2.969825029373169,3.0791812,CCCCC=Cc1nc(N)c2ncn(C3OC(CO)C(O)C3O)c2n1,OCC1C(O)C(O)C(n2c3nc(C=CCCCC)nc(N)c3nc2)O1,1,0,0,1,0,0,1
A2A receptor,P29274,seed_342,8,2.9476113319396973,3.0,CCCCC#Cc1nc(N)c2nc(NC)n(C3OC(CO)C(O)C3O)c2n1,OCC1C(O)C(O)C(n2c(NC)nc3c(N)nc(C#CCCCC)nc23)O1,1,0,0,1,0,0,1
A2A receptor,P29274,seed_342,9,2.84195876121521,4.1760912,CCNC(=O)C1OC(n2cnc3c(NCC(c4ccccc4)c4ccccc4)nc(C(=O)NCCNC(=O)NC4CCN(c5ccccn5)CC4)nc32)C(O)C1O,O=C(NCCNC(=O)c1nc(NCC(c2ccccc2)c2ccccc2)c2ncn(C3C(O)C(O)C(C(=O)NCC)O3)c2n1)NC1CCN(c2ncccc2)CC1,0,0,0,1,1,1,1
A2A receptor,P29274,seed_342,10,2.806427240371704,2.8239088,CCCCC#Cc1nc(N)c2ncn(C3OC(CSC)C(O)C3O)c2n1,S(CC1C(O)C(O)C(n2c3nc(C#CCCCC)nc(N)c3nc2)O1)C,1,0,0,1,0,0,0
A2A receptor,P29274,seed_342,11,2.7671520709991455,3.4771214,CCNC(=O)C1OC(n2cnc3c(N)nc(NCCc4ccc(CCC(=O)O)cc4)nc32)C(O)C1O,O=C(O)CCc1ccc(CCNc2nc(N)c3ncn(C4C(O)C(O)C(C(=O)NCC)O4)c3n2)cc1,0,0,0,0,1,1,1
A2A receptor,P29274,seed_342,12,2.6336288452148438,2.4300001,Cc1cc(-c2nnc(N)nc2-c2ccccc2)cc(C(F)(F)F)n1,FC(F)(F)c1nc(C)cc(-c2c(-c3ccccc3)nc(N)nn2)c1,1,0,0,0,0,0,0
A2A receptor,P29274,seed_342,13,2.3875935077667236,4.3012811630000005,Nc1nc(NCC[NH+]2CCN(c3ccc(F)cc3F)CC2)nc2nc(-c3ccco3)nn12,Fc1c(N2CC[NH+](CCNC=3N=C(N)n4nc(-c5occc5)nc4N=3)CC2)ccc(F)c1,0,0,0,0,1,1,1
A2A receptor,P29274,seed_342,14,2.2437803745269775,2.505000433,COc1ccc(CCCn2ncc3c2nc(N)n2nc(-c4ccco4)nc32)cc1,O(C)c1ccc(CCCn2ncc3-c4n(C(N)=Nc23)nc(-c2occc2)n4)cc1,1,0,0,0,0,0,0
A2A receptor,P29274,seed_342,15,2.211761713027954,1.9400001,Cc1cc(-c2nnc(N)nc2-c2ccccc2)cc(C)n1,Nc1nc(c(-c2cc(C)nc(C)c2)nn1)-c1ccccc1,1,0,0,0,0,0,0
A2A receptor,P29274,seed_342,16,2.208801031112671,1.735941433,CCCn1c(=O)c2nc(C34CC5CC(CC3C5)C4)[nH]c2n(CCC)c1=O,O=C1N(CCC)C(=O)c2nc(C34C5CC(C3)CC(C4)C5)[nH]c2N1CCC,1,0,0,0,0,0,0
A2A receptor,P29274,seed_342,17,2.104682207107544,2.9208188,Nc1nc2ccc(Cl)cc2c2nc(-c3ccco3)nn12,Clc1cc2-c3n(C(N)=Nc2cc1)nc(-c1occc1)n3,1,0,0,0,0,0,0
A2A receptor,P29274,seed_342,18,2.100200891494751,1.9523358,CCCn1c(=O)c2nc(-c3ccc(OCC(=O)Nc4ccc(C#N)cc4)cc3)[nH]c2n(CCC)c1=O,O=C(Nc1ccc(C#N)cc1)COc1ccc(-c2[nH]c3N(CCC)C(=O)N(CCC)C(=O)c3n2)cc1,1,0,0,0,0,0,0
A2A receptor,P29274,seed_342,19,2.093600034713745,1.641875367,CCCn1c(=O)c2[nH]c(C3CCCC3)nc2n(CCC)c1=O,O=C1N(CCC)C(=O)c2[nH]c(C3CCCC3)nc2N1CCC,1,0,0,0,0,0,0
A2A receptor,P29274,seed_342,20,1.8551068305969238,1.4461169,CC1CCC(Nc2nc(-c3ccccc3)nc3[nH]ccc23)CC1,N(c1nc(-c2ccccc2)nc2[nH]ccc12)C1CCC(C)CC1,1,0,0,0,0,0,0
A2A receptor,P29274,seed_342,21,1.831460952758789,1.61,Nc1nnc(-c2cc(Cl)cc(Cl)c2)c(-c2ccccc2)n1,Clc1cc(Cl)cc(-c2c(-c3ccccc3)nc(N)nn2)c1,1,0,0,0,0,0,0
A2A receptor,P29274,seed_342,22,1.8249359130859375,0.113509275,CCN(CC)C(=O)C1C=C2c3cccc4[nH]cc(c34)CC2[NH+](C)C1,O=C(N(CC)CC)C1C=C2c3c4c([nH]cc4CC2[NH+](C)C1)ccc3,0,0,0,0,0,0,0
A2A receptor,P29274,seed_342,23,1.7596170902252197,2.4164233,N#Cc1c(N)nc(SCc2ncc[nH]2)c(C#N)c1-c1ccc(O)cc1,S(Cc1[nH]ccn1)c1c(C#N)c(c(C#N)c(N)n1)-c1ccc(O)cc1,1,0,0,0,0,0,0
A2A receptor,P29274,seed_342,24,1.7583212852478027,1.940160733,CCCn1c(=O)c2[nH]c(-c3ccc(OCC(=O)NCCN)cc3)nc2n(CCC)c1=O,O=C(NCCN)COc1ccc(-c2[nH]c3C(=O)N(CCC)C(=O)N(CCC)c3n2)cc1,1,0,0,0,0,0,0
A2A receptor,P29274,seed_342,25,1.733155369758606,2.3157532,N#Cc1c(N)nc(SCc2ncc[nH]2)c(C#N)c1-c1cccc(O)c1,S(Cc1[nH]ccn1)c1c(C#N)c(c(C#N)c(N)n1)-c1cc(O)ccc1,1,0,0,0,0,0,0
A2A receptor,P29274,seed_342,26,1.6220190525054932,2.051607683,Nc1nc2c(cnn2CCc2ccccc2)c2nc(-c3ccco3)nn12,NC=1n2nc(-c3occc3)nc2-c2c(n(CCc3ccccc3)nc2)N=1,1,0,0,0,0,0,0
A2A receptor,P29274,seed_342,27,1.6053502559661865,1.702786133,CCCn1c(=O)n(CC)c(=O)c2[nH]c(-c3ccc(OCC(=O)NCCN)cc3)nc21,O=C(NCCN)COc1ccc(-c2[nH]c3C(=O)N(CC)C(=O)N(CCC)c3n2)cc1,1,0,0,0,0,0,0
A2A receptor,P29274,seed_342,28,1.4678665399551392,1.39,Cc1cc(-c2nnc(N)nc2-c2ccc(F)cc2)cc(C(F)(F)F)n1,FC(F)(F)c1nc(C)cc(-c2c(-c3ccc(F)cc3)nc(N)nn2)c1,1,0,0,0,0,0,0
A2A receptor,P29274,seed_342,29,1.406679928302765,2.9178979505,Nc1nc(NCCC[NH+]2CCN(c3ccccc3)CC2)nc2nc(-c3ccco3)nn12,N(CCC[NH+]1CCN(c2ccccc2)CC1)C=1N=C(N)n2nc(-c3occc3)nc2N=1,0,0,0,0,0,0,0
A2A receptor,P29274,seed_342,30,1.3641588687896729,1.37,Cc1cc(-c2nnc(N)nc2-c2cccc(F)c2)cc(C)n1,Fc1cc(-c2c(-c3cc(C)nc(C)c3)nnc(N)n2)ccc1,1,0,0,0,0,0,0
A2A receptor,P29274,seed_342,31,1.339698314666748,3.3632142505,Nc1nc(NCCc2ccc(O)cc2)nc2nc(-c3ccco3)nn12,Oc1ccc(CCNC=2N=C(N)n3nc(-c4occc4)nc3N=2)cc1,1,0,0,0,0,1,1
A2A receptor,P29274,seed_342,32,1.2880172729492188,1.520987917,Nc1nc(NCCCN2CCN(c3ccccc3)CC2)nc2nc(-c3ccco3)nn12,N(CCCN1CCN(c2ccccc2)CC1)C=1N=C(N)n2nc(-c3occc3)nc2N=1,1,0,0,0,0,0,0
A2A receptor,P29274,seed_342,33,1.2158523797988892,1.423971027,Nc1nc(NCCN2CCC(c3ccccc3)CC2)nc2nc(-c3ccco3)nn12,N(CCN1CCC(c2ccccc2)CC1)C=1N=C(N)n2nc(-c3occc3)nc2N=1,1,0,0,0,0,0,0
A2A receptor,P29274,seed_342,34,1.207529604434967,2.816135727,Nc1nc(NCC[NH+]2CCC(c3ccccc3)CC2)nc2nc(-c3ccco3)nn12,N(CC[NH+]1CCC(c2ccccc2)CC1)C=1N=C(N)n2nc(-c3occc3)nc2N=1,0,0,0,0,0,0,0
A2A receptor,P29274,seed_342,35,1.183941274881363,2.5838381705,C[NH+]1CC[NH+](CCNc2nc(N)n3nc(-c4ccco4)nc3n2)CC1,N(CC[NH+]1CC[NH+](C)CC1)C=1N=C(N)n2nc(-c3occc3)nc2N=1,0,0,0,0,0,0,0
A2A receptor,P29274,seed_342,36,1.172261118888855,2.09758975,N#Cc1c(N)nc(SCc2ncc[nH]2)c(C#N)c1-c1ccccc1,S(Cc1[nH]ccn1)c1c(C#N)c(c(C#N)c(N)n1)-c1ccccc1,1,0,0,0,0,0,0
A2A receptor,P29274,seed_342,37,1.0230114459991455,1.05,Cc1cc(-c2nnc(N)nc2-c2cc(F)cc(F)c2)cc(C)n1,Fc1cc(F)cc(-c2c(-c3cc(C)nc(C)c3)nnc(N)n2)c1,1,0,0,0,0,0,0
A2A receptor,P29274,seed_342,38,0.9499977827072144,0.94,Cc1cc(-c2nnc(N)nc2-c2ccc(F)cc2)cc(C)n1,Fc1ccc(-c2c(-c3cc(C)nc(C)c3)nnc(N)n2)cc1,1,0,0,0,0,0,0
A2A receptor,P29274,seed_342,39,0.8670089840888977,1.15118723,CN1CCN(CCNc2nc(N)n3nc(-c4ccco4)nc3n2)CC1,N(CCN1CCN(C)CC1)C=1N=C(N)n2nc(-c3occc3)nc2N=1,1,0,0,0,0,0,0
A2A receptor,P29274,seed_342,40,0.6912460923194885,0.76999998,Nc1nnc(-c2cccc(Cl)c2)c(-c2ccccc2)n1,Clc1cc(-c2c(-c3ccccc3)nc(N)nn2)ccc1,1,0,0,0,0,0,0
A2A receptor,P29274,seed_442,1,3.2648251056671143,3.3010299,CCNC(=O)C1OC(n2cnc3c(N)ncnc32)C(O)C1O,O=C(NCC)C1C(O)C(O)C(n2c3ncnc(N)c3nc2)O1,1,1,1,1,0,1,1
A2A receptor,P29274,seed_442,2,3.1264355182647705,3.185430275,Nc1nnc(-c2ccc(O)c(Cl)c2)c(-c2ccccc2)n1,Clc1c(O)ccc(-c2c(-c3ccccc3)nc(N)nn2)c1,1,1,1,1,0,0,1
A2A receptor,P29274,seed_442,3,3.1192219257354736,3.1760912,CCCCC#Cc1nc(N)c2ncn(C3OC(CO)C(O)C3O)c2n1,OCC1C(O)C(O)C(n2c3nc(C#CCCCC)nc(N)c3nc2)O1,1,1,1,1,0,0,1
A2A receptor,P29274,seed_442,4,3.0995187759399414,3.0791812,CCCCC=Cc1nc(N)c2ncn(C3OC(CO)C(O)C3O)c2n1,OCC1C(O)C(O)C(n2c3nc(C=CCCCC)nc(N)c3nc2)O1,1,0,1,1,0,0,1
A2A receptor,P29274,seed_442,5,3.0866615772247314,3.293370386,Nc1nc(NCCN2CCN(c3ccc(F)cc3F)CC2)nc2nc(-c3ccco3)nn12,Fc1c(N2CCN(CCNC=3N=C(N)n4nc(-c5occc5)nc4N=3)CC2)ccc(F)c1,1,0,1,1,0,0,1
A2A receptor,P29274,seed_442,6,3.0725882053375244,2.8309135,CCCCn1c(=O)c2[nH]c(C34CC5CC(CC3C5)C4)nc2n(CCCO)c1=O,O=C1N(CCCC)C(=O)c2[nH]c(C34C5CC(C3)CC(C4)C5)nc2N1CCCO,1,0,0,1,0,0,0
A2A receptor,P29274,seed_442,7,2.973698854446411,2.8699999,Cc1cc(-c2nnc(N)nc2-c2ccccc2)cc(C)c1O,Oc1c(C)cc(-c2c(-c3ccccc3)nc(N)nn2)cc1C,1,0,0,1,0,0,0
A2A receptor,P29274,seed_442,8,2.9535019397735596,3.0,CCCCC#Cc1nc(N)c2nc(NC)n(C3OC(CO)C(O)C3O)c2n1,OCC1C(O)C(O)C(n2c(NC)nc3c(N)nc(C#CCCCC)nc23)O1,1,0,0,1,0,0,1
A2A receptor,P29274,seed_442,9,2.8846471309661865,3.4771214,CCNC(=O)C1OC(n2cnc3c(N)nc(NCCc4ccc(CCC(=O)O)cc4)nc32)C(O)C1O,O=C(O)CCc1ccc(CCNc2nc(N)c3ncn(C4C(O)C(O)C(C(=O)NCC)O4)c3n2)cc1,0,0,0,1,1,1,1
A2A receptor,P29274,seed_442,10,2.759605646133423,2.8239088,CCCCC#Cc1nc(N)c2ncn(C3OC(CSC)C(O)C3O)c2n1,S(CC1C(O)C(O)C(n2c3nc(C#CCCCC)nc(N)c3nc2)O1)C,1,0,0,1,0,0,0
A2A receptor,P29274,seed_442,11,2.7408158779144287,4.1760912,CCNC(=O)C1OC(n2cnc3c(NCC(c4ccccc4)c4ccccc4)nc(C(=O)NCCNC(=O)NC4CCN(c5ccccn5)CC4)nc32)C(O)C1O,O=C(NCCNC(=O)c1nc(NCC(c2ccccc2)c2ccccc2)c2ncn(C3C(O)C(O)C(C(=O)NCC)O3)c2n1)NC1CCN(c2ncccc2)CC1,0,0,0,0,1,1,1
A2A receptor,P29274,seed_442,12,2.3743932247161865,2.9208188,Nc1nc2ccc(Cl)cc2c2nc(-c3ccco3)nn12,Clc1cc2-c3n(C(N)=Nc2cc1)nc(-c1occc1)n3,1,0,0,0,0,0,0
A2A receptor,P29274,seed_442,13,2.317826509475708,2.4300001,Cc1cc(-c2nnc(N)nc2-c2ccccc2)cc(C(F)(F)F)n1,FC(F)(F)c1nc(C)cc(-c2c(-c3ccccc3)nc(N)nn2)c1,1,0,0,0,0,0,0
A2A receptor,P29274,seed_442,14,2.28743052482605,2.505000433,COc1ccc(CCCn2ncc3c2nc(N)n2nc(-c4ccco4)nc32)cc1,O(C)c1ccc(CCCn2ncc3-c4n(C(N)=Nc23)nc(-c2occc2)n4)cc1,1,0,0,0,0,0,0
A2A receptor,P29274,seed_442,15,2.247772455215454,0.113509275,CCN(CC)C(=O)C1C=C2c3cccc4[nH]cc(c34)CC2[NH+](C)C1,O=C(N(CC)CC)C1C=C2c3c4c([nH]cc4CC2[NH+](C)C1)ccc3,0,0,0,0,0,0,0
A2A receptor,P29274,seed_442,16,2.238634943962097,4.3012811630000005,Nc1nc(NCC[NH+]2CCN(c3ccc(F)cc3F)CC2)nc2nc(-c3ccco3)nn12,Fc1c(N2CC[NH+](CCNC=3N=C(N)n4nc(-c5occc5)nc4N=3)CC2)ccc(F)c1,0,0,0,0,1,1,1
A2A receptor,P29274,seed_442,17,2.0982701778411865,1.735941433,CCCn1c(=O)c2nc(C34CC5CC(CC3C5)C4)[nH]c2n(CCC)c1=O,O=C1N(CCC)C(=O)c2nc(C34C5CC(C3)CC(C4)C5)[nH]c2N1CCC,1,0,0,0,0,0,0
A2A receptor,P29274,seed_442,18,2.016632556915283,2.4164233,N#Cc1c(N)nc(SCc2ncc[nH]2)c(C#N)c1-c1ccc(O)cc1,S(Cc1[nH]ccn1)c1c(C#N)c(c(C#N)c(N)n1)-c1ccc(O)cc1,1,0,0,0,0,0,0
A2A receptor,P29274,seed_442,19,1.9516832828521729,2.3157532,N#Cc1c(N)nc(SCc2ncc[nH]2)c(C#N)c1-c1cccc(O)c1,S(Cc1[nH]ccn1)c1c(C#N)c(c(C#N)c(N)n1)-c1cc(O)ccc1,1,0,0,0,0,0,0
A2A receptor,P29274,seed_442,20,1.898125171661377,1.9523358,CCCn1c(=O)c2nc(-c3ccc(OCC(=O)Nc4ccc(C#N)cc4)cc3)[nH]c2n(CCC)c1=O,O=C(Nc1ccc(C#N)cc1)COc1ccc(-c2[nH]c3N(CCC)C(=O)N(CCC)C(=O)c3n2)cc1,1,0,0,0,0,0,0
A2A receptor,P29274,seed_442,21,1.8775420188903809,1.9400001,Cc1cc(-c2nnc(N)nc2-c2ccccc2)cc(C)n1,Nc1nc(c(-c2cc(C)nc(C)c2)nn1)-c1ccccc1,1,0,0,0,0,0,0
A2A receptor,P29274,seed_442,22,1.8496370315551758,1.4461169,CC1CCC(Nc2nc(-c3ccccc3)nc3[nH]ccc23)CC1,N(c1nc(-c2ccccc2)nc2[nH]ccc12)C1CCC(C)CC1,1,0,0,0,0,0,0
A2A receptor,P29274,seed_442,23,1.8405780792236328,1.641875367,CCCn1c(=O)c2[nH]c(C3CCCC3)nc2n(CCC)c1=O,O=C1N(CCC)C(=O)c2[nH]c(C3CCCC3)nc2N1CCC,1,0,0,0,0,0,0
A2A receptor,P29274,seed_442,24,1.7948697805404663,2.051607683,Nc1nc2c(cnn2CCc2ccccc2)c2nc(-c3ccco3)nn12,NC=1n2nc(-c3occc3)nc2-c2c(n(CCc3ccccc3)nc2)N=1,1,0,0,0,0,0,0
A2A receptor,P29274,seed_442,25,1.6646727323532104,1.940160733,CCCn1c(=O)c2[nH]c(-c3ccc(OCC(=O)NCCN)cc3)nc2n(CCC)c1=O,O=C(NCCN)COc1ccc(-c2[nH]c3C(=O)N(CCC)C(=O)N(CCC)c3n2)cc1,1,0,0,0,0,0,0
A2A receptor,P29274,seed_442,26,1.6013312339782715,1.702786133,CCCn1c(=O)n(CC)c(=O)c2[nH]c(-c3ccc(OCC(=O)NCCN)cc3)nc21,O=C(NCCN)COc1ccc(-c2[nH]c3C(=O)N(CC)C(=O)N(CCC)c3n2)cc1,1,0,0,0,0,0,0
A2A receptor,P29274,seed_442,27,1.527845859527588,1.61,Nc1nnc(-c2cc(Cl)cc(Cl)c2)c(-c2ccccc2)n1,Clc1cc(Cl)cc(-c2c(-c3ccccc3)nc(N)nn2)c1,1,0,0,0,0,0,0
A2A receptor,P29274,seed_442,28,1.4477956295013428,3.3632142505,Nc1nc(NCCc2ccc(O)cc2)nc2nc(-c3ccco3)nn12,Oc1ccc(CCNC=2N=C(N)n3nc(-c4occc4)nc3N=2)cc1,1,0,0,0,0,1,1
A2A receptor,P29274,seed_442,29,1.3180551528930664,2.09758975,N#Cc1c(N)nc(SCc2ncc[nH]2)c(C#N)c1-c1ccccc1,S(Cc1[nH]ccn1)c1c(C#N)c(c(C#N)c(N)n1)-c1ccccc1,1,0,0,0,0,0,0
A2A receptor,P29274,seed_442,30,1.2459962368011475,1.37,Cc1cc(-c2nnc(N)nc2-c2cccc(F)c2)cc(C)n1,Fc1cc(-c2c(-c3cc(C)nc(C)c3)nnc(N)n2)ccc1,1,0,0,0,0,0,0
A2A receptor,P29274,seed_442,31,1.229661464691162,1.39,Cc1cc(-c2nnc(N)nc2-c2ccc(F)cc2)cc(C(F)(F)F)n1,FC(F)(F)c1nc(C)cc(-c2c(-c3ccc(F)cc3)nc(N)nn2)c1,1,0,0,0,0,0,0
A2A receptor,P29274,seed_442,32,1.1826084852218628,1.520987917,Nc1nc(NCCCN2CCN(c3ccccc3)CC2)nc2nc(-c3ccco3)nn12,N(CCCN1CCN(c2ccccc2)CC1)C=1N=C(N)n2nc(-c3occc3)nc2N=1,1,0,0,0,0,0,0
A2A receptor,P29274,seed_442,33,1.167488843202591,2.5838381705,C[NH+]1CC[NH+](CCNc2nc(N)n3nc(-c4ccco4)nc3n2)CC1,N(CC[NH+]1CC[NH+](C)CC1)C=1N=C(N)n2nc(-c3occc3)nc2N=1,0,0,0,0,0,0,0
A2A receptor,P29274,seed_442,34,1.0927782952785492,2.9178979505,Nc1nc(NCCC[NH+]2CCN(c3ccccc3)CC2)nc2nc(-c3ccco3)nn12,N(CCC[NH+]1CCN(c2ccccc2)CC1)C=1N=C(N)n2nc(-c3occc3)nc2N=1,0,0,0,0,0,0,0
A2A receptor,P29274,seed_442,35,1.057882308959961,1.423971027,Nc1nc(NCCN2CCC(c3ccccc3)CC2)nc2nc(-c3ccco3)nn12,N(CCN1CCC(c2ccccc2)CC1)C=1N=C(N)n2nc(-c3occc3)nc2N=1,1,0,0,0,0,0,0
A2A receptor,P29274,seed_442,36,0.9740226566791534,2.816135727,Nc1nc(NCC[NH+]2CCC(c3ccccc3)CC2)nc2nc(-c3ccco3)nn12,N(CC[NH+]1CCC(c2ccccc2)CC1)C=1N=C(N)n2nc(-c3occc3)nc2N=1,0,0,0,0,0,0,0
A2A receptor,P29274,seed_442,37,0.9250413179397583,1.05,Cc1cc(-c2nnc(N)nc2-c2cc(F)cc(F)c2)cc(C)n1,Fc1cc(F)cc(-c2c(-c3cc(C)nc(C)c3)nnc(N)n2)c1,1,0,0,0,0,0,0
A2A receptor,P29274,seed_442,38,0.8646432161331177,1.15118723,CN1CCN(CCNc2nc(N)n3nc(-c4ccco4)nc3n2)CC1,N(CCN1CCN(C)CC1)C=1N=C(N)n2nc(-c3occc3)nc2N=1,1,0,0,0,0,0,0
A2A receptor,P29274,seed_442,39,0.8239894509315491,0.94,Cc1cc(-c2nnc(N)nc2-c2ccc(F)cc2)cc(C)n1,Fc1ccc(-c2c(-c3cc(C)nc(C)c3)nnc(N)n2)cc1,1,0,0,0,0,0,0
A2A receptor,P29274,seed_442,40,0.6481732726097107,0.76999998,Nc1nnc(-c2cccc(Cl)c2)c(-c2ccccc2)n1,Clc1cc(-c2c(-c3ccccc3)nc(N)nn2)ccc1,1,0,0,0,0,0,0
A2A receptor,P29274,ensemble,1,3.307319498062134,3.3010299,CCNC(=O)C1OC(n2cnc3c(N)ncnc32)C(O)C1O,O=C(NCC)C1C(O)C(O)C(n2c3ncnc(N)c3nc2)O1,1,1,1,1,0,1,1
A2A receptor,P29274,ensemble,2,3.2268627643585206,2.8309135,CCCCn1c(=O)c2[nH]c(C34CC5CC(CC3C5)C4)nc2n(CCCO)c1=O,O=C1N(CCCC)C(=O)c2[nH]c(C34C5CC(C3)CC(C4)C5)nc2N1CCCO,1,1,1,1,0,0,0
A2A receptor,P29274,ensemble,3,3.160707139968872,3.185430275,Nc1nnc(-c2ccc(O)c(Cl)c2)c(-c2ccccc2)n1,Clc1c(O)ccc(-c2c(-c3ccccc3)nc(N)nn2)c1,1,1,1,1,0,0,1
A2A receptor,P29274,ensemble,4,3.1269522190093992,3.1760912,CCCCC#Cc1nc(N)c2ncn(C3OC(CO)C(O)C3O)c2n1,OCC1C(O)C(O)C(n2c3nc(C#CCCCC)nc(N)c3nc2)O1,1,0,1,1,0,0,1
A2A receptor,P29274,ensemble,5,3.095824146270752,3.293370386,Nc1nc(NCCN2CCN(c3ccc(F)cc3F)CC2)nc2nc(-c3ccco3)nn12,Fc1c(N2CCN(CCNC=3N=C(N)n4nc(-c5occc5)nc4N=3)CC2)ccc(F)c1,1,0,1,1,0,0,1
A2A receptor,P29274,ensemble,6,3.0245144844055174,3.0791812,CCCCC=Cc1nc(N)c2ncn(C3OC(CO)C(O)C3O)c2n1,OCC1C(O)C(O)C(n2c3nc(C=CCCCC)nc(N)c3nc2)O1,1,0,0,1,0,0,1
A2A receptor,P29274,ensemble,7,3.008252763748169,2.8699999,Cc1cc(-c2nnc(N)nc2-c2ccccc2)cc(C)c1O,Oc1c(C)cc(-c2c(-c3ccccc3)nc(N)nn2)cc1C,1,0,0,1,0,0,0
A2A receptor,P29274,ensemble,8,2.95981912612915,3.0,CCCCC#Cc1nc(N)c2nc(NC)n(C3OC(CO)C(O)C3O)c2n1,OCC1C(O)C(O)C(n2c(NC)nc3c(N)nc(C#CCCCC)nc23)O1,1,0,0,1,0,0,1
A2A receptor,P29274,ensemble,9,2.895579481124878,4.1760912,CCNC(=O)C1OC(n2cnc3c(NCC(c4ccccc4)c4ccccc4)nc(C(=O)NCCNC(=O)NC4CCN(c5ccccn5)CC4)nc32)C(O)C1O,O=C(NCCNC(=O)c1nc(NCC(c2ccccc2)c2ccccc2)c2ncn(C3C(O)C(O)C(C(=O)NCC)O3)c2n1)NC1CCN(c2ncccc2)CC1,0,0,0,1,1,1,1
A2A receptor,P29274,ensemble,10,2.8489533424377442,3.4771214,CCNC(=O)C1OC(n2cnc3c(N)nc(NCCc4ccc(CCC(=O)O)cc4)nc32)C(O)C1O,O=C(O)CCc1ccc(CCNc2nc(N)c3ncn(C4C(O)C(O)C(C(=O)NCC)O4)c3n2)cc1,0,0,0,1,1,1,1
A2A receptor,P29274,ensemble,11,2.8035310745239257,2.8239088,CCCCC#Cc1nc(N)c2ncn(C3OC(CSC)C(O)C3O)c2n1,S(CC1C(O)C(O)C(n2c3nc(C#CCCCC)nc(N)c3nc2)O1)C,1,0,0,0,0,0,0
A2A receptor,P29274,ensemble,12,2.4770166873931885,2.4300001,Cc1cc(-c2nnc(N)nc2-c2ccccc2)cc(C(F)(F)F)n1,FC(F)(F)c1nc(C)cc(-c2c(-c3ccccc3)nc(N)nn2)c1,1,0,0,0,0,0,0
A2A receptor,P29274,ensemble,13,2.3716660499572755,2.9208188,Nc1nc2ccc(Cl)cc2c2nc(-c3ccco3)nn12,Clc1cc2-c3n(C(N)=Nc2cc1)nc(-c1occc1)n3,1,0,0,0,0,0,0
A2A receptor,P29274,ensemble,14,2.370558190345764,4.3012811630000005,Nc1nc(NCC[NH+]2CCN(c3ccc(F)cc3F)CC2)nc2nc(-c3ccco3)nn12,Fc1c(N2CC[NH+](CCNC=3N=C(N)n4nc(-c5occc5)nc4N=3)CC2)ccc(F)c1,0,0,0,0,1,1,1
A2A receptor,P29274,ensemble,15,2.3209970474243162,2.505000433,COc1ccc(CCCn2ncc3c2nc(N)n2nc(-c4ccco4)nc32)cc1,O(C)c1ccc(CCCn2ncc3-c4n(C(N)=Nc23)nc(-c2occc2)n4)cc1,1,0,0,0,0,0,0
A2A receptor,P29274,ensemble,16,2.287328672409058,1.735941433,CCCn1c(=O)c2nc(C34CC5CC(CC3C5)C4)[nH]c2n(CCC)c1=O,O=C1N(CCC)C(=O)c2nc(C34C5CC(C3)CC(C4)C5)[nH]c2N1CCC,1,0,0,0,0,0,0
A2A receptor,P29274,ensemble,17,2.149140739440918,1.9523358,CCCn1c(=O)c2nc(-c3ccc(OCC(=O)Nc4ccc(C#N)cc4)cc3)[nH]c2n(CCC)c1=O,O=C(Nc1ccc(C#N)cc1)COc1ccc(-c2[nH]c3N(CCC)C(=O)N(CCC)C(=O)c3n2)cc1,1,0,0,0,0,0,0
A2A receptor,P29274,ensemble,18,2.141018438339233,0.113509275,CCN(CC)C(=O)C1C=C2c3cccc4[nH]cc(c34)CC2[NH+](C)C1,O=C(N(CC)CC)C1C=C2c3c4c([nH]cc4CC2[NH+](C)C1)ccc3,0,0,0,0,0,0,0
A2A receptor,P29274,ensemble,19,2.100459623336792,1.9400001,Cc1cc(-c2nnc(N)nc2-c2ccccc2)cc(C)n1,Nc1nc(c(-c2cc(C)nc(C)c2)nn1)-c1ccccc1,1,0,0,0,0,0,0
A2A receptor,P29274,ensemble,20,2.0841634273529053,1.641875367,CCCn1c(=O)c2[nH]c(C3CCCC3)nc2n(CCC)c1=O,O=C1N(CCC)C(=O)c2[nH]c(C3CCCC3)nc2N1CCC,1,0,0,0,0,0,0
A2A receptor,P29274,ensemble,21,2.0314959049224854,2.4164233,N#Cc1c(N)nc(SCc2ncc[nH]2)c(C#N)c1-c1ccc(O)cc1,S(Cc1[nH]ccn1)c1c(C#N)c(c(C#N)c(N)n1)-c1ccc(O)cc1,1,0,0,0,0,0,0
A2A receptor,P29274,ensemble,22,2.019118142127991,2.3157532,N#Cc1c(N)nc(SCc2ncc[nH]2)c(C#N)c1-c1cccc(O)c1,S(Cc1[nH]ccn1)c1c(C#N)c(c(C#N)c(N)n1)-c1cc(O)ccc1,1,0,0,0,0,0,0
A2A receptor,P29274,ensemble,23,1.9475787162780762,1.4461169,CC1CCC(Nc2nc(-c3ccccc3)nc3[nH]ccc23)CC1,N(c1nc(-c2ccccc2)nc2[nH]ccc12)C1CCC(C)CC1,1,0,0,0,0,0,0
A2A receptor,P29274,ensemble,24,1.914646816253662,1.940160733,CCCn1c(=O)c2[nH]c(-c3ccc(OCC(=O)NCCN)cc3)nc2n(CCC)c1=O,O=C(NCCN)COc1ccc(-c2[nH]c3C(=O)N(CCC)C(=O)N(CCC)c3n2)cc1,1,0,0,0,0,0,0
A2A receptor,P29274,ensemble,25,1.868880271911621,2.051607683,Nc1nc2c(cnn2CCc2ccccc2)c2nc(-c3ccco3)nn12,NC=1n2nc(-c3occc3)nc2-c2c(n(CCc3ccccc3)nc2)N=1,1,0,0,0,0,0,0
A2A receptor,P29274,ensemble,26,1.7792628526687622,1.702786133,CCCn1c(=O)n(CC)c(=O)c2[nH]c(-c3ccc(OCC(=O)NCCN)cc3)nc21,O=C(NCCN)COc1ccc(-c2[nH]c3C(=O)N(CC)C(=O)N(CCC)c3n2)cc1,1,0,0,0,0,0,0
A2A receptor,P29274,ensemble,27,1.6944278955459595,1.61,Nc1nnc(-c2cc(Cl)cc(Cl)c2)c(-c2ccccc2)n1,Clc1cc(Cl)cc(-c2c(-c3ccccc3)nc(N)nn2)c1,1,0,0,0,0,0,0
A2A receptor,P29274,ensemble,28,1.5070204854011535,3.3632142505,Nc1nc(NCCc2ccc(O)cc2)nc2nc(-c3ccco3)nn12,Oc1ccc(CCNC=2N=C(N)n3nc(-c4occc4)nc3N=2)cc1,1,0,0,0,0,1,1
A2A receptor,P29274,ensemble,29,1.4445790827274323,2.9178979505,Nc1nc(NCCC[NH+]2CCN(c3ccccc3)CC2)nc2nc(-c3ccco3)nn12,N(CCC[NH+]1CCN(c2ccccc2)CC1)C=1N=C(N)n2nc(-c3occc3)nc2N=1,0,0,0,0,0,0,0
A2A receptor,P29274,ensemble,30,1.414660382270813,1.37,Cc1cc(-c2nnc(N)nc2-c2cccc(F)c2)cc(C)n1,Fc1cc(-c2c(-c3cc(C)nc(C)c3)nnc(N)n2)ccc1,1,0,0,0,0,0,0
A2A receptor,P29274,ensemble,31,1.411754059791565,1.39,Cc1cc(-c2nnc(N)nc2-c2ccc(F)cc2)cc(C(F)(F)F)n1,FC(F)(F)c1nc(C)cc(-c2c(-c3ccc(F)cc3)nc(N)nn2)c1,1,0,0,0,0,0,0
A2A receptor,P29274,ensemble,32,1.4049312591552734,1.520987917,Nc1nc(NCCCN2CCN(c3ccccc3)CC2)nc2nc(-c3ccco3)nn12,N(CCCN1CCN(c2ccccc2)CC1)C=1N=C(N)n2nc(-c3occc3)nc2N=1,1,0,0,0,0,0,0
A2A receptor,P29274,ensemble,33,1.35990469455719,2.09758975,N#Cc1c(N)nc(SCc2ncc[nH]2)c(C#N)c1-c1ccccc1,S(Cc1[nH]ccn1)c1c(C#N)c(c(C#N)c(N)n1)-c1ccccc1,1,0,0,0,0,0,0
A2A receptor,P29274,ensemble,34,1.3416564226150514,1.423971027,Nc1nc(NCCN2CCC(c3ccccc3)CC2)nc2nc(-c3ccco3)nn12,N(CCN1CCC(c2ccccc2)CC1)C=1N=C(N)n2nc(-c3occc3)nc2N=1,1,0,0,0,0,0,0
A2A receptor,P29274,ensemble,35,1.3158474683761596,2.5838381705,C[NH+]1CC[NH+](CCNc2nc(N)n3nc(-c4ccco4)nc3n2)CC1,N(CC[NH+]1CC[NH+](C)CC1)C=1N=C(N)n2nc(-c3occc3)nc2N=1,0,0,0,0,0,0,0
A2A receptor,P29274,ensemble,36,1.2208456814289093,2.816135727,Nc1nc(NCC[NH+]2CCC(c3ccccc3)CC2)nc2nc(-c3ccco3)nn12,N(CC[NH+]1CCC(c2ccccc2)CC1)C=1N=C(N)n2nc(-c3occc3)nc2N=1,0,0,0,0,0,0,0
A2A receptor,P29274,ensemble,37,1.082646107673645,1.05,Cc1cc(-c2nnc(N)nc2-c2cc(F)cc(F)c2)cc(C)n1,Fc1cc(F)cc(-c2c(-c3cc(C)nc(C)c3)nnc(N)n2)c1,1,0,0,0,0,0,0
A2A receptor,P29274,ensemble,38,1.0256046891212462,1.15118723,CN1CCN(CCNc2nc(N)n3nc(-c4ccco4)nc3n2)CC1,N(CCN1CCN(C)CC1)C=1N=C(N)n2nc(-c3occc3)nc2N=1,1,0,0,0,0,0,0
A2A receptor,P29274,ensemble,39,0.9957653164863587,0.94,Cc1cc(-c2nnc(N)nc2-c2ccc(F)cc2)cc(C)n1,Fc1ccc(-c2c(-c3cc(C)nc(C)c3)nnc(N)n2)cc1,1,0,0,0,0,0,0
A2A receptor,P29274,ensemble,40,0.7942754626274109,0.76999998,Nc1nnc(-c2cccc(Cl)c2)c(-c2ccccc2)n1,Clc1cc(-c2c(-c3ccccc3)nc(N)nn2)ccc1,1,0,0,0,0,0,0
A1 receptor,P30542,seed_42,1,2.866903305053711,3.301029996,N#Cc1c(N)nc(SCc2csc(-c3cccc(F)c3)n2)nc1-c1ccc2c(c1)OCO2,NC1=NC(=NC(=C1C#N)C1=CC2=C(OCO2)C=C1)SCC=1N=C(SC1)C1=CC(=CC=C1)F,1,1,1,1,0,0,1
A1 receptor,P30542,seed_42,2,2.7239906787872314,3.315753552,N#Cc1c(N)nc(SCc2csc(-c3ccc(F)cc3)n2)nc1-c1ccc2c(c1)OCO2,NC1=NC(=NC(=C1C#N)C1=CC2=C(OCO2)C=C1)SCC=1N=C(SC1)C1=CC=C(C=C1)F,1,1,1,1,0,1,1
A1 receptor,P30542,seed_42,3,2.6996777057647705,3.134698771,N#Cc1c(N)nc(SCc2csc(-c3ccccc3F)n2)nc1-c1ccc2c(c1)OCO2,NC1=NC(=NC(=C1C#N)C1=CC2=C(OCO2)C=C1)SCC=1N=C(SC1)C1=C(C=CC=C1)F,1,1,1,1,0,0,1
A1 receptor,P30542,seed_42,4,2.6201326847076416,3.330992909,N#Cc1c(N)nc(SCc2csc(-c3ccccc3Cl)n2)nc1-c1ccc2c(c1)OCO2,NC1=NC(=NC(=C1C#N)C1=CC2=C(OCO2)C=C1)SCC=1N=C(SC1)C1=C(C=CC=C1)Cl,0,0,1,1,0,1,1
A1 receptor,P30542,seed_42,5,2.4454164505004883,3.499397192,N#Cc1c(N)nc(SCc2csc(-c3ccc(Cl)cc3)n2)nc1-c1ccc2c(c1)OCO2,NC1=NC(=NC(=C1C#N)C1=CC2=C(OCO2)C=C1)SCC=1N=C(SC1)C1=CC=C(C=C1)Cl,0,0,1,1,1,1,1
A1 receptor,P30542,seed_42,6,2.434831380844116,3.0,Br.C/N=c1\nc(C2C=CC=CC2)n(C2C=CC=CC2)s1,Br.C\N=c1/nc(C2CC=CC=C2)n(s1)C1CC=CC=C1,0,0,0,1,0,0,1
A1 receptor,P30542,seed_42,7,2.4216134548187256,3.54770284,N#Cc1c(N)nc(SCc2csc(-c3ccc(Br)cc3)n2)nc1-c1ccc2c(c1)OCO2,NC1=NC(=NC(=C1C#N)C1=CC2=C(OCO2)C=C1)SCC=1N=C(SC1)C1=CC=C(C=C1)Br,0,0,0,1,1,1,1
A1 receptor,P30542,seed_42,8,2.402554750442505,3.0,Br.c1ccc(-c2n/c(=N/C3CCCC3)sn2-c2ccccc2)cc1,Br.C1CCC(C1)\N=c1\nc(-c2ccccc2)n(s1)-c1ccccc1,0,0,0,1,0,0,0
A1 receptor,P30542,seed_42,9,2.3970117568969727,3.574030725,N#Cc1c(N)nc(SCC2CSC(c3ccc(I)cc3)=N2)nc1-c1ccc2c(c1)OCO2,N#Cc3c(N)nc(SCC2CSC(c1ccc(I)cc1)=N2)nc3c5ccc4OCOc4c5,0,0,0,1,1,1,1
A1 receptor,P30542,seed_42,10,2.2647154331207275,3.286789276,N#Cc1c(N)nc(SCc2csc(-c3ccc(Cl)cc3)n2)nc1-c1ccccc1,NC1=NC(=NC(=C1C#N)C1=CC=CC=C1)SCC=1N=C(SC1)C1=CC=C(C=C1)Cl,0,0,0,1,0,0,1
A1 receptor,P30542,seed_42,11,2.224351167678833,3.246672078,N#Cc1c(N)nc(SCc2csc(-c3cccc(Cl)c3)n2)nc1-c1ccc2c(c1)OCO2,NC1=NC(=NC(=C1C#N)C1=CC2=C(OCO2)C=C1)SCC=1N=C(SC1)C1=CC(=CC=C1)Cl,0,0,0,0,0,0,1
A1 receptor,P30542,seed_42,12,1.70862877368927,2.26227738,N#Cc1c(N)nc(SCc2coc(-c3cccc(F)c3)n2)nc1-c1ccc2c(c1)OCO2,NC1=NC(=NC(=C1C#N)C1=CC2=C(OCO2)C=C1)SCC=1N=C(OC1)C1=CC(=CC=C1)F,1,0,0,0,0,0,0
A1 receptor,P30542,seed_42,13,1.3431020975112915,1.838631998,N#Cc1c(N)nc(SCc2csc(N3CCOCC3)n2)nc1-c1ccc2c(c1)OCO2,NC1=NC(=NC(=C1C#N)C1=CC2=C(OCO2)C=C1)SCC=1N=C(SC1)N1CCOCC1,1,0,0,0,0,0,0
A1 receptor,P30542,seed_142,1,2.8908021450042725,3.315753552,N#Cc1c(N)nc(SCc2csc(-c3ccc(F)cc3)n2)nc1-c1ccc2c(c1)OCO2,NC1=NC(=NC(=C1C#N)C1=CC2=C(OCO2)C=C1)SCC=1N=C(SC1)C1=CC=C(C=C1)F,1,1,1,1,0,1,1
A1 receptor,P30542,seed_142,2,2.8347861766815186,3.301029996,N#Cc1c(N)nc(SCc2csc(-c3cccc(F)c3)n2)nc1-c1ccc2c(c1)OCO2,NC1=NC(=NC(=C1C#N)C1=CC2=C(OCO2)C=C1)SCC=1N=C(SC1)C1=CC(=CC=C1)F,1,1,1,1,0,0,1
A1 receptor,P30542,seed_142,3,2.7258193492889404,3.134698771,N#Cc1c(N)nc(SCc2csc(-c3ccccc3F)n2)nc1-c1ccc2c(c1)OCO2,NC1=NC(=NC(=C1C#N)C1=CC2=C(OCO2)C=C1)SCC=1N=C(SC1)C1=C(C=CC=C1)F,1,1,1,1,0,0,1
A1 receptor,P30542,seed_142,4,2.6661016941070557,3.330992909,N#Cc1c(N)nc(SCc2csc(-c3ccccc3Cl)n2)nc1-c1ccc2c(c1)OCO2,NC1=NC(=NC(=C1C#N)C1=CC2=C(OCO2)C=C1)SCC=1N=C(SC1)C1=C(C=CC=C1)Cl,0,0,1,1,0,1,1
A1 receptor,P30542,seed_142,5,2.6310338973999023,3.54770284,N#Cc1c(N)nc(SCc2csc(-c3ccc(Br)cc3)n2)nc1-c1ccc2c(c1)OCO2,NC1=NC(=NC(=C1C#N)C1=CC2=C(OCO2)C=C1)SCC=1N=C(SC1)C1=CC=C(C=C1)Br,0,0,1,1,1,1,1
A1 receptor,P30542,seed_142,6,2.4827072620391846,3.0,Br.c1ccc(-c2n/c(=N/C3CCCC3)sn2-c2ccccc2)cc1,Br.C1CCC(C1)\N=c1\nc(-c2ccccc2)n(s1)-c1ccccc1,0,0,0,1,0,0,0
A1 receptor,P30542,seed_142,7,2.4623701572418213,3.499397192,N#Cc1c(N)nc(SCc2csc(-c3ccc(Cl)cc3)n2)nc1-c1ccc2c(c1)OCO2,NC1=NC(=NC(=C1C#N)C1=CC2=C(OCO2)C=C1)SCC=1N=C(SC1)C1=CC=C(C=C1)Cl,0,0,0,1,1,1,1
A1 receptor,P30542,seed_142,8,2.4480578899383545,3.0,Br.C/N=c1\nc(C2C=CC=CC2)n(C2C=CC=CC2)s1,Br.C\N=c1/nc(C2CC=CC=C2)n(s1)C1CC=CC=C1,0,0,0,1,0,0,1
A1 receptor,P30542,seed_142,9,2.4235708713531494,3.246672078,N#Cc1c(N)nc(SCc2csc(-c3cccc(Cl)c3)n2)nc1-c1ccc2c(c1)OCO2,NC1=NC(=NC(=C1C#N)C1=CC2=C(OCO2)C=C1)SCC=1N=C(SC1)C1=CC(=CC=C1)Cl,0,0,0,1,0,0,1
A1 receptor,P30542,seed_142,10,2.3458621501922607,3.574030725,N#Cc1c(N)nc(SCC2CSC(c3ccc(I)cc3)=N2)nc1-c1ccc2c(c1)OCO2,N#Cc3c(N)nc(SCC2CSC(c1ccc(I)cc1)=N2)nc3c5ccc4OCOc4c5,0,0,0,1,1,1,1
A1 receptor,P30542,seed_142,11,2.162980318069458,3.286789276,N#Cc1c(N)nc(SCc2csc(-c3ccc(Cl)cc3)n2)nc1-c1ccccc1,NC1=NC(=NC(=C1C#N)C1=CC=CC=C1)SCC=1N=C(SC1)C1=CC=C(C=C1)Cl,0,0,0,0,0,0,1
A1 receptor,P30542,seed_142,12,2.0526835918426514,2.26227738,N#Cc1c(N)nc(SCc2coc(-c3cccc(F)c3)n2)nc1-c1ccc2c(c1)OCO2,NC1=NC(=NC(=C1C#N)C1=CC2=C(OCO2)C=C1)SCC=1N=C(OC1)C1=CC(=CC=C1)F,1,0,0,0,0,0,0
A1 receptor,P30542,seed_142,13,1.4905383586883545,1.838631998,N#Cc1c(N)nc(SCc2csc(N3CCOCC3)n2)nc1-c1ccc2c(c1)OCO2,NC1=NC(=NC(=C1C#N)C1=CC2=C(OCO2)C=C1)SCC=1N=C(SC1)N1CCOCC1,1,0,0,0,0,0,0
A1 receptor,P30542,seed_242,1,2.9378416538238525,3.301029996,N#Cc1c(N)nc(SCc2csc(-c3cccc(F)c3)n2)nc1-c1ccc2c(c1)OCO2,NC1=NC(=NC(=C1C#N)C1=CC2=C(OCO2)C=C1)SCC=1N=C(SC1)C1=CC(=CC=C1)F,1,1,1,1,0,0,1
A1 receptor,P30542,seed_242,2,2.831817865371704,3.134698771,N#Cc1c(N)nc(SCc2csc(-c3ccccc3F)n2)nc1-c1ccc2c(c1)OCO2,NC1=NC(=NC(=C1C#N)C1=CC2=C(OCO2)C=C1)SCC=1N=C(SC1)C1=C(C=CC=C1)F,1,1,1,1,0,0,1
A1 receptor,P30542,seed_242,3,2.818556785583496,3.315753552,N#Cc1c(N)nc(SCc2csc(-c3ccc(F)cc3)n2)nc1-c1ccc2c(c1)OCO2,NC1=NC(=NC(=C1C#N)C1=CC2=C(OCO2)C=C1)SCC=1N=C(SC1)C1=CC=C(C=C1)F,1,1,1,1,0,1,1
A1 receptor,P30542,seed_242,4,2.6190309524536133,3.54770284,N#Cc1c(N)nc(SCc2csc(-c3ccc(Br)cc3)n2)nc1-c1ccc2c(c1)OCO2,NC1=NC(=NC(=C1C#N)C1=CC2=C(OCO2)C=C1)SCC=1N=C(SC1)C1=CC=C(C=C1)Br,0,0,1,1,1,1,1
A1 receptor,P30542,seed_242,5,2.441606283187866,3.499397192,N#Cc1c(N)nc(SCc2csc(-c3ccc(Cl)cc3)n2)nc1-c1ccc2c(c1)OCO2,NC1=NC(=NC(=C1C#N)C1=CC2=C(OCO2)C=C1)SCC=1N=C(SC1)C1=CC=C(C=C1)Cl,0,0,1,1,1,1,1
A1 receptor,P30542,seed_242,6,2.4264919757843018,3.246672078,N#Cc1c(N)nc(SCc2csc(-c3cccc(Cl)c3)n2)nc1-c1ccc2c(c1)OCO2,NC1=NC(=NC(=C1C#N)C1=CC2=C(OCO2)C=C1)SCC=1N=C(SC1)C1=CC(=CC=C1)Cl,0,0,0,1,0,0,1
A1 receptor,P30542,seed_242,7,2.4078309535980225,3.330992909,N#Cc1c(N)nc(SCc2csc(-c3ccccc3Cl)n2)nc1-c1ccc2c(c1)OCO2,NC1=NC(=NC(=C1C#N)C1=CC2=C(OCO2)C=C1)SCC=1N=C(SC1)C1=C(C=CC=C1)Cl,0,0,0,1,0,1,1
A1 receptor,P30542,seed_242,8,2.398498773574829,3.574030725,N#Cc1c(N)nc(SCC2CSC(c3ccc(I)cc3)=N2)nc1-c1ccc2c(c1)OCO2,N#Cc3c(N)nc(SCC2CSC(c1ccc(I)cc1)=N2)nc3c5ccc4OCOc4c5,0,0,0,1,1,1,1
A1 receptor,P30542,seed_242,9,2.3084778785705566,3.286789276,N#Cc1c(N)nc(SCc2csc(-c3ccc(Cl)cc3)n2)nc1-c1ccccc1,NC1=NC(=NC(=C1C#N)C1=CC=CC=C1)SCC=1N=C(SC1)C1=CC=C(C=C1)Cl,0,0,0,1,0,0,1
A1 receptor,P30542,seed_242,10,2.2905495166778564,3.0,Br.c1ccc(-c2n/c(=N/C3CCCC3)sn2-c2ccccc2)cc1,Br.C1CCC(C1)\N=c1\nc(-c2ccccc2)n(s1)-c1ccccc1,0,0,0,1,0,0,0
A1 receptor,P30542,seed_242,11,2.2221086025238037,3.0,Br.C/N=c1\nc(C2C=CC=CC2)n(C2C=CC=CC2)s1,Br.C\N=c1/nc(C2CC=CC=C2)n(s1)C1CC=CC=C1,0,0,0,0,0,0,1
A1 receptor,P30542,seed_242,12,1.9456669092178345,2.26227738,N#Cc1c(N)nc(SCc2coc(-c3cccc(F)c3)n2)nc1-c1ccc2c(c1)OCO2,NC1=NC(=NC(=C1C#N)C1=CC2=C(OCO2)C=C1)SCC=1N=C(OC1)C1=CC(=CC=C1)F,1,0,0,0,0,0,0
A1 receptor,P30542,seed_242,13,1.2932764291763306,1.838631998,N#Cc1c(N)nc(SCc2csc(N3CCOCC3)n2)nc1-c1ccc2c(c1)OCO2,NC1=NC(=NC(=C1C#N)C1=CC2=C(OCO2)C=C1)SCC=1N=C(SC1)N1CCOCC1,1,0,0,0,0,0,0
A1 receptor,P30542,seed_342,1,3.1053507328033447,3.315753552,N#Cc1c(N)nc(SCc2csc(-c3ccc(F)cc3)n2)nc1-c1ccc2c(c1)OCO2,NC1=NC(=NC(=C1C#N)C1=CC2=C(OCO2)C=C1)SCC=1N=C(SC1)C1=CC=C(C=C1)F,1,1,1,1,0,1,1
A1 receptor,P30542,seed_342,2,3.0283634662628174,3.301029996,N#Cc1c(N)nc(SCc2csc(-c3cccc(F)c3)n2)nc1-c1ccc2c(c1)OCO2,NC1=NC(=NC(=C1C#N)C1=CC2=C(OCO2)C=C1)SCC=1N=C(SC1)C1=CC(=CC=C1)F,1,1,1,1,0,0,1
A1 receptor,P30542,seed_342,3,3.0046184062957764,3.134698771,N#Cc1c(N)nc(SCc2csc(-c3ccccc3F)n2)nc1-c1ccc2c(c1)OCO2,NC1=NC(=NC(=C1C#N)C1=CC2=C(OCO2)C=C1)SCC=1N=C(SC1)C1=C(C=CC=C1)F,1,1,1,1,0,0,1
A1 receptor,P30542,seed_342,4,2.8099558353424072,3.330992909,N#Cc1c(N)nc(SCc2csc(-c3ccccc3Cl)n2)nc1-c1ccc2c(c1)OCO2,NC1=NC(=NC(=C1C#N)C1=CC2=C(OCO2)C=C1)SCC=1N=C(SC1)C1=C(C=CC=C1)Cl,0,0,1,1,0,1,1
A1 receptor,P30542,seed_342,5,2.73193097114563,3.499397192,N#Cc1c(N)nc(SCc2csc(-c3ccc(Cl)cc3)n2)nc1-c1ccc2c(c1)OCO2,NC1=NC(=NC(=C1C#N)C1=CC2=C(OCO2)C=C1)SCC=1N=C(SC1)C1=CC=C(C=C1)Cl,0,0,1,1,1,1,1
A1 receptor,P30542,seed_342,6,2.7117960453033447,3.246672078,N#Cc1c(N)nc(SCc2csc(-c3cccc(Cl)c3)n2)nc1-c1ccc2c(c1)OCO2,NC1=NC(=NC(=C1C#N)C1=CC2=C(OCO2)C=C1)SCC=1N=C(SC1)C1=CC(=CC=C1)Cl,0,0,0,1,0,0,1
A1 receptor,P30542,seed_342,7,2.6981923580169678,3.54770284,N#Cc1c(N)nc(SCc2csc(-c3ccc(Br)cc3)n2)nc1-c1ccc2c(c1)OCO2,NC1=NC(=NC(=C1C#N)C1=CC2=C(OCO2)C=C1)SCC=1N=C(SC1)C1=CC=C(C=C1)Br,0,0,0,1,1,1,1
A1 receptor,P30542,seed_342,8,2.423274278640747,3.0,Br.C/N=c1\nc(C2C=CC=CC2)n(C2C=CC=CC2)s1,Br.C\N=c1/nc(C2CC=CC=C2)n(s1)C1CC=CC=C1,0,0,0,1,0,0,1
A1 receptor,P30542,seed_342,9,2.3622214794158936,3.286789276,N#Cc1c(N)nc(SCc2csc(-c3ccc(Cl)cc3)n2)nc1-c1ccccc1,NC1=NC(=NC(=C1C#N)C1=CC=CC=C1)SCC=1N=C(SC1)C1=CC=C(C=C1)Cl,0,0,0,1,0,0,1
A1 receptor,P30542,seed_342,10,2.349973440170288,3.574030725,N#Cc1c(N)nc(SCC2CSC(c3ccc(I)cc3)=N2)nc1-c1ccc2c(c1)OCO2,N#Cc3c(N)nc(SCC2CSC(c1ccc(I)cc1)=N2)nc3c5ccc4OCOc4c5,0,0,0,1,1,1,1
A1 receptor,P30542,seed_342,11,2.0617175102233887,2.26227738,N#Cc1c(N)nc(SCc2coc(-c3cccc(F)c3)n2)nc1-c1ccc2c(c1)OCO2,NC1=NC(=NC(=C1C#N)C1=CC2=C(OCO2)C=C1)SCC=1N=C(OC1)C1=CC(=CC=C1)F,1,0,0,0,0,0,0
A1 receptor,P30542,seed_342,12,1.988525390625,3.0,Br.c1ccc(-c2n/c(=N/C3CCCC3)sn2-c2ccccc2)cc1,Br.C1CCC(C1)\N=c1\nc(-c2ccccc2)n(s1)-c1ccccc1,0,0,0,0,0,0,0
A1 receptor,P30542,seed_342,13,1.382424235343933,1.838631998,N#Cc1c(N)nc(SCc2csc(N3CCOCC3)n2)nc1-c1ccc2c(c1)OCO2,NC1=NC(=NC(=C1C#N)C1=CC2=C(OCO2)C=C1)SCC=1N=C(SC1)N1CCOCC1,1,0,0,0,0,0,0
A1 receptor,P30542,seed_442,1,2.9163382053375244,3.315753552,N#Cc1c(N)nc(SCc2csc(-c3ccc(F)cc3)n2)nc1-c1ccc2c(c1)OCO2,NC1=NC(=NC(=C1C#N)C1=CC2=C(OCO2)C=C1)SCC=1N=C(SC1)C1=CC=C(C=C1)F,1,1,1,1,0,1,1
A1 receptor,P30542,seed_442,2,2.7975449562072754,3.134698771,N#Cc1c(N)nc(SCc2csc(-c3ccccc3F)n2)nc1-c1ccc2c(c1)OCO2,NC1=NC(=NC(=C1C#N)C1=CC2=C(OCO2)C=C1)SCC=1N=C(SC1)C1=C(C=CC=C1)F,1,1,1,1,0,0,1
A1 receptor,P30542,seed_442,3,2.790804862976074,3.301029996,N#Cc1c(N)nc(SCc2csc(-c3cccc(F)c3)n2)nc1-c1ccc2c(c1)OCO2,NC1=NC(=NC(=C1C#N)C1=CC2=C(OCO2)C=C1)SCC=1N=C(SC1)C1=CC(=CC=C1)F,1,1,1,1,0,0,1
A1 receptor,P30542,seed_442,4,2.6454827785491943,3.330992909,N#Cc1c(N)nc(SCc2csc(-c3ccccc3Cl)n2)nc1-c1ccc2c(c1)OCO2,NC1=NC(=NC(=C1C#N)C1=CC2=C(OCO2)C=C1)SCC=1N=C(SC1)C1=C(C=CC=C1)Cl,0,0,1,1,0,1,1
A1 receptor,P30542,seed_442,5,2.644688129425049,3.54770284,N#Cc1c(N)nc(SCc2csc(-c3ccc(Br)cc3)n2)nc1-c1ccc2c(c1)OCO2,NC1=NC(=NC(=C1C#N)C1=CC2=C(OCO2)C=C1)SCC=1N=C(SC1)C1=CC=C(C=C1)Br,0,0,1,1,1,1,1
A1 receptor,P30542,seed_442,6,2.6016438007354736,3.499397192,N#Cc1c(N)nc(SCc2csc(-c3ccc(Cl)cc3)n2)nc1-c1ccc2c(c1)OCO2,NC1=NC(=NC(=C1C#N)C1=CC2=C(OCO2)C=C1)SCC=1N=C(SC1)C1=CC=C(C=C1)Cl,0,0,0,1,1,1,1
A1 receptor,P30542,seed_442,7,2.535524368286133,3.0,Br.C/N=c1\nc(C2C=CC=CC2)n(C2C=CC=CC2)s1,Br.C\N=c1/nc(C2CC=CC=C2)n(s1)C1CC=CC=C1,0,0,0,1,0,0,1
A1 receptor,P30542,seed_442,8,2.3989977836608887,3.246672078,N#Cc1c(N)nc(SCc2csc(-c3cccc(Cl)c3)n2)nc1-c1ccc2c(c1)OCO2,NC1=NC(=NC(=C1C#N)C1=CC2=C(OCO2)C=C1)SCC=1N=C(SC1)C1=CC(=CC=C1)Cl,0,0,0,1,0,0,1
A1 receptor,P30542,seed_442,9,2.3593199253082275,3.574030725,N#Cc1c(N)nc(SCC2CSC(c3ccc(I)cc3)=N2)nc1-c1ccc2c(c1)OCO2,N#Cc3c(N)nc(SCC2CSC(c1ccc(I)cc1)=N2)nc3c5ccc4OCOc4c5,0,0,0,1,1,1,1
A1 receptor,P30542,seed_442,10,2.2486512660980225,3.286789276,N#Cc1c(N)nc(SCc2csc(-c3ccc(Cl)cc3)n2)nc1-c1ccccc1,NC1=NC(=NC(=C1C#N)C1=CC=CC=C1)SCC=1N=C(SC1)C1=CC=C(C=C1)Cl,0,0,0,1,0,0,1
A1 receptor,P30542,seed_442,11,2.235582113265991,3.0,Br.c1ccc(-c2n/c(=N/C3CCCC3)sn2-c2ccccc2)cc1,Br.C1CCC(C1)\N=c1\nc(-c2ccccc2)n(s1)-c1ccccc1,0,0,0,0,0,0,0
A1 receptor,P30542,seed_442,12,1.8395578861236572,2.26227738,N#Cc1c(N)nc(SCc2coc(-c3cccc(F)c3)n2)nc1-c1ccc2c(c1)OCO2,NC1=NC(=NC(=C1C#N)C1=CC2=C(OCO2)C=C1)SCC=1N=C(OC1)C1=CC(=CC=C1)F,1,0,0,0,0,0,0
A1 receptor,P30542,seed_442,13,1.5113316774368286,1.838631998,N#Cc1c(N)nc(SCc2csc(N3CCOCC3)n2)nc1-c1ccc2c(c1)OCO2,NC1=NC(=NC(=C1C#N)C1=CC2=C(OCO2)C=C1)SCC=1N=C(SC1)N1CCOCC1,1,0,0,0,0,0,0
A1 receptor,P30542,ensemble,1,2.8917398929595945,3.301029996,N#Cc1c(N)nc(SCc2csc(-c3cccc(F)c3)n2)nc1-c1ccc2c(c1)OCO2,NC1=NC(=NC(=C1C#N)C1=CC2=C(OCO2)C=C1)SCC=1N=C(SC1)C1=CC(=CC=C1)F,1,1,1,1,0,0,1
A1 receptor,P30542,ensemble,2,2.8910077095031737,3.315753552,N#Cc1c(N)nc(SCc2csc(-c3ccc(F)cc3)n2)nc1-c1ccc2c(c1)OCO2,NC1=NC(=NC(=C1C#N)C1=CC2=C(OCO2)C=C1)SCC=1N=C(SC1)C1=CC=C(C=C1)F,1,1,1,1,0,1,1
A1 receptor,P30542,ensemble,3,2.811895656585693,3.134698771,N#Cc1c(N)nc(SCc2csc(-c3ccccc3F)n2)nc1-c1ccc2c(c1)OCO2,NC1=NC(=NC(=C1C#N)C1=CC2=C(OCO2)C=C1)SCC=1N=C(SC1)C1=C(C=CC=C1)F,1,1,1,1,0,0,1
A1 receptor,P30542,ensemble,4,2.6299007892608643,3.330992909,N#Cc1c(N)nc(SCc2csc(-c3ccccc3Cl)n2)nc1-c1ccc2c(c1)OCO2,NC1=NC(=NC(=C1C#N)C1=CC2=C(OCO2)C=C1)SCC=1N=C(SC1)C1=C(C=CC=C1)Cl,0,0,1,1,0,1,1
A1 receptor,P30542,ensemble,5,2.6029117584228514,3.54770284,N#Cc1c(N)nc(SCc2csc(-c3ccc(Br)cc3)n2)nc1-c1ccc2c(c1)OCO2,NC1=NC(=NC(=C1C#N)C1=CC2=C(OCO2)C=C1)SCC=1N=C(SC1)C1=CC=C(C=C1)Br,0,0,1,1,1,1,1
A1 receptor,P30542,ensemble,6,2.536593532562256,3.499397192,N#Cc1c(N)nc(SCc2csc(-c3ccc(Cl)cc3)n2)nc1-c1ccc2c(c1)OCO2,NC1=NC(=NC(=C1C#N)C1=CC2=C(OCO2)C=C1)SCC=1N=C(SC1)C1=CC=C(C=C1)Cl,0,0,0,1,1,1,1
A1 receptor,P30542,ensemble,7,2.4370415687561033,3.246672078,N#Cc1c(N)nc(SCc2csc(-c3cccc(Cl)c3)n2)nc1-c1ccc2c(c1)OCO2,NC1=NC(=NC(=C1C#N)C1=CC2=C(OCO2)C=C1)SCC=1N=C(SC1)C1=CC(=CC=C1)Cl,0,0,0,1,0,0,1
A1 receptor,P30542,ensemble,8,2.412759304046631,3.0,Br.C/N=c1\nc(C2C=CC=CC2)n(C2C=CC=CC2)s1,Br.C\N=c1/nc(C2CC=CC=C2)n(s1)C1CC=CC=C1,0,0,0,1,0,0,1
A1 receptor,P30542,ensemble,9,2.3701332092285154,3.574030725,N#Cc1c(N)nc(SCC2CSC(c3ccc(I)cc3)=N2)nc1-c1ccc2c(c1)OCO2,N#Cc3c(N)nc(SCC2CSC(c1ccc(I)cc1)=N2)nc3c5ccc4OCOc4c5,0,0,0,1,1,1,1
A1 receptor,P30542,ensemble,10,2.2799838066101072,3.0,Br.c1ccc(-c2n/c(=N/C3CCCC3)sn2-c2ccccc2)cc1,Br.C1CCC(C1)\N=c1\nc(-c2ccccc2)n(s1)-c1ccccc1,0,0,0,1,0,0,0
A1 receptor,P30542,ensemble,11,2.2694092750549317,3.286789276,N#Cc1c(N)nc(SCc2csc(-c3ccc(Cl)cc3)n2)nc1-c1ccccc1,NC1=NC(=NC(=C1C#N)C1=CC=CC=C1)SCC=1N=C(SC1)C1=CC=C(C=C1)Cl,0,0,0,0,0,0,1
A1 receptor,P30542,ensemble,12,1.9216509342193604,2.26227738,N#Cc1c(N)nc(SCc2coc(-c3cccc(F)c3)n2)nc1-c1ccc2c(c1)OCO2,NC1=NC(=NC(=C1C#N)C1=CC2=C(OCO2)C=C1)SCC=1N=C(OC1)C1=CC(=CC=C1)F,1,0,0,0,0,0,0
A1 receptor,P30542,ensemble,13,1.4041345596313477,1.838631998,N#Cc1c(N)nc(SCc2csc(N3CCOCC3)n2)nc1-c1ccc2c(c1)OCO2,NC1=NC(=NC(=C1C#N)C1=CC2=C(OCO2)C=C1)SCC=1N=C(SC1)N1CCOCC1,1,0,0,0,0,0,0
