compound_id,target_name,uniprot_id,category,canonical_smiles,representative_smiles,n_measurements,observed_pkoff,observed_pkoff_sd,observed_pkoff_min,observed_pkoff_max,predicted_pkoff_seed_42,predicted_pkoff_seed_142,predicted_pkoff_seed_242,predicted_pkoff_seed_342,predicted_pkoff_seed_442,predicted_pkoff_mean,predicted_pkoff_sd_across_seeds,seed_mean_ci95_low,seed_mean_ci95_high,error,absolute_error
compound_0001,AURKA,O14965,Kinases,Cc1ccc([N+](=O)[O-])cc1S(=O)(=O)N(C)/N=C/c1cnc2ccc(Br)cn12,BrC1=Cn2c(/C=N/N(S(=O)(=O)c3c(C)ccc([N+](=O)[O-])c3)C)cnc2C=C1,1,1.98,0.0,1.98,1.98,2.162747621536255,2.2480013370513916,2.3082001209259033,1.9260778427124023,2.3724429607391357,2.2034939765930175,0.17328301837436005,1.9883346911774928,2.418653262008542,0.2234939765930175,0.2234939765930175
compound_0002,AURKA,O14965,Kinases,O=C(Nc1cccc(Nc2ncc(Br)c(NCCc3cnc[nH]3)n2)c1)N1CCCC1,Brc1c(NCCc2[nH]cnc2)nc(Nc2cc(NC(=O)N3CCCC3)ccc2)nc1,1,1.62873165,0.0,1.62873165,1.62873165,1.883604645729065,1.8516664505004883,1.790794849395752,1.5843591690063477,1.872768521308899,1.7966387271881104,0.12397946261678344,1.6426978919402007,1.95057956243602,0.16790707718811038,0.16790707718811038
compound_0003,AURKA,O14965,Kinases,COC(=O)c1ccc2c(c1)C(=Cc1cc(Br)c(O)c(Br)c1)C(=O)N2,Brc1c(O)c(Br)cc(C=C2C(=O)Nc3c2cc(C(=O)OC)cc3)c1,1,1.2720252,0.0,1.2720252,1.2720252,1.4197574853897095,1.2844709157943726,1.3561562299728394,1.1391355991363525,1.4360034465789795,1.3271047353744507,0.12086923665255044,1.1770257557326078,1.4771837150162936,0.05507953537445065,0.05507953537445065
compound_0004,AURKA,O14965,Kinases,COc1cc2ncnc(Nc3ccc(O)c(Br)c3)c2cc1OC,Brc1c(O)ccc(Nc2ncnc3c2cc(OC)c(OC)c3)c1,1,1.8,0.0,1.8,1.8,1.876936435699463,1.9387755393981934,1.827786922454834,1.60903000831604,1.791935682296753,1.8088929176330566,0.12458845206976152,1.6541959221060982,1.963589913160015,0.008892917633056552,0.008892917633056552
compound_0005,AURKA,O14965,Kinases,COc1cc2c(Nc3ccc(Br)cc3F)ncnc2cc1OCC1CCN(C)CC1,Brc1cc(F)c(Nc2ncnc3c2cc(OC)c(OCC2CCN(C)CC2)c3)cc1,1,2.22,0.0,2.22,2.22,2.6380350589752197,2.4625136852264404,2.6261255741119385,2.2992074489593506,2.7591121196746826,2.556998777389526,0.1785910116319378,2.335248747843359,2.7787488069356936,0.336998777389526,0.336998777389526
compound_0006,AURKA,O14965,Kinases,COc1cc2ncnc(Nc3cccc(Br)c3)c2cc1OC,Brc1cc(Nc2ncnc3c2cc(OC)c(OC)c3)ccc1,1,1.97,0.0,1.97,1.97,2.2373745441436768,2.1334140300750732,2.3003792762756348,1.801497220993042,2.3673999309539795,2.168013000488281,0.22227117903434038,1.8920268796430368,2.4439991213335253,0.1980130004882812,0.1980130004882812
compound_0007,AURKA,O14965,Kinases,CC(Oc1cc(-c2cnn(C3CCNCC3)c2)cnc1N)c1c(Cl)ccc(F)c1Cl,Clc1c(C(Oc2c(N)ncc(-c3cn(C4CCNCC4)nc3)c2)C)c(Cl)ccc1F,1,1.1933678,0.0,1.1933678,1.1933678,2.7131645679473877,2.6749510765075684,2.712521553039551,2.3557398319244385,2.58819317817688,2.608914041519165,0.15040787319455073,2.422158000327094,2.795670082711236,1.4155462415191649,1.4155462415191649
compound_0008,AURKA,O14965,Kinases,CC(Oc1ccc2[nH]nc(C=Cc3cnn(CCO)c3)c2c1)c1c(Cl)cncc1Cl,Clc1c(C(Oc2cc3c(C=Cc4cn(CCO)nc4)n[nH]c3cc2)C)c(Cl)cnc1,1,2.1448445,0.0,2.1448445,2.1448445,2.1781771183013916,2.349301815032959,2.280200719833374,1.9977149963378906,2.3893253803253174,2.2389440059661867,0.1568275884036292,2.044216835520282,2.4336711764120915,0.09409950596618666,0.09409950596618666
compound_0009,AURKA,O14965,Kinases,CN1CC[C@H](c2c(O)cc(O)c3c(=O)cc(-c4ccccc4Cl)oc23)[C@H](O)C1,Clc1c(C=2Oc3c([C@@H]4[C@H](O)CN(C)CC4)c(O)cc(O)c3C(=O)C=2)cccc1,1,2.47,0.0,2.47,2.47,2.4530184268951416,2.402686357498169,2.4726288318634033,2.1966474056243896,2.2450363636016846,2.3540034770965574,0.12538014493325117,2.198323465043369,2.509683489149746,-0.11599652290344276,0.11599652290344276
compound_0010,AURKA,O14965,Kinases,Cc1[nH]c(/C=C2\C(=O)Nc3ccc(S(=O)(=O)Cc4c(Cl)cccc4Cl)cc32)c(C)c1C(=O)N1CCC[C@@H]1CN1CCCC1,Clc1c(CS(=O)(=O)c2cc3/C(=C/c4c(C)c(C(=O)N5[C@@H](CN6CCCC6)CCC5)c(C)[nH]4)/C(=O)Nc3cc2)c(Cl)ccc1,1,1.84,0.0,1.84,1.84,2.055330514907837,2.0021119117736816,1.8186603784561157,1.7964797019958496,1.9316684007644653,1.9208501815795898,0.11260132633194177,1.7810371685232238,2.0606631946359557,0.08085018157958967,0.08085018157958967
compound_0011,AURKA,O14965,Kinases,O=C(O)C1(Cc2cccc(Nc3nccs3)n2)CCC(Oc2cccc(Cl)c2F)CC1,Clc1c(F)c(OC2CCC(C(=O)O)(Cc3nc(Nc4sccn4)ccc3)CC2)ccc1,1,1.8099999,0.0,1.8099999,1.8099999,2.7170660495758057,2.7542614936828613,2.697842836380005,2.3870208263397217,2.6324853897094727,2.6377353191375734,0.14694382126594815,2.4552804665131567,2.82019017176199,0.8277354191375734,0.8277354191375734
compound_0012,AURKA,O14965,Kinases,C=CC(=O)Nc1cc2c(Nc3ccc(F)c(Cl)c3)ncnc2cc1OCCCN1CCOCC1,Clc1c(F)ccc(Nc2ncnc3c2cc(NC(=O)C=C)c(OCCCN2CCOCC2)c3)c1,1,1.09,0.0,1.09,1.09,1.042592167854309,1.0561535358428955,1.235627293586731,0.7287164926528931,1.096817970275879,1.0319814920425414,0.18597171518388864,0.8010671086145021,1.2628958754705806,-0.058018507957458665,0.058018507957458665
compound_0013,AURKA,O14965,Kinases,Nc1nccc(Oc2ccc(NC(=O)c3c[nH]cc(-c4ccc(F)cc4)c3=O)cc2F)c1Cl,Clc1c(N)nccc1Oc1c(F)cc(NC(=O)C=2C(=O)C(c3ccc(F)cc3)=CNC=2)cc1,1,2.6600001,0.0,2.6600001,2.6600001,2.454860210418701,2.3709428310394287,2.38903546333313,2.515672445297241,2.444476366043091,2.4349974632263183,0.05746375465361019,2.3636467878713163,2.50634813858132,-0.2250026367736817,0.2250026367736817
compound_0014,AURKA,O14965,Kinases,CCOc1ccn(-c2ccc(F)cc2)c(=O)c1C(=O)Nc1ccc(Oc2ccnc(N)c2Cl)c(F)c1,Clc1c(N)nccc1Oc1c(F)cc(NC(=O)C=2C(=O)N(c3ccc(F)cc3)C=CC=2OCC)cc1,1,2.01,0.0,2.01,2.01,2.5728061199188232,2.4789745807647705,2.39518666267395,2.624192953109741,2.537372350692749,2.521706533432007,0.08830819506608883,2.412057426872089,2.631355639991925,0.5117065334320072,0.5117065334320072
compound_0015,AURKA,O14965,Kinases,CN(C)c1ccc(-c2nc3ncc(Cl)c(N4CCN(CC(=O)Nc5nccs5)CC4)c3[nH]2)cc1,Clc1c(N2CCN(CC(=O)Nc3sccn3)CC2)c2[nH]c(-c3ccc(N(C)C)cc3)nc2nc1,1,2.1700001,0.0,2.1700001,2.1700001,2.29894757270813,2.397474527359009,2.2628278732299805,2.21553635597229,2.3656094074249268,2.308079147338867,0.07415607947455714,2.2160022132073722,2.400156081470362,0.1380790473388669,0.1380790473388669
compound_0016,AURKA,O14965,Kinases,COc1cc2nccc(Oc3ccc(NC(=O)NC4CC4)c(Cl)c3)c2cc1C(N)=O,Clc1c(NC(=O)NC2CC2)ccc(Oc2c3c(ncc2)cc(OC)c(C(=O)N)c3)c1,1,2.05,0.0,2.05,2.05,2.245851516723633,2.3592934608459473,2.151132822036743,2.075693368911743,2.1744790077209473,2.2012900352478026,0.10719131023658833,2.06819444440674,2.3343856260888654,0.15129003524780282,0.15129003524780282
compound_0017,AURKA,O14965,Kinases,CCCNC(=O)Nc1ccc(Oc2ncnc3cc(OC)c(OC)cc23)cc1Cl,Clc1c(NC(=O)NCCC)ccc(Oc2ncnc3c2cc(OC)c(OC)c3)c1,1,2.22,0.0,2.22,2.22,2.262554883956909,2.2227866649627686,2.1942808628082275,1.974874496459961,2.386258602142334,2.20815110206604,0.14958827747263784,2.0224127233749503,2.39388948075713,-0.011848897933960156,0.011848897933960156
compound_0018,AURKA,O14965,Kinases,COc1cc2nccc(Oc3ccc(NC(=O)Nc4cc(C)on4)c(Cl)c3)c2cc1OC,Clc1c(NC(=O)Nc2noc(C)c2)ccc(Oc2c3c(ncc2)cc(OC)c(OC)c3)c1,1,2.05,0.0,2.05,2.05,2.279937505722046,2.340379476547241,2.4954276084899902,2.310034990310669,2.379135847091675,2.3609830856323244,0.08365622454763043,2.2571101633858817,2.464856007878767,0.3109830856323246,0.3109830856323246
compound_0019,AURKA,O14965,Kinases,CCN1CCN(C(=O)Cc2ccc(Nc3ncc(F)c(Nc4ccc(C(=O)Nc5ccccc5Cl)cc4)n3)cc2)CC1,Clc1c(NC(=O)c2ccc(Nc3c(F)cnc(Nc4ccc(CC(=O)N5CCN(CC)CC5)cc4)n3)cc2)cccc1,1,2.6099999,0.0,2.6099999,2.6099999,2.4110639095306396,2.4915218353271484,2.5681650638580322,2.381514549255371,2.1992111206054688,2.410295295715332,0.13865971436085983,2.2381265203922345,2.5824640710384292,-0.19970460428466819,0.19970460428466819
compound_0020,AURKA,O14965,Kinases,Cc1nc(Nc2ncc(C(=O)Nc3c(C)cccc3Cl)s2)cc(N2CCN(CCO)CC2)n1,Clc1c(NC(=O)c2sc(Nc3nc(C)nc(N4CCN(CCO)CC4)c3)nc2)c(C)ccc1,1,1.6799999,0.0,1.6799999,1.6799999,1.9146699905395508,2.1157724857330322,1.9865347146987915,1.9215902090072632,2.0760762691497803,2.0029287338256836,0.09049668435602269,1.8905622589040003,2.115295208747367,0.3229288338256835,0.3229288338256835
compound_0021,AURKA,O14965,Kinases,CNC(=O)c1ccccc1Nc1nc(Nc2ccc(N3CCOCC3)cc2OC)ncc1Cl,Clc1c(Nc2c(C(=O)NC)cccc2)nc(Nc2c(OC)cc(N3CCOCC3)cc2)nc1,1,2.01,0.0,2.01,2.01,1.97757089138031,2.079570770263672,2.1802244186401367,1.8698062896728516,2.264751672744751,2.0743848085403442,0.15707781924095615,1.87934693547249,2.2694226816081984,0.06438480854034445,0.06438480854034445
compound_0022,AURKA,O14965,Kinases,COc1cc(N2CCC(N(C)C)CC2)ccc1Nc1ncc(Cl)c(Nc2ccccc2P(C)(C)=O)n1,Clc1c(Nc2c(P(=O)(C)C)cccc2)nc(Nc2c(OC)cc(N3CCC(N(C)C)CC3)cc2)nc1,1,1.0608304,0.0,1.0608304,1.0608304,2.090172052383423,2.194495916366577,2.259747266769409,1.8848941326141357,1.9634628295898438,2.0785544395446776,0.15585139458457917,1.8850393738191562,2.272069505270199,1.0177240395446776,1.0177240395446776
compound_0023,AURKA,O14965,Kinases,COc1cc(N2CCC(N3CCN(C)CC3)CC2)ccc1Nc1ncc(Cl)c(Nc2ccccc2S(=O)(=O)C(C)C)n1,Clc1c(Nc2c(S(=O)(=O)C(C)C)cccc2)nc(Nc2c(OC)cc(N3CCC(N4CCN(C)CC4)CC3)cc2)nc1,1,2.46,0.0,2.46,2.46,2.319772720336914,2.3591387271881104,2.229567289352417,2.070708990097046,2.202646255493164,2.23636679649353,0.11253367507268394,2.096637783570218,2.3760958094168423,-0.22363320350646987,0.22363320350646987
compound_0024,AURKA,O14965,Kinases,Cc1cc(Nc2nc(NC(C)c3ncc(F)cn3)ncc2Cl)n[nH]1,Clc1c(Nc2n[nH]c(C)c2)nc(NC(C)c2ncc(F)cn2)nc1,1,1.3411622,0.0,1.3411622,1.3411622,1.3994346857070923,1.3325780630111694,1.4357014894485474,1.1834075450897217,1.3080570697784424,1.3318357706069945,0.09740972309592125,1.210885624363791,1.452785916850198,-0.009326429393005542,0.009326429393005542
compound_0025,AURKA,O14965,Kinases,CC(C)Oc1cc(Nc2nc(NC(C)c3ccc(F)cn3)ncc2Cl)n[nH]1,Clc1c(Nc2n[nH]c(OC(C)C)c2)nc(NC(C)c2ncc(F)cc2)nc1,1,1.1844665,0.0,1.1844665,1.1844665,1.2628971338272095,1.133792519569397,1.4127346277236938,0.9578221440315247,1.1297481060028076,1.1793989062309265,0.16960167964281395,0.9688106065835558,1.3899872058782972,-0.0050675937690736195,0.0050675937690736195
compound_0026,AURKA,O14965,Kinases,CS(=O)(=O)CCNCc1ccc(-c2ccc3ncnc(Nc4ccc(OCc5cccc(F)c5)c(Cl)c4)c3c2)o1,Clc1c(OCc2cc(F)ccc2)ccc(Nc2ncnc3c2cc(-c2oc(CNCCS(=O)(=O)C)cc2)cc3)c1,1,2.1300001,0.0,2.1300001,2.1300001,2.399820566177368,2.359280824661255,2.401228904724121,2.3312175273895264,2.5104241371154785,2.40039439201355,0.06816035232155115,2.3157621364309953,2.4850266475961047,0.2703942920135498,0.2703942920135498
compound_0027,AURKA,O14965,Kinases,C=CC(=O)Nc1cccc(Oc2nc(Nc3ccc(N4CCN(C)CC4)cc3OC)ncc2Cl)c1,Clc1c(Oc2cc(NC(=O)C=C)ccc2)nc(Nc2c(OC)cc(N3CCN(C)CC3)cc2)nc1,1,1.95,0.0,1.95,1.95,2.018669843673706,1.8676857948303223,1.9332879781723022,1.746171236038208,1.8464107513427734,1.8824451208114623,0.10152469702137451,1.7563855595914764,2.008504682031448,-0.06755487918853764,0.06755487918853764
compound_0028,AURKA,O14965,Kinases,C=CC(=O)Nc1cccc(Oc2nc(Nc3ccc(N4CCN(C)CC4)cc3)ncc2Cl)c1,Clc1c(Oc2cc(NC(=O)C=C)ccc2)nc(Nc2ccc(N3CCN(C)CC3)cc2)nc1,1,2.03,0.0,2.03,2.03,2.193938970565796,2.2263731956481934,2.240349531173706,1.9082763195037842,2.1947414875030518,2.1527359008789064,0.13813150308649177,1.9812229864786373,2.3242488152791756,0.12273590087890662,0.12273590087890662
compound_0029,AURKA,O14965,Kinases,C=CC(=O)Nc1cccc(Sc2nc(Nc3ccc(N4CCN(C)CC4)cc3)ncc2Cl)c1,Clc1c(Sc2cc(NC(=O)C=C)ccc2)nc(Nc2ccc(N3CCN(C)CC3)cc2)nc1,1,2.1900001,0.0,2.1900001,2.1900001,2.285557270050049,2.373775005340576,2.384021520614624,2.0233540534973145,2.3998782634735107,2.2933172225952148,0.1573183948632869,2.097980635438267,2.4886538097521624,0.10331712259521497,0.10331712259521497
compound_0030,AURKA,O14965,Kinases,C[C@@H](Oc1cc(-c2cnn(C3CCNCC3)c2)cnc1N)c1c(Cl)ccc(F)c1Cl,Clc1c([C@H](Oc2c(N)ncc(-c3cn(C4CCNCC4)nc3)c2)C)c(Cl)ccc1F,1,1.27,0.0,1.27,1.27,2.7131645679473877,2.6749510765075684,2.712521553039551,2.3557398319244385,2.58819317817688,2.608914041519165,0.15040787319455073,2.422158000327094,2.795670082711236,1.338914041519165,1.338914041519165
compound_0031,AURKA,O14965,Kinases,Cc1cc(Nc2cc(CN3CCOCC3)c3nc(C)c(Cc4ccc(Cl)cc4F)n3n2)n[nH]1,Clc1cc(F)c(Cc2c(C)nc3C(CN4CCOCC4)=CC(Nc4n[nH]c(C)c4)=Nn23)cc1,1,2.39735365,0.0,2.39735365,2.39735365,2.4921562671661377,2.5613954067230225,2.582929849624634,2.3910605907440186,2.604907751083374,2.5264899730682373,0.08670801265000315,2.418827755404932,2.634152190731543,0.1291363230682374,0.1291363230682374
compound_0032,AURKA,O14965,Kinases,Cc1[nH]c(/C=C2\C(=O)Nc3ccc(S(=O)(=O)N(C)c4cccc(Cl)c4)cc32)c(C)c1C(=O)N1CCN(C)CC1,Clc1cc(N(S(=O)(=O)c2cc3/C(=C/c4c(C)c(C(=O)N5CCN(C)CC5)c(C)[nH]4)/C(=O)Nc3cc2)C)ccc1,1,1.92,0.0,1.92,1.92,1.823063850402832,1.7906556129455566,1.8012455701828003,1.528250813484192,1.8362045288085938,1.7558840751647948,0.12849914821491637,1.5963313090264835,1.9154368413031062,-0.1641159248352051,0.1641159248352051
compound_0033,AURKA,O14965,Kinases,O=C(Nc1cccc(Cl)c1)Nc1ncc(CCNc2ncnc3ccsc23)s1,Clc1cc(NC(=O)Nc2sc(CCNc3ncnc4c3scc4)cn2)ccc1,1,2.3199999,0.0,2.3199999,2.3199999,2.643390655517578,2.4201416969299316,2.271759510040283,2.1843631267547607,2.4702041149139404,2.397971820831299,0.17853405397411806,2.1762925135582685,2.6196511281043295,0.077971920831299,0.077971920831299
compound_0034,AURKA,O14965,Kinases,O=C(O)c1ccc2c(c1)nc(Nc1cccc(Cl)c1)c1ccncc12,Clc1cc(Nc2nc3c(c4c2ccnc4)ccc(C(=O)O)c3)ccc1,1,2.1600001,0.0,2.1600001,2.1600001,2.1650032997131348,2.009958505630493,2.023637056350708,1.9833362102508545,2.2386205196380615,2.0841111183166503,0.11149888378622465,1.9456669684793895,2.222555268153911,-0.07588898168334968,0.07588898168334968
compound_0035,AURKA,O14965,Kinases,O=c1[nH]c2ccc(Cl)cc2c(N[C@@H]2CN3CCC2CC3)c1-c1nc2ccccc2[nH]1,Clc1cc2C(N[C@H]3C4CCN(C3)CC4)=C(c3[nH]c4c(n3)cccc4)C(=O)Nc2cc1,1,2.24,0.0,2.24,2.24,2.3865718841552734,2.19962739944458,2.211944818496704,2.2710468769073486,2.22697377204895,2.2592329502105715,0.07613214928815958,2.164702401333589,2.353763499087554,0.019232950210571254,0.019232950210571254
compound_0036,AURKA,O14965,Kinases,O=C(O)c1ccc(Nc2ncc3c(n2)-c2ccc(Cl)cc2C(c2c(F)cccc2F)=NC3)cc1,Clc1cc2C(c3c(F)cccc3F)=NCc3c(nc(Nc4ccc(C(=O)O)cc4)nc3)-c2cc1,1,2.1529376,0.0,2.1529376,2.1529376,2.026082754135132,1.8788847923278809,1.8359023332595825,1.8019145727157593,1.7718645334243774,1.8629297971725465,0.09952345567584088,1.7393551052830265,1.9865044890620664,-0.29000780282745353,0.29000780282745353
compound_0037,AURKA,O14965,Kinases,Clc1ccc(C2(c3ccc(-c4cn[nH]c4)cc3)CCNCC2)cc1,Clc1ccc(C2(c3ccc(-c4c[nH]nc4)cc3)CCNCC2)cc1,1,1.99,0.0,1.99,1.99,2.1992037296295166,2.1469647884368896,2.261305093765259,2.1512913703918457,2.363360643386841,2.22442512512207,0.09034375871295282,2.112248532465789,2.3366017177783514,0.23442512512207014,0.23442512512207014
compound_0038,AURKA,O14965,Kinases,CCCS(=O)(=O)Nc1ccc(F)c(C(=O)c2c[nH]c3ncc(Cl)cc23)c1F,Clc1cnc2[nH]cc(C(=O)c3c(F)c(NS(=O)(=O)CCC)ccc3F)c2c1,1,2.03,0.0,2.03,2.03,2.27850079536438,2.0667262077331543,2.0891215801239014,1.8768548965454102,2.2896721363067627,2.1201751232147217,0.17089623878235213,1.9079794160902408,2.332370830339203,0.09017512321472188,0.09017512321472188
compound_0039,AURKA,O14965,Kinases,Cc1ccc(C(=O)Nc2ccc(CN3CCN(C)CC3)c(C(F)(F)F)c2)cc1C#Cc1cnc2cccnn12,FC(F)(F)c1c(CN2CCN(C)CC2)ccc(NC(=O)c2cc(C#Cc3n4N=CC=Cc4nc3)c(C)cc2)c1,1,2.1900001,0.0,2.1900001,2.1900001,2.8096373081207275,2.798600435256958,2.7232720851898193,2.5501434803009033,2.528463125228882,2.682023286819458,0.13467557307525538,2.514801476294453,2.849245097344463,0.4920231868194582,0.4920231868194582
compound_0040,AURKA,O14965,Kinases,CN1CCN(c2ccc(Nc3nccc(-c4cnn5ncccc45)n3)cc2C(F)(F)F)CC1,FC(F)(F)c1c(N2CCN(C)CC2)ccc(Nc2nc(-c3c4n(nc3)N=CC=C4)ccn2)c1,1,1.0730405,0.0,1.0730405,1.0730405,1.1614502668380737,1.1014454364776611,1.0781248807907104,0.7805435657501221,0.9935590624809265,1.0230246424674987,0.14833475962228643,0.8388427117622959,1.2072065731727015,-0.05001585753250137,0.05001585753250137
compound_0041,AURKA,O14965,Kinases,CC(=O)NCC(=O)N1[C@@H]2CC[C@H]1c1ccc(Nc3ncc(C(F)(F)F)c(NC4CCC4)n3)cc12,FC(F)(F)c1c(NC2CCC2)nc(Nc2cc3[C@@H]4N(C(=O)CNC(=O)C)[C@H](c3cc2)CC4)nc1,1,2.9400001,0.0,2.9400001,2.9400001,2.658365249633789,2.484964609146118,2.6007936000823975,2.514714241027832,2.477003335952759,2.5471682071685793,0.07919299479137726,2.4488371166261875,2.645499297710971,-0.3928318928314205,0.3928318928314205
compound_0042,AURKA,O14965,Kinases,Nc1ccc(-c2ccc3ncc4ccc(=O)n(-c5cccc(C(F)(F)F)c5)c4c3c2)cn1,FC(F)(F)c1cc(N2C(=O)C=Cc3c2c2c(nc3)ccc(-c3cnc(N)cc3)c2)ccc1,1,1.96,0.0,1.96,1.96,2.3274314403533936,2.5597853660583496,2.134983777999878,2.1569740772247314,2.30292010307312,2.2964189529418944,0.17019995296609144,2.0850877988479244,2.5077501070358643,0.3364189529418944,0.3364189529418944
compound_0043,AURKA,O14965,Kinases,Cn1cc(-c2ccc3nnc(C(F)(F)c4ccc5ncccc5c4)n3n2)cn1,FC(F)(c1n2N=C(c3cn(C)nc3)C=Cc2nn1)c1cc2c(nccc2)cc1,1,2.28,0.0,2.28,2.28,2.3232383728027344,2.54374098777771,2.4604811668395996,2.320863962173462,2.4400036334991455,2.41766562461853,0.0955434746983884,2.299032731822249,2.5362985174148114,0.13766562461853038,0.13766562461853038
compound_0044,AURKA,O14965,Kinases,Fc1cc(-c2cccc3ncc(-c4cnn(C5CCNCC5)c4)nc23)cc(F)c1CN1CCOCC1,Fc1c(CN2CCOCC2)c(F)cc(-c2c3nc(-c4cn(C5CCNCC5)nc4)cnc3ccc2)c1,1,2.0599999,0.0,2.0599999,2.0599999,2.6789748668670654,2.4383316040039062,2.5254390239715576,2.2840473651885986,2.642085075378418,2.513775587081909,0.15996641296336334,2.3151510511835047,2.7124001229803136,0.45377568708190896,0.45377568708190896
compound_0045,AURKA,O14965,Kinases,Cc1ccc(F)c(NC(=O)Nc2ccc(-c3cccc4[nH]nc(N)c34)cc2)c1,Fc1c(NC(=O)Nc2ccc(-c3c4c(N)n[nH]c4ccc3)cc2)cc(C)cc1,1,3.2,0.0,3.2,3.2,3.1039950847625732,2.8982837200164795,3.0086684226989746,2.968919038772583,3.015531539916992,2.9990795612335206,0.07489883120908489,2.9060803790136593,3.092078743453382,-0.20092043876647958,0.20092043876647958
compound_0046,AURKA,O14965,Kinases,Cc1cc(Nc2nc(N[C@@H](C)c3ccc(F)cc3)c(C#N)cc2F)n[nH]1,Fc1c(Nc2n[nH]c(C)c2)nc(N[C@@H](C)c2ccc(F)cc2)c(C#N)c1,1,2.4000001,0.0,2.4000001,2.4000001,2.454158306121826,2.5182535648345947,2.534064531326294,2.513943910598755,2.548386335372925,2.5137613296508787,0.03599946161429863,2.4690620942096855,2.558460565092072,0.11376122965087854,0.11376122965087854
compound_0047,AURKA,O14965,Kinases,COc1cc(Nc2ncc(F)c(Nc3ccc4c(n3)NC(=O)C(C)(C)O4)n2)cc(OC)c1OC,Fc1c(Nc2nc3NC(=O)C(C)(C)Oc3cc2)nc(Nc2cc(OC)c(OC)c(OC)c2)nc1,1,1.7819343,0.0,1.7819343,1.7819343,2.0456383228302,1.9275410175323486,1.8847566843032837,1.6990580558776855,1.7487764358520508,1.8611541032791137,0.13955518639408923,1.687873452570957,2.0344347539872705,0.0792198032791136,0.0792198032791136
compound_0048,AURKA,O14965,Kinases,COc1cc2c(Oc3ccc(NC(=O)C4(C(=O)Nc5ccc(F)cc5)CC4)cc3F)ccnc2cc1OCCCN1CCOCC1,Fc1c(Oc2c3c(ncc2)cc(OCCCN2CCOCC2)c(OC)c3)ccc(NC(=O)C2(C(=O)Nc3ccc(F)cc3)CC2)c1,1,2.0,0.0,2.0,2.0,2.7015111446380615,2.681227684020996,2.7424440383911133,2.433832883834839,2.671604871749878,2.6461241245269775,0.12175215300598913,2.4949488594356444,2.7972993896183107,0.6461241245269775,0.6461241245269775
compound_0049,AURKA,O14965,Kinases,COc1cc2c(Oc3ccc4[nH]c(C)cc4c3F)ncnc2cc1OCCCN1CCCC1,Fc1c(Oc2ncnc3c2cc(OC)c(OCCCN2CCCC2)c3)ccc2[nH]c(C)cc12,1,1.85,0.0,1.85,1.85,2.31988263130188,2.001457452774048,2.259390115737915,1.8128076791763306,2.2512314319610596,2.1289538621902464,0.21483886905736035,1.862196173066909,2.395711551313584,0.2789538621902463,0.2789538621902463
compound_0050,AURKA,O14965,Kinases,CN1CCN(c2ccc3nc(-c4c(N)c5c(F)cccc5[nH]c4=O)[nH]c3c2)CC1,Fc1c2C(N)=C(c3[nH]c4c(n3)ccc(N3CCN(C)CC3)c4)C(=O)Nc2ccc1,1,1.66,0.0,1.66,1.66,1.8387314081192017,1.895796537399292,1.7193341255187988,1.6711628437042236,1.8320200443267822,1.7914089918136598,0.0927892111605514,1.676195968893876,1.9066220147334436,0.13140899181365984,0.13140899181365984
compound_0051,AURKA,O14965,Kinases,NC(=O)Nc1cc(-c2cccc(F)c2)sc1C(=O)N[C@H]1CCCNC1,Fc1cc(-c2sc(C(=O)N[C@@H]3CNCCC3)c(NC(=O)N)c2)ccc1,1,2.1099999,0.0,2.1099999,2.1099999,2.2235238552093506,2.1876132488250732,2.113469123840332,2.0089166164398193,2.037977457046509,2.1143000602722166,0.09251508180931163,1.9994274138987183,2.229172706645715,0.00430016027221658,0.00430016027221658
compound_0052,AURKA,O14965,Kinases,Cc1c(NC(=O)OC[C@@H]2COCCN2)cn2ncnc(Nc3ccc4c(cnn4Cc4cccc(F)c4)c3)c12,Fc1cc(Cn2ncc3c2ccc(NC2=NC=Nn4c2c(C)c(NC(=O)OC[C@H]2NCCOC2)c4)c3)ccc1,1,2.03,0.0,2.03,2.03,2.47548770904541,2.6683356761932373,2.274791955947876,2.6309866905212402,2.5107414722442627,2.5120687007904055,0.15508146247932095,2.3195096320410444,2.7046277695397665,0.48206870079040565,0.48206870079040565
compound_0053,AURKA,O14965,Kinases,CCN(CCO)CCCOc1ccc2c(Nc3cc(CC(=O)Nc4cccc(F)c4)[nH]n3)ncnc2c1,Fc1cc(NC(=O)Cc2[nH]nc(Nc3ncnc4c3ccc(OCCCN(CCO)CC)c4)c2)ccc1,1,0.785761576,0.0,0.785761576,0.785761576,2.151806116104126,1.878193974494934,2.2626049518585205,1.9080736637115479,1.9912645816802979,2.038388657569885,0.1643178924852101,1.8343610462102824,2.2424162689294875,1.252627081569885,1.252627081569885
compound_0054,AURKA,O14965,Kinases,O=C1NC(=O)/C(=C/c2ccc(-c3ccc(F)cc3O)o2)S1,Fc1cc(O)c(-c2oc(/C=C\3/C(=O)NC(=O)S/3)cc2)cc1,1,2.1900001,0.0,2.1900001,2.1900001,2.524306535720825,2.670922040939331,2.5583934783935547,2.1010053157806396,2.5889127254486084,2.488708019256592,0.2234276374539259,2.2112859656263284,2.766130072886855,0.298707919256592,0.298707919256592
compound_0055,AURKA,O14965,Kinases,CCN(CC)CCNC(=O)c1c(C)[nH]c(/C=C2\C(=O)Nc3ccc(F)cc32)c1C,Fc1cc2/C(=C/c3c(C)c(C(=O)NCCN(CC)CC)c(C)[nH]3)/C(=O)Nc2cc1,1,1.72,0.0,1.72,1.72,1.541570782661438,1.5538582801818848,1.578772783279419,1.3634058237075806,1.5340478420257568,1.5143311023712158,0.08605858145554883,1.4074752600413745,1.6211869447010572,-0.20566889762878415,0.20566889762878415
compound_0056,AURKA,O14965,Kinases,NC(=O)Nc1sc(-c2ccc(F)cc2)cc1C(N)=O,Fc1ccc(-c2sc(NC(=O)N)c(C(=O)N)c2)cc1,1,2.1199999,0.0,2.1199999,2.1199999,2.238845109939575,2.202227830886841,2.322925329208374,2.0112040042877197,2.249140739440918,2.2048686027526854,0.1167955116471085,2.059847820788682,2.349889384716689,0.08486870275268554,0.08486870275268554
compound_0057,AURKA,O14965,Kinases,COc1cc2nccc(Oc3ccc(NC(=O)C4(C(=O)Nc5ccc(F)cc5)CC4)cc3)c2cc1OC,Fc1ccc(NC(=O)C2(C(=O)Nc3ccc(Oc4c5c(ncc4)cc(OC)c(OC)c5)cc3)CC2)cc1,1,1.489361765,0.0,1.489361765,1.489361765,2.185760021209717,2.203815221786499,2.407806873321533,2.1642279624938965,2.194608449935913,2.231243705749512,0.09978588483287718,2.1073431650236207,2.355144246475403,0.7418819407495119,0.7418819407495119
compound_0058,AURKA,O14965,Kinases,CC1(C(=O)Nc2ccc(F)nc2)CCCN1c1nc(Nc2cc(C3CC3)n[nH]2)c2cccn2n1,Fc1ncc(NC(=O)C2(C)N(C=3N=C(Nc4[nH]nc(C5CC5)c4)c4n(N=3)ccc4)CCC2)cc1,1,1.8759525,0.0,1.8759525,1.8759525,1.7946953773498535,2.1110291481018066,1.8513950109481812,1.782982349395752,2.1671392917633057,1.9414482355117797,0.18333818511314687,1.7138038115607674,2.169092659462792,0.06549573551177978,0.06549573551177978
compound_0059,AURKA,O14965,Kinases,O=C(NCCCNc1nc(Nc2cccc(NC(=O)N3CCCC3)c2)ncc1I)c1cccs1,Ic1c(NCCCNC(=O)c2sccc2)nc(Nc2cc(NC(=O)N3CCCC3)ccc2)nc1,1,2.5599999,0.0,2.5599999,2.5599999,2.399519681930542,2.20892071723938,2.448652505874634,2.084895372390747,2.0580878257751465,2.24001522064209,0.1782538936647519,2.018683778338925,2.461346662945255,-0.3199846793579102,0.3199846793579102
compound_0060,AURKA,O14965,Kinases,N#CC[C@H](C1CCCC1)n1cc(-c2ncnc3[nH]ccc23)cn1,N#CC[C@@H](n1ncc(-c2ncnc3[nH]ccc23)c1)C1CCCC1,1,2.0799999,0.0,2.0799999,2.0799999,2.4444196224212646,2.0656440258026123,2.2749433517456055,2.037259817123413,2.2326998710632324,2.2109933376312254,0.1661011490980982,2.004751520735841,2.41723515452661,0.13099343763122562,0.13099343763122562
compound_0061,AURKA,O14965,Kinases,CCN1CCN(Cc2ccc(-c3cc4c(N[C@H](C)c5ccccc5)ncnc4[nH]3)cc2)CC1,N([C@H](C)c1ccccc1)c1ncnc2[nH]c(-c3ccc(CN4CCN(CC)CC4)cc3)cc12,1,2.0,0.0,2.0,2.0,2.3019967079162598,1.9468762874603271,2.219224691390991,1.7841026782989502,2.1450650691986084,2.0794530868530274,0.2110540028693142,1.8173949298134056,2.3415112438926493,0.07945308685302743,0.07945308685302743
compound_0062,AURKA,O14965,Kinases,Cc1nc(N)sc1-c1ccnc(Nc2ccc(N3CCOCC3)cc2)n1,N(c1nc(-c2c(C)nc(N)s2)ccn1)c1ccc(N2CCOCC2)cc1,1,2.25,0.0,2.25,2.25,2.2483108043670654,2.2279655933380127,2.2391934394836426,2.0425479412078857,2.359980344772339,2.2235996246337892,0.1142937925315402,2.081685137229205,2.3655141120383734,-0.02640037536621076,0.02640037536621076
compound_0063,AURKA,O14965,Kinases,Cc1cc(Nc2cc(N3CCN(C)CC3)nc(/C=C/c3ccccc3)n2)n[nH]1,N(c1nc(/C=C/c2ccccc2)nc(N2CCN(C)CC2)c1)c1n[nH]c(C)c1,1,2.4400001,0.0,2.4400001,2.4400001,2.3467819690704346,2.2148797512054443,2.2181146144866943,2.188502550125122,2.291668176651001,2.251989412307739,0.06541262053639837,2.170768916359529,2.333209908255949,-0.1880106876922607,0.1880106876922607
compound_0064,AURKA,O14965,Kinases,c1ccc2c(-c3cnn4cc(-c5ccc(N6CCNCC6)cc5)cnc34)ccnc2c1,N1(c2ccc(C3=Cn4ncc(-c5c6c(ncc5)cccc6)c4N=C3)cc2)CCNCC1,1,2.0599999,0.0,2.0599999,2.0599999,2.161639451980591,1.8940562009811401,1.992991328239441,1.7363828420639038,1.959660291671753,1.9489460229873656,0.15450669698208985,1.757100619863326,2.140791426111405,-0.11105387701263458,0.11105387701263458
compound_0065,AURKA,O14965,Kinases,Nc1ncnc2c1c(-c1cnc3[nH]ccc3c1)nn2C1CCCC1,Nc1ncnc2n(C3CCCC3)nc(-c3cnc4[nH]ccc4c3)c12,1,2.21,0.0,2.21,2.21,2.1323206424713135,2.3041107654571533,2.196148157119751,2.1515212059020996,2.208876371383667,2.198595428466797,0.0668085004945334,2.115641718628756,2.2815491383048374,-0.011404571533203178,0.011404571533203178
compound_0066,AURKA,O14965,Kinases,CC(C)n1nc(-c2ccc3oc(N)nc3c2)c2c(N)ncnc21,Nc1oc2c(n1)cc(-c1nn(C(C)C)c3ncnc(N)c13)cc2,1,2.0699999,0.0,2.0699999,2.0699999,2.2919580936431885,2.4291014671325684,2.237985610961914,2.2413952350616455,2.4055566787719727,2.321199417114258,0.09070184672641483,2.2085781994634726,2.433820634765043,0.2511995171142578,0.2511995171142578
compound_0067,AURKA,O14965,Kinases,CC1(COc2ccc3c(c2)ncn3-c2ccc3cccc(N4CCC(N)CC4)c3n2)COC1,O(CC1(C)COC1)c1cc2ncn(-c3nc4c(N5CCC(N)CC5)cccc4cc3)c2cc1,1,2.3499999,0.0,2.3499999,2.3499999,2.278827667236328,2.2513022422790527,2.252295970916748,2.098389148712158,2.2374370098114014,2.223650407791138,0.07160687051276678,2.1347387346513966,2.312562080930879,-0.12634949220886194,0.12634949220886194
compound_0068,AURKA,O14965,Kinases,C#Cc1cccc(Nc2ncnc3cc(OCCOC)c(OCCO)cc23)c1,O(CCOc1c(OCCO)cc2c(Nc3cc(C#C)ccc3)ncnc2c1)C,1,2.1300001,0.0,2.1300001,2.1300001,2.394563674926758,2.249603748321533,2.2288730144500732,1.9335346221923828,2.4758217334747314,2.256479358673096,0.2075337580121161,1.9987921629375187,2.5141665544086726,0.12647925867309562,0.12647925867309562
compound_0069,AURKA,O14965,Kinases,COCCOc1ccc2c(c1)ncn2-c1ccc2cccc(N3CCC(N)CC3)c2n1,O(CCOc1cc2ncn(-c3nc4c(N5CCC(N)CC5)cccc4cc3)c2cc1)C,1,1.92,0.0,1.92,1.92,1.9854985475540161,2.009925365447998,2.0450732707977295,1.951373815536499,1.9906609058380127,1.9965063810348511,0.034391504658133044,1.9538036878567901,2.039209074212912,0.07650638103485119,0.07650638103485119
compound_0070,AURKA,O14965,Kinases,Cc1n[nH]c2ccc(-c3cncc(OC[C@@H](N)Cc4ccccc4)c3)cc12,O(C[C@@H](N)Cc1ccccc1)c1cc(-c2cc3c(C)n[nH]c3cc2)cnc1,1,2.46,0.0,2.46,2.46,2.631284713745117,2.7650868892669678,2.5986599922180176,2.66147780418396,2.9125349521636963,2.713808870315552,0.12740636940666333,2.5556129682814483,2.8720047723496553,0.2538088703155519,0.2538088703155519
compound_0071,AURKA,O14965,Kinases,Nc1ncnc2c1c(-c1cccc(OCc3ccccc3)c1)cn2C1CC(CN2CCCC2)C1,O(Cc1ccccc1)c1cc(-c2c3c(N)ncnc3n(C3CC(CN4CCCC4)C3)c2)ccc1,1,2.02,0.0,2.02,2.02,2.2166430950164795,2.3470752239227295,2.157411813735962,1.7891496419906616,2.185959815979004,2.139247918128967,0.2087240606029469,1.8800827665193869,2.3984130697385475,0.11924791812896718,0.11924791812896718
compound_0072,AURKA,O14965,Kinases,Cc1csc(-c2nnc(Nc3ccc(Oc4ncccc4-c4ccnc(N)n4)cc3)c3ccccc23)c1,O(c1c(-c2nc(N)ncc2)cccn1)c1ccc(Nc2nnc(-c3scc(C)c3)c3c2cccc3)cc1,1,3.5799999,0.0,3.5799999,3.5799999,2.2778894901275635,2.2373735904693604,2.111966371536255,2.1821792125701904,2.3583037853240967,2.233542490005493,0.09349552584363208,2.1174524615723254,2.3496325184386606,-1.3464574099945068,1.3464574099945068
compound_0073,AURKA,O14965,Kinases,Nc1cccc(-c2cc3c(Oc4cccc(O)c4)ncnc3[nH]2)c1,O(c1ncnc2[nH]c(-c3cc(N)ccc3)cc12)c1cc(O)ccc1,1,1.99,0.0,1.99,1.99,2.138577699661255,2.0824480056762695,2.1162185668945312,1.8245635032653809,2.1507251262664795,2.062506580352783,0.13552571057919718,1.8942291846956105,2.2307839760099557,0.07250658035278312,0.07250658035278312
compound_0074,AURKA,O14965,Kinases,COC(C(=O)N1Cc2[nH]nc(NC(=O)c3ccc(N4CCN(C)CC4)cc3)c2C1)c1ccccc1,O=C(C(OC)c1ccccc1)N1Cc2c(NC(=O)c3ccc(N4CCN(C)CC4)cc3)n[nH]c2C1,1,2.358915429,0.0,2.358915429,2.358915429,2.3968474864959717,2.447855234146118,2.4288671016693115,2.3793718814849854,2.4486587047576904,2.4203200817108153,0.031072622812750052,2.3817383246344583,2.458901838787172,0.06140465271081519,0.06140465271081519
compound_0075,AURKA,O14965,Kinases,C=CC(=O)N1CCC[C@@H](n2nc(-c3ccc(Oc4ccccc4)cc3)c3c(N)ncnc32)C1,O=C(C=C)N1C[C@H](n2nc(-c3ccc(Oc4ccccc4)cc3)c3c(N)ncnc23)CCC1,1,2.1900001,0.0,2.1900001,2.1900001,2.1396331787109375,2.3003616333007812,2.1472439765930176,1.9290236234664917,2.24776291847229,2.1528050661087037,0.14236615877049685,1.9760341322008164,2.329576000016591,-0.03719503389129608,0.03719503389129608
compound_0076,AURKA,O14965,Kinases,C[C@@H]1CCN(C(=O)CC#N)C[C@@H]1N(C)c1ncnc2[nH]ccc12,O=C(CC#N)N1C[C@H](N(C)c2ncnc3[nH]ccc23)[C@H](C)CC1,1,2.1199999,0.0,2.1199999,2.1199999,2.3480870723724365,2.2227957248687744,2.351130247116089,2.100127935409546,2.3216311931610107,2.2687544345855715,0.1077293979479663,2.134990719605415,2.402518149565728,0.14875453458557164,0.14875453458557164
compound_0077,AURKA,O14965,Kinases,CCn1cc(-c2ccnc3[nH]c(-c4cccc(CN(C)C)c4)cc23)c(-c2ccc(NC(=O)N(C)C)cc2)n1,O=C(N(C)C)Nc1ccc(-c2c(-c3c4c([nH]c(-c5cc(CN(C)C)ccc5)c4)ncc3)cn(CC)n2)cc1,1,2.445253171,0.0,2.445253171,2.445253171,2.405296564102173,2.3464272022247314,2.2887868881225586,2.0871403217315674,2.425420045852661,2.3106142044067384,0.13587191510242216,2.141906939057062,2.4793214697564148,-0.1346389665932617,0.1346389665932617
compound_0078,AURKA,O14965,Kinases,COC1C(N(C)C(=O)c2ccccc2)CC2OC1(C)n1c3ccccc3c3c4c(c5c6ccccc6n2c5c31)C(=O)NC4,O=C(N(C)C1C(OC)C2(C)OC(n3c4c5n2c2c(c5c5c(C(=O)NC5)c4c4c3cccc4)cccc2)C1)c1ccccc1,1,2.341321,0.0,2.341321,2.341321,2.788330316543579,2.555182695388794,2.4523613452911377,2.315575361251831,2.6844630241394043,2.559182548522949,0.1863968395216601,2.327740303509939,2.7906247935359594,0.21786154852294892,0.21786154852294892
compound_0079,AURKA,O14965,Kinases,CN(C)Cc1cccc(N/C(=C2\C(=O)Nc3cc(C(N)=O)ccc32)c2ccccc2)c1,O=C(N)c1cc2NC(=O)/C(=C(\Nc3cc(CN(C)C)ccc3)/c3ccccc3)/c2cc1,1,2.1500001,0.0,2.1500001,2.1500001,2.2769858837127686,2.078707695007324,2.1341512203216553,2.0501785278320312,2.2403295040130615,2.1560705661773683,0.09924550111117307,2.032841000463933,2.2793001318908037,0.006070466177368061,0.006070466177368061
compound_0080,AURKA,O14965,Kinases,CCn1c(N)c(C(=O)NC)c(=O)c2ccc(C#C[C@@](C)(O)COC)nc21,O=C(NC)C1=C(N)N(CC)c2nc(C#C[C@@](O)(COC)C)ccc2C1=O,1,3.0599999,0.0,3.0599999,3.0599999,3.1375553607940674,3.2306134700775146,3.1854937076568604,2.974963426589966,3.3474361896514893,3.1752124309539793,0.13633939409458484,3.005924713769818,3.3445001481381404,0.1152125309539791,0.1152125309539791
compound_0081,AURKA,O14965,Kinases,CNC(=O)c1nn(C)c2c1C(C)(C)Cc1cnc(Nc3ccc(N4CCN(C)CC4)cc3)nc1-2,O=C(NC)c1nn(C)c-2c1C(C)(C)Cc1c-2nc(Nc2ccc(N3CCN(C)CC3)cc2)nc1,1,1.9400001,0.0,1.9400001,1.9400001,1.8464163541793823,2.0248348712921143,1.8949631452560425,1.567591667175293,1.960991621017456,1.8589595317840577,0.17626258785146323,1.6401006222186671,2.0778184413494483,-0.0810405682159423,0.0810405682159423
compound_0082,AURKA,O14965,Kinases,COCC(=O)NC/C=C/c1ccc2ncnc(Nc3ccc(Oc4ccc(C)nc4)c(C)c3)c2c1,O=C(NC/C=C/c1cc2c(Nc3cc(C)c(Oc4cnc(C)cc4)cc3)ncnc2cc1)COC,1,2.23,0.0,2.23,2.23,2.366314649581909,2.2988948822021484,2.50520920753479,2.0899455547332764,2.562040090560913,2.3644808769226073,0.18608374088398708,2.1334273952158824,2.5955343586293322,0.13448087692260735,0.13448087692260735
compound_0083,AURKA,O14965,Kinases,N#CCNC(=O)c1ccc(-c2ccnc(Nc3ccc(N4CCOCC4)cc3)n2)cc1,O=C(NCC#N)c1ccc(-c2nc(Nc3ccc(N4CCOCC4)cc3)ncc2)cc1,1,2.1199999,0.0,2.1199999,2.1199999,2.380511522293091,2.308793783187866,2.4640142917633057,2.1859524250030518,2.4725728034973145,2.3623689651489257,0.11916260586714322,2.214409047511549,2.510328882786302,0.24236906514892587,0.24236906514892587
compound_0084,AURKA,O14965,Kinases,O=C(NCc1ccccc1)c1csc(Nc2ccncn2)n1,O=C(NCc1ccccc1)c1nc(Nc2ncncc2)sc1,1,2.04,0.0,2.04,2.04,2.289492607116699,2.319411277770996,2.359825611114502,2.1208765506744385,2.4350740909576416,2.3049360275268556,0.1164846610746682,2.1603012175274725,2.4495708375262386,0.2649360275268555,0.2649360275268555
compound_0085,AURKA,O14965,Kinases,O=C(Nc1c[nH]nc1-c1nc2cc(CN3CCOCC3)ccc2[nH]1)NC1CC1,O=C(Nc1c(-c2[nH]c3c(n2)cc(CN2CCOCC2)cc3)n[nH]c1)NC1CC1,1,2.5599999,0.0,2.5599999,2.5599999,2.559863805770874,2.3315603733062744,2.4849541187286377,2.4677910804748535,2.468336820602417,2.4625012397766115,0.08244869307698484,2.3601276658839674,2.5648748136692556,-0.09749866022338871,0.09749866022338871
compound_0086,AURKA,O14965,Kinases,O=C(Nc1c[nH]nc1-c1nc2ccc(CN3CCOCC3)cc2[nH]1)NC1CC1,O=C(Nc1c(-c2[nH]c3c(n2)ccc(CN2CCOCC2)c3)n[nH]c1)NC1CC1,1,1.7636307,0.0,1.7636307,1.7636307,2.1516945362091064,1.8319370746612549,1.8560645580291748,1.7892347574234009,1.9205632209777832,1.909898829460144,0.1432784660381537,1.7319951164627074,2.0878025424575806,0.146268129460144,0.146268129460144
compound_0087,AURKA,O14965,Kinases,CCc1cccc(CC)c1NC(=O)N1Cc2[nH]nc(NC(=O)c3ccc(N4CCN(C)CC4)cc3)c2C1,O=C(Nc1c(CC)cccc1CC)N1Cc2c(NC(=O)c3ccc(N4CCN(C)CC4)cc3)n[nH]c2C1,1,2.17709222,0.0,2.17709222,2.17709222,2.51247501373291,2.45766544342041,2.4914591312408447,2.3191726207733154,2.446223735809326,2.4453991889953612,0.0753408454028472,2.3518511736644103,2.538947204326312,0.2683069689953612,0.2683069689953612
compound_0088,AURKA,O14965,Kinases,Cn1cc(-c2[nH]c3cc(NC(=O)C(N)C4CCCCC4)cc4c3c2C=NNC4=O)cn1,O=C(Nc1cc2[nH]c(-c3cn(C)nc3)c3c2c(C(=O)NN=C3)c1)C(N)C1CCCCC1,1,0.86742014,0.0,0.86742014,0.86742014,1.0506106615066528,0.9421132802963257,1.009095311164856,0.6918362379074097,0.8717600703239441,0.9130831122398376,0.1410963261412158,0.737888883791473,1.0882773406882023,0.04566297223983762,0.04566297223983762
compound_0089,AURKA,O14965,Kinases,Cc1ccncc1Nc1ncccc1C(=O)Nc1ccc(C2(C#N)CCCC2)cc1,O=C(Nc1ccc(C2(C#N)CCCC2)cc1)c1c(Nc2c(C)ccnc2)nccc1,1,2.8199999,0.0,2.8199999,2.8199999,2.7529215812683105,2.830752372741699,2.414135217666626,2.5635602474212646,3.0511136054992676,2.7224966049194337,0.24544940130603618,2.41773091993706,3.0272622899018073,-0.09750329508056632,0.09750329508056632
compound_0090,AURKA,O14965,Kinases,COc1cc2c(Nc3ccc(NC(=O)c4ccccc4)cc3)ncnc2cc1OCCCN1CCOCC1,O=C(Nc1ccc(Nc2ncnc3c2cc(OC)c(OCCCN2CCOCC2)c3)cc1)c1ccccc1,1,1.34154275,0.0,1.34154275,1.34154275,2.494459867477417,2.2785985469818115,2.360036611557007,2.2809793949127197,2.3678267002105713,2.3563802242279053,0.08795688324012486,2.24716732891443,2.4655931195413805,1.0148374742279054,1.0148374742279054
compound_0091,AURKA,O14965,Kinases,COc1cc2c(N3CCN(C(=O)Nc4ccc(OC(C)C)cc4)CC3)ncnc2cc1OCCCN1CCCCC1,O=C(Nc1ccc(OC(C)C)cc1)N1CCN(c2ncnc3c2cc(OC)c(OCCCN2CCCCC2)c3)CC1,1,1.74,0.0,1.74,1.74,2.385005235671997,2.382453203201294,2.315284013748169,2.04746413230896,2.061267614364624,2.238294839859009,0.170284984927883,2.0268581046393854,2.449731575078632,0.4982948398590088,0.4982948398590088
compound_0092,AURKA,O14965,Kinases,COc1cc(CCc2cc(NC(=O)c3ccc(N4CC(C)NC(C)C4)cc3)n[nH]2)cc(OC)c1,O=C(Nc1n[nH]c(CCc2cc(OC)cc(OC)c2)c1)c1ccc(N2CC(C)NC(C)C2)cc1,1,0.52588093,0.0,0.52588093,0.52588093,1.7882351875305176,1.739326000213623,1.5260833501815796,1.351131796836853,1.6798278093338013,1.616920828819275,0.17831445589855138,1.3955141885707505,1.8383274690677993,1.0910398988192749,1.0910398988192749
compound_0093,AURKA,O14965,Kinases,COc1cc(CCc2cc(NC(=O)c3ccc(N4C[C@@H](C)N[C@@H](C)C4)cc3)n[nH]2)cc(OC)c1,O=C(Nc1n[nH]c(CCc2cc(OC)cc(OC)c2)c1)c1ccc(N2C[C@@H](C)N[C@@H](C)C2)cc1,1,2.04,0.0,2.04,2.04,1.7882351875305176,1.739326000213623,1.5260833501815796,1.351131796836853,1.6798278093338013,1.616920828819275,0.17831445589855138,1.3955141885707505,1.8383274690677993,-0.42307917118072513,0.42307917118072513
compound_0094,AURKA,O14965,Kinases,COc1ccc2c(Oc3ccc(NC(=O)c4c(C)n(CC(C)(C)O)n(-c5ccccc5)c4=O)nc3)ccnc2c1,O=C(Nc1ncc(Oc2c3c(ncc2)cc(OC)cc3)cc1)C=1C(=O)N(N(CC(O)(C)C)C=1C)c1ccccc1,1,2.02,0.0,2.02,2.02,2.7635700702667236,2.951028823852539,2.3990554809570312,2.5032663345336914,2.501479148864746,2.6236799716949464,0.22727470033054883,2.341481158591954,2.9058787847979386,0.6036799716949464,0.6036799716949464
compound_0095,AURKA,O14965,Kinases,Cc1nc(NC(=O)N2CCC[C@H]2C(N)=O)sc1-c1csc(C(C)(C)C)n1,O=C(Nc1sc(c(C)n1)-c1nc(C(C)(C)C)sc1)N1[C@H](C(=O)N)CCC1,1,2.1400001,0.0,2.1400001,2.1400001,2.172252655029297,2.3886520862579346,2.2840487957000732,2.136845350265503,2.5806925296783447,2.3124982833862306,0.17962441229741596,2.0894651174380194,2.535531449334442,0.17249818338623069,0.17249818338623069
compound_0096,AURKA,O14965,Kinases,COc1cccc2cc(-c3nc(C4CCC(C(=O)O)CC4)n4ncnc(N)c34)[nH]c12,O=C(O)C1CCC(c2n3N=CN=C(N)c3c(-c3[nH]c4c(OC)cccc4c3)n2)CC1,1,2.3900001,0.0,2.3900001,2.3900001,2.7436625957489014,2.6527605056762695,2.7297914028167725,2.286008596420288,2.647197961807251,2.6118842124938966,0.18733692722564702,2.3792746944236915,2.8444937305641016,0.2218841124938966,0.2218841124938966
compound_0097,AURKA,O14965,Kinases,Cc1[nH]c(/C=C2\C(=O)Nc3ccccc32)c(C)c1CCC(=O)O,O=C(O)CCc1c(C)c(/C=C/2\C(=O)Nc3c\2cccc3)[nH]c1C,1,2.04,0.0,2.04,2.04,1.6515395641326904,1.5119009017944336,1.6082476377487183,1.4133777618408203,1.6496503353118896,1.5669432401657104,0.10285313561393132,1.4392342045715223,1.6946522757598985,-0.47305675983428963,0.47305675983428963
compound_0098,AURKA,O14965,Kinases,Cc1[nH]c(C=C2C(=O)Nc3ccccc32)c(C)c1CCC(=O)O,O=C(O)CCc1c(C)c(C=C2C(=O)Nc3c2cccc3)[nH]c1C,1,0.81476957,0.0,0.81476957,0.81476957,1.6515395641326904,1.5119009017944336,1.6082476377487183,1.4133777618408203,1.6496503353118896,1.5669432401657104,0.10285313561393132,1.4392342045715223,1.6946522757598985,0.7521736701657104,0.7521736701657104
compound_0099,AURKA,O14965,Kinases,O=C(O)c1ccc(-c2c[nH]c3ncc(-c4ccccc4)cc23)cc1C1CCCC1,O=C(O)c1c(C2CCCC2)cc(-c2c3c([nH]c2)ncc(-c2ccccc2)c3)cc1,1,1.0355203,0.0,1.0355203,1.0355203,2.507265329360962,2.547210931777954,2.10573410987854,2.264960527420044,2.67118501663208,2.419271183013916,0.22895927767479704,2.1349806908703814,2.703561675157451,1.3837508830139162,1.3837508830139162
compound_0100,AURKA,O14965,Kinases,O=C1NC(=O)/C(=C/c2ccc3nccc(-c4ccncc4)c3c2)S1,O=C1/C(=C/c2cc3c(-c4ccncc4)ccnc3cc2)/SC(=O)N1,1,2.0,0.0,2.0,2.0,2.114619493484497,2.0934441089630127,2.0997166633605957,1.7755193710327148,2.1850099563598633,2.053661918640137,0.15971464547077988,1.8553499933731912,2.2519738439070824,0.05366191864013681,0.05366191864013681
compound_0101,AURKA,O14965,Kinases,Cc1cc(C)c(/C=C2\C(=O)Nc3ccccc32)[nH]1,O=C1/C(=C\c2c(C)cc(C)[nH]2)/c2c(N1)cccc2,1,1.9,0.0,1.9,1.9,2.086989641189575,1.8901526927947998,1.9655441045761108,1.8579312562942505,2.112809181213379,1.982685375213623,0.11427083557352294,1.8407993926373174,2.124571357789929,0.08268537521362318,0.08268537521362318
compound_0102,AURKA,O14965,Kinases,O=c1c(O)c(-c2ccc(O)c(O)c2)oc2cc(O)cc(O)c12,O=C1C(O)=C(c2cc(O)c(O)cc2)Oc2c1c(O)cc(O)c2,1,2.2,0.0,2.2,2.2,2.144779920578003,2.3490922451019287,2.221066951751709,2.051579713821411,2.2678639888763428,2.2068765640258787,0.11414819079659849,2.065142865053648,2.3486102629981094,0.006876564025878551,0.006876564025878551
compound_0103,AURKA,O14965,Kinases,Cc1ccccc1-n1c(Cn2nc(-c3cccc(O)c3)c3c(N)ncnc32)nc2cccc(C)c2c1=O,O=C1N(c2c(C)cccc2)C(Cn2nc(-c3cc(O)ccc3)c3c(N)ncnc23)=Nc2c1c(C)ccc2,1,2.3900001,0.0,2.3900001,2.3900001,2.391632080078125,2.5169618129730225,2.3744118213653564,2.4395124912261963,2.4346234798431396,2.431428337097168,0.05528599081023158,2.3627817127030792,2.5000749614912565,0.04142823709716792,0.04142823709716792
compound_0104,AURKA,O14965,Kinases,O=C1c2ccccc2-c2n[nH]c3cccc1c23,O=C1c2c3c([nH]nc3-c3c1cccc3)ccc2,1,2.03,0.0,2.03,2.03,1.9414876699447632,1.9261314868927002,1.8682912588119507,1.5593433380126953,2.000297784805298,1.8591103076934814,0.174037566304644,1.643014127278004,2.0752064881089587,-0.1708896923065184,0.1708896923065184
compound_0105,AURKA,O14965,Kinases,CC1(O)CC(c2nc(-c3ccc4ccc(-c5ccccc5)nc4c3)c3c(N)nccn23)C1,OC1(C)CC(c2n3c(c(-c4cc5nc(-c6ccccc6)ccc5cc4)n2)C(N)=NC=C3)C1,1,2.54,0.0,2.54,2.54,2.3038456439971924,2.4586751461029053,2.259343147277832,2.3777735233306885,2.37688946723938,2.3553053855896,0.07666950725248743,2.2601076186741635,2.450503152505036,-0.18469461441040025,0.18469461441040025
compound_0106,AURKA,O14965,Kinases,CC(C)n1nc(-c2cc3cc(O)ccc3[nH]2)c2c(N)ncnc21,Oc1cc2c([nH]c(-c3nn(C(C)C)c4ncnc(N)c34)c2)cc1,1,2.4300001,0.0,2.4300001,2.4300001,2.3887197971343994,2.4325902462005615,2.4538795948028564,2.3528389930725098,2.4589145183563232,2.4173886299133303,0.04548526315324793,2.360911216207118,2.4738660436195423,-0.01261147008666974,0.01261147008666974
compound_0107,AURKA,O14965,Kinases,CCN(CCCOc1ccc2c(Nc3cc(CC(=O)Nc4cccc(F)c4)n[nH]3)ncnc2c1)CCOP(=O)(O)O,P(=O)(OCCN(CCCOc1cc2ncnc(Nc3[nH]nc(CC(=O)Nc4cc(F)ccc4)c3)c2cc1)CC)(O)O,1,1.9299999,0.0,1.9299999,1.9299999,2.120413064956665,2.1001479625701904,2.2211339473724365,1.926363229751587,2.1624701023101807,2.106105661392212,0.11063000777325102,1.9687403636191634,2.2434709591652604,0.1761057613922119,0.1761057613922119
compound_0108,AURKA,O14965,Kinases,COc1cc(Nc2ncc(F)c(Nc3ccc4c(n3)N(COP(=O)(O)O)C(=O)C(C)(C)O4)n2)cc(OC)c1OC,P(=O)(OCN1C(=O)C(C)(C)Oc2c1nc(Nc1c(F)cnc(Nc3cc(OC)c(OC)c(OC)c3)n1)cc2)(O)O,1,2.01,0.0,2.01,2.01,2.1059672832489014,2.193255662918091,2.09600567817688,1.722658395767212,2.0975470542907715,2.043086814880371,0.18367452992168823,1.8150247636896102,2.2711488660711314,0.03308681488037113,0.03308681488037113
compound_0109,AURKA,O14965,Kinases,CS(=O)(=O)N1CCN(Cc2cc3nc(-c4cccc5[nH]ncc45)nc(N4CCOCC4)c3s2)CC1,S(=O)(=O)(C)N1CCN(Cc2sc3c(N4CCOCC4)nc(-c4c5c([nH]nc5)ccc4)nc3c2)CC1,1,1.96,0.0,1.96,1.96,2.8616111278533936,2.801943778991699,2.8459136486053467,2.426795482635498,2.6182587146759033,2.7109045505523683,0.18609761114233772,2.4798338466452035,2.9419752544595332,0.7509045505523684,0.7509045505523684
compound_0110,AURKA,O14965,Kinases,CN1CCN(c2cccc(Nc3nc4c(-c5ccc(S(C)(=O)=O)cc5)cccn4n3)c2)CC1,S(=O)(=O)(C)c1ccc(C=2c3n(nc(Nc4cc(N5CCN(C)CC5)ccc4)n3)C=CC=2)cc1,1,2.04,0.0,2.04,2.04,2.216674566268921,2.2299416065216064,2.3026411533355713,1.9355249404907227,2.200212240219116,2.1769989013671873,0.14054500771654269,2.0024892251582855,2.351508577576089,0.1369989013671873,0.1369989013671873
compound_0111,AURKA,O14965,Kinases,Cc1ncc(-c2ccnc(Nc3ccc(S(C)(=O)=O)cc3)n2)n1C(C)C,S(=O)(=O)(C)c1ccc(Nc2nc(-c3n(C(C)C)c(C)nc3)ccn2)cc1,1,1.6900001,0.0,1.6900001,1.6900001,1.7895830869674683,1.7729573249816895,1.8595837354660034,1.5017528533935547,1.9234453439712524,1.7694644689559937,0.16118162116671825,1.5693310527811615,1.969597885130826,0.07946436895599374,0.07946436895599374
compound_0112,AURKA,O14965,Kinases,CCS(=O)(=O)N1CC(CC#N)(n2cc(-c3ncnc4[nH]ccc34)cn2)C1,S(=O)(=O)(CC)N1CC(CC#N)(n2ncc(-c3ncnc4[nH]ccc34)c2)C1,1,2.05,0.0,2.05,2.05,2.4097516536712646,2.3585383892059326,2.4482531547546387,2.1856281757354736,2.527869701385498,2.3860082149505617,0.12793515563490268,2.2271557380941074,2.544860691807016,0.3360082149505619,0.3360082149505619
compound_0113,AURKA,O14965,Kinases,CCS(=O)(=O)c1cccc(-c2cc(C(=O)NC3CCN(C)CC3)c(C)c3[nH]c4ncc(C)cc4c23)c1,S(=O)(=O)(CC)c1cc(-c2c3c(c(C)c(C(=O)NC4CCN(C)CC4)c2)[nH]c2ncc(C)cc32)ccc1,1,2.0544822,0.0,2.0544822,2.0544822,2.5331881046295166,2.5115835666656494,2.4280591011047363,2.4265739917755127,2.7000572681427,2.5198924064636232,0.1116320656054843,2.3812828895561724,2.658501923371074,0.4654102064636234,0.4654102064636234
compound_0114,AURKA,O14965,Kinases,CN1CCN(C(=O)c2ccc(NC(=O)Nc3ccc(N(C)c4ccnc(Nc5ccc(CS(C)(=O)=O)cc5)n4)cc3)cc2)CC1,S(=O)(=O)(Cc1ccc(Nc2nc(N(C)c3ccc(NC(=O)Nc4ccc(C(=O)N5CCN(C)CC5)cc4)cc3)ccn2)cc1)C,1,2.0826871,0.0,2.0826871,2.0826871,2.1556150913238525,2.1452393531799316,2.12998104095459,1.6846656799316406,2.0740222930908203,2.037904691696167,0.19996049759389048,1.7896209407709225,2.2861884426214116,-0.04478240830383262,0.04478240830383262
compound_0115,AURKA,O14965,Kinases,CN(c1ccccc1CNc1nc(Nc2ccc3c(c2)CC(=O)N3)ncc1C(F)(F)F)S(C)(=O)=O,S(=O)(=O)(N(C)c1c(CNc2c(C(F)(F)F)cnc(Nc3cc4c(NC(=O)C4)cc3)n2)cccc1)C,1,1.1677892,0.0,1.1677892,1.1677892,1.8497155904769897,1.9670581817626953,1.8230198621749878,2.2915470600128174,1.9125975370407104,1.9687876462936402,0.1889182097714726,1.7342147066152958,2.2033605859719847,0.8009984462936401,0.8009984462936401
compound_0116,AURKA,O14965,Kinases,CN(c1ncccc1CNc1nc(Nc2ccc3c(c2)CC(=O)N3)ncc1C(F)(F)F)S(C)(=O)=O,S(=O)(=O)(N(C)c1c(CNc2c(C(F)(F)F)cnc(Nc3cc4c(NC(=O)C4)cc3)n2)cccn1)C,1,2.1099999,0.0,2.1099999,2.1099999,1.8064796924591064,1.9557011127471924,1.7290042638778687,2.1052985191345215,1.7775039672851562,1.874797511100769,0.15416317362772844,1.6833786485583824,2.066216373643156,-0.23520238889923095,0.23520238889923095
compound_0117,AURKA,O14965,Kinases,CN(C[C@@H]1COCCO1)S(=O)(=O)Nc1ccc2ccc3ncc(-c4cnn(C)c4)cc3c(=O)c2c1,S(=O)(=O)(N(C[C@H]1OCCOC1)C)Nc1cc2C(=O)c3c(ncc(-c4cn(C)nc4)c3)C=Cc2cc1,1,1.36,0.0,1.36,1.36,1.3086271286010742,1.550102710723877,1.5932809114456177,1.3825595378875732,1.8248116970062256,1.5318763971328735,0.2012769007808997,1.2819581157631987,1.7817946785025482,0.1718763971328734,0.1718763971328734
compound_0118,AURKA,O14965,Kinases,Cc1ccc(Nc2nccc(N(C)c3ccc4c(C)n(C)nc4c3)n2)cc1S(N)(=O)=O,S(=O)(=O)(N)c1c(C)ccc(Nc2nc(N(C)c3cc4nn(C)c(C)c4cc3)ccn2)c1,1,1.30845963,0.0,1.30845963,1.30845963,1.639135479927063,1.6783947944641113,1.6270537376403809,1.3650469779968262,1.5644689798355103,1.5748199939727783,0.12420189887156016,1.420602967635417,1.7290370203101395,0.2663603639727783,0.2663603639727783
compound_0119,AURKA,O14965,Kinases,CN(c1ccc(NC(=O)Nc2ccc(OC(F)(F)F)cc2)cc1)c1ccnc(Nc2cccc(S(N)(=O)=O)c2)n1,S(=O)(=O)(N)c1cc(Nc2nc(N(C)c3ccc(NC(=O)Nc4ccc(OC(F)(F)F)cc4)cc3)ccn2)ccc1,1,2.0130939,0.0,2.0130939,2.0130939,1.6640877723693848,1.7576204538345337,1.6869994401931763,1.505838394165039,1.5758507251739502,1.6380793571472168,0.09838668725050748,1.515916149685728,1.7602425646087054,-0.37501454285278313,0.37501454285278313
compound_0120,AURKA,O14965,Kinases,Nc1nc(Nc2ccc(S(N)(=O)=O)cc2)nn1C(=O)c1c(F)cccc1F,S(=O)(=O)(N)c1ccc(Nc2nn(C(=O)c3c(F)cccc3F)c(N)n2)cc1,1,1.30614455,0.0,1.30614455,1.30614455,1.7106269598007202,1.7795276641845703,1.7976676225662231,1.5744643211364746,1.8363122940063477,1.739719772338867,0.10299088883821238,1.6118396935254526,1.8675998511522816,0.43357522233886714,0.43357522233886714
compound_0121,AURKA,O14965,Kinases,Cc1cnc(Nc2ccc(N3CCN(C)CC3)cc2)nc1Nc1cccc(S(=O)(=O)NC(C)(C)C)c1,S(=O)(=O)(NC(C)(C)C)c1cc(Nc2c(C)cnc(Nc3ccc(N4CCN(C)CC4)cc3)n2)ccc1,1,2.3,0.0,2.3,2.3,2.368253469467163,2.4531877040863037,2.343611240386963,2.0146589279174805,2.5103657245635986,2.338015413284302,0.19266185164564592,2.0987941282686284,2.5772366982999753,0.038015413284302024,0.038015413284302024
compound_0122,AURKA,O14965,Kinases,Cc1cnc(Nc2ccc(OCCN3CCCC3)cc2)nc1Nc1cccc(S(=O)(=O)NC(C)(C)C)c1,S(=O)(=O)(NC(C)(C)C)c1cc(Nc2c(C)cnc(Nc3ccc(OCCN4CCCC4)cc3)n2)ccc1,1,2.1400001,0.0,2.1400001,2.1400001,2.3841376304626465,2.5112524032592773,2.3458621501922607,2.3243844509124756,2.5018904209136963,2.4135054111480714,0.08767412284490722,2.3046436092374556,2.522367213058687,0.2735053111480714,0.2735053111480714
compound_0123,AURKA,O14965,Kinases,CC(C)(C)c1nc(-c2cccc(NS(=O)(=O)c3c(F)cccc3F)c2F)c(-c2ccnc(N)n2)s1,S(=O)(=O)(Nc1c(F)c(-c2c(-c3nc(N)ncc3)sc(C(C)(C)C)n2)ccc1)c1c(F)cccc1F,1,2.23,0.0,2.23,2.23,2.448737382888794,2.428633213043213,1.969972014427185,1.9013919830322266,2.6275951862335205,2.2752659559249877,0.3204433945256599,1.87738292948027,2.6731489823697054,0.04526595592498772,0.04526595592498772
compound_0124,AURKA,O14965,Kinases,CCS(=O)(=O)Nc1ccc2c(c1)/C(=C(/Nc1ccc(CN3CCCCC3)cc1)c1ccccc1)C(=O)N2,S(=O)(=O)(Nc1cc2/C(=C(/Nc3ccc(CN4CCCCC4)cc3)\c3ccccc3)/C(=O)Nc2cc1)CC,1,2.24,0.0,2.24,2.24,2.4305319786071777,2.1762285232543945,2.155224084854126,2.2703287601470947,2.2521097660064697,2.2568846225738524,0.10862460544759871,2.1220093606704804,2.3917598844772243,0.016884622573852148,0.016884622573852148
compound_0125,AURKA,O14965,Kinases,CC(C)(C)c1cnc(CSc2cnc(NC(=O)C3CCNCC3)s2)o1,S(Cc1oc(C(C)(C)C)cn1)c1sc(NC(=O)C2CCNCC2)nc1,1,1.98,0.0,1.98,1.98,2.222447633743286,2.0382890701293945,1.967725396156311,1.997330904006958,1.8954824209213257,2.024255084991455,0.12245423162635234,1.872208074153308,2.1763020958296018,0.04425508499145492,0.04425508499145492
compound_0126,AURKA,O14965,Kinases,CNC(=O)c1ccccc1Sc1ccc2c(/C=C/c3ccccn3)n[nH]c2c1,S(c1c(C(=O)NC)cccc1)c1cc2[nH]nc(/C=C/c3ncccc3)c2cc1,1,1.96,0.0,1.96,1.96,1.7922405004501343,1.7938158512115479,1.7245427370071411,1.5561820268630981,1.8539923429489136,1.744154691696167,0.1146310787830081,1.6018214080960462,1.8864879752962878,-0.21584530830383297,0.21584530830383297
compound_0127,AURKA,O14965,Kinases,CNC(=O)c1ccccc1Sc1ccc2c(C=Cc3ccccn3)n[nH]c2c1,S(c1c(C(=O)NC)cccc1)c1cc2[nH]nc(C=Cc3ncccc3)c2cc1,1,1.0655016,0.0,1.0655016,1.0655016,1.7922405004501343,1.7938158512115479,1.7245427370071411,1.5561820268630981,1.8539923429489136,1.744154691696167,0.1146310787830081,1.6018214080960462,1.8864879752962878,0.678653091696167,0.678653091696167
compound_0128,AURKA,O14965,Kinases,Cc1cc(Nc2cc(N3CCN(C)CC3)nc(Sc3ccc(NC(=O)C4CC4)cc3)n2)n[nH]1,S(c1nc(Nc2n[nH]c(C)c2)cc(N2CCN(C)CC2)n1)c1ccc(NC(=O)C2CC2)cc1,1,2.543893017,0.0,2.543893017,2.543893017,2.480924129486084,2.3805630207061768,2.4895622730255127,2.212705373764038,2.7152955532073975,2.455810070037842,0.18293759519828676,2.228663044162155,2.6829570959135287,-0.08808294696215802,0.08808294696215802
compound_0129,AURKA,O14965,Kinases,COCCNCc1ccc(-c2cc3nccc(Oc4ccc(NC(=S)NC(=O)Cc5ccc(F)cc5)cc4F)c3s2)nc1,S=C(NC(=O)Cc1ccc(F)cc1)Nc1cc(F)c(Oc2c3sc(-c4ncc(CNCCOC)cc4)cc3ncc2)cc1,1,2.4100001,0.0,2.4100001,2.4100001,2.4554741382598877,2.5666890144348145,2.2093708515167236,2.506587028503418,2.098910093307495,2.367406225204468,0.20242667535466166,2.1160603101405027,2.618752140268433,-0.042593874795532116,0.042593874795532116
compound_0130,AURKA,O14965,Kinases,Cn1cnc(-c2cc3nccc(Oc4ccc(NC(=S)NC(=O)Cc5ccccc5)cc4F)c3s2)c1,S=C(NC(=O)Cc1ccccc1)Nc1cc(F)c(Oc2c3sc(-c4ncn(C)c4)cc3ncc2)cc1,1,1.0652996,0.0,1.0652996,1.0652996,2.7539851665496826,2.854025363922119,2.4410617351531982,2.6404130458831787,2.5597636699676514,2.649849796295166,0.161499887495542,2.4493212002779927,2.850378392312339,1.584550196295166,1.584550196295166
compound_0131,Factor Xa,P00742,Enzymes,COC(=O)N1CC(C(=O)Nc2ccc(Cl)cn2)C(C(=O)Nc2ccc(-n3ccccc3=O)cc2F)C1,Clc1cnc(NC(=O)C2C(C(=O)Nc3c(F)cc(N4C(=O)C=CC=C4)cc3)CN(C(=O)OC)C2)cc1,1,1.408935393,0.0,1.408935393,1.408935393,3.10245418548584,2.737208366394043,2.8941948413848877,2.927180767059326,2.3215110301971436,2.796509838104248,0.29553330070181444,2.4295567783524774,3.163462897856019,1.3875744451042482,1.3875744451042482
compound_0132,Factor Xa,P00742,Enzymes,O=C(Nc1ccc(Cl)cn1)C1C[NH+](CC(F)F)CC1C(=O)Nc1ccc(-n2ccccc2=O)cc1F,Clc1cnc(NC(=O)C2C(C(=O)Nc3c(F)cc(N4C(=O)C=CC=C4)cc3)C[NH+](CC(F)F)C2)cc1,1,0.886056648,0.0,0.886056648,0.886056648,3.446983814239502,2.967980146408081,3.2179336547851562,3.1986660957336426,2.7393972873687744,3.1141921997070314,0.269489136218562,2.7795772413574125,3.4488071580566504,2.2281355517070316,2.2281355517070316
compound_0133,Factor Xa,P00742,Enzymes,N=C(N)NCCCC(NC(=O)CN1CCN(S(=O)(=O)c2ccc3ccccc3c2)CC1=O)C(=O)c1nccs1,NC(=N)NCCCC(NC(=O)CN1CCN(CC1=O)S(=O)(=O)c1ccc2ccccc2c1)C(=O)c1nccs1,1,0.879426069,0.0,0.879426069,0.879426069,3.145040273666382,2.707516670227051,2.838475227355957,2.9094338417053223,2.3814423084259033,2.7963816642761232,0.28115260312547574,2.4472845989739485,3.145478729578298,1.9169555952761232,1.9169555952761232
compound_0134,Factor Xa,P00742,Enzymes,N=C(N)NCCCC(NC(=O)CN1CCN(S(=O)(=O)c2cccc3cccnc23)CC1=O)C(=O)c1nccs1,NC(=N)NCCCC(NC(=O)CN1CCN(CC1=O)S(=O)(=O)c1cccc2cccnc12)C(=O)c1nccs1,1,0.970616222,0.0,0.970616222,0.970616222,3.223205804824829,2.7717223167419434,2.8520679473876953,2.934781789779663,2.5028903484344482,2.8569336414337156,0.26117375922369207,2.532643587330118,3.181223695537313,1.8863174194337158,1.8863174194337158
compound_0135,Factor Xa,P00742,Enzymes,N=C(N)NCCC[C@@H](NC(=O)CN1CCN(S(=O)(=O)Cc2ccccc2)CC1=O)C(=O)c1nccs1,NC(=N)NCCC[C@@H](NC(=O)CN1CCN(CC1=O)S(=O)(=O)Cc1ccccc1)C(=O)c1nccs1,1,1.886056648,0.0,1.886056648,1.886056648,3.3345518112182617,2.9508373737335205,3.159226655960083,3.086362600326538,2.926710367202759,3.0915377616882322,0.166304739946976,2.8850431533654324,3.298032370011032,1.2054811136882322,1.2054811136882322
compound_0136,Factor Xa,P00742,Enzymes,N=C(N)NCCC[C@@H](NC(=O)CN1CCN(S(=O)(=O)c2ccc(Cl)cc2)CC1=O)C(=O)c1nccs1,NC(=N)NCCC[C@@H](NC(=O)CN1CCN(CC1=O)S(=O)(=O)c1ccc(Cl)cc1)C(=O)c1nccs1,1,0.721246399,0.0,0.721246399,0.721246399,2.663158655166626,2.6922519207000732,2.835805654525757,2.5904951095581055,2.0608036518096924,2.568502998352051,0.2974754101525247,2.199138491214762,2.93786750548934,1.8472565993520509,1.8472565993520509
compound_0137,Factor Xa,P00742,Enzymes,N=C(N)NCCC[C@@H](NS(=O)(=O)Cc1ccccc1)C(=O)NCC(=O)N[C@H](CCCNC(=N)N)C(=O)c1nccs1,NC(=N)NCCC[C@@H](NS(=O)(=O)Cc1ccccc1)C(=O)NCC(=O)N[C@H](CCCNC(N)=N)C(=O)c1nccs1,1,-0.491361694,0.0,-0.491361694,-0.491361694,3.372650384902954,3.094912528991699,3.0829286575317383,2.980947732925415,2.8412582874298096,3.0745395183563233,0.19527869889876068,2.832068988317659,3.317010048394988,3.5659012123563234,3.5659012123563234
compound_0138,IGF-1R,P08069,Kinases,Cc1ccc([N+](=O)[O-])cc1S(=O)(=O)N(C)/N=C/c1cnc2ccc(Br)cn12,BrC1=Cn2c(/C=N/N(S(=O)(=O)c3c(C)ccc([N+](=O)[O-])c3)C)cnc2C=C1,1,1.13,0.0,1.13,1.13,1.9650946855545044,2.0666072368621826,1.9174245595932007,1.6054987907409668,1.9745042324066162,1.9058259010314942,0.1763597474104397,1.6868463519396413,2.124805450123347,0.7758259010314943,0.7758259010314943
compound_0139,IGF-1R,P08069,Kinases,O=C(Nc1cccc(Nc2ncc(Br)c(NCCc3cnc[nH]3)n2)c1)N1CCCC1,Brc1c(NCCc2[nH]cnc2)nc(Nc2cc(NC(=O)N3CCCC3)ccc2)nc1,1,1.09,0.0,1.09,1.09,1.7021862268447876,1.7711340188980103,1.741673231124878,1.4816083908081055,1.4430217742919922,1.6279247283935547,0.15375302110245959,1.4370151374755666,1.8188343193115428,0.5379247283935547,0.5379247283935547
compound_0140,IGF-1R,P08069,Kinases,CC(C)(C)c1cc(C=C(C#N)C#N)cc(Br)c1O,Brc1c(O)c(C(C)(C)C)cc(C=C(C#N)C#N)c1,1,1.5428754,0.0,1.5428754,1.5428754,1.8792451620101929,2.0095717906951904,1.8740724325180054,1.8224453926086426,1.685892105102539,1.854245376586914,0.11672452542027142,1.7093127356651425,1.9991780175086855,0.311369976586914,0.311369976586914
compound_0141,IGF-1R,P08069,Kinases,COc1cc2c(cc1Nc1ncc(Cl)c(-c3cnn4ccccc34)n1)N(C(C)=O)CC2,Clc1c(-c2c3n(nc2)C=CC=C3)nc(Nc2c(OC)cc3c(N(C(=O)C)CC3)c2)nc1,1,1.3657748,0.0,1.3657748,1.3657748,2.149959087371826,2.169456720352173,2.383526086807251,1.900032639503479,1.891800880432129,2.0989550828933714,0.20678222101242297,1.8422010435936313,2.3557091221931112,0.7331802828933713,0.7331802828933713
compound_0142,IGF-1R,P08069,Kinases,CNCC(=O)N1CCN(c2ccc(OC)c(Nc3ncc(Cl)c(-c4cnn5ccccc45)n3)c2)CC1,Clc1c(-c2c3n(nc2)C=CC=C3)nc(Nc2c(OC)ccc(N3CCN(C(=O)CNC)CC3)c2)nc1,1,0.87047124,0.0,0.87047124,0.87047124,1.8889645338058472,1.553652286529541,1.681374192237854,1.353567361831665,1.5287328958511353,1.6012582540512086,0.19879040518597552,1.3544273647434435,1.8480891433589737,0.7307870140512086,0.7307870140512086
compound_0143,IGF-1R,P08069,Kinases,COc1ccc(NC(=O)CN(C)C)cc1Nc1ncc(Cl)c(-c2cnc3c(F)cccn23)n1,Clc1c(-c2n3c(C(F)=CC=C3)nc2)nc(Nc2c(OC)ccc(NC(=O)CN(C)C)c2)nc1,1,0.96193647,0.0,0.96193647,0.96193647,1.5606106519699097,1.8120083808898926,1.7478491067886353,1.4457809925079346,1.2570198774337769,1.5646538019180298,0.22557179058844903,1.2845694305339934,1.8447381733020662,0.6027173319180298,0.6027173319180298
compound_0144,IGF-1R,P08069,Kinases,CNCC(=O)N1CCC(c2ccc(Nc3ncc(Cl)c(-c4cnc5ccccn45)n3)c(OC)c2)CC1,Clc1c(-c2n3c(nc2)C=CC=C3)nc(Nc2c(OC)cc(C3CCN(C(=O)CNC)CC3)cc2)nc1,1,1.2878134,0.0,1.2878134,1.2878134,2.10379958152771,2.236950635910034,2.291989326477051,1.7464032173156738,2.020704507827759,2.0799694538116453,0.2150245107409767,1.8129812600931954,2.346957647530095,0.7921560538116452,0.7921560538116452
compound_0145,IGF-1R,P08069,Kinases,COc1cc(N2CC3CN(CCO)CC(C2)O3)ccc1Nc1ncc(Cl)c(-c2cnc3ccccn23)n1,Clc1c(-c2n3c(nc2)C=CC=C3)nc(Nc2c(OC)cc(N3CC4OC(CN(CCO)C4)C3)cc2)nc1,1,0.71556926,0.0,0.71556926,0.71556926,2.2761361598968506,2.0016493797302246,2.2014923095703125,1.831310510635376,1.8858377933502197,2.0392852306365965,0.19405254223434173,1.7983371751842985,2.2802332860888943,1.3237159706365964,1.3237159706365964
compound_0146,IGF-1R,P08069,Kinases,COc1ccc(N2CCN(C(=O)CN(C)C)CC2)cc1Nc1ncc(Cl)c(-c2cnc3ccccn23)n1,Clc1c(-c2n3c(nc2)C=CC=C3)nc(Nc2c(OC)ccc(N3CCN(C(=O)CN(C)C)CC3)c2)nc1,1,0.42887372,0.0,0.42887372,0.42887372,2.0215342044830322,2.0109212398529053,2.2590439319610596,1.84575355052948,1.6674294471740723,1.96093647480011,0.2204836155502719,1.6871699071775372,2.234703042422683,1.5320627548001098,1.5320627548001098
compound_0147,IGF-1R,P08069,Kinases,Cc1[nH]c(/C=C2\C(=O)Nc3ccc(S(=O)(=O)Cc4c(Cl)cccc4Cl)cc32)c(C)c1C(=O)N1CCC[C@@H]1CN1CCCC1,Clc1c(CS(=O)(=O)c2cc3/C(=C/c4c(C)c(C(=O)N5[C@@H](CN6CCCC6)CCC5)c(C)[nH]4)/C(=O)Nc3cc2)c(Cl)ccc1,1,0.93000001,0.0,0.93000001,0.93000001,2.2010340690612793,2.0551869869232178,2.0359644889831543,1.7404699325561523,1.7361721992492676,1.9537655353546142,0.20677680035969173,1.6970182266842173,2.2105128440250112,1.023765525354614,1.023765525354614
compound_0148,IGF-1R,P08069,Kinases,O=C(O)C1(Cc2cccc(Nc3nccs3)n2)CCC(Oc2cccc(Cl)c2F)CC1,Clc1c(F)c(OC2CCC(C(=O)O)(Cc3nc(Nc4sccn4)ccc3)CC2)ccc1,1,0.98000002,0.0,0.98000002,0.98000002,2.4624125957489014,2.7370288372039795,2.7985568046569824,2.0363972187042236,2.062222480773926,2.4193235874176025,0.3608202203524225,1.9713061099820495,2.8673410648531554,1.4393235674176026,1.4393235674176026
compound_0149,IGF-1R,P08069,Kinases,CCN1CCN(c2ccc(Nc3cc(N(C)C(=O)Nc4c(Cl)c(OC)cc(OC)c4Cl)ncn3)cc2)CC1,Clc1c(NC(=O)N(C)c2ncnc(Nc3ccc(N4CCN(CC)CC4)cc3)c2)c(Cl)c(OC)cc1OC,1,0.5,0.0,0.5,0.5,2.1968722343444824,2.4259836673736572,2.4496872425079346,1.9255197048187256,2.010596990585327,2.201731967926025,0.23697049065364129,1.9074942410447167,2.4959696948073335,1.7017319679260252,1.7017319679260252
compound_0150,IGF-1R,P08069,Kinases,CNC(=O)c1ccccc1Nc1nc(Nc2ccc(N3CCOCC3)cc2OC)ncc1Cl,Clc1c(Nc2c(C(=O)NC)cccc2)nc(Nc2c(OC)cc(N3CCOCC3)cc2)nc1,1,1.47,0.0,1.47,1.47,1.6618729829788208,1.9718858003616333,1.966068148612976,1.595909833908081,1.6006931066513062,1.7592859745025635,0.19319051830484268,1.5194082631291146,1.9991636858760125,0.28928597450256355,0.28928597450256355
compound_0151,IGF-1R,P08069,Kinases,COc1cc(N2CCC(N3CCN(C)CC3)CC2)ccc1Nc1ncc(Cl)c(Nc2ccccc2S(=O)(=O)C(C)C)n1,Clc1c(Nc2c(S(=O)(=O)C(C)C)cccc2)nc(Nc2c(OC)cc(N3CCC(N4CCN(C)CC4)CC3)cc2)nc1,1,1.6900001,0.0,1.6900001,1.6900001,2.099604606628418,2.2744152545928955,2.0948050022125244,1.7509156465530396,1.6279243230819702,1.9695329666137695,0.26928373601496725,1.6351730463021776,2.3038928869253614,0.2795328666137695,0.2795328666137695
compound_0152,IGF-1R,P08069,Kinases,COc1cc(Nc2c(C#N)cnc3cc(OCCCN4CCN(C)CC4)c(OC)cc23)c(Cl)cc1Cl,Clc1c(OC)cc(Nc2c(C#N)cnc3c2cc(OC)c(OCCCN2CCN(C)CC2)c3)c(Cl)c1,1,1.02,0.0,1.02,1.02,2.165109872817993,2.2815825939178467,2.405573606491089,1.6418761014938354,1.7113823890686035,2.0411049127578735,0.34429085100337187,1.6136113581560496,2.4685984673596977,1.0211049127578735,1.0211049127578735
compound_0153,IGF-1R,P08069,Kinases,CCOc1cc2ncc(C#N)c(Nc3ccc(OCc4ccccn4)c(Cl)c3)c2cc1NC(=O)/C=C/CN(C)C,Clc1c(OCc2ncccc2)ccc(Nc2c(C#N)cnc3c2cc(NC(=O)/C=C/CN(C)C)c(OCC)c3)c1,1,0.86000001,0.0,0.86000001,0.86000001,1.4848049879074097,1.5299636125564575,1.817611575126648,1.3349114656448364,1.404128909111023,1.514284110069275,0.18535852446392945,1.2841311034822416,1.7444371166563084,0.654284100069275,0.654284100069275
compound_0154,IGF-1R,P08069,Kinases,C=CC(=O)Nc1cccc(Oc2nc(Nc3ccc(N4CCN(C)CC4)cc3OC)ncc2Cl)c1,Clc1c(Oc2cc(NC(=O)C=C)ccc2)nc(Nc2c(OC)cc(N3CCN(C)CC3)cc2)nc1,1,1.03,0.0,1.03,1.03,2.001739501953125,1.8292109966278076,2.0329341888427734,1.6771137714385986,1.4051058292388916,1.7892208576202393,0.258007716465544,1.4688619648262082,2.1095797504142704,0.7592208576202393,0.7592208576202393
compound_0155,IGF-1R,P08069,Kinases,C=CC(=O)Nc1cccc(Oc2nc(Nc3ccc(N4CCN(C)CC4)cc3)ncc2Cl)c1,Clc1c(Oc2cc(NC(=O)C=C)ccc2)nc(Nc2ccc(N3CCN(C)CC3)cc2)nc1,1,0.97000003,0.0,0.97000003,0.97000003,1.638188362121582,2.051997184753418,1.9634922742843628,1.477638840675354,1.617046594619751,1.7496726512908936,0.24552992000372245,1.4448069891404205,2.0545383134413666,0.7796726212908935,0.7796726212908935
compound_0156,IGF-1R,P08069,Kinases,C=CC(=O)Nc1cccc(Sc2nc(Nc3ccc(N4CCN(C)CC4)cc3)ncc2Cl)c1,Clc1c(Sc2cc(NC(=O)C=C)ccc2)nc(Nc2ccc(N3CCN(C)CC3)cc2)nc1,1,1.24,0.0,1.24,1.24,1.8072127103805542,2.4203219413757324,2.0924830436706543,1.5911521911621094,1.7394979000091553,1.9301335573196412,0.3290143851849072,1.5216082403443951,2.3386588742948873,0.6901335573196412,0.6901335573196412
compound_0157,IGF-1R,P08069,Kinases,Cc1cc(N2CCOCC2)cc2[nH]c(-c3c(NCC(O)c4cccc(Cl)c4)cc[nH]c3=O)nc12,Clc1cc(C(O)CNC2=C(c3[nH]c4c(c(C)cc(N5CCOCC5)c4)n3)C(=O)NC=C2)ccc1,1,1.9118639,0.0,1.9118639,1.9118639,2.689603567123413,3.061540365219116,3.0969860553741455,2.833350896835327,2.5927517414093018,2.8548465251922606,0.22238191726048095,2.5787229046783926,3.1309701457061285,0.9429826251922606,0.9429826251922606
compound_0158,IGF-1R,P08069,Kinases,Cc1cc(Nc2cc(CN3CCOCC3)c3nc(C)c(Cc4ccc(Cl)cc4F)n3n2)n[nH]1,Clc1cc(F)c(Cc2c(C)nc3C(CN4CCOCC4)=CC(Nc4n[nH]c(C)c4)=Nn23)cc1,1,1.25,0.0,1.25,1.25,2.3250112533569336,2.417264461517334,2.216031789779663,2.1869373321533203,2.0783779621124268,2.2447245597839354,0.1304317830703973,2.0827721105238997,2.406677009043971,0.9947245597839354,0.9947245597839354
compound_0159,IGF-1R,P08069,Kinases,O=C(O)c1ccc(Nc2ncc3c(n2)-c2ccc(Cl)cc2C(c2c(F)cccc2F)=NC3)cc1,Clc1cc2C(c3c(F)cccc3F)=NCc3c(nc(Nc4ccc(C(=O)O)cc4)nc3)-c2cc1,1,0.83999997,0.0,0.83999997,0.83999997,1.745556116104126,1.9044764041900635,1.8656890392303467,1.4628766775131226,1.4159808158874512,1.678915810585022,0.22694188083119785,1.397130247472274,1.9607013736977699,0.8389158405850219,0.8389158405850219
compound_0160,IGF-1R,P08069,Kinases,COc1cc(Nc2ncc3c(n2)-c2ccc(Cl)cc2C(c2c(F)cccc2OC)=NC3)ccc1C(=O)O,Clc1cc2C(c3c(F)cccc3OC)=NCc3c(nc(Nc4cc(OC)c(C(=O)O)cc4)nc3)-c2cc1,1,0.77999997,0.0,0.77999997,0.77999997,1.7339190244674683,2.0435128211975098,1.9116233587265015,1.5973501205444336,1.4797368049621582,1.7532284259796143,0.2284855305515903,1.4695261685832177,2.036930683376011,0.9732284559796143,0.9732284559796143
compound_0161,IGF-1R,P08069,Kinases,CCCS(=O)(=O)Nc1ccc(F)c(C(=O)c2c[nH]c3ncc(Cl)cc23)c1F,Clc1cnc2[nH]cc(C(=O)c3c(F)c(NS(=O)(=O)CCC)ccc3F)c2c1,1,0.85000002,0.0,0.85000002,0.85000002,1.8862967491149902,1.7467838525772095,1.951102614402771,1.5675437450408936,1.6756606101989746,1.7654775142669679,0.15544152562415522,1.572471368073586,1.9584836604603497,0.9154774942669679,0.9154774942669679
compound_0162,IGF-1R,P08069,Kinases,CC(=O)NCC(=O)N1[C@@H]2CC[C@H]1c1ccc(Nc3ncc(C(F)(F)F)c(NC4CCC4)n3)cc12,FC(F)(F)c1c(NC2CCC2)nc(Nc2cc3[C@@H]4N(C(=O)CNC(=O)C)[C@H](c3cc2)CC4)nc1,1,0.41,0.0,0.41,0.41,2.01235032081604,2.107792615890503,1.9156361818313599,1.7847750186920166,1.6344918012619019,1.8910091876983643,0.18668963708097652,1.659203386497189,2.12281498889954,1.4810091876983644,1.4810091876983644
compound_0163,IGF-1R,P08069,Kinases,CNCC(=O)N1CCN(c2ccc(Nc3ncc(F)c(-c4cnn5ccccc45)n3)c(OC)c2)CC1,Fc1c(-c2c3n(nc2)C=CC=C3)nc(Nc2c(OC)cc(N3CCN(C(=O)CNC)CC3)cc2)nc1,1,1.0255574,0.0,1.0255574,1.0255574,1.8039124011993408,1.4451661109924316,1.7276508808135986,1.335321068763733,1.4131532907485962,1.54504075050354,0.20719108438405176,1.2877790402750642,1.8023024607320157,0.5194833505035399,0.5194833505035399
compound_0164,IGF-1R,P08069,Kinases,CNC(=O)c1c(F)cccc1Nc1nc(Nc2cc3c(cc2OC)CCN3C(=O)CN(C)C)nc2[nH]ccc12,Fc1c(C(=O)NC)c(Nc2nc(Nc3c(OC)cc4c(N(C(=O)CN(C)C)CC4)c3)nc3[nH]ccc23)ccc1,1,1.792436,0.0,1.792436,1.792436,2.07049298286438,2.111328125,2.3852181434631348,2.058206081390381,1.8270803689956665,2.0904651403427126,0.19882509192358172,1.8435911817616466,2.3373390989237786,0.29802914034271266,0.29802914034271266
compound_0165,IGF-1R,P08069,Kinases,Fc1cc(-c2cccc3ncc(-c4cnn(C5CCNCC5)c4)nc23)cc(F)c1CN1CCOCC1,Fc1c(CN2CCOCC2)c(F)cc(-c2c3nc(-c4cn(C5CCNCC5)nc4)cnc3ccc2)c1,1,1.27,0.0,1.27,1.27,2.0548765659332275,2.1522562503814697,2.0390779972076416,1.976786732673645,2.1806371212005615,2.0807269334793093,0.08412034463394738,1.9762777300308434,2.185176136927775,0.8107269334793092,0.8107269334793092
compound_0166,IGF-1R,P08069,Kinases,Cc1ccc(F)c(NC(=O)Nc2ccc(-c3cccc4[nH]nc(N)c34)cc2)c1,Fc1c(NC(=O)Nc2ccc(-c3c4c(N)n[nH]c4ccc3)cc2)cc(C)cc1,1,0.87,0.0,0.87,0.87,2.30639386177063,2.6709039211273193,2.520435094833374,2.1113905906677246,2.1470515727996826,2.351235008239746,0.24085464056939385,2.0521744722444213,2.650295544235071,1.481235008239746,1.481235008239746
compound_0167,IGF-1R,P08069,Kinases,CNC(=O)c1cc(Oc2ccc(NC(=O)Nc3cc(C(C)(C)C)nn3-c3ccc4ncccc4c3)c(F)c2)ccn1,Fc1c(NC(=O)Nc2n(-c3cc4c(nccc4)cc3)nc(C(C)(C)C)c2)ccc(Oc2cc(C(=O)NC)ncc2)c1,1,1.8099999,0.0,1.8099999,1.8099999,2.5901060104370117,2.721174478530884,2.6719906330108643,2.3760786056518555,2.7337534427642822,2.6186206340789795,0.14685105613223232,2.4362809645813863,2.8009603035765727,0.8086207340789795,0.8086207340789795
compound_0168,IGF-1R,P08069,Kinases,Cc1cc(Nc2nc(N[C@@H](C)c3ccc(F)cc3)c(C#N)cc2F)n[nH]1,Fc1c(Nc2n[nH]c(C)c2)nc(N[C@@H](C)c2ccc(F)cc2)c(C#N)c1,1,0.75,0.0,0.75,0.75,2.228102207183838,2.364074468612671,2.06740403175354,2.0871570110321045,1.943540334701538,2.138055610656738,0.16171844307546498,1.937255642044368,2.3388555792691084,1.388055610656738,1.388055610656738
compound_0169,IGF-1R,P08069,Kinases,COc1cc(Nc2ncc(F)c(Nc3ccc4c(n3)NC(=O)C(C)(C)O4)n2)cc(OC)c1OC,Fc1c(Nc2nc3NC(=O)C(C)(C)Oc3cc2)nc(Nc2cc(OC)c(OC)c(OC)c2)nc1,1,0.63999999,0.0,0.63999999,0.63999999,1.5119531154632568,1.636871099472046,1.5794341564178467,1.3008296489715576,1.2402067184448242,1.4538589477539063,0.17442960930121326,1.237275981663841,1.6704419138439717,0.8138589577539064,0.8138589577539064
compound_0170,IGF-1R,P08069,Kinases,COc1cc2c(Oc3ccc(NC(=O)C4(C(=O)Nc5ccc(F)cc5)CC4)cc3F)ccnc2cc1OCCCN1CCOCC1,Fc1c(Oc2c3c(ncc2)cc(OCCCN2CCOCC2)c(OC)c3)ccc(NC(=O)C2(C(=O)Nc3ccc(F)cc3)CC2)c1,1,0.73000002,0.0,0.73000002,0.73000002,2.7440297603607178,2.763610601425171,2.7342183589935303,2.2653491497039795,2.2501871585845947,2.5514790058135985,0.26838235313539766,2.2182383001721657,2.8847197114550314,1.8214789858135987,1.8214789858135987
compound_0171,IGF-1R,P08069,Kinases,CN1CCN(c2ccc3nc(-c4c(N)c5c(F)cccc5[nH]c4=O)[nH]c3c2)CC1,Fc1c2C(N)=C(c3[nH]c4c(n3)ccc(N3CCN(C)CC3)c4)C(=O)Nc2ccc1,1,0.81999999,0.0,0.81999999,0.81999999,1.7698930501937866,1.9398207664489746,1.9146238565444946,1.7525372505187988,1.5294698476791382,1.7812689542770386,0.16376806707950656,1.5779240413289959,1.9846138672250813,0.9612689642770386,0.9612689642770386
compound_0172,IGF-1R,P08069,Kinases,NC(=O)Nc1cc(-c2cccc(F)c2)sc1C(=O)N[C@H]1CCCNC1,Fc1cc(-c2sc(C(=O)N[C@@H]3CNCCC3)c(NC(=O)N)c2)ccc1,1,0.69,0.0,0.69,0.69,1.9040486812591553,2.1215221881866455,1.9436707496643066,1.7446058988571167,1.5779266357421875,1.8583548307418822,0.20627807934730016,1.6022267659977198,2.1144828954860446,1.1683548307418823,1.1683548307418823
compound_0173,IGF-1R,P08069,Kinases,CCN(CC)CCNC(=O)c1c(C)[nH]c(/C=C2\C(=O)Nc3ccc(F)cc32)c1C,Fc1cc2/C(=C/c3c(C)c(C(=O)NCCN(CC)CC)c(C)[nH]3)/C(=O)Nc2cc1,1,0.94,0.0,0.94,0.94,1.6449618339538574,1.620086908340454,1.7735899686813354,1.3887462615966797,1.3908251523971558,1.5636420249938965,0.16906454000786833,1.353720672293246,1.773563377694547,0.6236420249938965,0.6236420249938965
compound_0174,IGF-1R,P08069,Kinases,NC(=O)Nc1sc(-c2ccc(F)cc2)cc1C(N)=O,Fc1ccc(-c2sc(NC(=O)N)c(C(=O)N)c2)cc1,1,0.83999997,0.0,0.83999997,0.83999997,1.9262913465499878,2.1217660903930664,2.1392180919647217,1.6644012928009033,1.9867668151855469,1.9676887273788453,0.19184833935648862,1.7294775512847145,2.205899903472976,1.1276887573788452,1.1276887573788452
compound_0175,IGF-1R,P08069,Kinases,COc1cc2nccc(Oc3ccc(NC(=O)C4(C(=O)Nc5ccc(F)cc5)CC4)cc3)c2cc1OC,Fc1ccc(NC(=O)C2(C(=O)Nc3ccc(Oc4c5c(ncc4)cc(OC)c(OC)c5)cc3)CC2)cc1,1,0.81,0.0,0.81,0.81,2.1621253490448,2.26814341545105,2.703455686569214,1.9837313890457153,1.8666493892669678,2.1968210458755495,0.3230285806266783,1.7957280869205403,2.5979140048305585,1.3868210458755494,1.3868210458755494
compound_0176,IGF-1R,P08069,Kinases,CC1(C(=O)Nc2ccc(F)nc2)CCCN1c1nc(Nc2cc(C3CC3)n[nH]2)c2cccn2n1,Fc1ncc(NC(=O)C2(C)N(C=3N=C(Nc4[nH]nc(C5CC5)c4)c4n(N=3)ccc4)CCC2)cc1,1,2.7941194,0.0,2.7941194,2.7941194,2.1183135509490967,2.412693977355957,2.3644649982452393,2.176318883895874,2.116142749786377,2.237586832046509,0.14096907778544354,2.062550603300337,2.4126230607926806,-0.5565325679534912,0.5565325679534912
compound_0177,IGF-1R,P08069,Kinases,O=C(NCCCNc1nc(Nc2cccc(NC(=O)N3CCCC3)c2)ncc1I)c1cccs1,Ic1c(NCCCNC(=O)c2sccc2)nc(Nc2cc(NC(=O)N3CCCC3)ccc2)nc1,1,1.04,0.0,1.04,1.04,2.125988721847534,2.3342125415802,2.336291551589966,1.7708086967468262,1.593333125114441,2.0321269273757934,0.3366782930172684,1.6140856119595526,2.450168242792034,0.9921269273757933,0.9921269273757933
compound_0178,IGF-1R,P08069,Kinases,Cc1nc(N)sc1-c1ccnc(Nc2ccc(N3CCOCC3)cc2)n1,N(c1nc(-c2c(C)nc(N)s2)ccn1)c1ccc(N2CCOCC2)cc1,1,1.17,0.0,1.17,1.17,1.705331802368164,2.0207149982452393,2.0503203868865967,1.5978223085403442,1.7434393167495728,1.8235257625579835,0.20102555588677626,1.5739195670944741,2.073131958021493,0.6535257625579836,0.6535257625579836
compound_0179,IGF-1R,P08069,Kinases,Cc1cc(Nc2cc(N3CCN(C)CC3)nc(/C=C/c3ccccc3)n2)n[nH]1,N(c1nc(/C=C/c2ccccc2)nc(N2CCN(C)CC2)c1)c1n[nH]c(C)c1,1,1.11,0.0,1.11,1.11,1.9854782819747925,1.9136199951171875,2.032139301300049,1.8571500778198242,1.7547026872634888,1.9086180686950684,0.10900562518002627,1.7732697083073359,2.043966429082801,0.7986180686950684,0.7986180686950684
compound_0180,IGF-1R,P08069,Kinases,Nc1ncnc2c1c(-c1cnc3[nH]ccc3c1)nn2C1CCCC1,Nc1ncnc2n(C3CCCC3)nc(-c3cnc4[nH]ccc4c3)c12,1,1.01,0.0,1.01,1.01,2.014146089553833,2.2532083988189697,2.0585272312164307,1.832200527191162,1.7525548934936523,1.9821274280548096,0.19718559883088232,1.7372891690222523,2.226965687087367,0.9721274280548096,0.9721274280548096
compound_0181,IGF-1R,P08069,Kinases,CC(C)n1nc(-c2ccc3oc(N)nc3c2)c2c(N)ncnc21,Nc1oc2c(n1)cc(-c1nn(C(C)C)c3ncnc(N)c13)cc2,1,1.02,0.0,1.02,1.02,2.0677897930145264,2.221346616744995,2.069683313369751,1.9188185930252075,1.877354383468628,2.0309985399246218,0.13717995995139967,1.8606671223779343,2.201329957471309,1.0109985399246217,1.0109985399246217
compound_0182,IGF-1R,P08069,Kinases,CC(C)Oc1cc(-c2ccccc2)nc2cc(-c3nc(C4CC(C)(O)C4)n4ccnc(N)c34)ccc12,O(C(C)C)c1c2c(nc(-c3ccccc3)c1)cc(-c1nc(C3CC(O)(C)C3)n3c1C(N)=NC=C3)cc2,1,3.1547468,0.0,3.1547468,3.1547468,2.9001362323760986,3.3257241249084473,3.3259284496307373,3.0376150608062744,2.9549591541290283,3.1088726043701174,0.20400715832703178,2.855564260499586,3.3621809482406486,-0.045874195629882486,0.045874195629882486
compound_0183,IGF-1R,P08069,Kinases,CN[C@@H]1C[C@H]2O[C@@](C)([C@@H]1OC)n1c3ccccc3c3c4c(c5c6ccccc6n2c5c31)C(=O)NC4,O(C)[C@@H]1[C@H](NC)C[C@H]2O[C@]1(C)n1c3c4n2c2c(c4c4C(=O)NCc4c3c3c1cccc3)cccc2,1,0.60000002,0.0,0.60000002,0.60000002,2.355947732925415,2.278278112411499,2.2772397994995117,1.817800760269165,2.0830976963043213,2.1624728202819825,0.21743625864046434,1.8924900460239953,2.4324555945399697,1.5624728002819825,1.5624728002819825
compound_0184,IGF-1R,P08069,Kinases,COc1ccc(N2CCNCC2)cc1Nc1ncc(C)c(-c2cnn3ccccc23)n1,O(C)c1c(Nc2nc(c(C)cn2)-c2c3n(nc2)C=CC=C3)cc(N2CCNCC2)cc1,1,0.48932096,0.0,0.48932096,0.48932096,1.252611517906189,1.151519536972046,1.1161818504333496,0.7716507315635681,0.9336198568344116,1.045116698741913,0.1914687315911558,0.8073768679434347,1.2828565295403913,0.5557957387419129,0.5557957387419129
compound_0185,IGF-1R,P08069,Kinases,COc1cc(N2CCNCC2)ccc1Nc1ncc(C)c(-c2cnn3ccccc23)n1,O(C)c1c(Nc2nc(c(C)cn2)-c2c3n(nc2)C=CC=C3)ccc(N2CCNCC2)c1,1,0.84572822,0.0,0.84572822,0.84572822,1.5624648332595825,1.3222711086273193,1.4164053201675415,1.094831109046936,1.1943042278289795,1.3180553197860718,0.1834188422352173,1.090310746790386,1.5457998927817576,0.4723270997860718,0.4723270997860718
compound_0186,IGF-1R,P08069,Kinases,COc1cc(-c2ccccc2)nc2cc(-c3nc(C4CC(C)(O)C4)n4ccnc(N)c34)ccc12,O(C)c1c2c(nc(-c3ccccc3)c1)cc(-c1nc(C3CC(O)(C)C3)n3c1C(N)=NC=C3)cc2,1,3.6944337,0.0,3.6944337,3.6944337,3.032867431640625,3.181166887283325,3.3328850269317627,3.104238271713257,3.1550376415252686,3.1612390518188476,0.11138478204878328,3.0229365780011004,3.2995415256365948,-0.5331946481811523,0.5331946481811523
compound_0187,IGF-1R,P08069,Kinases,Nc1ncnc2c1c(-c1cccc(OCc3ccccc3)c1)cn2C1CC(CN2CCC2)C1,O(Cc1ccccc1)c1cc(-c2c3c(N)ncnc3n(C3CC(CN4CCC4)C3)c2)ccc1,1,0.73834068,0.0,0.73834068,0.73834068,1.871911644935608,1.9593780040740967,1.9207273721694946,1.583611011505127,1.6033332347869873,1.7877922534942627,0.1802114013862485,1.5640302443271097,2.011554262661416,1.0494515734942627,1.0494515734942627
compound_0188,IGF-1R,P08069,Kinases,Nc1ncnc2c1c(-c1cccc(OCc3ccccc3)c1)cn2C1CC(CN2CCCC2)C1,O(Cc1ccccc1)c1cc(-c2c3c(N)ncnc3n(C3CC(CN4CCCC4)C3)c2)ccc1,1,0.61978877,0.0,0.61978877,0.61978877,1.843553900718689,1.96818208694458,1.9566563367843628,1.6296254396438599,1.7057520151138306,1.8207539558410644,0.15039938875202485,1.6340084494758227,2.0074994622063063,1.2009651858410644,1.2009651858410644
compound_0189,IGF-1R,P08069,Kinases,COc1cc2c(cc1Nc1ncc(C)c(-c3cnn4ccccc34)n1)N(C(=O)CN(C)C)CC2,O=C(CN(C)C)N1c2c(cc(OC)c(Nc3nc(c(C)cn3)-c3c4n(nc3)C=CC=C4)c2)CC1,1,1.2986047,0.0,1.2986047,1.2986047,2.4427781105041504,2.0931544303894043,2.2955129146575928,2.1274425983428955,1.918389081954956,2.1754554271698,0.20064708381389734,1.92631916685351,2.4245916874860898,0.8768507271697998,0.8768507271697998
compound_0190,IGF-1R,P08069,Kinases,CCn1cc(-c2ccnc3[nH]c(-c4cccc(CN(C)C)c4)cc23)c(-c2ccc(NC(=O)N(C)C)cc2)n1,O=C(N(C)C)Nc1ccc(-c2c(-c3c4c([nH]c(-c5cc(CN(C)C)ccc5)c4)ncc3)cn(CC)n2)cc1,1,0.73000002,0.0,0.73000002,0.73000002,2.167534589767456,2.381295919418335,2.388230800628662,1.8825819492340088,2.006364107131958,2.165201473236084,0.22447017518971435,1.8864849380325233,2.4439180084396446,1.435201453236084,1.435201453236084
compound_0191,IGF-1R,P08069,Kinases,COC(=O)c1ccc2c(c1)NC(=O)/C2=C(\Nc1ccc(N(C)C(=O)CN2CCN(C)CC2)cc1)c1ccccc1,O=C(N(C)c1ccc(N/C(/c2ccccc2)=C/2\C(=O)Nc3c\2ccc(C(=O)OC)c3)cc1)CN1CCN(C)CC1,1,0.81999999,0.0,0.81999999,0.81999999,2.4920198917388916,2.339160680770874,2.4064862728118896,2.0537850856781006,2.25321364402771,2.3089331150054933,0.16744869995047842,2.101018092730959,2.5168481372800273,1.4889331250054934,1.4889331250054934
compound_0192,IGF-1R,P08069,Kinases,O=C(c1ccc(/C=C/c2n[nH]c3ccccc23)cc1)N1CCNCC1,O=C(N1CCNCC1)c1ccc(/C=C/c2n[nH]c3c2cccc3)cc1,1,0.89999998,0.0,0.89999998,0.89999998,1.6151129007339478,1.6657642126083374,1.5348769426345825,1.2909281253814697,1.2826143503189087,1.4778593063354493,0.18059739276123352,1.25361802557436,1.7021005870965384,0.5778593263354492,0.5778593263354492
compound_0193,IGF-1R,P08069,Kinases,CNC(=O)c1nn(C)c2c1C(C)(C)Cc1cnc(Nc3ccc(N4CCN(C)CC4)cc3)nc1-2,O=C(NC)c1nn(C)c-2c1C(C)(C)Cc1c-2nc(Nc2ccc(N3CCN(C)CC3)cc2)nc1,1,1.04,0.0,1.04,1.04,1.5367614030838013,2.0570313930511475,1.8973275423049927,1.321409821510315,1.6367266178131104,1.6898513555526733,0.2914942037678319,1.3279134970490838,2.051789214056263,0.6498513555526733,0.6498513555526733
compound_0194,IGF-1R,P08069,Kinases,O=C(Nc1c[nH]nc1-c1nc2cc(CN3CCOCC3)ccc2[nH]1)NC1CC1,O=C(Nc1c(-c2[nH]c3c(n2)cc(CN2CCOCC2)cc3)n[nH]c1)NC1CC1,1,0.92000002,0.0,0.92000002,0.92000002,2.1237080097198486,2.056070566177368,2.042638063430786,2.0736277103424072,1.9365068674087524,2.0465102434158324,0.06874225123048366,1.9611554649074623,2.1318650219242024,1.1265102234158324,1.1265102234158324
compound_0195,IGF-1R,P08069,Kinases,COc1cc2c(Nc3ccc(NC(=O)c4ccccc4)cc3)ncnc2cc1OCCCN1CCOCC1,O=C(Nc1ccc(Nc2ncnc3c2cc(OC)c(OCCCN2CCOCC2)c3)cc1)c1ccccc1,1,1.1799999,0.0,1.1799999,1.1799999,2.265211343765259,2.3450469970703125,2.405916213989258,2.247060537338257,1.8906022310256958,2.2307674646377564,0.2005624136759679,1.9817363361834563,2.4797985930920565,1.0507675646377563,1.0507675646377563
compound_0196,IGF-1R,P08069,Kinases,COc1cc(CCc2cc(NC(=O)c3ccc(N4C[C@@H](C)N[C@@H](C)C4)cc3)n[nH]2)cc(OC)c1,O=C(Nc1n[nH]c(CCc2cc(OC)cc(OC)c2)c1)c1ccc(N2C[C@@H](C)N[C@@H](C)C2)cc1,1,1.02,0.0,1.02,1.02,1.82151198387146,1.7339774370193481,1.7325469255447388,1.6738612651824951,1.7575639486312866,1.7438923120498657,0.053251988619364705,1.677771234948444,1.8100133891512875,0.7238923120498657,0.7238923120498657
compound_0197,IGF-1R,P08069,Kinases,Cc1[nH]c(/C=C2\C(=O)Nc3ccccc32)c(C)c1CCC(=O)O,O=C(O)CCc1c(C)c(/C=C/2\C(=O)Nc3c\2cccc3)[nH]c1C,1,0.94999999,0.0,0.94999999,0.94999999,1.7156755924224854,1.6344952583312988,1.7424396276474,1.460958480834961,1.5881448984146118,1.6283427715301513,0.11215651680713423,1.489082062446797,1.7676034806135055,0.6783427815301513,0.6783427815301513
compound_0198,IGF-1R,P08069,Kinases,Cc1c(CN2CCN(C(=O)[C@H](C)O)CC2)sc2c(N3CCOCC3)nc(-c3cnc(N)nc3)nc12,O=C([C@@H](O)C)N1CCN(Cc2c(C)c3nc(-c4cnc(N)nc4)nc(N4CCOCC4)c3s2)CC1,1,1.25,0.0,1.25,1.25,2.31044602394104,2.1999056339263916,2.285944938659668,2.192563772201538,2.221052408218384,2.2419825553894044,0.05308175812154497,2.1760728473685216,2.307892263410287,0.9919825553894044,0.9919825553894044
compound_0199,IGF-1R,P08069,Kinases,Cc1cc(C)c(/C=C2\C(=O)Nc3ccccc32)[nH]1,O=C1/C(=C\c2c(C)cc(C)[nH]2)/c2c(N1)cccc2,1,1.13,0.0,1.13,1.13,2.0922691822052,2.0039491653442383,2.249110460281372,1.914301872253418,1.9239075183868408,2.036707639694214,0.13872833174143534,1.8644536646400047,2.208961614748423,0.906707639694214,0.906707639694214
compound_0200,IGF-1R,P08069,Kinases,Cn1c(=O)n(-c2ccc(C(C)(C)C#N)cc2)c2c3cc(-c4cnc5ccccc5c4)ccc3ncc21,O=C1N(C)c2c(N1c1ccc(C(C#N)(C)C)cc1)c1c(nc2)ccc(-c2cnc3c(c2)cccc3)c1,1,1.3099999,0.0,1.3099999,1.3099999,2.3267505168914795,2.477663040161133,2.498905658721924,2.143247604370117,2.2930614948272705,2.3479256629943848,0.145755203669837,2.1669466740466907,2.528904651942079,1.0379257629943848,1.0379257629943848
compound_0201,IGF-1R,P08069,Kinases,CNC1CC2OC(C)(C1OC)n1c3ccccc3c3c4c(c5c6ccccc6n2c5c31)C(=O)NC4,O=C1NCc2c3c4n(C5(C)C(OC)C(NC)CC(O5)n5c4c(c4c5cccc4)c12)c1c3cccc1,1,1.4,0.0,1.4,1.4,2.355947732925415,2.278278112411499,2.2772397994995117,1.817800760269165,2.0830976963043213,2.1624728202819825,0.21743625864046434,1.8924900460239953,2.4324555945399697,0.7624728202819826,0.7624728202819826
compound_0202,IGF-1R,P08069,Kinases,CC1(O)CC(c2nc(-c3ccc4ccc(-c5ccccc5)nc4c3)c3c(N)nccn23)C1,OC1(C)CC(c2n3c(c(-c4cc5nc(-c6ccccc6)ccc5cc4)n2)C(N)=NC=C3)C1,1,2.3560541,0.0,2.3560541,2.3560541,2.305403470993042,2.389390468597412,2.5226104259490967,2.319725751876831,2.227350950241089,2.352896213531494,0.11096418093714719,2.21511598497167,2.4906764420913183,-0.0031578864685060104,0.0031578864685060104
compound_0203,IGF-1R,P08069,Kinases,COc1cc(Nc2ncc(F)c(Nc3ccc4c(n3)N(COP(=O)(O)O)C(=O)C(C)(C)O4)n2)cc(OC)c1OC,P(=O)(OCN1C(=O)C(C)(C)Oc2c1nc(Nc1c(F)cnc(Nc3cc(OC)c(OC)c(OC)c3)n1)cc2)(O)O,1,0.89999998,0.0,0.89999998,0.89999998,1.6667972803115845,1.9381802082061768,1.8394941091537476,1.401962399482727,1.5121098756790161,1.6717087745666503,0.22215871669894488,1.3958622941544205,1.9475552549788802,0.7717087945666503,0.7717087945666503
compound_0204,IGF-1R,P08069,Kinases,CC1C(=O)N(c2ccc(S(=O)(=O)C(F)(F)F)cc2)C(=O)N1Cc1ccnc2ccccc12,S(=O)(=O)(C(F)(F)F)c1ccc(N2C(=O)N(Cc3c4c(ncc3)cccc4)C(C)C2=O)cc1,1,2.6073351,0.0,2.6073351,2.6073351,3.0278942584991455,3.2825076580047607,3.198421001434326,3.0053040981292725,2.930987596511841,3.089022922515869,0.1458809462580687,2.9078878035233267,3.2701580415084113,0.48168782251586917,0.48168782251586917
compound_0205,IGF-1R,P08069,Kinases,CS(=O)(=O)N1CCN(Cc2cc3nc(-c4cccc5[nH]ncc45)nc(N4CCOCC4)c3s2)CC1,S(=O)(=O)(C)N1CCN(Cc2sc3c(N4CCOCC4)nc(-c4c5c([nH]nc5)ccc4)nc3c2)CC1,1,2.5,0.0,2.5,2.5,2.415748357772827,2.526998996734619,2.6742730140686035,2.3104019165039062,2.188011884689331,2.4230868339538576,0.18835087621212088,2.1892183319311327,2.6569553359765825,-0.0769131660461424,0.0769131660461424
compound_0206,IGF-1R,P08069,Kinases,CN1CCN(c2cccc(Nc3nc4c(-c5ccc(S(C)(=O)=O)cc5)cccn4n3)c2)CC1,S(=O)(=O)(C)c1ccc(C=2c3n(nc(Nc4cc(N5CCN(C)CC5)ccc4)n3)C=CC=2)cc1,1,1.17,0.0,1.17,1.17,1.8455463647842407,1.7793689966201782,1.8294674158096313,1.3755371570587158,1.6104624271392822,1.6880764722824098,0.19800710499878102,1.4422181786168704,1.933934765947949,0.5180764722824098,0.5180764722824098
compound_0207,IGF-1R,P08069,Kinases,CCS(=O)(=O)c1cccc(-c2cc(C(=O)NC3CCN(C)CC3)c(C)c3[nH]c4ncc(C)cc4c23)c1,S(=O)(=O)(CC)c1cc(-c2c3c(c(C)c(C(=O)NC4CCN(C)CC4)c2)[nH]c2ncc(C)cc32)ccc1,1,1.04,0.0,1.04,1.04,2.6394436359405518,2.5433030128479004,2.5906875133514404,2.4434635639190674,2.3079020977020264,2.504959964752197,0.13183215657057487,2.3412687221329525,2.668651207371442,1.4649599647521971,1.4649599647521971
compound_0208,IGF-1R,P08069,Kinases,CN(c1ncccc1CNc1nc(Nc2ccc3c(c2)CC(=O)N3)ncc1C(F)(F)F)S(C)(=O)=O,S(=O)(=O)(N(C)c1c(CNc2c(C(F)(F)F)cnc(Nc3cc4c(NC(=O)C4)cc3)n2)cccn1)C,1,1.16,0.0,1.16,1.16,1.505837082862854,1.7780539989471436,1.7188385725021362,1.7390110492706299,1.2841391563415527,1.6051759719848633,0.20835707257326244,1.3464664961995139,1.8638854477702127,0.44517597198486336,0.44517597198486336
compound_0209,IGF-1R,P08069,Kinases,Cc1ccc(Nc2nccc(N(C)c3ccc4c(C)n(C)nc4c3)n2)cc1S(N)(=O)=O,S(=O)(=O)(N)c1c(C)ccc(Nc2nc(N(C)c3cc4nn(C)c(C)c4cc3)ccn2)c1,1,1.01,0.0,1.01,1.01,1.6574703454971313,1.6968735456466675,1.8451480865478516,1.468047857284546,1.5144436359405518,1.6363966941833497,0.15074197446023502,1.4492258114779242,1.8235675768887751,0.6263966941833496,0.6263966941833496
compound_0210,IGF-1R,P08069,Kinases,Nc1nc(Nc2ccc(S(N)(=O)=O)cc2)nn1C(=O)c1c(F)cccc1F,S(=O)(=O)(N)c1ccc(Nc2nn(C(=O)c3c(F)cccc3F)c(N)n2)cc1,1,1.0700001,0.0,1.0700001,1.0700001,1.7573796510696411,1.8142099380493164,1.9494200944900513,1.7013680934906006,1.7327921390533447,1.7910339832305908,0.09770872963927536,1.6697125713272774,1.9123553951339043,0.7210338832305909,0.7210338832305909
compound_0211,IGF-1R,P08069,Kinases,Cc1cnc(Nc2ccc(N3CCN(C)CC3)cc2)nc1Nc1cccc(S(=O)(=O)NC(C)(C)C)c1,S(=O)(=O)(NC(C)(C)C)c1cc(Nc2c(C)cnc(Nc3ccc(N4CCN(C)CC4)cc3)n2)ccc1,1,0.79000002,0.0,0.79000002,0.79000002,1.9377341270446777,2.248797655105591,2.0607831478118896,1.6339647769927979,1.9161485433578491,1.959485650062561,0.22487646146691703,1.6802646438156337,2.2387066563094886,1.1694856300625611,1.1694856300625611
compound_0212,IGF-1R,P08069,Kinases,Cc1cnc(Nc2ccc(OCCN3CCCC3)cc2)nc1Nc1cccc(S(=O)(=O)NC(C)(C)C)c1,S(=O)(=O)(NC(C)(C)C)c1cc(Nc2c(C)cnc(Nc3ccc(OCCN4CCCC4)cc3)n2)ccc1,1,0.62,0.0,0.62,0.62,2.2848875522613525,2.434464693069458,2.298516035079956,1.9853276014328003,2.11403489112854,2.2234461545944213,0.17507900060865608,2.0060568626971578,2.440835446491685,1.6034461545944212,1.6034461545944212
compound_0213,IGF-1R,P08069,Kinases,CC(C)(C)c1nc(-c2cccc(NS(=O)(=O)c3c(F)cccc3F)c2F)c(-c2ccnc(N)n2)s1,S(=O)(=O)(Nc1c(F)c(-c2c(-c3nc(N)ncc3)sc(C(C)(C)C)n2)ccc1)c1c(F)cccc1F,1,1.29,0.0,1.29,1.29,2.2279152870178223,2.478719472885132,1.9423785209655762,1.6769702434539795,2.071855306625366,2.0795677661895753,0.3009544019633047,1.705883520170795,2.4532520122083556,0.7895677661895752,0.7895677661895752
compound_0214,IGF-1R,P08069,Kinases,CCS(=O)(=O)Nc1ccc2c(c1)/C(=C(/Nc1ccc(CN3CCCCC3)cc1)c1ccccc1)C(=O)N2,S(=O)(=O)(Nc1cc2/C(=C(/Nc3ccc(CN4CCCCC4)cc3)\c3ccccc3)/C(=O)Nc2cc1)CC,1,1.2,0.0,1.2,1.2,2.251967668533325,2.0446319580078125,2.1786725521087646,2.035767078399658,1.9080508947372437,2.083818030357361,0.13417359029417955,1.917219513779336,2.2504165469353863,0.8838180303573611,0.8838180303573611
compound_0215,IGF-1R,P08069,Kinases,CC1C(=O)N(c2ccc(SC(F)(F)F)cc2)C(=O)N1Cc1ccnc2ccccc12,S(C(F)(F)F)c1ccc(N2C(=O)N(Cc3c4c(ncc3)cccc4)C(C)C2=O)cc1,1,2.2483361,0.0,2.2483361,2.2483361,3.138766288757324,3.2675509452819824,3.122985363006592,3.0209834575653076,2.7818312644958496,3.066423463821411,0.18161945837611262,2.8409131209825245,3.2919338066602974,0.818087363821411,0.818087363821411
compound_0216,IGF-1R,P08069,Kinases,CC1(C)C(=O)N(c2ccc(SC(F)(F)F)cc2)C(=O)N1Cc1ccnc(F)c1,S(C(F)(F)F)c1ccc(N2C(=O)N(Cc3cc(F)ncc3)C(C)(C)C2=O)cc1,1,1.8648673,0.0,1.8648673,1.8648673,2.847423553466797,3.1976797580718994,2.7540879249572754,2.8769664764404297,2.6296401023864746,2.861159563064575,0.21139416647436648,2.598679037123061,3.1236400890060896,0.9962922630645752,0.9962922630645752
compound_0217,IGF-1R,P08069,Kinases,CNc1cc(CN2C(=O)N(c3ccc(SC(F)(F)F)cc3)C(=O)C2(C)C)ccn1,S(C(F)(F)F)c1ccc(N2C(=O)N(Cc3cc(NC)ncc3)C(C)(C)C2=O)cc1,1,3.0707514,0.0,3.0707514,3.0707514,3.2525384426116943,3.257833242416382,3.4259376525878906,3.145603895187378,3.0126640796661377,3.2189154624938965,0.15282138626245312,3.0291626490162167,3.4086682759715763,0.1481640624938967,0.1481640624938967
compound_0218,IGF-1R,P08069,Kinases,Cc1cc(Nc2cc(N3CCN(C)CC3)nc(Sc3ccc(NC(=O)C4CC4)cc3)n2)n[nH]1,S(c1nc(Nc2n[nH]c(C)c2)cc(N2CCN(C)CC2)n1)c1ccc(NC(=O)C2CC2)cc1,1,0.60000002,0.0,0.60000002,0.60000002,1.7145782709121704,1.7131547927856445,1.9711240530014038,1.4665744304656982,1.7485699653625488,1.7228003025054932,0.17898400469591708,1.500562307620239,1.9450382973907474,1.1228002825054932,1.1228002825054932
compound_0219,HSP90alpha,P07900,Chaperones,O=C(NC1c2ccccc2-c2c(-c3cnc4ccccc4c3)cccc21)c1c(Br)cnc2[nH]cnc12,Brc1c(C(=O)NC2c3c(c(-c4cnc5c(c4)cccc5)ccc3)-c3c2cccc3)c2nc[nH]c2nc1,2,3.556013778,8.283614520256746e-05,3.555955204,3.556072352,2.4850025177001953,2.2810885906219482,2.5938260555267334,2.279083013534546,2.138120412826538,2.3554241180419924,0.1817970576144299,2.1296932566227786,2.581154979461206,-1.2005896599580077,1.2005896599580077
compound_0220,HSP90alpha,P07900,Chaperones,CCCc1n[nH]c2c(Br)c(O)c(C(=O)N(C)c3ccc(N4CCOCC4)cc3)cc12,Brc1c(O)c(C(=O)N(C)c2ccc(N3CCOCC3)cc2)cc2c(CCC)n[nH]c12,1,2.5626855,0.0,2.5626855,2.5626855,2.3120343685150146,2.420494794845581,2.5289196968078613,2.3071725368499756,2.3545360565185547,2.3846314907073975,0.09257595509325671,2.269683260168772,2.499579721246023,-0.17805400929260262,0.17805400929260262
compound_0221,HSP90alpha,P07900,Chaperones,O=C(O)c1cc(-c2n[nH]c(=O)n2-c2ccccc2F)c(O)c(Br)c1O,Brc1c(O)c(C(=O)O)cc(c1O)C=1N(c2c(F)cccc2)C(=O)NN=1,1,1.9200233,0.0,1.9200233,1.9200233,1.8274943828582764,1.8655269145965576,1.8593006134033203,1.6300545930862427,1.6723718643188477,1.7709496736526489,0.11126214025826943,1.6327994797308578,1.90909986757444,-0.1490736263473511,0.1490736263473511
compound_0222,HSP90alpha,P07900,Chaperones,O=c1[nH]nc(-c2cc(Br)c(O)cc2O)n1-c1ccccc1F,Brc1c(O)cc(O)c(C=2N(c3c(F)cccc3)C(=O)NN=2)c1,2,1.7175303145,0.192816209839219,1.581188665,1.853871964,1.4842395782470703,1.5434565544128418,1.5559784173965454,1.3717273473739624,1.3527989387512207,1.4616401672363282,0.09491455134183979,1.3437881859295027,1.5794921485431537,-0.2558901472636719,0.2558901472636719
compound_0223,HSP90alpha,P07900,Chaperones,Cc1ccc2nc(N)nc(C(=O)N3Cc4ccc(Br)cc4C3)c2c1,Brc1cc2c(cc1)CN(C(=O)c1nc(N)nc3c1cc(C)cc3)C2,1,1.05479,0.0,1.05479,1.05479,0.9720988869667053,0.9605134725570679,1.0731991529464722,0.917159378528595,0.8803823590278625,0.9606706500053406,0.07268551040712111,0.8704196685417531,1.050921631468928,-0.09411934999465932,0.09411934999465932
compound_0224,HSP90alpha,P07900,Chaperones,Cc1cccc(Cc2n[nH]c3cc(O)c(C(=O)N(C)c4ccc(Br)cc4)cc23)c1,Brc1ccc(N(C(=O)c2c(O)cc3[nH]nc(Cc4cc(C)ccc4)c3c2)C)cc1,1,1.9665762,0.0,1.9665762,1.9665762,2.156017541885376,2.126265287399292,2.1256182193756104,1.9107909202575684,1.9758245944976807,2.0589033126831056,0.10869572453822005,1.923939744765324,2.193866880600887,0.09232711268310556,0.09232711268310556
compound_0225,HSP90alpha,P07900,Chaperones,COc1ccc(-c2c(C#N)c(N)nc3sc(C(=O)Nc4ccc(Br)cc4)c(N)c23)cc1OC,Brc1ccc(NC(=O)c2c(N)c3c(c(C#N)c(N)nc3s2)-c2cc(OC)c(OC)cc2)cc1,1,0.94923371,0.0,0.94923371,0.94923371,0.9870911240577698,0.9976030588150024,1.0976080894470215,0.8560874462127686,0.7765383124351501,0.9429856061935424,0.12658245037517862,0.7858127347582683,1.1001584776288167,-0.006248103806457572,0.006248103806457572
compound_0226,HSP90alpha,P07900,Chaperones,C#CCCCn1c(Cc2cc(OC)c(OC)c(OC)c2Cl)nc2c(N)nc(F)nc21,C#CCCCn1c(Cc2cc(OC)c(OC)c(OC)c2Cl)nc2c(N)nc(F)nc21,2,1.480172006,0.0,1.480172006,1.480172006,1.5242992639541626,1.3736017942428589,1.4788862466812134,1.2810677289962769,1.289074182510376,1.3893858432769775,0.10983662032688847,1.253005666132704,1.5257660204212509,-0.09078616272302265,0.09078616272302265
compound_0227,HSP90alpha,P07900,Chaperones,CC(C)N(C)S(=O)(=O)c1cc(-c2n[nH]c(=O)n2-c2ccccc2Cl)c(O)cc1O,CC(C)N(C)S(=O)(=O)c1cc(-c2n[nH]c(=O)n2-c2ccccc2Cl)c(O)cc1O,2,1.8638014395,0.217686114170345,1.709874112,2.017728767,1.6831239461898804,1.866007924079895,1.7573031187057495,1.595046043395996,1.5126891136169434,1.6828340291976929,0.13761761139061804,1.511959195615166,1.8537088627802198,-0.18096741030230712,0.18096741030230712
compound_0228,HSP90alpha,P07900,Chaperones,CC(C)N(C)S(=O)(=O)c1cc(-c2n[nH]c(=O)n2-c2ccccc2F)c(O)cc1O,CC(C)N(C)S(=O)(=O)c1cc(-c2n[nH]c(=O)n2-c2ccccc2F)c(O)cc1O,2,1.718645423,0.19123920827500152,1.583418882,1.853871964,1.5098726749420166,1.676654577255249,1.6057319641113281,1.5043535232543945,1.412571907043457,1.541836929321289,0.10172823961190967,1.4155246365945344,1.6681492220480436,-0.17680849367871088,0.17680849367871088
compound_0229,HSP90alpha,P07900,Chaperones,CC1CCc2cc(F)ccc2N1C(=O)c1ccc(O)cc1O,CC1CCc2cc(F)ccc2N1C(=O)c1ccc(O)cc1O,1,0.638272164,0.0,0.638272164,0.638272164,1.436334490776062,1.7892663478851318,1.8920875787734985,1.3965380191802979,1.1698479652404785,1.5368148803710937,0.29765292580424474,1.1672299584399461,1.9063998023022413,0.8985427163710937,0.8985427163710937
compound_0230,HSP90alpha,P07900,Chaperones,CCCCC#Cc1ccc(N[C@H]2CC[C@H](O)CC2)c(C(N)=O)c1,CCCCC#Cc1ccc(N[C@H]2CC[C@H](O)CC2)c(c1)C(N)=O,1,0.943095149,0.0,0.943095149,0.943095149,2.502743721008301,2.364842176437378,2.6600897312164307,1.952996015548706,2.0697977542877197,2.310093879699707,0.29490233379037506,1.9439242688459282,2.676263490553486,1.3669987306997071,1.3669987306997071
compound_0231,HSP90alpha,P07900,Chaperones,CCCCCCN(C)C(=O)c1cc(-c2ccnn2-c2ccccc2C)c(O)cc1O,CCCCCCN(C)C(=O)c1cc(-c2ccnn2-c2ccccc2C)c(O)cc1O,2,1.8028486655,0.27881409108985467,1.605697331,2.0,1.6342833042144775,1.6905781030654907,1.7401034832000732,1.6138031482696533,1.4575891494750977,1.6272714376449584,0.10695962369144733,1.4944635236458657,1.7600793516440512,-0.1755772278550416,0.1755772278550416
compound_0232,HSP90alpha,P07900,Chaperones,CCCCN(C)C(=O)c1cc(-c2n[nH]c(=O)n2-c2ccccc2)c(O)cc1O,CCCCN(C)C(=O)c1cc(-c2n[nH]c(=O)n2-c2ccccc2)c(O)cc1O,2,2.5139896505,0.012571077999116047,2.505100556,2.522878745,2.3656442165374756,2.504709482192993,2.465376853942871,2.311432123184204,2.1629462242126465,2.362021780014038,0.13531958838440983,2.194000318865364,2.5300432411627125,-0.15196787048596194,0.15196787048596194
compound_0233,HSP90alpha,P07900,Chaperones,CCCCN(C)C(=O)c1cc(-c2n[nH]c(=O)n2-c2ccccc2F)c(O)cc1O,CCCCN(C)C(=O)c1cc(-c2n[nH]c(=O)n2-c2ccccc2F)c(O)cc1O,2,2.655273836,0.16161242692120595,2.540996593,2.769551079,2.3828437328338623,2.6095993518829346,2.522310256958008,2.4134058952331543,2.237767219543457,2.4331852912902834,0.14157939474153228,2.257391253952243,2.608979328628324,-0.22208854470971673,0.22208854470971673
compound_0234,HSP90alpha,P07900,Chaperones,CCCCN(C)C(=O)c1n[nH]c2cc(O)c(C(=O)N(C)c3ccc(N4CCOCC4)cc3)cc12,CCCCN(C)C(=O)c1n[nH]c2cc(O)c(C(=O)N(C)c3ccc(N4CCOCC4)cc3)cc12,2,2.6966150325,0.0002671597911745651,2.696426122,2.696803943,2.609579563140869,2.547621011734009,2.7290685176849365,2.478647470474243,2.404869556427002,2.553957223892212,0.12419405075511937,2.399749942278489,2.708164505505935,-0.1426578086077881,0.1426578086077881
compound_0235,HSP90alpha,P07900,Chaperones,CCCN(C)C(=O)c1cc(-c2n[nH]c(=O)n2-c2ccccc2C)c(O)cc1O,CCCN(C)C(=O)c1cc(-c2n[nH]c(=O)n2-c2ccccc2C)c(O)cc1O,2,2.3100635995000003,0.025227508736468934,2.292225057,2.327902142,2.198251962661743,2.265561580657959,2.228916883468628,2.117210626602173,2.040318250656128,2.170051860809326,0.09083700905832433,2.0572628169570955,2.2828409046615565,-0.1400117386906743,0.1400117386906743
compound_0236,HSP90alpha,P07900,Chaperones,CCCN(C)C(=O)c1cc(-c2n[nH]c(=O)n2-c2ccccc2F)c(O)cc1O,CCCN(C)C(=O)c1cc(-c2n[nH]c(=O)n2-c2ccccc2F)c(O)cc1O,2,2.2621334255,0.1620933182222755,2.147516141,2.37675071,2.082569122314453,2.265533208847046,2.1075055599212646,2.032097101211548,1.931201696395874,2.083781337738037,0.1220141980401126,1.932280700761925,2.2352819747141495,-0.17835208776196287,0.17835208776196287
compound_0237,HSP90alpha,P07900,Chaperones,CCCN(C)S(=O)(=O)c1cc(-c2n[nH]c(=O)n2-c2ccccc2F)c(O)cc1O,CCCN(C)S(=O)(=O)c1cc(-c2n[nH]c(=O)n2-c2ccccc2F)c(O)cc1O,2,2.2594183235000003,0.09277000199308512,2.193820026,2.325016621,2.1030819416046143,2.287419557571411,2.2776200771331787,2.1056129932403564,1.972294569015503,2.1492058277130126,0.13315272820764235,1.983874878834972,2.314536776591053,-0.11021249578698766,0.11021249578698766
compound_0238,HSP90alpha,P07900,Chaperones,CCNC(=O)c1[nH]nc(-c2cc(Cl)c(O)cc2O)c1-c1ccc(OC)cc1,CCNC(=O)c1[nH]nc(-c2cc(Cl)c(O)cc2O)c1-c1ccc(OC)cc1,2,2.124360448,0.17587223218439407,2.0,2.248720896,2.1140873432159424,2.130842447280884,2.1145453453063965,1.8524813652038574,1.834782361984253,2.0093477725982667,0.15155693260682623,1.821164985702176,2.1975305594943575,-0.11501267540173332,0.11501267540173332
compound_0239,HSP90alpha,P07900,Chaperones,CCNC(=O)c1noc(-c2cc(Cl)c(O)cc2O)c1-c1ccc(OC)cc1,CCNC(=O)c1noc(-c2cc(Cl)c(O)cc2O)c1-c1ccc(OC)cc1,2,2.683868054,0.008608811514698247,2.677780705,2.689955403,2.6740763187408447,2.679384469985962,2.749239683151245,2.448591470718384,2.425377130508423,2.5953338146209717,0.14779250738701918,2.4118251789942455,2.778842450247698,-0.08853423937902827,0.08853423937902827
compound_0240,HSP90alpha,P07900,Chaperones,CCNC(=O)c1noc(-c2cc(Cl)c(O)cc2O)c1-c1ccc(CN2CCOCC2)cc1C,CCNC(=O)c1noc(c1-c1ccc(CN2CCOCC2)cc1C)-c1cc(Cl)c(O)cc1O,1,3.0,0.0,3.0,3.0,2.4780333042144775,2.6404411792755127,2.524260997772217,2.422511339187622,2.2548036575317383,2.4640100955963136,0.14181345968587597,2.28792542824364,2.640094762948987,-0.5359899044036864,0.5359899044036864
compound_0241,HSP90alpha,P07900,Chaperones,CCc1cc(-c2n[nH]c(C)c2-c2ccccc2F)c(O)cc1O,CCc1cc(-c2n[nH]c(C)c2-c2ccccc2F)c(O)cc1O,2,1.1979621315,7.267572786364875e-05,1.197910742,1.198013521,1.2662960290908813,1.1417157649993896,1.181425929069519,1.0622899532318115,1.0162856578826904,1.1336026668548584,0.09850025237317139,1.0112984496691064,1.2559068840406105,-0.06435946464514153,0.06435946464514153
compound_0242,HSP90alpha,P07900,Chaperones,CCc1ccccc1-n1c(-c2ccc(O)cc2O)n[nH]c1=O,CCc1ccccc1-n1c(-c2ccc(O)cc2O)n[nH]c1=O,2,1.0299766085,0.167959133839317,0.911211566,1.148741651,0.942789614200592,0.9094427227973938,1.0305813550949097,0.7938446998596191,0.7661359906196594,0.8885588765144348,0.10897893215881374,0.7532436598901451,1.0238740931387245,-0.14141773198556518,0.14141773198556518
compound_0243,HSP90alpha,P07900,Chaperones,CN(C(=O)c1cc2c(C(=O)N3CCCC3)n[nH]c2cc1O)c1ccc(N2CCOCC2)cc1,CN(C(=O)c1cc2c(C(=O)N3CCCC3)n[nH]c2cc1O)c1ccc(N2CCOCC2)cc1,2,2.6144906005,0.00013700123174820563,2.614393726,2.614587475,2.480529546737671,2.703674554824829,2.732593536376953,2.3309078216552734,2.4089343547821045,2.531327962875366,0.1788435672762545,2.3092643440781075,2.753391581672625,-0.08316263762463372,0.08316263762463372
compound_0244,HSP90alpha,P07900,Chaperones,CN(C(=O)c1cc2c(C(=O)N3CCCCC3)n[nH]c2cc1O)c1ccc(N2CCOCC2)cc1,CN(C(=O)c1cc2c(C(=O)N3CCCCC3)n[nH]c2cc1O)c1ccc(N2CCOCC2)cc1,2,3.040958604,5.656854089505616e-09,3.0409586,3.040958608,2.8404791355133057,2.9885032176971436,3.0756754875183105,2.7045395374298096,2.7562241554260254,2.873084306716919,0.15611809868922594,2.6792380841064842,3.0669305293273537,-0.16787429728308112,0.16787429728308112
compound_0245,HSP90alpha,P07900,Chaperones,CN(C(=O)c1cc2c(C(=O)N3CCOCC3)n[nH]c2cc1O)c1ccc(N2CCOCC2)cc1,CN(C(=O)c1cc2c(cc1O)[nH]nc2C(=O)N1CCOCC1)c1ccc(N2CCOCC2)cc1,2,1.8796525095,0.0003202352261705169,1.879426069,1.87987895,1.5680571794509888,1.9007129669189453,1.9555877447128296,1.5686423778533936,1.590831995010376,1.7167664527893067,0.19415625585142093,1.475689619872558,1.9578432857060555,-0.16288605671069334,0.16288605671069334
compound_0246,HSP90alpha,P07900,Chaperones,CN(Cc1ccc(Cl)cc1)C(=O)c1cc2c(Cc3ccccc3)n[nH]c2cc1O,CN(Cc1ccc(Cl)cc1)C(=O)c2cc3c(Cc4ccccc4)n[nH]c3cc2O,2,1.31398316,0.3204952321624142,1.087358808,1.540607512,1.2521363496780396,1.1599400043487549,1.2769628763198853,1.2046785354614258,1.1239489316940308,1.2035333395004273,0.0632248325129754,1.1250293411766028,1.2820373378242518,-0.11044982049957275,0.11044982049957275
compound_0247,HSP90alpha,P07900,Chaperones,CN(Cc1ccco1)C(=O)c1cc(-c2n[nH]c(=O)n2-c2ccccc2F)c(O)cc1O,CN(Cc1ccco1)C(=O)c1cc(-c2n[nH]c(=O)n2-c2ccccc2F)c(O)cc1O,2,3.257524969,0.31672881233607497,3.033563878,3.48148606,2.8169891834259033,3.1677768230438232,3.0621018409729004,2.7640724182128906,2.621508836746216,2.886489820480347,0.22360301888738873,2.6088500020381993,3.1641296389224944,-0.371035148519653,0.371035148519653
compound_0248,HSP90alpha,P07900,Chaperones,CNCc1ccccc1-c1ccc2nc(N)nc(C(=O)N3Cc4ccccc4C3)c2c1,CNCc1ccccc1-c1ccc2nc(N)nc(C(=O)N3Cc4ccccc4C3)c2c1,1,2.343901798,0.0,2.343901798,2.343901798,2.1669650077819824,2.1655824184417725,2.266066312789917,2.1249005794525146,2.1114940643310547,2.1670016765594484,0.06055868059697158,2.0918081430834676,2.242195210035429,-0.17690012144055167,0.17690012144055167
compound_0249,HSP90alpha,P07900,Chaperones,CO[C@H]1CCCN(C(=O)c2n[nH]c3cc(O)c(C(=O)N(C)c4ccc(N5CCOCC5)cc4)cc23)C1,CO[C@H]1CCCN(C(=O)c2n[nH]c3cc(O)c(C(=O)N(C)c4ccc(N5CCOCC5)cc4)cc23)C1,1,3.53165267,0.0,3.53165267,3.53165267,3.3699543476104736,3.481682538986206,3.565044641494751,3.223836660385132,3.2104740142822266,3.370198440551758,0.15598675332195494,3.1765153047551946,3.5638815763483214,-0.16145422944824217,0.16145422944824217
compound_0250,HSP90alpha,P07900,Chaperones,CO[C@H]1CCN(C(=O)c2n[nH]c3cc(O)c(C(=O)N(C)c4ccc(N5CCOCC5)cc4)cc23)C1,CO[C@H]1CCN(C(=O)c2n[nH]c3cc(O)c(C(=O)N(C)c4ccc(N5CCOCC5)cc4)cc23)C1,1,2.860120914,0.0,2.860120914,2.860120914,2.837857484817505,2.9054863452911377,2.822119951248169,2.490140199661255,2.6259782314300537,2.736316442489624,0.17253155128780231,2.522090226701313,2.950542658277935,-0.12380447151037588,0.12380447151037588
compound_0251,HSP90alpha,P07900,Chaperones,COc1c(C)cnc(Cn2cc(C#CCC(C)(C)O)c3c(Cl)nc(N)nc32)c1C,COc1c(C)cnc(Cn2cc(C#CCC(C)(C)O)c3c(Cl)nc(N)nc32)c1C,1,2.896196279,0.0,2.896196279,2.896196279,2.8789849281311035,2.898529052734375,2.9438326358795166,2.519925117492676,2.4973769187927246,2.7477297306060793,0.21965665482006785,2.474989970350129,3.0204694908620295,-0.14846654839392093,0.14846654839392093
compound_0252,HSP90alpha,P07900,Chaperones,COc1cc2c(cc1OC)C(c1cccnc1)N(C(=O)c1ccc(O)cc1O)CC2,COc1cc2CCN(C(c3cccnc3)c2cc1OC)C(=O)c1ccc(O)cc1O,1,0.537602002,0.0,0.537602002,0.537602002,1.8032116889953613,1.6806628704071045,2.113666296005249,1.6331021785736084,1.3758127689361572,1.7212911605834962,0.2690039467546655,1.387278644523505,2.0553036766434873,1.1836891585834963,1.1836891585834963
compound_0253,HSP90alpha,P07900,Chaperones,COc1ccc(-c2c(-c3ccc(O)cc3O)n[nH]c2C)cc1,COc1ccc(-c2c(-c3ccc(O)cc3O)n[nH]c2C)cc1,2,0.5948245915,0.0004832247534475543,0.5944829,0.595166283,0.5396212339401245,0.49579405784606934,0.5899098515510559,0.47439321875572205,0.4374339282512665,0.5074304580688477,0.059087806649233174,0.4340632558196697,0.5807976603180256,-0.08739413343115232,0.08739413343115232
compound_0254,HSP90alpha,P07900,Chaperones,COc1ccc(-c2c(C#N)c(N)nc3sc(C(N)=O)c(N)c23)cc1OCCCC(=O)O,COc1ccc(-c2c(C#N)c(N)nc3sc(C(N)=O)c(N)c23)cc1OCCCC(=O)O,1,0.962573502,0.0,0.962573502,0.962573502,0.9122798442840576,0.8808249235153198,1.0405863523483276,0.8259825706481934,0.6874810457229614,0.869430947303772,0.1286988262005272,0.7096302481994938,1.0292316464080502,-0.09314255469622801,0.09314255469622801
compound_0255,HSP90alpha,P07900,Chaperones,COc1cccc(N(C)C(=O)c2cc3c(Cc4cccc(C)c4)n[nH]c3cc2O)c1,COc1cccc(N(C)C(=O)c2cc3c(Cc4cccc(C)c4)n[nH]c3cc2O)c1,2,1.793174118,8.485281448276916e-09,1.793174112,1.793174124,1.786850929260254,1.7001891136169434,1.7350311279296875,1.584547996520996,1.6485542058944702,1.6910346746444702,0.07801321866544131,1.5941684696435936,1.7879008796453468,-0.10213944335552982,0.10213944335552982
compound_0256,HSP90alpha,P07900,Chaperones,C[C@@H]1CCc2cc(F)ccc2N1C(=O)c1ccc(O)cc1O,C[C@@H]1CCc2cc(F)ccc2N1C(=O)c1ccc(O)cc1O,1,0.22184875,0.0,0.22184875,0.22184875,1.436334490776062,1.7892663478851318,1.8920875787734985,1.3965380191802979,1.1698479652404785,1.5368148803710937,0.29765292580424474,1.1672299584399461,1.9063998023022413,1.3149661303710938,1.3149661303710938
compound_0257,HSP90alpha,P07900,Chaperones,C[C@H]1CCc2cc(F)ccc2N1C(=O)c1ccc(O)cc1O,C[C@H]1CCc2cc(F)ccc2N1C(=O)c1ccc(O)cc1O,1,0.744727495,0.0,0.744727495,0.744727495,1.436334490776062,1.7892663478851318,1.8920875787734985,1.3965380191802979,1.1698479652404785,1.5368148803710937,0.29765292580424474,1.1672299584399461,1.9063998023022413,0.7920873853710937,0.7920873853710937
compound_0258,HSP90alpha,P07900,Chaperones,CN(C(=O)c1cc2c(CCC(C)(C)C)n[nH]c2cc1O)c1ccc(C2CC[NH+](C)CC2)cc1,C[NH+]1CCC(c2ccc(N(C)C(=O)c3cc4c(CCC(C)(C)C)n[nH]c4cc3O)cc2)CC1,2,2.8569852,0.0,2.8569852,2.8569852,2.109997272491455,2.4430344104766846,2.321230173110962,1.98087477684021,2.1925580501556396,2.2095389366149902,0.17991613323353645,1.9861435512828758,2.4329343219471045,-0.6474462633850098,0.6474462633850098
compound_0259,HSP90alpha,P07900,Chaperones,C[NH+]1CCN(S(=O)(=O)c2ccccc2-c2ccc3nc(N)nc(C(=O)N4Cc5ccccc5C4)c3c2)CC1,C[NH+]1CCN(S(=O)(=O)c2ccccc2-c2ccc3nc(N)nc(C(=O)N4Cc5ccccc5C4)c3c2)CC1,2,3.623423043,0.0,3.623423043,3.623423043,2.0776402950286865,1.8594679832458496,2.0024805068969727,1.6321136951446533,1.912008285522461,1.8967421531677247,0.16996718544635742,1.6857000181229596,2.10778428821249,-1.7266808898322752,1.7266808898322752
compound_0260,HSP90alpha,P07900,Chaperones,Cc1ccc(N(C)C(=O)c2cc3c(Cc4cccc(C)c4)n[nH]c3cc2O)cc1,Cc1ccc(N(C)C(=O)c2cc3c(Cc4cccc(C)c4)n[nH]c3cc2O)cc1,2,2.2964248595,0.0028385465298918634,2.294417704,2.298432015,2.27758526802063,2.2619855403900146,2.2637295722961426,2.0461714267730713,2.0070688724517822,2.171308135986328,0.132940469789572,2.006240740744321,2.3363755312283354,-0.12511672351367187,0.12511672351367187
compound_0261,HSP90alpha,P07900,Chaperones,Cc1ccc2nc(N)nc(C(=O)N3Cc4ccccc4C3)c2c1,Cc1ccc2nc(N)nc(C(=O)N3Cc4ccccc4C3)c2c1,2,0.5543568905,5.5022099964456197e-05,0.554317984,0.554395797,0.5026286840438843,0.3492669463157654,0.5692740678787231,0.49917858839035034,0.43086373805999756,0.47024240493774416,0.0834853056619337,0.36658170651828403,0.5739031033572043,-0.08411448556225587,0.08411448556225587
compound_0262,HSP90alpha,P07900,Chaperones,Cc1cccc(CN(C)C(=O)c2cc(-c3n[nH]c(=O)n3-c3ccccc3C)c(O)cc2O)c1,Cc1cccc(CN(C)C(=O)c2cc(-c3n[nH]c(=O)n3-c3ccccc3C)c(O)cc2O)c1,2,2.8471794105,0.10414175830195103,2.773540067,2.920818754,2.6428651809692383,2.717994451522827,2.6735870838165283,2.502262830734253,2.4784486293792725,2.603031635284424,0.10660266076380207,2.4706669493012816,2.735396321267566,-0.24414777521557607,0.24414777521557607
compound_0263,HSP90alpha,P07900,Chaperones,Cc1cccc(Cc2n[nH]c3cc(O)c(C(=O)N(C)Cc4ccc(Cl)cc4)cc23)c1,Cc1cccc(Cc2n[nH]c3cc(O)c(C(=O)N(C)Cc4ccc(Cl)cc4)cc23)c1,2,1.759679789,0.0003239072316852289,1.759450752,1.759908826,1.438085913658142,1.43291437625885,1.4316521883010864,1.3307113647460938,1.3093855381011963,1.3885498762130737,0.06303198199091271,1.3102853334395292,1.4668144189866181,-0.3711299127869263,0.3711299127869263
compound_0264,HSP90alpha,P07900,Chaperones,Cc1cccc(Cc2n[nH]c3cc(O)c(C(=O)N(C)Cc4ccccc4)cc23)c1,Cc1cccc(Cc2n[nH]c3cc(O)c(C(=O)N(C)Cc4ccccc4)cc23)c1,2,1.649396841,0.0005022452187547479,1.6490417,1.649751982,1.660365104675293,1.4983619451522827,1.6171876192092896,1.4453327655792236,1.3636845350265503,1.5169863939285277,0.122045393946076,1.3654470221190893,1.6685257657379662,-0.1324104470714722,0.1324104470714722
compound_0265,HSP90alpha,P07900,Chaperones,Cc1cccc(Cc2n[nH]c3cc(O)c(C(=O)N(C)c4ccc(F)cc4)cc23)c1,Cc1cccc(Cc2n[nH]c3cc(O)c(C(=O)N(C)c4ccc(F)cc4)cc23)c1,2,1.497572885,7.071067768891266e-09,1.49757288,1.49757289,1.4735491275787354,1.3552119731903076,1.4898487329483032,1.3517999649047852,1.3222665786743164,1.3985352754592895,0.07720627793416432,1.3026710197131237,1.4943995312054552,-0.09903760954071061,0.09903760954071061
compound_0266,HSP90alpha,P07900,Chaperones,Cc1cccc(Cc2n[nH]c3cc(O)c(C(=O)N(C)c4ccc(N(C)C)cc4)cc23)c1,Cc1cccc(Cc2n[nH]c3cc(O)c(C(=O)N(C)c4ccc(N(C)C)cc4)cc23)c1,2,2.6025259715,0.032138968405684844,2.579800289,2.625251654,2.5221667289733887,2.542682409286499,2.5939550399780273,2.345538377761841,2.3547370433807373,2.4718159198760987,0.11415856179149872,2.3300693436128745,2.613562496139323,-0.13071005162390126,0.13071005162390126
compound_0267,HSP90alpha,P07900,Chaperones,Cc1cccc(Cc2n[nH]c3cc(O)c(C(=O)N(C)c4ccc(N5CCCCC5)cc4)cc23)c1,Cc1cccc(Cc2n[nH]c3cc(O)c(C(=O)N(C)c4ccc(N5CCCCC5)cc4)cc23)c1,2,3.129596095,0.0,3.129596095,3.129596095,2.840545177459717,2.850933313369751,2.9554765224456787,2.487492799758911,2.6200902462005615,2.750907611846924,0.19130409019392391,2.5133722103440026,2.9884430133498454,-0.3786884831530761,0.3786884831530761
compound_0268,HSP90alpha,P07900,Chaperones,Cc1cccc(Cc2n[nH]c3cc(O)c(C(=O)N(C)c4ccc(N5CCN(C)CC5)cc4)cc23)c1,Cc1cccc(Cc2n[nH]c3cc(O)c(C(=O)N(C)c4ccc(N5CCN(C)CC5)cc4)cc23)c1,2,3.1036857295,0.028420643154174932,3.0835893,3.123782159,2.9351165294647217,3.0420682430267334,3.1205759048461914,2.6971852779388428,2.8266353607177734,2.9243162631988526,0.16854529407479912,2.715039639479508,3.1335928869181973,-0.17936946630114736,0.17936946630114736
compound_0269,HSP90alpha,P07900,Chaperones,Cc1cccc(Cc2n[nH]c3cc(O)c(C(=O)N(C)c4ccc(N5CCOCC5)cc4)cc23)c1,Cc1cccc(Cc2n[nH]c3cc(O)c(C(=O)N(C)c4ccc(N5CCOCC5)cc4)cc23)c1,2,3.1230553175,0.06374554692342656,3.077980409,3.168130226,3.0211241245269775,3.0589711666107178,3.1320993900299072,2.790203332901001,2.814321756362915,2.963343954086304,0.15259980271170054,2.773866272926188,3.15282163524642,-0.15971136341369618,0.15971136341369618
compound_0270,HSP90alpha,P07900,Chaperones,Cc1cccc(Cc2n[nH]c3cc(O)c(C(=O)N(C)c4ccc(N5CCOCC5=O)cc4)cc23)c1,Cc1cccc(Cc2n[nH]c3cc(O)c(C(=O)N(C)c4ccc(N5CCOCC5=O)cc4)cc23)c1,2,2.9194574080000004,0.07944765415165665,2.863279433,2.975635383,2.7502384185791016,2.8617055416107178,2.892451763153076,2.632655382156372,2.58634877204895,2.7446799755096434,0.13525962085859766,2.5767329738788316,2.912626977140455,-0.17477743249035704,0.17477743249035704
compound_0271,HSP90alpha,P07900,Chaperones,Cc1cccc(Cc2n[nH]c3cc(O)c(C(=O)N(C)c4ccc(N5CC[NH2+]CC5)cc4)cc23)c1,Cc1cccc(Cc2n[nH]c3cc(O)c(C(=O)N(C)c4ccc(N5CC[NH2+]CC5)cc4)cc23)c1,2,2.906578315,0.0,2.906578315,2.906578315,2.7438294887542725,2.8065249919891357,2.8676605224609375,2.371800661087036,2.565498113632202,2.6710627555847166,0.20186467727308943,2.4204146533056994,2.921710857863734,-0.23551555941528335,0.23551555941528335
compound_0272,HSP90alpha,P07900,Chaperones,Cc1cccc(Cc2n[nH]c3cc(O)c(C(=O)N(C)c4ccc5c(c4)OCO5)cc23)c1,Cc1cccc(Cc2n[nH]c3cc(O)c(C(=O)N(C)c4ccc5c(c4)OCO5)cc23)c1,2,2.2508990375,0.023627552364813863,2.234191835,2.26760624,2.249129056930542,2.198622941970825,2.3010644912719727,2.0877163410186768,2.012481451034546,2.1698028564453127,0.11815358734058212,2.0230958007858875,2.316509912104738,-0.0810961810546873,0.0810961810546873
compound_0273,HSP90alpha,P07900,Chaperones,Cc1cccc(Cc2n[nH]c3cc(O)c(C(=O)N(C)c4cccc(C)c4)cc23)c1,Cc1cccc(Cc2n[nH]c3cc(O)c(C(=O)N(C)c4cccc(C)c4)cc23)c1,2,2.1135092565,2.616295118452357e-08,2.113509238,2.113509275,2.066368341445923,2.053426504135132,2.0781590938568115,1.8707880973815918,1.847374439239502,1.983223295211792,0.11396378865770677,1.8417185617366147,2.1247280286869694,-0.1302859612882079,0.1302859612882079
compound_0274,HSP90alpha,P07900,Chaperones,Cc1cccc(Cc2n[nH]c3cc(O)c(C(=O)N(C)c4ccccc4)cc23)c1,Cc1cccc(Cc2n[nH]c3cc(O)c(C(=O)N(C)c4ccccc4)cc23)c1,2,2.0241427515000003,0.021759755258153497,2.008756281,2.039529222,2.040363073348999,1.9277355670928955,2.024080991744995,1.799220323562622,1.7989269495010376,1.9180653810501098,0.11684141101501919,1.7729876074934314,2.063143154606788,-0.10607737044989052,0.10607737044989052
compound_0275,HSP90alpha,P07900,Chaperones,Cc1ccccc1-n1c(-c2cc(C(=O)N(C)CC3CCCO3)c(O)cc2O)n[nH]c1=O,Cc1ccccc1-n1c(-c2cc(C(=O)N(C)CC3CCCO3)c(O)cc2O)n[nH]c1=O,2,2.4004528990000003,0.08939347306771754,2.337242168,2.46366363,2.312640428543091,2.500903844833374,2.3721237182617188,2.258422613143921,2.1481192111968994,2.318441963195801,0.13116772574754904,2.155575720408804,2.4813082059827978,-0.08201093580419938,0.08201093580419938
compound_0276,HSP90alpha,P07900,Chaperones,Cc1ccccc1-n1c(-c2cc(C(=O)N(C)Cc3ccccc3)c(O)cc2O)n[nH]c1=O,Cc1ccccc1-n1c(-c2cc(C(=O)N(C)Cc3ccccc3)c(O)cc2O)n[nH]c1=O,2,2.864753211,0.13272974676117502,2.770899107,2.958607315,2.6686558723449707,2.734415054321289,2.6751437187194824,2.53684401512146,2.460049867630005,2.6150217056274414,0.11277640918561681,2.4749912984949645,2.7550521127599183,-0.24973150537255862,0.24973150537255862
compound_0277,HSP90alpha,P07900,Chaperones,Cc1ccccc1-n1c(-c2cc(C(=O)N(C)Cc3cccs3)c(O)cc2O)n[nH]c1=O,Cc1ccccc1-n1c(-c2cc(C(=O)N(C)Cc3cccs3)c(O)cc2O)n[nH]c1=O,2,2.7521280395,0.007044297456236481,2.747146969,2.75710911,2.5749075412750244,2.7609822750091553,2.7085371017456055,2.4591643810272217,2.4548895359039307,2.5916961669921874,0.14042095370335392,2.417340524185295,2.76605180979908,-0.16043187250781266,0.16043187250781266
compound_0278,HSP90alpha,P07900,Chaperones,Cc1ccccc1-n1c(-c2ccc(O)cc2O)n[nH]c1=O,Cc1ccccc1-n1c(-c2ccc(O)cc2O)n[nH]c1=O,2,0.937538223,0.029796195653286416,0.916469131,0.958607315,0.9555068612098694,0.8256121277809143,0.9663481712341309,0.7356844544410706,0.7338354587554932,0.8433974146842956,0.11358657156326442,0.7023610580947945,0.9844337712737967,-0.09414080831570437,0.09414080831570437
compound_0279,HSP90alpha,P07900,Chaperones,Cc1ccccc1-n1nccc1-c1cc(C(=O)N(C)Cc2ccco2)c(O)cc1O,Cc1ccccc1-n1nccc1-c1cc(C(=O)N(C)Cc2ccco2)c(O)cc1O,2,3.154266346,0.4444233111053903,2.840011609,3.468521083,2.824964761734009,2.926647901535034,2.9649126529693604,2.7998416423797607,2.7008354663848877,2.8434404850006105,0.10518717188879734,2.7128333605934194,2.9740476094078017,-0.31082586099938947,0.31082586099938947
compound_0280,HSP90alpha,P07900,Chaperones,Cc1cn(-c2ccc(C(N)=O)c(NC3CCC(=O)CC3)c2)c2c1C(=O)CC(C)(C)C2,Cc1cn(-c2ccc(C(N)=O)c(NC3CCC(=O)CC3)c2)c2c1C(=O)CC(C)(C)C2,2,3.165811373,0.06996511604228013,3.116338565,3.215284181,2.997080087661743,2.9947822093963623,3.0879220962524414,2.814250946044922,2.8161702156066895,2.942041110992432,0.12172302867227869,2.7909020085377385,3.093180213447125,-0.2237702620075681,0.2237702620075681
compound_0281,HSP90alpha,P07900,Chaperones,Cc1cn(-c2ccc(C(N)=O)c(N[C@H]3CC[C@H](O)CC3)c2)c2c1C(=O)CC(C)(C)C2,Cc1cn(-c2ccc(C(N)=O)c(N[C@H]3CC[C@H](O)CC3)c2)c2c1C(=O)CC(C)(C)C2,1,3.314258261,0.0,3.314258261,3.314258261,3.0878450870513916,3.0971977710723877,3.1830532550811768,2.887352228164673,2.934818744659424,3.0380534172058105,0.12285200848822246,2.8855125011589613,3.1905943332526596,-0.2762048437941895,0.2762048437941895
compound_0282,HSP90alpha,P07900,Chaperones,Cc1cnc(Cn2ccc3c(Cl)nc(N)nc32)c(C)c1Cl,Cc1cnc(Cn2ccc3c(Cl)nc(N)nc32)c(C)c1Cl,2,1.5759898235,0.02230244698479218,1.560219612,1.591760035,1.4779345989227295,1.647908091545105,1.5915603637695312,1.2922085523605347,1.3828883171081543,1.478499984741211,0.1460549249289877,1.2971488426965332,1.6598511267858889,-0.09748983875878903,0.09748983875878903
compound_0283,HSP90alpha,P07900,Chaperones,Cc1n[nH]c2cc(O)c(-c3ccnn3-c3ccccc3)cc12,Cc1n[nH]c2cc(O)c(-c3ccnn3-c3ccccc3)cc12,1,0.083546051,0.0,0.083546051,0.083546051,0.06322179734706879,0.04955007880926132,0.1888105571269989,-0.05454380810260773,-0.0018994100391864777,0.04902784302830696,0.09091427315498249,-0.06385713687109795,0.16191282292771186,-0.034518207971693034,0.034518207971693034
compound_0284,HSP90alpha,P07900,Chaperones,Cc1nn(-c2ccc(C(N)=O)c(N[C@H]3CC[C@H](O)CC3)c2)c2cccc(-c3cnc4ccccc4c3)c12,Cc1nn(-c2ccc(C(N)=O)c(N[C@H]3CC[C@H](O)CC3)c2)c2cccc(-c3cnc4ccccc4c3)c12,1,3.866461092,0.0,3.866461092,3.866461092,2.6817667484283447,2.444488763809204,2.541703939437866,2.2738778591156006,2.141873359680176,2.416742134094238,0.21365066034960004,2.1514598009456787,2.6820244672427975,-1.449718957905762,1.449718957905762
compound_0285,HSP90alpha,P07900,Chaperones,CCc1cc(-c2n[nH]c(C)c2-c2ccccc2Cl)c(O)cc1O,Clc1c(-c2c(C)[nH]nc2-c2c(O)cc(O)c(CC)c2)cccc1,1,0.54752356,0.0,0.54752356,0.54752356,0.5920127630233765,0.44910377264022827,0.5874006748199463,0.44316986203193665,0.3980605900287628,0.4939495325088501,0.08962968199776425,0.38265958320177396,0.6052394818159262,-0.05357402749114992,0.05357402749114992
compound_0286,HSP90alpha,P07900,Chaperones,Oc1cc(O)c(-c2ccnn2-c2ccccc2Cl)cc1CCc1ccccn1,Clc1c(-n2c(-c3c(O)cc(O)c(CCc4ncccc4)c3)ccn2)cccc1,2,0.7597319015,0.0003976054359544455,0.759450752,0.760013051,0.7774139642715454,0.6686757802963257,0.8315219283103943,0.6360049247741699,0.5985002517700195,0.702423369884491,0.0982857456179283,0.5803854980140958,0.8244612417548861,-0.057308531615509084,0.057308531615509084
compound_0287,HSP90alpha,P07900,Chaperones,Oc1ccc(-c2ccnn2-c2ccccc2Cl)c(O)c1,Clc1c(-n2c(-c3c(O)cc(O)cc3)ccn2)cccc1,1,1.4710833,0.0,1.4710833,1.4710833,1.4342130422592163,1.3622944355010986,1.5271925926208496,1.1570663452148438,1.1780534982681274,1.3317639827728271,0.16106399154961637,1.1317766230586728,1.5317513424869815,-0.13931931722717295,0.13931931722717295
compound_0288,HSP90alpha,P07900,Chaperones,Nc1ncc(Cl)c(C(=O)NC2c3ccccc3-c3c(-c4nc5cnccc5[nH]4)cccc32)n1,Clc1c(C(=O)NC2c3c(c(-c4[nH]c5c(n4)cncc5)ccc3)-c3c2cccc3)nc(N)nc1,1,3.3559852,0.0,3.3559852,3.3559852,3.0248963832855225,3.2453153133392334,3.121868848800659,2.9539902210235596,3.074692487716675,3.08415265083313,0.1094748526363212,2.948221667605947,3.220083634060313,-0.27183254916687005,0.27183254916687005
compound_0289,HSP90alpha,P07900,Chaperones,O=c1[nH]nc(-c2ccc(O)cc2O)n1-c1ccccc1Cl,Clc1c(N2C(c3c(O)cc(O)cc3)=NNC2=O)cccc1,2,0.8274355885,0.13206373914743136,0.734052423,0.920818754,0.7516087889671326,0.7419339418411255,0.8262632489204407,0.6037662029266357,0.6142618060112,0.7075667977333069,0.09577320877060133,0.588648652410398,0.8264849430562158,-0.1198687907666931,0.1198687907666931
compound_0290,HSP90alpha,P07900,Chaperones,CCNC(=O)c1n[nH]c(-c2cc(Cl)c(O)cc2O)c1-c1ccc(OC)cc1,Clc1c(O)cc(O)c(-c2c(c(C(=O)NCC)n[nH]2)-c2ccc(OC)cc2)c1,1,1.9817573,0.0,1.9817573,1.9817573,1.9590097665786743,1.9189419746398926,2.0116331577301025,1.746511697769165,1.7552146911621094,1.8782622575759889,0.12089428254496377,1.7281521793512333,2.0283723358007446,-0.10349504242401109,0.10349504242401109
compound_0291,HSP90alpha,P07900,Chaperones,CCNC(=O)c1noc(-c2cc(Cl)c(O)cc2O)c1-c1ccc(C[NH+]2CCOCC2)cc1,Clc1c(O)cc(O)c(-c2c(c(C(=O)NCC)no2)-c2ccc(C[NH+]3CCOCC3)cc2)c1,1,4.0,0.0,4.0,4.0,2.8030214309692383,2.763575315475464,2.862187385559082,2.3840458393096924,2.3643696308135986,2.635439920425415,0.2411403849501249,2.3360245859198474,2.9348552549309823,-1.3645600795745851,1.3645600795745851
compound_0292,HSP90alpha,P07900,Chaperones,CC1CC2OC2C=CC=CC(=O)Cc2c(Cl)c(O)cc(O)c2C(=O)O1,Clc1c(O)cc(O)c2C(=O)OC(C)CC3OC3C=CC=CC(=O)Cc12,1,1.433165,0.0,1.433165,1.433165,1.469317078590393,1.2919206619262695,1.292986512184143,1.2166748046875,1.1863059997558594,1.291441011428833,0.1098702305631651,1.1550191016642037,1.4278629211934624,-0.14172398857116697,0.14172398857116697
compound_0293,HSP90alpha,P07900,Chaperones,COc1ccc(N(C)C(=O)c2cc3c(Cc4cccc(C)c4)n[nH]c3cc2O)cc1Cl,Clc1c(OC)ccc(N(C(=O)c2c(O)cc3[nH]nc(Cc4cc(C)ccc4)c3c2)C)c1,1,2.5301781,0.0,2.5301781,2.5301781,2.109813928604126,2.000098705291748,2.138777494430542,1.9239890575408936,1.8164781332015991,1.9978314638137817,0.13299692462549906,1.8326939706344796,2.1629689569930837,-0.5323466361862184,0.5323466361862184
compound_0294,HSP90alpha,P07900,Chaperones,Cc1cccc(Cc2n[nH]c3cc(O)c(C(=O)N(C)c4cccc(Cl)c4)cc23)c1,Clc1cc(N(C(=O)c2c(O)cc3[nH]nc(Cc4cc(C)ccc4)c3c2)C)ccc1,1,1.9318142,0.0,1.9318142,1.9318142,1.8037168979644775,1.8757346868515015,1.7856394052505493,1.6570916175842285,1.7207815647125244,1.7685928344726562,0.08324977601517881,1.6652245847360814,1.8719610842092311,-0.1632213655273438,0.1632213655273438
compound_0295,HSP90alpha,P07900,Chaperones,Cc1cccc(Cc2n[nH]c3cc(O)c(C(=O)N(C)c4ccc(Cl)cc4)cc23)c1,Clc1ccc(N(C(=O)c2c(O)cc3[nH]nc(Cc4cc(C)ccc4)c3c2)C)cc1,1,1.844664,0.0,1.844664,1.844664,2.0737712383270264,2.00899600982666,1.9451056718826294,1.845711350440979,1.8837730884552002,1.951471471786499,0.09229721441315028,1.8368693435151964,2.0660736000578015,0.10680747178649885,0.10680747178649885
compound_0296,HSP90alpha,P07900,Chaperones,COc1c(C)cnc(Cn2cc(C=CCC(C)(C)O)c3c(Cl)nc(N)nc32)c1C,Clc1nc(N)nc2n(Cc3c(C)c(OC)c(C)cn3)cc(C=CCC(O)(C)C)c12,1,2.896196279,0.0,2.896196279,2.896196279,2.7829535007476807,2.8608059883117676,2.9161245822906494,2.537674903869629,2.520885705947876,2.7236889362335206,0.18376290628257477,2.495517151297155,2.9518607211698864,-0.1725073427664796,0.1725073427664796
compound_0297,HSP90alpha,P07900,Chaperones,CCC(F)c1n[nH]c2cc(O)c(C(=O)N(C)c3ccc(N4CCOCC4)cc3)cc12,FC(CC)c1n[nH]c2c1cc(C(=O)N(C)c1ccc(N3CCOCC3)cc1)c(O)c2,1,2.8130436,0.0,2.8130436,2.8130436,2.72879958152771,2.7988107204437256,2.8523495197296143,2.5305776596069336,2.438199520111084,2.6697474002838133,0.17781357673066978,2.448962683665498,2.8905321169021287,-0.14329619971618657,0.14329619971618657
compound_0298,HSP90alpha,P07900,Chaperones,Nc1nc(C(=O)N2Cc3ccccc3C2)c2cc(-c3cc(F)c(F)cc3CCc3nnn[nH]3)ccc2n1,Fc1c(F)cc(c(CCc2[nH]nnn2)c1)-c1cc2c(C(=O)N3Cc4c(cccc4)C3)nc(N)nc2cc1,2,2.821023053,0.0,2.821023053,2.821023053,2.5763728618621826,2.754542589187622,2.7542784214019775,2.545607566833496,2.5754103660583496,2.6412423610687257,0.10404567505454647,2.5120525921846877,2.7704321299527637,-0.1797806919312741,0.1797806919312741
compound_0299,HSP90alpha,P07900,Chaperones,Nc1nc(C(=O)N2Cc3ccccc3C2)c2cc(-c3cc(F)c(F)cc3Cc3nnn[nH]3)ccc2n1,Fc1c(F)cc(c(Cc2[nH]nnn2)c1)-c1cc2c(C(=O)N3Cc4c(cccc4)C3)nc(N)nc2cc1,1,2.70469365,0.0,2.70469365,2.70469365,2.5110104084014893,2.5882585048675537,2.6166396141052246,2.399263620376587,2.370976448059082,2.497229719161987,0.1098545802512521,2.360827241826221,2.6336321964977536,-0.20746393083801262,0.20746393083801262
compound_0300,HSP90alpha,P07900,Chaperones,O=C(O)c1cc(-c2n[nH]c(=O)n2-c2ccccc2F)c(O)cc1O,Fc1c(N2C(c3c(O)cc(O)c(C(=O)O)c3)=NNC2=O)cccc1,1,1.9168558,0.0,1.9168558,1.9168558,1.8389538526535034,1.9477260112762451,1.8054141998291016,1.7325778007507324,1.615309238433838,1.7879962205886841,0.1237999064646747,1.6342783337505038,1.9417141074268645,-0.12885957941131587,0.12885957941131587
compound_0301,HSP90alpha,P07900,Chaperones,O=c1[nH]nc(-c2cc(CCc3ccccc3)c(O)cc2O)n1-c1ccccc1F,Fc1c(N2C(c3c(O)cc(O)c(CCc4ccccc4)c3)=NNC2=O)cccc1,1,2.027612,0.0,2.027612,2.027612,1.9016309976577759,2.0320801734924316,1.9421221017837524,1.7649626731872559,1.6541379690170288,1.858986783027649,0.14957849270661286,1.6732605537282632,2.0447130123270347,-0.168625216972351,0.168625216972351
compound_0302,HSP90alpha,P07900,Chaperones,O=c1[nH]nc(-c2ccc(O)cc2O)n1-c1ccccc1F,Fc1c(N2C(c3c(O)cc(O)cc3)=NNC2=O)cccc1,2,0.696689976,0.026741747502788266,0.677780705,0.715599247,0.661497175693512,0.5694661140441895,0.7271725535392761,0.5258193016052246,0.49723848700523376,0.5962387263774872,0.09601959156148064,0.4770146564133665,0.7154627963416079,-0.10045124962251284,0.10045124962251284
compound_0303,HSP90alpha,P07900,Chaperones,Cc1cccc(Cc2n[nH]c3cc(O)c(C(=O)N(C)c4cccc(F)c4)cc23)c1,Fc1cc(N(C(=O)c2c(O)cc3[nH]nc(Cc4cc(C)ccc4)c3c2)C)ccc1,1,1.6946486,0.0,1.6946486,1.6946486,1.6421252489089966,1.4914257526397705,1.6644563674926758,1.5011427402496338,1.4709744453430176,1.554024910926819,0.09160968095580117,1.4402764681970674,1.6677733536565704,-0.14062368907318112,0.14062368907318112
compound_0304,HSP90alpha,P07900,Chaperones,O=C(NC1c2ccccc2-c2c(-c3nc4ccc(F)cc4[nH]3)cccc21)c1ccnc2[nH]ccc12,Fc1cc2[nH]c(-c3c-4c(C(NC(=O)c5c6c([nH]cc6)ncc5)c5c-4cccc5)ccc3)nc2cc1,1,3.722964,0.0,3.722964,3.722964,2.3412909507751465,2.477585554122925,2.785412549972534,2.3353543281555176,2.133756399154663,2.4146799564361574,0.24082997976801856,2.1156500408700674,2.7137098720022474,-1.3082840435638428,1.3082840435638428
compound_0305,HSP90alpha,P07900,Chaperones,O=C(NC1c2ccccc2-c2c(-c3nc4cc(F)ccc4[nH]3)cccc21)c1ccnc2[nH]ccc12,Fc1cc2nc(-c3c-4c(C(NC(=O)c5c6c([nH]cc6)ncc5)c5c-4cccc5)ccc3)[nH]c2cc1,1,3.723538196,0.0,3.723538196,3.723538196,2.537753105163574,2.6910598278045654,3.0766265392303467,2.5067362785339355,2.328575611114502,2.6281502723693846,0.28184506271464305,2.27819340492513,2.9781071398136394,-1.0953879236306152,1.0953879236306152
compound_0306,HSP90alpha,P07900,Chaperones,COc1ccc(-c2c(C#N)c(N)nc3sc(C(=O)Nc4ccc(F)cc4)c(N)c23)cc1OC,Fc1ccc(NC(=O)c2c(N)c3c(c(C#N)c(N)nc3s2)-c2cc(OC)c(OC)cc2)cc1,1,1.1496449,0.0,1.1496449,1.1496449,0.998880922794342,1.1488926410675049,1.1488651037216187,0.9156873822212219,0.7665678858757019,0.9957787871360779,0.16266619673040117,0.7938020269312076,1.1977555473409482,-0.15386611286392204,0.15386611286392204
compound_0307,HSP90alpha,P07900,Chaperones,O=C(N[C@@H]1c2ccccc2-c2c(-c3nc4cc(F)ccc4[nH]3)cccc21)c1ccnc2[nH]ccc12,Fc1ccc2[nH]c(nc2c1)-c1cccc2[C@H](NC(=O)c3ccnc4[nH]ccc34)c3ccccc3-c12,1,3.723538196,0.0,3.723538196,3.723538196,2.537753105163574,2.6910598278045654,3.0766265392303467,2.5067362785339355,2.328575611114502,2.6281502723693846,0.28184506271464305,2.27819340492513,2.9781071398136394,-1.0953879236306152,1.0953879236306152
compound_0308,HSP90alpha,P07900,Chaperones,Oc1cc(O)c(-c2ccnn2-c2ccccc2F)cc1I,Ic1c(O)cc(O)c(-c2n(-c3c(F)cccc3)ncc2)c1,1,0.28469321,0.0,0.28469321,0.28469321,0.2312006801366806,0.1965731382369995,0.351127564907074,0.10793641209602356,0.1224280297756195,0.20185316503047943,0.0978528364131189,0.0803528209341871,0.32335350912677174,-0.08284004496952055,0.08284004496952055
compound_0309,HSP90alpha,P07900,Chaperones,CC(C)NCCCn1c(Sc2cc3c(cc2I)OCO3)nc2c(N)ncnc21,Ic1c(Sc2n(CCCNC(C)C)c3ncnc(N)c3n2)cc2OCOc2c1,1,2.4629369,0.0,2.4629369,2.4629369,2.0835068225860596,2.020447015762329,1.9287196397781372,1.8137699365615845,1.8330483436584473,1.9358983516693116,0.11670662482831791,1.7909879372681154,2.0808087660705077,-0.5270385483306883,0.5270385483306883
compound_0310,HSP90alpha,P07900,Chaperones,COc1ccc(I)c(Sc2nc3c(N)ncnc3n2CCNCC(C)(C)C)c1,Ic1c(Sc2n(CCNCC(C)(C)C)c3ncnc(N)c3n2)cc(OC)cc1,1,2.3609953,0.0,2.3609953,2.3609953,2.0932517051696777,2.1669318675994873,2.023829698562622,1.7486531734466553,2.012162685394287,2.008965826034546,0.15815436401101896,1.8125912460832503,2.2053404059858415,-0.3520294739654539,0.3520294739654539
compound_0311,HSP90alpha,P07900,Chaperones,N#Cc1ccc(N2CCN(CCCc3c[nH]c4cc(O)c(C#N)cc34)CC2)cc1,N#Cc1ccc(N2CCN(CCCc3c[nH]c4cc(O)c(C#N)cc34)CC2)cc1,1,0.367542708,0.0,0.367542708,0.367542708,0.34187984466552734,0.29940155148506165,0.3981884717941284,0.16127502918243408,0.10676679015159607,0.2615023374557495,0.1230534399487647,0.10871131121623925,0.4142933636952598,-0.10604037054425047,0.10604037054425047
compound_0312,HSP90alpha,P07900,Chaperones,Nc1cc(C(=O)NC2c3ccccc3-c3c(-c4nc5ccncc5[nH]4)cccc32)ccn1,Nc1cc(C(=O)NC2c3ccccc3-c3c(-c4nc5ccncc5[nH]4)cccc32)ccn1,1,3.004803708,0.0,3.004803708,3.004803708,2.8043577671051025,2.8067572116851807,2.792609930038452,2.5936412811279297,2.6218421459198,2.723841667175293,0.10658675657618896,2.5914967288493305,2.8561866055012555,-0.2809620408247069,0.2809620408247069
compound_0313,HSP90alpha,P07900,Chaperones,Nc1nc(C(=O)N2Cc3ccc(O)cc3C2)c2ccccc2n1,Nc1nc(C(=O)N2Cc3ccc(O)cc3C2)c2ccccc2n1,2,0.256529439,5.544282849925663e-05,0.256490235,0.256568643,0.21856944262981415,0.09247197210788727,0.29680317640304565,0.15094000101089478,0.17841975390911102,0.18744086921215058,0.07642298024006082,0.09254920601262923,0.28233253241167194,-0.06908856978784944,0.06908856978784944
compound_0314,HSP90alpha,P07900,Chaperones,Nc1nc(C(=O)N2Cc3ccccc3C2)c2cc(-c3ccccc3O)ccc2n1,Nc1nc(C(=O)N2Cc3ccccc3C2)c2cc(-c3ccccc3O)ccc2n1,1,2.342944147,0.0,2.342944147,2.342944147,2.2138631343841553,2.2227680683135986,2.1772758960723877,2.1661794185638428,2.2575013637542725,2.2075175762176515,0.03672405591141412,2.1619186381244266,2.2531165143108765,-0.13542657078234832,0.13542657078234832
compound_0315,HSP90alpha,P07900,Chaperones,Nc1nc(C(=O)N2Cc3ccccc3C2)c2cc(O)ccc2n1,Nc1nc(C(=O)N2Cc3ccccc3C2)c2cc(O)ccc2n1,2,0.2418074885,5.3583844771534e-05,0.241769599,0.241845378,0.18002405762672424,0.12814459204673767,0.28802552819252014,0.19297167658805847,0.15572334825992584,0.18897784054279326,0.06064880617785594,0.11367240137771135,0.2642832797078752,-0.05282964795720674,0.05282964795720674
compound_0316,HSP90alpha,P07900,Chaperones,Nc1nc(C(=O)N2Cc3ccccc3C2)c2ccccc2n1,Nc1nc(C(=O)N2Cc3ccccc3C2)c2ccccc2n1,2,0.258090429,4.172919958492055e-05,0.258060922,0.258119936,0.21987690031528473,0.0811772271990776,0.3001649081707001,0.19765853881835938,0.16695818305015564,0.19316715151071548,0.07970375829675902,0.09420186431209505,0.2921324387093359,-0.06492327748928453,0.06492327748928453
compound_0317,HSP90alpha,P07900,Chaperones,CC(=O)N1CCc2cc(N(C)C(=O)c3cc4c(Cc5cccc(C)c5)n[nH]c4cc3O)ccc21,O=C(C)N1c2c(cc(N(C(=O)c3c(O)cc4[nH]nc(Cc5cc(C)ccc5)c4c3)C)cc2)CC1,1,1.8996295,0.0,1.8996295,1.8996295,1.8657548427581787,1.8403536081314087,1.8872638940811157,1.7153935432434082,1.708076000213623,1.803368377685547,0.08532093041283115,1.6974284500986856,1.9093083052724082,-0.09626112231445316,0.09626112231445316
compound_0318,HSP90alpha,P07900,Chaperones,CC(=O)N1CCc2ccc(N(C)C(=O)c3cc4c(Cc5cccc(C)c5)n[nH]c4cc3O)cc21,O=C(C)N1c2c(ccc(N(C(=O)c3c(O)cc4[nH]nc(Cc5cc(C)ccc5)c4c3)C)c2)CC1,1,2.2494917,0.0,2.2494917,2.2494917,2.1456222534179688,2.0880186557769775,2.2499687671661377,2.040297031402588,1.9743738174438477,2.099656105041504,0.1049539954288521,1.9693385074498555,2.2299737026331523,-0.1498355949584962,0.1498355949584962
compound_0319,HSP90alpha,P07900,Chaperones,Cc1cccc(Cc2n[nH]c3cc(O)c(C(=O)N(C)c4ccc5c(c4)OCCO5)cc23)c1,O=C(N(C)c1cc2OCCOc2cc1)c1c(O)cc2[nH]nc(Cc3cc(C)ccc3)c2c1,1,2.1999707,0.0,2.1999707,2.1999707,2.165884256362915,2.138882875442505,2.1695239543914795,1.9377057552337646,1.8964588642120361,2.06169114112854,0.13333863466314821,1.8961293588976642,2.227252923359416,-0.13827955887146004,0.13827955887146004
compound_0320,HSP90alpha,P07900,Chaperones,CC(=O)c1ccc(N(C)C(=O)c2cc3c(Cc4cccc(C)c4)n[nH]c3cc2O)cc1,O=C(N(C)c1ccc(C(=O)C)cc1)c1c(O)cc2[nH]nc(Cc3cc(C)ccc3)c2c1,1,2.0506101,0.0,2.0506101,2.0506101,2.068708896636963,1.9683419466018677,1.9953492879867554,1.8178839683532715,1.808201551437378,1.931697130203247,0.1144238367711008,1.7896211715482269,2.073773088858267,-0.11891296979675303,0.11891296979675303
compound_0321,HSP90alpha,P07900,Chaperones,CN1CCC(c2ccc(N(C)C(=O)c3cc4c(CCC(C)(C)C)n[nH]c4cc3O)cc2)CC1,O=C(N(C)c1ccc(C2CCN(C)CC2)cc1)c1c(O)cc2[nH]nc(CCC(C)(C)C)c2c1,1,2.8570373,0.0,2.8570373,2.8570373,2.3167412281036377,2.5161876678466797,2.454414129257202,2.1877105236053467,2.292658567428589,2.353542423248291,0.13151992954145256,2.1902388616903736,2.5168459848062086,-0.5034948767517089,0.5034948767517089
compound_0322,HSP90alpha,P07900,Chaperones,CCCc1n[nH]c2cc(O)c(C(=O)N(C)c3ccc(C4CCN(C)CC4)cc3)cc12,O=C(N(C)c1ccc(C2CCN(C)CC2)cc1)c1c(O)cc2[nH]nc(CCC)c2c1,1,2.5524931,0.0,2.5524931,2.5524931,2.335456132888794,2.540245771408081,2.4835205078125,2.266073226928711,2.266343832015991,2.3783278942108153,0.12675016108820605,2.220946782421062,2.5357090060005687,-0.1741652057891847,0.1741652057891847
compound_0323,HSP90alpha,P07900,Chaperones,Cc1cccc(Cc2n[nH]c3cc(O)c(C(=O)N(C)c4ccc(CN5CCOCC5)cc4)cc23)c1,O=C(N(C)c1ccc(CN2CCOCC2)cc1)c1c(O)cc2[nH]nc(Cc3cc(C)ccc3)c2c1,1,2.5301781,0.0,2.5301781,2.5301781,2.5631139278411865,2.536166191101074,2.4887139797210693,2.277881383895874,2.2207188606262207,2.417318868637085,0.15698130663609977,2.2224008317960537,2.612236905478116,-0.11285923136291531,0.11285923136291531
compound_0324,HSP90alpha,P07900,Chaperones,Cc1cccc(Cc2n[nH]c3cc(O)c(C(=O)N(C)c4ccc(N5CCNCC5)cc4)cc23)c1,O=C(N(C)c1ccc(N2CCNCC2)cc1)c1c(O)cc2[nH]nc(Cc3cc(C)ccc3)c2c1,1,2.880354967,0.0,2.880354967,2.880354967,2.835723400115967,2.868966817855835,2.9285497665405273,2.42981219291687,2.5783743858337402,2.728285312652588,0.21389224461135362,2.4627030130236767,2.993867612281499,-0.15206965434741226,0.15206965434741226
compound_0325,HSP90alpha,P07900,Chaperones,CCC(=O)c1n[nH]c2cc(O)c(C(=O)N(C)c3ccc(N4CCOCC4)cc3)cc12,O=C(N(C)c1ccc(N2CCOCC2)cc1)c1c(O)cc2[nH]nc(C(=O)CC)c2c1,1,0.53790173,0.0,0.53790173,0.53790173,0.3220697045326233,0.49719271063804626,0.5363339781761169,0.3695761561393738,0.4569105803966522,0.4364166259765625,0.08893829146785555,0.32598515139917306,0.5468481005539519,-0.10148510402343747,0.10148510402343747
compound_0326,HSP90alpha,P07900,Chaperones,COC1CCN(C(=O)c2n[nH]c3cc(O)c(C(=O)N(C)c4ccc(N5CCOCC5)cc4)cc23)C1,O=C(N(C)c1ccc(N2CCOCC2)cc1)c1c(O)cc2[nH]nc(C(=O)N3CC(OC)CC3)c2c1,1,2.860541138,0.0,2.860541138,2.860541138,2.837857484817505,2.9054863452911377,2.822119951248169,2.490140199661255,2.6259782314300537,2.736316442489624,0.17253155128780231,2.522090226701313,2.950542658277935,-0.12422469551037585,0.12422469551037585
compound_0327,HSP90alpha,P07900,Chaperones,COC1CCCN(C(=O)c2n[nH]c3cc(O)c(C(=O)N(C)c4ccc(N5CCOCC5)cc4)cc23)C1,O=C(N(C)c1ccc(N2CCOCC2)cc1)c1c(O)cc2[nH]nc(C(=O)N3CC(OC)CCC3)c2c1,1,3.531701957,0.0,3.531701957,3.531701957,3.3699543476104736,3.481682538986206,3.565044641494751,3.223836660385132,3.2104740142822266,3.370198440551758,0.15598675332195494,3.1765153047551946,3.5638815763483214,-0.16150351644824212,0.16150351644824212
compound_0328,HSP90alpha,P07900,Chaperones,CCC(C)c1n[nH]c2cc(O)c(C(=O)N(C)c3ccc(N4CCOCC4)cc3)cc12,O=C(N(C)c1ccc(N2CCOCC2)cc1)c1c(O)cc2[nH]nc(C(CC)C)c2c1,1,2.7935115,0.0,2.7935115,2.7935115,2.672590970993042,2.756314516067505,2.810800790786743,2.504207134246826,2.535818338394165,2.6559463500976563,0.13396477033990228,2.489607117738964,2.822285582456349,-0.1375651499023438,0.1375651499023438
compound_0329,HSP90alpha,P07900,Chaperones,CCC(O)c1n[nH]c2cc(O)c(C(=O)N(C)c3ccc(N4CCOCC4)cc3)cc12,O=C(N(C)c1ccc(N2CCOCC2)cc1)c1c(O)cc2[nH]nc(C(O)CC)c2c1,1,1.6309466,0.0,1.6309466,1.6309466,1.587490200996399,1.5579899549484253,1.6440321207046509,1.3832281827926636,1.4692749977111816,1.528403091430664,0.1028453049310565,1.400703778913483,1.6561024039478451,-0.1025435085693358,0.1025435085693358
compound_0330,HSP90alpha,P07900,Chaperones,CN(C(=O)c1cc2c(CC3CCCC3)n[nH]c2cc1O)c1ccc(N2CCOCC2)cc1,O=C(N(C)c1ccc(N2CCOCC2)cc1)c1c(O)cc2[nH]nc(CC3CCCC3)c2c1,1,2.7958801,0.0,2.7958801,2.7958801,2.651953935623169,2.7096238136291504,2.7667176723480225,2.550955057144165,2.4541192054748535,2.626673936843872,0.1251404134479979,2.4712915907451585,2.7820562829425857,-0.16920616315612813,0.16920616315612813
compound_0331,HSP90alpha,P07900,Chaperones,CN(C(=O)c1cc2c(CC3CCCCC3)n[nH]c2cc1O)c1ccc(N2CCOCC2)cc1,O=C(N(C)c1ccc(N2CCOCC2)cc1)c1c(O)cc2[nH]nc(CC3CCCCC3)c2c1,1,2.5528419,0.0,2.5528419,2.5528419,2.4745516777038574,2.5447075366973877,2.563645601272583,2.355539083480835,2.2809269428253174,2.443874168395996,0.12227894281293811,2.2920448073667536,2.595703529425238,-0.1089677316040043,0.1089677316040043
compound_0332,HSP90alpha,P07900,Chaperones,CCCc1n[nH]c2cc(O)c(C(=O)N(C)c3ccc(N4CCOCC4)cc3)cc12,O=C(N(C)c1ccc(N2CCOCC2)cc1)c1c(O)cc2[nH]nc(CCC)c2c1,1,2.5376019,0.0,2.5376019,2.5376019,2.4492781162261963,2.5858561992645264,2.590866804122925,2.2631609439849854,2.2704715728759766,2.431926727294922,0.1610954356627144,2.231900324557578,2.6319531300322656,-0.10567517270507798,0.10567517270507798
compound_0333,HSP90alpha,P07900,Chaperones,CCCCc1n[nH]c2cc(O)c(C(=O)N(C)c3ccc(N4CCOCC4)cc3)cc12,O=C(N(C)c1ccc(N2CCOCC2)cc1)c1c(O)cc2[nH]nc(CCCC)c2c1,1,2.5686362,0.0,2.5686362,2.5686362,2.4308695793151855,2.55910062789917,2.5847229957580566,2.290130376815796,2.224093198776245,2.4177833557128907,0.15954766059096126,2.21967876955946,2.6158879418663212,-0.1508528442871091,0.1508528442871091
compound_0334,HSP90alpha,P07900,Chaperones,COCc1n[nH]c2cc(O)c(C(=O)N(C)c3ccc(N4CCOCC4)cc3)cc12,O=C(N(C)c1ccc(N2CCOCC2)cc1)c1c(O)cc2[nH]nc(COC)c2c1,1,2.5160029,0.0,2.5160029,2.5160029,2.3459389209747314,2.496427297592163,2.49599552154541,2.28631591796875,2.3024866580963135,2.3854328632354735,0.10345032519524816,2.256982318838062,2.513883407632885,-0.1305700367645266,0.1305700367645266
compound_0335,HSP90alpha,P07900,Chaperones,COc1cccc(Cc2n[nH]c3cc(O)c(C(=O)N(C)c4ccc(N5CCOCC5)cc4)cc23)c1,O=C(N(C)c1ccc(N2CCOCC2)cc1)c1c(O)cc2[nH]nc(Cc3cc(OC)ccc3)c2c1,1,2.5850267,0.0,2.5850267,2.5850267,2.4751205444335938,2.6040706634521484,2.6238999366760254,2.3000545501708984,2.280064105987549,2.456641960144043,0.16259709936729988,2.254750995647306,2.6585329246407796,-0.128384739855957,0.128384739855957
compound_0336,HSP90alpha,P07900,Chaperones,CN(C(=O)c1cc2c(C(=O)N3CCCCC3)[nH]nc2cc1O)c1ccc(N2CCOCC2)cc1,O=C(N(C)c1ccc(N2CCOCC2)cc1)c1c(O)cc2n[nH]c(C(=O)N3CCCCC3)c2c1,1,3.040958608,0.0,3.040958608,3.040958608,2.810879945755005,2.9900267124176025,3.008357286453247,2.6414027214050293,2.8084707260131836,2.8518274784088136,0.15119167954609436,2.6640982130884674,3.0395567437291597,-0.1891311295911864,0.1891311295911864
compound_0337,HSP90alpha,P07900,Chaperones,CN(C(=O)c1cc2c(C(=O)N3CCOCC3)[nH]nc2cc1O)c1ccc(N2CCOCC2)cc1,O=C(N(C)c1ccc(N2CCOCC2)cc1)c1c(O)cc2n[nH]c(C(=O)N3CCOCC3)c2c1,1,1.879426069,0.0,1.879426069,1.879426069,1.6396763324737549,1.9012850522994995,1.8490692377090454,1.5147478580474854,1.7618966102600098,1.733335018157959,0.1572972377824083,1.5380247009866452,1.9286453353292727,-0.146091050842041,0.146091050842041
compound_0338,HSP90alpha,P07900,Chaperones,Cc1cccc(Cc2n[nH]c3cc(O)c(C(=O)N(C)c4ccc(N5CC[NH+](C)CC5)cc4)cc23)c1,O=C(N(C)c1ccc(N2CC[NH+](C)CC2)cc1)c1c(O)cc2[nH]nc(Cc3cc(C)ccc3)c2c1,1,3.123782159,0.0,3.123782159,3.123782159,2.8583457469940186,2.8702540397644043,2.7967026233673096,2.373680353164673,2.536907434463501,2.687178039550781,0.22117464508195556,2.4125534454370214,2.961802633664541,-0.43660411944921895,0.43660411944921895
compound_0339,HSP90alpha,P07900,Chaperones,COc1ccc(N(C)C(=O)c2cc3c(Cc4cccc(C)c4)n[nH]c3cc2O)cc1,O=C(N(C)c1ccc(OC)cc1)c1c(O)cc2[nH]nc(Cc3cc(C)ccc3)c2c1,1,2.3979399,0.0,2.3979399,2.3979399,2.326984167098999,2.29744553565979,2.345090627670288,2.0579912662506104,2.0704104900360107,2.21958441734314,0.14292837007752227,2.042115405895936,2.3970534287903438,-0.17835548265686008,0.17835548265686008
compound_0340,HSP90alpha,P07900,Chaperones,Cc1cccc(Cc2n[nH]c3cc(O)c(C(=O)N(C)c4ccc(OCCCC#N)cc4)cc23)c1,O=C(N(C)c1ccc(OCCCC#N)cc1)c1c(O)cc2[nH]nc(Cc3cc(C)ccc3)c2c1,1,2.6798537,0.0,2.6798537,2.6798537,2.4111993312835693,2.530179738998413,2.384300470352173,2.2307941913604736,2.2599997520446777,2.3632946968078614,0.12125690020657659,2.2127343692875683,2.5138550243281546,-0.31655900319213837,0.31655900319213837
compound_0341,HSP90alpha,P07900,Chaperones,Cc1cccc(Cc2n[nH]c3cc(O)c(C(=O)N(C)c4ccc(OCCN(C)C)cc4)cc23)c1,O=C(N(C)c1ccc(OCCN(C)C)cc1)c1c(O)cc2[nH]nc(Cc3cc(C)ccc3)c2c1,1,2.5228786,0.0,2.5228786,2.5228786,2.331313371658325,2.3940370082855225,2.4483768939971924,2.203643560409546,2.2326676845550537,2.3220077037811278,0.10396597745091313,2.1929168925422644,2.451098515019991,-0.2008708962188721,0.2008708962188721
compound_0342,HSP90alpha,P07900,Chaperones,CC(C)CN(C)C(=O)c1n[nH]c2cc(O)c(C(=O)N(C)c3ccc(N4CCOCC4)cc3)cc12,O=C(N(CC(C)C)C)c1n[nH]c2c1cc(C(=O)N(C)c1ccc(N3CCOCC3)cc1)c(O)c2,1,2.86918425,0.0,2.86918425,2.86918425,2.8118345737457275,2.795431137084961,2.881697654724121,2.5055243968963623,2.6008083820343018,2.7190592288970947,0.15848625949027922,2.522272546278035,2.9158459115161546,-0.15012502110290527,0.15012502110290527
compound_0343,HSP90alpha,P07900,Chaperones,Cc1ccccc1-n1c(-c2cc(C(=O)N(C)Cc3ccccc3-c3cccnc3)c(O)cc2O)n[nH]c1=O,O=C(N(Cc1c(-c2cnccc2)cccc1)C)c1c(O)cc(O)c(C=2N(c3c(C)cccc3)C(=O)NN=2)c1,1,2.58031965,0.0,2.58031965,2.58031965,2.7421152591705322,2.901380777359009,2.8426671028137207,2.5758683681488037,2.546995162963867,2.7218053340911865,0.1574194984574129,2.5263432102413237,2.9172674579410494,0.14148568409118667,0.14148568409118667
compound_0344,HSP90alpha,P07900,Chaperones,Cc1ccccc1CN(C)C(=O)c1cc(-c2n[nH]c(=O)n2-c2ccccc2C)c(O)cc1O,O=C(N(Cc1c(C)cccc1)C)c1c(O)cc(O)c(C=2N(c3c(C)cccc3)C(=O)NN=2)c1,1,2.9712938,0.0,2.9712938,2.9712938,2.7533223628997803,2.9495737552642822,2.870007276535034,2.6541264057159424,2.6294710636138916,2.771300172805786,0.13756176075349802,2.600494686948648,2.9421056586629244,-0.19999362719421399,0.19999362719421399
compound_0345,HSP90alpha,P07900,Chaperones,COc1ccccc1CN(C)C(=O)c1cc(-c2n[nH]c(=O)n2-c2ccccc2C)c(O)cc1O,O=C(N(Cc1c(OC)cccc1)C)c1c(O)cc(O)c(C=2N(c3c(C)cccc3)C(=O)NN=2)c1,1,2.9025117,0.0,2.9025117,2.9025117,2.7100889682769775,2.963073492050171,2.812609910964966,2.5910770893096924,2.573197603225708,2.730009412765503,0.16235044315939268,2.528424712402058,2.931594113128948,-0.1725022872344968,0.1725022872344968
compound_0346,HSP90alpha,P07900,Chaperones,Cc1ccccc1-n1c(-c2cc(C(=O)N(C)Cc3cccc(-c4cncnc4)c3)c(O)cc2O)n[nH]c1=O,O=C(N(Cc1cc(-c2cncnc2)ccc1)C)c1c(O)cc(O)c(C=2N(c3c(C)cccc3)C(=O)NN=2)c1,1,2.51404215,0.0,2.51404215,2.51404215,2.6316535472869873,2.674652099609375,2.654400110244751,2.4613378047943115,2.414402723312378,2.5672892570495605,0.12026828862781351,2.417956452934825,2.716622061164296,0.053247107049560594,0.053247107049560594
compound_0347,HSP90alpha,P07900,Chaperones,COc1ccc(CN(C)C(=O)c2cc(-c3n[nH]c(=O)n3-c3ccccc3C)c(O)cc2O)cc1,O=C(N(Cc1ccc(OC)cc1)C)c1c(O)cc(O)c(C=2N(c3c(C)cccc3)C(=O)NN=2)c1,1,2.3260579,0.0,2.3260579,2.3260579,2.2555367946624756,2.3036739826202393,2.233900308609009,2.0523364543914795,2.0381662845611572,2.176722764968872,0.12274708444445614,2.0243121293297133,2.329133400608031,-0.14933513503112783,0.14933513503112783
compound_0348,HSP90alpha,P07900,Chaperones,Cc1ccccc1-n1c(-c2cc(C(=O)N(C)Cc3ccco3)c(O)cc2O)n[nH]c1=O,O=C(N(Cc1occc1)C)c1c(O)cc(O)c(C=2N(c3c(C)cccc3)C(=O)NN=2)c1,1,2.337242168,0.0,2.337242168,2.337242168,2.512758731842041,2.616691827774048,2.5062525272369385,2.3380229473114014,2.24168062210083,2.443081331253052,0.15048725389596035,2.2562267259018887,2.629935936604215,0.10583916325305198,0.10583916325305198
compound_0349,HSP90alpha,P07900,Chaperones,Cc1cn(-c2ccc(C(N)=O)c(NC3CCC(O)CC3)c2)c2c1C(=O)CC(C)(C)C2,O=C(N)c1c(NC2CCC(O)CC2)cc(-n2c3c(c(C)c2)C(=O)CC(C)(C)C3)cc1,1,3.215432782,0.0,3.215432782,3.215432782,3.0878450870513916,3.0971977710723877,3.1830532550811768,2.887352228164673,2.934818744659424,3.0380534172058105,0.12285200848822246,2.8855125011589613,3.1905943332526596,-0.1773793647941897,0.1773793647941897
compound_0350,HSP90alpha,P07900,Chaperones,Cc1nn(-c2ccc(C(N)=O)c(NC3CCC(O)CC3)c2)c2cccc(-c3cnc4ccccc4c3)c12,O=C(N)c1c(NC2CCC(O)CC2)cc(-n2nc(C)c3c(-c4cnc5c(c4)cccc5)cccc23)cc1,1,3.865982546,0.0,3.865982546,3.865982546,2.6817667484283447,2.444488763809204,2.541703939437866,2.2738778591156006,2.141873359680176,2.416742134094238,0.21365066034960004,2.1514598009456787,2.6820244672427975,-1.449240411905762,1.449240411905762
compound_0351,HSP90alpha,P07900,Chaperones,Cc1ccc2nc(N)nc(C(=O)N3Cc4ccc(O)cc4C3)c2c1,O=C(N1Cc2c(ccc(O)c2)C1)c1nc(N)nc2c1cc(C)cc2,1,0.42239332,0.0,0.42239332,0.42239332,0.40307939052581787,0.28386595845222473,0.4776434600353241,0.36576297879219055,0.34694692492485046,0.37545974254608155,0.07159047833873981,0.28656842297868174,0.46435106211348137,-0.04693357745391846,0.04693357745391846
compound_0352,HSP90alpha,P07900,Chaperones,COc1ccc2c(c1)CN(C(=O)c1nc(N)nc3ccc(C)cc13)C2,O=C(N1Cc2c(ccc(OC)c2)C1)c1nc(N)nc2c1cc(C)cc2,1,0.58875918,0.0,0.58875918,0.58875918,0.5140628218650818,0.3468816876411438,0.6210242509841919,0.4629286527633667,0.5273988842964172,0.49445925951004027,0.10032613628245142,0.36988790800923566,0.6190306110108449,-0.09429992048995978,0.09429992048995978
compound_0353,HSP90alpha,P07900,Chaperones,CCOc1ccc2c(c1)CN(C(=O)c1nc(N)nc3ccc(C)cc13)C2,O=C(N1Cc2c(ccc(OCC)c2)C1)c1nc(N)nc2c1cc(C)cc2,1,0.68165839,0.0,0.68165839,0.68165839,0.5959852337837219,0.5324754118919373,0.6662846803665161,0.5423921346664429,0.609602153301239,0.5893479228019715,0.05434353906255106,0.5218715068130217,0.6568243387909212,-0.09231046719802849,0.09231046719802849
compound_0354,HSP90alpha,P07900,Chaperones,Nc1nc(C(=O)N2Cc3ccccc3C2)c2cc(-c3ccccc3CO)ccc2n1,O=C(N1Cc2c(cccc2)C1)c1nc(N)nc2c1cc(-c1c(CO)cccc1)cc2,1,2.377878523,0.0,2.377878523,2.377878523,2.190153121948242,2.2391250133514404,2.23271107673645,2.1735570430755615,2.185842275619507,2.2042777061462404,0.029605402798933197,2.1675177433384842,2.2410376689539966,-0.17360081685375972,0.17360081685375972
compound_0355,HSP90alpha,P07900,Chaperones,C[NH2+]Cc1ccccc1-c1ccc2nc(N)nc(C(=O)N3Cc4ccccc4C3)c2c1,O=C(N1Cc2c(cccc2)C1)c1nc(N)nc2c1cc(-c1c(C[NH2+]C)cccc1)cc2,1,2.343901798,0.0,2.343901798,2.343901798,2.040774345397949,2.0361721515655518,2.015296220779419,1.9214398860931396,1.9341051578521729,1.9895575523376465,0.057388030795816225,1.9183009005706726,2.0608142041046205,-0.35434424566235356,0.35434424566235356
compound_0356,HSP90alpha,P07900,Chaperones,CCNC(=O)C1(c2ccc3nc(N)nc(C(=O)N4Cc5ccccc5C4)c3c2)CCC1,O=C(N1Cc2c(cccc2)C1)c1nc(N)nc2c1cc(C1(C(=O)NCC)CCC1)cc2,1,2.4321506,0.0,2.4321506,2.4321506,2.2922122478485107,2.15676212310791,2.47978138923645,2.093886375427246,2.20563006401062,2.2456544399261475,0.1495997977357997,2.05990175693904,2.4314071229132552,-0.1864961600738524,0.1864961600738524
compound_0357,HSP90alpha,P07900,Chaperones,O=C(NC1c2ccccc2-c2c(-c3nc4ccncc4[nH]3)cccc21)c1ccnc2[nH]ccc12,O=C(NC1c2c(c(-c3[nH]c4c(n3)ccnc4)ccc2)-c2c1cccc2)c1c2c([nH]cc2)ncc1,2,3.7329869469999997,0.2656342889044457,3.54515514,3.920818754,2.799610137939453,2.9842522144317627,3.08025860786438,2.614637613296509,2.5826804637908936,2.8122878074645996,0.21984424142937833,2.5393151276693238,3.0852604872598755,-0.9206991395354001,0.9206991395354001
compound_0358,HSP90alpha,P07900,Chaperones,O=C(NC1c2ccccc2-c2c(-c3nc4cnccc4[nH]3)cccc21)c1ccnc2[nH]ccc12,O=C(NC1c2c(c(-c3[nH]c4c(n3)cncc4)ccc2)-c2c1cccc2)c1c2c([nH]cc2)ncc1,1,3.670434,0.0,3.670434,3.670434,2.8262534141540527,3.1099917888641357,3.162158727645874,2.8060426712036133,2.8004825115203857,2.940985822677612,0.17930060697069328,2.718354714146019,3.1636169312092055,-0.729448177322388,0.729448177322388
compound_0359,HSP90alpha,P07900,Chaperones,Nc1cc(C(=O)NC2c3ccccc3-c3c(-c4nc5cnccc5[nH]4)cccc32)ccn1,O=C(NC1c2c(c(-c3[nH]c4c(n3)cncc4)ccc2)-c2c1cccc2)c1cc(N)ncc1,1,3.0046721,0.0,3.0046721,3.0046721,2.7233450412750244,2.792473077774048,2.739161729812622,2.6457295417785645,2.5912084579467773,2.6983835697174072,0.07968331094188542,2.5994436712631916,2.797323468171623,-0.30628853028259284,0.30628853028259284
compound_0360,HSP90alpha,P07900,Chaperones,O=C(NC1c2ccccc2-c2c(-c3nc4cnccc4[nH]3)cccc21)c1ccncc1,O=C(NC1c2c(c(-c3[nH]c4c(n3)cncc4)ccc2)-c2c1cccc2)c1ccncc1,1,4.1490474,0.0,4.1490474,4.1490474,3.6162497997283936,3.993373394012451,3.917443037033081,3.617384195327759,3.689519166946411,3.7667939186096193,0.17677075545822474,3.5473040356218597,3.986283801597379,-0.3822534813903804,0.3822534813903804
compound_0361,HSP90alpha,P07900,Chaperones,CCNC(=O)c1noc(-c2cc(C(C)C)c(O)cc2O)c1-c1ccc(C[NH+]2CCOCC2)cc1,O=C(NCC)c1c(c(-c2c(O)cc(O)c(C(C)C)c2)on1)-c1ccc(C[NH+]2CCOCC2)cc1,1,4.0,0.0,4.0,4.0,2.6839282512664795,2.785473585128784,2.880497694015503,2.3895576000213623,2.350979804992676,2.618087387084961,0.2370572989076887,2.3237418735198547,2.9124329006500673,-1.381912612915039,1.381912612915039
compound_0362,HSP90alpha,P07900,Chaperones,CCc1ccc(-c2c(C#N)c(N)nc3sc(C(=O)Nc4ccc5c(c4)OCO5)c(N)c23)cc1,O=C(Nc1cc2OCOc2cc1)c1c(N)c2c(c(C#N)c(N)nc2s1)-c1ccc(CC)cc1,1,0.45284086,0.0,0.45284086,0.45284086,0.4041749835014343,0.4160879850387573,0.4519380033016205,0.33594468235969543,0.2701233923435211,0.3756538093090057,0.07242434305077894,0.2857271099492944,0.46558050866871703,-0.0771870506909943,0.0771870506909943
compound_0363,HSP90alpha,P07900,Chaperones,C=CCNC1=C2CC(C)CC(OC)C(O)C(C)C=C(C)C(OC(N)=O)C(OC)C=CC=C(C)C(=O)NC(=CC1=O)C2=O,O=C(OC1C(C)=CC(C)C(O)C(OC)CC(C)CC=2C(=O)C(NC(=O)C(C)=CC=CC1OC)=CC(=O)C=2NCC=C)N,1,3.13667714,0.0,3.13667714,3.13667714,2.3205208778381348,2.04996919631958,2.161576271057129,1.8610376119613647,1.8230254650115967,2.043225884437561,0.20774117970228903,1.7852811406568496,2.3011706282182725,-1.0934512555624392,1.0934512555624392
compound_0364,HSP90alpha,P07900,Chaperones,COc1ccc(-c2c(C#N)c(N)nc3sc(C(N)=O)c(N)c23)cc1OCCCC(=O)[O-],O=C([O-])CCCOc1c(OC)ccc(-c2c(C#N)c(N)nc3sc(C(=O)N)c(N)c23)c1,1,0.962573502,0.0,0.962573502,0.962573502,1.0896484851837158,1.042628288269043,1.1005024909973145,0.953475832939148,0.8100617527961731,0.9992633700370789,0.12061622538676707,0.8494985453750991,1.1490281946990588,0.036689868037078854,0.036689868037078854
compound_0365,HSP90alpha,P07900,Chaperones,Oc1ccc(-c2nocc2-c2ccccc2)c(O)c1,Oc1c(-c2c(-c3ccccc3)con2)ccc(O)c1,1,1.06913968,0.0,1.06913968,1.06913968,1.0093891620635986,0.9444382786750793,1.0321781635284424,0.9097906351089478,0.9422116875648499,0.9676015853881836,0.05108724809152864,0.9041683886656284,1.0310347821107388,-0.10153809461181629,0.10153809461181629
compound_0366,HSP90alpha,P07900,Chaperones,Oc1cc2[nH]nc(Cc3ccccc3)c2cc1-c1ccnn1-c1ccccc1,Oc1c(-c2n(-c3ccccc3)ncc2)cc2c(Cc3ccccc3)n[nH]c2c1,2,0.6348867174999999,0.000529909357355091,0.634512015,0.63526142,0.6614397168159485,0.5725542306900024,0.7395150065422058,0.5132856369018555,0.4748733341693878,0.59233358502388,0.1082528749992182,0.4579198874352982,0.7267472826124618,-0.042553132476119915,0.042553132476119915
compound_0367,HSP90alpha,P07900,Chaperones,Cc1n[nH]c2cc(O)c(-c3ccnn3C3CCCCC3)cc12,Oc1c(-c2n(C3CCCCC3)ncc2)cc2c(C)n[nH]c2c1,1,0.083546051,0.0,0.083546051,0.083546051,0.0836460143327713,0.0065398067235946655,0.14570283889770508,-0.12487078458070755,0.021045085042715073,0.026412592083215714,0.1010151293025896,-0.09901425724570813,0.15183944141213956,-0.057133458916784285,0.057133458916784285
compound_0368,HSP90alpha,P07900,Chaperones,N#Cc1ccc(N2CC[NH+](CCCCc3c[nH]c4cc(O)c(C#N)cc34)CC2)cc1,Oc1c(C#N)cc2c(CCCC[NH+]3CCN(c4ccc(C#N)cc4)CC3)c[nH]c2c1,1,0.367542708,0.0,0.367542708,0.367542708,0.7910937666893005,0.7196686267852783,0.9470886588096619,0.6051985621452332,0.4312759041786194,0.6988651037216187,0.19424935448294103,0.4576726735858294,0.940057533857408,0.3313223957216187,0.3313223957216187
compound_0369,HSP90alpha,P07900,Chaperones,CCCc1cc(-c2n[nH]cc2-c2ccc3c(c2)OCCO3)c(O)cc1O,Oc1c(CCC)cc(-c2c(-c3cc4OCCOc4cc3)c[nH]n2)c(O)c1,1,0.35127416,0.0,0.35127416,0.35127416,0.36943286657333374,0.22030790150165558,0.35955747961997986,0.1594790816307068,0.1305537223815918,0.24786621034145356,0.11134109335687893,0.10961798319957244,0.3861144374833347,-0.10340794965854644,0.10340794965854644
compound_0370,HSP90alpha,P07900,Chaperones,O=C(c1ccc(O)cc1O)N(Cc1ccccc1)c1ccccc1,Oc1ccc(C(=O)N(Cc2ccccc2)c2ccccc2)c(O)c1,1,0.853871964,0.0,0.853871964,0.853871964,1.9306845664978027,1.6715929508209229,2.048424482345581,1.7293293476104736,1.7442448139190674,1.8248552322387694,0.15834741761719018,1.6282409445749675,2.0214695199025714,0.9709832682387695,0.9709832682387695
compound_0371,HSP90alpha,P07900,Chaperones,Cc1cccc(Cc2n[nH]c3cc(O)c(C(=O)N(C)c4ccc(CNS(C)(=O)=O)cc4)cc23)c1,S(=O)(=O)(NCc1ccc(N(C(=O)c2c(O)cc3[nH]nc(Cc4cc(C)ccc4)c3c2)C)cc1)C,1,2.3625102,0.0,2.3625102,2.3625102,2.3515188694000244,2.21962833404541,2.3927829265594482,2.060803174972534,2.128762722015381,2.2306992053985595,0.14163932704792442,2.0548307522733427,2.4065676585237763,-0.13181099460144052,0.13181099460144052
compound_0372,HSP90alpha,P07900,Chaperones,CSc1nc(-c2ccc(F)cc2C)c2c(C#N)c[nH]c2n1,S(C)c1nc(-c2c(C)cc(F)cc2)c2c(C#N)c[nH]c2n1,1,0.698970004,0.0,0.698970004,0.698970004,0.6931197047233582,0.7498769760131836,0.8362623453140259,0.6114617586135864,0.6779357194900513,0.713731300830841,0.08438836931040551,0.6089493007909869,0.8185133008706952,0.014761296830841042,0.014761296830841042
compound_0373,HSP90alpha,P07900,Chaperones,Oc1ccc(-c2n[nH]c(=S)n2-c2ccccc2F)c(O)c1,S=C1N(c2c(F)cccc2)C(c2c(O)cc(O)cc2)=NN1,1,0.954677021,0.0,0.954677021,0.954677021,0.8490672707557678,0.8166104555130005,1.001794695854187,0.8273584842681885,0.6990940570831299,0.8387849926948547,0.10818239372969699,0.7044588091611851,0.9731111762285244,-0.11589202830514522,0.11589202830514522
compound_0374,A2A receptor,P29274,GPCRs,Nc1nnc(-c2ccc(O)c(Cl)c2)c(-c2ccccc2)n1,Clc1c(O)ccc(-c2c(-c3ccccc3)nc(N)nn2)c1,1,3.185430275,0.0,3.185430275,3.185430275,3.219226121902466,3.1229183673858643,3.113945245742798,3.221010446548462,3.1264355182647705,3.160707139968872,0.05442924344997401,3.093124307927571,3.228289972010173,-0.024723135031127885,0.024723135031127885
compound_0375,A2A receptor,P29274,GPCRs,Nc1nnc(-c2cccc(Cl)c2)c(-c2ccccc2)n1,Clc1cc(-c2c(-c3ccccc3)nc(N)nn2)ccc1,1,0.76999998,0.0,0.76999998,0.76999998,0.8562164902687073,0.8933041095733643,0.8824373483657837,0.6912460923194885,0.6481732726097107,0.7942754626274109,0.11551707989748441,0.6508420633410765,0.9377088619137453,0.02427548262741086,0.02427548262741086
compound_0376,A2A receptor,P29274,GPCRs,Nc1nnc(-c2cc(Cl)cc(Cl)c2)c(-c2ccccc2)n1,Clc1cc(Cl)cc(-c2c(-c3ccccc3)nc(N)nn2)c1,1,1.61,0.0,1.61,1.61,1.7387079000473022,1.6515257358551025,1.7225990295410156,1.831460952758789,1.527845859527588,1.6944278955459595,0.11305149312201365,1.5540559265931744,1.8347998644987447,0.08442789554595942,0.08442789554595942
compound_0377,A2A receptor,P29274,GPCRs,Nc1nc2ccc(Cl)cc2c2nc(-c3ccco3)nn12,Clc1cc2-c3n(C(N)=Nc2cc1)nc(-c1occc1)n3,1,2.9208188,0.0,2.9208188,2.9208188,2.608440399169922,2.505373239517212,2.2654411792755127,2.104682207107544,2.3743932247161865,2.3716660499572755,0.19780750615271278,2.126055590992982,2.617276508921569,-0.5491527500427247,0.5491527500427247
compound_0378,A2A receptor,P29274,GPCRs,Cc1cc(-c2nnc(N)nc2-c2ccc(F)cc2)cc(C(F)(F)F)n1,FC(F)(F)c1nc(C)cc(-c2c(-c3ccc(F)cc3)nc(N)nn2)c1,1,1.39,0.0,1.39,1.39,1.4723626375198364,1.4504172801971436,1.4384623765945435,1.4678665399551392,1.229661464691162,1.411754059791565,0.10269846896781044,1.284237068203588,1.539271051379542,0.021754059791565084,0.021754059791565084
compound_0379,A2A receptor,P29274,GPCRs,Cc1cc(-c2nnc(N)nc2-c2ccccc2)cc(C(F)(F)F)n1,FC(F)(F)c1nc(C)cc(-c2c(-c3ccccc3)nc(N)nn2)c1,1,2.4300001,0.0,2.4300001,2.4300001,2.5189881324768066,2.3956596851348877,2.5189802646636963,2.6336288452148438,2.317826509475708,2.4770166873931885,0.12248508741797545,2.3249313640294473,2.6291020107569296,0.04701658739318848,0.04701658739318848
compound_0380,A2A receptor,P29274,GPCRs,Nc1nc(NCCN2CCN(c3ccc(F)cc3F)CC2)nc2nc(-c3ccco3)nn12,Fc1c(N2CCN(CCNC=3N=C(N)n4nc(-c5occc5)nc4N=3)CC2)ccc(F)c1,1,3.293370386,0.0,3.293370386,3.293370386,3.0994009971618652,3.352205276489258,2.939438581466675,3.0014142990112305,3.0866615772247314,3.095824146270752,0.1574783275601719,2.9002889764419466,3.291359316099557,-0.197546239729248,0.197546239729248
compound_0381,A2A receptor,P29274,GPCRs,Nc1nc(NCC[NH+]2CCN(c3ccc(F)cc3F)CC2)nc2nc(-c3ccco3)nn12,Fc1c(N2CC[NH+](CCNC=3N=C(N)n4nc(-c5occc5)nc4N=3)CC2)ccc(F)c1,2,4.3012811630000005,0.020890346964587858,4.286509457,4.316052869,2.622935175895691,2.406867206096649,2.19676011800766,2.3875935077667236,2.238634943962097,2.370558190345764,0.16801205491314117,2.1619436704958823,2.5791727101956456,-1.9307229726542365,1.9307229726542365
compound_0382,A2A receptor,P29274,GPCRs,Cc1cc(-c2nnc(N)nc2-c2cccc(F)c2)cc(C)n1,Fc1cc(-c2c(-c3cc(C)nc(C)c3)nnc(N)n2)ccc1,1,1.37,0.0,1.37,1.37,1.4332751035690308,1.411177158355713,1.618694543838501,1.3641588687896729,1.2459962368011475,1.414660382270813,0.13508013974617136,1.2469362358756584,1.5823845286659677,0.044660382270812926,0.044660382270812926
compound_0383,A2A receptor,P29274,GPCRs,Cc1cc(-c2nnc(N)nc2-c2cc(F)cc(F)c2)cc(C)n1,Fc1cc(F)cc(-c2c(-c3cc(C)nc(C)c3)nnc(N)n2)c1,1,1.05,0.0,1.05,1.05,1.1199203729629517,1.1564912796020508,1.1887661218643188,1.0230114459991455,0.9250413179397583,1.082646107673645,0.10781871393908955,0.948771492242847,1.2165207231044433,0.032646107673645064,0.032646107673645064
compound_0384,A2A receptor,P29274,GPCRs,Cc1cc(-c2nnc(N)nc2-c2ccc(F)cc2)cc(C)n1,Fc1ccc(-c2c(-c3cc(C)nc(C)c3)nnc(N)n2)cc1,1,0.94,0.0,0.94,0.94,1.0450199842453003,1.063645362854004,1.0961740016937256,0.9499977827072144,0.8239894509315491,0.9957653164863587,0.11035991368168815,0.8587353848229312,1.132795248149786,0.05576531648635874,0.05576531648635874
compound_0385,A2A receptor,P29274,GPCRs,Nc1nc(NCCCN2CCN(c3ccccc3)CC2)nc2nc(-c3ccco3)nn12,N(CCCN1CCN(c2ccccc2)CC1)C=1N=C(N)n2nc(-c3occc3)nc2N=1,1,1.520987917,0.0,1.520987917,1.520987917,1.5726957321166992,1.411942720413208,1.5693920850753784,1.2880172729492188,1.1826084852218628,1.4049312591552734,0.17200126323617182,1.1913634829493498,1.618499035361197,-0.11605665784472663,0.11605665784472663
compound_0386,A2A receptor,P29274,GPCRs,Nc1nc(NCCC[NH+]2CCN(c3ccccc3)CC2)nc2nc(-c3ccco3)nn12,N(CCC[NH+]1CCN(c2ccccc2)CC1)C=1N=C(N)n2nc(-c3occc3)nc2N=1,2,2.9178979505,0.7608949875960206,2.379863945,3.455931956,1.6782071590423584,1.382278323173523,1.6629517078399658,1.406679928302765,1.0927782952785492,1.4445790827274323,0.240494389767155,1.1459658571835716,1.743192308271293,-1.4733188677725677,1.4733188677725677
compound_0387,A2A receptor,P29274,GPCRs,Nc1nc(NCCN2CCC(c3ccccc3)CC2)nc2nc(-c3ccco3)nn12,N(CCN1CCC(c2ccccc2)CC1)C=1N=C(N)n2nc(-c3occc3)nc2N=1,1,1.423971027,0.0,1.423971027,1.423971027,1.4257515668869019,1.4309537410736084,1.577842116355896,1.2158523797988892,1.057882308959961,1.3416564226150514,0.2044407561321001,1.0878096959602668,1.595503149269836,-0.08231460438494853,0.08231460438494853
compound_0388,A2A receptor,P29274,GPCRs,CN1CCN(CCNc2nc(N)n3nc(-c4ccco4)nc3n2)CC1,N(CCN1CCN(C)CC1)C=1N=C(N)n2nc(-c3occc3)nc2N=1,1,1.15118723,0.0,1.15118723,1.15118723,1.1854231357574463,1.0671663284301758,1.1437817811965942,0.8670089840888977,0.8646432161331177,1.0256046891212462,0.1519015505844612,0.8369940024891924,1.2142153757533,-0.12558254087875365,0.12558254087875365
compound_0389,A2A receptor,P29274,GPCRs,Nc1nc(NCC[NH+]2CCC(c3ccccc3)CC2)nc2nc(-c3ccco3)nn12,N(CC[NH+]1CCC(c2ccccc2)CC1)C=1N=C(N)n2nc(-c3occc3)nc2N=1,2,2.816135727,0.8227955062511407,2.234331445,3.397940009,1.2970731854438782,1.231028139591217,1.3945748209953308,1.207529604434967,0.9740226566791534,1.2208456814289093,0.15588060511990867,1.027294346033301,1.4143970168245175,-1.5952900455710906,1.5952900455710906
compound_0390,A2A receptor,P29274,GPCRs,C[NH+]1CC[NH+](CCNc2nc(N)n3nc(-c4ccco4)nc3n2)CC1,N(CC[NH+]1CC[NH+](C)CC1)C=1N=C(N)n2nc(-c3occc3)nc2N=1,2,2.5838381705,0.28846311607664815,2.379863945,2.787812396,1.5039727091789246,1.2884541749954224,1.4353803396224976,1.183941274881363,1.167488843202591,1.3158474683761596,0.14986588304498563,1.1297643968401847,1.5019305399121345,-1.2679907021238404,1.2679907021238404
compound_0391,A2A receptor,P29274,GPCRs,CC1CCC(Nc2nc(-c3ccccc3)nc3[nH]ccc23)CC1,N(c1nc(-c2ccccc2)nc2[nH]ccc12)C1CCC(C)CC1,1,1.4461169,0.0,1.4461169,1.4461169,1.88931405544281,1.9946836233139038,2.1491520404815674,1.8551068305969238,1.8496370315551758,1.9475787162780762,0.1268750086180652,1.790042585805232,2.1051148467509204,0.5014618162780762,0.5014618162780762
compound_0392,A2A receptor,P29274,GPCRs,Nc1nc2c(cnn2CCc2ccccc2)c2nc(-c3ccco3)nn12,NC=1n2nc(-c3occc3)nc2-c2c(n(CCc3ccccc3)nc2)N=1,1,2.051607683,0.0,2.051607683,2.051607683,2.0902931690216064,1.9614837169647217,1.8757356405258179,1.6220190525054932,1.7948697805404663,1.868880271911621,0.1761136562002336,1.6502062854157555,2.087554258407487,-0.18272741108837876,0.18272741108837876
compound_0393,A2A receptor,P29274,GPCRs,Cc1cc(-c2nnc(N)nc2-c2ccccc2)cc(C)n1,Nc1nc(c(-c2cc(C)nc(C)c2)nn1)-c1ccccc1,1,1.9400001,0.0,1.9400001,1.9400001,2.2888858318328857,1.9968104362487793,2.12729811668396,2.211761713027954,1.8775420188903809,2.100459623336792,0.16511231654476244,1.8954456042231362,2.3054736424504476,0.1604595233367918,0.1604595233367918
compound_0394,A2A receptor,P29274,GPCRs,COc1ccc(CCCn2ncc3c2nc(N)n2nc(-c4ccco4)nc32)cc1,O(C)c1ccc(CCCn2ncc3-c4n(C(N)=Nc23)nc(-c2occc2)n4)cc1,1,2.505000433,0.0,2.505000433,2.505000433,2.5034687519073486,2.2864558696746826,2.2838497161865234,2.2437803745269775,2.28743052482605,2.3209970474243162,0.10363163866315117,2.1923213726214197,2.4496727222272128,-0.18400338557568396,0.18400338557568396
compound_0395,A2A receptor,P29274,GPCRs,CCNC(=O)C1OC(n2cnc3c(N)ncnc32)C(O)C1O,O=C(NCC)C1C(O)C(O)C(n2c3ncnc(N)c3nc2)O1,1,3.3010299,0.0,3.3010299,3.3010299,3.3064286708831787,3.262786865234375,3.4119341373443604,3.2906227111816406,3.2648251056671143,3.307319498062134,0.06126321855105971,3.231251165173194,3.3833878309510736,0.0062895980621338055,0.0062895980621338055
compound_0396,A2A receptor,P29274,GPCRs,CCCn1c(=O)n(CC)c(=O)c2[nH]c(-c3ccc(OCC(=O)NCCN)cc3)nc21,O=C(NCCN)COc1ccc(-c2[nH]c3C(=O)N(CC)C(=O)N(CCC)c3n2)cc1,1,1.702786133,0.0,1.702786133,1.702786133,2.0266754627227783,1.884324550628662,1.7786327600479126,1.6053502559661865,1.6013312339782715,1.7792628526687622,0.18313697689865888,1.5518682617138226,2.006657443623702,0.07647671966876213,0.07647671966876213
compound_0397,A2A receptor,P29274,GPCRs,CCCn1c(=O)c2[nH]c(-c3ccc(OCC(=O)NCCN)cc3)nc2n(CCC)c1=O,O=C(NCCN)COc1ccc(-c2[nH]c3C(=O)N(CCC)C(=O)N(CCC)c3n2)cc1,1,1.940160733,0.0,1.940160733,1.940160733,2.1630125045776367,2.003657341003418,1.9835702180862427,1.7583212852478027,1.6646727323532104,1.914646816253662,0.20080060896270827,1.6653199292872747,2.1639737032200497,-0.02551391674633785,0.02551391674633785
compound_0398,A2A receptor,P29274,GPCRs,CCNC(=O)C1OC(n2cnc3c(NCC(c4ccccc4)c4ccccc4)nc(C(=O)NCCNC(=O)NC4CCN(c5ccccn5)CC4)nc32)C(O)C1O,O=C(NCCNC(=O)c1nc(NCC(c2ccccc2)c2ccccc2)c2ncn(C3C(O)C(O)C(C(=O)NCC)O3)c2n1)NC1CCN(c2ncccc2)CC1,1,4.1760912,0.0,4.1760912,4.1760912,2.9674899578094482,2.9056687355041504,3.0219640731811523,2.84195876121521,2.7408158779144287,2.895579481124878,0.10962769871532825,2.7594587144241256,3.03170024782563,-1.2805117188751223,1.2805117188751223
compound_0399,A2A receptor,P29274,GPCRs,CCCn1c(=O)c2nc(-c3ccc(OCC(=O)Nc4ccc(C#N)cc4)cc3)[nH]c2n(CCC)c1=O,O=C(Nc1ccc(C#N)cc1)COc1ccc(-c2[nH]c3N(CCC)C(=O)N(CCC)C(=O)c3n2)cc1,1,1.9523358,0.0,1.9523358,1.9523358,2.290428400039673,2.1505348682403564,2.3064143657684326,2.100200891494751,1.898125171661377,2.149140739440918,0.1659089088592475,1.9431376203291204,2.3551438585527156,0.19680493944091793,0.19680493944091793
compound_0400,A2A receptor,P29274,GPCRs,CCNC(=O)C1OC(n2cnc3c(N)nc(NCCc4ccc(CCC(=O)O)cc4)nc32)C(O)C1O,O=C(O)CCc1ccc(CCNc2nc(N)c3ncn(C4C(O)C(O)C(C(=O)NCC)O4)c3n2)cc1,1,3.4771214,0.0,3.4771214,3.4771214,2.9462549686431885,2.6683237552642822,2.978388786315918,2.7671520709991455,2.8846471309661865,2.8489533424377442,0.12924171434283865,2.6884785586721063,3.009428126203382,-0.6281680575622559,0.6281680575622559
compound_0401,A2A receptor,P29274,GPCRs,CCCn1c(=O)c2[nH]c(C3CCCC3)nc2n(CCC)c1=O,O=C1N(CCC)C(=O)c2[nH]c(C3CCCC3)nc2N1CCC,1,1.641875367,0.0,1.641875367,1.641875367,2.1145880222320557,2.00492000579834,2.367130994796753,2.093600034713745,1.8405780792236328,2.0841634273529053,0.19150632590078126,1.8463769170536277,2.321949937652183,0.44228806035290535,0.44228806035290535
compound_0402,A2A receptor,P29274,GPCRs,CCCn1c(=O)c2nc(C34CC5CC(CC3C5)C4)[nH]c2n(CCC)c1=O,O=C1N(CCC)C(=O)c2nc(C34C5CC(C3)CC(C4)C5)[nH]c2N1CCC,1,1.735941433,0.0,1.735941433,1.735941433,2.222266435623169,2.419823408126831,2.4874823093414307,2.208801031112671,2.0982701778411865,2.287328672409058,0.16105832238788967,2.0873483518889193,2.4873089929291963,0.5513872394090578,0.5513872394090578
compound_0403,A2A receptor,P29274,GPCRs,CCCCn1c(=O)c2[nH]c(C34CC5CC(CC3C5)C4)nc2n(CCCO)c1=O,O=C1N(CCCC)C(=O)c2[nH]c(C34C5CC(C3)CC(C4)C5)nc2N1CCCO,1,2.8309135,0.0,2.8309135,2.8309135,3.0896503925323486,3.2144625186920166,3.329636335372925,3.427976369857788,3.0725882053375244,3.2268627643585206,0.1531263610974968,3.036731274607809,3.416994254109232,0.39594926435852074,0.39594926435852074
compound_0404,A2A receptor,P29274,GPCRs,CCCCC#Cc1nc(N)c2nc(NC)n(C3OC(CO)C(O)C3O)c2n1,OCC1C(O)C(O)C(n2c(NC)nc3c(N)nc(C#CCCCC)nc23)O1,1,3.0,0.0,3.0,3.0,2.994049072265625,2.896087408065796,3.007845878601074,2.9476113319396973,2.9535019397735596,2.95981912612915,0.043957158504718,2.9052391049505055,3.014399147307795,-0.04018087387084979,0.04018087387084979
compound_0405,A2A receptor,P29274,GPCRs,CCCCC#Cc1nc(N)c2ncn(C3OC(CO)C(O)C3O)c2n1,OCC1C(O)C(O)C(n2c3nc(C#CCCCC)nc(N)c3nc2)O1,1,3.1760912,0.0,3.1760912,3.1760912,3.187187433242798,3.0014073848724365,3.1305344104766846,3.1964099407196045,3.1192219257354736,3.1269522190093992,0.0779210354256192,3.0302004746186477,3.2237039634001508,-0.04913898099060088,0.04913898099060088
compound_0406,A2A receptor,P29274,GPCRs,CCCCC=Cc1nc(N)c2ncn(C3OC(CO)C(O)C3O)c2n1,OCC1C(O)C(O)C(n2c3nc(C=CCCCC)nc(N)c3nc2)O1,1,3.0791812,0.0,3.0791812,3.0791812,3.0616261959075928,2.901871681213379,3.089730739593506,2.969825029373169,3.0995187759399414,3.0245144844055174,0.0855690897557346,2.918266426296755,3.13076254251428,-0.05466671559448244,0.05466671559448244
compound_0407,A2A receptor,P29274,GPCRs,Cc1cc(-c2nnc(N)nc2-c2ccccc2)cc(C)c1O,Oc1c(C)cc(-c2c(-c3ccccc3)nc(N)nn2)cc1C,1,2.8699999,0.0,2.8699999,2.8699999,3.0276904106140137,2.8577206134796143,3.060471773147583,3.1216821670532227,2.973698854446411,3.008252763748169,0.09978073148783129,2.884358621745292,3.132146905751046,0.13825286374816903,0.13825286374816903
compound_0408,A2A receptor,P29274,GPCRs,Nc1nc(NCCc2ccc(O)cc2)nc2nc(-c3ccco3)nn12,Oc1ccc(CCNC=2N=C(N)n3nc(-c4occc4)nc3N=2)cc1,2,3.3632142505,1.3909826092312865,2.379641015,4.346787486,1.623008668422699,1.4366403818130493,1.6879594326019287,1.339698314666748,1.4477956295013428,1.5070204854011535,0.14374440212705988,1.3285382363366582,1.6855027344656488,-1.8561937650988465,1.8561937650988465
compound_0409,A2A receptor,P29274,GPCRs,CCCCC#Cc1nc(N)c2ncn(C3OC(CSC)C(O)C3O)c2n1,S(CC1C(O)C(O)C(n2c3nc(C#CCCCC)nc(N)c3nc2)O1)C,1,2.8239088,0.0,2.8239088,2.8239088,2.870290994644165,2.736290454864502,2.845041036605835,2.806427240371704,2.759605646133423,2.8035310745239257,0.05621186675114205,2.733734823307205,2.873327325740646,-0.020377725476074193,0.020377725476074193
compound_0410,A2A receptor,P29274,GPCRs,N#Cc1c(N)nc(SCc2ncc[nH]2)c(C#N)c1-c1cccc(O)c1,S(Cc1[nH]ccn1)c1c(C#N)c(c(C#N)c(N)n1)-c1cc(O)ccc1,1,2.3157532,0.0,2.3157532,2.3157532,2.1330039501190186,2.2755091190338135,2.0022389888763428,1.733155369758606,1.9516832828521729,2.019118142127991,0.20329374285852844,1.766695620560462,2.2715406636955198,-0.29663505787200917,0.29663505787200917
compound_0411,A2A receptor,P29274,GPCRs,N#Cc1c(N)nc(SCc2ncc[nH]2)c(C#N)c1-c1ccc(O)cc1,S(Cc1[nH]ccn1)c1c(C#N)c(c(C#N)c(N)n1)-c1ccc(O)cc1,1,2.4164233,0.0,2.4164233,2.4164233,2.2129993438720703,2.1674082279205322,2.0008223056793213,1.7596170902252197,2.016632556915283,2.0314959049224854,0.17783105506277205,1.8106894860884497,2.252302323756521,-0.3849273950775145,0.3849273950775145
compound_0412,A2A receptor,P29274,GPCRs,N#Cc1c(N)nc(SCc2ncc[nH]2)c(C#N)c1-c1ccccc1,S(Cc1[nH]ccn1)c1c(C#N)c(c(C#N)c(N)n1)-c1ccccc1,1,2.09758975,0.0,2.09758975,2.09758975,1.5396016836166382,1.5032877922058105,1.2663177251815796,1.172261118888855,1.3180551528930664,1.35990469455719,0.15697908860127846,1.1649894117701431,1.5548199773442368,-0.73768505544281,0.73768505544281
compound_0413,A1 receptor,P30542,GPCRs,Br.c1ccc(-c2n/c(=N/C3CCCC3)sn2-c2ccccc2)cc1,Br.C1CCC(C1)\N=c1\nc(-c2ccccc2)n(s1)-c1ccccc1,1,3.0,0.0,3.0,3.0,2.402554750442505,2.4827072620391846,2.2905495166778564,1.988525390625,2.235582113265991,2.2799838066101072,0.18917689374146512,2.0450896683593105,2.514877944860904,-0.7200161933898928,0.7200161933898928
compound_0414,A1 receptor,P30542,GPCRs,Br.C/N=c1\nc(C2C=CC=CC2)n(C2C=CC=CC2)s1,Br.C\N=c1/nc(C2CC=CC=C2)n(s1)C1CC=CC=C1,1,3.0,0.0,3.0,3.0,2.434831380844116,2.4480578899383545,2.2221086025238037,2.423274278640747,2.535524368286133,2.412759304046631,0.11539354663465756,2.2694792915653292,2.5560393165279325,-0.5872406959533691,0.5872406959533691
compound_0415,A1 receptor,P30542,GPCRs,N#Cc1c(N)nc(SCC2CSC(c3ccc(I)cc3)=N2)nc1-c1ccc2c(c1)OCO2,N#Cc3c(N)nc(SCC2CSC(c1ccc(I)cc1)=N2)nc3c5ccc4OCOc4c5,1,3.574030725,0.0,3.574030725,3.574030725,2.3970117568969727,2.3458621501922607,2.398498773574829,2.349973440170288,2.3593199253082275,2.3701332092285154,0.025687980018938655,2.3382373692524214,2.4020290492046095,-1.2038975157714846,1.2038975157714846
compound_0416,A1 receptor,P30542,GPCRs,N#Cc1c(N)nc(SCc2coc(-c3cccc(F)c3)n2)nc1-c1ccc2c(c1)OCO2,NC1=NC(=NC(=C1C#N)C1=CC2=C(OCO2)C=C1)SCC=1N=C(OC1)C1=CC(=CC=C1)F,1,2.26227738,0.0,2.26227738,2.26227738,1.70862877368927,2.0526835918426514,1.9456669092178345,2.0617175102233887,1.8395578861236572,1.9216509342193604,0.1495682783505523,1.7359373877181596,2.107364480720561,-0.3406264457806396,0.3406264457806396
compound_0417,A1 receptor,P30542,GPCRs,N#Cc1c(N)nc(SCc2csc(-c3ccccc3Cl)n2)nc1-c1ccc2c(c1)OCO2,NC1=NC(=NC(=C1C#N)C1=CC2=C(OCO2)C=C1)SCC=1N=C(SC1)C1=C(C=CC=C1)Cl,1,3.330992909,0.0,3.330992909,3.330992909,2.6201326847076416,2.6661016941070557,2.4078309535980225,2.8099558353424072,2.6454827785491943,2.6299007892608643,0.14438105078158237,2.4506280364825437,2.809173542039185,-0.7010921197391355,0.7010921197391355
compound_0418,A1 receptor,P30542,GPCRs,N#Cc1c(N)nc(SCc2csc(-c3ccccc3F)n2)nc1-c1ccc2c(c1)OCO2,NC1=NC(=NC(=C1C#N)C1=CC2=C(OCO2)C=C1)SCC=1N=C(SC1)C1=C(C=CC=C1)F,1,3.134698771,0.0,3.134698771,3.134698771,2.6996777057647705,2.7258193492889404,2.831817865371704,3.0046184062957764,2.7975449562072754,2.811895656585693,0.12015291759292815,2.66270610453141,2.961085208639976,-0.32280311441430687,0.32280311441430687
compound_0419,A1 receptor,P30542,GPCRs,N#Cc1c(N)nc(SCc2csc(-c3cccc(Cl)c3)n2)nc1-c1ccc2c(c1)OCO2,NC1=NC(=NC(=C1C#N)C1=CC2=C(OCO2)C=C1)SCC=1N=C(SC1)C1=CC(=CC=C1)Cl,1,3.246672078,0.0,3.246672078,3.246672078,2.224351167678833,2.4235708713531494,2.4264919757843018,2.7117960453033447,2.3989977836608887,2.4370415687561033,0.174976650069318,2.2197793618387327,2.654303775673474,-0.8096305092438967,0.8096305092438967
compound_0420,A1 receptor,P30542,GPCRs,N#Cc1c(N)nc(SCc2csc(-c3cccc(F)c3)n2)nc1-c1ccc2c(c1)OCO2,NC1=NC(=NC(=C1C#N)C1=CC2=C(OCO2)C=C1)SCC=1N=C(SC1)C1=CC(=CC=C1)F,1,3.301029996,0.0,3.301029996,3.301029996,2.866903305053711,2.8347861766815186,2.9378416538238525,3.0283634662628174,2.790804862976074,2.8917398929595945,0.09332716018313043,2.7758589181056053,3.007620867813584,-0.4092901030404055,0.4092901030404055
compound_0421,A1 receptor,P30542,GPCRs,N#Cc1c(N)nc(SCc2csc(-c3ccc(Br)cc3)n2)nc1-c1ccc2c(c1)OCO2,NC1=NC(=NC(=C1C#N)C1=CC2=C(OCO2)C=C1)SCC=1N=C(SC1)C1=CC=C(C=C1)Br,1,3.54770284,0.0,3.54770284,3.54770284,2.4216134548187256,2.6310338973999023,2.6190309524536133,2.6981923580169678,2.644688129425049,2.6029117584228514,0.10576319756856264,2.471589403667055,2.7342341131786476,-0.9447910815771485,0.9447910815771485
compound_0422,A1 receptor,P30542,GPCRs,N#Cc1c(N)nc(SCc2csc(-c3ccc(Cl)cc3)n2)nc1-c1ccc2c(c1)OCO2,NC1=NC(=NC(=C1C#N)C1=CC2=C(OCO2)C=C1)SCC=1N=C(SC1)C1=CC=C(C=C1)Cl,1,3.499397192,0.0,3.499397192,3.499397192,2.4454164505004883,2.4623701572418213,2.441606283187866,2.73193097114563,2.6016438007354736,2.536593532562256,0.1277039541113448,2.3780281303139335,2.6951589348105784,-0.962803659437744,0.962803659437744
compound_0423,A1 receptor,P30542,GPCRs,N#Cc1c(N)nc(SCc2csc(-c3ccc(F)cc3)n2)nc1-c1ccc2c(c1)OCO2,NC1=NC(=NC(=C1C#N)C1=CC2=C(OCO2)C=C1)SCC=1N=C(SC1)C1=CC=C(C=C1)F,1,3.315753552,0.0,3.315753552,3.315753552,2.7239906787872314,2.8908021450042725,2.818556785583496,3.1053507328033447,2.9163382053375244,2.8910077095031737,0.14118111846084433,2.715708197484202,3.066307221522145,-0.42474584249682623,0.42474584249682623
compound_0424,A1 receptor,P30542,GPCRs,N#Cc1c(N)nc(SCc2csc(N3CCOCC3)n2)nc1-c1ccc2c(c1)OCO2,NC1=NC(=NC(=C1C#N)C1=CC2=C(OCO2)C=C1)SCC=1N=C(SC1)N1CCOCC1,1,1.838631998,0.0,1.838631998,1.838631998,1.3431020975112915,1.4905383586883545,1.2932764291763306,1.382424235343933,1.5113316774368286,1.4041345596313477,0.09413110970657915,1.2872553495977193,1.5210137696649761,-0.4344974383686524,0.4344974383686524
compound_0425,A1 receptor,P30542,GPCRs,N#Cc1c(N)nc(SCc2csc(-c3ccc(Cl)cc3)n2)nc1-c1ccccc1,NC1=NC(=NC(=C1C#N)C1=CC=CC=C1)SCC=1N=C(SC1)C1=CC=C(C=C1)Cl,1,3.286789276,0.0,3.286789276,3.286789276,2.2647154331207275,2.162980318069458,2.3084778785705566,2.3622214794158936,2.2486512660980225,2.2694092750549317,0.07402788500284246,2.1774915153837338,2.3613270347261297,-1.0173800009450682,1.0173800009450682
compound_0426,A2A receptor,P29274,GPCRs,CCN(CC)C(=O)C1C=C2c3cccc4[nH]cc(c34)CC2[NH+](C)C1,O=C(N(CC)CC)C1C=C2c3c4c([nH]cc4CC2[NH+](C)C1)ccc3,1,0.113509275,0.0,0.113509275,0.113509275,2.241773843765259,2.0713114738464355,2.319298505783081,1.8249359130859375,2.247772455215454,2.141018438339233,0.19880837379173358,1.8941652380606004,2.387871638617866,2.027509163339233,2.027509163339233
