training_dataset,seed,compound_id,canonical_smiles,representative_smiles,observed_pkoff,observed_pkoff_sd,n_measurements,source,protein_feature_key,window_start,window_end,window_sequence,ligand_feature_key,channel_radius,bit_id,atom_indices_json,fragment_smiles_json,original_prediction,protein_masked_prediction,ligand_masked_prediction,double_masked_prediction,protein_drop,ligand_drop,double_drop,interaction_pkoff,interaction_definition,checkpoint_sha256
2773,42,dpp4_12,CC#CCn1c(N2CCC[C@@H](N)C2)nc2c1c(=O)n(Cc1nc(C)c3ccccc3n1)c(=O)n2C,CC#CCn1c(N2CCC[C@@H](N)C2)nc2c1c(=O)n(Cc1nc(C)c3ccccc3n1)c(=O)n2C,4.4076545,0.16295205061765816,2,10.1093/nar/gkw1074,w16_s4_sequence_mean:13-28,13,28,GAAALVTIITVPVVLL,r3_b1066,3,1066,"[5, 6, 7, 9, 10, 11, 12]","[""cN(C)C[C@H](N)C""]",2.368680000305176,2.350987195968628,2.3342621326446533,2.3167874813079834,0.01769280433654785,0.03441786766052246,0.05189251899719238,-0.0002181529998779297,yp+yl-y0-ypl,fd63aa48c21ada4faba6977bc08f6b765c5964fd2a133a01c1d27b42327ac8de
2773,42,dpp4_12,CC#CCn1c(N2CCC[C@@H](N)C2)nc2c1c(=O)n(Cc1nc(C)c3ccccc3n1)c(=O)n2C,CC#CCn1c(N2CCC[C@@H](N)C2)nc2c1c(=O)n(Cc1nc(C)c3ccccc3n1)c(=O)n2C,4.4076545,0.16295205061765816,2,10.1093/nar/gkw1074,w16_s4_sequence_mean:13-28,13,28,GAAALVTIITVPVVLL,r3_b770,3,770,"[4, 5, 6, 7, 8, 9, 10, 11, 12, 13]","[""nc(N1CCC[C@@H](N)C1)n""]",2.368680000305176,2.350987195968628,2.3452789783477783,2.3274402618408203,0.01769280433654785,0.02340102195739746,0.04123973846435547,0.00014591217041015625,yp+yl-y0-ypl,fd63aa48c21ada4faba6977bc08f6b765c5964fd2a133a01c1d27b42327ac8de
2773,42,dpp4_12,CC#CCn1c(N2CCC[C@@H](N)C2)nc2c1c(=O)n(Cc1nc(C)c3ccccc3n1)c(=O)n2C,CC#CCn1c(N2CCC[C@@H](N)C2)nc2c1c(=O)n(Cc1nc(C)c3ccccc3n1)c(=O)n2C,4.4076545,0.16295205061765816,2,10.1093/nar/gkw1074,w16_s4_sequence_mean:13-28,13,28,GAAALVTIITVPVVLL,r3_b1765,3,1765,"[18, 19, 20]","[""cCn""]",2.368680000305176,2.350987195968628,2.3466384410858154,2.3298087120056152,0.01769280433654785,0.02204155921936035,0.03887128829956055,-0.0008630752563476562,yp+yl-y0-ypl,fd63aa48c21ada4faba6977bc08f6b765c5964fd2a133a01c1d27b42327ac8de
2773,42,dpp4_12,CC#CCn1c(N2CCC[C@@H](N)C2)nc2c1c(=O)n(Cc1nc(C)c3ccccc3n1)c(=O)n2C,CC#CCn1c(N2CCC[C@@H](N)C2)nc2c1c(=O)n(Cc1nc(C)c3ccccc3n1)c(=O)n2C,4.4076545,0.16295205061765816,2,10.1093/nar/gkw1074,w16_s4_sequence_mean:13-28,13,28,GAAALVTIITVPVVLL,r3_b1696,3,1696,"[13, 14, 15, 33]","[""cc(n)n""]",2.368680000305176,2.350987195968628,2.3571665287017822,2.3407723903656006,0.01769280433654785,0.011513471603393555,0.027907609939575195,-0.001298666000366211,yp+yl-y0-ypl,fd63aa48c21ada4faba6977bc08f6b765c5964fd2a133a01c1d27b42327ac8de
2773,42,dpp4_12,CC#CCn1c(N2CCC[C@@H](N)C2)nc2c1c(=O)n(Cc1nc(C)c3ccccc3n1)c(=O)n2C,CC#CCn1c(N2CCC[C@@H](N)C2)nc2c1c(=O)n(Cc1nc(C)c3ccccc3n1)c(=O)n2C,4.4076545,0.16295205061765816,2,10.1093/nar/gkw1074,w16_s4_sequence_mean:13-28,13,28,GAAALVTIITVPVVLL,r3_b1722,3,1722,"[22, 23]","[""cC""]",2.368680000305176,2.350987195968628,2.3339197635650635,2.3162310123443604,0.01769280433654785,0.034760236740112305,0.05244898796081543,-4.0531158447265625e-06,yp+yl-y0-ypl,fd63aa48c21ada4faba6977bc08f6b765c5964fd2a133a01c1d27b42327ac8de
2773,42,dpp4_12,CC#CCn1c(N2CCC[C@@H](N)C2)nc2c1c(=O)n(Cc1nc(C)c3ccccc3n1)c(=O)n2C,CC#CCn1c(N2CCC[C@@H](N)C2)nc2c1c(=O)n(Cc1nc(C)c3ccccc3n1)c(=O)n2C,4.4076545,0.16295205061765816,2,10.1093/nar/gkw1074,w16_s4_sequence_mean:13-28,13,28,GAAALVTIITVPVVLL,r3_b1019,3,1019,"[10, 21, 22, 23, 24, 25, 26, 28, 29, 30]","[""C"", ""ccc(c(C)n)c(c)n""]",2.368680000305176,2.350987195968628,2.3446848392486572,2.3282511234283447,0.01769280433654785,0.023995161056518555,0.040428876876831055,-0.0012590885162353516,yp+yl-y0-ypl,fd63aa48c21ada4faba6977bc08f6b765c5964fd2a133a01c1d27b42327ac8de
2773,42,dpp4_12,CC#CCn1c(N2CCC[C@@H](N)C2)nc2c1c(=O)n(Cc1nc(C)c3ccccc3n1)c(=O)n2C,CC#CCn1c(N2CCC[C@@H](N)C2)nc2c1c(=O)n(Cc1nc(C)c3ccccc3n1)c(=O)n2C,4.4076545,0.16295205061765816,2,10.1093/nar/gkw1074,w16_s4_sequence_mean:13-28,13,28,GAAALVTIITVPVVLL,r3_b1903,3,1903,"[2, 3, 4, 5, 6, 7, 8, 10, 12, 13, 14, 15, 16, 33]","[""CCn1c(N(CC)CC)nc(n)c1c""]",2.368680000305176,2.350987195968628,2.3269686698913574,2.310377836227417,0.01769280433654785,0.04171133041381836,0.05830216407775879,-0.0011019706726074219,yp+yl-y0-ypl,fd63aa48c21ada4faba6977bc08f6b765c5964fd2a133a01c1d27b42327ac8de
2773,42,dpp4_12,CC#CCn1c(N2CCC[C@@H](N)C2)nc2c1c(=O)n(Cc1nc(C)c3ccccc3n1)c(=O)n2C,CC#CCn1c(N2CCC[C@@H](N)C2)nc2c1c(=O)n(Cc1nc(C)c3ccccc3n1)c(=O)n2C,4.4076545,0.16295205061765816,2,10.1093/nar/gkw1074,w16_s4_sequence_mean:13-28,13,28,GAAALVTIITVPVVLL,r3_b314,3,314,"[16, 17, 31, 32]","[""c=O"", ""c=O""]",2.368680000305176,2.350987195968628,2.341297149658203,2.324047327041626,0.01769280433654785,0.027382850646972656,0.044632673263549805,-0.0004429817199707031,yp+yl-y0-ypl,fd63aa48c21ada4faba6977bc08f6b765c5964fd2a133a01c1d27b42327ac8de
2773,42,dpp4_12,CC#CCn1c(N2CCC[C@@H](N)C2)nc2c1c(=O)n(Cc1nc(C)c3ccccc3n1)c(=O)n2C,CC#CCn1c(N2CCC[C@@H](N)C2)nc2c1c(=O)n(Cc1nc(C)c3ccccc3n1)c(=O)n2C,4.4076545,0.16295205061765816,2,10.1093/nar/gkw1074,w16_s4_sequence_mean:13-28,13,28,GAAALVTIITVPVVLL,r3_b1365,3,1365,"[4, 5, 6, 13]","[""nc(N)n""]",2.368680000305176,2.350987195968628,2.339562177658081,2.3213725090026855,0.01769280433654785,0.029117822647094727,0.047307491302490234,0.0004968643188476562,yp+yl-y0-ypl,fd63aa48c21ada4faba6977bc08f6b765c5964fd2a133a01c1d27b42327ac8de
2773,42,dpp4_12,CC#CCn1c(N2CCC[C@@H](N)C2)nc2c1c(=O)n(Cc1nc(C)c3ccccc3n1)c(=O)n2C,CC#CCn1c(N2CCC[C@@H](N)C2)nc2c1c(=O)n(Cc1nc(C)c3ccccc3n1)c(=O)n2C,4.4076545,0.16295205061765816,2,10.1093/nar/gkw1074,w16_s4_sequence_mean:13-28,13,28,GAAALVTIITVPVVLL,r3_b208,3,208,"[16, 18, 19, 20, 21, 22, 23, 24, 28, 29, 30, 31]","[""cc1cc(C)nc(Cn(c)c)n1""]",2.368680000305176,2.350987195968628,2.343731641769409,2.326000452041626,0.01769280433654785,0.0249483585357666,0.042679548263549805,3.838539123535156e-05,yp+yl-y0-ypl,fd63aa48c21ada4faba6977bc08f6b765c5964fd2a133a01c1d27b42327ac8de
2773,42,dpp4_12,CC#CCn1c(N2CCC[C@@H](N)C2)nc2c1c(=O)n(Cc1nc(C)c3ccccc3n1)c(=O)n2C,CC#CCn1c(N2CCC[C@@H](N)C2)nc2c1c(=O)n(Cc1nc(C)c3ccccc3n1)c(=O)n2C,4.4076545,0.16295205061765816,2,10.1093/nar/gkw1074,w16_s4_sequence_mean:417-432,417,432,YISNEYKGMPGGRNLY,r3_b1066,3,1066,"[5, 6, 7, 9, 10, 11, 12]","[""cN(C)C[C@H](N)C""]",2.368680000305176,2.3573269844055176,2.3342621326446533,2.3226497173309326,0.011353015899658203,0.03441786766052246,0.046030282974243164,0.0002593994140625,yp+yl-y0-ypl,fd63aa48c21ada4faba6977bc08f6b765c5964fd2a133a01c1d27b42327ac8de
2773,42,dpp4_12,CC#CCn1c(N2CCC[C@@H](N)C2)nc2c1c(=O)n(Cc1nc(C)c3ccccc3n1)c(=O)n2C,CC#CCn1c(N2CCC[C@@H](N)C2)nc2c1c(=O)n(Cc1nc(C)c3ccccc3n1)c(=O)n2C,4.4076545,0.16295205061765816,2,10.1093/nar/gkw1074,w16_s4_sequence_mean:417-432,417,432,YISNEYKGMPGGRNLY,r3_b770,3,770,"[4, 5, 6, 7, 8, 9, 10, 11, 12, 13]","[""nc(N1CCC[C@@H](N)C1)n""]",2.368680000305176,2.3573269844055176,2.3452789783477783,2.3339178562164307,0.011353015899658203,0.02340102195739746,0.03476214408874512,8.106231689453125e-06,yp+yl-y0-ypl,fd63aa48c21ada4faba6977bc08f6b765c5964fd2a133a01c1d27b42327ac8de
2773,42,dpp4_12,CC#CCn1c(N2CCC[C@@H](N)C2)nc2c1c(=O)n(Cc1nc(C)c3ccccc3n1)c(=O)n2C,CC#CCn1c(N2CCC[C@@H](N)C2)nc2c1c(=O)n(Cc1nc(C)c3ccccc3n1)c(=O)n2C,4.4076545,0.16295205061765816,2,10.1093/nar/gkw1074,w16_s4_sequence_mean:417-432,417,432,YISNEYKGMPGGRNLY,r3_b1765,3,1765,"[18, 19, 20]","[""cCn""]",2.368680000305176,2.3573269844055176,2.3466384410858154,2.335345983505249,0.011353015899658203,0.02204155921936035,0.03333401679992676,-6.0558319091796875e-05,yp+yl-y0-ypl,fd63aa48c21ada4faba6977bc08f6b765c5964fd2a133a01c1d27b42327ac8de
2773,42,dpp4_12,CC#CCn1c(N2CCC[C@@H](N)C2)nc2c1c(=O)n(Cc1nc(C)c3ccccc3n1)c(=O)n2C,CC#CCn1c(N2CCC[C@@H](N)C2)nc2c1c(=O)n(Cc1nc(C)c3ccccc3n1)c(=O)n2C,4.4076545,0.16295205061765816,2,10.1093/nar/gkw1074,w16_s4_sequence_mean:417-432,417,432,YISNEYKGMPGGRNLY,r3_b1696,3,1696,"[13, 14, 15, 33]","[""cc(n)n""]",2.368680000305176,2.3573269844055176,2.3571665287017822,2.346346139907837,0.011353015899658203,0.011513471603393555,0.022333860397338867,-0.0005326271057128906,yp+yl-y0-ypl,fd63aa48c21ada4faba6977bc08f6b765c5964fd2a133a01c1d27b42327ac8de
2773,42,dpp4_12,CC#CCn1c(N2CCC[C@@H](N)C2)nc2c1c(=O)n(Cc1nc(C)c3ccccc3n1)c(=O)n2C,CC#CCn1c(N2CCC[C@@H](N)C2)nc2c1c(=O)n(Cc1nc(C)c3ccccc3n1)c(=O)n2C,4.4076545,0.16295205061765816,2,10.1093/nar/gkw1074,w16_s4_sequence_mean:417-432,417,432,YISNEYKGMPGGRNLY,r3_b1722,3,1722,"[22, 23]","[""cC""]",2.368680000305176,2.3573269844055176,2.3339197635650635,2.3223583698272705,0.011353015899658203,0.034760236740112305,0.04632163047790527,0.00020837783813476562,yp+yl-y0-ypl,fd63aa48c21ada4faba6977bc08f6b765c5964fd2a133a01c1d27b42327ac8de
2773,42,dpp4_12,CC#CCn1c(N2CCC[C@@H](N)C2)nc2c1c(=O)n(Cc1nc(C)c3ccccc3n1)c(=O)n2C,CC#CCn1c(N2CCC[C@@H](N)C2)nc2c1c(=O)n(Cc1nc(C)c3ccccc3n1)c(=O)n2C,4.4076545,0.16295205061765816,2,10.1093/nar/gkw1074,w16_s4_sequence_mean:417-432,417,432,YISNEYKGMPGGRNLY,r3_b1019,3,1019,"[10, 21, 22, 23, 24, 25, 26, 28, 29, 30]","[""C"", ""ccc(c(C)n)c(c)n""]",2.368680000305176,2.3573269844055176,2.3446848392486572,2.33294939994812,0.011353015899658203,0.023995161056518555,0.035730600357055664,0.00038242340087890625,yp+yl-y0-ypl,fd63aa48c21ada4faba6977bc08f6b765c5964fd2a133a01c1d27b42327ac8de
2773,42,dpp4_12,CC#CCn1c(N2CCC[C@@H](N)C2)nc2c1c(=O)n(Cc1nc(C)c3ccccc3n1)c(=O)n2C,CC#CCn1c(N2CCC[C@@H](N)C2)nc2c1c(=O)n(Cc1nc(C)c3ccccc3n1)c(=O)n2C,4.4076545,0.16295205061765816,2,10.1093/nar/gkw1074,w16_s4_sequence_mean:417-432,417,432,YISNEYKGMPGGRNLY,r3_b1903,3,1903,"[2, 3, 4, 5, 6, 7, 8, 10, 12, 13, 14, 15, 16, 33]","[""CCn1c(N(CC)CC)nc(n)c1c""]",2.368680000305176,2.3573269844055176,2.3269686698913574,2.3151681423187256,0.011353015899658203,0.04171133041381836,0.053511857986450195,0.0004475116729736328,yp+yl-y0-ypl,fd63aa48c21ada4faba6977bc08f6b765c5964fd2a133a01c1d27b42327ac8de
2773,42,dpp4_12,CC#CCn1c(N2CCC[C@@H](N)C2)nc2c1c(=O)n(Cc1nc(C)c3ccccc3n1)c(=O)n2C,CC#CCn1c(N2CCC[C@@H](N)C2)nc2c1c(=O)n(Cc1nc(C)c3ccccc3n1)c(=O)n2C,4.4076545,0.16295205061765816,2,10.1093/nar/gkw1074,w16_s4_sequence_mean:417-432,417,432,YISNEYKGMPGGRNLY,r3_b314,3,314,"[16, 17, 31, 32]","[""c=O"", ""c=O""]",2.368680000305176,2.3573269844055176,2.341297149658203,2.329627513885498,0.011353015899658203,0.027382850646972656,0.039052486419677734,0.000316619873046875,yp+yl-y0-ypl,fd63aa48c21ada4faba6977bc08f6b765c5964fd2a133a01c1d27b42327ac8de
2773,42,dpp4_12,CC#CCn1c(N2CCC[C@@H](N)C2)nc2c1c(=O)n(Cc1nc(C)c3ccccc3n1)c(=O)n2C,CC#CCn1c(N2CCC[C@@H](N)C2)nc2c1c(=O)n(Cc1nc(C)c3ccccc3n1)c(=O)n2C,4.4076545,0.16295205061765816,2,10.1093/nar/gkw1074,w16_s4_sequence_mean:417-432,417,432,YISNEYKGMPGGRNLY,r3_b1365,3,1365,"[4, 5, 6, 13]","[""nc(N)n""]",2.368680000305176,2.3573269844055176,2.339562177658081,2.327209234237671,0.011353015899658203,0.029117822647094727,0.04147076606750488,0.0009999275207519531,yp+yl-y0-ypl,fd63aa48c21ada4faba6977bc08f6b765c5964fd2a133a01c1d27b42327ac8de
2773,42,dpp4_12,CC#CCn1c(N2CCC[C@@H](N)C2)nc2c1c(=O)n(Cc1nc(C)c3ccccc3n1)c(=O)n2C,CC#CCn1c(N2CCC[C@@H](N)C2)nc2c1c(=O)n(Cc1nc(C)c3ccccc3n1)c(=O)n2C,4.4076545,0.16295205061765816,2,10.1093/nar/gkw1074,w16_s4_sequence_mean:417-432,417,432,YISNEYKGMPGGRNLY,r3_b208,3,208,"[16, 18, 19, 20, 21, 22, 23, 24, 28, 29, 30, 31]","[""cc1cc(C)nc(Cn(c)c)n1""]",2.368680000305176,2.3573269844055176,2.343731641769409,2.332446575164795,0.011353015899658203,0.0249483585357666,0.03623342514038086,-6.794929504394531e-05,yp+yl-y0-ypl,fd63aa48c21ada4faba6977bc08f6b765c5964fd2a133a01c1d27b42327ac8de
2773,42,dpp4_12,CC#CCn1c(N2CCC[C@@H](N)C2)nc2c1c(=O)n(Cc1nc(C)c3ccccc3n1)c(=O)n2C,CC#CCn1c(N2CCC[C@@H](N)C2)nc2c1c(=O)n(Cc1nc(C)c3ccccc3n1)c(=O)n2C,4.4076545,0.16295205061765816,2,10.1093/nar/gkw1074,w16_s4_sequence_mean:9-24,9,24,LGLLGAAALVTIITVP,r3_b1066,3,1066,"[5, 6, 7, 9, 10, 11, 12]","[""cN(C)C[C@H](N)C""]",2.368680000305176,2.353196382522583,2.3342621326446533,2.319257974624634,0.015483617782592773,0.03441786766052246,0.04942202568054199,-0.0004794597625732422,yp+yl-y0-ypl,fd63aa48c21ada4faba6977bc08f6b765c5964fd2a133a01c1d27b42327ac8de
2773,42,dpp4_12,CC#CCn1c(N2CCC[C@@H](N)C2)nc2c1c(=O)n(Cc1nc(C)c3ccccc3n1)c(=O)n2C,CC#CCn1c(N2CCC[C@@H](N)C2)nc2c1c(=O)n(Cc1nc(C)c3ccccc3n1)c(=O)n2C,4.4076545,0.16295205061765816,2,10.1093/nar/gkw1074,w16_s4_sequence_mean:9-24,9,24,LGLLGAAALVTIITVP,r3_b770,3,770,"[4, 5, 6, 7, 8, 9, 10, 11, 12, 13]","[""nc(N1CCC[C@@H](N)C1)n""]",2.368680000305176,2.353196382522583,2.3452789783477783,2.3295648097991943,0.015483617782592773,0.02340102195739746,0.039115190505981445,0.00023055076599121094,yp+yl-y0-ypl,fd63aa48c21ada4faba6977bc08f6b765c5964fd2a133a01c1d27b42327ac8de
2773,42,dpp4_12,CC#CCn1c(N2CCC[C@@H](N)C2)nc2c1c(=O)n(Cc1nc(C)c3ccccc3n1)c(=O)n2C,CC#CCn1c(N2CCC[C@@H](N)C2)nc2c1c(=O)n(Cc1nc(C)c3ccccc3n1)c(=O)n2C,4.4076545,0.16295205061765816,2,10.1093/nar/gkw1074,w16_s4_sequence_mean:9-24,9,24,LGLLGAAALVTIITVP,r3_b1765,3,1765,"[18, 19, 20]","[""cCn""]",2.368680000305176,2.353196382522583,2.3466384410858154,2.331737756729126,0.015483617782592773,0.02204155921936035,0.036942243576049805,-0.0005829334259033203,yp+yl-y0-ypl,fd63aa48c21ada4faba6977bc08f6b765c5964fd2a133a01c1d27b42327ac8de
2773,42,dpp4_12,CC#CCn1c(N2CCC[C@@H](N)C2)nc2c1c(=O)n(Cc1nc(C)c3ccccc3n1)c(=O)n2C,CC#CCn1c(N2CCC[C@@H](N)C2)nc2c1c(=O)n(Cc1nc(C)c3ccccc3n1)c(=O)n2C,4.4076545,0.16295205061765816,2,10.1093/nar/gkw1074,w16_s4_sequence_mean:9-24,9,24,LGLLGAAALVTIITVP,r3_b1696,3,1696,"[13, 14, 15, 33]","[""cc(n)n""]",2.368680000305176,2.353196382522583,2.3571665287017822,2.3428075313568115,0.015483617782592773,0.011513471603393555,0.025872468948364258,-0.0011246204376220703,yp+yl-y0-ypl,fd63aa48c21ada4faba6977bc08f6b765c5964fd2a133a01c1d27b42327ac8de
2773,42,dpp4_12,CC#CCn1c(N2CCC[C@@H](N)C2)nc2c1c(=O)n(Cc1nc(C)c3ccccc3n1)c(=O)n2C,CC#CCn1c(N2CCC[C@@H](N)C2)nc2c1c(=O)n(Cc1nc(C)c3ccccc3n1)c(=O)n2C,4.4076545,0.16295205061765816,2,10.1093/nar/gkw1074,w16_s4_sequence_mean:9-24,9,24,LGLLGAAALVTIITVP,r3_b1722,3,1722,"[22, 23]","[""cC""]",2.368680000305176,2.353196382522583,2.3339197635650635,2.3183419704437256,0.015483617782592773,0.034760236740112305,0.050338029861450195,9.417533874511719e-05,yp+yl-y0-ypl,fd63aa48c21ada4faba6977bc08f6b765c5964fd2a133a01c1d27b42327ac8de
2773,42,dpp4_12,CC#CCn1c(N2CCC[C@@H](N)C2)nc2c1c(=O)n(Cc1nc(C)c3ccccc3n1)c(=O)n2C,CC#CCn1c(N2CCC[C@@H](N)C2)nc2c1c(=O)n(Cc1nc(C)c3ccccc3n1)c(=O)n2C,4.4076545,0.16295205061765816,2,10.1093/nar/gkw1074,w16_s4_sequence_mean:9-24,9,24,LGLLGAAALVTIITVP,r3_b1019,3,1019,"[10, 21, 22, 23, 24, 25, 26, 28, 29, 30]","[""C"", ""ccc(c(C)n)c(c)n""]",2.368680000305176,2.353196382522583,2.3446848392486572,2.330101251602173,0.015483617782592773,0.023995161056518555,0.03857874870300293,-0.0009000301361083984,yp+yl-y0-ypl,fd63aa48c21ada4faba6977bc08f6b765c5964fd2a133a01c1d27b42327ac8de
2773,42,dpp4_12,CC#CCn1c(N2CCC[C@@H](N)C2)nc2c1c(=O)n(Cc1nc(C)c3ccccc3n1)c(=O)n2C,CC#CCn1c(N2CCC[C@@H](N)C2)nc2c1c(=O)n(Cc1nc(C)c3ccccc3n1)c(=O)n2C,4.4076545,0.16295205061765816,2,10.1093/nar/gkw1074,w16_s4_sequence_mean:9-24,9,24,LGLLGAAALVTIITVP,r3_b1903,3,1903,"[2, 3, 4, 5, 6, 7, 8, 10, 12, 13, 14, 15, 16, 33]","[""CCn1c(N(CC)CC)nc(n)c1c""]",2.368680000305176,2.353196382522583,2.3269686698913574,2.312310218811035,0.015483617782592773,0.04171133041381836,0.056369781494140625,-0.0008251667022705078,yp+yl-y0-ypl,fd63aa48c21ada4faba6977bc08f6b765c5964fd2a133a01c1d27b42327ac8de
2773,42,dpp4_12,CC#CCn1c(N2CCC[C@@H](N)C2)nc2c1c(=O)n(Cc1nc(C)c3ccccc3n1)c(=O)n2C,CC#CCn1c(N2CCC[C@@H](N)C2)nc2c1c(=O)n(Cc1nc(C)c3ccccc3n1)c(=O)n2C,4.4076545,0.16295205061765816,2,10.1093/nar/gkw1074,w16_s4_sequence_mean:9-24,9,24,LGLLGAAALVTIITVP,r3_b314,3,314,"[16, 17, 31, 32]","[""c=O"", ""c=O""]",2.368680000305176,2.353196382522583,2.341297149658203,2.326533079147339,0.015483617782592773,0.027382850646972656,0.042146921157836914,-0.0007195472717285156,yp+yl-y0-ypl,fd63aa48c21ada4faba6977bc08f6b765c5964fd2a133a01c1d27b42327ac8de
2773,42,dpp4_12,CC#CCn1c(N2CCC[C@@H](N)C2)nc2c1c(=O)n(Cc1nc(C)c3ccccc3n1)c(=O)n2C,CC#CCn1c(N2CCC[C@@H](N)C2)nc2c1c(=O)n(Cc1nc(C)c3ccccc3n1)c(=O)n2C,4.4076545,0.16295205061765816,2,10.1093/nar/gkw1074,w16_s4_sequence_mean:9-24,9,24,LGLLGAAALVTIITVP,r3_b1365,3,1365,"[4, 5, 6, 13]","[""nc(N)n""]",2.368680000305176,2.353196382522583,2.339562177658081,2.323356866836548,0.015483617782592773,0.029117822647094727,0.04532313346862793,0.0007216930389404297,yp+yl-y0-ypl,fd63aa48c21ada4faba6977bc08f6b765c5964fd2a133a01c1d27b42327ac8de
2773,42,dpp4_12,CC#CCn1c(N2CCC[C@@H](N)C2)nc2c1c(=O)n(Cc1nc(C)c3ccccc3n1)c(=O)n2C,CC#CCn1c(N2CCC[C@@H](N)C2)nc2c1c(=O)n(Cc1nc(C)c3ccccc3n1)c(=O)n2C,4.4076545,0.16295205061765816,2,10.1093/nar/gkw1074,w16_s4_sequence_mean:9-24,9,24,LGLLGAAALVTIITVP,r3_b208,3,208,"[16, 18, 19, 20, 21, 22, 23, 24, 28, 29, 30, 31]","[""cc1cc(C)nc(Cn(c)c)n1""]",2.368680000305176,2.353196382522583,2.343731641769409,2.328172445297241,0.015483617782592773,0.0249483585357666,0.04050755500793457,7.557868957519531e-05,yp+yl-y0-ypl,fd63aa48c21ada4faba6977bc08f6b765c5964fd2a133a01c1d27b42327ac8de
2773,42,dpp4_12,CC#CCn1c(N2CCC[C@@H](N)C2)nc2c1c(=O)n(Cc1nc(C)c3ccccc3n1)c(=O)n2C,CC#CCn1c(N2CCC[C@@H](N)C2)nc2c1c(=O)n(Cc1nc(C)c3ccccc3n1)c(=O)n2C,4.4076545,0.16295205061765816,2,10.1093/nar/gkw1074,w16_s4_sequence_mean:751-766,751,766,IYTHMSHFIKQCFSLP,r3_b1066,3,1066,"[5, 6, 7, 9, 10, 11, 12]","[""cN(C)C[C@H](N)C""]",2.368680000305176,2.3522284030914307,2.3342621326446533,2.317708730697632,0.016451597213745117,0.03441786766052246,0.050971269607543945,0.00010180473327636719,yp+yl-y0-ypl,fd63aa48c21ada4faba6977bc08f6b765c5964fd2a133a01c1d27b42327ac8de
2773,42,dpp4_12,CC#CCn1c(N2CCC[C@@H](N)C2)nc2c1c(=O)n(Cc1nc(C)c3ccccc3n1)c(=O)n2C,CC#CCn1c(N2CCC[C@@H](N)C2)nc2c1c(=O)n(Cc1nc(C)c3ccccc3n1)c(=O)n2C,4.4076545,0.16295205061765816,2,10.1093/nar/gkw1074,w16_s4_sequence_mean:751-766,751,766,IYTHMSHFIKQCFSLP,r3_b770,3,770,"[4, 5, 6, 7, 8, 9, 10, 11, 12, 13]","[""nc(N1CCC[C@@H](N)C1)n""]",2.368680000305176,2.3522284030914307,2.3452789783477783,2.3288748264312744,0.016451597213745117,0.02340102195739746,0.03980517387390137,-4.744529724121094e-05,yp+yl-y0-ypl,fd63aa48c21ada4faba6977bc08f6b765c5964fd2a133a01c1d27b42327ac8de
2773,42,dpp4_12,CC#CCn1c(N2CCC[C@@H](N)C2)nc2c1c(=O)n(Cc1nc(C)c3ccccc3n1)c(=O)n2C,CC#CCn1c(N2CCC[C@@H](N)C2)nc2c1c(=O)n(Cc1nc(C)c3ccccc3n1)c(=O)n2C,4.4076545,0.16295205061765816,2,10.1093/nar/gkw1074,w16_s4_sequence_mean:751-766,751,766,IYTHMSHFIKQCFSLP,r3_b1765,3,1765,"[18, 19, 20]","[""cCn""]",2.368680000305176,2.3522284030914307,2.3466384410858154,2.3303844928741455,0.016451597213745117,0.02204155921936035,0.03829550743103027,-0.0001976490020751953,yp+yl-y0-ypl,fd63aa48c21ada4faba6977bc08f6b765c5964fd2a133a01c1d27b42327ac8de
2773,42,dpp4_12,CC#CCn1c(N2CCC[C@@H](N)C2)nc2c1c(=O)n(Cc1nc(C)c3ccccc3n1)c(=O)n2C,CC#CCn1c(N2CCC[C@@H](N)C2)nc2c1c(=O)n(Cc1nc(C)c3ccccc3n1)c(=O)n2C,4.4076545,0.16295205061765816,2,10.1093/nar/gkw1074,w16_s4_sequence_mean:751-766,751,766,IYTHMSHFIKQCFSLP,r3_b1696,3,1696,"[13, 14, 15, 33]","[""cc(n)n""]",2.368680000305176,2.3522284030914307,2.3571665287017822,2.3413736820220947,0.016451597213745117,0.011513471603393555,0.027306318283081055,-0.0006587505340576172,yp+yl-y0-ypl,fd63aa48c21ada4faba6977bc08f6b765c5964fd2a133a01c1d27b42327ac8de
2773,42,dpp4_12,CC#CCn1c(N2CCC[C@@H](N)C2)nc2c1c(=O)n(Cc1nc(C)c3ccccc3n1)c(=O)n2C,CC#CCn1c(N2CCC[C@@H](N)C2)nc2c1c(=O)n(Cc1nc(C)c3ccccc3n1)c(=O)n2C,4.4076545,0.16295205061765816,2,10.1093/nar/gkw1074,w16_s4_sequence_mean:751-766,751,766,IYTHMSHFIKQCFSLP,r3_b1722,3,1722,"[22, 23]","[""cC""]",2.368680000305176,2.3522284030914307,2.3339197635650635,2.3174591064453125,0.016451597213745117,0.034760236740112305,0.05122089385986328,9.059906005859375e-06,yp+yl-y0-ypl,fd63aa48c21ada4faba6977bc08f6b765c5964fd2a133a01c1d27b42327ac8de
2773,42,dpp4_12,CC#CCn1c(N2CCC[C@@H](N)C2)nc2c1c(=O)n(Cc1nc(C)c3ccccc3n1)c(=O)n2C,CC#CCn1c(N2CCC[C@@H](N)C2)nc2c1c(=O)n(Cc1nc(C)c3ccccc3n1)c(=O)n2C,4.4076545,0.16295205061765816,2,10.1093/nar/gkw1074,w16_s4_sequence_mean:751-766,751,766,IYTHMSHFIKQCFSLP,r3_b1019,3,1019,"[10, 21, 22, 23, 24, 25, 26, 28, 29, 30]","[""C"", ""ccc(c(C)n)c(c)n""]",2.368680000305176,2.3522284030914307,2.3446848392486572,2.3280045986175537,0.016451597213745117,0.023995161056518555,0.04067540168762207,0.00022864341735839844,yp+yl-y0-ypl,fd63aa48c21ada4faba6977bc08f6b765c5964fd2a133a01c1d27b42327ac8de
2773,42,dpp4_12,CC#CCn1c(N2CCC[C@@H](N)C2)nc2c1c(=O)n(Cc1nc(C)c3ccccc3n1)c(=O)n2C,CC#CCn1c(N2CCC[C@@H](N)C2)nc2c1c(=O)n(Cc1nc(C)c3ccccc3n1)c(=O)n2C,4.4076545,0.16295205061765816,2,10.1093/nar/gkw1074,w16_s4_sequence_mean:751-766,751,766,IYTHMSHFIKQCFSLP,r3_b1903,3,1903,"[2, 3, 4, 5, 6, 7, 8, 10, 12, 13, 14, 15, 16, 33]","[""CCn1c(N(CC)CC)nc(n)c1c""]",2.368680000305176,2.3522284030914307,2.3269686698913574,2.3102610111236572,0.016451597213745117,0.04171133041381836,0.058418989181518555,0.0002560615539550781,yp+yl-y0-ypl,fd63aa48c21ada4faba6977bc08f6b765c5964fd2a133a01c1d27b42327ac8de
2773,42,dpp4_12,CC#CCn1c(N2CCC[C@@H](N)C2)nc2c1c(=O)n(Cc1nc(C)c3ccccc3n1)c(=O)n2C,CC#CCn1c(N2CCC[C@@H](N)C2)nc2c1c(=O)n(Cc1nc(C)c3ccccc3n1)c(=O)n2C,4.4076545,0.16295205061765816,2,10.1093/nar/gkw1074,w16_s4_sequence_mean:751-766,751,766,IYTHMSHFIKQCFSLP,r3_b314,3,314,"[16, 17, 31, 32]","[""c=O"", ""c=O""]",2.368680000305176,2.3522284030914307,2.341297149658203,2.3249027729034424,0.016451597213745117,0.027382850646972656,0.0437772274017334,-5.7220458984375e-05,yp+yl-y0-ypl,fd63aa48c21ada4faba6977bc08f6b765c5964fd2a133a01c1d27b42327ac8de
2773,42,dpp4_12,CC#CCn1c(N2CCC[C@@H](N)C2)nc2c1c(=O)n(Cc1nc(C)c3ccccc3n1)c(=O)n2C,CC#CCn1c(N2CCC[C@@H](N)C2)nc2c1c(=O)n(Cc1nc(C)c3ccccc3n1)c(=O)n2C,4.4076545,0.16295205061765816,2,10.1093/nar/gkw1074,w16_s4_sequence_mean:751-766,751,766,IYTHMSHFIKQCFSLP,r3_b1365,3,1365,"[4, 5, 6, 13]","[""nc(N)n""]",2.368680000305176,2.3522284030914307,2.339562177658081,2.322333812713623,0.016451597213745117,0.029117822647094727,0.046346187591552734,0.0007767677307128906,yp+yl-y0-ypl,fd63aa48c21ada4faba6977bc08f6b765c5964fd2a133a01c1d27b42327ac8de
2773,42,dpp4_12,CC#CCn1c(N2CCC[C@@H](N)C2)nc2c1c(=O)n(Cc1nc(C)c3ccccc3n1)c(=O)n2C,CC#CCn1c(N2CCC[C@@H](N)C2)nc2c1c(=O)n(Cc1nc(C)c3ccccc3n1)c(=O)n2C,4.4076545,0.16295205061765816,2,10.1093/nar/gkw1074,w16_s4_sequence_mean:751-766,751,766,IYTHMSHFIKQCFSLP,r3_b208,3,208,"[16, 18, 19, 20, 21, 22, 23, 24, 28, 29, 30, 31]","[""cc1cc(C)nc(Cn(c)c)n1""]",2.368680000305176,2.3522284030914307,2.343731641769409,2.326904058456421,0.016451597213745117,0.0249483585357666,0.04177594184875488,0.00037598609924316406,yp+yl-y0-ypl,fd63aa48c21ada4faba6977bc08f6b765c5964fd2a133a01c1d27b42327ac8de
2773,42,dpp4_12,CC#CCn1c(N2CCC[C@@H](N)C2)nc2c1c(=O)n(Cc1nc(C)c3ccccc3n1)c(=O)n2C,CC#CCn1c(N2CCC[C@@H](N)C2)nc2c1c(=O)n(Cc1nc(C)c3ccccc3n1)c(=O)n2C,4.4076545,0.16295205061765816,2,10.1093/nar/gkw1074,w16_s4_sequence_mean:425-440,425,440,MPGGRNLYKIQLSDYT,r3_b1066,3,1066,"[5, 6, 7, 9, 10, 11, 12]","[""cN(C)C[C@H](N)C""]",2.368680000305176,2.3545360565185547,2.3342621326446533,2.319841146469116,0.014143943786621094,0.03441786766052246,0.04883885383605957,0.0002770423889160156,yp+yl-y0-ypl,fd63aa48c21ada4faba6977bc08f6b765c5964fd2a133a01c1d27b42327ac8de
2773,42,dpp4_12,CC#CCn1c(N2CCC[C@@H](N)C2)nc2c1c(=O)n(Cc1nc(C)c3ccccc3n1)c(=O)n2C,CC#CCn1c(N2CCC[C@@H](N)C2)nc2c1c(=O)n(Cc1nc(C)c3ccccc3n1)c(=O)n2C,4.4076545,0.16295205061765816,2,10.1093/nar/gkw1074,w16_s4_sequence_mean:425-440,425,440,MPGGRNLYKIQLSDYT,r3_b770,3,770,"[4, 5, 6, 7, 8, 9, 10, 11, 12, 13]","[""nc(N1CCC[C@@H](N)C1)n""]",2.368680000305176,2.3545360565185547,2.3452789783477783,2.3310387134552,0.014143943786621094,0.02340102195739746,0.037641286849975586,9.632110595703125e-05,yp+yl-y0-ypl,fd63aa48c21ada4faba6977bc08f6b765c5964fd2a133a01c1d27b42327ac8de
2773,42,dpp4_12,CC#CCn1c(N2CCC[C@@H](N)C2)nc2c1c(=O)n(Cc1nc(C)c3ccccc3n1)c(=O)n2C,CC#CCn1c(N2CCC[C@@H](N)C2)nc2c1c(=O)n(Cc1nc(C)c3ccccc3n1)c(=O)n2C,4.4076545,0.16295205061765816,2,10.1093/nar/gkw1074,w16_s4_sequence_mean:425-440,425,440,MPGGRNLYKIQLSDYT,r3_b1765,3,1765,"[18, 19, 20]","[""cCn""]",2.368680000305176,2.3545360565185547,2.3466384410858154,2.332545042037964,0.014143943786621094,0.02204155921936035,0.036134958267211914,-5.054473876953125e-05,yp+yl-y0-ypl,fd63aa48c21ada4faba6977bc08f6b765c5964fd2a133a01c1d27b42327ac8de
2773,42,dpp4_12,CC#CCn1c(N2CCC[C@@H](N)C2)nc2c1c(=O)n(Cc1nc(C)c3ccccc3n1)c(=O)n2C,CC#CCn1c(N2CCC[C@@H](N)C2)nc2c1c(=O)n(Cc1nc(C)c3ccccc3n1)c(=O)n2C,4.4076545,0.16295205061765816,2,10.1093/nar/gkw1074,w16_s4_sequence_mean:425-440,425,440,MPGGRNLYKIQLSDYT,r3_b1696,3,1696,"[13, 14, 15, 33]","[""cc(n)n""]",2.368680000305176,2.3545360565185547,2.3571665287017822,2.3435215950012207,0.014143943786621094,0.011513471603393555,0.025158405303955078,-0.0004990100860595703,yp+yl-y0-ypl,fd63aa48c21ada4faba6977bc08f6b765c5964fd2a133a01c1d27b42327ac8de
2773,42,dpp4_12,CC#CCn1c(N2CCC[C@@H](N)C2)nc2c1c(=O)n(Cc1nc(C)c3ccccc3n1)c(=O)n2C,CC#CCn1c(N2CCC[C@@H](N)C2)nc2c1c(=O)n(Cc1nc(C)c3ccccc3n1)c(=O)n2C,4.4076545,0.16295205061765816,2,10.1093/nar/gkw1074,w16_s4_sequence_mean:425-440,425,440,MPGGRNLYKIQLSDYT,r3_b1722,3,1722,"[22, 23]","[""cC""]",2.368680000305176,2.3545360565185547,2.3339197635650635,2.3196685314178467,0.014143943786621094,0.034760236740112305,0.0490114688873291,0.00010728836059570312,yp+yl-y0-ypl,fd63aa48c21ada4faba6977bc08f6b765c5964fd2a133a01c1d27b42327ac8de
2773,42,dpp4_12,CC#CCn1c(N2CCC[C@@H](N)C2)nc2c1c(=O)n(Cc1nc(C)c3ccccc3n1)c(=O)n2C,CC#CCn1c(N2CCC[C@@H](N)C2)nc2c1c(=O)n(Cc1nc(C)c3ccccc3n1)c(=O)n2C,4.4076545,0.16295205061765816,2,10.1093/nar/gkw1074,w16_s4_sequence_mean:425-440,425,440,MPGGRNLYKIQLSDYT,r3_b1019,3,1019,"[10, 21, 22, 23, 24, 25, 26, 28, 29, 30]","[""C"", ""ccc(c(C)n)c(c)n""]",2.368680000305176,2.3545360565185547,2.3446848392486572,2.330308198928833,0.014143943786621094,0.023995161056518555,0.03837180137634277,0.000232696533203125,yp+yl-y0-ypl,fd63aa48c21ada4faba6977bc08f6b765c5964fd2a133a01c1d27b42327ac8de
2773,42,dpp4_12,CC#CCn1c(N2CCC[C@@H](N)C2)nc2c1c(=O)n(Cc1nc(C)c3ccccc3n1)c(=O)n2C,CC#CCn1c(N2CCC[C@@H](N)C2)nc2c1c(=O)n(Cc1nc(C)c3ccccc3n1)c(=O)n2C,4.4076545,0.16295205061765816,2,10.1093/nar/gkw1074,w16_s4_sequence_mean:425-440,425,440,MPGGRNLYKIQLSDYT,r3_b1903,3,1903,"[2, 3, 4, 5, 6, 7, 8, 10, 12, 13, 14, 15, 16, 33]","[""CCn1c(N(CC)CC)nc(n)c1c""]",2.368680000305176,2.3545360565185547,2.3269686698913574,2.3125414848327637,0.014143943786621094,0.04171133041381836,0.05613851547241211,0.00028324127197265625,yp+yl-y0-ypl,fd63aa48c21ada4faba6977bc08f6b765c5964fd2a133a01c1d27b42327ac8de
2773,42,dpp4_12,CC#CCn1c(N2CCC[C@@H](N)C2)nc2c1c(=O)n(Cc1nc(C)c3ccccc3n1)c(=O)n2C,CC#CCn1c(N2CCC[C@@H](N)C2)nc2c1c(=O)n(Cc1nc(C)c3ccccc3n1)c(=O)n2C,4.4076545,0.16295205061765816,2,10.1093/nar/gkw1074,w16_s4_sequence_mean:425-440,425,440,MPGGRNLYKIQLSDYT,r3_b314,3,314,"[16, 17, 31, 32]","[""c=O"", ""c=O""]",2.368680000305176,2.3545360565185547,2.341297149658203,2.326887845993042,0.014143943786621094,0.027382850646972656,0.04179215431213379,0.00026535987854003906,yp+yl-y0-ypl,fd63aa48c21ada4faba6977bc08f6b765c5964fd2a133a01c1d27b42327ac8de
2773,42,dpp4_12,CC#CCn1c(N2CCC[C@@H](N)C2)nc2c1c(=O)n(Cc1nc(C)c3ccccc3n1)c(=O)n2C,CC#CCn1c(N2CCC[C@@H](N)C2)nc2c1c(=O)n(Cc1nc(C)c3ccccc3n1)c(=O)n2C,4.4076545,0.16295205061765816,2,10.1093/nar/gkw1074,w16_s4_sequence_mean:425-440,425,440,MPGGRNLYKIQLSDYT,r3_b1365,3,1365,"[4, 5, 6, 13]","[""nc(N)n""]",2.368680000305176,2.3545360565185547,2.339562177658081,2.3247666358947754,0.014143943786621094,0.029117822647094727,0.04391336441040039,0.0006515979766845703,yp+yl-y0-ypl,fd63aa48c21ada4faba6977bc08f6b765c5964fd2a133a01c1d27b42327ac8de
2773,42,dpp4_12,CC#CCn1c(N2CCC[C@@H](N)C2)nc2c1c(=O)n(Cc1nc(C)c3ccccc3n1)c(=O)n2C,CC#CCn1c(N2CCC[C@@H](N)C2)nc2c1c(=O)n(Cc1nc(C)c3ccccc3n1)c(=O)n2C,4.4076545,0.16295205061765816,2,10.1093/nar/gkw1074,w16_s4_sequence_mean:425-440,425,440,MPGGRNLYKIQLSDYT,r3_b208,3,208,"[16, 18, 19, 20, 21, 22, 23, 24, 28, 29, 30, 31]","[""cc1cc(C)nc(Cn(c)c)n1""]",2.368680000305176,2.3545360565185547,2.343731641769409,2.329493761062622,0.014143943786621094,0.0249483585357666,0.03918623924255371,9.393692016601562e-05,yp+yl-y0-ypl,fd63aa48c21ada4faba6977bc08f6b765c5964fd2a133a01c1d27b42327ac8de
2773,42,dpp4_12,CC#CCn1c(N2CCC[C@@H](N)C2)nc2c1c(=O)n(Cc1nc(C)c3ccccc3n1)c(=O)n2C,CC#CCn1c(N2CCC[C@@H](N)C2)nc2c1c(=O)n(Cc1nc(C)c3ccccc3n1)c(=O)n2C,4.4076545,0.16295205061765816,2,10.1093/nar/gkw1074,w16_s4_sequence_mean:421-436,421,436,EYKGMPGGRNLYKIQL,r3_b1066,3,1066,"[5, 6, 7, 9, 10, 11, 12]","[""cN(C)C[C@H](N)C""]",2.368680000305176,2.3577139377593994,2.3342621326446533,2.323077440261841,0.010966062545776367,0.03441786766052246,0.04560256004333496,0.0002186298370361328,yp+yl-y0-ypl,fd63aa48c21ada4faba6977bc08f6b765c5964fd2a133a01c1d27b42327ac8de
2773,42,dpp4_12,CC#CCn1c(N2CCC[C@@H](N)C2)nc2c1c(=O)n(Cc1nc(C)c3ccccc3n1)c(=O)n2C,CC#CCn1c(N2CCC[C@@H](N)C2)nc2c1c(=O)n(Cc1nc(C)c3ccccc3n1)c(=O)n2C,4.4076545,0.16295205061765816,2,10.1093/nar/gkw1074,w16_s4_sequence_mean:421-436,421,436,EYKGMPGGRNLYKIQL,r3_b770,3,770,"[4, 5, 6, 7, 8, 9, 10, 11, 12, 13]","[""nc(N1CCC[C@@H](N)C1)n""]",2.368680000305176,2.3577139377593994,2.3452789783477783,2.3342525959014893,0.010966062545776367,0.02340102195739746,0.03442740440368652,6.031990051269531e-05,yp+yl-y0-ypl,fd63aa48c21ada4faba6977bc08f6b765c5964fd2a133a01c1d27b42327ac8de
2773,42,dpp4_12,CC#CCn1c(N2CCC[C@@H](N)C2)nc2c1c(=O)n(Cc1nc(C)c3ccccc3n1)c(=O)n2C,CC#CCn1c(N2CCC[C@@H](N)C2)nc2c1c(=O)n(Cc1nc(C)c3ccccc3n1)c(=O)n2C,4.4076545,0.16295205061765816,2,10.1093/nar/gkw1074,w16_s4_sequence_mean:421-436,421,436,EYKGMPGGRNLYKIQL,r3_b1765,3,1765,"[18, 19, 20]","[""cCn""]",2.368680000305176,2.3577139377593994,2.3466384410858154,2.335512399673462,0.010966062545776367,0.02204155921936035,0.03316760063171387,0.00015997886657714844,yp+yl-y0-ypl,fd63aa48c21ada4faba6977bc08f6b765c5964fd2a133a01c1d27b42327ac8de
2773,42,dpp4_12,CC#CCn1c(N2CCC[C@@H](N)C2)nc2c1c(=O)n(Cc1nc(C)c3ccccc3n1)c(=O)n2C,CC#CCn1c(N2CCC[C@@H](N)C2)nc2c1c(=O)n(Cc1nc(C)c3ccccc3n1)c(=O)n2C,4.4076545,0.16295205061765816,2,10.1093/nar/gkw1074,w16_s4_sequence_mean:421-436,421,436,EYKGMPGGRNLYKIQL,r3_b1696,3,1696,"[13, 14, 15, 33]","[""cc(n)n""]",2.368680000305176,2.3577139377593994,2.3571665287017822,2.3466451168060303,0.010966062545776367,0.011513471603393555,0.022034883499145508,-0.00044465065002441406,yp+yl-y0-ypl,fd63aa48c21ada4faba6977bc08f6b765c5964fd2a133a01c1d27b42327ac8de
2773,42,dpp4_12,CC#CCn1c(N2CCC[C@@H](N)C2)nc2c1c(=O)n(Cc1nc(C)c3ccccc3n1)c(=O)n2C,CC#CCn1c(N2CCC[C@@H](N)C2)nc2c1c(=O)n(Cc1nc(C)c3ccccc3n1)c(=O)n2C,4.4076545,0.16295205061765816,2,10.1093/nar/gkw1074,w16_s4_sequence_mean:421-436,421,436,EYKGMPGGRNLYKIQL,r3_b1722,3,1722,"[22, 23]","[""cC""]",2.368680000305176,2.3577139377593994,2.3339197635650635,2.322760820388794,0.010966062545776367,0.034760236740112305,0.045919179916381836,0.00019288063049316406,yp+yl-y0-ypl,fd63aa48c21ada4faba6977bc08f6b765c5964fd2a133a01c1d27b42327ac8de
2773,42,dpp4_12,CC#CCn1c(N2CCC[C@@H](N)C2)nc2c1c(=O)n(Cc1nc(C)c3ccccc3n1)c(=O)n2C,CC#CCn1c(N2CCC[C@@H](N)C2)nc2c1c(=O)n(Cc1nc(C)c3ccccc3n1)c(=O)n2C,4.4076545,0.16295205061765816,2,10.1093/nar/gkw1074,w16_s4_sequence_mean:421-436,421,436,EYKGMPGGRNLYKIQL,r3_b1019,3,1019,"[10, 21, 22, 23, 24, 25, 26, 28, 29, 30]","[""C"", ""ccc(c(C)n)c(c)n""]",2.368680000305176,2.3577139377593994,2.3446848392486572,2.3333752155303955,0.010966062545776367,0.023995161056518555,0.03530478477478027,0.00034356117248535156,yp+yl-y0-ypl,fd63aa48c21ada4faba6977bc08f6b765c5964fd2a133a01c1d27b42327ac8de
2773,42,dpp4_12,CC#CCn1c(N2CCC[C@@H](N)C2)nc2c1c(=O)n(Cc1nc(C)c3ccccc3n1)c(=O)n2C,CC#CCn1c(N2CCC[C@@H](N)C2)nc2c1c(=O)n(Cc1nc(C)c3ccccc3n1)c(=O)n2C,4.4076545,0.16295205061765816,2,10.1093/nar/gkw1074,w16_s4_sequence_mean:421-436,421,436,EYKGMPGGRNLYKIQL,r3_b1903,3,1903,"[2, 3, 4, 5, 6, 7, 8, 10, 12, 13, 14, 15, 16, 33]","[""CCn1c(N(CC)CC)nc(n)c1c""]",2.368680000305176,2.3577139377593994,2.3269686698913574,2.3154120445251465,0.010966062545776367,0.04171133041381836,0.0532679557800293,0.0005905628204345703,yp+yl-y0-ypl,fd63aa48c21ada4faba6977bc08f6b765c5964fd2a133a01c1d27b42327ac8de
2773,42,dpp4_12,CC#CCn1c(N2CCC[C@@H](N)C2)nc2c1c(=O)n(Cc1nc(C)c3ccccc3n1)c(=O)n2C,CC#CCn1c(N2CCC[C@@H](N)C2)nc2c1c(=O)n(Cc1nc(C)c3ccccc3n1)c(=O)n2C,4.4076545,0.16295205061765816,2,10.1093/nar/gkw1074,w16_s4_sequence_mean:421-436,421,436,EYKGMPGGRNLYKIQL,r3_b314,3,314,"[16, 17, 31, 32]","[""c=O"", ""c=O""]",2.368680000305176,2.3577139377593994,2.341297149658203,2.3300163745880127,0.010966062545776367,0.027382850646972656,0.038663625717163086,0.0003147125244140625,yp+yl-y0-ypl,fd63aa48c21ada4faba6977bc08f6b765c5964fd2a133a01c1d27b42327ac8de
2773,42,dpp4_12,CC#CCn1c(N2CCC[C@@H](N)C2)nc2c1c(=O)n(Cc1nc(C)c3ccccc3n1)c(=O)n2C,CC#CCn1c(N2CCC[C@@H](N)C2)nc2c1c(=O)n(Cc1nc(C)c3ccccc3n1)c(=O)n2C,4.4076545,0.16295205061765816,2,10.1093/nar/gkw1074,w16_s4_sequence_mean:421-436,421,436,EYKGMPGGRNLYKIQL,r3_b1365,3,1365,"[4, 5, 6, 13]","[""nc(N)n""]",2.368680000305176,2.3577139377593994,2.339562177658081,2.327735185623169,0.010966062545776367,0.029117822647094727,0.040944814682006836,0.0008609294891357422,yp+yl-y0-ypl,fd63aa48c21ada4faba6977bc08f6b765c5964fd2a133a01c1d27b42327ac8de
2773,42,dpp4_12,CC#CCn1c(N2CCC[C@@H](N)C2)nc2c1c(=O)n(Cc1nc(C)c3ccccc3n1)c(=O)n2C,CC#CCn1c(N2CCC[C@@H](N)C2)nc2c1c(=O)n(Cc1nc(C)c3ccccc3n1)c(=O)n2C,4.4076545,0.16295205061765816,2,10.1093/nar/gkw1074,w16_s4_sequence_mean:421-436,421,436,EYKGMPGGRNLYKIQL,r3_b208,3,208,"[16, 18, 19, 20, 21, 22, 23, 24, 28, 29, 30, 31]","[""cc1cc(C)nc(Cn(c)c)n1""]",2.368680000305176,2.3577139377593994,2.343731641769409,2.3326914310455322,0.010966062545776367,0.0249483585357666,0.035988569259643555,7.414817810058594e-05,yp+yl-y0-ypl,fd63aa48c21ada4faba6977bc08f6b765c5964fd2a133a01c1d27b42327ac8de
2773,42,dpp4_12,CC#CCn1c(N2CCC[C@@H](N)C2)nc2c1c(=O)n(Cc1nc(C)c3ccccc3n1)c(=O)n2C,CC#CCn1c(N2CCC[C@@H](N)C2)nc2c1c(=O)n(Cc1nc(C)c3ccccc3n1)c(=O)n2C,4.4076545,0.16295205061765816,2,10.1093/nar/gkw1074,w16_s4_sequence_mean:17-32,17,32,LVTIITVPVVLLNKGT,r3_b1066,3,1066,"[5, 6, 7, 9, 10, 11, 12]","[""cN(C)C[C@H](N)C""]",2.368680000305176,2.3519885540008545,2.3342621326446533,2.3176403045654297,0.01669144630432129,0.03441786766052246,0.051039695739746094,-6.961822509765625e-05,yp+yl-y0-ypl,fd63aa48c21ada4faba6977bc08f6b765c5964fd2a133a01c1d27b42327ac8de
2773,42,dpp4_12,CC#CCn1c(N2CCC[C@@H](N)C2)nc2c1c(=O)n(Cc1nc(C)c3ccccc3n1)c(=O)n2C,CC#CCn1c(N2CCC[C@@H](N)C2)nc2c1c(=O)n(Cc1nc(C)c3ccccc3n1)c(=O)n2C,4.4076545,0.16295205061765816,2,10.1093/nar/gkw1074,w16_s4_sequence_mean:17-32,17,32,LVTIITVPVVLLNKGT,r3_b770,3,770,"[4, 5, 6, 7, 8, 9, 10, 11, 12, 13]","[""nc(N1CCC[C@@H](N)C1)n""]",2.368680000305176,2.3519885540008545,2.3452789783477783,2.3287670612335205,0.01669144630432129,0.02340102195739746,0.03991293907165527,-0.00017952919006347656,yp+yl-y0-ypl,fd63aa48c21ada4faba6977bc08f6b765c5964fd2a133a01c1d27b42327ac8de
2773,42,dpp4_12,CC#CCn1c(N2CCC[C@@H](N)C2)nc2c1c(=O)n(Cc1nc(C)c3ccccc3n1)c(=O)n2C,CC#CCn1c(N2CCC[C@@H](N)C2)nc2c1c(=O)n(Cc1nc(C)c3ccccc3n1)c(=O)n2C,4.4076545,0.16295205061765816,2,10.1093/nar/gkw1074,w16_s4_sequence_mean:17-32,17,32,LVTIITVPVVLLNKGT,r3_b1765,3,1765,"[18, 19, 20]","[""cCn""]",2.368680000305176,2.3519885540008545,2.3466384410858154,2.331123113632202,0.01669144630432129,0.02204155921936035,0.03755688667297363,-0.0011761188507080078,yp+yl-y0-ypl,fd63aa48c21ada4faba6977bc08f6b765c5964fd2a133a01c1d27b42327ac8de
2773,42,dpp4_12,CC#CCn1c(N2CCC[C@@H](N)C2)nc2c1c(=O)n(Cc1nc(C)c3ccccc3n1)c(=O)n2C,CC#CCn1c(N2CCC[C@@H](N)C2)nc2c1c(=O)n(Cc1nc(C)c3ccccc3n1)c(=O)n2C,4.4076545,0.16295205061765816,2,10.1093/nar/gkw1074,w16_s4_sequence_mean:17-32,17,32,LVTIITVPVVLLNKGT,r3_b1696,3,1696,"[13, 14, 15, 33]","[""cc(n)n""]",2.368680000305176,2.3519885540008545,2.3571665287017822,2.3417651653289795,0.01669144630432129,0.011513471603393555,0.02691483497619629,-0.0012900829315185547,yp+yl-y0-ypl,fd63aa48c21ada4faba6977bc08f6b765c5964fd2a133a01c1d27b42327ac8de
2773,42,dpp4_12,CC#CCn1c(N2CCC[C@@H](N)C2)nc2c1c(=O)n(Cc1nc(C)c3ccccc3n1)c(=O)n2C,CC#CCn1c(N2CCC[C@@H](N)C2)nc2c1c(=O)n(Cc1nc(C)c3ccccc3n1)c(=O)n2C,4.4076545,0.16295205061765816,2,10.1093/nar/gkw1074,w16_s4_sequence_mean:17-32,17,32,LVTIITVPVVLLNKGT,r3_b1722,3,1722,"[22, 23]","[""cC""]",2.368680000305176,2.3519885540008545,2.3339197635650635,2.317265272140503,0.01669144630432129,0.034760236740112305,0.05141472816467285,-3.695487976074219e-05,yp+yl-y0-ypl,fd63aa48c21ada4faba6977bc08f6b765c5964fd2a133a01c1d27b42327ac8de
2773,42,dpp4_12,CC#CCn1c(N2CCC[C@@H](N)C2)nc2c1c(=O)n(Cc1nc(C)c3ccccc3n1)c(=O)n2C,CC#CCn1c(N2CCC[C@@H](N)C2)nc2c1c(=O)n(Cc1nc(C)c3ccccc3n1)c(=O)n2C,4.4076545,0.16295205061765816,2,10.1093/nar/gkw1074,w16_s4_sequence_mean:17-32,17,32,LVTIITVPVVLLNKGT,r3_b1019,3,1019,"[10, 21, 22, 23, 24, 25, 26, 28, 29, 30]","[""C"", ""ccc(c(C)n)c(c)n""]",2.368680000305176,2.3519885540008545,2.3446848392486572,2.329118013381958,0.01669144630432129,0.023995161056518555,0.03956198692321777,-0.0011246204376220703,yp+yl-y0-ypl,fd63aa48c21ada4faba6977bc08f6b765c5964fd2a133a01c1d27b42327ac8de
2773,42,dpp4_12,CC#CCn1c(N2CCC[C@@H](N)C2)nc2c1c(=O)n(Cc1nc(C)c3ccccc3n1)c(=O)n2C,CC#CCn1c(N2CCC[C@@H](N)C2)nc2c1c(=O)n(Cc1nc(C)c3ccccc3n1)c(=O)n2C,4.4076545,0.16295205061765816,2,10.1093/nar/gkw1074,w16_s4_sequence_mean:17-32,17,32,LVTIITVPVVLLNKGT,r3_b1903,3,1903,"[2, 3, 4, 5, 6, 7, 8, 10, 12, 13, 14, 15, 16, 33]","[""CCn1c(N(CC)CC)nc(n)c1c""]",2.368680000305176,2.3519885540008545,2.3269686698913574,2.311723470687866,0.01669144630432129,0.04171133041381836,0.05695652961730957,-0.0014462471008300781,yp+yl-y0-ypl,fd63aa48c21ada4faba6977bc08f6b765c5964fd2a133a01c1d27b42327ac8de
2773,42,dpp4_12,CC#CCn1c(N2CCC[C@@H](N)C2)nc2c1c(=O)n(Cc1nc(C)c3ccccc3n1)c(=O)n2C,CC#CCn1c(N2CCC[C@@H](N)C2)nc2c1c(=O)n(Cc1nc(C)c3ccccc3n1)c(=O)n2C,4.4076545,0.16295205061765816,2,10.1093/nar/gkw1074,w16_s4_sequence_mean:17-32,17,32,LVTIITVPVVLLNKGT,r3_b314,3,314,"[16, 17, 31, 32]","[""c=O"", ""c=O""]",2.368680000305176,2.3519885540008545,2.341297149658203,2.3248074054718018,0.01669144630432129,0.027382850646972656,0.04387259483337402,-0.00020170211791992188,yp+yl-y0-ypl,fd63aa48c21ada4faba6977bc08f6b765c5964fd2a133a01c1d27b42327ac8de
2773,42,dpp4_12,CC#CCn1c(N2CCC[C@@H](N)C2)nc2c1c(=O)n(Cc1nc(C)c3ccccc3n1)c(=O)n2C,CC#CCn1c(N2CCC[C@@H](N)C2)nc2c1c(=O)n(Cc1nc(C)c3ccccc3n1)c(=O)n2C,4.4076545,0.16295205061765816,2,10.1093/nar/gkw1074,w16_s4_sequence_mean:17-32,17,32,LVTIITVPVVLLNKGT,r3_b1365,3,1365,"[4, 5, 6, 13]","[""nc(N)n""]",2.368680000305176,2.3519885540008545,2.339562177658081,2.3227651119232178,0.01669144630432129,0.029117822647094727,0.04591488838195801,0.00010561943054199219,yp+yl-y0-ypl,fd63aa48c21ada4faba6977bc08f6b765c5964fd2a133a01c1d27b42327ac8de
2773,42,dpp4_12,CC#CCn1c(N2CCC[C@@H](N)C2)nc2c1c(=O)n(Cc1nc(C)c3ccccc3n1)c(=O)n2C,CC#CCn1c(N2CCC[C@@H](N)C2)nc2c1c(=O)n(Cc1nc(C)c3ccccc3n1)c(=O)n2C,4.4076545,0.16295205061765816,2,10.1093/nar/gkw1074,w16_s4_sequence_mean:17-32,17,32,LVTIITVPVVLLNKGT,r3_b208,3,208,"[16, 18, 19, 20, 21, 22, 23, 24, 28, 29, 30, 31]","[""cc1cc(C)nc(Cn(c)c)n1""]",2.368680000305176,2.3519885540008545,2.343731641769409,2.327101945877075,0.01669144630432129,0.0249483585357666,0.041578054428100586,-6.175041198730469e-05,yp+yl-y0-ypl,fd63aa48c21ada4faba6977bc08f6b765c5964fd2a133a01c1d27b42327ac8de
2773,42,dpp4_12,CC#CCn1c(N2CCC[C@@H](N)C2)nc2c1c(=O)n(Cc1nc(C)c3ccccc3n1)c(=O)n2C,CC#CCn1c(N2CCC[C@@H](N)C2)nc2c1c(=O)n(Cc1nc(C)c3ccccc3n1)c(=O)n2C,4.4076545,0.16295205061765816,2,10.1093/nar/gkw1074,w16_s4_sequence_mean:377-392,377,392,NEEGYRHICYFQIDKK,r3_b1066,3,1066,"[5, 6, 7, 9, 10, 11, 12]","[""cN(C)C[C@H](N)C""]",2.368680000305176,2.3600709438323975,2.3342621326446533,2.3255794048309326,0.00860905647277832,0.03441786766052246,0.043100595474243164,7.367134094238281e-05,yp+yl-y0-ypl,fd63aa48c21ada4faba6977bc08f6b765c5964fd2a133a01c1d27b42327ac8de
2773,42,dpp4_12,CC#CCn1c(N2CCC[C@@H](N)C2)nc2c1c(=O)n(Cc1nc(C)c3ccccc3n1)c(=O)n2C,CC#CCn1c(N2CCC[C@@H](N)C2)nc2c1c(=O)n(Cc1nc(C)c3ccccc3n1)c(=O)n2C,4.4076545,0.16295205061765816,2,10.1093/nar/gkw1074,w16_s4_sequence_mean:377-392,377,392,NEEGYRHICYFQIDKK,r3_b770,3,770,"[4, 5, 6, 7, 8, 9, 10, 11, 12, 13]","[""nc(N1CCC[C@@H](N)C1)n""]",2.368680000305176,2.3600709438323975,2.3452789783477783,2.3365471363067627,0.00860905647277832,0.02340102195739746,0.032132863998413086,0.0001227855682373047,yp+yl-y0-ypl,fd63aa48c21ada4faba6977bc08f6b765c5964fd2a133a01c1d27b42327ac8de
2773,42,dpp4_12,CC#CCn1c(N2CCC[C@@H](N)C2)nc2c1c(=O)n(Cc1nc(C)c3ccccc3n1)c(=O)n2C,CC#CCn1c(N2CCC[C@@H](N)C2)nc2c1c(=O)n(Cc1nc(C)c3ccccc3n1)c(=O)n2C,4.4076545,0.16295205061765816,2,10.1093/nar/gkw1074,w16_s4_sequence_mean:377-392,377,392,NEEGYRHICYFQIDKK,r3_b1765,3,1765,"[18, 19, 20]","[""cCn""]",2.368680000305176,2.3600709438323975,2.3466384410858154,2.338193655014038,0.00860905647277832,0.02204155921936035,0.030486345291137695,-0.00016427040100097656,yp+yl-y0-ypl,fd63aa48c21ada4faba6977bc08f6b765c5964fd2a133a01c1d27b42327ac8de
2773,42,dpp4_12,CC#CCn1c(N2CCC[C@@H](N)C2)nc2c1c(=O)n(Cc1nc(C)c3ccccc3n1)c(=O)n2C,CC#CCn1c(N2CCC[C@@H](N)C2)nc2c1c(=O)n(Cc1nc(C)c3ccccc3n1)c(=O)n2C,4.4076545,0.16295205061765816,2,10.1093/nar/gkw1074,w16_s4_sequence_mean:377-392,377,392,NEEGYRHICYFQIDKK,r3_b1696,3,1696,"[13, 14, 15, 33]","[""cc(n)n""]",2.368680000305176,2.3600709438323975,2.3571665287017822,2.349076509475708,0.00860905647277832,0.011513471603393555,0.019603490829467773,-0.0005190372467041016,yp+yl-y0-ypl,fd63aa48c21ada4faba6977bc08f6b765c5964fd2a133a01c1d27b42327ac8de
2773,42,dpp4_12,CC#CCn1c(N2CCC[C@@H](N)C2)nc2c1c(=O)n(Cc1nc(C)c3ccccc3n1)c(=O)n2C,CC#CCn1c(N2CCC[C@@H](N)C2)nc2c1c(=O)n(Cc1nc(C)c3ccccc3n1)c(=O)n2C,4.4076545,0.16295205061765816,2,10.1093/nar/gkw1074,w16_s4_sequence_mean:377-392,377,392,NEEGYRHICYFQIDKK,r3_b1722,3,1722,"[22, 23]","[""cC""]",2.368680000305176,2.3600709438323975,2.3339197635650635,2.325181722640991,0.00860905647277832,0.034760236740112305,0.04349827766418457,0.0001289844512939453,yp+yl-y0-ypl,fd63aa48c21ada4faba6977bc08f6b765c5964fd2a133a01c1d27b42327ac8de
2773,42,dpp4_12,CC#CCn1c(N2CCC[C@@H](N)C2)nc2c1c(=O)n(Cc1nc(C)c3ccccc3n1)c(=O)n2C,CC#CCn1c(N2CCC[C@@H](N)C2)nc2c1c(=O)n(Cc1nc(C)c3ccccc3n1)c(=O)n2C,4.4076545,0.16295205061765816,2,10.1093/nar/gkw1074,w16_s4_sequence_mean:377-392,377,392,NEEGYRHICYFQIDKK,r3_b1019,3,1019,"[10, 21, 22, 23, 24, 25, 26, 28, 29, 30]","[""C"", ""ccc(c(C)n)c(c)n""]",2.368680000305176,2.3600709438323975,2.3446848392486572,2.3361613750457764,0.00860905647277832,0.023995161056518555,0.032518625259399414,-8.559226989746094e-05,yp+yl-y0-ypl,fd63aa48c21ada4faba6977bc08f6b765c5964fd2a133a01c1d27b42327ac8de
2773,42,dpp4_12,CC#CCn1c(N2CCC[C@@H](N)C2)nc2c1c(=O)n(Cc1nc(C)c3ccccc3n1)c(=O)n2C,CC#CCn1c(N2CCC[C@@H](N)C2)nc2c1c(=O)n(Cc1nc(C)c3ccccc3n1)c(=O)n2C,4.4076545,0.16295205061765816,2,10.1093/nar/gkw1074,w16_s4_sequence_mean:377-392,377,392,NEEGYRHICYFQIDKK,r3_b1903,3,1903,"[2, 3, 4, 5, 6, 7, 8, 10, 12, 13, 14, 15, 16, 33]","[""CCn1c(N(CC)CC)nc(n)c1c""]",2.368680000305176,2.3600709438323975,2.3269686698913574,2.318171977996826,0.00860905647277832,0.04171133041381836,0.05050802230834961,0.0001876354217529297,yp+yl-y0-ypl,fd63aa48c21ada4faba6977bc08f6b765c5964fd2a133a01c1d27b42327ac8de
2773,42,dpp4_12,CC#CCn1c(N2CCC[C@@H](N)C2)nc2c1c(=O)n(Cc1nc(C)c3ccccc3n1)c(=O)n2C,CC#CCn1c(N2CCC[C@@H](N)C2)nc2c1c(=O)n(Cc1nc(C)c3ccccc3n1)c(=O)n2C,4.4076545,0.16295205061765816,2,10.1093/nar/gkw1074,w16_s4_sequence_mean:377-392,377,392,NEEGYRHICYFQIDKK,r3_b314,3,314,"[16, 17, 31, 32]","[""c=O"", ""c=O""]",2.368680000305176,2.3600709438323975,2.341297149658203,2.3325788974761963,0.00860905647277832,0.027382850646972656,0.03610110282897949,0.00010919570922851562,yp+yl-y0-ypl,fd63aa48c21ada4faba6977bc08f6b765c5964fd2a133a01c1d27b42327ac8de
2773,42,dpp4_12,CC#CCn1c(N2CCC[C@@H](N)C2)nc2c1c(=O)n(Cc1nc(C)c3ccccc3n1)c(=O)n2C,CC#CCn1c(N2CCC[C@@H](N)C2)nc2c1c(=O)n(Cc1nc(C)c3ccccc3n1)c(=O)n2C,4.4076545,0.16295205061765816,2,10.1093/nar/gkw1074,w16_s4_sequence_mean:377-392,377,392,NEEGYRHICYFQIDKK,r3_b1365,3,1365,"[4, 5, 6, 13]","[""nc(N)n""]",2.368680000305176,2.3600709438323975,2.339562177658081,2.3305044174194336,0.00860905647277832,0.029117822647094727,0.03817558288574219,0.0004487037658691406,yp+yl-y0-ypl,fd63aa48c21ada4faba6977bc08f6b765c5964fd2a133a01c1d27b42327ac8de
2773,42,dpp4_12,CC#CCn1c(N2CCC[C@@H](N)C2)nc2c1c(=O)n(Cc1nc(C)c3ccccc3n1)c(=O)n2C,CC#CCn1c(N2CCC[C@@H](N)C2)nc2c1c(=O)n(Cc1nc(C)c3ccccc3n1)c(=O)n2C,4.4076545,0.16295205061765816,2,10.1093/nar/gkw1074,w16_s4_sequence_mean:377-392,377,392,NEEGYRHICYFQIDKK,r3_b208,3,208,"[16, 18, 19, 20, 21, 22, 23, 24, 28, 29, 30, 31]","[""cc1cc(C)nc(Cn(c)c)n1""]",2.368680000305176,2.3600709438323975,2.343731641769409,2.3350846767425537,0.00860905647277832,0.0249483585357666,0.03359532356262207,3.790855407714844e-05,yp+yl-y0-ypl,fd63aa48c21ada4faba6977bc08f6b765c5964fd2a133a01c1d27b42327ac8de
2773,42,dpp4_12,CC#CCn1c(N2CCC[C@@H](N)C2)nc2c1c(=O)n(Cc1nc(C)c3ccccc3n1)c(=O)n2C,CC#CCn1c(N2CCC[C@@H](N)C2)nc2c1c(=O)n(Cc1nc(C)c3ccccc3n1)c(=O)n2C,4.4076545,0.16295205061765816,2,10.1093/nar/gkw1074,w16_s4_sequence_mean:381-396,381,396,YRHICYFQIDKKDCTF,r3_b1066,3,1066,"[5, 6, 7, 9, 10, 11, 12]","[""cN(C)C[C@H](N)C""]",2.368680000305176,2.3563249111175537,2.3342621326446533,2.3216443061828613,0.01235508918762207,0.03441786766052246,0.04703569412231445,0.0002627372741699219,yp+yl-y0-ypl,fd63aa48c21ada4faba6977bc08f6b765c5964fd2a133a01c1d27b42327ac8de
2773,42,dpp4_12,CC#CCn1c(N2CCC[C@@H](N)C2)nc2c1c(=O)n(Cc1nc(C)c3ccccc3n1)c(=O)n2C,CC#CCn1c(N2CCC[C@@H](N)C2)nc2c1c(=O)n(Cc1nc(C)c3ccccc3n1)c(=O)n2C,4.4076545,0.16295205061765816,2,10.1093/nar/gkw1074,w16_s4_sequence_mean:381-396,381,396,YRHICYFQIDKKDCTF,r3_b770,3,770,"[4, 5, 6, 7, 8, 9, 10, 11, 12, 13]","[""nc(N1CCC[C@@H](N)C1)n""]",2.368680000305176,2.3563249111175537,2.3452789783477783,2.332798719406128,0.01235508918762207,0.02340102195739746,0.03588128089904785,0.0001251697540283203,yp+yl-y0-ypl,fd63aa48c21ada4faba6977bc08f6b765c5964fd2a133a01c1d27b42327ac8de
2773,42,dpp4_12,CC#CCn1c(N2CCC[C@@H](N)C2)nc2c1c(=O)n(Cc1nc(C)c3ccccc3n1)c(=O)n2C,CC#CCn1c(N2CCC[C@@H](N)C2)nc2c1c(=O)n(Cc1nc(C)c3ccccc3n1)c(=O)n2C,4.4076545,0.16295205061765816,2,10.1093/nar/gkw1074,w16_s4_sequence_mean:381-396,381,396,YRHICYFQIDKKDCTF,r3_b1765,3,1765,"[18, 19, 20]","[""cCn""]",2.368680000305176,2.3563249111175537,2.3466384410858154,2.334897756576538,0.01235508918762207,0.02204155921936035,0.033782243728637695,-0.0006144046783447266,yp+yl-y0-ypl,fd63aa48c21ada4faba6977bc08f6b765c5964fd2a133a01c1d27b42327ac8de
2773,42,dpp4_12,CC#CCn1c(N2CCC[C@@H](N)C2)nc2c1c(=O)n(Cc1nc(C)c3ccccc3n1)c(=O)n2C,CC#CCn1c(N2CCC[C@@H](N)C2)nc2c1c(=O)n(Cc1nc(C)c3ccccc3n1)c(=O)n2C,4.4076545,0.16295205061765816,2,10.1093/nar/gkw1074,w16_s4_sequence_mean:381-396,381,396,YRHICYFQIDKKDCTF,r3_b1696,3,1696,"[13, 14, 15, 33]","[""cc(n)n""]",2.368680000305176,2.3563249111175537,2.3571665287017822,2.345405340194702,0.01235508918762207,0.011513471603393555,0.023274660110473633,-0.0005939006805419922,yp+yl-y0-ypl,fd63aa48c21ada4faba6977bc08f6b765c5964fd2a133a01c1d27b42327ac8de
2773,42,dpp4_12,CC#CCn1c(N2CCC[C@@H](N)C2)nc2c1c(=O)n(Cc1nc(C)c3ccccc3n1)c(=O)n2C,CC#CCn1c(N2CCC[C@@H](N)C2)nc2c1c(=O)n(Cc1nc(C)c3ccccc3n1)c(=O)n2C,4.4076545,0.16295205061765816,2,10.1093/nar/gkw1074,w16_s4_sequence_mean:381-396,381,396,YRHICYFQIDKKDCTF,r3_b1722,3,1722,"[22, 23]","[""cC""]",2.368680000305176,2.3563249111175537,2.3339197635650635,2.321481943130493,0.01235508918762207,0.034760236740112305,0.04719805717468262,8.273124694824219e-05,yp+yl-y0-ypl,fd63aa48c21ada4faba6977bc08f6b765c5964fd2a133a01c1d27b42327ac8de
2773,42,dpp4_12,CC#CCn1c(N2CCC[C@@H](N)C2)nc2c1c(=O)n(Cc1nc(C)c3ccccc3n1)c(=O)n2C,CC#CCn1c(N2CCC[C@@H](N)C2)nc2c1c(=O)n(Cc1nc(C)c3ccccc3n1)c(=O)n2C,4.4076545,0.16295205061765816,2,10.1093/nar/gkw1074,w16_s4_sequence_mean:381-396,381,396,YRHICYFQIDKKDCTF,r3_b1019,3,1019,"[10, 21, 22, 23, 24, 25, 26, 28, 29, 30]","[""C"", ""ccc(c(C)n)c(c)n""]",2.368680000305176,2.3563249111175537,2.3446848392486572,2.3325276374816895,0.01235508918762207,0.023995161056518555,0.03615236282348633,-0.00019788742065429688,yp+yl-y0-ypl,fd63aa48c21ada4faba6977bc08f6b765c5964fd2a133a01c1d27b42327ac8de
2773,42,dpp4_12,CC#CCn1c(N2CCC[C@@H](N)C2)nc2c1c(=O)n(Cc1nc(C)c3ccccc3n1)c(=O)n2C,CC#CCn1c(N2CCC[C@@H](N)C2)nc2c1c(=O)n(Cc1nc(C)c3ccccc3n1)c(=O)n2C,4.4076545,0.16295205061765816,2,10.1093/nar/gkw1074,w16_s4_sequence_mean:381-396,381,396,YRHICYFQIDKKDCTF,r3_b1903,3,1903,"[2, 3, 4, 5, 6, 7, 8, 10, 12, 13, 14, 15, 16, 33]","[""CCn1c(N(CC)CC)nc(n)c1c""]",2.368680000305176,2.3563249111175537,2.3269686698913574,2.3149847984313965,0.01235508918762207,0.04171133041381836,0.0536952018737793,-0.0003712177276611328,yp+yl-y0-ypl,fd63aa48c21ada4faba6977bc08f6b765c5964fd2a133a01c1d27b42327ac8de
2773,42,dpp4_12,CC#CCn1c(N2CCC[C@@H](N)C2)nc2c1c(=O)n(Cc1nc(C)c3ccccc3n1)c(=O)n2C,CC#CCn1c(N2CCC[C@@H](N)C2)nc2c1c(=O)n(Cc1nc(C)c3ccccc3n1)c(=O)n2C,4.4076545,0.16295205061765816,2,10.1093/nar/gkw1074,w16_s4_sequence_mean:381-396,381,396,YRHICYFQIDKKDCTF,r3_b314,3,314,"[16, 17, 31, 32]","[""c=O"", ""c=O""]",2.368680000305176,2.3563249111175537,2.341297149658203,2.32879900932312,0.01235508918762207,0.027382850646972656,0.039880990982055664,0.0001430511474609375,yp+yl-y0-ypl,fd63aa48c21ada4faba6977bc08f6b765c5964fd2a133a01c1d27b42327ac8de
2773,42,dpp4_12,CC#CCn1c(N2CCC[C@@H](N)C2)nc2c1c(=O)n(Cc1nc(C)c3ccccc3n1)c(=O)n2C,CC#CCn1c(N2CCC[C@@H](N)C2)nc2c1c(=O)n(Cc1nc(C)c3ccccc3n1)c(=O)n2C,4.4076545,0.16295205061765816,2,10.1093/nar/gkw1074,w16_s4_sequence_mean:381-396,381,396,YRHICYFQIDKKDCTF,r3_b1365,3,1365,"[4, 5, 6, 13]","[""nc(N)n""]",2.368680000305176,2.3563249111175537,2.339562177658081,2.3267900943756104,0.01235508918762207,0.029117822647094727,0.04188990592956543,0.0004169940948486328,yp+yl-y0-ypl,fd63aa48c21ada4faba6977bc08f6b765c5964fd2a133a01c1d27b42327ac8de
2773,42,dpp4_12,CC#CCn1c(N2CCC[C@@H](N)C2)nc2c1c(=O)n(Cc1nc(C)c3ccccc3n1)c(=O)n2C,CC#CCn1c(N2CCC[C@@H](N)C2)nc2c1c(=O)n(Cc1nc(C)c3ccccc3n1)c(=O)n2C,4.4076545,0.16295205061765816,2,10.1093/nar/gkw1074,w16_s4_sequence_mean:381-396,381,396,YRHICYFQIDKKDCTF,r3_b208,3,208,"[16, 18, 19, 20, 21, 22, 23, 24, 28, 29, 30, 31]","[""cc1cc(C)nc(Cn(c)c)n1""]",2.368680000305176,2.3563249111175537,2.343731641769409,2.331296920776367,0.01235508918762207,0.0249483585357666,0.037383079528808594,7.963180541992188e-05,yp+yl-y0-ypl,fd63aa48c21ada4faba6977bc08f6b765c5964fd2a133a01c1d27b42327ac8de
2773,42,dpp4_12,CC#CCn1c(N2CCC[C@@H](N)C2)nc2c1c(=O)n(Cc1nc(C)c3ccccc3n1)c(=O)n2C,CC#CCn1c(N2CCC[C@@H](N)C2)nc2c1c(=O)n(Cc1nc(C)c3ccccc3n1)c(=O)n2C,4.4076545,0.16295205061765816,2,10.1093/nar/gkw1074,w16_s4_sequence_mean:673-688,673,688,LPTPEDNLDHYRNSTV,r3_b1066,3,1066,"[5, 6, 7, 9, 10, 11, 12]","[""cN(C)C[C@H](N)C""]",2.368680000305176,2.3558428287506104,2.3342621326446533,2.321316719055176,0.01283717155456543,0.03441786766052246,0.04736328125,0.00010824203491210938,yp+yl-y0-ypl,fd63aa48c21ada4faba6977bc08f6b765c5964fd2a133a01c1d27b42327ac8de
2773,42,dpp4_12,CC#CCn1c(N2CCC[C@@H](N)C2)nc2c1c(=O)n(Cc1nc(C)c3ccccc3n1)c(=O)n2C,CC#CCn1c(N2CCC[C@@H](N)C2)nc2c1c(=O)n(Cc1nc(C)c3ccccc3n1)c(=O)n2C,4.4076545,0.16295205061765816,2,10.1093/nar/gkw1074,w16_s4_sequence_mean:673-688,673,688,LPTPEDNLDHYRNSTV,r3_b770,3,770,"[4, 5, 6, 7, 8, 9, 10, 11, 12, 13]","[""nc(N1CCC[C@@H](N)C1)n""]",2.368680000305176,2.3558428287506104,2.3452789783477783,2.332254648208618,0.01283717155456543,0.02340102195739746,0.03642535209655762,0.00018715858459472656,yp+yl-y0-ypl,fd63aa48c21ada4faba6977bc08f6b765c5964fd2a133a01c1d27b42327ac8de
2773,42,dpp4_12,CC#CCn1c(N2CCC[C@@H](N)C2)nc2c1c(=O)n(Cc1nc(C)c3ccccc3n1)c(=O)n2C,CC#CCn1c(N2CCC[C@@H](N)C2)nc2c1c(=O)n(Cc1nc(C)c3ccccc3n1)c(=O)n2C,4.4076545,0.16295205061765816,2,10.1093/nar/gkw1074,w16_s4_sequence_mean:673-688,673,688,LPTPEDNLDHYRNSTV,r3_b1765,3,1765,"[18, 19, 20]","[""cCn""]",2.368680000305176,2.3558428287506104,2.3466384410858154,2.3336942195892334,0.01283717155456543,0.02204155921936035,0.03498578071594238,0.00010704994201660156,yp+yl-y0-ypl,fd63aa48c21ada4faba6977bc08f6b765c5964fd2a133a01c1d27b42327ac8de
2773,42,dpp4_12,CC#CCn1c(N2CCC[C@@H](N)C2)nc2c1c(=O)n(Cc1nc(C)c3ccccc3n1)c(=O)n2C,CC#CCn1c(N2CCC[C@@H](N)C2)nc2c1c(=O)n(Cc1nc(C)c3ccccc3n1)c(=O)n2C,4.4076545,0.16295205061765816,2,10.1093/nar/gkw1074,w16_s4_sequence_mean:673-688,673,688,LPTPEDNLDHYRNSTV,r3_b1696,3,1696,"[13, 14, 15, 33]","[""cc(n)n""]",2.368680000305176,2.3558428287506104,2.3571665287017822,2.344477415084839,0.01283717155456543,0.011513471603393555,0.024202585220336914,-0.0001480579376220703,yp+yl-y0-ypl,fd63aa48c21ada4faba6977bc08f6b765c5964fd2a133a01c1d27b42327ac8de
2773,42,dpp4_12,CC#CCn1c(N2CCC[C@@H](N)C2)nc2c1c(=O)n(Cc1nc(C)c3ccccc3n1)c(=O)n2C,CC#CCn1c(N2CCC[C@@H](N)C2)nc2c1c(=O)n(Cc1nc(C)c3ccccc3n1)c(=O)n2C,4.4076545,0.16295205061765816,2,10.1093/nar/gkw1074,w16_s4_sequence_mean:673-688,673,688,LPTPEDNLDHYRNSTV,r3_b1722,3,1722,"[22, 23]","[""cC""]",2.368680000305176,2.3558428287506104,2.3339197635650635,2.3205323219299316,0.01283717155456543,0.034760236740112305,0.04814767837524414,0.0005502700805664062,yp+yl-y0-ypl,fd63aa48c21ada4faba6977bc08f6b765c5964fd2a133a01c1d27b42327ac8de
2773,42,dpp4_12,CC#CCn1c(N2CCC[C@@H](N)C2)nc2c1c(=O)n(Cc1nc(C)c3ccccc3n1)c(=O)n2C,CC#CCn1c(N2CCC[C@@H](N)C2)nc2c1c(=O)n(Cc1nc(C)c3ccccc3n1)c(=O)n2C,4.4076545,0.16295205061765816,2,10.1093/nar/gkw1074,w16_s4_sequence_mean:673-688,673,688,LPTPEDNLDHYRNSTV,r3_b1019,3,1019,"[10, 21, 22, 23, 24, 25, 26, 28, 29, 30]","[""C"", ""ccc(c(C)n)c(c)n""]",2.368680000305176,2.3558428287506104,2.3446848392486572,2.331514358520508,0.01283717155456543,0.023995161056518555,0.03716564178466797,0.0003333091735839844,yp+yl-y0-ypl,fd63aa48c21ada4faba6977bc08f6b765c5964fd2a133a01c1d27b42327ac8de
2773,42,dpp4_12,CC#CCn1c(N2CCC[C@@H](N)C2)nc2c1c(=O)n(Cc1nc(C)c3ccccc3n1)c(=O)n2C,CC#CCn1c(N2CCC[C@@H](N)C2)nc2c1c(=O)n(Cc1nc(C)c3ccccc3n1)c(=O)n2C,4.4076545,0.16295205061765816,2,10.1093/nar/gkw1074,w16_s4_sequence_mean:673-688,673,688,LPTPEDNLDHYRNSTV,r3_b1903,3,1903,"[2, 3, 4, 5, 6, 7, 8, 10, 12, 13, 14, 15, 16, 33]","[""CCn1c(N(CC)CC)nc(n)c1c""]",2.368680000305176,2.3558428287506104,2.3269686698913574,2.3137307167053223,0.01283717155456543,0.04171133041381836,0.054949283599853516,0.00040078163146972656,yp+yl-y0-ypl,fd63aa48c21ada4faba6977bc08f6b765c5964fd2a133a01c1d27b42327ac8de
2773,42,dpp4_12,CC#CCn1c(N2CCC[C@@H](N)C2)nc2c1c(=O)n(Cc1nc(C)c3ccccc3n1)c(=O)n2C,CC#CCn1c(N2CCC[C@@H](N)C2)nc2c1c(=O)n(Cc1nc(C)c3ccccc3n1)c(=O)n2C,4.4076545,0.16295205061765816,2,10.1093/nar/gkw1074,w16_s4_sequence_mean:673-688,673,688,LPTPEDNLDHYRNSTV,r3_b314,3,314,"[16, 17, 31, 32]","[""c=O"", ""c=O""]",2.368680000305176,2.3558428287506104,2.341297149658203,2.3286490440368652,0.01283717155456543,0.027382850646972656,0.04003095626831055,-0.00018906593322753906,yp+yl-y0-ypl,fd63aa48c21ada4faba6977bc08f6b765c5964fd2a133a01c1d27b42327ac8de
2773,42,dpp4_12,CC#CCn1c(N2CCC[C@@H](N)C2)nc2c1c(=O)n(Cc1nc(C)c3ccccc3n1)c(=O)n2C,CC#CCn1c(N2CCC[C@@H](N)C2)nc2c1c(=O)n(Cc1nc(C)c3ccccc3n1)c(=O)n2C,4.4076545,0.16295205061765816,2,10.1093/nar/gkw1074,w16_s4_sequence_mean:673-688,673,688,LPTPEDNLDHYRNSTV,r3_b1365,3,1365,"[4, 5, 6, 13]","[""nc(N)n""]",2.368680000305176,2.3558428287506104,2.339562177658081,2.326200485229492,0.01283717155456543,0.029117822647094727,0.042479515075683594,0.0005245208740234375,yp+yl-y0-ypl,fd63aa48c21ada4faba6977bc08f6b765c5964fd2a133a01c1d27b42327ac8de
2773,42,dpp4_12,CC#CCn1c(N2CCC[C@@H](N)C2)nc2c1c(=O)n(Cc1nc(C)c3ccccc3n1)c(=O)n2C,CC#CCn1c(N2CCC[C@@H](N)C2)nc2c1c(=O)n(Cc1nc(C)c3ccccc3n1)c(=O)n2C,4.4076545,0.16295205061765816,2,10.1093/nar/gkw1074,w16_s4_sequence_mean:673-688,673,688,LPTPEDNLDHYRNSTV,r3_b208,3,208,"[16, 18, 19, 20, 21, 22, 23, 24, 28, 29, 30, 31]","[""cc1cc(C)nc(Cn(c)c)n1""]",2.368680000305176,2.3558428287506104,2.343731641769409,2.330735683441162,0.01283717155456543,0.0249483585357666,0.03794431686401367,0.00015878677368164062,yp+yl-y0-ypl,fd63aa48c21ada4faba6977bc08f6b765c5964fd2a133a01c1d27b42327ac8de
2773,142,dpp4_12,CC#CCn1c(N2CCC[C@@H](N)C2)nc2c1c(=O)n(Cc1nc(C)c3ccccc3n1)c(=O)n2C,CC#CCn1c(N2CCC[C@@H](N)C2)nc2c1c(=O)n(Cc1nc(C)c3ccccc3n1)c(=O)n2C,4.4076545,0.16295205061765816,2,10.1093/nar/gkw1074,w16_s4_sequence_mean:13-28,13,28,GAAALVTIITVPVVLL,r3_b1066,3,1066,"[5, 6, 7, 9, 10, 11, 12]","[""cN(C)C[C@H](N)C""]",2.34352707862854,2.329261302947998,2.2732980251312256,2.2598297595977783,0.014265775680541992,0.07022905349731445,0.08369731903076172,-0.0007975101470947266,yp+yl-y0-ypl,b07b1f2a2663b1f43e2f640981daca2e974fa076974601341733f8efb8eba26e
2773,142,dpp4_12,CC#CCn1c(N2CCC[C@@H](N)C2)nc2c1c(=O)n(Cc1nc(C)c3ccccc3n1)c(=O)n2C,CC#CCn1c(N2CCC[C@@H](N)C2)nc2c1c(=O)n(Cc1nc(C)c3ccccc3n1)c(=O)n2C,4.4076545,0.16295205061765816,2,10.1093/nar/gkw1074,w16_s4_sequence_mean:13-28,13,28,GAAALVTIITVPVVLL,r3_b770,3,770,"[4, 5, 6, 7, 8, 9, 10, 11, 12, 13]","[""nc(N1CCC[C@@H](N)C1)n""]",2.34352707862854,2.329261302947998,2.292705774307251,2.278310775756836,0.014265775680541992,0.05082130432128906,0.0652163028717041,0.00012922286987304688,yp+yl-y0-ypl,b07b1f2a2663b1f43e2f640981daca2e974fa076974601341733f8efb8eba26e
2773,142,dpp4_12,CC#CCn1c(N2CCC[C@@H](N)C2)nc2c1c(=O)n(Cc1nc(C)c3ccccc3n1)c(=O)n2C,CC#CCn1c(N2CCC[C@@H](N)C2)nc2c1c(=O)n(Cc1nc(C)c3ccccc3n1)c(=O)n2C,4.4076545,0.16295205061765816,2,10.1093/nar/gkw1074,w16_s4_sequence_mean:13-28,13,28,GAAALVTIITVPVVLL,r3_b1765,3,1765,"[18, 19, 20]","[""cCn""]",2.34352707862854,2.329261302947998,2.2990052700042725,2.285054922103882,0.014265775680541992,0.04452180862426758,0.0584721565246582,-0.0003154277801513672,yp+yl-y0-ypl,b07b1f2a2663b1f43e2f640981daca2e974fa076974601341733f8efb8eba26e
2773,142,dpp4_12,CC#CCn1c(N2CCC[C@@H](N)C2)nc2c1c(=O)n(Cc1nc(C)c3ccccc3n1)c(=O)n2C,CC#CCn1c(N2CCC[C@@H](N)C2)nc2c1c(=O)n(Cc1nc(C)c3ccccc3n1)c(=O)n2C,4.4076545,0.16295205061765816,2,10.1093/nar/gkw1074,w16_s4_sequence_mean:13-28,13,28,GAAALVTIITVPVVLL,r3_b1696,3,1696,"[13, 14, 15, 33]","[""cc(n)n""]",2.34352707862854,2.329261302947998,2.2912087440490723,2.2767856121063232,0.014265775680541992,0.05231833457946777,0.0667414665222168,0.00015735626220703125,yp+yl-y0-ypl,b07b1f2a2663b1f43e2f640981daca2e974fa076974601341733f8efb8eba26e
2773,142,dpp4_12,CC#CCn1c(N2CCC[C@@H](N)C2)nc2c1c(=O)n(Cc1nc(C)c3ccccc3n1)c(=O)n2C,CC#CCn1c(N2CCC[C@@H](N)C2)nc2c1c(=O)n(Cc1nc(C)c3ccccc3n1)c(=O)n2C,4.4076545,0.16295205061765816,2,10.1093/nar/gkw1074,w16_s4_sequence_mean:13-28,13,28,GAAALVTIITVPVVLL,r3_b1722,3,1722,"[22, 23]","[""cC""]",2.34352707862854,2.329261302947998,2.2979495525360107,2.283674716949463,0.014265775680541992,0.0455775260925293,0.05985236167907715,9.059906005859375e-06,yp+yl-y0-ypl,b07b1f2a2663b1f43e2f640981daca2e974fa076974601341733f8efb8eba26e
2773,142,dpp4_12,CC#CCn1c(N2CCC[C@@H](N)C2)nc2c1c(=O)n(Cc1nc(C)c3ccccc3n1)c(=O)n2C,CC#CCn1c(N2CCC[C@@H](N)C2)nc2c1c(=O)n(Cc1nc(C)c3ccccc3n1)c(=O)n2C,4.4076545,0.16295205061765816,2,10.1093/nar/gkw1074,w16_s4_sequence_mean:13-28,13,28,GAAALVTIITVPVVLL,r3_b1019,3,1019,"[10, 21, 22, 23, 24, 25, 26, 28, 29, 30]","[""C"", ""ccc(c(C)n)c(c)n""]",2.34352707862854,2.329261302947998,2.297600507736206,2.2839314937591553,0.014265775680541992,0.045926570892333984,0.059595584869384766,-0.0005967617034912109,yp+yl-y0-ypl,b07b1f2a2663b1f43e2f640981daca2e974fa076974601341733f8efb8eba26e
2773,142,dpp4_12,CC#CCn1c(N2CCC[C@@H](N)C2)nc2c1c(=O)n(Cc1nc(C)c3ccccc3n1)c(=O)n2C,CC#CCn1c(N2CCC[C@@H](N)C2)nc2c1c(=O)n(Cc1nc(C)c3ccccc3n1)c(=O)n2C,4.4076545,0.16295205061765816,2,10.1093/nar/gkw1074,w16_s4_sequence_mean:13-28,13,28,GAAALVTIITVPVVLL,r3_b1903,3,1903,"[2, 3, 4, 5, 6, 7, 8, 10, 12, 13, 14, 15, 16, 33]","[""CCn1c(N(CC)CC)nc(n)c1c""]",2.34352707862854,2.329261302947998,2.333885908126831,2.3196637630462646,0.014265775680541992,0.009641170501708984,0.02386331558227539,-4.363059997558594e-05,yp+yl-y0-ypl,b07b1f2a2663b1f43e2f640981daca2e974fa076974601341733f8efb8eba26e
2773,142,dpp4_12,CC#CCn1c(N2CCC[C@@H](N)C2)nc2c1c(=O)n(Cc1nc(C)c3ccccc3n1)c(=O)n2C,CC#CCn1c(N2CCC[C@@H](N)C2)nc2c1c(=O)n(Cc1nc(C)c3ccccc3n1)c(=O)n2C,4.4076545,0.16295205061765816,2,10.1093/nar/gkw1074,w16_s4_sequence_mean:13-28,13,28,GAAALVTIITVPVVLL,r3_b314,3,314,"[16, 17, 31, 32]","[""c=O"", ""c=O""]",2.34352707862854,2.329261302947998,2.2928543090820312,2.2784264087677,0.014265775680541992,0.05067276954650879,0.06510066986083984,0.0001621246337890625,yp+yl-y0-ypl,b07b1f2a2663b1f43e2f640981daca2e974fa076974601341733f8efb8eba26e
2773,142,dpp4_12,CC#CCn1c(N2CCC[C@@H](N)C2)nc2c1c(=O)n(Cc1nc(C)c3ccccc3n1)c(=O)n2C,CC#CCn1c(N2CCC[C@@H](N)C2)nc2c1c(=O)n(Cc1nc(C)c3ccccc3n1)c(=O)n2C,4.4076545,0.16295205061765816,2,10.1093/nar/gkw1074,w16_s4_sequence_mean:13-28,13,28,GAAALVTIITVPVVLL,r3_b1365,3,1365,"[4, 5, 6, 13]","[""nc(N)n""]",2.34352707862854,2.329261302947998,2.304738998413086,2.291185140609741,0.014265775680541992,0.0387880802154541,0.05234193801879883,-0.0007119178771972656,yp+yl-y0-ypl,b07b1f2a2663b1f43e2f640981daca2e974fa076974601341733f8efb8eba26e
2773,142,dpp4_12,CC#CCn1c(N2CCC[C@@H](N)C2)nc2c1c(=O)n(Cc1nc(C)c3ccccc3n1)c(=O)n2C,CC#CCn1c(N2CCC[C@@H](N)C2)nc2c1c(=O)n(Cc1nc(C)c3ccccc3n1)c(=O)n2C,4.4076545,0.16295205061765816,2,10.1093/nar/gkw1074,w16_s4_sequence_mean:13-28,13,28,GAAALVTIITVPVVLL,r3_b208,3,208,"[16, 18, 19, 20, 21, 22, 23, 24, 28, 29, 30, 31]","[""cc1cc(C)nc(Cn(c)c)n1""]",2.34352707862854,2.329261302947998,2.288043975830078,2.27394700050354,0.014265775680541992,0.055483102798461914,0.069580078125,-0.00016880035400390625,yp+yl-y0-ypl,b07b1f2a2663b1f43e2f640981daca2e974fa076974601341733f8efb8eba26e
2773,142,dpp4_12,CC#CCn1c(N2CCC[C@@H](N)C2)nc2c1c(=O)n(Cc1nc(C)c3ccccc3n1)c(=O)n2C,CC#CCn1c(N2CCC[C@@H](N)C2)nc2c1c(=O)n(Cc1nc(C)c3ccccc3n1)c(=O)n2C,4.4076545,0.16295205061765816,2,10.1093/nar/gkw1074,w16_s4_sequence_mean:417-432,417,432,YISNEYKGMPGGRNLY,r3_b1066,3,1066,"[5, 6, 7, 9, 10, 11, 12]","[""cN(C)C[C@H](N)C""]",2.34352707862854,2.331251382827759,2.2732980251312256,2.2617297172546387,0.01227569580078125,0.07022905349731445,0.08179736137390137,-0.0007073879241943359,yp+yl-y0-ypl,b07b1f2a2663b1f43e2f640981daca2e974fa076974601341733f8efb8eba26e
2773,142,dpp4_12,CC#CCn1c(N2CCC[C@@H](N)C2)nc2c1c(=O)n(Cc1nc(C)c3ccccc3n1)c(=O)n2C,CC#CCn1c(N2CCC[C@@H](N)C2)nc2c1c(=O)n(Cc1nc(C)c3ccccc3n1)c(=O)n2C,4.4076545,0.16295205061765816,2,10.1093/nar/gkw1074,w16_s4_sequence_mean:417-432,417,432,YISNEYKGMPGGRNLY,r3_b770,3,770,"[4, 5, 6, 7, 8, 9, 10, 11, 12, 13]","[""nc(N1CCC[C@@H](N)C1)n""]",2.34352707862854,2.331251382827759,2.292705774307251,2.2808759212493896,0.01227569580078125,0.05082130432128906,0.06265115737915039,-0.0004458427429199219,yp+yl-y0-ypl,b07b1f2a2663b1f43e2f640981daca2e974fa076974601341733f8efb8eba26e
2773,142,dpp4_12,CC#CCn1c(N2CCC[C@@H](N)C2)nc2c1c(=O)n(Cc1nc(C)c3ccccc3n1)c(=O)n2C,CC#CCn1c(N2CCC[C@@H](N)C2)nc2c1c(=O)n(Cc1nc(C)c3ccccc3n1)c(=O)n2C,4.4076545,0.16295205061765816,2,10.1093/nar/gkw1074,w16_s4_sequence_mean:417-432,417,432,YISNEYKGMPGGRNLY,r3_b1765,3,1765,"[18, 19, 20]","[""cCn""]",2.34352707862854,2.331251382827759,2.2990052700042725,2.287287473678589,0.01227569580078125,0.04452180862426758,0.05623960494995117,-0.0005578994750976562,yp+yl-y0-ypl,b07b1f2a2663b1f43e2f640981daca2e974fa076974601341733f8efb8eba26e
2773,142,dpp4_12,CC#CCn1c(N2CCC[C@@H](N)C2)nc2c1c(=O)n(Cc1nc(C)c3ccccc3n1)c(=O)n2C,CC#CCn1c(N2CCC[C@@H](N)C2)nc2c1c(=O)n(Cc1nc(C)c3ccccc3n1)c(=O)n2C,4.4076545,0.16295205061765816,2,10.1093/nar/gkw1074,w16_s4_sequence_mean:417-432,417,432,YISNEYKGMPGGRNLY,r3_b1696,3,1696,"[13, 14, 15, 33]","[""cc(n)n""]",2.34352707862854,2.331251382827759,2.2912087440490723,2.2796714305877686,0.01227569580078125,0.05231833457946777,0.06385564804077148,-0.0007383823394775391,yp+yl-y0-ypl,b07b1f2a2663b1f43e2f640981daca2e974fa076974601341733f8efb8eba26e
2773,142,dpp4_12,CC#CCn1c(N2CCC[C@@H](N)C2)nc2c1c(=O)n(Cc1nc(C)c3ccccc3n1)c(=O)n2C,CC#CCn1c(N2CCC[C@@H](N)C2)nc2c1c(=O)n(Cc1nc(C)c3ccccc3n1)c(=O)n2C,4.4076545,0.16295205061765816,2,10.1093/nar/gkw1074,w16_s4_sequence_mean:417-432,417,432,YISNEYKGMPGGRNLY,r3_b1722,3,1722,"[22, 23]","[""cC""]",2.34352707862854,2.331251382827759,2.2979495525360107,2.285944700241089,0.01227569580078125,0.0455775260925293,0.05758237838745117,-0.000270843505859375,yp+yl-y0-ypl,b07b1f2a2663b1f43e2f640981daca2e974fa076974601341733f8efb8eba26e
2773,142,dpp4_12,CC#CCn1c(N2CCC[C@@H](N)C2)nc2c1c(=O)n(Cc1nc(C)c3ccccc3n1)c(=O)n2C,CC#CCn1c(N2CCC[C@@H](N)C2)nc2c1c(=O)n(Cc1nc(C)c3ccccc3n1)c(=O)n2C,4.4076545,0.16295205061765816,2,10.1093/nar/gkw1074,w16_s4_sequence_mean:417-432,417,432,YISNEYKGMPGGRNLY,r3_b1019,3,1019,"[10, 21, 22, 23, 24, 25, 26, 28, 29, 30]","[""C"", ""ccc(c(C)n)c(c)n""]",2.34352707862854,2.331251382827759,2.297600507736206,2.2854087352752686,0.01227569580078125,0.045926570892333984,0.058118343353271484,-8.392333984375e-05,yp+yl-y0-ypl,b07b1f2a2663b1f43e2f640981daca2e974fa076974601341733f8efb8eba26e
2773,142,dpp4_12,CC#CCn1c(N2CCC[C@@H](N)C2)nc2c1c(=O)n(Cc1nc(C)c3ccccc3n1)c(=O)n2C,CC#CCn1c(N2CCC[C@@H](N)C2)nc2c1c(=O)n(Cc1nc(C)c3ccccc3n1)c(=O)n2C,4.4076545,0.16295205061765816,2,10.1093/nar/gkw1074,w16_s4_sequence_mean:417-432,417,432,YISNEYKGMPGGRNLY,r3_b1903,3,1903,"[2, 3, 4, 5, 6, 7, 8, 10, 12, 13, 14, 15, 16, 33]","[""CCn1c(N(CC)CC)nc(n)c1c""]",2.34352707862854,2.331251382827759,2.333885908126831,2.32137393951416,0.01227569580078125,0.009641170501708984,0.022153139114379883,0.00023627281188964844,yp+yl-y0-ypl,b07b1f2a2663b1f43e2f640981daca2e974fa076974601341733f8efb8eba26e
2773,142,dpp4_12,CC#CCn1c(N2CCC[C@@H](N)C2)nc2c1c(=O)n(Cc1nc(C)c3ccccc3n1)c(=O)n2C,CC#CCn1c(N2CCC[C@@H](N)C2)nc2c1c(=O)n(Cc1nc(C)c3ccccc3n1)c(=O)n2C,4.4076545,0.16295205061765816,2,10.1093/nar/gkw1074,w16_s4_sequence_mean:417-432,417,432,YISNEYKGMPGGRNLY,r3_b314,3,314,"[16, 17, 31, 32]","[""c=O"", ""c=O""]",2.34352707862854,2.331251382827759,2.2928543090820312,2.280433416366577,0.01227569580078125,0.05067276954650879,0.06309366226196289,0.00014519691467285156,yp+yl-y0-ypl,b07b1f2a2663b1f43e2f640981daca2e974fa076974601341733f8efb8eba26e
2773,142,dpp4_12,CC#CCn1c(N2CCC[C@@H](N)C2)nc2c1c(=O)n(Cc1nc(C)c3ccccc3n1)c(=O)n2C,CC#CCn1c(N2CCC[C@@H](N)C2)nc2c1c(=O)n(Cc1nc(C)c3ccccc3n1)c(=O)n2C,4.4076545,0.16295205061765816,2,10.1093/nar/gkw1074,w16_s4_sequence_mean:417-432,417,432,YISNEYKGMPGGRNLY,r3_b1365,3,1365,"[4, 5, 6, 13]","[""nc(N)n""]",2.34352707862854,2.331251382827759,2.304738998413086,2.292297601699829,0.01227569580078125,0.0387880802154541,0.05122947692871094,0.00016570091247558594,yp+yl-y0-ypl,b07b1f2a2663b1f43e2f640981daca2e974fa076974601341733f8efb8eba26e
2773,142,dpp4_12,CC#CCn1c(N2CCC[C@@H](N)C2)nc2c1c(=O)n(Cc1nc(C)c3ccccc3n1)c(=O)n2C,CC#CCn1c(N2CCC[C@@H](N)C2)nc2c1c(=O)n(Cc1nc(C)c3ccccc3n1)c(=O)n2C,4.4076545,0.16295205061765816,2,10.1093/nar/gkw1074,w16_s4_sequence_mean:417-432,417,432,YISNEYKGMPGGRNLY,r3_b208,3,208,"[16, 18, 19, 20, 21, 22, 23, 24, 28, 29, 30, 31]","[""cc1cc(C)nc(Cn(c)c)n1""]",2.34352707862854,2.331251382827759,2.288043975830078,2.275832176208496,0.01227569580078125,0.055483102798461914,0.06769490242004395,-6.389617919921875e-05,yp+yl-y0-ypl,b07b1f2a2663b1f43e2f640981daca2e974fa076974601341733f8efb8eba26e
2773,142,dpp4_12,CC#CCn1c(N2CCC[C@@H](N)C2)nc2c1c(=O)n(Cc1nc(C)c3ccccc3n1)c(=O)n2C,CC#CCn1c(N2CCC[C@@H](N)C2)nc2c1c(=O)n(Cc1nc(C)c3ccccc3n1)c(=O)n2C,4.4076545,0.16295205061765816,2,10.1093/nar/gkw1074,w16_s4_sequence_mean:9-24,9,24,LGLLGAAALVTIITVP,r3_b1066,3,1066,"[5, 6, 7, 9, 10, 11, 12]","[""cN(C)C[C@H](N)C""]",2.34352707862854,2.333181619644165,2.2732980251312256,2.263216495513916,0.010345458984375,0.07022905349731445,0.08031058311462402,-0.0002639293670654297,yp+yl-y0-ypl,b07b1f2a2663b1f43e2f640981daca2e974fa076974601341733f8efb8eba26e
2773,142,dpp4_12,CC#CCn1c(N2CCC[C@@H](N)C2)nc2c1c(=O)n(Cc1nc(C)c3ccccc3n1)c(=O)n2C,CC#CCn1c(N2CCC[C@@H](N)C2)nc2c1c(=O)n(Cc1nc(C)c3ccccc3n1)c(=O)n2C,4.4076545,0.16295205061765816,2,10.1093/nar/gkw1074,w16_s4_sequence_mean:9-24,9,24,LGLLGAAALVTIITVP,r3_b770,3,770,"[4, 5, 6, 7, 8, 9, 10, 11, 12, 13]","[""nc(N1CCC[C@@H](N)C1)n""]",2.34352707862854,2.333181619644165,2.292705774307251,2.281909227371216,0.010345458984375,0.05082130432128906,0.06161785125732422,0.00045108795166015625,yp+yl-y0-ypl,b07b1f2a2663b1f43e2f640981daca2e974fa076974601341733f8efb8eba26e
2773,142,dpp4_12,CC#CCn1c(N2CCC[C@@H](N)C2)nc2c1c(=O)n(Cc1nc(C)c3ccccc3n1)c(=O)n2C,CC#CCn1c(N2CCC[C@@H](N)C2)nc2c1c(=O)n(Cc1nc(C)c3ccccc3n1)c(=O)n2C,4.4076545,0.16295205061765816,2,10.1093/nar/gkw1074,w16_s4_sequence_mean:9-24,9,24,LGLLGAAALVTIITVP,r3_b1765,3,1765,"[18, 19, 20]","[""cCn""]",2.34352707862854,2.333181619644165,2.2990052700042725,2.288414478302002,0.010345458984375,0.04452180862426758,0.055112600326538086,0.0002453327178955078,yp+yl-y0-ypl,b07b1f2a2663b1f43e2f640981daca2e974fa076974601341733f8efb8eba26e
2773,142,dpp4_12,CC#CCn1c(N2CCC[C@@H](N)C2)nc2c1c(=O)n(Cc1nc(C)c3ccccc3n1)c(=O)n2C,CC#CCn1c(N2CCC[C@@H](N)C2)nc2c1c(=O)n(Cc1nc(C)c3ccccc3n1)c(=O)n2C,4.4076545,0.16295205061765816,2,10.1093/nar/gkw1074,w16_s4_sequence_mean:9-24,9,24,LGLLGAAALVTIITVP,r3_b1696,3,1696,"[13, 14, 15, 33]","[""cc(n)n""]",2.34352707862854,2.333181619644165,2.2912087440490723,2.2800307273864746,0.010345458984375,0.05231833457946777,0.06349635124206543,0.0008325576782226562,yp+yl-y0-ypl,b07b1f2a2663b1f43e2f640981daca2e974fa076974601341733f8efb8eba26e
2773,142,dpp4_12,CC#CCn1c(N2CCC[C@@H](N)C2)nc2c1c(=O)n(Cc1nc(C)c3ccccc3n1)c(=O)n2C,CC#CCn1c(N2CCC[C@@H](N)C2)nc2c1c(=O)n(Cc1nc(C)c3ccccc3n1)c(=O)n2C,4.4076545,0.16295205061765816,2,10.1093/nar/gkw1074,w16_s4_sequence_mean:9-24,9,24,LGLLGAAALVTIITVP,r3_b1722,3,1722,"[22, 23]","[""cC""]",2.34352707862854,2.333181619644165,2.2979495525360107,2.2873318195343018,0.010345458984375,0.0455775260925293,0.05619525909423828,0.0002722740173339844,yp+yl-y0-ypl,b07b1f2a2663b1f43e2f640981daca2e974fa076974601341733f8efb8eba26e
2773,142,dpp4_12,CC#CCn1c(N2CCC[C@@H](N)C2)nc2c1c(=O)n(Cc1nc(C)c3ccccc3n1)c(=O)n2C,CC#CCn1c(N2CCC[C@@H](N)C2)nc2c1c(=O)n(Cc1nc(C)c3ccccc3n1)c(=O)n2C,4.4076545,0.16295205061765816,2,10.1093/nar/gkw1074,w16_s4_sequence_mean:9-24,9,24,LGLLGAAALVTIITVP,r3_b1019,3,1019,"[10, 21, 22, 23, 24, 25, 26, 28, 29, 30]","[""C"", ""ccc(c(C)n)c(c)n""]",2.34352707862854,2.333181619644165,2.297600507736206,2.287381410598755,0.010345458984375,0.045926570892333984,0.056145668029785156,-0.00012636184692382812,yp+yl-y0-ypl,b07b1f2a2663b1f43e2f640981daca2e974fa076974601341733f8efb8eba26e
2773,142,dpp4_12,CC#CCn1c(N2CCC[C@@H](N)C2)nc2c1c(=O)n(Cc1nc(C)c3ccccc3n1)c(=O)n2C,CC#CCn1c(N2CCC[C@@H](N)C2)nc2c1c(=O)n(Cc1nc(C)c3ccccc3n1)c(=O)n2C,4.4076545,0.16295205061765816,2,10.1093/nar/gkw1074,w16_s4_sequence_mean:9-24,9,24,LGLLGAAALVTIITVP,r3_b1903,3,1903,"[2, 3, 4, 5, 6, 7, 8, 10, 12, 13, 14, 15, 16, 33]","[""CCn1c(N(CC)CC)nc(n)c1c""]",2.34352707862854,2.333181619644165,2.333885908126831,2.32336163520813,0.010345458984375,0.009641170501708984,0.020165443420410156,0.00017881393432617188,yp+yl-y0-ypl,b07b1f2a2663b1f43e2f640981daca2e974fa076974601341733f8efb8eba26e
2773,142,dpp4_12,CC#CCn1c(N2CCC[C@@H](N)C2)nc2c1c(=O)n(Cc1nc(C)c3ccccc3n1)c(=O)n2C,CC#CCn1c(N2CCC[C@@H](N)C2)nc2c1c(=O)n(Cc1nc(C)c3ccccc3n1)c(=O)n2C,4.4076545,0.16295205061765816,2,10.1093/nar/gkw1074,w16_s4_sequence_mean:9-24,9,24,LGLLGAAALVTIITVP,r3_b314,3,314,"[16, 17, 31, 32]","[""c=O"", ""c=O""]",2.34352707862854,2.333181619644165,2.2928543090820312,2.2820494174957275,0.010345458984375,0.05067276954650879,0.0614776611328125,0.00045943260192871094,yp+yl-y0-ypl,b07b1f2a2663b1f43e2f640981daca2e974fa076974601341733f8efb8eba26e
2773,142,dpp4_12,CC#CCn1c(N2CCC[C@@H](N)C2)nc2c1c(=O)n(Cc1nc(C)c3ccccc3n1)c(=O)n2C,CC#CCn1c(N2CCC[C@@H](N)C2)nc2c1c(=O)n(Cc1nc(C)c3ccccc3n1)c(=O)n2C,4.4076545,0.16295205061765816,2,10.1093/nar/gkw1074,w16_s4_sequence_mean:9-24,9,24,LGLLGAAALVTIITVP,r3_b1365,3,1365,"[4, 5, 6, 13]","[""nc(N)n""]",2.34352707862854,2.333181619644165,2.304738998413086,2.2944865226745605,0.010345458984375,0.0387880802154541,0.04904055595397949,-9.298324584960938e-05,yp+yl-y0-ypl,b07b1f2a2663b1f43e2f640981daca2e974fa076974601341733f8efb8eba26e
2773,142,dpp4_12,CC#CCn1c(N2CCC[C@@H](N)C2)nc2c1c(=O)n(Cc1nc(C)c3ccccc3n1)c(=O)n2C,CC#CCn1c(N2CCC[C@@H](N)C2)nc2c1c(=O)n(Cc1nc(C)c3ccccc3n1)c(=O)n2C,4.4076545,0.16295205061765816,2,10.1093/nar/gkw1074,w16_s4_sequence_mean:9-24,9,24,LGLLGAAALVTIITVP,r3_b208,3,208,"[16, 18, 19, 20, 21, 22, 23, 24, 28, 29, 30, 31]","[""cc1cc(C)nc(Cn(c)c)n1""]",2.34352707862854,2.333181619644165,2.288043975830078,2.277578115463257,0.010345458984375,0.055483102798461914,0.0659489631652832,0.00012040138244628906,yp+yl-y0-ypl,b07b1f2a2663b1f43e2f640981daca2e974fa076974601341733f8efb8eba26e
2773,142,dpp4_12,CC#CCn1c(N2CCC[C@@H](N)C2)nc2c1c(=O)n(Cc1nc(C)c3ccccc3n1)c(=O)n2C,CC#CCn1c(N2CCC[C@@H](N)C2)nc2c1c(=O)n(Cc1nc(C)c3ccccc3n1)c(=O)n2C,4.4076545,0.16295205061765816,2,10.1093/nar/gkw1074,w16_s4_sequence_mean:751-766,751,766,IYTHMSHFIKQCFSLP,r3_b1066,3,1066,"[5, 6, 7, 9, 10, 11, 12]","[""cN(C)C[C@H](N)C""]",2.34352707862854,2.334031820297241,2.2732980251312256,2.2638919353485107,0.009495258331298828,0.07022905349731445,0.0796351432800293,-8.916854858398438e-05,yp+yl-y0-ypl,b07b1f2a2663b1f43e2f640981daca2e974fa076974601341733f8efb8eba26e
2773,142,dpp4_12,CC#CCn1c(N2CCC[C@@H](N)C2)nc2c1c(=O)n(Cc1nc(C)c3ccccc3n1)c(=O)n2C,CC#CCn1c(N2CCC[C@@H](N)C2)nc2c1c(=O)n(Cc1nc(C)c3ccccc3n1)c(=O)n2C,4.4076545,0.16295205061765816,2,10.1093/nar/gkw1074,w16_s4_sequence_mean:751-766,751,766,IYTHMSHFIKQCFSLP,r3_b770,3,770,"[4, 5, 6, 7, 8, 9, 10, 11, 12, 13]","[""nc(N1CCC[C@@H](N)C1)n""]",2.34352707862854,2.334031820297241,2.292705774307251,2.2833430767059326,0.009495258331298828,0.05082130432128906,0.06018400192260742,-0.00013256072998046875,yp+yl-y0-ypl,b07b1f2a2663b1f43e2f640981daca2e974fa076974601341733f8efb8eba26e
2773,142,dpp4_12,CC#CCn1c(N2CCC[C@@H](N)C2)nc2c1c(=O)n(Cc1nc(C)c3ccccc3n1)c(=O)n2C,CC#CCn1c(N2CCC[C@@H](N)C2)nc2c1c(=O)n(Cc1nc(C)c3ccccc3n1)c(=O)n2C,4.4076545,0.16295205061765816,2,10.1093/nar/gkw1074,w16_s4_sequence_mean:751-766,751,766,IYTHMSHFIKQCFSLP,r3_b1765,3,1765,"[18, 19, 20]","[""cCn""]",2.34352707862854,2.334031820297241,2.2990052700042725,2.2891714572906494,0.009495258331298828,0.04452180862426758,0.054355621337890625,0.00033855438232421875,yp+yl-y0-ypl,b07b1f2a2663b1f43e2f640981daca2e974fa076974601341733f8efb8eba26e
2773,142,dpp4_12,CC#CCn1c(N2CCC[C@@H](N)C2)nc2c1c(=O)n(Cc1nc(C)c3ccccc3n1)c(=O)n2C,CC#CCn1c(N2CCC[C@@H](N)C2)nc2c1c(=O)n(Cc1nc(C)c3ccccc3n1)c(=O)n2C,4.4076545,0.16295205061765816,2,10.1093/nar/gkw1074,w16_s4_sequence_mean:751-766,751,766,IYTHMSHFIKQCFSLP,r3_b1696,3,1696,"[13, 14, 15, 33]","[""cc(n)n""]",2.34352707862854,2.334031820297241,2.2912087440490723,2.281447649002075,0.009495258331298828,0.05231833457946777,0.062079429626464844,0.0002658367156982422,yp+yl-y0-ypl,b07b1f2a2663b1f43e2f640981daca2e974fa076974601341733f8efb8eba26e
2773,142,dpp4_12,CC#CCn1c(N2CCC[C@@H](N)C2)nc2c1c(=O)n(Cc1nc(C)c3ccccc3n1)c(=O)n2C,CC#CCn1c(N2CCC[C@@H](N)C2)nc2c1c(=O)n(Cc1nc(C)c3ccccc3n1)c(=O)n2C,4.4076545,0.16295205061765816,2,10.1093/nar/gkw1074,w16_s4_sequence_mean:751-766,751,766,IYTHMSHFIKQCFSLP,r3_b1722,3,1722,"[22, 23]","[""cC""]",2.34352707862854,2.334031820297241,2.2979495525360107,2.2883150577545166,0.009495258331298828,0.0455775260925293,0.05521202087402344,0.0001392364501953125,yp+yl-y0-ypl,b07b1f2a2663b1f43e2f640981daca2e974fa076974601341733f8efb8eba26e
2773,142,dpp4_12,CC#CCn1c(N2CCC[C@@H](N)C2)nc2c1c(=O)n(Cc1nc(C)c3ccccc3n1)c(=O)n2C,CC#CCn1c(N2CCC[C@@H](N)C2)nc2c1c(=O)n(Cc1nc(C)c3ccccc3n1)c(=O)n2C,4.4076545,0.16295205061765816,2,10.1093/nar/gkw1074,w16_s4_sequence_mean:751-766,751,766,IYTHMSHFIKQCFSLP,r3_b1019,3,1019,"[10, 21, 22, 23, 24, 25, 26, 28, 29, 30]","[""C"", ""ccc(c(C)n)c(c)n""]",2.34352707862854,2.334031820297241,2.297600507736206,2.288240909576416,0.009495258331298828,0.045926570892333984,0.05528616905212402,-0.00013566017150878906,yp+yl-y0-ypl,b07b1f2a2663b1f43e2f640981daca2e974fa076974601341733f8efb8eba26e
2773,142,dpp4_12,CC#CCn1c(N2CCC[C@@H](N)C2)nc2c1c(=O)n(Cc1nc(C)c3ccccc3n1)c(=O)n2C,CC#CCn1c(N2CCC[C@@H](N)C2)nc2c1c(=O)n(Cc1nc(C)c3ccccc3n1)c(=O)n2C,4.4076545,0.16295205061765816,2,10.1093/nar/gkw1074,w16_s4_sequence_mean:751-766,751,766,IYTHMSHFIKQCFSLP,r3_b1903,3,1903,"[2, 3, 4, 5, 6, 7, 8, 10, 12, 13, 14, 15, 16, 33]","[""CCn1c(N(CC)CC)nc(n)c1c""]",2.34352707862854,2.334031820297241,2.333885908126831,2.3246161937713623,0.009495258331298828,0.009641170501708984,0.018910884857177734,-0.00022554397583007812,yp+yl-y0-ypl,b07b1f2a2663b1f43e2f640981daca2e974fa076974601341733f8efb8eba26e
2773,142,dpp4_12,CC#CCn1c(N2CCC[C@@H](N)C2)nc2c1c(=O)n(Cc1nc(C)c3ccccc3n1)c(=O)n2C,CC#CCn1c(N2CCC[C@@H](N)C2)nc2c1c(=O)n(Cc1nc(C)c3ccccc3n1)c(=O)n2C,4.4076545,0.16295205061765816,2,10.1093/nar/gkw1074,w16_s4_sequence_mean:751-766,751,766,IYTHMSHFIKQCFSLP,r3_b314,3,314,"[16, 17, 31, 32]","[""c=O"", ""c=O""]",2.34352707862854,2.334031820297241,2.2928543090820312,2.283510446548462,0.009495258331298828,0.05067276954650879,0.060016632080078125,-0.0001513957977294922,yp+yl-y0-ypl,b07b1f2a2663b1f43e2f640981daca2e974fa076974601341733f8efb8eba26e
2773,142,dpp4_12,CC#CCn1c(N2CCC[C@@H](N)C2)nc2c1c(=O)n(Cc1nc(C)c3ccccc3n1)c(=O)n2C,CC#CCn1c(N2CCC[C@@H](N)C2)nc2c1c(=O)n(Cc1nc(C)c3ccccc3n1)c(=O)n2C,4.4076545,0.16295205061765816,2,10.1093/nar/gkw1074,w16_s4_sequence_mean:751-766,751,766,IYTHMSHFIKQCFSLP,r3_b1365,3,1365,"[4, 5, 6, 13]","[""nc(N)n""]",2.34352707862854,2.334031820297241,2.304738998413086,2.294881582260132,0.009495258331298828,0.0387880802154541,0.0486454963684082,0.00036215782165527344,yp+yl-y0-ypl,b07b1f2a2663b1f43e2f640981daca2e974fa076974601341733f8efb8eba26e
2773,142,dpp4_12,CC#CCn1c(N2CCC[C@@H](N)C2)nc2c1c(=O)n(Cc1nc(C)c3ccccc3n1)c(=O)n2C,CC#CCn1c(N2CCC[C@@H](N)C2)nc2c1c(=O)n(Cc1nc(C)c3ccccc3n1)c(=O)n2C,4.4076545,0.16295205061765816,2,10.1093/nar/gkw1074,w16_s4_sequence_mean:751-766,751,766,IYTHMSHFIKQCFSLP,r3_b208,3,208,"[16, 18, 19, 20, 21, 22, 23, 24, 28, 29, 30, 31]","[""cc1cc(C)nc(Cn(c)c)n1""]",2.34352707862854,2.334031820297241,2.288043975830078,2.2781317234039307,0.009495258331298828,0.055483102798461914,0.06539535522460938,0.0004169940948486328,yp+yl-y0-ypl,b07b1f2a2663b1f43e2f640981daca2e974fa076974601341733f8efb8eba26e
2773,142,dpp4_12,CC#CCn1c(N2CCC[C@@H](N)C2)nc2c1c(=O)n(Cc1nc(C)c3ccccc3n1)c(=O)n2C,CC#CCn1c(N2CCC[C@@H](N)C2)nc2c1c(=O)n(Cc1nc(C)c3ccccc3n1)c(=O)n2C,4.4076545,0.16295205061765816,2,10.1093/nar/gkw1074,w16_s4_sequence_mean:425-440,425,440,MPGGRNLYKIQLSDYT,r3_b1066,3,1066,"[5, 6, 7, 9, 10, 11, 12]","[""cN(C)C[C@H](N)C""]",2.34352707862854,2.332841634750366,2.2732980251312256,2.2631287574768066,0.010685443878173828,0.07022905349731445,0.0803983211517334,-0.0005161762237548828,yp+yl-y0-ypl,b07b1f2a2663b1f43e2f640981daca2e974fa076974601341733f8efb8eba26e
2773,142,dpp4_12,CC#CCn1c(N2CCC[C@@H](N)C2)nc2c1c(=O)n(Cc1nc(C)c3ccccc3n1)c(=O)n2C,CC#CCn1c(N2CCC[C@@H](N)C2)nc2c1c(=O)n(Cc1nc(C)c3ccccc3n1)c(=O)n2C,4.4076545,0.16295205061765816,2,10.1093/nar/gkw1074,w16_s4_sequence_mean:425-440,425,440,MPGGRNLYKIQLSDYT,r3_b770,3,770,"[4, 5, 6, 7, 8, 9, 10, 11, 12, 13]","[""nc(N1CCC[C@@H](N)C1)n""]",2.34352707862854,2.332841634750366,2.292705774307251,2.2822420597076416,0.010685443878173828,0.05082130432128906,0.06128501892089844,-0.00022172927856445312,yp+yl-y0-ypl,b07b1f2a2663b1f43e2f640981daca2e974fa076974601341733f8efb8eba26e
2773,142,dpp4_12,CC#CCn1c(N2CCC[C@@H](N)C2)nc2c1c(=O)n(Cc1nc(C)c3ccccc3n1)c(=O)n2C,CC#CCn1c(N2CCC[C@@H](N)C2)nc2c1c(=O)n(Cc1nc(C)c3ccccc3n1)c(=O)n2C,4.4076545,0.16295205061765816,2,10.1093/nar/gkw1074,w16_s4_sequence_mean:425-440,425,440,MPGGRNLYKIQLSDYT,r3_b1765,3,1765,"[18, 19, 20]","[""cCn""]",2.34352707862854,2.332841634750366,2.2990052700042725,2.2887461185455322,0.010685443878173828,0.04452180862426758,0.05478096008300781,-0.00042629241943359375,yp+yl-y0-ypl,b07b1f2a2663b1f43e2f640981daca2e974fa076974601341733f8efb8eba26e
2773,142,dpp4_12,CC#CCn1c(N2CCC[C@@H](N)C2)nc2c1c(=O)n(Cc1nc(C)c3ccccc3n1)c(=O)n2C,CC#CCn1c(N2CCC[C@@H](N)C2)nc2c1c(=O)n(Cc1nc(C)c3ccccc3n1)c(=O)n2C,4.4076545,0.16295205061765816,2,10.1093/nar/gkw1074,w16_s4_sequence_mean:425-440,425,440,MPGGRNLYKIQLSDYT,r3_b1696,3,1696,"[13, 14, 15, 33]","[""cc(n)n""]",2.34352707862854,2.332841634750366,2.2912087440490723,2.281003713607788,0.010685443878173828,0.05231833457946777,0.06252336502075195,-0.00048041343688964844,yp+yl-y0-ypl,b07b1f2a2663b1f43e2f640981daca2e974fa076974601341733f8efb8eba26e
2773,142,dpp4_12,CC#CCn1c(N2CCC[C@@H](N)C2)nc2c1c(=O)n(Cc1nc(C)c3ccccc3n1)c(=O)n2C,CC#CCn1c(N2CCC[C@@H](N)C2)nc2c1c(=O)n(Cc1nc(C)c3ccccc3n1)c(=O)n2C,4.4076545,0.16295205061765816,2,10.1093/nar/gkw1074,w16_s4_sequence_mean:425-440,425,440,MPGGRNLYKIQLSDYT,r3_b1722,3,1722,"[22, 23]","[""cC""]",2.34352707862854,2.332841634750366,2.2979495525360107,2.287450075149536,0.010685443878173828,0.0455775260925293,0.056077003479003906,-0.00018596649169921875,yp+yl-y0-ypl,b07b1f2a2663b1f43e2f640981daca2e974fa076974601341733f8efb8eba26e
2773,142,dpp4_12,CC#CCn1c(N2CCC[C@@H](N)C2)nc2c1c(=O)n(Cc1nc(C)c3ccccc3n1)c(=O)n2C,CC#CCn1c(N2CCC[C@@H](N)C2)nc2c1c(=O)n(Cc1nc(C)c3ccccc3n1)c(=O)n2C,4.4076545,0.16295205061765816,2,10.1093/nar/gkw1074,w16_s4_sequence_mean:425-440,425,440,MPGGRNLYKIQLSDYT,r3_b1019,3,1019,"[10, 21, 22, 23, 24, 25, 26, 28, 29, 30]","[""C"", ""ccc(c(C)n)c(c)n""]",2.34352707862854,2.332841634750366,2.297600507736206,2.2871129512786865,0.010685443878173828,0.045926570892333984,0.056414127349853516,-0.00019788742065429688,yp+yl-y0-ypl,b07b1f2a2663b1f43e2f640981daca2e974fa076974601341733f8efb8eba26e
2773,142,dpp4_12,CC#CCn1c(N2CCC[C@@H](N)C2)nc2c1c(=O)n(Cc1nc(C)c3ccccc3n1)c(=O)n2C,CC#CCn1c(N2CCC[C@@H](N)C2)nc2c1c(=O)n(Cc1nc(C)c3ccccc3n1)c(=O)n2C,4.4076545,0.16295205061765816,2,10.1093/nar/gkw1074,w16_s4_sequence_mean:425-440,425,440,MPGGRNLYKIQLSDYT,r3_b1903,3,1903,"[2, 3, 4, 5, 6, 7, 8, 10, 12, 13, 14, 15, 16, 33]","[""CCn1c(N(CC)CC)nc(n)c1c""]",2.34352707862854,2.332841634750366,2.333885908126831,2.322736978530884,0.010685443878173828,0.009641170501708984,0.02079010009765625,0.0004634857177734375,yp+yl-y0-ypl,b07b1f2a2663b1f43e2f640981daca2e974fa076974601341733f8efb8eba26e
2773,142,dpp4_12,CC#CCn1c(N2CCC[C@@H](N)C2)nc2c1c(=O)n(Cc1nc(C)c3ccccc3n1)c(=O)n2C,CC#CCn1c(N2CCC[C@@H](N)C2)nc2c1c(=O)n(Cc1nc(C)c3ccccc3n1)c(=O)n2C,4.4076545,0.16295205061765816,2,10.1093/nar/gkw1074,w16_s4_sequence_mean:425-440,425,440,MPGGRNLYKIQLSDYT,r3_b314,3,314,"[16, 17, 31, 32]","[""c=O"", ""c=O""]",2.34352707862854,2.332841634750366,2.2928543090820312,2.2816522121429443,0.010685443878173828,0.05067276954650879,0.0618748664855957,0.0005166530609130859,yp+yl-y0-ypl,b07b1f2a2663b1f43e2f640981daca2e974fa076974601341733f8efb8eba26e
2773,142,dpp4_12,CC#CCn1c(N2CCC[C@@H](N)C2)nc2c1c(=O)n(Cc1nc(C)c3ccccc3n1)c(=O)n2C,CC#CCn1c(N2CCC[C@@H](N)C2)nc2c1c(=O)n(Cc1nc(C)c3ccccc3n1)c(=O)n2C,4.4076545,0.16295205061765816,2,10.1093/nar/gkw1074,w16_s4_sequence_mean:425-440,425,440,MPGGRNLYKIQLSDYT,r3_b1365,3,1365,"[4, 5, 6, 13]","[""nc(N)n""]",2.34352707862854,2.332841634750366,2.304738998413086,2.2940289974212646,0.010685443878173828,0.0387880802154541,0.04949808120727539,2.4557113647460938e-05,yp+yl-y0-ypl,b07b1f2a2663b1f43e2f640981daca2e974fa076974601341733f8efb8eba26e
2773,142,dpp4_12,CC#CCn1c(N2CCC[C@@H](N)C2)nc2c1c(=O)n(Cc1nc(C)c3ccccc3n1)c(=O)n2C,CC#CCn1c(N2CCC[C@@H](N)C2)nc2c1c(=O)n(Cc1nc(C)c3ccccc3n1)c(=O)n2C,4.4076545,0.16295205061765816,2,10.1093/nar/gkw1074,w16_s4_sequence_mean:425-440,425,440,MPGGRNLYKIQLSDYT,r3_b208,3,208,"[16, 18, 19, 20, 21, 22, 23, 24, 28, 29, 30, 31]","[""cc1cc(C)nc(Cn(c)c)n1""]",2.34352707862854,2.332841634750366,2.288043975830078,2.277628183364868,0.010685443878173828,0.055483102798461914,0.06589889526367188,-0.0002696514129638672,yp+yl-y0-ypl,b07b1f2a2663b1f43e2f640981daca2e974fa076974601341733f8efb8eba26e
2773,142,dpp4_12,CC#CCn1c(N2CCC[C@@H](N)C2)nc2c1c(=O)n(Cc1nc(C)c3ccccc3n1)c(=O)n2C,CC#CCn1c(N2CCC[C@@H](N)C2)nc2c1c(=O)n(Cc1nc(C)c3ccccc3n1)c(=O)n2C,4.4076545,0.16295205061765816,2,10.1093/nar/gkw1074,w16_s4_sequence_mean:421-436,421,436,EYKGMPGGRNLYKIQL,r3_b1066,3,1066,"[5, 6, 7, 9, 10, 11, 12]","[""cN(C)C[C@H](N)C""]",2.34352707862854,2.3329977989196777,2.2732980251312256,2.2632853984832764,0.010529279708862305,0.07022905349731445,0.08024168014526367,-0.0005166530609130859,yp+yl-y0-ypl,b07b1f2a2663b1f43e2f640981daca2e974fa076974601341733f8efb8eba26e
2773,142,dpp4_12,CC#CCn1c(N2CCC[C@@H](N)C2)nc2c1c(=O)n(Cc1nc(C)c3ccccc3n1)c(=O)n2C,CC#CCn1c(N2CCC[C@@H](N)C2)nc2c1c(=O)n(Cc1nc(C)c3ccccc3n1)c(=O)n2C,4.4076545,0.16295205061765816,2,10.1093/nar/gkw1074,w16_s4_sequence_mean:421-436,421,436,EYKGMPGGRNLYKIQL,r3_b770,3,770,"[4, 5, 6, 7, 8, 9, 10, 11, 12, 13]","[""nc(N1CCC[C@@H](N)C1)n""]",2.34352707862854,2.3329977989196777,2.292705774307251,2.282519578933716,0.010529279708862305,0.05082130432128906,0.06100749969482422,-0.00034308433532714844,yp+yl-y0-ypl,b07b1f2a2663b1f43e2f640981daca2e974fa076974601341733f8efb8eba26e
2773,142,dpp4_12,CC#CCn1c(N2CCC[C@@H](N)C2)nc2c1c(=O)n(Cc1nc(C)c3ccccc3n1)c(=O)n2C,CC#CCn1c(N2CCC[C@@H](N)C2)nc2c1c(=O)n(Cc1nc(C)c3ccccc3n1)c(=O)n2C,4.4076545,0.16295205061765816,2,10.1093/nar/gkw1074,w16_s4_sequence_mean:421-436,421,436,EYKGMPGGRNLYKIQL,r3_b1765,3,1765,"[18, 19, 20]","[""cCn""]",2.34352707862854,2.3329977989196777,2.2990052700042725,2.2889821529388428,0.010529279708862305,0.04452180862426758,0.054544925689697266,-0.0005061626434326172,yp+yl-y0-ypl,b07b1f2a2663b1f43e2f640981daca2e974fa076974601341733f8efb8eba26e
2773,142,dpp4_12,CC#CCn1c(N2CCC[C@@H](N)C2)nc2c1c(=O)n(Cc1nc(C)c3ccccc3n1)c(=O)n2C,CC#CCn1c(N2CCC[C@@H](N)C2)nc2c1c(=O)n(Cc1nc(C)c3ccccc3n1)c(=O)n2C,4.4076545,0.16295205061765816,2,10.1093/nar/gkw1074,w16_s4_sequence_mean:421-436,421,436,EYKGMPGGRNLYKIQL,r3_b1696,3,1696,"[13, 14, 15, 33]","[""cc(n)n""]",2.34352707862854,2.3329977989196777,2.2912087440490723,2.2812864780426025,0.010529279708862305,0.05231833457946777,0.0622406005859375,-0.0006070137023925781,yp+yl-y0-ypl,b07b1f2a2663b1f43e2f640981daca2e974fa076974601341733f8efb8eba26e
2773,142,dpp4_12,CC#CCn1c(N2CCC[C@@H](N)C2)nc2c1c(=O)n(Cc1nc(C)c3ccccc3n1)c(=O)n2C,CC#CCn1c(N2CCC[C@@H](N)C2)nc2c1c(=O)n(Cc1nc(C)c3ccccc3n1)c(=O)n2C,4.4076545,0.16295205061765816,2,10.1093/nar/gkw1074,w16_s4_sequence_mean:421-436,421,436,EYKGMPGGRNLYKIQL,r3_b1722,3,1722,"[22, 23]","[""cC""]",2.34352707862854,2.3329977989196777,2.2979495525360107,2.287646770477295,0.010529279708862305,0.0455775260925293,0.05588030815124512,-0.00022649765014648438,yp+yl-y0-ypl,b07b1f2a2663b1f43e2f640981daca2e974fa076974601341733f8efb8eba26e
2773,142,dpp4_12,CC#CCn1c(N2CCC[C@@H](N)C2)nc2c1c(=O)n(Cc1nc(C)c3ccccc3n1)c(=O)n2C,CC#CCn1c(N2CCC[C@@H](N)C2)nc2c1c(=O)n(Cc1nc(C)c3ccccc3n1)c(=O)n2C,4.4076545,0.16295205061765816,2,10.1093/nar/gkw1074,w16_s4_sequence_mean:421-436,421,436,EYKGMPGGRNLYKIQL,r3_b1019,3,1019,"[10, 21, 22, 23, 24, 25, 26, 28, 29, 30]","[""C"", ""ccc(c(C)n)c(c)n""]",2.34352707862854,2.3329977989196777,2.297600507736206,2.287198066711426,0.010529279708862305,0.045926570892333984,0.05632901191711426,-0.00012683868408203125,yp+yl-y0-ypl,b07b1f2a2663b1f43e2f640981daca2e974fa076974601341733f8efb8eba26e
2773,142,dpp4_12,CC#CCn1c(N2CCC[C@@H](N)C2)nc2c1c(=O)n(Cc1nc(C)c3ccccc3n1)c(=O)n2C,CC#CCn1c(N2CCC[C@@H](N)C2)nc2c1c(=O)n(Cc1nc(C)c3ccccc3n1)c(=O)n2C,4.4076545,0.16295205061765816,2,10.1093/nar/gkw1074,w16_s4_sequence_mean:421-436,421,436,EYKGMPGGRNLYKIQL,r3_b1903,3,1903,"[2, 3, 4, 5, 6, 7, 8, 10, 12, 13, 14, 15, 16, 33]","[""CCn1c(N(CC)CC)nc(n)c1c""]",2.34352707862854,2.3329977989196777,2.333885908126831,2.323087215423584,0.010529279708862305,0.009641170501708984,0.020439863204956055,0.0002694129943847656,yp+yl-y0-ypl,b07b1f2a2663b1f43e2f640981daca2e974fa076974601341733f8efb8eba26e
2773,142,dpp4_12,CC#CCn1c(N2CCC[C@@H](N)C2)nc2c1c(=O)n(Cc1nc(C)c3ccccc3n1)c(=O)n2C,CC#CCn1c(N2CCC[C@@H](N)C2)nc2c1c(=O)n(Cc1nc(C)c3ccccc3n1)c(=O)n2C,4.4076545,0.16295205061765816,2,10.1093/nar/gkw1074,w16_s4_sequence_mean:421-436,421,436,EYKGMPGGRNLYKIQL,r3_b314,3,314,"[16, 17, 31, 32]","[""c=O"", ""c=O""]",2.34352707862854,2.3329977989196777,2.2928543090820312,2.2822632789611816,0.010529279708862305,0.05067276954650879,0.0612637996673584,6.175041198730469e-05,yp+yl-y0-ypl,b07b1f2a2663b1f43e2f640981daca2e974fa076974601341733f8efb8eba26e
2773,142,dpp4_12,CC#CCn1c(N2CCC[C@@H](N)C2)nc2c1c(=O)n(Cc1nc(C)c3ccccc3n1)c(=O)n2C,CC#CCn1c(N2CCC[C@@H](N)C2)nc2c1c(=O)n(Cc1nc(C)c3ccccc3n1)c(=O)n2C,4.4076545,0.16295205061765816,2,10.1093/nar/gkw1074,w16_s4_sequence_mean:421-436,421,436,EYKGMPGGRNLYKIQL,r3_b1365,3,1365,"[4, 5, 6, 13]","[""nc(N)n""]",2.34352707862854,2.3329977989196777,2.304738998413086,2.29410719871521,0.010529279708862305,0.0387880802154541,0.04941987991333008,0.00010251998901367188,yp+yl-y0-ypl,b07b1f2a2663b1f43e2f640981daca2e974fa076974601341733f8efb8eba26e
2773,142,dpp4_12,CC#CCn1c(N2CCC[C@@H](N)C2)nc2c1c(=O)n(Cc1nc(C)c3ccccc3n1)c(=O)n2C,CC#CCn1c(N2CCC[C@@H](N)C2)nc2c1c(=O)n(Cc1nc(C)c3ccccc3n1)c(=O)n2C,4.4076545,0.16295205061765816,2,10.1093/nar/gkw1074,w16_s4_sequence_mean:421-436,421,436,EYKGMPGGRNLYKIQL,r3_b208,3,208,"[16, 18, 19, 20, 21, 22, 23, 24, 28, 29, 30, 31]","[""cc1cc(C)nc(Cn(c)c)n1""]",2.34352707862854,2.3329977989196777,2.288043975830078,2.2776987552642822,0.010529279708862305,0.055483102798461914,0.06582832336425781,-0.00018405914306640625,yp+yl-y0-ypl,b07b1f2a2663b1f43e2f640981daca2e974fa076974601341733f8efb8eba26e
2773,142,dpp4_12,CC#CCn1c(N2CCC[C@@H](N)C2)nc2c1c(=O)n(Cc1nc(C)c3ccccc3n1)c(=O)n2C,CC#CCn1c(N2CCC[C@@H](N)C2)nc2c1c(=O)n(Cc1nc(C)c3ccccc3n1)c(=O)n2C,4.4076545,0.16295205061765816,2,10.1093/nar/gkw1074,w16_s4_sequence_mean:17-32,17,32,LVTIITVPVVLLNKGT,r3_b1066,3,1066,"[5, 6, 7, 9, 10, 11, 12]","[""cN(C)C[C@H](N)C""]",2.34352707862854,2.330165147781372,2.2732980251312256,2.261082887649536,0.013361930847167969,0.07022905349731445,0.0824441909790039,-0.0011467933654785156,yp+yl-y0-ypl,b07b1f2a2663b1f43e2f640981daca2e974fa076974601341733f8efb8eba26e
2773,142,dpp4_12,CC#CCn1c(N2CCC[C@@H](N)C2)nc2c1c(=O)n(Cc1nc(C)c3ccccc3n1)c(=O)n2C,CC#CCn1c(N2CCC[C@@H](N)C2)nc2c1c(=O)n(Cc1nc(C)c3ccccc3n1)c(=O)n2C,4.4076545,0.16295205061765816,2,10.1093/nar/gkw1074,w16_s4_sequence_mean:17-32,17,32,LVTIITVPVVLLNKGT,r3_b770,3,770,"[4, 5, 6, 7, 8, 9, 10, 11, 12, 13]","[""nc(N1CCC[C@@H](N)C1)n""]",2.34352707862854,2.330165147781372,2.292705774307251,2.279527187347412,0.013361930847167969,0.05082130432128906,0.06399989128112793,-0.00018334388732910156,yp+yl-y0-ypl,b07b1f2a2663b1f43e2f640981daca2e974fa076974601341733f8efb8eba26e
2773,142,dpp4_12,CC#CCn1c(N2CCC[C@@H](N)C2)nc2c1c(=O)n(Cc1nc(C)c3ccccc3n1)c(=O)n2C,CC#CCn1c(N2CCC[C@@H](N)C2)nc2c1c(=O)n(Cc1nc(C)c3ccccc3n1)c(=O)n2C,4.4076545,0.16295205061765816,2,10.1093/nar/gkw1074,w16_s4_sequence_mean:17-32,17,32,LVTIITVPVVLLNKGT,r3_b1765,3,1765,"[18, 19, 20]","[""cCn""]",2.34352707862854,2.330165147781372,2.2990052700042725,2.28635573387146,0.013361930847167969,0.04452180862426758,0.05717134475708008,-0.0007123947143554688,yp+yl-y0-ypl,b07b1f2a2663b1f43e2f640981daca2e974fa076974601341733f8efb8eba26e
2773,142,dpp4_12,CC#CCn1c(N2CCC[C@@H](N)C2)nc2c1c(=O)n(Cc1nc(C)c3ccccc3n1)c(=O)n2C,CC#CCn1c(N2CCC[C@@H](N)C2)nc2c1c(=O)n(Cc1nc(C)c3ccccc3n1)c(=O)n2C,4.4076545,0.16295205061765816,2,10.1093/nar/gkw1074,w16_s4_sequence_mean:17-32,17,32,LVTIITVPVVLLNKGT,r3_b1696,3,1696,"[13, 14, 15, 33]","[""cc(n)n""]",2.34352707862854,2.330165147781372,2.2912087440490723,2.2780754566192627,0.013361930847167969,0.05231833457946777,0.06545162200927734,-0.00022864341735839844,yp+yl-y0-ypl,b07b1f2a2663b1f43e2f640981daca2e974fa076974601341733f8efb8eba26e
2773,142,dpp4_12,CC#CCn1c(N2CCC[C@@H](N)C2)nc2c1c(=O)n(Cc1nc(C)c3ccccc3n1)c(=O)n2C,CC#CCn1c(N2CCC[C@@H](N)C2)nc2c1c(=O)n(Cc1nc(C)c3ccccc3n1)c(=O)n2C,4.4076545,0.16295205061765816,2,10.1093/nar/gkw1074,w16_s4_sequence_mean:17-32,17,32,LVTIITVPVVLLNKGT,r3_b1722,3,1722,"[22, 23]","[""cC""]",2.34352707862854,2.330165147781372,2.2979495525360107,2.284663677215576,0.013361930847167969,0.0455775260925293,0.05886340141296387,-7.605552673339844e-05,yp+yl-y0-ypl,b07b1f2a2663b1f43e2f640981daca2e974fa076974601341733f8efb8eba26e
2773,142,dpp4_12,CC#CCn1c(N2CCC[C@@H](N)C2)nc2c1c(=O)n(Cc1nc(C)c3ccccc3n1)c(=O)n2C,CC#CCn1c(N2CCC[C@@H](N)C2)nc2c1c(=O)n(Cc1nc(C)c3ccccc3n1)c(=O)n2C,4.4076545,0.16295205061765816,2,10.1093/nar/gkw1074,w16_s4_sequence_mean:17-32,17,32,LVTIITVPVVLLNKGT,r3_b1019,3,1019,"[10, 21, 22, 23, 24, 25, 26, 28, 29, 30]","[""C"", ""ccc(c(C)n)c(c)n""]",2.34352707862854,2.330165147781372,2.297600507736206,2.2850403785705566,0.013361930847167969,0.045926570892333984,0.0584867000579834,-0.0008018016815185547,yp+yl-y0-ypl,b07b1f2a2663b1f43e2f640981daca2e974fa076974601341733f8efb8eba26e
2773,142,dpp4_12,CC#CCn1c(N2CCC[C@@H](N)C2)nc2c1c(=O)n(Cc1nc(C)c3ccccc3n1)c(=O)n2C,CC#CCn1c(N2CCC[C@@H](N)C2)nc2c1c(=O)n(Cc1nc(C)c3ccccc3n1)c(=O)n2C,4.4076545,0.16295205061765816,2,10.1093/nar/gkw1074,w16_s4_sequence_mean:17-32,17,32,LVTIITVPVVLLNKGT,r3_b1903,3,1903,"[2, 3, 4, 5, 6, 7, 8, 10, 12, 13, 14, 15, 16, 33]","[""CCn1c(N(CC)CC)nc(n)c1c""]",2.34352707862854,2.330165147781372,2.333885908126831,2.320516347885132,0.013361930847167969,0.009641170501708984,0.023010730743408203,7.62939453125e-06,yp+yl-y0-ypl,b07b1f2a2663b1f43e2f640981daca2e974fa076974601341733f8efb8eba26e
2773,142,dpp4_12,CC#CCn1c(N2CCC[C@@H](N)C2)nc2c1c(=O)n(Cc1nc(C)c3ccccc3n1)c(=O)n2C,CC#CCn1c(N2CCC[C@@H](N)C2)nc2c1c(=O)n(Cc1nc(C)c3ccccc3n1)c(=O)n2C,4.4076545,0.16295205061765816,2,10.1093/nar/gkw1074,w16_s4_sequence_mean:17-32,17,32,LVTIITVPVVLLNKGT,r3_b314,3,314,"[16, 17, 31, 32]","[""c=O"", ""c=O""]",2.34352707862854,2.330165147781372,2.2928543090820312,2.279517412185669,0.013361930847167969,0.05067276954650879,0.0640096664428711,-2.5033950805664062e-05,yp+yl-y0-ypl,b07b1f2a2663b1f43e2f640981daca2e974fa076974601341733f8efb8eba26e
2773,142,dpp4_12,CC#CCn1c(N2CCC[C@@H](N)C2)nc2c1c(=O)n(Cc1nc(C)c3ccccc3n1)c(=O)n2C,CC#CCn1c(N2CCC[C@@H](N)C2)nc2c1c(=O)n(Cc1nc(C)c3ccccc3n1)c(=O)n2C,4.4076545,0.16295205061765816,2,10.1093/nar/gkw1074,w16_s4_sequence_mean:17-32,17,32,LVTIITVPVVLLNKGT,r3_b1365,3,1365,"[4, 5, 6, 13]","[""nc(N)n""]",2.34352707862854,2.330165147781372,2.304738998413086,2.292616844177246,0.013361930847167969,0.0387880802154541,0.050910234451293945,-0.001239776611328125,yp+yl-y0-ypl,b07b1f2a2663b1f43e2f640981daca2e974fa076974601341733f8efb8eba26e
2773,142,dpp4_12,CC#CCn1c(N2CCC[C@@H](N)C2)nc2c1c(=O)n(Cc1nc(C)c3ccccc3n1)c(=O)n2C,CC#CCn1c(N2CCC[C@@H](N)C2)nc2c1c(=O)n(Cc1nc(C)c3ccccc3n1)c(=O)n2C,4.4076545,0.16295205061765816,2,10.1093/nar/gkw1074,w16_s4_sequence_mean:17-32,17,32,LVTIITVPVVLLNKGT,r3_b208,3,208,"[16, 18, 19, 20, 21, 22, 23, 24, 28, 29, 30, 31]","[""cc1cc(C)nc(Cn(c)c)n1""]",2.34352707862854,2.330165147781372,2.288043975830078,2.27492356300354,0.013361930847167969,0.055483102798461914,0.068603515625,-0.0002415180206298828,yp+yl-y0-ypl,b07b1f2a2663b1f43e2f640981daca2e974fa076974601341733f8efb8eba26e
2773,142,dpp4_12,CC#CCn1c(N2CCC[C@@H](N)C2)nc2c1c(=O)n(Cc1nc(C)c3ccccc3n1)c(=O)n2C,CC#CCn1c(N2CCC[C@@H](N)C2)nc2c1c(=O)n(Cc1nc(C)c3ccccc3n1)c(=O)n2C,4.4076545,0.16295205061765816,2,10.1093/nar/gkw1074,w16_s4_sequence_mean:377-392,377,392,NEEGYRHICYFQIDKK,r3_b1066,3,1066,"[5, 6, 7, 9, 10, 11, 12]","[""cN(C)C[C@H](N)C""]",2.34352707862854,2.325812578201294,2.2732980251312256,2.256513833999634,0.017714500427246094,0.07022905349731445,0.08701324462890625,-0.0009303092956542969,yp+yl-y0-ypl,b07b1f2a2663b1f43e2f640981daca2e974fa076974601341733f8efb8eba26e
2773,142,dpp4_12,CC#CCn1c(N2CCC[C@@H](N)C2)nc2c1c(=O)n(Cc1nc(C)c3ccccc3n1)c(=O)n2C,CC#CCn1c(N2CCC[C@@H](N)C2)nc2c1c(=O)n(Cc1nc(C)c3ccccc3n1)c(=O)n2C,4.4076545,0.16295205061765816,2,10.1093/nar/gkw1074,w16_s4_sequence_mean:377-392,377,392,NEEGYRHICYFQIDKK,r3_b770,3,770,"[4, 5, 6, 7, 8, 9, 10, 11, 12, 13]","[""nc(N1CCC[C@@H](N)C1)n""]",2.34352707862854,2.325812578201294,2.292705774307251,2.275501251220703,0.017714500427246094,0.05082130432128906,0.06802582740783691,-0.0005099773406982422,yp+yl-y0-ypl,b07b1f2a2663b1f43e2f640981daca2e974fa076974601341733f8efb8eba26e
2773,142,dpp4_12,CC#CCn1c(N2CCC[C@@H](N)C2)nc2c1c(=O)n(Cc1nc(C)c3ccccc3n1)c(=O)n2C,CC#CCn1c(N2CCC[C@@H](N)C2)nc2c1c(=O)n(Cc1nc(C)c3ccccc3n1)c(=O)n2C,4.4076545,0.16295205061765816,2,10.1093/nar/gkw1074,w16_s4_sequence_mean:377-392,377,392,NEEGYRHICYFQIDKK,r3_b1765,3,1765,"[18, 19, 20]","[""cCn""]",2.34352707862854,2.325812578201294,2.2990052700042725,2.282318353652954,0.017714500427246094,0.04452180862426758,0.06120872497558594,-0.0010275840759277344,yp+yl-y0-ypl,b07b1f2a2663b1f43e2f640981daca2e974fa076974601341733f8efb8eba26e
2773,142,dpp4_12,CC#CCn1c(N2CCC[C@@H](N)C2)nc2c1c(=O)n(Cc1nc(C)c3ccccc3n1)c(=O)n2C,CC#CCn1c(N2CCC[C@@H](N)C2)nc2c1c(=O)n(Cc1nc(C)c3ccccc3n1)c(=O)n2C,4.4076545,0.16295205061765816,2,10.1093/nar/gkw1074,w16_s4_sequence_mean:377-392,377,392,NEEGYRHICYFQIDKK,r3_b1696,3,1696,"[13, 14, 15, 33]","[""cc(n)n""]",2.34352707862854,2.325812578201294,2.2912087440490723,2.2746152877807617,0.017714500427246094,0.05231833457946777,0.06891179084777832,-0.0011210441589355469,yp+yl-y0-ypl,b07b1f2a2663b1f43e2f640981daca2e974fa076974601341733f8efb8eba26e
2773,142,dpp4_12,CC#CCn1c(N2CCC[C@@H](N)C2)nc2c1c(=O)n(Cc1nc(C)c3ccccc3n1)c(=O)n2C,CC#CCn1c(N2CCC[C@@H](N)C2)nc2c1c(=O)n(Cc1nc(C)c3ccccc3n1)c(=O)n2C,4.4076545,0.16295205061765816,2,10.1093/nar/gkw1074,w16_s4_sequence_mean:377-392,377,392,NEEGYRHICYFQIDKK,r3_b1722,3,1722,"[22, 23]","[""cC""]",2.34352707862854,2.325812578201294,2.2979495525360107,2.2806508541107178,0.017714500427246094,0.0455775260925293,0.06287622451782227,-0.000415802001953125,yp+yl-y0-ypl,b07b1f2a2663b1f43e2f640981daca2e974fa076974601341733f8efb8eba26e
2773,142,dpp4_12,CC#CCn1c(N2CCC[C@@H](N)C2)nc2c1c(=O)n(Cc1nc(C)c3ccccc3n1)c(=O)n2C,CC#CCn1c(N2CCC[C@@H](N)C2)nc2c1c(=O)n(Cc1nc(C)c3ccccc3n1)c(=O)n2C,4.4076545,0.16295205061765816,2,10.1093/nar/gkw1074,w16_s4_sequence_mean:377-392,377,392,NEEGYRHICYFQIDKK,r3_b1019,3,1019,"[10, 21, 22, 23, 24, 25, 26, 28, 29, 30]","[""C"", ""ccc(c(C)n)c(c)n""]",2.34352707862854,2.325812578201294,2.297600507736206,2.280561685562134,0.017714500427246094,0.045926570892333984,0.06296539306640625,-0.0006756782531738281,yp+yl-y0-ypl,b07b1f2a2663b1f43e2f640981daca2e974fa076974601341733f8efb8eba26e
2773,142,dpp4_12,CC#CCn1c(N2CCC[C@@H](N)C2)nc2c1c(=O)n(Cc1nc(C)c3ccccc3n1)c(=O)n2C,CC#CCn1c(N2CCC[C@@H](N)C2)nc2c1c(=O)n(Cc1nc(C)c3ccccc3n1)c(=O)n2C,4.4076545,0.16295205061765816,2,10.1093/nar/gkw1074,w16_s4_sequence_mean:377-392,377,392,NEEGYRHICYFQIDKK,r3_b1903,3,1903,"[2, 3, 4, 5, 6, 7, 8, 10, 12, 13, 14, 15, 16, 33]","[""CCn1c(N(CC)CC)nc(n)c1c""]",2.34352707862854,2.325812578201294,2.333885908126831,2.3161747455596924,0.017714500427246094,0.009641170501708984,0.027352333068847656,-3.337860107421875e-06,yp+yl-y0-ypl,b07b1f2a2663b1f43e2f640981daca2e974fa076974601341733f8efb8eba26e
2773,142,dpp4_12,CC#CCn1c(N2CCC[C@@H](N)C2)nc2c1c(=O)n(Cc1nc(C)c3ccccc3n1)c(=O)n2C,CC#CCn1c(N2CCC[C@@H](N)C2)nc2c1c(=O)n(Cc1nc(C)c3ccccc3n1)c(=O)n2C,4.4076545,0.16295205061765816,2,10.1093/nar/gkw1074,w16_s4_sequence_mean:377-392,377,392,NEEGYRHICYFQIDKK,r3_b314,3,314,"[16, 17, 31, 32]","[""c=O"", ""c=O""]",2.34352707862854,2.325812578201294,2.2928543090820312,2.274846315383911,0.017714500427246094,0.05067276954650879,0.0686807632446289,0.00029349327087402344,yp+yl-y0-ypl,b07b1f2a2663b1f43e2f640981daca2e974fa076974601341733f8efb8eba26e
2773,142,dpp4_12,CC#CCn1c(N2CCC[C@@H](N)C2)nc2c1c(=O)n(Cc1nc(C)c3ccccc3n1)c(=O)n2C,CC#CCn1c(N2CCC[C@@H](N)C2)nc2c1c(=O)n(Cc1nc(C)c3ccccc3n1)c(=O)n2C,4.4076545,0.16295205061765816,2,10.1093/nar/gkw1074,w16_s4_sequence_mean:377-392,377,392,NEEGYRHICYFQIDKK,r3_b1365,3,1365,"[4, 5, 6, 13]","[""nc(N)n""]",2.34352707862854,2.325812578201294,2.304738998413086,2.2869865894317627,0.017714500427246094,0.0387880802154541,0.056540489196777344,3.790855407714844e-05,yp+yl-y0-ypl,b07b1f2a2663b1f43e2f640981daca2e974fa076974601341733f8efb8eba26e
2773,142,dpp4_12,CC#CCn1c(N2CCC[C@@H](N)C2)nc2c1c(=O)n(Cc1nc(C)c3ccccc3n1)c(=O)n2C,CC#CCn1c(N2CCC[C@@H](N)C2)nc2c1c(=O)n(Cc1nc(C)c3ccccc3n1)c(=O)n2C,4.4076545,0.16295205061765816,2,10.1093/nar/gkw1074,w16_s4_sequence_mean:377-392,377,392,NEEGYRHICYFQIDKK,r3_b208,3,208,"[16, 18, 19, 20, 21, 22, 23, 24, 28, 29, 30, 31]","[""cc1cc(C)nc(Cn(c)c)n1""]",2.34352707862854,2.325812578201294,2.288043975830078,2.2710392475128174,0.017714500427246094,0.055483102798461914,0.07248783111572266,-0.0007097721099853516,yp+yl-y0-ypl,b07b1f2a2663b1f43e2f640981daca2e974fa076974601341733f8efb8eba26e
2773,142,dpp4_12,CC#CCn1c(N2CCC[C@@H](N)C2)nc2c1c(=O)n(Cc1nc(C)c3ccccc3n1)c(=O)n2C,CC#CCn1c(N2CCC[C@@H](N)C2)nc2c1c(=O)n(Cc1nc(C)c3ccccc3n1)c(=O)n2C,4.4076545,0.16295205061765816,2,10.1093/nar/gkw1074,w16_s4_sequence_mean:381-396,381,396,YRHICYFQIDKKDCTF,r3_b1066,3,1066,"[5, 6, 7, 9, 10, 11, 12]","[""cN(C)C[C@H](N)C""]",2.34352707862854,2.3291614055633545,2.2732980251312256,2.2597110271453857,0.014365673065185547,0.07022905349731445,0.0838160514831543,-0.0007786750793457031,yp+yl-y0-ypl,b07b1f2a2663b1f43e2f640981daca2e974fa076974601341733f8efb8eba26e
2773,142,dpp4_12,CC#CCn1c(N2CCC[C@@H](N)C2)nc2c1c(=O)n(Cc1nc(C)c3ccccc3n1)c(=O)n2C,CC#CCn1c(N2CCC[C@@H](N)C2)nc2c1c(=O)n(Cc1nc(C)c3ccccc3n1)c(=O)n2C,4.4076545,0.16295205061765816,2,10.1093/nar/gkw1074,w16_s4_sequence_mean:381-396,381,396,YRHICYFQIDKKDCTF,r3_b770,3,770,"[4, 5, 6, 7, 8, 9, 10, 11, 12, 13]","[""nc(N1CCC[C@@H](N)C1)n""]",2.34352707862854,2.3291614055633545,2.292705774307251,2.278932809829712,0.014365673065185547,0.05082130432128906,0.06459426879882812,-0.0005927085876464844,yp+yl-y0-ypl,b07b1f2a2663b1f43e2f640981daca2e974fa076974601341733f8efb8eba26e
2773,142,dpp4_12,CC#CCn1c(N2CCC[C@@H](N)C2)nc2c1c(=O)n(Cc1nc(C)c3ccccc3n1)c(=O)n2C,CC#CCn1c(N2CCC[C@@H](N)C2)nc2c1c(=O)n(Cc1nc(C)c3ccccc3n1)c(=O)n2C,4.4076545,0.16295205061765816,2,10.1093/nar/gkw1074,w16_s4_sequence_mean:381-396,381,396,YRHICYFQIDKKDCTF,r3_b1765,3,1765,"[18, 19, 20]","[""cCn""]",2.34352707862854,2.3291614055633545,2.2990052700042725,2.2855026721954346,0.014365673065185547,0.04452180862426758,0.05802440643310547,-0.0008630752563476562,yp+yl-y0-ypl,b07b1f2a2663b1f43e2f640981daca2e974fa076974601341733f8efb8eba26e
2773,142,dpp4_12,CC#CCn1c(N2CCC[C@@H](N)C2)nc2c1c(=O)n(Cc1nc(C)c3ccccc3n1)c(=O)n2C,CC#CCn1c(N2CCC[C@@H](N)C2)nc2c1c(=O)n(Cc1nc(C)c3ccccc3n1)c(=O)n2C,4.4076545,0.16295205061765816,2,10.1093/nar/gkw1074,w16_s4_sequence_mean:381-396,381,396,YRHICYFQIDKKDCTF,r3_b1696,3,1696,"[13, 14, 15, 33]","[""cc(n)n""]",2.34352707862854,2.3291614055633545,2.2912087440490723,2.277693271636963,0.014365673065185547,0.05231833457946777,0.06583380699157715,-0.0008502006530761719,yp+yl-y0-ypl,b07b1f2a2663b1f43e2f640981daca2e974fa076974601341733f8efb8eba26e
2773,142,dpp4_12,CC#CCn1c(N2CCC[C@@H](N)C2)nc2c1c(=O)n(Cc1nc(C)c3ccccc3n1)c(=O)n2C,CC#CCn1c(N2CCC[C@@H](N)C2)nc2c1c(=O)n(Cc1nc(C)c3ccccc3n1)c(=O)n2C,4.4076545,0.16295205061765816,2,10.1093/nar/gkw1074,w16_s4_sequence_mean:381-396,381,396,YRHICYFQIDKKDCTF,r3_b1722,3,1722,"[22, 23]","[""cC""]",2.34352707862854,2.3291614055633545,2.2979495525360107,2.284006357192993,0.014365673065185547,0.0455775260925293,0.059520721435546875,-0.00042247772216796875,yp+yl-y0-ypl,b07b1f2a2663b1f43e2f640981daca2e974fa076974601341733f8efb8eba26e
2773,142,dpp4_12,CC#CCn1c(N2CCC[C@@H](N)C2)nc2c1c(=O)n(Cc1nc(C)c3ccccc3n1)c(=O)n2C,CC#CCn1c(N2CCC[C@@H](N)C2)nc2c1c(=O)n(Cc1nc(C)c3ccccc3n1)c(=O)n2C,4.4076545,0.16295205061765816,2,10.1093/nar/gkw1074,w16_s4_sequence_mean:381-396,381,396,YRHICYFQIDKKDCTF,r3_b1019,3,1019,"[10, 21, 22, 23, 24, 25, 26, 28, 29, 30]","[""C"", ""ccc(c(C)n)c(c)n""]",2.34352707862854,2.3291614055633545,2.297600507736206,2.283773183822632,0.014365673065185547,0.045926570892333984,0.0597538948059082,-0.0005383491516113281,yp+yl-y0-ypl,b07b1f2a2663b1f43e2f640981daca2e974fa076974601341733f8efb8eba26e
2773,142,dpp4_12,CC#CCn1c(N2CCC[C@@H](N)C2)nc2c1c(=O)n(Cc1nc(C)c3ccccc3n1)c(=O)n2C,CC#CCn1c(N2CCC[C@@H](N)C2)nc2c1c(=O)n(Cc1nc(C)c3ccccc3n1)c(=O)n2C,4.4076545,0.16295205061765816,2,10.1093/nar/gkw1074,w16_s4_sequence_mean:381-396,381,396,YRHICYFQIDKKDCTF,r3_b1903,3,1903,"[2, 3, 4, 5, 6, 7, 8, 10, 12, 13, 14, 15, 16, 33]","[""CCn1c(N(CC)CC)nc(n)c1c""]",2.34352707862854,2.3291614055633545,2.333885908126831,2.3195717334747314,0.014365673065185547,0.009641170501708984,0.023955345153808594,-5.14984130859375e-05,yp+yl-y0-ypl,b07b1f2a2663b1f43e2f640981daca2e974fa076974601341733f8efb8eba26e
2773,142,dpp4_12,CC#CCn1c(N2CCC[C@@H](N)C2)nc2c1c(=O)n(Cc1nc(C)c3ccccc3n1)c(=O)n2C,CC#CCn1c(N2CCC[C@@H](N)C2)nc2c1c(=O)n(Cc1nc(C)c3ccccc3n1)c(=O)n2C,4.4076545,0.16295205061765816,2,10.1093/nar/gkw1074,w16_s4_sequence_mean:381-396,381,396,YRHICYFQIDKKDCTF,r3_b314,3,314,"[16, 17, 31, 32]","[""c=O"", ""c=O""]",2.34352707862854,2.3291614055633545,2.2928543090820312,2.278087854385376,0.014365673065185547,0.05067276954650879,0.06543922424316406,0.00040078163146972656,yp+yl-y0-ypl,b07b1f2a2663b1f43e2f640981daca2e974fa076974601341733f8efb8eba26e
2773,142,dpp4_12,CC#CCn1c(N2CCC[C@@H](N)C2)nc2c1c(=O)n(Cc1nc(C)c3ccccc3n1)c(=O)n2C,CC#CCn1c(N2CCC[C@@H](N)C2)nc2c1c(=O)n(Cc1nc(C)c3ccccc3n1)c(=O)n2C,4.4076545,0.16295205061765816,2,10.1093/nar/gkw1074,w16_s4_sequence_mean:381-396,381,396,YRHICYFQIDKKDCTF,r3_b1365,3,1365,"[4, 5, 6, 13]","[""nc(N)n""]",2.34352707862854,2.3291614055633545,2.304738998413086,2.2902791500091553,0.014365673065185547,0.0387880802154541,0.053247928619384766,9.417533874511719e-05,yp+yl-y0-ypl,b07b1f2a2663b1f43e2f640981daca2e974fa076974601341733f8efb8eba26e
2773,142,dpp4_12,CC#CCn1c(N2CCC[C@@H](N)C2)nc2c1c(=O)n(Cc1nc(C)c3ccccc3n1)c(=O)n2C,CC#CCn1c(N2CCC[C@@H](N)C2)nc2c1c(=O)n(Cc1nc(C)c3ccccc3n1)c(=O)n2C,4.4076545,0.16295205061765816,2,10.1093/nar/gkw1074,w16_s4_sequence_mean:381-396,381,396,YRHICYFQIDKKDCTF,r3_b208,3,208,"[16, 18, 19, 20, 21, 22, 23, 24, 28, 29, 30, 31]","[""cc1cc(C)nc(Cn(c)c)n1""]",2.34352707862854,2.3291614055633545,2.288043975830078,2.2740838527679443,0.014365673065185547,0.055483102798461914,0.0694432258605957,-0.0004055500030517578,yp+yl-y0-ypl,b07b1f2a2663b1f43e2f640981daca2e974fa076974601341733f8efb8eba26e
2773,142,dpp4_12,CC#CCn1c(N2CCC[C@@H](N)C2)nc2c1c(=O)n(Cc1nc(C)c3ccccc3n1)c(=O)n2C,CC#CCn1c(N2CCC[C@@H](N)C2)nc2c1c(=O)n(Cc1nc(C)c3ccccc3n1)c(=O)n2C,4.4076545,0.16295205061765816,2,10.1093/nar/gkw1074,w16_s4_sequence_mean:673-688,673,688,LPTPEDNLDHYRNSTV,r3_b1066,3,1066,"[5, 6, 7, 9, 10, 11, 12]","[""cN(C)C[C@H](N)C""]",2.34352707862854,2.3360588550567627,2.2732980251312256,2.2661383152008057,0.007468223571777344,0.07022905349731445,0.07738876342773438,-0.0003085136413574219,yp+yl-y0-ypl,b07b1f2a2663b1f43e2f640981daca2e974fa076974601341733f8efb8eba26e
2773,142,dpp4_12,CC#CCn1c(N2CCC[C@@H](N)C2)nc2c1c(=O)n(Cc1nc(C)c3ccccc3n1)c(=O)n2C,CC#CCn1c(N2CCC[C@@H](N)C2)nc2c1c(=O)n(Cc1nc(C)c3ccccc3n1)c(=O)n2C,4.4076545,0.16295205061765816,2,10.1093/nar/gkw1074,w16_s4_sequence_mean:673-688,673,688,LPTPEDNLDHYRNSTV,r3_b770,3,770,"[4, 5, 6, 7, 8, 9, 10, 11, 12, 13]","[""nc(N1CCC[C@@H](N)C1)n""]",2.34352707862854,2.3360588550567627,2.292705774307251,2.2851011753082275,0.007468223571777344,0.05082130432128906,0.0584259033203125,0.00013637542724609375,yp+yl-y0-ypl,b07b1f2a2663b1f43e2f640981daca2e974fa076974601341733f8efb8eba26e
2773,142,dpp4_12,CC#CCn1c(N2CCC[C@@H](N)C2)nc2c1c(=O)n(Cc1nc(C)c3ccccc3n1)c(=O)n2C,CC#CCn1c(N2CCC[C@@H](N)C2)nc2c1c(=O)n(Cc1nc(C)c3ccccc3n1)c(=O)n2C,4.4076545,0.16295205061765816,2,10.1093/nar/gkw1074,w16_s4_sequence_mean:673-688,673,688,LPTPEDNLDHYRNSTV,r3_b1765,3,1765,"[18, 19, 20]","[""cCn""]",2.34352707862854,2.3360588550567627,2.2990052700042725,2.2911880016326904,0.007468223571777344,0.04452180862426758,0.05233907699584961,0.0003490447998046875,yp+yl-y0-ypl,b07b1f2a2663b1f43e2f640981daca2e974fa076974601341733f8efb8eba26e
2773,142,dpp4_12,CC#CCn1c(N2CCC[C@@H](N)C2)nc2c1c(=O)n(Cc1nc(C)c3ccccc3n1)c(=O)n2C,CC#CCn1c(N2CCC[C@@H](N)C2)nc2c1c(=O)n(Cc1nc(C)c3ccccc3n1)c(=O)n2C,4.4076545,0.16295205061765816,2,10.1093/nar/gkw1074,w16_s4_sequence_mean:673-688,673,688,LPTPEDNLDHYRNSTV,r3_b1696,3,1696,"[13, 14, 15, 33]","[""cc(n)n""]",2.34352707862854,2.3360588550567627,2.2912087440490723,2.2831032276153564,0.007468223571777344,0.05231833457946777,0.060423851013183594,0.0006372928619384766,yp+yl-y0-ypl,b07b1f2a2663b1f43e2f640981daca2e974fa076974601341733f8efb8eba26e
2773,142,dpp4_12,CC#CCn1c(N2CCC[C@@H](N)C2)nc2c1c(=O)n(Cc1nc(C)c3ccccc3n1)c(=O)n2C,CC#CCn1c(N2CCC[C@@H](N)C2)nc2c1c(=O)n(Cc1nc(C)c3ccccc3n1)c(=O)n2C,4.4076545,0.16295205061765816,2,10.1093/nar/gkw1074,w16_s4_sequence_mean:673-688,673,688,LPTPEDNLDHYRNSTV,r3_b1722,3,1722,"[22, 23]","[""cC""]",2.34352707862854,2.3360588550567627,2.2979495525360107,2.2902257442474365,0.007468223571777344,0.0455775260925293,0.053301334381103516,0.000255584716796875,yp+yl-y0-ypl,b07b1f2a2663b1f43e2f640981daca2e974fa076974601341733f8efb8eba26e
2773,142,dpp4_12,CC#CCn1c(N2CCC[C@@H](N)C2)nc2c1c(=O)n(Cc1nc(C)c3ccccc3n1)c(=O)n2C,CC#CCn1c(N2CCC[C@@H](N)C2)nc2c1c(=O)n(Cc1nc(C)c3ccccc3n1)c(=O)n2C,4.4076545,0.16295205061765816,2,10.1093/nar/gkw1074,w16_s4_sequence_mean:673-688,673,688,LPTPEDNLDHYRNSTV,r3_b1019,3,1019,"[10, 21, 22, 23, 24, 25, 26, 28, 29, 30]","[""C"", ""ccc(c(C)n)c(c)n""]",2.34352707862854,2.3360588550567627,2.297600507736206,2.2897255420684814,0.007468223571777344,0.045926570892333984,0.053801536560058594,0.0004067420959472656,yp+yl-y0-ypl,b07b1f2a2663b1f43e2f640981daca2e974fa076974601341733f8efb8eba26e
2773,142,dpp4_12,CC#CCn1c(N2CCC[C@@H](N)C2)nc2c1c(=O)n(Cc1nc(C)c3ccccc3n1)c(=O)n2C,CC#CCn1c(N2CCC[C@@H](N)C2)nc2c1c(=O)n(Cc1nc(C)c3ccccc3n1)c(=O)n2C,4.4076545,0.16295205061765816,2,10.1093/nar/gkw1074,w16_s4_sequence_mean:673-688,673,688,LPTPEDNLDHYRNSTV,r3_b1903,3,1903,"[2, 3, 4, 5, 6, 7, 8, 10, 12, 13, 14, 15, 16, 33]","[""CCn1c(N(CC)CC)nc(n)c1c""]",2.34352707862854,2.3360588550567627,2.333885908126831,2.3263232707977295,0.007468223571777344,0.009641170501708984,0.017203807830810547,9.441375732421875e-05,yp+yl-y0-ypl,b07b1f2a2663b1f43e2f640981daca2e974fa076974601341733f8efb8eba26e
2773,142,dpp4_12,CC#CCn1c(N2CCC[C@@H](N)C2)nc2c1c(=O)n(Cc1nc(C)c3ccccc3n1)c(=O)n2C,CC#CCn1c(N2CCC[C@@H](N)C2)nc2c1c(=O)n(Cc1nc(C)c3ccccc3n1)c(=O)n2C,4.4076545,0.16295205061765816,2,10.1093/nar/gkw1074,w16_s4_sequence_mean:673-688,673,688,LPTPEDNLDHYRNSTV,r3_b314,3,314,"[16, 17, 31, 32]","[""c=O"", ""c=O""]",2.34352707862854,2.3360588550567627,2.2928543090820312,2.284406900405884,0.007468223571777344,0.05067276954650879,0.05912017822265625,0.0009791851043701172,yp+yl-y0-ypl,b07b1f2a2663b1f43e2f640981daca2e974fa076974601341733f8efb8eba26e
2773,142,dpp4_12,CC#CCn1c(N2CCC[C@@H](N)C2)nc2c1c(=O)n(Cc1nc(C)c3ccccc3n1)c(=O)n2C,CC#CCn1c(N2CCC[C@@H](N)C2)nc2c1c(=O)n(Cc1nc(C)c3ccccc3n1)c(=O)n2C,4.4076545,0.16295205061765816,2,10.1093/nar/gkw1074,w16_s4_sequence_mean:673-688,673,688,LPTPEDNLDHYRNSTV,r3_b1365,3,1365,"[4, 5, 6, 13]","[""nc(N)n""]",2.34352707862854,2.3360588550567627,2.304738998413086,2.296539306640625,0.007468223571777344,0.0387880802154541,0.04698777198791504,0.0007314682006835938,yp+yl-y0-ypl,b07b1f2a2663b1f43e2f640981daca2e974fa076974601341733f8efb8eba26e
2773,142,dpp4_12,CC#CCn1c(N2CCC[C@@H](N)C2)nc2c1c(=O)n(Cc1nc(C)c3ccccc3n1)c(=O)n2C,CC#CCn1c(N2CCC[C@@H](N)C2)nc2c1c(=O)n(Cc1nc(C)c3ccccc3n1)c(=O)n2C,4.4076545,0.16295205061765816,2,10.1093/nar/gkw1074,w16_s4_sequence_mean:673-688,673,688,LPTPEDNLDHYRNSTV,r3_b208,3,208,"[16, 18, 19, 20, 21, 22, 23, 24, 28, 29, 30, 31]","[""cc1cc(C)nc(Cn(c)c)n1""]",2.34352707862854,2.3360588550567627,2.288043975830078,2.280290365219116,0.007468223571777344,0.055483102798461914,0.06323671340942383,0.0002853870391845703,yp+yl-y0-ypl,b07b1f2a2663b1f43e2f640981daca2e974fa076974601341733f8efb8eba26e
2773,242,dpp4_12,CC#CCn1c(N2CCC[C@@H](N)C2)nc2c1c(=O)n(Cc1nc(C)c3ccccc3n1)c(=O)n2C,CC#CCn1c(N2CCC[C@@H](N)C2)nc2c1c(=O)n(Cc1nc(C)c3ccccc3n1)c(=O)n2C,4.4076545,0.16295205061765816,2,10.1093/nar/gkw1074,w16_s4_sequence_mean:13-28,13,28,GAAALVTIITVPVVLL,r3_b1066,3,1066,"[5, 6, 7, 9, 10, 11, 12]","[""cN(C)C[C@H](N)C""]",1.9067857265472412,1.8795274496078491,1.8656005859375,1.8394719362258911,0.02725827693939209,0.04118514060974121,0.0673137903213501,-0.0011296272277832031,yp+yl-y0-ypl,ae9fe000d481b81bbb5ef98718aaa550784ff67131a466d21993e95b41f14e9f
2773,242,dpp4_12,CC#CCn1c(N2CCC[C@@H](N)C2)nc2c1c(=O)n(Cc1nc(C)c3ccccc3n1)c(=O)n2C,CC#CCn1c(N2CCC[C@@H](N)C2)nc2c1c(=O)n(Cc1nc(C)c3ccccc3n1)c(=O)n2C,4.4076545,0.16295205061765816,2,10.1093/nar/gkw1074,w16_s4_sequence_mean:13-28,13,28,GAAALVTIITVPVVLL,r3_b770,3,770,"[4, 5, 6, 7, 8, 9, 10, 11, 12, 13]","[""nc(N1CCC[C@@H](N)C1)n""]",1.9067857265472412,1.8795274496078491,1.8520857095718384,1.825675129890442,0.02725827693939209,0.05470001697540283,0.08111059665679932,-0.0008476972579956055,yp+yl-y0-ypl,ae9fe000d481b81bbb5ef98718aaa550784ff67131a466d21993e95b41f14e9f
2773,242,dpp4_12,CC#CCn1c(N2CCC[C@@H](N)C2)nc2c1c(=O)n(Cc1nc(C)c3ccccc3n1)c(=O)n2C,CC#CCn1c(N2CCC[C@@H](N)C2)nc2c1c(=O)n(Cc1nc(C)c3ccccc3n1)c(=O)n2C,4.4076545,0.16295205061765816,2,10.1093/nar/gkw1074,w16_s4_sequence_mean:13-28,13,28,GAAALVTIITVPVVLL,r3_b1765,3,1765,"[18, 19, 20]","[""cCn""]",1.9067857265472412,1.8795274496078491,1.8530340194702148,1.8269197940826416,0.02725827693939209,0.05375170707702637,0.07986593246459961,-0.0011440515518188477,yp+yl-y0-ypl,ae9fe000d481b81bbb5ef98718aaa550784ff67131a466d21993e95b41f14e9f
2773,242,dpp4_12,CC#CCn1c(N2CCC[C@@H](N)C2)nc2c1c(=O)n(Cc1nc(C)c3ccccc3n1)c(=O)n2C,CC#CCn1c(N2CCC[C@@H](N)C2)nc2c1c(=O)n(Cc1nc(C)c3ccccc3n1)c(=O)n2C,4.4076545,0.16295205061765816,2,10.1093/nar/gkw1074,w16_s4_sequence_mean:13-28,13,28,GAAALVTIITVPVVLL,r3_b1696,3,1696,"[13, 14, 15, 33]","[""cc(n)n""]",1.9067857265472412,1.8795274496078491,1.8548452854156494,1.8291655778884888,0.02725827693939209,0.0519404411315918,0.07762014865875244,-0.0015785694122314453,yp+yl-y0-ypl,ae9fe000d481b81bbb5ef98718aaa550784ff67131a466d21993e95b41f14e9f
2773,242,dpp4_12,CC#CCn1c(N2CCC[C@@H](N)C2)nc2c1c(=O)n(Cc1nc(C)c3ccccc3n1)c(=O)n2C,CC#CCn1c(N2CCC[C@@H](N)C2)nc2c1c(=O)n(Cc1nc(C)c3ccccc3n1)c(=O)n2C,4.4076545,0.16295205061765816,2,10.1093/nar/gkw1074,w16_s4_sequence_mean:13-28,13,28,GAAALVTIITVPVVLL,r3_b1722,3,1722,"[22, 23]","[""cC""]",1.9067857265472412,1.8795274496078491,1.888485074043274,1.8613791465759277,0.02725827693939209,0.018300652503967285,0.04540657997131348,-0.00015234947204589844,yp+yl-y0-ypl,ae9fe000d481b81bbb5ef98718aaa550784ff67131a466d21993e95b41f14e9f
2773,242,dpp4_12,CC#CCn1c(N2CCC[C@@H](N)C2)nc2c1c(=O)n(Cc1nc(C)c3ccccc3n1)c(=O)n2C,CC#CCn1c(N2CCC[C@@H](N)C2)nc2c1c(=O)n(Cc1nc(C)c3ccccc3n1)c(=O)n2C,4.4076545,0.16295205061765816,2,10.1093/nar/gkw1074,w16_s4_sequence_mean:13-28,13,28,GAAALVTIITVPVVLL,r3_b1019,3,1019,"[10, 21, 22, 23, 24, 25, 26, 28, 29, 30]","[""C"", ""ccc(c(C)n)c(c)n""]",1.9067857265472412,1.8795274496078491,1.871789813041687,1.845204472541809,0.02725827693939209,0.0349959135055542,0.06158125400543213,-0.0006729364395141602,yp+yl-y0-ypl,ae9fe000d481b81bbb5ef98718aaa550784ff67131a466d21993e95b41f14e9f
2773,242,dpp4_12,CC#CCn1c(N2CCC[C@@H](N)C2)nc2c1c(=O)n(Cc1nc(C)c3ccccc3n1)c(=O)n2C,CC#CCn1c(N2CCC[C@@H](N)C2)nc2c1c(=O)n(Cc1nc(C)c3ccccc3n1)c(=O)n2C,4.4076545,0.16295205061765816,2,10.1093/nar/gkw1074,w16_s4_sequence_mean:13-28,13,28,GAAALVTIITVPVVLL,r3_b1903,3,1903,"[2, 3, 4, 5, 6, 7, 8, 10, 12, 13, 14, 15, 16, 33]","[""CCn1c(N(CC)CC)nc(n)c1c""]",1.9067857265472412,1.8795274496078491,1.8699513673782349,1.842248558998108,0.02725827693939209,0.03683435916900635,0.0645371675491333,0.0004445314407348633,yp+yl-y0-ypl,ae9fe000d481b81bbb5ef98718aaa550784ff67131a466d21993e95b41f14e9f
2773,242,dpp4_12,CC#CCn1c(N2CCC[C@@H](N)C2)nc2c1c(=O)n(Cc1nc(C)c3ccccc3n1)c(=O)n2C,CC#CCn1c(N2CCC[C@@H](N)C2)nc2c1c(=O)n(Cc1nc(C)c3ccccc3n1)c(=O)n2C,4.4076545,0.16295205061765816,2,10.1093/nar/gkw1074,w16_s4_sequence_mean:13-28,13,28,GAAALVTIITVPVVLL,r3_b314,3,314,"[16, 17, 31, 32]","[""c=O"", ""c=O""]",1.9067857265472412,1.8795274496078491,1.8800015449523926,1.8529648780822754,0.02725827693939209,0.026784181594848633,0.05382084846496582,-0.00022161006927490234,yp+yl-y0-ypl,ae9fe000d481b81bbb5ef98718aaa550784ff67131a466d21993e95b41f14e9f
2773,242,dpp4_12,CC#CCn1c(N2CCC[C@@H](N)C2)nc2c1c(=O)n(Cc1nc(C)c3ccccc3n1)c(=O)n2C,CC#CCn1c(N2CCC[C@@H](N)C2)nc2c1c(=O)n(Cc1nc(C)c3ccccc3n1)c(=O)n2C,4.4076545,0.16295205061765816,2,10.1093/nar/gkw1074,w16_s4_sequence_mean:13-28,13,28,GAAALVTIITVPVVLL,r3_b1365,3,1365,"[4, 5, 6, 13]","[""nc(N)n""]",1.9067857265472412,1.8795274496078491,1.9065253734588623,1.8790208101272583,0.02725827693939209,0.00026035308837890625,0.02776491641998291,0.00024628639221191406,yp+yl-y0-ypl,ae9fe000d481b81bbb5ef98718aaa550784ff67131a466d21993e95b41f14e9f
2773,242,dpp4_12,CC#CCn1c(N2CCC[C@@H](N)C2)nc2c1c(=O)n(Cc1nc(C)c3ccccc3n1)c(=O)n2C,CC#CCn1c(N2CCC[C@@H](N)C2)nc2c1c(=O)n(Cc1nc(C)c3ccccc3n1)c(=O)n2C,4.4076545,0.16295205061765816,2,10.1093/nar/gkw1074,w16_s4_sequence_mean:13-28,13,28,GAAALVTIITVPVVLL,r3_b208,3,208,"[16, 18, 19, 20, 21, 22, 23, 24, 28, 29, 30, 31]","[""cc1cc(C)nc(Cn(c)c)n1""]",1.9067857265472412,1.8795274496078491,1.8747414350509644,1.8485703468322754,0.02725827693939209,0.032044291496276855,0.05821537971496582,-0.001087188720703125,yp+yl-y0-ypl,ae9fe000d481b81bbb5ef98718aaa550784ff67131a466d21993e95b41f14e9f
2773,242,dpp4_12,CC#CCn1c(N2CCC[C@@H](N)C2)nc2c1c(=O)n(Cc1nc(C)c3ccccc3n1)c(=O)n2C,CC#CCn1c(N2CCC[C@@H](N)C2)nc2c1c(=O)n(Cc1nc(C)c3ccccc3n1)c(=O)n2C,4.4076545,0.16295205061765816,2,10.1093/nar/gkw1074,w16_s4_sequence_mean:417-432,417,432,YISNEYKGMPGGRNLY,r3_b1066,3,1066,"[5, 6, 7, 9, 10, 11, 12]","[""cN(C)C[C@H](N)C""]",1.9067857265472412,1.8882862329483032,1.8656005859375,1.8474000692367554,0.01849949359893799,0.04118514060974121,0.05938565731048584,-0.0002989768981933594,yp+yl-y0-ypl,ae9fe000d481b81bbb5ef98718aaa550784ff67131a466d21993e95b41f14e9f
2773,242,dpp4_12,CC#CCn1c(N2CCC[C@@H](N)C2)nc2c1c(=O)n(Cc1nc(C)c3ccccc3n1)c(=O)n2C,CC#CCn1c(N2CCC[C@@H](N)C2)nc2c1c(=O)n(Cc1nc(C)c3ccccc3n1)c(=O)n2C,4.4076545,0.16295205061765816,2,10.1093/nar/gkw1074,w16_s4_sequence_mean:417-432,417,432,YISNEYKGMPGGRNLY,r3_b770,3,770,"[4, 5, 6, 7, 8, 9, 10, 11, 12, 13]","[""nc(N1CCC[C@@H](N)C1)n""]",1.9067857265472412,1.8882862329483032,1.8520857095718384,1.833978295326233,0.01849949359893799,0.05470001697540283,0.0728074312210083,-0.00039207935333251953,yp+yl-y0-ypl,ae9fe000d481b81bbb5ef98718aaa550784ff67131a466d21993e95b41f14e9f
2773,242,dpp4_12,CC#CCn1c(N2CCC[C@@H](N)C2)nc2c1c(=O)n(Cc1nc(C)c3ccccc3n1)c(=O)n2C,CC#CCn1c(N2CCC[C@@H](N)C2)nc2c1c(=O)n(Cc1nc(C)c3ccccc3n1)c(=O)n2C,4.4076545,0.16295205061765816,2,10.1093/nar/gkw1074,w16_s4_sequence_mean:417-432,417,432,YISNEYKGMPGGRNLY,r3_b1765,3,1765,"[18, 19, 20]","[""cCn""]",1.9067857265472412,1.8882862329483032,1.8530340194702148,1.8347493410110474,0.01849949359893799,0.05375170707702637,0.07203638553619385,-0.0002148151397705078,yp+yl-y0-ypl,ae9fe000d481b81bbb5ef98718aaa550784ff67131a466d21993e95b41f14e9f
2773,242,dpp4_12,CC#CCn1c(N2CCC[C@@H](N)C2)nc2c1c(=O)n(Cc1nc(C)c3ccccc3n1)c(=O)n2C,CC#CCn1c(N2CCC[C@@H](N)C2)nc2c1c(=O)n(Cc1nc(C)c3ccccc3n1)c(=O)n2C,4.4076545,0.16295205061765816,2,10.1093/nar/gkw1074,w16_s4_sequence_mean:417-432,417,432,YISNEYKGMPGGRNLY,r3_b1696,3,1696,"[13, 14, 15, 33]","[""cc(n)n""]",1.9067857265472412,1.8882862329483032,1.8548452854156494,1.8369556665420532,0.01849949359893799,0.0519404411315918,0.06983006000518799,-0.0006098747253417969,yp+yl-y0-ypl,ae9fe000d481b81bbb5ef98718aaa550784ff67131a466d21993e95b41f14e9f
2773,242,dpp4_12,CC#CCn1c(N2CCC[C@@H](N)C2)nc2c1c(=O)n(Cc1nc(C)c3ccccc3n1)c(=O)n2C,CC#CCn1c(N2CCC[C@@H](N)C2)nc2c1c(=O)n(Cc1nc(C)c3ccccc3n1)c(=O)n2C,4.4076545,0.16295205061765816,2,10.1093/nar/gkw1074,w16_s4_sequence_mean:417-432,417,432,YISNEYKGMPGGRNLY,r3_b1722,3,1722,"[22, 23]","[""cC""]",1.9067857265472412,1.8882862329483032,1.888485074043274,1.8702640533447266,0.01849949359893799,0.018300652503967285,0.03652167320251465,-0.000278472900390625,yp+yl-y0-ypl,ae9fe000d481b81bbb5ef98718aaa550784ff67131a466d21993e95b41f14e9f
2773,242,dpp4_12,CC#CCn1c(N2CCC[C@@H](N)C2)nc2c1c(=O)n(Cc1nc(C)c3ccccc3n1)c(=O)n2C,CC#CCn1c(N2CCC[C@@H](N)C2)nc2c1c(=O)n(Cc1nc(C)c3ccccc3n1)c(=O)n2C,4.4076545,0.16295205061765816,2,10.1093/nar/gkw1074,w16_s4_sequence_mean:417-432,417,432,YISNEYKGMPGGRNLY,r3_b1019,3,1019,"[10, 21, 22, 23, 24, 25, 26, 28, 29, 30]","[""C"", ""ccc(c(C)n)c(c)n""]",1.9067857265472412,1.8882862329483032,1.871789813041687,1.8536062240600586,0.01849949359893799,0.0349959135055542,0.05317950248718262,-0.0003159046173095703,yp+yl-y0-ypl,ae9fe000d481b81bbb5ef98718aaa550784ff67131a466d21993e95b41f14e9f
2773,242,dpp4_12,CC#CCn1c(N2CCC[C@@H](N)C2)nc2c1c(=O)n(Cc1nc(C)c3ccccc3n1)c(=O)n2C,CC#CCn1c(N2CCC[C@@H](N)C2)nc2c1c(=O)n(Cc1nc(C)c3ccccc3n1)c(=O)n2C,4.4076545,0.16295205061765816,2,10.1093/nar/gkw1074,w16_s4_sequence_mean:417-432,417,432,YISNEYKGMPGGRNLY,r3_b1903,3,1903,"[2, 3, 4, 5, 6, 7, 8, 10, 12, 13, 14, 15, 16, 33]","[""CCn1c(N(CC)CC)nc(n)c1c""]",1.9067857265472412,1.8882862329483032,1.8699513673782349,1.8511236906051636,0.01849949359893799,0.03683435916900635,0.05566203594207764,0.0003281831741333008,yp+yl-y0-ypl,ae9fe000d481b81bbb5ef98718aaa550784ff67131a466d21993e95b41f14e9f
2773,242,dpp4_12,CC#CCn1c(N2CCC[C@@H](N)C2)nc2c1c(=O)n(Cc1nc(C)c3ccccc3n1)c(=O)n2C,CC#CCn1c(N2CCC[C@@H](N)C2)nc2c1c(=O)n(Cc1nc(C)c3ccccc3n1)c(=O)n2C,4.4076545,0.16295205061765816,2,10.1093/nar/gkw1074,w16_s4_sequence_mean:417-432,417,432,YISNEYKGMPGGRNLY,r3_b314,3,314,"[16, 17, 31, 32]","[""c=O"", ""c=O""]",1.9067857265472412,1.8882862329483032,1.8800015449523926,1.8614331483840942,0.01849949359893799,0.026784181594848633,0.04535257816314697,6.890296936035156e-05,yp+yl-y0-ypl,ae9fe000d481b81bbb5ef98718aaa550784ff67131a466d21993e95b41f14e9f
2773,242,dpp4_12,CC#CCn1c(N2CCC[C@@H](N)C2)nc2c1c(=O)n(Cc1nc(C)c3ccccc3n1)c(=O)n2C,CC#CCn1c(N2CCC[C@@H](N)C2)nc2c1c(=O)n(Cc1nc(C)c3ccccc3n1)c(=O)n2C,4.4076545,0.16295205061765816,2,10.1093/nar/gkw1074,w16_s4_sequence_mean:417-432,417,432,YISNEYKGMPGGRNLY,r3_b1365,3,1365,"[4, 5, 6, 13]","[""nc(N)n""]",1.9067857265472412,1.8882862329483032,1.9065253734588623,1.8878138065338135,0.01849949359893799,0.00026035308837890625,0.018971920013427734,0.00021207332611083984,yp+yl-y0-ypl,ae9fe000d481b81bbb5ef98718aaa550784ff67131a466d21993e95b41f14e9f
2773,242,dpp4_12,CC#CCn1c(N2CCC[C@@H](N)C2)nc2c1c(=O)n(Cc1nc(C)c3ccccc3n1)c(=O)n2C,CC#CCn1c(N2CCC[C@@H](N)C2)nc2c1c(=O)n(Cc1nc(C)c3ccccc3n1)c(=O)n2C,4.4076545,0.16295205061765816,2,10.1093/nar/gkw1074,w16_s4_sequence_mean:417-432,417,432,YISNEYKGMPGGRNLY,r3_b208,3,208,"[16, 18, 19, 20, 21, 22, 23, 24, 28, 29, 30, 31]","[""cc1cc(C)nc(Cn(c)c)n1""]",1.9067857265472412,1.8882862329483032,1.8747414350509644,1.8572689294815063,0.01849949359893799,0.032044291496276855,0.04951679706573486,-0.0010269880294799805,yp+yl-y0-ypl,ae9fe000d481b81bbb5ef98718aaa550784ff67131a466d21993e95b41f14e9f
2773,242,dpp4_12,CC#CCn1c(N2CCC[C@@H](N)C2)nc2c1c(=O)n(Cc1nc(C)c3ccccc3n1)c(=O)n2C,CC#CCn1c(N2CCC[C@@H](N)C2)nc2c1c(=O)n(Cc1nc(C)c3ccccc3n1)c(=O)n2C,4.4076545,0.16295205061765816,2,10.1093/nar/gkw1074,w16_s4_sequence_mean:9-24,9,24,LGLLGAAALVTIITVP,r3_b1066,3,1066,"[5, 6, 7, 9, 10, 11, 12]","[""cN(C)C[C@H](N)C""]",1.9067857265472412,1.8794063329696655,1.8656005859375,1.8393558263778687,0.027379393577575684,0.04118514060974121,0.06742990016937256,-0.001134634017944336,yp+yl-y0-ypl,ae9fe000d481b81bbb5ef98718aaa550784ff67131a466d21993e95b41f14e9f
2773,242,dpp4_12,CC#CCn1c(N2CCC[C@@H](N)C2)nc2c1c(=O)n(Cc1nc(C)c3ccccc3n1)c(=O)n2C,CC#CCn1c(N2CCC[C@@H](N)C2)nc2c1c(=O)n(Cc1nc(C)c3ccccc3n1)c(=O)n2C,4.4076545,0.16295205061765816,2,10.1093/nar/gkw1074,w16_s4_sequence_mean:9-24,9,24,LGLLGAAALVTIITVP,r3_b770,3,770,"[4, 5, 6, 7, 8, 9, 10, 11, 12, 13]","[""nc(N1CCC[C@@H](N)C1)n""]",1.9067857265472412,1.8794063329696655,1.8520857095718384,1.8255187273025513,0.027379393577575684,0.05470001697540283,0.08126699924468994,-0.0008124113082885742,yp+yl-y0-ypl,ae9fe000d481b81bbb5ef98718aaa550784ff67131a466d21993e95b41f14e9f
2773,242,dpp4_12,CC#CCn1c(N2CCC[C@@H](N)C2)nc2c1c(=O)n(Cc1nc(C)c3ccccc3n1)c(=O)n2C,CC#CCn1c(N2CCC[C@@H](N)C2)nc2c1c(=O)n(Cc1nc(C)c3ccccc3n1)c(=O)n2C,4.4076545,0.16295205061765816,2,10.1093/nar/gkw1074,w16_s4_sequence_mean:9-24,9,24,LGLLGAAALVTIITVP,r3_b1765,3,1765,"[18, 19, 20]","[""cCn""]",1.9067857265472412,1.8794063329696655,1.8530340194702148,1.8267189264297485,0.027379393577575684,0.05375170707702637,0.08006680011749268,-0.001064300537109375,yp+yl-y0-ypl,ae9fe000d481b81bbb5ef98718aaa550784ff67131a466d21993e95b41f14e9f
2773,242,dpp4_12,CC#CCn1c(N2CCC[C@@H](N)C2)nc2c1c(=O)n(Cc1nc(C)c3ccccc3n1)c(=O)n2C,CC#CCn1c(N2CCC[C@@H](N)C2)nc2c1c(=O)n(Cc1nc(C)c3ccccc3n1)c(=O)n2C,4.4076545,0.16295205061765816,2,10.1093/nar/gkw1074,w16_s4_sequence_mean:9-24,9,24,LGLLGAAALVTIITVP,r3_b1696,3,1696,"[13, 14, 15, 33]","[""cc(n)n""]",1.9067857265472412,1.8794063329696655,1.8548452854156494,1.8289769887924194,0.027379393577575684,0.0519404411315918,0.07780873775482178,-0.0015110969543457031,yp+yl-y0-ypl,ae9fe000d481b81bbb5ef98718aaa550784ff67131a466d21993e95b41f14e9f
2773,242,dpp4_12,CC#CCn1c(N2CCC[C@@H](N)C2)nc2c1c(=O)n(Cc1nc(C)c3ccccc3n1)c(=O)n2C,CC#CCn1c(N2CCC[C@@H](N)C2)nc2c1c(=O)n(Cc1nc(C)c3ccccc3n1)c(=O)n2C,4.4076545,0.16295205061765816,2,10.1093/nar/gkw1074,w16_s4_sequence_mean:9-24,9,24,LGLLGAAALVTIITVP,r3_b1722,3,1722,"[22, 23]","[""cC""]",1.9067857265472412,1.8794063329696655,1.888485074043274,1.8611586093902588,0.027379393577575684,0.018300652503967285,0.04562711715698242,-5.2928924560546875e-05,yp+yl-y0-ypl,ae9fe000d481b81bbb5ef98718aaa550784ff67131a466d21993e95b41f14e9f
2773,242,dpp4_12,CC#CCn1c(N2CCC[C@@H](N)C2)nc2c1c(=O)n(Cc1nc(C)c3ccccc3n1)c(=O)n2C,CC#CCn1c(N2CCC[C@@H](N)C2)nc2c1c(=O)n(Cc1nc(C)c3ccccc3n1)c(=O)n2C,4.4076545,0.16295205061765816,2,10.1093/nar/gkw1074,w16_s4_sequence_mean:9-24,9,24,LGLLGAAALVTIITVP,r3_b1019,3,1019,"[10, 21, 22, 23, 24, 25, 26, 28, 29, 30]","[""C"", ""ccc(c(C)n)c(c)n""]",1.9067857265472412,1.8794063329696655,1.871789813041687,1.8449504375457764,0.027379393577575684,0.0349959135055542,0.061835289001464844,-0.0005400180816650391,yp+yl-y0-ypl,ae9fe000d481b81bbb5ef98718aaa550784ff67131a466d21993e95b41f14e9f
2773,242,dpp4_12,CC#CCn1c(N2CCC[C@@H](N)C2)nc2c1c(=O)n(Cc1nc(C)c3ccccc3n1)c(=O)n2C,CC#CCn1c(N2CCC[C@@H](N)C2)nc2c1c(=O)n(Cc1nc(C)c3ccccc3n1)c(=O)n2C,4.4076545,0.16295205061765816,2,10.1093/nar/gkw1074,w16_s4_sequence_mean:9-24,9,24,LGLLGAAALVTIITVP,r3_b1903,3,1903,"[2, 3, 4, 5, 6, 7, 8, 10, 12, 13, 14, 15, 16, 33]","[""CCn1c(N(CC)CC)nc(n)c1c""]",1.9067857265472412,1.8794063329696655,1.8699513673782349,1.8420886993408203,0.027379393577575684,0.03683435916900635,0.0646970272064209,0.0004832744598388672,yp+yl-y0-ypl,ae9fe000d481b81bbb5ef98718aaa550784ff67131a466d21993e95b41f14e9f
2773,242,dpp4_12,CC#CCn1c(N2CCC[C@@H](N)C2)nc2c1c(=O)n(Cc1nc(C)c3ccccc3n1)c(=O)n2C,CC#CCn1c(N2CCC[C@@H](N)C2)nc2c1c(=O)n(Cc1nc(C)c3ccccc3n1)c(=O)n2C,4.4076545,0.16295205061765816,2,10.1093/nar/gkw1074,w16_s4_sequence_mean:9-24,9,24,LGLLGAAALVTIITVP,r3_b314,3,314,"[16, 17, 31, 32]","[""c=O"", ""c=O""]",1.9067857265472412,1.8794063329696655,1.8800015449523926,1.8527953624725342,0.027379393577575684,0.026784181594848633,0.05399036407470703,-0.00017321109771728516,yp+yl-y0-ypl,ae9fe000d481b81bbb5ef98718aaa550784ff67131a466d21993e95b41f14e9f
2773,242,dpp4_12,CC#CCn1c(N2CCC[C@@H](N)C2)nc2c1c(=O)n(Cc1nc(C)c3ccccc3n1)c(=O)n2C,CC#CCn1c(N2CCC[C@@H](N)C2)nc2c1c(=O)n(Cc1nc(C)c3ccccc3n1)c(=O)n2C,4.4076545,0.16295205061765816,2,10.1093/nar/gkw1074,w16_s4_sequence_mean:9-24,9,24,LGLLGAAALVTIITVP,r3_b1365,3,1365,"[4, 5, 6, 13]","[""nc(N)n""]",1.9067857265472412,1.8794063329696655,1.9065253734588623,1.878872036933899,0.027379393577575684,0.00026035308837890625,0.027913689613342285,0.0002739429473876953,yp+yl-y0-ypl,ae9fe000d481b81bbb5ef98718aaa550784ff67131a466d21993e95b41f14e9f
2773,242,dpp4_12,CC#CCn1c(N2CCC[C@@H](N)C2)nc2c1c(=O)n(Cc1nc(C)c3ccccc3n1)c(=O)n2C,CC#CCn1c(N2CCC[C@@H](N)C2)nc2c1c(=O)n(Cc1nc(C)c3ccccc3n1)c(=O)n2C,4.4076545,0.16295205061765816,2,10.1093/nar/gkw1074,w16_s4_sequence_mean:9-24,9,24,LGLLGAAALVTIITVP,r3_b208,3,208,"[16, 18, 19, 20, 21, 22, 23, 24, 28, 29, 30, 31]","[""cc1cc(C)nc(Cn(c)c)n1""]",1.9067857265472412,1.8794063329696655,1.8747414350509644,1.8482881784439087,0.027379393577575684,0.032044291496276855,0.05849754810333252,-0.0009261369705200195,yp+yl-y0-ypl,ae9fe000d481b81bbb5ef98718aaa550784ff67131a466d21993e95b41f14e9f
2773,242,dpp4_12,CC#CCn1c(N2CCC[C@@H](N)C2)nc2c1c(=O)n(Cc1nc(C)c3ccccc3n1)c(=O)n2C,CC#CCn1c(N2CCC[C@@H](N)C2)nc2c1c(=O)n(Cc1nc(C)c3ccccc3n1)c(=O)n2C,4.4076545,0.16295205061765816,2,10.1093/nar/gkw1074,w16_s4_sequence_mean:751-766,751,766,IYTHMSHFIKQCFSLP,r3_b1066,3,1066,"[5, 6, 7, 9, 10, 11, 12]","[""cN(C)C[C@H](N)C""]",1.9067857265472412,1.8885198831558228,1.8656005859375,1.8469371795654297,0.018265843391418457,0.04118514060974121,0.05984854698181152,0.00039756298065185547,yp+yl-y0-ypl,ae9fe000d481b81bbb5ef98718aaa550784ff67131a466d21993e95b41f14e9f
2773,242,dpp4_12,CC#CCn1c(N2CCC[C@@H](N)C2)nc2c1c(=O)n(Cc1nc(C)c3ccccc3n1)c(=O)n2C,CC#CCn1c(N2CCC[C@@H](N)C2)nc2c1c(=O)n(Cc1nc(C)c3ccccc3n1)c(=O)n2C,4.4076545,0.16295205061765816,2,10.1093/nar/gkw1074,w16_s4_sequence_mean:751-766,751,766,IYTHMSHFIKQCFSLP,r3_b770,3,770,"[4, 5, 6, 7, 8, 9, 10, 11, 12, 13]","[""nc(N1CCC[C@@H](N)C1)n""]",1.9067857265472412,1.8885198831558228,1.8520857095718384,1.8338865041732788,0.018265843391418457,0.05470001697540283,0.0728992223739624,-6.663799285888672e-05,yp+yl-y0-ypl,ae9fe000d481b81bbb5ef98718aaa550784ff67131a466d21993e95b41f14e9f
2773,242,dpp4_12,CC#CCn1c(N2CCC[C@@H](N)C2)nc2c1c(=O)n(Cc1nc(C)c3ccccc3n1)c(=O)n2C,CC#CCn1c(N2CCC[C@@H](N)C2)nc2c1c(=O)n(Cc1nc(C)c3ccccc3n1)c(=O)n2C,4.4076545,0.16295205061765816,2,10.1093/nar/gkw1074,w16_s4_sequence_mean:751-766,751,766,IYTHMSHFIKQCFSLP,r3_b1765,3,1765,"[18, 19, 20]","[""cCn""]",1.9067857265472412,1.8885198831558228,1.8530340194702148,1.8349004983901978,0.018265843391418457,0.05375170707702637,0.07188522815704346,-0.0001323223114013672,yp+yl-y0-ypl,ae9fe000d481b81bbb5ef98718aaa550784ff67131a466d21993e95b41f14e9f
2773,242,dpp4_12,CC#CCn1c(N2CCC[C@@H](N)C2)nc2c1c(=O)n(Cc1nc(C)c3ccccc3n1)c(=O)n2C,CC#CCn1c(N2CCC[C@@H](N)C2)nc2c1c(=O)n(Cc1nc(C)c3ccccc3n1)c(=O)n2C,4.4076545,0.16295205061765816,2,10.1093/nar/gkw1074,w16_s4_sequence_mean:751-766,751,766,IYTHMSHFIKQCFSLP,r3_b1696,3,1696,"[13, 14, 15, 33]","[""cc(n)n""]",1.9067857265472412,1.8885198831558228,1.8548452854156494,1.8365542888641357,0.018265843391418457,0.0519404411315918,0.07023143768310547,2.5153160095214844e-05,yp+yl-y0-ypl,ae9fe000d481b81bbb5ef98718aaa550784ff67131a466d21993e95b41f14e9f
2773,242,dpp4_12,CC#CCn1c(N2CCC[C@@H](N)C2)nc2c1c(=O)n(Cc1nc(C)c3ccccc3n1)c(=O)n2C,CC#CCn1c(N2CCC[C@@H](N)C2)nc2c1c(=O)n(Cc1nc(C)c3ccccc3n1)c(=O)n2C,4.4076545,0.16295205061765816,2,10.1093/nar/gkw1074,w16_s4_sequence_mean:751-766,751,766,IYTHMSHFIKQCFSLP,r3_b1722,3,1722,"[22, 23]","[""cC""]",1.9067857265472412,1.8885198831558228,1.888485074043274,1.870095133781433,0.018265843391418457,0.018300652503967285,0.036690592765808105,0.00012409687042236328,yp+yl-y0-ypl,ae9fe000d481b81bbb5ef98718aaa550784ff67131a466d21993e95b41f14e9f
2773,242,dpp4_12,CC#CCn1c(N2CCC[C@@H](N)C2)nc2c1c(=O)n(Cc1nc(C)c3ccccc3n1)c(=O)n2C,CC#CCn1c(N2CCC[C@@H](N)C2)nc2c1c(=O)n(Cc1nc(C)c3ccccc3n1)c(=O)n2C,4.4076545,0.16295205061765816,2,10.1093/nar/gkw1074,w16_s4_sequence_mean:751-766,751,766,IYTHMSHFIKQCFSLP,r3_b1019,3,1019,"[10, 21, 22, 23, 24, 25, 26, 28, 29, 30]","[""C"", ""ccc(c(C)n)c(c)n""]",1.9067857265472412,1.8885198831558228,1.871789813041687,1.8532201051712036,0.018265843391418457,0.0349959135055542,0.0535656213760376,0.0003038644790649414,yp+yl-y0-ypl,ae9fe000d481b81bbb5ef98718aaa550784ff67131a466d21993e95b41f14e9f
2773,242,dpp4_12,CC#CCn1c(N2CCC[C@@H](N)C2)nc2c1c(=O)n(Cc1nc(C)c3ccccc3n1)c(=O)n2C,CC#CCn1c(N2CCC[C@@H](N)C2)nc2c1c(=O)n(Cc1nc(C)c3ccccc3n1)c(=O)n2C,4.4076545,0.16295205061765816,2,10.1093/nar/gkw1074,w16_s4_sequence_mean:751-766,751,766,IYTHMSHFIKQCFSLP,r3_b1903,3,1903,"[2, 3, 4, 5, 6, 7, 8, 10, 12, 13, 14, 15, 16, 33]","[""CCn1c(N(CC)CC)nc(n)c1c""]",1.9067857265472412,1.8885198831558228,1.8699513673782349,1.8517709970474243,0.018265843391418457,0.03683435916900635,0.055014729499816895,-8.547306060791016e-05,yp+yl-y0-ypl,ae9fe000d481b81bbb5ef98718aaa550784ff67131a466d21993e95b41f14e9f
2773,242,dpp4_12,CC#CCn1c(N2CCC[C@@H](N)C2)nc2c1c(=O)n(Cc1nc(C)c3ccccc3n1)c(=O)n2C,CC#CCn1c(N2CCC[C@@H](N)C2)nc2c1c(=O)n(Cc1nc(C)c3ccccc3n1)c(=O)n2C,4.4076545,0.16295205061765816,2,10.1093/nar/gkw1074,w16_s4_sequence_mean:751-766,751,766,IYTHMSHFIKQCFSLP,r3_b314,3,314,"[16, 17, 31, 32]","[""c=O"", ""c=O""]",1.9067857265472412,1.8885198831558228,1.8800015449523926,1.8616548776626587,0.018265843391418457,0.026784181594848633,0.04513084888458252,8.082389831542969e-05,yp+yl-y0-ypl,ae9fe000d481b81bbb5ef98718aaa550784ff67131a466d21993e95b41f14e9f
2773,242,dpp4_12,CC#CCn1c(N2CCC[C@@H](N)C2)nc2c1c(=O)n(Cc1nc(C)c3ccccc3n1)c(=O)n2C,CC#CCn1c(N2CCC[C@@H](N)C2)nc2c1c(=O)n(Cc1nc(C)c3ccccc3n1)c(=O)n2C,4.4076545,0.16295205061765816,2,10.1093/nar/gkw1074,w16_s4_sequence_mean:751-766,751,766,IYTHMSHFIKQCFSLP,r3_b1365,3,1365,"[4, 5, 6, 13]","[""nc(N)n""]",1.9067857265472412,1.8885198831558228,1.9065253734588623,1.8881746530532837,0.018265843391418457,0.00026035308837890625,0.01861107349395752,8.487701416015625e-05,yp+yl-y0-ypl,ae9fe000d481b81bbb5ef98718aaa550784ff67131a466d21993e95b41f14e9f
2773,242,dpp4_12,CC#CCn1c(N2CCC[C@@H](N)C2)nc2c1c(=O)n(Cc1nc(C)c3ccccc3n1)c(=O)n2C,CC#CCn1c(N2CCC[C@@H](N)C2)nc2c1c(=O)n(Cc1nc(C)c3ccccc3n1)c(=O)n2C,4.4076545,0.16295205061765816,2,10.1093/nar/gkw1074,w16_s4_sequence_mean:751-766,751,766,IYTHMSHFIKQCFSLP,r3_b208,3,208,"[16, 18, 19, 20, 21, 22, 23, 24, 28, 29, 30, 31]","[""cc1cc(C)nc(Cn(c)c)n1""]",1.9067857265472412,1.8885198831558228,1.8747414350509644,1.8566101789474487,0.018265843391418457,0.032044291496276855,0.05017554759979248,-0.00013458728790283203,yp+yl-y0-ypl,ae9fe000d481b81bbb5ef98718aaa550784ff67131a466d21993e95b41f14e9f
2773,242,dpp4_12,CC#CCn1c(N2CCC[C@@H](N)C2)nc2c1c(=O)n(Cc1nc(C)c3ccccc3n1)c(=O)n2C,CC#CCn1c(N2CCC[C@@H](N)C2)nc2c1c(=O)n(Cc1nc(C)c3ccccc3n1)c(=O)n2C,4.4076545,0.16295205061765816,2,10.1093/nar/gkw1074,w16_s4_sequence_mean:425-440,425,440,MPGGRNLYKIQLSDYT,r3_b1066,3,1066,"[5, 6, 7, 9, 10, 11, 12]","[""cN(C)C[C@H](N)C""]",1.9067857265472412,1.8905738592147827,1.8656005859375,1.8498228788375854,0.016211867332458496,0.04118514060974121,0.05696284770965576,-0.0004341602325439453,yp+yl-y0-ypl,ae9fe000d481b81bbb5ef98718aaa550784ff67131a466d21993e95b41f14e9f
2773,242,dpp4_12,CC#CCn1c(N2CCC[C@@H](N)C2)nc2c1c(=O)n(Cc1nc(C)c3ccccc3n1)c(=O)n2C,CC#CCn1c(N2CCC[C@@H](N)C2)nc2c1c(=O)n(Cc1nc(C)c3ccccc3n1)c(=O)n2C,4.4076545,0.16295205061765816,2,10.1093/nar/gkw1074,w16_s4_sequence_mean:425-440,425,440,MPGGRNLYKIQLSDYT,r3_b770,3,770,"[4, 5, 6, 7, 8, 9, 10, 11, 12, 13]","[""nc(N1CCC[C@@H](N)C1)n""]",1.9067857265472412,1.8905738592147827,1.8520857095718384,1.8359283208847046,0.016211867332458496,0.05470001697540283,0.07085740566253662,-5.447864532470703e-05,yp+yl-y0-ypl,ae9fe000d481b81bbb5ef98718aaa550784ff67131a466d21993e95b41f14e9f
2773,242,dpp4_12,CC#CCn1c(N2CCC[C@@H](N)C2)nc2c1c(=O)n(Cc1nc(C)c3ccccc3n1)c(=O)n2C,CC#CCn1c(N2CCC[C@@H](N)C2)nc2c1c(=O)n(Cc1nc(C)c3ccccc3n1)c(=O)n2C,4.4076545,0.16295205061765816,2,10.1093/nar/gkw1074,w16_s4_sequence_mean:425-440,425,440,MPGGRNLYKIQLSDYT,r3_b1765,3,1765,"[18, 19, 20]","[""cCn""]",1.9067857265472412,1.8905738592147827,1.8530340194702148,1.8373275995254517,0.016211867332458496,0.05375170707702637,0.06945812702178955,-0.0005054473876953125,yp+yl-y0-ypl,ae9fe000d481b81bbb5ef98718aaa550784ff67131a466d21993e95b41f14e9f
2773,242,dpp4_12,CC#CCn1c(N2CCC[C@@H](N)C2)nc2c1c(=O)n(Cc1nc(C)c3ccccc3n1)c(=O)n2C,CC#CCn1c(N2CCC[C@@H](N)C2)nc2c1c(=O)n(Cc1nc(C)c3ccccc3n1)c(=O)n2C,4.4076545,0.16295205061765816,2,10.1093/nar/gkw1074,w16_s4_sequence_mean:425-440,425,440,MPGGRNLYKIQLSDYT,r3_b1696,3,1696,"[13, 14, 15, 33]","[""cc(n)n""]",1.9067857265472412,1.8905738592147827,1.8548452854156494,1.8393478393554688,0.016211867332458496,0.0519404411315918,0.06743788719177246,-0.000714421272277832,yp+yl-y0-ypl,ae9fe000d481b81bbb5ef98718aaa550784ff67131a466d21993e95b41f14e9f
2773,242,dpp4_12,CC#CCn1c(N2CCC[C@@H](N)C2)nc2c1c(=O)n(Cc1nc(C)c3ccccc3n1)c(=O)n2C,CC#CCn1c(N2CCC[C@@H](N)C2)nc2c1c(=O)n(Cc1nc(C)c3ccccc3n1)c(=O)n2C,4.4076545,0.16295205061765816,2,10.1093/nar/gkw1074,w16_s4_sequence_mean:425-440,425,440,MPGGRNLYKIQLSDYT,r3_b1722,3,1722,"[22, 23]","[""cC""]",1.9067857265472412,1.8905738592147827,1.888485074043274,1.8726762533187866,0.016211867332458496,0.018300652503967285,0.03410947322845459,-0.0004030466079711914,yp+yl-y0-ypl,ae9fe000d481b81bbb5ef98718aaa550784ff67131a466d21993e95b41f14e9f
2773,242,dpp4_12,CC#CCn1c(N2CCC[C@@H](N)C2)nc2c1c(=O)n(Cc1nc(C)c3ccccc3n1)c(=O)n2C,CC#CCn1c(N2CCC[C@@H](N)C2)nc2c1c(=O)n(Cc1nc(C)c3ccccc3n1)c(=O)n2C,4.4076545,0.16295205061765816,2,10.1093/nar/gkw1074,w16_s4_sequence_mean:425-440,425,440,MPGGRNLYKIQLSDYT,r3_b1019,3,1019,"[10, 21, 22, 23, 24, 25, 26, 28, 29, 30]","[""C"", ""ccc(c(C)n)c(c)n""]",1.9067857265472412,1.8905738592147827,1.871789813041687,1.8558553457260132,0.016211867332458496,0.0349959135055542,0.05093038082122803,-0.00027740001678466797,yp+yl-y0-ypl,ae9fe000d481b81bbb5ef98718aaa550784ff67131a466d21993e95b41f14e9f
2773,242,dpp4_12,CC#CCn1c(N2CCC[C@@H](N)C2)nc2c1c(=O)n(Cc1nc(C)c3ccccc3n1)c(=O)n2C,CC#CCn1c(N2CCC[C@@H](N)C2)nc2c1c(=O)n(Cc1nc(C)c3ccccc3n1)c(=O)n2C,4.4076545,0.16295205061765816,2,10.1093/nar/gkw1074,w16_s4_sequence_mean:425-440,425,440,MPGGRNLYKIQLSDYT,r3_b1903,3,1903,"[2, 3, 4, 5, 6, 7, 8, 10, 12, 13, 14, 15, 16, 33]","[""CCn1c(N(CC)CC)nc(n)c1c""]",1.9067857265472412,1.8905738592147827,1.8699513673782349,1.8537142276763916,0.016211867332458496,0.03683435916900635,0.05307149887084961,2.5272369384765625e-05,yp+yl-y0-ypl,ae9fe000d481b81bbb5ef98718aaa550784ff67131a466d21993e95b41f14e9f
2773,242,dpp4_12,CC#CCn1c(N2CCC[C@@H](N)C2)nc2c1c(=O)n(Cc1nc(C)c3ccccc3n1)c(=O)n2C,CC#CCn1c(N2CCC[C@@H](N)C2)nc2c1c(=O)n(Cc1nc(C)c3ccccc3n1)c(=O)n2C,4.4076545,0.16295205061765816,2,10.1093/nar/gkw1074,w16_s4_sequence_mean:425-440,425,440,MPGGRNLYKIQLSDYT,r3_b314,3,314,"[16, 17, 31, 32]","[""c=O"", ""c=O""]",1.9067857265472412,1.8905738592147827,1.8800015449523926,1.8639553785324097,0.016211867332458496,0.026784181594848633,0.04283034801483154,-0.00016570091247558594,yp+yl-y0-ypl,ae9fe000d481b81bbb5ef98718aaa550784ff67131a466d21993e95b41f14e9f
2773,242,dpp4_12,CC#CCn1c(N2CCC[C@@H](N)C2)nc2c1c(=O)n(Cc1nc(C)c3ccccc3n1)c(=O)n2C,CC#CCn1c(N2CCC[C@@H](N)C2)nc2c1c(=O)n(Cc1nc(C)c3ccccc3n1)c(=O)n2C,4.4076545,0.16295205061765816,2,10.1093/nar/gkw1074,w16_s4_sequence_mean:425-440,425,440,MPGGRNLYKIQLSDYT,r3_b1365,3,1365,"[4, 5, 6, 13]","[""nc(N)n""]",1.9067857265472412,1.8905738592147827,1.9065253734588623,1.8900136947631836,0.016211867332458496,0.00026035308837890625,0.016772031784057617,0.00029981136322021484,yp+yl-y0-ypl,ae9fe000d481b81bbb5ef98718aaa550784ff67131a466d21993e95b41f14e9f
2773,242,dpp4_12,CC#CCn1c(N2CCC[C@@H](N)C2)nc2c1c(=O)n(Cc1nc(C)c3ccccc3n1)c(=O)n2C,CC#CCn1c(N2CCC[C@@H](N)C2)nc2c1c(=O)n(Cc1nc(C)c3ccccc3n1)c(=O)n2C,4.4076545,0.16295205061765816,2,10.1093/nar/gkw1074,w16_s4_sequence_mean:425-440,425,440,MPGGRNLYKIQLSDYT,r3_b208,3,208,"[16, 18, 19, 20, 21, 22, 23, 24, 28, 29, 30, 31]","[""cc1cc(C)nc(Cn(c)c)n1""]",1.9067857265472412,1.8905738592147827,1.8747414350509644,1.8594675064086914,0.016211867332458496,0.032044291496276855,0.047318220138549805,-0.0009379386901855469,yp+yl-y0-ypl,ae9fe000d481b81bbb5ef98718aaa550784ff67131a466d21993e95b41f14e9f
2773,242,dpp4_12,CC#CCn1c(N2CCC[C@@H](N)C2)nc2c1c(=O)n(Cc1nc(C)c3ccccc3n1)c(=O)n2C,CC#CCn1c(N2CCC[C@@H](N)C2)nc2c1c(=O)n(Cc1nc(C)c3ccccc3n1)c(=O)n2C,4.4076545,0.16295205061765816,2,10.1093/nar/gkw1074,w16_s4_sequence_mean:421-436,421,436,EYKGMPGGRNLYKIQL,r3_b1066,3,1066,"[5, 6, 7, 9, 10, 11, 12]","[""cN(C)C[C@H](N)C""]",1.9067857265472412,1.8891092538833618,1.8656005859375,1.848093867301941,0.017676472663879395,0.04118514060974121,0.05869185924530029,-0.0001697540283203125,yp+yl-y0-ypl,ae9fe000d481b81bbb5ef98718aaa550784ff67131a466d21993e95b41f14e9f
2773,242,dpp4_12,CC#CCn1c(N2CCC[C@@H](N)C2)nc2c1c(=O)n(Cc1nc(C)c3ccccc3n1)c(=O)n2C,CC#CCn1c(N2CCC[C@@H](N)C2)nc2c1c(=O)n(Cc1nc(C)c3ccccc3n1)c(=O)n2C,4.4076545,0.16295205061765816,2,10.1093/nar/gkw1074,w16_s4_sequence_mean:421-436,421,436,EYKGMPGGRNLYKIQL,r3_b770,3,770,"[4, 5, 6, 7, 8, 9, 10, 11, 12, 13]","[""nc(N1CCC[C@@H](N)C1)n""]",1.9067857265472412,1.8891092538833618,1.8520857095718384,1.8346105813980103,0.017676472663879395,0.05470001697540283,0.07217514514923096,-0.00020134449005126953,yp+yl-y0-ypl,ae9fe000d481b81bbb5ef98718aaa550784ff67131a466d21993e95b41f14e9f
2773,242,dpp4_12,CC#CCn1c(N2CCC[C@@H](N)C2)nc2c1c(=O)n(Cc1nc(C)c3ccccc3n1)c(=O)n2C,CC#CCn1c(N2CCC[C@@H](N)C2)nc2c1c(=O)n(Cc1nc(C)c3ccccc3n1)c(=O)n2C,4.4076545,0.16295205061765816,2,10.1093/nar/gkw1074,w16_s4_sequence_mean:421-436,421,436,EYKGMPGGRNLYKIQL,r3_b1765,3,1765,"[18, 19, 20]","[""cCn""]",1.9067857265472412,1.8891092538833618,1.8530340194702148,1.8357279300689697,0.017676472663879395,0.05375170707702637,0.07105779647827148,-0.00037038326263427734,yp+yl-y0-ypl,ae9fe000d481b81bbb5ef98718aaa550784ff67131a466d21993e95b41f14e9f
2773,242,dpp4_12,CC#CCn1c(N2CCC[C@@H](N)C2)nc2c1c(=O)n(Cc1nc(C)c3ccccc3n1)c(=O)n2C,CC#CCn1c(N2CCC[C@@H](N)C2)nc2c1c(=O)n(Cc1nc(C)c3ccccc3n1)c(=O)n2C,4.4076545,0.16295205061765816,2,10.1093/nar/gkw1074,w16_s4_sequence_mean:421-436,421,436,EYKGMPGGRNLYKIQL,r3_b1696,3,1696,"[13, 14, 15, 33]","[""cc(n)n""]",1.9067857265472412,1.8891092538833618,1.8548452854156494,1.8377736806869507,0.017676472663879395,0.0519404411315918,0.06901204586029053,-0.0006048679351806641,yp+yl-y0-ypl,ae9fe000d481b81bbb5ef98718aaa550784ff67131a466d21993e95b41f14e9f
2773,242,dpp4_12,CC#CCn1c(N2CCC[C@@H](N)C2)nc2c1c(=O)n(Cc1nc(C)c3ccccc3n1)c(=O)n2C,CC#CCn1c(N2CCC[C@@H](N)C2)nc2c1c(=O)n(Cc1nc(C)c3ccccc3n1)c(=O)n2C,4.4076545,0.16295205061765816,2,10.1093/nar/gkw1074,w16_s4_sequence_mean:421-436,421,436,EYKGMPGGRNLYKIQL,r3_b1722,3,1722,"[22, 23]","[""cC""]",1.9067857265472412,1.8891092538833618,1.888485074043274,1.871156096458435,0.017676472663879395,0.018300652503967285,0.03562963008880615,-0.00034749507904052734,yp+yl-y0-ypl,ae9fe000d481b81bbb5ef98718aaa550784ff67131a466d21993e95b41f14e9f
2773,242,dpp4_12,CC#CCn1c(N2CCC[C@@H](N)C2)nc2c1c(=O)n(Cc1nc(C)c3ccccc3n1)c(=O)n2C,CC#CCn1c(N2CCC[C@@H](N)C2)nc2c1c(=O)n(Cc1nc(C)c3ccccc3n1)c(=O)n2C,4.4076545,0.16295205061765816,2,10.1093/nar/gkw1074,w16_s4_sequence_mean:421-436,421,436,EYKGMPGGRNLYKIQL,r3_b1019,3,1019,"[10, 21, 22, 23, 24, 25, 26, 28, 29, 30]","[""C"", ""ccc(c(C)n)c(c)n""]",1.9067857265472412,1.8891092538833618,1.871789813041687,1.854364037513733,0.017676472663879395,0.0349959135055542,0.0524216890335083,-0.00025069713592529297,yp+yl-y0-ypl,ae9fe000d481b81bbb5ef98718aaa550784ff67131a466d21993e95b41f14e9f
2773,242,dpp4_12,CC#CCn1c(N2CCC[C@@H](N)C2)nc2c1c(=O)n(Cc1nc(C)c3ccccc3n1)c(=O)n2C,CC#CCn1c(N2CCC[C@@H](N)C2)nc2c1c(=O)n(Cc1nc(C)c3ccccc3n1)c(=O)n2C,4.4076545,0.16295205061765816,2,10.1093/nar/gkw1074,w16_s4_sequence_mean:421-436,421,436,EYKGMPGGRNLYKIQL,r3_b1903,3,1903,"[2, 3, 4, 5, 6, 7, 8, 10, 12, 13, 14, 15, 16, 33]","[""CCn1c(N(CC)CC)nc(n)c1c""]",1.9067857265472412,1.8891092538833618,1.8699513673782349,1.8521312475204468,0.017676472663879395,0.03683435916900635,0.054654479026794434,0.0001436471939086914,yp+yl-y0-ypl,ae9fe000d481b81bbb5ef98718aaa550784ff67131a466d21993e95b41f14e9f
2773,242,dpp4_12,CC#CCn1c(N2CCC[C@@H](N)C2)nc2c1c(=O)n(Cc1nc(C)c3ccccc3n1)c(=O)n2C,CC#CCn1c(N2CCC[C@@H](N)C2)nc2c1c(=O)n(Cc1nc(C)c3ccccc3n1)c(=O)n2C,4.4076545,0.16295205061765816,2,10.1093/nar/gkw1074,w16_s4_sequence_mean:421-436,421,436,EYKGMPGGRNLYKIQL,r3_b314,3,314,"[16, 17, 31, 32]","[""c=O"", ""c=O""]",1.9067857265472412,1.8891092538833618,1.8800015449523926,1.8623040914535522,0.017676472663879395,0.026784181594848633,0.044481635093688965,2.09808349609375e-05,yp+yl-y0-ypl,ae9fe000d481b81bbb5ef98718aaa550784ff67131a466d21993e95b41f14e9f
2773,242,dpp4_12,CC#CCn1c(N2CCC[C@@H](N)C2)nc2c1c(=O)n(Cc1nc(C)c3ccccc3n1)c(=O)n2C,CC#CCn1c(N2CCC[C@@H](N)C2)nc2c1c(=O)n(Cc1nc(C)c3ccccc3n1)c(=O)n2C,4.4076545,0.16295205061765816,2,10.1093/nar/gkw1074,w16_s4_sequence_mean:421-436,421,436,EYKGMPGGRNLYKIQL,r3_b1365,3,1365,"[4, 5, 6, 13]","[""nc(N)n""]",1.9067857265472412,1.8891092538833618,1.9065253734588623,1.888595700263977,0.017676472663879395,0.00026035308837890625,0.01819002628326416,0.0002532005310058594,yp+yl-y0-ypl,ae9fe000d481b81bbb5ef98718aaa550784ff67131a466d21993e95b41f14e9f
2773,242,dpp4_12,CC#CCn1c(N2CCC[C@@H](N)C2)nc2c1c(=O)n(Cc1nc(C)c3ccccc3n1)c(=O)n2C,CC#CCn1c(N2CCC[C@@H](N)C2)nc2c1c(=O)n(Cc1nc(C)c3ccccc3n1)c(=O)n2C,4.4076545,0.16295205061765816,2,10.1093/nar/gkw1074,w16_s4_sequence_mean:421-436,421,436,EYKGMPGGRNLYKIQL,r3_b208,3,208,"[16, 18, 19, 20, 21, 22, 23, 24, 28, 29, 30, 31]","[""cc1cc(C)nc(Cn(c)c)n1""]",1.9067857265472412,1.8891092538833618,1.8747414350509644,1.857852816581726,0.017676472663879395,0.032044291496276855,0.04893290996551514,-0.0007878541946411133,yp+yl-y0-ypl,ae9fe000d481b81bbb5ef98718aaa550784ff67131a466d21993e95b41f14e9f
2773,242,dpp4_12,CC#CCn1c(N2CCC[C@@H](N)C2)nc2c1c(=O)n(Cc1nc(C)c3ccccc3n1)c(=O)n2C,CC#CCn1c(N2CCC[C@@H](N)C2)nc2c1c(=O)n(Cc1nc(C)c3ccccc3n1)c(=O)n2C,4.4076545,0.16295205061765816,2,10.1093/nar/gkw1074,w16_s4_sequence_mean:17-32,17,32,LVTIITVPVVLLNKGT,r3_b1066,3,1066,"[5, 6, 7, 9, 10, 11, 12]","[""cN(C)C[C@H](N)C""]",1.9067857265472412,1.8834772109985352,1.8656005859375,1.8431625366210938,0.023308515548706055,0.04118514060974121,0.06362318992614746,-0.0008704662322998047,yp+yl-y0-ypl,ae9fe000d481b81bbb5ef98718aaa550784ff67131a466d21993e95b41f14e9f
2773,242,dpp4_12,CC#CCn1c(N2CCC[C@@H](N)C2)nc2c1c(=O)n(Cc1nc(C)c3ccccc3n1)c(=O)n2C,CC#CCn1c(N2CCC[C@@H](N)C2)nc2c1c(=O)n(Cc1nc(C)c3ccccc3n1)c(=O)n2C,4.4076545,0.16295205061765816,2,10.1093/nar/gkw1074,w16_s4_sequence_mean:17-32,17,32,LVTIITVPVVLLNKGT,r3_b770,3,770,"[4, 5, 6, 7, 8, 9, 10, 11, 12, 13]","[""nc(N1CCC[C@@H](N)C1)n""]",1.9067857265472412,1.8834772109985352,1.8520857095718384,1.8294867277145386,0.023308515548706055,0.05470001697540283,0.07729899883270264,-0.00070953369140625,yp+yl-y0-ypl,ae9fe000d481b81bbb5ef98718aaa550784ff67131a466d21993e95b41f14e9f
2773,242,dpp4_12,CC#CCn1c(N2CCC[C@@H](N)C2)nc2c1c(=O)n(Cc1nc(C)c3ccccc3n1)c(=O)n2C,CC#CCn1c(N2CCC[C@@H](N)C2)nc2c1c(=O)n(Cc1nc(C)c3ccccc3n1)c(=O)n2C,4.4076545,0.16295205061765816,2,10.1093/nar/gkw1074,w16_s4_sequence_mean:17-32,17,32,LVTIITVPVVLLNKGT,r3_b1765,3,1765,"[18, 19, 20]","[""cCn""]",1.9067857265472412,1.8834772109985352,1.8530340194702148,1.8308724164962769,0.023308515548706055,0.05375170707702637,0.07591331005096436,-0.0011469125747680664,yp+yl-y0-ypl,ae9fe000d481b81bbb5ef98718aaa550784ff67131a466d21993e95b41f14e9f
2773,242,dpp4_12,CC#CCn1c(N2CCC[C@@H](N)C2)nc2c1c(=O)n(Cc1nc(C)c3ccccc3n1)c(=O)n2C,CC#CCn1c(N2CCC[C@@H](N)C2)nc2c1c(=O)n(Cc1nc(C)c3ccccc3n1)c(=O)n2C,4.4076545,0.16295205061765816,2,10.1093/nar/gkw1074,w16_s4_sequence_mean:17-32,17,32,LVTIITVPVVLLNKGT,r3_b1696,3,1696,"[13, 14, 15, 33]","[""cc(n)n""]",1.9067857265472412,1.8834772109985352,1.8548452854156494,1.832901120185852,0.023308515548706055,0.0519404411315918,0.07388460636138916,-0.0013643503189086914,yp+yl-y0-ypl,ae9fe000d481b81bbb5ef98718aaa550784ff67131a466d21993e95b41f14e9f
2773,242,dpp4_12,CC#CCn1c(N2CCC[C@@H](N)C2)nc2c1c(=O)n(Cc1nc(C)c3ccccc3n1)c(=O)n2C,CC#CCn1c(N2CCC[C@@H](N)C2)nc2c1c(=O)n(Cc1nc(C)c3ccccc3n1)c(=O)n2C,4.4076545,0.16295205061765816,2,10.1093/nar/gkw1074,w16_s4_sequence_mean:17-32,17,32,LVTIITVPVVLLNKGT,r3_b1722,3,1722,"[22, 23]","[""cC""]",1.9067857265472412,1.8834772109985352,1.888485074043274,1.86557137966156,0.023308515548706055,0.018300652503967285,0.04121434688568115,-0.0003948211669921875,yp+yl-y0-ypl,ae9fe000d481b81bbb5ef98718aaa550784ff67131a466d21993e95b41f14e9f
2773,242,dpp4_12,CC#CCn1c(N2CCC[C@@H](N)C2)nc2c1c(=O)n(Cc1nc(C)c3ccccc3n1)c(=O)n2C,CC#CCn1c(N2CCC[C@@H](N)C2)nc2c1c(=O)n(Cc1nc(C)c3ccccc3n1)c(=O)n2C,4.4076545,0.16295205061765816,2,10.1093/nar/gkw1074,w16_s4_sequence_mean:17-32,17,32,LVTIITVPVVLLNKGT,r3_b1019,3,1019,"[10, 21, 22, 23, 24, 25, 26, 28, 29, 30]","[""C"", ""ccc(c(C)n)c(c)n""]",1.9067857265472412,1.8834772109985352,1.871789813041687,1.8490957021713257,0.023308515548706055,0.0349959135055542,0.05769002437591553,-0.0006144046783447266,yp+yl-y0-ypl,ae9fe000d481b81bbb5ef98718aaa550784ff67131a466d21993e95b41f14e9f
2773,242,dpp4_12,CC#CCn1c(N2CCC[C@@H](N)C2)nc2c1c(=O)n(Cc1nc(C)c3ccccc3n1)c(=O)n2C,CC#CCn1c(N2CCC[C@@H](N)C2)nc2c1c(=O)n(Cc1nc(C)c3ccccc3n1)c(=O)n2C,4.4076545,0.16295205061765816,2,10.1093/nar/gkw1074,w16_s4_sequence_mean:17-32,17,32,LVTIITVPVVLLNKGT,r3_b1903,3,1903,"[2, 3, 4, 5, 6, 7, 8, 10, 12, 13, 14, 15, 16, 33]","[""CCn1c(N(CC)CC)nc(n)c1c""]",1.9067857265472412,1.8834772109985352,1.8699513673782349,1.846441626548767,0.023308515548706055,0.03683435916900635,0.06034409999847412,0.00020122528076171875,yp+yl-y0-ypl,ae9fe000d481b81bbb5ef98718aaa550784ff67131a466d21993e95b41f14e9f
2773,242,dpp4_12,CC#CCn1c(N2CCC[C@@H](N)C2)nc2c1c(=O)n(Cc1nc(C)c3ccccc3n1)c(=O)n2C,CC#CCn1c(N2CCC[C@@H](N)C2)nc2c1c(=O)n(Cc1nc(C)c3ccccc3n1)c(=O)n2C,4.4076545,0.16295205061765816,2,10.1093/nar/gkw1074,w16_s4_sequence_mean:17-32,17,32,LVTIITVPVVLLNKGT,r3_b314,3,314,"[16, 17, 31, 32]","[""c=O"", ""c=O""]",1.9067857265472412,1.8834772109985352,1.8800015449523926,1.8568966388702393,0.023308515548706055,0.026784181594848633,0.04988908767700195,-0.00020360946655273438,yp+yl-y0-ypl,ae9fe000d481b81bbb5ef98718aaa550784ff67131a466d21993e95b41f14e9f
2773,242,dpp4_12,CC#CCn1c(N2CCC[C@@H](N)C2)nc2c1c(=O)n(Cc1nc(C)c3ccccc3n1)c(=O)n2C,CC#CCn1c(N2CCC[C@@H](N)C2)nc2c1c(=O)n(Cc1nc(C)c3ccccc3n1)c(=O)n2C,4.4076545,0.16295205061765816,2,10.1093/nar/gkw1074,w16_s4_sequence_mean:17-32,17,32,LVTIITVPVVLLNKGT,r3_b1365,3,1365,"[4, 5, 6, 13]","[""nc(N)n""]",1.9067857265472412,1.8834772109985352,1.9065253734588623,1.8831120729446411,0.023308515548706055,0.00026035308837890625,0.023673653602600098,0.00010478496551513672,yp+yl-y0-ypl,ae9fe000d481b81bbb5ef98718aaa550784ff67131a466d21993e95b41f14e9f
2773,242,dpp4_12,CC#CCn1c(N2CCC[C@@H](N)C2)nc2c1c(=O)n(Cc1nc(C)c3ccccc3n1)c(=O)n2C,CC#CCn1c(N2CCC[C@@H](N)C2)nc2c1c(=O)n(Cc1nc(C)c3ccccc3n1)c(=O)n2C,4.4076545,0.16295205061765816,2,10.1093/nar/gkw1074,w16_s4_sequence_mean:17-32,17,32,LVTIITVPVVLLNKGT,r3_b208,3,208,"[16, 18, 19, 20, 21, 22, 23, 24, 28, 29, 30, 31]","[""cc1cc(C)nc(Cn(c)c)n1""]",1.9067857265472412,1.8834772109985352,1.8747414350509644,1.8524706363677979,0.023308515548706055,0.032044291496276855,0.05431509017944336,-0.0010377168655395508,yp+yl-y0-ypl,ae9fe000d481b81bbb5ef98718aaa550784ff67131a466d21993e95b41f14e9f
2773,242,dpp4_12,CC#CCn1c(N2CCC[C@@H](N)C2)nc2c1c(=O)n(Cc1nc(C)c3ccccc3n1)c(=O)n2C,CC#CCn1c(N2CCC[C@@H](N)C2)nc2c1c(=O)n(Cc1nc(C)c3ccccc3n1)c(=O)n2C,4.4076545,0.16295205061765816,2,10.1093/nar/gkw1074,w16_s4_sequence_mean:377-392,377,392,NEEGYRHICYFQIDKK,r3_b1066,3,1066,"[5, 6, 7, 9, 10, 11, 12]","[""cN(C)C[C@H](N)C""]",1.9067857265472412,1.893835186958313,1.8656005859375,1.8530802726745605,0.012950539588928223,0.04118514060974121,0.053705453872680664,-0.00043022632598876953,yp+yl-y0-ypl,ae9fe000d481b81bbb5ef98718aaa550784ff67131a466d21993e95b41f14e9f
2773,242,dpp4_12,CC#CCn1c(N2CCC[C@@H](N)C2)nc2c1c(=O)n(Cc1nc(C)c3ccccc3n1)c(=O)n2C,CC#CCn1c(N2CCC[C@@H](N)C2)nc2c1c(=O)n(Cc1nc(C)c3ccccc3n1)c(=O)n2C,4.4076545,0.16295205061765816,2,10.1093/nar/gkw1074,w16_s4_sequence_mean:377-392,377,392,NEEGYRHICYFQIDKK,r3_b770,3,770,"[4, 5, 6, 7, 8, 9, 10, 11, 12, 13]","[""nc(N1CCC[C@@H](N)C1)n""]",1.9067857265472412,1.893835186958313,1.8520857095718384,1.8389848470687866,0.012950539588928223,0.05470001697540283,0.06780087947845459,0.00015032291412353516,yp+yl-y0-ypl,ae9fe000d481b81bbb5ef98718aaa550784ff67131a466d21993e95b41f14e9f
2773,242,dpp4_12,CC#CCn1c(N2CCC[C@@H](N)C2)nc2c1c(=O)n(Cc1nc(C)c3ccccc3n1)c(=O)n2C,CC#CCn1c(N2CCC[C@@H](N)C2)nc2c1c(=O)n(Cc1nc(C)c3ccccc3n1)c(=O)n2C,4.4076545,0.16295205061765816,2,10.1093/nar/gkw1074,w16_s4_sequence_mean:377-392,377,392,NEEGYRHICYFQIDKK,r3_b1765,3,1765,"[18, 19, 20]","[""cCn""]",1.9067857265472412,1.893835186958313,1.8530340194702148,1.8402538299560547,0.012950539588928223,0.05375170707702637,0.06653189659118652,-0.0001703500747680664,yp+yl-y0-ypl,ae9fe000d481b81bbb5ef98718aaa550784ff67131a466d21993e95b41f14e9f
2773,242,dpp4_12,CC#CCn1c(N2CCC[C@@H](N)C2)nc2c1c(=O)n(Cc1nc(C)c3ccccc3n1)c(=O)n2C,CC#CCn1c(N2CCC[C@@H](N)C2)nc2c1c(=O)n(Cc1nc(C)c3ccccc3n1)c(=O)n2C,4.4076545,0.16295205061765816,2,10.1093/nar/gkw1074,w16_s4_sequence_mean:377-392,377,392,NEEGYRHICYFQIDKK,r3_b1696,3,1696,"[13, 14, 15, 33]","[""cc(n)n""]",1.9067857265472412,1.893835186958313,1.8548452854156494,1.8422824144363403,0.012950539588928223,0.0519404411315918,0.06450331211090088,-0.0003876686096191406,yp+yl-y0-ypl,ae9fe000d481b81bbb5ef98718aaa550784ff67131a466d21993e95b41f14e9f
2773,242,dpp4_12,CC#CCn1c(N2CCC[C@@H](N)C2)nc2c1c(=O)n(Cc1nc(C)c3ccccc3n1)c(=O)n2C,CC#CCn1c(N2CCC[C@@H](N)C2)nc2c1c(=O)n(Cc1nc(C)c3ccccc3n1)c(=O)n2C,4.4076545,0.16295205061765816,2,10.1093/nar/gkw1074,w16_s4_sequence_mean:377-392,377,392,NEEGYRHICYFQIDKK,r3_b1722,3,1722,"[22, 23]","[""cC""]",1.9067857265472412,1.893835186958313,1.888485074043274,1.8753842115402222,0.012950539588928223,0.018300652503967285,0.03140151500701904,0.00015032291412353516,yp+yl-y0-ypl,ae9fe000d481b81bbb5ef98718aaa550784ff67131a466d21993e95b41f14e9f
2773,242,dpp4_12,CC#CCn1c(N2CCC[C@@H](N)C2)nc2c1c(=O)n(Cc1nc(C)c3ccccc3n1)c(=O)n2C,CC#CCn1c(N2CCC[C@@H](N)C2)nc2c1c(=O)n(Cc1nc(C)c3ccccc3n1)c(=O)n2C,4.4076545,0.16295205061765816,2,10.1093/nar/gkw1074,w16_s4_sequence_mean:377-392,377,392,NEEGYRHICYFQIDKK,r3_b1019,3,1019,"[10, 21, 22, 23, 24, 25, 26, 28, 29, 30]","[""C"", ""ccc(c(C)n)c(c)n""]",1.9067857265472412,1.893835186958313,1.871789813041687,1.859107255935669,0.012950539588928223,0.0349959135055542,0.047678470611572266,-0.00026798248291015625,yp+yl-y0-ypl,ae9fe000d481b81bbb5ef98718aaa550784ff67131a466d21993e95b41f14e9f
2773,242,dpp4_12,CC#CCn1c(N2CCC[C@@H](N)C2)nc2c1c(=O)n(Cc1nc(C)c3ccccc3n1)c(=O)n2C,CC#CCn1c(N2CCC[C@@H](N)C2)nc2c1c(=O)n(Cc1nc(C)c3ccccc3n1)c(=O)n2C,4.4076545,0.16295205061765816,2,10.1093/nar/gkw1074,w16_s4_sequence_mean:377-392,377,392,NEEGYRHICYFQIDKK,r3_b1903,3,1903,"[2, 3, 4, 5, 6, 7, 8, 10, 12, 13, 14, 15, 16, 33]","[""CCn1c(N(CC)CC)nc(n)c1c""]",1.9067857265472412,1.893835186958313,1.8699513673782349,1.8568278551101685,0.012950539588928223,0.03683435916900635,0.049957871437072754,0.0001729726791381836,yp+yl-y0-ypl,ae9fe000d481b81bbb5ef98718aaa550784ff67131a466d21993e95b41f14e9f
2773,242,dpp4_12,CC#CCn1c(N2CCC[C@@H](N)C2)nc2c1c(=O)n(Cc1nc(C)c3ccccc3n1)c(=O)n2C,CC#CCn1c(N2CCC[C@@H](N)C2)nc2c1c(=O)n(Cc1nc(C)c3ccccc3n1)c(=O)n2C,4.4076545,0.16295205061765816,2,10.1093/nar/gkw1074,w16_s4_sequence_mean:377-392,377,392,NEEGYRHICYFQIDKK,r3_b314,3,314,"[16, 17, 31, 32]","[""c=O"", ""c=O""]",1.9067857265472412,1.893835186958313,1.8800015449523926,1.8670566082000732,0.012950539588928223,0.026784181594848633,0.03972911834716797,-5.602836608886719e-06,yp+yl-y0-ypl,ae9fe000d481b81bbb5ef98718aaa550784ff67131a466d21993e95b41f14e9f
2773,242,dpp4_12,CC#CCn1c(N2CCC[C@@H](N)C2)nc2c1c(=O)n(Cc1nc(C)c3ccccc3n1)c(=O)n2C,CC#CCn1c(N2CCC[C@@H](N)C2)nc2c1c(=O)n(Cc1nc(C)c3ccccc3n1)c(=O)n2C,4.4076545,0.16295205061765816,2,10.1093/nar/gkw1074,w16_s4_sequence_mean:377-392,377,392,NEEGYRHICYFQIDKK,r3_b1365,3,1365,"[4, 5, 6, 13]","[""nc(N)n""]",1.9067857265472412,1.893835186958313,1.9065253734588623,1.8934794664382935,0.012950539588928223,0.00026035308837890625,0.013306260108947754,9.5367431640625e-05,yp+yl-y0-ypl,ae9fe000d481b81bbb5ef98718aaa550784ff67131a466d21993e95b41f14e9f
2773,242,dpp4_12,CC#CCn1c(N2CCC[C@@H](N)C2)nc2c1c(=O)n(Cc1nc(C)c3ccccc3n1)c(=O)n2C,CC#CCn1c(N2CCC[C@@H](N)C2)nc2c1c(=O)n(Cc1nc(C)c3ccccc3n1)c(=O)n2C,4.4076545,0.16295205061765816,2,10.1093/nar/gkw1074,w16_s4_sequence_mean:377-392,377,392,NEEGYRHICYFQIDKK,r3_b208,3,208,"[16, 18, 19, 20, 21, 22, 23, 24, 28, 29, 30, 31]","[""cc1cc(C)nc(Cn(c)c)n1""]",1.9067857265472412,1.893835186958313,1.8747414350509644,1.8624982833862305,0.012950539588928223,0.032044291496276855,0.04428744316101074,-0.0007073879241943359,yp+yl-y0-ypl,ae9fe000d481b81bbb5ef98718aaa550784ff67131a466d21993e95b41f14e9f
2773,242,dpp4_12,CC#CCn1c(N2CCC[C@@H](N)C2)nc2c1c(=O)n(Cc1nc(C)c3ccccc3n1)c(=O)n2C,CC#CCn1c(N2CCC[C@@H](N)C2)nc2c1c(=O)n(Cc1nc(C)c3ccccc3n1)c(=O)n2C,4.4076545,0.16295205061765816,2,10.1093/nar/gkw1074,w16_s4_sequence_mean:381-396,381,396,YRHICYFQIDKKDCTF,r3_b1066,3,1066,"[5, 6, 7, 9, 10, 11, 12]","[""cN(C)C[C@H](N)C""]",1.9067857265472412,1.8935471773147583,1.8656005859375,1.8527065515518188,0.01323854923248291,0.04118514060974121,0.05407917499542236,-0.0003445148468017578,yp+yl-y0-ypl,ae9fe000d481b81bbb5ef98718aaa550784ff67131a466d21993e95b41f14e9f
2773,242,dpp4_12,CC#CCn1c(N2CCC[C@@H](N)C2)nc2c1c(=O)n(Cc1nc(C)c3ccccc3n1)c(=O)n2C,CC#CCn1c(N2CCC[C@@H](N)C2)nc2c1c(=O)n(Cc1nc(C)c3ccccc3n1)c(=O)n2C,4.4076545,0.16295205061765816,2,10.1093/nar/gkw1074,w16_s4_sequence_mean:381-396,381,396,YRHICYFQIDKKDCTF,r3_b770,3,770,"[4, 5, 6, 7, 8, 9, 10, 11, 12, 13]","[""nc(N1CCC[C@@H](N)C1)n""]",1.9067857265472412,1.8935471773147583,1.8520857095718384,1.8387068510055542,0.01323854923248291,0.05470001697540283,0.06807887554168701,0.00014030933380126953,yp+yl-y0-ypl,ae9fe000d481b81bbb5ef98718aaa550784ff67131a466d21993e95b41f14e9f
2773,242,dpp4_12,CC#CCn1c(N2CCC[C@@H](N)C2)nc2c1c(=O)n(Cc1nc(C)c3ccccc3n1)c(=O)n2C,CC#CCn1c(N2CCC[C@@H](N)C2)nc2c1c(=O)n(Cc1nc(C)c3ccccc3n1)c(=O)n2C,4.4076545,0.16295205061765816,2,10.1093/nar/gkw1074,w16_s4_sequence_mean:381-396,381,396,YRHICYFQIDKKDCTF,r3_b1765,3,1765,"[18, 19, 20]","[""cCn""]",1.9067857265472412,1.8935471773147583,1.8530340194702148,1.8399394750595093,0.01323854923248291,0.05375170707702637,0.06684625148773193,-0.00014400482177734375,yp+yl-y0-ypl,ae9fe000d481b81bbb5ef98718aaa550784ff67131a466d21993e95b41f14e9f
2773,242,dpp4_12,CC#CCn1c(N2CCC[C@@H](N)C2)nc2c1c(=O)n(Cc1nc(C)c3ccccc3n1)c(=O)n2C,CC#CCn1c(N2CCC[C@@H](N)C2)nc2c1c(=O)n(Cc1nc(C)c3ccccc3n1)c(=O)n2C,4.4076545,0.16295205061765816,2,10.1093/nar/gkw1074,w16_s4_sequence_mean:381-396,381,396,YRHICYFQIDKKDCTF,r3_b1696,3,1696,"[13, 14, 15, 33]","[""cc(n)n""]",1.9067857265472412,1.8935471773147583,1.8548452854156494,1.842115879058838,0.01323854923248291,0.0519404411315918,0.06466984748840332,-0.0005091428756713867,yp+yl-y0-ypl,ae9fe000d481b81bbb5ef98718aaa550784ff67131a466d21993e95b41f14e9f
2773,242,dpp4_12,CC#CCn1c(N2CCC[C@@H](N)C2)nc2c1c(=O)n(Cc1nc(C)c3ccccc3n1)c(=O)n2C,CC#CCn1c(N2CCC[C@@H](N)C2)nc2c1c(=O)n(Cc1nc(C)c3ccccc3n1)c(=O)n2C,4.4076545,0.16295205061765816,2,10.1093/nar/gkw1074,w16_s4_sequence_mean:381-396,381,396,YRHICYFQIDKKDCTF,r3_b1722,3,1722,"[22, 23]","[""cC""]",1.9067857265472412,1.8935471773147583,1.888485074043274,1.8750364780426025,0.01323854923248291,0.018300652503967285,0.03174924850463867,0.00021004676818847656,yp+yl-y0-ypl,ae9fe000d481b81bbb5ef98718aaa550784ff67131a466d21993e95b41f14e9f
2773,242,dpp4_12,CC#CCn1c(N2CCC[C@@H](N)C2)nc2c1c(=O)n(Cc1nc(C)c3ccccc3n1)c(=O)n2C,CC#CCn1c(N2CCC[C@@H](N)C2)nc2c1c(=O)n(Cc1nc(C)c3ccccc3n1)c(=O)n2C,4.4076545,0.16295205061765816,2,10.1093/nar/gkw1074,w16_s4_sequence_mean:381-396,381,396,YRHICYFQIDKKDCTF,r3_b1019,3,1019,"[10, 21, 22, 23, 24, 25, 26, 28, 29, 30]","[""C"", ""ccc(c(C)n)c(c)n""]",1.9067857265472412,1.8935471773147583,1.871789813041687,1.8588696718215942,0.01323854923248291,0.0349959135055542,0.04791605472564697,-0.0003184080123901367,yp+yl-y0-ypl,ae9fe000d481b81bbb5ef98718aaa550784ff67131a466d21993e95b41f14e9f
2773,242,dpp4_12,CC#CCn1c(N2CCC[C@@H](N)C2)nc2c1c(=O)n(Cc1nc(C)c3ccccc3n1)c(=O)n2C,CC#CCn1c(N2CCC[C@@H](N)C2)nc2c1c(=O)n(Cc1nc(C)c3ccccc3n1)c(=O)n2C,4.4076545,0.16295205061765816,2,10.1093/nar/gkw1074,w16_s4_sequence_mean:381-396,381,396,YRHICYFQIDKKDCTF,r3_b1903,3,1903,"[2, 3, 4, 5, 6, 7, 8, 10, 12, 13, 14, 15, 16, 33]","[""CCn1c(N(CC)CC)nc(n)c1c""]",1.9067857265472412,1.8935471773147583,1.8699513673782349,1.8565112352371216,0.01323854923248291,0.03683435916900635,0.05027449131011963,0.0002015829086303711,yp+yl-y0-ypl,ae9fe000d481b81bbb5ef98718aaa550784ff67131a466d21993e95b41f14e9f
2773,242,dpp4_12,CC#CCn1c(N2CCC[C@@H](N)C2)nc2c1c(=O)n(Cc1nc(C)c3ccccc3n1)c(=O)n2C,CC#CCn1c(N2CCC[C@@H](N)C2)nc2c1c(=O)n(Cc1nc(C)c3ccccc3n1)c(=O)n2C,4.4076545,0.16295205061765816,2,10.1093/nar/gkw1074,w16_s4_sequence_mean:381-396,381,396,YRHICYFQIDKKDCTF,r3_b314,3,314,"[16, 17, 31, 32]","[""c=O"", ""c=O""]",1.9067857265472412,1.8935471773147583,1.8800015449523926,1.8667086362838745,0.01323854923248291,0.026784181594848633,0.0400770902633667,5.435943603515625e-05,yp+yl-y0-ypl,ae9fe000d481b81bbb5ef98718aaa550784ff67131a466d21993e95b41f14e9f
2773,242,dpp4_12,CC#CCn1c(N2CCC[C@@H](N)C2)nc2c1c(=O)n(Cc1nc(C)c3ccccc3n1)c(=O)n2C,CC#CCn1c(N2CCC[C@@H](N)C2)nc2c1c(=O)n(Cc1nc(C)c3ccccc3n1)c(=O)n2C,4.4076545,0.16295205061765816,2,10.1093/nar/gkw1074,w16_s4_sequence_mean:381-396,381,396,YRHICYFQIDKKDCTF,r3_b1365,3,1365,"[4, 5, 6, 13]","[""nc(N)n""]",1.9067857265472412,1.8935471773147583,1.9065253734588623,1.8932502269744873,0.01323854923248291,0.00026035308837890625,0.013535499572753906,3.6597251892089844e-05,yp+yl-y0-ypl,ae9fe000d481b81bbb5ef98718aaa550784ff67131a466d21993e95b41f14e9f
2773,242,dpp4_12,CC#CCn1c(N2CCC[C@@H](N)C2)nc2c1c(=O)n(Cc1nc(C)c3ccccc3n1)c(=O)n2C,CC#CCn1c(N2CCC[C@@H](N)C2)nc2c1c(=O)n(Cc1nc(C)c3ccccc3n1)c(=O)n2C,4.4076545,0.16295205061765816,2,10.1093/nar/gkw1074,w16_s4_sequence_mean:381-396,381,396,YRHICYFQIDKKDCTF,r3_b208,3,208,"[16, 18, 19, 20, 21, 22, 23, 24, 28, 29, 30, 31]","[""cc1cc(C)nc(Cn(c)c)n1""]",1.9067857265472412,1.8935471773147583,1.8747414350509644,1.8621424436569214,0.01323854923248291,0.032044291496276855,0.044643282890319824,-0.0006395578384399414,yp+yl-y0-ypl,ae9fe000d481b81bbb5ef98718aaa550784ff67131a466d21993e95b41f14e9f
2773,242,dpp4_12,CC#CCn1c(N2CCC[C@@H](N)C2)nc2c1c(=O)n(Cc1nc(C)c3ccccc3n1)c(=O)n2C,CC#CCn1c(N2CCC[C@@H](N)C2)nc2c1c(=O)n(Cc1nc(C)c3ccccc3n1)c(=O)n2C,4.4076545,0.16295205061765816,2,10.1093/nar/gkw1074,w16_s4_sequence_mean:673-688,673,688,LPTPEDNLDHYRNSTV,r3_b1066,3,1066,"[5, 6, 7, 9, 10, 11, 12]","[""cN(C)C[C@H](N)C""]",1.9067857265472412,1.8935039043426514,1.8656005859375,1.8529183864593506,0.013281822204589844,0.04118514060974121,0.053867340087890625,-0.0005996227264404297,yp+yl-y0-ypl,ae9fe000d481b81bbb5ef98718aaa550784ff67131a466d21993e95b41f14e9f
2773,242,dpp4_12,CC#CCn1c(N2CCC[C@@H](N)C2)nc2c1c(=O)n(Cc1nc(C)c3ccccc3n1)c(=O)n2C,CC#CCn1c(N2CCC[C@@H](N)C2)nc2c1c(=O)n(Cc1nc(C)c3ccccc3n1)c(=O)n2C,4.4076545,0.16295205061765816,2,10.1093/nar/gkw1074,w16_s4_sequence_mean:673-688,673,688,LPTPEDNLDHYRNSTV,r3_b770,3,770,"[4, 5, 6, 7, 8, 9, 10, 11, 12, 13]","[""nc(N1CCC[C@@H](N)C1)n""]",1.9067857265472412,1.8935039043426514,1.8520857095718384,1.839487910270691,0.013281822204589844,0.05470001697540283,0.06729781627655029,-0.0006840229034423828,yp+yl-y0-ypl,ae9fe000d481b81bbb5ef98718aaa550784ff67131a466d21993e95b41f14e9f
2773,242,dpp4_12,CC#CCn1c(N2CCC[C@@H](N)C2)nc2c1c(=O)n(Cc1nc(C)c3ccccc3n1)c(=O)n2C,CC#CCn1c(N2CCC[C@@H](N)C2)nc2c1c(=O)n(Cc1nc(C)c3ccccc3n1)c(=O)n2C,4.4076545,0.16295205061765816,2,10.1093/nar/gkw1074,w16_s4_sequence_mean:673-688,673,688,LPTPEDNLDHYRNSTV,r3_b1765,3,1765,"[18, 19, 20]","[""cCn""]",1.9067857265472412,1.8935039043426514,1.8530340194702148,1.8404842615127563,0.013281822204589844,0.05375170707702637,0.06630146503448486,-0.0007320642471313477,yp+yl-y0-ypl,ae9fe000d481b81bbb5ef98718aaa550784ff67131a466d21993e95b41f14e9f
2773,242,dpp4_12,CC#CCn1c(N2CCC[C@@H](N)C2)nc2c1c(=O)n(Cc1nc(C)c3ccccc3n1)c(=O)n2C,CC#CCn1c(N2CCC[C@@H](N)C2)nc2c1c(=O)n(Cc1nc(C)c3ccccc3n1)c(=O)n2C,4.4076545,0.16295205061765816,2,10.1093/nar/gkw1074,w16_s4_sequence_mean:673-688,673,688,LPTPEDNLDHYRNSTV,r3_b1696,3,1696,"[13, 14, 15, 33]","[""cc(n)n""]",1.9067857265472412,1.8935039043426514,1.8548452854156494,1.8418703079223633,0.013281822204589844,0.0519404411315918,0.06491541862487793,-0.00030684471130371094,yp+yl-y0-ypl,ae9fe000d481b81bbb5ef98718aaa550784ff67131a466d21993e95b41f14e9f
2773,242,dpp4_12,CC#CCn1c(N2CCC[C@@H](N)C2)nc2c1c(=O)n(Cc1nc(C)c3ccccc3n1)c(=O)n2C,CC#CCn1c(N2CCC[C@@H](N)C2)nc2c1c(=O)n(Cc1nc(C)c3ccccc3n1)c(=O)n2C,4.4076545,0.16295205061765816,2,10.1093/nar/gkw1074,w16_s4_sequence_mean:673-688,673,688,LPTPEDNLDHYRNSTV,r3_b1722,3,1722,"[22, 23]","[""cC""]",1.9067857265472412,1.8935039043426514,1.888485074043274,1.8753703832626343,0.013281822204589844,0.018300652503967285,0.031415343284606934,-0.0001671314239501953,yp+yl-y0-ypl,ae9fe000d481b81bbb5ef98718aaa550784ff67131a466d21993e95b41f14e9f
2773,242,dpp4_12,CC#CCn1c(N2CCC[C@@H](N)C2)nc2c1c(=O)n(Cc1nc(C)c3ccccc3n1)c(=O)n2C,CC#CCn1c(N2CCC[C@@H](N)C2)nc2c1c(=O)n(Cc1nc(C)c3ccccc3n1)c(=O)n2C,4.4076545,0.16295205061765816,2,10.1093/nar/gkw1074,w16_s4_sequence_mean:673-688,673,688,LPTPEDNLDHYRNSTV,r3_b1019,3,1019,"[10, 21, 22, 23, 24, 25, 26, 28, 29, 30]","[""C"", ""ccc(c(C)n)c(c)n""]",1.9067857265472412,1.8935039043426514,1.871789813041687,1.8586244583129883,0.013281822204589844,0.0349959135055542,0.04816126823425293,-0.00011646747589111328,yp+yl-y0-ypl,ae9fe000d481b81bbb5ef98718aaa550784ff67131a466d21993e95b41f14e9f
2773,242,dpp4_12,CC#CCn1c(N2CCC[C@@H](N)C2)nc2c1c(=O)n(Cc1nc(C)c3ccccc3n1)c(=O)n2C,CC#CCn1c(N2CCC[C@@H](N)C2)nc2c1c(=O)n(Cc1nc(C)c3ccccc3n1)c(=O)n2C,4.4076545,0.16295205061765816,2,10.1093/nar/gkw1074,w16_s4_sequence_mean:673-688,673,688,LPTPEDNLDHYRNSTV,r3_b1903,3,1903,"[2, 3, 4, 5, 6, 7, 8, 10, 12, 13, 14, 15, 16, 33]","[""CCn1c(N(CC)CC)nc(n)c1c""]",1.9067857265472412,1.8935039043426514,1.8699513673782349,1.857474446296692,0.013281822204589844,0.03683435916900635,0.049311280250549316,-0.000804901123046875,yp+yl-y0-ypl,ae9fe000d481b81bbb5ef98718aaa550784ff67131a466d21993e95b41f14e9f
2773,242,dpp4_12,CC#CCn1c(N2CCC[C@@H](N)C2)nc2c1c(=O)n(Cc1nc(C)c3ccccc3n1)c(=O)n2C,CC#CCn1c(N2CCC[C@@H](N)C2)nc2c1c(=O)n(Cc1nc(C)c3ccccc3n1)c(=O)n2C,4.4076545,0.16295205061765816,2,10.1093/nar/gkw1074,w16_s4_sequence_mean:673-688,673,688,LPTPEDNLDHYRNSTV,r3_b314,3,314,"[16, 17, 31, 32]","[""c=O"", ""c=O""]",1.9067857265472412,1.8935039043426514,1.8800015449523926,1.8673638105392456,0.013281822204589844,0.026784181594848633,0.039421916007995605,-0.0006440877914428711,yp+yl-y0-ypl,ae9fe000d481b81bbb5ef98718aaa550784ff67131a466d21993e95b41f14e9f
2773,242,dpp4_12,CC#CCn1c(N2CCC[C@@H](N)C2)nc2c1c(=O)n(Cc1nc(C)c3ccccc3n1)c(=O)n2C,CC#CCn1c(N2CCC[C@@H](N)C2)nc2c1c(=O)n(Cc1nc(C)c3ccccc3n1)c(=O)n2C,4.4076545,0.16295205061765816,2,10.1093/nar/gkw1074,w16_s4_sequence_mean:673-688,673,688,LPTPEDNLDHYRNSTV,r3_b1365,3,1365,"[4, 5, 6, 13]","[""nc(N)n""]",1.9067857265472412,1.8935039043426514,1.9065253734588623,1.8934122323989868,0.013281822204589844,0.00026035308837890625,0.013373494148254395,-0.00016868114471435547,yp+yl-y0-ypl,ae9fe000d481b81bbb5ef98718aaa550784ff67131a466d21993e95b41f14e9f
2773,242,dpp4_12,CC#CCn1c(N2CCC[C@@H](N)C2)nc2c1c(=O)n(Cc1nc(C)c3ccccc3n1)c(=O)n2C,CC#CCn1c(N2CCC[C@@H](N)C2)nc2c1c(=O)n(Cc1nc(C)c3ccccc3n1)c(=O)n2C,4.4076545,0.16295205061765816,2,10.1093/nar/gkw1074,w16_s4_sequence_mean:673-688,673,688,LPTPEDNLDHYRNSTV,r3_b208,3,208,"[16, 18, 19, 20, 21, 22, 23, 24, 28, 29, 30, 31]","[""cc1cc(C)nc(Cn(c)c)n1""]",1.9067857265472412,1.8935039043426514,1.8747414350509644,1.8622589111328125,0.013281822204589844,0.032044291496276855,0.04452681541442871,-0.0007992982864379883,yp+yl-y0-ypl,ae9fe000d481b81bbb5ef98718aaa550784ff67131a466d21993e95b41f14e9f
2773,342,dpp4_12,CC#CCn1c(N2CCC[C@@H](N)C2)nc2c1c(=O)n(Cc1nc(C)c3ccccc3n1)c(=O)n2C,CC#CCn1c(N2CCC[C@@H](N)C2)nc2c1c(=O)n(Cc1nc(C)c3ccccc3n1)c(=O)n2C,4.4076545,0.16295205061765816,2,10.1093/nar/gkw1074,w16_s4_sequence_mean:13-28,13,28,GAAALVTIITVPVVLL,r3_b1066,3,1066,"[5, 6, 7, 9, 10, 11, 12]","[""cN(C)C[C@H](N)C""]",2.036391496658325,2.0276598930358887,1.9792749881744385,1.9719648361206055,0.008731603622436523,0.05711650848388672,0.06442666053771973,-0.0014214515686035156,yp+yl-y0-ypl,0794921c796ddbc878db48496780363fbc3a6e21eb11639b6ba5e5e4ceaa121b
2773,342,dpp4_12,CC#CCn1c(N2CCC[C@@H](N)C2)nc2c1c(=O)n(Cc1nc(C)c3ccccc3n1)c(=O)n2C,CC#CCn1c(N2CCC[C@@H](N)C2)nc2c1c(=O)n(Cc1nc(C)c3ccccc3n1)c(=O)n2C,4.4076545,0.16295205061765816,2,10.1093/nar/gkw1074,w16_s4_sequence_mean:13-28,13,28,GAAALVTIITVPVVLL,r3_b770,3,770,"[4, 5, 6, 7, 8, 9, 10, 11, 12, 13]","[""nc(N1CCC[C@@H](N)C1)n""]",2.036391496658325,2.0276598930358887,1.9619028568267822,1.9542675018310547,0.008731603622436523,0.07448863983154297,0.08212399482727051,-0.0010962486267089844,yp+yl-y0-ypl,0794921c796ddbc878db48496780363fbc3a6e21eb11639b6ba5e5e4ceaa121b
2773,342,dpp4_12,CC#CCn1c(N2CCC[C@@H](N)C2)nc2c1c(=O)n(Cc1nc(C)c3ccccc3n1)c(=O)n2C,CC#CCn1c(N2CCC[C@@H](N)C2)nc2c1c(=O)n(Cc1nc(C)c3ccccc3n1)c(=O)n2C,4.4076545,0.16295205061765816,2,10.1093/nar/gkw1074,w16_s4_sequence_mean:13-28,13,28,GAAALVTIITVPVVLL,r3_b1765,3,1765,"[18, 19, 20]","[""cCn""]",2.036391496658325,2.0276598930358887,2.000941753387451,1.9932745695114136,0.008731603622436523,0.03544974327087402,0.04311692714691162,-0.0010644197463989258,yp+yl-y0-ypl,0794921c796ddbc878db48496780363fbc3a6e21eb11639b6ba5e5e4ceaa121b
2773,342,dpp4_12,CC#CCn1c(N2CCC[C@@H](N)C2)nc2c1c(=O)n(Cc1nc(C)c3ccccc3n1)c(=O)n2C,CC#CCn1c(N2CCC[C@@H](N)C2)nc2c1c(=O)n(Cc1nc(C)c3ccccc3n1)c(=O)n2C,4.4076545,0.16295205061765816,2,10.1093/nar/gkw1074,w16_s4_sequence_mean:13-28,13,28,GAAALVTIITVPVVLL,r3_b1696,3,1696,"[13, 14, 15, 33]","[""cc(n)n""]",2.036391496658325,2.0276598930358887,1.9839191436767578,1.9763908386230469,0.008731603622436523,0.05247235298156738,0.06000065803527832,-0.001203298568725586,yp+yl-y0-ypl,0794921c796ddbc878db48496780363fbc3a6e21eb11639b6ba5e5e4ceaa121b
2773,342,dpp4_12,CC#CCn1c(N2CCC[C@@H](N)C2)nc2c1c(=O)n(Cc1nc(C)c3ccccc3n1)c(=O)n2C,CC#CCn1c(N2CCC[C@@H](N)C2)nc2c1c(=O)n(Cc1nc(C)c3ccccc3n1)c(=O)n2C,4.4076545,0.16295205061765816,2,10.1093/nar/gkw1074,w16_s4_sequence_mean:13-28,13,28,GAAALVTIITVPVVLL,r3_b1722,3,1722,"[22, 23]","[""cC""]",2.036391496658325,2.0276598930358887,1.9923012256622314,1.9836922883987427,0.008731603622436523,0.04409027099609375,0.05269920825958252,-0.0001226663589477539,yp+yl-y0-ypl,0794921c796ddbc878db48496780363fbc3a6e21eb11639b6ba5e5e4ceaa121b
2773,342,dpp4_12,CC#CCn1c(N2CCC[C@@H](N)C2)nc2c1c(=O)n(Cc1nc(C)c3ccccc3n1)c(=O)n2C,CC#CCn1c(N2CCC[C@@H](N)C2)nc2c1c(=O)n(Cc1nc(C)c3ccccc3n1)c(=O)n2C,4.4076545,0.16295205061765816,2,10.1093/nar/gkw1074,w16_s4_sequence_mean:13-28,13,28,GAAALVTIITVPVVLL,r3_b1019,3,1019,"[10, 21, 22, 23, 24, 25, 26, 28, 29, 30]","[""C"", ""ccc(c(C)n)c(c)n""]",2.036391496658325,2.0276598930358887,2.01301646232605,2.004055976867676,0.008731603622436523,0.02337503433227539,0.032335519790649414,0.0002288818359375,yp+yl-y0-ypl,0794921c796ddbc878db48496780363fbc3a6e21eb11639b6ba5e5e4ceaa121b
2773,342,dpp4_12,CC#CCn1c(N2CCC[C@@H](N)C2)nc2c1c(=O)n(Cc1nc(C)c3ccccc3n1)c(=O)n2C,CC#CCn1c(N2CCC[C@@H](N)C2)nc2c1c(=O)n(Cc1nc(C)c3ccccc3n1)c(=O)n2C,4.4076545,0.16295205061765816,2,10.1093/nar/gkw1074,w16_s4_sequence_mean:13-28,13,28,GAAALVTIITVPVVLL,r3_b1903,3,1903,"[2, 3, 4, 5, 6, 7, 8, 10, 12, 13, 14, 15, 16, 33]","[""CCn1c(N(CC)CC)nc(n)c1c""]",2.036391496658325,2.0276598930358887,2.00305438041687,1.994969367980957,0.008731603622436523,0.03333711624145508,0.041422128677368164,-0.0006465911865234375,yp+yl-y0-ypl,0794921c796ddbc878db48496780363fbc3a6e21eb11639b6ba5e5e4ceaa121b
2773,342,dpp4_12,CC#CCn1c(N2CCC[C@@H](N)C2)nc2c1c(=O)n(Cc1nc(C)c3ccccc3n1)c(=O)n2C,CC#CCn1c(N2CCC[C@@H](N)C2)nc2c1c(=O)n(Cc1nc(C)c3ccccc3n1)c(=O)n2C,4.4076545,0.16295205061765816,2,10.1093/nar/gkw1074,w16_s4_sequence_mean:13-28,13,28,GAAALVTIITVPVVLL,r3_b314,3,314,"[16, 17, 31, 32]","[""c=O"", ""c=O""]",2.036391496658325,2.0276598930358887,2.011693000793457,2.0025577545166016,0.008731603622436523,0.024698495864868164,0.03383374214172363,0.0004036426544189453,yp+yl-y0-ypl,0794921c796ddbc878db48496780363fbc3a6e21eb11639b6ba5e5e4ceaa121b
2773,342,dpp4_12,CC#CCn1c(N2CCC[C@@H](N)C2)nc2c1c(=O)n(Cc1nc(C)c3ccccc3n1)c(=O)n2C,CC#CCn1c(N2CCC[C@@H](N)C2)nc2c1c(=O)n(Cc1nc(C)c3ccccc3n1)c(=O)n2C,4.4076545,0.16295205061765816,2,10.1093/nar/gkw1074,w16_s4_sequence_mean:13-28,13,28,GAAALVTIITVPVVLL,r3_b1365,3,1365,"[4, 5, 6, 13]","[""nc(N)n""]",2.036391496658325,2.0276598930358887,2.0079925060272217,2.000675678253174,0.008731603622436523,0.028398990631103516,0.03571581840515137,-0.0014147758483886719,yp+yl-y0-ypl,0794921c796ddbc878db48496780363fbc3a6e21eb11639b6ba5e5e4ceaa121b
2773,342,dpp4_12,CC#CCn1c(N2CCC[C@@H](N)C2)nc2c1c(=O)n(Cc1nc(C)c3ccccc3n1)c(=O)n2C,CC#CCn1c(N2CCC[C@@H](N)C2)nc2c1c(=O)n(Cc1nc(C)c3ccccc3n1)c(=O)n2C,4.4076545,0.16295205061765816,2,10.1093/nar/gkw1074,w16_s4_sequence_mean:13-28,13,28,GAAALVTIITVPVVLL,r3_b208,3,208,"[16, 18, 19, 20, 21, 22, 23, 24, 28, 29, 30, 31]","[""cc1cc(C)nc(Cn(c)c)n1""]",2.036391496658325,2.0276598930358887,2.027479648590088,2.018531084060669,0.008731603622436523,0.008911848068237305,0.01786041259765625,0.00021696090698242188,yp+yl-y0-ypl,0794921c796ddbc878db48496780363fbc3a6e21eb11639b6ba5e5e4ceaa121b
2773,342,dpp4_12,CC#CCn1c(N2CCC[C@@H](N)C2)nc2c1c(=O)n(Cc1nc(C)c3ccccc3n1)c(=O)n2C,CC#CCn1c(N2CCC[C@@H](N)C2)nc2c1c(=O)n(Cc1nc(C)c3ccccc3n1)c(=O)n2C,4.4076545,0.16295205061765816,2,10.1093/nar/gkw1074,w16_s4_sequence_mean:417-432,417,432,YISNEYKGMPGGRNLY,r3_b1066,3,1066,"[5, 6, 7, 9, 10, 11, 12]","[""cN(C)C[C@H](N)C""]",2.036391496658325,2.017728805541992,1.9792749881744385,1.9611895084381104,0.018662691116333008,0.05711650848388672,0.07520198822021484,-0.0005772113800048828,yp+yl-y0-ypl,0794921c796ddbc878db48496780363fbc3a6e21eb11639b6ba5e5e4ceaa121b
2773,342,dpp4_12,CC#CCn1c(N2CCC[C@@H](N)C2)nc2c1c(=O)n(Cc1nc(C)c3ccccc3n1)c(=O)n2C,CC#CCn1c(N2CCC[C@@H](N)C2)nc2c1c(=O)n(Cc1nc(C)c3ccccc3n1)c(=O)n2C,4.4076545,0.16295205061765816,2,10.1093/nar/gkw1074,w16_s4_sequence_mean:417-432,417,432,YISNEYKGMPGGRNLY,r3_b770,3,770,"[4, 5, 6, 7, 8, 9, 10, 11, 12, 13]","[""nc(N1CCC[C@@H](N)C1)n""]",2.036391496658325,2.017728805541992,1.9619028568267822,1.944230079650879,0.018662691116333008,0.07448863983154297,0.09216141700744629,-0.0009899139404296875,yp+yl-y0-ypl,0794921c796ddbc878db48496780363fbc3a6e21eb11639b6ba5e5e4ceaa121b
2773,342,dpp4_12,CC#CCn1c(N2CCC[C@@H](N)C2)nc2c1c(=O)n(Cc1nc(C)c3ccccc3n1)c(=O)n2C,CC#CCn1c(N2CCC[C@@H](N)C2)nc2c1c(=O)n(Cc1nc(C)c3ccccc3n1)c(=O)n2C,4.4076545,0.16295205061765816,2,10.1093/nar/gkw1074,w16_s4_sequence_mean:417-432,417,432,YISNEYKGMPGGRNLY,r3_b1765,3,1765,"[18, 19, 20]","[""cCn""]",2.036391496658325,2.017728805541992,2.000941753387451,1.9827637672424316,0.018662691116333008,0.03544974327087402,0.053627729415893555,-0.00048470497131347656,yp+yl-y0-ypl,0794921c796ddbc878db48496780363fbc3a6e21eb11639b6ba5e5e4ceaa121b
2773,342,dpp4_12,CC#CCn1c(N2CCC[C@@H](N)C2)nc2c1c(=O)n(Cc1nc(C)c3ccccc3n1)c(=O)n2C,CC#CCn1c(N2CCC[C@@H](N)C2)nc2c1c(=O)n(Cc1nc(C)c3ccccc3n1)c(=O)n2C,4.4076545,0.16295205061765816,2,10.1093/nar/gkw1074,w16_s4_sequence_mean:417-432,417,432,YISNEYKGMPGGRNLY,r3_b1696,3,1696,"[13, 14, 15, 33]","[""cc(n)n""]",2.036391496658325,2.017728805541992,1.9839191436767578,1.9659748077392578,0.018662691116333008,0.05247235298156738,0.07041668891906738,-0.0007183551788330078,yp+yl-y0-ypl,0794921c796ddbc878db48496780363fbc3a6e21eb11639b6ba5e5e4ceaa121b
2773,342,dpp4_12,CC#CCn1c(N2CCC[C@@H](N)C2)nc2c1c(=O)n(Cc1nc(C)c3ccccc3n1)c(=O)n2C,CC#CCn1c(N2CCC[C@@H](N)C2)nc2c1c(=O)n(Cc1nc(C)c3ccccc3n1)c(=O)n2C,4.4076545,0.16295205061765816,2,10.1093/nar/gkw1074,w16_s4_sequence_mean:417-432,417,432,YISNEYKGMPGGRNLY,r3_b1722,3,1722,"[22, 23]","[""cC""]",2.036391496658325,2.017728805541992,1.9923012256622314,1.9736207723617554,0.018662691116333008,0.04409027099609375,0.06277072429656982,1.7762184143066406e-05,yp+yl-y0-ypl,0794921c796ddbc878db48496780363fbc3a6e21eb11639b6ba5e5e4ceaa121b
2773,342,dpp4_12,CC#CCn1c(N2CCC[C@@H](N)C2)nc2c1c(=O)n(Cc1nc(C)c3ccccc3n1)c(=O)n2C,CC#CCn1c(N2CCC[C@@H](N)C2)nc2c1c(=O)n(Cc1nc(C)c3ccccc3n1)c(=O)n2C,4.4076545,0.16295205061765816,2,10.1093/nar/gkw1074,w16_s4_sequence_mean:417-432,417,432,YISNEYKGMPGGRNLY,r3_b1019,3,1019,"[10, 21, 22, 23, 24, 25, 26, 28, 29, 30]","[""C"", ""ccc(c(C)n)c(c)n""]",2.036391496658325,2.017728805541992,2.01301646232605,1.9946675300598145,0.018662691116333008,0.02337503433227539,0.04172396659851074,-0.00031375885009765625,yp+yl-y0-ypl,0794921c796ddbc878db48496780363fbc3a6e21eb11639b6ba5e5e4ceaa121b
2773,342,dpp4_12,CC#CCn1c(N2CCC[C@@H](N)C2)nc2c1c(=O)n(Cc1nc(C)c3ccccc3n1)c(=O)n2C,CC#CCn1c(N2CCC[C@@H](N)C2)nc2c1c(=O)n(Cc1nc(C)c3ccccc3n1)c(=O)n2C,4.4076545,0.16295205061765816,2,10.1093/nar/gkw1074,w16_s4_sequence_mean:417-432,417,432,YISNEYKGMPGGRNLY,r3_b1903,3,1903,"[2, 3, 4, 5, 6, 7, 8, 10, 12, 13, 14, 15, 16, 33]","[""CCn1c(N(CC)CC)nc(n)c1c""]",2.036391496658325,2.017728805541992,2.00305438041687,1.9842491149902344,0.018662691116333008,0.03333711624145508,0.05214238166809082,0.00014257431030273438,yp+yl-y0-ypl,0794921c796ddbc878db48496780363fbc3a6e21eb11639b6ba5e5e4ceaa121b
2773,342,dpp4_12,CC#CCn1c(N2CCC[C@@H](N)C2)nc2c1c(=O)n(Cc1nc(C)c3ccccc3n1)c(=O)n2C,CC#CCn1c(N2CCC[C@@H](N)C2)nc2c1c(=O)n(Cc1nc(C)c3ccccc3n1)c(=O)n2C,4.4076545,0.16295205061765816,2,10.1093/nar/gkw1074,w16_s4_sequence_mean:417-432,417,432,YISNEYKGMPGGRNLY,r3_b314,3,314,"[16, 17, 31, 32]","[""c=O"", ""c=O""]",2.036391496658325,2.017728805541992,2.011693000793457,1.9931020736694336,0.018662691116333008,0.024698495864868164,0.0432894229888916,-7.176399230957031e-05,yp+yl-y0-ypl,0794921c796ddbc878db48496780363fbc3a6e21eb11639b6ba5e5e4ceaa121b
2773,342,dpp4_12,CC#CCn1c(N2CCC[C@@H](N)C2)nc2c1c(=O)n(Cc1nc(C)c3ccccc3n1)c(=O)n2C,CC#CCn1c(N2CCC[C@@H](N)C2)nc2c1c(=O)n(Cc1nc(C)c3ccccc3n1)c(=O)n2C,4.4076545,0.16295205061765816,2,10.1093/nar/gkw1074,w16_s4_sequence_mean:417-432,417,432,YISNEYKGMPGGRNLY,r3_b1365,3,1365,"[4, 5, 6, 13]","[""nc(N)n""]",2.036391496658325,2.017728805541992,2.0079925060272217,1.9891979694366455,0.018662691116333008,0.028398990631103516,0.04719352722167969,0.00013184547424316406,yp+yl-y0-ypl,0794921c796ddbc878db48496780363fbc3a6e21eb11639b6ba5e5e4ceaa121b
2773,342,dpp4_12,CC#CCn1c(N2CCC[C@@H](N)C2)nc2c1c(=O)n(Cc1nc(C)c3ccccc3n1)c(=O)n2C,CC#CCn1c(N2CCC[C@@H](N)C2)nc2c1c(=O)n(Cc1nc(C)c3ccccc3n1)c(=O)n2C,4.4076545,0.16295205061765816,2,10.1093/nar/gkw1074,w16_s4_sequence_mean:417-432,417,432,YISNEYKGMPGGRNLY,r3_b208,3,208,"[16, 18, 19, 20, 21, 22, 23, 24, 28, 29, 30, 31]","[""cc1cc(C)nc(Cn(c)c)n1""]",2.036391496658325,2.017728805541992,2.027479648590088,2.009042739868164,0.018662691116333008,0.008911848068237305,0.027348756790161133,-0.0002257823944091797,yp+yl-y0-ypl,0794921c796ddbc878db48496780363fbc3a6e21eb11639b6ba5e5e4ceaa121b
2773,342,dpp4_12,CC#CCn1c(N2CCC[C@@H](N)C2)nc2c1c(=O)n(Cc1nc(C)c3ccccc3n1)c(=O)n2C,CC#CCn1c(N2CCC[C@@H](N)C2)nc2c1c(=O)n(Cc1nc(C)c3ccccc3n1)c(=O)n2C,4.4076545,0.16295205061765816,2,10.1093/nar/gkw1074,w16_s4_sequence_mean:9-24,9,24,LGLLGAAALVTIITVP,r3_b1066,3,1066,"[5, 6, 7, 9, 10, 11, 12]","[""cN(C)C[C@H](N)C""]",2.036391496658325,2.0277750492095947,1.9792749881744385,1.972280502319336,0.008616447448730469,0.05711650848388672,0.06411099433898926,-0.0016219615936279297,yp+yl-y0-ypl,0794921c796ddbc878db48496780363fbc3a6e21eb11639b6ba5e5e4ceaa121b
2773,342,dpp4_12,CC#CCn1c(N2CCC[C@@H](N)C2)nc2c1c(=O)n(Cc1nc(C)c3ccccc3n1)c(=O)n2C,CC#CCn1c(N2CCC[C@@H](N)C2)nc2c1c(=O)n(Cc1nc(C)c3ccccc3n1)c(=O)n2C,4.4076545,0.16295205061765816,2,10.1093/nar/gkw1074,w16_s4_sequence_mean:9-24,9,24,LGLLGAAALVTIITVP,r3_b770,3,770,"[4, 5, 6, 7, 8, 9, 10, 11, 12, 13]","[""nc(N1CCC[C@@H](N)C1)n""]",2.036391496658325,2.0277750492095947,1.9619028568267822,1.9545468091964722,0.008616447448730469,0.07448863983154297,0.08184468746185303,-0.0012603998184204102,yp+yl-y0-ypl,0794921c796ddbc878db48496780363fbc3a6e21eb11639b6ba5e5e4ceaa121b
2773,342,dpp4_12,CC#CCn1c(N2CCC[C@@H](N)C2)nc2c1c(=O)n(Cc1nc(C)c3ccccc3n1)c(=O)n2C,CC#CCn1c(N2CCC[C@@H](N)C2)nc2c1c(=O)n(Cc1nc(C)c3ccccc3n1)c(=O)n2C,4.4076545,0.16295205061765816,2,10.1093/nar/gkw1074,w16_s4_sequence_mean:9-24,9,24,LGLLGAAALVTIITVP,r3_b1765,3,1765,"[18, 19, 20]","[""cCn""]",2.036391496658325,2.0277750492095947,2.000941753387451,1.99346923828125,0.008616447448730469,0.03544974327087402,0.042922258377075195,-0.0011439323425292969,yp+yl-y0-ypl,0794921c796ddbc878db48496780363fbc3a6e21eb11639b6ba5e5e4ceaa121b
2773,342,dpp4_12,CC#CCn1c(N2CCC[C@@H](N)C2)nc2c1c(=O)n(Cc1nc(C)c3ccccc3n1)c(=O)n2C,CC#CCn1c(N2CCC[C@@H](N)C2)nc2c1c(=O)n(Cc1nc(C)c3ccccc3n1)c(=O)n2C,4.4076545,0.16295205061765816,2,10.1093/nar/gkw1074,w16_s4_sequence_mean:9-24,9,24,LGLLGAAALVTIITVP,r3_b1696,3,1696,"[13, 14, 15, 33]","[""cc(n)n""]",2.036391496658325,2.0277750492095947,1.9839191436767578,1.976593017578125,0.008616447448730469,0.05247235298156738,0.059798479080200195,-0.0012903213500976562,yp+yl-y0-ypl,0794921c796ddbc878db48496780363fbc3a6e21eb11639b6ba5e5e4ceaa121b
2773,342,dpp4_12,CC#CCn1c(N2CCC[C@@H](N)C2)nc2c1c(=O)n(Cc1nc(C)c3ccccc3n1)c(=O)n2C,CC#CCn1c(N2CCC[C@@H](N)C2)nc2c1c(=O)n(Cc1nc(C)c3ccccc3n1)c(=O)n2C,4.4076545,0.16295205061765816,2,10.1093/nar/gkw1074,w16_s4_sequence_mean:9-24,9,24,LGLLGAAALVTIITVP,r3_b1722,3,1722,"[22, 23]","[""cC""]",2.036391496658325,2.0277750492095947,1.9923012256622314,1.9838160276412964,0.008616447448730469,0.04409027099609375,0.05257546901702881,-0.00013124942779541016,yp+yl-y0-ypl,0794921c796ddbc878db48496780363fbc3a6e21eb11639b6ba5e5e4ceaa121b
2773,342,dpp4_12,CC#CCn1c(N2CCC[C@@H](N)C2)nc2c1c(=O)n(Cc1nc(C)c3ccccc3n1)c(=O)n2C,CC#CCn1c(N2CCC[C@@H](N)C2)nc2c1c(=O)n(Cc1nc(C)c3ccccc3n1)c(=O)n2C,4.4076545,0.16295205061765816,2,10.1093/nar/gkw1074,w16_s4_sequence_mean:9-24,9,24,LGLLGAAALVTIITVP,r3_b1019,3,1019,"[10, 21, 22, 23, 24, 25, 26, 28, 29, 30]","[""C"", ""ccc(c(C)n)c(c)n""]",2.036391496658325,2.0277750492095947,2.01301646232605,2.0041894912719727,0.008616447448730469,0.02337503433227539,0.03220200538635254,0.0002105236053466797,yp+yl-y0-ypl,0794921c796ddbc878db48496780363fbc3a6e21eb11639b6ba5e5e4ceaa121b
2773,342,dpp4_12,CC#CCn1c(N2CCC[C@@H](N)C2)nc2c1c(=O)n(Cc1nc(C)c3ccccc3n1)c(=O)n2C,CC#CCn1c(N2CCC[C@@H](N)C2)nc2c1c(=O)n(Cc1nc(C)c3ccccc3n1)c(=O)n2C,4.4076545,0.16295205061765816,2,10.1093/nar/gkw1074,w16_s4_sequence_mean:9-24,9,24,LGLLGAAALVTIITVP,r3_b1903,3,1903,"[2, 3, 4, 5, 6, 7, 8, 10, 12, 13, 14, 15, 16, 33]","[""CCn1c(N(CC)CC)nc(n)c1c""]",2.036391496658325,2.0277750492095947,2.00305438041687,1.9952144622802734,0.008616447448730469,0.03333711624145508,0.04117703437805176,-0.0007765293121337891,yp+yl-y0-ypl,0794921c796ddbc878db48496780363fbc3a6e21eb11639b6ba5e5e4ceaa121b
2773,342,dpp4_12,CC#CCn1c(N2CCC[C@@H](N)C2)nc2c1c(=O)n(Cc1nc(C)c3ccccc3n1)c(=O)n2C,CC#CCn1c(N2CCC[C@@H](N)C2)nc2c1c(=O)n(Cc1nc(C)c3ccccc3n1)c(=O)n2C,4.4076545,0.16295205061765816,2,10.1093/nar/gkw1074,w16_s4_sequence_mean:9-24,9,24,LGLLGAAALVTIITVP,r3_b314,3,314,"[16, 17, 31, 32]","[""c=O"", ""c=O""]",2.036391496658325,2.0277750492095947,2.011693000793457,2.002504587173462,0.008616447448730469,0.024698495864868164,0.03388690948486328,0.0005719661712646484,yp+yl-y0-ypl,0794921c796ddbc878db48496780363fbc3a6e21eb11639b6ba5e5e4ceaa121b
2773,342,dpp4_12,CC#CCn1c(N2CCC[C@@H](N)C2)nc2c1c(=O)n(Cc1nc(C)c3ccccc3n1)c(=O)n2C,CC#CCn1c(N2CCC[C@@H](N)C2)nc2c1c(=O)n(Cc1nc(C)c3ccccc3n1)c(=O)n2C,4.4076545,0.16295205061765816,2,10.1093/nar/gkw1074,w16_s4_sequence_mean:9-24,9,24,LGLLGAAALVTIITVP,r3_b1365,3,1365,"[4, 5, 6, 13]","[""nc(N)n""]",2.036391496658325,2.0277750492095947,2.0079925060272217,2.0010874271392822,0.008616447448730469,0.028398990631103516,0.03530406951904297,-0.0017113685607910156,yp+yl-y0-ypl,0794921c796ddbc878db48496780363fbc3a6e21eb11639b6ba5e5e4ceaa121b
2773,342,dpp4_12,CC#CCn1c(N2CCC[C@@H](N)C2)nc2c1c(=O)n(Cc1nc(C)c3ccccc3n1)c(=O)n2C,CC#CCn1c(N2CCC[C@@H](N)C2)nc2c1c(=O)n(Cc1nc(C)c3ccccc3n1)c(=O)n2C,4.4076545,0.16295205061765816,2,10.1093/nar/gkw1074,w16_s4_sequence_mean:9-24,9,24,LGLLGAAALVTIITVP,r3_b208,3,208,"[16, 18, 19, 20, 21, 22, 23, 24, 28, 29, 30, 31]","[""cc1cc(C)nc(Cn(c)c)n1""]",2.036391496658325,2.0277750492095947,2.027479648590088,2.0185744762420654,0.008616447448730469,0.008911848068237305,0.017817020416259766,0.0002887248992919922,yp+yl-y0-ypl,0794921c796ddbc878db48496780363fbc3a6e21eb11639b6ba5e5e4ceaa121b
2773,342,dpp4_12,CC#CCn1c(N2CCC[C@@H](N)C2)nc2c1c(=O)n(Cc1nc(C)c3ccccc3n1)c(=O)n2C,CC#CCn1c(N2CCC[C@@H](N)C2)nc2c1c(=O)n(Cc1nc(C)c3ccccc3n1)c(=O)n2C,4.4076545,0.16295205061765816,2,10.1093/nar/gkw1074,w16_s4_sequence_mean:751-766,751,766,IYTHMSHFIKQCFSLP,r3_b1066,3,1066,"[5, 6, 7, 9, 10, 11, 12]","[""cN(C)C[C@H](N)C""]",2.036391496658325,2.0185043811798096,1.9792749881744385,1.9615617990493774,0.017887115478515625,0.05711650848388672,0.07482969760894775,-0.00017392635345458984,yp+yl-y0-ypl,0794921c796ddbc878db48496780363fbc3a6e21eb11639b6ba5e5e4ceaa121b
2773,342,dpp4_12,CC#CCn1c(N2CCC[C@@H](N)C2)nc2c1c(=O)n(Cc1nc(C)c3ccccc3n1)c(=O)n2C,CC#CCn1c(N2CCC[C@@H](N)C2)nc2c1c(=O)n(Cc1nc(C)c3ccccc3n1)c(=O)n2C,4.4076545,0.16295205061765816,2,10.1093/nar/gkw1074,w16_s4_sequence_mean:751-766,751,766,IYTHMSHFIKQCFSLP,r3_b770,3,770,"[4, 5, 6, 7, 8, 9, 10, 11, 12, 13]","[""nc(N1CCC[C@@H](N)C1)n""]",2.036391496658325,2.0185043811798096,1.9619028568267822,1.94419527053833,0.017887115478515625,0.07448863983154297,0.09219622611999512,-0.00017952919006347656,yp+yl-y0-ypl,0794921c796ddbc878db48496780363fbc3a6e21eb11639b6ba5e5e4ceaa121b
2773,342,dpp4_12,CC#CCn1c(N2CCC[C@@H](N)C2)nc2c1c(=O)n(Cc1nc(C)c3ccccc3n1)c(=O)n2C,CC#CCn1c(N2CCC[C@@H](N)C2)nc2c1c(=O)n(Cc1nc(C)c3ccccc3n1)c(=O)n2C,4.4076545,0.16295205061765816,2,10.1093/nar/gkw1074,w16_s4_sequence_mean:751-766,751,766,IYTHMSHFIKQCFSLP,r3_b1765,3,1765,"[18, 19, 20]","[""cCn""]",2.036391496658325,2.0185043811798096,2.000941753387451,1.982995867729187,0.017887115478515625,0.03544974327087402,0.053395628929138184,5.8770179748535156e-05,yp+yl-y0-ypl,0794921c796ddbc878db48496780363fbc3a6e21eb11639b6ba5e5e4ceaa121b
2773,342,dpp4_12,CC#CCn1c(N2CCC[C@@H](N)C2)nc2c1c(=O)n(Cc1nc(C)c3ccccc3n1)c(=O)n2C,CC#CCn1c(N2CCC[C@@H](N)C2)nc2c1c(=O)n(Cc1nc(C)c3ccccc3n1)c(=O)n2C,4.4076545,0.16295205061765816,2,10.1093/nar/gkw1074,w16_s4_sequence_mean:751-766,751,766,IYTHMSHFIKQCFSLP,r3_b1696,3,1696,"[13, 14, 15, 33]","[""cc(n)n""]",2.036391496658325,2.0185043811798096,1.9839191436767578,1.9662785530090332,0.017887115478515625,0.05247235298156738,0.07011294364929199,-0.0002465248107910156,yp+yl-y0-ypl,0794921c796ddbc878db48496780363fbc3a6e21eb11639b6ba5e5e4ceaa121b
2773,342,dpp4_12,CC#CCn1c(N2CCC[C@@H](N)C2)nc2c1c(=O)n(Cc1nc(C)c3ccccc3n1)c(=O)n2C,CC#CCn1c(N2CCC[C@@H](N)C2)nc2c1c(=O)n(Cc1nc(C)c3ccccc3n1)c(=O)n2C,4.4076545,0.16295205061765816,2,10.1093/nar/gkw1074,w16_s4_sequence_mean:751-766,751,766,IYTHMSHFIKQCFSLP,r3_b1722,3,1722,"[22, 23]","[""cC""]",2.036391496658325,2.0185043811798096,1.9923012256622314,1.9743332862854004,0.017887115478515625,0.04409027099609375,0.062058210372924805,8.082389831542969e-05,yp+yl-y0-ypl,0794921c796ddbc878db48496780363fbc3a6e21eb11639b6ba5e5e4ceaa121b
2773,342,dpp4_12,CC#CCn1c(N2CCC[C@@H](N)C2)nc2c1c(=O)n(Cc1nc(C)c3ccccc3n1)c(=O)n2C,CC#CCn1c(N2CCC[C@@H](N)C2)nc2c1c(=O)n(Cc1nc(C)c3ccccc3n1)c(=O)n2C,4.4076545,0.16295205061765816,2,10.1093/nar/gkw1074,w16_s4_sequence_mean:751-766,751,766,IYTHMSHFIKQCFSLP,r3_b1019,3,1019,"[10, 21, 22, 23, 24, 25, 26, 28, 29, 30]","[""C"", ""ccc(c(C)n)c(c)n""]",2.036391496658325,2.0185043811798096,2.01301646232605,1.9951274394989014,0.017887115478515625,0.02337503433227539,0.04126405715942383,1.9073486328125e-06,yp+yl-y0-ypl,0794921c796ddbc878db48496780363fbc3a6e21eb11639b6ba5e5e4ceaa121b
2773,342,dpp4_12,CC#CCn1c(N2CCC[C@@H](N)C2)nc2c1c(=O)n(Cc1nc(C)c3ccccc3n1)c(=O)n2C,CC#CCn1c(N2CCC[C@@H](N)C2)nc2c1c(=O)n(Cc1nc(C)c3ccccc3n1)c(=O)n2C,4.4076545,0.16295205061765816,2,10.1093/nar/gkw1074,w16_s4_sequence_mean:751-766,751,766,IYTHMSHFIKQCFSLP,r3_b1903,3,1903,"[2, 3, 4, 5, 6, 7, 8, 10, 12, 13, 14, 15, 16, 33]","[""CCn1c(N(CC)CC)nc(n)c1c""]",2.036391496658325,2.0185043811798096,2.00305438041687,1.9857218265533447,0.017887115478515625,0.03333711624145508,0.05066967010498047,-0.0005545616149902344,yp+yl-y0-ypl,0794921c796ddbc878db48496780363fbc3a6e21eb11639b6ba5e5e4ceaa121b
2773,342,dpp4_12,CC#CCn1c(N2CCC[C@@H](N)C2)nc2c1c(=O)n(Cc1nc(C)c3ccccc3n1)c(=O)n2C,CC#CCn1c(N2CCC[C@@H](N)C2)nc2c1c(=O)n(Cc1nc(C)c3ccccc3n1)c(=O)n2C,4.4076545,0.16295205061765816,2,10.1093/nar/gkw1074,w16_s4_sequence_mean:751-766,751,766,IYTHMSHFIKQCFSLP,r3_b314,3,314,"[16, 17, 31, 32]","[""c=O"", ""c=O""]",2.036391496658325,2.0185043811798096,2.011693000793457,1.9940739870071411,0.017887115478515625,0.024698495864868164,0.04231750965118408,-0.00026810169219970703,yp+yl-y0-ypl,0794921c796ddbc878db48496780363fbc3a6e21eb11639b6ba5e5e4ceaa121b
2773,342,dpp4_12,CC#CCn1c(N2CCC[C@@H](N)C2)nc2c1c(=O)n(Cc1nc(C)c3ccccc3n1)c(=O)n2C,CC#CCn1c(N2CCC[C@@H](N)C2)nc2c1c(=O)n(Cc1nc(C)c3ccccc3n1)c(=O)n2C,4.4076545,0.16295205061765816,2,10.1093/nar/gkw1074,w16_s4_sequence_mean:751-766,751,766,IYTHMSHFIKQCFSLP,r3_b1365,3,1365,"[4, 5, 6, 13]","[""nc(N)n""]",2.036391496658325,2.0185043811798096,2.0079925060272217,1.9896271228790283,0.017887115478515625,0.028398990631103516,0.046764373779296875,0.0004782676696777344,yp+yl-y0-ypl,0794921c796ddbc878db48496780363fbc3a6e21eb11639b6ba5e5e4ceaa121b
2773,342,dpp4_12,CC#CCn1c(N2CCC[C@@H](N)C2)nc2c1c(=O)n(Cc1nc(C)c3ccccc3n1)c(=O)n2C,CC#CCn1c(N2CCC[C@@H](N)C2)nc2c1c(=O)n(Cc1nc(C)c3ccccc3n1)c(=O)n2C,4.4076545,0.16295205061765816,2,10.1093/nar/gkw1074,w16_s4_sequence_mean:751-766,751,766,IYTHMSHFIKQCFSLP,r3_b208,3,208,"[16, 18, 19, 20, 21, 22, 23, 24, 28, 29, 30, 31]","[""cc1cc(C)nc(Cn(c)c)n1""]",2.036391496658325,2.0185043811798096,2.027479648590088,2.0099036693573,0.017887115478515625,0.008911848068237305,0.02648782730102539,-0.00031113624572753906,yp+yl-y0-ypl,0794921c796ddbc878db48496780363fbc3a6e21eb11639b6ba5e5e4ceaa121b
2773,342,dpp4_12,CC#CCn1c(N2CCC[C@@H](N)C2)nc2c1c(=O)n(Cc1nc(C)c3ccccc3n1)c(=O)n2C,CC#CCn1c(N2CCC[C@@H](N)C2)nc2c1c(=O)n(Cc1nc(C)c3ccccc3n1)c(=O)n2C,4.4076545,0.16295205061765816,2,10.1093/nar/gkw1074,w16_s4_sequence_mean:425-440,425,440,MPGGRNLYKIQLSDYT,r3_b1066,3,1066,"[5, 6, 7, 9, 10, 11, 12]","[""cN(C)C[C@H](N)C""]",2.036391496658325,2.0250630378723145,1.9792749881744385,1.968541145324707,0.011328458786010742,0.05711650848388672,0.06785035133361816,-0.0005946159362792969,yp+yl-y0-ypl,0794921c796ddbc878db48496780363fbc3a6e21eb11639b6ba5e5e4ceaa121b
2773,342,dpp4_12,CC#CCn1c(N2CCC[C@@H](N)C2)nc2c1c(=O)n(Cc1nc(C)c3ccccc3n1)c(=O)n2C,CC#CCn1c(N2CCC[C@@H](N)C2)nc2c1c(=O)n(Cc1nc(C)c3ccccc3n1)c(=O)n2C,4.4076545,0.16295205061765816,2,10.1093/nar/gkw1074,w16_s4_sequence_mean:425-440,425,440,MPGGRNLYKIQLSDYT,r3_b770,3,770,"[4, 5, 6, 7, 8, 9, 10, 11, 12, 13]","[""nc(N1CCC[C@@H](N)C1)n""]",2.036391496658325,2.0250630378723145,1.9619028568267822,1.9508225917816162,0.011328458786010742,0.07448863983154297,0.08556890487670898,-0.00024819374084472656,yp+yl-y0-ypl,0794921c796ddbc878db48496780363fbc3a6e21eb11639b6ba5e5e4ceaa121b
2773,342,dpp4_12,CC#CCn1c(N2CCC[C@@H](N)C2)nc2c1c(=O)n(Cc1nc(C)c3ccccc3n1)c(=O)n2C,CC#CCn1c(N2CCC[C@@H](N)C2)nc2c1c(=O)n(Cc1nc(C)c3ccccc3n1)c(=O)n2C,4.4076545,0.16295205061765816,2,10.1093/nar/gkw1074,w16_s4_sequence_mean:425-440,425,440,MPGGRNLYKIQLSDYT,r3_b1765,3,1765,"[18, 19, 20]","[""cCn""]",2.036391496658325,2.0250630378723145,2.000941753387451,1.990431547164917,0.011328458786010742,0.03544974327087402,0.0459599494934082,-0.0008182525634765625,yp+yl-y0-ypl,0794921c796ddbc878db48496780363fbc3a6e21eb11639b6ba5e5e4ceaa121b
2773,342,dpp4_12,CC#CCn1c(N2CCC[C@@H](N)C2)nc2c1c(=O)n(Cc1nc(C)c3ccccc3n1)c(=O)n2C,CC#CCn1c(N2CCC[C@@H](N)C2)nc2c1c(=O)n(Cc1nc(C)c3ccccc3n1)c(=O)n2C,4.4076545,0.16295205061765816,2,10.1093/nar/gkw1074,w16_s4_sequence_mean:425-440,425,440,MPGGRNLYKIQLSDYT,r3_b1696,3,1696,"[13, 14, 15, 33]","[""cc(n)n""]",2.036391496658325,2.0250630378723145,1.9839191436767578,1.9729652404785156,0.011328458786010742,0.05247235298156738,0.06342625617980957,-0.0003745555877685547,yp+yl-y0-ypl,0794921c796ddbc878db48496780363fbc3a6e21eb11639b6ba5e5e4ceaa121b
2773,342,dpp4_12,CC#CCn1c(N2CCC[C@@H](N)C2)nc2c1c(=O)n(Cc1nc(C)c3ccccc3n1)c(=O)n2C,CC#CCn1c(N2CCC[C@@H](N)C2)nc2c1c(=O)n(Cc1nc(C)c3ccccc3n1)c(=O)n2C,4.4076545,0.16295205061765816,2,10.1093/nar/gkw1074,w16_s4_sequence_mean:425-440,425,440,MPGGRNLYKIQLSDYT,r3_b1722,3,1722,"[22, 23]","[""cC""]",2.036391496658325,2.0250630378723145,1.9923012256622314,1.9807374477386475,0.011328458786010742,0.04409027099609375,0.055654048919677734,0.0002353191375732422,yp+yl-y0-ypl,0794921c796ddbc878db48496780363fbc3a6e21eb11639b6ba5e5e4ceaa121b
2773,342,dpp4_12,CC#CCn1c(N2CCC[C@@H](N)C2)nc2c1c(=O)n(Cc1nc(C)c3ccccc3n1)c(=O)n2C,CC#CCn1c(N2CCC[C@@H](N)C2)nc2c1c(=O)n(Cc1nc(C)c3ccccc3n1)c(=O)n2C,4.4076545,0.16295205061765816,2,10.1093/nar/gkw1074,w16_s4_sequence_mean:425-440,425,440,MPGGRNLYKIQLSDYT,r3_b1019,3,1019,"[10, 21, 22, 23, 24, 25, 26, 28, 29, 30]","[""C"", ""ccc(c(C)n)c(c)n""]",2.036391496658325,2.0250630378723145,2.01301646232605,2.001856803894043,0.011328458786010742,0.02337503433227539,0.03453469276428223,-0.00016880035400390625,yp+yl-y0-ypl,0794921c796ddbc878db48496780363fbc3a6e21eb11639b6ba5e5e4ceaa121b
2773,342,dpp4_12,CC#CCn1c(N2CCC[C@@H](N)C2)nc2c1c(=O)n(Cc1nc(C)c3ccccc3n1)c(=O)n2C,CC#CCn1c(N2CCC[C@@H](N)C2)nc2c1c(=O)n(Cc1nc(C)c3ccccc3n1)c(=O)n2C,4.4076545,0.16295205061765816,2,10.1093/nar/gkw1074,w16_s4_sequence_mean:425-440,425,440,MPGGRNLYKIQLSDYT,r3_b1903,3,1903,"[2, 3, 4, 5, 6, 7, 8, 10, 12, 13, 14, 15, 16, 33]","[""CCn1c(N(CC)CC)nc(n)c1c""]",2.036391496658325,2.0250630378723145,2.00305438041687,1.991624355316162,0.011328458786010742,0.03333711624145508,0.044767141342163086,0.00010156631469726562,yp+yl-y0-ypl,0794921c796ddbc878db48496780363fbc3a6e21eb11639b6ba5e5e4ceaa121b
2773,342,dpp4_12,CC#CCn1c(N2CCC[C@@H](N)C2)nc2c1c(=O)n(Cc1nc(C)c3ccccc3n1)c(=O)n2C,CC#CCn1c(N2CCC[C@@H](N)C2)nc2c1c(=O)n(Cc1nc(C)c3ccccc3n1)c(=O)n2C,4.4076545,0.16295205061765816,2,10.1093/nar/gkw1074,w16_s4_sequence_mean:425-440,425,440,MPGGRNLYKIQLSDYT,r3_b314,3,314,"[16, 17, 31, 32]","[""c=O"", ""c=O""]",2.036391496658325,2.0250630378723145,2.011693000793457,1.9997715950012207,0.011328458786010742,0.024698495864868164,0.03661990165710449,0.0005929470062255859,yp+yl-y0-ypl,0794921c796ddbc878db48496780363fbc3a6e21eb11639b6ba5e5e4ceaa121b
2773,342,dpp4_12,CC#CCn1c(N2CCC[C@@H](N)C2)nc2c1c(=O)n(Cc1nc(C)c3ccccc3n1)c(=O)n2C,CC#CCn1c(N2CCC[C@@H](N)C2)nc2c1c(=O)n(Cc1nc(C)c3ccccc3n1)c(=O)n2C,4.4076545,0.16295205061765816,2,10.1093/nar/gkw1074,w16_s4_sequence_mean:425-440,425,440,MPGGRNLYKIQLSDYT,r3_b1365,3,1365,"[4, 5, 6, 13]","[""nc(N)n""]",2.036391496658325,2.0250630378723145,2.0079925060272217,1.9966964721679688,0.011328458786010742,0.028398990631103516,0.039695024490356445,-3.24249267578125e-05,yp+yl-y0-ypl,0794921c796ddbc878db48496780363fbc3a6e21eb11639b6ba5e5e4ceaa121b
2773,342,dpp4_12,CC#CCn1c(N2CCC[C@@H](N)C2)nc2c1c(=O)n(Cc1nc(C)c3ccccc3n1)c(=O)n2C,CC#CCn1c(N2CCC[C@@H](N)C2)nc2c1c(=O)n(Cc1nc(C)c3ccccc3n1)c(=O)n2C,4.4076545,0.16295205061765816,2,10.1093/nar/gkw1074,w16_s4_sequence_mean:425-440,425,440,MPGGRNLYKIQLSDYT,r3_b208,3,208,"[16, 18, 19, 20, 21, 22, 23, 24, 28, 29, 30, 31]","[""cc1cc(C)nc(Cn(c)c)n1""]",2.036391496658325,2.0250630378723145,2.027479648590088,2.015986919403076,0.011328458786010742,0.008911848068237305,0.020404577255249023,0.00016427040100097656,yp+yl-y0-ypl,0794921c796ddbc878db48496780363fbc3a6e21eb11639b6ba5e5e4ceaa121b
2773,342,dpp4_12,CC#CCn1c(N2CCC[C@@H](N)C2)nc2c1c(=O)n(Cc1nc(C)c3ccccc3n1)c(=O)n2C,CC#CCn1c(N2CCC[C@@H](N)C2)nc2c1c(=O)n(Cc1nc(C)c3ccccc3n1)c(=O)n2C,4.4076545,0.16295205061765816,2,10.1093/nar/gkw1074,w16_s4_sequence_mean:421-436,421,436,EYKGMPGGRNLYKIQL,r3_b1066,3,1066,"[5, 6, 7, 9, 10, 11, 12]","[""cN(C)C[C@H](N)C""]",2.036391496658325,2.023815631866455,1.9792749881744385,1.9672648906707764,0.012575864791870117,0.05711650848388672,0.06912660598754883,-0.0005657672882080078,yp+yl-y0-ypl,0794921c796ddbc878db48496780363fbc3a6e21eb11639b6ba5e5e4ceaa121b
2773,342,dpp4_12,CC#CCn1c(N2CCC[C@@H](N)C2)nc2c1c(=O)n(Cc1nc(C)c3ccccc3n1)c(=O)n2C,CC#CCn1c(N2CCC[C@@H](N)C2)nc2c1c(=O)n(Cc1nc(C)c3ccccc3n1)c(=O)n2C,4.4076545,0.16295205061765816,2,10.1093/nar/gkw1074,w16_s4_sequence_mean:421-436,421,436,EYKGMPGGRNLYKIQL,r3_b770,3,770,"[4, 5, 6, 7, 8, 9, 10, 11, 12, 13]","[""nc(N1CCC[C@@H](N)C1)n""]",2.036391496658325,2.023815631866455,1.9619028568267822,1.9499276876449585,0.012575864791870117,0.07448863983154297,0.0864638090133667,-0.0006006956100463867,yp+yl-y0-ypl,0794921c796ddbc878db48496780363fbc3a6e21eb11639b6ba5e5e4ceaa121b
2773,342,dpp4_12,CC#CCn1c(N2CCC[C@@H](N)C2)nc2c1c(=O)n(Cc1nc(C)c3ccccc3n1)c(=O)n2C,CC#CCn1c(N2CCC[C@@H](N)C2)nc2c1c(=O)n(Cc1nc(C)c3ccccc3n1)c(=O)n2C,4.4076545,0.16295205061765816,2,10.1093/nar/gkw1074,w16_s4_sequence_mean:421-436,421,436,EYKGMPGGRNLYKIQL,r3_b1765,3,1765,"[18, 19, 20]","[""cCn""]",2.036391496658325,2.023815631866455,2.000941753387451,1.9890456199645996,0.012575864791870117,0.03544974327087402,0.047345876693725586,-0.0006797313690185547,yp+yl-y0-ypl,0794921c796ddbc878db48496780363fbc3a6e21eb11639b6ba5e5e4ceaa121b
2773,342,dpp4_12,CC#CCn1c(N2CCC[C@@H](N)C2)nc2c1c(=O)n(Cc1nc(C)c3ccccc3n1)c(=O)n2C,CC#CCn1c(N2CCC[C@@H](N)C2)nc2c1c(=O)n(Cc1nc(C)c3ccccc3n1)c(=O)n2C,4.4076545,0.16295205061765816,2,10.1093/nar/gkw1074,w16_s4_sequence_mean:421-436,421,436,EYKGMPGGRNLYKIQL,r3_b1696,3,1696,"[13, 14, 15, 33]","[""cc(n)n""]",2.036391496658325,2.023815631866455,1.9839191436767578,1.9718233346939087,0.012575864791870117,0.05247235298156738,0.0645681619644165,-0.0004800558090209961,yp+yl-y0-ypl,0794921c796ddbc878db48496780363fbc3a6e21eb11639b6ba5e5e4ceaa121b
2773,342,dpp4_12,CC#CCn1c(N2CCC[C@@H](N)C2)nc2c1c(=O)n(Cc1nc(C)c3ccccc3n1)c(=O)n2C,CC#CCn1c(N2CCC[C@@H](N)C2)nc2c1c(=O)n(Cc1nc(C)c3ccccc3n1)c(=O)n2C,4.4076545,0.16295205061765816,2,10.1093/nar/gkw1074,w16_s4_sequence_mean:421-436,421,436,EYKGMPGGRNLYKIQL,r3_b1722,3,1722,"[22, 23]","[""cC""]",2.036391496658325,2.023815631866455,1.9923012256622314,1.9795619249343872,0.012575864791870117,0.04409027099609375,0.05682957172393799,0.0001634359359741211,yp+yl-y0-ypl,0794921c796ddbc878db48496780363fbc3a6e21eb11639b6ba5e5e4ceaa121b
2773,342,dpp4_12,CC#CCn1c(N2CCC[C@@H](N)C2)nc2c1c(=O)n(Cc1nc(C)c3ccccc3n1)c(=O)n2C,CC#CCn1c(N2CCC[C@@H](N)C2)nc2c1c(=O)n(Cc1nc(C)c3ccccc3n1)c(=O)n2C,4.4076545,0.16295205061765816,2,10.1093/nar/gkw1074,w16_s4_sequence_mean:421-436,421,436,EYKGMPGGRNLYKIQL,r3_b1019,3,1019,"[10, 21, 22, 23, 24, 25, 26, 28, 29, 30]","[""C"", ""ccc(c(C)n)c(c)n""]",2.036391496658325,2.023815631866455,2.01301646232605,2.000671625137329,0.012575864791870117,0.02337503433227539,0.035719871520996094,-0.00023102760314941406,yp+yl-y0-ypl,0794921c796ddbc878db48496780363fbc3a6e21eb11639b6ba5e5e4ceaa121b
2773,342,dpp4_12,CC#CCn1c(N2CCC[C@@H](N)C2)nc2c1c(=O)n(Cc1nc(C)c3ccccc3n1)c(=O)n2C,CC#CCn1c(N2CCC[C@@H](N)C2)nc2c1c(=O)n(Cc1nc(C)c3ccccc3n1)c(=O)n2C,4.4076545,0.16295205061765816,2,10.1093/nar/gkw1074,w16_s4_sequence_mean:421-436,421,436,EYKGMPGGRNLYKIQL,r3_b1903,3,1903,"[2, 3, 4, 5, 6, 7, 8, 10, 12, 13, 14, 15, 16, 33]","[""CCn1c(N(CC)CC)nc(n)c1c""]",2.036391496658325,2.023815631866455,2.00305438041687,1.9902300834655762,0.012575864791870117,0.03333711624145508,0.04616141319274902,0.0002484321594238281,yp+yl-y0-ypl,0794921c796ddbc878db48496780363fbc3a6e21eb11639b6ba5e5e4ceaa121b
2773,342,dpp4_12,CC#CCn1c(N2CCC[C@@H](N)C2)nc2c1c(=O)n(Cc1nc(C)c3ccccc3n1)c(=O)n2C,CC#CCn1c(N2CCC[C@@H](N)C2)nc2c1c(=O)n(Cc1nc(C)c3ccccc3n1)c(=O)n2C,4.4076545,0.16295205061765816,2,10.1093/nar/gkw1074,w16_s4_sequence_mean:421-436,421,436,EYKGMPGGRNLYKIQL,r3_b314,3,314,"[16, 17, 31, 32]","[""c=O"", ""c=O""]",2.036391496658325,2.023815631866455,2.011693000793457,1.9986588954925537,0.012575864791870117,0.024698495864868164,0.037732601165771484,0.0004582405090332031,yp+yl-y0-ypl,0794921c796ddbc878db48496780363fbc3a6e21eb11639b6ba5e5e4ceaa121b
2773,342,dpp4_12,CC#CCn1c(N2CCC[C@@H](N)C2)nc2c1c(=O)n(Cc1nc(C)c3ccccc3n1)c(=O)n2C,CC#CCn1c(N2CCC[C@@H](N)C2)nc2c1c(=O)n(Cc1nc(C)c3ccccc3n1)c(=O)n2C,4.4076545,0.16295205061765816,2,10.1093/nar/gkw1074,w16_s4_sequence_mean:421-436,421,436,EYKGMPGGRNLYKIQL,r3_b1365,3,1365,"[4, 5, 6, 13]","[""nc(N)n""]",2.036391496658325,2.023815631866455,2.0079925060272217,1.9956059455871582,0.012575864791870117,0.028398990631103516,0.04078555107116699,-0.00018930435180664062,yp+yl-y0-ypl,0794921c796ddbc878db48496780363fbc3a6e21eb11639b6ba5e5e4ceaa121b
2773,342,dpp4_12,CC#CCn1c(N2CCC[C@@H](N)C2)nc2c1c(=O)n(Cc1nc(C)c3ccccc3n1)c(=O)n2C,CC#CCn1c(N2CCC[C@@H](N)C2)nc2c1c(=O)n(Cc1nc(C)c3ccccc3n1)c(=O)n2C,4.4076545,0.16295205061765816,2,10.1093/nar/gkw1074,w16_s4_sequence_mean:421-436,421,436,EYKGMPGGRNLYKIQL,r3_b208,3,208,"[16, 18, 19, 20, 21, 22, 23, 24, 28, 29, 30, 31]","[""cc1cc(C)nc(Cn(c)c)n1""]",2.036391496658325,2.023815631866455,2.027479648590088,2.0145719051361084,0.012575864791870117,0.008911848068237305,0.021819591522216797,0.000331878662109375,yp+yl-y0-ypl,0794921c796ddbc878db48496780363fbc3a6e21eb11639b6ba5e5e4ceaa121b
2773,342,dpp4_12,CC#CCn1c(N2CCC[C@@H](N)C2)nc2c1c(=O)n(Cc1nc(C)c3ccccc3n1)c(=O)n2C,CC#CCn1c(N2CCC[C@@H](N)C2)nc2c1c(=O)n(Cc1nc(C)c3ccccc3n1)c(=O)n2C,4.4076545,0.16295205061765816,2,10.1093/nar/gkw1074,w16_s4_sequence_mean:17-32,17,32,LVTIITVPVVLLNKGT,r3_b1066,3,1066,"[5, 6, 7, 9, 10, 11, 12]","[""cN(C)C[C@H](N)C""]",2.036391496658325,2.0345969200134277,1.9792749881744385,1.9784852266311646,0.001794576644897461,0.05711650848388672,0.057906270027160645,-0.0010048151016235352,yp+yl-y0-ypl,0794921c796ddbc878db48496780363fbc3a6e21eb11639b6ba5e5e4ceaa121b
2773,342,dpp4_12,CC#CCn1c(N2CCC[C@@H](N)C2)nc2c1c(=O)n(Cc1nc(C)c3ccccc3n1)c(=O)n2C,CC#CCn1c(N2CCC[C@@H](N)C2)nc2c1c(=O)n(Cc1nc(C)c3ccccc3n1)c(=O)n2C,4.4076545,0.16295205061765816,2,10.1093/nar/gkw1074,w16_s4_sequence_mean:17-32,17,32,LVTIITVPVVLLNKGT,r3_b770,3,770,"[4, 5, 6, 7, 8, 9, 10, 11, 12, 13]","[""nc(N1CCC[C@@H](N)C1)n""]",2.036391496658325,2.0345969200134277,1.9619028568267822,1.9608715772628784,0.001794576644897461,0.07448863983154297,0.07551991939544678,-0.0007632970809936523,yp+yl-y0-ypl,0794921c796ddbc878db48496780363fbc3a6e21eb11639b6ba5e5e4ceaa121b
2773,342,dpp4_12,CC#CCn1c(N2CCC[C@@H](N)C2)nc2c1c(=O)n(Cc1nc(C)c3ccccc3n1)c(=O)n2C,CC#CCn1c(N2CCC[C@@H](N)C2)nc2c1c(=O)n(Cc1nc(C)c3ccccc3n1)c(=O)n2C,4.4076545,0.16295205061765816,2,10.1093/nar/gkw1074,w16_s4_sequence_mean:17-32,17,32,LVTIITVPVVLLNKGT,r3_b1765,3,1765,"[18, 19, 20]","[""cCn""]",2.036391496658325,2.0345969200134277,2.000941753387451,1.999940037727356,0.001794576644897461,0.03544974327087402,0.03645145893096924,-0.0007928609848022461,yp+yl-y0-ypl,0794921c796ddbc878db48496780363fbc3a6e21eb11639b6ba5e5e4ceaa121b
2773,342,dpp4_12,CC#CCn1c(N2CCC[C@@H](N)C2)nc2c1c(=O)n(Cc1nc(C)c3ccccc3n1)c(=O)n2C,CC#CCn1c(N2CCC[C@@H](N)C2)nc2c1c(=O)n(Cc1nc(C)c3ccccc3n1)c(=O)n2C,4.4076545,0.16295205061765816,2,10.1093/nar/gkw1074,w16_s4_sequence_mean:17-32,17,32,LVTIITVPVVLLNKGT,r3_b1696,3,1696,"[13, 14, 15, 33]","[""cc(n)n""]",2.036391496658325,2.0345969200134277,1.9839191436767578,1.9831840991973877,0.001794576644897461,0.05247235298156738,0.0532073974609375,-0.0010595321655273438,yp+yl-y0-ypl,0794921c796ddbc878db48496780363fbc3a6e21eb11639b6ba5e5e4ceaa121b
2773,342,dpp4_12,CC#CCn1c(N2CCC[C@@H](N)C2)nc2c1c(=O)n(Cc1nc(C)c3ccccc3n1)c(=O)n2C,CC#CCn1c(N2CCC[C@@H](N)C2)nc2c1c(=O)n(Cc1nc(C)c3ccccc3n1)c(=O)n2C,4.4076545,0.16295205061765816,2,10.1093/nar/gkw1074,w16_s4_sequence_mean:17-32,17,32,LVTIITVPVVLLNKGT,r3_b1722,3,1722,"[22, 23]","[""cC""]",2.036391496658325,2.0345969200134277,1.9923012256622314,1.9908115863800049,0.001794576644897461,0.04409027099609375,0.04557991027832031,-0.00030493736267089844,yp+yl-y0-ypl,0794921c796ddbc878db48496780363fbc3a6e21eb11639b6ba5e5e4ceaa121b
2773,342,dpp4_12,CC#CCn1c(N2CCC[C@@H](N)C2)nc2c1c(=O)n(Cc1nc(C)c3ccccc3n1)c(=O)n2C,CC#CCn1c(N2CCC[C@@H](N)C2)nc2c1c(=O)n(Cc1nc(C)c3ccccc3n1)c(=O)n2C,4.4076545,0.16295205061765816,2,10.1093/nar/gkw1074,w16_s4_sequence_mean:17-32,17,32,LVTIITVPVVLLNKGT,r3_b1019,3,1019,"[10, 21, 22, 23, 24, 25, 26, 28, 29, 30]","[""C"", ""ccc(c(C)n)c(c)n""]",2.036391496658325,2.0345969200134277,2.01301646232605,2.0109710693359375,0.001794576644897461,0.02337503433227539,0.025420427322387695,0.00025081634521484375,yp+yl-y0-ypl,0794921c796ddbc878db48496780363fbc3a6e21eb11639b6ba5e5e4ceaa121b
2773,342,dpp4_12,CC#CCn1c(N2CCC[C@@H](N)C2)nc2c1c(=O)n(Cc1nc(C)c3ccccc3n1)c(=O)n2C,CC#CCn1c(N2CCC[C@@H](N)C2)nc2c1c(=O)n(Cc1nc(C)c3ccccc3n1)c(=O)n2C,4.4076545,0.16295205061765816,2,10.1093/nar/gkw1074,w16_s4_sequence_mean:17-32,17,32,LVTIITVPVVLLNKGT,r3_b1903,3,1903,"[2, 3, 4, 5, 6, 7, 8, 10, 12, 13, 14, 15, 16, 33]","[""CCn1c(N(CC)CC)nc(n)c1c""]",2.036391496658325,2.0345969200134277,2.00305438041687,2.001676321029663,0.001794576644897461,0.03333711624145508,0.03471517562866211,-0.0004165172576904297,yp+yl-y0-ypl,0794921c796ddbc878db48496780363fbc3a6e21eb11639b6ba5e5e4ceaa121b
2773,342,dpp4_12,CC#CCn1c(N2CCC[C@@H](N)C2)nc2c1c(=O)n(Cc1nc(C)c3ccccc3n1)c(=O)n2C,CC#CCn1c(N2CCC[C@@H](N)C2)nc2c1c(=O)n(Cc1nc(C)c3ccccc3n1)c(=O)n2C,4.4076545,0.16295205061765816,2,10.1093/nar/gkw1074,w16_s4_sequence_mean:17-32,17,32,LVTIITVPVVLLNKGT,r3_b314,3,314,"[16, 17, 31, 32]","[""c=O"", ""c=O""]",2.036391496658325,2.0345969200134277,2.011693000793457,2.0097296237945557,0.001794576644897461,0.024698495864868164,0.02666187286376953,0.00016880035400390625,yp+yl-y0-ypl,0794921c796ddbc878db48496780363fbc3a6e21eb11639b6ba5e5e4ceaa121b
2773,342,dpp4_12,CC#CCn1c(N2CCC[C@@H](N)C2)nc2c1c(=O)n(Cc1nc(C)c3ccccc3n1)c(=O)n2C,CC#CCn1c(N2CCC[C@@H](N)C2)nc2c1c(=O)n(Cc1nc(C)c3ccccc3n1)c(=O)n2C,4.4076545,0.16295205061765816,2,10.1093/nar/gkw1074,w16_s4_sequence_mean:17-32,17,32,LVTIITVPVVLLNKGT,r3_b1365,3,1365,"[4, 5, 6, 13]","[""nc(N)n""]",2.036391496658325,2.0345969200134277,2.0079925060272217,2.007058620452881,0.001794576644897461,0.028398990631103516,0.029332876205444336,-0.0008606910705566406,yp+yl-y0-ypl,0794921c796ddbc878db48496780363fbc3a6e21eb11639b6ba5e5e4ceaa121b
2773,342,dpp4_12,CC#CCn1c(N2CCC[C@@H](N)C2)nc2c1c(=O)n(Cc1nc(C)c3ccccc3n1)c(=O)n2C,CC#CCn1c(N2CCC[C@@H](N)C2)nc2c1c(=O)n(Cc1nc(C)c3ccccc3n1)c(=O)n2C,4.4076545,0.16295205061765816,2,10.1093/nar/gkw1074,w16_s4_sequence_mean:17-32,17,32,LVTIITVPVVLLNKGT,r3_b208,3,208,"[16, 18, 19, 20, 21, 22, 23, 24, 28, 29, 30, 31]","[""cc1cc(C)nc(Cn(c)c)n1""]",2.036391496658325,2.0345969200134277,2.027479648590088,2.0254650115966797,0.001794576644897461,0.008911848068237305,0.010926485061645508,0.0002200603485107422,yp+yl-y0-ypl,0794921c796ddbc878db48496780363fbc3a6e21eb11639b6ba5e5e4ceaa121b
2773,342,dpp4_12,CC#CCn1c(N2CCC[C@@H](N)C2)nc2c1c(=O)n(Cc1nc(C)c3ccccc3n1)c(=O)n2C,CC#CCn1c(N2CCC[C@@H](N)C2)nc2c1c(=O)n(Cc1nc(C)c3ccccc3n1)c(=O)n2C,4.4076545,0.16295205061765816,2,10.1093/nar/gkw1074,w16_s4_sequence_mean:377-392,377,392,NEEGYRHICYFQIDKK,r3_b1066,3,1066,"[5, 6, 7, 9, 10, 11, 12]","[""cN(C)C[C@H](N)C""]",2.036391496658325,2.0224804878234863,1.9792749881744385,1.9655702114105225,0.013911008834838867,0.05711650848388672,0.07082128524780273,-0.00020623207092285156,yp+yl-y0-ypl,0794921c796ddbc878db48496780363fbc3a6e21eb11639b6ba5e5e4ceaa121b
2773,342,dpp4_12,CC#CCn1c(N2CCC[C@@H](N)C2)nc2c1c(=O)n(Cc1nc(C)c3ccccc3n1)c(=O)n2C,CC#CCn1c(N2CCC[C@@H](N)C2)nc2c1c(=O)n(Cc1nc(C)c3ccccc3n1)c(=O)n2C,4.4076545,0.16295205061765816,2,10.1093/nar/gkw1074,w16_s4_sequence_mean:377-392,377,392,NEEGYRHICYFQIDKK,r3_b770,3,770,"[4, 5, 6, 7, 8, 9, 10, 11, 12, 13]","[""nc(N1CCC[C@@H](N)C1)n""]",2.036391496658325,2.0224804878234863,1.9619028568267822,1.9481208324432373,0.013911008834838867,0.07448863983154297,0.08827066421508789,-0.0001289844512939453,yp+yl-y0-ypl,0794921c796ddbc878db48496780363fbc3a6e21eb11639b6ba5e5e4ceaa121b
2773,342,dpp4_12,CC#CCn1c(N2CCC[C@@H](N)C2)nc2c1c(=O)n(Cc1nc(C)c3ccccc3n1)c(=O)n2C,CC#CCn1c(N2CCC[C@@H](N)C2)nc2c1c(=O)n(Cc1nc(C)c3ccccc3n1)c(=O)n2C,4.4076545,0.16295205061765816,2,10.1093/nar/gkw1074,w16_s4_sequence_mean:377-392,377,392,NEEGYRHICYFQIDKK,r3_b1765,3,1765,"[18, 19, 20]","[""cCn""]",2.036391496658325,2.0224804878234863,2.000941753387451,1.98712956905365,0.013911008834838867,0.03544974327087402,0.04926192760467529,-9.882450103759766e-05,yp+yl-y0-ypl,0794921c796ddbc878db48496780363fbc3a6e21eb11639b6ba5e5e4ceaa121b
2773,342,dpp4_12,CC#CCn1c(N2CCC[C@@H](N)C2)nc2c1c(=O)n(Cc1nc(C)c3ccccc3n1)c(=O)n2C,CC#CCn1c(N2CCC[C@@H](N)C2)nc2c1c(=O)n(Cc1nc(C)c3ccccc3n1)c(=O)n2C,4.4076545,0.16295205061765816,2,10.1093/nar/gkw1074,w16_s4_sequence_mean:377-392,377,392,NEEGYRHICYFQIDKK,r3_b1696,3,1696,"[13, 14, 15, 33]","[""cc(n)n""]",2.036391496658325,2.0224804878234863,1.9839191436767578,1.970172643661499,0.013911008834838867,0.05247235298156738,0.06621885299682617,-0.00016450881958007812,yp+yl-y0-ypl,0794921c796ddbc878db48496780363fbc3a6e21eb11639b6ba5e5e4ceaa121b
2773,342,dpp4_12,CC#CCn1c(N2CCC[C@@H](N)C2)nc2c1c(=O)n(Cc1nc(C)c3ccccc3n1)c(=O)n2C,CC#CCn1c(N2CCC[C@@H](N)C2)nc2c1c(=O)n(Cc1nc(C)c3ccccc3n1)c(=O)n2C,4.4076545,0.16295205061765816,2,10.1093/nar/gkw1074,w16_s4_sequence_mean:377-392,377,392,NEEGYRHICYFQIDKK,r3_b1722,3,1722,"[22, 23]","[""cC""]",2.036391496658325,2.0224804878234863,1.9923012256622314,1.9781436920166016,0.013911008834838867,0.04409027099609375,0.05824780464172363,0.0002465248107910156,yp+yl-y0-ypl,0794921c796ddbc878db48496780363fbc3a6e21eb11639b6ba5e5e4ceaa121b
2773,342,dpp4_12,CC#CCn1c(N2CCC[C@@H](N)C2)nc2c1c(=O)n(Cc1nc(C)c3ccccc3n1)c(=O)n2C,CC#CCn1c(N2CCC[C@@H](N)C2)nc2c1c(=O)n(Cc1nc(C)c3ccccc3n1)c(=O)n2C,4.4076545,0.16295205061765816,2,10.1093/nar/gkw1074,w16_s4_sequence_mean:377-392,377,392,NEEGYRHICYFQIDKK,r3_b1019,3,1019,"[10, 21, 22, 23, 24, 25, 26, 28, 29, 30]","[""C"", ""ccc(c(C)n)c(c)n""]",2.036391496658325,2.0224804878234863,2.01301646232605,1.9992295503616333,0.013911008834838867,0.02337503433227539,0.037161946296691895,-0.00012409687042236328,yp+yl-y0-ypl,0794921c796ddbc878db48496780363fbc3a6e21eb11639b6ba5e5e4ceaa121b
2773,342,dpp4_12,CC#CCn1c(N2CCC[C@@H](N)C2)nc2c1c(=O)n(Cc1nc(C)c3ccccc3n1)c(=O)n2C,CC#CCn1c(N2CCC[C@@H](N)C2)nc2c1c(=O)n(Cc1nc(C)c3ccccc3n1)c(=O)n2C,4.4076545,0.16295205061765816,2,10.1093/nar/gkw1074,w16_s4_sequence_mean:377-392,377,392,NEEGYRHICYFQIDKK,r3_b1903,3,1903,"[2, 3, 4, 5, 6, 7, 8, 10, 12, 13, 14, 15, 16, 33]","[""CCn1c(N(CC)CC)nc(n)c1c""]",2.036391496658325,2.0224804878234863,2.00305438041687,1.989014983177185,0.013911008834838867,0.03333711624145508,0.04737651348114014,0.0001283884048461914,yp+yl-y0-ypl,0794921c796ddbc878db48496780363fbc3a6e21eb11639b6ba5e5e4ceaa121b
2773,342,dpp4_12,CC#CCn1c(N2CCC[C@@H](N)C2)nc2c1c(=O)n(Cc1nc(C)c3ccccc3n1)c(=O)n2C,CC#CCn1c(N2CCC[C@@H](N)C2)nc2c1c(=O)n(Cc1nc(C)c3ccccc3n1)c(=O)n2C,4.4076545,0.16295205061765816,2,10.1093/nar/gkw1074,w16_s4_sequence_mean:377-392,377,392,NEEGYRHICYFQIDKK,r3_b314,3,314,"[16, 17, 31, 32]","[""c=O"", ""c=O""]",2.036391496658325,2.0224804878234863,2.011693000793457,1.9973170757293701,0.013911008834838867,0.024698495864868164,0.03907442092895508,0.0004649162292480469,yp+yl-y0-ypl,0794921c796ddbc878db48496780363fbc3a6e21eb11639b6ba5e5e4ceaa121b
2773,342,dpp4_12,CC#CCn1c(N2CCC[C@@H](N)C2)nc2c1c(=O)n(Cc1nc(C)c3ccccc3n1)c(=O)n2C,CC#CCn1c(N2CCC[C@@H](N)C2)nc2c1c(=O)n(Cc1nc(C)c3ccccc3n1)c(=O)n2C,4.4076545,0.16295205061765816,2,10.1093/nar/gkw1074,w16_s4_sequence_mean:377-392,377,392,NEEGYRHICYFQIDKK,r3_b1365,3,1365,"[4, 5, 6, 13]","[""nc(N)n""]",2.036391496658325,2.0224804878234863,2.0079925060272217,1.9940967559814453,0.013911008834838867,0.028398990631103516,0.04229474067687988,-1.52587890625e-05,yp+yl-y0-ypl,0794921c796ddbc878db48496780363fbc3a6e21eb11639b6ba5e5e4ceaa121b
2773,342,dpp4_12,CC#CCn1c(N2CCC[C@@H](N)C2)nc2c1c(=O)n(Cc1nc(C)c3ccccc3n1)c(=O)n2C,CC#CCn1c(N2CCC[C@@H](N)C2)nc2c1c(=O)n(Cc1nc(C)c3ccccc3n1)c(=O)n2C,4.4076545,0.16295205061765816,2,10.1093/nar/gkw1074,w16_s4_sequence_mean:377-392,377,392,NEEGYRHICYFQIDKK,r3_b208,3,208,"[16, 18, 19, 20, 21, 22, 23, 24, 28, 29, 30, 31]","[""cc1cc(C)nc(Cn(c)c)n1""]",2.036391496658325,2.0224804878234863,2.027479648590088,2.0137429237365723,0.013911008834838867,0.008911848068237305,0.02264857292175293,-0.0001742839813232422,yp+yl-y0-ypl,0794921c796ddbc878db48496780363fbc3a6e21eb11639b6ba5e5e4ceaa121b
2773,342,dpp4_12,CC#CCn1c(N2CCC[C@@H](N)C2)nc2c1c(=O)n(Cc1nc(C)c3ccccc3n1)c(=O)n2C,CC#CCn1c(N2CCC[C@@H](N)C2)nc2c1c(=O)n(Cc1nc(C)c3ccccc3n1)c(=O)n2C,4.4076545,0.16295205061765816,2,10.1093/nar/gkw1074,w16_s4_sequence_mean:381-396,381,396,YRHICYFQIDKKDCTF,r3_b1066,3,1066,"[5, 6, 7, 9, 10, 11, 12]","[""cN(C)C[C@H](N)C""]",2.036391496658325,2.0266332626342773,1.9792749881744385,1.9696252346038818,0.009758234024047852,0.05711650848388672,0.06676626205444336,-0.00010848045349121094,yp+yl-y0-ypl,0794921c796ddbc878db48496780363fbc3a6e21eb11639b6ba5e5e4ceaa121b
2773,342,dpp4_12,CC#CCn1c(N2CCC[C@@H](N)C2)nc2c1c(=O)n(Cc1nc(C)c3ccccc3n1)c(=O)n2C,CC#CCn1c(N2CCC[C@@H](N)C2)nc2c1c(=O)n(Cc1nc(C)c3ccccc3n1)c(=O)n2C,4.4076545,0.16295205061765816,2,10.1093/nar/gkw1074,w16_s4_sequence_mean:381-396,381,396,YRHICYFQIDKKDCTF,r3_b770,3,770,"[4, 5, 6, 7, 8, 9, 10, 11, 12, 13]","[""nc(N1CCC[C@@H](N)C1)n""]",2.036391496658325,2.0266332626342773,1.9619028568267822,1.9521093368530273,0.009758234024047852,0.07448863983154297,0.08428215980529785,3.528594970703125e-05,yp+yl-y0-ypl,0794921c796ddbc878db48496780363fbc3a6e21eb11639b6ba5e5e4ceaa121b
2773,342,dpp4_12,CC#CCn1c(N2CCC[C@@H](N)C2)nc2c1c(=O)n(Cc1nc(C)c3ccccc3n1)c(=O)n2C,CC#CCn1c(N2CCC[C@@H](N)C2)nc2c1c(=O)n(Cc1nc(C)c3ccccc3n1)c(=O)n2C,4.4076545,0.16295205061765816,2,10.1093/nar/gkw1074,w16_s4_sequence_mean:381-396,381,396,YRHICYFQIDKKDCTF,r3_b1765,3,1765,"[18, 19, 20]","[""cCn""]",2.036391496658325,2.0266332626342773,2.000941753387451,1.9910995960235596,0.009758234024047852,0.03544974327087402,0.045291900634765625,8.392333984375e-05,yp+yl-y0-ypl,0794921c796ddbc878db48496780363fbc3a6e21eb11639b6ba5e5e4ceaa121b
2773,342,dpp4_12,CC#CCn1c(N2CCC[C@@H](N)C2)nc2c1c(=O)n(Cc1nc(C)c3ccccc3n1)c(=O)n2C,CC#CCn1c(N2CCC[C@@H](N)C2)nc2c1c(=O)n(Cc1nc(C)c3ccccc3n1)c(=O)n2C,4.4076545,0.16295205061765816,2,10.1093/nar/gkw1074,w16_s4_sequence_mean:381-396,381,396,YRHICYFQIDKKDCTF,r3_b1696,3,1696,"[13, 14, 15, 33]","[""cc(n)n""]",2.036391496658325,2.0266332626342773,1.9839191436767578,1.9742003679275513,0.009758234024047852,0.05247235298156738,0.062191128730773926,-3.9458274841308594e-05,yp+yl-y0-ypl,0794921c796ddbc878db48496780363fbc3a6e21eb11639b6ba5e5e4ceaa121b
2773,342,dpp4_12,CC#CCn1c(N2CCC[C@@H](N)C2)nc2c1c(=O)n(Cc1nc(C)c3ccccc3n1)c(=O)n2C,CC#CCn1c(N2CCC[C@@H](N)C2)nc2c1c(=O)n(Cc1nc(C)c3ccccc3n1)c(=O)n2C,4.4076545,0.16295205061765816,2,10.1093/nar/gkw1074,w16_s4_sequence_mean:381-396,381,396,YRHICYFQIDKKDCTF,r3_b1722,3,1722,"[22, 23]","[""cC""]",2.036391496658325,2.0266332626342773,1.9923012256622314,1.9823150634765625,0.009758234024047852,0.04409027099609375,0.054076433181762695,0.00022792816162109375,yp+yl-y0-ypl,0794921c796ddbc878db48496780363fbc3a6e21eb11639b6ba5e5e4ceaa121b
2773,342,dpp4_12,CC#CCn1c(N2CCC[C@@H](N)C2)nc2c1c(=O)n(Cc1nc(C)c3ccccc3n1)c(=O)n2C,CC#CCn1c(N2CCC[C@@H](N)C2)nc2c1c(=O)n(Cc1nc(C)c3ccccc3n1)c(=O)n2C,4.4076545,0.16295205061765816,2,10.1093/nar/gkw1074,w16_s4_sequence_mean:381-396,381,396,YRHICYFQIDKKDCTF,r3_b1019,3,1019,"[10, 21, 22, 23, 24, 25, 26, 28, 29, 30]","[""C"", ""ccc(c(C)n)c(c)n""]",2.036391496658325,2.0266332626342773,2.01301646232605,2.0035157203674316,0.009758234024047852,0.02337503433227539,0.032875776290893555,-0.0002574920654296875,yp+yl-y0-ypl,0794921c796ddbc878db48496780363fbc3a6e21eb11639b6ba5e5e4ceaa121b
2773,342,dpp4_12,CC#CCn1c(N2CCC[C@@H](N)C2)nc2c1c(=O)n(Cc1nc(C)c3ccccc3n1)c(=O)n2C,CC#CCn1c(N2CCC[C@@H](N)C2)nc2c1c(=O)n(Cc1nc(C)c3ccccc3n1)c(=O)n2C,4.4076545,0.16295205061765816,2,10.1093/nar/gkw1074,w16_s4_sequence_mean:381-396,381,396,YRHICYFQIDKKDCTF,r3_b1903,3,1903,"[2, 3, 4, 5, 6, 7, 8, 10, 12, 13, 14, 15, 16, 33]","[""CCn1c(N(CC)CC)nc(n)c1c""]",2.036391496658325,2.0266332626342773,2.00305438041687,1.9932376146316528,0.009758234024047852,0.03333711624145508,0.04315388202667236,5.8531761169433594e-05,yp+yl-y0-ypl,0794921c796ddbc878db48496780363fbc3a6e21eb11639b6ba5e5e4ceaa121b
2773,342,dpp4_12,CC#CCn1c(N2CCC[C@@H](N)C2)nc2c1c(=O)n(Cc1nc(C)c3ccccc3n1)c(=O)n2C,CC#CCn1c(N2CCC[C@@H](N)C2)nc2c1c(=O)n(Cc1nc(C)c3ccccc3n1)c(=O)n2C,4.4076545,0.16295205061765816,2,10.1093/nar/gkw1074,w16_s4_sequence_mean:381-396,381,396,YRHICYFQIDKKDCTF,r3_b314,3,314,"[16, 17, 31, 32]","[""c=O"", ""c=O""]",2.036391496658325,2.0266332626342773,2.011693000793457,2.00126051902771,0.009758234024047852,0.024698495864868164,0.035130977630615234,0.0006742477416992188,yp+yl-y0-ypl,0794921c796ddbc878db48496780363fbc3a6e21eb11639b6ba5e5e4ceaa121b
2773,342,dpp4_12,CC#CCn1c(N2CCC[C@@H](N)C2)nc2c1c(=O)n(Cc1nc(C)c3ccccc3n1)c(=O)n2C,CC#CCn1c(N2CCC[C@@H](N)C2)nc2c1c(=O)n(Cc1nc(C)c3ccccc3n1)c(=O)n2C,4.4076545,0.16295205061765816,2,10.1093/nar/gkw1074,w16_s4_sequence_mean:381-396,381,396,YRHICYFQIDKKDCTF,r3_b1365,3,1365,"[4, 5, 6, 13]","[""nc(N)n""]",2.036391496658325,2.0266332626342773,2.0079925060272217,1.9983032941818237,0.009758234024047852,0.028398990631103516,0.038088202476501465,-6.902217864990234e-05,yp+yl-y0-ypl,0794921c796ddbc878db48496780363fbc3a6e21eb11639b6ba5e5e4ceaa121b
2773,342,dpp4_12,CC#CCn1c(N2CCC[C@@H](N)C2)nc2c1c(=O)n(Cc1nc(C)c3ccccc3n1)c(=O)n2C,CC#CCn1c(N2CCC[C@@H](N)C2)nc2c1c(=O)n(Cc1nc(C)c3ccccc3n1)c(=O)n2C,4.4076545,0.16295205061765816,2,10.1093/nar/gkw1074,w16_s4_sequence_mean:381-396,381,396,YRHICYFQIDKKDCTF,r3_b208,3,208,"[16, 18, 19, 20, 21, 22, 23, 24, 28, 29, 30, 31]","[""cc1cc(C)nc(Cn(c)c)n1""]",2.036391496658325,2.0266332626342773,2.027479648590088,2.017592668533325,0.009758234024047852,0.008911848068237305,0.018798828125,0.00012874603271484375,yp+yl-y0-ypl,0794921c796ddbc878db48496780363fbc3a6e21eb11639b6ba5e5e4ceaa121b
2773,342,dpp4_12,CC#CCn1c(N2CCC[C@@H](N)C2)nc2c1c(=O)n(Cc1nc(C)c3ccccc3n1)c(=O)n2C,CC#CCn1c(N2CCC[C@@H](N)C2)nc2c1c(=O)n(Cc1nc(C)c3ccccc3n1)c(=O)n2C,4.4076545,0.16295205061765816,2,10.1093/nar/gkw1074,w16_s4_sequence_mean:673-688,673,688,LPTPEDNLDHYRNSTV,r3_b1066,3,1066,"[5, 6, 7, 9, 10, 11, 12]","[""cN(C)C[C@H](N)C""]",2.036391496658325,2.020615339279175,1.9792749881744385,1.9634928703308105,0.01577615737915039,0.05711650848388672,0.07289862632751465,5.9604644775390625e-06,yp+yl-y0-ypl,0794921c796ddbc878db48496780363fbc3a6e21eb11639b6ba5e5e4ceaa121b
2773,342,dpp4_12,CC#CCn1c(N2CCC[C@@H](N)C2)nc2c1c(=O)n(Cc1nc(C)c3ccccc3n1)c(=O)n2C,CC#CCn1c(N2CCC[C@@H](N)C2)nc2c1c(=O)n(Cc1nc(C)c3ccccc3n1)c(=O)n2C,4.4076545,0.16295205061765816,2,10.1093/nar/gkw1074,w16_s4_sequence_mean:673-688,673,688,LPTPEDNLDHYRNSTV,r3_b770,3,770,"[4, 5, 6, 7, 8, 9, 10, 11, 12, 13]","[""nc(N1CCC[C@@H](N)C1)n""]",2.036391496658325,2.020615339279175,1.9619028568267822,1.9465529918670654,0.01577615737915039,0.07448863983154297,0.08983850479125977,-0.00042629241943359375,yp+yl-y0-ypl,0794921c796ddbc878db48496780363fbc3a6e21eb11639b6ba5e5e4ceaa121b
2773,342,dpp4_12,CC#CCn1c(N2CCC[C@@H](N)C2)nc2c1c(=O)n(Cc1nc(C)c3ccccc3n1)c(=O)n2C,CC#CCn1c(N2CCC[C@@H](N)C2)nc2c1c(=O)n(Cc1nc(C)c3ccccc3n1)c(=O)n2C,4.4076545,0.16295205061765816,2,10.1093/nar/gkw1074,w16_s4_sequence_mean:673-688,673,688,LPTPEDNLDHYRNSTV,r3_b1765,3,1765,"[18, 19, 20]","[""cCn""]",2.036391496658325,2.020615339279175,2.000941753387451,1.9853200912475586,0.01577615737915039,0.03544974327087402,0.0510714054107666,-0.0001544952392578125,yp+yl-y0-ypl,0794921c796ddbc878db48496780363fbc3a6e21eb11639b6ba5e5e4ceaa121b
2773,342,dpp4_12,CC#CCn1c(N2CCC[C@@H](N)C2)nc2c1c(=O)n(Cc1nc(C)c3ccccc3n1)c(=O)n2C,CC#CCn1c(N2CCC[C@@H](N)C2)nc2c1c(=O)n(Cc1nc(C)c3ccccc3n1)c(=O)n2C,4.4076545,0.16295205061765816,2,10.1093/nar/gkw1074,w16_s4_sequence_mean:673-688,673,688,LPTPEDNLDHYRNSTV,r3_b1696,3,1696,"[13, 14, 15, 33]","[""cc(n)n""]",2.036391496658325,2.020615339279175,1.9839191436767578,1.9682636260986328,0.01577615737915039,0.05247235298156738,0.06812787055969238,-0.00012063980102539062,yp+yl-y0-ypl,0794921c796ddbc878db48496780363fbc3a6e21eb11639b6ba5e5e4ceaa121b
2773,342,dpp4_12,CC#CCn1c(N2CCC[C@@H](N)C2)nc2c1c(=O)n(Cc1nc(C)c3ccccc3n1)c(=O)n2C,CC#CCn1c(N2CCC[C@@H](N)C2)nc2c1c(=O)n(Cc1nc(C)c3ccccc3n1)c(=O)n2C,4.4076545,0.16295205061765816,2,10.1093/nar/gkw1074,w16_s4_sequence_mean:673-688,673,688,LPTPEDNLDHYRNSTV,r3_b1722,3,1722,"[22, 23]","[""cC""]",2.036391496658325,2.020615339279175,1.9923012256622314,1.9763507843017578,0.01577615737915039,0.04409027099609375,0.06004071235656738,0.0001742839813232422,yp+yl-y0-ypl,0794921c796ddbc878db48496780363fbc3a6e21eb11639b6ba5e5e4ceaa121b
2773,342,dpp4_12,CC#CCn1c(N2CCC[C@@H](N)C2)nc2c1c(=O)n(Cc1nc(C)c3ccccc3n1)c(=O)n2C,CC#CCn1c(N2CCC[C@@H](N)C2)nc2c1c(=O)n(Cc1nc(C)c3ccccc3n1)c(=O)n2C,4.4076545,0.16295205061765816,2,10.1093/nar/gkw1074,w16_s4_sequence_mean:673-688,673,688,LPTPEDNLDHYRNSTV,r3_b1019,3,1019,"[10, 21, 22, 23, 24, 25, 26, 28, 29, 30]","[""C"", ""ccc(c(C)n)c(c)n""]",2.036391496658325,2.020615339279175,2.01301646232605,1.9976389408111572,0.01577615737915039,0.02337503433227539,0.03875255584716797,-0.0003986358642578125,yp+yl-y0-ypl,0794921c796ddbc878db48496780363fbc3a6e21eb11639b6ba5e5e4ceaa121b
2773,342,dpp4_12,CC#CCn1c(N2CCC[C@@H](N)C2)nc2c1c(=O)n(Cc1nc(C)c3ccccc3n1)c(=O)n2C,CC#CCn1c(N2CCC[C@@H](N)C2)nc2c1c(=O)n(Cc1nc(C)c3ccccc3n1)c(=O)n2C,4.4076545,0.16295205061765816,2,10.1093/nar/gkw1074,w16_s4_sequence_mean:673-688,673,688,LPTPEDNLDHYRNSTV,r3_b1903,3,1903,"[2, 3, 4, 5, 6, 7, 8, 10, 12, 13, 14, 15, 16, 33]","[""CCn1c(N(CC)CC)nc(n)c1c""]",2.036391496658325,2.020615339279175,2.00305438041687,1.987201452255249,0.01577615737915039,0.03333711624145508,0.04919004440307617,7.677078247070312e-05,yp+yl-y0-ypl,0794921c796ddbc878db48496780363fbc3a6e21eb11639b6ba5e5e4ceaa121b
2773,342,dpp4_12,CC#CCn1c(N2CCC[C@@H](N)C2)nc2c1c(=O)n(Cc1nc(C)c3ccccc3n1)c(=O)n2C,CC#CCn1c(N2CCC[C@@H](N)C2)nc2c1c(=O)n(Cc1nc(C)c3ccccc3n1)c(=O)n2C,4.4076545,0.16295205061765816,2,10.1093/nar/gkw1074,w16_s4_sequence_mean:673-688,673,688,LPTPEDNLDHYRNSTV,r3_b314,3,314,"[16, 17, 31, 32]","[""c=O"", ""c=O""]",2.036391496658325,2.020615339279175,2.011693000793457,1.995631456375122,0.01577615737915039,0.024698495864868164,0.040760040283203125,0.0002853870391845703,yp+yl-y0-ypl,0794921c796ddbc878db48496780363fbc3a6e21eb11639b6ba5e5e4ceaa121b
2773,342,dpp4_12,CC#CCn1c(N2CCC[C@@H](N)C2)nc2c1c(=O)n(Cc1nc(C)c3ccccc3n1)c(=O)n2C,CC#CCn1c(N2CCC[C@@H](N)C2)nc2c1c(=O)n(Cc1nc(C)c3ccccc3n1)c(=O)n2C,4.4076545,0.16295205061765816,2,10.1093/nar/gkw1074,w16_s4_sequence_mean:673-688,673,688,LPTPEDNLDHYRNSTV,r3_b1365,3,1365,"[4, 5, 6, 13]","[""nc(N)n""]",2.036391496658325,2.020615339279175,2.0079925060272217,1.9916744232177734,0.01577615737915039,0.028398990631103516,0.04471707344055176,0.0005419254302978516,yp+yl-y0-ypl,0794921c796ddbc878db48496780363fbc3a6e21eb11639b6ba5e5e4ceaa121b
2773,342,dpp4_12,CC#CCn1c(N2CCC[C@@H](N)C2)nc2c1c(=O)n(Cc1nc(C)c3ccccc3n1)c(=O)n2C,CC#CCn1c(N2CCC[C@@H](N)C2)nc2c1c(=O)n(Cc1nc(C)c3ccccc3n1)c(=O)n2C,4.4076545,0.16295205061765816,2,10.1093/nar/gkw1074,w16_s4_sequence_mean:673-688,673,688,LPTPEDNLDHYRNSTV,r3_b208,3,208,"[16, 18, 19, 20, 21, 22, 23, 24, 28, 29, 30, 31]","[""cc1cc(C)nc(Cn(c)c)n1""]",2.036391496658325,2.020615339279175,2.027479648590088,2.012259006500244,0.01577615737915039,0.008911848068237305,0.024132490158081055,-0.0005555152893066406,yp+yl-y0-ypl,0794921c796ddbc878db48496780363fbc3a6e21eb11639b6ba5e5e4ceaa121b
2773,442,dpp4_12,CC#CCn1c(N2CCC[C@@H](N)C2)nc2c1c(=O)n(Cc1nc(C)c3ccccc3n1)c(=O)n2C,CC#CCn1c(N2CCC[C@@H](N)C2)nc2c1c(=O)n(Cc1nc(C)c3ccccc3n1)c(=O)n2C,4.4076545,0.16295205061765816,2,10.1093/nar/gkw1074,w16_s4_sequence_mean:13-28,13,28,GAAALVTIITVPVVLL,r3_b1066,3,1066,"[5, 6, 7, 9, 10, 11, 12]","[""cN(C)C[C@H](N)C""]",2.0224435329437256,2.0050652027130127,2.0022332668304443,1.9853522777557373,0.01737833023071289,0.02021026611328125,0.03709125518798828,-0.0004973411560058594,yp+yl-y0-ypl,631ef93608905533d365fb97ed0ecc379a60c0993e0d15ad8dd8c4d29a42bd65
2773,442,dpp4_12,CC#CCn1c(N2CCC[C@@H](N)C2)nc2c1c(=O)n(Cc1nc(C)c3ccccc3n1)c(=O)n2C,CC#CCn1c(N2CCC[C@@H](N)C2)nc2c1c(=O)n(Cc1nc(C)c3ccccc3n1)c(=O)n2C,4.4076545,0.16295205061765816,2,10.1093/nar/gkw1074,w16_s4_sequence_mean:13-28,13,28,GAAALVTIITVPVVLL,r3_b770,3,770,"[4, 5, 6, 7, 8, 9, 10, 11, 12, 13]","[""nc(N1CCC[C@@H](N)C1)n""]",2.0224435329437256,2.0050652027130127,2.006646156311035,1.988645076751709,0.01737833023071289,0.01579737663269043,0.0337984561920166,0.0006227493286132812,yp+yl-y0-ypl,631ef93608905533d365fb97ed0ecc379a60c0993e0d15ad8dd8c4d29a42bd65
2773,442,dpp4_12,CC#CCn1c(N2CCC[C@@H](N)C2)nc2c1c(=O)n(Cc1nc(C)c3ccccc3n1)c(=O)n2C,CC#CCn1c(N2CCC[C@@H](N)C2)nc2c1c(=O)n(Cc1nc(C)c3ccccc3n1)c(=O)n2C,4.4076545,0.16295205061765816,2,10.1093/nar/gkw1074,w16_s4_sequence_mean:13-28,13,28,GAAALVTIITVPVVLL,r3_b1765,3,1765,"[18, 19, 20]","[""cCn""]",2.0224435329437256,2.0050652027130127,2.010348081588745,1.99281907081604,0.01737833023071289,0.012095451354980469,0.029624462127685547,0.0001506805419921875,yp+yl-y0-ypl,631ef93608905533d365fb97ed0ecc379a60c0993e0d15ad8dd8c4d29a42bd65
2773,442,dpp4_12,CC#CCn1c(N2CCC[C@@H](N)C2)nc2c1c(=O)n(Cc1nc(C)c3ccccc3n1)c(=O)n2C,CC#CCn1c(N2CCC[C@@H](N)C2)nc2c1c(=O)n(Cc1nc(C)c3ccccc3n1)c(=O)n2C,4.4076545,0.16295205061765816,2,10.1093/nar/gkw1074,w16_s4_sequence_mean:13-28,13,28,GAAALVTIITVPVVLL,r3_b1696,3,1696,"[13, 14, 15, 33]","[""cc(n)n""]",2.0224435329437256,2.0050652027130127,2.0251786708831787,2.0080785751342773,0.01737833023071289,-0.002735137939453125,0.014364957809448242,-0.00027823448181152344,yp+yl-y0-ypl,631ef93608905533d365fb97ed0ecc379a60c0993e0d15ad8dd8c4d29a42bd65
2773,442,dpp4_12,CC#CCn1c(N2CCC[C@@H](N)C2)nc2c1c(=O)n(Cc1nc(C)c3ccccc3n1)c(=O)n2C,CC#CCn1c(N2CCC[C@@H](N)C2)nc2c1c(=O)n(Cc1nc(C)c3ccccc3n1)c(=O)n2C,4.4076545,0.16295205061765816,2,10.1093/nar/gkw1074,w16_s4_sequence_mean:13-28,13,28,GAAALVTIITVPVVLL,r3_b1722,3,1722,"[22, 23]","[""cC""]",2.0224435329437256,2.0050652027130127,2.0186877250671387,2.001636266708374,0.01737833023071289,0.003755807876586914,0.020807266235351562,-0.0003268718719482422,yp+yl-y0-ypl,631ef93608905533d365fb97ed0ecc379a60c0993e0d15ad8dd8c4d29a42bd65
2773,442,dpp4_12,CC#CCn1c(N2CCC[C@@H](N)C2)nc2c1c(=O)n(Cc1nc(C)c3ccccc3n1)c(=O)n2C,CC#CCn1c(N2CCC[C@@H](N)C2)nc2c1c(=O)n(Cc1nc(C)c3ccccc3n1)c(=O)n2C,4.4076545,0.16295205061765816,2,10.1093/nar/gkw1074,w16_s4_sequence_mean:13-28,13,28,GAAALVTIITVPVVLL,r3_b1019,3,1019,"[10, 21, 22, 23, 24, 25, 26, 28, 29, 30]","[""C"", ""ccc(c(C)n)c(c)n""]",2.0224435329437256,2.0050652027130127,2.0201468467712402,2.0028653144836426,0.01737833023071289,0.0022966861724853516,0.019578218460083008,-9.679794311523438e-05,yp+yl-y0-ypl,631ef93608905533d365fb97ed0ecc379a60c0993e0d15ad8dd8c4d29a42bd65
2773,442,dpp4_12,CC#CCn1c(N2CCC[C@@H](N)C2)nc2c1c(=O)n(Cc1nc(C)c3ccccc3n1)c(=O)n2C,CC#CCn1c(N2CCC[C@@H](N)C2)nc2c1c(=O)n(Cc1nc(C)c3ccccc3n1)c(=O)n2C,4.4076545,0.16295205061765816,2,10.1093/nar/gkw1074,w16_s4_sequence_mean:13-28,13,28,GAAALVTIITVPVVLL,r3_b1903,3,1903,"[2, 3, 4, 5, 6, 7, 8, 10, 12, 13, 14, 15, 16, 33]","[""CCn1c(N(CC)CC)nc(n)c1c""]",2.0224435329437256,2.0050652027130127,2.016484022140503,1.9991192817687988,0.01737833023071289,0.005959510803222656,0.023324251174926758,-1.3589859008789062e-05,yp+yl-y0-ypl,631ef93608905533d365fb97ed0ecc379a60c0993e0d15ad8dd8c4d29a42bd65
2773,442,dpp4_12,CC#CCn1c(N2CCC[C@@H](N)C2)nc2c1c(=O)n(Cc1nc(C)c3ccccc3n1)c(=O)n2C,CC#CCn1c(N2CCC[C@@H](N)C2)nc2c1c(=O)n(Cc1nc(C)c3ccccc3n1)c(=O)n2C,4.4076545,0.16295205061765816,2,10.1093/nar/gkw1074,w16_s4_sequence_mean:13-28,13,28,GAAALVTIITVPVVLL,r3_b314,3,314,"[16, 17, 31, 32]","[""c=O"", ""c=O""]",2.0224435329437256,2.0050652027130127,2.0254132747650146,2.007786512374878,0.01737833023071289,-0.0029697418212890625,0.014657020568847656,0.0002484321594238281,yp+yl-y0-ypl,631ef93608905533d365fb97ed0ecc379a60c0993e0d15ad8dd8c4d29a42bd65
2773,442,dpp4_12,CC#CCn1c(N2CCC[C@@H](N)C2)nc2c1c(=O)n(Cc1nc(C)c3ccccc3n1)c(=O)n2C,CC#CCn1c(N2CCC[C@@H](N)C2)nc2c1c(=O)n(Cc1nc(C)c3ccccc3n1)c(=O)n2C,4.4076545,0.16295205061765816,2,10.1093/nar/gkw1074,w16_s4_sequence_mean:13-28,13,28,GAAALVTIITVPVVLL,r3_b1365,3,1365,"[4, 5, 6, 13]","[""nc(N)n""]",2.0224435329437256,2.0050652027130127,1.994460105895996,1.976073980331421,0.01737833023071289,0.027983427047729492,0.04636955261230469,0.0010077953338623047,yp+yl-y0-ypl,631ef93608905533d365fb97ed0ecc379a60c0993e0d15ad8dd8c4d29a42bd65
2773,442,dpp4_12,CC#CCn1c(N2CCC[C@@H](N)C2)nc2c1c(=O)n(Cc1nc(C)c3ccccc3n1)c(=O)n2C,CC#CCn1c(N2CCC[C@@H](N)C2)nc2c1c(=O)n(Cc1nc(C)c3ccccc3n1)c(=O)n2C,4.4076545,0.16295205061765816,2,10.1093/nar/gkw1074,w16_s4_sequence_mean:13-28,13,28,GAAALVTIITVPVVLL,r3_b208,3,208,"[16, 18, 19, 20, 21, 22, 23, 24, 28, 29, 30, 31]","[""cc1cc(C)nc(Cn(c)c)n1""]",2.0224435329437256,2.0050652027130127,2.021144151687622,2.004012107849121,0.01737833023071289,0.0012993812561035156,0.018431425094604492,-0.00024628639221191406,yp+yl-y0-ypl,631ef93608905533d365fb97ed0ecc379a60c0993e0d15ad8dd8c4d29a42bd65
2773,442,dpp4_12,CC#CCn1c(N2CCC[C@@H](N)C2)nc2c1c(=O)n(Cc1nc(C)c3ccccc3n1)c(=O)n2C,CC#CCn1c(N2CCC[C@@H](N)C2)nc2c1c(=O)n(Cc1nc(C)c3ccccc3n1)c(=O)n2C,4.4076545,0.16295205061765816,2,10.1093/nar/gkw1074,w16_s4_sequence_mean:417-432,417,432,YISNEYKGMPGGRNLY,r3_b1066,3,1066,"[5, 6, 7, 9, 10, 11, 12]","[""cN(C)C[C@H](N)C""]",2.0224435329437256,2.002781867980957,2.0022332668304443,1.982452154159546,0.019661664962768555,0.02021026611328125,0.03999137878417969,0.00011944770812988281,yp+yl-y0-ypl,631ef93608905533d365fb97ed0ecc379a60c0993e0d15ad8dd8c4d29a42bd65
2773,442,dpp4_12,CC#CCn1c(N2CCC[C@@H](N)C2)nc2c1c(=O)n(Cc1nc(C)c3ccccc3n1)c(=O)n2C,CC#CCn1c(N2CCC[C@@H](N)C2)nc2c1c(=O)n(Cc1nc(C)c3ccccc3n1)c(=O)n2C,4.4076545,0.16295205061765816,2,10.1093/nar/gkw1074,w16_s4_sequence_mean:417-432,417,432,YISNEYKGMPGGRNLY,r3_b770,3,770,"[4, 5, 6, 7, 8, 9, 10, 11, 12, 13]","[""nc(N1CCC[C@@H](N)C1)n""]",2.0224435329437256,2.002781867980957,2.006646156311035,1.9870762825012207,0.019661664962768555,0.01579737663269043,0.03536725044250488,-9.179115295410156e-05,yp+yl-y0-ypl,631ef93608905533d365fb97ed0ecc379a60c0993e0d15ad8dd8c4d29a42bd65
2773,442,dpp4_12,CC#CCn1c(N2CCC[C@@H](N)C2)nc2c1c(=O)n(Cc1nc(C)c3ccccc3n1)c(=O)n2C,CC#CCn1c(N2CCC[C@@H](N)C2)nc2c1c(=O)n(Cc1nc(C)c3ccccc3n1)c(=O)n2C,4.4076545,0.16295205061765816,2,10.1093/nar/gkw1074,w16_s4_sequence_mean:417-432,417,432,YISNEYKGMPGGRNLY,r3_b1765,3,1765,"[18, 19, 20]","[""cCn""]",2.0224435329437256,2.002781867980957,2.010348081588745,1.9902760982513428,0.019661664962768555,0.012095451354980469,0.03216743469238281,0.00041031837463378906,yp+yl-y0-ypl,631ef93608905533d365fb97ed0ecc379a60c0993e0d15ad8dd8c4d29a42bd65
2773,442,dpp4_12,CC#CCn1c(N2CCC[C@@H](N)C2)nc2c1c(=O)n(Cc1nc(C)c3ccccc3n1)c(=O)n2C,CC#CCn1c(N2CCC[C@@H](N)C2)nc2c1c(=O)n(Cc1nc(C)c3ccccc3n1)c(=O)n2C,4.4076545,0.16295205061765816,2,10.1093/nar/gkw1074,w16_s4_sequence_mean:417-432,417,432,YISNEYKGMPGGRNLY,r3_b1696,3,1696,"[13, 14, 15, 33]","[""cc(n)n""]",2.0224435329437256,2.002781867980957,2.0251786708831787,2.0055055618286133,0.019661664962768555,-0.002735137939453125,0.016937971115112305,1.1444091796875e-05,yp+yl-y0-ypl,631ef93608905533d365fb97ed0ecc379a60c0993e0d15ad8dd8c4d29a42bd65
2773,442,dpp4_12,CC#CCn1c(N2CCC[C@@H](N)C2)nc2c1c(=O)n(Cc1nc(C)c3ccccc3n1)c(=O)n2C,CC#CCn1c(N2CCC[C@@H](N)C2)nc2c1c(=O)n(Cc1nc(C)c3ccccc3n1)c(=O)n2C,4.4076545,0.16295205061765816,2,10.1093/nar/gkw1074,w16_s4_sequence_mean:417-432,417,432,YISNEYKGMPGGRNLY,r3_b1722,3,1722,"[22, 23]","[""cC""]",2.0224435329437256,2.002781867980957,2.0186877250671387,1.9989111423492432,0.019661664962768555,0.003755807876586914,0.023532390594482422,0.00011491775512695312,yp+yl-y0-ypl,631ef93608905533d365fb97ed0ecc379a60c0993e0d15ad8dd8c4d29a42bd65
2773,442,dpp4_12,CC#CCn1c(N2CCC[C@@H](N)C2)nc2c1c(=O)n(Cc1nc(C)c3ccccc3n1)c(=O)n2C,CC#CCn1c(N2CCC[C@@H](N)C2)nc2c1c(=O)n(Cc1nc(C)c3ccccc3n1)c(=O)n2C,4.4076545,0.16295205061765816,2,10.1093/nar/gkw1074,w16_s4_sequence_mean:417-432,417,432,YISNEYKGMPGGRNLY,r3_b1019,3,1019,"[10, 21, 22, 23, 24, 25, 26, 28, 29, 30]","[""C"", ""ccc(c(C)n)c(c)n""]",2.0224435329437256,2.002781867980957,2.0201468467712402,2.0006659030914307,0.019661664962768555,0.0022966861724853516,0.021777629852294922,-0.00018072128295898438,yp+yl-y0-ypl,631ef93608905533d365fb97ed0ecc379a60c0993e0d15ad8dd8c4d29a42bd65
2773,442,dpp4_12,CC#CCn1c(N2CCC[C@@H](N)C2)nc2c1c(=O)n(Cc1nc(C)c3ccccc3n1)c(=O)n2C,CC#CCn1c(N2CCC[C@@H](N)C2)nc2c1c(=O)n(Cc1nc(C)c3ccccc3n1)c(=O)n2C,4.4076545,0.16295205061765816,2,10.1093/nar/gkw1074,w16_s4_sequence_mean:417-432,417,432,YISNEYKGMPGGRNLY,r3_b1903,3,1903,"[2, 3, 4, 5, 6, 7, 8, 10, 12, 13, 14, 15, 16, 33]","[""CCn1c(N(CC)CC)nc(n)c1c""]",2.0224435329437256,2.002781867980957,2.016484022140503,1.9969580173492432,0.019661664962768555,0.005959510803222656,0.025485515594482422,-0.00013566017150878906,yp+yl-y0-ypl,631ef93608905533d365fb97ed0ecc379a60c0993e0d15ad8dd8c4d29a42bd65
2773,442,dpp4_12,CC#CCn1c(N2CCC[C@@H](N)C2)nc2c1c(=O)n(Cc1nc(C)c3ccccc3n1)c(=O)n2C,CC#CCn1c(N2CCC[C@@H](N)C2)nc2c1c(=O)n(Cc1nc(C)c3ccccc3n1)c(=O)n2C,4.4076545,0.16295205061765816,2,10.1093/nar/gkw1074,w16_s4_sequence_mean:417-432,417,432,YISNEYKGMPGGRNLY,r3_b314,3,314,"[16, 17, 31, 32]","[""c=O"", ""c=O""]",2.0224435329437256,2.002781867980957,2.0254132747650146,2.0056419372558594,0.019661664962768555,-0.0029697418212890625,0.01680159568786621,0.00010967254638671875,yp+yl-y0-ypl,631ef93608905533d365fb97ed0ecc379a60c0993e0d15ad8dd8c4d29a42bd65
2773,442,dpp4_12,CC#CCn1c(N2CCC[C@@H](N)C2)nc2c1c(=O)n(Cc1nc(C)c3ccccc3n1)c(=O)n2C,CC#CCn1c(N2CCC[C@@H](N)C2)nc2c1c(=O)n(Cc1nc(C)c3ccccc3n1)c(=O)n2C,4.4076545,0.16295205061765816,2,10.1093/nar/gkw1074,w16_s4_sequence_mean:417-432,417,432,YISNEYKGMPGGRNLY,r3_b1365,3,1365,"[4, 5, 6, 13]","[""nc(N)n""]",2.0224435329437256,2.002781867980957,1.994460105895996,1.9746677875518799,0.019661664962768555,0.027983427047729492,0.0477757453918457,0.00013065338134765625,yp+yl-y0-ypl,631ef93608905533d365fb97ed0ecc379a60c0993e0d15ad8dd8c4d29a42bd65
2773,442,dpp4_12,CC#CCn1c(N2CCC[C@@H](N)C2)nc2c1c(=O)n(Cc1nc(C)c3ccccc3n1)c(=O)n2C,CC#CCn1c(N2CCC[C@@H](N)C2)nc2c1c(=O)n(Cc1nc(C)c3ccccc3n1)c(=O)n2C,4.4076545,0.16295205061765816,2,10.1093/nar/gkw1074,w16_s4_sequence_mean:417-432,417,432,YISNEYKGMPGGRNLY,r3_b208,3,208,"[16, 18, 19, 20, 21, 22, 23, 24, 28, 29, 30, 31]","[""cc1cc(C)nc(Cn(c)c)n1""]",2.0224435329437256,2.002781867980957,2.021144151687622,2.0013959407806396,0.019661664962768555,0.0012993812561035156,0.021047592163085938,8.654594421386719e-05,yp+yl-y0-ypl,631ef93608905533d365fb97ed0ecc379a60c0993e0d15ad8dd8c4d29a42bd65
2773,442,dpp4_12,CC#CCn1c(N2CCC[C@@H](N)C2)nc2c1c(=O)n(Cc1nc(C)c3ccccc3n1)c(=O)n2C,CC#CCn1c(N2CCC[C@@H](N)C2)nc2c1c(=O)n(Cc1nc(C)c3ccccc3n1)c(=O)n2C,4.4076545,0.16295205061765816,2,10.1093/nar/gkw1074,w16_s4_sequence_mean:9-24,9,24,LGLLGAAALVTIITVP,r3_b1066,3,1066,"[5, 6, 7, 9, 10, 11, 12]","[""cN(C)C[C@H](N)C""]",2.0224435329437256,2.0080606937408447,2.0022332668304443,1.9883418083190918,0.01438283920288086,0.02021026611328125,0.03410172462463379,-0.0004913806915283203,yp+yl-y0-ypl,631ef93608905533d365fb97ed0ecc379a60c0993e0d15ad8dd8c4d29a42bd65
2773,442,dpp4_12,CC#CCn1c(N2CCC[C@@H](N)C2)nc2c1c(=O)n(Cc1nc(C)c3ccccc3n1)c(=O)n2C,CC#CCn1c(N2CCC[C@@H](N)C2)nc2c1c(=O)n(Cc1nc(C)c3ccccc3n1)c(=O)n2C,4.4076545,0.16295205061765816,2,10.1093/nar/gkw1074,w16_s4_sequence_mean:9-24,9,24,LGLLGAAALVTIITVP,r3_b770,3,770,"[4, 5, 6, 7, 8, 9, 10, 11, 12, 13]","[""nc(N1CCC[C@@H](N)C1)n""]",2.0224435329437256,2.0080606937408447,2.006646156311035,1.991689682006836,0.01438283920288086,0.01579737663269043,0.03075385093688965,0.0005736351013183594,yp+yl-y0-ypl,631ef93608905533d365fb97ed0ecc379a60c0993e0d15ad8dd8c4d29a42bd65
2773,442,dpp4_12,CC#CCn1c(N2CCC[C@@H](N)C2)nc2c1c(=O)n(Cc1nc(C)c3ccccc3n1)c(=O)n2C,CC#CCn1c(N2CCC[C@@H](N)C2)nc2c1c(=O)n(Cc1nc(C)c3ccccc3n1)c(=O)n2C,4.4076545,0.16295205061765816,2,10.1093/nar/gkw1074,w16_s4_sequence_mean:9-24,9,24,LGLLGAAALVTIITVP,r3_b1765,3,1765,"[18, 19, 20]","[""cCn""]",2.0224435329437256,2.0080606937408447,2.010348081588745,1.995800256729126,0.01438283920288086,0.012095451354980469,0.02664327621459961,0.00016498565673828125,yp+yl-y0-ypl,631ef93608905533d365fb97ed0ecc379a60c0993e0d15ad8dd8c4d29a42bd65
2773,442,dpp4_12,CC#CCn1c(N2CCC[C@@H](N)C2)nc2c1c(=O)n(Cc1nc(C)c3ccccc3n1)c(=O)n2C,CC#CCn1c(N2CCC[C@@H](N)C2)nc2c1c(=O)n(Cc1nc(C)c3ccccc3n1)c(=O)n2C,4.4076545,0.16295205061765816,2,10.1093/nar/gkw1074,w16_s4_sequence_mean:9-24,9,24,LGLLGAAALVTIITVP,r3_b1696,3,1696,"[13, 14, 15, 33]","[""cc(n)n""]",2.0224435329437256,2.0080606937408447,2.0251786708831787,2.0110533237457275,0.01438283920288086,-0.002735137939453125,0.011390209197998047,-0.0002574920654296875,yp+yl-y0-ypl,631ef93608905533d365fb97ed0ecc379a60c0993e0d15ad8dd8c4d29a42bd65
2773,442,dpp4_12,CC#CCn1c(N2CCC[C@@H](N)C2)nc2c1c(=O)n(Cc1nc(C)c3ccccc3n1)c(=O)n2C,CC#CCn1c(N2CCC[C@@H](N)C2)nc2c1c(=O)n(Cc1nc(C)c3ccccc3n1)c(=O)n2C,4.4076545,0.16295205061765816,2,10.1093/nar/gkw1074,w16_s4_sequence_mean:9-24,9,24,LGLLGAAALVTIITVP,r3_b1722,3,1722,"[22, 23]","[""cC""]",2.0224435329437256,2.0080606937408447,2.0186877250671387,2.004697322845459,0.01438283920288086,0.003755807876586914,0.0177462100982666,-0.0003924369812011719,yp+yl-y0-ypl,631ef93608905533d365fb97ed0ecc379a60c0993e0d15ad8dd8c4d29a42bd65
2773,442,dpp4_12,CC#CCn1c(N2CCC[C@@H](N)C2)nc2c1c(=O)n(Cc1nc(C)c3ccccc3n1)c(=O)n2C,CC#CCn1c(N2CCC[C@@H](N)C2)nc2c1c(=O)n(Cc1nc(C)c3ccccc3n1)c(=O)n2C,4.4076545,0.16295205061765816,2,10.1093/nar/gkw1074,w16_s4_sequence_mean:9-24,9,24,LGLLGAAALVTIITVP,r3_b1019,3,1019,"[10, 21, 22, 23, 24, 25, 26, 28, 29, 30]","[""C"", ""ccc(c(C)n)c(c)n""]",2.0224435329437256,2.0080606937408447,2.0201468467712402,2.005938768386841,0.01438283920288086,0.0022966861724853516,0.016504764556884766,-0.0001747608184814453,yp+yl-y0-ypl,631ef93608905533d365fb97ed0ecc379a60c0993e0d15ad8dd8c4d29a42bd65
2773,442,dpp4_12,CC#CCn1c(N2CCC[C@@H](N)C2)nc2c1c(=O)n(Cc1nc(C)c3ccccc3n1)c(=O)n2C,CC#CCn1c(N2CCC[C@@H](N)C2)nc2c1c(=O)n(Cc1nc(C)c3ccccc3n1)c(=O)n2C,4.4076545,0.16295205061765816,2,10.1093/nar/gkw1074,w16_s4_sequence_mean:9-24,9,24,LGLLGAAALVTIITVP,r3_b1903,3,1903,"[2, 3, 4, 5, 6, 7, 8, 10, 12, 13, 14, 15, 16, 33]","[""CCn1c(N(CC)CC)nc(n)c1c""]",2.0224435329437256,2.0080606937408447,2.016484022140503,2.002203941345215,0.01438283920288086,0.005959510803222656,0.020239591598510742,-0.00010275840759277344,yp+yl-y0-ypl,631ef93608905533d365fb97ed0ecc379a60c0993e0d15ad8dd8c4d29a42bd65
2773,442,dpp4_12,CC#CCn1c(N2CCC[C@@H](N)C2)nc2c1c(=O)n(Cc1nc(C)c3ccccc3n1)c(=O)n2C,CC#CCn1c(N2CCC[C@@H](N)C2)nc2c1c(=O)n(Cc1nc(C)c3ccccc3n1)c(=O)n2C,4.4076545,0.16295205061765816,2,10.1093/nar/gkw1074,w16_s4_sequence_mean:9-24,9,24,LGLLGAAALVTIITVP,r3_b314,3,314,"[16, 17, 31, 32]","[""c=O"", ""c=O""]",2.0224435329437256,2.0080606937408447,2.0254132747650146,2.0109140872955322,0.01438283920288086,-0.0029697418212890625,0.01152944564819336,0.0001163482666015625,yp+yl-y0-ypl,631ef93608905533d365fb97ed0ecc379a60c0993e0d15ad8dd8c4d29a42bd65
2773,442,dpp4_12,CC#CCn1c(N2CCC[C@@H](N)C2)nc2c1c(=O)n(Cc1nc(C)c3ccccc3n1)c(=O)n2C,CC#CCn1c(N2CCC[C@@H](N)C2)nc2c1c(=O)n(Cc1nc(C)c3ccccc3n1)c(=O)n2C,4.4076545,0.16295205061765816,2,10.1093/nar/gkw1074,w16_s4_sequence_mean:9-24,9,24,LGLLGAAALVTIITVP,r3_b1365,3,1365,"[4, 5, 6, 13]","[""nc(N)n""]",2.0224435329437256,2.0080606937408447,1.994460105895996,1.9791581630706787,0.01438283920288086,0.027983427047729492,0.043285369873046875,0.0009191036224365234,yp+yl-y0-ypl,631ef93608905533d365fb97ed0ecc379a60c0993e0d15ad8dd8c4d29a42bd65
2773,442,dpp4_12,CC#CCn1c(N2CCC[C@@H](N)C2)nc2c1c(=O)n(Cc1nc(C)c3ccccc3n1)c(=O)n2C,CC#CCn1c(N2CCC[C@@H](N)C2)nc2c1c(=O)n(Cc1nc(C)c3ccccc3n1)c(=O)n2C,4.4076545,0.16295205061765816,2,10.1093/nar/gkw1074,w16_s4_sequence_mean:9-24,9,24,LGLLGAAALVTIITVP,r3_b208,3,208,"[16, 18, 19, 20, 21, 22, 23, 24, 28, 29, 30, 31]","[""cc1cc(C)nc(Cn(c)c)n1""]",2.0224435329437256,2.0080606937408447,2.021144151687622,2.007016181945801,0.01438283920288086,0.0012993812561035156,0.015427350997924805,-0.0002548694610595703,yp+yl-y0-ypl,631ef93608905533d365fb97ed0ecc379a60c0993e0d15ad8dd8c4d29a42bd65
2773,442,dpp4_12,CC#CCn1c(N2CCC[C@@H](N)C2)nc2c1c(=O)n(Cc1nc(C)c3ccccc3n1)c(=O)n2C,CC#CCn1c(N2CCC[C@@H](N)C2)nc2c1c(=O)n(Cc1nc(C)c3ccccc3n1)c(=O)n2C,4.4076545,0.16295205061765816,2,10.1093/nar/gkw1074,w16_s4_sequence_mean:751-766,751,766,IYTHMSHFIKQCFSLP,r3_b1066,3,1066,"[5, 6, 7, 9, 10, 11, 12]","[""cN(C)C[C@H](N)C""]",2.0224435329437256,2.009878396987915,2.0022332668304443,1.9895598888397217,0.012565135955810547,0.02021026611328125,0.032883644104003906,0.00010824203491210938,yp+yl-y0-ypl,631ef93608905533d365fb97ed0ecc379a60c0993e0d15ad8dd8c4d29a42bd65
2773,442,dpp4_12,CC#CCn1c(N2CCC[C@@H](N)C2)nc2c1c(=O)n(Cc1nc(C)c3ccccc3n1)c(=O)n2C,CC#CCn1c(N2CCC[C@@H](N)C2)nc2c1c(=O)n(Cc1nc(C)c3ccccc3n1)c(=O)n2C,4.4076545,0.16295205061765816,2,10.1093/nar/gkw1074,w16_s4_sequence_mean:751-766,751,766,IYTHMSHFIKQCFSLP,r3_b770,3,770,"[4, 5, 6, 7, 8, 9, 10, 11, 12, 13]","[""nc(N1CCC[C@@H](N)C1)n""]",2.0224435329437256,2.009878396987915,2.006646156311035,1.9938099384307861,0.012565135955810547,0.01579737663269043,0.028633594512939453,0.00027108192443847656,yp+yl-y0-ypl,631ef93608905533d365fb97ed0ecc379a60c0993e0d15ad8dd8c4d29a42bd65
2773,442,dpp4_12,CC#CCn1c(N2CCC[C@@H](N)C2)nc2c1c(=O)n(Cc1nc(C)c3ccccc3n1)c(=O)n2C,CC#CCn1c(N2CCC[C@@H](N)C2)nc2c1c(=O)n(Cc1nc(C)c3ccccc3n1)c(=O)n2C,4.4076545,0.16295205061765816,2,10.1093/nar/gkw1074,w16_s4_sequence_mean:751-766,751,766,IYTHMSHFIKQCFSLP,r3_b1765,3,1765,"[18, 19, 20]","[""cCn""]",2.0224435329437256,2.009878396987915,2.010348081588745,1.9974191188812256,0.012565135955810547,0.012095451354980469,0.0250244140625,0.0003638267517089844,yp+yl-y0-ypl,631ef93608905533d365fb97ed0ecc379a60c0993e0d15ad8dd8c4d29a42bd65
2773,442,dpp4_12,CC#CCn1c(N2CCC[C@@H](N)C2)nc2c1c(=O)n(Cc1nc(C)c3ccccc3n1)c(=O)n2C,CC#CCn1c(N2CCC[C@@H](N)C2)nc2c1c(=O)n(Cc1nc(C)c3ccccc3n1)c(=O)n2C,4.4076545,0.16295205061765816,2,10.1093/nar/gkw1074,w16_s4_sequence_mean:751-766,751,766,IYTHMSHFIKQCFSLP,r3_b1696,3,1696,"[13, 14, 15, 33]","[""cc(n)n""]",2.0224435329437256,2.009878396987915,2.0251786708831787,2.0128703117370605,0.012565135955810547,-0.002735137939453125,0.009573221206665039,-0.0002567768096923828,yp+yl-y0-ypl,631ef93608905533d365fb97ed0ecc379a60c0993e0d15ad8dd8c4d29a42bd65
2773,442,dpp4_12,CC#CCn1c(N2CCC[C@@H](N)C2)nc2c1c(=O)n(Cc1nc(C)c3ccccc3n1)c(=O)n2C,CC#CCn1c(N2CCC[C@@H](N)C2)nc2c1c(=O)n(Cc1nc(C)c3ccccc3n1)c(=O)n2C,4.4076545,0.16295205061765816,2,10.1093/nar/gkw1074,w16_s4_sequence_mean:751-766,751,766,IYTHMSHFIKQCFSLP,r3_b1722,3,1722,"[22, 23]","[""cC""]",2.0224435329437256,2.009878396987915,2.0186877250671387,2.0064857006073,0.012565135955810547,0.003755807876586914,0.01595783233642578,-0.0003631114959716797,yp+yl-y0-ypl,631ef93608905533d365fb97ed0ecc379a60c0993e0d15ad8dd8c4d29a42bd65
2773,442,dpp4_12,CC#CCn1c(N2CCC[C@@H](N)C2)nc2c1c(=O)n(Cc1nc(C)c3ccccc3n1)c(=O)n2C,CC#CCn1c(N2CCC[C@@H](N)C2)nc2c1c(=O)n(Cc1nc(C)c3ccccc3n1)c(=O)n2C,4.4076545,0.16295205061765816,2,10.1093/nar/gkw1074,w16_s4_sequence_mean:751-766,751,766,IYTHMSHFIKQCFSLP,r3_b1019,3,1019,"[10, 21, 22, 23, 24, 25, 26, 28, 29, 30]","[""C"", ""ccc(c(C)n)c(c)n""]",2.0224435329437256,2.009878396987915,2.0201468467712402,2.0076582431793213,0.012565135955810547,0.0022966861724853516,0.014785289764404297,-7.653236389160156e-05,yp+yl-y0-ypl,631ef93608905533d365fb97ed0ecc379a60c0993e0d15ad8dd8c4d29a42bd65
2773,442,dpp4_12,CC#CCn1c(N2CCC[C@@H](N)C2)nc2c1c(=O)n(Cc1nc(C)c3ccccc3n1)c(=O)n2C,CC#CCn1c(N2CCC[C@@H](N)C2)nc2c1c(=O)n(Cc1nc(C)c3ccccc3n1)c(=O)n2C,4.4076545,0.16295205061765816,2,10.1093/nar/gkw1074,w16_s4_sequence_mean:751-766,751,766,IYTHMSHFIKQCFSLP,r3_b1903,3,1903,"[2, 3, 4, 5, 6, 7, 8, 10, 12, 13, 14, 15, 16, 33]","[""CCn1c(N(CC)CC)nc(n)c1c""]",2.0224435329437256,2.009878396987915,2.016484022140503,2.003917932510376,0.012565135955810547,0.005959510803222656,0.01852560043334961,9.5367431640625e-07,yp+yl-y0-ypl,631ef93608905533d365fb97ed0ecc379a60c0993e0d15ad8dd8c4d29a42bd65
2773,442,dpp4_12,CC#CCn1c(N2CCC[C@@H](N)C2)nc2c1c(=O)n(Cc1nc(C)c3ccccc3n1)c(=O)n2C,CC#CCn1c(N2CCC[C@@H](N)C2)nc2c1c(=O)n(Cc1nc(C)c3ccccc3n1)c(=O)n2C,4.4076545,0.16295205061765816,2,10.1093/nar/gkw1074,w16_s4_sequence_mean:751-766,751,766,IYTHMSHFIKQCFSLP,r3_b314,3,314,"[16, 17, 31, 32]","[""c=O"", ""c=O""]",2.0224435329437256,2.009878396987915,2.0254132747650146,2.0127012729644775,0.012565135955810547,-0.0029697418212890625,0.009742259979248047,0.0001468658447265625,yp+yl-y0-ypl,631ef93608905533d365fb97ed0ecc379a60c0993e0d15ad8dd8c4d29a42bd65
2773,442,dpp4_12,CC#CCn1c(N2CCC[C@@H](N)C2)nc2c1c(=O)n(Cc1nc(C)c3ccccc3n1)c(=O)n2C,CC#CCn1c(N2CCC[C@@H](N)C2)nc2c1c(=O)n(Cc1nc(C)c3ccccc3n1)c(=O)n2C,4.4076545,0.16295205061765816,2,10.1093/nar/gkw1074,w16_s4_sequence_mean:751-766,751,766,IYTHMSHFIKQCFSLP,r3_b1365,3,1365,"[4, 5, 6, 13]","[""nc(N)n""]",2.0224435329437256,2.009878396987915,1.994460105895996,1.9814989566802979,0.012565135955810547,0.027983427047729492,0.040944576263427734,0.0003960132598876953,yp+yl-y0-ypl,631ef93608905533d365fb97ed0ecc379a60c0993e0d15ad8dd8c4d29a42bd65
2773,442,dpp4_12,CC#CCn1c(N2CCC[C@@H](N)C2)nc2c1c(=O)n(Cc1nc(C)c3ccccc3n1)c(=O)n2C,CC#CCn1c(N2CCC[C@@H](N)C2)nc2c1c(=O)n(Cc1nc(C)c3ccccc3n1)c(=O)n2C,4.4076545,0.16295205061765816,2,10.1093/nar/gkw1074,w16_s4_sequence_mean:751-766,751,766,IYTHMSHFIKQCFSLP,r3_b208,3,208,"[16, 18, 19, 20, 21, 22, 23, 24, 28, 29, 30, 31]","[""cc1cc(C)nc(Cn(c)c)n1""]",2.0224435329437256,2.009878396987915,2.021144151687622,2.008610963821411,0.012565135955810547,0.0012993812561035156,0.013832569122314453,-3.1948089599609375e-05,yp+yl-y0-ypl,631ef93608905533d365fb97ed0ecc379a60c0993e0d15ad8dd8c4d29a42bd65
2773,442,dpp4_12,CC#CCn1c(N2CCC[C@@H](N)C2)nc2c1c(=O)n(Cc1nc(C)c3ccccc3n1)c(=O)n2C,CC#CCn1c(N2CCC[C@@H](N)C2)nc2c1c(=O)n(Cc1nc(C)c3ccccc3n1)c(=O)n2C,4.4076545,0.16295205061765816,2,10.1093/nar/gkw1074,w16_s4_sequence_mean:425-440,425,440,MPGGRNLYKIQLSDYT,r3_b1066,3,1066,"[5, 6, 7, 9, 10, 11, 12]","[""cN(C)C[C@H](N)C""]",2.0224435329437256,2.0032894611358643,2.0022332668304443,1.9832561016082764,0.019154071807861328,0.02021026611328125,0.03918743133544922,-0.00017690658569335938,yp+yl-y0-ypl,631ef93608905533d365fb97ed0ecc379a60c0993e0d15ad8dd8c4d29a42bd65
2773,442,dpp4_12,CC#CCn1c(N2CCC[C@@H](N)C2)nc2c1c(=O)n(Cc1nc(C)c3ccccc3n1)c(=O)n2C,CC#CCn1c(N2CCC[C@@H](N)C2)nc2c1c(=O)n(Cc1nc(C)c3ccccc3n1)c(=O)n2C,4.4076545,0.16295205061765816,2,10.1093/nar/gkw1074,w16_s4_sequence_mean:425-440,425,440,MPGGRNLYKIQLSDYT,r3_b770,3,770,"[4, 5, 6, 7, 8, 9, 10, 11, 12, 13]","[""nc(N1CCC[C@@H](N)C1)n""]",2.0224435329437256,2.0032894611358643,2.006646156311035,1.9875667095184326,0.019154071807861328,0.01579737663269043,0.03487682342529297,-7.462501525878906e-05,yp+yl-y0-ypl,631ef93608905533d365fb97ed0ecc379a60c0993e0d15ad8dd8c4d29a42bd65
2773,442,dpp4_12,CC#CCn1c(N2CCC[C@@H](N)C2)nc2c1c(=O)n(Cc1nc(C)c3ccccc3n1)c(=O)n2C,CC#CCn1c(N2CCC[C@@H](N)C2)nc2c1c(=O)n(Cc1nc(C)c3ccccc3n1)c(=O)n2C,4.4076545,0.16295205061765816,2,10.1093/nar/gkw1074,w16_s4_sequence_mean:425-440,425,440,MPGGRNLYKIQLSDYT,r3_b1765,3,1765,"[18, 19, 20]","[""cCn""]",2.0224435329437256,2.0032894611358643,2.010348081588745,1.9909672737121582,0.019154071807861328,0.012095451354980469,0.03147625923156738,0.00022673606872558594,yp+yl-y0-ypl,631ef93608905533d365fb97ed0ecc379a60c0993e0d15ad8dd8c4d29a42bd65
2773,442,dpp4_12,CC#CCn1c(N2CCC[C@@H](N)C2)nc2c1c(=O)n(Cc1nc(C)c3ccccc3n1)c(=O)n2C,CC#CCn1c(N2CCC[C@@H](N)C2)nc2c1c(=O)n(Cc1nc(C)c3ccccc3n1)c(=O)n2C,4.4076545,0.16295205061765816,2,10.1093/nar/gkw1074,w16_s4_sequence_mean:425-440,425,440,MPGGRNLYKIQLSDYT,r3_b1696,3,1696,"[13, 14, 15, 33]","[""cc(n)n""]",2.0224435329437256,2.0032894611358643,2.0251786708831787,2.0060861110687256,0.019154071807861328,-0.002735137939453125,0.016357421875,-6.151199340820312e-05,yp+yl-y0-ypl,631ef93608905533d365fb97ed0ecc379a60c0993e0d15ad8dd8c4d29a42bd65
2773,442,dpp4_12,CC#CCn1c(N2CCC[C@@H](N)C2)nc2c1c(=O)n(Cc1nc(C)c3ccccc3n1)c(=O)n2C,CC#CCn1c(N2CCC[C@@H](N)C2)nc2c1c(=O)n(Cc1nc(C)c3ccccc3n1)c(=O)n2C,4.4076545,0.16295205061765816,2,10.1093/nar/gkw1074,w16_s4_sequence_mean:425-440,425,440,MPGGRNLYKIQLSDYT,r3_b1722,3,1722,"[22, 23]","[""cC""]",2.0224435329437256,2.0032894611358643,2.0186877250671387,1.9996097087860107,0.019154071807861328,0.003755807876586914,0.022833824157714844,-7.605552673339844e-05,yp+yl-y0-ypl,631ef93608905533d365fb97ed0ecc379a60c0993e0d15ad8dd8c4d29a42bd65
2773,442,dpp4_12,CC#CCn1c(N2CCC[C@@H](N)C2)nc2c1c(=O)n(Cc1nc(C)c3ccccc3n1)c(=O)n2C,CC#CCn1c(N2CCC[C@@H](N)C2)nc2c1c(=O)n(Cc1nc(C)c3ccccc3n1)c(=O)n2C,4.4076545,0.16295205061765816,2,10.1093/nar/gkw1074,w16_s4_sequence_mean:425-440,425,440,MPGGRNLYKIQLSDYT,r3_b1019,3,1019,"[10, 21, 22, 23, 24, 25, 26, 28, 29, 30]","[""C"", ""ccc(c(C)n)c(c)n""]",2.0224435329437256,2.0032894611358643,2.0201468467712402,2.0011322498321533,0.019154071807861328,0.0022966861724853516,0.021311283111572266,-0.00013947486877441406,yp+yl-y0-ypl,631ef93608905533d365fb97ed0ecc379a60c0993e0d15ad8dd8c4d29a42bd65
2773,442,dpp4_12,CC#CCn1c(N2CCC[C@@H](N)C2)nc2c1c(=O)n(Cc1nc(C)c3ccccc3n1)c(=O)n2C,CC#CCn1c(N2CCC[C@@H](N)C2)nc2c1c(=O)n(Cc1nc(C)c3ccccc3n1)c(=O)n2C,4.4076545,0.16295205061765816,2,10.1093/nar/gkw1074,w16_s4_sequence_mean:425-440,425,440,MPGGRNLYKIQLSDYT,r3_b1903,3,1903,"[2, 3, 4, 5, 6, 7, 8, 10, 12, 13, 14, 15, 16, 33]","[""CCn1c(N(CC)CC)nc(n)c1c""]",2.0224435329437256,2.0032894611358643,2.016484022140503,1.997443437576294,0.019154071807861328,0.005959510803222656,0.02500009536743164,-0.00011348724365234375,yp+yl-y0-ypl,631ef93608905533d365fb97ed0ecc379a60c0993e0d15ad8dd8c4d29a42bd65
2773,442,dpp4_12,CC#CCn1c(N2CCC[C@@H](N)C2)nc2c1c(=O)n(Cc1nc(C)c3ccccc3n1)c(=O)n2C,CC#CCn1c(N2CCC[C@@H](N)C2)nc2c1c(=O)n(Cc1nc(C)c3ccccc3n1)c(=O)n2C,4.4076545,0.16295205061765816,2,10.1093/nar/gkw1074,w16_s4_sequence_mean:425-440,425,440,MPGGRNLYKIQLSDYT,r3_b314,3,314,"[16, 17, 31, 32]","[""c=O"", ""c=O""]",2.0224435329437256,2.0032894611358643,2.0254132747650146,2.006369113922119,0.019154071807861328,-0.0029697418212890625,0.016074419021606445,-0.00010991096496582031,yp+yl-y0-ypl,631ef93608905533d365fb97ed0ecc379a60c0993e0d15ad8dd8c4d29a42bd65
2773,442,dpp4_12,CC#CCn1c(N2CCC[C@@H](N)C2)nc2c1c(=O)n(Cc1nc(C)c3ccccc3n1)c(=O)n2C,CC#CCn1c(N2CCC[C@@H](N)C2)nc2c1c(=O)n(Cc1nc(C)c3ccccc3n1)c(=O)n2C,4.4076545,0.16295205061765816,2,10.1093/nar/gkw1074,w16_s4_sequence_mean:425-440,425,440,MPGGRNLYKIQLSDYT,r3_b1365,3,1365,"[4, 5, 6, 13]","[""nc(N)n""]",2.0224435329437256,2.0032894611358643,1.994460105895996,1.97528076171875,0.019154071807861328,0.027983427047729492,0.047162771224975586,2.5272369384765625e-05,yp+yl-y0-ypl,631ef93608905533d365fb97ed0ecc379a60c0993e0d15ad8dd8c4d29a42bd65
2773,442,dpp4_12,CC#CCn1c(N2CCC[C@@H](N)C2)nc2c1c(=O)n(Cc1nc(C)c3ccccc3n1)c(=O)n2C,CC#CCn1c(N2CCC[C@@H](N)C2)nc2c1c(=O)n(Cc1nc(C)c3ccccc3n1)c(=O)n2C,4.4076545,0.16295205061765816,2,10.1093/nar/gkw1074,w16_s4_sequence_mean:425-440,425,440,MPGGRNLYKIQLSDYT,r3_b208,3,208,"[16, 18, 19, 20, 21, 22, 23, 24, 28, 29, 30, 31]","[""cc1cc(C)nc(Cn(c)c)n1""]",2.0224435329437256,2.0032894611358643,2.021144151687622,2.0021584033966064,0.019154071807861328,0.0012993812561035156,0.02028512954711914,-0.00016832351684570312,yp+yl-y0-ypl,631ef93608905533d365fb97ed0ecc379a60c0993e0d15ad8dd8c4d29a42bd65
2773,442,dpp4_12,CC#CCn1c(N2CCC[C@@H](N)C2)nc2c1c(=O)n(Cc1nc(C)c3ccccc3n1)c(=O)n2C,CC#CCn1c(N2CCC[C@@H](N)C2)nc2c1c(=O)n(Cc1nc(C)c3ccccc3n1)c(=O)n2C,4.4076545,0.16295205061765816,2,10.1093/nar/gkw1074,w16_s4_sequence_mean:421-436,421,436,EYKGMPGGRNLYKIQL,r3_b1066,3,1066,"[5, 6, 7, 9, 10, 11, 12]","[""cN(C)C[C@H](N)C""]",2.0224435329437256,2.002983808517456,2.0022332668304443,1.9828455448150635,0.01945972442626953,0.02021026611328125,0.03959798812866211,-7.200241088867188e-05,yp+yl-y0-ypl,631ef93608905533d365fb97ed0ecc379a60c0993e0d15ad8dd8c4d29a42bd65
2773,442,dpp4_12,CC#CCn1c(N2CCC[C@@H](N)C2)nc2c1c(=O)n(Cc1nc(C)c3ccccc3n1)c(=O)n2C,CC#CCn1c(N2CCC[C@@H](N)C2)nc2c1c(=O)n(Cc1nc(C)c3ccccc3n1)c(=O)n2C,4.4076545,0.16295205061765816,2,10.1093/nar/gkw1074,w16_s4_sequence_mean:421-436,421,436,EYKGMPGGRNLYKIQL,r3_b770,3,770,"[4, 5, 6, 7, 8, 9, 10, 11, 12, 13]","[""nc(N1CCC[C@@H](N)C1)n""]",2.0224435329437256,2.002983808517456,2.006646156311035,1.987339735031128,0.01945972442626953,0.01579737663269043,0.035103797912597656,-0.0001533031463623047,yp+yl-y0-ypl,631ef93608905533d365fb97ed0ecc379a60c0993e0d15ad8dd8c4d29a42bd65
2773,442,dpp4_12,CC#CCn1c(N2CCC[C@@H](N)C2)nc2c1c(=O)n(Cc1nc(C)c3ccccc3n1)c(=O)n2C,CC#CCn1c(N2CCC[C@@H](N)C2)nc2c1c(=O)n(Cc1nc(C)c3ccccc3n1)c(=O)n2C,4.4076545,0.16295205061765816,2,10.1093/nar/gkw1074,w16_s4_sequence_mean:421-436,421,436,EYKGMPGGRNLYKIQL,r3_b1765,3,1765,"[18, 19, 20]","[""cCn""]",2.0224435329437256,2.002983808517456,2.010348081588745,1.9905617237091064,0.01945972442626953,0.012095451354980469,0.03188180923461914,0.0003266334533691406,yp+yl-y0-ypl,631ef93608905533d365fb97ed0ecc379a60c0993e0d15ad8dd8c4d29a42bd65
2773,442,dpp4_12,CC#CCn1c(N2CCC[C@@H](N)C2)nc2c1c(=O)n(Cc1nc(C)c3ccccc3n1)c(=O)n2C,CC#CCn1c(N2CCC[C@@H](N)C2)nc2c1c(=O)n(Cc1nc(C)c3ccccc3n1)c(=O)n2C,4.4076545,0.16295205061765816,2,10.1093/nar/gkw1074,w16_s4_sequence_mean:421-436,421,436,EYKGMPGGRNLYKIQL,r3_b1696,3,1696,"[13, 14, 15, 33]","[""cc(n)n""]",2.0224435329437256,2.002983808517456,2.0251786708831787,2.005701780319214,0.01945972442626953,-0.002735137939453125,0.01674175262451172,1.71661376953125e-05,yp+yl-y0-ypl,631ef93608905533d365fb97ed0ecc379a60c0993e0d15ad8dd8c4d29a42bd65
2773,442,dpp4_12,CC#CCn1c(N2CCC[C@@H](N)C2)nc2c1c(=O)n(Cc1nc(C)c3ccccc3n1)c(=O)n2C,CC#CCn1c(N2CCC[C@@H](N)C2)nc2c1c(=O)n(Cc1nc(C)c3ccccc3n1)c(=O)n2C,4.4076545,0.16295205061765816,2,10.1093/nar/gkw1074,w16_s4_sequence_mean:421-436,421,436,EYKGMPGGRNLYKIQL,r3_b1722,3,1722,"[22, 23]","[""cC""]",2.0224435329437256,2.002983808517456,2.0186877250671387,1.9992129802703857,0.01945972442626953,0.003755807876586914,0.023230552673339844,1.5020370483398438e-05,yp+yl-y0-ypl,631ef93608905533d365fb97ed0ecc379a60c0993e0d15ad8dd8c4d29a42bd65
2773,442,dpp4_12,CC#CCn1c(N2CCC[C@@H](N)C2)nc2c1c(=O)n(Cc1nc(C)c3ccccc3n1)c(=O)n2C,CC#CCn1c(N2CCC[C@@H](N)C2)nc2c1c(=O)n(Cc1nc(C)c3ccccc3n1)c(=O)n2C,4.4076545,0.16295205061765816,2,10.1093/nar/gkw1074,w16_s4_sequence_mean:421-436,421,436,EYKGMPGGRNLYKIQL,r3_b1019,3,1019,"[10, 21, 22, 23, 24, 25, 26, 28, 29, 30]","[""C"", ""ccc(c(C)n)c(c)n""]",2.0224435329437256,2.002983808517456,2.0201468467712402,2.0008957386016846,0.01945972442626953,0.0022966861724853516,0.021547794342041016,-0.0002086162567138672,yp+yl-y0-ypl,631ef93608905533d365fb97ed0ecc379a60c0993e0d15ad8dd8c4d29a42bd65
2773,442,dpp4_12,CC#CCn1c(N2CCC[C@@H](N)C2)nc2c1c(=O)n(Cc1nc(C)c3ccccc3n1)c(=O)n2C,CC#CCn1c(N2CCC[C@@H](N)C2)nc2c1c(=O)n(Cc1nc(C)c3ccccc3n1)c(=O)n2C,4.4076545,0.16295205061765816,2,10.1093/nar/gkw1074,w16_s4_sequence_mean:421-436,421,436,EYKGMPGGRNLYKIQL,r3_b1903,3,1903,"[2, 3, 4, 5, 6, 7, 8, 10, 12, 13, 14, 15, 16, 33]","[""CCn1c(N(CC)CC)nc(n)c1c""]",2.0224435329437256,2.002983808517456,2.016484022140503,1.9971873760223389,0.01945972442626953,0.005959510803222656,0.02525615692138672,-0.00016307830810546875,yp+yl-y0-ypl,631ef93608905533d365fb97ed0ecc379a60c0993e0d15ad8dd8c4d29a42bd65
2773,442,dpp4_12,CC#CCn1c(N2CCC[C@@H](N)C2)nc2c1c(=O)n(Cc1nc(C)c3ccccc3n1)c(=O)n2C,CC#CCn1c(N2CCC[C@@H](N)C2)nc2c1c(=O)n(Cc1nc(C)c3ccccc3n1)c(=O)n2C,4.4076545,0.16295205061765816,2,10.1093/nar/gkw1074,w16_s4_sequence_mean:421-436,421,436,EYKGMPGGRNLYKIQL,r3_b314,3,314,"[16, 17, 31, 32]","[""c=O"", ""c=O""]",2.0224435329437256,2.002983808517456,2.0254132747650146,2.0059988498687744,0.01945972442626953,-0.0029697418212890625,0.016444683074951172,-4.5299530029296875e-05,yp+yl-y0-ypl,631ef93608905533d365fb97ed0ecc379a60c0993e0d15ad8dd8c4d29a42bd65
2773,442,dpp4_12,CC#CCn1c(N2CCC[C@@H](N)C2)nc2c1c(=O)n(Cc1nc(C)c3ccccc3n1)c(=O)n2C,CC#CCn1c(N2CCC[C@@H](N)C2)nc2c1c(=O)n(Cc1nc(C)c3ccccc3n1)c(=O)n2C,4.4076545,0.16295205061765816,2,10.1093/nar/gkw1074,w16_s4_sequence_mean:421-436,421,436,EYKGMPGGRNLYKIQL,r3_b1365,3,1365,"[4, 5, 6, 13]","[""nc(N)n""]",2.0224435329437256,2.002983808517456,1.994460105895996,1.9750022888183594,0.01945972442626953,0.027983427047729492,0.04744124412536621,-1.9073486328125e-06,yp+yl-y0-ypl,631ef93608905533d365fb97ed0ecc379a60c0993e0d15ad8dd8c4d29a42bd65
2773,442,dpp4_12,CC#CCn1c(N2CCC[C@@H](N)C2)nc2c1c(=O)n(Cc1nc(C)c3ccccc3n1)c(=O)n2C,CC#CCn1c(N2CCC[C@@H](N)C2)nc2c1c(=O)n(Cc1nc(C)c3ccccc3n1)c(=O)n2C,4.4076545,0.16295205061765816,2,10.1093/nar/gkw1074,w16_s4_sequence_mean:421-436,421,436,EYKGMPGGRNLYKIQL,r3_b208,3,208,"[16, 18, 19, 20, 21, 22, 23, 24, 28, 29, 30, 31]","[""cc1cc(C)nc(Cn(c)c)n1""]",2.0224435329437256,2.002983808517456,2.021144151687622,2.0017201900482178,0.01945972442626953,0.0012993812561035156,0.020723342895507812,-3.5762786865234375e-05,yp+yl-y0-ypl,631ef93608905533d365fb97ed0ecc379a60c0993e0d15ad8dd8c4d29a42bd65
2773,442,dpp4_12,CC#CCn1c(N2CCC[C@@H](N)C2)nc2c1c(=O)n(Cc1nc(C)c3ccccc3n1)c(=O)n2C,CC#CCn1c(N2CCC[C@@H](N)C2)nc2c1c(=O)n(Cc1nc(C)c3ccccc3n1)c(=O)n2C,4.4076545,0.16295205061765816,2,10.1093/nar/gkw1074,w16_s4_sequence_mean:17-32,17,32,LVTIITVPVVLLNKGT,r3_b1066,3,1066,"[5, 6, 7, 9, 10, 11, 12]","[""cN(C)C[C@H](N)C""]",2.0224435329437256,2.0102286338806152,2.0022332668304443,1.9904425144195557,0.012214899063110352,0.02021026611328125,0.03200101852416992,-0.0004241466522216797,yp+yl-y0-ypl,631ef93608905533d365fb97ed0ecc379a60c0993e0d15ad8dd8c4d29a42bd65
2773,442,dpp4_12,CC#CCn1c(N2CCC[C@@H](N)C2)nc2c1c(=O)n(Cc1nc(C)c3ccccc3n1)c(=O)n2C,CC#CCn1c(N2CCC[C@@H](N)C2)nc2c1c(=O)n(Cc1nc(C)c3ccccc3n1)c(=O)n2C,4.4076545,0.16295205061765816,2,10.1093/nar/gkw1074,w16_s4_sequence_mean:17-32,17,32,LVTIITVPVVLLNKGT,r3_b770,3,770,"[4, 5, 6, 7, 8, 9, 10, 11, 12, 13]","[""nc(N1CCC[C@@H](N)C1)n""]",2.0224435329437256,2.0102286338806152,2.006646156311035,1.9940292835235596,0.012214899063110352,0.01579737663269043,0.028414249420166016,0.0004019737243652344,yp+yl-y0-ypl,631ef93608905533d365fb97ed0ecc379a60c0993e0d15ad8dd8c4d29a42bd65
2773,442,dpp4_12,CC#CCn1c(N2CCC[C@@H](N)C2)nc2c1c(=O)n(Cc1nc(C)c3ccccc3n1)c(=O)n2C,CC#CCn1c(N2CCC[C@@H](N)C2)nc2c1c(=O)n(Cc1nc(C)c3ccccc3n1)c(=O)n2C,4.4076545,0.16295205061765816,2,10.1093/nar/gkw1074,w16_s4_sequence_mean:17-32,17,32,LVTIITVPVVLLNKGT,r3_b1765,3,1765,"[18, 19, 20]","[""cCn""]",2.0224435329437256,2.0102286338806152,2.010348081588745,1.9979705810546875,0.012214899063110352,0.012095451354980469,0.024472951889038086,0.00016260147094726562,yp+yl-y0-ypl,631ef93608905533d365fb97ed0ecc379a60c0993e0d15ad8dd8c4d29a42bd65
2773,442,dpp4_12,CC#CCn1c(N2CCC[C@@H](N)C2)nc2c1c(=O)n(Cc1nc(C)c3ccccc3n1)c(=O)n2C,CC#CCn1c(N2CCC[C@@H](N)C2)nc2c1c(=O)n(Cc1nc(C)c3ccccc3n1)c(=O)n2C,4.4076545,0.16295205061765816,2,10.1093/nar/gkw1074,w16_s4_sequence_mean:17-32,17,32,LVTIITVPVVLLNKGT,r3_b1696,3,1696,"[13, 14, 15, 33]","[""cc(n)n""]",2.0224435329437256,2.0102286338806152,2.0251786708831787,2.0131900310516357,0.012214899063110352,-0.002735137939453125,0.009253501892089844,-0.0002262592315673828,yp+yl-y0-ypl,631ef93608905533d365fb97ed0ecc379a60c0993e0d15ad8dd8c4d29a42bd65
2773,442,dpp4_12,CC#CCn1c(N2CCC[C@@H](N)C2)nc2c1c(=O)n(Cc1nc(C)c3ccccc3n1)c(=O)n2C,CC#CCn1c(N2CCC[C@@H](N)C2)nc2c1c(=O)n(Cc1nc(C)c3ccccc3n1)c(=O)n2C,4.4076545,0.16295205061765816,2,10.1093/nar/gkw1074,w16_s4_sequence_mean:17-32,17,32,LVTIITVPVVLLNKGT,r3_b1722,3,1722,"[22, 23]","[""cC""]",2.0224435329437256,2.0102286338806152,2.0186877250671387,2.0067765712738037,0.012214899063110352,0.003755807876586914,0.015666961669921875,-0.0003037452697753906,yp+yl-y0-ypl,631ef93608905533d365fb97ed0ecc379a60c0993e0d15ad8dd8c4d29a42bd65
2773,442,dpp4_12,CC#CCn1c(N2CCC[C@@H](N)C2)nc2c1c(=O)n(Cc1nc(C)c3ccccc3n1)c(=O)n2C,CC#CCn1c(N2CCC[C@@H](N)C2)nc2c1c(=O)n(Cc1nc(C)c3ccccc3n1)c(=O)n2C,4.4076545,0.16295205061765816,2,10.1093/nar/gkw1074,w16_s4_sequence_mean:17-32,17,32,LVTIITVPVVLLNKGT,r3_b1019,3,1019,"[10, 21, 22, 23, 24, 25, 26, 28, 29, 30]","[""C"", ""ccc(c(C)n)c(c)n""]",2.0224435329437256,2.0102286338806152,2.0201468467712402,2.008122682571411,0.012214899063110352,0.0022966861724853516,0.014320850372314453,-0.00019073486328125,yp+yl-y0-ypl,631ef93608905533d365fb97ed0ecc379a60c0993e0d15ad8dd8c4d29a42bd65
2773,442,dpp4_12,CC#CCn1c(N2CCC[C@@H](N)C2)nc2c1c(=O)n(Cc1nc(C)c3ccccc3n1)c(=O)n2C,CC#CCn1c(N2CCC[C@@H](N)C2)nc2c1c(=O)n(Cc1nc(C)c3ccccc3n1)c(=O)n2C,4.4076545,0.16295205061765816,2,10.1093/nar/gkw1074,w16_s4_sequence_mean:17-32,17,32,LVTIITVPVVLLNKGT,r3_b1903,3,1903,"[2, 3, 4, 5, 6, 7, 8, 10, 12, 13, 14, 15, 16, 33]","[""CCn1c(N(CC)CC)nc(n)c1c""]",2.0224435329437256,2.0102286338806152,2.016484022140503,2.004175901412964,0.012214899063110352,0.005959510803222656,0.01826763153076172,9.322166442871094e-05,yp+yl-y0-ypl,631ef93608905533d365fb97ed0ecc379a60c0993e0d15ad8dd8c4d29a42bd65
2773,442,dpp4_12,CC#CCn1c(N2CCC[C@@H](N)C2)nc2c1c(=O)n(Cc1nc(C)c3ccccc3n1)c(=O)n2C,CC#CCn1c(N2CCC[C@@H](N)C2)nc2c1c(=O)n(Cc1nc(C)c3ccccc3n1)c(=O)n2C,4.4076545,0.16295205061765816,2,10.1093/nar/gkw1074,w16_s4_sequence_mean:17-32,17,32,LVTIITVPVVLLNKGT,r3_b314,3,314,"[16, 17, 31, 32]","[""c=O"", ""c=O""]",2.0224435329437256,2.0102286338806152,2.0254132747650146,2.013002634048462,0.012214899063110352,-0.0029697418212890625,0.009440898895263672,0.0001957416534423828,yp+yl-y0-ypl,631ef93608905533d365fb97ed0ecc379a60c0993e0d15ad8dd8c4d29a42bd65
2773,442,dpp4_12,CC#CCn1c(N2CCC[C@@H](N)C2)nc2c1c(=O)n(Cc1nc(C)c3ccccc3n1)c(=O)n2C,CC#CCn1c(N2CCC[C@@H](N)C2)nc2c1c(=O)n(Cc1nc(C)c3ccccc3n1)c(=O)n2C,4.4076545,0.16295205061765816,2,10.1093/nar/gkw1074,w16_s4_sequence_mean:17-32,17,32,LVTIITVPVVLLNKGT,r3_b1365,3,1365,"[4, 5, 6, 13]","[""nc(N)n""]",2.0224435329437256,2.0102286338806152,1.994460105895996,1.9814417362213135,0.012214899063110352,0.027983427047729492,0.04100179672241211,0.0008034706115722656,yp+yl-y0-ypl,631ef93608905533d365fb97ed0ecc379a60c0993e0d15ad8dd8c4d29a42bd65
2773,442,dpp4_12,CC#CCn1c(N2CCC[C@@H](N)C2)nc2c1c(=O)n(Cc1nc(C)c3ccccc3n1)c(=O)n2C,CC#CCn1c(N2CCC[C@@H](N)C2)nc2c1c(=O)n(Cc1nc(C)c3ccccc3n1)c(=O)n2C,4.4076545,0.16295205061765816,2,10.1093/nar/gkw1074,w16_s4_sequence_mean:17-32,17,32,LVTIITVPVVLLNKGT,r3_b208,3,208,"[16, 18, 19, 20, 21, 22, 23, 24, 28, 29, 30, 31]","[""cc1cc(C)nc(Cn(c)c)n1""]",2.0224435329437256,2.0102286338806152,2.021144151687622,2.009140729904175,0.012214899063110352,0.0012993812561035156,0.013302803039550781,-0.00021147727966308594,yp+yl-y0-ypl,631ef93608905533d365fb97ed0ecc379a60c0993e0d15ad8dd8c4d29a42bd65
2773,442,dpp4_12,CC#CCn1c(N2CCC[C@@H](N)C2)nc2c1c(=O)n(Cc1nc(C)c3ccccc3n1)c(=O)n2C,CC#CCn1c(N2CCC[C@@H](N)C2)nc2c1c(=O)n(Cc1nc(C)c3ccccc3n1)c(=O)n2C,4.4076545,0.16295205061765816,2,10.1093/nar/gkw1074,w16_s4_sequence_mean:377-392,377,392,NEEGYRHICYFQIDKK,r3_b1066,3,1066,"[5, 6, 7, 9, 10, 11, 12]","[""cN(C)C[C@H](N)C""]",2.0224435329437256,2.0089166164398193,2.0022332668304443,1.988818883895874,0.01352691650390625,0.02021026611328125,0.03362464904785156,-0.0001125335693359375,yp+yl-y0-ypl,631ef93608905533d365fb97ed0ecc379a60c0993e0d15ad8dd8c4d29a42bd65
2773,442,dpp4_12,CC#CCn1c(N2CCC[C@@H](N)C2)nc2c1c(=O)n(Cc1nc(C)c3ccccc3n1)c(=O)n2C,CC#CCn1c(N2CCC[C@@H](N)C2)nc2c1c(=O)n(Cc1nc(C)c3ccccc3n1)c(=O)n2C,4.4076545,0.16295205061765816,2,10.1093/nar/gkw1074,w16_s4_sequence_mean:377-392,377,392,NEEGYRHICYFQIDKK,r3_b770,3,770,"[4, 5, 6, 7, 8, 9, 10, 11, 12, 13]","[""nc(N1CCC[C@@H](N)C1)n""]",2.0224435329437256,2.0089166164398193,2.006646156311035,1.9930739402770996,0.01352691650390625,0.01579737663269043,0.029369592666625977,4.5299530029296875e-05,yp+yl-y0-ypl,631ef93608905533d365fb97ed0ecc379a60c0993e0d15ad8dd8c4d29a42bd65
2773,442,dpp4_12,CC#CCn1c(N2CCC[C@@H](N)C2)nc2c1c(=O)n(Cc1nc(C)c3ccccc3n1)c(=O)n2C,CC#CCn1c(N2CCC[C@@H](N)C2)nc2c1c(=O)n(Cc1nc(C)c3ccccc3n1)c(=O)n2C,4.4076545,0.16295205061765816,2,10.1093/nar/gkw1074,w16_s4_sequence_mean:377-392,377,392,NEEGYRHICYFQIDKK,r3_b1765,3,1765,"[18, 19, 20]","[""cCn""]",2.0224435329437256,2.0089166164398193,2.010348081588745,1.9966635704040527,0.01352691650390625,0.012095451354980469,0.02577996253967285,0.0001575946807861328,yp+yl-y0-ypl,631ef93608905533d365fb97ed0ecc379a60c0993e0d15ad8dd8c4d29a42bd65
2773,442,dpp4_12,CC#CCn1c(N2CCC[C@@H](N)C2)nc2c1c(=O)n(Cc1nc(C)c3ccccc3n1)c(=O)n2C,CC#CCn1c(N2CCC[C@@H](N)C2)nc2c1c(=O)n(Cc1nc(C)c3ccccc3n1)c(=O)n2C,4.4076545,0.16295205061765816,2,10.1093/nar/gkw1074,w16_s4_sequence_mean:377-392,377,392,NEEGYRHICYFQIDKK,r3_b1696,3,1696,"[13, 14, 15, 33]","[""cc(n)n""]",2.0224435329437256,2.0089166164398193,2.0251786708831787,2.0115914344787598,0.01352691650390625,-0.002735137939453125,0.01085209846496582,6.031990051269531e-05,yp+yl-y0-ypl,631ef93608905533d365fb97ed0ecc379a60c0993e0d15ad8dd8c4d29a42bd65
2773,442,dpp4_12,CC#CCn1c(N2CCC[C@@H](N)C2)nc2c1c(=O)n(Cc1nc(C)c3ccccc3n1)c(=O)n2C,CC#CCn1c(N2CCC[C@@H](N)C2)nc2c1c(=O)n(Cc1nc(C)c3ccccc3n1)c(=O)n2C,4.4076545,0.16295205061765816,2,10.1093/nar/gkw1074,w16_s4_sequence_mean:377-392,377,392,NEEGYRHICYFQIDKK,r3_b1722,3,1722,"[22, 23]","[""cC""]",2.0224435329437256,2.0089166164398193,2.0186877250671387,2.0049619674682617,0.01352691650390625,0.003755807876586914,0.017481565475463867,0.00019884109497070312,yp+yl-y0-ypl,631ef93608905533d365fb97ed0ecc379a60c0993e0d15ad8dd8c4d29a42bd65
2773,442,dpp4_12,CC#CCn1c(N2CCC[C@@H](N)C2)nc2c1c(=O)n(Cc1nc(C)c3ccccc3n1)c(=O)n2C,CC#CCn1c(N2CCC[C@@H](N)C2)nc2c1c(=O)n(Cc1nc(C)c3ccccc3n1)c(=O)n2C,4.4076545,0.16295205061765816,2,10.1093/nar/gkw1074,w16_s4_sequence_mean:377-392,377,392,NEEGYRHICYFQIDKK,r3_b1019,3,1019,"[10, 21, 22, 23, 24, 25, 26, 28, 29, 30]","[""C"", ""ccc(c(C)n)c(c)n""]",2.0224435329437256,2.0089166164398193,2.0201468467712402,2.0067241191864014,0.01352691650390625,0.0022966861724853516,0.01571941375732422,-0.00010418891906738281,yp+yl-y0-ypl,631ef93608905533d365fb97ed0ecc379a60c0993e0d15ad8dd8c4d29a42bd65
2773,442,dpp4_12,CC#CCn1c(N2CCC[C@@H](N)C2)nc2c1c(=O)n(Cc1nc(C)c3ccccc3n1)c(=O)n2C,CC#CCn1c(N2CCC[C@@H](N)C2)nc2c1c(=O)n(Cc1nc(C)c3ccccc3n1)c(=O)n2C,4.4076545,0.16295205061765816,2,10.1093/nar/gkw1074,w16_s4_sequence_mean:377-392,377,392,NEEGYRHICYFQIDKK,r3_b1903,3,1903,"[2, 3, 4, 5, 6, 7, 8, 10, 12, 13, 14, 15, 16, 33]","[""CCn1c(N(CC)CC)nc(n)c1c""]",2.0224435329437256,2.0089166164398193,2.016484022140503,2.002960443496704,0.01352691650390625,0.005959510803222656,0.019483089447021484,-3.337860107421875e-06,yp+yl-y0-ypl,631ef93608905533d365fb97ed0ecc379a60c0993e0d15ad8dd8c4d29a42bd65
2773,442,dpp4_12,CC#CCn1c(N2CCC[C@@H](N)C2)nc2c1c(=O)n(Cc1nc(C)c3ccccc3n1)c(=O)n2C,CC#CCn1c(N2CCC[C@@H](N)C2)nc2c1c(=O)n(Cc1nc(C)c3ccccc3n1)c(=O)n2C,4.4076545,0.16295205061765816,2,10.1093/nar/gkw1074,w16_s4_sequence_mean:377-392,377,392,NEEGYRHICYFQIDKK,r3_b314,3,314,"[16, 17, 31, 32]","[""c=O"", ""c=O""]",2.0224435329437256,2.0089166164398193,2.0254132747650146,2.011861562728882,0.01352691650390625,-0.0029697418212890625,0.01058197021484375,2.47955322265625e-05,yp+yl-y0-ypl,631ef93608905533d365fb97ed0ecc379a60c0993e0d15ad8dd8c4d29a42bd65
2773,442,dpp4_12,CC#CCn1c(N2CCC[C@@H](N)C2)nc2c1c(=O)n(Cc1nc(C)c3ccccc3n1)c(=O)n2C,CC#CCn1c(N2CCC[C@@H](N)C2)nc2c1c(=O)n(Cc1nc(C)c3ccccc3n1)c(=O)n2C,4.4076545,0.16295205061765816,2,10.1093/nar/gkw1074,w16_s4_sequence_mean:377-392,377,392,NEEGYRHICYFQIDKK,r3_b1365,3,1365,"[4, 5, 6, 13]","[""nc(N)n""]",2.0224435329437256,2.0089166164398193,1.994460105895996,1.9806358814239502,0.01352691650390625,0.027983427047729492,0.04180765151977539,0.00029730796813964844,yp+yl-y0-ypl,631ef93608905533d365fb97ed0ecc379a60c0993e0d15ad8dd8c4d29a42bd65
2773,442,dpp4_12,CC#CCn1c(N2CCC[C@@H](N)C2)nc2c1c(=O)n(Cc1nc(C)c3ccccc3n1)c(=O)n2C,CC#CCn1c(N2CCC[C@@H](N)C2)nc2c1c(=O)n(Cc1nc(C)c3ccccc3n1)c(=O)n2C,4.4076545,0.16295205061765816,2,10.1093/nar/gkw1074,w16_s4_sequence_mean:377-392,377,392,NEEGYRHICYFQIDKK,r3_b208,3,208,"[16, 18, 19, 20, 21, 22, 23, 24, 28, 29, 30, 31]","[""cc1cc(C)nc(Cn(c)c)n1""]",2.0224435329437256,2.0089166164398193,2.021144151687622,2.0077192783355713,0.01352691650390625,0.0012993812561035156,0.014724254608154297,-0.00010204315185546875,yp+yl-y0-ypl,631ef93608905533d365fb97ed0ecc379a60c0993e0d15ad8dd8c4d29a42bd65
2773,442,dpp4_12,CC#CCn1c(N2CCC[C@@H](N)C2)nc2c1c(=O)n(Cc1nc(C)c3ccccc3n1)c(=O)n2C,CC#CCn1c(N2CCC[C@@H](N)C2)nc2c1c(=O)n(Cc1nc(C)c3ccccc3n1)c(=O)n2C,4.4076545,0.16295205061765816,2,10.1093/nar/gkw1074,w16_s4_sequence_mean:381-396,381,396,YRHICYFQIDKKDCTF,r3_b1066,3,1066,"[5, 6, 7, 9, 10, 11, 12]","[""cN(C)C[C@H](N)C""]",2.0224435329437256,2.009714365005493,2.0022332668304443,1.9895622730255127,0.012729167938232422,0.02021026611328125,0.03288125991821289,-5.817413330078125e-05,yp+yl-y0-ypl,631ef93608905533d365fb97ed0ecc379a60c0993e0d15ad8dd8c4d29a42bd65
2773,442,dpp4_12,CC#CCn1c(N2CCC[C@@H](N)C2)nc2c1c(=O)n(Cc1nc(C)c3ccccc3n1)c(=O)n2C,CC#CCn1c(N2CCC[C@@H](N)C2)nc2c1c(=O)n(Cc1nc(C)c3ccccc3n1)c(=O)n2C,4.4076545,0.16295205061765816,2,10.1093/nar/gkw1074,w16_s4_sequence_mean:381-396,381,396,YRHICYFQIDKKDCTF,r3_b770,3,770,"[4, 5, 6, 7, 8, 9, 10, 11, 12, 13]","[""nc(N1CCC[C@@H](N)C1)n""]",2.0224435329437256,2.009714365005493,2.006646156311035,1.9940195083618164,0.012729167938232422,0.01579737663269043,0.02842402458190918,-0.00010251998901367188,yp+yl-y0-ypl,631ef93608905533d365fb97ed0ecc379a60c0993e0d15ad8dd8c4d29a42bd65
2773,442,dpp4_12,CC#CCn1c(N2CCC[C@@H](N)C2)nc2c1c(=O)n(Cc1nc(C)c3ccccc3n1)c(=O)n2C,CC#CCn1c(N2CCC[C@@H](N)C2)nc2c1c(=O)n(Cc1nc(C)c3ccccc3n1)c(=O)n2C,4.4076545,0.16295205061765816,2,10.1093/nar/gkw1074,w16_s4_sequence_mean:381-396,381,396,YRHICYFQIDKKDCTF,r3_b1765,3,1765,"[18, 19, 20]","[""cCn""]",2.0224435329437256,2.009714365005493,2.010348081588745,1.9973316192626953,0.012729167938232422,0.012095451354980469,0.025111913681030273,0.0002872943878173828,yp+yl-y0-ypl,631ef93608905533d365fb97ed0ecc379a60c0993e0d15ad8dd8c4d29a42bd65
2773,442,dpp4_12,CC#CCn1c(N2CCC[C@@H](N)C2)nc2c1c(=O)n(Cc1nc(C)c3ccccc3n1)c(=O)n2C,CC#CCn1c(N2CCC[C@@H](N)C2)nc2c1c(=O)n(Cc1nc(C)c3ccccc3n1)c(=O)n2C,4.4076545,0.16295205061765816,2,10.1093/nar/gkw1074,w16_s4_sequence_mean:381-396,381,396,YRHICYFQIDKKDCTF,r3_b1696,3,1696,"[13, 14, 15, 33]","[""cc(n)n""]",2.0224435329437256,2.009714365005493,2.0251786708831787,2.012350082397461,0.012729167938232422,-0.002735137939453125,0.010093450546264648,9.942054748535156e-05,yp+yl-y0-ypl,631ef93608905533d365fb97ed0ecc379a60c0993e0d15ad8dd8c4d29a42bd65
2773,442,dpp4_12,CC#CCn1c(N2CCC[C@@H](N)C2)nc2c1c(=O)n(Cc1nc(C)c3ccccc3n1)c(=O)n2C,CC#CCn1c(N2CCC[C@@H](N)C2)nc2c1c(=O)n(Cc1nc(C)c3ccccc3n1)c(=O)n2C,4.4076545,0.16295205061765816,2,10.1093/nar/gkw1074,w16_s4_sequence_mean:381-396,381,396,YRHICYFQIDKKDCTF,r3_b1722,3,1722,"[22, 23]","[""cC""]",2.0224435329437256,2.009714365005493,2.0186877250671387,2.005772352218628,0.012729167938232422,0.003755807876586914,0.016671180725097656,0.0001862049102783203,yp+yl-y0-ypl,631ef93608905533d365fb97ed0ecc379a60c0993e0d15ad8dd8c4d29a42bd65
2773,442,dpp4_12,CC#CCn1c(N2CCC[C@@H](N)C2)nc2c1c(=O)n(Cc1nc(C)c3ccccc3n1)c(=O)n2C,CC#CCn1c(N2CCC[C@@H](N)C2)nc2c1c(=O)n(Cc1nc(C)c3ccccc3n1)c(=O)n2C,4.4076545,0.16295205061765816,2,10.1093/nar/gkw1074,w16_s4_sequence_mean:381-396,381,396,YRHICYFQIDKKDCTF,r3_b1019,3,1019,"[10, 21, 22, 23, 24, 25, 26, 28, 29, 30]","[""C"", ""ccc(c(C)n)c(c)n""]",2.0224435329437256,2.009714365005493,2.0201468467712402,2.007639169692993,0.012729167938232422,0.0022966861724853516,0.014804363250732422,-0.00022149085998535156,yp+yl-y0-ypl,631ef93608905533d365fb97ed0ecc379a60c0993e0d15ad8dd8c4d29a42bd65
2773,442,dpp4_12,CC#CCn1c(N2CCC[C@@H](N)C2)nc2c1c(=O)n(Cc1nc(C)c3ccccc3n1)c(=O)n2C,CC#CCn1c(N2CCC[C@@H](N)C2)nc2c1c(=O)n(Cc1nc(C)c3ccccc3n1)c(=O)n2C,4.4076545,0.16295205061765816,2,10.1093/nar/gkw1074,w16_s4_sequence_mean:381-396,381,396,YRHICYFQIDKKDCTF,r3_b1903,3,1903,"[2, 3, 4, 5, 6, 7, 8, 10, 12, 13, 14, 15, 16, 33]","[""CCn1c(N(CC)CC)nc(n)c1c""]",2.0224435329437256,2.009714365005493,2.016484022140503,2.0037829875946045,0.012729167938232422,0.005959510803222656,0.018660545349121094,-2.8133392333984375e-05,yp+yl-y0-ypl,631ef93608905533d365fb97ed0ecc379a60c0993e0d15ad8dd8c4d29a42bd65
2773,442,dpp4_12,CC#CCn1c(N2CCC[C@@H](N)C2)nc2c1c(=O)n(Cc1nc(C)c3ccccc3n1)c(=O)n2C,CC#CCn1c(N2CCC[C@@H](N)C2)nc2c1c(=O)n(Cc1nc(C)c3ccccc3n1)c(=O)n2C,4.4076545,0.16295205061765816,2,10.1093/nar/gkw1074,w16_s4_sequence_mean:381-396,381,396,YRHICYFQIDKKDCTF,r3_b314,3,314,"[16, 17, 31, 32]","[""c=O"", ""c=O""]",2.0224435329437256,2.009714365005493,2.0254132747650146,2.012685537338257,0.012729167938232422,-0.0029697418212890625,0.00975799560546875,-1.430511474609375e-06,yp+yl-y0-ypl,631ef93608905533d365fb97ed0ecc379a60c0993e0d15ad8dd8c4d29a42bd65
2773,442,dpp4_12,CC#CCn1c(N2CCC[C@@H](N)C2)nc2c1c(=O)n(Cc1nc(C)c3ccccc3n1)c(=O)n2C,CC#CCn1c(N2CCC[C@@H](N)C2)nc2c1c(=O)n(Cc1nc(C)c3ccccc3n1)c(=O)n2C,4.4076545,0.16295205061765816,2,10.1093/nar/gkw1074,w16_s4_sequence_mean:381-396,381,396,YRHICYFQIDKKDCTF,r3_b1365,3,1365,"[4, 5, 6, 13]","[""nc(N)n""]",2.0224435329437256,2.009714365005493,1.994460105895996,1.981581449508667,0.012729167938232422,0.027983427047729492,0.040862083435058594,0.0001494884490966797,yp+yl-y0-ypl,631ef93608905533d365fb97ed0ecc379a60c0993e0d15ad8dd8c4d29a42bd65
2773,442,dpp4_12,CC#CCn1c(N2CCC[C@@H](N)C2)nc2c1c(=O)n(Cc1nc(C)c3ccccc3n1)c(=O)n2C,CC#CCn1c(N2CCC[C@@H](N)C2)nc2c1c(=O)n(Cc1nc(C)c3ccccc3n1)c(=O)n2C,4.4076545,0.16295205061765816,2,10.1093/nar/gkw1074,w16_s4_sequence_mean:381-396,381,396,YRHICYFQIDKKDCTF,r3_b208,3,208,"[16, 18, 19, 20, 21, 22, 23, 24, 28, 29, 30, 31]","[""cc1cc(C)nc(Cn(c)c)n1""]",2.0224435329437256,2.009714365005493,2.021144151687622,2.0085341930389404,0.012729167938232422,0.0012993812561035156,0.013909339904785156,-0.00011920928955078125,yp+yl-y0-ypl,631ef93608905533d365fb97ed0ecc379a60c0993e0d15ad8dd8c4d29a42bd65
2773,442,dpp4_12,CC#CCn1c(N2CCC[C@@H](N)C2)nc2c1c(=O)n(Cc1nc(C)c3ccccc3n1)c(=O)n2C,CC#CCn1c(N2CCC[C@@H](N)C2)nc2c1c(=O)n(Cc1nc(C)c3ccccc3n1)c(=O)n2C,4.4076545,0.16295205061765816,2,10.1093/nar/gkw1074,w16_s4_sequence_mean:673-688,673,688,LPTPEDNLDHYRNSTV,r3_b1066,3,1066,"[5, 6, 7, 9, 10, 11, 12]","[""cN(C)C[C@H](N)C""]",2.0224435329437256,2.0096347332000732,2.0022332668304443,1.9891455173492432,0.012808799743652344,0.02021026611328125,0.03329801559448242,0.0002789497375488281,yp+yl-y0-ypl,631ef93608905533d365fb97ed0ecc379a60c0993e0d15ad8dd8c4d29a42bd65
2773,442,dpp4_12,CC#CCn1c(N2CCC[C@@H](N)C2)nc2c1c(=O)n(Cc1nc(C)c3ccccc3n1)c(=O)n2C,CC#CCn1c(N2CCC[C@@H](N)C2)nc2c1c(=O)n(Cc1nc(C)c3ccccc3n1)c(=O)n2C,4.4076545,0.16295205061765816,2,10.1093/nar/gkw1074,w16_s4_sequence_mean:673-688,673,688,LPTPEDNLDHYRNSTV,r3_b770,3,770,"[4, 5, 6, 7, 8, 9, 10, 11, 12, 13]","[""nc(N1CCC[C@@H](N)C1)n""]",2.0224435329437256,2.0096347332000732,2.006646156311035,1.99387526512146,0.012808799743652344,0.01579737663269043,0.028568267822265625,-3.790855407714844e-05,yp+yl-y0-ypl,631ef93608905533d365fb97ed0ecc379a60c0993e0d15ad8dd8c4d29a42bd65
2773,442,dpp4_12,CC#CCn1c(N2CCC[C@@H](N)C2)nc2c1c(=O)n(Cc1nc(C)c3ccccc3n1)c(=O)n2C,CC#CCn1c(N2CCC[C@@H](N)C2)nc2c1c(=O)n(Cc1nc(C)c3ccccc3n1)c(=O)n2C,4.4076545,0.16295205061765816,2,10.1093/nar/gkw1074,w16_s4_sequence_mean:673-688,673,688,LPTPEDNLDHYRNSTV,r3_b1765,3,1765,"[18, 19, 20]","[""cCn""]",2.0224435329437256,2.0096347332000732,2.010348081588745,1.9974496364593506,0.012808799743652344,0.012095451354980469,0.024993896484375,8.96453857421875e-05,yp+yl-y0-ypl,631ef93608905533d365fb97ed0ecc379a60c0993e0d15ad8dd8c4d29a42bd65
2773,442,dpp4_12,CC#CCn1c(N2CCC[C@@H](N)C2)nc2c1c(=O)n(Cc1nc(C)c3ccccc3n1)c(=O)n2C,CC#CCn1c(N2CCC[C@@H](N)C2)nc2c1c(=O)n(Cc1nc(C)c3ccccc3n1)c(=O)n2C,4.4076545,0.16295205061765816,2,10.1093/nar/gkw1074,w16_s4_sequence_mean:673-688,673,688,LPTPEDNLDHYRNSTV,r3_b1696,3,1696,"[13, 14, 15, 33]","[""cc(n)n""]",2.0224435329437256,2.0096347332000732,2.0251786708831787,2.0129969120025635,0.012808799743652344,-0.002735137939453125,0.00944662094116211,-0.0006270408630371094,yp+yl-y0-ypl,631ef93608905533d365fb97ed0ecc379a60c0993e0d15ad8dd8c4d29a42bd65
2773,442,dpp4_12,CC#CCn1c(N2CCC[C@@H](N)C2)nc2c1c(=O)n(Cc1nc(C)c3ccccc3n1)c(=O)n2C,CC#CCn1c(N2CCC[C@@H](N)C2)nc2c1c(=O)n(Cc1nc(C)c3ccccc3n1)c(=O)n2C,4.4076545,0.16295205061765816,2,10.1093/nar/gkw1074,w16_s4_sequence_mean:673-688,673,688,LPTPEDNLDHYRNSTV,r3_b1722,3,1722,"[22, 23]","[""cC""]",2.0224435329437256,2.0096347332000732,2.0186877250671387,2.0062685012817383,0.012808799743652344,0.003755807876586914,0.016175031661987305,-0.0003895759582519531,yp+yl-y0-ypl,631ef93608905533d365fb97ed0ecc379a60c0993e0d15ad8dd8c4d29a42bd65
2773,442,dpp4_12,CC#CCn1c(N2CCC[C@@H](N)C2)nc2c1c(=O)n(Cc1nc(C)c3ccccc3n1)c(=O)n2C,CC#CCn1c(N2CCC[C@@H](N)C2)nc2c1c(=O)n(Cc1nc(C)c3ccccc3n1)c(=O)n2C,4.4076545,0.16295205061765816,2,10.1093/nar/gkw1074,w16_s4_sequence_mean:673-688,673,688,LPTPEDNLDHYRNSTV,r3_b1019,3,1019,"[10, 21, 22, 23, 24, 25, 26, 28, 29, 30]","[""C"", ""ccc(c(C)n)c(c)n""]",2.0224435329437256,2.0096347332000732,2.0201468467712402,2.007617950439453,0.012808799743652344,0.0022966861724853516,0.014825582504272461,-0.0002799034118652344,yp+yl-y0-ypl,631ef93608905533d365fb97ed0ecc379a60c0993e0d15ad8dd8c4d29a42bd65
2773,442,dpp4_12,CC#CCn1c(N2CCC[C@@H](N)C2)nc2c1c(=O)n(Cc1nc(C)c3ccccc3n1)c(=O)n2C,CC#CCn1c(N2CCC[C@@H](N)C2)nc2c1c(=O)n(Cc1nc(C)c3ccccc3n1)c(=O)n2C,4.4076545,0.16295205061765816,2,10.1093/nar/gkw1074,w16_s4_sequence_mean:673-688,673,688,LPTPEDNLDHYRNSTV,r3_b1903,3,1903,"[2, 3, 4, 5, 6, 7, 8, 10, 12, 13, 14, 15, 16, 33]","[""CCn1c(N(CC)CC)nc(n)c1c""]",2.0224435329437256,2.0096347332000732,2.016484022140503,2.0037877559661865,0.012808799743652344,0.005959510803222656,0.018655776977539062,-0.0001125335693359375,yp+yl-y0-ypl,631ef93608905533d365fb97ed0ecc379a60c0993e0d15ad8dd8c4d29a42bd65
2773,442,dpp4_12,CC#CCn1c(N2CCC[C@@H](N)C2)nc2c1c(=O)n(Cc1nc(C)c3ccccc3n1)c(=O)n2C,CC#CCn1c(N2CCC[C@@H](N)C2)nc2c1c(=O)n(Cc1nc(C)c3ccccc3n1)c(=O)n2C,4.4076545,0.16295205061765816,2,10.1093/nar/gkw1074,w16_s4_sequence_mean:673-688,673,688,LPTPEDNLDHYRNSTV,r3_b314,3,314,"[16, 17, 31, 32]","[""c=O"", ""c=O""]",2.0224435329437256,2.0096347332000732,2.0254132747650146,2.012270212173462,0.012808799743652344,-0.0029697418212890625,0.010173320770263672,0.0003342628479003906,yp+yl-y0-ypl,631ef93608905533d365fb97ed0ecc379a60c0993e0d15ad8dd8c4d29a42bd65
2773,442,dpp4_12,CC#CCn1c(N2CCC[C@@H](N)C2)nc2c1c(=O)n(Cc1nc(C)c3ccccc3n1)c(=O)n2C,CC#CCn1c(N2CCC[C@@H](N)C2)nc2c1c(=O)n(Cc1nc(C)c3ccccc3n1)c(=O)n2C,4.4076545,0.16295205061765816,2,10.1093/nar/gkw1074,w16_s4_sequence_mean:673-688,673,688,LPTPEDNLDHYRNSTV,r3_b1365,3,1365,"[4, 5, 6, 13]","[""nc(N)n""]",2.0224435329437256,2.0096347332000732,1.994460105895996,1.9815552234649658,0.012808799743652344,0.027983427047729492,0.040888309478759766,9.608268737792969e-05,yp+yl-y0-ypl,631ef93608905533d365fb97ed0ecc379a60c0993e0d15ad8dd8c4d29a42bd65
2773,442,dpp4_12,CC#CCn1c(N2CCC[C@@H](N)C2)nc2c1c(=O)n(Cc1nc(C)c3ccccc3n1)c(=O)n2C,CC#CCn1c(N2CCC[C@@H](N)C2)nc2c1c(=O)n(Cc1nc(C)c3ccccc3n1)c(=O)n2C,4.4076545,0.16295205061765816,2,10.1093/nar/gkw1074,w16_s4_sequence_mean:673-688,673,688,LPTPEDNLDHYRNSTV,r3_b208,3,208,"[16, 18, 19, 20, 21, 22, 23, 24, 28, 29, 30, 31]","[""cc1cc(C)nc(Cn(c)c)n1""]",2.0224435329437256,2.0096347332000732,2.021144151687622,2.0083870887756348,0.012808799743652344,0.0012993812561035156,0.01405644416809082,-5.173683166503906e-05,yp+yl-y0-ypl,631ef93608905533d365fb97ed0ecc379a60c0993e0d15ad8dd8c4d29a42bd65
