run,source_row,sample_id,y_true,y_pred,error,abs_error
1,0,caf619b6b10acc5e8a2afb4d,1.2079999446868896,0.8124125599861145,-0.39558738470077515,0.39558738470077515
1,1,8d8cd1f996290073c9cebfa7,1.7960000038146973,0.88304603099823,-0.9129539728164673,0.9129539728164673
1,2,ba5c154cdd44b7744e5b82ad,1.8539999723434448,1.3311662673950195,-0.5228337049484253,0.5228337049484253
1,3,d26a40a797359e7565e88829,1.7760000228881836,2.6183369159698486,0.842336893081665,0.842336893081665
1,4,abe658f3e65d6f47f7d270dd,0.3569999933242798,1.4163341522216797,1.0593341588974,1.0593341588974
1,5,2c50dc8da07c923eef12d6d3,2.0810000896453857,1.6695904731750488,-0.4114096164703369,0.4114096164703369
1,6,1d7dbf070188a40dc20239b9,0.8539999723434448,1.5865249633789062,0.7325249910354614,0.7325249910354614
1,7,db200150d1334708393286ff,4.860000133514404,3.243664503097534,-1.6163356304168701,1.6163356304168701
1,8,84a42127bdd4950a783bdd99,4.6479997634887695,3.504610776901245,-1.1433889865875244,1.1433889865875244
1,9,3a73defe3a810bcfdc1a3e32,3.7699999809265137,1.9832355976104736,-1.78676438331604,1.78676438331604
1,10,2c7644cbaf331628791e2787,0.8289999961853027,1.3449954986572266,0.5159955024719238,0.5159955024719238
1,11,de7e83321574253ce909754b,1.7130000591278076,1.6368576288223267,-0.07614243030548096,0.07614243030548096
1,12,492853186d9b70bf1e1d202b,3.2079999446868896,2.725722074508667,-0.48227787017822266,0.48227787017822266
1,13,5c3631f7fabd5f4d16a1e445,0.39800000190734863,0.6830533146858215,0.2850533127784729,0.2850533127784729
1,14,fe0291e2915c9c89c8834cd0,2.885999917984009,2.481832265853882,-0.40416765213012695,0.40416765213012695
1,15,b1f8408a7fec0b9450d29e7c,1.3869999647140503,0.9216799736022949,-0.46531999111175537,0.46531999111175537
1,16,6ff3441beb916fa4000abed6,1.6979999542236328,2.041045665740967,0.343045711517334,0.343045711517334
1,17,e03d0f2af881d5cba19b878e,1.3209999799728394,2.0188422203063965,0.6978422403335571,0.6978422403335571
1,18,9ba989ce9184723badbe8e34,1.8389999866485596,2.1919310092926025,0.35293102264404297,0.35293102264404297
1,19,21b3b7e34b38e18fdf5cbf6e,0.6759999990463257,1.0021207332611084,0.3261207342147827,0.3261207342147827
1,20,e3ad79f9d8c5fb6d4d48af1b,1.2380000352859497,1.0339539051055908,-0.2040461301803589,0.2040461301803589
1,21,b6f5dedc0a99b65dffabeeb3,0.39800000190734863,0.8565910458564758,0.4585910439491272,0.4585910439491272
1,22,865668a58e97dc55963ce6e9,1.7209999561309814,1.4371869564056396,-0.2838129997253418,0.2838129997253418
1,23,43a425ce6dc79290a5c06189,3.1549999713897705,2.0526211261749268,-1.1023788452148438,1.1023788452148438
1,24,34a6b40e77dcb92535b222d3,2.431999921798706,1.8080689907073975,-0.6239309310913086,0.6239309310913086
1,25,8941c948ed3e6d5602a79831,0.6779999732971191,0.7252570986747742,0.04725712537765503,0.04725712537765503
1,26,6a3b32fd32d7d3b949132a9b,2.3369998931884766,3.0083165168762207,0.6713166236877441,0.6713166236877441
1,27,312dae483666660b0801a486,3.4690001010894775,3.0560803413391113,-0.4129197597503662,0.4129197597503662
1,28,55a00bec003b2d80b0b5069d,2.614000082015991,2.5751631259918213,-0.03883695602416992,0.03883695602416992
1,29,f9e6e40ce7f03ef37977c91f,0.24199999868869781,0.24006052315235138,-0.0019394755363464355,0.0019394755363464355
1,30,f4a1628253831cbe89fdb36b,2.8959999084472656,2.58042049407959,-0.3155794143676758,0.3155794143676758
1,31,fe0ae127d1a27bb018eb8330,0.8859999775886536,0.9760822653770447,0.09008228778839111,0.09008228778839111
1,32,d1e227052c20793b0691b72d,1.3009999990463257,1.8583252429962158,0.5573252439498901,0.5573252439498901
1,33,6deca182a3b002a03dc45dd7,2.494999885559082,2.6799204349517822,0.1849205493927002,0.1849205493927002
1,34,0d5f57749eb5b029503d2e6d,2.5850000381469727,3.1294920444488525,0.5444920063018799,0.5444920063018799
1,35,7be42bcd114e51f1eb39c0fd,0.9390000104904175,1.0421037673950195,0.10310375690460205,0.10310375690460205
1,36,7f540f6b75f92d1bb3e7f741,1.9390000104904175,1.7061351537704468,-0.2328648567199707,0.2328648567199707
1,37,a782c4db53a769af10c0095e,3.1760001182556152,2.9095075130462646,-0.2664926052093506,0.2664926052093506
1,38,f203e54320e8d9ecb0efeec1,1.434999942779541,1.5582506656646729,0.12325072288513184,0.12325072288513184
1,39,a9dc0bdd0d53b1456a8dfec3,1.6970000267028809,1.9040017127990723,0.2070016860961914,0.2070016860961914
1,40,3d8883638e22d0f796167ce7,0.5870000123977661,0.8198179006576538,0.2328178882598877,0.2328178882598877
1,41,3af4cbf6fc85b8e8a2907412,1.4910000562667847,1.5336742401123047,0.04267418384552002,0.04267418384552002
1,42,e8f330f4b44eeee013ffe80c,3.7209999561309814,4.312923431396484,0.5919234752655029,0.5919234752655029
1,43,6596c1b56fdb88c15b89235c,2.799999952316284,3.0884809494018555,0.2884809970855713,0.2884809970855713
1,44,a1ccd62a1832a1d6ae4ad02f,4.046000003814697,4.647085189819336,0.6010851860046387,0.6010851860046387
1,45,afd766a923e0a9e7b8d7a560,2.6989998817443848,3.0017826557159424,0.3027827739715576,0.3027827739715576
1,46,9c8393a35c7ebcb94f31128d,2.436000108718872,2.8176229000091553,0.3816227912902832,0.3816227912902832
1,47,296cf4a89393bc94334d6bdb,3.259999990463257,2.90201997756958,-0.35798001289367676,0.35798001289367676
1,48,f9443a28e18b27b720e8e912,2.1019999980926514,2.1379921436309814,0.03599214553833008,0.03599214553833008
1,49,487dbaa7ff1b761f761eb2ef,2.125,2.1286356449127197,0.0036356449127197266,0.0036356449127197266
1,50,3d64620a7d77c9474a209ef7,2.377000093460083,2.3856399059295654,0.008639812469482422,0.008639812469482422
1,51,fcd061a6c46ca16e2296058a,0.7450000047683716,0.6806345582008362,-0.0643654465675354,0.0643654465675354
1,52,c987357971afee89ab1cb626,1.2289999723434448,1.184030294418335,-0.04496967792510986,0.04496967792510986
1,53,d3dac71b5a6af6c594f51640,0.5090000033378601,0.3935208320617676,-0.11547917127609253,0.11547917127609253
1,54,7101d04321abd4ce34dd12f7,0.07599999755620956,0.24052239954471588,0.16452240943908691,0.16452240943908691
1,55,564ab210cefc0735f6e71425,2.259999990463257,2.2133820056915283,-0.046617984771728516,0.046617984771728516
1,56,e0164a00a933a25d4e126072,1.6019999980926514,1.227196216583252,-0.3748037815093994,0.3748037815093994
1,57,683821979f21789879bbd750,0.29100000858306885,0.5436210632324219,0.252621054649353,0.252621054649353
1,58,dcb0c02fa58cc0fc505dcd2c,0.7960000038146973,0.8113664984703064,0.01536649465560913,0.01536649465560913
1,59,e4be1e40d073ea34c086a5d7,2.0,2.192702531814575,0.1927025318145752,0.1927025318145752
1,60,8a83a355da38ddbc4c44d6af,0.08399999886751175,0.5358448624610901,0.45184487104415894,0.45184487104415894
1,61,d83c4db9d828cc52d5f097c8,2.9590001106262207,2.696826219558716,-0.2621738910675049,0.2621738910675049
1,62,1ba8e0d6cd676c39ad828ad6,2.9210000038146973,2.533046007156372,-0.3879539966583252,0.3879539966583252
1,63,8f87423ca263d3e0bc93e2d9,2.3369998931884766,2.3558783531188965,0.018878459930419922,0.018878459930419922
1,64,5c602245932c16d440bfd4a1,0.9589999914169312,0.9792506098747253,0.02025061845779419,0.02025061845779419
1,65,624a50b04931375063188172,0.9210000038146973,0.8216222524642944,-0.09937775135040283,0.09937775135040283
1,66,a3e0628ffd83522470ac84b7,2.2679998874664307,2.018388032913208,-0.24961185455322266,0.24961185455322266
1,67,2b55a3d4243c1565e06e66ff,2.697000026702881,2.6316542625427246,-0.06534576416015625,0.06534576416015625
1,68,594d94e6af42d2d587d069df,2.625,2.3260653018951416,-0.2989346981048584,0.2989346981048584
1,69,a59e558b8747969b42fc43d1,2.3440001010894775,2.109687089920044,-0.2343130111694336,0.2343130111694336
1,70,d5fcf2d8a005bcc4617afff1,2.821000099182129,2.699958086013794,-0.12104201316833496,0.12104201316833496
1,71,783ea7b52bb8c1557e036065,2.3429999351501465,1.6182868480682373,-0.7247130870819092,0.7247130870819092
1,72,8c4cbe46c7b66805d043e74e,2.569000005722046,2.4427003860473633,-0.12629961967468262,0.12629961967468262
1,73,fb81225b8ebbe681b94c1ae4,2.7929999828338623,2.7069389820098877,-0.08606100082397461,0.08606100082397461
1,74,6e9d69378a756cbc741f7871,2.3980000019073486,2.152326822280884,-0.24567317962646484,0.24567317962646484
1,75,d95c77278dcdbf7e2291f97b,1.6579999923706055,1.8027052879333496,0.14470529556274414,0.14470529556274414
1,76,1429aaa2c610dc61ca4bcad4,3.4030001163482666,3.1763575077056885,-0.22664260864257812,0.22664260864257812
1,77,644f438e0673b3de1c50f27c,3.9630000591278076,3.1763575077056885,-0.7866425514221191,0.7866425514221191
1,78,8e879ce4c7de6dcfa7ed01fe,3.453000068664551,3.969205141067505,0.5162050724029541,0.5162050724029541
1,79,4ac93e92d32465c2091cde03,0.8539999723434448,1.6248960494995117,0.7708960771560669,0.7708960771560669
1,80,fec924c1fb00488c8f916f32,1.5609999895095825,1.468369960784912,-0.09263002872467041,0.09263002872467041
1,81,db757b28cc45496e38bb46f5,2.76200008392334,3.2379915714263916,0.47599148750305176,0.47599148750305176
1,82,383bd8544ba14b1671a0382a,3.7079999446868896,3.4574954509735107,-0.2505044937133789,0.2505044937133789
1,83,a85f85c9528f0b1618bc07c1,4.249000072479248,4.009268283843994,-0.2397317886352539,0.2397317886352539
1,84,5008fa09b00969ce6514b0fc,3.98799991607666,3.7644448280334473,-0.2235550880432129,0.2235550880432129
1,85,2839602b846c350e482a25e6,3.2279999256134033,3.0116803646087646,-0.21631956100463867,0.21631956100463867
1,86,94bbf4b500986c5a5c5a0fdc,2.6579999923706055,2.4548118114471436,-0.20318818092346191,0.20318818092346191
1,87,8d4855aa9630b4607074228c,3.1480000019073486,2.9724371433258057,-0.17556285858154297,0.17556285858154297
1,88,9e491227ea6ea33c9becb2c3,3.1080000400543213,2.942192316055298,-0.16580772399902344,0.16580772399902344
1,89,3f67a589d8a8fa60d06a2857,2.259999990463257,2.336174964904785,0.07617497444152832,0.07617497444152832
1,90,6ccc640ada0bef17a9163bda,2.1500000953674316,1.994227409362793,-0.15577268600463867,0.15577268600463867
1,91,92e66fc9c4d67aa81a245846,3.809999942779541,3.5568482875823975,-0.25315165519714355,0.25315165519714355
1,92,830c3cc3dc42b689e074d24d,3.740000009536743,3.383667230606079,-0.35633277893066406,0.35633277893066406
1,93,bd5c0e5f6763af37127eccea,3.3499999046325684,3.730611801147461,0.3806118965148926,0.3806118965148926
1,94,0f7781c34bdc25ec9346dff8,0.4300000071525574,0.7785957455635071,0.3485957384109497,0.3485957384109497
1,95,a32d72c289a3a83cc95ab4f7,0.7699999809265137,0.833609402179718,0.06360942125320435,0.06360942125320435
1,96,e85197827c7470093e0302b9,0.800000011920929,0.5413196682929993,-0.2586803436279297,0.2586803436279297
1,97,06f4f25488922792c6693ba3,1.850000023841858,0.9311330914497375,-0.9188669323921204,0.9188669323921204
1,98,55e0ae49e52dcbdf01e2e3f1,1.0,1.2625837326049805,0.26258373260498047,0.26258373260498047
1,99,a2a1169a462f672e3be9765d,0.33000001311302185,1.6773531436920166,1.3473531007766724,1.3473531007766724
1,100,c0f6c8c5bd67b39429eb9dc2,1.659999966621399,1.05647873878479,-0.6035212278366089,0.6035212278366089
1,101,63c8a59395fa0e254aae8c67,0.4699999988079071,0.590293824672699,0.12029382586479187,0.12029382586479187
1,102,0ce9ddc4d18cf89c68652dee,0.7900000214576721,0.7393879890441895,-0.050612032413482666,0.050612032413482666
1,103,1e99c12d008f0df3ac3f54f1,0.8999999761581421,0.9290828108787537,0.029082834720611572,0.029082834720611572
1,104,aef46d2afe1ad8ecbe0a8020,1.090000033378601,0.8696545958518982,-0.22034543752670288,0.22034543752670288
1,105,cde40ee97eba86da4accedf6,0.9900000095367432,1.0068421363830566,0.016842126846313477,0.016842126846313477
1,106,57c51647893eaa035b42cc26,0.8299999833106995,0.5819098353385925,-0.24809014797210693,0.24809014797210693
1,107,d7654164f11053aab5b87905,1.0499999523162842,0.3990318775177002,-0.650968074798584,0.650968074798584
1,108,fc7bda6a87eabef1a2b6835c,0.9800000190734863,0.5899916291236877,-0.3900083899497986,0.3900083899497986
1,109,f7278aca0c61c400b432dab9,0.8500000238418579,0.8521037697792053,0.002103745937347412,0.002103745937347412
1,110,8c583c50c68ef70ed71235d5,1.6699999570846558,1.0597238540649414,-0.6102761030197144,0.6102761030197144
1,111,b9da07ceb8222f7a30a159b4,1.0099999904632568,1.0828168392181396,0.07281684875488281,0.07281684875488281
1,112,7802a650eb2075c8192f49d9,0.7300000190734863,0.5281736254692078,-0.20182639360427856,0.20182639360427856
1,113,8af1090f6d5dfcb6f06b268b,1.2699999809265137,1.2374935150146484,-0.032506465911865234,0.032506465911865234
1,114,cbcf3162f05fc6804692d255,0.9399999976158142,0.9716944098472595,0.03169441223144531,0.03169441223144531
1,115,8d67828ff61c753adc57e1d2,0.8500000238418579,0.7074577212333679,-0.14254230260849,0.14254230260849
1,116,ba02fc00aa98c5a3b59d80b2,1.3200000524520874,1.014648675918579,-0.3053513765335083,0.3053513765335083
1,117,7484a2c5e757bdb588db210e,0.7400000095367432,0.7096710205078125,-0.030328989028930664,0.030328989028930664
1,118,d4fd4611072ff39f093d2004,1.4809999465942383,1.451646089553833,-0.029353857040405273,0.029353857040405273
1,119,2154af83572c03d6a09b5c34,1.7699999809265137,1.8030550479888916,0.03305506706237793,0.03305506706237793
1,120,702100d1fa152e3caf563d68,1.215000033378601,1.110088586807251,-0.1049114465713501,0.1049114465713501
1,121,b83d7ae61a341134a39f2f83,2.7709999084472656,3.0695035457611084,0.2985036373138428,0.2985036373138428
1,122,d9776e51d8b13b59a6563c8c,2.6640000343322754,3.718759059906006,1.0547590255737305,1.0547590255737305
1,123,f0982a5aff52f739eaa25aff,2.0869998931884766,2.2410824298858643,0.1540825366973877,0.1540825366973877
1,124,883c83627a7432c10db9bd71,4.0,2.8966338634490967,-1.1033661365509033,1.1033661365509033
1,125,15ccc265f801743e8ac61641,0.699999988079071,1.8641161918640137,1.1641161441802979,1.1641161441802979
1,126,fa7afaf1b59459957c50eb52,2.8399999141693115,2.54355788230896,-0.29644203186035156,0.29644203186035156
1,127,0f11aa1f9000c4417f222b5e,2.6500000953674316,3.131239414215088,0.48123931884765625,0.48123931884765625
1,128,8897690097c934a7e419699f,2.8499999046325684,2.7312591075897217,-0.11874079704284668,0.11874079704284668
1,129,05ae2525754f624a3e059fa5,2.569999933242798,3.092839002609253,0.5228390693664551,0.5228390693664551
1,130,2543d9f44c730328b440ea94,3.140000104904175,2.5065624713897705,-0.6334376335144043,0.6334376335144043
1,131,58f3b783b04477c009fc4018,2.549999952316284,3.0459017753601074,0.49590182304382324,0.49590182304382324
1,132,a96ab561aa1486df8cd5965a,2.8499999046325684,2.6260874271392822,-0.22391247749328613,0.22391247749328613
1,133,06411ef7d1670c4b177075c5,0.3100000023841858,1.1139917373657227,0.8039917349815369,0.8039917349815369
1,134,8be1a435b6b2a86e144f51a5,1.1100000143051147,1.4979708194732666,0.38797080516815186,0.38797080516815186
1,135,42dab989c93ba9d2382d05ef,0.8199999928474426,1.0098707675933838,0.18987077474594116,0.18987077474594116
1,136,4f90b7fecba543802509d937,0.9599999785423279,1.379612684249878,0.41961270570755005,0.41961270570755005
1,137,317d05885018f710f590b4fb,0.1899999976158142,0.8833866119384766,0.6933866143226624,0.6933866143226624
1,138,524d9cc4f6b73bb3914fe4ab,1.309999942779541,1.0753324031829834,-0.23466753959655762,0.23466753959655762
1,139,f30d5f7a11337c34098f1e5f,0.3700000047683716,1.1047172546386719,0.7347172498703003,0.7347172498703003
1,140,42527bcf78539628e8682834,1.840000033378601,1.1246991157531738,-0.7153009176254272,0.7153009176254272
1,141,d26b5042c1f8bcb928a27466,0.550000011920929,0.9895196557044983,0.43951964378356934,0.43951964378356934
1,142,f5ebe8a3b49b704c1cbd35ca,1.5299999713897705,1.1806912422180176,-0.34930872917175293,0.34930872917175293
1,143,9ea5f20bc91b9292dc50463c,1.1799999475479126,1.2005338668823242,0.02053391933441162,0.02053391933441162
1,144,b9d19312084f7569c7ad51b6,1.149999976158142,1.0961264371871948,-0.053873538970947266,0.053873538970947266
1,145,ef86119d34493191c3353c6b,0.5899999737739563,1.0983648300170898,0.5083648562431335,0.5083648562431335
1,146,02411c5affad67f2f931b977,0.699999988079071,0.7957531809806824,0.09575319290161133,0.09575319290161133
1,147,14fc17a20091f90b2d6c7a3f,1.4900000095367432,1.1315536499023438,-0.3584463596343994,0.3584463596343994
1,148,d45bebbe123d3f03d06898e3,1.1200000047683716,1.0748322010040283,-0.04516780376434326,0.04516780376434326
1,149,416d02867bace94e47184ea6,0.8700000047683716,1.1668281555175781,0.29682815074920654,0.29682815074920654
1,150,25c715a9f8e5cbf054a3ba61,1.149999976158142,0.9509754776954651,-0.199024498462677,0.199024498462677
1,151,7ae251372419587c1e50d75e,1.0099999904632568,1.304572582244873,0.2945725917816162,0.2945725917816162
1,152,4389248639029fb4b74e5eda,1.6799999475479126,1.6552693843841553,-0.024730563163757324,0.024730563163757324
1,153,e06fbf8ac95ae2d8f88a1364,2.0199999809265137,1.5315299034118652,-0.48847007751464844,0.48847007751464844
1,154,54aa33bcf9d4e562926f99f8,0.4000000059604645,1.2636229991912842,0.8636230230331421,0.8636230230331421
1,155,6c28482da9c4a51f01d2f650,1.7200000286102295,1.2411634922027588,-0.4788365364074707,0.4788365364074707
1,156,01961e6c9175dd28b4c178f6,1.2999999523162842,1.701148271560669,0.40114831924438477,0.40114831924438477
1,157,59a317d2ea85b4e86a271953,1.4800000190734863,1.6102375984191895,0.13023757934570312,0.13023757934570312
1,158,d747192199b69af84d2aed7c,1.2200000286102295,1.4572957754135132,0.2372957468032837,0.2372957468032837
1,159,02af64e87fd315fe0ab81c19,1.340000033378601,1.3752930164337158,0.035292983055114746,0.035292983055114746
1,160,0c07a224f885b98642a8c370,1.7599999904632568,1.6154701709747314,-0.1445298194885254,0.1445298194885254
1,161,4c5c425f5a02cff35aae2787,1.4600000381469727,1.338930606842041,-0.12106943130493164,0.12106943130493164
1,162,57febf96d192924308df31f6,1.9700000286102295,1.2714195251464844,-0.6985805034637451,0.6985805034637451
1,163,0ffcc76151ba426eec1bed95,0.9200000166893005,1.3665776252746582,0.44657760858535767,0.44657760858535767
1,164,8239b0cd3b7bed667f6a28ce,1.5700000524520874,1.40049147605896,-0.16950857639312744,0.16950857639312744
1,165,10162b9c4f69dbe390d8d29e,1.4500000476837158,1.1825522184371948,-0.267447829246521,0.267447829246521
1,166,3122b0c1d0e75fa146019f57,1.4500000476837158,1.3697011470794678,-0.08029890060424805,0.08029890060424805
1,167,3169ccb2b142d8cf4999bad8,1.5399999618530273,1.5114820003509521,-0.028517961502075195,0.028517961502075195
1,168,63338bc150cafc39c938edf9,1.649999976158142,1.8800359964370728,0.23003602027893066,0.23003602027893066
1,169,6d4f2743e6316839b6d1a984,1.3899999856948853,1.3061275482177734,-0.08387243747711182,0.08387243747711182
1,170,e8842d624ebfa94fc446661f,1.350000023841858,1.6102559566497803,0.26025593280792236,0.26025593280792236
1,171,42440c6eb8745b9a6c628c38,1.409999966621399,1.6195473670959473,0.20954740047454834,0.20954740047454834
1,172,63da83bb663f93763ecb6c34,1.5800000429153442,1.6706221103668213,0.09062206745147705,0.09062206745147705
1,173,532753c8765c896a23577bd2,1.5,1.514204502105713,0.01420450210571289,0.01420450210571289
1,174,ce6403d04d597ed8960b49f2,1.409999966621399,1.4165277481079102,0.0065277814865112305,0.0065277814865112305
1,175,1c2068087379d692e942521f,1.3600000143051147,1.345555305480957,-0.014444708824157715,0.014444708824157715
1,176,76fe5cc8373552f51c5fe4d0,1.690000057220459,1.4372358322143555,-0.2527642250061035,0.2527642250061035
1,177,873523e3eb120ab3daa20697,1.4199999570846558,1.4757883548736572,0.055788397789001465,0.055788397789001465
1,178,a58e16f4defe48f4e7346830,1.4700000286102295,1.2183609008789062,-0.25163912773132324,0.25163912773132324
1,179,6fa147504914896eb69289fe,1.600000023841858,1.2388980388641357,-0.36110198497772217,0.36110198497772217
1,180,b1966d7f557fa1886088f3c4,1.559999942779541,1.571547031402588,0.011547088623046875,0.011547088623046875
1,181,4f4d3f3bc22663595435ebac,2.0169999599456787,1.4057897329330444,-0.6112102270126343,0.6112102270126343
1,182,3875797a00ce4f7f5d4012f3,1.2799999713897705,0.9944897294044495,-0.28551024198532104,0.28551024198532104
1,183,952c5c5283d6b590518e6dfe,1.4900000095367432,0.5964493155479431,-0.8935506939888,0.8935506939888
1,184,7e9a793f1fee7d879a1d0916,1.0199999809265137,0.4840182065963745,-0.5359817743301392,0.5359817743301392
1,185,76567ed2321ced7f78886968,0.9200000166893005,1.0555168390274048,0.13551682233810425,0.13551682233810425
1,186,7f8543a3f7069ad7e1bb0554,1.2599999904632568,0.823399007320404,-0.4366009831428528,0.4366009831428528
1,187,956f0083dc4bf9e0f3adba80,0.7300000190734863,0.9699085354804993,0.23990851640701294,0.23990851640701294
1,188,6b31ec616e1ece0616faed78,2.3469998836517334,2.2106592655181885,-0.13634061813354492,0.13634061813354492
1,189,e211bc9b1c34ff7b3003ba06,2.3010001182556152,1.9248149394989014,-0.37618517875671387,0.37618517875671387
1,190,f1bfb65e29c351d4121f1b50,1.9930000305175781,2.021389961242676,0.028389930725097656,0.028389930725097656
1,191,e67359573ad58216f5ac4c3e,3.9800000190734863,2.2523248195648193,-1.727675199508667,1.727675199508667
1,192,7fc53bceccb3bd0803bccce8,0.7599999904632568,0.4870879054069519,-0.27291208505630493,0.27291208505630493
1,193,09a4381831f0e48eb0a78cf5,0.9599999785423279,1.6511094570159912,0.6911094784736633,0.6911094784736633
1,194,0ab723c5de3910f26d760c27,1.340000033378601,0.8603004217147827,-0.47969961166381836,0.47969961166381836
1,195,1b80dd9f007a0a113294545b,1.2300000190734863,1.8984450101852417,0.6684449911117554,0.6684449911117554
1,196,be91c82457f445bd455c2a74,1.090000033378601,1.096354603767395,0.006354570388793945,0.006354570388793945
1,197,e1198eaa2f644c51ff2b0a61,0.8999999761581421,3.1746203899383545,2.274620532989502,2.274620532989502
1,198,c81f2282bfa5af0f02c40977,0.9399999976158142,0.5887727737426758,-0.3512272238731384,0.3512272238731384
1,199,6b57d11ee049928ca6521288,1.0700000524520874,0.5953563451766968,-0.4746437072753906,0.4746437072753906
1,200,24f7f61f77b0725239105005,1.0499999523162842,0.3982080817222595,-0.6517918705940247,0.6517918705940247
1,201,e9d9d68757a30a97564e352f,1.2999999523162842,1.0182132720947266,-0.2817866802215576,0.2817866802215576
1,202,60bcd7a9efc89be73729d21f,0.949999988079071,0.7126048803329468,-0.23739510774612427,0.23739510774612427
1,203,17372575d5943d126d8c119c,0.6399999856948853,1.5448278188705444,0.9048278331756592,0.9048278331756592
1,204,f0ffeeb9278c32fb443767c9,0.7450000047683716,0.6806345582008362,-0.0643654465675354,0.0643654465675354
1,205,3f35ba80b092ee2dad1b68fd,1.1200000047683716,1.2127344608306885,0.0927344560623169,0.0927344560623169
1,206,2b25d8dc966b985923866d62,0.6299999952316284,1.4986648559570312,0.8686648607254028,0.8686648607254028
1,207,37a2c7cdbafe9e8494255ca8,0.5299999713897705,1.0162545442581177,0.48625457286834717,0.48625457286834717
1,208,73c76d1200b8dbeb796d7c99,2.6070001125335693,1.3997197151184082,-1.2072803974151611,1.2072803974151611
1,209,af21b073473ea8e296c02754,1.8650000095367432,1.3875987529754639,-0.4774012565612793,0.4774012565612793
1,210,df1ba575cba0f48f326205cc,2.3559999465942383,1.6215038299560547,-0.7344961166381836,0.7344961166381836
1,211,eef7a44723cd429d57bc6f44,0.8460000157356262,1.5254037380218506,0.6794037222862244,0.6794037222862244
1,212,75bfad496d0d0480a40d2f56,1.0260000228881836,1.4876432418823242,0.4616432189941406,0.4616432189941406
1,213,5172b1ddcb7dc459619ffe03,0.48899999260902405,1.3840587139129639,0.8950587511062622,0.8950587511062622
1,214,67e218f8fa4c4e2d117594dd,1.0199999809265137,1.0332813262939453,0.01328134536743164,0.01328134536743164
1,215,70ecb42c53562125778a923c,0.6899999976158142,0.7940654158592224,0.1040654182434082,0.1040654182434082
1,216,2c0580b7331094d9d22b6feb,1.1699999570846558,0.9156018495559692,-0.2543981075286865,0.2543981075286865
1,217,20529dc9f883b7bcf070fd64,1.0199999809265137,1.6704752445220947,0.650475263595581,0.650475263595581
1,218,016f5c62b1366da1ce80e81f,0.8700000047683716,1.3908419609069824,0.5208419561386108,0.5208419561386108
1,219,59d3104d052f221cb2b6ff14,1.1299999952316284,0.6863119006156921,-0.4436880946159363,0.4436880946159363
1,220,ec665149d324a986afc91edf,1.0099999904632568,1.0462008714675903,0.036200881004333496,0.036200881004333496
1,221,90c5cc9caf29ccb936952f9a,0.949999988079071,1.214289665222168,0.2642896771430969,0.2642896771430969
1,222,b5f2c6e05d291755bead1a5d,1.399999976158142,0.9944104552268982,-0.4055895209312439,0.4055895209312439
1,223,13badc69b47be1415cd3932c,1.5399999618530273,1.1696360111236572,-0.3703639507293701,0.3703639507293701
1,224,c6edc63049c69a8420652729,1.9170000553131104,2.0314114093780518,0.1144113540649414,0.1144113540649414
1,225,b82086bf24beac4b70a06808,2.552000045776367,2.2405803203582764,-0.3114197254180908,0.3114197254180908
1,226,600c3f05e16a0749640ffd39,0.7609999775886536,0.8900997042655945,0.12909972667694092,0.12909972667694092
1,227,d0c198c35e93cf7a7eb40505,0.5540000200271606,0.5763806700706482,0.02238065004348755,0.02238065004348755
1,228,9c6e885c407482f9020244b2,0.25699999928474426,0.273571640253067,0.016571640968322754,0.016571640968322754
1,229,903b4c1d27c1eb4732cc7790,0.421999990940094,0.5522491335868835,0.13024914264678955,0.13024914264678955
1,230,5a80fdd31f58953c9d70dd4f,0.6819999814033508,1.0584025382995605,0.3764025568962097,0.3764025568962097
1,231,8ce207da0f497781f1102a17,1.069000005722046,1.4924545288085938,0.42345452308654785,0.42345452308654785
1,232,9132e554ab51faf244968a0c,0.453000009059906,1.3904452323913574,0.9374452233314514,0.9374452233314514
1,233,22ff932239f5788eba162ccc,0.6430000066757202,0.8485681414604187,0.2055681347846985,0.2055681347846985
1,234,0f2cac2e5422e06b7ce5f40b,0.7889999747276306,1.1034562587738037,0.3144562840461731,0.3144562840461731
1,235,5e07a420fbd8683599b1f70d,2.2730000019073486,2.20735239982605,-0.06564760208129883,0.06564760208129883
1,236,f63a1deff6ef98c41cd27558,2.5290000438690186,3.0134832859039307,0.4844832420349121,0.4844832420349121
1,237,badc3b03ff3783c146756b4f,3.0329999923706055,2.959657907485962,-0.07334208488464355,0.07334208488464355
1,238,7229c892e50099abc415f917,2.869999885559082,2.677267551422119,-0.1927323341369629,0.1927323341369629
1,239,4c6101bc92ceef74b0f25fdb,2.3259999752044678,2.238558053970337,-0.08744192123413086,0.08744192123413086
1,240,205b026c1e1fb75840c5fcaf,1.6950000524520874,1.5665909051895142,-0.12840914726257324,0.12840914726257324
1,241,b6433d4c3f3051fce733e974,2.114000082015991,1.9308911561965942,-0.18310892581939697,0.18310892581939697
1,242,dc53de77b8e7c83626dcceb2,1.8040000200271606,3.0778493881225586,1.273849368095398,1.273849368095398
1,243,9664d85534441e8259485567,1.0750000476837158,2.030519723892212,0.9555196762084961,0.9555196762084961
1,244,67c5d19fa91d64335f062e63,2.8480000495910645,1.594372034072876,-1.2536280155181885,1.2536280155181885
1,245,76ecc041cf6089db86fa472b,1.440000057220459,1.2819904088974,-0.15800964832305908,0.15800964832305908
1,246,e3db2651f72d75bb1f8c4e1d,2.200000047683716,1.2819234132766724,-0.9180766344070435,0.9180766344070435
1,247,41b945a9ad1d7e0ec15d524e,1.190000057220459,1.355695128440857,0.16569507122039795,0.16569507122039795
1,248,9294bde7218168d03c9b2248,1.7999999523162842,0.8130909204483032,-0.986909031867981,0.986909031867981
1,249,76b4c4b7d79021a75632a160,0.7300000190734863,1.7988477945327759,1.0688477754592896,1.0688477754592896
1,250,3ba4a353c6084253e15bca51,1.7999999523162842,1.8072788715362549,0.007278919219970703,0.007278919219970703
1,251,ce649d2c52bbdfac0d537207,2.180000066757202,1.9877779483795166,-0.19222211837768555,0.19222211837768555
1,252,a1327cac0c4c34748f7c4eaf,1.840000033378601,1.8398182392120361,-0.0001817941665649414,0.0001817941665649414
1,253,3213021eca70742a0cfdc1b8,2.059999942779541,1.975282907485962,-0.0847170352935791,0.0847170352935791
1,254,e5f3e44d737546fef528bf54,1.9299999475479126,1.852123737335205,-0.07787621021270752,0.07787621021270752
1,255,2c4890545e6ed54225130b52,2.4800000190734863,1.95497727394104,-0.5250227451324463,0.5250227451324463
1,256,a8ceb874a09662c647137522,2.390000104904175,2.110887289047241,-0.2791128158569336,0.2791128158569336
1,257,018f03a65f235b74e2e4f9b9,2.009999990463257,1.8261487483978271,-0.1838512420654297,0.1838512420654297
1,258,b0826f6f2d56ba621be3acc5,2.700000047683716,1.8883941173553467,-0.8116059303283691,0.8116059303283691
1,259,2d49e70d9699d8672e8e0f0f,1.3079999685287476,1.702817678451538,0.3948177099227905,0.3948177099227905
1,260,d785e4685e7c767d7d6c9a60,1.7640000581741333,2.6604082584381104,0.896408200263977,0.896408200263977
1,261,d926f44a4a873fa80c74e3a5,2.4600000381469727,2.4560930728912354,-0.003906965255737305,0.003906965255737305
1,262,63ee32b58245618178ff5da8,1.690000057220459,1.6328160762786865,-0.05718398094177246,0.05718398094177246
1,263,81985bd0bf11e6e20a2b8435,2.140000104904175,2.0202982425689697,-0.11970186233520508,0.11970186233520508
1,264,ceccd55f99cc25bfb283fd6f,1.9199999570846558,1.605370044708252,-0.3146299123764038,0.3146299123764038
1,265,ab0c3733090bd301686d80fb,2.1600000858306885,1.8047637939453125,-0.355236291885376,0.355236291885376
1,266,6fe9d0a7c34f038224bf5278,2.119999885559082,2.237948179244995,0.11794829368591309,0.11794829368591309
1,267,b24c7ed57cafb084045b0fdd,1.6799999475479126,2.150874376296997,0.4708744287490845,0.4708744287490845
1,268,2c0bac96d5e416ee658c88bb,2.049999952316284,2.706576108932495,0.6565761566162109,0.6565761566162109
1,269,58b3eeb48f7689c6dca8af50,1.9800000190734863,2.0978221893310547,0.11782217025756836,0.11782217025756836
1,270,9fc10bf428027453b3e0c443,1.9500000476837158,2.1184308528900146,0.16843080520629883,0.16843080520629883
1,271,3ae4a5434f20dd0f0162f583,0.30000001192092896,0.25701582431793213,-0.042984187602996826,0.042984187602996826
1,272,c6f6c42708e0d49c1d41b519,0.4300000071525574,0.655885636806488,0.22588562965393066,0.22588562965393066
1,273,5fbe649acc8bbc36fc227397,0.5199999809265137,0.19810281693935394,-0.32189714908599854,0.32189714908599854
1,274,94f4a66e8b6e0282620d546e,0.3199999928474426,0.7367164492607117,0.41671645641326904,0.41671645641326904
1,275,b9dde5250e75b6f700af4afe,2.6700000762939453,0.7338812947273254,-1.9361188411712646,1.9361188411712646
1,276,16f9b865e896994db28ceab4,0.18000000715255737,0.29666784405708313,0.11666783690452576,0.11666783690452576
1,277,6739edf0ff915141d65827b0,0.03999999910593033,0.11129766702651978,0.07129766792058945,0.07129766792058945
1,278,aea65234e4e69b264acda9ad,0.5,0.6591020822525024,0.15910208225250244,0.15910208225250244
1,279,5b83a41d61d7e710cedfcdd2,0.4000000059604645,0.33278030157089233,-0.06721970438957214,0.06721970438957214
1,280,2fdc508971c298335817aab2,0.6600000262260437,0.4798498749732971,-0.18015015125274658,0.18015015125274658
1,281,4efb4522ea9fa66d3901e7aa,0.3700000047683716,0.8970681428909302,0.5270681381225586,0.5270681381225586
1,282,ab09420f9b26c048b7364091,1.2100000381469727,0.9010745882987976,-0.30892544984817505,0.30892544984817505
1,283,ab0c9587dc6ebc032f1a11fc,1.809999942779541,2.252149820327759,0.4421498775482178,0.4421498775482178
1,284,5e27e06b6c79fcba4656bc94,1.440000057220459,1.8866024017333984,0.44660234451293945,0.44660234451293945
1,285,949ed0243993c481769f0488,2.049999952316284,1.8112401962280273,-0.23875975608825684,0.23875975608825684
1,286,82025884a493d12059777539,3.200000047683716,2.035680055618286,-1.1643199920654297,1.1643199920654297
1,287,f11198854dcf3eb87b5446fe,2.509999990463257,1.8229598999023438,-0.6870400905609131,0.6870400905609131
1,288,37ab20fb2b4d502dbdc8922a,1.8799999952316284,1.9368966817855835,0.05689668655395508,0.05689668655395508
1,289,50c4629535d35b6301702692,1.7599999904632568,1.9285117387771606,0.1685117483139038,0.1685117483139038
1,290,f886ebf49e2c7f9dd7ab440d,1.7699999809265137,1.8238084316253662,0.05380845069885254,0.05380845069885254
1,291,3c3e049ac47f0ce3863f02bd,2.5999999046325684,1.7748363018035889,-0.8251636028289795,0.8251636028289795
1,292,1c74d16dcd60e4ac77ecfc5f,1.940000057220459,1.9004490375518799,-0.0395510196685791,0.0395510196685791
1,293,c7d27be149e8e6fb26cf6225,1.7899999618530273,1.7930728197097778,0.0030728578567504883,0.0030728578567504883
1,294,457724b1118c0132f1fc01b9,2.369999885559082,2.314592123031616,-0.05540776252746582,0.05540776252746582
1,295,150355f624b4aa33aed274c4,1.6399999856948853,1.7993961572647095,0.15939617156982422,0.15939617156982422
1,296,b127c9351a7537e556a28718,1.590000033378601,2.270570993423462,0.6805709600448608,0.6805709600448608
1,297,b19e2b42485353355b708fde,1.5800000429153442,2.1864702701568604,0.6064702272415161,0.6064702272415161
1,298,6c5463ff289ef7b02e75468d,1.8200000524520874,1.7664380073547363,-0.053562045097351074,0.053562045097351074
1,299,bd5fcaed4042655dc343d72c,1.6200000047683716,2.20953631401062,0.5895363092422485,0.5895363092422485
1,300,d572603f19e3e8a3287bcb88,1.690000057220459,1.9077298641204834,0.21772980690002441,0.21772980690002441
1,301,561cbff5f8fbdc834c50f88f,2.740000009536743,2.373379945755005,-0.3666200637817383,0.3666200637817383
1,302,302cbdc27f5716c868a2f66c,2.259999990463257,2.012173891067505,-0.24782609939575195,0.24782609939575195
1,303,3b9070349dafeb9947dd389a,1.6699999570846558,2.1245436668395996,0.45454370975494385,0.45454370975494385
1,304,844373f4664d51e413be5735,1.2599999904632568,1.0018365383148193,-0.2581634521484375,0.2581634521484375
1,305,8078c0f043a258654bc68200,1.2799999713897705,0.6413530707359314,-0.6386469006538391,0.6386469006538391
1,306,d1dafa9675426fa1763e1a10,1.1799999475479126,1.1069689989089966,-0.07303094863891602,0.07303094863891602
1,307,72cce9e3153a0f2dff9ea244,2.6500000953674316,2.1464765071868896,-0.503523588180542,0.503523588180542
1,308,41d11388571789019bee8dfc,2.3499999046325684,2.430198907852173,0.08019900321960449,0.08019900321960449
1,309,64ed27048aa93211b1f2bf8b,2.5,2.3428101539611816,-0.15718984603881836,0.15718984603881836
1,310,0e637fe73dd48a989a153c4f,2.3499999046325684,2.1989586353302,-0.15104126930236816,0.15104126930236816
1,311,baaaa16240bc535f0e6c86b5,2.690000057220459,2.4507253170013428,-0.2392747402191162,0.2392747402191162
1,312,c72301757c21bdb75f955df6,2.049999952316284,2.2235605716705322,0.17356061935424805,0.17356061935424805
1,313,6a9ed88bf189bb41ff1ca267,2.319999933242798,2.4610397815704346,0.14103984832763672,0.14103984832763672
1,314,c2308fe0436c469f54cdf8ec,2.490000009536743,2.4878761768341064,-0.0021238327026367188,0.0021238327026367188
1,315,53d1574fd8cec2fd5bd4444f,1.809999942779541,1.9156653881072998,0.10566544532775879,0.10566544532775879
1,316,284aa38ec2e8e77038b196a6,0.800000011920929,0.6971060037612915,-0.10289400815963745,0.10289400815963745
1,317,b9be037030be96d9afe39357,0.7400000095367432,1.3516011238098145,0.6116011142730713,0.6116011142730713
1,318,af6ed4c7cf208af3291d36be,1.0299999713897705,0.9956580996513367,-0.03434187173843384,0.03434187173843384
1,319,3ff3749cbcc9beea52eedf5f,0.3700000047683716,1.1587740182876587,0.7887740135192871,0.7887740135192871
1,320,459355539f929ff3091dd1aa,0.550000011920929,0.6608969569206238,0.11089694499969482,0.11089694499969482
1,321,6f2eeda0095495789e891e95,0.9300000071525574,1.2767242193222046,0.3467242121696472,0.3467242121696472
1,322,2417497795c3cefc5241762a,0.7400000095367432,0.6330232620239258,-0.10697674751281738,0.10697674751281738
1,323,c347cd3b5911279e74294d79,1.0099999904632568,0.7380436658859253,-0.27195632457733154,0.27195632457733154
1,324,9d77da9f9a2ddfd5f6f78108,1.309999942779541,0.7947984337806702,-0.5152015089988708,0.5152015089988708
1,325,71467b5ef687f6d5bfdecf87,0.7099999785423279,0.6952475309371948,-0.014752447605133057,0.014752447605133057
1,326,8091cda2d8ab6105b9a9c322,0.6399999856948853,1.0034373998641968,0.3634374141693115,0.3634374141693115
1,327,918131b4a645982075c1a2c7,1.5,1.6977876424789429,0.19778764247894287,0.19778764247894287
1,328,2dda5a4f983ea52a23ec9579,1.2699999809265137,0.6288098692893982,-0.6411901116371155,0.6411901116371155
1,329,e262e3e88ec6ec3bcbb017c2,0.44999998807907104,1.4709529876708984,1.0209529399871826,1.0209529399871826
1,330,6b736e65d6179cb5020395fb,0.6600000262260437,1.212193250656128,0.5521932244300842,0.5521932244300842
1,331,df0c94353e360076fabef691,1.2599999904632568,1.6005501747131348,0.34055018424987793,0.34055018424987793
1,332,e402205f77aa99e3db7e95fa,1.309999942779541,1.6304059028625488,0.3204059600830078,0.3204059600830078
1,333,3c077014ab3be06d6a174165,1.590000033378601,1.3864449262619019,-0.20355510711669922,0.20355510711669922
1,334,e77d5350ff84fb0cfa8161f0,2.4000000953674316,1.600950002670288,-0.7990500926971436,0.7990500926971436
1,335,9d01a71d205f48197fe3fca0,0.8700000047683716,1.7717727422714233,0.9017727375030518,0.9017727375030518
1,336,b9a0fa966558420fdbb039d1,0.9100000262260437,1.1709015369415283,0.2609015107154846,0.2609015107154846
1,337,84d7e79e31b043f2894a4a2d,1.2899999618530273,1.7392423152923584,0.44924235343933105,0.44924235343933105
1,338,916f06d19314206ef4185111,1.100000023841858,1.0987716913223267,-0.00122833251953125,0.00122833251953125
1,339,7b53706ac9dcada83e51496c,0.8999999761581421,1.3662548065185547,0.4662548303604126,0.4662548303604126
1,340,a4698882a6285f9f4d2a096f,0.9399999976158142,1.2671629190444946,0.3271629214286804,0.3271629214286804
1,341,c6b11409bb261cbe62b093dd,1.0099999904632568,0.8678724765777588,-0.14212751388549805,0.14212751388549805
1,342,2b2d0d606ba98abb0654b1c7,1.6699999570846558,1.4645318984985352,-0.2054680585861206,0.2054680585861206
1,343,5d94f9ee6782080c458ede1b,2.940000057220459,2.219787836074829,-0.7202122211456299,0.7202122211456299
1,344,9939de8a70dde26dc8b29561,0.49000000953674316,0.7957953810691833,0.3057953715324402,0.3057953715324402
1,345,6d7d2ed53faec8aff8df72a3,1.5499999523162842,1.738803505897522,0.1888035535812378,0.1888035535812378
1,346,cba9ad714e6104462c63ffea,0.9599999785423279,0.9636699557304382,0.0036699771881103516,0.0036699771881103516
1,347,adefb544732cfe6b4648909e,1.1200000047683716,1.5376319885253906,0.41763198375701904,0.41763198375701904
1,348,a6949c5425884182d12dd447,1.25,1.0231435298919678,-0.22685647010803223,0.22685647010803223
1,349,f46812565dabe3aca9710f2d,0.6200000047683716,1.1536152362823486,0.533615231513977,0.533615231513977
1,350,950fd0552dfa7285f83db815,1.0499999523162842,1.1509301662445068,0.10093021392822266,0.10093021392822266
1,351,e527c3428d1e6d76a6968e2a,0.3400000035762787,1.2379522323608398,0.8979521989822388,0.8979521989822388
1,352,4a87dccd2d7919cb29e443a4,1.9600000381469727,1.5355013608932495,-0.42449867725372314,0.42449867725372314
1,353,5a64e732a524f861fdb727e4,2.490000009536743,1.1428111791610718,-1.3471888303756714,1.3471888303756714
1,354,2786cdf107f73b0f7fbc2025,0.7200000286102295,1.032008409500122,0.3120083808898926,0.3120083808898926
1,355,53c9180eb6fdd6669482bac4,0.699999988079071,0.7770158648490906,0.07701587677001953,0.07701587677001953
1,356,26ff8afed61d179225e2ede9,2.4600000381469727,1.5422930717468262,-0.9177069664001465,0.9177069664001465
1,357,cd0f981870309b7bb0ad0604,0.8299999833106995,1.1143944263458252,0.28439444303512573,0.28439444303512573
1,358,b16703b888922a66686c88a3,1.1799999475479126,1.4384649991989136,0.258465051651001,0.258465051651001
1,359,03b0fcae8ab11720aea6b7a5,1.2000000476837158,1.172290325164795,-0.0277097225189209,0.0277097225189209
1,360,46fdd5029f7a457157cf66a7,0.699999988079071,0.8213878870010376,0.12138789892196655,0.12138789892196655
1,361,948437a217c45c46903da2e1,0.9300000071525574,1.0312108993530273,0.10121089220046997,0.10121089220046997
1,362,e78487aa4f9c03e79e7cdf06,0.6499999761581421,0.8047716021537781,0.154771625995636,0.154771625995636
1,363,363168a8c6c22581a0eccbbf,0.9300000071525574,1.6737200021743774,0.7437199950218201,0.7437199950218201
1,364,3bee5471b7613973839e16df,0.8399999737739563,1.452426791191101,0.6124268174171448,0.6124268174171448
1,365,6e5ca8c9e65e11e4fbe6adba,0.6800000071525574,1.1114075183868408,0.43140751123428345,0.43140751123428345
1,366,54e56d2ed4515c028ac0d7bf,1.3300000429153442,1.1259422302246094,-0.20405781269073486,0.20405781269073486
1,367,d7491d9ac1dd4eec97f6504b,1.1100000143051147,1.1025841236114502,-0.007415890693664551,0.007415890693664551
1,368,c99643f8c9b7c2cffd0ef490,0.5199999809265137,0.9038767218589783,0.3838767409324646,0.3838767409324646
1,369,6a969def241a28e5d3227061,1.1799999475479126,1.0313124656677246,-0.148687481880188,0.148687481880188
1,370,618d996d65c918baebf0d04d,1.8300000429153442,1.125168800354004,-0.7048312425613403,0.7048312425613403
1,371,3cdb099e4c17f8a2bde1cf6b,1.2400000095367432,0.8857399821281433,-0.35426002740859985,0.35426002740859985
1,372,e26d1dd6c7c2ec8d5f64ddad,0.8299999833106995,0.937698245048523,0.10769826173782349,0.10769826173782349
1,373,12d27d1a95b0aac36d78ea57,2.759999990463257,3.231626272201538,0.47162628173828125,0.47162628173828125
1,374,9082e391fed1965f10ea8e4d,3.8299999237060547,3.440960168838501,-0.3890397548675537,0.3890397548675537
1,375,24cd71b2a35231e346942fb2,3.7100000381469727,3.4054877758026123,-0.30451226234436035,0.30451226234436035
1,376,a22ca384bf824c72983ecb00,3.5399999618530273,3.2468912601470947,-0.2931087017059326,0.2931087017059326
1,377,cf063952b288b69843eb8afe,3.309999942779541,3.0402119159698486,-0.2697880268096924,0.2697880268096924
1,378,445c8ebf3a4fd702f60ce7e7,4.199999809265137,3.7506306171417236,-0.4493691921234131,0.4493691921234131
1,379,4ca2f8ac067be56d4ac04fa0,0.029999999329447746,0.46266067028045654,0.43266066908836365,0.43266066908836365
1,380,129616ed77daf0b033ae6c47,0.019999999552965164,0.39606404304504395,0.3760640323162079,0.3760640323162079
1,381,e39c14046b71e473eac760ae,0.20000000298023224,0.36152568459510803,0.1615256816148758,0.1615256816148758
1,382,e89388d76d5841a78d15c7d9,0.38999998569488525,0.45622438192367554,0.06622439622879028,0.06622439622879028
1,383,cf0a9eadd999194c4baa7029,0.5299999713897705,0.349190354347229,-0.1808096170425415,0.1808096170425415
1,384,5f3926cddff8249e97b1f3ce,1.0399999618530273,0.3522675633430481,-0.6877323985099792,0.6877323985099792
1,385,a5023c7c24c5e2509c403fed,0.9100000262260437,0.17966654896736145,-0.7303334474563599,0.7303334474563599
1,386,e7f0779f6fc7c343fcb2246a,0.18000000715255737,0.45710331201553345,0.2771033048629761,0.2771033048629761
1,387,a0cc9ef30cfb17a6e3e8ec5e,2.5999999046325684,1.8212008476257324,-0.7787990570068359,0.7787990570068359
1,388,621c2eb8e74c8155e5a708d1,2.069999933242798,1.9495878219604492,-0.12041211128234863,0.12041211128234863
1,389,acc3596701504da3740aef55,2.450000047683716,1.9576902389526367,-0.4923098087310791,0.4923098087310791
1,390,424fb8de9f78cb5d5a14bf45,2.0299999713897705,1.883232831954956,-0.14676713943481445,0.14676713943481445
1,391,66676a20828c01536d7f3709,2.2699999809265137,2.341181993484497,0.0711820125579834,0.0711820125579834
1,392,6bcc43c659d30be7dfb0fd40,0.9900000095367432,0.8824481964111328,-0.10755181312561035,0.10755181312561035
1,393,7a0f63e253af2eaab1aae0e6,0.7699999809265137,1.4617993831634521,0.6917994022369385,0.6917994022369385
1,394,a791c241d81c89f23f06e377,0.9900000095367432,0.5814111232757568,-0.40858888626098633,0.40858888626098633
1,395,93c7e4934b4a30d3141b49b8,1.899999976158142,1.2862751483917236,-0.6137248277664185,0.6137248277664185
1,396,5245d7ee467c6fc897f925aa,0.7599999904632568,1.4848538637161255,0.7248538732528687,0.7248538732528687
1,397,27d17e1c620fa72e0d7c3db0,0.9300000071525574,0.7670620083808899,-0.16293799877166748,0.16293799877166748
1,398,1800d2dba69850c84279917e,1.1799999475479126,0.9022464156150818,-0.2777535319328308,0.2777535319328308
1,399,f48a0ed5799275a3735c2352,2.0,2.1197025775909424,0.11970257759094238,0.11970257759094238
1,400,7c2cf553d92eb31b0cbe17ba,2.1600000858306885,2.097540855407715,-0.06245923042297363,0.06245923042297363
1,401,36aa86362269d01cf21f4cfd,2.359999895095825,2.320284128189087,-0.03971576690673828,0.03971576690673828
1,402,e9b3254880baea94051e838c,2.180000066757202,2.5621495246887207,0.38214945793151855,0.38214945793151855
1,403,663103f47a9fe056a81f0518,2.3299999237060547,2.4629533290863037,0.13295340538024902,0.13295340538024902
1,404,70b5419f1b9e85a62c506ed8,2.0199999809265137,2.4393062591552734,0.41930627822875977,0.41930627822875977
1,405,2f3238d6a3fd0f68866edf9b,2.130000114440918,2.304732084274292,0.17473196983337402,0.17473196983337402
1,406,590dfb220a9338e4995170b5,2.0999999046325684,2.196124315261841,0.09612441062927246,0.09612441062927246
1,407,cbe3d3ee8caab72e3ef72101,2.880000114440918,2.432889699935913,-0.4471104145050049,0.4471104145050049
1,408,8466d1b3c2c1bbfdb2fcbc56,2.0299999713897705,2.357569932937622,0.32756996154785156,0.32756996154785156
1,409,2b9e7023cf8fd98402c7b0fa,2.0399999618530273,2.207811117172241,0.16781115531921387,0.16781115531921387
1,410,0b0a7d980c256f93175f304a,2.2699999809265137,2.2921254634857178,0.0221254825592041,0.0221254825592041
1,411,5e77f1605961f888eab1fb31,1.4299999475479126,1.0817838907241821,-0.34821605682373047,0.34821605682373047
1,412,0dc99d840a7804f385a402b2,0.11999999731779099,0.5652455687522888,0.44524556398391724,0.44524556398391724
1,413,ec55bfc52b9847f9cce81b95,0.12999999523162842,0.5808331370353699,0.45083314180374146,0.45083314180374146
1,414,0621b31ee4f8f2a686888e4c,0.5600000023841858,0.7908592820167542,0.23085927963256836,0.23085927963256836
1,415,edd220ece951ab1bf9e4999d,1.1399999856948853,1.4910815954208374,0.35108160972595215,0.35108160972595215
1,416,5b584bc33f8b66f714f130ca,0.25999999046325684,0.6887694001197815,0.42876940965652466,0.42876940965652466
1,417,7b2c624201a93f3732138882,2.0,1.9510972499847412,-0.04890275001525879,0.04890275001525879
1,418,5e7a435d7dce6b99e7a8fd27,0.10199999809265137,0.18354929983615875,0.08154930174350739,0.08154930174350739
1,419,2af8351a712efd01b0cc6319,0.6779999732971191,0.5721738934516907,-0.10582607984542847,0.10582607984542847
1,420,df2564d764ba5468b2a99fd6,1.2289999723434448,1.1898472309112549,-0.03915274143218994,0.03915274143218994
1,421,25e8188fa9b648e9829efe0e,0.39800000190734863,0.3549760580062866,-0.04302394390106201,0.04302394390106201
1,422,a1c5a146a677263b65af43af,2.194000005722046,2.225306749343872,0.03130674362182617,0.03130674362182617
1,423,ccd4e1c2cd1a3f4ed5d370c9,0.8240000009536743,0.732331395149231,-0.09166860580444336,0.09166860580444336
1,424,2a91e7b1c3a1cfcd4ad84acd,0.07599999755620956,0.2419394999742508,0.16593950986862183,0.16593950986862183
1,425,13e143495cfb2e67a23d1802,0.7200000286102295,1.4433479309082031,0.7233479022979736,0.7233479022979736
1,426,709f73b8750281d5e3fb7ad3,1.2899999618530273,1.5723652839660645,0.2823653221130371,0.2823653221130371
1,427,386f2a700d440780ec239340,1.0700000524520874,0.9949997067451477,-0.0750003457069397,0.0750003457069397
1,428,2bbe52b766d66c3050e1ae65,1.0,1.1705294847488403,0.17052948474884033,0.17052948474884033
1,429,3992a238a6b0ebd74f47c790,2.119999885559082,1.7551606893539429,-0.36483919620513916,0.36483919620513916
1,430,74dfa029f0b5d1e79a19e22d,0.75,1.0578596591949463,0.3078596591949463,0.3078596591949463
1,431,adab8d581a27224bf31db0a0,1.940000057220459,1.2288931608200073,-0.7111068964004517,0.7111068964004517
1,432,cceca00cafce7469c14c382a,1.559999942779541,1.8198182582855225,0.25981831550598145,0.25981831550598145
1,433,30a8e01d269f618578167481,1.5099999904632568,1.817402958869934,0.30740296840667725,0.30740296840667725
1,434,86c766a697c2adfaf38b46e1,1.399999976158142,1.244255781173706,-0.15574419498443604,0.15574419498443604
1,435,2fccfba582967f80efdeccd5,1.0299999713897705,1.364426612854004,0.3344266414642334,0.3344266414642334
1,436,ec6bee65829f4ce40a5ef983,1.4700000286102295,1.594618797302246,0.1246187686920166,0.1246187686920166
1,437,4ba990bf79f0551fe752d852,3.1760001182556152,2.9257235527038574,-0.2502765655517578,0.2502765655517578
1,438,6009874c39ae523064e94bc7,3.3010001182556152,3.0655581951141357,-0.2354419231414795,0.2354419231414795
1,439,e6ed7c0c989fcaa59b8c0cb1,3.184999942779541,2.8318769931793213,-0.3531229496002197,0.3531229496002197
1,440,cb003efff40c8e85e4aaca63,2.052000045776367,2.6938960552215576,0.6418960094451904,0.6418960094451904
1,441,0cb8c23f0a46176335d103b3,1.7359999418258667,2.5476152896881104,0.8116153478622437,0.8116153478622437
1,442,f113695936404532769884dc,2.316999912261963,2.055901050567627,-0.26109886169433594,0.26109886169433594
1,443,413f3357ee099c52020023ab,1.3700000047683716,1.4326590299606323,0.06265902519226074,0.06265902519226074
1,444,42aecd0e823d0bea1feb7783,0.6039999723434448,2.488158941268921,1.884158968925476,1.884158968925476
1,445,40916dea7b406ebeb6edb2c0,0.18199999630451202,2.3342831134796143,2.152283191680908,2.152283191680908
1,446,ea5b924ac7b82ecdeb14bf79,1.3899999856948853,1.7289979457855225,0.3389979600906372,0.3389979600906372
1,447,c0885112daeb664647ed6234,1.7100000381469727,1.7311348915100098,0.02113485336303711,0.02113485336303711
1,448,d4c09cc1bc0f3b139e436320,1.8600000143051147,1.464526891708374,-0.3954731225967407,0.3954731225967407
1,449,2688cc818e1c77b2c98034c7,2.130000114440918,1.5815725326538086,-0.5484275817871094,0.5484275817871094
1,450,5fd982af10da65b9bca09f8d,1.909999966621399,1.6025948524475098,-0.30740511417388916,0.30740511417388916
1,451,b61358b3ffc2f5218fca4f47,1.2300000190734863,1.814805269241333,0.5848052501678467,0.5848052501678467
1,452,3a8003a5d0be625c29021230,1.7400000095367432,1.7323524951934814,-0.007647514343261719,0.007647514343261719
1,453,4d06b5d27511df8d6e005811,1.7200000286102295,1.4620859622955322,-0.25791406631469727,0.25791406631469727
1,454,1a76cd9341440d867987314d,1.6299999952316284,1.8436789512634277,0.21367895603179932,0.21367895603179932
1,455,bda7595177ba149c95574704,1.5499999523162842,1.139503002166748,-0.41049695014953613,0.41049695014953613
1,456,f7581841c95d371a15d1e9f1,1.5199999809265137,1.611296534538269,0.09129655361175537,0.09129655361175537
1,457,ebb88ad95a7f746f96408d22,2.2300000190734863,1.8840703964233398,-0.3459296226501465,0.3459296226501465
1,458,171e747e77ff9709f4df0098,0.9300000071525574,1.5460785627365112,0.6160785555839539,0.6160785555839539
1,459,233cd420b85c6ded337e8f5c,1.149999976158142,1.4256397485733032,0.27563977241516113,0.27563977241516113
1,460,65e46ed5fe5f520e8c8b8440,1.6100000143051147,1.7220678329467773,0.1120678186416626,0.1120678186416626
1,461,830bf5c215d08db99767bb6b,1.559999942779541,1.634276032447815,0.07427608966827393,0.07427608966827393
1,462,63500d4f5ccd21ea7b9ea4ff,2.0399999618530273,1.6671113967895508,-0.37288856506347656,0.37288856506347656
1,463,70288389b04e28884534e721,1.3799999952316284,1.6189489364624023,0.23894894123077393,0.23894894123077393
1,464,17029c89e8c6a32927698aa3,1.4500000476837158,1.6991677284240723,0.24916768074035645,0.24916768074035645
1,465,3e3c285c88c8412e80827740,2.380000114440918,1.3813982009887695,-0.9986019134521484,0.9986019134521484
1,466,2b2cfc6103a87dc2b1f1fff6,1.2999999523162842,1.3543641567230225,0.05436420440673828,0.05436420440673828
1,467,b0c466a90b1ccbc1668d39d2,0.44999998807907104,1.2051970958709717,0.7551971077919006,0.7551971077919006
1,468,b74422866c3d0873f2901cac,1.2000000476837158,0.9765802025794983,-0.22341984510421753,0.22341984510421753
1,469,5ac37351d36d2e9b2e4d8f03,0.4399999976158142,0.9558382630348206,0.5158382654190063,0.5158382654190063
1,470,2478ece84d54e65f9e05e646,0.30000001192092896,1.4559471607208252,1.155947208404541,1.155947208404541
1,471,8c8f8f280d241bb0150dc61d,1.1699999570846558,1.795987606048584,0.6259876489639282,0.6259876489639282
1,472,873f435b2842f113a25ffa75,1.059999942779541,0.8913713097572327,-0.16862863302230835,0.16862863302230835
1,473,c9d9721034469223fcb3d599,0.7099999785423279,0.7478869557380676,0.037886977195739746,0.037886977195739746
1,474,9ddb95d0a4b13938d196a270,0.9900000095367432,0.973334014415741,-0.016665995121002197,0.016665995121002197
1,475,1e5d968e5be2acede6f50239,0.3100000023841858,1.2009713649749756,0.8909713625907898,0.8909713625907898
1,476,8c638704aa169a824edcd3af,1.090000033378601,1.0951249599456787,0.005124926567077637,0.005124926567077637
1,477,7e62c44ca2807f5e0f8c389e,0.25999999046325684,1.1358795166015625,0.8758795261383057,0.8758795261383057
1,478,e614d0f1baa192675438aa50,0.6700000166893005,0.9613520503044128,0.2913520336151123,0.2913520336151123
1,479,8e27ac9f7a9c0ee11d9bb7f4,0.46000000834465027,0.6731573939323425,0.21315738558769226,0.21315738558769226
1,480,f4ec14978ebc339fbf604a7c,1.1200000047683716,1.076850414276123,-0.043149590492248535,0.043149590492248535
1,481,2344b6800122cc7951e21569,1.149999976158142,1.0256214141845703,-0.12437856197357178,0.12437856197357178
1,482,6cb73a977dd3d11c75409417,1.6399999856948853,1.8972481489181519,0.2572481632232666,0.2572481632232666
1,483,ece1225626faed221ae5e1d6,1.4700000286102295,1.951754093170166,0.4817540645599365,0.4817540645599365
1,484,64d38fc054d681b29ee8e945,1.5299999713897705,1.2569944858551025,-0.27300548553466797,0.27300548553466797
1,485,3fdd6da10cdfc74595ecd526,1.5399999618530273,1.6469271183013916,0.10692715644836426,0.10692715644836426
1,486,bf1cb5ca4e9d045cbb2a1c0a,1.4500000476837158,1.309951901435852,-0.14004814624786377,0.14004814624786377
1,487,633993f7892ff92272641f8f,1.4299999475479126,1.4084101915359497,-0.02158975601196289,0.02158975601196289
1,488,1ab0198418b9faa07c07a16b,1.850000023841858,1.920008659362793,0.07000863552093506,0.07000863552093506
1,489,bc5c79d5ff8b0eed04b36ec9,1.600000023841858,1.350851058959961,-0.24914896488189697,0.24914896488189697
1,490,71395a99262d9d23210d3092,1.6699999570846558,1.6530025005340576,-0.016997456550598145,0.016997456550598145
1,491,e2f14347a07a91ac1947b701,1.6100000143051147,1.7727466821670532,0.16274666786193848,0.16274666786193848
1,492,dd23dcdc500c7e03e836fb54,1.6699999570846558,1.2072646617889404,-0.46273529529571533,0.46273529529571533
1,493,49f6881a6c83e8695aaa09da,1.909000039100647,1.779402732849121,-0.12959730625152588,0.12959730625152588
1,494,757f0e6944054f79ef6ae332,1.5420000553131104,1.0864704847335815,-0.4555295705795288,0.4555295705795288
1,495,98def978dbbf506f59ebba78,1.215000033378601,1.2642443180084229,0.04924428462982178,0.04924428462982178
1,496,25de13301f97e1c4bbe97b67,2.194000005722046,1.9862825870513916,-0.2077174186706543,0.2077174186706543
1,497,46cd486447305e5c0b4ccefb,1.3259999752044678,1.444383144378662,0.11838316917419434,0.11838316917419434
1,498,6a268dcafdb2e79d0aa4a34c,2.0490000247955322,1.7924041748046875,-0.2565958499908447,0.2565958499908447
1,499,c4ee3997c9e237d2327b1b03,2.380000114440918,3.41640043258667,1.036400318145752,1.036400318145752
1,500,ed3c03eb721d398e55f43e18,2.3299999237060547,4.55145263671875,2.2214527130126953,2.2214527130126953
1,501,04b3c9480d2ebeb0c0ad06a1,3.319999933242798,3.0863144397735596,-0.23368549346923828,0.23368549346923828
1,502,0e1d0c1cb218347fb513b6c8,4.179999828338623,4.193476676940918,0.013476848602294922,0.013476848602294922
1,503,5fd61fa63160d101cc1faf3a,3.0999999046325684,4.321768760681152,1.221768856048584,1.221768856048584
1,504,6a94eb7a6002319c8718efd7,2.450000047683716,2.36332368850708,-0.08667635917663574,0.08667635917663574
1,505,3d19ea5f15501be8d4b6e6b5,2.0799999237060547,2.2545971870422363,0.17459726333618164,0.17459726333618164
1,506,60c61f21725e29374a095f05,3.4700000286102295,3.332860231399536,-0.13713979721069336,0.13713979721069336
1,507,dca6b4a94a06b25be2c9351f,2.509999990463257,2.822709560394287,0.3127095699310303,0.3127095699310303
1,508,fc5434e8b5f32bc32069f945,3.509999990463257,2.825101852416992,-0.6848981380462646,0.6848981380462646
1,509,8b0be8ae1c1d564494090929,4.0,4.320045471191406,0.32004547119140625,0.32004547119140625
1,510,47f4b27e0d8ac300a56e4faa,2.5,2.1679089069366455,-0.3320910930633545,0.3320910930633545
1,511,ab51acabf1b40b20fd2382fc,3.0,2.5217392444610596,-0.47826075553894043,0.47826075553894043
1,512,9baf3bb3b019964e6d80a7f4,4.360000133514404,3.4669833183288574,-0.8930168151855469,0.8930168151855469
1,513,4355bbb77760d187b3c28b86,3.109999895095825,3.149843454360962,0.03984355926513672,0.03984355926513672
1,514,b722d0c7e1235d378309602e,4.849999904632568,3.449848175048828,-1.4001517295837402,1.4001517295837402
1,515,09928ea9d15e738fd5a5597d,2.6500000953674316,2.8500823974609375,0.20008230209350586,0.20008230209350586
1,516,0e5d20633c6a6274acee61e8,1.6299999952316284,2.0663015842437744,0.436301589012146,0.436301589012146
1,517,8ee1c4c07bab5c8436c15b6e,3.2679998874664307,2.846069574356079,-0.42193031311035156,0.42193031311035156
1,518,9b8e81ed47f63907a368f00d,3.1740000247955322,3.144766330718994,-0.029233694076538086,0.029233694076538086
1,519,b12c2bd476f2d02c4a1d378b,2.8540000915527344,3.043325662612915,0.18932557106018066,0.18932557106018066
1,520,b46c770c7944704f772fbdff,4.11899995803833,3.9400012493133545,-0.17899870872497559,0.17899870872497559
1,521,e902ce1a433a3c9060c6d586,3.5850000381469727,4.123711585998535,0.5387115478515625,0.5387115478515625
1,522,d76f2e10a2de91d1f7a9e54d,4.538000106811523,4.241213798522949,-0.2967863082885742,0.2967863082885742
1,523,109f30200cc207b29ab726c0,4.552999973297119,4.194009304046631,-0.3589906692504883,0.3589906692504883
1,524,b978a3f0d212f039b46e8a8c,4.568999767303467,4.442612171173096,-0.1263875961303711,0.1263875961303711
1,525,2d372024956e2b057f67845c,4.796000003814697,3.878103017807007,-0.9178969860076904,0.9178969860076904
1,526,bb47ce8d8b3225973be71b3c,0.9210000038146973,1.8701046705245972,0.9491046667098999,0.9491046667098999
1,527,5911b5debd9d43702ecc1e9d,0.8220000267028809,3.6523592472076416,2.8303592205047607,2.8303592205047607
1,528,d9fc6c31a90dd46c99eb09d9,1.4149999618530273,2.0810954570770264,0.666095495223999,0.666095495223999
1,529,f6968495e86c272a3756df4c,3.697000026702881,3.853102922439575,0.15610289573669434,0.15610289573669434
1,530,1866b408e9920de00bf763f0,4.534999847412109,3.9094479084014893,-0.6255519390106201,0.6255519390106201
1,531,270e727c2528a38d3114d872,3.246000051498413,2.6410014629364014,-0.6049985885620117,0.6049985885620117
1,532,00cf487e0a13f39606cf84c0,3.368000030517578,4.03246545791626,0.6644654273986816,0.6644654273986816
1,533,bc919dfae90510cc07de5cd5,4.288000106811523,3.9733874797821045,-0.31461262702941895,0.31461262702941895
1,534,c099d58388a9fb0dff85f25b,1.2920000553131104,1.218033790588379,-0.07396626472473145,0.07396626472473145
1,535,da790f19dbdf3dd6bce19c96,0.8539999723434448,0.4877985119819641,-0.3662014603614807,0.3662014603614807
1,536,c7b67bbcac7ff9b66428b11f,1.6990000009536743,1.5973446369171143,-0.10165536403656006,0.10165536403656006
1,537,9e89c3617a1a9cdd917a321c,1.3869999647140503,0.9284302592277527,-0.4585697054862976,0.4585697054862976
1,538,1839ecf2903f428bb8928c78,2.125,2.1286356449127197,0.0036356449127197266,0.0036356449127197266
1,539,66bdb8a3c5c0d6eab5aa4d14,2.1019999980926514,0.18354932963848114,-1.9184507131576538,1.9184507131576538
1,540,0a8c0489ce3e6bc3f6edf810,2.0759999752044678,2.111053705215454,0.03505373001098633,0.03505373001098633
1,541,ecae9a2685303bb7ea003286,2.7699999809265137,2.4375805854797363,-0.33241939544677734,0.33241939544677734
1,542,cd30677c6118427c5bffd489,0.367000013589859,0.5105293989181519,0.14352938532829285,0.14352938532829285
1,543,e8a20aeff4222bcf225516a3,2.24399995803833,2.3533523082733154,0.10935235023498535,0.10935235023498535
1,544,338d3aeddbde9f7d6523de3d,2.6989998817443848,2.341214418411255,-0.3577854633331299,0.3577854633331299
1,545,1106c578953e130e1f5e8abe,1.2920000553131104,1.133156657218933,-0.15884339809417725,0.15884339809417725
1,546,2026189f7e7287d1d8a6a940,1.6579999923706055,1.594022512435913,-0.06397747993469238,0.06397747993469238
1,547,9086dbe1a1d40c72aa7d18b5,2.1410000324249268,1.947049856185913,-0.19395017623901367,0.19395017623901367
1,548,94d67f7570206f95165d6e71,2.3369998931884766,2.3171520233154297,-0.019847869873046875,0.019847869873046875
1,549,de8fccb68a6da1912a367331,0.8240000009536743,0.6246938109397888,-0.1993061900138855,0.1993061900138855
1,550,6e3c22ada30b9621df5e3458,2.059999942779541,2.212952136993408,0.1529521942138672,0.1529521942138672
1,551,4f0d6a8f48e8a3b364ff1078,1.5850000381469727,1.5067131519317627,-0.07828688621520996,0.07828688621520996
1,552,53600e31b67ea97dc1f11cec,1.7699999809265137,1.8824183940887451,0.11241841316223145,0.11241841316223145
1,553,3a41b1ece9bc335711eee8e1,1.3279999494552612,0.8918485045433044,-0.4361514449119568,0.4361514449119568
1,554,1ce7d4820cdaecb2af8148d8,4.251999855041504,4.119797229766846,-0.1322026252746582,0.1322026252746582
2,0,85aa446cca4acb3b23e5a1f9,2.7699999809265137,1.4331190586090088,-1.3368809223175049,1.3368809223175049
2,1,1a7ae0df76461812c63f58d0,0.7250000238418579,2.1851842403411865,1.4601842164993286,1.4601842164993286
2,2,fb86e6eb7836699f77444aca,1.3009999990463257,1.5944430828094482,0.29344308376312256,0.29344308376312256
2,3,4e27df2a293ead5d2c5c067a,2.73799991607666,3.1556615829467773,0.4176616668701172,0.4176616668701172
2,4,34ceaa25ed35437f03bf16ad,2.885999917984009,3.2412493228912354,0.35524940490722656,0.35524940490722656
2,5,e3b6a6971f44af6270de14f9,2.818000078201294,2.619903802871704,-0.19809627532958984,0.19809627532958984
2,6,8e8dc90381cfa5ff002799e1,1.2640000581741333,0.6137669086456299,-0.6502331495285034,0.6502331495285034
2,7,fbf4957944db7dc0fdb549ad,1.0360000133514404,1.6255261898040771,0.5895261764526367,0.5895261764526367
2,8,8a309669d9abad538cefe8aa,2.2139999866485596,1.7446770668029785,-0.46932291984558105,0.46932291984558105
2,9,c87c8393029b55ededb038d0,3.4809999465942383,2.172746181488037,-1.3082537651062012,1.3082537651062012
2,10,90ccf95788a57474c8238e19,3.986999988555908,4.012121677398682,0.025121688842773438,0.025121688842773438
2,11,3dc30f47a8a2865abbc7501d,0.5450000166893005,1.285788655281067,0.7407886385917664,0.7407886385917664
2,12,3fe42246ee6b6ae3a9b2bdf1,1.9240000247955322,1.929732084274292,0.005732059478759766,0.005732059478759766
2,13,5b07eedfd79db110ffaa8dd9,3.885999917984009,1.8870763778686523,-1.9989235401153564,1.9989235401153564
2,14,f86fc006ca6e5e40738b4a69,2.003999948501587,1.4916529655456543,-0.5123469829559326,0.5123469829559326
2,15,4cd5c6c7e8d6b8c25c803841,2.1019999980926514,2.2836737632751465,0.18167376518249512,0.18167376518249512
2,16,fc29150a52b8b1c13954a10d,2.569000005722046,2.5780227184295654,0.009022712707519531,0.009022712707519531
2,17,6fb9c8f253f075a2da8a0aac,2.6579999923706055,2.728484869003296,0.07048487663269043,0.07048487663269043
2,18,41baa8673ee9ec57e5ea9eaa,0.25200000405311584,0.6049519777297974,0.3529519736766815,0.3529519736766815
2,19,7187bf60bde2e99d8278eab8,1.5850000381469727,1.9473555088043213,0.36235547065734863,0.36235547065734863
2,20,a05a33a2e23b50c8dda3ceb6,2.1019999980926514,2.1345856189727783,0.03258562088012695,0.03258562088012695
2,21,a38f40816e19f1f07a50aeae,3.4809999465942383,2.8984241485595703,-0.582575798034668,0.582575798034668
2,22,728f5e2900c49098d70bc100,2.5230000019073486,2.4240076541900635,-0.09899234771728516,0.09899234771728516
2,23,051ad4c6e8b0fd95f4b661c1,2.377000093460083,2.0926098823547363,-0.2843902111053467,0.2843902111053467
2,24,1f598fa9bd7107feeb5165fc,2.2679998874664307,2.2207605838775635,-0.04723930358886719,0.04723930358886719
2,25,c8fd6091c772d5fcc425a829,2.625,2.531935930252075,-0.0930640697479248,0.0930640697479248
2,26,d219e4d3692e3f1d51508c0f,2.86299991607666,2.6538937091827393,-0.2091062068939209,0.2091062068939209
2,27,c6f159d1b2dfd8b7b99a0d40,1.7929999828338623,1.775825023651123,-0.017174959182739258,0.017174959182739258
2,28,e16df04cd1a7bf684efdfdbd,3.0409998893737793,2.5379679203033447,-0.5030319690704346,0.5030319690704346
2,29,d3c9b191bc61b09ebe415a07,0.5540000200271606,0.5359494090080261,-0.01805061101913452,0.01805061101913452
2,30,731e640ac59f805e13fab73d,1.5920000076293945,1.4854390621185303,-0.10656094551086426,0.10656094551086426
2,31,11eea801465b3498f7b9b964,1.319000005722046,1.6814087629318237,0.36240875720977783,0.36240875720977783
2,32,33c27dd738c246f4f6383705,0.9549999833106995,0.8675476908683777,-0.08745229244232178,0.08745229244232178
2,33,97b084e39c23a44f2b0fa1a8,2.249000072479248,2.118828058242798,-0.1301720142364502,0.1301720142364502
2,34,0c31ec7b3988e0c00c70a43d,3.494999885559082,3.57555890083313,0.08055901527404785,0.08055901527404785
2,35,7d3591278449ea60a4af2477,3.125,0.6311956644058228,-2.493804454803467,2.493804454803467
2,36,ca908ced07da1ed437193e36,2.996000051498413,3.6475367546081543,0.6515367031097412,0.6515367031097412
2,37,964e51992f267e8ad8ddd513,1.0540000200271606,0.9520372152328491,-0.10196280479431152,0.10196280479431152
2,38,068091505eb53054922b04c9,3.3010001182556152,3.2873988151550293,-0.013601303100585938,0.013601303100585938
2,39,21828f8fc5c72822f00b8e1b,1.1770000457763672,1.381770133972168,0.20477008819580078,0.20477008819580078
2,40,612b2ccbdd61cbc971ca9aed,1.1139999628067017,1.4299955368041992,0.31599557399749756,0.31599557399749756
2,41,0ad1688dc4ccfe00487321ea,1.8760000467300415,2.2593994140625,0.3833993673324585,0.3833993673324585
2,42,6fc63aca24b19a7ae56cbceb,1.4470000267028809,1.4769598245620728,0.029959797859191895,0.029959797859191895
2,43,ff8d2f875e7a195d8b17b209,1.680999994277954,1.636845588684082,-0.04415440559387207,0.04415440559387207
2,44,ad2a750b98c670c49e70dda9,4.823999881744385,3.9590375423431396,-0.8649623394012451,0.8649623394012451
2,45,1539be46886a9ab59f87e67b,3.2009999752044678,3.4479973316192627,0.24699735641479492,0.24699735641479492
2,46,e08f95815b0ce16f939dea92,2.631999969482422,2.921110153198242,0.2891101837158203,0.2891101837158203
2,47,9c339195f21bc2b8799b7cfa,0.6990000009536743,0.7315273284912109,0.03252732753753662,0.03252732753753662
2,48,8f32c11036a1fdab56ada35c,0.39800000190734863,0.3047848045825958,-0.09321519732475281,0.09321519732475281
2,49,8590392c97b5b6f9fad4bbfd,3.134999990463257,3.1166374683380127,-0.01836252212524414,0.01836252212524414
2,50,56ca06721ebf9fc1b2c7e5c7,2.26200008392334,2.921647310256958,0.6596472263336182,0.6596472263336182
2,51,8ada25e93f6e7c88ddd7aba4,2.7699999809265137,1.903754472732544,-0.8662455081939697,0.8662455081939697
2,52,5e62f9d9f854c0f57bb197be,0.20800000429153442,0.6205393075942993,0.4125393033027649,0.4125393033027649
2,53,44cf87961ec1f0115349b35a,0.8539999723434448,0.846003532409668,-0.007996439933776855,0.007996439933776855
2,54,6408cb682c707be212e360bb,0.8240000009536743,1.0115306377410889,0.18753063678741455,0.18753063678741455
2,55,2e527e1028fe3bbc87296b0f,0.18700000643730164,0.5818455219268799,0.39484551548957825,0.39484551548957825
2,56,1401c067b920e1bdc345d2a4,1.6019999980926514,1.147402048110962,-0.45459794998168945,0.45459794998168945
2,57,f76e82778e480c5aaad56bb3,2.194000005722046,2.133117437362671,-0.060882568359375,0.060882568359375
2,58,04c19e271f074ad3226e7d09,3.313999891281128,3.252471685409546,-0.06152820587158203,0.06152820587158203
2,59,5fe3c0b4a2909d2e7088600a,2.0,1.5809385776519775,-0.41906142234802246,0.41906142234802246
2,60,06ae615d806618e67f082f5e,0.6349999904632568,0.6257784962654114,-0.009221494197845459,0.009221494197845459
2,61,30d0a8569d518e44b4c78f1f,2.2980000972747803,2.269495725631714,-0.028504371643066406,0.028504371643066406
2,62,5f2dbda1a9ea36dfa7826745,3.5320000648498535,3.5126354694366455,-0.019364595413208008,0.019364595413208008
2,63,6b1772818ea8b06d4dd2d496,2.614000082015991,2.8132529258728027,0.19925284385681152,0.19925284385681152
2,64,1185db65e718bac3ca6daaf3,0.25600001215934753,0.25523123145103455,-0.0007687807083129883,0.0007687807083129883
2,65,217afdffe0cc545349a02058,0.24199999868869781,0.2950052320957184,0.05300523340702057,0.05300523340702057
2,66,36b341aa805899e13e5db5da,0.257999986410141,0.2484298050403595,-0.009570181369781494,0.009570181369781494
2,67,d59e38be1a6f4ab60b7606cd,0.36800000071525574,1.6323342323303223,1.2643342018127441,1.2643342018127441
2,68,2cbc5ba0b821ff3733f60691,2.5160000324249268,2.4578378200531006,-0.05816221237182617,0.05816221237182617
2,69,f583b1c3295c309ccc77d621,0.5379999876022339,2.5591328144073486,2.0211329460144043,2.0211329460144043
2,70,02d4d0a3a04a154f4b7de03a,2.7960000038146973,2.6872284412384033,-0.10877156257629395,0.10877156257629395
2,71,e9523269b17e50c7eef3ab34,2.5299999713897705,2.3537709712982178,-0.17622900009155273,0.17622900009155273
2,72,08674504e426530f2fb81b36,1.899999976158142,1.853163242340088,-0.0468367338180542,0.0468367338180542
2,73,9420f71048d5b3a58bafd928,2.249000072479248,2.1200459003448486,-0.12895417213439941,0.12895417213439941
2,74,1d512c6503e3ba672d2c45dd,1.9589999914169312,1.6962178945541382,-0.26278209686279297,0.26278209686279297
2,75,0520547f80d00f395ecedbb9,3.1480000019073486,4.086084842681885,0.9380848407745361,0.9380848407745361
2,76,e37e8f82d878a42a715145b2,2.4089999198913574,1.8903394937515259,-0.5186604261398315,0.5186604261398315
2,77,faff34c8a97069e02591799a,4.067999839782715,3.9804041385650635,-0.08759570121765137,0.08759570121765137
2,78,263a5773f34e8074fc9ca0c7,3.128000020980835,3.094228982925415,-0.03377103805541992,0.03377103805541992
2,79,a87b5c84383c9972d41bf50d,2.9679999351501465,3.4472908973693848,0.4792909622192383,0.4792909622192383
2,80,d381c7a0dfff43cb8df4443e,4.138000011444092,3.9444620609283447,-0.19353795051574707,0.19353795051574707
2,81,80b5d8082c778625494467df,3.2179999351501465,3.0752756595611572,-0.14272427558898926,0.14272427558898926
2,82,9a019d9a3e7c776be94742f8,2.73799991607666,2.6953773498535156,-0.04262256622314453,0.04262256622314453
2,83,3d9c2f097cd985290ca7f0cf,3.6019999980926514,2.485846996307373,-1.1161530017852783,1.1161530017852783
2,84,80d2df31fda8f8278aaee7bf,1.9700000286102295,2.2483346462249756,0.2783346176147461,0.2783346176147461
2,85,dd20d5cb445ffe8681d19d25,2.4600000381469727,2.0631134510040283,-0.39688658714294434,0.39688658714294434
2,86,b3b5f6a2e1058ff1ffa23b39,2.0799999237060547,2.059107542037964,-0.02089238166809082,0.02089238166809082
2,87,be746c833b580d01d9817a5d,1.9900000095367432,1.9225972890853882,-0.06740272045135498,0.06740272045135498
2,88,664c702f4efeffbb7da8d86d,2.619999885559082,1.9983713626861572,-0.6216285228729248,0.6216285228729248
2,89,fcf20b4d64c510b5fb6fa5ff,1.5299999713897705,2.5639374256134033,1.0339374542236328,1.0339374542236328
2,90,7a1201ff43ef1fbc21320557,0.6399999856948853,0.908699631690979,0.26869964599609375,0.26869964599609375
2,91,f96f569623f56a341dd63162,1.2200000286102295,0.4011426866054535,-0.8188573122024536,0.8188573122024536
2,92,1b59d85b3c2a0299d443872d,0.7400000095367432,1.0192549228668213,0.2792549133300781,0.2792549133300781
2,93,90f53d2e7eca421eda6d34da,0.8100000023841858,1.1296814680099487,0.31968146562576294,0.31968146562576294
2,94,a2787026dba71fa385cbf13e,0.5600000023841858,0.6804007291793823,0.12040072679519653,0.12040072679519653
2,95,4e4ed80ed936229a0a219f40,0.6100000143051147,1.407900094985962,0.7979000806808472,0.7979000806808472
2,96,4a14815c7496afb702875b1a,0.9599999785423279,0.5100089311599731,-0.44999104738235474,0.44999104738235474
2,97,da15429c7cf2d341820c09bc,0.5,0.9359878301620483,0.43598783016204834,0.43598783016204834
2,98,fe2e6dd307f5b96b87002ba8,0.3499999940395355,0.8062474727630615,0.456247478723526,0.456247478723526
2,99,82fa1e2c337459263656085e,1.6399999856948853,0.9223986268043518,-0.7176013588905334,0.7176013588905334
2,100,e0a597b82a8f7161dd48dceb,1.399999976158142,1.0091837644577026,-0.39081621170043945,0.39081621170043945
2,101,059ce7a1a7da488d205276e8,1.690000057220459,1.1745054721832275,-0.5154945850372314,0.5154945850372314
2,102,cc7d08cd71e739a32c2194bc,0.8299999833106995,1.537837028503418,0.7078370451927185,0.7078370451927185
2,103,eb06c289312e393c41df180f,3.1500000953674316,1.1062827110290527,-2.043717384338379,2.043717384338379
2,104,5f9a638945757a2e93e25ad6,1.7699999809265137,1.1437373161315918,-0.6262626647949219,0.6262626647949219
2,105,69dd1e0e4f6c03735e2c6d24,0.7300000190734863,1.1460037231445312,0.4160037040710449,0.4160037040710449
2,106,f04aabd9c1f6202fd6afa2a3,1.7400000095367432,1.0389140844345093,-0.7010859251022339,0.7010859251022339
2,107,0a2b0a5079f77e0e082f54f3,1.059999942779541,1.2794723510742188,0.21947240829467773,0.21947240829467773
2,108,86580bc3b99f663aa1329ba8,0.9100000262260437,0.7460571527481079,-0.1639428734779358,0.1639428734779358
2,109,dc57b8ffddacf0de8e2f79d2,1.0700000524520874,1.140418291091919,0.07041823863983154,0.07041823863983154
2,110,8871b8b58f6b6b54a8a272f7,1.0099999904632568,0.7515130043029785,-0.2584869861602783,0.2584869861602783
2,111,4f4a520231a1dcb54602c330,1.2400000095367432,1.4489938020706177,0.2089937925338745,0.2089937925338745
2,112,1e0dae0da2786e76bf4f2c91,2.130000114440918,1.5040338039398193,-0.6259663105010986,0.6259663105010986
2,113,4a38306b056ee395d040639f,1.100000023841858,1.3844720125198364,0.2844719886779785,0.2844719886779785
2,114,858378f61a35247caa6cef6a,1.0399999618530273,0.9499726295471191,-0.0900273323059082,0.0900273323059082
2,115,943294a81f6c2240b975e659,2.0,2.1629889011383057,0.16298890113830566,0.16298890113830566
2,116,1da6a5956db2db97a3ad282b,2.6989998817443848,2.1703691482543945,-0.5286307334899902,0.5286307334899902
2,117,baa0e6a5bfd5ae7e48a9193c,0.5690000057220459,0.8064379692077637,0.23743796348571777,0.23743796348571777
2,118,c28d543c2cd15af0043bf7f2,2.299999952316284,2.535470724105835,0.23547077178955078,0.23547077178955078
2,119,91af4552826c0ae5607edd25,3.2899999618530273,2.4582157135009766,-0.8317842483520508,0.8317842483520508
2,120,2eb1a40776534c5d55a8c823,2.4800000190734863,2.6949188709259033,0.214918851852417,0.214918851852417
2,121,f6ddfbd946e34de9d5f9a998,2.9800000190734863,2.9692163467407227,-0.010783672332763672,0.010783672332763672
2,122,314e1dd665ae23a8a8f0a8dc,2.869999885559082,2.4113340377807617,-0.4586658477783203,0.4586658477783203
2,123,918059204e95ffb29468d8a6,3.1700000762939453,3.036632537841797,-0.13336753845214844,0.13336753845214844
2,124,1f5fb919d964456e75afb167,2.690000057220459,2.4437386989593506,-0.2462613582611084,0.2462613582611084
2,125,537019fe43bbc1f7d87e8bac,2.5,2.9489665031433105,0.44896650314331055,0.44896650314331055
2,126,3628aa21097028f6f4a6f664,1.3300000429153442,1.0389763116836548,-0.29102373123168945,0.29102373123168945
2,127,3a027df28632a47d2aa0b9a3,1.1299999952316284,1.4802014827728271,0.35020148754119873,0.35020148754119873
2,128,6bb564e31e0a4327c178a863,1.309999942779541,1.7918996810913086,0.4818997383117676,0.4818997383117676
2,129,bd93c0deb32249dc765aca13,0.9900000095367432,0.8093980550765991,-0.18060195446014404,0.18060195446014404
2,130,04582301a333b9565477f4f3,1.0800000429153442,0.9448456764221191,-0.1351543664932251,0.1351543664932251
2,131,3b0997f9dc4f21cf5b651d0b,1.149999976158142,1.4238394498825073,0.27383947372436523,0.27383947372436523
2,132,aa070981922f2f773ed6ce40,1.100000023841858,1.126075029373169,0.026075005531311035,0.026075005531311035
2,133,91d9262a70c5b29f080aed81,1.0099999904632568,0.8930585384368896,-0.11694145202636719,0.11694145202636719
2,134,f98666e4fe4d31a95350e695,1.2200000286102295,1.0006928443908691,-0.21930718421936035,0.21930718421936035
2,135,3c9b28d78c3976d3200525ca,1.2799999713897705,1.269716739654541,-0.010283231735229492,0.010283231735229492
2,136,79a136f30f32dc470fc3ce0f,1.2100000381469727,0.8446117639541626,-0.36538827419281006,0.36538827419281006
2,137,72dc3bd7728f31f4ffbccf22,2.190000057220459,1.5092518329620361,-0.6807482242584229,0.6807482242584229
2,138,c200fc611d75ea236451fcf1,1.190000057220459,0.7894793748855591,-0.4005206823348999,0.4005206823348999
2,139,f77641355317b90297c972b6,0.9399999976158142,0.7150481939315796,-0.22495180368423462,0.22495180368423462
2,140,94de5b53ce706562582c87f3,0.6600000262260437,0.9457849264144897,0.28578490018844604,0.28578490018844604
2,141,7696266b56bacb7bef547b03,1.159999966621399,0.7835008502006531,-0.37649911642074585,0.37649911642074585
2,142,8c253f4c4e3fbaea87532c79,0.7799999713897705,1.4223488569259644,0.6423488855361938,0.6423488855361938
2,143,2786a1942444d977e37376de,1.2000000476837158,1.350961446762085,0.15096139907836914,0.15096139907836914
2,144,b3ab4125beb26ce9e2297929,2.0799999237060547,2.0584194660186768,-0.02158045768737793,0.02158045768737793
2,145,7eae509f4e85b3e1f70ee195,1.0700000524520874,1.5087435245513916,0.4387434720993042,0.4387434720993042
2,146,03f08ee1165bc705bbd42279,0.9399999976158142,2.0714919567108154,1.1314918994903564,1.1314918994903564
2,147,eeda28fbd3b06d3d07b15231,1.6100000143051147,2.025378942489624,0.4153789281845093,0.4153789281845093
2,148,0a3d4b6c14fc709d6fcc6f72,1.6200000047683716,1.6402060985565186,0.020206093788146973,0.020206093788146973
2,149,909a58bee972096b78f415a4,2.009999990463257,1.3200783729553223,-0.6899216175079346,0.6899216175079346
2,150,8e92cc28bb59614b4ed9ec55,1.940000057220459,1.352853536605835,-0.587146520614624,0.587146520614624
2,151,2392edff679409a249dd993f,1.3200000524520874,1.4347456693649292,0.1147456169128418,0.1147456169128418
2,152,1e22da02eeb310e0c5b794de,1.4700000286102295,1.4186787605285645,-0.05132126808166504,0.05132126808166504
2,153,dacfdb53f798ee7a2c4493ef,1.2599999904632568,1.2209680080413818,-0.039031982421875,0.039031982421875
2,154,e452bcc961eba0bbf81a7940,1.3799999952316284,1.4646445512771606,0.08464455604553223,0.08464455604553223
2,155,146a5ef7d8f8bbbd22af30e9,1.6799999475479126,1.6218674182891846,-0.05813252925872803,0.05813252925872803
2,156,24880d86858e9095d0b25877,1.690000057220459,1.8439151048660278,0.15391504764556885,0.15391504764556885
2,157,dd37e1c7e6bdbde121e4b0d9,1.2599999904632568,1.3074584007263184,0.04745841026306152,0.04745841026306152
2,158,cfa0cacaf211b6dd1650667f,1.4500000476837158,1.448217749595642,-0.0017822980880737305,0.0017822980880737305
2,159,085e5980f6e7defc626b2f5a,1.4600000381469727,1.381127119064331,-0.0788729190826416,0.0788729190826416
2,160,581476be0324803f14325378,1.4199999570846558,1.4887205362319946,0.06872057914733887,0.06872057914733887
2,161,f9c3600e0e388e740020a2d9,0.8799999952316284,1.3011868000030518,0.42118680477142334,0.42118680477142334
2,162,bde48a29bca7de5200283dc6,2.299999952316284,1.794767141342163,-0.5052328109741211,0.5052328109741211
2,163,7d25a7a473ca9edc207559ba,0.8100000023841858,1.3539206981658936,0.5439206957817078,0.5439206957817078
2,164,28f6e1574af4cc1f66d47c20,0.7099999785423279,0.9168254137039185,0.20682543516159058,0.20682543516159058
2,165,485b33ebd4d997569b9aba45,1.25,1.100662350654602,-0.14933764934539795,0.14933764934539795
2,166,330f01a264c400c97dce250e,0.23999999463558197,0.815739631652832,0.5757396221160889,0.5757396221160889
2,167,8609f8773dbd39329a845f90,1.0700000524520874,0.6703044772148132,-0.39969557523727417,0.39969557523727417
2,168,d4cbe43992273a923a247ba3,1.090000033378601,1.4643059968948364,0.37430596351623535,0.37430596351623535
2,169,a4017c80787a756c918f2718,1.4199999570846558,1.2036237716674805,-0.2163761854171753,0.2163761854171753
2,170,3605f28d4468048d31d7ed65,0.8799999952316284,0.9303232431411743,0.0503232479095459,0.0503232479095459
2,171,5ff61a1805ef1ed23f3d0900,0.36000001430511475,0.7851786613464355,0.4251786470413208,0.4251786470413208
2,172,2184b987b879c74532733a94,2.436000108718872,2.26174259185791,-0.17425751686096191,0.17425751686096191
2,173,0e0f14dad06d262f74a10fbc,1.8639999628067017,2.138638496398926,0.2746385335922241,0.2746385335922241
2,174,78454d03c53ebae27bb52c1f,2.36299991607666,1.9604034423828125,-0.40259647369384766,0.40259647369384766
2,175,174be17fe457f2c3159c10d6,1.5199999809265137,1.7474396228790283,0.22743964195251465,0.22743964195251465
2,176,93a21474bdef55776ac85609,1.309999942779541,1.705959439277649,0.3959594964981079,0.3959594964981079
2,177,3415c1a73cb1a5295bc7cbd4,1.190000057220459,0.5901104211807251,-0.5998896360397339,0.5998896360397339
2,178,720fdbe488e0dd9f18a44c2f,0.9599999785423279,0.9103761911392212,-0.04962378740310669,0.04962378740310669
2,179,fdce49bf26ff2cd0ebfbbff4,1.0299999713897705,0.7714148759841919,-0.2585850954055786,0.2585850954055786
2,180,c101d4485e1795462df6e212,0.8799999952316284,0.9856915473937988,0.10569155216217041,0.10569155216217041
2,181,750ea8340df47dc5397e4d30,1.190000057220459,0.7700279951095581,-0.4199720621109009,0.4199720621109009
2,182,06bf62fc7b9b96cefda4e741,0.8700000047683716,0.616074800491333,-0.2539252042770386,0.2539252042770386
2,183,2a1489b8e136840671b5b806,0.7699999809265137,0.796356201171875,0.026356220245361328,0.026356220245361328
2,184,3bc45ddbc50bfd0d9ebbed8a,0.8500000238418579,0.8866281509399414,0.036628127098083496,0.036628127098083496
2,185,5c881294b9bae8507e183d4b,0.8399999737739563,1.133164405822754,0.2931644320487976,0.2931644320487976
2,186,bbc3fd8380060d974f38f073,0.7900000214576721,0.703759491443634,-0.08624053001403809,0.08624053001403809
2,187,38490ee96e45ec07aa35570e,0.8100000023841858,0.5352138876914978,-0.274786114692688,0.274786114692688
2,188,4dc9cf271e8590e5aeb1ece6,2.069999933242798,2.5926849842071533,0.5226850509643555,0.5226850509643555
2,189,e28f03ccc3af72002c9510db,2.0320000648498535,2.094778299331665,0.06277823448181152,0.06277823448181152
2,190,b6986b94a8893015f4fe8076,0.8240000009536743,0.8100852966308594,-0.013914704322814941,0.013914704322814941
2,191,2a58a2c89e77893f6ad50540,1.343000054359436,1.3848999738693237,0.041899919509887695,0.041899919509887695
2,192,10b536160398e84e5e0be822,0.4099999964237213,1.0977438688278198,0.6877439022064209,0.6877439022064209
2,193,39cad8c00373900d1b4a2d52,1.649999976158142,1.2306914329528809,-0.41930854320526123,0.41930854320526123
2,194,e2acde87a9fc3026bf9be0f2,0.4699999988079071,1.3333680629730225,0.863368034362793,0.863368034362793
2,195,fe1a340be430e21ab10774a3,1.0199999809265137,1.1358141899108887,0.115814208984375,0.115814208984375
2,196,900ddef9d67ee5af4a1ab9b7,0.7699999809265137,0.7202624082565308,-0.04973757266998291,0.04973757266998291
2,197,09748ce48a6e0df199a745d9,0.3400000035762787,1.0663793087005615,0.7263792753219604,0.7263792753219604
2,198,d46583a021a688321bdbbef8,1.2300000190734863,1.387101650238037,0.15710163116455078,0.15710163116455078
2,199,6b98d77f6a92694600c14fcb,1.7300000190734863,1.223454236984253,-0.5065457820892334,0.5065457820892334
2,200,d125e590b7335b8db30349a7,0.7379999756813049,1.5450208187103271,0.8070208430290222,0.8070208430290222
2,201,ec06d35aecb0f638938dc1dd,1.2990000247955322,1.2648671865463257,-0.03413283824920654,0.03413283824920654
2,202,40a8f1c2b972096850b51b93,0.9620000123977661,1.07904851436615,0.11704850196838379,0.11704850196838379
2,203,d2f64ad2aa8df0c79790b8cd,1.9119999408721924,1.3193260431289673,-0.5926738977432251,0.5926738977432251
2,204,6e5c2faa7071467ee477254c,2.7939999103546143,1.1486810445785522,-1.645318865776062,1.645318865776062
2,205,120eacc0f6425f3fee97f76c,0.8399999737739563,1.1477363109588623,0.307736337184906,0.307736337184906
2,206,d6aff3fa45c348495c518d50,0.9700000286102295,0.8594928979873657,-0.11050713062286377,0.11050713062286377
2,207,ce52061922438124083125ea,1.9199999570846558,1.7011184692382812,-0.2188814878463745,0.2188814878463745
2,208,fe5913bcd235f58f4f975730,0.5379999876022339,2.520475387573242,1.9824753999710083,1.9824753999710083
2,209,f2f656eca4e214cdc9a954f6,1.1979999542236328,1.4968681335449219,0.29886817932128906,0.29886817932128906
2,210,c1e3effbe6bc86df2f2c4d46,0.6349999904632568,0.689803957939148,0.05480396747589111,0.05480396747589111
2,211,c09a0a61b8a7345dd52e28f6,2.880000114440918,2.8000166416168213,-0.07998347282409668,0.07998347282409668
2,212,4c81e8449c1502e6f89b13df,0.24199999868869781,0.2807171046733856,0.038717105984687805,0.038717105984687805
2,213,f05f24c48f7fa92a9e865de9,4.14900016784668,3.1083621978759766,-1.0406379699707031,1.0406379699707031
2,214,da8545e2524450a3dce58bfe,1.149999976158142,1.565856695175171,0.4158567190170288,0.4158567190170288
2,215,4c7678f6913437fd28807e71,3.013000011444092,2.631972074508667,-0.3810279369354248,0.3810279369354248
2,216,56071e434ea8e0a8b7bfe789,2.5380001068115234,2.4092812538146973,-0.12871885299682617,0.12871885299682617
2,217,f0dca9352f5f8b6e013eb9e0,1.63100004196167,1.5898339748382568,-0.041166067123413086,0.041166067123413086
2,218,acc10571701c1b2a534fb74a,2.615000009536743,2.752246379852295,0.13724637031555176,0.13724637031555176
2,219,7176b1d7467f7c6b34030f86,3.0409998893737793,2.9430325031280518,-0.09796738624572754,0.09796738624572754
2,220,628e96f9e44602b8ee42acb5,2.9019999504089355,2.762802839279175,-0.13919711112976074,0.13919711112976074
2,221,8bac7b8b43a2a5563e2e4a87,1.7929999828338623,1.7608829736709595,-0.03211700916290283,0.03211700916290283
2,222,983d0b1305d23ae6421d3573,1.9989999532699585,2.025519609451294,0.02651965618133545,0.02651965618133545
2,223,ba473111e3e57c743c2410cd,2.0510001182556152,1.9874722957611084,-0.06352782249450684,0.06352782249450684
2,224,52235fe0010d5480da0e05ab,2.200000047683716,2.1808981895446777,-0.019101858139038086,0.019101858139038086
2,225,df40ede94c1d65a4d641204a,2.249000072479248,2.1008081436157227,-0.1481919288635254,0.1481919288635254
2,226,3b914a9bc308b74d3c835cc7,1.3009999990463257,2.5668790340423584,1.2658790349960327,1.2658790349960327
2,227,65b8022000780fd3dcdafa38,2.315999984741211,2.6663076877593994,0.3503077030181885,0.3503077030181885
2,228,e4e1a7888ac64770acd45e9a,1.9459999799728394,2.520512819290161,0.5745128393173218,0.5745128393173218
2,229,ce0ce79c06766c45e7b8212f,1.2999999523162842,1.2736573219299316,-0.02634263038635254,0.02634263038635254
2,230,52d8b5c9df5f2d6bef34d017,2.309999942779541,1.2873762845993042,-1.0226236581802368,1.0226236581802368
2,231,70a73d9f5158c6625060013c,1.1200000047683716,1.048513412475586,-0.07148659229278564,0.07148659229278564
2,232,4185edebd89243f9b0bcc07e,1.2100000381469727,1.2707680463790894,0.0607680082321167,0.0607680082321167
2,233,329b95af265344136380834f,0.3799999952316284,1.6727931499481201,1.2927931547164917,1.2927931547164917
2,234,7216b4d2bb952d1b319e1667,0.9700000286102295,1.1313557624816895,0.16135573387145996,0.16135573387145996
2,235,68bcaa0eb14c750f49f85511,1.909999966621399,1.9945836067199707,0.08458364009857178,0.08458364009857178
2,236,4bc540812f8f8722c98b8f6f,1.8600000143051147,2.070796012878418,0.21079599857330322,0.21079599857330322
2,237,7d7853d704af851d489c8c09,1.8700000047683716,2.1761248111724854,0.30612480640411377,0.30612480640411377
2,238,93eaa639bddbb48cdce7ce2e,1.809999942779541,2.007822275161743,0.19782233238220215,0.19782233238220215
2,239,a2086274f715886d3f3ea9f4,2.109999895095825,1.8967585563659668,-0.2132413387298584,0.2132413387298584
2,240,6bbdb4e67b655012819a2c41,1.8899999856948853,1.7146822214126587,-0.17531776428222656,0.17531776428222656
2,241,2935bb694b48f9d283cd691c,1.899999976158142,1.9850385189056396,0.08503854274749756,0.08503854274749756
2,242,a443f6baff274b2c40eeba04,2.3589999675750732,2.5368614196777344,0.17786145210266113,0.17786145210266113
2,243,460ad4d463c729d8d4f21057,1.340999960899353,2.1032521724700928,0.7622522115707397,0.7622522115707397
2,244,6b0dbfa6a1a4bbbbb96855d8,0.5260000228881836,2.221048593521118,1.6950485706329346,1.6950485706329346
2,245,123d837dd8549434723af0d9,2.559999942779541,2.1639740467071533,-0.3960258960723877,0.3960258960723877
2,246,e3e484de1f4118bb4e38d392,2.0399999618530273,2.221048593521118,0.18104863166809082,0.18104863166809082
2,247,a08d3fd26f5e56139c145039,2.1700000762939453,2.2342231273651123,0.06422305107116699,0.06422305107116699
2,248,5d4e202c20d07b357dcff2f3,2.0399999618530273,1.867382526397705,-0.17261743545532227,0.17261743545532227
2,249,ae0d4f975cd58adf90027433,1.090000033378601,2.2191812992095947,1.1291812658309937,1.1291812658309937
2,250,7b24820f9079dccec85f3089,2.3970000743865967,2.2169578075408936,-0.18004226684570312,0.18004226684570312
2,251,3a54f6a0c000ff8126659540,1.940000057220459,1.9357497692108154,-0.004250288009643555,0.004250288009643555
2,252,f8d0cb5cd7b9da1c3634c532,2.009999990463257,1.7636568546295166,-0.24634313583374023,0.24634313583374023
2,253,17232c2308c0224e51a0e4ed,1.9700000286102295,2.259632110595703,0.28963208198547363,0.28963208198547363
2,254,1c60ac6dc16e762b603e60d1,2.940000057220459,1.9504010677337646,-0.9895989894866943,0.9895989894866943
2,255,6adb54fe56ee82cd67c2b2c8,1.9900000095367432,2.0752737522125244,0.08527374267578125,0.08527374267578125
2,256,25f70c104e17836e669039e7,1.7999999523162842,2.3977792263031006,0.5977792739868164,0.5977792739868164
2,257,a2249454acc3b9707504f90c,2.190000057220459,2.289426565170288,0.0994265079498291,0.0994265079498291
2,258,ce7b84d8b7bf46654a7faa61,0.4099999964237213,0.35005268454551697,-0.059947311878204346,0.059947311878204346
2,259,f3b7d7b156a82c339747f158,0.11999999731779099,0.29148435592651367,0.1714843511581421,0.1714843511581421
2,260,35a0d96ce6736a86e3a0a5c1,2.1700000762939453,1.9808580875396729,-0.18914198875427246,0.18914198875427246
2,261,77490c9872ed344262323c83,1.149999976158142,1.5301690101623535,0.3801690340042114,0.3801690340042114
2,262,b16ce558bb70686fa73118ea,0.6499999761581421,0.9400454163551331,0.29004544019699097,0.29004544019699097
2,263,2955aacb32d3cdbc63a0e7be,0.1599999964237213,1.6108551025390625,1.4508551359176636,1.4508551359176636
2,264,e9cd27a822a0a2e05c1fe14e,1.0800000429153442,1.230884075164795,0.15088403224945068,0.15088403224945068
2,265,8c95a3f80857cc772b9d4dc9,0.3799999952316284,1.2334532737731934,0.8534532785415649,0.8534532785415649
2,266,75ad73efc425a393d2745664,1.4299999475479126,1.7907658815383911,0.3607659339904785,0.3607659339904785
2,267,649b41caa225f30aa25e48fb,3.180000066757202,2.4884283542633057,-0.6915717124938965,0.6915717124938965
2,268,0165ddc5ac716ce5491c7837,1.6100000143051147,2.374790668487549,0.7647906541824341,0.7647906541824341
2,269,3f08b0c3dbb13d1116fac072,2.130000114440918,2.4689629077911377,0.3389627933502197,0.3389627933502197
2,270,8a2f883e2f02d2bdfb90f3c5,2.140000104904175,2.302459955215454,0.1624598503112793,0.1624598503112793
2,271,d31cc56f2c6cbc13777d7ddc,2.440000057220459,2.2579967975616455,-0.18200325965881348,0.18200325965881348
2,272,c8a30ba2c75a33dd7ea8fa69,1.75,1.9563043117523193,0.20630431175231934,0.20630431175231934
2,273,5939c5902a5f713c60989f6f,1.6299999952316284,2.030003786087036,0.4000037908554077,0.4000037908554077
2,274,a144fd9aa70d2d07f7b53c6d,1.8600000143051147,2.153897523880005,0.29389750957489014,0.29389750957489014
2,275,7641b4203abd446af1ef234c,1.7200000286102295,2.089486837387085,0.36948680877685547,0.36948680877685547
2,276,e6e5b0bbd602254ad6e8b930,1.9199999570846558,2.4154255390167236,0.49542558193206787,0.49542558193206787
2,277,e7f552a8915fa8bcc98d76a3,1.7899999618530273,1.9789245128631592,0.18892455101013184,0.18892455101013184
2,278,f78d689c8c7c3cc66118b8b8,1.6200000047683716,1.7793262004852295,0.1593261957168579,0.1593261957168579
2,279,01a33bcf368a317ea6d94438,1.6699999570846558,1.6787068843841553,0.008706927299499512,0.008706927299499512
2,280,aa91f56314556665cdb612b5,1.7999999523162842,2.137723445892334,0.3377234935760498,0.3377234935760498
2,281,54c07b4251c36c7dac917fec,1.8700000047683716,2.1225194931030273,0.25251948833465576,0.25251948833465576
2,282,2276fd826cd5b480e1ad7e71,1.600000023841858,2.0889437198638916,0.4889436960220337,0.4889436960220337
2,283,e73f3f0abe037ca11af80c3b,1.8300000429153442,1.5294023752212524,-0.3005976676940918,0.3005976676940918
2,284,968c98fcb378ee0fa96ef9e7,1.850000023841858,1.9897396564483643,0.13973963260650635,0.13973963260650635
2,285,c03942f638a54b615f7120f9,1.659999966621399,2.1413049697875977,0.48130500316619873,0.48130500316619873
2,286,19706a3a05b27205f95081b3,1.7100000381469727,2.6135001182556152,0.9035000801086426,0.9035000801086426
2,287,25e92c6fddd5e4d5c448b42d,2.009999990463257,1.9643633365631104,-0.045636653900146484,0.045636653900146484
2,288,132adfb58c4352bb34b9c084,1.9800000190734863,1.8848603963851929,-0.09513962268829346,0.09513962268829346
2,289,e83ed4e43c64b0ddf99ede3b,0.46000000834465027,0.8017633557319641,0.34176334738731384,0.34176334738731384
2,290,0fc921c11a3f7e552db6e9cc,1.5099999904632568,0.847476601600647,-0.6625233888626099,0.6625233888626099
2,291,b835cd673c9312f65d3b0062,0.6800000071525574,0.786754846572876,0.1067548394203186,0.1067548394203186
2,292,81bd1eac7cc6842124a3ca68,2.2200000286102295,1.1662867069244385,-1.053713321685791,1.053713321685791
2,293,662b1a41f6669537782ca74d,2.740000009536743,2.890429735183716,0.15042972564697266,0.15042972564697266
2,294,d43255e98f85b937660a3046,2.509999990463257,2.784898519515991,0.2748985290527344,0.2748985290527344
2,295,37a8959fcba1f37468e02053,2.2699999809265137,2.9469668865203857,0.6769669055938721,0.6769669055938721
2,296,336a769881d197110e67b342,2.5399999618530273,2.289059638977051,-0.25094032287597656,0.25094032287597656
2,297,c78b22a3f54370ecd6acd2b9,2.2300000190734863,2.4504475593566895,0.22044754028320312,0.22044754028320312
2,298,6736aa30396ed795906d7624,0.8500000238418579,0.5946700572967529,-0.255329966545105,0.255329966545105
2,299,ebd622ba89f1a160dd53dd9b,1.100000023841858,1.1991026401519775,0.09910261631011963,0.09910261631011963
2,300,2da1acb3732f1ff3001b742a,2.259999990463257,1.8958852291107178,-0.36411476135253906,0.36411476135253906
2,301,4256706ce7b521959f406050,0.5099999904632568,1.1383353471755981,0.6283353567123413,0.6283353567123413
2,302,20d0255aa4b228b98977905e,0.75,1.0205150842666626,0.2705150842666626,0.2705150842666626
2,303,c9eb23b00724611b60521ecc,1.0199999809265137,1.1574454307556152,0.13744544982910156,0.13744544982910156
2,304,b56ff356e3c9f23cfb54a7b2,1.4299999475479126,0.5814296007156372,-0.8485703468322754,0.8485703468322754
2,305,6f8b2e38c9ec93a191dd0f35,1.7599999904632568,1.421095371246338,-0.33890461921691895,0.33890461921691895
2,306,efb16f4699cd51c1cc1dc144,1.309999942779541,0.9654775857925415,-0.3445223569869995,0.3445223569869995
2,307,d503da22fd5e815658a88ba2,0.8500000238418579,1.078956127166748,0.22895610332489014,0.22895610332489014
2,308,a1e754e86081849498be65ef,0.8500000238418579,1.202905297279358,0.3529052734375,0.3529052734375
2,309,abe8182ccb10b81d8c757147,2.609999895095825,1.360818862915039,-1.2491810321807861,1.2491810321807861
2,310,2abcc41e23fcab25215a8462,0.9700000286102295,0.7728874087333679,-0.19711261987686157,0.19711261987686157
2,311,d846147b43a98d16ff0825f2,0.6800000071525574,0.9413536787033081,0.26135367155075073,0.26135367155075073
2,312,dd25c4bb6c21ba3d46a4d980,0.8600000143051147,0.9411507248878479,0.08115071058273315,0.08115071058273315
2,313,bd1b35b2c131262d4d7b594c,0.9300000071525574,1.17734694480896,0.2473469376564026,0.2473469376564026
2,314,ca80a2579b3ab2982ce45657,1.5499999523162842,1.6474930047988892,0.09749305248260498,0.09749305248260498
2,315,04ff7e3c91097098be0926f0,1.2400000095367432,0.9128198027610779,-0.3271802067756653,0.3271802067756653
2,316,a294cef6777010d257a2039f,2.4700000286102295,1.2231450080871582,-1.2468550205230713,1.2468550205230713
2,317,763cedb52b96c20cfe64f8e3,0.6299999952316284,0.6945325136184692,0.06453251838684082,0.06453251838684082
2,318,67c5c7db5f18466d28a2adb2,1.0199999809265137,0.9530899524688721,-0.0669100284576416,0.0669100284576416
2,319,0081b6150f5faaf3bc373899,0.7099999785423279,2.023411989212036,1.3134119510650635,1.3134119510650635
2,320,ba730c4acb438098e6ee135c,1.559999942779541,1.0995312929153442,-0.4604686498641968,0.4604686498641968
2,321,d9629adef20db05d67c0b670,1.1699999570846558,1.1828851699829102,0.012885212898254395,0.012885212898254395
2,322,1c4077a50f2dcb6571c51dea,0.75,0.9814401865005493,0.23144018650054932,0.23144018650054932
2,323,fbf38f7ff8546e1174e7d69e,3.700000047683716,0.8366398811340332,-2.8633601665496826,2.8633601665496826
2,324,d7c31c816ddc78a84a41b75e,0.9599999785423279,1.3321951627731323,0.37219518423080444,0.37219518423080444
2,325,fcc1c638a22de7cc47f9dca5,1.1399999856948853,1.335628628730774,0.19562864303588867,0.19562864303588867
2,326,55bed7f10b9af783bf193492,1.2699999809265137,1.234217643737793,-0.0357823371887207,0.0357823371887207
2,327,bd914e6273e67332fec78833,1.3700000047683716,1.7523410320281982,0.38234102725982666,0.38234102725982666
2,328,509990b89970dd43014d13e6,1.059999942779541,1.2000725269317627,0.14007258415222168,0.14007258415222168
2,329,1394dd61d5d59e8051da4434,1.4900000095367432,0.8438707590103149,-0.6461292505264282,0.6461292505264282
2,330,df33e4615fce2452c10e8b52,1.3600000143051147,1.0158519744873047,-0.34414803981781006,0.34414803981781006
2,331,23eb885561a922a855648dcf,0.6100000143051147,1.7694003582000732,1.1594003438949585,1.1594003438949585
2,332,84ca472ca863252e2d49e074,1.4299999475479126,0.9630496501922607,-0.46695029735565186,0.46695029735565186
2,333,1980e275814dd87fe8f67260,1.0399999618530273,0.8673399686813354,-0.1726599931716919,0.1726599931716919
2,334,3fe4ecff5d8c7a66731488d4,1.4199999570846558,2.2565226554870605,0.8365226984024048,0.8365226984024048
2,335,84b5275099d1f94755c72a31,0.6499999761581421,1.6652421951293945,1.0152422189712524,1.0152422189712524
2,336,68d7e6f584e96086a6f5e0f5,0.27000001072883606,1.1920974254608154,0.9220974445343018,0.9220974445343018
2,337,0962437543ae7fb6606b9c9b,0.8799999952316284,1.4089380502700806,0.5289380550384521,0.5289380550384521
2,338,22a093d0b9b72b0fafe65638,0.9900000095367432,1.7578506469726562,0.7678506374359131,0.7678506374359131
2,339,774d33fd9130a85cab08d67d,0.7400000095367432,1.1613868474960327,0.42138683795928955,0.42138683795928955
2,340,b31d4bb33bf5aa447f728658,1.309999942779541,1.0950918197631836,-0.21490812301635742,0.21490812301635742
2,341,33ac8b110fac024d60d13cbe,1.4700000286102295,1.6151986122131348,0.14519858360290527,0.14519858360290527
2,342,e82a2a19989c41f7294d2260,0.800000011920929,1.5576670169830322,0.7576670050621033,0.7576670050621033
2,343,b379bc7f010f90eaf90a6397,1.7200000286102295,2.062241792678833,0.3422417640686035,0.3422417640686035
2,344,ab486dec05f2febac7fc6d79,0.18000000715255737,0.7749587297439575,0.5949587225914001,0.5949587225914001
2,345,8c75983ab67e1a1901d476b7,0.6700000166893005,0.761258602142334,0.09125858545303345,0.09125858545303345
2,346,e7f571df68949130d8fe7158,1.8200000524520874,1.562597632408142,-0.2574024200439453,0.2574024200439453
2,347,4eb7cdb0351149c78ab36d04,2.390000104904175,1.9379918575286865,-0.4520082473754883,0.4520082473754883
2,348,2ad282a271b31b991f28078c,1.0399999618530273,2.195761203765869,1.1557612419128418,1.1557612419128418
2,349,c9d3cf206d740c1e8d95472d,0.9399999976158142,1.3883730173110962,0.448373019695282,0.448373019695282
2,350,c6665a53ac252b8debfbe08e,1.2599999904632568,0.9099180102348328,-0.3500819802284241,0.3500819802284241
2,351,471b4bb877d0778b13e28ddd,0.7599999904632568,1.7015671730041504,0.9415671825408936,0.9415671825408936
2,352,7c5dd312745b4e759085b220,0.7900000214576721,0.8661674857139587,0.07616746425628662,0.07616746425628662
2,353,f7ce2f670789460b9ce52a4d,3.759999990463257,3.673452138900757,-0.0865478515625,0.0865478515625
2,354,3c9a46dc2f54ebef7cdbf9ac,1.0299999713897705,0.739066481590271,-0.2909334897994995,0.2909334897994995
2,355,acdad2d70c6abbb46f7c6609,1.0700000524520874,1.2106928825378418,0.1406928300857544,0.1406928300857544
2,356,2d6a355785e6767d76b9609c,0.8899999856948853,0.8244717121124268,-0.0655282735824585,0.0655282735824585
2,357,1cbc9b965ace856d302ae683,1.0800000429153442,0.8517328500747681,-0.22826719284057617,0.22826719284057617
2,358,8fc94fe5f0724e6aa6fbde6e,1.1100000143051147,1.142965316772461,0.03296530246734619,0.03296530246734619
2,359,a56a44d24238ea8f44607ac6,0.8399999737739563,1.0890016555786133,0.24900168180465698,0.24900168180465698
2,360,742ac92df151e5865a3dbc81,0.8299999833106995,1.023810863494873,0.19381088018417358,0.19381088018417358
2,361,21a4912567bfec8d58d5c038,1.159999966621399,1.0914571285247803,-0.06854283809661865,0.06854283809661865
2,362,9e444ce9b8ca27707010c5c1,1.2300000190734863,1.248939037322998,0.01893901824951172,0.01893901824951172
2,363,d1f38f84100c808a60fb1dee,3.1500000953674316,3.158280611038208,0.008280515670776367,0.008280515670776367
2,364,a46102f64bd84be546a3c4f3,3.359999895095825,3.2763173580169678,-0.08368253707885742,0.08368253707885742
2,365,3a408e6cfbb62d88811ea689,3.430000066757202,3.379093647003174,-0.05090641975402832,0.05090641975402832
2,366,90644e05bdef9a78351ad18c,3.259999990463257,3.808443546295166,0.5484435558319092,0.5484435558319092
2,367,ab2f7c9fa550f6e6eb65d9c3,4.070000171661377,4.001031398773193,-0.0689687728881836,0.0689687728881836
2,368,c7c6d8ac8ad19d7e9d468389,4.110000133514404,4.159161567687988,0.049161434173583984,0.049161434173583984
2,369,6272971a96d80c149f0bd5bc,4.269999980926514,4.321916103363037,0.05191612243652344,0.05191612243652344
2,370,e7f64bf194c1bbd38adc973d,0.25999999046325684,0.49270960688591003,0.2327096164226532,0.2327096164226532
2,371,17ae889b9f5eb223cbb697d0,0.23000000417232513,1.2715321779251099,1.0415321588516235,1.0415321588516235
2,372,428bc141633dd4f52710b15d,0.44999998807907104,0.2828415036201477,-0.16715848445892334,0.16715848445892334
2,373,14638bef5aa2687e2aa50ec7,0.5799999833106995,0.10927014797925949,-0.4707298278808594,0.4707298278808594
2,374,3b56da3ae33425c85e34e946,0.15000000596046448,0.32308903336524963,0.17308902740478516,0.17308902740478516
2,375,a6da93a1d996fc0ac746dcbd,2.0299999713897705,2.270289421081543,0.24028944969177246,0.24028944969177246
2,376,7f0b138518c68992ac2749ce,2.059999942779541,2.620389223098755,0.5603892803192139,0.5603892803192139
2,377,f960ac4f49a30e5a8534deba,1.9299999475479126,2.2319588661193848,0.30195891857147217,0.30195891857147217
2,378,625056606c999cf577dfe874,2.0899999141693115,2.345001459121704,0.2550015449523926,0.2550015449523926
2,379,1634847a9b25895b57c2d056,2.3499999046325684,1.8836528062820435,-0.4663470983505249,0.4663470983505249
2,380,5647e64479de5eebf3957047,2.25,2.972649097442627,0.722649097442627,0.722649097442627
2,381,58ff2cd207314fde7349e73f,2.450000047683716,2.1089022159576416,-0.3410978317260742,0.3410978317260742
2,382,b58818e60d019ef33673dd82,2.200000047683716,2.0021066665649414,-0.19789338111877441,0.19789338111877441
2,383,a0d538eb739e5aac5f0e9b20,2.380000114440918,1.9964935779571533,-0.38350653648376465,0.38350653648376465
2,384,cb1780295ed9fff2f27ffceb,2.109999895095825,2.1502668857574463,0.040266990661621094,0.040266990661621094
2,385,41a005f5ad5014eab01b339f,2.450000047683716,2.38623309135437,-0.0637669563293457,0.0637669563293457
2,386,d1cb15d52fe2748d7952bae5,2.859999895095825,2.2982895374298096,-0.5617103576660156,0.5617103576660156
2,387,6bbcaa7813cbbc93d8aa2d7d,0.9800000190734863,1.0429105758666992,0.06291055679321289,0.06291055679321289
2,388,bce53ba10640d9e75a36e62d,0.7099999785423279,1.2404263019561768,0.5304263234138489,0.5304263234138489
2,389,c9656a29eb06238270e1e532,0.949999988079071,0.8580820560455322,-0.09191793203353882,0.09191793203353882
2,390,ac3ef651fe7d79825d80d067,2.4089999198913574,1.8818094730377197,-0.5271904468536377,0.5271904468536377
2,391,ce1e9d49c5cf7a89cadaf76b,2.4809999465942383,2.6427714824676514,0.16177153587341309,0.16177153587341309
2,392,b8effb596bee3aa913ad47d0,2.009999990463257,2.401399850845337,0.3913998603820801,0.3913998603820801
2,393,d6e89c746254c62e7547fb84,2.0799999237060547,2.2855045795440674,0.2055046558380127,0.2055046558380127
2,394,0b8187586d917bd8d2f0c087,2.619999885559082,2.148345708847046,-0.47165417671203613,0.47165417671203613
2,395,1398e89d58baa68c4286f60f,2.200000047683716,2.8840491771698,0.684049129486084,0.684049129486084
2,396,0286e510880d9deff1809f55,2.5799999237060547,2.3499579429626465,-0.2300419807434082,0.2300419807434082
2,397,66ed103e104afed350968a64,2.1500000953674316,2.086320638656616,-0.06367945671081543,0.06367945671081543
2,398,49da79a5f7ed98f2b65b5eca,2.200000047683716,2.2951500415802,0.09514999389648438,0.09514999389648438
2,399,4bf814486bcd1b1664ec9e34,2.190000057220459,1.9819457530975342,-0.2080543041229248,0.2080543041229248
2,400,3f1f26537efffd20213d438d,2.2300000190734863,2.26916766166687,0.03916764259338379,0.03916764259338379
2,401,6af9f9c5fa50a39432a29608,2.5799999237060547,1.5216727256774902,-1.0583271980285645,1.0583271980285645
2,402,8e2fb55b7ac9a7137a38f573,2.059999942779541,2.622898817062378,0.5628988742828369,0.5628988742828369
2,403,e970e1eb9bc539950d3c5f60,0.6600000262260437,0.6064150929450989,-0.053584933280944824,0.053584933280944824
2,404,34722ccff246b05a193aae58,0.46000000834465027,1.0381523370742798,0.5781522989273071,0.5781522989273071
2,405,b33e8818b04c2f4cbfbdbf96,1.0800000429153442,0.8114385604858398,-0.2685614824295044,0.2685614824295044
2,406,402c98ff2804d161de0719cd,1.309999942779541,1.110573649406433,-0.1994262933731079,0.1994262933731079
2,407,1e04622daa4d468d69a7c3ed,3.240000009536743,0.7288153171539307,-2.5111846923828125,2.5111846923828125
2,408,e0a4eccc996519afe914f150,2.1019999980926514,2.3174264430999756,0.21542644500732422,0.21542644500732422
2,409,c76966d19a4bb4b0f5edd23a,2.0759999752044678,2.123669147491455,0.047669172286987305,0.047669172286987305
2,410,90ffa1f3d2667114bd109240,2.7699999809265137,1.9037566184997559,-0.8662433624267578,0.8662433624267578
2,411,1ab0dc851f53dfad0676871b,2.114000082015991,2.090291738510132,-0.023708343505859375,0.023708343505859375
2,412,d37cdb60741183aad4708290,0.5090000033378601,0.3420565128326416,-0.1669434905052185,0.1669434905052185
2,413,0a6b18d2e4c08df295d758d6,0.6779999732971191,0.7743366956710815,0.0963367223739624,0.0963367223739624
2,414,0891a2dcdd489b8231483c05,1.4900000095367432,1.6398321390151978,0.1498321294784546,0.1498321294784546
2,415,dccac4742edddf339a7071f0,1.2799999713897705,1.172473669052124,-0.10752630233764648,0.10752630233764648
2,416,88e62a8c2caccf4ad9339ff7,0.49000000953674316,1.1707470417022705,0.6807470321655273,0.6807470321655273
2,417,5551f250b08c4c63437c66b1,1.2100000381469727,1.3090662956237793,0.09906625747680664,0.09906625747680664
2,418,439fd6234c15388d4ac727f7,1.399999976158142,1.4761018753051758,0.07610189914703369,0.07610189914703369
2,419,37368916b347085a9b4b7d20,1.1100000143051147,1.4599635601043701,0.34996354579925537,0.34996354579925537
2,420,e327fbd22bc17f412f958149,1.7400000095367432,1.3183908462524414,-0.42160916328430176,0.42160916328430176
2,421,31b6381ceb5fdcde9c25902d,1.0299999713897705,1.2932456731796265,0.26324570178985596,0.26324570178985596
2,422,2cf10133a4122bb3f7bffe9d,1.2899999618530273,1.3792842626571655,0.08928430080413818,0.08928430080413818
2,423,d0e6ad7e48b26d92e043075b,0.9700000286102295,1.4993762969970703,0.5293762683868408,0.5293762683868408
2,424,3edb051323dc50eb01f13955,0.6200000047683716,1.0704740285873413,0.4504740238189697,0.4504740238189697
2,425,47b5c53abebc3ca5357ac121,3.0,2.811785936355591,-0.18821406364440918,0.18821406364440918
2,426,536198e9a020c61a23174332,2.8239998817443848,2.6849005222320557,-0.1390993595123291,0.1390993595123291
2,427,355c3066afb324ecf009c5ef,2.0980000495910645,0.6687079668045044,-1.42929208278656,1.42929208278656
2,428,9fc606ee97fa8b8e3d902aa5,1.1510000228881836,2.420652389526367,1.2696523666381836,1.2696523666381836
2,429,1c520261c18bb8bade336847,0.7699999809265137,1.1489839553833008,0.3789839744567871,0.3789839744567871
2,430,6211765442fc40b3f9cdf3e2,1.8389999866485596,1.3127368688583374,-0.5262631177902222,0.5262631177902222
2,431,42ffb1af9891d72b8cbc86e3,1.9299999475479126,1.8084609508514404,-0.12153899669647217,0.12153899669647217
2,432,37758e8c727d0f6b40224a7e,2.2200000286102295,1.7635571956634521,-0.45644283294677734,0.45644283294677734
2,433,dbfe1abcb4ac9d6ed3c2c93e,1.0700000524520874,1.5861759185791016,0.5161758661270142,0.5161758661270142
2,434,7c54db0029a32848de191e09,1.6699999570846558,1.564354658126831,-0.10564529895782471,0.10564529895782471
2,435,ded8335409fd9bb09d850054,1.5800000429153442,1.4771833419799805,-0.10281670093536377,0.10281670093536377
2,436,6f775f4513c03e0ff5400a81,1.9900000095367432,1.975569248199463,-0.014430761337280273,0.014430761337280273
2,437,1a080ee97fdd4b6a312e8f0a,1.090000033378601,1.3683438301086426,0.2783437967300415,0.2783437967300415
2,438,5ab1802b594f1b58ca7ad904,1.809999942779541,1.552865982055664,-0.25713396072387695,0.25713396072387695
2,439,b543dc739672b32e1fe62325,1.7599999904632568,1.9725062847137451,0.21250629425048828,0.21250629425048828
2,440,0372b2597eaac95c39420a48,1.0499999523162842,2.087636709213257,1.0376367568969727,1.0376367568969727
2,441,3f76299503d345a0364de0d7,1.0800000429153442,1.6996543407440186,0.6196542978286743,0.6196542978286743
2,442,85e1e48d98ba74dd14a230fd,1.3200000524520874,1.687596321105957,0.36759626865386963,0.36759626865386963
2,443,e7604cbdb961e2c577474387,1.309999942779541,1.3358112573623657,0.025811314582824707,0.025811314582824707
2,444,6b9365ac11ee4d523aa5f200,1.809999942779541,1.409909963607788,-0.40008997917175293,0.40008997917175293
2,445,e0d6dde25380b03bd2bbadc9,2.619999885559082,1.8794598579406738,-0.7405400276184082,0.7405400276184082
2,446,92ece380fe71b3f6121d376f,1.8799999952316284,1.4576739072799683,-0.42232608795166016,0.42232608795166016
2,447,2bcade44d580d04a583de2e3,2.0799999237060547,1.7839164733886719,-0.2960834503173828,0.2960834503173828
2,448,1cd00b0b9be5494320a83d5b,1.5199999809265137,1.3441152572631836,-0.17588472366333008,0.17588472366333008
2,449,229889ca3049f3ca398e362e,1.7200000286102295,1.9868919849395752,0.2668919563293457,0.2668919563293457
2,450,ec164fd28c5f6c04732a9a4f,1.2799999713897705,1.6106364727020264,0.33063650131225586,0.33063650131225586
2,451,9bf644874a1e3f3aa2c3efa9,1.8300000429153442,1.4321730136871338,-0.39782702922821045,0.39782702922821045
2,452,10f4e6a56471c04d13f35887,0.8899999856948853,1.3420182466506958,0.45201826095581055,0.45201826095581055
2,453,a7b410179dd6f251dc53e65f,1.8700000047683716,1.2957630157470703,-0.5742369890213013,0.5742369890213013
2,454,7a97c1d7f9c00a754b86f125,0.550000011920929,1.419689655303955,0.8696896433830261,0.8696896433830261
2,455,3c93a5b2cb51ad364d00ce57,1.4600000381469727,1.482361078262329,0.022361040115356445,0.022361040115356445
2,456,bf67b957d9d4252dbcbeb308,1.5199999809265137,2.2636377811431885,0.7436378002166748,0.7436378002166748
2,457,842f53080f4ecbd04c2bcdd7,1.850000023841858,1.2785618305206299,-0.571438193321228,0.571438193321228
2,458,0e19acb7b120622c979c5f50,1.7999999523162842,1.727860927581787,-0.07213902473449707,0.07213902473449707
2,459,b2df0f22818c3648eb7a0888,1.7000000476837158,1.740331768989563,0.04033172130584717,0.04033172130584717
2,460,3e85783567d08ec8547bd95a,1.3899999856948853,1.0996123552322388,-0.2903876304626465,0.2903876304626465
2,461,c62a0b4183c863b262c002c7,0.9599999785423279,1.5044052600860596,0.5444052815437317,0.5444052815437317
2,462,8cb5df52ef9911611af24aee,1.2999999523162842,1.5943893194198608,0.29438936710357666,0.29438936710357666
2,463,800bc759c1f3aa4f25d9ea5f,1.2100000381469727,1.9551293849945068,0.7451293468475342,0.7451293468475342
2,464,116a95f3f55e4fcfc3dc2051,1.5399999618530273,1.6018033027648926,0.061803340911865234,0.061803340911865234
2,465,1850fa37cb93b1e83bb72d45,2.180000066757202,1.682793140411377,-0.4972069263458252,0.4972069263458252
2,466,d0191b0a74cf4a4373bda3a5,1.2300000190734863,1.3903427124023438,0.16034269332885742,0.16034269332885742
2,467,62229292701738e2dba57eb8,1.159999966621399,1.2119948863983154,0.051994919776916504,0.051994919776916504
2,468,7453c6175d68a075141b7b32,0.7799999713897705,1.054901123046875,0.2749011516571045,0.2749011516571045
2,469,9bc8d1b3fc466f9389ea59df,1.0199999809265137,0.5153639316558838,-0.5046360492706299,0.5046360492706299
2,470,2640da437cd0eec139c7da8a,0.2199999988079071,0.7128993272781372,0.4928993284702301,0.4928993284702301
2,471,904271ca25aaf573f0c1ca85,1.75,0.7107747793197632,-1.0392252206802368,1.0392252206802368
2,472,3060f69a46f8ea22bbba5c68,0.23000000417232513,0.6056439280509949,0.37564390897750854,0.37564390897750854
2,473,26904bb4017ceb76e8ffb2cd,1.2200000286102295,1.3896965980529785,0.16969656944274902,0.16969656944274902
2,474,083a46f2da021214fd306320,1.0499999523162842,0.9544117450714111,-0.09558820724487305,0.09558820724487305
2,475,458eb25ee7c61c64b81446a7,0.8999999761581421,0.6297786235809326,-0.2702213525772095,0.2702213525772095
2,476,187dec0173a2b67cf77d8088,1.350000023841858,2.315842390060425,0.9658423662185669,0.9658423662185669
2,477,18235474c67f863fe7b97021,0.3400000035762787,1.3833454847335815,1.0433454513549805,1.0433454513549805
2,478,60847be05c3587ad7a6e6a33,2.819999933242798,1.2440385818481445,-1.5759613513946533,1.5759613513946533
2,479,91daecc817f8d4cddf0cc7dd,0.4099999964237213,0.7295422554016113,0.31954225897789,0.31954225897789
2,480,34843816224e4edb3a79dacc,2.0899999141693115,1.754402995109558,-0.3355969190597534,0.3355969190597534
2,481,d84556642dc4d70ffbfdc003,1.5499999523162842,1.6919270753860474,0.14192712306976318,0.14192712306976318
2,482,5952f334820412b37c88b4fe,1.6399999856948853,1.5645396709442139,-0.07546031475067139,0.07546031475067139
2,483,17d1698a52e183ad1e563f0a,1.8300000429153442,1.916966438293457,0.08696639537811279,0.08696639537811279
2,484,7e9cf25d25547880d22922d4,1.4900000095367432,1.5470881462097168,0.05708813667297363,0.05708813667297363
2,485,cf1d134240529aaa22df0e14,1.6799999475479126,1.6084884405136108,-0.07151150703430176,0.07151150703430176
2,486,47c940a4d16da8e1d0c904f8,1.4700000286102295,1.5756840705871582,0.10568404197692871,0.10568404197692871
2,487,1a3e30d715d87c5b46ef8f74,1.9600000381469727,1.460319995880127,-0.4996800422668457,0.4996800422668457
2,488,19b2bb901e8cc4db141c15fa,1.7799999713897705,1.5098539590835571,-0.2701460123062134,0.2701460123062134
2,489,6c67f0cfeab587562c4aea24,1.5399999618530273,1.5252400636672974,-0.01475989818572998,0.01475989818572998
2,490,4d9a304bc6b9ccd794126d4b,2.369999885559082,1.87484872341156,-0.495151162147522,0.495151162147522
2,491,8119d0e438ae9af7ea6e537d,1.659999966621399,1.6747605800628662,0.014760613441467285,0.014760613441467285
2,492,583080712d06551f8b9bc863,1.350000023841858,1.551178216934204,0.2011781930923462,0.2011781930923462
2,493,7ce05362462c7d1c573c778e,2.3299999237060547,1.8589216470718384,-0.4710782766342163,0.4710782766342163
2,494,0b276887e5b02ac17b19e7a3,1.2899999618530273,1.543596863746643,0.2535969018936157,0.2535969018936157
2,495,50a58f60a32332be2252ea7a,1.6109999418258667,1.3720908164978027,-0.23890912532806396,0.23890912532806396
2,496,da22635d7fe24544986c134b,2.5829999446868896,2.8482155799865723,0.2652156352996826,0.2652156352996826
2,497,7f32c0e061b486d2d79c75c5,0.33000001311302185,4.050915241241455,3.7209153175354004,3.7209153175354004
2,498,a47503c63cca8a21b5603d9d,4.619999885559082,4.070037841796875,-0.549962043762207,0.549962043762207
2,499,a2ba3b3a369bba9e36b6349b,4.119999885559082,4.077219486236572,-0.042780399322509766,0.042780399322509766
2,500,a085e4b396e1d8b47c9862ac,4.099999904632568,3.992478132247925,-0.10752177238464355,0.10752177238464355
2,501,d91850f09b3a89fa02d0b393,2.7200000286102295,2.3096442222595215,-0.410355806350708,0.410355806350708
2,502,9d64406d5bacd57febd56c0d,4.25,4.048635959625244,-0.20136404037475586,0.20136404037475586
2,503,c3b31159bca635476ebc0100,4.699999809265137,4.2055535316467285,-0.4944462776184082,0.4944462776184082
2,504,d159e092a50f2eaec63ef31f,2.7799999713897705,2.4313886165618896,-0.34861135482788086,0.34861135482788086
2,505,e47c402c704d7b7569886e15,3.0899999141693115,3.1122992038726807,0.02229928970336914,0.02229928970336914
2,506,cf8eca759f052d4aa9f3d177,2.609999895095825,3.5204412937164307,0.9104413986206055,0.9104413986206055
2,507,188d5c75fea8a86b52417e0a,2.259999990463257,1.991884708404541,-0.2681152820587158,0.2681152820587158
2,508,044f6bbb4661f06c17bf9362,4.860000133514404,3.5608861446380615,-1.2991139888763428,1.2991139888763428
2,509,e0babe88eb5108a6e6842675,1.3890000581741333,2.081153154373169,0.6921530961990356,0.6921530961990356
2,510,ae6d712005899ae9242ef11a,1.2910000085830688,2.5692481994628906,1.2782481908798218,1.2782481908798218
2,511,349c3c3e7a2aa2ffd79066a3,3.509999990463257,2.5618698596954346,-0.9481301307678223,0.9481301307678223
2,512,3c18d71f9247f955b877157b,2.430000066757202,3.8097357749938965,1.3797357082366943,1.3797357082366943
2,513,f17187ebdf7524fcfc9d134f,4.820000171661377,3.9676029682159424,-0.8523972034454346,0.8523972034454346
2,514,733918f3693235a9fecac82f,2.880000114440918,2.135913372039795,-0.744086742401123,0.744086742401123
2,515,ca994f65a841667ae35c81b8,2.259999990463257,2.8135621547698975,0.5535621643066406,0.5535621643066406
2,516,d04563dcdf80965e4b4afd6a,3.5,2.434486150741577,-1.0655138492584229,1.0655138492584229
2,517,8949385ee61be76643bdfdb9,4.949999809265137,4.580959796905518,-0.36904001235961914,0.36904001235961914
2,518,cad25953e54218d936b86985,2.25,4.115527153015137,1.8655271530151367,1.8655271530151367
2,519,835ab8db3a0c591c02270905,3.619999885559082,2.345644235610962,-1.2743556499481201,1.2743556499481201
2,520,c1411413621ec89ca2b79b36,2.8399999141693115,2.614076852798462,-0.2259230613708496,0.2259230613708496
2,521,be917fa08f0ca863a0484a69,1.909999966621399,2.4719343185424805,0.5619343519210815,0.5619343519210815
2,522,ce19702a86d28d39dcfb63e1,2.5299999713897705,2.620690107345581,0.09069013595581055,0.09069013595581055
2,523,656c1d0f7e6c899771407aed,2.6989998817443848,2.80427622795105,0.10527634620666504,0.10527634620666504
2,524,81d22625e323f124a0ee7732,3.9670000076293945,4.338076114654541,0.3710761070251465,0.3710761070251465
2,525,7d4947cf3738892e95c9ea24,3.885999917984009,4.146766185760498,0.26076626777648926,0.26076626777648926
2,526,bf8e629372f83929443e8c24,4.076000213623047,4.1298346519470215,0.05383443832397461,0.05383443832397461
2,527,c7d86f69333a3a9e5b544e32,0.8539999723434448,1.0733723640441895,0.21937239170074463,0.21937239170074463
2,528,a52c304b2cc8b537a80019d6,3.765000104904175,3.1169941425323486,-0.6480059623718262,0.6480059623718262
2,529,7367d4403820c4783870dcae,2.009999990463257,2.3691089153289795,0.35910892486572266,0.35910892486572266
2,530,24a71308bbbcac809bdb2652,4.202000141143799,3.9927761554718018,-0.20922398567199707,0.20922398567199707
2,531,c1f393cf397387250431c273,4.2129998207092285,3.777320146560669,-0.43567967414855957,0.43567967414855957
2,532,05e68f1ed86477d5a7fed0a2,3.8959999084472656,4.169590473175049,0.2735905647277832,0.2735905647277832
2,533,c011a9e82cf37058a9c24de2,2.446000099182129,3.13794207572937,0.6919419765472412,0.6919419765472412
2,534,118fbc3e231f33dbc40775a1,3.885999917984009,4.300708293914795,0.41470837593078613,0.41470837593078613
2,535,41f52da09819a824de391a6b,4.328000068664551,4.222108364105225,-0.10589170455932617,0.10589170455932617
2,536,77e67efef2bd88deb292f708,0.8539999723434448,1.3814282417297363,0.5274282693862915,0.5274282693862915
2,537,f9793ee6661f0726d0baea6a,1.6019999980926514,1.0267165899276733,-0.575283408164978,0.575283408164978
2,538,3df9d97db5e7ee5d92b84a8f,2.1019999980926514,2.3174264430999756,0.21542644500732422,0.21542644500732422
2,539,2db1598c1b19472a5a25d6b1,2.180000066757202,1.9061963558197021,-0.2738037109375,0.2738037109375
2,540,1d2e66bf431727e030370eda,1.309999942779541,0.7208263874053955,-0.5891735553741455,0.5891735553741455
2,541,5e9fb7030268f501314a4787,1.6579999923706055,0.973109245300293,-0.6848907470703125,0.6848907470703125
2,542,8198f1327c0ef906f045d015,2.1019999980926514,2.6298203468322754,0.527820348739624,0.527820348739624
2,543,026fe51137edc1090bdc22c2,0.7730000019073486,0.966154932975769,0.1931549310684204,0.1931549310684204
2,544,62819e18bf642c461bb66af4,1.0379999876022339,1.259259819984436,0.22125983238220215,0.22125983238220215
2,545,231e1d440d102af23a186081,2.0969998836517334,2.0978519916534424,0.0008521080017089844,0.0008521080017089844
2,546,f5086aa2f9c97ed248d0f14a,2.377000093460083,2.372391939163208,-0.004608154296875,0.004608154296875
2,547,a8c56bb61d471e3be2518b1c,0.07599999755620956,0.4751454293727875,0.3991454243659973,0.3991454243659973
2,548,dfdd883aa259d3f69cf063e9,0.5090000033378601,0.5818390846252441,0.07283908128738403,0.07283908128738403
2,549,e5ec5afffcdbe7d0de40ae79,0.8240000009536743,1.0536471605300903,0.22964715957641602,0.22964715957641602
2,550,84d0f3849eee08007e8a6fc0,0.18700000643730164,0.6097968220710754,0.4227968156337738,0.4227968156337738
2,551,4944ffb96ecd68f667850aec,1.3569999933242798,1.667040467262268,0.3100404739379883,0.3100404739379883
2,552,867787de0a59c29f6fb92a45,1.6019999980926514,1.7476794719696045,0.14567947387695312,0.14567947387695312
2,553,6e11995e26a076ebcc8de7e6,3.3980000019073486,3.335357427597046,-0.06264257431030273,0.06264257431030273
2,554,773c166bde5225e1bf0c372e,4.921000003814697,4.5407867431640625,-0.38021326065063477,0.38021326065063477
3,0,020d6a033dbe92bc1dacf8f0,0.6200000047683716,1.3597421646118164,0.7397421598434448,0.7397421598434448
3,1,932aaaf877411ec04213acbe,3.6989998817443848,4.062788963317871,0.36378908157348633,0.36378908157348633
3,2,f73b6e56f693c02991b347e5,3.499000072479248,4.071621417999268,0.5726213455200195,0.5726213455200195
3,3,9480591557387dcc57ea0db0,3.0309998989105225,3.5086045265197754,0.47760462760925293,0.47760462760925293
3,4,1ec2d335b4cbc8833356bfea,1.9589999914169312,0.8674533367156982,-1.091546654701233,1.091546654701233
3,5,d1776e6dbb721b1649bc553a,0.39800000190734863,0.4597141742706299,0.06171417236328125,0.06171417236328125
3,6,341afbbb2064fb37c88220a7,1.524999976158142,2.272397756576538,0.747397780418396,0.747397780418396
3,7,19c8ab38ebdd889d767e06d9,2.3570001125335693,2.795443296432495,0.4384431838989258,0.4384431838989258
3,8,ea88d23b6ebffd4230ab8bdc,2.938999891281128,1.9279872179031372,-1.0110126733779907,1.0110126733779907
3,9,72ffe6877c64fa79a7ea4d6c,1.9910000562667847,1.7403932809829712,-0.2506067752838135,0.2506067752838135
3,10,c5a320b53272cb70f9b1c6a5,2.869999885559082,1.7583056688308716,-1.1116942167282104,1.1116942167282104
3,11,d101448b699b0aba10e6b767,0.0,2.0620288848876953,2.0620288848876953,2.0620288848876953
3,12,dcf8f23e5ad91ab2918ab2fa,0.7009999752044678,1.1244035959243774,0.42340362071990967,0.42340362071990967
3,13,64d32499115da2f9fd262032,1.3980000019073486,1.6294887065887451,0.23148870468139648,0.23148870468139648
3,14,65f75dbf2c42bdc3fca1589c,1.9589999914169312,2.086508274078369,0.127508282661438,0.127508282661438
3,15,53e3f7cbbb27b04634474c56,0.09700000286102295,1.2406537532806396,1.1436537504196167,1.1436537504196167
3,16,5a818bcc3f480fdce0377896,0.9210000038146973,1.3305490016937256,0.4095489978790283,0.4095489978790283
3,17,0166164a16708770eca1a49b,1.9589999914169312,1.4029920101165771,-0.556007981300354,0.556007981300354
3,18,3396a17d8c03964f7bf114b9,1.1979999542236328,1.3343899250030518,0.13638997077941895,0.13638997077941895
3,19,219322a70922291cd472fb28,2.746999979019165,2.777060031890869,0.0300600528717041,0.0300600528717041
3,20,fb3e0d42089f4930fcb7ef92,3.313999891281128,3.2070603370666504,-0.10693955421447754,0.10693955421447754
3,21,da8617184ecfd2c1d9c1b021,2.0179998874664307,1.838477373123169,-0.17952251434326172,0.17952251434326172
3,22,0261534c9d03409cbced08d7,2.328000068664551,2.3342673778533936,0.0062673091888427734,0.0062673091888427734
3,23,d1a370a52ec64018ee8728b2,2.9590001106262207,2.788302183151245,-0.17069792747497559,0.17069792747497559
3,24,af146fdf97717f5f860c45e9,1.1490000486373901,1.0269083976745605,-0.12209165096282959,0.12209165096282959
3,25,83a0896da01bfe0cc0844b70,2.2980000972747803,2.26749324798584,-0.03050684928894043,0.03050684928894043
3,26,11c4e7ae68b884061e109cef,3.5320000648498535,3.4727280139923096,-0.059272050857543945,0.059272050857543945
3,27,17e6afcfab11da25badba6c7,1.4980000257492065,1.603941798210144,0.1059417724609375,0.1059417724609375
3,28,b1f6843f336dc7a177f04139,2.114000082015991,2.0932202339172363,-0.020779848098754883,0.020779848098754883
3,29,426b0a2e45b05e99ddfd86f4,1.878999948501587,2.799119234085083,0.9201192855834961,0.9201192855834961
3,30,7cd2b4301235a91df87df597,1.4800000190734863,2.474759817123413,0.9947597980499268,0.9947597980499268
3,31,c78b8f631f8ecac48f9aa937,0.7960000038146973,1.0046700239181519,0.2086700201034546,0.2086700201034546
3,32,4f0c293a52d442d6320ac716,1.9210000038146973,2.3867013454437256,0.4657013416290283,0.4657013416290283
3,33,bb6e7b2a354d01fa2f1dcaf6,1.409000039100647,1.8204071521759033,0.41140711307525635,0.41140711307525635
3,34,c9764ffcea2fd98723c28c02,2.4089999198913574,2.5503838062286377,0.14138388633728027,0.14138388633728027
3,35,ef689cee0132be927d299089,2.7699999809265137,2.759061336517334,-0.010938644409179688,0.010938644409179688
3,36,98632909ab5215836195d962,0.6990000009536743,1.8203833103179932,1.1213833093643188,1.1213833093643188
3,37,f9304219fe9380bf5575caae,1.6139999628067017,1.3539960384368896,-0.260003924369812,0.260003924369812
3,38,eee0f774bdce3517b96293f0,0.7749999761581421,0.6255589723587036,-0.14944100379943848,0.14944100379943848
3,39,22d7db43008752b6c1d1fb4c,1.4049999713897705,1.5177325010299683,0.11273252964019775,0.11273252964019775
3,40,4ed7e88e251de7b96fa4a43e,1.7719999551773071,1.9277678728103638,0.15576791763305664,0.15576791763305664
3,41,f6a9f3d19b5b10b494417542,2.4690001010894775,2.417585611343384,-0.05141448974609375,0.05141448974609375
3,42,113e6c52eb7e315fb95a5f3d,1.0850000381469727,1.4954020977020264,0.4104020595550537,0.4104020595550537
3,43,d57cdfc0b7865253d03ff721,0.4189999997615814,0.5336498618125916,0.11464986205101013,0.11464986205101013
3,44,cae4fcba9322a1a1ea269051,1.25,1.493947982788086,0.24394798278808594,0.24394798278808594
3,45,1dae4d79ecd3ac3836a24aea,2.1549999713897705,1.752638816833496,-0.4023611545562744,0.4023611545562744
3,46,555aa88af366a351438912b3,1.7079999446868896,1.8267474174499512,0.11874747276306152,0.11874747276306152
3,47,c9e965688a84143bb3e876ab,4.455999851226807,3.0913312435150146,-1.364668607711792,1.364668607711792
3,48,daba6d78ad8c660924f2047b,4.744999885559082,3.5371923446655273,-1.2078075408935547,1.2078075408935547
3,49,6cd8a7e4e593fae2d1391e16,3.9210000038146973,3.6113762855529785,-0.30962371826171875,0.30962371826171875
3,50,72274b1447806c0abd0ae6b0,3.187000036239624,2.5500056743621826,-0.6369943618774414,0.6369943618774414
3,51,73810c7d810b86427efe260b,3.5480000972747803,3.110729932785034,-0.4372701644897461,0.4372701644897461
3,52,9837f65ae2aa3070da8416a3,0.39800000190734863,0.4597141742706299,0.06171417236328125,0.06171417236328125
3,53,babb667a218516cd3b3d5219,1.8389999866485596,2.9787890911102295,1.13978910446167,1.13978910446167
3,54,dadd108c88063981c9959cdc,0.10199999809265137,0.8745380640029907,0.7725380659103394,0.7725380659103394
3,55,8fb0090e8a623f4289b54b86,0.6779999732971191,0.9581078290939331,0.28010785579681396,0.28010785579681396
3,56,7cebb1410dc6c85f68223c9b,2.0969998836517334,2.092165231704712,-0.004834651947021484,0.004834651947021484
3,57,604e6090d2ba97ef543fdd3d,1.5230000019073486,2.1269960403442383,0.6039960384368896,0.6039960384368896
3,58,472cd3f55166fb03ab3203b4,2.059999942779541,2.188185691833496,0.12818574905395508,0.12818574905395508
3,59,bd745fce14bb9fed067525c7,2.0859999656677246,2.1063642501831055,0.02036428451538086,0.02036428451538086
3,60,f767a4c849a34f1b51e9b6bc,0.5849999785423279,0.5980156660079956,0.013015687465667725,0.013015687465667725
3,61,ee5531f13c0692bdb00e4b3b,1.7699999809265137,1.8535199165344238,0.08351993560791016,0.08351993560791016
3,62,ac136eb19e54099def432d0b,1.3569999933242798,1.398358941078186,0.04135894775390625,0.04135894775390625
3,63,2fbc17e57e8d64cd0b8826b3,1.2920000553131104,1.4790465831756592,0.18704652786254883,0.18704652786254883
3,64,b41c5ee181c2f39401ade9f5,0.8539999723434448,0.6583867073059082,-0.19561326503753662,0.19561326503753662
3,65,189fb19311bd634674a2dd78,1.6990000009536743,1.0770487785339355,-0.6219512224197388,0.6219512224197388
3,66,c18340a5796a783e93a9f48b,0.8539999723434448,1.201082468032837,0.3470824956893921,0.3470824956893921
3,67,28e9421753f3faa1091f2856,4.494999885559082,3.7124178409576416,-0.7825820446014404,0.7825820446014404
3,68,6556933d6380511ad0378f8a,2.677999973297119,2.6681571006774902,-0.009842872619628906,0.009842872619628906
3,69,69a1ac1e5fc7238e18ca6c45,0.9629999995231628,1.5102417469024658,0.547241747379303,0.547241747379303
3,70,50d5d95d9cf2af3c90590bfc,0.6779999732971191,0.7323247790336609,0.05432480573654175,0.05432480573654175
3,71,267136f175a75254658a16a6,2.7699999809265137,2.570814371109009,-0.19918560981750488,0.19918560981750488
3,72,7a9bee2c418660eef4425021,3.4690001010894775,2.9148776531219482,-0.5541224479675293,0.5541224479675293
3,73,25a468ede76e68aaca3ef048,2.377000093460083,2.407898426055908,0.030898332595825195,0.030898332595825195
3,74,c76c4e82d80374ef167c3c65,1.649999976158142,1.7725090980529785,0.12250912189483643,0.12250912189483643
3,75,7fe34fe709540625560b9c5d,2.0399999618530273,2.0323853492736816,-0.007614612579345703,0.007614612579345703
3,76,fe1802ef61594b7a563e6f1f,2.859999895095825,2.8072283267974854,-0.052771568298339844,0.052771568298339844
3,77,b80000f88bbecf7fc12e2710,2.114000082015991,2.0932202339172363,-0.020779848098754883,0.020779848098754883
3,78,a6b2c25d5d8262fd4663e239,3.0409998893737793,2.8090450763702393,-0.23195481300354004,0.23195481300354004
3,79,7effd6b33b7941e4cb377014,0.5540000200271606,0.6121714115142822,0.05817139148712158,0.05817139148712158
3,80,09e1d8cc281da1500fd859c1,1.5920000076293945,1.706211805343628,0.1142117977142334,0.1142117977142334
3,81,b3a4c8333b50c007225baf8d,1.4800000190734863,2.474759817123413,0.9947597980499268,0.9947597980499268
3,82,6357042a78256b9edb2e5c5b,1.6950000524520874,1.7316999435424805,0.036699891090393066,0.036699891090393066
3,83,d8197e2686913dc4b550c551,2.0510001182556152,2.038782835006714,-0.012217283248901367,0.012217283248901367
3,84,ed1781c2300b5152645f54ff,0.5329999923706055,2.4874229431152344,1.954422950744629,1.954422950744629
3,85,50250177e86c4a5b895b8bcb,2.4809999465942383,2.403869390487671,-0.07713055610656738,0.07713055610656738
3,86,ab80411c8b6b2b0dc366bd73,3.997999906539917,3.8835601806640625,-0.11443972587585449,0.11443972587585449
3,87,87b10cef5bdebdeef9c002de,4.297999858856201,4.046683311462402,-0.25131654739379883,0.25131654739379883
3,88,bbbd9f1bb89d6bcd3884ba97,3.427999973297119,3.2490227222442627,-0.17897725105285645,0.17897725105285645
3,89,7b3917680cb9fad794dc0fdd,3.5380001068115234,3.3333253860473633,-0.20467472076416016,0.20467472076416016
3,90,92ff6f8562d96d97fb8fde38,3.2880001068115234,3.166152238845825,-0.12184786796569824,0.12184786796569824
3,91,1ec1f61e863fdc1a5fd041aa,2.009999990463257,2.099594831466675,0.08959484100341797,0.08959484100341797
3,92,9ef0201f79f3077e1b960682,2.359999895095825,1.9039061069488525,-0.45609378814697266,0.45609378814697266
3,93,7d731c9871eb9de49d078226,2.2699999809265137,2.1263482570648193,-0.14365172386169434,0.14365172386169434
3,94,ee129642434ddc5b6232541c,2.5,2.211015224456787,-0.2889847755432129,0.2889847755432129
3,95,8598b67f4417015906e719d0,2.1500000953674316,1.896014928817749,-0.2539851665496826,0.2539851665496826
3,96,b80d04c8369a0a5ece7366a5,4.079999923706055,3.534196615219116,-0.5458033084869385,0.5458033084869385
3,97,f97d5cdaa22ac3dd8b0c82aa,3.75,3.747286558151245,-0.002713441848754883,0.002713441848754883
3,98,9f600be6d42c336b67489bf3,3.809999942779541,3.8192098140716553,0.009209871292114258,0.009209871292114258
3,99,823718f7faf6bb1862f2ccaf,0.6499999761581421,1.2695951461791992,0.6195951700210571,0.6195951700210571
3,100,1673f912c090dbd654411031,0.8799999952316284,0.6046953797340393,-0.2753046154975891,0.2753046154975891
3,101,1dd401480f9eefb5624e07ee,0.41999998688697815,0.6455404758453369,0.22554048895835876,0.22554048895835876
3,102,d7204514a078d105cbe8c58d,0.6100000143051147,1.015482783317566,0.40548276901245117,0.40548276901245117
3,103,373a090ee2e525252619b5cd,1.9500000476837158,1.2364323139190674,-0.7135677337646484,0.7135677337646484
3,104,21fdce03e03d7d9abae7ab96,1.2699999809265137,0.3870418071746826,-0.882958173751831,0.882958173751831
3,105,ca9484a751fff74463355d4c,0.6800000071525574,0.3496270775794983,-0.3303729295730591,0.3303729295730591
3,106,743fc322840f13c3b7bd7626,1.059999942779541,0.5346965193748474,-0.5253034234046936,0.5253034234046936
3,107,20ba16285245379ed514d5f7,0.550000011920929,0.6423543691635132,0.09235435724258423,0.09235435724258423
3,108,fd3a005a1a3ced37c6728157,0.3499999940395355,0.8985117077827454,0.5485117435455322,0.5485117435455322
3,109,fb1f4dbc2463b9a935db8d66,1.0499999523162842,0.45412397384643555,-0.5958759784698486,0.5958759784698486
3,110,303ac1031669b1a6326ae3de,1.1699999570846558,0.7056370973587036,-0.46436285972595215,0.46436285972595215
3,111,644b5717ec7ef8203decc954,0.8299999833106995,2.137523889541626,1.3075239658355713,1.3075239658355713
3,112,8cc0df4c762acbea8e9b5b10,0.9700000286102295,0.8126471638679504,-0.15735286474227905,0.15735286474227905
3,113,3d55222ec507db21a6f5050b,0.7300000190734863,0.9126472473144531,0.1826472282409668,0.1826472282409668
3,114,ecd6f5fa861ef7ee4620e0ab,1.2100000381469727,0.9493666887283325,-0.26063334941864014,0.26063334941864014
3,115,82e3af9f6f5e50232a3cfb9d,0.9599999785423279,1.1130611896514893,0.15306121110916138,0.15306121110916138
3,116,43bd0d163a06ae20c4435f41,0.7599999904632568,1.032302975654602,0.2723029851913452,0.2723029851913452
3,117,0ad1280cf3cef9e43fbf595d,0.9200000166893005,1.0282297134399414,0.10822969675064087,0.10822969675064087
3,118,2ebc95975512401c6de77911,0.949999988079071,0.7604095935821533,-0.18959039449691772,0.18959039449691772
3,119,81456ac46d54cc68bfc21d45,1.1699999570846558,1.1745119094848633,0.0045119524002075195,0.0045119524002075195
3,120,09c89ac3145c3ddba2d199d3,1.2100000381469727,1.1129194498062134,-0.09708058834075928,0.09708058834075928
3,121,39e0a277f4856aee7a7c6b30,2.799999952316284,3.0787999629974365,0.27880001068115234,0.27880001068115234
3,122,fc241b6d351414f450ac4351,3.9200000762939453,2.9630377292633057,-0.9569623470306396,0.9569623470306396
3,123,11921f05e854171f442148c6,0.8240000009536743,1.0207889080047607,0.19678890705108643,0.19678890705108643
3,124,733b82dfff7c75249229012f,0.18700000643730164,0.6924126148223877,0.5054125785827637,0.5054125785827637
3,125,fbe6ada58f131aae38618bee,1.6019999980926514,1.934588074684143,0.3325880765914917,0.3325880765914917
3,126,46676f6c1507f314170e3eee,3.0,3.541177988052368,0.5411779880523682,0.5411779880523682
3,127,c09f733b6448e534e58c735a,3.9790000915527344,2.724402904510498,-1.2545971870422363,1.2545971870422363
3,128,afd346fa6e8023b0343689db,1.8200000524520874,3.078230381011963,1.2582303285598755,1.2582303285598755
3,129,555e68f203f18ce5c3ecfd6f,3.6600000858306885,1.4439784288406372,-2.2160215377807617,2.2160215377807617
3,130,f8ee33cb345eb2ae1117a548,2.0399999618530273,2.3752782344818115,0.3352782726287842,0.3352782726287842
3,131,5e989804fe8eca09b33dd0c1,2.8499999046325684,2.5815937519073486,-0.2684061527252197,0.2684061527252197
3,132,2562baa3fac767197baad592,2.8299999237060547,2.505113363265991,-0.3248865604400635,0.3248865604400635
3,133,b37b9bfb21cf9a865dcbd4be,2.609999895095825,2.6050376892089844,-0.00496220588684082,0.00496220588684082
3,134,ad6ab8ef23011d8ff9b24196,2.369999885559082,2.497912645339966,0.1279127597808838,0.1279127597808838
3,135,0d86691de8f40539c8e5a5fd,2.9200000762939453,2.5787768363952637,-0.34122323989868164,0.34122323989868164
3,136,50ac475c7f97f289ca81bcb1,2.7300000190734863,2.7364299297332764,0.006429910659790039,0.006429910659790039
3,137,e692193dcee9afe9bdc58d75,2.430000066757202,2.711670160293579,0.28167009353637695,0.28167009353637695
3,138,3878e3ad88a0bb745f848548,2.640000104904175,2.615947961807251,-0.024052143096923828,0.024052143096923828
3,139,706d634e70748ed0b5404e6a,3.069999933242798,2.499943971633911,-0.5700559616088867,0.5700559616088867
3,140,d2a3d78afc35c34616479c8e,2.9800000190734863,2.462592840194702,-0.5174071788787842,0.5174071788787842
3,141,92f05f0d613e273c25c5bc19,2.6600000858306885,2.8630597591400146,0.20305967330932617,0.20305967330932617
3,142,056b7695f0fe5a854111c5a5,1.899999976158142,1.0882160663604736,-0.8117839097976685,0.8117839097976685
3,143,fc1cb3bb8ec61f786303bf1c,1.409999966621399,1.1389508247375488,-0.2710491418838501,0.2710491418838501
3,144,b8368de6c5ebb1cf79b5566b,1.0199999809265137,0.477486252784729,-0.5425137281417847,0.5425137281417847
3,145,f1ea2d0329a77d8fb4d6eb75,0.800000011920929,1.168078899383545,0.36807888746261597,0.36807888746261597
3,146,2d66602276646b936c39683e,2.5299999713897705,1.3343966007232666,-1.195603370666504,1.195603370666504
3,147,3d8a9e8b43eb9d22e76565f1,1.090000033378601,1.0967111587524414,0.006711125373840332,0.006711125373840332
3,148,b79c492cb51b08e3d4d6d46c,1.9600000381469727,1.040244221687317,-0.9197558164596558,0.9197558164596558
3,149,040523ce4a83d0593e28e368,0.8700000047683716,1.027942180633545,0.15794217586517334,0.15794217586517334
3,150,edf2110000df86c1fe7f623c,1.309999942779541,1.0192660093307495,-0.2907339334487915,0.2907339334487915
3,151,76741651c090d65da0e59069,1.149999976158142,1.2160313129425049,0.06603133678436279,0.06603133678436279
3,152,599dd8aefee3cda60fd9796a,1.090000033378601,1.3088321685791016,0.2188321352005005,0.2188321352005005
3,153,e250734c5818a0e304fec227,1.940000057220459,0.8546315431594849,-1.0853685140609741,1.0853685140609741
3,154,f100002fc76bf1a4c765838d,0.9200000166893005,0.9047727584838867,-0.015227258205413818,0.015227258205413818
3,155,4d6381eb00f24de0f01d000b,1.4500000476837158,1.2339717149734497,-0.2160283327102661,0.2160283327102661
3,156,39d9ccfe5ecf64eaacb98113,1.1299999952316284,0.9899207353591919,-0.14007925987243652,0.14007925987243652
3,157,da3727084d5128a03fd9d56d,1.7300000190734863,1.1526151895523071,-0.5773848295211792,0.5773848295211792
3,158,227a3d3b8dc15e30bbb54fa0,1.5299999713897705,1.5055339336395264,-0.02446603775024414,0.02446603775024414
3,159,8f9f568a2bf676d60cee7836,2.009999990463257,1.1390851736068726,-0.8709148168563843,0.8709148168563843
3,160,60c7e93876f598350b14443e,1.340000033378601,1.8001818656921387,0.4601818323135376,0.4601818323135376
3,161,3f03538e3f63fd4155ca5c2f,1.4800000190734863,1.6003607511520386,0.12036073207855225,0.12036073207855225
3,162,233b913f18b2e760d3b1429c,1.0800000429153442,1.3585940599441528,0.2785940170288086,0.2785940170288086
3,163,cd3a5c1f1bd5d1ee34057760,1.4600000381469727,1.395688772201538,-0.06431126594543457,0.06431126594543457
3,164,6dc79bde751d9b70fde9c5ca,1.9199999570846558,1.253806233406067,-0.6661937236785889,0.6661937236785889
3,165,d4e1fed9cf1d4e166a8e7bea,1.649999976158142,2.0974819660186768,0.44748198986053467,0.44748198986053467
3,166,8fd89829118968113e17473a,1.309999942779541,1.4130334854125977,0.10303354263305664,0.10303354263305664
3,167,b86a656d76660ec864093b87,1.9199999570846558,1.8907809257507324,-0.02921903133392334,0.02921903133392334
3,168,1869f13705836979206b0de9,2.140000104904175,0.8966323137283325,-1.2433677911758423,1.2433677911758423
3,169,0c8172f1f314c7fb9bd5e0ed,0.6200000047683716,1.5165863037109375,0.8965862989425659,0.8965862989425659
3,170,597cbe9f55f1a2be9c5437b9,1.4700000286102295,1.6205787658691406,0.15057873725891113,0.15057873725891113
3,171,d2f4ca12319af29fff5353a0,2.4000000953674316,1.1032397747039795,-1.2967603206634521,1.2967603206634521
3,172,aae8acfbfb51e8e6467ca409,1.6699999570846558,1.836378574371338,0.16637861728668213,0.16637861728668213
3,173,088f3467e1bb81c4679e4ca8,1.5,1.6809430122375488,0.18094301223754883,0.18094301223754883
3,174,d755b0337f1c1bb6e3e4e8d8,1.3300000429153442,1.45536208152771,0.12536203861236572,0.12536203861236572
3,175,089f15d884c952d56e97d346,1.600000023841858,1.3291845321655273,-0.27081549167633057,0.27081549167633057
3,176,7eab173c82fc746f7a3c5abb,1.350000023841858,1.747429370880127,0.39742934703826904,0.39742934703826904
3,177,10c77f9a8674aaefaa691419,1.600000023841858,1.8306305408477783,0.2306305170059204,0.2306305170059204
3,178,b6a474610a6e43d3f953ce8d,1.409999966621399,1.417594075202942,0.007594108581542969,0.007594108581542969
3,179,67a6c5f48176ec1f55ad6238,1.7999999523162842,1.8542604446411133,0.0542604923248291,0.0542604923248291
3,180,7959f563cc22b34caf61af98,1.3300000429153442,1.3879046440124512,0.057904601097106934,0.057904601097106934
3,181,042d37f05ef32da09f26e907,1.3899999856948853,1.8576183319091797,0.46761834621429443,0.46761834621429443
3,182,82a641fca032c624b484f233,0.5600000023841858,1.169068694114685,0.6090686917304993,0.6090686917304993
3,183,25bd0c7444d8ed7c978f04df,1.7200000286102295,0.8021774888038635,-0.917822539806366,0.917822539806366
3,184,ad12029880f2d28b72e81898,0.5899999737739563,0.7033547163009644,0.11335474252700806,0.11335474252700806
3,185,2269e8a00a1f77ef9fdab66d,1.4500000476837158,1.8305227756500244,0.3805227279663086,0.3805227279663086
3,186,57283fac7f0efa1a8f1550a4,1.6399999856948853,1.275866985321045,-0.36413300037384033,0.36413300037384033
3,187,c2794f22ec2d265c79f59bac,0.9599999785423279,1.2025117874145508,0.2425118088722229,0.2425118088722229
3,188,f286d1b7436f0840d45ae18c,2.2799999713897705,1.338029146194458,-0.9419708251953125,0.9419708251953125
3,189,ea5f23899f812ff8b3afc5b8,1.1699999570846558,1.095278263092041,-0.07472169399261475,0.07472169399261475
3,190,25f15bc74da37c85a7207f02,0.8199999928474426,0.8084648251533508,-0.011535167694091797,0.011535167694091797
3,191,c8d4e708416ddb2fc22a4f28,1.6100000143051147,1.2115683555603027,-0.398431658744812,0.398431658744812
3,192,6ea1feb563d3d5e1354cf9be,1.0,0.8927340507507324,-0.10726594924926758,0.10726594924926758
3,193,f57d32f9f0fede0ad738fd52,1.0499999523162842,0.8840318918228149,-0.16596806049346924,0.16596806049346924
3,194,00cf25f4a38d43f1e60b16df,0.8500000238418579,1.487419605255127,0.637419581413269,0.637419581413269
3,195,7b7ca83646fee7e052a9f4c3,2.115000009536743,2.2901153564453125,0.17511534690856934,0.17511534690856934
3,196,293f9c71b3d872df0e5793d3,2.1760001182556152,2.3557140827178955,0.17971396446228027,0.17971396446228027
3,197,b7bdaad48f84df79a4aa7412,1.5230000019073486,2.242018461227417,0.7190184593200684,0.7190184593200684
3,198,7c5d0979ff6c94f6491abee1,2.4700000286102295,3.7966108322143555,1.326610803604126,1.326610803604126
3,199,ba82f2fe89a9416b447b7aab,1.9800000190734863,0.9033265709877014,-1.0766735076904297,1.0766735076904297
3,200,0c8353055ca36eb04fc09e3b,0.8899999856948853,1.3039264678955078,0.41392648220062256,0.41392648220062256
3,201,f1e1ecda98aad248a4a1a933,1.059999942779541,0.6431494951248169,-0.4168504476547241,0.4168504476547241
3,202,50ea05051954582df00c1838,0.23999999463558197,0.8258985877037048,0.5858985781669617,0.5858985781669617
3,203,5af8662bd64e2b2849ab2fce,1.1799999475479126,0.8027136325836182,-0.37728631496429443,0.37728631496429443
3,204,54f1e3df1204014dd74da02e,1.0800000429153442,1.4062974452972412,0.326297402381897,0.326297402381897
3,205,5de48b49c7e2521297f5230e,1.149999976158142,0.931804358959198,-0.2181956171989441,0.2181956171989441
3,206,5aa25ec705952f1fad5ef25d,2.377000093460083,2.424009323120117,0.04700922966003418,0.04700922966003418
3,207,fcf24a7fc54f96da190fca40,0.27000001072883606,0.6818654537200928,0.4118654429912567,0.4118654429912567
3,208,ee17f2434ed3a1846df56939,1.059999942779541,0.6327618360519409,-0.4272381067276001,0.4272381067276001
3,209,eb2e9e44c490c9b406643c1b,1.6100000143051147,1.0699458122253418,-0.540054202079773,0.540054202079773
3,210,5fa9af179dc2666e1a1b7be1,0.699999988079071,1.0074591636657715,0.30745917558670044,0.30745917558670044
3,211,c7375f4e11f00cd0017be7d2,1.3700000047683716,1.3757243156433105,0.005724310874938965,0.005724310874938965
3,212,5a546a0823711885e113e395,0.8600000143051147,0.9069254994392395,0.046925485134124756,0.046925485134124756
3,213,68d7f017f3848cc9ff9e3a6c,0.550000011920929,0.5767327547073364,0.02673274278640747,0.02673274278640747
3,214,bd9908e74b5a7128eba2adcd,1.5429999828338623,1.324171781539917,-0.2188282012939453,0.2188282012939453
3,215,a1d55e53410a77bdcbe29350,1.1699999570846558,1.0948917865753174,-0.07510817050933838,0.07510817050933838
3,216,3ba2f68ac35bffb8fc2951ba,0.8999999761581421,0.8109254837036133,-0.08907449245452881,0.08907449245452881
3,217,a51f966e03b4bf590c9ceb29,0.4099999964237213,1.123470664024353,0.7134706974029541,0.7134706974029541
3,218,98ebf84c1f9ed943bb322ace,0.6000000238418579,0.8799312114715576,0.2799311876296997,0.2799311876296997
3,219,aafaf3a74cd974355ac1289f,1.6749999523162842,2.0886638164520264,0.4136638641357422,0.4136638641357422
3,220,989c3195f1b4db893eb8afb8,1.5809999704360962,1.784385323524475,0.2033853530883789,0.2033853530883789
3,221,63cdff5fe813717596c15f57,1.5449999570846558,1.7438323497772217,0.19883239269256592,0.19883239269256592
3,222,a03b3538cece31bea7c024da,2.7929999828338623,2.7699410915374756,-0.02305889129638672,0.02305889129638672
3,223,1ab5dbc97866722e13837232,0.257999986410141,0.339425265789032,0.08142527937889099,0.08142527937889099
3,224,ea8f396b8876d07006b8ca61,1.0549999475479126,0.6902873516082764,-0.36471259593963623,0.36471259593963623
3,225,011010f2c2906f7e0d2e56a6,0.593999981880188,0.630723237991333,0.03672325611114502,0.03672325611114502
3,226,da85a592c6e724939f28c351,0.2849999964237213,1.5275671482086182,1.2425671815872192,1.2425671815872192
3,227,583656ead3ea5f5b9ab781ea,0.5479999780654907,1.3816311359405518,0.833631157875061,0.833631157875061
3,228,eaf87ac187e1c545d8923e4f,0.35100001096725464,2.064256429672241,1.7132563591003418,1.7132563591003418
3,229,5346174bc38c78f642b460d1,1.559000015258789,1.848404884338379,0.28940486907958984,0.28940486907958984
3,230,c780300174dd217bf07c57de,2.2929999828338623,2.2743606567382812,-0.018639326095581055,0.018639326095581055
3,231,5d15fe7ea1ca3db846ac57e7,2.2230000495910645,2.370009183883667,0.14700913429260254,0.14700913429260254
3,232,7f5d02476f204a920de48e59,2.569000005722046,2.5755703449249268,0.006570339202880859,0.006570339202880859
3,233,f4fbdf4e97fd3c9b365ed9b6,2.8259999752044678,2.871426820755005,0.04542684555053711,0.04542684555053711
3,234,e5c54be8d102928e735ce0e5,2.5299999713897705,2.5752007961273193,0.04520082473754883,0.04520082473754883
3,235,e12c9202dd0d6898c9407f14,2.565000057220459,2.582792043685913,0.0177919864654541,0.0177919864654541
3,236,8cf56c9243b1379aa583506b,1.4980000257492065,1.6235041618347168,0.12550413608551025,0.12550413608551025
3,237,7e671475710e8e5f2d285ff2,3.9560000896453857,2.844295024871826,-1.1117050647735596,1.1117050647735596
3,238,61dc27d243d66ff397d13541,2.4590001106262207,2.084357976913452,-0.37464213371276855,0.37464213371276855
3,239,255813ed4de6a95bf54a9976,1.8639999628067017,2.807204008102417,0.9432040452957153,0.9432040452957153
3,240,a22c1b38663789bf9a8c25e5,3.385999917984009,1.7326834201812744,-1.6533164978027344,1.6533164978027344
3,241,a7b28cab7a62bf9d2f65b6b3,0.9300000071525574,1.1424949169158936,0.21249490976333618,0.21249490976333618
3,242,862df52f1d60ad228cf3400d,1.2699999809265137,1.4421889781951904,0.17218899726867676,0.17218899726867676
3,243,42e231a41fee833171d37ddd,1.809999942779541,0.6414092779159546,-1.1685906648635864,1.1685906648635864
3,244,19cf6f486a82eb2a8b8c4c7f,1.850000023841858,2.0605673789978027,0.21056735515594482,0.21056735515594482
3,245,7bf65b12a5cec89fc9f33734,1.8200000524520874,1.549414038658142,-0.2705860137939453,0.2705860137939453
3,246,f57f4e2bd716779d57b07a3f,1.9199999570846558,2.0632359981536865,0.14323604106903076,0.14323604106903076
3,247,360d9e0fb7e7ece6e4deab4b,2.1700000762939453,2.046144485473633,-0.1238555908203125,0.1238555908203125
3,248,05389a315c6a669867b5f7ad,1.7699999809265137,2.0445396900177,0.2745397090911865,0.2745397090911865
3,249,b0543cf30245b2245876bf3f,1.840000033378601,1.9552028179168701,0.11520278453826904,0.11520278453826904
3,250,db899870a43a268e2ffbcd43,1.9700000286102295,1.9470736980438232,-0.02292633056640625,0.02292633056640625
3,251,9c83c4e740cd6ab2ed7c4d5d,1.9800000190734863,1.9707586765289307,-0.009241342544555664,0.009241342544555664
3,252,917708ffde21eaa1d9d745ef,2.069999933242798,2.045898675918579,-0.02410125732421875,0.02410125732421875
3,253,f41322817b42b8ab9c8b6327,1.8600000143051147,2.042656183242798,0.1826561689376831,0.1826561689376831
3,254,280de54fe68b97dc8ea6e0a2,2.200000047683716,1.8434381484985352,-0.35656189918518066,0.35656189918518066
3,255,d9925b2a2dad395bbd99773a,1.850000023841858,1.9301483631134033,0.08014833927154541,0.08014833927154541
3,256,a0aaa629c1d04b2286a0403a,2.5439999103546143,1.6393587589263916,-0.9046411514282227,0.9046411514282227
3,257,8f19b31b6a6d4a48e3fe1c64,1.184000015258789,1.818163514137268,0.634163498878479,0.634163498878479
3,258,62571f914b3b3a5aa9155004,1.8760000467300415,2.752826452255249,0.8768264055252075,0.8768264055252075
3,259,4cfce08b82d62b68f7674fdb,1.9900000095367432,1.5910522937774658,-0.39894771575927734,0.39894771575927734
3,260,fe87f5fdace02b6d72864ee6,2.4000000953674316,1.8060661554336548,-0.5939339399337769,0.5939339399337769
3,261,e0420db7d44c86112a686c9b,1.9600000381469727,1.0652642250061035,-0.8947358131408691,0.8947358131408691
3,262,944427cbf280a6e219065471,2.1500000953674316,1.812618613243103,-0.3373814821243286,0.3373814821243286
3,263,befd8f41df2dd399fbefe0d2,2.049999952316284,1.9089922904968262,-0.141007661819458,0.141007661819458
3,264,49026d975227a58bec49d030,2.240000009536743,1.8320248126983643,-0.4079751968383789,0.4079751968383789
3,265,f57da84f9a8b16e36a0634a9,2.2300000190734863,1.8362483978271484,-0.3937516212463379,0.3937516212463379
3,266,5564c35e8ab2b230bb688caa,2.130000114440918,2.0239031314849854,-0.10609698295593262,0.10609698295593262
3,267,eee633c72d1c8fa9cb45c786,1.659999966621399,1.7912678718566895,0.13126790523529053,0.13126790523529053
3,268,2c65f677037b6cd50a84ec4d,2.069999933242798,1.8686628341674805,-0.20133709907531738,0.20133709907531738
3,269,02728784185fc871ae8f4aca,2.2799999713897705,1.923517107963562,-0.3564828634262085,0.3564828634262085
3,270,fd36ad24aa0c519f571547d5,2.059999942779541,1.8654687404632568,-0.19453120231628418,0.19453120231628418
3,271,2d9b51afe50031205f88af88,2.190000057220459,1.6721960306167603,-0.5178040266036987,0.5178040266036987
3,272,4837a30e0822ed92b2f40a5b,2.2100000381469727,1.5328028202056885,-0.6771972179412842,0.6771972179412842
3,273,adbc605c8f31b4391bb27a0e,2.430000066757202,1.7722315788269043,-0.6577684879302979,0.6577684879302979
3,274,4fd69b72854cd0b76cf3c902,2.200000047683716,1.9008734226226807,-0.29912662506103516,0.29912662506103516
3,275,b918d4aa8163b4ce6db4c2ac,2.0799999237060547,1.9525110721588135,-0.1274888515472412,0.1274888515472412
3,276,b2dd5200558a5a11a9925b08,2.0399999618530273,1.1214977502822876,-0.9185022115707397,0.9185022115707397
3,277,3354fff3ce8e18b6d84f3574,2.0299999713897705,1.8716661930084229,-0.15833377838134766,0.15833377838134766
3,278,ffe221b330f5089462715984,0.20999999344348907,0.5422419905662537,0.3322420120239258,0.3322420120239258
3,279,b958463504a1e3070a3b500e,0.25,0.8829257488250732,0.6329257488250732,0.6329257488250732
3,280,4344b0cc9a069fb93e9058de,0.6800000071525574,0.22362306714057922,-0.45637694001197815,0.45637694001197815
3,281,83f2731c65403363865558d1,0.36000001430511475,0.417068749666214,0.05706873536109924,0.05706873536109924
3,282,1c7d86682c4e9d13b94e9082,1.1100000143051147,0.6842339038848877,-0.42576611042022705,0.42576611042022705
3,283,dc2c36360c976a3c064c307a,0.7799999713897705,0.464524507522583,-0.3154754638671875,0.3154754638671875
3,284,2594e93fca47acc264611370,0.23999999463558197,0.5443631410598755,0.3043631315231323,0.3043631315231323
3,285,fd36515627a6456520c7b44b,0.47999998927116394,0.9223527312278748,0.4423527419567108,0.4423527419567108
3,286,3e2b2a15c0dd8bf0cbd7ecdd,0.27000001072883606,0.34842976927757263,0.07842975854873657,0.07842975854873657
3,287,b1d0780af8d3cd37411d71c6,0.6100000143051147,0.7284679412841797,0.11846792697906494,0.11846792697906494
3,288,6d4799dfd989e3d4f69efc04,0.5099999904632568,0.5758800506591797,0.06588006019592285,0.06588006019592285
3,289,a58ad0aab9b371b9143531fa,0.27000001072883606,0.47005677223205566,0.2000567615032196,0.2000567615032196
3,290,8f43f43b281e5c1e957a1fcf,0.46000000834465027,0.5340027809143066,0.07400277256965637,0.07400277256965637
3,291,94587384e090dc4a40f178af,1.5299999713897705,1.2204763889312744,-0.3095235824584961,0.3095235824584961
3,292,8722c15ee0c6db1ede686d86,0.03999999910593033,0.772330641746521,0.7323306202888489,0.7323306202888489
3,293,e6b0c5fa735a18e90d7e3a8e,0.3499999940395355,1.028249740600586,0.678249716758728,0.678249716758728
3,294,e668276ab03022a10fee07d1,0.7900000214576721,1.374778389930725,0.584778368473053,0.584778368473053
3,295,4e2f512b5781ef43d14df575,2.119999885559082,1.9455864429473877,-0.17441344261169434,0.17441344261169434
3,296,8539eab9d8eaa0bb9987e070,0.6299999952316284,1.1705056428909302,0.5405056476593018,0.5405056476593018
3,297,f080cd0d0e4e8052c591d9d7,0.18000000715255737,1.4121514558792114,1.2321515083312988,1.2321515083312988
3,298,681f930b10501723f6ef135c,0.41999998688697815,1.3235033750534058,0.90350341796875,0.90350341796875
3,299,612435bf0b72eeee91fe6fc9,1.8600000143051147,2.242018461227417,0.38201844692230225,0.38201844692230225
3,300,5c82a02340e048a797a545a2,1.9700000286102295,2.506517171859741,0.5365171432495117,0.5365171432495117
3,301,ea3b6d20326b1c45076e0341,1.5499999523162842,2.37054181098938,0.8205418586730957,0.8205418586730957
3,302,1a6a1767bab331a34d23e32f,1.8799999952316284,1.630903959274292,-0.24909603595733643,0.24909603595733643
3,303,236f40931559a3ad8ba8ba1c,3.069999933242798,1.7027909755706787,-1.3672089576721191,1.3672089576721191
3,304,eb62a012c306318f670a15a8,2.009999990463257,2.0144522190093994,0.004452228546142578,0.004452228546142578
3,305,ea6935b11b2dc249fd34e633,2.549999952316284,2.1332972049713135,-0.4167027473449707,0.4167027473449707
3,306,012a46243869392bcb83cbcc,1.5700000524520874,1.8451911211013794,0.275191068649292,0.275191068649292
3,307,8d58d646ca5340527618a8e2,2.890000104904175,1.9035886526107788,-0.986411452293396,0.986411452293396
3,308,1fcadbc67c8ae5be8cd9ad1f,1.9299999475479126,2.0854694843292236,0.15546953678131104,0.15546953678131104
3,309,a9107e52c93c63ed75bc64f9,1.9199999570846558,2.340130567550659,0.4201306104660034,0.4201306104660034
3,310,c0a2936e7e48ef98ac2f78a5,2.190000057220459,1.8643465042114258,-0.3256535530090332,0.3256535530090332
3,311,6a0f8b63a09173d2ebfbddce,2.740000009536743,1.6957967281341553,-1.044203281402588,1.044203281402588
3,312,bd6a510af25240b22f7445db,1.7100000381469727,1.9035959243774414,0.19359588623046875,0.19359588623046875
3,313,bbf10677939c8fc8bb4d9e70,2.380000114440918,1.8562703132629395,-0.5237298011779785,0.5237298011779785
3,314,6236d52613954c1208bfbacc,1.7699999809265137,1.8279087543487549,0.05790877342224121,0.05790877342224121
3,315,bffa6dbf02f4b5e1a22f26a1,2.0299999713897705,1.9037578105926514,-0.12624216079711914,0.12624216079711914
3,316,36264f0e1e61c04107f67e1e,1.6200000047683716,1.6849943399429321,0.06499433517456055,0.06499433517456055
3,317,58a963921f608be4b3463b65,0.6899999976158142,1.4030756950378418,0.7130756974220276,0.7130756974220276
3,318,7117863699488c25b35bd624,2.3399999141693115,2.4943859577178955,0.15438604354858398,0.15438604354858398
3,319,f0d7864336cac4c41141b7f8,2.2899999618530273,2.3506267070770264,0.06062674522399902,0.06062674522399902
3,320,2a0601c9019a9ee6aaa78ae8,2.1700000762939453,2.201190710067749,0.03119063377380371,0.03119063377380371
3,321,45caa73ef6bb6b8e8afac530,1.7100000381469727,1.2921404838562012,-0.4178595542907715,0.4178595542907715
3,322,4fc21828a63bafab06a46158,0.9300000071525574,2.276911497116089,1.3469114303588867,1.3469114303588867
3,323,0c4ace7419e8ac555c44fbd6,0.7599999904632568,0.8367652893066406,0.07676529884338379,0.07676529884338379
3,324,705a10c32461b5adc8732cd1,0.27000001072883606,0.6856470108032227,0.4156470000743866,0.4156470000743866
3,325,6585222c732283853cd05c59,1.6399999856948853,1.1231281757354736,-0.5168718099594116,0.5168718099594116
3,326,3731c7baa62d2d98d21424d3,0.800000011920929,0.9745156764984131,0.17451566457748413,0.17451566457748413
3,327,1d46522dd71eaf91f3ef48cc,0.6200000047683716,0.9339504241943359,0.31395041942596436,0.31395041942596436
3,328,35559745c169299d939a9a42,0.3799999952316284,1.028742790222168,0.6487427949905396,0.6487427949905396
3,329,7dc30ad70450bcf85780038d,0.8899999856948853,1.3727384805679321,0.4827384948730469,0.4827384948730469
3,330,df41eadf3ddb86609263869e,0.46000000834465027,1.5645663738250732,1.1045663356781006,1.1045663356781006
3,331,24ced8d517519d7f771a16f3,0.9300000071525574,1.639812707901001,0.7098127007484436,0.7098127007484436
3,332,0a02ad39806838996c5036fc,1.2200000286102295,1.729174256324768,0.5091742277145386,0.5091742277145386
3,333,ba3a85f8a84d2027bdb6e18a,0.9300000071525574,1.8986107110977173,0.9686107039451599,0.9686107039451599
3,334,4e2f417e5ae9dc27e65cebc1,2.0399999618530273,1.4900577068328857,-0.5499422550201416,0.5499422550201416
3,335,b199f2f3a177d58528044f52,0.9900000095367432,1.2758138179779053,0.2858138084411621,0.2858138084411621
3,336,818e2ca0c83c36df9bd0e0dd,0.75,0.9619529247283936,0.21195292472839355,0.21195292472839355
3,337,596c6d57257dd28deb49dc67,1.4700000286102295,1.5354981422424316,0.06549811363220215,0.06549811363220215
3,338,080faf9452d18858ffa30784,1.149999976158142,1.5351651906967163,0.3851652145385742,0.3851652145385742
3,339,e0e7db3e2dccb822349cf63a,1.090000033378601,1.0466961860656738,-0.043303847312927246,0.043303847312927246
3,340,0a2e3a28fe0ebd6ada8b7036,1.2000000476837158,1.446929931640625,0.24692988395690918,0.24692988395690918
3,341,9431568b8e8a67ae63b789c5,1.5199999809265137,1.5277858972549438,0.007785916328430176,0.007785916328430176
3,342,c596894170eede1be6b8e1de,1.2599999904632568,1.435027837753296,0.17502784729003906,0.17502784729003906
3,343,f682528441c441d956f9b603,0.25999999046325684,1.0063786506652832,0.7463786602020264,0.7463786602020264
3,344,7efa958244e1e06f01014821,0.36000001430511475,0.8988710641860962,0.5388710498809814,0.5388710498809814
3,345,90e7653fe1e9ffe79202788f,1.2599999904632568,1.5336309671401978,0.2736309766769409,0.2736309766769409
3,346,c7691640f089850eda8a4257,0.949999988079071,0.8198555707931519,-0.1301444172859192,0.1301444172859192
3,347,68ed2146e404388265608813,1.8799999952316284,1.4796092510223389,-0.40039074420928955,0.40039074420928955
3,348,419ab8f749762a609afcf190,0.699999988079071,1.2269272804260254,0.5269272923469543,0.5269272923469543
3,349,c8a81d705779d5cdbe522664,1.1299999952316284,1.1934267282485962,0.06342673301696777,0.06342673301696777
3,350,aca2b9647e241a6bca3142d9,1.159999966621399,1.5167105197906494,0.3567105531692505,0.3567105531692505
3,351,90967c0aae9f5df341e19164,0.4099999964237213,1.4786728620529175,1.0686728954315186,1.0686728954315186
3,352,a4f66ef20f516abc49687dab,1.2400000095367432,1.3429367542266846,0.1029367446899414,0.1029367446899414
3,353,01e23f733fc457d9e4d1858c,0.7599999904632568,1.5134096145629883,0.7534096240997314,0.7534096240997314
3,354,3ec755fafdcbb7f555a3c6b4,1.3799999952316284,1.5005812644958496,0.12058126926422119,0.12058126926422119
3,355,7f609342a243901e2b6c85e3,3.609999895095825,1.6491899490356445,-1.9608099460601807,1.9608099460601807
3,356,f1c20f4d34a7cb2d8f8c1cbb,0.8700000047683716,1.2673053741455078,0.39730536937713623,0.39730536937713623
3,357,85e97d19bd1756af8b37a813,1.3300000429153442,1.206399917602539,-0.12360012531280518,0.12360012531280518
3,358,deecd89d50522cf2a5c422a4,0.3400000035762787,1.6206495761871338,1.2806495428085327,1.2806495428085327
3,359,9fea16286fddfdaedd34b2d5,1.6299999952316284,1.4134798049926758,-0.21652019023895264,0.21652019023895264
3,360,4e8826bf35d5f6bfbd3970f4,0.7099999785423279,0.9440004825592041,0.23400050401687622,0.23400050401687622
3,361,3a3fe9ab693bce493cd18143,0.6100000143051147,2.23856520652771,1.6285651922225952,1.6285651922225952
3,362,bef4b379d77a1df169cd6136,1.3700000047683716,1.3491992950439453,-0.02080070972442627,0.02080070972442627
3,363,7423e3ea371bcfd9e7b46677,0.9900000095367432,1.7353448867797852,0.745344877243042,0.745344877243042
3,364,3e6a2d2e19fa6689b0662344,1.2699999809265137,1.2856100797653198,0.015610098838806152,0.015610098838806152
3,365,64529b6f773775c321d69199,0.5799999833106995,0.9656424522399902,0.38564246892929077,0.38564246892929077
3,366,d52b5bfe4317dda7f3c1252f,1.2300000190734863,0.8879138231277466,-0.34208619594573975,0.34208619594573975
3,367,ec043fef0bba83bb8fb740d9,0.6399999856948853,1.058034896850586,0.4180349111557007,0.4180349111557007
3,368,3b321945182d4df00518365d,0.46000000834465027,1.2856323719024658,0.8256323337554932,0.8256323337554932
3,369,0b2e874c1d9770895a7dd7fa,0.9599999785423279,1.0198490619659424,0.0598490834236145,0.0598490834236145
3,370,54dbd02be828184c209bd0b9,0.6200000047683716,1.0070706605911255,0.3870706558227539,0.3870706558227539
3,371,fcbd671783d2ddb70c5dd5ca,1.0800000429153442,0.9117705225944519,-0.16822952032089233,0.16822952032089233
3,372,2b7e932dc7b6c4545323c9f3,1.1100000143051147,0.9589121341705322,-0.15108788013458252,0.15108788013458252
3,373,c052b3575ebb1d398da34e19,0.800000011920929,1.4645249843597412,0.6645249724388123,0.6645249724388123
3,374,06853721e4eaba2cad336b19,0.8500000238418579,1.010448932647705,0.16044890880584717,0.16044890880584717
3,375,2278a4e02349c1311d99c743,3.490000009536743,3.2031939029693604,-0.2868061065673828,0.2868061065673828
3,376,53d3d227b9e8be1f8bd96001,2.9700000286102295,2.925405263900757,-0.044594764709472656,0.044594764709472656
3,377,d618be8423f47086c99bd9b3,3.5999999046325684,3.368313789367676,-0.23168611526489258,0.23168611526489258
3,378,9ebbbc73aa3de2cf7c1e5e06,4.079999923706055,3.7424240112304688,-0.33757591247558594,0.33757591247558594
3,379,bff2fbb80a24a661418c3f78,3.509999990463257,3.5224525928497314,0.01245260238647461,0.01245260238647461
3,380,0d37dc5687b36d22d1e47893,3.190000057220459,3.171736478805542,-0.018263578414916992,0.018263578414916992
3,381,28fcb85bd61c341093b4a97b,3.109999895095825,3.1358642578125,0.025864362716674805,0.025864362716674805
3,382,b7788e94425cab5295c9812d,4.269999980926514,4.089798450469971,-0.18020153045654297,0.18020153045654297
3,383,a7ff49b671653b7dc26362cc,4.300000190734863,4.050517559051514,-0.2494826316833496,0.2494826316833496
3,384,1bc29abcac49643c8dff7af2,0.1599999964237213,0.3963027596473694,0.23630276322364807,0.23630276322364807
3,385,abadd4ec3d5dccaae64cf9db,0.20999999344348907,0.3567865490913391,0.14678655564785004,0.14678655564785004
3,386,cfa1b1580e250499e648ae62,0.9900000095367432,0.4337176978588104,-0.5562822818756104,0.5562822818756104
3,387,58236e6ab943360ceee35666,0.7699999809265137,1.3734809160232544,0.6034809350967407,0.6034809350967407
3,388,20f5493ffb417a21fb46f7d7,0.8199999928474426,0.9971177577972412,0.17711776494979858,0.17711776494979858
3,389,9678bd60da4a479d96fb97f6,1.9600000381469727,2.327737808227539,0.3677377700805664,0.3677377700805664
3,390,9c008294187eac214ecdefc9,2.25,1.7953829765319824,-0.4546170234680176,0.4546170234680176
3,391,932a489b80b0ee5764ed7de7,2.309999942779541,1.9471235275268555,-0.36287641525268555,0.36287641525268555
3,392,022e347a10bbf2c82469762a,2.6600000858306885,2.626400947570801,-0.033599138259887695,0.033599138259887695
3,393,7df97b7ef9514013f0d97a8c,2.0999999046325684,2.026952028274536,-0.07304787635803223,0.07304787635803223
3,394,40da45e1ca697004eb1151c7,2.200000047683716,1.952359676361084,-0.24764037132263184,0.24764037132263184
3,395,84fb6582181946067a4b1e24,2.009999990463257,2.057607889175415,0.0476078987121582,0.0476078987121582
3,396,1b72d09a081f98cf58e40079,2.509999990463257,2.216540813446045,-0.2934591770172119,0.2934591770172119
3,397,68ceb0fb3373c4f569b04fa2,2.4200000762939453,1.9267667531967163,-0.493233323097229,0.493233323097229
3,398,a286ee798870662bd53e8ad8,0.8100000023841858,0.8598852753639221,0.04988527297973633,0.04988527297973633
3,399,a771f87c4016250268aea821,1.0299999713897705,1.1199463605880737,0.08994638919830322,0.08994638919830322
3,400,0252cf154a9478f13ddf5e93,0.9399999976158142,0.9919004440307617,0.05190044641494751,0.05190044641494751
3,401,e1d3122f62c21dff81aadfff,0.9399999976158142,0.6749320030212402,-0.265067994594574,0.265067994594574
3,402,e1f9b6a218047fd43008c387,0.9800000190734863,1.167844295501709,0.18784427642822266,0.18784427642822266
3,403,8faeaebcb3ac4fe0bfbd37da,0.7400000095367432,1.663630723953247,0.9236307144165039,0.9236307144165039
3,404,b8dc238aef4eb9a801d618c6,0.8799999952316284,2.432939291000366,1.5529392957687378,1.5529392957687378
3,405,ea80411649e443c9f2e59968,0.8600000143051147,0.7917298078536987,-0.06827020645141602,0.06827020645141602
3,406,3c244f72d5ec38c1e6526fc1,1.0700000524520874,1.1539794206619263,0.08397936820983887,0.08397936820983887
3,407,67e211b13c38e9ff4f632b5e,0.8539999723434448,0.9133992195129395,0.05939924716949463,0.05939924716949463
3,408,6391ab1cb8a4beab08732291,2.109999895095825,2.2278382778167725,0.11783838272094727,0.11783838272094727
3,409,688a5163232b43e75a9b15a0,2.240000009536743,2.028017282485962,-0.21198272705078125,0.21198272705078125
3,410,c673a95417f54ab1b8783f7f,2.119999885559082,2.251732110977173,0.13173222541809082,0.13173222541809082
3,411,245f5238059e041a5e195688,2.2799999713897705,1.627246379852295,-0.6527535915374756,0.6527535915374756
3,412,10f55086210e4a6ce4182350,2.2100000381469727,2.436441659927368,0.2264416217803955,0.2264416217803955
3,413,5c6f224ffc88109b9f5dd8b7,2.119999885559082,1.8015782833099365,-0.3184216022491455,0.3184216022491455
3,414,4617bb98df17027f111024ce,2.2699999809265137,2.7163872718811035,0.44638729095458984,0.44638729095458984
3,415,053eb7a7fb4b18fdf128920e,2.059999942779541,1.9444546699523926,-0.11554527282714844,0.11554527282714844
3,416,b192c0d8fbc1c08b733c1a94,2.7699999809265137,2.412142515182495,-0.35785746574401855,0.35785746574401855
3,417,dbfcdcb700f739218e26d129,2.049999952316284,2.046654462814331,-0.003345489501953125,0.003345489501953125
3,418,db33630875a345f76dd6469d,2.1500000953674316,2.3888542652130127,0.23885416984558105,0.23885416984558105
3,419,ed79bccca245ba24a6ad7c71,2.0299999713897705,2.2005748748779297,0.17057490348815918,0.17057490348815918
3,420,97cfd572a43a3da769f896ce,2.1600000858306885,2.068054437637329,-0.09194564819335938,0.09194564819335938
3,421,99303a1101698f66a26000ca,1.9600000381469727,2.202314615249634,0.24231457710266113,0.24231457710266113
3,422,38917c039e7c7c11c4f14e05,2.9600000381469727,1.9659245014190674,-0.9940755367279053,0.9940755367279053
3,423,21536678ee42b11d68052cc7,0.6700000166893005,1.1775591373443604,0.5075591206550598,0.5075591206550598
3,424,1f4b6ceb8efb6e70f8ae2e45,0.75,1.356197714805603,0.606197714805603,0.606197714805603
3,425,1f467f8ca68ae00d95b8dca6,0.5400000214576721,1.0408227443695068,0.5008227229118347,0.5008227229118347
3,426,ac6ea907290c5c900de44d6d,1.25,0.8191980123519897,-0.43080198764801025,0.43080198764801025
3,427,c0dad43a8c5ffe5da97499b8,1.4700000286102295,1.1176480054855347,-0.3523520231246948,0.3523520231246948
3,428,7793bcbc301eff868d802bb6,1.340000033378601,1.0183861255645752,-0.3216139078140259,0.3216139078140259
3,429,752fa94d1f33f11abd985e46,0.8399999737739563,0.7463865280151367,-0.09361344575881958,0.09361344575881958
3,430,4f4aee2b8e745f23f278dd82,1.2300000190734863,0.884360671043396,-0.34563934803009033,0.34563934803009033
3,431,8f8b395f933f200102cc2bd7,0.8999999761581421,0.9182625412940979,0.01826256513595581,0.01826256513595581
3,432,9103afe58f8caa07aeebe16e,1.9210000038146973,2.1022775173187256,0.18127751350402832,0.18127751350402832
3,433,9f756b958e0ac263c403ebce,0.5849999785423279,0.5699527263641357,-0.015047252178192139,0.015047252178192139
3,434,584d35d08f7085c470f5582f,0.5090000033378601,0.6136149168014526,0.10461491346359253,0.10461491346359253
3,435,9eceaba586287c95b8402f6e,1.2200000286102295,1.3765475749969482,0.15654754638671875,0.15654754638671875
3,436,aabdd8e2ae2dabc2f3254e4c,1.2799999713897705,1.4545109272003174,0.17451095581054688,0.17451095581054688
3,437,f4e9b923b04ccd8827a76d71,1.1399999856948853,1.3865838050842285,0.24658381938934326,0.24658381938934326
3,438,cb1fa58ca90e81f9169b7dfb,2.1500000953674316,1.506925106048584,-0.6430749893188477,0.6430749893188477
3,439,a82d4f473eedff642aa52643,2.309999942779541,1.2953323125839233,-1.0146676301956177,1.0146676301956177
3,440,85975ef0e5858247d1dbfd75,1.659999966621399,1.4864821434020996,-0.17351782321929932,0.17351782321929932
3,441,0e9259c049e4ab4d07a31669,1.8300000429153442,1.4745935201644897,-0.3554065227508545,0.3554065227508545
3,442,2379143e995449f80bb67f3e,1.4800000190734863,1.2425034046173096,-0.23749661445617676,0.23749661445617676
3,443,e94a05d29b5da7db8a4f16c2,1.5700000524520874,1.5678095817565918,-0.0021904706954956055,0.0021904706954956055
3,444,1d28ae4328034dbb07e0970b,1.3899999856948853,1.349756121635437,-0.04024386405944824,0.04024386405944824
3,445,60733888c25cd2d1c817886f,1.5099999904632568,1.3808445930480957,-0.12915539741516113,0.12915539741516113
3,446,b222e06e3d71350057d4f168,2.315999984741211,2.2464263439178467,-0.06957364082336426,0.06957364082336426
3,447,0a2a526ba11f08e1cdf085bf,3.0789999961853027,2.7536656856536865,-0.3253343105316162,0.3253343105316162
3,448,84e7dbeff8e97f99b8df3393,1.4459999799728394,2.6904165744781494,1.24441659450531,1.24441659450531
3,449,b6ef671c9718c5d7843643dc,1.9520000219345093,2.1699814796447754,0.2179814577102661,0.2179814577102661
3,450,b9eb4554131a15e3e6e8c13a,1.940000057220459,2.378373861312866,0.4383738040924072,0.4383738040924072
3,451,b7f9f0971aa1dbcb021fa199,0.9399999976158142,1.1880115270614624,0.2480115294456482,0.2480115294456482
3,452,e5e80546a1effd451f947f85,1.0499999523162842,1.2319891452789307,0.18198919296264648,0.18198919296264648
3,453,66052b63fb155de5016547e5,1.3899999856948853,1.5785322189331055,0.18853223323822021,0.18853223323822021
3,454,376dc5880d50a7c5b81e0b95,1.7200000286102295,1.6924368143081665,-0.02756321430206299,0.02756321430206299
3,455,998f8acf94d7623846236a48,1.840000033378601,1.5603969097137451,-0.27960312366485596,0.27960312366485596
3,456,46766ebfcd031c62e6f586a8,1.4600000381469727,2.1574976444244385,0.6974976062774658,0.6974976062774658
3,457,1e90d9a4e82b88fd291524d2,1.7000000476837158,1.3570719957351685,-0.34292805194854736,0.34292805194854736
3,458,84a04fc567551702a1238bb7,1.059999942779541,1.4812880754470825,0.4212881326675415,0.4212881326675415
3,459,65e0e91163f50da37217d123,1.25,1.6613489389419556,0.41134893894195557,0.41134893894195557
3,460,c465101c529aeda473402352,2.0199999809265137,1.6465585231781006,-0.3734414577484131,0.3734414577484131
3,461,0f1796a6e1c6ad634469366b,1.1799999475479126,1.9590983390808105,0.779098391532898,0.779098391532898
3,462,38163a1ad9e14cf0b1133395,1.940000057220459,2.2757728099823,0.3357727527618408,0.3357727527618408
3,463,7e941e0d115bd4d8d4203740,1.4500000476837158,1.898705244064331,0.44870519638061523,0.44870519638061523
3,464,e04309f6c62644fab4646f1c,1.690000057220459,1.6860017776489258,-0.003998279571533203,0.003998279571533203
3,465,7255443e6a98d28a19dce79d,1.9800000190734863,1.7321549654006958,-0.24784505367279053,0.24784505367279053
3,466,b4e9f61c4e9ef717a3c13d67,1.5299999713897705,1.4191412925720215,-0.11085867881774902,0.11085867881774902
3,467,78f6ab505c1b804ed9c17623,1.090000033378601,1.8198750019073486,0.7298749685287476,0.7298749685287476
3,468,8d5dec06826edea6e85149ee,1.6200000047683716,1.49320650100708,-0.1267935037612915,0.1267935037612915
3,469,a16281a1055ec94d0c5a7bbe,1.3799999952316284,1.6532338857650757,0.27323389053344727,0.27323389053344727
3,470,e4b89509884e930bf4bfeddb,1.9299999475479126,1.1227607727050781,-0.8072391748428345,0.8072391748428345
3,471,08e4bd6a68cdfe7cca18d473,0.7300000190734863,1.6732561588287354,0.943256139755249,0.943256139755249
3,472,c123a96080a11eb9478f945c,1.6200000047683716,1.9926340579986572,0.37263405323028564,0.37263405323028564
3,473,da2f457a5ff2e45be78df257,1.0099999904632568,1.349919319152832,0.3399193286895752,0.3399193286895752
3,474,d226f7610f00c9dd453ab76a,1.9299999475479126,1.6476237773895264,-0.28237617015838623,0.28237617015838623
3,475,81e6be6841d0b518d2943017,1.6399999856948853,1.3052403926849365,-0.33475959300994873,0.33475959300994873
3,476,62ef8481e129e5ae59dc3e90,2.009999990463257,1.8392796516418457,-0.17072033882141113,0.17072033882141113
3,477,bd304a134ca610dc09679d4e,1.5199999809265137,1.463646411895752,-0.05635356903076172,0.05635356903076172
3,478,6bb18edaa126193ab4fa8eab,1.3200000524520874,1.1597132682800293,-0.1602867841720581,0.1602867841720581
3,479,df01bbe67d4219ef355d0299,1.5800000429153442,1.4538285732269287,-0.12617146968841553,0.12617146968841553
3,480,723fdaa456995f3c9b4c3639,0.8799999952316284,1.3135677576065063,0.43356776237487793,0.43356776237487793
3,481,631f1350acadea2b743eff95,0.4399999976158142,0.8024854063987732,0.362485408782959,0.362485408782959
3,482,4dd8fe0463145933d58c34ee,1.090000033378601,0.6990275382995605,-0.3909724950790405,0.3909724950790405
3,483,aacefadf6a6e4b2bd9213a81,2.609999895095825,1.3901554346084595,-1.2198444604873657,1.2198444604873657
3,484,3271c113f675e3d8faabba08,3.390000104904175,1.4469192028045654,-1.9430809020996094,1.9430809020996094
3,485,896622f7f415fd89afb6a011,0.30000001192092896,0.38897114992141724,0.08897113800048828,0.08897113800048828
3,486,c6ba18ad9f3a5cd4c3e49b2b,0.15000000596046448,0.4402357339859009,0.2902357280254364,0.2902357280254364
3,487,3e5b9dc6b7e97c436ae48859,1.6200000047683716,1.518949031829834,-0.1010509729385376,0.1010509729385376
3,488,ce580be44c72aed379a6a8d2,0.949999988079071,0.7108466029167175,-0.23915338516235352,0.23915338516235352
3,489,2f4a04a0d51b8a169dd9053e,1.8899999856948853,1.8384655714035034,-0.051534414291381836,0.051534414291381836
3,490,b92483e9a929f38a5aadf45a,1.8300000429153442,1.445385456085205,-0.38461458683013916,0.38461458683013916
3,491,d162153c9db2e8d92d8c0db9,1.5099999904632568,1.7172565460205078,0.20725655555725098,0.20725655555725098
3,492,c9f09dab59a14068491253d8,1.2799999713897705,1.4155020713806152,0.13550209999084473,0.13550209999084473
3,493,18a79e637d6a2292d8cdd0b4,2.930000066757202,1.94569993019104,-0.9843001365661621,0.9843001365661621
3,494,2ba73645853f210d8d84b6cb,1.7100000381469727,1.543640375137329,-0.16635966300964355,0.16635966300964355
3,495,f3accc7ada2198fa0b5b2520,1.6399999856948853,1.6921262741088867,0.052126288414001465,0.052126288414001465
3,496,b7315d59e964280b2ff5bc1a,2.1700000762939453,2.07820200920105,-0.09179806709289551,0.09179806709289551
3,497,9abe54accd9c6eaff5076aab,1.7899999618530273,1.4141157865524292,-0.37588417530059814,0.37588417530059814
3,498,144da40d99efe8ce8353f6e8,1.7699999809265137,1.585768699645996,-0.18423128128051758,0.18423128128051758
3,499,91e44674090f86eddf1a9358,1.8700000047683716,1.8095860481262207,-0.06041395664215088,0.06041395664215088
3,500,19c3ebfa87264a76e18dd8ff,1.5299999713897705,1.7347148656845093,0.20471489429473877,0.20471489429473877
3,501,535c484a2e2f771a70cf1b28,1.5299999713897705,1.7398838996887207,0.2098839282989502,0.2098839282989502
3,502,052c4dfaecb68afe65c1a780,1.649999976158142,1.8117167949676514,0.16171681880950928,0.16171681880950928
3,503,43adffb355e3318318bd00db,1.7200000286102295,1.0207703113555908,-0.6992297172546387,0.6992297172546387
3,504,8eeb8998cc1c7c85dd69522a,1.4700000286102295,1.512332797050476,0.04233276844024658,0.04233276844024658
3,505,881d18da46ce28dc334c98b8,1.7200000286102295,1.516768217086792,-0.2032318115234375,0.2032318115234375
3,506,80bf67cc5e0fe192ac35601e,1.7899999618530273,1.8454351425170898,0.0554351806640625,0.0554351806640625
3,507,44968112bfc628df4637527f,1.5,1.623710036277771,0.123710036277771,0.123710036277771
3,508,1dafe6c21d894ed15d4b2313,1.5199999809265137,1.5667604207992554,0.0467604398727417,0.0467604398727417
3,509,c507f90538b871a2a1f06ec5,1.7699999809265137,1.6883084774017334,-0.08169150352478027,0.08169150352478027
3,510,2dc7d4cb0276d9e3b3980097,4.010000228881836,3.3268702030181885,-0.6831300258636475,0.6831300258636475
3,511,cd6b3de119a7c69516a7fc0a,3.1600000858306885,3.2534661293029785,0.09346604347229004,0.09346604347229004
3,512,01ab50c34a731bfbb4cbf812,2.9100000858306885,2.92435622215271,0.014356136322021484,0.014356136322021484
3,513,846a79aabbe032da3f348e36,2.5160000324249268,2.4685170650482178,-0.047482967376708984,0.047482967376708984
3,514,5ec0cb212d057713ac65b3e7,2.9200000762939453,2.759556770324707,-0.16044330596923828,0.16044330596923828
3,515,8a77828357c34b6e5a0ce805,2.8499999046325684,3.2253544330596924,0.375354528427124,0.375354528427124
3,516,ce750f108e1b3d5c6bd67ee5,4.260000228881836,3.668238878250122,-0.5917613506317139,0.5917613506317139
3,517,91ce0894789f0f86509ff955,3.7899999618530273,2.8768229484558105,-0.9131770133972168,0.9131770133972168
3,518,3e0ca1c0677e4a94253d2561,3.890000104904175,4.429610729217529,0.5396106243133545,0.5396106243133545
3,519,ae5890974d8d7cafca92c1fc,4.739999771118164,3.394418716430664,-1.3455810546875,1.3455810546875
3,520,8432f5fbf6044474f95efd7e,3.380000114440918,3.5330348014831543,0.15303468704223633,0.15303468704223633
3,521,8fe27ba415a588e187ff7241,4.840000152587891,4.136880874633789,-0.7031192779541016,0.7031192779541016
3,522,2ff0339666a33bb134855b52,3.640000104904175,3.3468058109283447,-0.2931942939758301,0.2931942939758301
3,523,71adb694312141674e6c5c03,4.929999828338623,4.283160209655762,-0.6468396186828613,0.6468396186828613
3,524,eb55795426b7c65485201397,2.2679998874664307,2.2246086597442627,-0.04339122772216797,0.04339122772216797
3,525,38c1c45cd2f229044e244a62,2.430000066757202,3.783137798309326,1.353137731552124,1.353137731552124
3,526,9cd42c178f1d86a3133c0019,1.3700000047683716,2.281520366668701,0.9115203619003296,0.9115203619003296
3,527,37db605bf7937ed1ea05fb52,3.4100000858306885,3.2877142429351807,-0.12228584289550781,0.12228584289550781
3,528,d57b8eacae01c39a84b98864,3.009999990463257,2.992366075515747,-0.017633914947509766,0.017633914947509766
3,529,35d9721f7be2e52cce0688f3,2.950000047683716,3.2167675495147705,0.2667675018310547,0.2667675018310547
3,530,0b44dcdd2e54a7cd2b2fb9a6,2.140000104904175,2.2098500728607178,0.06984996795654297,0.06984996795654297
3,531,f81b07d9107844123f6008cc,2.680000066757202,2.4779422283172607,-0.2020578384399414,0.2020578384399414
3,532,cc8ed2aa927e2464e800393f,2.859999895095825,3.2877142429351807,0.42771434783935547,0.42771434783935547
3,533,fefda7c6486386d0ce1e7fa8,3.0899999141693115,2.926420211791992,-0.16357970237731934,0.16357970237731934
3,534,ee270f984d9dbb2787543546,2.740000009536743,2.6063730716705322,-0.13362693786621094,0.13362693786621094
3,535,5d7eef03a1a13af147bd6280,4.179999828338623,4.157144069671631,-0.022855758666992188,0.022855758666992188
3,536,580d7352cc8d014883a59b5b,4.159999847412109,3.2145767211914062,-0.9454231262207031,0.9454231262207031
3,537,06b71330098963c0b37b70de,4.534999847412109,3.2259252071380615,-1.3090746402740479,1.3090746402740479
3,538,627f6393d6741ddc0325d0e3,3.7880001068115234,3.1840922832489014,-0.6039078235626221,0.6039078235626221
3,539,739c9f66e0fa6e7217ec5a5a,0.7699999809265137,0.9852414131164551,0.2152414321899414,0.2152414321899414
3,540,ac94c01be6f9747b50b018a3,0.6119999885559082,0.6311749219894409,0.019174933433532715,0.019174933433532715
3,541,87e900ac69c862ac7110e57f,1.9589999914169312,1.9649686813354492,0.005968689918518066,0.005968689918518066
3,542,a5029b39dc3ae14834fd4fe5,2.3369998931884766,2.145286798477173,-0.1917130947113037,0.1917130947113037
3,543,50766712075c43f1737a973d,2.0,2.2155628204345703,0.2155628204345703,0.2155628204345703
3,544,e6eebadf66e7c50b1dd8ebc1,1.9589999914169312,1.8707664012908936,-0.0882335901260376,0.0882335901260376
3,545,d94c8c48d560e2250911d51f,1.1369999647140503,1.0699429512023926,-0.06705701351165771,0.06705701351165771
3,546,71c2753f3bbd47ffe47a20d3,2.0859999656677246,2.1063642501831055,0.02036428451538086,0.02036428451538086
3,547,5000e3ef33cc42be343830b1,0.5090000033378601,0.46073806285858154,-0.048261940479278564,0.048261940479278564
3,548,8dccbec260f8dec51169f8fe,0.9589999914169312,1.5665500164031982,0.6075500249862671,0.6075500249862671
3,549,679e27188a25f2c9c7f1658e,0.5690000057220459,0.9652962684631348,0.39629626274108887,0.39629626274108887
3,550,ddee1cc99cb39afac2d46235,1.215000033378601,1.2451406717300415,0.03014063835144043,0.03014063835144043
3,551,d7fa14a5381adc81184de16d,1.6579999923706055,1.6785612106323242,0.02056121826171875,0.02056121826171875
3,552,9ed4a3276a177c8080221fd3,1.4809999465942383,1.9369890689849854,0.45598912239074707,0.45598912239074707
3,553,ff7e86f230052e4940d24637,2.6989998817443848,2.0370421409606934,-0.6619577407836914,0.6619577407836914
3,554,6daad1425ec47e102fa82662,1.8860000371932983,1.8305187225341797,-0.05548131465911865,0.05548131465911865
4,0,000723f61d3fa9de7221cc03,1.3450000286102295,1.4432734251022339,0.0982733964920044,0.0982733964920044
4,1,1998b2ecd0d0e0fbff9b4084,1.9670000076293945,2.042188882827759,0.07518887519836426,0.07518887519836426
4,2,fc7cf32d9da2aa843b327786,1.2879999876022339,2.535484790802002,1.247484803199768,1.247484803199768
4,3,7300dd19c46a9da4368191af,2.484999895095825,1.790673851966858,-0.6943260431289673,0.6943260431289673
4,4,d6486072d1cc3ce28e40429a,0.2919999957084656,1.1946653127670288,0.9026653170585632,0.9026653170585632
4,5,8b2742e832d846b0a43dcb68,0.3009999990463257,0.45576685667037964,0.15476685762405396,0.15476685762405396
4,6,98e91d3419112c524e4f61fb,0.6990000009536743,0.5545513033866882,-0.14444869756698608,0.14444869756698608
4,7,63e6d6dde7d2b4a9911e51cf,0.9120000004768372,1.7580653429031372,0.8460653424263,0.8460653424263
4,8,85bcbba9836f9e3a66421238,1.7300000190734863,2.537623405456543,0.8076233863830566,0.8076233863830566
4,9,35131a3e06ffdc1b98bcb524,0.5230000019073486,1.1863354444503784,0.6633354425430298,0.6633354425430298
4,10,97ced43d1fb5b98634bb0438,1.3839999437332153,2.711728572845459,1.3277286291122437,1.3277286291122437
4,11,15444c61aefbe68adf5ae610,1.2640000581741333,2.192230224609375,0.9282301664352417,0.9282301664352417
4,12,24b1446049de0352fe98adfb,3.0,1.5184334516525269,-1.4815665483474731,1.4815665483474731
4,13,5852dd5d6e1e86d8d66039d6,2.3980000019073486,2.4980459213256836,0.10004591941833496,0.10004591941833496
4,14,3cb228ab5cb20cc971585362,2.2839999198913574,2.490107536315918,0.20610761642456055,0.20610761642456055
4,15,223b50b98bd8f1b8762d2d18,3.9210000038146973,3.694234848022461,-0.22676515579223633,0.22676515579223633
4,16,3ce39822f5f4815cdf9f2837,1.6990000009536743,2.00140643119812,0.3024064302444458,0.3024064302444458
4,17,e3a3c12dce9e6616f0e7d163,1.1490000486373901,1.4657105207443237,0.3167104721069336,0.3167104721069336
4,18,57bb32502022a6fc9bffc6f9,1.5529999732971191,1.7130587100982666,0.16005873680114746,0.16005873680114746
4,19,7d38e9ef760ee44a93299501,0.08399999886751175,1.0587126016616821,0.974712610244751,0.974712610244751
4,20,b3e8fdacdee1d71b569376ab,0.7590000033378601,1.1625088453292847,0.40350884199142456,0.40350884199142456
4,21,96397b621211c86522114ae8,2.194000005722046,2.2975010871887207,0.1035010814666748,0.1035010814666748
4,22,c532d516958332bb331c2c0e,1.8539999723434448,1.6567904949188232,-0.19720947742462158,0.19720947742462158
4,23,5b43cbefe3ff778b9dc7d38f,2.0,1.4938691854476929,-0.5061308145523071,0.5061308145523071
4,24,55031d20f96d51d687aa2183,2.9210000038146973,2.858273506164551,-0.06272649765014648,0.06272649765014648
4,25,0bd25897ee17f866d44e1337,0.9210000038146973,0.7815098166465759,-0.13949018716812134,0.13949018716812134
4,26,ccc4bf4a880328da51ca8eac,2.697000026702881,2.7007288932800293,0.0037288665771484375,0.0037288665771484375
4,27,e47e6a9efb63b8a90d2d4d6f,2.859999895095825,2.9677252769470215,0.10772538185119629,0.10772538185119629
4,28,c7a8ad08931e98acc9663d5c,0.25600001215934753,0.3079988360404968,0.05199882388114929,0.05199882388114929
4,29,ec4458fbee15523cedb43225,2.821000099182129,2.871419906616211,0.05041980743408203,0.05041980743408203
4,30,5da77ff92f696d4a82ebdddb,0.257999986410141,0.282400906085968,0.024400919675827026,0.024400919675827026
4,31,e041146ea3501b475e870057,0.5379999876022339,0.7034695148468018,0.16546952724456787,0.16546952724456787
4,32,bae5ec88f2c369e4ceb30b50,0.6380000114440918,0.7905744314193726,0.15257441997528076,0.15257441997528076
4,33,fee1a6917e28515492a006ba,2.6019999980926514,2.3881189823150635,-0.2138810157775879,0.2138810157775879
4,34,00c464f18a86f5266d15f1cd,2.494999885559082,2.5670626163482666,0.07206273078918457,0.07206273078918457
4,35,ea7d081d6ea7908dcbaf905a,2.5230000019073486,3.3056583404541016,0.7826583385467529,0.7826583385467529
4,36,9443e333524b264b47e4fbbd,3.2679998874664307,3.453497886657715,0.18549799919128418,0.18549799919128418
4,37,cbcaf0fb09c11456529b57b7,2.427999973297119,1.8574079275131226,-0.5705920457839966,0.5705920457839966
4,38,123a3afd46e4e14c0a4d1319,3.0789999961853027,3.0799293518066406,0.0009293556213378906,0.0009293556213378906
4,39,2bf47d90a14fa121d53de7d8,1.3040000200271606,1.2307034730911255,-0.07329654693603516,0.07329654693603516
4,40,a97bfc7363feef23d2ac2fbc,1.7619999647140503,2.037871837615967,0.2758718729019165,0.2758718729019165
4,41,d5625f17daf882ae041c7f73,0.5879999995231628,1.2163053750991821,0.6283053755760193,0.6283053755760193
4,42,20757780da4738eb832690d4,1.8200000524520874,1.8643215894699097,0.044321537017822266,0.044321537017822266
4,43,3c8e20e30e7ecbc02e203e3c,1.9539999961853027,1.7556872367858887,-0.19831275939941406,0.19831275939941406
4,44,1d88722f8b5714cc2de19682,3.0880000591278076,3.6163134574890137,0.528313398361206,0.528313398361206
4,45,e0cd8de2970a621165215041,2.818000078201294,2.80924129486084,-0.008758783340454102,0.008758783340454102
4,46,36de2c83a13d42c124baf021,0.3009999990463257,0.45576685667037964,0.15476685762405396,0.15476685762405396
4,47,99a7e9902c9697644ca806b1,1.9210000038146973,1.9446386098861694,0.023638606071472168,0.023638606071472168
4,48,9bafd779b83f4d75008cbcbf,2.0759999752044678,2.0630226135253906,-0.012977361679077148,0.012977361679077148
4,49,a7ae11efbacb52ae084e6be3,0.367000013589859,0.8804639577865601,0.5134639739990234,0.5134639739990234
4,50,8c7cb715cdcc659ed0cea890,2.0,2.1078977584838867,0.10789775848388672,0.10789775848388672
4,51,452ab1fc7f94b5006af829cc,0.8859999775886536,1.108073353767395,0.22207337617874146,0.22207337617874146
4,52,19db25588ce639576a1611ce,1.1369999647140503,0.958419144153595,-0.17858082056045532,0.17858082056045532
4,53,b25858535381cbc9363de8bb,0.5090000033378601,0.477167546749115,-0.03183245658874512,0.03183245658874512
4,54,4456269010a9dc230ef00921,2.114000082015991,2.051985263824463,-0.06201481819152832,0.06201481819152832
4,55,d0187abc735f34fc14ed8157,1.215000033378601,1.1785482168197632,-0.03645181655883789,0.03645181655883789
4,56,d9fbe219aa0a5a0ef510ba42,0.8240000009536743,0.7416004538536072,-0.08239954710006714,0.08239954710006714
4,57,37c5947d24ff1f3685e175bd,1.4809999465942383,1.5175882577896118,0.036588311195373535,0.036588311195373535
4,58,ffee6d312780a1a862d4cc45,0.4950000047683716,0.6316081285476685,0.13660812377929688,0.13660812377929688
4,59,76da7199bdc3f409efa9e66c,1.6019999980926514,1.301735520362854,-0.30026447772979736,0.30026447772979736
4,60,2e9c5d0b502aa4892f2ea4a1,1.9589999914169312,1.9123163223266602,-0.046683669090270996,0.046683669090270996
4,61,78cf85c2b2951b2405ad9125,1.3869999647140503,1.436045527458191,0.049045562744140625,0.049045562744140625
4,62,f72c3eb0e160de2f4214e38f,1.8539999723434448,1.6284469366073608,-0.22555303573608398,0.22555303573608398
4,63,b297e06686d6c02692d02a2c,0.5950000286102295,0.6075547337532043,0.012554705142974854,0.012554705142974854
4,64,2f114f2e13719621a6f19abe,3.4809999465942383,3.106781482696533,-0.3742184638977051,0.3742184638977051
4,65,ee78c122bea23bda0a113906,0.7590000033378601,1.1625088453292847,0.40350884199142456,0.40350884199142456
4,66,caca470c43e257335b559c7d,2.0179998874664307,1.830950140953064,-0.1870497465133667,0.1870497465133667
4,67,c02d80de220f8576e4a0c727,2.328000068664551,2.393662452697754,0.06566238403320312,0.06566238403320312
4,68,ce6266d8d99aa6898681efaa,1.1490000486373901,0.9354717135429382,-0.2135283350944519,0.2135283350944519
4,69,b68ab20e7e003c9a3b0152dd,1.5410000085830688,1.1092705726623535,-0.43172943592071533,0.43172943592071533
4,70,0e9961e8e5d3aee308994e17,2.86299991607666,2.9303159713745117,0.06731605529785156,0.06731605529785156
4,71,19bc01074c4fd9cff7133e79,1.4980000257492065,1.4662889242172241,-0.03171110153198242,0.03171110153198242
4,72,5d708eb175a66809751bdc13,1.878999948501587,2.1256282329559326,0.2466282844543457,0.2466282844543457
4,73,0cf8dfcd6db4c69d9669a546,2.8959999084472656,2.649358034133911,-0.2466418743133545,0.2466418743133545
4,74,dfd84e88ba3dc47400d2bd9b,3.005000114440918,3.004887819290161,-0.00011229515075683594,0.00011229515075683594
4,75,46bac6b4c935d0d56c109b65,1.63100004196167,2.744584560394287,1.1135845184326172,1.1135845184326172
4,76,47c842df2f86e6b346f8623d,2.552999973297119,2.864377498626709,0.31137752532958984,0.31137752532958984
4,77,1dd1987e92467801d9bc5be8,2.9030001163482666,3.0501630306243896,0.14716291427612305,0.14716291427612305
4,78,658dfebaaeb189827b2f331e,2.36299991607666,2.3664708137512207,0.003470897674560547,0.003470897674560547
4,79,eccf98979334a943a63333f3,2.200000047683716,2.1449968814849854,-0.05500316619873047,0.05500316619873047
4,80,68fb20a038afad8989513c9e,0.8539999723434448,1.300241231918335,0.44624125957489014,0.44624125957489014
4,81,1ca916b5171bf3a04019537f,4.256999969482422,4.241171360015869,-0.015828609466552734,0.015828609466552734
4,82,d959b9dc3c4261d2ecaf1ffd,4.10699987411499,4.13618803024292,0.029188156127929688,0.029188156127929688
4,83,fbc74f660b4e253b106714b0,3.5980000495910645,3.6102724075317383,0.012272357940673828,0.012272357940673828
4,84,c19d7995ecda4bcfd4659549,3.3580000400543213,3.4550304412841797,0.0970304012298584,0.0970304012298584
4,85,6ea30d866a32cd60ab68e3f1,3.8239998817443848,2.674185276031494,-1.1498146057128906,1.1498146057128906
4,86,2a7c8d8ae46c5de4adbc10ac,2.25,2.4478940963745117,0.19789409637451172,0.19789409637451172
4,87,cfaf7be89bc85c98b59dd025,1.9800000190734863,1.5655854940414429,-0.41441452503204346,0.41441452503204346
4,88,20fcaf8584b7146aca47912f,3.4800000190734863,3.697955369949341,0.2179553508758545,0.2179553508758545
4,89,5f25c49f0fc55c069f1bf731,4.110000133514404,3.953947067260742,-0.1560530662536621,0.1560530662536621
4,90,380787fa68c646b463b60252,3.8499999046325684,3.894852638244629,0.04485273361206055,0.04485273361206055
4,91,15fa8587d807a2b69a58fbc5,0.7099999785423279,1.0871301889419556,0.3771302103996277,0.3771302103996277
4,92,53fcbfff64766aa5c8c41d2a,0.7599999904632568,1.4212037324905396,0.6612037420272827,0.6612037420272827
4,93,c9749e54582565aa8fd951a1,0.4699999988079071,0.6705682277679443,0.20056822896003723,0.20056822896003723
4,94,6ff248b1593820d100713a5c,0.8600000143051147,1.2939683198928833,0.43396830558776855,0.43396830558776855
4,95,30a05a370ece305afcbce8be,0.30000001192092896,1.2679656744003296,0.9679656624794006,0.9679656624794006
4,96,c9da25143a0d1d082e0e33b7,0.949999988079071,0.7281749844551086,-0.2218250036239624,0.2218250036239624
4,97,9ae0c5ad583545be600e6f00,0.5,0.8052071928977966,0.30520719289779663,0.30520719289779663
4,98,d92c89ab00fa798d2937a735,1.3899999856948853,1.2842992544174194,-0.10570073127746582,0.10570073127746582
4,99,2684277d61e08dc821cf3f33,1.3300000429153442,1.1437584161758423,-0.18624162673950195,0.18624162673950195
4,100,10c44573564a5c0cfd3c9b1f,1.0399999618530273,0.6348099112510681,-0.40519005060195923,0.40519005060195923
4,101,73d6b3b56c7d876ba658c532,0.8399999737739563,1.605843186378479,0.7658432126045227,0.7658432126045227
4,102,0fa352aff9d0fc5e86dd7e46,0.6700000166893005,0.7273194193840027,0.05731940269470215,0.05731940269470215
4,103,27f8c09c5eb1bda73a0b64f8,1.059999942779541,1.2840951681137085,0.22409522533416748,0.22409522533416748
4,104,73b278dc60d1bb97034c0e3b,0.6200000047683716,1.0974607467651367,0.47746074199676514,0.47746074199676514
4,105,8a6c0ee1e0f0bba7a9661e38,0.8199999928474426,1.3367937803268433,0.5167937874794006,0.5167937874794006
4,106,250004796e22ccfeb327e2fc,0.8600000143051147,0.8482757210731506,-0.011724293231964111,0.011724293231964111
4,107,f09dafc2f3d3e5bff0fe7f5f,0.9599999785423279,0.7957257628440857,-0.1642742156982422,0.1642742156982422
4,108,f80b60002f0dc0a45d2485f1,1.1699999570846558,1.1283140182495117,-0.04168593883514404,0.04168593883514404
4,109,5225c23d0f0892cab5d68130,0.8700000047683716,0.9155107736587524,0.04551076889038086,0.04551076889038086
4,110,3efdfae199e54ae7eb00f439,0.7699999809265137,0.5370065569877625,-0.23299342393875122,0.23299342393875122
4,111,c37e8a53bd1ff0f49a7881ad,4.050000190734863,4.201768398284912,0.15176820755004883,0.15176820755004883
4,112,1ccf2f56523bb1d02818ad7c,3.0899999141693115,3.2019195556640625,0.11191964149475098,0.11191964149475098
4,113,c1e7a1740bbbceb8a7c44c36,2.259999990463257,2.1957554817199707,-0.06424450874328613,0.06424450874328613
4,114,89775865b111abd11e1a2336,1.8860000371932983,2.061142921447754,0.17514288425445557,0.17514288425445557
4,115,777db505d7688b43d9a19103,1.1490000486373901,1.9288383722305298,0.7798383235931396,0.7798383235931396
4,116,8dda319bbdd1a525a3572468,0.8539999723434448,0.8892392516136169,0.03523927927017212,0.03523927927017212
4,117,01535e8909b427e1ffc61a2c,2.0239999294281006,3.1939611434936523,1.1699612140655518,1.1699612140655518
4,118,51dff561cbb2e7ec39b9f8a5,3.880000114440918,2.323759078979492,-1.5562410354614258,1.5562410354614258
4,119,cc314fa72d46d3d380f413a2,1.8300000429153442,2.6384682655334473,0.808468222618103,0.808468222618103
4,120,538743e28977ea27b9595352,3.0799999237060547,2.5520541667938232,-0.5279457569122314,0.5279457569122314
4,121,93b541abfefddec6e9219493,2.700000047683716,2.927981376647949,0.2279813289642334,0.2279813289642334
4,122,ca2412710390a8675e176db1,2.819999933242798,2.547484874725342,-0.27251505851745605,0.27251505851745605
4,123,86e324bded815875191a928e,3.200000047683716,3.164440393447876,-0.035559654235839844,0.035559654235839844
4,124,c5641691160a5016ec5ad511,3.0,2.591712236404419,-0.40828776359558105,0.40828776359558105
4,125,0f1835974ed10567fb8692ac,2.0399999618530273,2.776608467102051,0.7366085052490234,0.7366085052490234
4,126,bb7ff57dc37293dbc8afa427,2.619999885559082,2.9125590324401855,0.2925591468811035,0.2925591468811035
4,127,e3c9471d273106ce1b112637,2.6700000762939453,2.897418260574341,0.2274181842803955,0.2274181842803955
4,128,ffed0e3167ffc4088c71c809,3.0299999713897705,2.703035354614258,-0.3269646167755127,0.3269646167755127
4,129,0aec187e810cf3f91923b033,3.130000114440918,2.8474912643432617,-0.28250885009765625,0.28250885009765625
4,130,2c891aa40fe45964be0a7307,1.2400000095367432,1.0278104543685913,-0.21218955516815186,0.21218955516815186
4,131,0806a9cb03783b767da65121,1.2300000190734863,1.0195417404174805,-0.21045827865600586,0.21045827865600586
4,132,1aaf4ed88e56d46d7cecb959,0.8799999952316284,1.0056862831115723,0.12568628787994385,0.12568628787994385
4,133,2e2294ce2f85bf18357c82dd,1.0499999523162842,0.8902925848960876,-0.15970736742019653,0.15970736742019653
4,134,b1078ac8122d7e55096aac08,1.2899999618530273,1.1424384117126465,-0.14756155014038086,0.14756155014038086
4,135,65659ed93026257e4728be20,0.3100000023841858,1.7785295248031616,1.468529462814331,1.468529462814331
4,136,b1a8483f2c9c57735b758b72,1.100000023841858,0.8554236888885498,-0.2445763349533081,0.2445763349533081
4,137,e16d3c97c682efabb56796a6,0.9599999785423279,1.1564252376556396,0.19642525911331177,0.19642525911331177
4,138,7c8bc27cb0e7835225cd736d,2.4700000286102295,1.6129976511001587,-0.8570023775100708,0.8570023775100708
4,139,723c94b2165088ade17b0831,0.949999988079071,1.2707246541976929,0.3207246661186218,0.3207246661186218
4,140,14e3bb91703acef7cd7ff953,1.1799999475479126,0.6028119325637817,-0.5771880149841309,0.5771880149841309
4,141,1db33ffaeb69b50b168132d4,2.299999952316284,2.2882699966430664,-0.011729955673217773,0.011729955673217773
4,142,db60563a71da289b51473baf,1.2100000381469727,2.251103639602661,1.0411036014556885,1.0411036014556885
4,143,c7265683fa41b3e81557deb1,1.2999999523162842,1.3519624471664429,0.05196249485015869,0.05196249485015869
4,144,5fe10fecbe3b458c1e8694a5,1.1399999856948853,1.8278828859329224,0.6878829002380371,0.6878829002380371
4,145,d9e4a6a25a8764940fe338ea,2.4100000858306885,1.4525521993637085,-0.95744788646698,0.95744788646698
4,146,dd33a77abd9eae5290fb8ef2,1.2100000381469727,1.7634931802749634,0.5534931421279907,0.5534931421279907
4,147,69b62ffa421e0aa98e12c0f7,1.4900000095367432,1.2811247110366821,-0.20887529850006104,0.20887529850006104
4,148,cf121694f0432860c01a74b0,1.4600000381469727,1.023569107055664,-0.4364309310913086,0.4364309310913086
4,149,66d5c7e5b9a652a980fb4be1,1.5099999904632568,1.9035948514938354,0.3935948610305786,0.3935948610305786
4,150,accf3b3e4705d2467755796f,1.5099999904632568,1.588958978652954,0.07895898818969727,0.07895898818969727
4,151,ebdb48075a9077627fdd8497,1.25,1.6029489040374756,0.3529489040374756,0.3529489040374756
4,152,c60843e094bdf36b65968621,1.4600000381469727,1.3512500524520874,-0.10874998569488525,0.10874998569488525
4,153,69e77f36ab68d48eb56ade84,1.2999999523162842,1.517396330833435,0.21739637851715088,0.21739637851715088
4,154,b43760521a38d601ff690344,1.5700000524520874,1.4005439281463623,-0.1694561243057251,0.1694561243057251
4,155,4de217b61f632d7ec9527dfe,1.4600000381469727,1.4991413354873657,0.039141297340393066,0.039141297340393066
4,156,1877565be35096c72dfa78fc,1.5299999713897705,1.859370470046997,0.32937049865722656,0.32937049865722656
4,157,d7086c9e86f5bdd1e2ec1e35,1.350000023841858,2.1112239360809326,0.7612239122390747,0.7612239122390747
4,158,706e7aae967a5a90578fef59,1.7400000095367432,1.3964592218399048,-0.3435407876968384,0.3435407876968384
4,159,2829230aace73521f61ae951,1.409999966621399,0.849288821220398,-0.560711145401001,0.560711145401001
4,160,e847fd2f5ae3bed27f68111c,1.7200000286102295,1.5642513036727905,-0.15574872493743896,0.15574872493743896
4,161,6c1eab6aae4010a071e24ca7,0.6899999976158142,0.8511057496070862,0.16110575199127197,0.16110575199127197
4,162,aeccf9ec3c8c9ce2ea4fc8b1,0.5699999928474426,0.7355695366859436,0.16556954383850098,0.16556954383850098
4,163,74f1ee4900e509ad81c656cd,0.4000000059604645,1.9782534837722778,1.5782535076141357,1.5782535076141357
4,164,da943d6c2731b207638614a9,1.3200000524520874,0.7118131518363953,-0.6081869006156921,0.6081869006156921
4,165,2b84dd6c322fdd246726f0bc,0.6100000143051147,2.0489766597747803,1.4389766454696655,1.4389766454696655
4,166,7a0ee78f0215f14a1af511b8,0.9599999785423279,1.725225806236267,0.7652258276939392,0.7652258276939392
4,167,9a1c250955a0061c0c56368d,1.2599999904632568,0.6722971796989441,-0.5877028107643127,0.5877028107643127
4,168,d2ef6d3ab32ac2ac576641a5,2.0,0.8239796757698059,-1.1760203838348389,1.1760203838348389
4,169,800eb04dc31f4d63d969f2e2,1.5499999523162842,1.3555341958999634,-0.1944657564163208,0.1944657564163208
4,170,11bb8a3d05d98b645139ff88,0.44999998807907104,0.7890345454216003,0.3390345573425293,0.3390345573425293
4,171,a499dc4f15072f311bbe1390,0.2199999988079071,1.079856514930725,0.8598564863204956,0.8598564863204956
4,172,8b5a6eb1fdd13937bd046b3c,1.090000033378601,1.177380919456482,0.08738088607788086,0.08738088607788086
4,173,8630408671ed20dfda547578,2.0880000591278076,2.4282031059265137,0.34020304679870605,0.34020304679870605
4,174,6ba36a3595cdc096f84ecd32,2.6019999980926514,2.7029757499694824,0.10097575187683105,0.10097575187683105
4,175,44ab589b8fadb2dc24747d67,1.5499999523162842,1.935388445854187,0.38538849353790283,0.38538849353790283
4,176,3101c4066cd27cd81969cffd,1.3300000429153442,1.9295347929000854,0.5995347499847412,0.5995347499847412
4,177,c8509d0af7f1e701b0f01f38,1.059999942779541,1.4148532152175903,0.3548532724380493,0.3548532724380493
4,178,8567ea67f76459514a32095f,2.009999990463257,1.3149393796920776,-0.6950606107711792,0.6950606107711792
4,179,3859db6c5446e2ea17a980fb,0.7699999809265137,1.3522655963897705,0.5822656154632568,0.5822656154632568
4,180,8e148552cb2cecd420eb200a,0.8899999856948853,1.3591715097427368,0.46917152404785156,0.46917152404785156
4,181,a69d58f97742a1fca6196036,0.9200000166893005,1.1344021558761597,0.21440213918685913,0.21440213918685913
4,182,83621b62a3975692beb4e60f,0.46000000834465027,1.0384575128555298,0.5784574747085571,0.5784574747085571
4,183,720198772eac66dedd997b29,1.0299999713897705,1.2499314546585083,0.2199314832687378,0.2199314832687378
4,184,ce7dafcedd2b38b1f1805937,1.6100000143051147,1.2979482412338257,-0.31205177307128906,0.31205177307128906
4,185,3314ac43adb6f2baaf840d62,1.3700000047683716,1.1947941780090332,-0.17520582675933838,0.17520582675933838
4,186,1e92931430ceaa36d82f7614,1.0,1.4007906913757324,0.4007906913757324,0.4007906913757324
4,187,13044e1482eb855222e77720,0.7200000286102295,1.1759334802627563,0.45593345165252686,0.45593345165252686
4,188,0f1eb644062ce676b276a439,0.7400000095367432,1.00847327709198,0.2684732675552368,0.2684732675552368
4,189,eda89504dd872d14e624c87e,1.559999942779541,1.2399804592132568,-0.3200194835662842,0.3200194835662842
4,190,cdc4125fc2270a7c824d4c8f,1.1369999647140503,0.958419144153595,-0.17858082056045532,0.17858082056045532
4,191,f8cdac5bc841db3fec56545a,2.0859999656677246,2.1423802375793457,0.056380271911621094,0.056380271911621094
4,192,e2557be1e1ee5a851d807caa,1.5850000381469727,1.6209837198257446,0.03598368167877197,0.03598368167877197
4,193,d7f031da173daf48beb253f1,1.5230000019073486,1.888537049293518,0.36553704738616943,0.36553704738616943
4,194,fc478ededd6b34ebb640f890,0.8700000047683716,1.2512038946151733,0.38120388984680176,0.38120388984680176
4,195,437d2d6646a8c6ab37606bec,0.7200000286102295,0.9085223078727722,0.18852227926254272,0.18852227926254272
4,196,9867be91764db07e4136942f,0.8299999833106995,0.7660811543464661,-0.0639188289642334,0.0639188289642334
4,197,900c14c9c3b093e3922b0160,0.8700000047683716,0.9476612210273743,0.07766121625900269,0.07766121625900269
4,198,3f5e7322b368ef9396964366,1.2200000286102295,0.924045741558075,-0.29595428705215454,0.29595428705215454
4,199,e1848fb2681f94277e1f5fe6,2.7300000190734863,1.0688551664352417,-1.6611448526382446,1.6611448526382446
4,200,639679539d6e759e9830f319,0.3400000035762787,0.7075895071029663,0.3675895035266876,0.3675895035266876
4,201,580027973618e819123cc2b0,0.5,1.3569165468215942,0.8569165468215942,0.8569165468215942
4,202,53051fec236c6b5a0b2c4973,3.071000099182129,1.6393225193023682,-1.4316775798797607,1.4316775798797607
4,203,be222a0d4c1fdc6ee4c0d18b,1.3660000562667847,1.1802617311477661,-0.18573832511901855,0.18573832511901855
4,204,2c354d30399513e4e4977d65,3.694000005722046,1.4829243421554565,-2.211075782775879,2.211075782775879
4,205,2dce8a8b61073de5ef514b5b,0.75,1.005977749824524,0.2559777498245239,0.2559777498245239
4,206,09818737bdea045e30fb52d6,1.090000033378601,0.9632022976875305,-0.12679773569107056,0.12679773569107056
4,207,3cd773aca06e47f10ae31da8,1.25,1.0657012462615967,-0.18429875373840332,0.18429875373840332
4,208,62d2690867493ac76cf87068,1.25,1.2252055406570435,-0.024794459342956543,0.024794459342956543
4,209,921e18cdf5de3f685bb12172,1.2699999809265137,0.9500289559364319,-0.3199710249900818,0.3199710249900818
4,210,33447664c1c852ac5e34e080,0.8240000009536743,0.7365944981575012,-0.0874055027961731,0.0874055027961731
4,211,3eeab199044dc8a76272b153,2.0280001163482666,1.651867389678955,-0.3761327266693115,0.3761327266693115
4,212,f08a8670bb9650cdefdeb9ad,3.0339999198913574,3.102224349975586,0.06822443008422852,0.06822443008422852
4,213,3b6a4f112cda17a75f8f7de6,2.325000047683716,2.3856401443481445,0.06064009666442871,0.06064009666442871
4,214,542ba778b552a06420f4f0bc,2.562999963760376,2.5116517543792725,-0.051348209381103516,0.051348209381103516
4,215,e02a82c301b86364a2ca370d,2.5160000324249268,2.483802318572998,-0.03219771385192871,0.03219771385192871
4,216,b24870b7af1cfad6aed8b160,2.812999963760376,2.724764823913574,-0.08823513984680176,0.08823513984680176
4,217,7aa272d8c537fa18f890e3fa,2.7049999237060547,2.699584484100342,-0.005415439605712891,0.005415439605712891
4,218,6507feb85cac9c0c4f8d6f96,3.5320000648498535,3.588390827178955,0.05639076232910156,0.05639076232910156
4,219,4c7f9fc7dff84b1c80c9f41d,1.9819999933242798,2.5369420051574707,0.5549420118331909,0.5549420118331909
4,220,e52026b80a4065fc9b3acf8a,2.7019999027252197,2.774661064147949,0.07266116142272949,0.07266116142272949
4,221,acaee7d0120320358bed3fd4,2.1459999084472656,2.427781581878662,0.2817816734313965,0.2817816734313965
4,222,63f3485e4b562b0ffdd5636e,0.9049999713897705,0.9907460808753967,0.08574610948562622,0.08574610948562622
4,223,f9bae7b3e797ae301ea87e10,1.4079999923706055,1.4906786680221558,0.08267867565155029,0.08267867565155029
4,224,a126907cc0daffe7eeb1d212,1.878999948501587,2.1487784385681152,0.2697784900665283,0.2697784900665283
4,225,ed4262c9cfd3edd5a1c9da79,2.7960000038146973,2.7101733684539795,-0.08582663536071777,0.08582663536071777
4,226,419532871313b86dcd0f3129,2.9709999561309814,3.0018763542175293,0.03087639808654785,0.03087639808654785
4,227,0c34d7ab8f4bf44161b0e92a,2.5230000019073486,2.4363746643066406,-0.08662533760070801,0.08662533760070801
4,228,72ee40e1c5aa9be2ca04b337,2.3980000019073486,2.3395633697509766,-0.05843663215637207,0.05843663215637207
4,229,2c159a14b03d8a7e2ddf5c1a,3.0840001106262207,3.108829975128174,0.024829864501953125,0.024829864501953125
4,230,aa87bd5233cb339937e59155,1.899999976158142,2.251619338989258,0.3516193628311157,0.3516193628311157
4,231,c73dfda03a9fafed9a511169,0.2939999997615814,2.629486560821533,2.335486650466919,2.335486650466919
4,232,cd07490d3578368f06b313c6,1.9500000476837158,1.3732094764709473,-0.5767905712127686,0.5767905712127686
4,233,cb19a67f0f0d190ca9d8568d,1.2100000381469727,1.5207891464233398,0.3107891082763672,0.3107891082763672
4,234,88b99a718856acb357e27e0c,0.6600000262260437,1.6591969728469849,0.9991969466209412,0.9991969466209412
4,235,df86b3de026399ee9f13b964,2.190000057220459,1.7191523313522339,-0.4708477258682251,0.4708477258682251
4,236,aa3e6217b2c50a810bb237e5,1.4800000190734863,2.13421893119812,0.6542189121246338,0.6542189121246338
4,237,2e7f4d5629785cea0dd262ca,0.18000000715255737,1.338464617729187,1.1584646701812744,1.1584646701812744
4,238,e742533981d0527e2b62aff6,1.590000033378601,1.4392439126968384,-0.1507561206817627,0.1507561206817627
4,239,b8a1b31644573b14b5f1a81b,1.9500000476837158,0.974398672580719,-0.9756013751029968,0.9756013751029968
4,240,8e4060b7e40941f3af33646f,0.5199999809265137,1.4935144186019897,0.9735144376754761,0.9735144376754761
4,241,590ea216529302f7f6e310f9,2.3299999237060547,1.863186001777649,-0.46681392192840576,0.46681392192840576
4,242,675064c53b780c38956ae2e1,1.899999976158142,1.785030722618103,-0.11496925354003906,0.11496925354003906
4,243,29fe49b5548fb5d4fcc5650f,1.899999976158142,2.107135534286499,0.20713555812835693,0.20713555812835693
4,244,2c30a86418e329c3711f4d82,1.9299999475479126,2.264185667037964,0.33418571949005127,0.33418571949005127
4,245,886c011ab37940571f88a415,2.440000057220459,1.8115612268447876,-0.6284388303756714,0.6284388303756714
4,246,98644ebc19a90b2b4058c544,2.2100000381469727,1.56659996509552,-0.6434000730514526,0.6434000730514526
4,247,93f36a872711c025981534a0,2.25,1.9365121126174927,-0.3134878873825073,0.3134878873825073
4,248,d5e2a9ea2476d69018f8cd49,2.25,2.531903028488159,0.2819030284881592,0.2819030284881592
4,249,9d4e5acf79b618f1c55bfa72,2.069999933242798,2.3279194831848145,0.2579195499420166,0.2579195499420166
4,250,097ec64e8f1987e294cc0734,1.840000033378601,1.6864393949508667,-0.15356063842773438,0.15356063842773438
4,251,846138144c30f8f7f09a2b34,1.899999976158142,2.1302459239959717,0.2302459478378296,0.2302459478378296
4,252,7495d8f1954b218f701c1fa0,1.305999994277954,1.7595200538635254,0.4535200595855713,0.4535200595855713
4,253,932991e9dd80b3618039952e,1.628999948501587,1.9791594743728638,0.35015952587127686,0.35015952587127686
4,254,129aa2f5bcbf29e910ed4f5a,0.8669999837875366,2.5071983337402344,1.6401983499526978,1.6401983499526978
4,255,d6e3d502d72e1ba93f6b7727,2.190000057220459,2.0788798332214355,-0.11112022399902344,0.11112022399902344
4,256,4da08ad44ae7260365b756de,2.109999895095825,1.9661427736282349,-0.14385712146759033,0.14385712146759033
4,257,9eae744d472d80ebb8948ce2,2.6600000858306885,2.27032732963562,-0.38967275619506836,0.38967275619506836
4,258,45576b89c57d86e5e15524c0,2.3499999046325684,2.264702081680298,-0.08529782295227051,0.08529782295227051
4,259,251dd137eb835c379582e9c5,2.440000057220459,2.0252878665924072,-0.41471219062805176,0.41471219062805176
4,260,4eff53527c14d130aff4012a,2.2200000286102295,2.2269089221954346,0.006908893585205078,0.006908893585205078
4,261,3d8d99a18c598217e30c6229,3.200000047683716,1.8925524950027466,-1.3074475526809692,1.3074475526809692
4,262,7c06890905e85b6cf66d3481,2.5399999618530273,2.045121669769287,-0.49487829208374023,0.49487829208374023
4,263,4548dc9c3165a591d40f98d3,2.059999942779541,2.561938762664795,0.5019388198852539,0.5019388198852539
4,264,fd96b47093dd268e9fca2db4,2.390000104904175,1.9011311531066895,-0.48886895179748535,0.48886895179748535
4,265,47f3134b18884eb6ba6424f7,2.0299999713897705,1.9194620847702026,-0.11053788661956787,0.11053788661956787
4,266,701c58f9f782c79056272abb,3.059999942779541,1.634645938873291,-1.42535400390625,1.42535400390625
4,267,776668e14e7e541985b23d66,1.899999976158142,1.9911457300186157,0.09114575386047363,0.09114575386047363
4,268,8bb62feb7023d36198b471c9,1.7200000286102295,1.2788615226745605,-0.44113850593566895,0.44113850593566895
4,269,cb592cfbbb0445964ec7c7b7,2.0399999618530273,1.6303917169570923,-0.40960824489593506,0.40960824489593506
4,270,4a119a25c03cd9abbbb7655e,0.28999999165534973,0.13097596168518066,-0.15902402997016907,0.15902402997016907
4,271,d2aa9d6b0bd5d35b36a8ba8c,0.47999998927116394,0.7050010561943054,0.22500106692314148,0.22500106692314148
4,272,76b2951985e226dec9165c3d,0.10999999940395355,0.36615532636642456,0.2561553120613098,0.2561553120613098
4,273,bfb7b6a5afd5323f6b14491a,0.2199999988079071,0.8967594504356384,0.6767594814300537,0.6767594814300537
4,274,a1f9d77597c9f20f5d6516e5,0.6299999952316284,0.6093876957893372,-0.02061229944229126,0.02061229944229126
4,275,0069b2e23607a68f43ebdb68,1.0399999618530273,0.7670238614082336,-0.2729761004447937,0.2729761004447937
4,276,5f477dfcfdaf918567f7da09,0.019999999552965164,0.08585426956415176,0.0658542662858963,0.0658542662858963
4,277,5f1bad9c0432438950f40026,3.609999895095825,3.1059679985046387,-0.5040318965911865,0.5040318965911865
4,278,d35af753fbc8dd1af017f223,0.6100000143051147,0.5496010184288025,-0.060398995876312256,0.060398995876312256
4,279,05dd5e8584a5f1d419e3352d,0.6899999976158142,0.24179112911224365,-0.44820886850357056,0.44820886850357056
4,280,1a915ae1d6aa42a22fc4c1f1,0.7400000095367432,0.8439326882362366,0.10393267869949341,0.10393267869949341
4,281,da1d1e2c33446fc7e7145be1,1.8200000524520874,1.1811631917953491,-0.6388368606567383,0.6388368606567383
4,282,4595b8b991ae35fc66bb7eba,2.2200000286102295,1.5545848608016968,-0.6654151678085327,0.6654151678085327
4,283,7f393fa31a85a67be24801ab,0.44999998807907104,0.7449731826782227,0.2949731945991516,0.2949731945991516
4,284,16e7c4f18c587c2839b4be0b,0.9399999976158142,0.9884467720985413,0.04844677448272705,0.04844677448272705
4,285,4ea69c9f39069bc21ac7612e,0.6600000262260437,1.3903453350067139,0.7303453087806702,0.7303453087806702
4,286,e911569402cd1ca90636f628,3.359999895095825,2.267554521560669,-1.0924453735351562,1.0924453735351562
4,287,f81fd3d63818c066773ba334,2.630000114440918,1.9052397012710571,-0.7247604131698608,0.7247604131698608
4,288,8e404fd44218eaaebcc26566,2.200000047683716,2.251314640045166,0.051314592361450195,0.051314592361450195
4,289,5e4976d48795df9cabe45d0c,2.9200000762939453,2.8386483192443848,-0.08135175704956055,0.08135175704956055
4,290,3a373eae0e90eb36798e55b2,1.4500000476837158,1.6024023294448853,0.15240228176116943,0.15240228176116943
4,291,b315aa82b32a3a4fd57ef71a,3.5199999809265137,2.4188361167907715,-1.1011638641357422,1.1011638641357422
4,292,9c7c2d0b0dd16945e1de5057,2.4200000762939453,2.450443744659424,0.030443668365478516,0.030443668365478516
4,293,e036e7cb4a93fd9ccc131a9e,1.5,2.007678985595703,0.5076789855957031,0.5076789855957031
4,294,432b8ee11bd2c9f82e02b067,2.0399999618530273,2.2757792472839355,0.2357792854309082,0.2357792854309082
4,295,464cbca71caefb29d27990bf,1.5199999809265137,1.9262396097183228,0.4062396287918091,0.4062396287918091
4,296,463339ffa949f58c88829f2b,2.0799999237060547,2.0730690956115723,-0.006930828094482422,0.006930828094482422
4,297,7595b7509f9009f0fb1d469a,1.690000057220459,2.012665271759033,0.3226652145385742,0.3226652145385742
4,298,9819cef5dd7e039892ae174e,1.690000057220459,1.7165066003799438,0.026506543159484863,0.026506543159484863
4,299,c41890450e3891da8554e5ab,1.6799999475479126,2.092160940170288,0.4121609926223755,0.4121609926223755
4,300,712ab54e352e671bf3b4410a,1.7999999523162842,1.8098852634429932,0.009885311126708984,0.009885311126708984
4,301,958500e88ab78cd6af75f670,2.2699999809265137,1.972112774848938,-0.2978872060775757,0.2978872060775757
4,302,f199181e44e99d9b6491f54d,1.9199999570846558,1.9763728380203247,0.056372880935668945,0.056372880935668945
4,303,b5cf144d6d127cc5167d6f4d,1.75,1.7075618505477905,-0.04243814945220947,0.04243814945220947
4,304,50c413706046408b4302cb8b,1.75,1.535947561264038,-0.21405243873596191,0.21405243873596191
4,305,1859700d7136969c7eeb6aa0,1.1699999570846558,1.106711506843567,-0.06328845024108887,0.06328845024108887
4,306,72c7c3d44696da05ec237ac4,0.7099999785423279,1.173690915107727,0.46369093656539917,0.46369093656539917
4,307,7a65044569f06320ba5575c2,0.8299999833106995,1.2308191061019897,0.4008191227912903,0.4008191227912903
4,308,bc92d3270d8f1032fe708821,2.2200000286102295,2.3064169883728027,0.08641695976257324,0.08641695976257324
4,309,418b624b34feb5b3685dd01b,2.3499999046325684,1.9964152574539185,-0.3535846471786499,0.3535846471786499
4,310,18ad758e76bff965ce6ef39b,2.569999933242798,2.4003982543945312,-0.1696016788482666,0.1696016788482666
4,311,fcbc4c8193a1ea82a769a570,2.2699999809265137,2.494554281234741,0.22455430030822754,0.22455430030822754
4,312,13fa28cf275e2d418143b5a6,2.7699999809265137,2.4737868309020996,-0.29621315002441406,0.29621315002441406
4,313,5c455f81bf8ed5c29a9d5077,2.309999942779541,2.2298219203948975,-0.08017802238464355,0.08017802238464355
4,314,04bbfca6dad6e0921696040a,2.4000000953674316,2.3722763061523438,-0.02772378921508789,0.02772378921508789
4,315,c256e468b0f93116ed917e3c,2.200000047683716,2.3960161209106445,0.1960160732269287,0.1960160732269287
4,316,ed10c3302df154c56ce52b79,0.5899999737739563,0.8817999958992004,0.29180002212524414,0.29180002212524414
4,317,f671a04e98bfc2c28178e46b,0.3799999952316284,1.3714547157287598,0.9914547204971313,0.9914547204971313
4,318,8ebfddef4892a32f78ce9409,1.8300000429153442,1.6523090600967407,-0.17769098281860352,0.17769098281860352
4,319,1c427fdc68af850caac36e32,0.8500000238418579,0.6604775786399841,-0.18952244520187378,0.18952244520187378
4,320,038dfd5f60465a86be54f2e8,2.3399999141693115,1.0390112400054932,-1.3009886741638184,1.3009886741638184
4,321,71776bfcb7b63fcd7c277990,1.1299999952316284,1.6948761940002441,0.5648761987686157,0.5648761987686157
4,322,5e3ab788a3259933a5e32bbb,1.3799999952316284,1.4728935956954956,0.09289360046386719,0.09289360046386719
4,323,97708ecfdb0f20956ce1c5fe,1.3799999952316284,1.677801489830017,0.29780149459838867,0.29780149459838867
4,324,fa4f5dbd81f476aab1cf9ef8,1.0099999904632568,1.2274965047836304,0.21749651432037354,0.21749651432037354
4,325,f9288f0f62cbbea7a30d6287,1.659999966621399,1.2333279848098755,-0.42667198181152344,0.42667198181152344
4,326,38e9d41e93324557d063d076,1.4299999475479126,1.2902312278747559,-0.13976871967315674,0.13976871967315674
4,327,6a7882bb3c1aa225c4def53c,1.0,1.1900495290756226,0.19004952907562256,0.19004952907562256
4,328,69fe30cf7c0c3382c54a6dfb,1.2799999713897705,1.4280022382736206,0.1480022668838501,0.1480022668838501
4,329,bc4bd70451ab6a90156ac05f,0.75,1.1683496236801147,0.41834962368011475,0.41834962368011475
4,330,8a7ea28962acfbf1d867058e,1.600000023841858,1.6165269613265991,0.01652693748474121,0.01652693748474121
4,331,776ee4e5c981c60277b037f9,1.190000057220459,1.1461968421936035,-0.04380321502685547,0.04380321502685547
4,332,94ae7ba31347410d36e8fcbb,0.949999988079071,0.8544100522994995,-0.09558993577957153,0.09558993577957153
4,333,fc21a44d0b6afe8db196cc86,1.850000023841858,0.8349567651748657,-1.0150432586669922,1.0150432586669922
4,334,9b7e0e2aedf7d893a63c83c0,1.2400000095367432,0.8809612393379211,-0.359038770198822,0.359038770198822
4,335,dffb20e338faa24c6c668036,1.309999942779541,1.519721508026123,0.20972156524658203,0.20972156524658203
4,336,022060b3c789cccca5609844,1.340000033378601,1.3181012868881226,-0.021898746490478516,0.021898746490478516
4,337,41c76a276b2b4dd16122ceba,0.7699999809265137,1.4658194780349731,0.6958194971084595,0.6958194971084595
4,338,a310401ae0e71d93189d74fe,1.190000057220459,1.453438639640808,0.2634385824203491,0.2634385824203491
4,339,447856e97817d0328b74e93d,1.0800000429153442,1.4099334478378296,0.32993340492248535,0.32993340492248535
4,340,397d97bda5288119ead60257,1.1799999475479126,1.5493472814559937,0.36934733390808105,0.36934733390808105
4,341,0b5fec1ea3f37a146357f9be,0.9599999785423279,1.713499665260315,0.7534996867179871,0.7534996867179871
4,342,d0176c2b703c3cb81abccbc4,1.0700000524520874,1.0644376277923584,-0.005562424659729004,0.005562424659729004
4,343,2f468e379e2115540a614684,1.4500000476837158,1.1346255540847778,-0.315374493598938,0.315374493598938
4,344,5c7447d01c22c2bd4ed57241,1.059999942779541,0.5250698924064636,-0.5349300503730774,0.5349300503730774
4,345,30845a85c78e64cd2bd6729a,2.559999942779541,1.9952565431594849,-0.5647433996200562,0.5647433996200562
4,346,56005fd9800111af4a8911ee,1.25,2.071409225463867,0.8214092254638672,0.8214092254638672
4,347,8db3b56264967471c38845bd,0.8199999928474426,1.3279181718826294,0.5079181790351868,0.5079181790351868
4,348,ebef70bc92c35e00c4d31af5,0.8299999833106995,0.9904243350028992,0.1604243516921997,0.1604243516921997
4,349,f66619022d3d2548b2f878ea,1.1200000047683716,1.4133529663085938,0.29335296154022217,0.29335296154022217
4,350,ad39b6af360cc345cb213dc0,0.8500000238418579,0.9996283650398254,0.14962834119796753,0.14962834119796753
4,351,581a5a296ca75b8ca6bdc494,2.7899999618530273,2.3714466094970703,-0.41855335235595703,0.41855335235595703
4,352,67c3d373d6dede8d27fc156f,1.440000057220459,0.8966530561447144,-0.5433470010757446,0.5433470010757446
4,353,4894483dd40fcfb5eda24a80,2.2300000190734863,1.3265339136123657,-0.9034661054611206,0.9034661054611206
4,354,410d6ba898d9ec0804a470bb,0.7099999785423279,1.2401994466781616,0.5301994681358337,0.5301994681358337
4,355,eeed9c9941f95a2d001052f0,2.069999933242798,1.4811726808547974,-0.5888272523880005,0.5888272523880005
4,356,88965221899399ef6ccc1d61,2.390000104904175,2.2543275356292725,-0.13567256927490234,0.13567256927490234
4,357,4edfd15f987f09961d74a98a,0.7900000214576721,1.338316559791565,0.5483165383338928,0.5483165383338928
4,358,6c1a78d2f3d2ac407259c409,1.7599999904632568,1.1686056852340698,-0.591394305229187,0.591394305229187
4,359,534096833ee075253ecc8e74,1.659999966621399,1.3757840394973755,-0.28421592712402344,0.28421592712402344
4,360,daa3f60ecc1923d65e7c309d,0.7099999785423279,1.0800153017044067,0.37001532316207886,0.37001532316207886
4,361,003b0b54913a868ab099b576,0.7900000214576721,1.3428542613983154,0.5528542399406433,0.5528542399406433
4,362,9a5bd98d4ab1a21363d1defc,1.2599999904632568,0.8300908803939819,-0.4299091100692749,0.4299091100692749
4,363,8581621ceac9685deacc0629,0.7400000095367432,0.671025812625885,-0.06897419691085815,0.06897419691085815
4,364,2476d37f95f89ed9f7dd7db0,1.649999976158142,0.9495425820350647,-0.7004573941230774,0.7004573941230774
4,365,d0ecb0bcc6f667bfd9ffdf99,0.46000000834465027,0.7156715989112854,0.25567159056663513,0.25567159056663513
4,366,18e147036399be38919daddd,1.190000057220459,0.9828802943229675,-0.20711976289749146,0.20711976289749146
4,367,0a2985ce638bb3511e45ad1e,0.9800000190734863,1.3853988647460938,0.4053988456726074,0.4053988456726074
4,368,0e8f6fdcf62ea5f8a0dcab31,3.130000114440918,3.1074724197387695,-0.022527694702148438,0.022527694702148438
4,369,3a34641595dccd1dc9ae0576,2.5799999237060547,2.698604106903076,0.11860418319702148,0.11860418319702148
4,370,5e755c3eb1097f9955a4e1da,3.6600000858306885,3.309558629989624,-0.35044145584106445,0.35044145584106445
4,371,e592d0731728a87e6ec1c88d,4.110000133514404,4.073061466217041,-0.03693866729736328,0.03693866729736328
4,372,10aec03b0ab613cc06631ae4,4.25,4.184422969818115,-0.06557703018188477,0.06557703018188477
4,373,aa26655d12ab830ed377fc86,0.4099999964237213,0.4065277576446533,-0.003472238779067993,0.003472238779067993
4,374,9fa4eafd5424136c827064b4,1.340000033378601,1.477875828742981,0.13787579536437988,0.13787579536437988
4,375,d57a57956a89a88f2b49d7ab,1.059999942779541,0.9284024238586426,-0.13159751892089844,0.13159751892089844
4,376,db8f76745dc39a21a4c3fa98,0.3700000047683716,0.019588224589824677,-0.3504117727279663,0.3504117727279663
4,377,54ee01781531ee72032a257e,0.75,0.17843303084373474,-0.5715669393539429,0.5715669393539429
4,378,764dbe54cb355428b78afd1c,0.1599999964237213,0.9378617405891418,0.7778617143630981,0.7778617143630981
4,379,72a09ebcc9b364b1fd1f52a9,0.09000000357627869,0.7728444933891296,0.6828445196151733,0.6828445196151733
4,380,41fc98529e474e29e52f47d0,1.4299999475479126,1.3951730728149414,-0.03482687473297119,0.03482687473297119
4,381,6daeca4c9f44d12460f2898c,2.950000047683716,2.2444188594818115,-0.7055811882019043,0.7055811882019043
4,382,36fc8beaa2ea400ab304d685,2.380000114440918,2.4853296279907227,0.10532951354980469,0.10532951354980469
4,383,a1152c85112538b42338dd0f,2.0199999809265137,2.213897228240967,0.19389724731445312,0.19389724731445312
4,384,e78301b5405645c7e5a21b7a,1.9700000286102295,2.1752231121063232,0.20522308349609375,0.20522308349609375
4,385,5a7d9c2343695658415758ce,1.9800000190734863,1.966863989830017,-0.013136029243469238,0.013136029243469238
4,386,e7d7b748ccf3b94c5d12ce18,2.0899999141693115,2.3052587509155273,0.21525883674621582,0.21525883674621582
4,387,5c9e1b949af870e4dd29a916,2.009999990463257,1.9501937627792358,-0.059806227684020996,0.059806227684020996
4,388,436ba706460a8f8f348e9f60,1.9500000476837158,2.169004201889038,0.21900415420532227,0.21900415420532227
4,389,8ce0d8073aa0862775d8bc5c,2.069999933242798,2.1127262115478516,0.04272627830505371,0.04272627830505371
4,390,13f0f652d747130b3d00fec6,2.109999895095825,2.4985241889953613,0.38852429389953613,0.38852429389953613
4,391,0c52433775e81a2b2df9274d,1.8700000047683716,2.0989487171173096,0.228948712348938,0.228948712348938
4,392,0fb69920197cf94ce0cca16d,2.180000066757202,2.715315580368042,0.5353155136108398,0.5353155136108398
4,393,297594990af0790e105dc34e,1.909999966621399,2.338296890258789,0.42829692363739014,0.42829692363739014
4,394,f5c48b89cc8a8712816bdd58,1.899999976158142,2.121554374694824,0.22155439853668213,0.22155439853668213
4,395,90673c487aab7256d91bde63,1.0199999809265137,1.128172516822815,0.10817253589630127,0.10817253589630127
4,396,2c291b6f4fdec2e467716130,0.9800000190734863,1.3756117820739746,0.3956117630004883,0.3956117630004883
4,397,42a5afc1619e36842a774c04,0.8299999833106995,0.8060173392295837,-0.023982644081115723,0.023982644081115723
4,398,b1031feb63317926596d6599,1.3799999952316284,1.4432274103164673,0.06322741508483887,0.06322741508483887
4,399,9ef16b59a5738ab0f91150be,0.9300000071525574,0.3217315077781677,-0.6082684993743896,0.6082684993743896
4,400,17a0a45ce4f4a53425790af0,0.9599999785423279,1.1089106798171997,0.14891070127487183,0.14891070127487183
4,401,1a30991865c49491c2466379,0.9300000071525574,1.1779941320419312,0.24799412488937378,0.24799412488937378
4,402,6c4734c9a42055bfe2802c4a,0.9599999785423279,1.349340796470642,0.3893408179283142,0.3893408179283142
4,403,2b6fde249d99639cdf010760,0.8999999761581421,1.286694884300232,0.38669490814208984,0.38669490814208984
4,404,463e26d2e0ed5d8ae06d3fd3,1.4600000381469727,1.6437510251998901,0.18375098705291748,0.18375098705291748
4,405,dbd6b2c897855a43ab0cebb2,0.7200000286102295,1.0845913887023926,0.3645913600921631,0.3645913600921631
4,406,bd3c6739d8fd953ef48fa650,0.949999988079071,1.226117491722107,0.2761175036430359,0.2761175036430359
4,407,ef214ea578b0bd2aa7874620,1.8700000047683716,1.3606170415878296,-0.509382963180542,0.509382963180542
4,408,bdf4db78a13987d987d56cb1,0.75,1.199074625968933,0.4490746259689331,0.4490746259689331
4,409,99b6249ba01bbef5a33e875b,1.0800000429153442,1.3928653001785278,0.3128652572631836,0.3128652572631836
4,410,5d6b87493dd5812376835fbe,1.2699999809265137,1.3873827457427979,0.11738276481628418,0.11738276481628418
4,411,7ea7621d14b917cfdac81790,2.0799999237060547,2.0386099815368652,-0.04138994216918945,0.04138994216918945
4,412,a6cce4127bd8525fbe9f881c,2.5999999046325684,2.6254405975341797,0.025440692901611328,0.025440692901611328
4,413,8ddd15523d6207f227a986dc,2.0999999046325684,1.673043131828308,-0.42695677280426025,0.42695677280426025
4,414,10c4f7e60ab492db4baebf4d,2.0999999046325684,2.288947820663452,0.1889479160308838,0.1889479160308838
4,415,b6931bf9a89b95b6ca30fa23,2.109999895095825,1.9852322340011597,-0.12476766109466553,0.12476766109466553
4,416,43192356bcbb2fd7b9a9c8db,2.0399999618530273,2.4716134071350098,0.4316134452819824,0.4316134452819824
4,417,658689e9a6fc31032df32698,2.2699999809265137,2.152759552001953,-0.11724042892456055,0.11724042892456055
4,418,8150f469015f16b31605d550,2.4100000858306885,2.127002716064453,-0.28299736976623535,0.28299736976623535
4,419,317294fbefc7cc52db0c9cc8,2.0299999713897705,1.8397692441940308,-0.19023072719573975,0.19023072719573975
4,420,04c33ecebd2dcb85c8a3472b,2.430000066757202,2.80194091796875,0.37194085121154785,0.37194085121154785
4,421,e834f87224a7628194c95865,0.47999998927116394,0.52426677942276,0.04426679015159607,0.04426679015159607
4,422,1db4fed0ac0dacf63ee4fb66,2.0199999809265137,1.5274441242218018,-0.4925558567047119,0.4925558567047119
4,423,4768e297cb60258ae569f2fe,0.5699999928474426,0.8310049176216125,0.2610049247741699,0.2610049247741699
4,424,0b9232c93248878912dd339c,0.6299999952316284,1.5622414350509644,0.9322414398193359,0.9322414398193359
4,425,662cbb5497931f450436b5ce,0.367000013589859,0.8904144763946533,0.5234144926071167,0.5234144926071167
4,426,5e96e8f90dddf998bacb34f0,2.180000066757202,2.0213749408721924,-0.15862512588500977,0.15862512588500977
4,427,d7b26508af28c36bfe3e3748,0.8539999723434448,0.7358794212341309,-0.11812055110931396,0.11812055110931396
4,428,4e51384d627c5b4e62122c4a,1.0759999752044678,1.1459769010543823,0.06997692584991455,0.06997692584991455
4,429,afffac6ce45f5c34a90d1a3d,0.9599999785423279,1.1992570161819458,0.23925703763961792,0.23925703763961792
4,430,43eeafad10dd13f5841acf85,1.1799999475479126,1.2504278421401978,0.07042789459228516,0.07042789459228516
4,431,cbc0124bf568766e1ef3099b,1.5800000429153442,2.590282678604126,1.0102826356887817,1.0102826356887817
4,432,e33a162436a0e68569a80114,1.149999976158142,1.1844793558120728,0.034479379653930664,0.034479379653930664
4,433,058fb624d39a4af4e3e71d85,2.0199999809265137,1.8671646118164062,-0.15283536911010742,0.15283536911010742
4,434,54a037ad2495979030c4ecb2,1.8600000143051147,2.2278573513031006,0.36785733699798584,0.36785733699798584
4,435,cec016f37aee44a1f25cf617,1.1299999952316284,1.2637430429458618,0.1337430477142334,0.1337430477142334
4,436,288edf61196f70d0b0684cee,1.3200000524520874,1.4317411184310913,0.1117410659790039,0.1117410659790039
4,437,b054dab1d9ec553194fbaaeb,0.8700000047683716,1.283686876296997,0.4136868715286255,0.4136868715286255
4,438,aafc2cb117f7175fcade3139,1.3200000524520874,1.5216082334518433,0.20160818099975586,0.20160818099975586
4,439,710327e8714d3b978262305a,2.309999942779541,0.9846957325935364,-1.3253042697906494,1.3253042697906494
4,440,425434b92e72e03e9803f562,1.0,1.3201605081558228,0.32016050815582275,0.32016050815582275
4,441,68f7259fb018c60b2f5dce17,1.2100000381469727,1.168007254600525,-0.041992783546447754,0.041992783546447754
4,442,06791e9a5773162f6a61b48e,1.6419999599456787,2.2647626399993896,0.6227626800537109,0.6227626800537109
4,443,1d96533a88f5ace36872356f,1.6100000143051147,1.6920156478881836,0.08201563358306885,0.08201563358306885
4,444,89ca0a5cbdd3b72a0cc08e3a,2.869999885559082,2.7197651863098145,-0.15023469924926758,0.15023469924926758
4,445,59439f722f1efa2cfc556af2,2.430000066757202,1.8944900035858154,-0.5355100631713867,0.5355100631713867
4,446,0a45b3f05b52c1e298ad6f74,2.619999885559082,1.281253457069397,-1.338746428489685,1.338746428489685
4,447,7ba466be76a3f29f9e4cf06e,1.9600000381469727,1.5458984375,-0.41410160064697266,0.41410160064697266
4,448,b7b09e45236462533657c243,2.0199999809265137,1.9971898794174194,-0.02281010150909424,0.02281010150909424
4,449,15c146cf01e81b85cad8072e,2.0,1.9089497327804565,-0.09105026721954346,0.09105026721954346
4,450,6533837169220307aae43047,1.5,1.8010858297348022,0.30108582973480225,0.30108582973480225
4,451,1000d2d455647984ea28b3d5,1.75,1.9294307231903076,0.17943072319030762,0.17943072319030762
4,452,f0199ecc0a5605e8b02bd5fb,1.5199999809265137,1.9182287454605103,0.3982287645339966,0.3982287645339966
4,453,e759065f878dee5134d4659b,1.340000033378601,1.9085723161697388,0.5685722827911377,0.5685722827911377
4,454,90afe4c6f101e8d601d10bc4,1.7400000095367432,1.6365128755569458,-0.10348713397979736,0.10348713397979736
4,455,c5c5b2e4105977cdf29d251b,1.9299999475479126,1.647147536277771,-0.2828524112701416,0.2828524112701416
4,456,304a1efe5d77efeecd9c8c8b,1.690000057220459,1.379214882850647,-0.310785174369812,0.310785174369812
4,457,f827490ecd884582a5691e13,1.7699999809265137,1.6453620195388794,-0.12463796138763428,0.12463796138763428
4,458,a4dec1ac14b4f33343d1a056,1.7899999618530273,2.105043411254883,0.31504344940185547,0.31504344940185547
4,459,d6f862eb345c12ccf528409e,1.8200000524520874,1.3937221765518188,-0.42627787590026855,0.42627787590026855
4,460,e222100dda77e0bd40019f0c,2.309999942779541,1.6922286748886108,-0.6177712678909302,0.6177712678909302
4,461,5905dfbc15f4a459f91ed84b,1.6299999952316284,1.705118179321289,0.07511818408966064,0.07511818408966064
4,462,eb62812c174f4853af54396d,1.1399999856948853,1.3721556663513184,0.2321556806564331,0.2321556806564331
4,463,f9be86c95cc9cf15057f9572,1.9500000476837158,1.7234408855438232,-0.22655916213989258,0.22655916213989258
4,464,af6c6bf6adf9b0a20fa9ea8a,1.6799999475479126,1.4824515581130981,-0.19754838943481445,0.19754838943481445
4,465,3ac2e0f1397f4a26689c1288,1.4600000381469727,1.6413421630859375,0.18134212493896484,0.18134212493896484
4,466,de6c248cf5199b0fdd7eab60,1.9299999475479126,1.8881484270095825,-0.04185152053833008,0.04185152053833008
4,467,f13f33ac71e3f213fe0d4e8b,2.1700000762939453,2.1027393341064453,-0.0672607421875,0.0672607421875
4,468,12a59f5060625ffcdda91101,1.600000023841858,1.7092894315719604,0.10928940773010254,0.10928940773010254
4,469,f59897f643b2a5393b44f583,3.0799999237060547,1.3482950925827026,-1.731704831123352,1.731704831123352
4,470,5097ba94237ac9e44d497358,1.659999966621399,1.6762615442276,0.016261577606201172,0.016261577606201172
4,471,64b69493f4d3ad1cfccb18fd,1.2000000476837158,1.9047523736953735,0.7047523260116577,0.7047523260116577
4,472,379b08875114c2ca442c9d6d,1.4299999475479126,1.4012572765350342,-0.028742671012878418,0.028742671012878418
4,473,1aa1b6fd1897383acf8e8664,0.9900000095367432,0.6228595972061157,-0.36714041233062744,0.36714041233062744
4,474,b7b47533578edd992f7adc45,0.7099999785423279,0.7085121273994446,-0.0014878511428833008,0.0014878511428833008
4,475,3f58d16d0aaebe4b9e1742c6,0.7599999904632568,0.7054653763771057,-0.05453461408615112,0.05453461408615112
4,476,91b9eb4870f80306d85fc0c8,1.0700000524520874,0.5610765814781189,-0.5089234709739685,0.5089234709739685
4,477,2316b8e7ab54ee5c745ea6fa,0.8799999952316284,0.5022253394126892,-0.3777746558189392,0.3777746558189392
4,478,ad69f7393398cc9fb8b6f5af,0.8100000023841858,0.9959321618080139,0.18593215942382812,0.18593215942382812
4,479,98ed3faea6b40b990ec30606,2.1700000762939453,1.488482117652893,-0.6815179586410522,0.6815179586410522
4,480,bf6a32dcd50ab5937cc62d1c,0.9599999785423279,0.42423170804977417,-0.5357682704925537,0.5357682704925537
4,481,fb0eefd99813842d9d10a6da,0.5199999809265137,0.4657978415489197,-0.054202139377593994,0.054202139377593994
4,482,6253e756d1fe4bc6dd2b3390,0.46000000834465027,1.2533034086227417,0.793303370475769,0.793303370475769
4,483,15a312c67a592ef042fc3096,1.0199999809265137,0.4691932797431946,-0.5508067011833191,0.5508067011833191
4,484,0313c83460acb7677e170ebb,1.9299999475479126,1.3903619050979614,-0.5396380424499512,0.5396380424499512
4,485,92183613d3931a627a5472c9,1.7000000476837158,1.347560167312622,-0.35243988037109375,0.35243988037109375
4,486,0df805d81aac86122e5775a6,1.8300000429153442,1.3195955753326416,-0.5104044675827026,0.5104044675827026
4,487,6302d20d62c85db82c2aba3a,1.590000033378601,1.5225497484207153,-0.06745028495788574,0.06745028495788574
4,488,48d837c570a5ddadf80da7e1,2.4100000858306885,1.932113766670227,-0.4778863191604614,0.4778863191604614
4,489,69ae83b9adf9a6f090879c85,1.5099999904632568,1.6369296312332153,0.1269296407699585,0.1269296407699585
4,490,a7abf359b069571b3508ea06,1.7000000476837158,1.507170557975769,-0.19282948970794678,0.19282948970794678
4,491,195a446bf7f34f45b1acb72b,2.0,1.6485631465911865,-0.3514368534088135,0.3514368534088135
4,492,0402024a465ae627419f8397,1.5499999523162842,1.566989779472351,0.016989827156066895,0.016989827156066895
4,493,78df4eb8797e9aa87efdcea1,1.7200000286102295,1.7938905954360962,0.0738905668258667,0.0738905668258667
4,494,d6ac95defcf7b18515c20a26,2.369999885559082,1.7091015577316284,-0.6608983278274536,0.6608983278274536
4,495,3041ee90afe779201abd7d06,1.3799999952316284,1.5568385124206543,0.17683851718902588,0.17683851718902588
4,496,1ed065517b341a5083da7daa,1.7100000381469727,1.3652666807174683,-0.3447333574295044,0.3447333574295044
4,497,231578947bda0326f14ac10b,2.0320000648498535,2.043748378753662,0.011748313903808594,0.011748313903808594
4,498,9e1935a9dd21be377a760bf5,0.4189999997615814,1.2857842445373535,0.8667842149734497,0.8667842149734497
4,499,0ef919ccacc5195127b8bafe,0.9010000228881836,0.5918577313423157,-0.3091422915458679,0.3091422915458679
4,500,27d358d0d5009352bf78ce82,2.4690001010894775,2.492377758026123,0.023377656936645508,0.023377656936645508
4,501,9bf7535efaa468d79ade67c2,4.150000095367432,4.6871724128723145,0.5371723175048828,0.5371723175048828
4,502,6d52d4e8c7609157a1005c81,3.259999990463257,3.2748398780822754,0.014839887619018555,0.014839887619018555
4,503,9c3f955567a32b049b6b5a92,1.6200000047683716,3.4223575592041016,1.80235755443573,1.80235755443573
4,504,21e0c9f4541de010e6cd11c8,3.450000047683716,2.568345546722412,-0.8816545009613037,0.8816545009613037
4,505,1c8146d900a8fc6124d1bc59,3.25,3.895933151245117,0.6459331512451172,0.6459331512451172
4,506,05eb6b1e5343ab5bb9b98bd1,4.090000152587891,4.006675720214844,-0.08332443237304688,0.08332443237304688
4,507,e63b97edb68bf6f90181879b,2.119999885559082,2.10150146484375,-0.01849842071533203,0.01849842071533203
4,508,6cd4fdbe8b2d396e71cb0b67,3.930000066757202,2.6729674339294434,-1.2570326328277588,1.2570326328277588
4,509,85dba82aaacddd6dc9818cac,1.7699999809265137,3.3538694381713867,1.583869457244873,1.583869457244873
4,510,92357e5229beb1584beb307e,2.299999952316284,3.7567238807678223,1.456723928451538,1.456723928451538
4,511,5a8ea911af2e61486ae48a93,4.429999828338623,4.573524475097656,0.1435246467590332,0.1435246467590332
4,512,afcd23f4e41b0f24b356b28d,3.2899999618530273,3.7153847217559814,0.4253847599029541,0.4253847599029541
4,513,55aaf1afc4637d3c4f418139,1.3799999952316284,1.9537502527236938,0.5737502574920654,0.5737502574920654
4,514,fe53eaebee7126a46db2d31c,4.110000133514404,2.6587839126586914,-1.451216220855713,1.451216220855713
4,515,e05b3befec500f3cfc07c263,4.019999980926514,3.5348074436187744,-0.48519253730773926,0.48519253730773926
4,516,325e26c73ca0960b904acc94,2.200000047683716,2.9161128997802734,0.7161128520965576,0.7161128520965576
4,517,67feb968c37a4214ef55eeba,2.950000047683716,3.2010934352874756,0.25109338760375977,0.25109338760375977
4,518,c9dd1d6a8970e41761873c04,3.4200000762939453,3.169948101043701,-0.25005197525024414,0.25005197525024414
4,519,4f96fddb1fbb51adb7ec45e6,3.7899999618530273,3.977585792541504,0.18758583068847656,0.18758583068847656
4,520,311fe8dae2e68ea0705b7b8e,3.2699999809265137,3.3552348613739014,0.0852348804473877,0.0852348804473877
4,521,88903d971511f2b47cead0e1,2.990000009536743,3.610297679901123,0.6202976703643799,0.6202976703643799
4,522,9c642aec841b32382bcaa13f,2.109999895095825,3.3747434616088867,1.2647435665130615,1.2647435665130615
4,523,cd2f71f4abb54d449fff402b,2.4800000190734863,3.470578193664551,0.9905781745910645,0.9905781745910645
4,524,8933795f9e7f6ff38b615dd0,4.739999771118164,3.3215956687927246,-1.4184041023254395,1.4184041023254395
4,525,bab149057e24fb83da6d334a,4.748000144958496,3.5805411338806152,-1.1674590110778809,1.1674590110778809
4,526,f98673d23713b266000b2845,3.009999990463257,3.1974194049835205,0.18741941452026367,0.18741941452026367
4,527,fa5a90e3e5599536c89de112,3.3499999046325684,2.628527879714966,-0.7214720249176025,0.7214720249176025
4,528,b04e0efeb792cb8075d6d752,3.2100000381469727,3.0504398345947266,-0.1595602035522461,0.1595602035522461
4,529,893fb56f5d0251beb4b8cabf,3.2899999618530273,3.4320363998413086,0.14203643798828125,0.14203643798828125
4,530,0db29a7ba344e9f5880ed66c,3.494999885559082,3.251049280166626,-0.24395060539245605,0.24395060539245605
4,531,e40238ec25351034c4b063e3,3.3980000019073486,3.265246868133545,-0.1327531337738037,0.1327531337738037
4,532,12708da5563be44ecac5e216,4.5229997634887695,4.733239650726318,0.21023988723754883,0.21023988723754883
4,533,fcbae41d2abd1604630bffde,2.4089999198913574,2.572929620742798,0.16392970085144043,0.16392970085144043
4,534,faa3fd86919c30857f2c0f8d,3.872999906539917,3.4506959915161133,-0.4223039150238037,0.4223039150238037
4,535,68e1f7bf672f0a4e01f90974,4.071000099182129,3.7831153869628906,-0.2878847122192383,0.2878847122192383
4,536,8e18283870b451c7fdeb8a5f,3.8480000495910645,4.234625339508057,0.3866252899169922,0.3866252899169922
4,537,d4bf253650a55d5d6b2eb295,3.4509999752044678,2.9314470291137695,-0.5195529460906982,0.5195529460906982
4,538,d3420a6e76993c73ce104aee,0.9210000038146973,2.105802059173584,1.1848020553588867,1.1848020553588867
4,539,03c95e1ff4fdd8fbc4bc6a05,0.7960000038146973,2.4040937423706055,1.6080937385559082,1.6080937385559082
4,540,958cdf33a4eec53c80e23d8a,1.1490000486373901,1.9584990739822388,0.8094990253448486,0.8094990253448486
4,541,8bdd622712dff01678c02268,1.3009999990463257,1.8768447637557983,0.5758447647094727,0.5758447647094727
4,542,8eeecc5c1009fec5eaa2a0ad,0.8539999723434448,1.011947751045227,0.15794777870178223,0.15794777870178223
4,543,f4df3d5230c02ece6274ed9e,1.9210000038146973,1.9446386098861694,0.023638606071472168,0.023638606071472168
4,544,e7365b7dd8b80c95035d73e6,0.6779999732971191,0.76483154296875,0.08683156967163086,0.08683156967163086
4,545,50713fea837175eb99cadd19,1.3669999837875366,1.4534814357757568,0.08648145198822021,0.08648145198822021
4,546,7ab4ba7a9e747a5e26f172cd,0.8859999775886536,1.1080734729766846,0.222073495388031,0.222073495388031
4,547,dad1d2f1f860fba90dc43d3e,0.7450000047683716,0.6439990401268005,-0.10100096464157104,0.10100096464157104
4,548,7e8ba37205813c713b9f5a26,0.39800000190734863,0.3654593229293823,-0.03254067897796631,0.03254067897796631
4,549,3d4f27935d6db5c59b046933,1.0,1.12897527217865,0.1289752721786499,0.1289752721786499
4,550,527854a35b10ad009ab34157,0.5849999785423279,0.4558175802230835,-0.12918239831924438,0.12918239831924438
4,551,3c371d750d9ea3e37610fb39,0.8240000009536743,0.8209234476089478,-0.0030765533447265625,0.0030765533447265625
4,552,04852c694aa6ba2c595a417d,4.215000152587891,4.445871829986572,0.23087167739868164,0.23087167739868164
4,553,9d9509e671f42549bc6dde06,4.568999767303467,4.782942771911621,0.2139430046081543,0.2139430046081543
5,0,a93085b7f2293b843403f4fb,2.0759999752044678,0.9305031895637512,-1.1454968452453613,1.1454968452453613
5,1,54ee29030c0aa204eb8bb04f,1.6380000114440918,0.9676957726478577,-0.6703042387962341,0.6703042387962341
5,2,a832992c5de023d4c52d0597,0.9520000219345093,1.135875940322876,0.1838759183883667,0.1838759183883667
5,3,e11a8a3ddc90358e59ae2d15,0.0,1.6192717552185059,1.6192717552185059,1.6192717552185059
5,4,f53602aaabb8e4d279226356,1.7960000038146973,1.1833162307739258,-0.6126837730407715,0.6126837730407715
5,5,f841bcc3a01bec7ca4847a0b,4.0879998207092285,3.58410906791687,-0.5038907527923584,0.5038907527923584
5,6,da798a45d0c5ba7960842744,0.7900000214576721,1.1042230129241943,0.3142229914665222,0.3142229914665222
5,7,224e40622e755041e821dcc8,2.443000078201294,1.7609726190567017,-0.6820274591445923,0.6820274591445923
5,8,1adc949726b8d195e04b18fe,0.5339999794960022,1.737252116203308,1.2032520771026611,1.2032520771026611
5,9,ddd471f2a457cde3743cffb0,0.6019999980926514,1.4843612909317017,0.8823612928390503,0.8823612928390503
5,10,3437e6be94a94243ad34ff09,1.8600000143051147,1.3142820596694946,-0.5457179546356201,0.5457179546356201
5,11,f2ffe4e6ce98958a3d172289,0.8240000009536743,1.466059684753418,0.6420596837997437,0.6420596837997437
5,12,28c91dc6b6a63b5d46ce9e24,0.0820000022649765,1.61597740650177,1.5339773893356323,1.5339773893356323
5,13,05f8947f4599bcf9773b41fb,1.2050000429153442,0.4891992509365082,-0.7158007621765137,0.7158007621765137
5,14,aaa6536993e1f814e461e3c8,2.3980000019073486,2.6887223720550537,0.2907223701477051,0.2907223701477051
5,15,fe50984ed71ac074f6a3b0ce,1.6579999923706055,1.4792804718017578,-0.17871952056884766,0.17871952056884766
5,16,c8b693aaa442fa933ee118ba,2.377000093460083,1.83439040184021,-0.542609691619873,0.542609691619873
5,17,47d7b91560ab2853876aad2d,1.909999966621399,2.48193097114563,0.571931004524231,0.571931004524231
5,18,73456dd995409710d37ffadf,2.431999921798706,2.396639108657837,-0.03536081314086914,0.03536081314086914
5,19,7af26b9e628176c8c5f9c37e,2.677999973297119,2.568255662918091,-0.10974431037902832,0.10974431037902832
5,20,4bc947d32b5bfe7179360812,2.7699999809265137,2.5443689823150635,-0.2256309986114502,0.2256309986114502
5,21,6f1f7f7508269848070ca73d,3.115999937057495,3.0914485454559326,-0.0245513916015625,0.0245513916015625
5,22,d6057405a3ae85d3a45f99c2,0.9589999914169312,0.8734292387962341,-0.08557075262069702,0.08557075262069702
5,23,bc0decf0f94f4adc2f645591,0.6349999904632568,1.4100234508514404,0.7750234603881836,0.7750234603881836
5,24,151c08f22320abd8a4ea88a8,3.1679999828338623,2.856740951538086,-0.31125903129577637,0.31125903129577637
5,25,de1d12fdf3b61fd68d14d550,2.0399999618530273,2.0006473064422607,-0.0393526554107666,0.0393526554107666
5,26,e96c75db6f46f4dda2c4ddde,2.3429999351501465,1.9986140727996826,-0.34438586235046387,0.34438586235046387
5,27,03a80e3b64ff0c63f563c2c4,1.5529999732971191,1.739530324935913,0.18653035163879395,0.18653035163879395
5,28,394728b8d336713d91b4ee80,2.2760000228881836,2.194551467895508,-0.08144855499267578,0.08144855499267578
5,29,96a141d327babb017a1e6fcf,2.4690001010894775,2.7497549057006836,0.28075480461120605,0.28075480461120605
5,30,93d2fd79d4a1be0d558b1984,2.4560000896453857,2.196117639541626,-0.25988245010375977,0.25988245010375977
5,31,c88d9830369e587fef13857b,1.4709999561309814,0.9210294485092163,-0.5499705076217651,0.5499705076217651
5,32,4a68e366770ed54beb05dea4,2.865999937057495,2.925379514694214,0.05937957763671875,0.05937957763671875
5,33,f2da0b34ca7880c0a1206be3,1.3880000114440918,1.2829896211624146,-0.10501039028167725,0.10501039028167725
5,34,3e0d457f93acf37912566137,1.3700000047683716,1.4250181913375854,0.05501818656921387,0.05501818656921387
5,35,043e2df8613374ceda9ae172,3.0,2.6842737197875977,-0.31572628021240234,0.31572628021240234
5,36,1dee5896580bd579b77f276f,2.8239998817443848,2.989178419113159,0.16517853736877441,0.16517853736877441
5,37,490af0e5eb2cc0fd5512f899,1.4809999465942383,3.0954811573028564,1.6144812107086182,1.6144812107086182
5,38,bfa9365eb37cea3ef2e960f4,2.0859999656677246,2.0642058849334717,-0.02179408073425293,0.02179408073425293
5,39,865f5801327c75a02b33bd22,2.0,2.09731125831604,0.09731125831604004,0.09731125831604004
5,40,2ba1e801f7fedaaa4a573c1a,2.5829999446868896,2.490161180496216,-0.09283876419067383,0.09283876419067383
5,41,787346d23294d8a8d5922839,3.38700008392334,3.6772031784057617,0.2902030944824219,0.2902030944824219
5,42,ac1e32af3798fa84d4066c67,3.0969998836517334,2.473130464553833,-0.6238694190979004,0.6238694190979004
5,43,373fbc2d02c0b77a64617120,2.5739998817443848,3.0992002487182617,0.525200366973877,0.525200366973877
5,44,f5292e7cf49fee857a041211,0.6990000009536743,2.330240488052368,1.6312404870986938,1.6312404870986938
5,45,42d5f1af6612c3de73e39109,3.0969998836517334,3.6204311847686768,0.5234313011169434,0.5234313011169434
5,46,f55c4b0d7dabaebd5c1b6b95,0.9210000038146973,1.7080743312835693,0.7870743274688721,0.7870743274688721
5,47,01ce314cc97328745a4de850,0.367000013589859,1.7941442728042603,1.4271442890167236,1.4271442890167236
5,48,a4a9ecb82d4c4a4a78ab014c,0.4320000112056732,1.9021549224853516,1.470154881477356,1.470154881477356
5,49,844197012a82b707cea658d2,3.3010001182556152,2.468022108078003,-0.8329780101776123,0.8329780101776123
5,50,14c4a60d5d649b1f9c15daec,3.315999984741211,2.197746515274048,-1.118253469467163,1.118253469467163
5,51,cb7e0c5a96ec1e3bb70fe648,2.3369998931884766,2.0858166217803955,-0.25118327140808105,0.25118327140808105
5,52,0613b42f16c9b096f84cd294,0.8240000009536743,0.7374268770217896,-0.08657312393188477,0.08657312393188477
5,53,4447909a78d9a971dc6dd8ea,2.0320000648498535,1.6130585670471191,-0.4189414978027344,0.4189414978027344
5,54,8f5ad09404a30a0f1da81741,0.6779999732971191,0.7276982665061951,0.04969829320907593,0.04969829320907593
5,55,11df1df56d3fdafa888710cc,1.0759999752044678,1.0290989875793457,-0.04690098762512207,0.04690098762512207
5,56,8fcfe047346ae4374dc9ac55,0.39800000190734863,0.3706043064594269,-0.027395695447921753,0.027395695447921753
5,57,36a4e0ae7a79ea15e172b069,0.9589999914169312,1.000955581665039,0.04195559024810791,0.04195559024810791
5,58,bfe54e572299d7c4901f64ae,1.0,0.9167464971542358,-0.08325350284576416,0.08325350284576416
5,59,dec6296a5ba755811fef815d,2.194000005722046,1.7294856309890747,-0.4645143747329712,0.4645143747329712
5,60,40c2e29ee692a6e456bc7008,0.5849999785423279,0.795617401599884,0.21061742305755615,0.21061742305755615
5,61,c9b4f7938d2929784b966477,0.5690000057220459,0.6118805408477783,0.04288053512573242,0.04288053512573242
5,62,3bb10e2516f42dd58b5d5085,1.6579999923706055,1.5932085514068604,-0.06479144096374512,0.06479144096374512
5,63,2bd147dccabb6c39693ace72,1.8860000371932983,1.6660691499710083,-0.21993088722229004,0.21993088722229004
5,64,b159a59ebcd75f4695586464,1.1490000486373901,1.3596649169921875,0.21066486835479736,0.21066486835479736
5,65,4c42950ff161f13f058d2685,0.7699999809265137,0.9918072819709778,0.2218073010444641,0.2218073010444641
5,66,335dfb3b63ad8a621b8ce4ed,1.3009999990463257,1.538346767425537,0.23734676837921143,0.23734676837921143
5,67,89f5ad48cb852b73f0c1067f,1.1979999542236328,1.2241016626358032,0.02610170841217041,0.02610170841217041
5,68,964cb6ff450f6081621b506b,2.746999979019165,2.7087957859039307,-0.038204193115234375,0.038204193115234375
5,69,477c84ad3081f7fca75e897e,1.8539999723434448,1.5165009498596191,-0.3374990224838257,0.3374990224838257
5,70,f7779ca9790248a77c47f3ce,3.115999937057495,3.055124521255493,-0.06087541580200195,0.06087541580200195
5,71,e63e15c6c50593924b3f31f7,2.5230000019073486,2.5594003200531006,0.03640031814575195,0.03640031814575195
5,72,651ee0d1025db1ee328962e4,3.1679999828338623,2.856740951538086,-0.31125903129577637,0.31125903129577637
5,73,30583fa7077db099e0b0bfcf,3.124000072479248,2.903374433517456,-0.220625638961792,0.220625638961792
5,74,ef403e3c5c1f8989a0ada690,1.7929999828338623,1.8041532039642334,0.011153221130371094,0.011153221130371094
5,75,78e4788e1223650063cf5906,2.5380001068115234,2.3204762935638428,-0.21752381324768066,0.21752381324768066
5,76,189d845cedaf663af688d4d5,2.5850000381469727,2.474965810775757,-0.11003422737121582,0.11003422737121582
5,77,921da6c0311b82cb0824f3a1,2.869999885559082,2.7487761974334717,-0.12122368812561035,0.12122368812561035
5,78,0cdfea7d1ad5604c96a297e3,2.9709999561309814,2.6412642002105713,-0.32973575592041016,0.32973575592041016
5,79,1f18fb060a053ca7556fb9ec,2.3259999752044678,2.4635250568389893,0.13752508163452148,0.13752508163452148
5,80,8b8c45a760198ebe9ad1ad2f,2.5230000019073486,2.3604753017425537,-0.16252470016479492,0.16252470016479492
5,81,6266f75a7e44323416a24b31,2.2149999141693115,1.5887411832809448,-0.6262587308883667,0.6262587308883667
5,82,a42ca0f6a77298d37587bf73,3.7209999561309814,2.6266071796417236,-1.0943927764892578,1.0943927764892578
5,83,815bbb1f41cfa31b214fcfd0,4.260000228881836,3.564798593521118,-0.6952016353607178,0.6952016353607178
5,84,ba35b84d1e61577b6d347f32,3.8540000915527344,3.564798593521118,-0.2892014980316162,0.2892014980316162
5,85,4711ee69284582469b919180,0.6620000004768372,0.5132355093955994,-0.1487644910812378,0.1487644910812378
5,86,bcb5be623c1201beb45fd634,2.9079999923706055,3.4308369159698486,0.5228369235992432,0.5228369235992432
5,87,4065bd6f9d3c8d8ba3bee318,4.26800012588501,4.2543816566467285,-0.01361846923828125,0.01361846923828125
5,88,21eb34e3a3ec7e35c465ea52,4.26800012588501,4.250290870666504,-0.01770925521850586,0.01770925521850586
5,89,634022de2d7107f168a2572b,4.10699987411499,4.045652866363525,-0.061347007751464844,0.061347007751464844
5,90,d0a42b51bd8a2f303d216153,3.48799991607666,3.5760929584503174,0.08809304237365723,0.08809304237365723
5,91,828feefe8563a06f553f740e,3.507999897003174,3.5384364128112793,0.03043651580810547,0.03043651580810547
5,92,b2aab3ad5175a9e31e656078,3.187999963760376,3.238386392593384,0.05038642883300781,0.05038642883300781
5,93,7ff080e682e1116a53db9c69,3.7079999446868896,3.6475584506988525,-0.06044149398803711,0.06044149398803711
5,94,158f1fba94ed7e4210bccf2b,3.308000087738037,3.5345237255096436,0.22652363777160645,0.22652363777160645
5,95,ea25a09cd0149779fd0b930e,3.2869999408721924,3.3441503047943115,0.05715036392211914,0.05715036392211914
5,96,feabb3eaa226a9d676a98651,2.109999895095825,1.9247443675994873,-0.1852555274963379,0.1852555274963379
5,97,8ef84932955e0e610f8907dd,2.0399999618530273,1.7609179019927979,-0.2790820598602295,0.2790820598602295
5,98,c7d358e14ef66a6e31780a68,2.049999952316284,2.2594456672668457,0.20944571495056152,0.20944571495056152
5,99,5682dd75bae7a3980dbf7b01,2.25,1.9199559688568115,-0.3300440311431885,0.3300440311431885
5,100,b6ef1e35af44b4f6d704f20e,4.059999942779541,4.05564546585083,-0.0043544769287109375,0.0043544769287109375
5,101,2d88b8d7dd1f160b819772ca,3.430000066757202,3.893972396850586,0.4639723300933838,0.4639723300933838
5,102,4e7097e356fd6c6ccae35cc0,3.3499999046325684,3.6517539024353027,0.3017539978027344,0.3017539978027344
5,103,090c83d300b1a3e654ca733d,0.30000001192092896,0.4093204438686371,0.10932043194770813,0.10932043194770813
5,104,03ecacabbafafd9df96f16ee,0.7099999785423279,0.9030002355575562,0.19300025701522827,0.19300025701522827
5,105,1083307b0624f96e468929f3,1.3600000143051147,0.7081838250160217,-0.651816189289093,0.651816189289093
5,106,68bfa1837e5e5ec3285f7ae7,0.3400000035762787,1.6698274612426758,1.3298274278640747,1.3298274278640747
5,107,b61606c3e3350daf29a2e857,2.049999952316284,1.6165698766708374,-0.4334300756454468,0.4334300756454468
5,108,eddda68dd4dd027d4d7f6abd,0.7799999713897705,0.6994118094444275,-0.08058816194534302,0.08058816194534302
5,109,76c287358e3bce762926380f,0.9900000095367432,1.5471655130386353,0.5571655035018921,0.5571655035018921
5,110,7e6d4c896c30cb9ee053d867,1.3700000047683716,0.8378183245658875,-0.5321816802024841,0.5321816802024841
5,111,a0c85e89ad7f26a675d353e1,1.0800000429153442,1.2392888069152832,0.15928876399993896,0.15928876399993896
5,112,691162723e1f4af4701f712e,1.059999942779541,1.2569911479949951,0.1969912052154541,0.1969912052154541
5,113,9ce1ef3ff15ffee869a5a3ec,0.7300000190734863,1.251258134841919,0.5212581157684326,0.5212581157684326
5,114,b2c844e13280af9c7a33d66f,0.9800000190734863,0.8274526596069336,-0.15254735946655273,0.15254735946655273
5,115,8aafd01bcbc8f1da3e25ab7c,0.7900000214576721,0.9072960019111633,0.11729598045349121,0.11729598045349121
5,116,aab9767959e47e1e3b0d63d8,0.9200000166893005,0.9687440991401672,0.0487440824508667,0.0487440824508667
5,117,78dade6c5b5266679c161fb8,1.2400000095367432,1.2317073345184326,-0.008292675018310547,0.008292675018310547
5,118,3a052da0db143a8594826d1e,0.3799999952316284,0.8122681975364685,0.4322682023048401,0.4322682023048401
5,119,ea5107a798faaab3f8ed5e72,1.1100000143051147,1.0943121910095215,-0.01568782329559326,0.01568782329559326
5,120,2d54219b12cc3ec2c737f057,1.0800000429153442,1.5123846530914307,0.4323846101760864,0.4323846101760864
5,121,11247e170cfabd9516386f06,1.0299999713897705,1.1330089569091797,0.10300898551940918,0.10300898551940918
5,122,905dc3a25af41a9101b6d8d6,1.6579999923706055,1.6886159181594849,0.030615925788879395,0.030615925788879395
5,123,dcc6c31cadfe88d67c3a25f0,1.3569999933242798,1.7584295272827148,0.40142953395843506,0.40142953395843506
5,124,e10e513440eb638aa989e6e3,2.6989998817443848,3.8046183586120605,1.1056184768676758,1.1056184768676758
5,125,473fc3104b1f099ff553b62c,2.9700000286102295,2.258941888809204,-0.7110581398010254,0.7110581398010254
5,126,97d53a547004d6f21e2db0b2,3.119999885559082,2.8374204635620117,-0.2825794219970703,0.2825794219970703
5,127,48057ebdb4dea4d4f97a7597,2.940000057220459,2.398193120956421,-0.5418069362640381,0.5418069362640381
5,128,05edcf7747117470a6e3e25c,2.75,2.59773850440979,-0.15226149559020996,0.15226149559020996
5,129,4f0e89ea0a615974c5292407,2.6600000858306885,2.528416872024536,-0.13158321380615234,0.13158321380615234
5,130,ae4214155de2dc51f8ca7732,2.2699999809265137,2.6668052673339844,0.3968052864074707,0.3968052864074707
5,131,7fe71756fbff28f18971f846,2.9700000286102295,2.5401618480682373,-0.4298381805419922,0.4298381805419922
5,132,bbef39d8ff25efe4ec9875a1,3.180000066757202,2.5919864177703857,-0.5880136489868164,0.5880136489868164
5,133,fc750da1c6ec4699134da9d8,3.119999885559082,2.7359976768493652,-0.3840022087097168,0.3840022087097168
5,134,773218092e0278bd602344e2,3.0199999809265137,2.6973447799682617,-0.32265520095825195,0.32265520095825195
5,135,0faf0cf3d099b96d12ff039d,3.200000047683716,2.356921911239624,-0.8430781364440918,0.8430781364440918
5,136,0dc9b4cc88595fd1f952e6b0,2.559999942779541,2.8524577617645264,0.29245781898498535,0.29245781898498535
5,137,1e761cd14ac56674035eb027,3.1500000953674316,3.222928762435913,0.07292866706848145,0.07292866706848145
5,138,76ec9be93e0b6530a771c5e7,3.2100000381469727,2.575399875640869,-0.6346001625061035,0.6346001625061035
5,139,42c6b95615baea4f0d7d87be,2.9000000953674316,2.4971930980682373,-0.40280699729919434,0.40280699729919434
5,140,41d14e80344f1ebff0c84a2e,3.180000066757202,2.854238986968994,-0.325761079788208,0.325761079788208
5,141,1e8090dfb3ac8fa3e95292ba,1.0399999618530273,1.3829108476638794,0.34291088581085205,0.34291088581085205
5,142,b74c16243dcd852b45e9516e,0.8999999761581421,1.2664966583251953,0.3664966821670532,0.3664966821670532
5,143,5cab72e10a5b21c8d79c5884,0.699999988079071,1.1516494750976562,0.4516494870185852,0.4516494870185852
5,144,6df25473498a4b6e5f3c3118,1.0800000429153442,0.9534891247749329,-0.12651091814041138,0.12651091814041138
5,145,51524766f5384858915b4f73,1.0299999713897705,0.9762571454048157,-0.053742825984954834,0.053742825984954834
5,146,59c73252a53cf584103cbda7,1.4700000286102295,1.5568654537200928,0.08686542510986328,0.08686542510986328
5,147,7be0a92a91717f6a2c236334,1.0299999713897705,0.978522002696991,-0.05147796869277954,0.05147796869277954
5,148,bf4195a3e5c9d3c9ba48c504,0.9599999785423279,1.3208167552947998,0.3608167767524719,0.3608167767524719
5,149,86265cc74311e9b47a154619,1.0800000429153442,1.323868989944458,0.24386894702911377,0.24386894702911377
5,150,d94d99102f8ba4b27f30c092,1.3899999856948853,1.703352928161621,0.31335294246673584,0.31335294246673584
5,151,f701721d68af641d04755e9f,2.009999990463257,1.3949804306030273,-0.6150195598602295,0.6150195598602295
5,152,dad9cf0615881969970f3076,1.8200000524520874,1.470339059829712,-0.3496609926223755,0.3496609926223755
5,153,9bab396fb6bde30a24313921,2.009999990463257,1.7048778533935547,-0.30512213706970215,0.30512213706970215
5,154,80571ba2a4504b9a53ca2165,1.5299999713897705,1.109090805053711,-0.42090916633605957,0.42090916633605957
5,155,9f00dc62714cfc18501edb6c,1.940000057220459,1.108062505722046,-0.8319375514984131,0.8319375514984131
5,156,8c3387b21bd06f25207d13fb,1.690000057220459,1.809056043624878,0.11905598640441895,0.11905598640441895
5,157,757b4dfaebb643003d16bbbc,1.1200000047683716,1.0498239994049072,-0.07017600536346436,0.07017600536346436
5,158,d2544772ace0fe27733dd4e3,1.399999976158142,1.2252029180526733,-0.17479705810546875,0.17479705810546875
5,159,8c0ccce81dca0e0872ed9c8c,1.0299999713897705,1.624934196472168,0.5949342250823975,0.5949342250823975
5,160,8905cabbdb4fe17252e320da,1.4800000190734863,1.1849994659423828,-0.2950005531311035,0.2950005531311035
5,161,686cab8803b68799ca18bdbf,1.2400000095367432,1.4023878574371338,0.16238784790039062,0.16238784790039062
5,162,85eee49d03b371c8478786f8,1.3700000047683716,1.7835127115249634,0.4135127067565918,0.4135127067565918
5,163,514e111f30cf823513ed0786,2.140000104904175,1.6626986265182495,-0.4773014783859253,0.4773014783859253
5,164,f5eb56f46705b1c16924ca66,1.5199999809265137,1.9559516906738281,0.43595170974731445,0.43595170974731445
5,165,9ba20ab9ec4db72db4c5d864,1.4700000286102295,1.236656665802002,-0.23334336280822754,0.23334336280822754
5,166,a6dab46b9d132d64bee76a2f,1.2699999809265137,1.4258915185928345,0.1558915376663208,0.1558915376663208
5,167,e712738828a568713423ffea,1.4500000476837158,1.8543565273284912,0.4043564796447754,0.4043564796447754
5,168,7928d18ff088189389c959cc,1.2999999523162842,1.2761414051055908,-0.02385854721069336,0.02385854721069336
5,169,aea259a011d7b3f567de7f46,1.5099999904632568,1.0910513401031494,-0.4189486503601074,0.4189486503601074
5,170,8e1cc491aab5575a86685592,0.9100000262260437,0.9783311486244202,0.06833112239837646,0.06833112239837646
5,171,bd98e79bfe5e36a0bd9ef3d5,2.9000000953674316,1.691831350326538,-1.2081687450408936,1.2081687450408936
5,172,eec98638c0258d98480e70e6,1.6200000047683716,1.1720740795135498,-0.4479259252548218,0.4479259252548218
5,173,35a0c9f14eae5f6404bb7d1a,1.409999966621399,1.3789787292480469,-0.03102123737335205,0.03102123737335205
5,174,1aa06674c72d1f8860a3af8b,1.5800000429153442,1.3937944173812866,-0.18620562553405762,0.18620562553405762
5,175,53630b9d1c4c34a59124b9d9,1.9600000381469727,1.3341100215911865,-0.6258900165557861,0.6258900165557861
5,176,1c68b88e01a806f33e0b498a,0.8500000238418579,1.2771024703979492,0.4271024465560913,0.4271024465560913
5,177,b37095d042c225880c0ca857,1.350000023841858,0.9027358889579773,-0.4472641348838806,0.4472641348838806
5,178,d43d72c797fdb9d699f03cf7,0.28999999165534973,1.1134867668151855,0.8234868049621582,0.8234868049621582
5,179,23836bdf1956756e9597eb0e,0.949999988079071,1.1432621479034424,0.19326215982437134,0.19326215982437134
5,180,c013f0c8e9be4aba66bce622,1.809999942779541,0.9670475125312805,-0.8429524302482605,0.8429524302482605
5,181,fac07cfd59ac62717839a57d,0.14000000059604645,1.12013840675354,0.9801384210586548,0.9801384210586548
5,182,36ac5f90caa68d82e08618c1,1.2799999713897705,0.926518976688385,-0.3534809947013855,0.3534809947013855
5,183,176f4deed97f3ef08da4c942,1.3700000047683716,0.9578608870506287,-0.4121391177177429,0.4121391177177429
5,184,18b221b77f52b54c3534c2f2,0.25999999046325684,0.8980638384819031,0.6380638480186462,0.6380638480186462
5,185,289dee5c23623a725e1bf6e0,1.1200000047683716,0.9270316362380981,-0.19296836853027344,0.19296836853027344
5,186,0267ddc5f238c578cbe47803,3.640000104904175,3.409207820892334,-0.23079228401184082,0.23079228401184082
5,187,99f673bfe6c38a684cc4a7bb,2.6640000343322754,1.9326492547988892,-0.7313507795333862,0.7313507795333862
5,188,735e2a15309ceb02764c0ad0,1.4500000476837158,1.5198734998703003,0.06987345218658447,0.06987345218658447
5,189,c2c1f43360cf47d6a0891469,2.069999933242798,1.5677547454833984,-0.5022451877593994,0.5022451877593994
5,190,2f8f98353444f5d86c4eb202,1.2000000476837158,1.2197074890136719,0.019707441329956055,0.019707441329956055
5,191,19d6c5b9975ac5a4c7aee11b,0.7400000095367432,0.7637730836868286,0.02377307415008545,0.02377307415008545
5,192,ecc35db5bf249b428eff4743,0.25999999046325684,0.8961818814277649,0.6361818909645081,0.6361818909645081
5,193,00456f89ea8945655ca3eade,0.8799999952316284,1.168202519416809,0.28820252418518066,0.28820252418518066
5,194,e5be8842182ebe42e7302dde,1.1299999952316284,1.086517095565796,-0.04348289966583252,0.04348289966583252
5,195,5ab30337244d1c32545939b3,0.5,0.8664954900741577,0.3664954900741577,0.3664954900741577
5,196,e275ead875d0543109e8be65,0.5799999833106995,1.3509851694107056,0.7709851861000061,0.7709851861000061
5,197,de10911ab0953e611fc097c8,0.699999988079071,0.6033079624176025,-0.0966920256614685,0.0966920256614685
5,198,238510df2944277b1d51610b,0.8999999761581421,1.8941786289215088,0.9941786527633667,0.9941786527633667
5,199,11b18e9465463a5cb53d0e53,0.5299999713897705,1.2238891124725342,0.6938891410827637,0.6938891410827637
5,200,646ed3f1a5a7fbf7f1d9fc6f,1.440000057220459,0.6750946640968323,-0.7649053931236267,0.7649053931236267
5,201,c815438ed40823fe2849496e,1.0499999523162842,1.116181492805481,0.06618154048919678,0.06618154048919678
5,202,0d209321940fd2de736a9c74,1.1799999475479126,1.141855001449585,-0.03814494609832764,0.03814494609832764
5,203,500ea69fb0509df8d51f45db,1.1100000143051147,0.8131062388420105,-0.29689377546310425,0.29689377546310425
5,204,3379f6407bccf5ceb42bda97,1.2899999618530273,1.6642032861709595,0.37420332431793213,0.37420332431793213
5,205,8f544f8939fa1f952b469711,2.059999942779541,2.2431514263153076,0.1831514835357666,0.1831514835357666
5,206,1701f62cb33071424f996923,2.3369998931884766,2.0858166217803955,-0.25118327140808105,0.25118327140808105
5,207,b77b85899a820c17bb55e5e8,0.20800000429153442,0.37606626749038696,0.16806626319885254,0.16806626319885254
5,208,0904ee61e0c06eb08af6a9a7,0.8859999775886536,1.3251594305038452,0.43915945291519165,0.43915945291519165
5,209,b96aeb68da42109b0a30cf1a,2.0969998836517334,2.0183722972869873,-0.0786275863647461,0.0786275863647461
5,210,67479c169e359af05ea30e9d,1.0509999990463257,1.256725788116455,0.2057257890701294,0.2057257890701294
5,211,71007b366ab884c8bda8aedc,0.9300000071525574,1.1336214542388916,0.20362144708633423,0.20362144708633423
5,212,49416f58ae40be948f4c1bc7,1.8799999952316284,0.9180682301521301,-0.9619317650794983,0.9619317650794983
5,213,cc865a63b0cca9d3aec72223,0.9399999976158142,0.776922881603241,-0.16307711601257324,0.16307711601257324
5,214,b1e461e3d35bd1d8b8f63a9b,0.5799999833106995,0.7333820462226868,0.1533820629119873,0.1533820629119873
5,215,7fa3aa2fef6acd8aae1abb3f,1.2000000476837158,0.7071800827980042,-0.49281996488571167,0.49281996488571167
5,216,eb0ede22ea670a61d02dddf8,0.8600000143051147,0.7652656435966492,-0.09473437070846558,0.09473437070846558
5,217,d788cff5f4d63afc374e263f,1.4299999475479126,1.107503056526184,-0.3224968910217285,0.3224968910217285
5,218,716d9c373ecacc24ead560ff,0.8600000143051147,0.8462860584259033,-0.013713955879211426,0.013713955879211426
5,219,081479be54fff0547c9244a9,1.6299999952316284,1.1674748659133911,-0.4625251293182373,0.4625251293182373
5,220,61aa712d73f9bbfadf75c0f1,0.38999998569488525,0.7605401873588562,0.37054020166397095,0.37054020166397095
5,221,8162db3e79bbb46a0e330a8a,0.33000001311302185,1.1816909313201904,0.8516908884048462,0.8516908884048462
5,222,44dcabb3782c67e033d1e2bf,0.9200000166893005,1.3565858602523804,0.43658584356307983,0.43658584356307983
5,223,1dcd561d4b8c118585957b66,0.8199999928474426,0.9383441209793091,0.11834412813186646,0.11834412813186646
5,224,b4b6d45636da2c8095631f4c,1.1100000143051147,1.132864236831665,0.022864222526550293,0.022864222526550293
5,225,a13914fac52292fea253345c,1.0700000524520874,0.7178328633308411,-0.35216718912124634,0.35216718912124634
5,226,b36461b27260efaefd777602,1.0399999618530273,1.2849829196929932,0.24498295783996582,0.24498295783996582
5,227,d2654a7d94e781eb0178d6eb,1.4700000286102295,1.0727782249450684,-0.39722180366516113,0.39722180366516113
5,228,3c000c21e424145ed512604f,0.8500000238418579,1.014689564704895,0.1646895408630371,0.1646895408630371
5,229,f16def7f16e5a5d114e320f0,1.0099999904632568,1.2963159084320068,0.28631591796875,0.28631591796875
5,230,def954748801265780aee1b0,0.6399999856948853,0.9465115666389465,0.3065115809440613,0.3065115809440613
5,231,0548c7ca00751f7ee7018f67,1.1299999952316284,1.2176724672317505,0.08767247200012207,0.08767247200012207
5,232,a5775786802bb4cf793b14a2,0.6000000238418579,1.8220537900924683,1.2220537662506104,1.2220537662506104
5,233,db90f8ac957d656a260b7b9d,0.9399999976158142,1.1076799631118774,0.16767996549606323,0.16767996549606323
5,234,52805af5a2161b343ed68ddd,1.0299999713897705,1.9690639972686768,0.9390640258789062,0.9390640258789062
5,235,8444e25439e540b9cd269d5b,1.2400000095367432,1.534188985824585,0.2941889762878418,0.2941889762878418
5,236,b11049692a7177ee8bf8426b,1.6490000486373901,1.6590964794158936,0.010096430778503418,0.010096430778503418
5,237,6b8dcd2cad633d5664048d60,2.431999921798706,1.5757431983947754,-0.8562567234039307,0.8562567234039307
5,238,b7363b590bf8d26082dd6e36,2.696000099182129,2.459158182144165,-0.23684191703796387,0.23684191703796387
5,239,996ded62158ceef7a974f57b,0.5889999866485596,0.691627025604248,0.10262703895568848,0.10262703895568848
5,240,65e7a76736e53d49838101dc,2.4130001068115234,2.0123119354248047,-0.40068817138671875,0.40068817138671875
5,241,10fe0ced5909620c4894eeea,3.005000114440918,3.413325548171997,0.4083254337310791,0.4083254337310791
5,242,1f10c776abed23ac093901c0,1.4329999685287476,2.0661251544952393,0.6331251859664917,0.6331251859664917
5,243,f45b2739465ea3f094f8bb90,3.3559999465942383,3.4014737606048584,0.04547381401062012,0.04547381401062012
5,244,5868d40854091a61b09b6092,3.315000057220459,3.1064035892486572,-0.20859646797180176,0.20859646797180176
5,245,648c7e93349b500023db7612,3.115999937057495,3.0709969997406006,-0.04500293731689453,0.04500293731689453
5,246,0b8e1b73dbf48c3933e91578,2.325000047683716,2.214698076248169,-0.11030197143554688,0.11030197143554688
5,247,41343d76d65f8bf19ef38a47,2.492000102996826,2.5657966136932373,0.07379651069641113,0.07379651069641113
5,248,fd5b0044dbc85bfd62b4be00,2.497999906539917,2.572000741958618,0.07400083541870117,0.07400083541870117
5,249,07d8b08e67aedd9072deeef6,2.5850000381469727,2.481046438217163,-0.10395359992980957,0.10395359992980957
5,250,001e012ded9ff47dbdc06e49,2.8610000610351562,2.6640024185180664,-0.19699764251708984,0.19699764251708984
5,251,14baeabc6ce200cf3412b5f8,2.552999973297119,2.5109541416168213,-0.04204583168029785,0.04204583168029785
5,252,f99502f5e864c736d3049ed2,2.799999952316284,2.454437494277954,-0.3455624580383301,0.3455624580383301
5,253,24e45c97ff61034d58ffb7cd,2.75600004196167,2.711376428604126,-0.044623613357543945,0.044623613357543945
5,254,fa8f6a8aff860f81efd759f4,2.36299991607666,2.250925302505493,-0.11207461357116699,0.11207461357116699
5,255,42ab5110d474718b314489f1,2.7039999961853027,2.4160797595977783,-0.2879202365875244,0.2879202365875244
5,256,5e9da86e8409c1233e5a824a,3.9600000381469727,2.7728002071380615,-1.1871998310089111,1.1871998310089111
5,257,2a7d8564141aac40915cb861,1.840000033378601,1.1951719522476196,-0.6448280811309814,0.6448280811309814
5,258,5a632ce352203e2c228bb889,1.5199999809265137,1.0208373069763184,-0.4991626739501953,0.4991626739501953
5,259,29ed8939f7007ce1766aac17,0.8899999856948853,1.6604912281036377,0.7704912424087524,0.7704912424087524
5,260,a07b08a016f18d7c5161cf7b,2.700000047683716,1.1332646608352661,-1.5667353868484497,1.5667353868484497
5,261,8b9520cf7b10298d6b83717b,1.100000023841858,1.7200214862823486,0.6200214624404907,0.6200214624404907
5,262,9cad7d7d412dbe1da9102109,2.3499999046325684,1.5472748279571533,-0.802725076675415,0.802725076675415
5,263,20ee4634be69ab7f0be1c561,1.149999976158142,0.9845708012580872,-0.16542917490005493,0.16542917490005493
5,264,31ba9bf2c7ef920a805e3c06,1.690000057220459,1.9938664436340332,0.3038663864135742,0.3038663864135742
5,265,9e674af000f63f47f53a1574,1.7400000095367432,1.8963572978973389,0.1563572883605957,0.1563572883605957
5,266,a69916d658e548de2b7e0607,1.6200000047683716,1.7123310565948486,0.09233105182647705,0.09233105182647705
5,267,3e8abfef4f60f321a6451b7b,1.899999976158142,2.0930769443511963,0.1930769681930542,0.1930769681930542
5,268,f3c8b026c65f90763dd5cb8b,1.8300000429153442,1.7501606941223145,-0.07983934879302979,0.07983934879302979
5,269,084cb5400de42364bef854b0,1.809999942779541,2.0037338733673096,0.19373393058776855,0.19373393058776855
5,270,e46275d985678e7e634f1150,2.0999999046325684,1.611863374710083,-0.48813652992248535,0.48813652992248535
5,271,f0994e7a31724fedbfb78d14,1.899999976158142,1.8067290782928467,-0.09327089786529541,0.09327089786529541
5,272,66bf86a96b1a126d72d45410,1.2719999551773071,2.168536901473999,0.8965369462966919,0.8965369462966919
5,273,5f8dc2525219ff1ff4b60daf,1.065999984741211,2.0570003986358643,0.9910004138946533,0.9910004138946533
5,274,bd73ef944d132f62948b4344,0.8149999976158142,1.8142613172531128,0.9992613196372986,0.9992613196372986
5,275,3d8069791cd7bb219f1db127,2.1449999809265137,2.3165061473846436,0.17150616645812988,0.17150616645812988
5,276,b7af06c17d645638beec53fc,1.781999945640564,1.8395171165466309,0.057517170906066895,0.057517170906066895
5,277,72997637eb5aacbb9fad3033,1.0729999542236328,2.0547914505004883,0.9817914962768555,0.9817914962768555
5,278,99c3498f824843f4cb26da14,2.0,1.9723641872406006,-0.027635812759399414,0.027635812759399414
5,279,cce04e0bbe56cc36550ee116,2.25,1.7586690187454224,-0.49133098125457764,0.49133098125457764
5,280,62b8c0e3e5f803b620c550ca,2.4700000286102295,2.018022298812866,-0.4519777297973633,0.4519777297973633
5,281,5a978f8941642792c667ad2b,2.0,1.9888737201690674,-0.011126279830932617,0.011126279830932617
5,282,89ccb59b415a024a32251625,1.3600000143051147,1.933564305305481,0.5735642910003662,0.5735642910003662
5,283,06a957ae370a9a96db86aebf,2.390000104904175,2.476606607437134,0.08660650253295898,0.08660650253295898
5,284,3f49add3770aa4064dd81c91,1.9800000190734863,2.0434515476226807,0.06345152854919434,0.06345152854919434
5,285,7a54b89e167f2162b27e630a,2.0299999713897705,1.925762414932251,-0.10423755645751953,0.10423755645751953
5,286,044863071f7b3ece47871366,2.119999885559082,1.8315235376358032,-0.2884763479232788,0.2884763479232788
5,287,ea874de9dc592cd4dbd15a4d,2.119999885559082,2.1316373348236084,0.011637449264526367,0.011637449264526367
5,288,00734c72616d0287a84446bb,0.36000001430511475,0.268128365278244,-0.09187164902687073,0.09187164902687073
5,289,292ef2de201cd41cac54c6e9,0.019999999552965164,0.40868568420410156,0.3886856734752655,0.3886856734752655
5,290,8eff0a6a2e6ec28cc567c2cc,0.14000000059604645,0.23367677628993988,0.09367677569389343,0.09367677569389343
5,291,e643bcf508d1fbc851dfb51a,0.15000000596046448,0.7357403635978699,0.585740327835083,0.585740327835083
5,292,0621fd5be769cd5079017966,0.6600000262260437,0.37631139159202576,-0.28368863463401794,0.28368863463401794
5,293,63665479e6db2a0766f9c20b,0.5199999809265137,0.5073829293251038,-0.012617051601409912,0.012617051601409912
5,294,c7528129f18642b9e5729522,1.6799999475479126,1.8126753568649292,0.1326754093170166,0.1326754093170166
5,295,9ef3b804269b29e728d79fd9,1.1799999475479126,1.0487861633300781,-0.13121378421783447,0.13121378421783447
5,296,4900ce2b8cbd201b0ad3dbee,0.23000000417232513,0.38395822048187256,0.15395821630954742,0.15395821630954742
5,297,73a288d1a3c15658ee964984,0.41999998688697815,0.8112565279006958,0.39125654101371765,0.39125654101371765
5,298,c93c3a6ae1eaaf29a46f8d41,2.0399999618530273,1.2263349294662476,-0.8136650323867798,0.8136650323867798
5,299,f88c2b4a1ad4db896da69aed,1.559999942779541,2.1048996448516846,0.5448997020721436,0.5448997020721436
5,300,3c2fec90942aca3eb3f90b63,1.7300000190734863,2.1216554641723633,0.39165544509887695,0.39165544509887695
5,301,54ed213993422f08b85caeed,1.7699999809265137,2.2927138805389404,0.5227138996124268,0.5227138996124268
5,302,9e99d850050d120525f55384,2.009999990463257,2.0366199016571045,0.026619911193847656,0.026619911193847656
5,303,1f836bc0eb49a2aa2ae9b7d7,2.0299999713897705,2.1977105140686035,0.167710542678833,0.167710542678833
5,304,7fd5925c4c583a85eb676a14,1.7799999713897705,1.850299596786499,0.07029962539672852,0.07029962539672852
5,305,2e0d89878dbf665be0229cfd,2.4700000286102295,2.088148593902588,-0.3818514347076416,0.3818514347076416
5,306,8c88d26f45b7b3874114bea8,1.659999966621399,2.0266401767730713,0.36664021015167236,0.36664021015167236
5,307,b3c43fefdb1f8377d9ab60b2,1.5,2.531592607498169,1.031592607498169,1.031592607498169
5,308,98e6006909592cf793ec18e0,1.7999999523162842,1.8766248226165771,0.07662487030029297,0.07662487030029297
5,309,6c208231b685d2dd0e5dc49a,2.109999895095825,2.203279972076416,0.09328007698059082,0.09328007698059082
5,310,cda2c7b50df92edf62885763,1.9500000476837158,2.5304739475250244,0.5804738998413086,0.5804738998413086
5,311,bc22890822f13f967b0a5942,1.7400000095367432,2.029728651046753,0.28972864151000977,0.28972864151000977
5,312,d4a480c79dfd8fb23c17716d,1.8700000047683716,2.331789493560791,0.46178948879241943,0.46178948879241943
5,313,f485c8f05a0894dba953f795,2.180000066757202,2.4274473190307617,0.24744725227355957,0.24744725227355957
5,314,5856eea04c4dd6e7b1cffa57,1.9199999570846558,2.103132963180542,0.18313300609588623,0.18313300609588623
5,315,c46b3143efb40b1a1eee2eef,0.38999998569488525,1.0043659210205078,0.6143659353256226,0.6143659353256226
5,316,3c4965ee3165473544bb9957,2.630000114440918,2.5466086864471436,-0.08339142799377441,0.08339142799377441
5,317,6b0ea4bfbf6006a43de529f3,2.319999933242798,2.4848902225494385,0.16489028930664062,0.16489028930664062
5,318,10179204152a46dbd3089409,2.2699999809265137,2.327024221420288,0.057024240493774414,0.057024240493774414
5,319,b64090d2759b8a0dd289edc2,2.7300000190734863,2.446828603744507,-0.2831714153289795,0.2831714153289795
5,320,f59d37451f8adbd90eae0202,2.509999990463257,2.420130968093872,-0.08986902236938477,0.08986902236938477
5,321,c761fc27f4900b2577d71464,2.319999933242798,2.411247968673706,0.0912480354309082,0.0912480354309082
5,322,052c69ce089442c8e93f1be5,3.8299999237060547,3.7113492488861084,-0.11865067481994629,0.11865067481994629
5,323,55536b3fa7f4279e780ce7df,0.7699999809265137,1.0482177734375,0.27821779251098633,0.27821779251098633
5,324,fabd4211127f01ff28b481cf,0.8299999833106995,1.102156400680542,0.27215641736984253,0.27215641736984253
5,325,8d42e9135fbe207d5c8cb98f,0.5899999737739563,0.9638870358467102,0.3738870620727539,0.3738870620727539
5,326,322bb0dd0424aa94eb53bf68,0.3799999952316284,1.348742961883545,0.9687429666519165,0.9687429666519165
5,327,4faef426f15a2db85cd885d1,1.7300000190734863,1.451233148574829,-0.2787668704986572,0.2787668704986572
5,328,ff6cc074bb58678608448b87,1.1699999570846558,1.3297712802886963,0.15977132320404053,0.15977132320404053
5,329,01dd6f7b43a1a994ddd5eab1,0.7200000286102295,1.4002768993377686,0.6802768707275391,0.6802768707275391
5,330,2b2b17e9f0a5006dbacaae6e,1.7899999618530273,2.0068390369415283,0.21683907508850098,0.21683907508850098
5,331,974af2c0c0b28f0d049d3e17,1.090000033378601,1.3636360168457031,0.27363598346710205,0.27363598346710205
5,332,9379a8312c677f5ac2fed5a1,1.75,1.3025286197662354,-0.44747138023376465,0.44747138023376465
5,333,2b3f3db6644be760167775c4,0.5600000023841858,1.060233235359192,0.5002332329750061,0.5002332329750061
5,334,d87d903d1064a26b3b29ed31,2.259999990463257,1.6791048049926758,-0.580895185470581,0.580895185470581
5,335,9f30bf9edaf6bd09306f2961,1.2200000286102295,1.8385064601898193,0.6185064315795898,0.6185064315795898
5,336,0f62b6f996768ce797077eba,1.0,1.6657639741897583,0.6657639741897583,0.6657639741897583
5,337,9aeb0e32b1b4ff48925c0f74,1.2100000381469727,1.725833535194397,0.5158334970474243,0.5158334970474243
5,338,76657d1e61e0c2cfdf8092fd,1.4600000381469727,1.565519094467163,0.10551905632019043,0.10551905632019043
5,339,23954cf21780ff3840a9068f,1.0800000429153442,1.4482223987579346,0.36822235584259033,0.36822235584259033
5,340,57290e8db5be731ac0994fac,1.6699999570846558,1.5010706186294556,-0.1689293384552002,0.1689293384552002
5,341,382bdf4c9224c1a40d9a8e65,0.3499999940395355,1.304183006286621,0.9541829824447632,0.9541829824447632
5,342,2388a40cc761f88d98259e98,1.2899999618530273,1.093273401260376,-0.19672656059265137,0.19672656059265137
5,343,0afd65e4705330554c2da01e,0.9900000095367432,0.9493363499641418,-0.04066365957260132,0.04066365957260132
5,344,430ef8e1f9eb8a084d528138,1.0199999809265137,1.0618512630462646,0.04185128211975098,0.04185128211975098
5,345,6231c754cb4e8f793a803b92,1.2899999618530273,1.0015347003936768,-0.2884652614593506,0.2884652614593506
5,346,6e505546402d58fce47f0d82,1.2200000286102295,1.6014587879180908,0.38145875930786133,0.38145875930786133
5,347,0968a64306831940aaba7260,1.409999966621399,2.024796962738037,0.6147969961166382,0.6147969961166382
5,348,88ea8d7fdb5a93fcb31f5a1c,0.4300000071525574,1.2076895236968994,0.777689516544342,0.777689516544342
5,349,948348f4968931d167748325,1.399999976158142,1.3708875179290771,-0.02911245822906494,0.02911245822906494
5,350,dd0661d7632097b9759aebe1,0.44999998807907104,1.103182077407837,0.6531820893287659,0.6531820893287659
5,351,dd2cd396aa3749b66bcf9598,0.6899999976158142,0.7950647473335266,0.1050647497177124,0.1050647497177124
5,352,d1a12fdd6450edf9be893c39,0.4000000059604645,1.4506607055664062,1.0506607294082642,1.0506607294082642
5,353,5f304496108879490035f54f,1.9900000095367432,1.3365591764450073,-0.6534408330917358,0.6534408330917358
5,354,50d0ac93862d136b231578f1,1.4199999570846558,1.1022861003875732,-0.3177138566970825,0.3177138566970825
5,355,a66503345523e2c989d2188f,1.409999966621399,1.2386833429336548,-0.17131662368774414,0.17131662368774414
5,356,dbeccf42bc60129d17a84f30,0.9700000286102295,1.2133855819702148,0.24338555335998535,0.24338555335998535
5,357,91a72fd4991c991b42fbe422,2.190000057220459,0.9883750081062317,-1.201625108718872,1.201625108718872
5,358,6530e90264ffc725b499fd0e,1.1399999856948853,1.4064514636993408,0.26645147800445557,0.26645147800445557
5,359,9a1b67f295353c6240f8aeea,1.25,1.1773563623428345,-0.07264363765716553,0.07264363765716553
5,360,c6d8e60b2bcf2a15740de2a6,1.0499999523162842,1.1956408023834229,0.14564085006713867,0.14564085006713867
5,361,4d709e4acdadce2736905d6e,0.9800000190734863,1.1177856922149658,0.1377856731414795,0.1377856731414795
5,362,a3094abc4b5870b7834e2db1,1.3200000524520874,1.4553232192993164,0.135323166847229,0.135323166847229
5,363,66dbe7488c1fdd00b4e825b5,0.5400000214576721,1.0320383310317993,0.4920383095741272,0.4920383095741272
5,364,1c06e46a42aab36d5a1671e0,1.350000023841858,1.0445430278778076,-0.3054569959640503,0.3054569959640503
5,365,7a679150da543fc7a9f0e7e8,2.2699999809265137,1.1382622718811035,-1.1317377090454102,1.1317377090454102
5,366,84ac58ca8dd26d4a30fe4a75,1.2699999809265137,1.378364086151123,0.10836410522460938,0.10836410522460938
5,367,c0d2b84c0a954324c175013f,0.8899999856948853,1.031488299369812,0.14148831367492676,0.14148831367492676
5,368,864617d0fb3b5764ee0fdf04,0.6200000047683716,0.8866307735443115,0.26663076877593994,0.26663076877593994
5,369,f950950e026b17185fac9cfe,1.0299999713897705,1.138018250465393,0.10801827907562256,0.10801827907562256
5,370,8042f72fd3705a0bae4ff6a8,0.4699999988079071,0.884741485118866,0.41474148631095886,0.41474148631095886
5,371,6836a27bacebcfd9ceac2d42,1.649999976158142,1.0034154653549194,-0.6465845108032227,0.6465845108032227
5,372,868263cb595bda680f92939d,0.5099999904632568,0.8822594881057739,0.3722594976425171,0.3722594976425171
5,373,c3de2229b2a454fa67737c42,1.2599999904632568,1.820073127746582,0.5600731372833252,0.5600731372833252
5,374,614a29cc86ffa179b8ddb630,0.6200000047683716,1.1682435274124146,0.548243522644043,0.548243522644043
5,375,01ef9e63a28974bee6c6d29d,1.0299999713897705,1.0549993515014648,0.024999380111694336,0.024999380111694336
5,376,3ede6111c0a092c6f5636848,0.8100000023841858,0.9061839580535889,0.09618395566940308,0.09618395566940308
5,377,bc98b9ca8087b57c9b21f92f,2.9100000858306885,3.4657351970672607,0.5557351112365723,0.5557351112365723
5,378,a71de9f1bb61f46df154da98,3.7100000381469727,3.566836357116699,-0.14316368103027344,0.14316368103027344
5,379,e8ff2136b868bd09090383fd,3.990000009536743,3.706007719039917,-0.28399229049682617,0.28399229049682617
5,380,452fed9c2601f132fa605e3f,3.2300000190734863,3.25581955909729,0.02581954002380371,0.02581954002380371
5,381,fcac0c2ce3c679c3eba1dd01,3.2200000286102295,3.4179184436798096,0.19791841506958008,0.19791841506958008
5,382,3ed17cd67f97297cdd14cc32,3.9700000286102295,3.6309974193573,-0.3390026092529297,0.3390026092529297
5,383,fada3156ed24b378f291f162,3.8399999141693115,3.854541540145874,0.0145416259765625,0.0145416259765625
5,384,cca17be91845c2257c1d1b2b,2.740000009536743,3.1488704681396484,0.4088704586029053,0.4088704586029053
5,385,f1f16e8cfac26415713d9245,3.2899999618530273,3.5784859657287598,0.2884860038757324,0.2884860038757324
5,386,04fcc23db50fea8a8ca89090,4.260000228881836,4.217746257781982,-0.042253971099853516,0.042253971099853516
5,387,fdc1db0ebe23f5764fd389fd,4.0,4.020782470703125,0.020782470703125,0.020782470703125
5,388,5d45e3fb6ee15bc16f34e8df,0.9800000190734863,2.0946528911590576,1.1146528720855713,1.1146528720855713
5,389,338a378d310380b1892ec0da,1.3300000429153442,1.8180028200149536,0.4880027770996094,0.4880027770996094
5,390,7fc0bb154ccc4d3eb89d4317,2.8399999141693115,2.473971366882324,-0.3660285472869873,0.3660285472869873
5,391,79db35f8096ce9799debf142,0.46000000834465027,0.3449043333530426,-0.11509567499160767,0.11509567499160767
5,392,a035950813672959eac1fbf7,0.5,1.5387871265411377,1.0387871265411377,1.0387871265411377
5,393,2c4fbf3876ae3f29aaca63ae,0.10999999940395355,0.5924336314201355,0.48243361711502075,0.48243361711502075
5,394,856b087f3c078645aee98563,2.509999990463257,2.1761631965637207,-0.33383679389953613,0.33383679389953613
5,395,4fd986458ffe9e53709ca2d4,2.009999990463257,1.7029318809509277,-0.3070681095123291,0.3070681095123291
5,396,7798fbdacfc5344a63e2ee49,2.319999933242798,1.8741265535354614,-0.4458733797073364,0.4458733797073364
5,397,3127fa0dc439a4136a135d41,2.0799999237060547,2.2428195476531982,0.16281962394714355,0.16281962394714355
5,398,fef0af676816fdf362487599,1.9900000095367432,2.324753999710083,0.33475399017333984,0.33475399017333984
5,399,1e978f1dace74b2a9015c155,1.9299999475479126,2.066952705383301,0.13695275783538818,0.13695275783538818
5,400,7665e41869e0575e5b1415fe,2.200000047683716,2.0069754123687744,-0.1930246353149414,0.1930246353149414
5,401,a3a7ab5ab5e75dc20a8c0bf6,2.940000057220459,1.8812587261199951,-1.0587413311004639,1.0587413311004639
5,402,3bea2eb7404eb58e00c5a3fd,0.6000000238418579,0.629268229007721,0.029268205165863037,0.029268205165863037
5,403,e4b03c960bed6da02035fc0f,0.9200000166893005,1.3060128688812256,0.38601285219192505,0.38601285219192505
5,404,f1de52e3cfeba46a615d45be,0.8799999952316284,0.8405835032463074,-0.039416491985321045,0.039416491985321045
5,405,91aaf1089766b62663a7c253,0.8500000238418579,0.8303897976875305,-0.019610226154327393,0.019610226154327393
5,406,7082b1c318596e0d31431f02,1.1299999952316284,1.2259918451309204,0.09599184989929199,0.09599184989929199
5,407,34b5dc7c28471385532a24f8,0.949999988079071,0.6966882348060608,-0.25331175327301025,0.25331175327301025
5,408,d9544046d91d74158af24691,2.190000057220459,2.241575002670288,0.0515749454498291,0.0515749454498291
5,409,df00a3ea33d38fe9bdb68ea7,2.180000066757202,2.4674646854400635,0.28746461868286133,0.28746461868286133
5,410,27144634ac1635e5ee06f04c,2.4600000381469727,2.2387077808380127,-0.22129225730895996,0.22129225730895996
5,411,86b75a7f861d0d443cf4fc98,2.2300000190734863,2.135148525238037,-0.09485149383544922,0.09485149383544922
5,412,d78576402c33b513e2fe8f90,2.430000066757202,2.278937578201294,-0.1510624885559082,0.1510624885559082
5,413,4aa9f242e6fef21f6c44eb7f,2.5799999237060547,2.9945547580718994,0.4145548343658447,0.4145548343658447
5,414,f71bd0ba3cb33986198c8ffa,2.430000066757202,2.744375467300415,0.3143754005432129,0.3143754005432129
5,415,e82550f320e59e059a79cf88,2.009999990463257,2.2759242057800293,0.26592421531677246,0.26592421531677246
5,416,58ce6b58394496643f8daddd,2.0999999046325684,2.4665687084198,0.36656880378723145,0.36656880378723145
5,417,b457f0931057a6bcfa3d7c39,1.309999942779541,0.6917329430580139,-0.6182669997215271,0.6182669997215271
5,418,cb6c08ee2988ffb40652f5dd,1.6100000143051147,0.7702938914299011,-0.8397061228752136,0.8397061228752136
5,419,37c288ec541bf441d59c830f,1.0700000524520874,0.9345746636390686,-0.1354253888130188,0.1354253888130188
5,420,771cb052ccc9a67cee57be1c,0.5899999737739563,2.033118486404419,1.4431185722351074,1.4431185722351074
5,421,1036b8cf98a45f64d086cef6,2.809999942779541,2.4576170444488525,-0.3523828983306885,0.3523828983306885
5,422,f879a7c5fd33094df25a9474,0.9800000190734863,0.5426886677742004,-0.4373113512992859,0.4373113512992859
5,423,541b8e45b3ab9cf666416d60,0.7699999809265137,1.0439836978912354,0.2739837169647217,0.2739837169647217
5,424,f7f766cb79a3a514001f8e73,0.23000000417232513,0.7505529522895813,0.520552933216095,0.520552933216095
5,425,d07ac6140f2f1aa3e15456e8,2.125,2.0975568294525146,-0.02744317054748535,0.02744317054748535
5,426,c413b8a76659778e8a8ef6a6,0.9589999914169312,1.0023438930511475,0.04334390163421631,0.04334390163421631
5,427,973ec2559bac080baf389a4f,1.0,0.920835554599762,-0.07916444540023804,0.07916444540023804
5,428,b5d8b10e47956b933ca7141c,0.5849999785423279,0.586702287197113,0.0017023086547851562,0.0017023086547851562
5,429,5ac02c4a5c3141f0a973f5d7,1.9299999475479126,1.3017698526382446,-0.628230094909668,0.628230094909668
5,430,a0cbcc01e7eb96c301f09dfd,1.059999942779541,1.7637234926223755,0.7037235498428345,0.7037235498428345
5,431,a0e87171d24ce5b56fa70fc6,0.9800000190734863,0.8893467783927917,-0.09065324068069458,0.09065324068069458
5,432,521cd427c43455f16762f6a0,1.940000057220459,1.199218511581421,-0.7407815456390381,0.7407815456390381
5,433,515e75380b6c737d956e77c9,1.7000000476837158,1.017134189605713,-0.6828658580780029,0.6828658580780029
5,434,c8d17ff07032b1cf12b5fb0c,0.8299999833106995,1.313957929611206,0.4839579463005066,0.4839579463005066
5,435,248d1b602799e45202573918,1.0299999713897705,1.2619096040725708,0.2319096326828003,0.2319096326828003
5,436,e2d8f4624c601088a55c35e1,1.3799999952316284,1.2489629983901978,-0.13103699684143066,0.13103699684143066
5,437,08962d1a8857e88e34f521c7,2.4159998893737793,1.8212742805480957,-0.5947256088256836,0.5947256088256836
5,438,49197482566916c1b0105c75,2.505000114440918,2.0804555416107178,-0.4245445728302002,0.4245445728302002
5,439,d6629f48c0936aaacf9198b1,2.9210000038146973,1.8084105253219604,-1.1125894784927368,1.1125894784927368
5,440,36623e6c4ce4ccfa19ddf1bb,2.8310000896453857,2.3843815326690674,-0.44661855697631836,0.44661855697631836
5,441,750a41692adf45d4c79f961f,1.7029999494552612,1.7919714450836182,0.08897149562835693,0.08897149562835693
5,442,0a571b8e09c60de578fc83f1,1.4240000247955322,1.5027241706848145,0.07872414588928223,0.07872414588928223
5,443,3864361b7bdc901c555c9888,3.2939999103546143,1.363330364227295,-1.9306695461273193,1.9306695461273193
5,444,1758685dd8a8962511b8ade9,1.5210000276565552,1.5005567073822021,-0.020443320274353027,0.020443320274353027
5,445,981e07d1d10c8f8452d58538,1.940000057220459,2.0344767570495605,0.09447669982910156,0.09447669982910156
5,446,8810b23de88a4bb6fedab3f2,1.9240000247955322,1.122267484664917,-0.8017325401306152,0.8017325401306152
5,447,f16809768f799ddbd766db31,1.8300000429153442,1.9884111881256104,0.1584111452102661,0.1584111452102661
5,448,203ff7a247a72eff309229db,1.909999966621399,1.698178768157959,-0.21182119846343994,0.21182119846343994
5,449,3ef60583a8ce558da7eb4959,1.840000033378601,1.4203999042510986,-0.41960012912750244,0.41960012912750244
5,450,600c7dfdb6b46498ffc7f59a,1.809999942779541,1.1652135848999023,-0.6447863578796387,0.6447863578796387
5,451,3cd413a8057905ef77ea25e2,0.9900000095367432,1.2292699813842773,0.23926997184753418,0.23926997184753418
5,452,e75d6927291db933f8397c53,1.8200000524520874,1.7042793035507202,-0.11572074890136719,0.11572074890136719
5,453,95a37ea112479d472258caa3,1.6799999475479126,1.8642725944519043,0.1842726469039917,0.1842726469039917
5,454,2ae3ffb7c10b31999c5ba5f2,1.940000057220459,1.9214043617248535,-0.01859569549560547,0.01859569549560547
5,455,df63e7423b1fc41729cf84a1,1.5299999713897705,1.2629013061523438,-0.26709866523742676,0.26709866523742676
5,456,6c548234a1f176f5c7fd3c1a,2.2300000190734863,1.3450738191604614,-0.8849261999130249,0.8849261999130249
5,457,0000caa6fba7ba1ce39cada2,0.8799999952316284,1.411533236503601,0.5315332412719727,0.5315332412719727
5,458,d29f8d97084f01f77478c860,1.5399999618530273,1.3878724575042725,-0.15212750434875488,0.15212750434875488
5,459,6c7581637fb6e729b505d265,1.8600000143051147,1.0839968919754028,-0.7760031223297119,0.7760031223297119
5,460,3327fde4ebe14d3a4386999b,1.409999966621399,1.5466783046722412,0.13667833805084229,0.13667833805084229
5,461,ea757637c56b635e52f0c703,1.6799999475479126,1.5626916885375977,-0.11730825901031494,0.11730825901031494
5,462,737f9da5d7ebb19f0f1686c1,1.7699999809265137,1.4898481369018555,-0.2801518440246582,0.2801518440246582
5,463,ca76657eea702fd33239ec40,1.9299999475479126,2.298229455947876,0.3682295083999634,0.3682295083999634
5,464,df70fe3468801bd50d51c60b,1.7599999904632568,1.2433290481567383,-0.5166709423065186,0.5166709423065186
5,465,7d6460d51efe45300d77ae4f,1.909999966621399,1.9144799709320068,0.00448000431060791,0.00448000431060791
5,466,ea1f025abbe725564f4a4cbf,1.4600000381469727,1.4697476625442505,0.009747624397277832,0.009747624397277832
5,467,2b6b4c59f06302b3980d575d,1.8300000429153442,1.5791597366333008,-0.25084030628204346,0.25084030628204346
5,468,02a6abb08131c41a01b0223b,2.3399999141693115,1.5951042175292969,-0.7448956966400146,0.7448956966400146
5,469,43a90c18d2e6b5f90ca54541,1.309999942779541,2.307976484298706,0.997976541519165,0.997976541519165
5,470,f0606ccf611583157809571c,2.6700000762939453,1.464148759841919,-1.2058513164520264,1.2058513164520264
5,471,ef0afcd172c7fefb95c6d30f,1.690000057220459,1.583448886871338,-0.1065511703491211,0.1065511703491211
5,472,25c887c0efc38b46b023d614,1.590000033378601,1.1957309246063232,-0.39426910877227783,0.39426910877227783
5,473,8185b06c6d1e0d3cbe12aa73,0.7099999785423279,0.9934449791908264,0.28344500064849854,0.28344500064849854
5,474,7164300d8541ab5ac76e9f82,1.5,1.8504539728164673,0.3504539728164673,0.3504539728164673
5,475,d6668049c1e5646ffb08bb33,2.869999885559082,1.4662728309631348,-1.4037270545959473,1.4037270545959473
5,476,ce3953b836dae6479468b011,0.5299999713897705,0.9784610867500305,0.44846111536026,0.44846111536026
5,477,6bc566f1a5d183872d38425c,1.159999966621399,1.2277469635009766,0.06774699687957764,0.06774699687957764
5,478,e7af99070911e3f328ff4b30,0.5,0.45685407519340515,-0.04314592480659485,0.04314592480659485
5,479,26ef1893eb259f91309ba969,0.3199999928474426,0.9475626349449158,0.6275626420974731,0.6275626420974731
5,480,8a0fa57bf0fef82b29c0b396,0.8899999856948853,0.6938377022743225,-0.19616228342056274,0.19616228342056274
5,481,7dc125f6c3ad1d042e9951a0,0.6800000071525574,0.6611122488975525,-0.018887758255004883,0.018887758255004883
5,482,ad4e1816fc4d3cfb9ae90612,1.0700000524520874,1.640268087387085,0.5702680349349976,0.5702680349349976
5,483,6d4ef0fc94630094b5732ea8,0.5699999928474426,0.8792214393615723,0.30922144651412964,0.30922144651412964
5,484,21b967aebb3f14ad258916a6,0.41999998688697815,0.9457215666770935,0.525721549987793,0.525721549987793
5,485,4c5f57277d1b2977123ca184,1.8300000429153442,1.9232022762298584,0.09320223331451416,0.09320223331451416
5,486,e45d47bbe6ee94cafd6a2bc9,1.5299999713897705,1.601433277130127,0.07143330574035645,0.07143330574035645
5,487,345adfb22d1ea6cc1bb69be2,1.6200000047683716,1.6762912273406982,0.05629122257232666,0.05629122257232666
5,488,0a8b888ecfd3c6f72637f679,1.6200000047683716,2.0859100818634033,0.46591007709503174,0.46591007709503174
5,489,58f0b2981bdfad8d8f6d0a44,1.5199999809265137,2.0127363204956055,0.4927363395690918,0.4927363395690918
5,490,c5c87b701f8647bdae111850,2.130000114440918,1.8898820877075195,-0.24011802673339844,0.24011802673339844
5,491,7cfbed82e74b212b1303291b,2.240000009536743,2.0939433574676514,-0.1460566520690918,0.1460566520690918
5,492,8c2310b6f21a75725bf1d95c,1.809999942779541,1.8616565465927124,0.05165660381317139,0.05165660381317139
5,493,e3fa1f92d5f92bae44b7927f,1.4299999475479126,1.7376487255096436,0.30764877796173096,0.30764877796173096
5,494,267bb041bf504c7c964c8894,1.600000023841858,2.2071373462677,0.6071373224258423,0.6071373224258423
5,495,0030286042f43ab7f344bf8c,1.909999966621399,2.631148099899292,0.7211481332778931,0.7211481332778931
5,496,bdea87c37fc901978c9bcc8a,1.7400000095367432,1.7179902791976929,-0.022009730339050293,0.022009730339050293
5,497,2f975c81cc049a95a277d808,1.3600000143051147,1.5852270126342773,0.2252269983291626,0.2252269983291626
5,498,544798809e96cd320e07e320,1.5520000457763672,1.3557976484298706,-0.19620239734649658,0.19620239734649658
5,499,1a2f3862819aca703c2fc3d4,1.5670000314712524,1.40431809425354,-0.1626819372177124,0.1626819372177124
5,500,c8fcc915465e8d5c01bd8370,1.5099999904632568,1.5055756568908691,-0.004424333572387695,0.004424333572387695
5,501,46c8a43a119352aebf25a524,2.1510000228881836,2.1015422344207764,-0.04945778846740723,0.04945778846740723
5,502,7c00d9e80329ad370d793eb8,1.1330000162124634,0.622221827507019,-0.5107781887054443,0.5107781887054443
5,503,4e013616d69eba81baa27bc1,1.9259999990463257,1.6492269039154053,-0.2767730951309204,0.2767730951309204
5,504,769174a52d548e93725d814c,3.069999933242798,3.205030918121338,0.13503098487854004,0.13503098487854004
5,505,472f07099ca37a0e10ae53d0,2.440000057220459,2.652076482772827,0.21207642555236816,0.21207642555236816
5,506,79b6ad2adc74ac0e8f49ff2c,2.9700000286102295,3.6403744220733643,0.6703743934631348,0.6703743934631348
5,507,ccb06bbf6fef82016b2a7233,2.5399999618530273,2.656730890274048,0.11673092842102051,0.11673092842102051
5,508,5bf31ca07141aec6ea256003,2.5199999809265137,1.7822084426879883,-0.7377915382385254,0.7377915382385254
5,509,0a4858a114c1402c03033ba6,4.550000190734863,3.941239356994629,-0.6087608337402344,0.6087608337402344
5,510,b748197c08b5cd047e3affbb,2.747999906539917,3.485790252685547,0.7377903461456299,0.7377903461456299
5,511,592385b75d2f59b462d678a6,3.0399999618530273,3.903566598892212,0.8635666370391846,0.8635666370391846
5,512,bab5483f913c168627b51def,3.740000009536743,3.8106892108917236,0.07068920135498047,0.07068920135498047
5,513,5ea0bc84598111d981d84028,4.75,4.334377765655518,-0.4156222343444824,0.4156222343444824
5,514,df1d112644fd7f14454d62ad,3.490000009536743,3.4217545986175537,-0.06824541091918945,0.06824541091918945
5,515,13674c4cd19452acc60b44e7,4.130000114440918,3.207718849182129,-0.9222812652587891,0.9222812652587891
5,516,24edbd235cf3152d42934532,3.0899999141693115,3.1504933834075928,0.06049346923828125,0.06049346923828125
5,517,26bfe3559e01e470bd2f1428,3.2730000019073486,3.7091684341430664,0.4361684322357178,0.4361684322357178
5,518,c7b0d608b32ceabba2b1d264,1.9600000381469727,3.977562665939331,2.0175626277923584,2.0175626277923584
5,519,a755ccfacd75f2c192027be6,1.600000023841858,2.22707200050354,0.6270719766616821,0.6270719766616821
5,520,9eeb593d744b5c81f43c6d97,3.7300000190734863,4.175379753112793,0.44537973403930664,0.44537973403930664
5,521,fcc142bf8c5a9bf43f284843,3.2100000381469727,3.076749086380005,-0.13325095176696777,0.13325095176696777
5,522,cbc13e88cbb27728027685c4,2.740000009536743,2.7558016777038574,0.015801668167114258,0.015801668167114258
5,523,c6edd741999b4391385ae9a5,1.649999976158142,2.3780925273895264,0.7280925512313843,0.7280925512313843
5,524,748d51c1b147a8e1842b2f64,3.2200000286102295,2.73728609085083,-0.4827139377593994,0.4827139377593994
5,525,5ca4ea676b92375693b8ddb6,2.5799999237060547,2.9022648334503174,0.3222649097442627,0.3222649097442627
5,526,97727fa01ca086a80a1f50c4,4.409999847412109,3.8005387783050537,-0.6094610691070557,0.6094610691070557
5,527,5c01080e0a69f4a6211ba5de,3.5399999618530273,2.8383312225341797,-0.7016687393188477,0.7016687393188477
5,528,331d0f74ca0d40d3509abb11,2.7799999713897705,3.3044192790985107,0.5244193077087402,0.5244193077087402
5,529,5858373b31d478aa43105823,2.390000104904175,2.936821699142456,0.5468215942382812,0.5468215942382812
5,530,a386ac7ff253e6747a1b0cd5,2.8499999046325684,2.644960403442383,-0.20503950119018555,0.20503950119018555
5,531,587e96cbdb712acb1d1ca91a,4.15500020980835,4.252708911895752,0.09770870208740234,0.09770870208740234
5,532,2c347e2429196f02a01de7f3,4.921000003814697,4.5813984870910645,-0.3396015167236328,0.3396015167236328
5,533,69175d1d0f37c74bee12f817,1.9589999914169312,1.6712404489517212,-0.28775954246520996,0.28775954246520996
5,534,ce2f756da47bacae98557ae7,2.4809999465942383,2.462358236312866,-0.01864171028137207,0.01864171028137207
5,535,23894b35a991ff742e186baa,1.4509999752044678,2.1099445819854736,0.6589446067810059,0.6589446067810059
5,536,84f91061e903c4fad2e0908c,2.806999921798706,3.881615400314331,1.074615478515625,1.074615478515625
5,537,02b68e19616af7e9db6e71ec,0.29100000858306885,0.2618406116962433,-0.02915939688682556,0.02915939688682556
5,538,da06b04423f5625e20f1ece3,0.7960000038146973,0.6021938323974609,-0.19380617141723633,0.19380617141723633
5,539,eb85840f6808ebf859c528cc,2.0,1.990769624710083,-0.009230375289916992,0.009230375289916992
5,540,62685aa2a35c4ce1efaedb46,1.7699999809265137,1.9910743236541748,0.22107434272766113,0.22107434272766113
5,541,fe5b749a70fa81aad9a5cff9,0.7480000257492065,0.7823038697242737,0.03430384397506714,0.03430384397506714
5,542,e1616182934ccf0667e3d81d,0.5550000071525574,0.6444629430770874,0.08946293592453003,0.08946293592453003
5,543,e594e964919eb1e5d2ee3046,0.20800000429153442,0.3760662376880646,0.16806623339653015,0.16806623339653015
5,544,d8f68d95eb162a96812ae9f4,1.5230000019073486,2.144296646118164,0.6212966442108154,0.6212966442108154
5,545,422e2d7460fadfc806cf1b8a,2.0320000648498535,1.6130585670471191,-0.4189414978027344,0.4189414978027344
5,546,c7716219ae9cd44087406dc4,1.2289999723434448,1.133502721786499,-0.0954972505569458,0.0954972505569458
5,547,45938c8b3add3bd680c2b432,0.8539999723434448,0.7286830544471741,-0.12531691789627075,0.12531691789627075
5,548,186a521a4a9ae70464a89f9b,2.194000005722046,1.8046793937683105,-0.38932061195373535,0.38932061195373535
5,549,08e121cca11b70534b06be50,2.259999990463257,1.8894342184066772,-0.3705657720565796,0.3705657720565796
5,550,c85d18d946836fdb75d3ee27,2.0,1.742457389831543,-0.25754261016845703,0.25754261016845703
5,551,b6d54cef50066e298941c814,3.7109999656677246,3.684083938598633,-0.026916027069091797,0.026916027069091797
5,552,1ef93c913b460feb2f790038,1.6579999923706055,1.563631534576416,-0.09436845779418945,0.09436845779418945
5,553,aa23875a67c6ab32689b4287,4.9629998207092285,3.8180816173553467,-1.1449182033538818,1.1449182033538818
