run,source_row,sample_id,y_true,y_pred,error,abs_error
1,0,caf619b6b10acc5e8a2afb4d,1.2079999446868896,0.8998268842697144,-0.3081730604171753,0.3081730604171753
1,1,8d8cd1f996290073c9cebfa7,1.7960000038146973,0.9318387508392334,-0.8641612529754639,0.8641612529754639
1,2,ba5c154cdd44b7744e5b82ad,1.8539999723434448,1.4330593347549438,-0.420940637588501,0.420940637588501
1,3,d26a40a797359e7565e88829,1.7760000228881836,2.5559165477752686,0.779916524887085,0.779916524887085
1,4,abe658f3e65d6f47f7d270dd,0.3569999933242798,1.4128451347351074,1.0558451414108276,1.0558451414108276
1,5,2c50dc8da07c923eef12d6d3,2.0810000896453857,1.5980054140090942,-0.4829946756362915,0.4829946756362915
1,6,1d7dbf070188a40dc20239b9,0.8539999723434448,1.4847700595855713,0.6307700872421265,0.6307700872421265
1,7,db200150d1334708393286ff,4.860000133514404,3.52602481842041,-1.3339753150939941,1.3339753150939941
1,8,84a42127bdd4950a783bdd99,4.6479997634887695,3.7479872703552246,-0.9000124931335449,0.9000124931335449
1,9,3a73defe3a810bcfdc1a3e32,3.7699999809265137,2.3669447898864746,-1.403055191040039,1.403055191040039
1,10,2c7644cbaf331628791e2787,0.8289999961853027,1.3591785430908203,0.5301785469055176,0.5301785469055176
1,11,de7e83321574253ce909754b,1.7130000591278076,1.6493459939956665,-0.06365406513214111,0.06365406513214111
1,12,492853186d9b70bf1e1d202b,3.2079999446868896,2.830913543701172,-0.3770864009857178,0.3770864009857178
1,13,5c3631f7fabd5f4d16a1e445,0.39800000190734863,0.4487631022930145,0.050763100385665894,0.050763100385665894
1,14,fe0291e2915c9c89c8834cd0,2.885999917984009,2.5060322284698486,-0.37996768951416016,0.37996768951416016
1,15,b1f8408a7fec0b9450d29e7c,1.3869999647140503,0.7940051555633545,-0.5929948091506958,0.5929948091506958
1,16,6ff3441beb916fa4000abed6,1.6979999542236328,1.8202482461929321,0.12224829196929932,0.12224829196929932
1,17,e03d0f2af881d5cba19b878e,1.3209999799728394,1.9602006673812866,0.6392006874084473,0.6392006874084473
1,18,9ba989ce9184723badbe8e34,1.8389999866485596,1.9605752229690552,0.1215752363204956,0.1215752363204956
1,19,21b3b7e34b38e18fdf5cbf6e,0.6759999990463257,1.0408731698989868,0.36487317085266113,0.36487317085266113
1,20,e3ad79f9d8c5fb6d4d48af1b,1.2380000352859497,1.1604876518249512,-0.07751238346099854,0.07751238346099854
1,21,b6f5dedc0a99b65dffabeeb3,0.39800000190734863,0.9177136421203613,0.5197136402130127,0.5197136402130127
1,22,865668a58e97dc55963ce6e9,1.7209999561309814,1.6118770837783813,-0.1091228723526001,0.1091228723526001
1,23,43a425ce6dc79290a5c06189,3.1549999713897705,2.2355458736419678,-0.9194540977478027,0.9194540977478027
1,24,34a6b40e77dcb92535b222d3,2.431999921798706,2.1098248958587646,-0.3221750259399414,0.3221750259399414
1,25,8941c948ed3e6d5602a79831,0.6779999732971191,0.6696118116378784,-0.008388161659240723,0.008388161659240723
1,26,6a3b32fd32d7d3b949132a9b,2.3369998931884766,3.106041193008423,0.7690412998199463,0.7690412998199463
1,27,312dae483666660b0801a486,3.4690001010894775,3.1437764167785645,-0.3252236843109131,0.3252236843109131
1,28,55a00bec003b2d80b0b5069d,2.614000082015991,2.633021354675293,0.019021272659301758,0.019021272659301758
1,29,f9e6e40ce7f03ef37977c91f,0.24199999868869781,0.2141874134540558,-0.02781258523464203,0.02781258523464203
1,30,f4a1628253831cbe89fdb36b,2.8959999084472656,2.6532039642333984,-0.2427959442138672,0.2427959442138672
1,31,fe0ae127d1a27bb018eb8330,0.8859999775886536,0.928500771522522,0.04250079393386841,0.04250079393386841
1,32,d1e227052c20793b0691b72d,1.3009999990463257,1.8831193447113037,0.582119345664978,0.582119345664978
1,33,6deca182a3b002a03dc45dd7,2.494999885559082,2.8011527061462402,0.3061528205871582,0.3061528205871582
1,34,0d5f57749eb5b029503d2e6d,2.5850000381469727,3.286557912826538,0.7015578746795654,0.7015578746795654
1,35,7be42bcd114e51f1eb39c0fd,0.9390000104904175,0.9443376064300537,0.0053375959396362305,0.0053375959396362305
1,36,7f540f6b75f92d1bb3e7f741,1.9390000104904175,1.6975492238998413,-0.24145078659057617,0.24145078659057617
1,37,a782c4db53a769af10c0095e,3.1760001182556152,3.0740737915039062,-0.10192632675170898,0.10192632675170898
1,38,f203e54320e8d9ecb0efeec1,1.434999942779541,1.5685268640518188,0.13352692127227783,0.13352692127227783
1,39,a9dc0bdd0d53b1456a8dfec3,1.6970000267028809,1.9527207612991333,0.25572073459625244,0.25572073459625244
1,40,3d8883638e22d0f796167ce7,0.5870000123977661,0.9556776285171509,0.36867761611938477,0.36867761611938477
1,41,3af4cbf6fc85b8e8a2907412,1.4910000562667847,1.5487545728683472,0.0577545166015625,0.0577545166015625
1,42,e8f330f4b44eeee013ffe80c,3.7209999561309814,4.38918924331665,0.668189287185669,0.668189287185669
1,43,6596c1b56fdb88c15b89235c,2.799999952316284,3.2587409019470215,0.4587409496307373,0.4587409496307373
1,44,a1ccd62a1832a1d6ae4ad02f,4.046000003814697,4.785171031951904,0.739171028137207,0.739171028137207
1,45,afd766a923e0a9e7b8d7a560,2.6989998817443848,3.151096820831299,0.45209693908691406,0.45209693908691406
1,46,9c8393a35c7ebcb94f31128d,2.436000108718872,2.880125045776367,0.4441249370574951,0.4441249370574951
1,47,296cf4a89393bc94334d6bdb,3.259999990463257,3.17608642578125,-0.08391356468200684,0.08391356468200684
1,48,f9443a28e18b27b720e8e912,2.1019999980926514,2.1493330001831055,0.0473330020904541,0.0473330020904541
1,49,487dbaa7ff1b761f761eb2ef,2.125,2.3759360313415527,0.25093603134155273,0.25093603134155273
1,50,3d64620a7d77c9474a209ef7,2.377000093460083,2.5169425010681152,0.13994240760803223,0.13994240760803223
1,51,fcd061a6c46ca16e2296058a,0.7450000047683716,0.7739614248275757,0.0289614200592041,0.0289614200592041
1,52,c987357971afee89ab1cb626,1.2289999723434448,1.2661688327789307,0.03716886043548584,0.03716886043548584
1,53,d3dac71b5a6af6c594f51640,0.5090000033378601,0.45963969826698303,-0.049360305070877075,0.049360305070877075
1,54,7101d04321abd4ce34dd12f7,0.07599999755620956,0.3701174855232239,0.2941174805164337,0.2941174805164337
1,55,564ab210cefc0735f6e71425,2.259999990463257,2.1445417404174805,-0.11545825004577637,0.11545825004577637
1,56,e0164a00a933a25d4e126072,1.6019999980926514,1.556238055229187,-0.045761942863464355,0.045761942863464355
1,57,683821979f21789879bbd750,0.29100000858306885,0.5528692007064819,0.2618691921234131,0.2618691921234131
1,58,dcb0c02fa58cc0fc505dcd2c,0.7960000038146973,0.8217414617538452,0.02574145793914795,0.02574145793914795
1,59,e4be1e40d073ea34c086a5d7,2.0,2.3825788497924805,0.38257884979248047,0.38257884979248047
1,60,8a83a355da38ddbc4c44d6af,0.08399999886751175,0.6124671697616577,0.5284671783447266,0.5284671783447266
1,61,d83c4db9d828cc52d5f097c8,2.9590001106262207,2.820763111114502,-0.13823699951171875,0.13823699951171875
1,62,1ba8e0d6cd676c39ad828ad6,2.9210000038146973,2.627136707305908,-0.29386329650878906,0.29386329650878906
1,63,8f87423ca263d3e0bc93e2d9,2.3369998931884766,2.4427897930145264,0.1057898998260498,0.1057898998260498
1,64,5c602245932c16d440bfd4a1,0.9589999914169312,0.9338687658309937,-0.0251312255859375,0.0251312255859375
1,65,624a50b04931375063188172,0.9210000038146973,0.7950770854949951,-0.12592291831970215,0.12592291831970215
1,66,a3e0628ffd83522470ac84b7,2.2679998874664307,2.2484045028686523,-0.01959538459777832,0.01959538459777832
1,67,2b55a3d4243c1565e06e66ff,2.697000026702881,2.7838757038116455,0.08687567710876465,0.08687567710876465
1,68,594d94e6af42d2d587d069df,2.625,2.6712229251861572,0.04622292518615723,0.04622292518615723
1,69,a59e558b8747969b42fc43d1,2.3440001010894775,2.207907199859619,-0.1360929012298584,0.1360929012298584
1,70,d5fcf2d8a005bcc4617afff1,2.821000099182129,2.8123302459716797,-0.008669853210449219,0.008669853210449219
1,71,783ea7b52bb8c1557e036065,2.3429999351501465,1.8033498525619507,-0.5396500825881958,0.5396500825881958
1,72,8c4cbe46c7b66805d043e74e,2.569000005722046,2.567517042160034,-0.0014829635620117188,0.0014829635620117188
1,73,fb81225b8ebbe681b94c1ae4,2.7929999828338623,2.8380684852600098,0.04506850242614746,0.04506850242614746
1,74,6e9d69378a756cbc741f7871,2.3980000019073486,2.446514844894409,0.04851484298706055,0.04851484298706055
1,75,d95c77278dcdbf7e2291f97b,1.6579999923706055,1.8627873659133911,0.20478737354278564,0.20478737354278564
1,76,1429aaa2c610dc61ca4bcad4,3.4030001163482666,3.1023213863372803,-0.30067873001098633,0.30067873001098633
1,77,644f438e0673b3de1c50f27c,3.9630000591278076,3.1023213863372803,-0.8606786727905273,0.8606786727905273
1,78,8e879ce4c7de6dcfa7ed01fe,3.453000068664551,3.788418769836426,0.335418701171875,0.335418701171875
1,79,4ac93e92d32465c2091cde03,0.8539999723434448,1.7091330289840698,0.855133056640625,0.855133056640625
1,80,fec924c1fb00488c8f916f32,1.5609999895095825,1.5073648691177368,-0.0536351203918457,0.0536351203918457
1,81,db757b28cc45496e38bb46f5,2.76200008392334,3.618171453475952,0.8561713695526123,0.8561713695526123
1,82,383bd8544ba14b1671a0382a,3.7079999446868896,3.7108116149902344,0.0028116703033447266,0.0028116703033447266
1,83,a85f85c9528f0b1618bc07c1,4.249000072479248,4.3442230224609375,0.09522294998168945,0.09522294998168945
1,84,5008fa09b00969ce6514b0fc,3.98799991607666,3.965331554412842,-0.02266836166381836,0.02266836166381836
1,85,2839602b846c350e482a25e6,3.2279999256134033,3.1586527824401855,-0.06934714317321777,0.06934714317321777
1,86,94bbf4b500986c5a5c5a0fdc,2.6579999923706055,2.563131332397461,-0.09486865997314453,0.09486865997314453
1,87,8d4855aa9630b4607074228c,3.1480000019073486,3.2230770587921143,0.07507705688476562,0.07507705688476562
1,88,9e491227ea6ea33c9becb2c3,3.1080000400543213,3.1381335258483887,0.030133485794067383,0.030133485794067383
1,89,3f67a589d8a8fa60d06a2857,2.259999990463257,2.5167222023010254,0.25672221183776855,0.25672221183776855
1,90,6ccc640ada0bef17a9163bda,2.1500000953674316,2.0313713550567627,-0.11862874031066895,0.11862874031066895
1,91,92e66fc9c4d67aa81a245846,3.809999942779541,3.730221748352051,-0.07977819442749023,0.07977819442749023
1,92,830c3cc3dc42b689e074d24d,3.740000009536743,3.462798595428467,-0.27720141410827637,0.27720141410827637
1,93,bd5c0e5f6763af37127eccea,3.3499999046325684,3.8943519592285156,0.5443520545959473,0.5443520545959473
1,94,0f7781c34bdc25ec9346dff8,0.4300000071525574,1.1869163513183594,0.756916344165802,0.756916344165802
1,95,a32d72c289a3a83cc95ab4f7,0.7699999809265137,1.1402560472488403,0.37025606632232666,0.37025606632232666
1,96,e85197827c7470093e0302b9,0.800000011920929,0.7407337427139282,-0.05926626920700073,0.05926626920700073
1,97,06f4f25488922792c6693ba3,1.850000023841858,1.49878990650177,-0.3512101173400879,0.3512101173400879
1,98,55e0ae49e52dcbdf01e2e3f1,1.0,1.3963186740875244,0.3963186740875244,0.3963186740875244
1,99,a2a1169a462f672e3be9765d,0.33000001311302185,1.6437877416610718,1.3137876987457275,1.3137876987457275
1,100,c0f6c8c5bd67b39429eb9dc2,1.659999966621399,1.3474725484848022,-0.3125274181365967,0.3125274181365967
1,101,63c8a59395fa0e254aae8c67,0.4699999988079071,0.5890698432922363,0.11906984448432922,0.11906984448432922
1,102,0ce9ddc4d18cf89c68652dee,0.7900000214576721,0.8887615203857422,0.09876149892807007,0.09876149892807007
1,103,1e99c12d008f0df3ac3f54f1,0.8999999761581421,1.0629740953445435,0.16297411918640137,0.16297411918640137
1,104,aef46d2afe1ad8ecbe0a8020,1.090000033378601,0.9923684597015381,-0.09763157367706299,0.09763157367706299
1,105,cde40ee97eba86da4accedf6,0.9900000095367432,1.090776801109314,0.1007767915725708,0.1007767915725708
1,106,57c51647893eaa035b42cc26,0.8299999833106995,0.8053590059280396,-0.024640977382659912,0.024640977382659912
1,107,d7654164f11053aab5b87905,1.0499999523162842,0.6181174516677856,-0.43188250064849854,0.43188250064849854
1,108,fc7bda6a87eabef1a2b6835c,0.9800000190734863,0.6520910263061523,-0.327908992767334,0.327908992767334
1,109,f7278aca0c61c400b432dab9,0.8500000238418579,0.9620726108551025,0.11207258701324463,0.11207258701324463
1,110,8c583c50c68ef70ed71235d5,1.6699999570846558,1.217715859413147,-0.4522840976715088,0.4522840976715088
1,111,b9da07ceb8222f7a30a159b4,1.0099999904632568,1.1659044027328491,0.15590441226959229,0.15590441226959229
1,112,7802a650eb2075c8192f49d9,0.7300000190734863,0.748621940612793,0.01862192153930664,0.01862192153930664
1,113,8af1090f6d5dfcb6f06b268b,1.2699999809265137,1.3298197984695435,0.059819817543029785,0.059819817543029785
1,114,cbcf3162f05fc6804692d255,0.9399999976158142,1.160163164138794,0.22016316652297974,0.22016316652297974
1,115,8d67828ff61c753adc57e1d2,0.8500000238418579,0.8089379072189331,-0.041062116622924805,0.041062116622924805
1,116,ba02fc00aa98c5a3b59d80b2,1.3200000524520874,0.962399959564209,-0.3576000928878784,0.3576000928878784
1,117,7484a2c5e757bdb588db210e,0.7400000095367432,0.8310497999191284,0.09104979038238525,0.09104979038238525
1,118,d4fd4611072ff39f093d2004,1.4809999465942383,1.4015226364135742,-0.07947731018066406,0.07947731018066406
1,119,2154af83572c03d6a09b5c34,1.7699999809265137,1.9063947200775146,0.13639473915100098,0.13639473915100098
1,120,702100d1fa152e3caf563d68,1.215000033378601,1.2290722131729126,0.014072179794311523,0.014072179794311523
1,121,b83d7ae61a341134a39f2f83,2.7709999084472656,3.0460431575775146,0.275043249130249,0.275043249130249
1,122,d9776e51d8b13b59a6563c8c,2.6640000343322754,3.993049144744873,1.3290491104125977,1.3290491104125977
1,123,f0982a5aff52f739eaa25aff,2.0869998931884766,2.1244688034057617,0.037468910217285156,0.037468910217285156
1,124,883c83627a7432c10db9bd71,4.0,2.9451723098754883,-1.0548276901245117,1.0548276901245117
1,125,15ccc265f801743e8ac61641,0.699999988079071,1.9638127088546753,1.263812780380249,1.263812780380249
1,126,fa7afaf1b59459957c50eb52,2.8399999141693115,2.7679929733276367,-0.0720069408416748,0.0720069408416748
1,127,0f11aa1f9000c4417f222b5e,2.6500000953674316,3.404022693634033,0.7540225982666016,0.7540225982666016
1,128,8897690097c934a7e419699f,2.8499999046325684,2.8558273315429688,0.005827426910400391,0.005827426910400391
1,129,05ae2525754f624a3e059fa5,2.569999933242798,3.3871679306030273,0.8171679973602295,0.8171679973602295
1,130,2543d9f44c730328b440ea94,3.140000104904175,2.5026679039001465,-0.6373322010040283,0.6373322010040283
1,131,58f3b783b04477c009fc4018,2.549999952316284,3.243101119995117,0.693101167678833,0.693101167678833
1,132,a96ab561aa1486df8cd5965a,2.8499999046325684,2.8555235862731934,0.005523681640625,0.005523681640625
1,133,06411ef7d1670c4b177075c5,0.3100000023841858,1.0332106351852417,0.7232106328010559,0.7232106328010559
1,134,8be1a435b6b2a86e144f51a5,1.1100000143051147,1.4238842725753784,0.31388425827026367,0.31388425827026367
1,135,42dab989c93ba9d2382d05ef,0.8199999928474426,0.8048503398895264,-0.01514965295791626,0.01514965295791626
1,136,4f90b7fecba543802509d937,0.9599999785423279,1.2865612506866455,0.3265612721443176,0.3265612721443176
1,137,317d05885018f710f590b4fb,0.1899999976158142,0.7878466844558716,0.5978466868400574,0.5978466868400574
1,138,524d9cc4f6b73bb3914fe4ab,1.309999942779541,0.979753851890564,-0.33024609088897705,0.33024609088897705
1,139,f30d5f7a11337c34098f1e5f,0.3700000047683716,1.0009201765060425,0.6309201717376709,0.6309201717376709
1,140,42527bcf78539628e8682834,1.840000033378601,1.1239744424819946,-0.7160255908966064,0.7160255908966064
1,141,d26b5042c1f8bcb928a27466,0.550000011920929,0.9774447679519653,0.4274447560310364,0.4274447560310364
1,142,f5ebe8a3b49b704c1cbd35ca,1.5299999713897705,1.0878812074661255,-0.442118763923645,0.442118763923645
1,143,9ea5f20bc91b9292dc50463c,1.1799999475479126,1.1409708261489868,-0.03902912139892578,0.03902912139892578
1,144,b9d19312084f7569c7ad51b6,1.149999976158142,1.044644832611084,-0.1053551435470581,0.1053551435470581
1,145,ef86119d34493191c3353c6b,0.5899999737739563,1.106105923652649,0.5161059498786926,0.5161059498786926
1,146,02411c5affad67f2f931b977,0.699999988079071,0.748780369758606,0.04878038167953491,0.04878038167953491
1,147,14fc17a20091f90b2d6c7a3f,1.4900000095367432,0.9501994848251343,-0.5398005247116089,0.5398005247116089
1,148,d45bebbe123d3f03d06898e3,1.1200000047683716,0.9990798234939575,-0.12092018127441406,0.12092018127441406
1,149,416d02867bace94e47184ea6,0.8700000047683716,1.0954444408416748,0.22544443607330322,0.22544443607330322
1,150,25c715a9f8e5cbf054a3ba61,1.149999976158142,1.0477391481399536,-0.10226082801818848,0.10226082801818848
1,151,7ae251372419587c1e50d75e,1.0099999904632568,1.2553790807724,0.24537909030914307,0.24537909030914307
1,152,4389248639029fb4b74e5eda,1.6799999475479126,1.514750599861145,-0.16524934768676758,0.16524934768676758
1,153,e06fbf8ac95ae2d8f88a1364,2.0199999809265137,1.4421888589859009,-0.5778111219406128,0.5778111219406128
1,154,54aa33bcf9d4e562926f99f8,0.4000000059604645,1.2994285821914673,0.8994286060333252,0.8994286060333252
1,155,6c28482da9c4a51f01d2f650,1.7200000286102295,1.4939614534378052,-0.22603857517242432,0.22603857517242432
1,156,01961e6c9175dd28b4c178f6,1.2999999523162842,1.7107574939727783,0.41075754165649414,0.41075754165649414
1,157,59a317d2ea85b4e86a271953,1.4800000190734863,1.4605036973953247,-0.01949632167816162,0.01949632167816162
1,158,d747192199b69af84d2aed7c,1.2200000286102295,1.4480171203613281,0.22801709175109863,0.22801709175109863
1,159,02af64e87fd315fe0ab81c19,1.340000033378601,1.4854131937026978,0.14541316032409668,0.14541316032409668
1,160,0c07a224f885b98642a8c370,1.7599999904632568,1.9536815881729126,0.19368159770965576,0.19368159770965576
1,161,4c5c425f5a02cff35aae2787,1.4600000381469727,1.4248062372207642,-0.035193800926208496,0.035193800926208496
1,162,57febf96d192924308df31f6,1.9700000286102295,1.4959816932678223,-0.4740183353424072,0.4740183353424072
1,163,0ffcc76151ba426eec1bed95,0.9200000166893005,1.609011173248291,0.6890111565589905,0.6890111565589905
1,164,8239b0cd3b7bed667f6a28ce,1.5700000524520874,1.4800657033920288,-0.0899343490600586,0.0899343490600586
1,165,10162b9c4f69dbe390d8d29e,1.4500000476837158,1.2554399967193604,-0.19456005096435547,0.19456005096435547
1,166,3122b0c1d0e75fa146019f57,1.4500000476837158,1.3267606496810913,-0.12323939800262451,0.12323939800262451
1,167,3169ccb2b142d8cf4999bad8,1.5399999618530273,1.845240831375122,0.3052408695220947,0.3052408695220947
1,168,63338bc150cafc39c938edf9,1.649999976158142,1.8123582601547241,0.16235828399658203,0.16235828399658203
1,169,6d4f2743e6316839b6d1a984,1.3899999856948853,1.3698095083236694,-0.02019047737121582,0.02019047737121582
1,170,e8842d624ebfa94fc446661f,1.350000023841858,1.6300396919250488,0.2800396680831909,0.2800396680831909
1,171,42440c6eb8745b9a6c628c38,1.409999966621399,1.6299494504928589,0.21994948387145996,0.21994948387145996
1,172,63da83bb663f93763ecb6c34,1.5800000429153442,1.815657615661621,0.23565757274627686,0.23565757274627686
1,173,532753c8765c896a23577bd2,1.5,1.4704173803329468,-0.029582619667053223,0.029582619667053223
1,174,ce6403d04d597ed8960b49f2,1.409999966621399,1.62172532081604,0.2117253541946411,0.2117253541946411
1,175,1c2068087379d692e942521f,1.3600000143051147,1.36671781539917,0.006717801094055176,0.006717801094055176
1,176,76fe5cc8373552f51c5fe4d0,1.690000057220459,1.6069846153259277,-0.08301544189453125,0.08301544189453125
1,177,873523e3eb120ab3daa20697,1.4199999570846558,1.6610902547836304,0.2410902976989746,0.2410902976989746
1,178,a58e16f4defe48f4e7346830,1.4700000286102295,1.3220471143722534,-0.14795291423797607,0.14795291423797607
1,179,6fa147504914896eb69289fe,1.600000023841858,1.3461462259292603,-0.25385379791259766,0.25385379791259766
1,180,b1966d7f557fa1886088f3c4,1.559999942779541,1.5822051763534546,0.022205233573913574,0.022205233573913574
1,181,4f4d3f3bc22663595435ebac,2.0169999599456787,1.5847429037094116,-0.4322570562362671,0.4322570562362671
1,182,3875797a00ce4f7f5d4012f3,1.2799999713897705,1.0779366493225098,-0.20206332206726074,0.20206332206726074
1,183,952c5c5283d6b590518e6dfe,1.4900000095367432,0.6469849348068237,-0.8430150747299194,0.8430150747299194
1,184,7e9a793f1fee7d879a1d0916,1.0199999809265137,0.5710539817810059,-0.4489459991455078,0.4489459991455078
1,185,76567ed2321ced7f78886968,0.9200000166893005,0.7748514413833618,-0.14514857530593872,0.14514857530593872
1,186,7f8543a3f7069ad7e1bb0554,1.2599999904632568,0.828183650970459,-0.43181633949279785,0.43181633949279785
1,187,956f0083dc4bf9e0f3adba80,0.7300000190734863,0.8170154094696045,0.08701539039611816,0.08701539039611816
1,188,6b31ec616e1ece0616faed78,2.3469998836517334,2.1214942932128906,-0.22550559043884277,0.22550559043884277
1,189,e211bc9b1c34ff7b3003ba06,2.3010001182556152,2.0230722427368164,-0.27792787551879883,0.27792787551879883
1,190,f1bfb65e29c351d4121f1b50,1.9930000305175781,2.0390779972076416,0.04607796669006348,0.04607796669006348
1,191,e67359573ad58216f5ac4c3e,3.9800000190734863,2.1483101844787598,-1.8316898345947266,1.8316898345947266
1,192,7fc53bceccb3bd0803bccce8,0.7599999904632568,0.7085198163986206,-0.05148017406463623,0.05148017406463623
1,193,09a4381831f0e48eb0a78cf5,0.9599999785423279,1.553030014038086,0.5930300354957581,0.5930300354957581
1,194,0ab723c5de3910f26d760c27,1.340000033378601,0.8633453845977783,-0.47665464878082275,0.47665464878082275
1,195,1b80dd9f007a0a113294545b,1.2300000190734863,2.160745143890381,0.9307451248168945,0.9307451248168945
1,196,be91c82457f445bd455c2a74,1.090000033378601,1.4329379796981812,0.3429379463195801,0.3429379463195801
1,197,e1198eaa2f644c51ff2b0a61,0.8999999761581421,3.1029510498046875,2.202950954437256,2.202950954437256
1,198,c81f2282bfa5af0f02c40977,0.9399999976158142,0.6005059480667114,-0.3394940495491028,0.3394940495491028
1,199,6b57d11ee049928ca6521288,1.0700000524520874,0.9139958620071411,-0.1560041904449463,0.1560041904449463
1,200,24f7f61f77b0725239105005,1.0499999523162842,0.906639814376831,-0.14336013793945312,0.14336013793945312
1,201,e9d9d68757a30a97564e352f,1.2999999523162842,1.1383286714553833,-0.16167128086090088,0.16167128086090088
1,202,60bcd7a9efc89be73729d21f,0.949999988079071,0.6852909326553345,-0.2647090554237366,0.2647090554237366
1,203,17372575d5943d126d8c119c,0.6399999856948853,1.528751015663147,0.8887510299682617,0.8887510299682617
1,204,f0ffeeb9278c32fb443767c9,0.7450000047683716,0.7739614248275757,0.0289614200592041,0.0289614200592041
1,205,3f35ba80b092ee2dad1b68fd,1.1200000047683716,1.2322328090667725,0.11223280429840088,0.11223280429840088
1,206,2b25d8dc966b985923866d62,0.6299999952316284,1.430038571357727,0.8000385761260986,0.8000385761260986
1,207,37a2c7cdbafe9e8494255ca8,0.5299999713897705,1.0629526376724243,0.5329526662826538,0.5329526662826538
1,208,73c76d1200b8dbeb796d7c99,2.6070001125335693,1.5796207189559937,-1.0273793935775757,1.0273793935775757
1,209,af21b073473ea8e296c02754,1.8650000095367432,1.6891478300094604,-0.17585217952728271,0.17585217952728271
1,210,df1ba575cba0f48f326205cc,2.3559999465942383,1.6186819076538086,-0.7373180389404297,0.7373180389404297
1,211,eef7a44723cd429d57bc6f44,0.8460000157356262,1.617129921913147,0.7711299061775208,0.7711299061775208
1,212,75bfad496d0d0480a40d2f56,1.0260000228881836,1.587364673614502,0.5613646507263184,0.5613646507263184
1,213,5172b1ddcb7dc459619ffe03,0.48899999260902405,1.4824132919311523,0.9934133291244507,0.9934133291244507
1,214,67e218f8fa4c4e2d117594dd,1.0199999809265137,1.3325995206832886,0.3125995397567749,0.3125995397567749
1,215,70ecb42c53562125778a923c,0.6899999976158142,1.0719836950302124,0.3819836974143982,0.3819836974143982
1,216,2c0580b7331094d9d22b6feb,1.1699999570846558,1.2221195697784424,0.05211961269378662,0.05211961269378662
1,217,20529dc9f883b7bcf070fd64,1.0199999809265137,1.7919098138809204,0.7719098329544067,0.7719098329544067
1,218,016f5c62b1366da1ce80e81f,0.8700000047683716,1.5665823221206665,0.6965823173522949,0.6965823173522949
1,219,59d3104d052f221cb2b6ff14,1.1299999952316284,0.9698278903961182,-0.16017210483551025,0.16017210483551025
1,220,ec665149d324a986afc91edf,1.0099999904632568,1.2845886945724487,0.2745887041091919,0.2745887041091919
1,221,90c5cc9caf29ccb936952f9a,0.949999988079071,1.2838895320892334,0.33388954401016235,0.33388954401016235
1,222,b5f2c6e05d291755bead1a5d,1.399999976158142,1.314972162246704,-0.08502781391143799,0.08502781391143799
1,223,13badc69b47be1415cd3932c,1.5399999618530273,1.130946397781372,-0.4090535640716553,0.4090535640716553
1,224,c6edc63049c69a8420652729,1.9170000553131104,2.138488531112671,0.22148847579956055,0.22148847579956055
1,225,b82086bf24beac4b70a06808,2.552000045776367,2.3108386993408203,-0.24116134643554688,0.24116134643554688
1,226,600c3f05e16a0749640ffd39,0.7609999775886536,0.7915139198303223,0.0305139422416687,0.0305139422416687
1,227,d0c198c35e93cf7a7eb40505,0.5540000200271606,0.5573761463165283,0.0033761262893676758,0.0033761262893676758
1,228,9c6e885c407482f9020244b2,0.25699999928474426,0.2258773148059845,-0.031122684478759766,0.031122684478759766
1,229,903b4c1d27c1eb4732cc7790,0.421999990940094,0.495764821767807,0.07376483082771301,0.07376483082771301
1,230,5a80fdd31f58953c9d70dd4f,0.6819999814033508,1.0209721326828003,0.33897215127944946,0.33897215127944946
1,231,8ce207da0f497781f1102a17,1.069000005722046,1.795946478843689,0.7269464731216431,0.7269464731216431
1,232,9132e554ab51faf244968a0c,0.453000009059906,1.6309396028518677,1.1779396533966064,1.1779396533966064
1,233,22ff932239f5788eba162ccc,0.6430000066757202,0.825606107711792,0.18260610103607178,0.18260610103607178
1,234,0f2cac2e5422e06b7ce5f40b,0.7889999747276306,1.044026494026184,0.25502651929855347,0.25502651929855347
1,235,5e07a420fbd8683599b1f70d,2.2730000019073486,2.3078126907348633,0.03481268882751465,0.03481268882751465
1,236,f63a1deff6ef98c41cd27558,2.5290000438690186,3.0917091369628906,0.5627090930938721,0.5627090930938721
1,237,badc3b03ff3783c146756b4f,3.0329999923706055,3.1967201232910156,0.16372013092041016,0.16372013092041016
1,238,7229c892e50099abc415f917,2.869999885559082,2.845623016357422,-0.024376869201660156,0.024376869201660156
1,239,4c6101bc92ceef74b0f25fdb,2.3259999752044678,2.297207832336426,-0.028792142868041992,0.028792142868041992
1,240,205b026c1e1fb75840c5fcaf,1.6950000524520874,1.7647501230239868,0.06975007057189941,0.06975007057189941
1,241,b6433d4c3f3051fce733e974,2.114000082015991,2.13712215423584,0.023122072219848633,0.023122072219848633
1,242,dc53de77b8e7c83626dcceb2,1.8040000200271606,3.315110921859741,1.5111109018325806,1.5111109018325806
1,243,9664d85534441e8259485567,1.0750000476837158,2.3420510292053223,1.2670509815216064,1.2670509815216064
1,244,67c5d19fa91d64335f062e63,2.8480000495910645,1.4874553680419922,-1.3605446815490723,1.3605446815490723
1,245,76ecc041cf6089db86fa472b,1.440000057220459,0.9173113107681274,-0.5226887464523315,0.5226887464523315
1,246,e3db2651f72d75bb1f8c4e1d,2.200000047683716,1.2604469060897827,-0.9395531415939331,0.9395531415939331
1,247,41b945a9ad1d7e0ec15d524e,1.190000057220459,1.4394609928131104,0.24946093559265137,0.24946093559265137
1,248,9294bde7218168d03c9b2248,1.7999999523162842,0.7765486240386963,-1.023451328277588,1.023451328277588
1,249,76b4c4b7d79021a75632a160,0.7300000190734863,1.5779961347579956,0.8479961156845093,0.8479961156845093
1,250,3ba4a353c6084253e15bca51,1.7999999523162842,1.8574837446212769,0.057483792304992676,0.057483792304992676
1,251,ce649d2c52bbdfac0d537207,2.180000066757202,1.9799071550369263,-0.20009291172027588,0.20009291172027588
1,252,a1327cac0c4c34748f7c4eaf,1.840000033378601,1.867021918296814,0.02702188491821289,0.02702188491821289
1,253,3213021eca70742a0cfdc1b8,2.059999942779541,1.9886256456375122,-0.07137429714202881,0.07137429714202881
1,254,e5f3e44d737546fef528bf54,1.9299999475479126,1.9159061908721924,-0.014093756675720215,0.014093756675720215
1,255,2c4890545e6ed54225130b52,2.4800000190734863,1.9632030725479126,-0.5167969465255737,0.5167969465255737
1,256,a8ceb874a09662c647137522,2.390000104904175,2.1668622493743896,-0.22313785552978516,0.22313785552978516
1,257,018f03a65f235b74e2e4f9b9,2.009999990463257,1.8922151327133179,-0.11778485774993896,0.11778485774993896
1,258,b0826f6f2d56ba621be3acc5,2.700000047683716,2.003756523132324,-0.6962435245513916,0.6962435245513916
1,259,2d49e70d9699d8672e8e0f0f,1.3079999685287476,1.7108889818191528,0.4028890132904053,0.4028890132904053
1,260,d785e4685e7c767d7d6c9a60,1.7640000581741333,2.678493022918701,0.9144929647445679,0.9144929647445679
1,261,d926f44a4a873fa80c74e3a5,2.4600000381469727,2.4671483039855957,0.007148265838623047,0.007148265838623047
1,262,63ee32b58245618178ff5da8,1.690000057220459,1.5543553829193115,-0.13564467430114746,0.13564467430114746
1,263,81985bd0bf11e6e20a2b8435,2.140000104904175,2.1776270866394043,0.03762698173522949,0.03762698173522949
1,264,ceccd55f99cc25bfb283fd6f,1.9199999570846558,1.610088586807251,-0.3099113702774048,0.3099113702774048
1,265,ab0c3733090bd301686d80fb,2.1600000858306885,1.768369436264038,-0.3916306495666504,0.3916306495666504
1,266,6fe9d0a7c34f038224bf5278,2.119999885559082,2.0415897369384766,-0.07841014862060547,0.07841014862060547
1,267,b24c7ed57cafb084045b0fdd,1.6799999475479126,2.199936628341675,0.5199366807937622,0.5199366807937622
1,268,2c0bac96d5e416ee658c88bb,2.049999952316284,2.4663467407226562,0.41634678840637207,0.41634678840637207
1,269,58b3eeb48f7689c6dca8af50,1.9800000190734863,2.078144073486328,0.0981440544128418,0.0981440544128418
1,270,9fc10bf428027453b3e0c443,1.9500000476837158,1.93303382396698,-0.01696622371673584,0.01696622371673584
1,271,3ae4a5434f20dd0f0162f583,0.30000001192092896,0.4736514389514923,0.17365142703056335,0.17365142703056335
1,272,c6f6c42708e0d49c1d41b519,0.4300000071525574,0.6789025068283081,0.24890249967575073,0.24890249967575073
1,273,5fbe649acc8bbc36fc227397,0.5199999809265137,0.36918073892593384,-0.15081924200057983,0.15081924200057983
1,274,94f4a66e8b6e0282620d546e,0.3199999928474426,0.9430495500564575,0.6230495572090149,0.6230495572090149
1,275,b9dde5250e75b6f700af4afe,2.6700000762939453,1.064081072807312,-1.6059190034866333,1.6059190034866333
1,276,16f9b865e896994db28ceab4,0.18000000715255737,0.500895619392395,0.32089561223983765,0.32089561223983765
1,277,6739edf0ff915141d65827b0,0.03999999910593033,0.34496304392814636,0.30496305227279663,0.30496305227279663
1,278,aea65234e4e69b264acda9ad,0.5,0.7104363441467285,0.21043634414672852,0.21043634414672852
1,279,5b83a41d61d7e710cedfcdd2,0.4000000059604645,0.44284453988075256,0.042844533920288086,0.042844533920288086
1,280,2fdc508971c298335817aab2,0.6600000262260437,0.953851580619812,0.2938515543937683,0.2938515543937683
1,281,4efb4522ea9fa66d3901e7aa,0.3700000047683716,0.8776156902313232,0.5076156854629517,0.5076156854629517
1,282,ab09420f9b26c048b7364091,1.2100000381469727,0.9508165121078491,-0.25918352603912354,0.25918352603912354
1,283,ab0c9587dc6ebc032f1a11fc,1.809999942779541,2.3896217346191406,0.5796217918395996,0.5796217918395996
1,284,5e27e06b6c79fcba4656bc94,1.440000057220459,2.083909034729004,0.6439089775085449,0.6439089775085449
1,285,949ed0243993c481769f0488,2.049999952316284,1.904338002204895,-0.14566195011138916,0.14566195011138916
1,286,82025884a493d12059777539,3.200000047683716,1.9477916955947876,-1.2522083520889282,1.2522083520889282
1,287,f11198854dcf3eb87b5446fe,2.509999990463257,1.824009895324707,-0.6859900951385498,0.6859900951385498
1,288,37ab20fb2b4d502dbdc8922a,1.8799999952316284,1.9263721704483032,0.046372175216674805,0.046372175216674805
1,289,50c4629535d35b6301702692,1.7599999904632568,1.9486805200576782,0.1886805295944214,0.1886805295944214
1,290,f886ebf49e2c7f9dd7ab440d,1.7699999809265137,1.6604112386703491,-0.10958874225616455,0.10958874225616455
1,291,3c3e049ac47f0ce3863f02bd,2.5999999046325684,1.6743336915969849,-0.9256662130355835,0.9256662130355835
1,292,1c74d16dcd60e4ac77ecfc5f,1.940000057220459,1.714985728263855,-0.225014328956604,0.225014328956604
1,293,c7d27be149e8e6fb26cf6225,1.7899999618530273,1.7541779279708862,-0.03582203388214111,0.03582203388214111
1,294,457724b1118c0132f1fc01b9,2.369999885559082,2.068296432495117,-0.30170345306396484,0.30170345306396484
1,295,150355f624b4aa33aed274c4,1.6399999856948853,1.6938319206237793,0.05383193492889404,0.05383193492889404
1,296,b127c9351a7537e556a28718,1.590000033378601,2.026111602783203,0.43611156940460205,0.43611156940460205
1,297,b19e2b42485353355b708fde,1.5800000429153442,1.8434114456176758,0.26341140270233154,0.26341140270233154
1,298,6c5463ff289ef7b02e75468d,1.8200000524520874,1.8892182111740112,0.06921815872192383,0.06921815872192383
1,299,bd5fcaed4042655dc343d72c,1.6200000047683716,2.163911819458008,0.5439118146896362,0.5439118146896362
1,300,d572603f19e3e8a3287bcb88,1.690000057220459,2.0158114433288574,0.32581138610839844,0.32581138610839844
1,301,561cbff5f8fbdc834c50f88f,2.740000009536743,2.4037015438079834,-0.33629846572875977,0.33629846572875977
1,302,302cbdc27f5716c868a2f66c,2.259999990463257,1.8696106672286987,-0.3903893232345581,0.3903893232345581
1,303,3b9070349dafeb9947dd389a,1.6699999570846558,2.089827060699463,0.41982710361480713,0.41982710361480713
1,304,844373f4664d51e413be5735,1.2599999904632568,1.2831319570541382,0.023131966590881348,0.023131966590881348
1,305,8078c0f043a258654bc68200,1.2799999713897705,1.0778480768203735,-0.20215189456939697,0.20215189456939697
1,306,d1dafa9675426fa1763e1a10,1.1799999475479126,1.2823933362960815,0.10239338874816895,0.10239338874816895
1,307,72cce9e3153a0f2dff9ea244,2.6500000953674316,2.2414612770080566,-0.408538818359375,0.408538818359375
1,308,41d11388571789019bee8dfc,2.3499999046325684,2.5065698623657227,0.1565699577331543,0.1565699577331543
1,309,64ed27048aa93211b1f2bf8b,2.5,2.3445656299591064,-0.15543437004089355,0.15543437004089355
1,310,0e637fe73dd48a989a153c4f,2.3499999046325684,2.135753870010376,-0.21424603462219238,0.21424603462219238
1,311,baaaa16240bc535f0e6c86b5,2.690000057220459,2.563941478729248,-0.12605857849121094,0.12605857849121094
1,312,c72301757c21bdb75f955df6,2.049999952316284,2.1347768306732178,0.0847768783569336,0.0847768783569336
1,313,6a9ed88bf189bb41ff1ca267,2.319999933242798,2.08996844291687,-0.23003149032592773,0.23003149032592773
1,314,c2308fe0436c469f54cdf8ec,2.490000009536743,2.3728132247924805,-0.1171867847442627,0.1171867847442627
1,315,53d1574fd8cec2fd5bd4444f,1.809999942779541,1.6682432889938354,-0.14175665378570557,0.14175665378570557
1,316,284aa38ec2e8e77038b196a6,0.800000011920929,0.6646562814712524,-0.1353437304496765,0.1353437304496765
1,317,b9be037030be96d9afe39357,0.7400000095367432,1.3516980409622192,0.6116980314254761,0.6116980314254761
1,318,af6ed4c7cf208af3291d36be,1.0299999713897705,1.1642061471939087,0.13420617580413818,0.13420617580413818
1,319,3ff3749cbcc9beea52eedf5f,0.3700000047683716,1.1655120849609375,0.7955120801925659,0.7955120801925659
1,320,459355539f929ff3091dd1aa,0.550000011920929,0.8339411020278931,0.2839410901069641,0.2839410901069641
1,321,6f2eeda0095495789e891e95,0.9300000071525574,1.454184651374817,0.5241846442222595,0.5241846442222595
1,322,2417497795c3cefc5241762a,0.7400000095367432,1.0290478467941284,0.28904783725738525,0.28904783725738525
1,323,c347cd3b5911279e74294d79,1.0099999904632568,0.8835312128067017,-0.12646877765655518,0.12646877765655518
1,324,9d77da9f9a2ddfd5f6f78108,1.309999942779541,1.1484888792037964,-0.16151106357574463,0.16151106357574463
1,325,71467b5ef687f6d5bfdecf87,0.7099999785423279,0.7182562351226807,0.008256256580352783,0.008256256580352783
1,326,8091cda2d8ab6105b9a9c322,0.6399999856948853,1.2671945095062256,0.6271945238113403,0.6271945238113403
1,327,918131b4a645982075c1a2c7,1.5,1.5519996881484985,0.051999688148498535,0.051999688148498535
1,328,2dda5a4f983ea52a23ec9579,1.2699999809265137,1.0248676538467407,-0.24513232707977295,0.24513232707977295
1,329,e262e3e88ec6ec3bcbb017c2,0.44999998807907104,1.446730136871338,0.9967301487922668,0.9967301487922668
1,330,6b736e65d6179cb5020395fb,0.6600000262260437,1.1708098649978638,0.5108098387718201,0.5108098387718201
1,331,df0c94353e360076fabef691,1.2599999904632568,1.318186640739441,0.05818665027618408,0.05818665027618408
1,332,e402205f77aa99e3db7e95fa,1.309999942779541,1.392334222793579,0.08233428001403809,0.08233428001403809
1,333,3c077014ab3be06d6a174165,1.590000033378601,1.4201363325119019,-0.16986370086669922,0.16986370086669922
1,334,e77d5350ff84fb0cfa8161f0,2.4000000953674316,1.636997103691101,-0.7630029916763306,0.7630029916763306
1,335,9d01a71d205f48197fe3fca0,0.8700000047683716,1.7425786256790161,0.8725786209106445,0.8725786209106445
1,336,b9a0fa966558420fdbb039d1,0.9100000262260437,1.2351480722427368,0.3251480460166931,0.3251480460166931
1,337,84d7e79e31b043f2894a4a2d,1.2899999618530273,1.7371766567230225,0.4471766948699951,0.4471766948699951
1,338,916f06d19314206ef4185111,1.100000023841858,1.0890368223190308,-0.010963201522827148,0.010963201522827148
1,339,7b53706ac9dcada83e51496c,0.8999999761581421,1.451985239982605,0.5519852638244629,0.5519852638244629
1,340,a4698882a6285f9f4d2a096f,0.9399999976158142,1.3865454196929932,0.44654542207717896,0.44654542207717896
1,341,c6b11409bb261cbe62b093dd,1.0099999904632568,1.0992575883865356,0.08925759792327881,0.08925759792327881
1,342,2b2d0d606ba98abb0654b1c7,1.6699999570846558,1.2133780717849731,-0.4566218852996826,0.4566218852996826
1,343,5d94f9ee6782080c458ede1b,2.940000057220459,2.3105878829956055,-0.6294121742248535,0.6294121742248535
1,344,9939de8a70dde26dc8b29561,0.49000000953674316,0.986892819404602,0.4968928098678589,0.4968928098678589
1,345,6d7d2ed53faec8aff8df72a3,1.5499999523162842,1.7666248083114624,0.21662485599517822,0.21662485599517822
1,346,cba9ad714e6104462c63ffea,0.9599999785423279,0.8016217947006226,-0.15837818384170532,0.15837818384170532
1,347,adefb544732cfe6b4648909e,1.1200000047683716,1.4779951572418213,0.3579951524734497,0.3579951524734497
1,348,a6949c5425884182d12dd447,1.25,1.1144403219223022,-0.13555967807769775,0.13555967807769775
1,349,f46812565dabe3aca9710f2d,0.6200000047683716,1.1112524271011353,0.49125242233276367,0.49125242233276367
1,350,950fd0552dfa7285f83db815,1.0499999523162842,1.0842584371566772,0.034258484840393066,0.034258484840393066
1,351,e527c3428d1e6d76a6968e2a,0.3400000035762787,1.127557635307312,0.7875576019287109,0.7875576019287109
1,352,4a87dccd2d7919cb29e443a4,1.9600000381469727,1.6220535039901733,-0.3379465341567993,0.3379465341567993
1,353,5a64e732a524f861fdb727e4,2.490000009536743,0.9977892637252808,-1.4922107458114624,1.4922107458114624
1,354,2786cdf107f73b0f7fbc2025,0.7200000286102295,1.1404718160629272,0.42047178745269775,0.42047178745269775
1,355,53c9180eb6fdd6669482bac4,0.699999988079071,0.8800002336502075,0.18000024557113647,0.18000024557113647
1,356,26ff8afed61d179225e2ede9,2.4600000381469727,1.3639423847198486,-1.096057653427124,1.096057653427124
1,357,cd0f981870309b7bb0ad0604,0.8299999833106995,1.1080751419067383,0.2780751585960388,0.2780751585960388
1,358,b16703b888922a66686c88a3,1.1799999475479126,1.2014268636703491,0.021426916122436523,0.021426916122436523
1,359,03b0fcae8ab11720aea6b7a5,1.2000000476837158,1.1470383405685425,-0.05296170711517334,0.05296170711517334
1,360,46fdd5029f7a457157cf66a7,0.699999988079071,0.8676896095275879,0.16768962144851685,0.16768962144851685
1,361,948437a217c45c46903da2e1,0.9300000071525574,1.0512137413024902,0.12121373414993286,0.12121373414993286
1,362,e78487aa4f9c03e79e7cdf06,0.6499999761581421,0.88856041431427,0.23856043815612793,0.23856043815612793
1,363,363168a8c6c22581a0eccbbf,0.9300000071525574,1.754198670387268,0.8241986632347107,0.8241986632347107
1,364,3bee5471b7613973839e16df,0.8399999737739563,1.420756220817566,0.5807562470436096,0.5807562470436096
1,365,6e5ca8c9e65e11e4fbe6adba,0.6800000071525574,1.1326700448989868,0.45267003774642944,0.45267003774642944
1,366,54e56d2ed4515c028ac0d7bf,1.3300000429153442,1.2084747552871704,-0.12152528762817383,0.12152528762817383
1,367,d7491d9ac1dd4eec97f6504b,1.1100000143051147,1.1056673526763916,-0.0043326616287231445,0.0043326616287231445
1,368,c99643f8c9b7c2cffd0ef490,0.5199999809265137,1.0456823110580444,0.5256823301315308,0.5256823301315308
1,369,6a969def241a28e5d3227061,1.1799999475479126,1.2028447389602661,0.022844791412353516,0.022844791412353516
1,370,618d996d65c918baebf0d04d,1.8300000429153442,1.0357342958450317,-0.7942657470703125,0.7942657470703125
1,371,3cdb099e4c17f8a2bde1cf6b,1.2400000095367432,1.125620722770691,-0.11437928676605225,0.11437928676605225
1,372,e26d1dd6c7c2ec8d5f64ddad,0.8299999833106995,0.9009124040603638,0.0709124207496643,0.0709124207496643
1,373,12d27d1a95b0aac36d78ea57,2.759999990463257,3.6225037574768066,0.8625037670135498,0.8625037670135498
1,374,9082e391fed1965f10ea8e4d,3.8299999237060547,3.606483221054077,-0.22351670265197754,0.22351670265197754
1,375,24cd71b2a35231e346942fb2,3.7100000381469727,3.69535493850708,-0.014645099639892578,0.014645099639892578
1,376,a22ca384bf824c72983ecb00,3.5399999618530273,3.524062395095825,-0.01593756675720215,0.01593756675720215
1,377,cf063952b288b69843eb8afe,3.309999942779541,3.2490947246551514,-0.06090521812438965,0.06090521812438965
1,378,445c8ebf3a4fd702f60ce7e7,4.199999809265137,4.121727466583252,-0.07827234268188477,0.07827234268188477
1,379,4ca2f8ac067be56d4ac04fa0,0.029999999329447746,0.7840443849563599,0.7540444135665894,0.7540444135665894
1,380,129616ed77daf0b033ae6c47,0.019999999552965164,0.6025561094284058,0.5825561285018921,0.5825561285018921
1,381,e39c14046b71e473eac760ae,0.20000000298023224,0.518020749092102,0.318020761013031,0.318020761013031
1,382,e89388d76d5841a78d15c7d9,0.38999998569488525,0.6831443309783936,0.2931443452835083,0.2931443452835083
1,383,cf0a9eadd999194c4baa7029,0.5299999713897705,0.5853608846664429,0.05536091327667236,0.05536091327667236
1,384,5f3926cddff8249e97b1f3ce,1.0399999618530273,0.6619940996170044,-0.37800586223602295,0.37800586223602295
1,385,a5023c7c24c5e2509c403fed,0.9100000262260437,0.27031591534614563,-0.6396840810775757,0.6396840810775757
1,386,e7f0779f6fc7c343fcb2246a,0.18000000715255737,0.8885824680328369,0.7085824608802795,0.7085824608802795
1,387,a0cc9ef30cfb17a6e3e8ec5e,2.5999999046325684,1.9207478761672974,-0.679252028465271,0.679252028465271
1,388,621c2eb8e74c8155e5a708d1,2.069999933242798,1.8209550380706787,-0.24904489517211914,0.24904489517211914
1,389,acc3596701504da3740aef55,2.450000047683716,2.2400741577148438,-0.20992588996887207,0.20992588996887207
1,390,424fb8de9f78cb5d5a14bf45,2.0299999713897705,1.916468858718872,-0.11353111267089844,0.11353111267089844
1,391,66676a20828c01536d7f3709,2.2699999809265137,2.281352996826172,0.011353015899658203,0.011353015899658203
1,392,6bcc43c659d30be7dfb0fd40,0.9900000095367432,0.9606075286865234,-0.029392480850219727,0.029392480850219727
1,393,7a0f63e253af2eaab1aae0e6,0.7699999809265137,1.40223228931427,0.6322323083877563,0.6322323083877563
1,394,a791c241d81c89f23f06e377,0.9900000095367432,0.7752728462219238,-0.21472716331481934,0.21472716331481934
1,395,93c7e4934b4a30d3141b49b8,1.899999976158142,1.3261431455612183,-0.5738568305969238,0.5738568305969238
1,396,5245d7ee467c6fc897f925aa,0.7599999904632568,1.6301615238189697,0.8701615333557129,0.8701615333557129
1,397,27d17e1c620fa72e0d7c3db0,0.9300000071525574,0.9247645139694214,-0.005235493183135986,0.005235493183135986
1,398,1800d2dba69850c84279917e,1.1799999475479126,1.1137192249298096,-0.06628072261810303,0.06628072261810303
1,399,f48a0ed5799275a3735c2352,2.0,2.027841567993164,0.027841567993164062,0.027841567993164062
1,400,7c2cf553d92eb31b0cbe17ba,2.1600000858306885,2.136782646179199,-0.023217439651489258,0.023217439651489258
1,401,36aa86362269d01cf21f4cfd,2.359999895095825,2.4022834300994873,0.04228353500366211,0.04228353500366211
1,402,e9b3254880baea94051e838c,2.180000066757202,2.6534423828125,0.47344231605529785,0.47344231605529785
1,403,663103f47a9fe056a81f0518,2.3299999237060547,2.3637101650238037,0.03371024131774902,0.03371024131774902
1,404,70b5419f1b9e85a62c506ed8,2.0199999809265137,2.383385181427002,0.3633852005004883,0.3633852005004883
1,405,2f3238d6a3fd0f68866edf9b,2.130000114440918,2.3277645111083984,0.19776439666748047,0.19776439666748047
1,406,590dfb220a9338e4995170b5,2.0999999046325684,2.1414103507995605,0.04141044616699219,0.04141044616699219
1,407,cbe3d3ee8caab72e3ef72101,2.880000114440918,2.5216238498687744,-0.35837626457214355,0.35837626457214355
1,408,8466d1b3c2c1bbfdb2fcbc56,2.0299999713897705,2.3321609497070312,0.30216097831726074,0.30216097831726074
1,409,2b9e7023cf8fd98402c7b0fa,2.0399999618530273,2.1487016677856445,0.10870170593261719,0.10870170593261719
1,410,0b0a7d980c256f93175f304a,2.2699999809265137,2.2843728065490723,0.014372825622558594,0.014372825622558594
1,411,5e77f1605961f888eab1fb31,1.4299999475479126,1.4052135944366455,-0.02478635311126709,0.02478635311126709
1,412,0dc99d840a7804f385a402b2,0.11999999731779099,0.9168680906295776,0.796868085861206,0.796868085861206
1,413,ec55bfc52b9847f9cce81b95,0.12999999523162842,0.5843919515609741,0.4543919563293457,0.4543919563293457
1,414,0621b31ee4f8f2a686888e4c,0.5600000023841858,0.975811243057251,0.4158112406730652,0.4158112406730652
1,415,edd220ece951ab1bf9e4999d,1.1399999856948853,1.457120656967163,0.31712067127227783,0.31712067127227783
1,416,5b584bc33f8b66f714f130ca,0.25999999046325684,0.6463075876235962,0.38630759716033936,0.38630759716033936
1,417,7b2c624201a93f3732138882,2.0,2.0603129863739014,0.06031298637390137,0.06031298637390137
1,418,5e7a435d7dce6b99e7a8fd27,0.10199999809265137,0.36487916111946106,0.2628791630268097,0.2628791630268097
1,419,2af8351a712efd01b0cc6319,0.6779999732971191,0.7657793760299683,0.08777940273284912,0.08777940273284912
1,420,df2564d764ba5468b2a99fd6,1.2289999723434448,1.2719467878341675,0.042946815490722656,0.042946815490722656
1,421,25e8188fa9b648e9829efe0e,0.39800000190734863,0.49129316210746765,0.09329316020011902,0.09329316020011902
1,422,a1c5a146a677263b65af43af,2.194000005722046,2.1604762077331543,-0.0335237979888916,0.0335237979888916
1,423,ccd4e1c2cd1a3f4ed5d370c9,0.8240000009536743,0.8670992851257324,0.043099284172058105,0.043099284172058105
1,424,2a91e7b1c3a1cfcd4ad84acd,0.07599999755620956,0.37102290987968445,0.2950229048728943,0.2950229048728943
1,425,13e143495cfb2e67a23d1802,0.7200000286102295,1.553076148033142,0.8330761194229126,0.8330761194229126
1,426,709f73b8750281d5e3fb7ad3,1.2899999618530273,1.647111415863037,0.35711145401000977,0.35711145401000977
1,427,386f2a700d440780ec239340,1.0700000524520874,1.2775356769561768,0.20753562450408936,0.20753562450408936
1,428,2bbe52b766d66c3050e1ae65,1.0,1.4012044668197632,0.4012044668197632,0.4012044668197632
1,429,3992a238a6b0ebd74f47c790,2.119999885559082,1.5995961427688599,-0.5204037427902222,0.5204037427902222
1,430,74dfa029f0b5d1e79a19e22d,0.75,1.0345547199249268,0.28455471992492676,0.28455471992492676
1,431,adab8d581a27224bf31db0a0,1.940000057220459,1.470977544784546,-0.4690225124359131,0.4690225124359131
1,432,cceca00cafce7469c14c382a,1.559999942779541,1.862847089767456,0.30284714698791504,0.30284714698791504
1,433,30a8e01d269f618578167481,1.5099999904632568,1.8664906024932861,0.3564906120300293,0.3564906120300293
1,434,86c766a697c2adfaf38b46e1,1.399999976158142,1.2304413318634033,-0.16955864429473877,0.16955864429473877
1,435,2fccfba582967f80efdeccd5,1.0299999713897705,1.4919742345809937,0.46197426319122314,0.46197426319122314
1,436,ec6bee65829f4ce40a5ef983,1.4700000286102295,1.6222410202026367,0.15224099159240723,0.15224099159240723
1,437,4ba990bf79f0551fe752d852,3.1760001182556152,2.9176580905914307,-0.25834202766418457,0.25834202766418457
1,438,6009874c39ae523064e94bc7,3.3010001182556152,3.189100742340088,-0.11189937591552734,0.11189937591552734
1,439,e6ed7c0c989fcaa59b8c0cb1,3.184999942779541,2.834035873413086,-0.3509640693664551,0.3509640693664551
1,440,cb003efff40c8e85e4aaca63,2.052000045776367,2.6339809894561768,0.5819809436798096,0.5819809436798096
1,441,0cb8c23f0a46176335d103b3,1.7359999418258667,2.5878777503967285,0.8518778085708618,0.8518778085708618
1,442,f113695936404532769884dc,2.316999912261963,2.072065830230713,-0.24493408203125,0.24493408203125
1,443,413f3357ee099c52020023ab,1.3700000047683716,1.338668942451477,-0.03133106231689453,0.03133106231689453
1,444,42aecd0e823d0bea1feb7783,0.6039999723434448,2.606473445892334,2.0024733543395996,2.0024733543395996
1,445,40916dea7b406ebeb6edb2c0,0.18199999630451202,2.3968725204467773,2.2148725986480713,2.2148725986480713
1,446,ea5b924ac7b82ecdeb14bf79,1.3899999856948853,1.6138097047805786,0.22380971908569336,0.22380971908569336
1,447,c0885112daeb664647ed6234,1.7100000381469727,1.7396043539047241,0.029604315757751465,0.029604315757751465
1,448,d4c09cc1bc0f3b139e436320,1.8600000143051147,1.41382896900177,-0.4461710453033447,0.4461710453033447
1,449,2688cc818e1c77b2c98034c7,2.130000114440918,1.4072903394699097,-0.7227097749710083,0.7227097749710083
1,450,5fd982af10da65b9bca09f8d,1.909999966621399,1.7948155403137207,-0.11518442630767822,0.11518442630767822
1,451,b61358b3ffc2f5218fca4f47,1.2300000190734863,1.822464108467102,0.5924640893936157,0.5924640893936157
1,452,3a8003a5d0be625c29021230,1.7400000095367432,1.7529139518737793,0.012913942337036133,0.012913942337036133
1,453,4d06b5d27511df8d6e005811,1.7200000286102295,1.5383473634719849,-0.18165266513824463,0.18165266513824463
1,454,1a76cd9341440d867987314d,1.6299999952316284,1.774346947669983,0.1443469524383545,0.1443469524383545
1,455,bda7595177ba149c95574704,1.5499999523162842,1.3775070905685425,-0.1724928617477417,0.1724928617477417
1,456,f7581841c95d371a15d1e9f1,1.5199999809265137,1.4803732633590698,-0.03962671756744385,0.03962671756744385
1,457,ebb88ad95a7f746f96408d22,2.2300000190734863,1.9482060670852661,-0.2817939519882202,0.2817939519882202
1,458,171e747e77ff9709f4df0098,0.9300000071525574,1.622868537902832,0.6928685307502747,0.6928685307502747
1,459,233cd420b85c6ded337e8f5c,1.149999976158142,1.3196890354156494,0.16968905925750732,0.16968905925750732
1,460,65e46ed5fe5f520e8c8b8440,1.6100000143051147,1.5831197500228882,-0.026880264282226562,0.026880264282226562
1,461,830bf5c215d08db99767bb6b,1.559999942779541,1.7552043199539185,0.19520437717437744,0.19520437717437744
1,462,63500d4f5ccd21ea7b9ea4ff,2.0399999618530273,1.5984680652618408,-0.4415318965911865,0.4415318965911865
1,463,70288389b04e28884534e721,1.3799999952316284,1.8447000980377197,0.4647001028060913,0.4647001028060913
1,464,17029c89e8c6a32927698aa3,1.4500000476837158,1.6030651330947876,0.15306508541107178,0.15306508541107178
1,465,3e3c285c88c8412e80827740,2.380000114440918,1.2142255306243896,-1.1657745838165283,1.1657745838165283
1,466,2b2cfc6103a87dc2b1f1fff6,1.2999999523162842,1.373722791671753,0.07372283935546875,0.07372283935546875
1,467,b0c466a90b1ccbc1668d39d2,0.44999998807907104,1.269546389579773,0.8195464015007019,0.8195464015007019
1,468,b74422866c3d0873f2901cac,1.2000000476837158,0.7778109312057495,-0.4221891164779663,0.4221891164779663
1,469,5ac37351d36d2e9b2e4d8f03,0.4399999976158142,1.0713444948196411,0.6313444972038269,0.6313444972038269
1,470,2478ece84d54e65f9e05e646,0.30000001192092896,1.3300172090530396,1.0300171375274658,1.0300171375274658
1,471,8c8f8f280d241bb0150dc61d,1.1699999570846558,1.9037173986434937,0.7337174415588379,0.7337174415588379
1,472,873f435b2842f113a25ffa75,1.059999942779541,1.1128298044204712,0.052829861640930176,0.052829861640930176
1,473,c9d9721034469223fcb3d599,0.7099999785423279,0.9892556667327881,0.2792556881904602,0.2792556881904602
1,474,9ddb95d0a4b13938d196a270,0.9900000095367432,1.225805640220642,0.23580563068389893,0.23580563068389893
1,475,1e5d968e5be2acede6f50239,0.3100000023841858,1.31257164478302,1.0025715827941895,1.0025715827941895
1,476,8c638704aa169a824edcd3af,1.090000033378601,1.2244540452957153,0.13445401191711426,0.13445401191711426
1,477,7e62c44ca2807f5e0f8c389e,0.25999999046325684,1.2098126411437988,0.949812650680542,0.949812650680542
1,478,e614d0f1baa192675438aa50,0.6700000166893005,1.045202374458313,0.37520235776901245,0.37520235776901245
1,479,8e27ac9f7a9c0ee11d9bb7f4,0.46000000834465027,1.1204235553741455,0.6604235172271729,0.6604235172271729
1,480,f4ec14978ebc339fbf604a7c,1.1200000047683716,1.1581145524978638,0.03811454772949219,0.03811454772949219
1,481,2344b6800122cc7951e21569,1.149999976158142,1.309587836265564,0.15958786010742188,0.15958786010742188
1,482,6cb73a977dd3d11c75409417,1.6399999856948853,1.8746345043182373,0.23463451862335205,0.23463451862335205
1,483,ece1225626faed221ae5e1d6,1.4700000286102295,1.9871622323989868,0.5171622037887573,0.5171622037887573
1,484,64d38fc054d681b29ee8e945,1.5299999713897705,1.626064419746399,0.09606444835662842,0.09606444835662842
1,485,3fdd6da10cdfc74595ecd526,1.5399999618530273,1.906097173690796,0.36609721183776855,0.36609721183776855
1,486,bf1cb5ca4e9d045cbb2a1c0a,1.4500000476837158,1.5771938562393188,0.12719380855560303,0.12719380855560303
1,487,633993f7892ff92272641f8f,1.4299999475479126,1.5093191862106323,0.07931923866271973,0.07931923866271973
1,488,1ab0198418b9faa07c07a16b,1.850000023841858,1.992169976234436,0.14216995239257812,0.14216995239257812
1,489,bc5c79d5ff8b0eed04b36ec9,1.600000023841858,1.7358053922653198,0.13580536842346191,0.13580536842346191
1,490,71395a99262d9d23210d3092,1.6699999570846558,1.7741023302078247,0.10410237312316895,0.10410237312316895
1,491,e2f14347a07a91ac1947b701,1.6100000143051147,1.97671377658844,0.3667137622833252,0.3667137622833252
1,492,dd23dcdc500c7e03e836fb54,1.6699999570846558,1.5027121305465698,-0.16728782653808594,0.16728782653808594
1,493,49f6881a6c83e8695aaa09da,1.909000039100647,1.8130394220352173,-0.09596061706542969,0.09596061706542969
1,494,757f0e6944054f79ef6ae332,1.5420000553131104,1.1484285593032837,-0.39357149600982666,0.39357149600982666
1,495,98def978dbbf506f59ebba78,1.215000033378601,1.3173893690109253,0.10238933563232422,0.10238933563232422
1,496,25de13301f97e1c4bbe97b67,2.194000005722046,2.012279510498047,-0.18172049522399902,0.18172049522399902
1,497,46cd486447305e5c0b4ccefb,1.3259999752044678,1.4835635423660278,0.15756356716156006,0.15756356716156006
1,498,6a268dcafdb2e79d0aa4a34c,2.0490000247955322,1.9502755403518677,-0.09872448444366455,0.09872448444366455
1,499,c4ee3997c9e237d2327b1b03,2.380000114440918,3.6791164875030518,1.2991163730621338,1.2991163730621338
1,500,ed3c03eb721d398e55f43e18,2.3299999237060547,4.513652324676514,2.183652400970459,2.183652400970459
1,501,04b3c9480d2ebeb0c0ad06a1,3.319999933242798,3.0926923751831055,-0.22730755805969238,0.22730755805969238
1,502,0e1d0c1cb218347fb513b6c8,4.179999828338623,4.387340068817139,0.20734024047851562,0.20734024047851562
1,503,5fd61fa63160d101cc1faf3a,3.0999999046325684,4.4798712730407715,1.3798713684082031,1.3798713684082031
1,504,6a94eb7a6002319c8718efd7,2.450000047683716,2.629983901977539,0.17998385429382324,0.17998385429382324
1,505,3d19ea5f15501be8d4b6e6b5,2.0799999237060547,2.6026077270507812,0.5226078033447266,0.5226078033447266
1,506,60c61f21725e29374a095f05,3.4700000286102295,3.8139708042144775,0.34397077560424805,0.34397077560424805
1,507,dca6b4a94a06b25be2c9351f,2.509999990463257,3.111764907836914,0.6017649173736572,0.6017649173736572
1,508,fc5434e8b5f32bc32069f945,3.509999990463257,2.8822786808013916,-0.6277213096618652,0.6277213096618652
1,509,8b0be8ae1c1d564494090929,4.0,4.5689377784729,0.5689377784729004,0.5689377784729004
1,510,47f4b27e0d8ac300a56e4faa,2.5,2.3690831661224365,-0.13091683387756348,0.13091683387756348
1,511,ab51acabf1b40b20fd2382fc,3.0,2.7221693992614746,-0.2778306007385254,0.2778306007385254
1,512,9baf3bb3b019964e6d80a7f4,4.360000133514404,3.6334333419799805,-0.7265667915344238,0.7265667915344238
1,513,4355bbb77760d187b3c28b86,3.109999895095825,3.2585344314575195,0.14853453636169434,0.14853453636169434
1,514,b722d0c7e1235d378309602e,4.849999904632568,3.5761606693267822,-1.2738392353057861,1.2738392353057861
1,515,09928ea9d15e738fd5a5597d,2.6500000953674316,3.021271228790283,0.37127113342285156,0.37127113342285156
1,516,0e5d20633c6a6274acee61e8,1.6299999952316284,2.182785987854004,0.5527859926223755,0.5527859926223755
1,517,8ee1c4c07bab5c8436c15b6e,3.2679998874664307,3.0654916763305664,-0.20250821113586426,0.20250821113586426
1,518,9b8e81ed47f63907a368f00d,3.1740000247955322,3.353381395339966,0.1793813705444336,0.1793813705444336
1,519,b12c2bd476f2d02c4a1d378b,2.8540000915527344,3.0552420616149902,0.20124197006225586,0.20124197006225586
1,520,b46c770c7944704f772fbdff,4.11899995803833,4.142069339752197,0.023069381713867188,0.023069381713867188
1,521,e902ce1a433a3c9060c6d586,3.5850000381469727,4.393322467803955,0.8083224296569824,0.8083224296569824
1,522,d76f2e10a2de91d1f7a9e54d,4.538000106811523,4.543132305145264,0.005132198333740234,0.005132198333740234
1,523,109f30200cc207b29ab726c0,4.552999973297119,4.54083776473999,-0.012162208557128906,0.012162208557128906
1,524,b978a3f0d212f039b46e8a8c,4.568999767303467,4.691112041473389,0.12211227416992188,0.12211227416992188
1,525,2d372024956e2b057f67845c,4.796000003814697,3.9570231437683105,-0.8389768600463867,0.8389768600463867
1,526,bb47ce8d8b3225973be71b3c,0.9210000038146973,1.828768014907837,0.9077680110931396,0.9077680110931396
1,527,5911b5debd9d43702ecc1e9d,0.8220000267028809,4.02631950378418,3.204319477081299,3.204319477081299
1,528,d9fc6c31a90dd46c99eb09d9,1.4149999618530273,2.313436985015869,0.8984370231628418,0.8984370231628418
1,529,f6968495e86c272a3756df4c,3.697000026702881,4.124964237213135,0.4279642105102539,0.4279642105102539
1,530,1866b408e9920de00bf763f0,4.534999847412109,4.157507419586182,-0.37749242782592773,0.37749242782592773
1,531,270e727c2528a38d3114d872,3.246000051498413,2.8051748275756836,-0.4408252239227295,0.4408252239227295
1,532,00cf487e0a13f39606cf84c0,3.368000030517578,4.314233303070068,0.9462332725524902,0.9462332725524902
1,533,bc919dfae90510cc07de5cd5,4.288000106811523,4.257773399353027,-0.030226707458496094,0.030226707458496094
1,534,c099d58388a9fb0dff85f25b,1.2920000553131104,1.2964849472045898,0.004484891891479492,0.004484891891479492
1,535,da790f19dbdf3dd6bce19c96,0.8539999723434448,0.5441535711288452,-0.3098464012145996,0.3098464012145996
1,536,c7b67bbcac7ff9b66428b11f,1.6990000009536743,1.4324697256088257,-0.26653027534484863,0.26653027534484863
1,537,9e89c3617a1a9cdd917a321c,1.3869999647140503,0.9529091119766235,-0.43409085273742676,0.43409085273742676
1,538,1839ecf2903f428bb8928c78,2.125,2.3759360313415527,0.25093603134155273,0.25093603134155273
1,539,66bdb8a3c5c0d6eab5aa4d14,2.1019999980926514,0.36487919092178345,-1.7371208667755127,1.7371208667755127
1,540,0a8c0489ce3e6bc3f6edf810,2.0759999752044678,2.234457492828369,0.15845751762390137,0.15845751762390137
1,541,ecae9a2685303bb7ea003286,2.7699999809265137,2.227783679962158,-0.5422163009643555,0.5422163009643555
1,542,cd30677c6118427c5bffd489,0.367000013589859,0.8588088750839233,0.49180886149406433,0.49180886149406433
1,543,e8a20aeff4222bcf225516a3,2.24399995803833,2.28497576713562,0.04097580909729004,0.04097580909729004
1,544,338d3aeddbde9f7d6523de3d,2.6989998817443848,2.3978383541107178,-0.301161527633667,0.301161527633667
1,545,1106c578953e130e1f5e8abe,1.2920000553131104,0.9595386981964111,-0.3324613571166992,0.3324613571166992
1,546,2026189f7e7287d1d8a6a940,1.6579999923706055,1.6403625011444092,-0.01763749122619629,0.01763749122619629
1,547,9086dbe1a1d40c72aa7d18b5,2.1410000324249268,1.930118441581726,-0.21088159084320068,0.21088159084320068
1,548,94d67f7570206f95165d6e71,2.3369998931884766,2.484529495239258,0.14752960205078125,0.14752960205078125
1,549,de8fccb68a6da1912a367331,0.8240000009536743,0.803031325340271,-0.02096867561340332,0.02096867561340332
1,550,6e3c22ada30b9621df5e3458,2.059999942779541,2.076406478881836,0.016406536102294922,0.016406536102294922
1,551,4f0d6a8f48e8a3b364ff1078,1.5850000381469727,1.7690621614456177,0.18406212329864502,0.18406212329864502
1,552,53600e31b67ea97dc1f11cec,1.7699999809265137,1.9904457330703735,0.22044575214385986,0.22044575214385986
1,553,3a41b1ece9bc335711eee8e1,1.3279999494552612,1.108388066291809,-0.21961188316345215,0.21961188316345215
1,554,1ce7d4820cdaecb2af8148d8,4.251999855041504,4.491481304168701,0.23948144912719727,0.23948144912719727
2,0,85aa446cca4acb3b23e5a1f9,2.7699999809265137,1.6865352392196655,-1.0834647417068481,1.0834647417068481
2,1,1a7ae0df76461812c63f58d0,0.7250000238418579,2.386115550994873,1.6611155271530151,1.6611155271530151
2,2,fb86e6eb7836699f77444aca,1.3009999990463257,1.6114145517349243,0.31041455268859863,0.31041455268859863
2,3,4e27df2a293ead5d2c5c067a,2.73799991607666,3.0312461853027344,0.2932462692260742,0.2932462692260742
2,4,34ceaa25ed35437f03bf16ad,2.885999917984009,3.100884437561035,0.21488451957702637,0.21488451957702637
2,5,e3b6a6971f44af6270de14f9,2.818000078201294,3.061062812805176,0.24306273460388184,0.24306273460388184
2,6,8e8dc90381cfa5ff002799e1,1.2640000581741333,0.520046591758728,-0.7439534664154053,0.7439534664154053
2,7,fbf4957944db7dc0fdb549ad,1.0360000133514404,1.9485684633255005,0.9125684499740601,0.9125684499740601
2,8,8a309669d9abad538cefe8aa,2.2139999866485596,1.8244011402130127,-0.3895988464355469,0.3895988464355469
2,9,c87c8393029b55ededb038d0,3.4809999465942383,1.8799327611923218,-1.6010671854019165,1.6010671854019165
2,10,90ccf95788a57474c8238e19,3.986999988555908,3.9737296104431152,-0.013270378112792969,0.013270378112792969
2,11,3dc30f47a8a2865abbc7501d,0.5450000166893005,1.2670515775680542,0.7220515608787537,0.7220515608787537
2,12,3fe42246ee6b6ae3a9b2bdf1,1.9240000247955322,1.8969355821609497,-0.02706444263458252,0.02706444263458252
2,13,5b07eedfd79db110ffaa8dd9,3.885999917984009,2.071465253829956,-1.8145346641540527,1.8145346641540527
2,14,f86fc006ca6e5e40738b4a69,2.003999948501587,1.389315128326416,-0.6146848201751709,0.6146848201751709
2,15,4cd5c6c7e8d6b8c25c803841,2.1019999980926514,2.533226490020752,0.4312264919281006,0.4312264919281006
2,16,fc29150a52b8b1c13954a10d,2.569000005722046,2.542172908782959,-0.026827096939086914,0.026827096939086914
2,17,6fb9c8f253f075a2da8a0aac,2.6579999923706055,2.711653232574463,0.05365324020385742,0.05365324020385742
2,18,41baa8673ee9ec57e5ea9eaa,0.25200000405311584,0.703648030757904,0.4516480267047882,0.4516480267047882
2,19,7187bf60bde2e99d8278eab8,1.5850000381469727,2.074415922164917,0.48941588401794434,0.48941588401794434
2,20,a05a33a2e23b50c8dda3ceb6,2.1019999980926514,2.4905340671539307,0.3885340690612793,0.3885340690612793
2,21,a38f40816e19f1f07a50aeae,3.4809999465942383,2.9509644508361816,-0.5300354957580566,0.5300354957580566
2,22,728f5e2900c49098d70bc100,2.5230000019073486,2.530391216278076,0.007391214370727539,0.007391214370727539
2,23,051ad4c6e8b0fd95f4b661c1,2.377000093460083,2.162513256072998,-0.21448683738708496,0.21448683738708496
2,24,1f598fa9bd7107feeb5165fc,2.2679998874664307,2.2883434295654297,0.020343542098999023,0.020343542098999023
2,25,c8fd6091c772d5fcc425a829,2.625,2.6532528400421143,0.028252840042114258,0.028252840042114258
2,26,d219e4d3692e3f1d51508c0f,2.86299991607666,2.851613998413086,-0.011385917663574219,0.011385917663574219
2,27,c6f159d1b2dfd8b7b99a0d40,1.7929999828338623,1.8676129579544067,0.07461297512054443,0.07461297512054443
2,28,e16df04cd1a7bf684efdfdbd,3.0409998893737793,2.4371190071105957,-0.6038808822631836,0.6038808822631836
2,29,d3c9b191bc61b09ebe415a07,0.5540000200271606,0.6287645697593689,0.07476454973220825,0.07476454973220825
2,30,731e640ac59f805e13fab73d,1.5920000076293945,1.6325432062149048,0.040543198585510254,0.040543198585510254
2,31,11eea801465b3498f7b9b964,1.319000005722046,1.7538901567459106,0.43489015102386475,0.43489015102386475
2,32,33c27dd738c246f4f6383705,0.9549999833106995,0.9976680874824524,0.04266810417175293,0.04266810417175293
2,33,97b084e39c23a44f2b0fa1a8,2.249000072479248,2.1203243732452393,-0.1286756992340088,0.1286756992340088
2,34,0c31ec7b3988e0c00c70a43d,3.494999885559082,3.4496233463287354,-0.04537653923034668,0.04537653923034668
2,35,7d3591278449ea60a4af2477,3.125,0.5604770183563232,-2.5645229816436768,2.5645229816436768
2,36,ca908ced07da1ed437193e36,2.996000051498413,3.451313018798828,0.45531296730041504,0.45531296730041504
2,37,964e51992f267e8ad8ddd513,1.0540000200271606,1.0775452852249146,0.023545265197753906,0.023545265197753906
2,38,068091505eb53054922b04c9,3.3010001182556152,3.2279179096221924,-0.07308220863342285,0.07308220863342285
2,39,21828f8fc5c72822f00b8e1b,1.1770000457763672,1.3247970342636108,0.14779698848724365,0.14779698848724365
2,40,612b2ccbdd61cbc971ca9aed,1.1139999628067017,1.3278802633285522,0.21388030052185059,0.21388030052185059
2,41,0ad1688dc4ccfe00487321ea,1.8760000467300415,2.040724754333496,0.1647247076034546,0.1647247076034546
2,42,6fc63aca24b19a7ae56cbceb,1.4470000267028809,1.728819489479065,0.2818194627761841,0.2818194627761841
2,43,ff8d2f875e7a195d8b17b209,1.680999994277954,1.8138198852539062,0.13281989097595215,0.13281989097595215
2,44,ad2a750b98c670c49e70dda9,4.823999881744385,4.139026641845703,-0.6849732398986816,0.6849732398986816
2,45,1539be46886a9ab59f87e67b,3.2009999752044678,3.531244993209839,0.3302450180053711,0.3302450180053711
2,46,e08f95815b0ce16f939dea92,2.631999969482422,2.97009539604187,0.33809542655944824,0.33809542655944824
2,47,9c339195f21bc2b8799b7cfa,0.6990000009536743,0.6483818292617798,-0.05061817169189453,0.05061817169189453
2,48,8f32c11036a1fdab56ada35c,0.39800000190734863,0.41099101305007935,0.012991011142730713,0.012991011142730713
2,49,8590392c97b5b6f9fad4bbfd,3.134999990463257,3.288174629211426,0.15317463874816895,0.15317463874816895
2,50,56ca06721ebf9fc1b2c7e5c7,2.26200008392334,3.0219602584838867,0.7599601745605469,0.7599601745605469
2,51,8ada25e93f6e7c88ddd7aba4,2.7699999809265137,2.2238094806671143,-0.5461905002593994,0.5461905002593994
2,52,5e62f9d9f854c0f57bb197be,0.20800000429153442,0.4609234035015106,0.2529233992099762,0.2529233992099762
2,53,44cf87961ec1f0115349b35a,0.8539999723434448,0.9210416078567505,0.06704163551330566,0.06704163551330566
2,54,6408cb682c707be212e360bb,0.8240000009536743,0.8274574875831604,0.003457486629486084,0.003457486629486084
2,55,2e527e1028fe3bbc87296b0f,0.18700000643730164,0.44031962752342224,0.2533196210861206,0.2533196210861206
2,56,1401c067b920e1bdc345d2a4,1.6019999980926514,1.0184166431427002,-0.5835833549499512,0.5835833549499512
2,57,f76e82778e480c5aaad56bb3,2.194000005722046,2.31128191947937,0.11728191375732422,0.11728191375732422
2,58,04c19e271f074ad3226e7d09,3.313999891281128,3.201486110687256,-0.11251378059387207,0.11251378059387207
2,59,5fe3c0b4a2909d2e7088600a,2.0,1.698471188545227,-0.30152881145477295,0.30152881145477295
2,60,06ae615d806618e67f082f5e,0.6349999904632568,0.7772022485733032,0.1422022581100464,0.1422022581100464
2,61,30d0a8569d518e44b4c78f1f,2.2980000972747803,2.340538501739502,0.04253840446472168,0.04253840446472168
2,62,5f2dbda1a9ea36dfa7826745,3.5320000648498535,3.482064962387085,-0.049935102462768555,0.049935102462768555
2,63,6b1772818ea8b06d4dd2d496,2.614000082015991,2.7850208282470703,0.1710207462310791,0.1710207462310791
2,64,1185db65e718bac3ca6daaf3,0.25600001215934753,0.3110755980014801,0.05507558584213257,0.05507558584213257
2,65,217afdffe0cc545349a02058,0.24199999868869781,0.29630419611930847,0.05430419743061066,0.05430419743061066
2,66,36b341aa805899e13e5db5da,0.257999986410141,0.31010955572128296,0.05210956931114197,0.05210956931114197
2,67,d59e38be1a6f4ab60b7606cd,0.36800000071525574,1.9294501543045044,1.5614501237869263,1.5614501237869263
2,68,2cbc5ba0b821ff3733f60691,2.5160000324249268,2.532501459121704,0.016501426696777344,0.016501426696777344
2,69,f583b1c3295c309ccc77d621,0.5379999876022339,2.493041515350342,1.955041527748108,1.955041527748108
2,70,02d4d0a3a04a154f4b7de03a,2.7960000038146973,2.826115608215332,0.030115604400634766,0.030115604400634766
2,71,e9523269b17e50c7eef3ab34,2.5299999713897705,2.472421646118164,-0.057578325271606445,0.057578325271606445
2,72,08674504e426530f2fb81b36,1.899999976158142,1.9270833730697632,0.027083396911621094,0.027083396911621094
2,73,9420f71048d5b3a58bafd928,2.249000072479248,2.1730713844299316,-0.0759286880493164,0.0759286880493164
2,74,1d512c6503e3ba672d2c45dd,1.9589999914169312,1.8467053174972534,-0.11229467391967773,0.11229467391967773
2,75,0520547f80d00f395ecedbb9,3.1480000019073486,3.8909413814544678,0.7429413795471191,0.7429413795471191
2,76,e37e8f82d878a42a715145b2,2.4089999198913574,1.5473805665969849,-0.8616193532943726,0.8616193532943726
2,77,faff34c8a97069e02591799a,4.067999839782715,4.126314163208008,0.05831432342529297,0.05831432342529297
2,78,263a5773f34e8074fc9ca0c7,3.128000020980835,3.2202513217926025,0.09225130081176758,0.09225130081176758
2,79,a87b5c84383c9972d41bf50d,2.9679999351501465,3.608030319213867,0.6400303840637207,0.6400303840637207
2,80,d381c7a0dfff43cb8df4443e,4.138000011444092,4.129446983337402,-0.008553028106689453,0.008553028106689453
2,81,80b5d8082c778625494467df,3.2179999351501465,3.286393165588379,0.06839323043823242,0.06839323043823242
2,82,9a019d9a3e7c776be94742f8,2.73799991607666,2.800725221633911,0.06272530555725098,0.06272530555725098
2,83,3d9c2f097cd985290ca7f0cf,3.6019999980926514,2.318784713745117,-1.2832152843475342,1.2832152843475342
2,84,80d2df31fda8f8278aaee7bf,1.9700000286102295,2.2686667442321777,0.29866671562194824,0.29866671562194824
2,85,dd20d5cb445ffe8681d19d25,2.4600000381469727,2.021683692932129,-0.43831634521484375,0.43831634521484375
2,86,b3b5f6a2e1058ff1ffa23b39,2.0799999237060547,2.091081142425537,0.011081218719482422,0.011081218719482422
2,87,be746c833b580d01d9817a5d,1.9900000095367432,2.1043193340301514,0.1143193244934082,0.1143193244934082
2,88,664c702f4efeffbb7da8d86d,2.619999885559082,2.065988540649414,-0.554011344909668,0.554011344909668
2,89,fcf20b4d64c510b5fb6fa5ff,1.5299999713897705,2.4984681606292725,0.968468189239502,0.968468189239502
2,90,7a1201ff43ef1fbc21320557,0.6399999856948853,1.081658959388733,0.44165897369384766,0.44165897369384766
2,91,f96f569623f56a341dd63162,1.2200000286102295,0.21099206805229187,-1.0090079307556152,1.0090079307556152
2,92,1b59d85b3c2a0299d443872d,0.7400000095367432,0.9436560869216919,0.20365607738494873,0.20365607738494873
2,93,90f53d2e7eca421eda6d34da,0.8100000023841858,0.9163124561309814,0.10631245374679565,0.10631245374679565
2,94,a2787026dba71fa385cbf13e,0.5600000023841858,0.5799329876899719,0.019932985305786133,0.019932985305786133
2,95,4e4ed80ed936229a0a219f40,0.6100000143051147,0.984946072101593,0.37494605779647827,0.37494605779647827
2,96,4a14815c7496afb702875b1a,0.9599999785423279,0.3275015652179718,-0.6324983835220337,0.6324983835220337
2,97,da15429c7cf2d341820c09bc,0.5,0.7868472933769226,0.2868472933769226,0.2868472933769226
2,98,fe2e6dd307f5b96b87002ba8,0.3499999940395355,0.8789188265800476,0.5289188623428345,0.5289188623428345
2,99,82fa1e2c337459263656085e,1.6399999856948853,0.9682771563529968,-0.6717228293418884,0.6717228293418884
2,100,e0a597b82a8f7161dd48dceb,1.399999976158142,1.1310452222824097,-0.2689547538757324,0.2689547538757324
2,101,059ce7a1a7da488d205276e8,1.690000057220459,1.093713402748108,-0.5962866544723511,0.5962866544723511
2,102,cc7d08cd71e739a32c2194bc,0.8299999833106995,1.3456851243972778,0.5156851410865784,0.5156851410865784
2,103,eb06c289312e393c41df180f,3.1500000953674316,1.0425766706466675,-2.1074233055114746,2.1074233055114746
2,104,5f9a638945757a2e93e25ad6,1.7699999809265137,0.9794275164604187,-0.790572464466095,0.790572464466095
2,105,69dd1e0e4f6c03735e2c6d24,0.7300000190734863,1.2319930791854858,0.5019930601119995,0.5019930601119995
2,106,f04aabd9c1f6202fd6afa2a3,1.7400000095367432,0.8861954212188721,-0.8538045883178711,0.8538045883178711
2,107,0a2b0a5079f77e0e082f54f3,1.059999942779541,1.1435209512710571,0.08352100849151611,0.08352100849151611
2,108,86580bc3b99f663aa1329ba8,0.9100000262260437,0.751487672328949,-0.15851235389709473,0.15851235389709473
2,109,dc57b8ffddacf0de8e2f79d2,1.0700000524520874,1.1880207061767578,0.11802065372467041,0.11802065372467041
2,110,8871b8b58f6b6b54a8a272f7,1.0099999904632568,1.1138341426849365,0.10383415222167969,0.10383415222167969
2,111,4f4a520231a1dcb54602c330,1.2400000095367432,1.4298949241638184,0.1898949146270752,0.1898949146270752
2,112,1e0dae0da2786e76bf4f2c91,2.130000114440918,1.4574252367019653,-0.6725748777389526,0.6725748777389526
2,113,4a38306b056ee395d040639f,1.100000023841858,1.1941485404968262,0.09414851665496826,0.09414851665496826
2,114,858378f61a35247caa6cef6a,1.0399999618530273,1.016667127609253,-0.023332834243774414,0.023332834243774414
2,115,943294a81f6c2240b975e659,2.0,2.3134055137634277,0.31340551376342773,0.31340551376342773
2,116,1da6a5956db2db97a3ad282b,2.6989998817443848,2.536400318145752,-0.1625995635986328,0.1625995635986328
2,117,baa0e6a5bfd5ae7e48a9193c,0.5690000057220459,0.6410788893699646,0.0720788836479187,0.0720788836479187
2,118,c28d543c2cd15af0043bf7f2,2.299999952316284,2.8093626499176025,0.5093626976013184,0.5093626976013184
2,119,91af4552826c0ae5607edd25,3.2899999618530273,2.403012275695801,-0.8869876861572266,0.8869876861572266
2,120,2eb1a40776534c5d55a8c823,2.4800000190734863,2.574087619781494,0.09408760070800781,0.09408760070800781
2,121,f6ddfbd946e34de9d5f9a998,2.9800000190734863,2.740218162536621,-0.23978185653686523,0.23978185653686523
2,122,314e1dd665ae23a8a8f0a8dc,2.869999885559082,2.2686357498168945,-0.6013641357421875,0.6013641357421875
2,123,918059204e95ffb29468d8a6,3.1700000762939453,2.663113594055176,-0.5068864822387695,0.5068864822387695
2,124,1f5fb919d964456e75afb167,2.690000057220459,2.4773688316345215,-0.2126312255859375,0.2126312255859375
2,125,537019fe43bbc1f7d87e8bac,2.5,2.7189362049102783,0.21893620491027832,0.21893620491027832
2,126,3628aa21097028f6f4a6f664,1.3300000429153442,0.9136749505996704,-0.41632509231567383,0.41632509231567383
2,127,3a027df28632a47d2aa0b9a3,1.1299999952316284,1.3889012336730957,0.2589012384414673,0.2589012384414673
2,128,6bb564e31e0a4327c178a863,1.309999942779541,1.650048017501831,0.34004807472229004,0.34004807472229004
2,129,bd93c0deb32249dc765aca13,0.9900000095367432,0.8414797782897949,-0.14852023124694824,0.14852023124694824
2,130,04582301a333b9565477f4f3,1.0800000429153442,1.1318529844284058,0.05185294151306152,0.05185294151306152
2,131,3b0997f9dc4f21cf5b651d0b,1.149999976158142,1.471956729888916,0.3219567537307739,0.3219567537307739
2,132,aa070981922f2f773ed6ce40,1.100000023841858,1.0639054775238037,-0.0360945463180542,0.0360945463180542
2,133,91d9262a70c5b29f080aed81,1.0099999904632568,0.9444252848625183,-0.06557470560073853,0.06557470560073853
2,134,f98666e4fe4d31a95350e695,1.2200000286102295,1.0408226251602173,-0.1791774034500122,0.1791774034500122
2,135,3c9b28d78c3976d3200525ca,1.2799999713897705,1.3996695280075073,0.11966955661773682,0.11966955661773682
2,136,79a136f30f32dc470fc3ce0f,1.2100000381469727,0.8992359042167664,-0.3107641339302063,0.3107641339302063
2,137,72dc3bd7728f31f4ffbccf22,2.190000057220459,1.8381719589233398,-0.35182809829711914,0.35182809829711914
2,138,c200fc611d75ea236451fcf1,1.190000057220459,0.9584453701972961,-0.23155468702316284,0.23155468702316284
2,139,f77641355317b90297c972b6,0.9399999976158142,0.9727668166160583,0.03276681900024414,0.03276681900024414
2,140,94de5b53ce706562582c87f3,0.6600000262260437,0.9430658221244812,0.2830657958984375,0.2830657958984375
2,141,7696266b56bacb7bef547b03,1.159999966621399,0.9027337431907654,-0.25726622343063354,0.25726622343063354
2,142,8c253f4c4e3fbaea87532c79,0.7799999713897705,1.267987847328186,0.4879878759384155,0.4879878759384155
2,143,2786a1942444d977e37376de,1.2000000476837158,1.1868454217910767,-0.01315462589263916,0.01315462589263916
2,144,b3ab4125beb26ce9e2297929,2.0799999237060547,2.051024913787842,-0.02897500991821289,0.02897500991821289
2,145,7eae509f4e85b3e1f70ee195,1.0700000524520874,1.63362717628479,0.5636271238327026,0.5636271238327026
2,146,03f08ee1165bc705bbd42279,0.9399999976158142,1.8461750745773315,0.9061750769615173,0.9061750769615173
2,147,eeda28fbd3b06d3d07b15231,1.6100000143051147,1.8102972507476807,0.20029723644256592,0.20029723644256592
2,148,0a3d4b6c14fc709d6fcc6f72,1.6200000047683716,1.5002541542053223,-0.11974585056304932,0.11974585056304932
2,149,909a58bee972096b78f415a4,2.009999990463257,1.4320085048675537,-0.5779914855957031,0.5779914855957031
2,150,8e92cc28bb59614b4ed9ec55,1.940000057220459,1.5651062726974487,-0.37489378452301025,0.37489378452301025
2,151,2392edff679409a249dd993f,1.3200000524520874,1.534401535987854,0.2144014835357666,0.2144014835357666
2,152,1e22da02eeb310e0c5b794de,1.4700000286102295,1.5525943040847778,0.08259427547454834,0.08259427547454834
2,153,dacfdb53f798ee7a2c4493ef,1.2599999904632568,1.3841537237167358,0.124153733253479,0.124153733253479
2,154,e452bcc961eba0bbf81a7940,1.3799999952316284,1.4177266359329224,0.037726640701293945,0.037726640701293945
2,155,146a5ef7d8f8bbbd22af30e9,1.6799999475479126,1.7623437643051147,0.08234381675720215,0.08234381675720215
2,156,24880d86858e9095d0b25877,1.690000057220459,1.8657585382461548,0.1757584810256958,0.1757584810256958
2,157,dd37e1c7e6bdbde121e4b0d9,1.2599999904632568,1.4246059656143188,0.164605975151062,0.164605975151062
2,158,cfa0cacaf211b6dd1650667f,1.4500000476837158,1.629331111907959,0.17933106422424316,0.17933106422424316
2,159,085e5980f6e7defc626b2f5a,1.4600000381469727,1.4572103023529053,-0.002789735794067383,0.002789735794067383
2,160,581476be0324803f14325378,1.4199999570846558,1.5952200889587402,0.17522013187408447,0.17522013187408447
2,161,f9c3600e0e388e740020a2d9,0.8799999952316284,1.3300267457962036,0.4500267505645752,0.4500267505645752
2,162,bde48a29bca7de5200283dc6,2.299999952316284,1.3577173948287964,-0.9422825574874878,0.9422825574874878
2,163,7d25a7a473ca9edc207559ba,0.8100000023841858,1.1267021894454956,0.3167021870613098,0.3167021870613098
2,164,28f6e1574af4cc1f66d47c20,0.7099999785423279,0.984718382358551,0.27471840381622314,0.27471840381622314
2,165,485b33ebd4d997569b9aba45,1.25,0.7691433429718018,-0.48085665702819824,0.48085665702819824
2,166,330f01a264c400c97dce250e,0.23999999463558197,0.7904263138771057,0.5504263043403625,0.5504263043403625
2,167,8609f8773dbd39329a845f90,1.0700000524520874,1.013968825340271,-0.056031227111816406,0.056031227111816406
2,168,d4cbe43992273a923a247ba3,1.090000033378601,1.6076407432556152,0.5176407098770142,0.5176407098770142
2,169,a4017c80787a756c918f2718,1.4199999570846558,1.3736492395401,-0.046350717544555664,0.046350717544555664
2,170,3605f28d4468048d31d7ed65,0.8799999952316284,1.0592480897903442,0.17924809455871582,0.17924809455871582
2,171,5ff61a1805ef1ed23f3d0900,0.36000001430511475,0.8393613696098328,0.479361355304718,0.479361355304718
2,172,2184b987b879c74532733a94,2.436000108718872,2.368330955505371,-0.06766915321350098,0.06766915321350098
2,173,0e0f14dad06d262f74a10fbc,1.8639999628067017,2.1352458000183105,0.2712458372116089,0.2712458372116089
2,174,78454d03c53ebae27bb52c1f,2.36299991607666,2.11444091796875,-0.24855899810791016,0.24855899810791016
2,175,174be17fe457f2c3159c10d6,1.5199999809265137,1.8258082866668701,0.30580830574035645,0.30580830574035645
2,176,93a21474bdef55776ac85609,1.309999942779541,1.8252772092819214,0.5152772665023804,0.5152772665023804
2,177,3415c1a73cb1a5295bc7cbd4,1.190000057220459,0.514979898929596,-0.675020158290863,0.675020158290863
2,178,720fdbe488e0dd9f18a44c2f,0.9599999785423279,0.9758145213127136,0.015814542770385742,0.015814542770385742
2,179,fdce49bf26ff2cd0ebfbbff4,1.0299999713897705,0.7191831469535828,-0.31081682443618774,0.31081682443618774
2,180,c101d4485e1795462df6e212,0.8799999952316284,1.098266363143921,0.21826636791229248,0.21826636791229248
2,181,750ea8340df47dc5397e4d30,1.190000057220459,0.9011985659599304,-0.28880149126052856,0.28880149126052856
2,182,06bf62fc7b9b96cefda4e741,0.8700000047683716,0.6558085083961487,-0.2141914963722229,0.2141914963722229
2,183,2a1489b8e136840671b5b806,0.7699999809265137,0.7369910478591919,-0.03300893306732178,0.03300893306732178
2,184,3bc45ddbc50bfd0d9ebbed8a,0.8500000238418579,1.1018919944763184,0.25189197063446045,0.25189197063446045
2,185,5c881294b9bae8507e183d4b,0.8399999737739563,1.0315808057785034,0.19158083200454712,0.19158083200454712
2,186,bbc3fd8380060d974f38f073,0.7900000214576721,0.8626443147659302,0.07264429330825806,0.07264429330825806
2,187,38490ee96e45ec07aa35570e,0.8100000023841858,0.5953999161720276,-0.2146000862121582,0.2146000862121582
2,188,4dc9cf271e8590e5aeb1ece6,2.069999933242798,2.6444413661956787,0.5744414329528809,0.5744414329528809
2,189,e28f03ccc3af72002c9510db,2.0320000648498535,2.155782461166382,0.12378239631652832,0.12378239631652832
2,190,b6986b94a8893015f4fe8076,0.8240000009536743,0.7645458579063416,-0.059454143047332764,0.059454143047332764
2,191,2a58a2c89e77893f6ad50540,1.343000054359436,1.3931235074996948,0.05012345314025879,0.05012345314025879
2,192,10b536160398e84e5e0be822,0.4099999964237213,1.0956882238388062,0.6856882572174072,0.6856882572174072
2,193,39cad8c00373900d1b4a2d52,1.649999976158142,1.1402190923690796,-0.5097808837890625,0.5097808837890625
2,194,e2acde87a9fc3026bf9be0f2,0.4699999988079071,1.283668875694275,0.8136688470840454,0.8136688470840454
2,195,fe1a340be430e21ab10774a3,1.0199999809265137,1.0937918424606323,0.07379186153411865,0.07379186153411865
2,196,900ddef9d67ee5af4a1ab9b7,0.7699999809265137,0.6705322861671448,-0.0994676947593689,0.0994676947593689
2,197,09748ce48a6e0df199a745d9,0.3400000035762787,1.1062246561050415,0.7662246227264404,0.7662246227264404
2,198,d46583a021a688321bdbbef8,1.2300000190734863,1.027441382408142,-0.20255863666534424,0.20255863666534424
2,199,6b98d77f6a92694600c14fcb,1.7300000190734863,1.2967689037322998,-0.4332311153411865,0.4332311153411865
2,200,d125e590b7335b8db30349a7,0.7379999756813049,1.39360773563385,0.6556077599525452,0.6556077599525452
2,201,ec06d35aecb0f638938dc1dd,1.2990000247955322,1.2412840127944946,-0.0577160120010376,0.0577160120010376
2,202,40a8f1c2b972096850b51b93,0.9620000123977661,1.1635116338729858,0.20151162147521973,0.20151162147521973
2,203,d2f64ad2aa8df0c79790b8cd,1.9119999408721924,1.4959708452224731,-0.41602909564971924,0.41602909564971924
2,204,6e5c2faa7071467ee477254c,2.7939999103546143,1.2292977571487427,-1.5647021532058716,1.5647021532058716
2,205,120eacc0f6425f3fee97f76c,0.8399999737739563,1.0407403707504272,0.20074039697647095,0.20074039697647095
2,206,d6aff3fa45c348495c518d50,0.9700000286102295,1.024646282196045,0.05464625358581543,0.05464625358581543
2,207,ce52061922438124083125ea,1.9199999570846558,1.833835482597351,-0.08616447448730469,0.08616447448730469
2,208,fe5913bcd235f58f4f975730,0.5379999876022339,2.5137906074523926,1.9757906198501587,1.9757906198501587
2,209,f2f656eca4e214cdc9a954f6,1.1979999542236328,1.386513590812683,0.1885136365890503,0.1885136365890503
2,210,c1e3effbe6bc86df2f2c4d46,0.6349999904632568,0.923801839351654,0.2888018488883972,0.2888018488883972
2,211,c09a0a61b8a7345dd52e28f6,2.880000114440918,2.8453049659729004,-0.03469514846801758,0.03469514846801758
2,212,4c81e8449c1502e6f89b13df,0.24199999868869781,0.3230917453765869,0.0810917466878891,0.0810917466878891
2,213,f05f24c48f7fa92a9e865de9,4.14900016784668,3.043099880218506,-1.1059002876281738,1.1059002876281738
2,214,da8545e2524450a3dce58bfe,1.149999976158142,1.7154408693313599,0.5654408931732178,0.5654408931732178
2,215,4c7678f6913437fd28807e71,3.013000011444092,2.841160297393799,-0.17183971405029297,0.17183971405029297
2,216,56071e434ea8e0a8b7bfe789,2.5380001068115234,2.4727954864501953,-0.06520462036132812,0.06520462036132812
2,217,f0dca9352f5f8b6e013eb9e0,1.63100004196167,1.6833953857421875,0.05239534378051758,0.05239534378051758
2,218,acc10571701c1b2a534fb74a,2.615000009536743,2.7826714515686035,0.16767144203186035,0.16767144203186035
2,219,7176b1d7467f7c6b34030f86,3.0409998893737793,2.972568988800049,-0.06843090057373047,0.06843090057373047
2,220,628e96f9e44602b8ee42acb5,2.9019999504089355,2.806753635406494,-0.0952463150024414,0.0952463150024414
2,221,8bac7b8b43a2a5563e2e4a87,1.7929999828338623,1.8873051404953003,0.09430515766143799,0.09430515766143799
2,222,983d0b1305d23ae6421d3573,1.9989999532699585,2.0696022510528564,0.07060229778289795,0.07060229778289795
2,223,ba473111e3e57c743c2410cd,2.0510001182556152,2.07887601852417,0.027875900268554688,0.027875900268554688
2,224,52235fe0010d5480da0e05ab,2.200000047683716,2.2614169120788574,0.0614168643951416,0.0614168643951416
2,225,df40ede94c1d65a4d641204a,2.249000072479248,2.172062873840332,-0.07693719863891602,0.07693719863891602
2,226,3b914a9bc308b74d3c835cc7,1.3009999990463257,2.629150390625,1.3281503915786743,1.3281503915786743
2,227,65b8022000780fd3dcdafa38,2.315999984741211,2.820706367492676,0.5047063827514648,0.5047063827514648
2,228,e4e1a7888ac64770acd45e9a,1.9459999799728394,2.5610146522521973,0.6150146722793579,0.6150146722793579
2,229,ce0ce79c06766c45e7b8212f,1.2999999523162842,1.1585571765899658,-0.14144277572631836,0.14144277572631836
2,230,52d8b5c9df5f2d6bef34d017,2.309999942779541,1.159342885017395,-1.150657057762146,1.150657057762146
2,231,70a73d9f5158c6625060013c,1.1200000047683716,1.3597122430801392,0.23971223831176758,0.23971223831176758
2,232,4185edebd89243f9b0bcc07e,1.2100000381469727,1.218555212020874,0.008555173873901367,0.008555173873901367
2,233,329b95af265344136380834f,0.3799999952316284,1.446757435798645,1.0667574405670166,1.0667574405670166
2,234,7216b4d2bb952d1b319e1667,0.9700000286102295,1.2343343496322632,0.2643343210220337,0.2643343210220337
2,235,68bcaa0eb14c750f49f85511,1.909999966621399,1.871399998664856,-0.03859996795654297,0.03859996795654297
2,236,4bc540812f8f8722c98b8f6f,1.8600000143051147,2.061875104904175,0.20187509059906006,0.20187509059906006
2,237,7d7853d704af851d489c8c09,1.8700000047683716,2.0695362091064453,0.19953620433807373,0.19953620433807373
2,238,93eaa639bddbb48cdce7ce2e,1.809999942779541,1.9567021131515503,0.14670217037200928,0.14670217037200928
2,239,a2086274f715886d3f3ea9f4,2.109999895095825,1.8940815925598145,-0.21591830253601074,0.21591830253601074
2,240,6bbdb4e67b655012819a2c41,1.8899999856948853,1.766106128692627,-0.1238938570022583,0.1238938570022583
2,241,2935bb694b48f9d283cd691c,1.899999976158142,1.935272216796875,0.03527224063873291,0.03527224063873291
2,242,a443f6baff274b2c40eeba04,2.3589999675750732,2.480401039123535,0.12140107154846191,0.12140107154846191
2,243,460ad4d463c729d8d4f21057,1.340999960899353,2.127903461456299,0.7869035005569458,0.7869035005569458
2,244,6b0dbfa6a1a4bbbbb96855d8,0.5260000228881836,2.0354955196380615,1.509495496749878,1.509495496749878
2,245,123d837dd8549434723af0d9,2.559999942779541,2.028869152069092,-0.5311307907104492,0.5311307907104492
2,246,e3e484de1f4118bb4e38d392,2.0399999618530273,2.0354955196380615,-0.00450444221496582,0.00450444221496582
2,247,a08d3fd26f5e56139c145039,2.1700000762939453,2.0549354553222656,-0.11506462097167969,0.11506462097167969
2,248,5d4e202c20d07b357dcff2f3,2.0399999618530273,1.769619107246399,-0.2703808546066284,0.2703808546066284
2,249,ae0d4f975cd58adf90027433,1.090000033378601,1.989592432975769,0.899592399597168,0.899592399597168
2,250,7b24820f9079dccec85f3089,2.3970000743865967,2.2368760108947754,-0.1601240634918213,0.1601240634918213
2,251,3a54f6a0c000ff8126659540,1.940000057220459,1.6440913677215576,-0.29590868949890137,0.29590868949890137
2,252,f8d0cb5cd7b9da1c3634c532,2.009999990463257,1.7613950967788696,-0.2486048936843872,0.2486048936843872
2,253,17232c2308c0224e51a0e4ed,1.9700000286102295,1.9284999370574951,-0.041500091552734375,0.041500091552734375
2,254,1c60ac6dc16e762b603e60d1,2.940000057220459,1.7517393827438354,-1.1882606744766235,1.1882606744766235
2,255,6adb54fe56ee82cd67c2b2c8,1.9900000095367432,1.9923778772354126,0.0023778676986694336,0.0023778676986694336
2,256,25f70c104e17836e669039e7,1.7999999523162842,2.101757526397705,0.3017575740814209,0.3017575740814209
2,257,a2249454acc3b9707504f90c,2.190000057220459,2.311211585998535,0.12121152877807617,0.12121152877807617
2,258,ce7b84d8b7bf46654a7faa61,0.4099999964237213,0.5269705653190613,0.11697056889533997,0.11697056889533997
2,259,f3b7d7b156a82c339747f158,0.11999999731779099,0.3963738679885864,0.27637386322021484,0.27637386322021484
2,260,35a0d96ce6736a86e3a0a5c1,2.1700000762939453,2.086106538772583,-0.0838935375213623,0.0838935375213623
2,261,77490c9872ed344262323c83,1.149999976158142,1.4825525283813477,0.33255255222320557,0.33255255222320557
2,262,b16ce558bb70686fa73118ea,0.6499999761581421,0.9396055340766907,0.2896055579185486,0.2896055579185486
2,263,2955aacb32d3cdbc63a0e7be,0.1599999964237213,1.352501392364502,1.192501425743103,1.192501425743103
2,264,e9cd27a822a0a2e05c1fe14e,1.0800000429153442,1.02024245262146,-0.05975759029388428,0.05975759029388428
2,265,8c95a3f80857cc772b9d4dc9,0.3799999952316284,1.026776671409607,0.6467766761779785,0.6467766761779785
2,266,75ad73efc425a393d2745664,1.4299999475479126,1.8115800619125366,0.381580114364624,0.381580114364624
2,267,649b41caa225f30aa25e48fb,3.180000066757202,2.549079418182373,-0.6309206485748291,0.6309206485748291
2,268,0165ddc5ac716ce5491c7837,1.6100000143051147,2.467707395553589,0.8577073812484741,0.8577073812484741
2,269,3f08b0c3dbb13d1116fac072,2.130000114440918,2.494539976119995,0.36453986167907715,0.36453986167907715
2,270,8a2f883e2f02d2bdfb90f3c5,2.140000104904175,2.280858278274536,0.14085817337036133,0.14085817337036133
2,271,d31cc56f2c6cbc13777d7ddc,2.440000057220459,2.3039796352386475,-0.13602042198181152,0.13602042198181152
2,272,c8a30ba2c75a33dd7ea8fa69,1.75,2.132373332977295,0.3823733329772949,0.3823733329772949
2,273,5939c5902a5f713c60989f6f,1.6299999952316284,2.0215649604797363,0.3915649652481079,0.3915649652481079
2,274,a144fd9aa70d2d07f7b53c6d,1.8600000143051147,2.2368924617767334,0.37689244747161865,0.37689244747161865
2,275,7641b4203abd446af1ef234c,1.7200000286102295,1.8721801042556763,0.15218007564544678,0.15218007564544678
2,276,e6e5b0bbd602254ad6e8b930,1.9199999570846558,2.365652084350586,0.4456521272659302,0.4456521272659302
2,277,e7f552a8915fa8bcc98d76a3,1.7899999618530273,2.259751796722412,0.46975183486938477,0.46975183486938477
2,278,f78d689c8c7c3cc66118b8b8,1.6200000047683716,1.8595085144042969,0.2395085096359253,0.2395085096359253
2,279,01a33bcf368a317ea6d94438,1.6699999570846558,1.8544385433197021,0.1844385862350464,0.1844385862350464
2,280,aa91f56314556665cdb612b5,1.7999999523162842,2.1980457305908203,0.39804577827453613,0.39804577827453613
2,281,54c07b4251c36c7dac917fec,1.8700000047683716,2.3459794521331787,0.47597944736480713,0.47597944736480713
2,282,2276fd826cd5b480e1ad7e71,1.600000023841858,1.9352500438690186,0.33525002002716064,0.33525002002716064
2,283,e73f3f0abe037ca11af80c3b,1.8300000429153442,1.565504550933838,-0.26449549198150635,0.26449549198150635
2,284,968c98fcb378ee0fa96ef9e7,1.850000023841858,1.7654589414596558,-0.08454108238220215,0.08454108238220215
2,285,c03942f638a54b615f7120f9,1.659999966621399,2.279017448425293,0.619017481803894,0.619017481803894
2,286,19706a3a05b27205f95081b3,1.7100000381469727,2.5155515670776367,0.8055515289306641,0.8055515289306641
2,287,25e92c6fddd5e4d5c448b42d,2.009999990463257,1.8290385007858276,-0.1809614896774292,0.1809614896774292
2,288,132adfb58c4352bb34b9c084,1.9800000190734863,2.0959525108337402,0.1159524917602539,0.1159524917602539
2,289,e83ed4e43c64b0ddf99ede3b,0.46000000834465027,0.8204649090766907,0.3604649007320404,0.3604649007320404
2,290,0fc921c11a3f7e552db6e9cc,1.5099999904632568,0.721074640750885,-0.7889253497123718,0.7889253497123718
2,291,b835cd673c9312f65d3b0062,0.6800000071525574,0.7390139698982239,0.059013962745666504,0.059013962745666504
2,292,81bd1eac7cc6842124a3ca68,2.2200000286102295,1.2723312377929688,-0.9476687908172607,0.9476687908172607
2,293,662b1a41f6669537782ca74d,2.740000009536743,2.998408317565918,0.2584083080291748,0.2584083080291748
2,294,d43255e98f85b937660a3046,2.509999990463257,2.868408679962158,0.35840868949890137,0.35840868949890137
2,295,37a8959fcba1f37468e02053,2.2699999809265137,2.780606269836426,0.5106062889099121,0.5106062889099121
2,296,336a769881d197110e67b342,2.5399999618530273,2.3933968544006348,-0.14660310745239258,0.14660310745239258
2,297,c78b22a3f54370ecd6acd2b9,2.2300000190734863,2.7469866275787354,0.516986608505249,0.516986608505249
2,298,6736aa30396ed795906d7624,0.8500000238418579,0.2400406301021576,-0.6099593639373779,0.6099593639373779
2,299,ebd622ba89f1a160dd53dd9b,1.100000023841858,1.042169451713562,-0.0578305721282959,0.0578305721282959
2,300,2da1acb3732f1ff3001b742a,2.259999990463257,1.9615904092788696,-0.2984095811843872,0.2984095811843872
2,301,4256706ce7b521959f406050,0.5099999904632568,0.8348678350448608,0.324867844581604,0.324867844581604
2,302,20d0255aa4b228b98977905e,0.75,0.6755813956260681,-0.07441860437393188,0.07441860437393188
2,303,c9eb23b00724611b60521ecc,1.0199999809265137,0.5123689770698547,-0.5076310038566589,0.5076310038566589
2,304,b56ff356e3c9f23cfb54a7b2,1.4299999475479126,0.15193399786949158,-1.2780659198760986,1.2780659198760986
2,305,6f8b2e38c9ec93a191dd0f35,1.7599999904632568,0.9346277117729187,-0.8253722786903381,0.8253722786903381
2,306,efb16f4699cd51c1cc1dc144,1.309999942779541,0.8305761218070984,-0.4794238209724426,0.4794238209724426
2,307,d503da22fd5e815658a88ba2,0.8500000238418579,1.2577837705612183,0.40778374671936035,0.40778374671936035
2,308,a1e754e86081849498be65ef,0.8500000238418579,1.0232230424880981,0.17322301864624023,0.17322301864624023
2,309,abe8182ccb10b81d8c757147,2.609999895095825,1.0609803199768066,-1.5490195751190186,1.5490195751190186
2,310,2abcc41e23fcab25215a8462,0.9700000286102295,0.4213152527809143,-0.5486847758293152,0.5486847758293152
2,311,d846147b43a98d16ff0825f2,0.6800000071525574,1.0784152746200562,0.3984152674674988,0.3984152674674988
2,312,dd25c4bb6c21ba3d46a4d980,0.8600000143051147,0.9593496918678284,0.09934967756271362,0.09934967756271362
2,313,bd1b35b2c131262d4d7b594c,0.9300000071525574,0.8822903633117676,-0.047709643840789795,0.047709643840789795
2,314,ca80a2579b3ab2982ce45657,1.5499999523162842,1.587361216545105,0.0373612642288208,0.0373612642288208
2,315,04ff7e3c91097098be0926f0,1.2400000095367432,0.8095051646232605,-0.43049484491348267,0.43049484491348267
2,316,a294cef6777010d257a2039f,2.4700000286102295,1.2004574537277222,-1.2695425748825073,1.2695425748825073
2,317,763cedb52b96c20cfe64f8e3,0.6299999952316284,0.6617588996887207,0.031758904457092285,0.031758904457092285
2,318,67c5c7db5f18466d28a2adb2,1.0199999809265137,0.688687264919281,-0.33131271600723267,0.33131271600723267
2,319,0081b6150f5faaf3bc373899,0.7099999785423279,2.1179840564727783,1.4079840183258057,1.4079840183258057
2,320,ba730c4acb438098e6ee135c,1.559999942779541,0.9439297914505005,-0.6160701513290405,0.6160701513290405
2,321,d9629adef20db05d67c0b670,1.1699999570846558,1.1638542413711548,-0.0061457157135009766,0.0061457157135009766
2,322,1c4077a50f2dcb6571c51dea,0.75,0.8348843455314636,0.08488434553146362,0.08488434553146362
2,323,fbf38f7ff8546e1174e7d69e,3.700000047683716,0.9510353207588196,-2.748964786529541,2.748964786529541
2,324,d7c31c816ddc78a84a41b75e,0.9599999785423279,1.4418888092041016,0.4818888306617737,0.4818888306617737
2,325,fcc1c638a22de7cc47f9dca5,1.1399999856948853,1.437056064605713,0.29705607891082764,0.29705607891082764
2,326,55bed7f10b9af783bf193492,1.2699999809265137,1.2726751565933228,0.002675175666809082,0.002675175666809082
2,327,bd914e6273e67332fec78833,1.3700000047683716,1.709797739982605,0.3397977352142334,0.3397977352142334
2,328,509990b89970dd43014d13e6,1.059999942779541,1.1189684867858887,0.058968544006347656,0.058968544006347656
2,329,1394dd61d5d59e8051da4434,1.4900000095367432,0.924534261226654,-0.5654657483100891,0.5654657483100891
2,330,df33e4615fce2452c10e8b52,1.3600000143051147,0.7989590764045715,-0.5610409379005432,0.5610409379005432
2,331,23eb885561a922a855648dcf,0.6100000143051147,1.4058414697647095,0.7958414554595947,0.7958414554595947
2,332,84ca472ca863252e2d49e074,1.4299999475479126,1.26292884349823,-0.16707110404968262,0.16707110404968262
2,333,1980e275814dd87fe8f67260,1.0399999618530273,0.9524622559547424,-0.08753770589828491,0.08753770589828491
2,334,3fe4ecff5d8c7a66731488d4,1.4199999570846558,2.394753932952881,0.9747539758682251,0.9747539758682251
2,335,84b5275099d1f94755c72a31,0.6499999761581421,1.2079201936721802,0.5579202175140381,0.5579202175140381
2,336,68d7e6f584e96086a6f5e0f5,0.27000001072883606,1.035343050956726,0.7653430700302124,0.7653430700302124
2,337,0962437543ae7fb6606b9c9b,0.8799999952316284,1.493196964263916,0.6131969690322876,0.6131969690322876
2,338,22a093d0b9b72b0fafe65638,0.9900000095367432,1.3689332008361816,0.3789331912994385,0.3789331912994385
2,339,774d33fd9130a85cab08d67d,0.7400000095367432,1.124642252922058,0.38464224338531494,0.38464224338531494
2,340,b31d4bb33bf5aa447f728658,1.309999942779541,1.0365036725997925,-0.27349627017974854,0.27349627017974854
2,341,33ac8b110fac024d60d13cbe,1.4700000286102295,1.7338670492172241,0.26386702060699463,0.26386702060699463
2,342,e82a2a19989c41f7294d2260,0.800000011920929,1.2367709875106812,0.4367709755897522,0.4367709755897522
2,343,b379bc7f010f90eaf90a6397,1.7200000286102295,1.8213777542114258,0.10137772560119629,0.10137772560119629
2,344,ab486dec05f2febac7fc6d79,0.18000000715255737,0.7620058655738831,0.5820058584213257,0.5820058584213257
2,345,8c75983ab67e1a1901d476b7,0.6700000166893005,0.7440435886383057,0.07404357194900513,0.07404357194900513
2,346,e7f571df68949130d8fe7158,1.8200000524520874,1.9230152368545532,0.10301518440246582,0.10301518440246582
2,347,4eb7cdb0351149c78ab36d04,2.390000104904175,2.3072376251220703,-0.08276247978210449,0.08276247978210449
2,348,2ad282a271b31b991f28078c,1.0399999618530273,2.128060817718506,1.0880608558654785,1.0880608558654785
2,349,c9d3cf206d740c1e8d95472d,0.9399999976158142,1.3595713376998901,0.4195713400840759,0.4195713400840759
2,350,c6665a53ac252b8debfbe08e,1.2599999904632568,0.8693826794624329,-0.390617311000824,0.390617311000824
2,351,471b4bb877d0778b13e28ddd,0.7599999904632568,1.4663439989089966,0.7063440084457397,0.7063440084457397
2,352,7c5dd312745b4e759085b220,0.7900000214576721,0.7239508032798767,-0.06604921817779541,0.06604921817779541
2,353,f7ce2f670789460b9ce52a4d,3.759999990463257,3.548524856567383,-0.21147513389587402,0.21147513389587402
2,354,3c9a46dc2f54ebef7cdbf9ac,1.0299999713897705,0.5382590293884277,-0.4917409420013428,0.4917409420013428
2,355,acdad2d70c6abbb46f7c6609,1.0700000524520874,1.2139559984207153,0.14395594596862793,0.14395594596862793
2,356,2d6a355785e6767d76b9609c,0.8899999856948853,0.7681177258491516,-0.12188225984573364,0.12188225984573364
2,357,1cbc9b965ace856d302ae683,1.0800000429153442,0.6214566230773926,-0.45854341983795166,0.45854341983795166
2,358,8fc94fe5f0724e6aa6fbde6e,1.1100000143051147,0.7669064998626709,-0.34309351444244385,0.34309351444244385
2,359,a56a44d24238ea8f44607ac6,0.8399999737739563,1.078811764717102,0.23881179094314575,0.23881179094314575
2,360,742ac92df151e5865a3dbc81,0.8299999833106995,0.7223991751670837,-0.10760080814361572,0.10760080814361572
2,361,21a4912567bfec8d58d5c038,1.159999966621399,0.867247998714447,-0.2927519679069519,0.2927519679069519
2,362,9e444ce9b8ca27707010c5c1,1.2300000190734863,1.17646324634552,-0.05353677272796631,0.05353677272796631
2,363,d1f38f84100c808a60fb1dee,3.1500000953674316,3.1754212379455566,0.025421142578125,0.025421142578125
2,364,a46102f64bd84be546a3c4f3,3.359999895095825,3.410642385482788,0.05064249038696289,0.05064249038696289
2,365,3a408e6cfbb62d88811ea689,3.430000066757202,3.530764579772949,0.10076451301574707,0.10076451301574707
2,366,90644e05bdef9a78351ad18c,3.259999990463257,3.947714328765869,0.6877143383026123,0.6877143383026123
2,367,ab2f7c9fa550f6e6eb65d9c3,4.070000171661377,4.1109843254089355,0.040984153747558594,0.040984153747558594
2,368,c7c6d8ac8ad19d7e9d468389,4.110000133514404,4.139146327972412,0.029146194458007812,0.029146194458007812
2,369,6272971a96d80c149f0bd5bc,4.269999980926514,4.299578666687012,0.029578685760498047,0.029578685760498047
2,370,e7f64bf194c1bbd38adc973d,0.25999999046325684,0.4460733234882355,0.18607333302497864,0.18607333302497864
2,371,17ae889b9f5eb223cbb697d0,0.23000000417232513,0.9354450106620789,0.7054449915885925,0.7054449915885925
2,372,428bc141633dd4f52710b15d,0.44999998807907104,0.12482648342847824,-0.3251734972000122,0.3251734972000122
2,373,14638bef5aa2687e2aa50ec7,0.5799999833106995,0.25750938057899475,-0.3224906027317047,0.3224906027317047
2,374,3b56da3ae33425c85e34e946,0.15000000596046448,0.2854297459125519,0.1354297399520874,0.1354297399520874
2,375,a6da93a1d996fc0ac746dcbd,2.0299999713897705,2.2108616828918457,0.1808617115020752,0.1808617115020752
2,376,7f0b138518c68992ac2749ce,2.059999942779541,2.1905171871185303,0.13051724433898926,0.13051724433898926
2,377,f960ac4f49a30e5a8534deba,1.9299999475479126,1.9592429399490356,0.029242992401123047,0.029242992401123047
2,378,625056606c999cf577dfe874,2.0899999141693115,2.102072238922119,0.012072324752807617,0.012072324752807617
2,379,1634847a9b25895b57c2d056,2.3499999046325684,1.6675188541412354,-0.682481050491333,0.682481050491333
2,380,5647e64479de5eebf3957047,2.25,2.686640739440918,0.43664073944091797,0.43664073944091797
2,381,58ff2cd207314fde7349e73f,2.450000047683716,1.9042166471481323,-0.5457834005355835,0.5457834005355835
2,382,b58818e60d019ef33673dd82,2.200000047683716,2.024921417236328,-0.1750786304473877,0.1750786304473877
2,383,a0d538eb739e5aac5f0e9b20,2.380000114440918,1.929152011871338,-0.4508481025695801,0.4508481025695801
2,384,cb1780295ed9fff2f27ffceb,2.109999895095825,1.8363405466079712,-0.273659348487854,0.273659348487854
2,385,41a005f5ad5014eab01b339f,2.450000047683716,2.211409568786621,-0.23859047889709473,0.23859047889709473
2,386,d1cb15d52fe2748d7952bae5,2.859999895095825,2.2430872917175293,-0.6169126033782959,0.6169126033782959
2,387,6bbcaa7813cbbc93d8aa2d7d,0.9800000190734863,0.8668134212493896,-0.11318659782409668,0.11318659782409668
2,388,bce53ba10640d9e75a36e62d,0.7099999785423279,1.0426914691925049,0.332691490650177,0.332691490650177
2,389,c9656a29eb06238270e1e532,0.949999988079071,0.7230539917945862,-0.22694599628448486,0.22694599628448486
2,390,ac3ef651fe7d79825d80d067,2.4089999198913574,1.5380136966705322,-0.8709862232208252,0.8709862232208252
2,391,ce1e9d49c5cf7a89cadaf76b,2.4809999465942383,2.3152647018432617,-0.16573524475097656,0.16573524475097656
2,392,b8effb596bee3aa913ad47d0,2.009999990463257,2.3151369094848633,0.30513691902160645,0.30513691902160645
2,393,d6e89c746254c62e7547fb84,2.0799999237060547,2.468935012817383,0.3889350891113281,0.3889350891113281
2,394,0b8187586d917bd8d2f0c087,2.619999885559082,2.0813517570495605,-0.5386481285095215,0.5386481285095215
2,395,1398e89d58baa68c4286f60f,2.200000047683716,2.9417128562927246,0.7417128086090088,0.7417128086090088
2,396,0286e510880d9deff1809f55,2.5799999237060547,2.3476178646087646,-0.23238205909729004,0.23238205909729004
2,397,66ed103e104afed350968a64,2.1500000953674316,2.2507920265197754,0.10079193115234375,0.10079193115234375
2,398,49da79a5f7ed98f2b65b5eca,2.200000047683716,2.422781467437744,0.22278141975402832,0.22278141975402832
2,399,4bf814486bcd1b1664ec9e34,2.190000057220459,2.04036021232605,-0.14963984489440918,0.14963984489440918
2,400,3f1f26537efffd20213d438d,2.2300000190734863,2.4852943420410156,0.2552943229675293,0.2552943229675293
2,401,6af9f9c5fa50a39432a29608,2.5799999237060547,1.7255233526229858,-0.8544765710830688,0.8544765710830688
2,402,8e2fb55b7ac9a7137a38f573,2.059999942779541,2.450437545776367,0.39043760299682617,0.39043760299682617
2,403,e970e1eb9bc539950d3c5f60,0.6600000262260437,0.5889288783073425,-0.07107114791870117,0.07107114791870117
2,404,34722ccff246b05a193aae58,0.46000000834465027,1.1331967115402222,0.6731966733932495,0.6731966733932495
2,405,b33e8818b04c2f4cbfbdbf96,1.0800000429153442,0.6343596577644348,-0.4456403851509094,0.4456403851509094
2,406,402c98ff2804d161de0719cd,1.309999942779541,1.1443995237350464,-0.16560041904449463,0.16560041904449463
2,407,1e04622daa4d468d69a7c3ed,3.240000009536743,0.5096293091773987,-2.7303707599639893,2.7303707599639893
2,408,e0a4eccc996519afe914f150,2.1019999980926514,2.251192569732666,0.14919257164001465,0.14919257164001465
2,409,c76966d19a4bb4b0f5edd23a,2.0759999752044678,2.0752999782562256,-0.0006999969482421875,0.0006999969482421875
2,410,90ffa1f3d2667114bd109240,2.7699999809265137,2.2278342247009277,-0.5421657562255859,0.5421657562255859
2,411,1ab0dc851f53dfad0676871b,2.114000082015991,2.166813850402832,0.05281376838684082,0.05281376838684082
2,412,d37cdb60741183aad4708290,0.5090000033378601,0.4180903136730194,-0.0909096896648407,0.0909096896648407
2,413,0a6b18d2e4c08df295d758d6,0.6779999732971191,0.817150890827179,0.13915091753005981,0.13915091753005981
2,414,0891a2dcdd489b8231483c05,1.4900000095367432,1.8138130903244019,0.3238130807876587,0.3238130807876587
2,415,dccac4742edddf339a7071f0,1.2799999713897705,1.2157838344573975,-0.06421613693237305,0.06421613693237305
2,416,88e62a8c2caccf4ad9339ff7,0.49000000953674316,1.291680932044983,0.8016809225082397,0.8016809225082397
2,417,5551f250b08c4c63437c66b1,1.2100000381469727,1.3524383306503296,0.14243829250335693,0.14243829250335693
2,418,439fd6234c15388d4ac727f7,1.399999976158142,1.193116307258606,-0.20688366889953613,0.20688366889953613
2,419,37368916b347085a9b4b7d20,1.1100000143051147,1.4471572637557983,0.3371572494506836,0.3371572494506836
2,420,e327fbd22bc17f412f958149,1.7400000095367432,1.4283045530319214,-0.3116954565048218,0.3116954565048218
2,421,31b6381ceb5fdcde9c25902d,1.0299999713897705,1.3579968214035034,0.3279968500137329,0.3279968500137329
2,422,2cf10133a4122bb3f7bffe9d,1.2899999618530273,1.4616111516952515,0.17161118984222412,0.17161118984222412
2,423,d0e6ad7e48b26d92e043075b,0.9700000286102295,1.4416500329971313,0.47165000438690186,0.47165000438690186
2,424,3edb051323dc50eb01f13955,0.6200000047683716,1.0813708305358887,0.4613708257675171,0.4613708257675171
2,425,47b5c53abebc3ca5357ac121,3.0,2.821829319000244,-0.17817068099975586,0.17817068099975586
2,426,536198e9a020c61a23174332,2.8239998817443848,2.8530075550079346,0.029007673263549805,0.029007673263549805
2,427,355c3066afb324ecf009c5ef,2.0980000495910645,0.8245111107826233,-1.273488998413086,1.273488998413086
2,428,9fc606ee97fa8b8e3d902aa5,1.1510000228881836,2.3306102752685547,1.179610252380371,1.179610252380371
2,429,1c520261c18bb8bade336847,0.7699999809265137,1.103333592414856,0.3333336114883423,0.3333336114883423
2,430,6211765442fc40b3f9cdf3e2,1.8389999866485596,1.3415530920028687,-0.4974468946456909,0.4974468946456909
2,431,42ffb1af9891d72b8cbc86e3,1.9299999475479126,1.7185804843902588,-0.2114194631576538,0.2114194631576538
2,432,37758e8c727d0f6b40224a7e,2.2200000286102295,1.8186489343643188,-0.40135109424591064,0.40135109424591064
2,433,dbfe1abcb4ac9d6ed3c2c93e,1.0700000524520874,1.56605064868927,0.4960505962371826,0.4960505962371826
2,434,7c54db0029a32848de191e09,1.6699999570846558,1.5438135862350464,-0.12618637084960938,0.12618637084960938
2,435,ded8335409fd9bb09d850054,1.5800000429153442,1.556059718132019,-0.023940324783325195,0.023940324783325195
2,436,6f775f4513c03e0ff5400a81,1.9900000095367432,1.935648798942566,-0.054351210594177246,0.054351210594177246
2,437,1a080ee97fdd4b6a312e8f0a,1.090000033378601,1.2545658349990845,0.1645658016204834,0.1645658016204834
2,438,5ab1802b594f1b58ca7ad904,1.809999942779541,1.587062954902649,-0.2229369878768921,0.2229369878768921
2,439,b543dc739672b32e1fe62325,1.7599999904632568,1.7023476362228394,-0.05765235424041748,0.05765235424041748
2,440,0372b2597eaac95c39420a48,1.0499999523162842,1.9039337635040283,0.8539338111877441,0.8539338111877441
2,441,3f76299503d345a0364de0d7,1.0800000429153442,1.6172338724136353,0.537233829498291,0.537233829498291
2,442,85e1e48d98ba74dd14a230fd,1.3200000524520874,1.6335779428482056,0.31357789039611816,0.31357789039611816
2,443,e7604cbdb961e2c577474387,1.309999942779541,1.5295701026916504,0.21957015991210938,0.21957015991210938
2,444,6b9365ac11ee4d523aa5f200,1.809999942779541,1.2101589441299438,-0.5998409986495972,0.5998409986495972
2,445,e0d6dde25380b03bd2bbadc9,2.619999885559082,1.9104852676391602,-0.7095146179199219,0.7095146179199219
2,446,92ece380fe71b3f6121d376f,1.8799999952316284,1.4923226833343506,-0.38767731189727783,0.38767731189727783
2,447,2bcade44d580d04a583de2e3,2.0799999237060547,1.7670948505401611,-0.31290507316589355,0.31290507316589355
2,448,1cd00b0b9be5494320a83d5b,1.5199999809265137,1.3511892557144165,-0.16881072521209717,0.16881072521209717
2,449,229889ca3049f3ca398e362e,1.7200000286102295,1.8070036172866821,0.08700358867645264,0.08700358867645264
2,450,ec164fd28c5f6c04732a9a4f,1.2799999713897705,1.545495867729187,0.2654958963394165,0.2654958963394165
2,451,9bf644874a1e3f3aa2c3efa9,1.8300000429153442,1.4967609643936157,-0.3332390785217285,0.3332390785217285
2,452,10f4e6a56471c04d13f35887,0.8899999856948853,1.3462899923324585,0.45629000663757324,0.45629000663757324
2,453,a7b410179dd6f251dc53e65f,1.8700000047683716,1.204864740371704,-0.6651352643966675,0.6651352643966675
2,454,7a97c1d7f9c00a754b86f125,0.550000011920929,1.596007227897644,1.0460071563720703,1.0460071563720703
2,455,3c93a5b2cb51ad364d00ce57,1.4600000381469727,1.6134135723114014,0.1534135341644287,0.1534135341644287
2,456,bf67b957d9d4252dbcbeb308,1.5199999809265137,2.192272901535034,0.6722729206085205,0.6722729206085205
2,457,842f53080f4ecbd04c2bcdd7,1.850000023841858,1.127508282661438,-0.7224917411804199,0.7224917411804199
2,458,0e19acb7b120622c979c5f50,1.7999999523162842,1.777154803276062,-0.022845149040222168,0.022845149040222168
2,459,b2df0f22818c3648eb7a0888,1.7000000476837158,1.832822322845459,0.13282227516174316,0.13282227516174316
2,460,3e85783567d08ec8547bd95a,1.3899999856948853,1.1353812217712402,-0.254618763923645,0.254618763923645
2,461,c62a0b4183c863b262c002c7,0.9599999785423279,1.558829426765442,0.598829448223114,0.598829448223114
2,462,8cb5df52ef9911611af24aee,1.2999999523162842,1.6867234706878662,0.38672351837158203,0.38672351837158203
2,463,800bc759c1f3aa4f25d9ea5f,1.2100000381469727,1.9641844034194946,0.754184365272522,0.754184365272522
2,464,116a95f3f55e4fcfc3dc2051,1.5399999618530273,1.552010416984558,0.012010455131530762,0.012010455131530762
2,465,1850fa37cb93b1e83bb72d45,2.180000066757202,1.6009893417358398,-0.5790107250213623,0.5790107250213623
2,466,d0191b0a74cf4a4373bda3a5,1.2300000190734863,1.459021806716919,0.22902178764343262,0.22902178764343262
2,467,62229292701738e2dba57eb8,1.159999966621399,1.477556824684143,0.31755685806274414,0.31755685806274414
2,468,7453c6175d68a075141b7b32,0.7799999713897705,1.0073813199996948,0.22738134860992432,0.22738134860992432
2,469,9bc8d1b3fc466f9389ea59df,1.0199999809265137,0.43738552927970886,-0.5826144218444824,0.5826144218444824
2,470,2640da437cd0eec139c7da8a,0.2199999988079071,0.6037358641624451,0.38373586535453796,0.38373586535453796
2,471,904271ca25aaf573f0c1ca85,1.75,0.8292047381401062,-0.9207952618598938,0.9207952618598938
2,472,3060f69a46f8ea22bbba5c68,0.23000000417232513,0.6947804093360901,0.46478039026260376,0.46478039026260376
2,473,26904bb4017ceb76e8ffb2cd,1.2200000286102295,1.1570018529891968,-0.06299817562103271,0.06299817562103271
2,474,083a46f2da021214fd306320,1.0499999523162842,0.8510859608650208,-0.19891399145126343,0.19891399145126343
2,475,458eb25ee7c61c64b81446a7,0.8999999761581421,0.4505431354045868,-0.4494568407535553,0.4494568407535553
2,476,187dec0173a2b67cf77d8088,1.350000023841858,1.8114036321640015,0.46140360832214355,0.46140360832214355
2,477,18235474c67f863fe7b97021,0.3400000035762787,1.3109413385391235,0.9709413051605225,0.9709413051605225
2,478,60847be05c3587ad7a6e6a33,2.819999933242798,1.284561276435852,-1.5354386568069458,1.5354386568069458
2,479,91daecc817f8d4cddf0cc7dd,0.4099999964237213,0.787007749080658,0.37700775265693665,0.37700775265693665
2,480,34843816224e4edb3a79dacc,2.0899999141693115,1.8795411586761475,-0.21045875549316406,0.21045875549316406
2,481,d84556642dc4d70ffbfdc003,1.5499999523162842,1.7622114419937134,0.2122114896774292,0.2122114896774292
2,482,5952f334820412b37c88b4fe,1.6399999856948853,1.7391256093978882,0.09912562370300293,0.09912562370300293
2,483,17d1698a52e183ad1e563f0a,1.8300000429153442,1.6125565767288208,-0.21744346618652344,0.21744346618652344
2,484,7e9cf25d25547880d22922d4,1.4900000095367432,1.3307932615280151,-0.15920674800872803,0.15920674800872803
2,485,cf1d134240529aaa22df0e14,1.6799999475479126,1.6485353708267212,-0.031464576721191406,0.031464576721191406
2,486,47c940a4d16da8e1d0c904f8,1.4700000286102295,1.3528779745101929,-0.11712205410003662,0.11712205410003662
2,487,1a3e30d715d87c5b46ef8f74,1.9600000381469727,1.6397684812545776,-0.320231556892395,0.320231556892395
2,488,19b2bb901e8cc4db141c15fa,1.7799999713897705,1.5880309343338013,-0.19196903705596924,0.19196903705596924
2,489,6c67f0cfeab587562c4aea24,1.5399999618530273,1.6798251867294312,0.1398252248764038,0.1398252248764038
2,490,4d9a304bc6b9ccd794126d4b,2.369999885559082,1.8646894693374634,-0.5053104162216187,0.5053104162216187
2,491,8119d0e438ae9af7ea6e537d,1.659999966621399,1.6652942895889282,0.005294322967529297,0.005294322967529297
2,492,583080712d06551f8b9bc863,1.350000023841858,1.492049217224121,0.14204919338226318,0.14204919338226318
2,493,7ce05362462c7d1c573c778e,2.3299999237060547,2.0126614570617676,-0.3173384666442871,0.3173384666442871
2,494,0b276887e5b02ac17b19e7a3,1.2899999618530273,1.6511434316635132,0.36114346981048584,0.36114346981048584
2,495,50a58f60a32332be2252ea7a,1.6109999418258667,1.3155368566513062,-0.29546308517456055,0.29546308517456055
2,496,da22635d7fe24544986c134b,2.5829999446868896,2.530216693878174,-0.05278325080871582,0.05278325080871582
2,497,7f32c0e061b486d2d79c75c5,0.33000001311302185,4.156416893005371,3.8264169692993164,3.8264169692993164
2,498,a47503c63cca8a21b5603d9d,4.619999885559082,4.093890190124512,-0.5261096954345703,0.5261096954345703
2,499,a2ba3b3a369bba9e36b6349b,4.119999885559082,4.065519332885742,-0.054480552673339844,0.054480552673339844
2,500,a085e4b396e1d8b47c9862ac,4.099999904632568,3.8634192943573,-0.23658061027526855,0.23658061027526855
2,501,d91850f09b3a89fa02d0b393,2.7200000286102295,2.3395252227783203,-0.3804748058319092,0.3804748058319092
2,502,9d64406d5bacd57febd56c0d,4.25,3.972775459289551,-0.2772245407104492,0.2772245407104492
2,503,c3b31159bca635476ebc0100,4.699999809265137,4.224047660827637,-0.4759521484375,0.4759521484375
2,504,d159e092a50f2eaec63ef31f,2.7799999713897705,2.6386759281158447,-0.14132404327392578,0.14132404327392578
2,505,e47c402c704d7b7569886e15,3.0899999141693115,3.176201343536377,0.08620142936706543,0.08620142936706543
2,506,cf8eca759f052d4aa9f3d177,2.609999895095825,3.6200499534606934,1.0100500583648682,1.0100500583648682
2,507,188d5c75fea8a86b52417e0a,2.259999990463257,2.1333112716674805,-0.12668871879577637,0.12668871879577637
2,508,044f6bbb4661f06c17bf9362,4.860000133514404,3.507819652557373,-1.3521804809570312,1.3521804809570312
2,509,e0babe88eb5108a6e6842675,1.3890000581741333,2.2494583129882812,0.860458254814148,0.860458254814148
2,510,ae6d712005899ae9242ef11a,1.2910000085830688,2.606998920440674,1.315998911857605,1.315998911857605
2,511,349c3c3e7a2aa2ffd79066a3,3.509999990463257,2.674942970275879,-0.8350570201873779,0.8350570201873779
2,512,3c18d71f9247f955b877157b,2.430000066757202,3.9343719482421875,1.5043718814849854,1.5043718814849854
2,513,f17187ebdf7524fcfc9d134f,4.820000171661377,3.998624801635742,-0.8213753700256348,0.8213753700256348
2,514,733918f3693235a9fecac82f,2.880000114440918,2.2992191314697266,-0.5807809829711914,0.5807809829711914
2,515,ca994f65a841667ae35c81b8,2.259999990463257,2.9410393238067627,0.6810393333435059,0.6810393333435059
2,516,d04563dcdf80965e4b4afd6a,3.5,2.667196750640869,-0.8328032493591309,0.8328032493591309
2,517,8949385ee61be76643bdfdb9,4.949999809265137,4.6355438232421875,-0.3144559860229492,0.3144559860229492
2,518,cad25953e54218d936b86985,2.25,4.339352607727051,2.089352607727051,2.089352607727051
2,519,835ab8db3a0c591c02270905,3.619999885559082,2.3786063194274902,-1.2413935661315918,1.2413935661315918
2,520,c1411413621ec89ca2b79b36,2.8399999141693115,2.759366512298584,-0.08063340187072754,0.08063340187072754
2,521,be917fa08f0ca863a0484a69,1.909999966621399,2.7038748264312744,0.7938748598098755,0.7938748598098755
2,522,ce19702a86d28d39dcfb63e1,2.5299999713897705,2.637389659881592,0.10738968849182129,0.10738968849182129
2,523,656c1d0f7e6c899771407aed,2.6989998817443848,2.901186227798462,0.20218634605407715,0.20218634605407715
2,524,81d22625e323f124a0ee7732,3.9670000076293945,4.27891731262207,0.3119173049926758,0.3119173049926758
2,525,7d4947cf3738892e95c9ea24,3.885999917984009,4.135073661804199,0.24907374382019043,0.24907374382019043
2,526,bf8e629372f83929443e8c24,4.076000213623047,4.255225658416748,0.17922544479370117,0.17922544479370117
2,527,c7d86f69333a3a9e5b544e32,0.8539999723434448,0.9195345640182495,0.06553459167480469,0.06553459167480469
2,528,a52c304b2cc8b537a80019d6,3.765000104904175,3.209048271179199,-0.5559518337249756,0.5559518337249756
2,529,7367d4403820c4783870dcae,2.009999990463257,2.566727638244629,0.5567276477813721,0.5567276477813721
2,530,24a71308bbbcac809bdb2652,4.202000141143799,3.9616780281066895,-0.24032211303710938,0.24032211303710938
2,531,c1f393cf397387250431c273,4.2129998207092285,3.881744861602783,-0.3312549591064453,0.3312549591064453
2,532,05e68f1ed86477d5a7fed0a2,3.8959999084472656,4.122465133666992,0.22646522521972656,0.22646522521972656
2,533,c011a9e82cf37058a9c24de2,2.446000099182129,3.4097750186920166,0.9637749195098877,0.9637749195098877
2,534,118fbc3e231f33dbc40775a1,3.885999917984009,4.206511497497559,0.3205115795135498,0.3205115795135498
2,535,41f52da09819a824de391a6b,4.328000068664551,4.176430702209473,-0.15156936645507812,0.15156936645507812
2,536,77e67efef2bd88deb292f708,0.8539999723434448,1.1322910785675049,0.27829110622406006,0.27829110622406006
2,537,f9793ee6661f0726d0baea6a,1.6019999980926514,0.939922034740448,-0.6620779633522034,0.6620779633522034
2,538,3df9d97db5e7ee5d92b84a8f,2.1019999980926514,2.251192569732666,0.14919257164001465,0.14919257164001465
2,539,2db1598c1b19472a5a25d6b1,2.180000066757202,2.217014789581299,0.03701472282409668,0.03701472282409668
2,540,1d2e66bf431727e030370eda,1.309999942779541,0.6353757977485657,-0.6746241450309753,0.6746241450309753
2,541,5e9fb7030268f501314a4787,1.6579999923706055,0.9480933547019958,-0.7099066376686096,0.7099066376686096
2,542,8198f1327c0ef906f045d015,2.1019999980926514,2.7329840660095215,0.6309840679168701,0.6309840679168701
2,543,026fe51137edc1090bdc22c2,0.7730000019073486,0.9364017844200134,0.1634017825126648,0.1634017825126648
2,544,62819e18bf642c461bb66af4,1.0379999876022339,1.309752345085144,0.27175235748291016,0.27175235748291016
2,545,231e1d440d102af23a186081,2.0969998836517334,2.171757459640503,0.07475757598876953,0.07475757598876953
2,546,f5086aa2f9c97ed248d0f14a,2.377000093460083,2.540391445159912,0.1633913516998291,0.1633913516998291
2,547,a8c56bb61d471e3be2518b1c,0.07599999755620956,0.26067593693733215,0.184675931930542,0.184675931930542
2,548,dfdd883aa259d3f69cf063e9,0.5090000033378601,0.6457937955856323,0.13679379224777222,0.13679379224777222
2,549,e5ec5afffcdbe7d0de40ae79,0.8240000009536743,0.8622812628746033,0.038281261920928955,0.038281261920928955
2,550,84d0f3849eee08007e8a6fc0,0.18700000643730164,0.45843198895454407,0.27143198251724243,0.27143198251724243
2,551,4944ffb96ecd68f667850aec,1.3569999933242798,1.6088277101516724,0.2518277168273926,0.2518277168273926
2,552,867787de0a59c29f6fb92a45,1.6019999980926514,1.7780349254608154,0.17603492736816406,0.17603492736816406
2,553,6e11995e26a076ebcc8de7e6,3.3980000019073486,3.407268524169922,0.009268522262573242,0.009268522262573242
2,554,773c166bde5225e1bf0c372e,4.921000003814697,4.559604644775391,-0.36139535903930664,0.36139535903930664
3,0,020d6a033dbe92bc1dacf8f0,0.6200000047683716,1.3174079656600952,0.6974079608917236,0.6974079608917236
3,1,932aaaf877411ec04213acbe,3.6989998817443848,4.09130334854126,0.392303466796875,0.392303466796875
3,2,f73b6e56f693c02991b347e5,3.499000072479248,4.0814313888549805,0.5824313163757324,0.5824313163757324
3,3,9480591557387dcc57ea0db0,3.0309998989105225,3.8094356060028076,0.7784357070922852,0.7784357070922852
3,4,1ec2d335b4cbc8833356bfea,1.9589999914169312,0.8413890600204468,-1.1176109313964844,1.1176109313964844
3,5,d1776e6dbb721b1649bc553a,0.39800000190734863,0.39781874418258667,-0.0001812577247619629,0.0001812577247619629
3,6,341afbbb2064fb37c88220a7,1.524999976158142,1.9948369264602661,0.469836950302124,0.469836950302124
3,7,19c8ab38ebdd889d767e06d9,2.3570001125335693,2.8429155349731445,0.4859154224395752,0.4859154224395752
3,8,ea88d23b6ebffd4230ab8bdc,2.938999891281128,1.7959636449813843,-1.1430362462997437,1.1430362462997437
3,9,72ffe6877c64fa79a7ea4d6c,1.9910000562667847,1.6391347646713257,-0.351865291595459,0.351865291595459
3,10,c5a320b53272cb70f9b1c6a5,2.869999885559082,1.7421363592147827,-1.1278635263442993,1.1278635263442993
3,11,d101448b699b0aba10e6b767,0.0,2.1971304416656494,2.1971304416656494,2.1971304416656494
3,12,dcf8f23e5ad91ab2918ab2fa,0.7009999752044678,1.1217551231384277,0.42075514793395996,0.42075514793395996
3,13,64d32499115da2f9fd262032,1.3980000019073486,1.4407880306243896,0.042788028717041016,0.042788028717041016
3,14,65f75dbf2c42bdc3fca1589c,1.9589999914169312,2.0861172676086426,0.12711727619171143,0.12711727619171143
3,15,53e3f7cbbb27b04634474c56,0.09700000286102295,1.3458987474441528,1.2488987445831299,1.2488987445831299
3,16,5a818bcc3f480fdce0377896,0.9210000038146973,1.30445396900177,0.38345396518707275,0.38345396518707275
3,17,0166164a16708770eca1a49b,1.9589999914169312,1.4393075704574585,-0.5196924209594727,0.5196924209594727
3,18,3396a17d8c03964f7bf114b9,1.1979999542236328,1.106857180595398,-0.09114277362823486,0.09114277362823486
3,19,219322a70922291cd472fb28,2.746999979019165,2.6120262145996094,-0.13497376441955566,0.13497376441955566
3,20,fb3e0d42089f4930fcb7ef92,3.313999891281128,2.977567672729492,-0.33643221855163574,0.33643221855163574
3,21,da8617184ecfd2c1d9c1b021,2.0179998874664307,1.712344765663147,-0.3056551218032837,0.3056551218032837
3,22,0261534c9d03409cbced08d7,2.328000068664551,2.1776540279388428,-0.150346040725708,0.150346040725708
3,23,d1a370a52ec64018ee8728b2,2.9590001106262207,2.601238489151001,-0.3577616214752197,0.3577616214752197
3,24,af146fdf97717f5f860c45e9,1.1490000486373901,0.9181081652641296,-0.2308918833732605,0.2308918833732605
3,25,83a0896da01bfe0cc0844b70,2.2980000972747803,2.1633832454681396,-0.13461685180664062,0.13461685180664062
3,26,11c4e7ae68b884061e109cef,3.5320000648498535,3.4257442951202393,-0.10625576972961426,0.10625576972961426
3,27,17e6afcfab11da25badba6c7,1.4980000257492065,1.52108895778656,0.023088932037353516,0.023088932037353516
3,28,b1f6843f336dc7a177f04139,2.114000082015991,2.0441324710845947,-0.06986761093139648,0.06986761093139648
3,29,426b0a2e45b05e99ddfd86f4,1.878999948501587,2.6764681339263916,0.7974681854248047,0.7974681854248047
3,30,7cd2b4301235a91df87df597,1.4800000190734863,2.234734296798706,0.7547342777252197,0.7547342777252197
3,31,c78b8f631f8ecac48f9aa937,0.7960000038146973,0.8980122804641724,0.1020122766494751,0.1020122766494751
3,32,4f0c293a52d442d6320ac716,1.9210000038146973,2.092437505722046,0.17143750190734863,0.17143750190734863
3,33,bb6e7b2a354d01fa2f1dcaf6,1.409000039100647,1.7518198490142822,0.34281980991363525,0.34281980991363525
3,34,c9764ffcea2fd98723c28c02,2.4089999198913574,2.303936719894409,-0.10506319999694824,0.10506319999694824
3,35,ef689cee0132be927d299089,2.7699999809265137,2.575791597366333,-0.19420838356018066,0.19420838356018066
3,36,98632909ab5215836195d962,0.6990000009536743,1.8624658584594727,1.1634658575057983,1.1634658575057983
3,37,f9304219fe9380bf5575caae,1.6139999628067017,1.2902530431747437,-0.323746919631958,0.323746919631958
3,38,eee0f774bdce3517b96293f0,0.7749999761581421,0.4543887972831726,-0.3206111788749695,0.3206111788749695
3,39,22d7db43008752b6c1d1fb4c,1.4049999713897705,1.6395732164382935,0.23457324504852295,0.23457324504852295
3,40,4ed7e88e251de7b96fa4a43e,1.7719999551773071,2.011852741241455,0.23985278606414795,0.23985278606414795
3,41,f6a9f3d19b5b10b494417542,2.4690001010894775,2.471374750137329,0.0023746490478515625,0.0023746490478515625
3,42,113e6c52eb7e315fb95a5f3d,1.0850000381469727,1.6071416139602661,0.5221415758132935,0.5221415758132935
3,43,d57cdfc0b7865253d03ff721,0.4189999997615814,0.43330106139183044,0.014301061630249023,0.014301061630249023
3,44,cae4fcba9322a1a1ea269051,1.25,1.6184645891189575,0.3684645891189575,0.3684645891189575
3,45,1dae4d79ecd3ac3836a24aea,2.1549999713897705,1.7753926515579224,-0.37960731983184814,0.37960731983184814
3,46,555aa88af366a351438912b3,1.7079999446868896,1.7335950136184692,0.02559506893157959,0.02559506893157959
3,47,c9e965688a84143bb3e876ab,4.455999851226807,3.041121006011963,-1.4148788452148438,1.4148788452148438
3,48,daba6d78ad8c660924f2047b,4.744999885559082,3.5731706619262695,-1.1718292236328125,1.1718292236328125
3,49,6cd8a7e4e593fae2d1391e16,3.9210000038146973,3.5581514835357666,-0.36284852027893066,0.36284852027893066
3,50,72274b1447806c0abd0ae6b0,3.187000036239624,2.486151933670044,-0.7008481025695801,0.7008481025695801
3,51,73810c7d810b86427efe260b,3.5480000972747803,3.1252644062042236,-0.42273569107055664,0.42273569107055664
3,52,9837f65ae2aa3070da8416a3,0.39800000190734863,0.39781874418258667,-0.0001812577247619629,0.0001812577247619629
3,53,babb667a218516cd3b3d5219,1.8389999866485596,3.026573657989502,1.1875736713409424,1.1875736713409424
3,54,dadd108c88063981c9959cdc,0.10199999809265137,0.7919301986694336,0.6899302005767822,0.6899302005767822
3,55,8fb0090e8a623f4289b54b86,0.6779999732971191,0.7951195240020752,0.11711955070495605,0.11711955070495605
3,56,7cebb1410dc6c85f68223c9b,2.0969998836517334,1.9990845918655396,-0.09791529178619385,0.09791529178619385
3,57,604e6090d2ba97ef543fdd3d,1.5230000019073486,1.9031983613967896,0.3801983594894409,0.3801983594894409
3,58,472cd3f55166fb03ab3203b4,2.059999942779541,2.0496513843536377,-0.01034855842590332,0.01034855842590332
3,59,bd745fce14bb9fed067525c7,2.0859999656677246,1.829227328300476,-0.25677263736724854,0.25677263736724854
3,60,f767a4c849a34f1b51e9b6bc,0.5849999785423279,0.4965238571166992,-0.08847612142562866,0.08847612142562866
3,61,ee5531f13c0692bdb00e4b3b,1.7699999809265137,1.6560758352279663,-0.11392414569854736,0.11392414569854736
3,62,ac136eb19e54099def432d0b,1.3569999933242798,1.383506417274475,0.026506423950195312,0.026506423950195312
3,63,2fbc17e57e8d64cd0b8826b3,1.2920000553131104,1.2793649435043335,-0.012635111808776855,0.012635111808776855
3,64,b41c5ee181c2f39401ade9f5,0.8539999723434448,0.501102089881897,-0.35289788246154785,0.35289788246154785
3,65,189fb19311bd634674a2dd78,1.6990000009536743,0.978740930557251,-0.7202590703964233,0.7202590703964233
3,66,c18340a5796a783e93a9f48b,0.8539999723434448,1.0013935565948486,0.1473935842514038,0.1473935842514038
3,67,28e9421753f3faa1091f2856,4.494999885559082,3.9431850910186768,-0.5518147945404053,0.5518147945404053
3,68,6556933d6380511ad0378f8a,2.677999973297119,2.5860650539398193,-0.0919349193572998,0.0919349193572998
3,69,69a1ac1e5fc7238e18ca6c45,0.9629999995231628,1.5645033121109009,0.601503312587738,0.601503312587738
3,70,50d5d95d9cf2af3c90590bfc,0.6779999732971191,0.5964720249176025,-0.0815279483795166,0.0815279483795166
3,71,267136f175a75254658a16a6,2.7699999809265137,2.332793712615967,-0.4372062683105469,0.4372062683105469
3,72,7a9bee2c418660eef4425021,3.4690001010894775,2.7136356830596924,-0.7553644180297852,0.7553644180297852
3,73,25a468ede76e68aaca3ef048,2.377000093460083,2.1190860271453857,-0.25791406631469727,0.25791406631469727
3,74,c76c4e82d80374ef167c3c65,1.649999976158142,1.5780326128005981,-0.07196736335754395,0.07196736335754395
3,75,7fe34fe709540625560b9c5d,2.0399999618530273,1.9557908773422241,-0.08420908451080322,0.08420908451080322
3,76,fe1802ef61594b7a563e6f1f,2.859999895095825,2.8252623081207275,-0.034737586975097656,0.034737586975097656
3,77,b80000f88bbecf7fc12e2710,2.114000082015991,2.0441324710845947,-0.06986761093139648,0.06986761093139648
3,78,a6b2c25d5d8262fd4663e239,3.0409998893737793,2.885895013809204,-0.1551048755645752,0.1551048755645752
3,79,7effd6b33b7941e4cb377014,0.5540000200271606,0.506470263004303,-0.047529757022857666,0.047529757022857666
3,80,09e1d8cc281da1500fd859c1,1.5920000076293945,1.3944182395935059,-0.19758176803588867,0.19758176803588867
3,81,b3a4c8333b50c007225baf8d,1.4800000190734863,2.234734296798706,0.7547342777252197,0.7547342777252197
3,82,6357042a78256b9edb2e5c5b,1.6950000524520874,1.668932318687439,-0.026067733764648438,0.026067733764648438
3,83,d8197e2686913dc4b550c551,2.0510001182556152,1.9786707162857056,-0.07232940196990967,0.07232940196990967
3,84,ed1781c2300b5152645f54ff,0.5329999923706055,2.485966920852661,1.9529669284820557,1.9529669284820557
3,85,50250177e86c4a5b895b8bcb,2.4809999465942383,2.514807939529419,0.033807992935180664,0.033807992935180664
3,86,ab80411c8b6b2b0dc366bd73,3.997999906539917,3.932948350906372,-0.06505155563354492,0.06505155563354492
3,87,87b10cef5bdebdeef9c002de,4.297999858856201,4.114718437194824,-0.18328142166137695,0.18328142166137695
3,88,bbbd9f1bb89d6bcd3884ba97,3.427999973297119,3.4802894592285156,0.052289485931396484,0.052289485931396484
3,89,7b3917680cb9fad794dc0fdd,3.5380001068115234,3.479222059249878,-0.05877804756164551,0.05877804756164551
3,90,92ff6f8562d96d97fb8fde38,3.2880001068115234,3.2707340717315674,-0.017266035079956055,0.017266035079956055
3,91,1ec1f61e863fdc1a5fd041aa,2.009999990463257,1.980674386024475,-0.02932560443878174,0.02932560443878174
3,92,9ef0201f79f3077e1b960682,2.359999895095825,1.8009147644042969,-0.5590851306915283,0.5590851306915283
3,93,7d731c9871eb9de49d078226,2.2699999809265137,2.2666242122650146,-0.0033757686614990234,0.0033757686614990234
3,94,ee129642434ddc5b6232541c,2.5,2.287398099899292,-0.212601900100708,0.212601900100708
3,95,8598b67f4417015906e719d0,2.1500000953674316,1.750792145729065,-0.3992079496383667,0.3992079496383667
3,96,b80d04c8369a0a5ece7366a5,4.079999923706055,3.4669692516326904,-0.6130306720733643,0.6130306720733643
3,97,f97d5cdaa22ac3dd8b0c82aa,3.75,3.70103120803833,-0.04896879196166992,0.04896879196166992
3,98,9f600be6d42c336b67489bf3,3.809999942779541,3.732250452041626,-0.07774949073791504,0.07774949073791504
3,99,823718f7faf6bb1862f2ccaf,0.6499999761581421,1.170333981513977,0.520334005355835,0.520334005355835
3,100,1673f912c090dbd654411031,0.8799999952316284,0.34905606508255005,-0.5309439301490784,0.5309439301490784
3,101,1dd401480f9eefb5624e07ee,0.41999998688697815,0.7770092487335205,0.35700926184654236,0.35700926184654236
3,102,d7204514a078d105cbe8c58d,0.6100000143051147,0.8007503151893616,0.19075030088424683,0.19075030088424683
3,103,373a090ee2e525252619b5cd,1.9500000476837158,1.0108611583709717,-0.9391388893127441,0.9391388893127441
3,104,21fdce03e03d7d9abae7ab96,1.2699999809265137,0.45891302824020386,-0.8110869526863098,0.8110869526863098
3,105,ca9484a751fff74463355d4c,0.6800000071525574,0.22668446600437164,-0.4533155560493469,0.4533155560493469
3,106,743fc322840f13c3b7bd7626,1.059999942779541,0.447800874710083,-0.612199068069458,0.612199068069458
3,107,20ba16285245379ed514d5f7,0.550000011920929,0.41714492440223694,-0.13285508751869202,0.13285508751869202
3,108,fd3a005a1a3ced37c6728157,0.3499999940395355,0.6442446708679199,0.2942446768283844,0.2942446768283844
3,109,fb1f4dbc2463b9a935db8d66,1.0499999523162842,0.32117488980293274,-0.7288250923156738,0.7288250923156738
3,110,303ac1031669b1a6326ae3de,1.1699999570846558,0.7653262615203857,-0.40467369556427,0.40467369556427
3,111,644b5717ec7ef8203decc954,0.8299999833106995,1.9920507669448853,1.162050724029541,1.162050724029541
3,112,8cc0df4c762acbea8e9b5b10,0.9700000286102295,0.7309723496437073,-0.23902767896652222,0.23902767896652222
3,113,3d55222ec507db21a6f5050b,0.7300000190734863,0.7172293663024902,-0.012770652770996094,0.012770652770996094
3,114,ecd6f5fa861ef7ee4620e0ab,1.2100000381469727,0.8624762296676636,-0.3475238084793091,0.3475238084793091
3,115,82e3af9f6f5e50232a3cfb9d,0.9599999785423279,1.1816736459732056,0.22167366743087769,0.22167366743087769
3,116,43bd0d163a06ae20c4435f41,0.7599999904632568,0.8588816523551941,0.09888166189193726,0.09888166189193726
3,117,0ad1280cf3cef9e43fbf595d,0.9200000166893005,0.9615569114685059,0.04155689477920532,0.04155689477920532
3,118,2ebc95975512401c6de77911,0.949999988079071,0.6482546329498291,-0.30174535512924194,0.30174535512924194
3,119,81456ac46d54cc68bfc21d45,1.1699999570846558,1.0642569065093994,-0.10574305057525635,0.10574305057525635
3,120,09c89ac3145c3ddba2d199d3,1.2100000381469727,1.0745915174484253,-0.13540852069854736,0.13540852069854736
3,121,39e0a277f4856aee7a7c6b30,2.799999952316284,3.105522394180298,0.30552244186401367,0.30552244186401367
3,122,fc241b6d351414f450ac4351,3.9200000762939453,3.154210329055786,-0.7657897472381592,0.7657897472381592
3,123,11921f05e854171f442148c6,0.8240000009536743,0.9168517589569092,0.09285175800323486,0.09285175800323486
3,124,733b82dfff7c75249229012f,0.18700000643730164,0.5419286489486694,0.3549286425113678,0.3549286425113678
3,125,fbe6ada58f131aae38618bee,1.6019999980926514,1.7665785551071167,0.16457855701446533,0.16457855701446533
3,126,46676f6c1507f314170e3eee,3.0,3.52006196975708,0.5200619697570801,0.5200619697570801
3,127,c09f733b6448e534e58c735a,3.9790000915527344,2.626469850540161,-1.3525302410125732,1.3525302410125732
3,128,afd346fa6e8023b0343689db,1.8200000524520874,2.840888738632202,1.0208886861801147,1.0208886861801147
3,129,555e68f203f18ce5c3ecfd6f,3.6600000858306885,1.4181121587753296,-2.2418880462646484,2.2418880462646484
3,130,f8ee33cb345eb2ae1117a548,2.0399999618530273,2.509251832962036,0.4692518711090088,0.4692518711090088
3,131,5e989804fe8eca09b33dd0c1,2.8499999046325684,2.5623342990875244,-0.28766560554504395,0.28766560554504395
3,132,2562baa3fac767197baad592,2.8299999237060547,2.571629285812378,-0.25837063789367676,0.25837063789367676
3,133,b37b9bfb21cf9a865dcbd4be,2.609999895095825,2.61100172996521,0.0010018348693847656,0.0010018348693847656
3,134,ad6ab8ef23011d8ff9b24196,2.369999885559082,2.63936448097229,0.269364595413208,0.269364595413208
3,135,0d86691de8f40539c8e5a5fd,2.9200000762939453,2.661693572998047,-0.25830650329589844,0.25830650329589844
3,136,50ac475c7f97f289ca81bcb1,2.7300000190734863,2.7805769443511963,0.05057692527770996,0.05057692527770996
3,137,e692193dcee9afe9bdc58d75,2.430000066757202,2.7270872592926025,0.2970871925354004,0.2970871925354004
3,138,3878e3ad88a0bb745f848548,2.640000104904175,2.6993982791900635,0.05939817428588867,0.05939817428588867
3,139,706d634e70748ed0b5404e6a,3.069999933242798,2.429733991622925,-0.640265941619873,0.640265941619873
3,140,d2a3d78afc35c34616479c8e,2.9800000190734863,2.521352529525757,-0.4586474895477295,0.4586474895477295
3,141,92f05f0d613e273c25c5bc19,2.6600000858306885,2.9213855266571045,0.261385440826416,0.261385440826416
3,142,056b7695f0fe5a854111c5a5,1.899999976158142,0.9931919574737549,-0.9068080186843872,0.9068080186843872
3,143,fc1cb3bb8ec61f786303bf1c,1.409999966621399,0.9747755527496338,-0.43522441387176514,0.43522441387176514
3,144,b8368de6c5ebb1cf79b5566b,1.0199999809265137,0.4300161898136139,-0.5899838209152222,0.5899838209152222
3,145,f1ea2d0329a77d8fb4d6eb75,0.800000011920929,1.1619670391082764,0.3619670271873474,0.3619670271873474
3,146,2d66602276646b936c39683e,2.5299999713897705,1.2188831567764282,-1.3111168146133423,1.3111168146133423
3,147,3d8a9e8b43eb9d22e76565f1,1.090000033378601,1.13616144657135,0.04616141319274902,0.04616141319274902
3,148,b79c492cb51b08e3d4d6d46c,1.9600000381469727,0.98656165599823,-0.9734383821487427,0.9734383821487427
3,149,040523ce4a83d0593e28e368,0.8700000047683716,1.0718488693237305,0.2018488645553589,0.2018488645553589
3,150,edf2110000df86c1fe7f623c,1.309999942779541,0.9739603996276855,-0.33603954315185547,0.33603954315185547
3,151,76741651c090d65da0e59069,1.149999976158142,1.1610430479049683,0.011043071746826172,0.011043071746826172
3,152,599dd8aefee3cda60fd9796a,1.090000033378601,1.1393656730651855,0.04936563968658447,0.04936563968658447
3,153,e250734c5818a0e304fec227,1.940000057220459,0.6830589771270752,-1.2569410800933838,1.2569410800933838
3,154,f100002fc76bf1a4c765838d,0.9200000166893005,0.7663635611534119,-0.15363645553588867,0.15363645553588867
3,155,4d6381eb00f24de0f01d000b,1.4500000476837158,1.1507045030593872,-0.2992955446243286,0.2992955446243286
3,156,39d9ccfe5ecf64eaacb98113,1.1299999952316284,1.094589352607727,-0.03541064262390137,0.03541064262390137
3,157,da3727084d5128a03fd9d56d,1.7300000190734863,1.007663369178772,-0.7223366498947144,0.7223366498947144
3,158,227a3d3b8dc15e30bbb54fa0,1.5299999713897705,1.4213149547576904,-0.10868501663208008,0.10868501663208008
3,159,8f9f568a2bf676d60cee7836,2.009999990463257,0.9941813945770264,-1.0158185958862305,1.0158185958862305
3,160,60c7e93876f598350b14443e,1.340000033378601,1.5542269945144653,0.21422696113586426,0.21422696113586426
3,161,3f03538e3f63fd4155ca5c2f,1.4800000190734863,1.6497689485549927,0.16976892948150635,0.16976892948150635
3,162,233b913f18b2e760d3b1429c,1.0800000429153442,1.2817153930664062,0.201715350151062,0.201715350151062
3,163,cd3a5c1f1bd5d1ee34057760,1.4600000381469727,1.3473507165908813,-0.11264932155609131,0.11264932155609131
3,164,6dc79bde751d9b70fde9c5ca,1.9199999570846558,1.138344407081604,-0.7816555500030518,0.7816555500030518
3,165,d4e1fed9cf1d4e166a8e7bea,1.649999976158142,1.9615122079849243,0.3115122318267822,0.3115122318267822
3,166,8fd89829118968113e17473a,1.309999942779541,1.2536866664886475,-0.056313276290893555,0.056313276290893555
3,167,b86a656d76660ec864093b87,1.9199999570846558,1.7001231908798218,-0.21987676620483398,0.21987676620483398
3,168,1869f13705836979206b0de9,2.140000104904175,0.7296439409255981,-1.4103561639785767,1.4103561639785767
3,169,0c8172f1f314c7fb9bd5e0ed,0.6200000047683716,1.3203891515731812,0.7003891468048096,0.7003891468048096
3,170,597cbe9f55f1a2be9c5437b9,1.4700000286102295,1.4821239709854126,0.012123942375183105,0.012123942375183105
3,171,d2f4ca12319af29fff5353a0,2.4000000953674316,0.8954193592071533,-1.5045807361602783,1.5045807361602783
3,172,aae8acfbfb51e8e6467ca409,1.6699999570846558,1.687354564666748,0.017354607582092285,0.017354607582092285
3,173,088f3467e1bb81c4679e4ca8,1.5,1.439918041229248,-0.06008195877075195,0.06008195877075195
3,174,d755b0337f1c1bb6e3e4e8d8,1.3300000429153442,1.4237548112869263,0.09375476837158203,0.09375476837158203
3,175,089f15d884c952d56e97d346,1.600000023841858,1.2818878889083862,-0.3181121349334717,0.3181121349334717
3,176,7eab173c82fc746f7a3c5abb,1.350000023841858,1.6482129096984863,0.2982128858566284,0.2982128858566284
3,177,10c77f9a8674aaefaa691419,1.600000023841858,1.621605396270752,0.021605372428894043,0.021605372428894043
3,178,b6a474610a6e43d3f953ce8d,1.409999966621399,1.324440598487854,-0.08555936813354492,0.08555936813354492
3,179,67a6c5f48176ec1f55ad6238,1.7999999523162842,1.8104733228683472,0.010473370552062988,0.010473370552062988
3,180,7959f563cc22b34caf61af98,1.3300000429153442,1.3108861446380615,-0.019113898277282715,0.019113898277282715
3,181,042d37f05ef32da09f26e907,1.3899999856948853,1.7475038766860962,0.35750389099121094,0.35750389099121094
3,182,82a641fca032c624b484f233,0.5600000023841858,1.1381546258926392,0.5781546235084534,0.5781546235084534
3,183,25bd0c7444d8ed7c978f04df,1.7200000286102295,0.8049951195716858,-0.9150049090385437,0.9150049090385437
3,184,ad12029880f2d28b72e81898,0.5899999737739563,0.7814741134643555,0.19147413969039917,0.19147413969039917
3,185,2269e8a00a1f77ef9fdab66d,1.4500000476837158,1.879870057106018,0.42987000942230225,0.42987000942230225
3,186,57283fac7f0efa1a8f1550a4,1.6399999856948853,1.2327369451522827,-0.40726304054260254,0.40726304054260254
3,187,c2794f22ec2d265c79f59bac,0.9599999785423279,1.2226370573043823,0.26263707876205444,0.26263707876205444
3,188,f286d1b7436f0840d45ae18c,2.2799999713897705,1.2726446390151978,-1.0073553323745728,1.0073553323745728
3,189,ea5f23899f812ff8b3afc5b8,1.1699999570846558,1.024610996246338,-0.14538896083831787,0.14538896083831787
3,190,25f15bc74da37c85a7207f02,0.8199999928474426,0.9632742404937744,0.1432742476463318,0.1432742476463318
3,191,c8d4e708416ddb2fc22a4f28,1.6100000143051147,1.3500176668167114,-0.2599823474884033,0.2599823474884033
3,192,6ea1feb563d3d5e1354cf9be,1.0,0.7307947874069214,-0.2692052125930786,0.2692052125930786
3,193,f57d32f9f0fede0ad738fd52,1.0499999523162842,0.9665496349334717,-0.0834503173828125,0.0834503173828125
3,194,00cf25f4a38d43f1e60b16df,0.8500000238418579,1.6416722536087036,0.7916722297668457,0.7916722297668457
3,195,7b7ca83646fee7e052a9f4c3,2.115000009536743,2.145409345626831,0.03040933609008789,0.03040933609008789
3,196,293f9c71b3d872df0e5793d3,2.1760001182556152,2.08724045753479,-0.0887596607208252,0.0887596607208252
3,197,b7bdaad48f84df79a4aa7412,1.5230000019073486,1.9552632570266724,0.43226325511932373,0.43226325511932373
3,198,7c5d0979ff6c94f6491abee1,2.4700000286102295,3.6134588718414307,1.1434588432312012,1.1434588432312012
3,199,ba82f2fe89a9416b447b7aab,1.9800000190734863,1.0063542127609253,-0.973645806312561,0.973645806312561
3,200,0c8353055ca36eb04fc09e3b,0.8899999856948853,1.141658902168274,0.25165891647338867,0.25165891647338867
3,201,f1e1ecda98aad248a4a1a933,1.059999942779541,0.581714391708374,-0.478285551071167,0.478285551071167
3,202,50ea05051954582df00c1838,0.23999999463558197,0.6505232453346252,0.4105232357978821,0.4105232357978821
3,203,5af8662bd64e2b2849ab2fce,1.1799999475479126,0.606891393661499,-0.5731085538864136,0.5731085538864136
3,204,54f1e3df1204014dd74da02e,1.0800000429153442,1.4308112859725952,0.350811243057251,0.350811243057251
3,205,5de48b49c7e2521297f5230e,1.149999976158142,0.8886106014251709,-0.2613893747329712,0.2613893747329712
3,206,5aa25ec705952f1fad5ef25d,2.377000093460083,2.3941423892974854,0.017142295837402344,0.017142295837402344
3,207,fcf24a7fc54f96da190fca40,0.27000001072883606,0.4407627582550049,0.17076274752616882,0.17076274752616882
3,208,ee17f2434ed3a1846df56939,1.059999942779541,0.65827476978302,-0.401725172996521,0.401725172996521
3,209,eb2e9e44c490c9b406643c1b,1.6100000143051147,0.9599350690841675,-0.6500649452209473,0.6500649452209473
3,210,5fa9af179dc2666e1a1b7be1,0.699999988079071,0.855148196220398,0.1551482081413269,0.1551482081413269
3,211,c7375f4e11f00cd0017be7d2,1.3700000047683716,1.3772293329238892,0.007229328155517578,0.007229328155517578
3,212,5a546a0823711885e113e395,0.8600000143051147,0.7612096071243286,-0.09879040718078613,0.09879040718078613
3,213,68d7f017f3848cc9ff9e3a6c,0.550000011920929,0.5887941122055054,0.038794100284576416,0.038794100284576416
3,214,bd9908e74b5a7128eba2adcd,1.5429999828338623,1.3317734003067017,-0.21122658252716064,0.21122658252716064
3,215,a1d55e53410a77bdcbe29350,1.1699999570846558,0.9593169689178467,-0.21068298816680908,0.21068298816680908
3,216,3ba2f68ac35bffb8fc2951ba,0.8999999761581421,0.7756020426750183,-0.12439793348312378,0.12439793348312378
3,217,a51f966e03b4bf590c9ceb29,0.4099999964237213,0.7731989026069641,0.3631989061832428,0.3631989061832428
3,218,98ebf84c1f9ed943bb322ace,0.6000000238418579,0.8499807119369507,0.24998068809509277,0.24998068809509277
3,219,aafaf3a74cd974355ac1289f,1.6749999523162842,1.7294776439666748,0.054477691650390625,0.054477691650390625
3,220,989c3195f1b4db893eb8afb8,1.5809999704360962,1.6331348419189453,0.05213487148284912,0.05213487148284912
3,221,63cdff5fe813717596c15f57,1.5449999570846558,1.4238065481185913,-0.12119340896606445,0.12119340896606445
3,222,a03b3538cece31bea7c024da,2.7929999828338623,2.7974982261657715,0.00449824333190918,0.00449824333190918
3,223,1ab5dbc97866722e13837232,0.257999986410141,0.2149556428194046,-0.04304434359073639,0.04304434359073639
3,224,ea8f396b8876d07006b8ca61,1.0549999475479126,0.6443285942077637,-0.4106713533401489,0.4106713533401489
3,225,011010f2c2906f7e0d2e56a6,0.593999981880188,0.5080786943435669,-0.0859212875366211,0.0859212875366211
3,226,da85a592c6e724939f28c351,0.2849999964237213,1.4872781038284302,1.2022781372070312,1.2022781372070312
3,227,583656ead3ea5f5b9ab781ea,0.5479999780654907,1.1644939184188843,0.6164939403533936,0.6164939403533936
3,228,eaf87ac187e1c545d8923e4f,0.35100001096725464,2.063410997390747,1.7124109268188477,1.7124109268188477
3,229,5346174bc38c78f642b460d1,1.559000015258789,1.7203713655471802,0.1613713502883911,0.1613713502883911
3,230,c780300174dd217bf07c57de,2.2929999828338623,2.1705291271209717,-0.12247085571289062,0.12247085571289062
3,231,5d15fe7ea1ca3db846ac57e7,2.2230000495910645,2.2856547832489014,0.06265473365783691,0.06265473365783691
3,232,7f5d02476f204a920de48e59,2.569000005722046,2.4780006408691406,-0.09099936485290527,0.09099936485290527
3,233,f4fbdf4e97fd3c9b365ed9b6,2.8259999752044678,2.616157293319702,-0.20984268188476562,0.20984268188476562
3,234,e5c54be8d102928e735ce0e5,2.5299999713897705,2.4314115047454834,-0.09858846664428711,0.09858846664428711
3,235,e12c9202dd0d6898c9407f14,2.565000057220459,2.4929463863372803,-0.07205367088317871,0.07205367088317871
3,236,8cf56c9243b1379aa583506b,1.4980000257492065,1.5590543746948242,0.061054348945617676,0.061054348945617676
3,237,7e671475710e8e5f2d285ff2,3.9560000896453857,2.814002275466919,-1.1419978141784668,1.1419978141784668
3,238,61dc27d243d66ff397d13541,2.4590001106262207,2.162471055984497,-0.29652905464172363,0.29652905464172363
3,239,255813ed4de6a95bf54a9976,1.8639999628067017,2.8732657432556152,1.0092657804489136,1.0092657804489136
3,240,a22c1b38663789bf9a8c25e5,3.385999917984009,1.923801064491272,-1.4621988534927368,1.4621988534927368
3,241,a7b28cab7a62bf9d2f65b6b3,0.9300000071525574,1.2063428163528442,0.27634280920028687,0.27634280920028687
3,242,862df52f1d60ad228cf3400d,1.2699999809265137,1.3194159269332886,0.0494159460067749,0.0494159460067749
3,243,42e231a41fee833171d37ddd,1.809999942779541,0.6674700975418091,-1.142529845237732,1.142529845237732
3,244,19cf6f486a82eb2a8b8c4c7f,1.850000023841858,1.8975106477737427,0.047510623931884766,0.047510623931884766
3,245,7bf65b12a5cec89fc9f33734,1.8200000524520874,1.5638848543167114,-0.256115198135376,0.256115198135376
3,246,f57f4e2bd716779d57b07a3f,1.9199999570846558,2.000093698501587,0.08009374141693115,0.08009374141693115
3,247,360d9e0fb7e7ece6e4deab4b,2.1700000762939453,1.9170907735824585,-0.2529093027114868,0.2529093027114868
3,248,05389a315c6a669867b5f7ad,1.7699999809265137,1.975009560585022,0.2050095796585083,0.2050095796585083
3,249,b0543cf30245b2245876bf3f,1.840000033378601,1.9876190423965454,0.14761900901794434,0.14761900901794434
3,250,db899870a43a268e2ffbcd43,1.9700000286102295,1.8620725870132446,-0.10792744159698486,0.10792744159698486
3,251,9c83c4e740cd6ab2ed7c4d5d,1.9800000190734863,1.9624186754226685,-0.01758134365081787,0.01758134365081787
3,252,917708ffde21eaa1d9d745ef,2.069999933242798,1.9500724077224731,-0.11992752552032471,0.11992752552032471
3,253,f41322817b42b8ab9c8b6327,1.8600000143051147,1.7169605493545532,-0.14303946495056152,0.14303946495056152
3,254,280de54fe68b97dc8ea6e0a2,2.200000047683716,1.8315285444259644,-0.36847150325775146,0.36847150325775146
3,255,d9925b2a2dad395bbd99773a,1.850000023841858,1.8824933767318726,0.03249335289001465,0.03249335289001465
3,256,a0aaa629c1d04b2286a0403a,2.5439999103546143,1.5326896905899048,-1.0113102197647095,1.0113102197647095
3,257,8f19b31b6a6d4a48e3fe1c64,1.184000015258789,1.8170446157455444,0.6330446004867554,0.6330446004867554
3,258,62571f914b3b3a5aa9155004,1.8760000467300415,2.9119038581848145,1.035903811454773,1.035903811454773
3,259,4cfce08b82d62b68f7674fdb,1.9900000095367432,1.7830780744552612,-0.20692193508148193,0.20692193508148193
3,260,fe87f5fdace02b6d72864ee6,2.4000000953674316,2.019969940185547,-0.38003015518188477,0.38003015518188477
3,261,e0420db7d44c86112a686c9b,1.9600000381469727,1.2102386951446533,-0.7497613430023193,0.7497613430023193
3,262,944427cbf280a6e219065471,2.1500000953674316,2.068845510482788,-0.08115458488464355,0.08115458488464355
3,263,befd8f41df2dd399fbefe0d2,2.049999952316284,1.8233615159988403,-0.22663843631744385,0.22663843631744385
3,264,49026d975227a58bec49d030,2.240000009536743,2.025231122970581,-0.2147688865661621,0.2147688865661621
3,265,f57da84f9a8b16e36a0634a9,2.2300000190734863,2.19218373298645,-0.03781628608703613,0.03781628608703613
3,266,5564c35e8ab2b230bb688caa,2.130000114440918,2.130413055419922,0.00041294097900390625,0.00041294097900390625
3,267,eee633c72d1c8fa9cb45c786,1.659999966621399,1.6975419521331787,0.037541985511779785,0.037541985511779785
3,268,2c65f677037b6cd50a84ec4d,2.069999933242798,1.8550325632095337,-0.21496737003326416,0.21496737003326416
3,269,02728784185fc871ae8f4aca,2.2799999713897705,2.008340358734131,-0.27165961265563965,0.27165961265563965
3,270,fd36ad24aa0c519f571547d5,2.059999942779541,1.7125433683395386,-0.34745657444000244,0.34745657444000244
3,271,2d9b51afe50031205f88af88,2.190000057220459,2.069816827774048,-0.12018322944641113,0.12018322944641113
3,272,4837a30e0822ed92b2f40a5b,2.2100000381469727,1.7275573015213013,-0.4824427366256714,0.4824427366256714
3,273,adbc605c8f31b4391bb27a0e,2.430000066757202,1.8501513004302979,-0.5798487663269043,0.5798487663269043
3,274,4fd69b72854cd0b76cf3c902,2.200000047683716,1.8777886629104614,-0.3222113847732544,0.3222113847732544
3,275,b918d4aa8163b4ce6db4c2ac,2.0799999237060547,1.8064194917678833,-0.2735804319381714,0.2735804319381714
3,276,b2dd5200558a5a11a9925b08,2.0399999618530273,1.1332199573516846,-0.9067800045013428,0.9067800045013428
3,277,3354fff3ce8e18b6d84f3574,2.0299999713897705,1.8606319427490234,-0.16936802864074707,0.16936802864074707
3,278,ffe221b330f5089462715984,0.20999999344348907,0.5901919007301331,0.3801919221878052,0.3801919221878052
3,279,b958463504a1e3070a3b500e,0.25,0.7731417417526245,0.5231417417526245,0.5231417417526245
3,280,4344b0cc9a069fb93e9058de,0.6800000071525574,0.1568552702665329,-0.5231447219848633,0.5231447219848633
3,281,83f2731c65403363865558d1,0.36000001430511475,0.3359576165676117,-0.024042397737503052,0.024042397737503052
3,282,1c7d86682c4e9d13b94e9082,1.1100000143051147,0.5707555413246155,-0.5392444729804993,0.5392444729804993
3,283,dc2c36360c976a3c064c307a,0.7799999713897705,0.42358267307281494,-0.35641729831695557,0.35641729831695557
3,284,2594e93fca47acc264611370,0.23999999463558197,0.4536745548248291,0.21367456018924713,0.21367456018924713
3,285,fd36515627a6456520c7b44b,0.47999998927116394,0.9289572834968567,0.44895729422569275,0.44895729422569275
3,286,3e2b2a15c0dd8bf0cbd7ecdd,0.27000001072883606,0.24807094037532806,-0.021929070353507996,0.021929070353507996
3,287,b1d0780af8d3cd37411d71c6,0.6100000143051147,0.6675664186477661,0.05756640434265137,0.05756640434265137
3,288,6d4799dfd989e3d4f69efc04,0.5099999904632568,0.5890696048736572,0.07906961441040039,0.07906961441040039
3,289,a58ad0aab9b371b9143531fa,0.27000001072883606,0.6145238876342773,0.3445238769054413,0.3445238769054413
3,290,8f43f43b281e5c1e957a1fcf,0.46000000834465027,0.6001707911491394,0.14017078280448914,0.14017078280448914
3,291,94587384e090dc4a40f178af,1.5299999713897705,1.1374975442886353,-0.39250242710113525,0.39250242710113525
3,292,8722c15ee0c6db1ede686d86,0.03999999910593033,0.8769041895866394,0.8369041681289673,0.8369041681289673
3,293,e6b0c5fa735a18e90d7e3a8e,0.3499999940395355,0.8774629831314087,0.5274629592895508,0.5274629592895508
3,294,e668276ab03022a10fee07d1,0.7900000214576721,1.2647340297698975,0.47473400831222534,0.47473400831222534
3,295,4e2f512b5781ef43d14df575,2.119999885559082,1.7047773599624634,-0.41522252559661865,0.41522252559661865
3,296,8539eab9d8eaa0bb9987e070,0.6299999952316284,0.8230135440826416,0.19301354885101318,0.19301354885101318
3,297,f080cd0d0e4e8052c591d9d7,0.18000000715255737,1.1642543077468872,0.9842543005943298,0.9842543005943298
3,298,681f930b10501723f6ef135c,0.41999998688697815,1.4023566246032715,0.9823566675186157,0.9823566675186157
3,299,612435bf0b72eeee91fe6fc9,1.8600000143051147,2.2192161083221436,0.3592160940170288,0.3592160940170288
3,300,5c82a02340e048a797a545a2,1.9700000286102295,2.4694812297821045,0.499481201171875,0.499481201171875
3,301,ea3b6d20326b1c45076e0341,1.5499999523162842,2.1106276512145996,0.5606276988983154,0.5606276988983154
3,302,1a6a1767bab331a34d23e32f,1.8799999952316284,1.4655951261520386,-0.41440486907958984,0.41440486907958984
3,303,236f40931559a3ad8ba8ba1c,3.069999933242798,1.6103482246398926,-1.4596517086029053,1.4596517086029053
3,304,eb62a012c306318f670a15a8,2.009999990463257,1.836121916770935,-0.17387807369232178,0.17387807369232178
3,305,ea6935b11b2dc249fd34e633,2.549999952316284,2.075354814529419,-0.47464513778686523,0.47464513778686523
3,306,012a46243869392bcb83cbcc,1.5700000524520874,1.817092776298523,0.24709272384643555,0.24709272384643555
3,307,8d58d646ca5340527618a8e2,2.890000104904175,1.6572593450546265,-1.2327407598495483,1.2327407598495483
3,308,1fcadbc67c8ae5be8cd9ad1f,1.9299999475479126,1.7662348747253418,-0.1637650728225708,0.1637650728225708
3,309,a9107e52c93c63ed75bc64f9,1.9199999570846558,1.9641996622085571,0.04419970512390137,0.04419970512390137
3,310,c0a2936e7e48ef98ac2f78a5,2.190000057220459,1.609913945198059,-0.5800861120223999,0.5800861120223999
3,311,6a0f8b63a09173d2ebfbddce,2.740000009536743,1.5173389911651611,-1.222661018371582,1.222661018371582
3,312,bd6a510af25240b22f7445db,1.7100000381469727,1.8356465101242065,0.1256464719772339,0.1256464719772339
3,313,bbf10677939c8fc8bb4d9e70,2.380000114440918,1.8202533721923828,-0.5597467422485352,0.5597467422485352
3,314,6236d52613954c1208bfbacc,1.7699999809265137,1.5840035676956177,-0.185996413230896,0.185996413230896
3,315,bffa6dbf02f4b5e1a22f26a1,2.0299999713897705,1.810602068901062,-0.2193979024887085,0.2193979024887085
3,316,36264f0e1e61c04107f67e1e,1.6200000047683716,1.4574108123779297,-0.1625891923904419,0.1625891923904419
3,317,58a963921f608be4b3463b65,0.6899999976158142,1.3658462762832642,0.67584627866745,0.67584627866745
3,318,7117863699488c25b35bd624,2.3399999141693115,2.390899419784546,0.050899505615234375,0.050899505615234375
3,319,f0d7864336cac4c41141b7f8,2.2899999618530273,2.176905632019043,-0.11309432983398438,0.11309432983398438
3,320,2a0601c9019a9ee6aaa78ae8,2.1700000762939453,2.05806565284729,-0.11193442344665527,0.11193442344665527
3,321,45caa73ef6bb6b8e8afac530,1.7100000381469727,1.0246564149856567,-0.6853436231613159,0.6853436231613159
3,322,4fc21828a63bafab06a46158,0.9300000071525574,1.9429806470870972,1.0129806995391846,1.0129806995391846
3,323,0c4ace7419e8ac555c44fbd6,0.7599999904632568,0.664310097694397,-0.09568989276885986,0.09568989276885986
3,324,705a10c32461b5adc8732cd1,0.27000001072883606,0.5360170006752014,0.26601698994636536,0.26601698994636536
3,325,6585222c732283853cd05c59,1.6399999856948853,0.7482692003250122,-0.891730785369873,0.891730785369873
3,326,3731c7baa62d2d98d21424d3,0.800000011920929,1.0420852899551392,0.2420852780342102,0.2420852780342102
3,327,1d46522dd71eaf91f3ef48cc,0.6200000047683716,0.8996731638908386,0.27967315912246704,0.27967315912246704
3,328,35559745c169299d939a9a42,0.3799999952316284,0.9525554180145264,0.572555422782898,0.572555422782898
3,329,7dc30ad70450bcf85780038d,0.8899999856948853,1.262818694114685,0.3728187084197998,0.3728187084197998
3,330,df41eadf3ddb86609263869e,0.46000000834465027,1.3844107389450073,0.9244107007980347,0.9244107007980347
3,331,24ced8d517519d7f771a16f3,0.9300000071525574,1.3411304950714111,0.41113048791885376,0.41113048791885376
3,332,0a02ad39806838996c5036fc,1.2200000286102295,1.6141318082809448,0.39413177967071533,0.39413177967071533
3,333,ba3a85f8a84d2027bdb6e18a,0.9300000071525574,1.4906959533691406,0.5606959462165833,0.5606959462165833
3,334,4e2f417e5ae9dc27e65cebc1,2.0399999618530273,1.2416430711746216,-0.7983568906784058,0.7983568906784058
3,335,b199f2f3a177d58528044f52,0.9900000095367432,1.0588499307632446,0.06884992122650146,0.06884992122650146
3,336,818e2ca0c83c36df9bd0e0dd,0.75,0.955520510673523,0.20552051067352295,0.20552051067352295
3,337,596c6d57257dd28deb49dc67,1.4700000286102295,1.2689766883850098,-0.20102334022521973,0.20102334022521973
3,338,080faf9452d18858ffa30784,1.149999976158142,1.1637661457061768,0.013766169548034668,0.013766169548034668
3,339,e0e7db3e2dccb822349cf63a,1.090000033378601,0.9770287275314331,-0.11297130584716797,0.11297130584716797
3,340,0a2e3a28fe0ebd6ada8b7036,1.2000000476837158,1.4112672805786133,0.21126723289489746,0.21126723289489746
3,341,9431568b8e8a67ae63b789c5,1.5199999809265137,1.3370434045791626,-0.18295657634735107,0.18295657634735107
3,342,c596894170eede1be6b8e1de,1.2599999904632568,1.3783807754516602,0.11838078498840332,0.11838078498840332
3,343,f682528441c441d956f9b603,0.25999999046325684,1.018640160560608,0.7586401700973511,0.7586401700973511
3,344,7efa958244e1e06f01014821,0.36000001430511475,0.7274857759475708,0.36748576164245605,0.36748576164245605
3,345,90e7653fe1e9ffe79202788f,1.2599999904632568,1.2948778867721558,0.034877896308898926,0.034877896308898926
3,346,c7691640f089850eda8a4257,0.949999988079071,0.8571949601173401,-0.09280502796173096,0.09280502796173096
3,347,68ed2146e404388265608813,1.8799999952316284,1.1629403829574585,-0.7170596122741699,0.7170596122741699
3,348,419ab8f749762a609afcf190,0.699999988079071,1.1241258382797241,0.4241258502006531,0.4241258502006531
3,349,c8a81d705779d5cdbe522664,1.1299999952316284,1.0786598920822144,-0.05134010314941406,0.05134010314941406
3,350,aca2b9647e241a6bca3142d9,1.159999966621399,1.0946412086486816,-0.06535875797271729,0.06535875797271729
3,351,90967c0aae9f5df341e19164,0.4099999964237213,1.122388482093811,0.7123885154724121,0.7123885154724121
3,352,a4f66ef20f516abc49687dab,1.2400000095367432,1.093443512916565,-0.14655649662017822,0.14655649662017822
3,353,01e23f733fc457d9e4d1858c,0.7599999904632568,1.5056062936782837,0.7456063032150269,0.7456063032150269
3,354,3ec755fafdcbb7f555a3c6b4,1.3799999952316284,1.3520835638046265,-0.027916431427001953,0.027916431427001953
3,355,7f609342a243901e2b6c85e3,3.609999895095825,1.3818778991699219,-2.2281219959259033,2.2281219959259033
3,356,f1c20f4d34a7cb2d8f8c1cbb,0.8700000047683716,1.2774602174758911,0.40746021270751953,0.40746021270751953
3,357,85e97d19bd1756af8b37a813,1.3300000429153442,0.9625637531280518,-0.3674362897872925,0.3674362897872925
3,358,deecd89d50522cf2a5c422a4,0.3400000035762787,1.221815586090088,0.8818155527114868,0.8818155527114868
3,359,9fea16286fddfdaedd34b2d5,1.6299999952316284,1.4320591688156128,-0.19794082641601562,0.19794082641601562
3,360,4e8826bf35d5f6bfbd3970f4,0.7099999785423279,0.9247065782546997,0.21470659971237183,0.21470659971237183
3,361,3a3fe9ab693bce493cd18143,0.6100000143051147,2.120771646499634,1.510771632194519,1.510771632194519
3,362,bef4b379d77a1df169cd6136,1.3700000047683716,1.4712806940078735,0.10128068923950195,0.10128068923950195
3,363,7423e3ea371bcfd9e7b46677,0.9900000095367432,1.4990521669387817,0.5090521574020386,0.5090521574020386
3,364,3e6a2d2e19fa6689b0662344,1.2699999809265137,1.1315284967422485,-0.13847148418426514,0.13847148418426514
3,365,64529b6f773775c321d69199,0.5799999833106995,0.8204541206359863,0.24045413732528687,0.24045413732528687
3,366,d52b5bfe4317dda7f3c1252f,1.2300000190734863,0.521737277507782,-0.7082627415657043,0.7082627415657043
3,367,ec043fef0bba83bb8fb740d9,0.6399999856948853,0.9021906852722168,0.26219069957733154,0.26219069957733154
3,368,3b321945182d4df00518365d,0.46000000834465027,1.0753928422927856,0.615392804145813,0.615392804145813
3,369,0b2e874c1d9770895a7dd7fa,0.9599999785423279,0.6795698404312134,-0.2804301381111145,0.2804301381111145
3,370,54dbd02be828184c209bd0b9,0.6200000047683716,0.8212816119194031,0.2012816071510315,0.2012816071510315
3,371,fcbd671783d2ddb70c5dd5ca,1.0800000429153442,0.7834566235542297,-0.2965434193611145,0.2965434193611145
3,372,2b7e932dc7b6c4545323c9f3,1.1100000143051147,0.704110324382782,-0.40588968992233276,0.40588968992233276
3,373,c052b3575ebb1d398da34e19,0.800000011920929,1.161727786064148,0.361727774143219,0.361727774143219
3,374,06853721e4eaba2cad336b19,0.8500000238418579,0.8923344016075134,0.04233437776565552,0.04233437776565552
3,375,2278a4e02349c1311d99c743,3.490000009536743,3.4147257804870605,-0.07527422904968262,0.07527422904968262
3,376,53d3d227b9e8be1f8bd96001,2.9700000286102295,3.1433098316192627,0.1733098030090332,0.1733098030090332
3,377,d618be8423f47086c99bd9b3,3.5999999046325684,3.5463154315948486,-0.05368447303771973,0.05368447303771973
3,378,9ebbbc73aa3de2cf7c1e5e06,4.079999923706055,3.840259552001953,-0.23974037170410156,0.23974037170410156
3,379,bff2fbb80a24a661418c3f78,3.509999990463257,3.6301982402801514,0.12019824981689453,0.12019824981689453
3,380,0d37dc5687b36d22d1e47893,3.190000057220459,3.3639986515045166,0.17399859428405762,0.17399859428405762
3,381,28fcb85bd61c341093b4a97b,3.109999895095825,3.227653741836548,0.11765384674072266,0.11765384674072266
3,382,b7788e94425cab5295c9812d,4.269999980926514,4.250980854034424,-0.019019126892089844,0.019019126892089844
3,383,a7ff49b671653b7dc26362cc,4.300000190734863,4.09019660949707,-0.20980358123779297,0.20980358123779297
3,384,1bc29abcac49643c8dff7af2,0.1599999964237213,0.4570577144622803,0.29705771803855896,0.29705771803855896
3,385,abadd4ec3d5dccaae64cf9db,0.20999999344348907,0.2225389927625656,0.012538999319076538,0.012538999319076538
3,386,cfa1b1580e250499e648ae62,0.9900000095367432,0.4218892455101013,-0.5681107640266418,0.5681107640266418
3,387,58236e6ab943360ceee35666,0.7699999809265137,1.2269142866134644,0.4569143056869507,0.4569143056869507
3,388,20f5493ffb417a21fb46f7d7,0.8199999928474426,0.9800708293914795,0.16007083654403687,0.16007083654403687
3,389,9678bd60da4a479d96fb97f6,1.9600000381469727,2.1330082416534424,0.17300820350646973,0.17300820350646973
3,390,9c008294187eac214ecdefc9,2.25,1.748116135597229,-0.501883864402771,0.501883864402771
3,391,932a489b80b0ee5764ed7de7,2.309999942779541,1.8366971015930176,-0.47330284118652344,0.47330284118652344
3,392,022e347a10bbf2c82469762a,2.6600000858306885,2.4608523845672607,-0.19914770126342773,0.19914770126342773
3,393,7df97b7ef9514013f0d97a8c,2.0999999046325684,1.899023413658142,-0.20097649097442627,0.20097649097442627
3,394,40da45e1ca697004eb1151c7,2.200000047683716,1.8541648387908936,-0.34583520889282227,0.34583520889282227
3,395,84fb6582181946067a4b1e24,2.009999990463257,2.1177923679351807,0.10779237747192383,0.10779237747192383
3,396,1b72d09a081f98cf58e40079,2.509999990463257,2.3012611865997314,-0.2087388038635254,0.2087388038635254
3,397,68ceb0fb3373c4f569b04fa2,2.4200000762939453,1.894492268562317,-0.5255078077316284,0.5255078077316284
3,398,a286ee798870662bd53e8ad8,0.8100000023841858,0.8730709552764893,0.06307095289230347,0.06307095289230347
3,399,a771f87c4016250268aea821,1.0299999713897705,1.1303706169128418,0.10037064552307129,0.10037064552307129
3,400,0252cf154a9478f13ddf5e93,0.9399999976158142,1.067725658416748,0.12772566080093384,0.12772566080093384
3,401,e1d3122f62c21dff81aadfff,0.9399999976158142,0.7699642181396484,-0.17003577947616577,0.17003577947616577
3,402,e1f9b6a218047fd43008c387,0.9800000190734863,1.1215707063674927,0.14157068729400635,0.14157068729400635
3,403,8faeaebcb3ac4fe0bfbd37da,0.7400000095367432,1.6513959169387817,0.9113959074020386,0.9113959074020386
3,404,b8dc238aef4eb9a801d618c6,0.8799999952316284,2.231458902359009,1.3514589071273804,1.3514589071273804
3,405,ea80411649e443c9f2e59968,0.8600000143051147,0.8599843978881836,-1.5616416931152344e-05,1.5616416931152344e-05
3,406,3c244f72d5ec38c1e6526fc1,1.0700000524520874,1.1618062257766724,0.09180617332458496,0.09180617332458496
3,407,67e211b13c38e9ff4f632b5e,0.8539999723434448,0.9593181610107422,0.10531818866729736,0.10531818866729736
3,408,6391ab1cb8a4beab08732291,2.109999895095825,2.209177017211914,0.09917712211608887,0.09917712211608887
3,409,688a5163232b43e75a9b15a0,2.240000009536743,1.9899474382400513,-0.2500525712966919,0.2500525712966919
3,410,c673a95417f54ab1b8783f7f,2.119999885559082,2.1593058109283447,0.039305925369262695,0.039305925369262695
3,411,245f5238059e041a5e195688,2.2799999713897705,1.513805866241455,-0.7661941051483154,0.7661941051483154
3,412,10f55086210e4a6ce4182350,2.2100000381469727,2.1331331729888916,-0.07686686515808105,0.07686686515808105
3,413,5c6f224ffc88109b9f5dd8b7,2.119999885559082,1.6140742301940918,-0.5059256553649902,0.5059256553649902
3,414,4617bb98df17027f111024ce,2.2699999809265137,2.4892048835754395,0.21920490264892578,0.21920490264892578
3,415,053eb7a7fb4b18fdf128920e,2.059999942779541,1.9519683122634888,-0.10803163051605225,0.10803163051605225
3,416,b192c0d8fbc1c08b733c1a94,2.7699999809265137,1.9574018716812134,-0.8125981092453003,0.8125981092453003
3,417,dbfcdcb700f739218e26d129,2.049999952316284,1.991721749305725,-0.05827820301055908,0.05827820301055908
3,418,db33630875a345f76dd6469d,2.1500000953674316,2.12770676612854,-0.0222933292388916,0.0222933292388916
3,419,ed79bccca245ba24a6ad7c71,2.0299999713897705,2.1714186668395996,0.1414186954498291,0.1414186954498291
3,420,97cfd572a43a3da769f896ce,2.1600000858306885,1.9576386213302612,-0.20236146450042725,0.20236146450042725
3,421,99303a1101698f66a26000ca,1.9600000381469727,2.255436897277832,0.2954368591308594,0.2954368591308594
3,422,38917c039e7c7c11c4f14e05,2.9600000381469727,1.9312711954116821,-1.0287288427352905,1.0287288427352905
3,423,21536678ee42b11d68052cc7,0.6700000166893005,1.0052964687347412,0.3352964520454407,0.3352964520454407
3,424,1f4b6ceb8efb6e70f8ae2e45,0.75,1.1323574781417847,0.38235747814178467,0.38235747814178467
3,425,1f467f8ca68ae00d95b8dca6,0.5400000214576721,0.8974541425704956,0.3574541211128235,0.3574541211128235
3,426,ac6ea907290c5c900de44d6d,1.25,0.6448073983192444,-0.6051926016807556,0.6051926016807556
3,427,c0dad43a8c5ffe5da97499b8,1.4700000286102295,0.8398579955101013,-0.6301420331001282,0.6301420331001282
3,428,7793bcbc301eff868d802bb6,1.340000033378601,1.041242241859436,-0.29875779151916504,0.29875779151916504
3,429,752fa94d1f33f11abd985e46,0.8399999737739563,0.655186116695404,-0.18481385707855225,0.18481385707855225
3,430,4f4aee2b8e745f23f278dd82,1.2300000190734863,0.6814462542533875,-0.5485537648200989,0.5485537648200989
3,431,8f8b395f933f200102cc2bd7,0.8999999761581421,0.8571808338165283,-0.04281914234161377,0.04281914234161377
3,432,9103afe58f8caa07aeebe16e,1.9210000038146973,1.959410309791565,0.038410305976867676,0.038410305976867676
3,433,9f756b958e0ac263c403ebce,0.5849999785423279,0.46912866830825806,-0.11587131023406982,0.11587131023406982
3,434,584d35d08f7085c470f5582f,0.5090000033378601,0.45840585231781006,-0.05059415102005005,0.05059415102005005
3,435,9eceaba586287c95b8402f6e,1.2200000286102295,1.4119360446929932,0.19193601608276367,0.19193601608276367
3,436,aabdd8e2ae2dabc2f3254e4c,1.2799999713897705,1.4474941492080688,0.16749417781829834,0.16749417781829834
3,437,f4e9b923b04ccd8827a76d71,1.1399999856948853,1.527989149093628,0.3879891633987427,0.3879891633987427
3,438,cb1fa58ca90e81f9169b7dfb,2.1500000953674316,1.3804529905319214,-0.7695471048355103,0.7695471048355103
3,439,a82d4f473eedff642aa52643,2.309999942779541,1.2842841148376465,-1.0257158279418945,1.0257158279418945
3,440,85975ef0e5858247d1dbfd75,1.659999966621399,1.4501118659973145,-0.20988810062408447,0.20988810062408447
3,441,0e9259c049e4ab4d07a31669,1.8300000429153442,1.3835278749465942,-0.44647216796875,0.44647216796875
3,442,2379143e995449f80bb67f3e,1.4800000190734863,1.1571643352508545,-0.32283568382263184,0.32283568382263184
3,443,e94a05d29b5da7db8a4f16c2,1.5700000524520874,1.5639556646347046,-0.0060443878173828125,0.0060443878173828125
3,444,1d28ae4328034dbb07e0970b,1.3899999856948853,1.37533700466156,-0.014662981033325195,0.014662981033325195
3,445,60733888c25cd2d1c817886f,1.5099999904632568,1.4192863702774048,-0.09071362018585205,0.09071362018585205
3,446,b222e06e3d71350057d4f168,2.315999984741211,2.1275441646575928,-0.18845582008361816,0.18845582008361816
3,447,0a2a526ba11f08e1cdf085bf,3.0789999961853027,2.65147066116333,-0.42752933502197266,0.42752933502197266
3,448,84e7dbeff8e97f99b8df3393,1.4459999799728394,2.7605104446411133,1.314510464668274,1.314510464668274
3,449,b6ef671c9718c5d7843643dc,1.9520000219345093,2.314185857772827,0.36218583583831787,0.36218583583831787
3,450,b9eb4554131a15e3e6e8c13a,1.940000057220459,2.376838445663452,0.43683838844299316,0.43683838844299316
3,451,b7f9f0971aa1dbcb021fa199,0.9399999976158142,0.9921084642410278,0.05210846662521362,0.05210846662521362
3,452,e5e80546a1effd451f947f85,1.0499999523162842,1.0703307390213013,0.02033078670501709,0.02033078670501709
3,453,66052b63fb155de5016547e5,1.3899999856948853,1.408349871635437,0.018349885940551758,0.018349885940551758
3,454,376dc5880d50a7c5b81e0b95,1.7200000286102295,1.6439385414123535,-0.07606148719787598,0.07606148719787598
3,455,998f8acf94d7623846236a48,1.840000033378601,1.4017568826675415,-0.43824315071105957,0.43824315071105957
3,456,46766ebfcd031c62e6f586a8,1.4600000381469727,1.7053879499435425,0.24538791179656982,0.24538791179656982
3,457,1e90d9a4e82b88fd291524d2,1.7000000476837158,1.2345539331436157,-0.4654461145401001,0.4654461145401001
3,458,84a04fc567551702a1238bb7,1.059999942779541,1.3492351770401,0.2892352342605591,0.2892352342605591
3,459,65e0e91163f50da37217d123,1.25,1.4027763605117798,0.15277636051177979,0.15277636051177979
3,460,c465101c529aeda473402352,2.0199999809265137,1.3924869298934937,-0.62751305103302,0.62751305103302
3,461,0f1796a6e1c6ad634469366b,1.1799999475479126,1.744831919670105,0.5648319721221924,0.5648319721221924
3,462,38163a1ad9e14cf0b1133395,1.940000057220459,1.8541983366012573,-0.08580172061920166,0.08580172061920166
3,463,7e941e0d115bd4d8d4203740,1.4500000476837158,1.7568427324295044,0.3068426847457886,0.3068426847457886
3,464,e04309f6c62644fab4646f1c,1.690000057220459,1.594963788986206,-0.09503626823425293,0.09503626823425293
3,465,7255443e6a98d28a19dce79d,1.9800000190734863,1.5752471685409546,-0.40475285053253174,0.40475285053253174
3,466,b4e9f61c4e9ef717a3c13d67,1.5299999713897705,1.4046440124511719,-0.12535595893859863,0.12535595893859863
3,467,78f6ab505c1b804ed9c17623,1.090000033378601,1.4075435400009155,0.31754350662231445,0.31754350662231445
3,468,8d5dec06826edea6e85149ee,1.6200000047683716,1.381592869758606,-0.23840713500976562,0.23840713500976562
3,469,a16281a1055ec94d0c5a7bbe,1.3799999952316284,1.7444287538528442,0.3644287586212158,0.3644287586212158
3,470,e4b89509884e930bf4bfeddb,1.9299999475479126,1.238465666770935,-0.6915342807769775,0.6915342807769775
3,471,08e4bd6a68cdfe7cca18d473,0.7300000190734863,1.9629617929458618,1.2329617738723755,1.2329617738723755
3,472,c123a96080a11eb9478f945c,1.6200000047683716,2.2111876010894775,0.591187596321106,0.591187596321106
3,473,da2f457a5ff2e45be78df257,1.0099999904632568,1.5599843263626099,0.549984335899353,0.549984335899353
3,474,d226f7610f00c9dd453ab76a,1.9299999475479126,1.7576349973678589,-0.1723649501800537,0.1723649501800537
3,475,81e6be6841d0b518d2943017,1.6399999856948853,1.4728258848190308,-0.1671741008758545,0.1671741008758545
3,476,62ef8481e129e5ae59dc3e90,2.009999990463257,1.903347373008728,-0.10665261745452881,0.10665261745452881
3,477,bd304a134ca610dc09679d4e,1.5199999809265137,1.5163019895553589,-0.003697991371154785,0.003697991371154785
3,478,6bb18edaa126193ab4fa8eab,1.3200000524520874,1.3766342401504517,0.05663418769836426,0.05663418769836426
3,479,df01bbe67d4219ef355d0299,1.5800000429153442,1.7465938329696655,0.1665937900543213,0.1665937900543213
3,480,723fdaa456995f3c9b4c3639,0.8799999952316284,1.239872694015503,0.3598726987838745,0.3598726987838745
3,481,631f1350acadea2b743eff95,0.4399999976158142,0.7767845392227173,0.3367845416069031,0.3367845416069031
3,482,4dd8fe0463145933d58c34ee,1.090000033378601,0.8221738338470459,-0.2678261995315552,0.2678261995315552
3,483,aacefadf6a6e4b2bd9213a81,2.609999895095825,1.197330355644226,-1.4126695394515991,1.4126695394515991
3,484,3271c113f675e3d8faabba08,3.390000104904175,1.3824762105941772,-2.007524013519287,2.007524013519287
3,485,896622f7f415fd89afb6a011,0.30000001192092896,0.24043293297290802,-0.059567078948020935,0.059567078948020935
3,486,c6ba18ad9f3a5cd4c3e49b2b,0.15000000596046448,0.4022992253303528,0.2522992193698883,0.2522992193698883
3,487,3e5b9dc6b7e97c436ae48859,1.6200000047683716,1.6054631471633911,-0.014536857604980469,0.014536857604980469
3,488,ce580be44c72aed379a6a8d2,0.949999988079071,0.8120975494384766,-0.13790243864059448,0.13790243864059448
3,489,2f4a04a0d51b8a169dd9053e,1.8899999856948853,1.855406641960144,-0.03459334373474121,0.03459334373474121
3,490,b92483e9a929f38a5aadf45a,1.8300000429153442,1.4429200887680054,-0.38707995414733887,0.38707995414733887
3,491,d162153c9db2e8d92d8c0db9,1.5099999904632568,1.8241773843765259,0.31417739391326904,0.31417739391326904
3,492,c9f09dab59a14068491253d8,1.2799999713897705,1.4446632862091064,0.16466331481933594,0.16466331481933594
3,493,18a79e637d6a2292d8cdd0b4,2.930000066757202,1.8484810590744019,-1.0815190076828003,1.0815190076828003
3,494,2ba73645853f210d8d84b6cb,1.7100000381469727,1.4389216899871826,-0.27107834815979004,0.27107834815979004
3,495,f3accc7ada2198fa0b5b2520,1.6399999856948853,1.6487610340118408,0.008761048316955566,0.008761048316955566
3,496,b7315d59e964280b2ff5bc1a,2.1700000762939453,1.927169919013977,-0.24283015727996826,0.24283015727996826
3,497,9abe54accd9c6eaff5076aab,1.7899999618530273,1.3239957094192505,-0.46600425243377686,0.46600425243377686
3,498,144da40d99efe8ce8353f6e8,1.7699999809265137,1.4117718935012817,-0.35822808742523193,0.35822808742523193
3,499,91e44674090f86eddf1a9358,1.8700000047683716,1.6482950448989868,-0.22170495986938477,0.22170495986938477
3,500,19c3ebfa87264a76e18dd8ff,1.5299999713897705,1.6077297925949097,0.07772982120513916,0.07772982120513916
3,501,535c484a2e2f771a70cf1b28,1.5299999713897705,1.6632349491119385,0.13323497772216797,0.13323497772216797
3,502,052c4dfaecb68afe65c1a780,1.649999976158142,1.6245685815811157,-0.025431394577026367,0.025431394577026367
3,503,43adffb355e3318318bd00db,1.7200000286102295,0.9226054549217224,-0.7973945736885071,0.7973945736885071
3,504,8eeb8998cc1c7c85dd69522a,1.4700000286102295,1.2546731233596802,-0.21532690525054932,0.21532690525054932
3,505,881d18da46ce28dc334c98b8,1.7200000286102295,1.236965298652649,-0.48303472995758057,0.48303472995758057
3,506,80bf67cc5e0fe192ac35601e,1.7899999618530273,1.6434682607650757,-0.14653170108795166,0.14653170108795166
3,507,44968112bfc628df4637527f,1.5,1.550641655921936,0.050641655921936035,0.050641655921936035
3,508,1dafe6c21d894ed15d4b2313,1.5199999809265137,1.648461937904358,0.12846195697784424,0.12846195697784424
3,509,c507f90538b871a2a1f06ec5,1.7699999809265137,1.5395071506500244,-0.23049283027648926,0.23049283027648926
3,510,2dc7d4cb0276d9e3b3980097,4.010000228881836,3.5329601764678955,-0.47704005241394043,0.47704005241394043
3,511,cd6b3de119a7c69516a7fc0a,3.1600000858306885,3.3203725814819336,0.16037249565124512,0.16037249565124512
3,512,01ab50c34a731bfbb4cbf812,2.9100000858306885,2.8653316497802734,-0.04466843605041504,0.04466843605041504
3,513,846a79aabbe032da3f348e36,2.5160000324249268,2.45536732673645,-0.06063270568847656,0.06063270568847656
3,514,5ec0cb212d057713ac65b3e7,2.9200000762939453,2.7839488983154297,-0.13605117797851562,0.13605117797851562
3,515,8a77828357c34b6e5a0ce805,2.8499999046325684,3.4758245944976807,0.6258246898651123,0.6258246898651123
3,516,ce750f108e1b3d5c6bd67ee5,4.260000228881836,3.707484483718872,-0.5525157451629639,0.5525157451629639
3,517,91ce0894789f0f86509ff955,3.7899999618530273,2.978907346725464,-0.8110926151275635,0.8110926151275635
3,518,3e0ca1c0677e4a94253d2561,3.890000104904175,4.455716133117676,0.565716028213501,0.565716028213501
3,519,ae5890974d8d7cafca92c1fc,4.739999771118164,3.6294398307800293,-1.1105599403381348,1.1105599403381348
3,520,8432f5fbf6044474f95efd7e,3.380000114440918,3.5969436168670654,0.21694350242614746,0.21694350242614746
3,521,8fe27ba415a588e187ff7241,4.840000152587891,4.140350341796875,-0.6996498107910156,0.6996498107910156
3,522,2ff0339666a33bb134855b52,3.640000104904175,3.346696615219116,-0.2933034896850586,0.2933034896850586
3,523,71adb694312141674e6c5c03,4.929999828338623,4.398796081542969,-0.5312037467956543,0.5312037467956543
3,524,eb55795426b7c65485201397,2.2679998874664307,2.231030225753784,-0.036969661712646484,0.036969661712646484
3,525,38c1c45cd2f229044e244a62,2.430000066757202,3.9345505237579346,1.5045504570007324,1.5045504570007324
3,526,9cd42c178f1d86a3133c0019,1.3700000047683716,2.2966907024383545,0.9266906976699829,0.9266906976699829
3,527,37db605bf7937ed1ea05fb52,3.4100000858306885,3.3053972721099854,-0.10460281372070312,0.10460281372070312
3,528,d57b8eacae01c39a84b98864,3.009999990463257,2.9045798778533936,-0.10542011260986328,0.10542011260986328
3,529,35d9721f7be2e52cce0688f3,2.950000047683716,3.266639471054077,0.31663942337036133,0.31663942337036133
3,530,0b44dcdd2e54a7cd2b2fb9a6,2.140000104904175,2.2338106632232666,0.0938105583190918,0.0938105583190918
3,531,f81b07d9107844123f6008cc,2.680000066757202,2.4342474937438965,-0.24575257301330566,0.24575257301330566
3,532,cc8ed2aa927e2464e800393f,2.859999895095825,3.3053972721099854,0.44539737701416016,0.44539737701416016
3,533,fefda7c6486386d0ce1e7fa8,3.0899999141693115,3.075310707092285,-0.014689207077026367,0.014689207077026367
3,534,ee270f984d9dbb2787543546,2.740000009536743,2.7269656658172607,-0.013034343719482422,0.013034343719482422
3,535,5d7eef03a1a13af147bd6280,4.179999828338623,4.091442584991455,-0.08855724334716797,0.08855724334716797
3,536,580d7352cc8d014883a59b5b,4.159999847412109,3.108800172805786,-1.0511996746063232,1.0511996746063232
3,537,06b71330098963c0b37b70de,4.534999847412109,3.075019598007202,-1.4599802494049072,1.4599802494049072
3,538,627f6393d6741ddc0325d0e3,3.7880001068115234,3.1736745834350586,-0.6143255233764648,0.6143255233764648
3,539,739c9f66e0fa6e7217ec5a5a,0.7699999809265137,0.871544361114502,0.10154438018798828,0.10154438018798828
3,540,ac94c01be6f9747b50b018a3,0.6119999885559082,0.6703310608863831,0.058331072330474854,0.058331072330474854
3,541,87e900ac69c862ac7110e57f,1.9589999914169312,1.9049159288406372,-0.054084062576293945,0.054084062576293945
3,542,a5029b39dc3ae14834fd4fe5,2.3369998931884766,2.2667744159698486,-0.07022547721862793,0.07022547721862793
3,543,50766712075c43f1737a973d,2.0,2.1251184940338135,0.12511849403381348,0.12511849403381348
3,544,e6eebadf66e7c50b1dd8ebc1,1.9589999914169312,1.9770747423171997,0.018074750900268555,0.018074750900268555
3,545,d94c8c48d560e2250911d51f,1.1369999647140503,0.903983473777771,-0.2330164909362793,0.2330164909362793
3,546,71c2753f3bbd47ffe47a20d3,2.0859999656677246,1.829227328300476,-0.25677263736724854,0.25677263736724854
3,547,5000e3ef33cc42be343830b1,0.5090000033378601,0.3644756078720093,-0.14452439546585083,0.14452439546585083
3,548,8dccbec260f8dec51169f8fe,0.9589999914169312,1.304854154586792,0.34585416316986084,0.34585416316986084
3,549,679e27188a25f2c9c7f1658e,0.5690000057220459,0.7326071262359619,0.16360712051391602,0.16360712051391602
3,550,ddee1cc99cb39afac2d46235,1.215000033378601,1.1466699838638306,-0.06833004951477051,0.06833004951477051
3,551,d7fa14a5381adc81184de16d,1.6579999923706055,1.6912609338760376,0.03326094150543213,0.03326094150543213
3,552,9ed4a3276a177c8080221fd3,1.4809999465942383,1.8152714967727661,0.33427155017852783,0.33427155017852783
3,553,ff7e86f230052e4940d24637,2.6989998817443848,2.013514757156372,-0.6854851245880127,0.6854851245880127
3,554,6daad1425ec47e102fa82662,1.8860000371932983,1.6540135145187378,-0.23198652267456055,0.23198652267456055
4,0,000723f61d3fa9de7221cc03,1.3450000286102295,1.4370734691619873,0.09207344055175781,0.09207344055175781
4,1,1998b2ecd0d0e0fbff9b4084,1.9670000076293945,1.7897121906280518,-0.17728781700134277,0.17728781700134277
4,2,fc7cf32d9da2aa843b327786,1.2879999876022339,2.265984535217285,0.9779845476150513,0.9779845476150513
4,3,7300dd19c46a9da4368191af,2.484999895095825,1.899067997932434,-0.5859318971633911,0.5859318971633911
4,4,d6486072d1cc3ce28e40429a,0.2919999957084656,1.3373730182647705,1.0453729629516602,1.0453729629516602
4,5,8b2742e832d846b0a43dcb68,0.3009999990463257,0.48170310258865356,0.18070310354232788,0.18070310354232788
4,6,98e91d3419112c524e4f61fb,0.6990000009536743,0.6273823976516724,-0.07161760330200195,0.07161760330200195
4,7,63e6d6dde7d2b4a9911e51cf,0.9120000004768372,1.8167165517807007,0.9047165513038635,0.9047165513038635
4,8,85bcbba9836f9e3a66421238,1.7300000190734863,2.305448055267334,0.5754480361938477,0.5754480361938477
4,9,35131a3e06ffdc1b98bcb524,0.5230000019073486,1.1900628805160522,0.6670628786087036,0.6670628786087036
4,10,97ced43d1fb5b98634bb0438,1.3839999437332153,2.461395502090454,1.0773955583572388,1.0773955583572388
4,11,15444c61aefbe68adf5ae610,1.2640000581741333,2.2330257892608643,0.969025731086731,0.969025731086731
4,12,24b1446049de0352fe98adfb,3.0,1.6845453977584839,-1.3154546022415161,1.3154546022415161
4,13,5852dd5d6e1e86d8d66039d6,2.3980000019073486,2.379117965698242,-0.018882036209106445,0.018882036209106445
4,14,3cb228ab5cb20cc971585362,2.2839999198913574,2.508793354034424,0.2247934341430664,0.2247934341430664
4,15,223b50b98bd8f1b8762d2d18,3.9210000038146973,3.7093236446380615,-0.21167635917663574,0.21167635917663574
4,16,3ce39822f5f4815cdf9f2837,1.6990000009536743,2.106201171875,0.4072011709213257,0.4072011709213257
4,17,e3a3c12dce9e6616f0e7d163,1.1490000486373901,1.0515323877334595,-0.09746766090393066,0.09746766090393066
4,18,57bb32502022a6fc9bffc6f9,1.5529999732971191,1.5581892728805542,0.005189299583435059,0.005189299583435059
4,19,7d38e9ef760ee44a93299501,0.08399999886751175,1.2576355934143066,1.1736356019973755,1.1736356019973755
4,20,b3e8fdacdee1d71b569376ab,0.7590000033378601,1.2231663465499878,0.4641663432121277,0.4641663432121277
4,21,96397b621211c86522114ae8,2.194000005722046,2.414557456970215,0.22055745124816895,0.22055745124816895
4,22,c532d516958332bb331c2c0e,1.8539999723434448,1.7141928672790527,-0.1398071050643921,0.1398071050643921
4,23,5b43cbefe3ff778b9dc7d38f,2.0,1.4797308444976807,-0.5202691555023193,0.5202691555023193
4,24,55031d20f96d51d687aa2183,2.9210000038146973,2.8321051597595215,-0.08889484405517578,0.08889484405517578
4,25,0bd25897ee17f866d44e1337,0.9210000038146973,0.8891705870628357,-0.03182941675186157,0.03182941675186157
4,26,ccc4bf4a880328da51ca8eac,2.697000026702881,2.751746654510498,0.05474662780761719,0.05474662780761719
4,27,e47e6a9efb63b8a90d2d4d6f,2.859999895095825,2.880436658859253,0.020436763763427734,0.020436763763427734
4,28,c7a8ad08931e98acc9663d5c,0.25600001215934753,0.40947407484054565,0.15347406268119812,0.15347406268119812
4,29,ec4458fbee15523cedb43225,2.821000099182129,2.829197406768799,0.008197307586669922,0.008197307586669922
4,30,5da77ff92f696d4a82ebdddb,0.257999986410141,0.42523911595344543,0.16723912954330444,0.16723912954330444
4,31,e041146ea3501b475e870057,0.5379999876022339,0.803657591342926,0.26565760374069214,0.26565760374069214
4,32,bae5ec88f2c369e4ceb30b50,0.6380000114440918,0.8970030546188354,0.25900304317474365,0.25900304317474365
4,33,fee1a6917e28515492a006ba,2.6019999980926514,2.3972647190093994,-0.20473527908325195,0.20473527908325195
4,34,00c464f18a86f5266d15f1cd,2.494999885559082,2.4964065551757812,0.0014066696166992188,0.0014066696166992188
4,35,ea7d081d6ea7908dcbaf905a,2.5230000019073486,3.1523385047912598,0.6293385028839111,0.6293385028839111
4,36,9443e333524b264b47e4fbbd,3.2679998874664307,3.5568385124206543,0.28883862495422363,0.28883862495422363
4,37,cbcaf0fb09c11456529b57b7,2.427999973297119,1.7679567337036133,-0.6600432395935059,0.6600432395935059
4,38,123a3afd46e4e14c0a4d1319,3.0789999961853027,2.9877688884735107,-0.09123110771179199,0.09123110771179199
4,39,2bf47d90a14fa121d53de7d8,1.3040000200271606,1.3012548685073853,-0.0027451515197753906,0.0027451515197753906
4,40,a97bfc7363feef23d2ac2fbc,1.7619999647140503,2.0984244346618652,0.33642446994781494,0.33642446994781494
4,41,d5625f17daf882ae041c7f73,0.5879999995231628,1.1981748342514038,0.610174834728241,0.610174834728241
4,42,20757780da4738eb832690d4,1.8200000524520874,1.7866548299789429,-0.03334522247314453,0.03334522247314453
4,43,3c8e20e30e7ecbc02e203e3c,1.9539999961853027,1.8876442909240723,-0.06635570526123047,0.06635570526123047
4,44,1d88722f8b5714cc2de19682,3.0880000591278076,3.621816873550415,0.5338168144226074,0.5338168144226074
4,45,e0cd8de2970a621165215041,2.818000078201294,2.990302085876465,0.1723020076751709,0.1723020076751709
4,46,36de2c83a13d42c124baf021,0.3009999990463257,0.48170310258865356,0.18070310354232788,0.18070310354232788
4,47,99a7e9902c9697644ca806b1,1.9210000038146973,1.9317048788070679,0.010704874992370605,0.010704874992370605
4,48,9bafd779b83f4d75008cbcbf,2.0759999752044678,2.0758237838745117,-0.0001761913299560547,0.0001761913299560547
4,49,a7ae11efbacb52ae084e6be3,0.367000013589859,0.9911182522773743,0.6241182088851929,0.6241182088851929
4,50,8c7cb715cdcc659ed0cea890,2.0,2.046159267425537,0.04615926742553711,0.04615926742553711
4,51,452ab1fc7f94b5006af829cc,0.8859999775886536,1.1629732847213745,0.27697330713272095,0.27697330713272095
4,52,19db25588ce639576a1611ce,1.1369999647140503,1.1230682134628296,-0.013931751251220703,0.013931751251220703
4,53,b25858535381cbc9363de8bb,0.5090000033378601,0.5526466369628906,0.04364663362503052,0.04364663362503052
4,54,4456269010a9dc230ef00921,2.114000082015991,2.088237762451172,-0.025762319564819336,0.025762319564819336
4,55,d0187abc735f34fc14ed8157,1.215000033378601,1.3318724632263184,0.11687242984771729,0.11687242984771729
4,56,d9fbe219aa0a5a0ef510ba42,0.8240000009536743,0.9101496934890747,0.08614969253540039,0.08614969253540039
4,57,37c5947d24ff1f3685e175bd,1.4809999465942383,1.5323340892791748,0.05133414268493652,0.05133414268493652
4,58,ffee6d312780a1a862d4cc45,0.4950000047683716,0.7079615592956543,0.21296155452728271,0.21296155452728271
4,59,76da7199bdc3f409efa9e66c,1.6019999980926514,1.179636001586914,-0.4223639965057373,0.4223639965057373
4,60,2e9c5d0b502aa4892f2ea4a1,1.9589999914169312,1.9100000858306885,-0.048999905586242676,0.048999905586242676
4,61,78cf85c2b2951b2405ad9125,1.3869999647140503,1.3814765214920044,-0.0055234432220458984,0.0055234432220458984
4,62,f72c3eb0e160de2f4214e38f,1.8539999723434448,1.5014194250106812,-0.35258054733276367,0.35258054733276367
4,63,b297e06686d6c02692d02a2c,0.5950000286102295,0.647651731967926,0.05265170335769653,0.05265170335769653
4,64,2f114f2e13719621a6f19abe,3.4809999465942383,3.0632262229919434,-0.4177737236022949,0.4177737236022949
4,65,ee78c122bea23bda0a113906,0.7590000033378601,1.2231663465499878,0.4641663432121277,0.4641663432121277
4,66,caca470c43e257335b559c7d,2.0179998874664307,1.9650317430496216,-0.05296814441680908,0.05296814441680908
4,67,c02d80de220f8576e4a0c727,2.328000068664551,2.335400104522705,0.007400035858154297,0.007400035858154297
4,68,ce6266d8d99aa6898681efaa,1.1490000486373901,0.993857204914093,-0.15514284372329712,0.15514284372329712
4,69,b68ab20e7e003c9a3b0152dd,1.5410000085830688,1.114261507987976,-0.4267385005950928,0.4267385005950928
4,70,0e9961e8e5d3aee308994e17,2.86299991607666,2.9545435905456543,0.09154367446899414,0.09154367446899414
4,71,19bc01074c4fd9cff7133e79,1.4980000257492065,1.5985721349716187,0.10057210922241211,0.10057210922241211
4,72,5d708eb175a66809751bdc13,1.878999948501587,2.3227500915527344,0.44375014305114746,0.44375014305114746
4,73,0cf8dfcd6db4c69d9669a546,2.8959999084472656,2.6693410873413086,-0.22665882110595703,0.22665882110595703
4,74,dfd84e88ba3dc47400d2bd9b,3.005000114440918,2.808366298675537,-0.19663381576538086,0.19663381576538086
4,75,46bac6b4c935d0d56c109b65,1.63100004196167,2.776174783706665,1.1451747417449951,1.1451747417449951
4,76,47c842df2f86e6b346f8623d,2.552999973297119,2.7401270866394043,0.18712711334228516,0.18712711334228516
4,77,1dd1987e92467801d9bc5be8,2.9030001163482666,2.9476590156555176,0.04465889930725098,0.04465889930725098
4,78,658dfebaaeb189827b2f331e,2.36299991607666,2.4449992179870605,0.08199930191040039,0.08199930191040039
4,79,eccf98979334a943a63333f3,2.200000047683716,2.2987546920776367,0.0987546443939209,0.0987546443939209
4,80,68fb20a038afad8989513c9e,0.8539999723434448,1.2819970846176147,0.4279971122741699,0.4279971122741699
4,81,1ca916b5171bf3a04019537f,4.256999969482422,4.291470050811768,0.0344700813293457,0.0344700813293457
4,82,d959b9dc3c4261d2ecaf1ffd,4.10699987411499,4.142955780029297,0.03595590591430664,0.03595590591430664
4,83,fbc74f660b4e253b106714b0,3.5980000495910645,3.6491429805755615,0.05114293098449707,0.05114293098449707
4,84,c19d7995ecda4bcfd4659549,3.3580000400543213,3.572148084640503,0.21414804458618164,0.21414804458618164
4,85,6ea30d866a32cd60ab68e3f1,3.8239998817443848,2.532931327819824,-1.2910685539245605,1.2910685539245605
4,86,2a7c8d8ae46c5de4adbc10ac,2.25,2.485929012298584,0.23592901229858398,0.23592901229858398
4,87,cfaf7be89bc85c98b59dd025,1.9800000190734863,1.6208560466766357,-0.3591439723968506,0.3591439723968506
4,88,20fcaf8584b7146aca47912f,3.4800000190734863,3.770211696624756,0.29021167755126953,0.29021167755126953
4,89,5f25c49f0fc55c069f1bf731,4.110000133514404,4.05928373336792,-0.050716400146484375,0.050716400146484375
4,90,380787fa68c646b463b60252,3.8499999046325684,3.958224296569824,0.10822439193725586,0.10822439193725586
4,91,15fa8587d807a2b69a58fbc5,0.7099999785423279,1.1075377464294434,0.3975377678871155,0.3975377678871155
4,92,53fcbfff64766aa5c8c41d2a,0.7599999904632568,1.4191017150878906,0.6591017246246338,0.6591017246246338
4,93,c9749e54582565aa8fd951a1,0.4699999988079071,0.5129450559616089,0.04294505715370178,0.04294505715370178
4,94,6ff248b1593820d100713a5c,0.8600000143051147,1.0604737997055054,0.20047378540039062,0.20047378540039062
4,95,30a05a370ece305afcbce8be,0.30000001192092896,1.0896326303482056,0.7896326184272766,0.7896326184272766
4,96,c9da25143a0d1d082e0e33b7,0.949999988079071,0.6566137671470642,-0.29338622093200684,0.29338622093200684
4,97,9ae0c5ad583545be600e6f00,0.5,0.9033277034759521,0.40332770347595215,0.40332770347595215
4,98,d92c89ab00fa798d2937a735,1.3899999856948853,1.0479636192321777,-0.3420363664627075,0.3420363664627075
4,99,2684277d61e08dc821cf3f33,1.3300000429153442,1.150610327720642,-0.17938971519470215,0.17938971519470215
4,100,10c44573564a5c0cfd3c9b1f,1.0399999618530273,0.9457830786705017,-0.09421688318252563,0.09421688318252563
4,101,73d6b3b56c7d876ba658c532,0.8399999737739563,1.6192272901535034,0.7792273163795471,0.7792273163795471
4,102,0fa352aff9d0fc5e86dd7e46,0.6700000166893005,0.7316768765449524,0.061676859855651855,0.061676859855651855
4,103,27f8c09c5eb1bda73a0b64f8,1.059999942779541,1.2484334707260132,0.18843352794647217,0.18843352794647217
4,104,73b278dc60d1bb97034c0e3b,0.6200000047683716,1.2853102684020996,0.665310263633728,0.665310263633728
4,105,8a6c0ee1e0f0bba7a9661e38,0.8199999928474426,1.1415373086929321,0.3215373158454895,0.3215373158454895
4,106,250004796e22ccfeb327e2fc,0.8600000143051147,0.8293042182922363,-0.030695796012878418,0.030695796012878418
4,107,f09dafc2f3d3e5bff0fe7f5f,0.9599999785423279,0.8327491879463196,-0.1272507905960083,0.1272507905960083
4,108,f80b60002f0dc0a45d2485f1,1.1699999570846558,1.2176040410995483,0.04760408401489258,0.04760408401489258
4,109,5225c23d0f0892cab5d68130,0.8700000047683716,1.007967233657837,0.13796722888946533,0.13796722888946533
4,110,3efdfae199e54ae7eb00f439,0.7699999809265137,0.7218139171600342,-0.04818606376647949,0.04818606376647949
4,111,c37e8a53bd1ff0f49a7881ad,4.050000190734863,4.158843040466309,0.10884284973144531,0.10884284973144531
4,112,1ccf2f56523bb1d02818ad7c,3.0899999141693115,3.2920737266540527,0.2020738124847412,0.2020738124847412
4,113,c1e7a1740bbbceb8a7c44c36,2.259999990463257,2.2925164699554443,0.0325164794921875,0.0325164794921875
4,114,89775865b111abd11e1a2336,1.8860000371932983,2.0406739711761475,0.15467393398284912,0.15467393398284912
4,115,777db505d7688b43d9a19103,1.1490000486373901,1.9009302854537964,0.7519302368164062,0.7519302368164062
4,116,8dda319bbdd1a525a3572468,0.8539999723434448,1.010218620300293,0.15621864795684814,0.15621864795684814
4,117,01535e8909b427e1ffc61a2c,2.0239999294281006,3.2798659801483154,1.2558660507202148,1.2558660507202148
4,118,51dff561cbb2e7ec39b9f8a5,3.880000114440918,2.449967861175537,-1.4300322532653809,1.4300322532653809
4,119,cc314fa72d46d3d380f413a2,1.8300000429153442,2.596376657485962,0.7663766145706177,0.7663766145706177
4,120,538743e28977ea27b9595352,3.0799999237060547,2.5046815872192383,-0.5753183364868164,0.5753183364868164
4,121,93b541abfefddec6e9219493,2.700000047683716,2.974957227706909,0.27495718002319336,0.27495718002319336
4,122,ca2412710390a8675e176db1,2.819999933242798,2.5501270294189453,-0.26987290382385254,0.26987290382385254
4,123,86e324bded815875191a928e,3.200000047683716,3.071035385131836,-0.12896466255187988,0.12896466255187988
4,124,c5641691160a5016ec5ad511,3.0,2.7196879386901855,-0.28031206130981445,0.28031206130981445
4,125,0f1835974ed10567fb8692ac,2.0399999618530273,2.686600685119629,0.6466007232666016,0.6466007232666016
4,126,bb7ff57dc37293dbc8afa427,2.619999885559082,2.9846878051757812,0.3646879196166992,0.3646879196166992
4,127,e3c9471d273106ce1b112637,2.6700000762939453,2.7195069789886475,0.04950690269470215,0.04950690269470215
4,128,ffed0e3167ffc4088c71c809,3.0299999713897705,2.7863454818725586,-0.24365448951721191,0.24365448951721191
4,129,0aec187e810cf3f91923b033,3.130000114440918,2.890806198120117,-0.23919391632080078,0.23919391632080078
4,130,2c891aa40fe45964be0a7307,1.2400000095367432,1.0664469003677368,-0.17355310916900635,0.17355310916900635
4,131,0806a9cb03783b767da65121,1.2300000190734863,1.0701335668563843,-0.15986645221710205,0.15986645221710205
4,132,1aaf4ed88e56d46d7cecb959,0.8799999952316284,0.9796240925788879,0.09962409734725952,0.09962409734725952
4,133,2e2294ce2f85bf18357c82dd,1.0499999523162842,0.9152372479438782,-0.134762704372406,0.134762704372406
4,134,b1078ac8122d7e55096aac08,1.2899999618530273,1.0640519857406616,-0.22594797611236572,0.22594797611236572
4,135,65659ed93026257e4728be20,0.3100000023841858,1.4855928421020508,1.1755928993225098,1.1755928993225098
4,136,b1a8483f2c9c57735b758b72,1.100000023841858,0.9089089035987854,-0.1910911202430725,0.1910911202430725
4,137,e16d3c97c682efabb56796a6,0.9599999785423279,1.0527238845825195,0.09272390604019165,0.09272390604019165
4,138,7c8bc27cb0e7835225cd736d,2.4700000286102295,1.6404247283935547,-0.8295753002166748,0.8295753002166748
4,139,723c94b2165088ade17b0831,0.949999988079071,1.2678974866867065,0.3178974986076355,0.3178974986076355
4,140,14e3bb91703acef7cd7ff953,1.1799999475479126,0.7632537484169006,-0.41674619913101196,0.41674619913101196
4,141,1db33ffaeb69b50b168132d4,2.299999952316284,2.279804229736328,-0.020195722579956055,0.020195722579956055
4,142,db60563a71da289b51473baf,1.2100000381469727,2.4316744804382324,1.2216744422912598,1.2216744422912598
4,143,c7265683fa41b3e81557deb1,1.2999999523162842,1.3759723901748657,0.07597243785858154,0.07597243785858154
4,144,5fe10fecbe3b458c1e8694a5,1.1399999856948853,1.8106907606124878,0.6706907749176025,0.6706907749176025
4,145,d9e4a6a25a8764940fe338ea,2.4100000858306885,1.4258108139038086,-0.9841892719268799,0.9841892719268799
4,146,dd33a77abd9eae5290fb8ef2,1.2100000381469727,1.770098328590393,0.5600982904434204,0.5600982904434204
4,147,69b62ffa421e0aa98e12c0f7,1.4900000095367432,1.3116010427474976,-0.1783989667892456,0.1783989667892456
4,148,cf121694f0432860c01a74b0,1.4600000381469727,1.1026073694229126,-0.35739266872406006,0.35739266872406006
4,149,66d5c7e5b9a652a980fb4be1,1.5099999904632568,1.908794641494751,0.39879465103149414,0.39879465103149414
4,150,accf3b3e4705d2467755796f,1.5099999904632568,1.6595271825790405,0.1495271921157837,0.1495271921157837
4,151,ebdb48075a9077627fdd8497,1.25,1.5536614656448364,0.3036614656448364,0.3036614656448364
4,152,c60843e094bdf36b65968621,1.4600000381469727,1.4130873680114746,-0.04691267013549805,0.04691267013549805
4,153,69e77f36ab68d48eb56ade84,1.2999999523162842,1.6613434553146362,0.36134350299835205,0.36134350299835205
4,154,b43760521a38d601ff690344,1.5700000524520874,1.4275621175765991,-0.14243793487548828,0.14243793487548828
4,155,4de217b61f632d7ec9527dfe,1.4600000381469727,1.4546699523925781,-0.005330085754394531,0.005330085754394531
4,156,1877565be35096c72dfa78fc,1.5299999713897705,2.0245609283447266,0.49456095695495605,0.49456095695495605
4,157,d7086c9e86f5bdd1e2ec1e35,1.350000023841858,2.1237926483154297,0.7737926244735718,0.7737926244735718
4,158,706e7aae967a5a90578fef59,1.7400000095367432,1.578324317932129,-0.16167569160461426,0.16167569160461426
4,159,2829230aace73521f61ae951,1.409999966621399,1.1690229177474976,-0.24097704887390137,0.24097704887390137
4,160,e847fd2f5ae3bed27f68111c,1.7200000286102295,1.6169184446334839,-0.1030815839767456,0.1030815839767456
4,161,6c1eab6aae4010a071e24ca7,0.6899999976158142,0.80510014295578,0.11510014533996582,0.11510014533996582
4,162,aeccf9ec3c8c9ce2ea4fc8b1,0.5699999928474426,0.9119895100593567,0.34198951721191406,0.34198951721191406
4,163,74f1ee4900e509ad81c656cd,0.4000000059604645,1.5077615976333618,1.1077616214752197,1.1077616214752197
4,164,da943d6c2731b207638614a9,1.3200000524520874,0.8573511242866516,-0.4626489281654358,0.4626489281654358
4,165,2b84dd6c322fdd246726f0bc,0.6100000143051147,1.975093960762024,1.3650939464569092,1.3650939464569092
4,166,7a0ee78f0215f14a1af511b8,0.9599999785423279,1.785914659500122,0.8259146809577942,0.8259146809577942
4,167,9a1c250955a0061c0c56368d,1.2599999904632568,0.9890100359916687,-0.27098995447158813,0.27098995447158813
4,168,d2ef6d3ab32ac2ac576641a5,2.0,0.81943678855896,-1.18056321144104,1.18056321144104
4,169,800eb04dc31f4d63d969f2e2,1.5499999523162842,1.619500994682312,0.06950104236602783,0.06950104236602783
4,170,11bb8a3d05d98b645139ff88,0.44999998807907104,0.6409738659858704,0.19097387790679932,0.19097387790679932
4,171,a499dc4f15072f311bbe1390,0.2199999988079071,1.2595945596694946,1.0395945310592651,1.0395945310592651
4,172,8b5a6eb1fdd13937bd046b3c,1.090000033378601,1.1648715734481812,0.07487154006958008,0.07487154006958008
4,173,8630408671ed20dfda547578,2.0880000591278076,2.464320659637451,0.37632060050964355,0.37632060050964355
4,174,6ba36a3595cdc096f84ecd32,2.6019999980926514,2.6735987663269043,0.07159876823425293,0.07159876823425293
4,175,44ab589b8fadb2dc24747d67,1.5499999523162842,2.255096435546875,0.7050964832305908,0.7050964832305908
4,176,3101c4066cd27cd81969cffd,1.3300000429153442,1.9492026567459106,0.6192026138305664,0.6192026138305664
4,177,c8509d0af7f1e701b0f01f38,1.059999942779541,1.4766281843185425,0.41662824153900146,0.41662824153900146
4,178,8567ea67f76459514a32095f,2.009999990463257,1.328717827796936,-0.6812821626663208,0.6812821626663208
4,179,3859db6c5446e2ea17a980fb,0.7699999809265137,1.1725276708602905,0.40252768993377686,0.40252768993377686
4,180,8e148552cb2cecd420eb200a,0.8899999856948853,1.1723872423171997,0.28238725662231445,0.28238725662231445
4,181,a69d58f97742a1fca6196036,0.9200000166893005,1.0099481344223022,0.08994811773300171,0.08994811773300171
4,182,83621b62a3975692beb4e60f,0.46000000834465027,1.2373634576797485,0.7773634195327759,0.7773634195327759
4,183,720198772eac66dedd997b29,1.0299999713897705,1.2975789308547974,0.26757895946502686,0.26757895946502686
4,184,ce7dafcedd2b38b1f1805937,1.6100000143051147,1.1779261827468872,-0.43207383155822754,0.43207383155822754
4,185,3314ac43adb6f2baaf840d62,1.3700000047683716,1.2746626138687134,-0.0953373908996582,0.0953373908996582
4,186,1e92931430ceaa36d82f7614,1.0,1.3231796026229858,0.32317960262298584,0.32317960262298584
4,187,13044e1482eb855222e77720,0.7200000286102295,1.038743019104004,0.3187429904937744,0.3187429904937744
4,188,0f1eb644062ce676b276a439,0.7400000095367432,0.9432162046432495,0.20321619510650635,0.20321619510650635
4,189,eda89504dd872d14e624c87e,1.559999942779541,1.1992273330688477,-0.36077260971069336,0.36077260971069336
4,190,cdc4125fc2270a7c824d4c8f,1.1369999647140503,1.1230682134628296,-0.013931751251220703,0.013931751251220703
4,191,f8cdac5bc841db3fec56545a,2.0859999656677246,2.1318507194519043,0.04585075378417969,0.04585075378417969
4,192,e2557be1e1ee5a851d807caa,1.5850000381469727,1.6518889665603638,0.06688892841339111,0.06688892841339111
4,193,d7f031da173daf48beb253f1,1.5230000019073486,1.8631776571273804,0.34017765522003174,0.34017765522003174
4,194,fc478ededd6b34ebb640f890,0.8700000047683716,1.37429940700531,0.5042994022369385,0.5042994022369385
4,195,437d2d6646a8c6ab37606bec,0.7200000286102295,0.8048157095909119,0.08481568098068237,0.08481568098068237
4,196,9867be91764db07e4136942f,0.8299999833106995,0.6276616454124451,-0.2023383378982544,0.2023383378982544
4,197,900c14c9c3b093e3922b0160,0.8700000047683716,0.9277798533439636,0.05777984857559204,0.05777984857559204
4,198,3f5e7322b368ef9396964366,1.2200000286102295,0.7497808337211609,-0.4702191948890686,0.4702191948890686
4,199,e1848fb2681f94277e1f5fe6,2.7300000190734863,1.0113472938537598,-1.7186527252197266,1.7186527252197266
4,200,639679539d6e759e9830f319,0.3400000035762787,0.5873586535453796,0.24735864996910095,0.24735864996910095
4,201,580027973618e819123cc2b0,0.5,1.3028384447097778,0.8028384447097778,0.8028384447097778
4,202,53051fec236c6b5a0b2c4973,3.071000099182129,1.7322193384170532,-1.3387807607650757,1.3387807607650757
4,203,be222a0d4c1fdc6ee4c0d18b,1.3660000562667847,1.370260238647461,0.0042601823806762695,0.0042601823806762695
4,204,2c354d30399513e4e4977d65,3.694000005722046,1.4018763303756714,-2.292123794555664,2.292123794555664
4,205,2dce8a8b61073de5ef514b5b,0.75,0.8912645578384399,0.14126455783843994,0.14126455783843994
4,206,09818737bdea045e30fb52d6,1.090000033378601,1.0594278573989868,-0.030572175979614258,0.030572175979614258
4,207,3cd773aca06e47f10ae31da8,1.25,1.125349760055542,-0.12465023994445801,0.12465023994445801
4,208,62d2690867493ac76cf87068,1.25,1.0337003469467163,-0.2162996530532837,0.2162996530532837
4,209,921e18cdf5de3f685bb12172,1.2699999809265137,0.9139840006828308,-0.35601598024368286,0.35601598024368286
4,210,33447664c1c852ac5e34e080,0.8240000009536743,0.8481255173683167,0.024125516414642334,0.024125516414642334
4,211,3eeab199044dc8a76272b153,2.0280001163482666,1.5723258256912231,-0.45567429065704346,0.45567429065704346
4,212,f08a8670bb9650cdefdeb9ad,3.0339999198913574,3.0605170726776123,0.026517152786254883,0.026517152786254883
4,213,3b6a4f112cda17a75f8f7de6,2.325000047683716,2.388225555419922,0.06322550773620605,0.06322550773620605
4,214,542ba778b552a06420f4f0bc,2.562999963760376,2.5716981887817383,0.008698225021362305,0.008698225021362305
4,215,e02a82c301b86364a2ca370d,2.5160000324249268,2.5059728622436523,-0.010027170181274414,0.010027170181274414
4,216,b24870b7af1cfad6aed8b160,2.812999963760376,2.6349687576293945,-0.17803120613098145,0.17803120613098145
4,217,7aa272d8c537fa18f890e3fa,2.7049999237060547,2.651578426361084,-0.0534214973449707,0.0534214973449707
4,218,6507feb85cac9c0c4f8d6f96,3.5320000648498535,3.4038009643554688,-0.12819910049438477,0.12819910049438477
4,219,4c7f9fc7dff84b1c80c9f41d,1.9819999933242798,2.463083267211914,0.4810832738876343,0.4810832738876343
4,220,e52026b80a4065fc9b3acf8a,2.7019999027252197,2.681222677230835,-0.020777225494384766,0.020777225494384766
4,221,acaee7d0120320358bed3fd4,2.1459999084472656,2.4088222980499268,0.26282238960266113,0.26282238960266113
4,222,63f3485e4b562b0ffdd5636e,0.9049999713897705,1.0745991468429565,0.16959917545318604,0.16959917545318604
4,223,f9bae7b3e797ae301ea87e10,1.4079999923706055,1.468263864517212,0.060263872146606445,0.060263872146606445
4,224,a126907cc0daffe7eeb1d212,1.878999948501587,2.32468581199646,0.44568586349487305,0.44568586349487305
4,225,ed4262c9cfd3edd5a1c9da79,2.7960000038146973,2.5926287174224854,-0.20337128639221191,0.20337128639221191
4,226,419532871313b86dcd0f3129,2.9709999561309814,2.919426441192627,-0.05157351493835449,0.05157351493835449
4,227,0c34d7ab8f4bf44161b0e92a,2.5230000019073486,2.531665325164795,0.008665323257446289,0.008665323257446289
4,228,72ee40e1c5aa9be2ca04b337,2.3980000019073486,2.41444993019104,0.016449928283691406,0.016449928283691406
4,229,2c159a14b03d8a7e2ddf5c1a,3.0840001106262207,3.060934543609619,-0.023065567016601562,0.023065567016601562
4,230,aa87bd5233cb339937e59155,1.899999976158142,2.2890872955322266,0.3890873193740845,0.3890873193740845
4,231,c73dfda03a9fafed9a511169,0.2939999997615814,2.5006632804870605,2.2066633701324463,2.2066633701324463
4,232,cd07490d3578368f06b313c6,1.9500000476837158,1.4295908212661743,-0.5204092264175415,0.5204092264175415
4,233,cb19a67f0f0d190ca9d8568d,1.2100000381469727,1.4612525701522827,0.25125253200531006,0.25125253200531006
4,234,88b99a718856acb357e27e0c,0.6600000262260437,1.5566720962524414,0.8966720700263977,0.8966720700263977
4,235,df86b3de026399ee9f13b964,2.190000057220459,1.821874737739563,-0.368125319480896,0.368125319480896
4,236,aa3e6217b2c50a810bb237e5,1.4800000190734863,2.366547107696533,0.8865470886230469,0.8865470886230469
4,237,2e7f4d5629785cea0dd262ca,0.18000000715255737,1.4642363786697388,1.2842364311218262,1.2842364311218262
4,238,e742533981d0527e2b62aff6,1.590000033378601,1.6693977117538452,0.07939767837524414,0.07939767837524414
4,239,b8a1b31644573b14b5f1a81b,1.9500000476837158,1.057291030883789,-0.8927090167999268,0.8927090167999268
4,240,8e4060b7e40941f3af33646f,0.5199999809265137,1.49716055393219,0.9771605730056763,0.9771605730056763
4,241,590ea216529302f7f6e310f9,2.3299999237060547,2.0511531829833984,-0.27884674072265625,0.27884674072265625
4,242,675064c53b780c38956ae2e1,1.899999976158142,1.865895390510559,-0.03410458564758301,0.03410458564758301
4,243,29fe49b5548fb5d4fcc5650f,1.899999976158142,1.994150996208191,0.09415102005004883,0.09415102005004883
4,244,2c30a86418e329c3711f4d82,1.9299999475479126,2.1722891330718994,0.24228918552398682,0.24228918552398682
4,245,886c011ab37940571f88a415,2.440000057220459,1.8614556789398193,-0.5785443782806396,0.5785443782806396
4,246,98644ebc19a90b2b4058c544,2.2100000381469727,1.6883119344711304,-0.5216881036758423,0.5216881036758423
4,247,93f36a872711c025981534a0,2.25,1.8633308410644531,-0.3866691589355469,0.3866691589355469
4,248,d5e2a9ea2476d69018f8cd49,2.25,2.4277873039245605,0.17778730392456055,0.17778730392456055
4,249,9d4e5acf79b618f1c55bfa72,2.069999933242798,2.1486260890960693,0.07862615585327148,0.07862615585327148
4,250,097ec64e8f1987e294cc0734,1.840000033378601,1.676608681678772,-0.1633913516998291,0.1633913516998291
4,251,846138144c30f8f7f09a2b34,1.899999976158142,2.166372060775757,0.26637208461761475,0.26637208461761475
4,252,7495d8f1954b218f701c1fa0,1.305999994277954,1.6919535398483276,0.38595354557037354,0.38595354557037354
4,253,932991e9dd80b3618039952e,1.628999948501587,2.011021375656128,0.382021427154541,0.382021427154541
4,254,129aa2f5bcbf29e910ed4f5a,0.8669999837875366,2.493912935256958,1.6269129514694214,1.6269129514694214
4,255,d6e3d502d72e1ba93f6b7727,2.190000057220459,1.885805606842041,-0.30419445037841797,0.30419445037841797
4,256,4da08ad44ae7260365b756de,2.109999895095825,2.042567729949951,-0.06743216514587402,0.06743216514587402
4,257,9eae744d472d80ebb8948ce2,2.6600000858306885,2.3756141662597656,-0.28438591957092285,0.28438591957092285
4,258,45576b89c57d86e5e15524c0,2.3499999046325684,2.0951170921325684,-0.2548828125,0.2548828125
4,259,251dd137eb835c379582e9c5,2.440000057220459,2.0814104080200195,-0.35858964920043945,0.35858964920043945
4,260,4eff53527c14d130aff4012a,2.2200000286102295,2.1094815731048584,-0.1105184555053711,0.1105184555053711
4,261,3d8d99a18c598217e30c6229,3.200000047683716,1.9278100728988647,-1.272189974784851,1.272189974784851
4,262,7c06890905e85b6cf66d3481,2.5399999618530273,1.791300654411316,-0.7486993074417114,0.7486993074417114
4,263,4548dc9c3165a591d40f98d3,2.059999942779541,2.325253486633301,0.26525354385375977,0.26525354385375977
4,264,fd96b47093dd268e9fca2db4,2.390000104904175,1.8494383096694946,-0.5405617952346802,0.5405617952346802
4,265,47f3134b18884eb6ba6424f7,2.0299999713897705,1.903314232826233,-0.1266857385635376,0.1266857385635376
4,266,701c58f9f782c79056272abb,3.059999942779541,1.7100483179092407,-1.3499516248703003,1.3499516248703003
4,267,776668e14e7e541985b23d66,1.899999976158142,1.918691635131836,0.018691658973693848,0.018691658973693848
4,268,8bb62feb7023d36198b471c9,1.7200000286102295,1.3843023777008057,-0.33569765090942383,0.33569765090942383
4,269,cb592cfbbb0445964ec7c7b7,2.0399999618530273,1.7800335884094238,-0.2599663734436035,0.2599663734436035
4,270,4a119a25c03cd9abbbb7655e,0.28999999165534973,0.25800609588623047,-0.03199389576911926,0.03199389576911926
4,271,d2aa9d6b0bd5d35b36a8ba8c,0.47999998927116394,0.8799939155578613,0.3999939262866974,0.3999939262866974
4,272,76b2951985e226dec9165c3d,0.10999999940395355,0.34320563077926636,0.2332056313753128,0.2332056313753128
4,273,bfb7b6a5afd5323f6b14491a,0.2199999988079071,0.8067415356636047,0.58674156665802,0.58674156665802
4,274,a1f9d77597c9f20f5d6516e5,0.6299999952316284,0.6348416209220886,0.004841625690460205,0.004841625690460205
4,275,0069b2e23607a68f43ebdb68,1.0399999618530273,0.9970036149024963,-0.042996346950531006,0.042996346950531006
4,276,5f477dfcfdaf918567f7da09,0.019999999552965164,0.13450419902801514,0.11450420320034027,0.11450420320034027
4,277,5f1bad9c0432438950f40026,3.609999895095825,2.9177894592285156,-0.6922104358673096,0.6922104358673096
4,278,d35af753fbc8dd1af017f223,0.6100000143051147,0.4604601263999939,-0.14953988790512085,0.14953988790512085
4,279,05dd5e8584a5f1d419e3352d,0.6899999976158142,0.2970447242259979,-0.3929552733898163,0.3929552733898163
4,280,1a915ae1d6aa42a22fc4c1f1,0.7400000095367432,0.7277625203132629,-0.012237489223480225,0.012237489223480225
4,281,da1d1e2c33446fc7e7145be1,1.8200000524520874,1.1465556621551514,-0.673444390296936,0.673444390296936
4,282,4595b8b991ae35fc66bb7eba,2.2200000286102295,1.3410835266113281,-0.8789165019989014,0.8789165019989014
4,283,7f393fa31a85a67be24801ab,0.44999998807907104,0.4851447343826294,0.03514474630355835,0.03514474630355835
4,284,16e7c4f18c587c2839b4be0b,0.9399999976158142,1.087665319442749,0.14766532182693481,0.14766532182693481
4,285,4ea69c9f39069bc21ac7612e,0.6600000262260437,1.5783237218856812,0.9183236956596375,0.9183236956596375
4,286,e911569402cd1ca90636f628,3.359999895095825,2.041490077972412,-1.318509817123413,1.318509817123413
4,287,f81fd3d63818c066773ba334,2.630000114440918,1.9694617986679077,-0.6605383157730103,0.6605383157730103
4,288,8e404fd44218eaaebcc26566,2.200000047683716,2.0917599201202393,-0.10824012756347656,0.10824012756347656
4,289,5e4976d48795df9cabe45d0c,2.9200000762939453,2.6888065338134766,-0.23119354248046875,0.23119354248046875
4,290,3a373eae0e90eb36798e55b2,1.4500000476837158,1.6875518560409546,0.23755180835723877,0.23755180835723877
4,291,b315aa82b32a3a4fd57ef71a,3.5199999809265137,2.385730266571045,-1.1342697143554688,1.1342697143554688
4,292,9c7c2d0b0dd16945e1de5057,2.4200000762939453,2.3404862880706787,-0.0795137882232666,0.0795137882232666
4,293,e036e7cb4a93fd9ccc131a9e,1.5,1.871066927909851,0.3710669279098511,0.3710669279098511
4,294,432b8ee11bd2c9f82e02b067,2.0399999618530273,2.2650890350341797,0.22508907318115234,0.22508907318115234
4,295,464cbca71caefb29d27990bf,1.5199999809265137,1.8117254972457886,0.2917255163192749,0.2917255163192749
4,296,463339ffa949f58c88829f2b,2.0799999237060547,2.0460047721862793,-0.03399515151977539,0.03399515151977539
4,297,7595b7509f9009f0fb1d469a,1.690000057220459,1.8527854681015015,0.16278541088104248,0.16278541088104248
4,298,9819cef5dd7e039892ae174e,1.690000057220459,1.9270306825637817,0.23703062534332275,0.23703062534332275
4,299,c41890450e3891da8554e5ab,1.6799999475479126,2.146480083465576,0.4664801359176636,0.4664801359176636
4,300,712ab54e352e671bf3b4410a,1.7999999523162842,2.272411346435547,0.4724113941192627,0.4724113941192627
4,301,958500e88ab78cd6af75f670,2.2699999809265137,2.035169839859009,-0.23483014106750488,0.23483014106750488
4,302,f199181e44e99d9b6491f54d,1.9199999570846558,2.2380175590515137,0.3180176019668579,0.3180176019668579
4,303,b5cf144d6d127cc5167d6f4d,1.75,1.7745139598846436,0.024513959884643555,0.024513959884643555
4,304,50c413706046408b4302cb8b,1.75,1.6083139181137085,-0.1416860818862915,0.1416860818862915
4,305,1859700d7136969c7eeb6aa0,1.1699999570846558,1.3940622806549072,0.22406232357025146,0.22406232357025146
4,306,72c7c3d44696da05ec237ac4,0.7099999785423279,1.3929779529571533,0.6829779744148254,0.6829779744148254
4,307,7a65044569f06320ba5575c2,0.8299999833106995,1.3755730390548706,0.5455730557441711,0.5455730557441711
4,308,bc92d3270d8f1032fe708821,2.2200000286102295,2.22373366355896,0.0037336349487304688,0.0037336349487304688
4,309,418b624b34feb5b3685dd01b,2.3499999046325684,2.2160627841949463,-0.13393712043762207,0.13393712043762207
4,310,18ad758e76bff965ce6ef39b,2.569999933242798,2.4716970920562744,-0.09830284118652344,0.09830284118652344
4,311,fcbc4c8193a1ea82a769a570,2.2699999809265137,2.746312141418457,0.47631216049194336,0.47631216049194336
4,312,13fa28cf275e2d418143b5a6,2.7699999809265137,2.5250208377838135,-0.2449791431427002,0.2449791431427002
4,313,5c455f81bf8ed5c29a9d5077,2.309999942779541,2.3095858097076416,-0.00041413307189941406,0.00041413307189941406
4,314,04bbfca6dad6e0921696040a,2.4000000953674316,2.410003900527954,0.010003805160522461,0.010003805160522461
4,315,c256e468b0f93116ed917e3c,2.200000047683716,2.6588988304138184,0.45889878273010254,0.45889878273010254
4,316,ed10c3302df154c56ce52b79,0.5899999737739563,0.9255990386009216,0.33559906482696533,0.33559906482696533
4,317,f671a04e98bfc2c28178e46b,0.3799999952316284,1.335058331489563,0.9550583362579346,0.9550583362579346
4,318,8ebfddef4892a32f78ce9409,1.8300000429153442,1.7323498725891113,-0.09765017032623291,0.09765017032623291
4,319,1c427fdc68af850caac36e32,0.8500000238418579,0.8212252855300903,-0.028774738311767578,0.028774738311767578
4,320,038dfd5f60465a86be54f2e8,2.3399999141693115,0.830449640750885,-1.5095503330230713,1.5095503330230713
4,321,71776bfcb7b63fcd7c277990,1.1299999952316284,1.715687870979309,0.5856878757476807,0.5856878757476807
4,322,5e3ab788a3259933a5e32bbb,1.3799999952316284,1.6701534986495972,0.29015350341796875,0.29015350341796875
4,323,97708ecfdb0f20956ce1c5fe,1.3799999952316284,1.7222648859024048,0.34226489067077637,0.34226489067077637
4,324,fa4f5dbd81f476aab1cf9ef8,1.0099999904632568,1.0332990884780884,0.023299098014831543,0.023299098014831543
4,325,f9288f0f62cbbea7a30d6287,1.659999966621399,1.3672221899032593,-0.29277777671813965,0.29277777671813965
4,326,38e9d41e93324557d063d076,1.4299999475479126,1.3469854593276978,-0.08301448822021484,0.08301448822021484
4,327,6a7882bb3c1aa225c4def53c,1.0,1.196836233139038,0.19683623313903809,0.19683623313903809
4,328,69fe30cf7c0c3382c54a6dfb,1.2799999713897705,1.5673880577087402,0.2873880863189697,0.2873880863189697
4,329,bc4bd70451ab6a90156ac05f,0.75,1.132035255432129,0.3820352554321289,0.3820352554321289
4,330,8a7ea28962acfbf1d867058e,1.600000023841858,1.6802729368209839,0.08027291297912598,0.08027291297912598
4,331,776ee4e5c981c60277b037f9,1.190000057220459,1.1618818044662476,-0.028118252754211426,0.028118252754211426
4,332,94ae7ba31347410d36e8fcbb,0.949999988079071,0.9107354283332825,-0.039264559745788574,0.039264559745788574
4,333,fc21a44d0b6afe8db196cc86,1.850000023841858,0.909151554107666,-0.9408484697341919,0.9408484697341919
4,334,9b7e0e2aedf7d893a63c83c0,1.2400000095367432,1.0622509717941284,-0.17774903774261475,0.17774903774261475
4,335,dffb20e338faa24c6c668036,1.309999942779541,1.4942015409469604,0.18420159816741943,0.18420159816741943
4,336,022060b3c789cccca5609844,1.340000033378601,1.5463095903396606,0.20630955696105957,0.20630955696105957
4,337,41c76a276b2b4dd16122ceba,0.7699999809265137,1.3788139820098877,0.608814001083374,0.608814001083374
4,338,a310401ae0e71d93189d74fe,1.190000057220459,1.3754421472549438,0.18544209003448486,0.18544209003448486
4,339,447856e97817d0328b74e93d,1.0800000429153442,1.5144325494766235,0.4344325065612793,0.4344325065612793
4,340,397d97bda5288119ead60257,1.1799999475479126,1.8776732683181763,0.6976733207702637,0.6976733207702637
4,341,0b5fec1ea3f37a146357f9be,0.9599999785423279,1.8267046213150024,0.8667046427726746,0.8667046427726746
4,342,d0176c2b703c3cb81abccbc4,1.0700000524520874,1.1041120290756226,0.034111976623535156,0.034111976623535156
4,343,2f468e379e2115540a614684,1.4500000476837158,1.327126383781433,-0.12287366390228271,0.12287366390228271
4,344,5c7447d01c22c2bd4ed57241,1.059999942779541,0.9311280846595764,-0.1288718581199646,0.1288718581199646
4,345,30845a85c78e64cd2bd6729a,2.559999942779541,2.1753711700439453,-0.3846287727355957,0.3846287727355957
4,346,56005fd9800111af4a8911ee,1.25,2.1937904357910156,0.9437904357910156,0.9437904357910156
4,347,8db3b56264967471c38845bd,0.8199999928474426,1.3594565391540527,0.5394565463066101,0.5394565463066101
4,348,ebef70bc92c35e00c4d31af5,0.8299999833106995,0.9981327652931213,0.16813278198242188,0.16813278198242188
4,349,f66619022d3d2548b2f878ea,1.1200000047683716,1.1113673448562622,-0.008632659912109375,0.008632659912109375
4,350,ad39b6af360cc345cb213dc0,0.8500000238418579,1.030342698097229,0.1803426742553711,0.1803426742553711
4,351,581a5a296ca75b8ca6bdc494,2.7899999618530273,2.0611062049865723,-0.7288937568664551,0.7288937568664551
4,352,67c3d373d6dede8d27fc156f,1.440000057220459,0.7143966555595398,-0.7256034016609192,0.7256034016609192
4,353,4894483dd40fcfb5eda24a80,2.2300000190734863,1.1867073774337769,-1.0432926416397095,1.0432926416397095
4,354,410d6ba898d9ec0804a470bb,0.7099999785423279,1.1545835733413696,0.44458359479904175,0.44458359479904175
4,355,eeed9c9941f95a2d001052f0,2.069999933242798,1.3869699239730835,-0.6830300092697144,0.6830300092697144
4,356,88965221899399ef6ccc1d61,2.390000104904175,2.0117669105529785,-0.3782331943511963,0.3782331943511963
4,357,4edfd15f987f09961d74a98a,0.7900000214576721,1.0806925296783447,0.2906925082206726,0.2906925082206726
4,358,6c1a78d2f3d2ac407259c409,1.7599999904632568,0.9084263443946838,-0.851573646068573,0.851573646068573
4,359,534096833ee075253ecc8e74,1.659999966621399,1.1899079084396362,-0.4700920581817627,0.4700920581817627
4,360,daa3f60ecc1923d65e7c309d,0.7099999785423279,0.9717232584953308,0.26172327995300293,0.26172327995300293
4,361,003b0b54913a868ab099b576,0.7900000214576721,1.2279165983200073,0.4379165768623352,0.4379165768623352
4,362,9a5bd98d4ab1a21363d1defc,1.2599999904632568,0.7946866750717163,-0.4653133153915405,0.4653133153915405
4,363,8581621ceac9685deacc0629,0.7400000095367432,0.6812521815299988,-0.058747828006744385,0.058747828006744385
4,364,2476d37f95f89ed9f7dd7db0,1.649999976158142,0.753634512424469,-0.8963654637336731,0.8963654637336731
4,365,d0ecb0bcc6f667bfd9ffdf99,0.46000000834465027,0.7910612225532532,0.3310612142086029,0.3310612142086029
4,366,18e147036399be38919daddd,1.190000057220459,0.9528034329414368,-0.23719662427902222,0.23719662427902222
4,367,0a2985ce638bb3511e45ad1e,0.9800000190734863,1.320679783821106,0.34067976474761963,0.34067976474761963
4,368,0e8f6fdcf62ea5f8a0dcab31,3.130000114440918,3.214663505554199,0.08466339111328125,0.08466339111328125
4,369,3a34641595dccd1dc9ae0576,2.5799999237060547,2.7255733013153076,0.14557337760925293,0.14557337760925293
4,370,5e755c3eb1097f9955a4e1da,3.6600000858306885,3.3940916061401367,-0.26590847969055176,0.26590847969055176
4,371,e592d0731728a87e6ec1c88d,4.110000133514404,4.194971561431885,0.08497142791748047,0.08497142791748047
4,372,10aec03b0ab613cc06631ae4,4.25,4.305055618286133,0.05505561828613281,0.05505561828613281
4,373,aa26655d12ab830ed377fc86,0.4099999964237213,0.5205123424530029,0.11051234602928162,0.11051234602928162
4,374,9fa4eafd5424136c827064b4,1.340000033378601,1.3188937902450562,-0.021106243133544922,0.021106243133544922
4,375,d57a57956a89a88f2b49d7ab,1.059999942779541,0.6127869486808777,-0.44721299409866333,0.44721299409866333
4,376,db8f76745dc39a21a4c3fa98,0.3700000047683716,0.14958590269088745,-0.22041410207748413,0.22041410207748413
4,377,54ee01781531ee72032a257e,0.75,0.2312788963317871,-0.5187211036682129,0.5187211036682129
4,378,764dbe54cb355428b78afd1c,0.1599999964237213,0.9271947741508484,0.7671947479248047,0.7671947479248047
4,379,72a09ebcc9b364b1fd1f52a9,0.09000000357627869,0.4889006018638611,0.3989005982875824,0.3989005982875824
4,380,41fc98529e474e29e52f47d0,1.4299999475479126,1.4501458406448364,0.020145893096923828,0.020145893096923828
4,381,6daeca4c9f44d12460f2898c,2.950000047683716,2.3326926231384277,-0.6173074245452881,0.6173074245452881
4,382,36fc8beaa2ea400ab304d685,2.380000114440918,2.6586532592773438,0.2786531448364258,0.2786531448364258
4,383,a1152c85112538b42338dd0f,2.0199999809265137,2.1943774223327637,0.17437744140625,0.17437744140625
4,384,e78301b5405645c7e5a21b7a,1.9700000286102295,2.163982391357422,0.19398236274719238,0.19398236274719238
4,385,5a7d9c2343695658415758ce,1.9800000190734863,1.911387324333191,-0.06861269474029541,0.06861269474029541
4,386,e7d7b748ccf3b94c5d12ce18,2.0899999141693115,2.3308634757995605,0.24086356163024902,0.24086356163024902
4,387,5c9e1b949af870e4dd29a916,2.009999990463257,2.0888564586639404,0.0788564682006836,0.0788564682006836
4,388,436ba706460a8f8f348e9f60,1.9500000476837158,2.1119561195373535,0.1619560718536377,0.1619560718536377
4,389,8ce0d8073aa0862775d8bc5c,2.069999933242798,2.2174768447875977,0.1474769115447998,0.1474769115447998
4,390,13f0f652d747130b3d00fec6,2.109999895095825,2.377918243408203,0.26791834831237793,0.26791834831237793
4,391,0c52433775e81a2b2df9274d,1.8700000047683716,2.080406665802002,0.21040666103363037,0.21040666103363037
4,392,0fb69920197cf94ce0cca16d,2.180000066757202,2.7594635486602783,0.5794634819030762,0.5794634819030762
4,393,297594990af0790e105dc34e,1.909999966621399,2.473754405975342,0.5637544393539429,0.5637544393539429
4,394,f5c48b89cc8a8712816bdd58,1.899999976158142,2.2315115928649902,0.33151161670684814,0.33151161670684814
4,395,90673c487aab7256d91bde63,1.0199999809265137,1.0838509798049927,0.063850998878479,0.063850998878479
4,396,2c291b6f4fdec2e467716130,0.9800000190734863,1.3876198530197144,0.407619833946228,0.407619833946228
4,397,42a5afc1619e36842a774c04,0.8299999833106995,0.8846505284309387,0.05465054512023926,0.05465054512023926
4,398,b1031feb63317926596d6599,1.3799999952316284,1.5237046480178833,0.14370465278625488,0.14370465278625488
4,399,9ef16b59a5738ab0f91150be,0.9300000071525574,0.5792966485023499,-0.3507033586502075,0.3507033586502075
4,400,17a0a45ce4f4a53425790af0,0.9599999785423279,1.1192529201507568,0.15925294160842896,0.15925294160842896
4,401,1a30991865c49491c2466379,0.9300000071525574,1.2166004180908203,0.28660041093826294,0.28660041093826294
4,402,6c4734c9a42055bfe2802c4a,0.9599999785423279,1.5361098051071167,0.5761098265647888,0.5761098265647888
4,403,2b6fde249d99639cdf010760,0.8999999761581421,1.315055012702942,0.4150550365447998,0.4150550365447998
4,404,463e26d2e0ed5d8ae06d3fd3,1.4600000381469727,1.666453242301941,0.20645320415496826,0.20645320415496826
4,405,dbd6b2c897855a43ab0cebb2,0.7200000286102295,1.0244654417037964,0.3044654130935669,0.3044654130935669
4,406,bd3c6739d8fd953ef48fa650,0.949999988079071,1.2897675037384033,0.3397675156593323,0.3397675156593323
4,407,ef214ea578b0bd2aa7874620,1.8700000047683716,1.337481141090393,-0.5325188636779785,0.5325188636779785
4,408,bdf4db78a13987d987d56cb1,0.75,1.1855016946792603,0.43550169467926025,0.43550169467926025
4,409,99b6249ba01bbef5a33e875b,1.0800000429153442,1.450645923614502,0.3706458806991577,0.3706458806991577
4,410,5d6b87493dd5812376835fbe,1.2699999809265137,1.3866273164749146,0.11662733554840088,0.11662733554840088
4,411,7ea7621d14b917cfdac81790,2.0799999237060547,2.1546151638031006,0.0746152400970459,0.0746152400970459
4,412,a6cce4127bd8525fbe9f881c,2.5999999046325684,2.525158405303955,-0.07484149932861328,0.07484149932861328
4,413,8ddd15523d6207f227a986dc,2.0999999046325684,1.7793973684310913,-0.32060253620147705,0.32060253620147705
4,414,10c4f7e60ab492db4baebf4d,2.0999999046325684,2.292984962463379,0.19298505783081055,0.19298505783081055
4,415,b6931bf9a89b95b6ca30fa23,2.109999895095825,2.210056781768799,0.10005688667297363,0.10005688667297363
4,416,43192356bcbb2fd7b9a9c8db,2.0399999618530273,2.4694948196411133,0.42949485778808594,0.42949485778808594
4,417,658689e9a6fc31032df32698,2.2699999809265137,2.0907487869262695,-0.17925119400024414,0.17925119400024414
4,418,8150f469015f16b31605d550,2.4100000858306885,2.086513042449951,-0.3234870433807373,0.3234870433807373
4,419,317294fbefc7cc52db0c9cc8,2.0299999713897705,1.9347609281539917,-0.09523904323577881,0.09523904323577881
4,420,04c33ecebd2dcb85c8a3472b,2.430000066757202,2.892857074737549,0.4628570079803467,0.4628570079803467
4,421,e834f87224a7628194c95865,0.47999998927116394,0.4096776843070984,-0.07032230496406555,0.07032230496406555
4,422,1db4fed0ac0dacf63ee4fb66,2.0199999809265137,1.416772723197937,-0.6032272577285767,0.6032272577285767
4,423,4768e297cb60258ae569f2fe,0.5699999928474426,0.9607576727867126,0.39075767993927,0.39075767993927
4,424,0b9232c93248878912dd339c,0.6299999952316284,1.3754721879959106,0.7454721927642822,0.7454721927642822
4,425,662cbb5497931f450436b5ce,0.367000013589859,0.9951866269111633,0.6281865835189819,0.6281865835189819
4,426,5e96e8f90dddf998bacb34f0,2.180000066757202,2.2487831115722656,0.06878304481506348,0.06878304481506348
4,427,d7b26508af28c36bfe3e3748,0.8539999723434448,0.8127732872962952,-0.04122668504714966,0.04122668504714966
4,428,4e51384d627c5b4e62122c4a,1.0759999752044678,1.0996090173721313,0.023609042167663574,0.023609042167663574
4,429,afffac6ce45f5c34a90d1a3d,0.9599999785423279,1.4921101331710815,0.5321101546287537,0.5321101546287537
4,430,43eeafad10dd13f5841acf85,1.1799999475479126,1.1423869132995605,-0.03761303424835205,0.03761303424835205
4,431,cbc0124bf568766e1ef3099b,1.5800000429153442,2.8647103309631348,1.2847102880477905,1.2847102880477905
4,432,e33a162436a0e68569a80114,1.149999976158142,1.108296513557434,-0.04170346260070801,0.04170346260070801
4,433,058fb624d39a4af4e3e71d85,2.0199999809265137,1.7977391481399536,-0.22226083278656006,0.22226083278656006
4,434,54a037ad2495979030c4ecb2,1.8600000143051147,1.9711605310440063,0.1111605167388916,0.1111605167388916
4,435,cec016f37aee44a1f25cf617,1.1299999952316284,0.9706318974494934,-0.159368097782135,0.159368097782135
4,436,288edf61196f70d0b0684cee,1.3200000524520874,1.4686436653137207,0.1486436128616333,0.1486436128616333
4,437,b054dab1d9ec553194fbaaeb,0.8700000047683716,1.4188157320022583,0.5488157272338867,0.5488157272338867
4,438,aafc2cb117f7175fcade3139,1.3200000524520874,1.4683583974838257,0.14835834503173828,0.14835834503173828
4,439,710327e8714d3b978262305a,2.309999942779541,0.8900658488273621,-1.4199340343475342,1.4199340343475342
4,440,425434b92e72e03e9803f562,1.0,1.4257596731185913,0.4257596731185913,0.4257596731185913
4,441,68f7259fb018c60b2f5dce17,1.2100000381469727,1.2705165147781372,0.06051647663116455,0.06051647663116455
4,442,06791e9a5773162f6a61b48e,1.6419999599456787,2.112342119216919,0.47034215927124023,0.47034215927124023
4,443,1d96533a88f5ace36872356f,1.6100000143051147,1.7688210010528564,0.1588209867477417,0.1588209867477417
4,444,89ca0a5cbdd3b72a0cc08e3a,2.869999885559082,2.880821704864502,0.010821819305419922,0.010821819305419922
4,445,59439f722f1efa2cfc556af2,2.430000066757202,1.8743970394134521,-0.55560302734375,0.55560302734375
4,446,0a45b3f05b52c1e298ad6f74,2.619999885559082,1.3169745206832886,-1.3030253648757935,1.3030253648757935
4,447,7ba466be76a3f29f9e4cf06e,1.9600000381469727,1.7007066011428833,-0.25929343700408936,0.25929343700408936
4,448,b7b09e45236462533657c243,2.0199999809265137,1.9755746126174927,-0.044425368309020996,0.044425368309020996
4,449,15c146cf01e81b85cad8072e,2.0,1.8778746128082275,-0.12212538719177246,0.12212538719177246
4,450,6533837169220307aae43047,1.5,1.8406423330307007,0.3406423330307007,0.3406423330307007
4,451,1000d2d455647984ea28b3d5,1.75,1.7235502004623413,-0.02644979953765869,0.02644979953765869
4,452,f0199ecc0a5605e8b02bd5fb,1.5199999809265137,1.6989177465438843,0.1789177656173706,0.1789177656173706
4,453,e759065f878dee5134d4659b,1.340000033378601,1.6266251802444458,0.2866251468658447,0.2866251468658447
4,454,90afe4c6f101e8d601d10bc4,1.7400000095367432,1.574556827545166,-0.16544318199157715,0.16544318199157715
4,455,c5c5b2e4105977cdf29d251b,1.9299999475479126,1.7393375635147095,-0.19066238403320312,0.19066238403320312
4,456,304a1efe5d77efeecd9c8c8b,1.690000057220459,1.3232706785202026,-0.36672937870025635,0.36672937870025635
4,457,f827490ecd884582a5691e13,1.7699999809265137,1.5893067121505737,-0.18069326877593994,0.18069326877593994
4,458,a4dec1ac14b4f33343d1a056,1.7899999618530273,2.059654712677002,0.2696547508239746,0.2696547508239746
4,459,d6f862eb345c12ccf528409e,1.8200000524520874,1.439885139465332,-0.38011491298675537,0.38011491298675537
4,460,e222100dda77e0bd40019f0c,2.309999942779541,1.5577560663223267,-0.7522438764572144,0.7522438764572144
4,461,5905dfbc15f4a459f91ed84b,1.6299999952316284,1.64865243434906,0.01865243911743164,0.01865243911743164
4,462,eb62812c174f4853af54396d,1.1399999856948853,1.4540011882781982,0.314001202583313,0.314001202583313
4,463,f9be86c95cc9cf15057f9572,1.9500000476837158,1.5986727476119995,-0.3513273000717163,0.3513273000717163
4,464,af6c6bf6adf9b0a20fa9ea8a,1.6799999475479126,1.5710772275924683,-0.10892271995544434,0.10892271995544434
4,465,3ac2e0f1397f4a26689c1288,1.4600000381469727,1.5652133226394653,0.10521328449249268,0.10521328449249268
4,466,de6c248cf5199b0fdd7eab60,1.9299999475479126,2.1044251918792725,0.17442524433135986,0.17442524433135986
4,467,f13f33ac71e3f213fe0d4e8b,2.1700000762939453,2.2280375957489014,0.058037519454956055,0.058037519454956055
4,468,12a59f5060625ffcdda91101,1.600000023841858,1.7518876791000366,0.1518876552581787,0.1518876552581787
4,469,f59897f643b2a5393b44f583,3.0799999237060547,1.5887037515640259,-1.4912961721420288,1.4912961721420288
4,470,5097ba94237ac9e44d497358,1.659999966621399,1.6273642778396606,-0.03263568878173828,0.03263568878173828
4,471,64b69493f4d3ad1cfccb18fd,1.2000000476837158,1.8228262662887573,0.6228262186050415,0.6228262186050415
4,472,379b08875114c2ca442c9d6d,1.4299999475479126,1.3403407335281372,-0.08965921401977539,0.08965921401977539
4,473,1aa1b6fd1897383acf8e8664,0.9900000095367432,0.7616716623306274,-0.22832834720611572,0.22832834720611572
4,474,b7b47533578edd992f7adc45,0.7099999785423279,0.6268354058265686,-0.08316457271575928,0.08316457271575928
4,475,3f58d16d0aaebe4b9e1742c6,0.7599999904632568,0.5452015995979309,-0.21479839086532593,0.21479839086532593
4,476,91b9eb4870f80306d85fc0c8,1.0700000524520874,0.5766076445579529,-0.4933924078941345,0.4933924078941345
4,477,2316b8e7ab54ee5c745ea6fa,0.8799999952316284,0.4485253691673279,-0.43147462606430054,0.43147462606430054
4,478,ad69f7393398cc9fb8b6f5af,0.8100000023841858,0.7887608408927917,-0.021239161491394043,0.021239161491394043
4,479,98ed3faea6b40b990ec30606,2.1700000762939453,1.392770767211914,-0.7772293090820312,0.7772293090820312
4,480,bf6a32dcd50ab5937cc62d1c,0.9599999785423279,0.4972006678581238,-0.4627993106842041,0.4627993106842041
4,481,fb0eefd99813842d9d10a6da,0.5199999809265137,0.6286252737045288,0.10862529277801514,0.10862529277801514
4,482,6253e756d1fe4bc6dd2b3390,0.46000000834465027,1.1984121799468994,0.7384121417999268,0.7384121417999268
4,483,15a312c67a592ef042fc3096,1.0199999809265137,0.5286491513252258,-0.49135082960128784,0.49135082960128784
4,484,0313c83460acb7677e170ebb,1.9299999475479126,1.6600197553634644,-0.26998019218444824,0.26998019218444824
4,485,92183613d3931a627a5472c9,1.7000000476837158,1.3047593832015991,-0.3952406644821167,0.3952406644821167
4,486,0df805d81aac86122e5775a6,1.8300000429153442,1.557129979133606,-0.2728700637817383,0.2728700637817383
4,487,6302d20d62c85db82c2aba3a,1.590000033378601,1.6188371181488037,0.028837084770202637,0.028837084770202637
4,488,48d837c570a5ddadf80da7e1,2.4100000858306885,2.034144878387451,-0.3758552074432373,0.3758552074432373
4,489,69ae83b9adf9a6f090879c85,1.5099999904632568,1.7888143062591553,0.27881431579589844,0.27881431579589844
4,490,a7abf359b069571b3508ea06,1.7000000476837158,1.5655995607376099,-0.13440048694610596,0.13440048694610596
4,491,195a446bf7f34f45b1acb72b,2.0,1.6999813318252563,-0.30001866817474365,0.30001866817474365
4,492,0402024a465ae627419f8397,1.5499999523162842,1.6375266313552856,0.08752667903900146,0.08752667903900146
4,493,78df4eb8797e9aa87efdcea1,1.7200000286102295,1.8833597898483276,0.16335976123809814,0.16335976123809814
4,494,d6ac95defcf7b18515c20a26,2.369999885559082,1.8412891626358032,-0.5287107229232788,0.5287107229232788
4,495,3041ee90afe779201abd7d06,1.3799999952316284,1.7434078454971313,0.36340785026550293,0.36340785026550293
4,496,1ed065517b341a5083da7daa,1.7100000381469727,1.4700257778167725,-0.2399742603302002,0.2399742603302002
4,497,231578947bda0326f14ac10b,2.0320000648498535,2.1005542278289795,0.06855416297912598,0.06855416297912598
4,498,9e1935a9dd21be377a760bf5,0.4189999997615814,1.272919774055481,0.8539197444915771,0.8539197444915771
4,499,0ef919ccacc5195127b8bafe,0.9010000228881836,0.6841626167297363,-0.21683740615844727,0.21683740615844727
4,500,27d358d0d5009352bf78ce82,2.4690001010894775,2.594648838043213,0.12564873695373535,0.12564873695373535
4,501,9bf7535efaa468d79ade67c2,4.150000095367432,4.549850940704346,0.39985084533691406,0.39985084533691406
4,502,6d52d4e8c7609157a1005c81,3.259999990463257,2.8607139587402344,-0.39928603172302246,0.39928603172302246
4,503,9c3f955567a32b049b6b5a92,1.6200000047683716,3.196381092071533,1.5763810873031616,1.5763810873031616
4,504,21e0c9f4541de010e6cd11c8,3.450000047683716,2.570305109024048,-0.879694938659668,0.879694938659668
4,505,1c8146d900a8fc6124d1bc59,3.25,3.895352602005005,0.6453526020050049,0.6453526020050049
4,506,05eb6b1e5343ab5bb9b98bd1,4.090000152587891,3.6260833740234375,-0.4639167785644531,0.4639167785644531
4,507,e63b97edb68bf6f90181879b,2.119999885559082,2.006859302520752,-0.11314058303833008,0.11314058303833008
4,508,6cd4fdbe8b2d396e71cb0b67,3.930000066757202,2.7191669940948486,-1.2108330726623535,1.2108330726623535
4,509,85dba82aaacddd6dc9818cac,1.7699999809265137,3.037719488143921,1.2677195072174072,1.2677195072174072
4,510,92357e5229beb1584beb307e,2.299999952316284,3.62723445892334,1.3272345066070557,1.3272345066070557
4,511,5a8ea911af2e61486ae48a93,4.429999828338623,4.471660614013672,0.04166078567504883,0.04166078567504883
4,512,afcd23f4e41b0f24b356b28d,3.2899999618530273,3.3134994506835938,0.023499488830566406,0.023499488830566406
4,513,55aaf1afc4637d3c4f418139,1.3799999952316284,1.7911709547042847,0.41117095947265625,0.41117095947265625
4,514,fe53eaebee7126a46db2d31c,4.110000133514404,2.8210010528564453,-1.288999080657959,1.288999080657959
4,515,e05b3befec500f3cfc07c263,4.019999980926514,3.4229249954223633,-0.5970749855041504,0.5970749855041504
4,516,325e26c73ca0960b904acc94,2.200000047683716,2.7534618377685547,0.5534617900848389,0.5534617900848389
4,517,67feb968c37a4214ef55eeba,2.950000047683716,2.8758325576782227,-0.07416749000549316,0.07416749000549316
4,518,c9dd1d6a8970e41761873c04,3.4200000762939453,3.0318963527679443,-0.388103723526001,0.388103723526001
4,519,4f96fddb1fbb51adb7ec45e6,3.7899999618530273,3.7379045486450195,-0.05209541320800781,0.05209541320800781
4,520,311fe8dae2e68ea0705b7b8e,3.2699999809265137,3.092087745666504,-0.17791223526000977,0.17791223526000977
4,521,88903d971511f2b47cead0e1,2.990000009536743,3.424980878829956,0.4349808692932129,0.4349808692932129
4,522,9c642aec841b32382bcaa13f,2.109999895095825,2.900540828704834,0.7905409336090088,0.7905409336090088
4,523,cd2f71f4abb54d449fff402b,2.4800000190734863,3.0442068576812744,0.5642068386077881,0.5642068386077881
4,524,8933795f9e7f6ff38b615dd0,4.739999771118164,3.247434616088867,-1.4925651550292969,1.4925651550292969
4,525,bab149057e24fb83da6d334a,4.748000144958496,3.2406115531921387,-1.5073885917663574,1.5073885917663574
4,526,f98673d23713b266000b2845,3.009999990463257,3.113736629486084,0.10373663902282715,0.10373663902282715
4,527,fa5a90e3e5599536c89de112,3.3499999046325684,2.6578903198242188,-0.6921095848083496,0.6921095848083496
4,528,b04e0efeb792cb8075d6d752,3.2100000381469727,2.766916513442993,-0.4430835247039795,0.4430835247039795
4,529,893fb56f5d0251beb4b8cabf,3.2899999618530273,3.035106658935547,-0.25489330291748047,0.25489330291748047
4,530,0db29a7ba344e9f5880ed66c,3.494999885559082,3.1891002655029297,-0.30589962005615234,0.30589962005615234
4,531,e40238ec25351034c4b063e3,3.3980000019073486,3.2768969535827637,-0.12110304832458496,0.12110304832458496
4,532,12708da5563be44ecac5e216,4.5229997634887695,4.612272262573242,0.08927249908447266,0.08927249908447266
4,533,fcbae41d2abd1604630bffde,2.4089999198913574,2.497847557067871,0.08884763717651367,0.08884763717651367
4,534,faa3fd86919c30857f2c0f8d,3.872999906539917,3.1432743072509766,-0.7297255992889404,0.7297255992889404
4,535,68e1f7bf672f0a4e01f90974,4.071000099182129,3.5723886489868164,-0.4986114501953125,0.4986114501953125
4,536,8e18283870b451c7fdeb8a5f,3.8480000495910645,4.119528770446777,0.2715287208557129,0.2715287208557129
4,537,d4bf253650a55d5d6b2eb295,3.4509999752044678,2.897547721862793,-0.5534522533416748,0.5534522533416748
4,538,d3420a6e76993c73ce104aee,0.9210000038146973,1.9961127042770386,1.0751127004623413,1.0751127004623413
4,539,03c95e1ff4fdd8fbc4bc6a05,0.7960000038146973,2.3630008697509766,1.5670008659362793,1.5670008659362793
4,540,958cdf33a4eec53c80e23d8a,1.1490000486373901,1.9110438823699951,0.762043833732605,0.762043833732605
4,541,8bdd622712dff01678c02268,1.3009999990463257,1.8907585144042969,0.5897585153579712,0.5897585153579712
4,542,8eeecc5c1009fec5eaa2a0ad,0.8539999723434448,1.0965231657028198,0.242523193359375,0.242523193359375
4,543,f4df3d5230c02ece6274ed9e,1.9210000038146973,1.9317048788070679,0.010704874992370605,0.010704874992370605
4,544,e7365b7dd8b80c95035d73e6,0.6779999732971191,0.8848993182182312,0.20689934492111206,0.20689934492111206
4,545,50713fea837175eb99cadd19,1.3669999837875366,1.529852271080017,0.16285228729248047,0.16285228729248047
4,546,7ab4ba7a9e747a5e26f172cd,0.8859999775886536,1.1629732847213745,0.27697330713272095,0.27697330713272095
4,547,dad1d2f1f860fba90dc43d3e,0.7450000047683716,0.7739017605781555,0.028901755809783936,0.028901755809783936
4,548,7e8ba37205813c713b9f5a26,0.39800000190734863,0.40463656187057495,0.006636559963226318,0.006636559963226318
4,549,3d4f27935d6db5c59b046933,1.0,1.1009076833724976,0.10090768337249756,0.10090768337249756
4,550,527854a35b10ad009ab34157,0.5849999785423279,0.6169722676277161,0.031972289085388184,0.031972289085388184
4,551,3c371d750d9ea3e37610fb39,0.8240000009536743,0.9854381680488586,0.16143816709518433,0.16143816709518433
4,552,04852c694aa6ba2c595a417d,4.215000152587891,4.372853755950928,0.1578536033630371,0.1578536033630371
4,553,9d9509e671f42549bc6dde06,4.568999767303467,4.7198896408081055,0.15088987350463867,0.15088987350463867
5,0,a93085b7f2293b843403f4fb,2.0759999752044678,1.236924409866333,-0.8390755653381348,0.8390755653381348
5,1,54ee29030c0aa204eb8bb04f,1.6380000114440918,1.265540599822998,-0.37245941162109375,0.37245941162109375
5,2,a832992c5de023d4c52d0597,0.9520000219345093,1.2583897113800049,0.3063896894454956,0.3063896894454956
5,3,e11a8a3ddc90358e59ae2d15,0.0,1.6953980922698975,1.6953980922698975,1.6953980922698975
5,4,f53602aaabb8e4d279226356,1.7960000038146973,1.3869359493255615,-0.40906405448913574,0.40906405448913574
5,5,f841bcc3a01bec7ca4847a0b,4.0879998207092285,3.8728830814361572,-0.2151167392730713,0.2151167392730713
5,6,da798a45d0c5ba7960842744,0.7900000214576721,1.3656072616577148,0.5756072402000427,0.5756072402000427
5,7,224e40622e755041e821dcc8,2.443000078201294,1.7638063430786133,-0.6791937351226807,0.6791937351226807
5,8,1adc949726b8d195e04b18fe,0.5339999794960022,1.9898085594177246,1.4558086395263672,1.4558086395263672
5,9,ddd471f2a457cde3743cffb0,0.6019999980926514,1.4947528839111328,0.8927528858184814,0.8927528858184814
5,10,3437e6be94a94243ad34ff09,1.8600000143051147,1.4757640361785889,-0.3842359781265259,0.3842359781265259
5,11,f2ffe4e6ce98958a3d172289,0.8240000009536743,1.5564172267913818,0.7324172258377075,0.7324172258377075
5,12,28c91dc6b6a63b5d46ce9e24,0.0820000022649765,1.8134703636169434,1.7314703464508057,1.7314703464508057
5,13,05f8947f4599bcf9773b41fb,1.2050000429153442,0.7617252469062805,-0.4432747960090637,0.4432747960090637
5,14,aaa6536993e1f814e461e3c8,2.3980000019073486,2.6246747970581055,0.22667479515075684,0.22667479515075684
5,15,fe50984ed71ac074f6a3b0ce,1.6579999923706055,1.816863775253296,0.15886378288269043,0.15886378288269043
5,16,c8b693aaa442fa933ee118ba,2.377000093460083,1.8078253269195557,-0.5691747665405273,0.5691747665405273
5,17,47d7b91560ab2853876aad2d,1.909999966621399,2.3819971084594727,0.47199714183807373,0.47199714183807373
5,18,73456dd995409710d37ffadf,2.431999921798706,2.4272375106811523,-0.004762411117553711,0.004762411117553711
5,19,7af26b9e628176c8c5f9c37e,2.677999973297119,2.5601646900177,-0.11783528327941895,0.11783528327941895
5,20,4bc947d32b5bfe7179360812,2.7699999809265137,2.614389181137085,-0.1556107997894287,0.1556107997894287
5,21,6f1f7f7508269848070ca73d,3.115999937057495,3.197718858718872,0.08171892166137695,0.08171892166137695
5,22,d6057405a3ae85d3a45f99c2,0.9589999914169312,1.0651590824127197,0.10615909099578857,0.10615909099578857
5,23,bc0decf0f94f4adc2f645591,0.6349999904632568,1.5760576725006104,0.9410576820373535,0.9410576820373535
5,24,151c08f22320abd8a4ea88a8,3.1679999828338623,2.999633312225342,-0.1683666706085205,0.1683666706085205
5,25,de1d12fdf3b61fd68d14d550,2.0399999618530273,2.055915355682373,0.015915393829345703,0.015915393829345703
5,26,e96c75db6f46f4dda2c4ddde,2.3429999351501465,2.2371246814727783,-0.10587525367736816,0.10587525367736816
5,27,03a80e3b64ff0c63f563c2c4,1.5529999732971191,1.7481939792633057,0.19519400596618652,0.19519400596618652
5,28,394728b8d336713d91b4ee80,2.2760000228881836,2.302879810333252,0.02687978744506836,0.02687978744506836
5,29,96a141d327babb017a1e6fcf,2.4690001010894775,2.8362326622009277,0.3672325611114502,0.3672325611114502
5,30,93d2fd79d4a1be0d558b1984,2.4560000896453857,2.1880531311035156,-0.2679469585418701,0.2679469585418701
5,31,c88d9830369e587fef13857b,1.4709999561309814,1.0303621292114258,-0.44063782691955566,0.44063782691955566
5,32,4a68e366770ed54beb05dea4,2.865999937057495,2.8802692890167236,0.014269351959228516,0.014269351959228516
5,33,f2da0b34ca7880c0a1206be3,1.3880000114440918,1.487396240234375,0.0993962287902832,0.0993962287902832
5,34,3e0d457f93acf37912566137,1.3700000047683716,1.504030704498291,0.13403069972991943,0.13403069972991943
5,35,043e2df8613374ceda9ae172,3.0,2.660921096801758,-0.3390789031982422,0.3390789031982422
5,36,1dee5896580bd579b77f276f,2.8239998817443848,2.8706274032592773,0.04662752151489258,0.04662752151489258
5,37,490af0e5eb2cc0fd5512f899,1.4809999465942383,3.488675832748413,2.007675886154175,2.007675886154175
5,38,bfa9365eb37cea3ef2e960f4,2.0859999656677246,2.257080554962158,0.1710805892944336,0.1710805892944336
5,39,865f5801327c75a02b33bd22,2.0,2.2317264080047607,0.23172640800476074,0.23172640800476074
5,40,2ba1e801f7fedaaa4a573c1a,2.5829999446868896,2.5381343364715576,-0.04486560821533203,0.04486560821533203
5,41,787346d23294d8a8d5922839,3.38700008392334,3.624044418334961,0.2370443344116211,0.2370443344116211
5,42,ac1e32af3798fa84d4066c67,3.0969998836517334,2.6746819019317627,-0.4223179817199707,0.4223179817199707
5,43,373fbc2d02c0b77a64617120,2.5739998817443848,3.221505880355835,0.6475059986114502,0.6475059986114502
5,44,f5292e7cf49fee857a041211,0.6990000009536743,2.4536917209625244,1.75469172000885,1.75469172000885
5,45,42d5f1af6612c3de73e39109,3.0969998836517334,3.660062074661255,0.5630621910095215,0.5630621910095215
5,46,f55c4b0d7dabaebd5c1b6b95,0.9210000038146973,1.942326307296753,1.0213263034820557,1.0213263034820557
5,47,01ce314cc97328745a4de850,0.367000013589859,1.9643597602844238,1.5973597764968872,1.5973597764968872
5,48,a4a9ecb82d4c4a4a78ab014c,0.4320000112056732,2.0219221115112305,1.5899220705032349,1.5899220705032349
5,49,844197012a82b707cea658d2,3.3010001182556152,2.4304566383361816,-0.8705434799194336,0.8705434799194336
5,50,14c4a60d5d649b1f9c15daec,3.315999984741211,2.152740478515625,-1.163259506225586,1.163259506225586
5,51,cb7e0c5a96ec1e3bb70fe648,2.3369998931884766,2.219116687774658,-0.11788320541381836,0.11788320541381836
5,52,0613b42f16c9b096f84cd294,0.8240000009536743,0.8169106841087341,-0.0070893168449401855,0.0070893168449401855
5,53,4447909a78d9a971dc6dd8ea,2.0320000648498535,1.655759334564209,-0.37624073028564453,0.37624073028564453
5,54,8f5ad09404a30a0f1da81741,0.6779999732971191,0.700597882270813,0.022597908973693848,0.022597908973693848
5,55,11df1df56d3fdafa888710cc,1.0759999752044678,1.1237809658050537,0.04778099060058594,0.04778099060058594
5,56,8fcfe047346ae4374dc9ac55,0.39800000190734863,0.4680677056312561,0.07006770372390747,0.07006770372390747
5,57,36a4e0ae7a79ea15e172b069,0.9589999914169312,1.1890528202056885,0.23005282878875732,0.23005282878875732
5,58,bfe54e572299d7c4901f64ae,1.0,0.854113757610321,-0.14588624238967896,0.14588624238967896
5,59,dec6296a5ba755811fef815d,2.194000005722046,1.891094446182251,-0.3029055595397949,0.3029055595397949
5,60,40c2e29ee692a6e456bc7008,0.5849999785423279,0.7051202654838562,0.12012028694152832,0.12012028694152832
5,61,c9b4f7938d2929784b966477,0.5690000057220459,0.7243826389312744,0.15538263320922852,0.15538263320922852
5,62,3bb10e2516f42dd58b5d5085,1.6579999923706055,1.4310522079467773,-0.22694778442382812,0.22694778442382812
5,63,2bd147dccabb6c39693ace72,1.8860000371932983,1.5876946449279785,-0.2983053922653198,0.2983053922653198
5,64,b159a59ebcd75f4695586464,1.1490000486373901,1.2791681289672852,0.13016808032989502,0.13016808032989502
5,65,4c42950ff161f13f058d2685,0.7699999809265137,1.0923974514007568,0.32239747047424316,0.32239747047424316
5,66,335dfb3b63ad8a621b8ce4ed,1.3009999990463257,1.6189172267913818,0.31791722774505615,0.31791722774505615
5,67,89f5ad48cb852b73f0c1067f,1.1979999542236328,1.2994983196258545,0.10149836540222168,0.10149836540222168
5,68,964cb6ff450f6081621b506b,2.746999979019165,2.714432716369629,-0.03256726264953613,0.03256726264953613
5,69,477c84ad3081f7fca75e897e,1.8539999723434448,1.5677788257598877,-0.28622114658355713,0.28622114658355713
5,70,f7779ca9790248a77c47f3ce,3.115999937057495,3.112952709197998,-0.0030472278594970703,0.0030472278594970703
5,71,e63e15c6c50593924b3f31f7,2.5230000019073486,2.519005537033081,-0.003994464874267578,0.003994464874267578
5,72,651ee0d1025db1ee328962e4,3.1679999828338623,2.999633312225342,-0.1683666706085205,0.1683666706085205
5,73,30583fa7077db099e0b0bfcf,3.124000072479248,2.985297679901123,-0.138702392578125,0.138702392578125
5,74,ef403e3c5c1f8989a0ada690,1.7929999828338623,1.9046223163604736,0.11162233352661133,0.11162233352661133
5,75,78e4788e1223650063cf5906,2.5380001068115234,2.6099536418914795,0.07195353507995605,0.07195353507995605
5,76,189d845cedaf663af688d4d5,2.5850000381469727,2.6244828701019287,0.039482831954956055,0.039482831954956055
5,77,921da6c0311b82cb0824f3a1,2.869999885559082,2.910179615020752,0.04017972946166992,0.04017972946166992
5,78,0cdfea7d1ad5604c96a297e3,2.9709999561309814,2.695251941680908,-0.27574801445007324,0.27574801445007324
5,79,1f18fb060a053ca7556fb9ec,2.3259999752044678,2.5535778999328613,0.22757792472839355,0.22757792472839355
5,80,8b8c45a760198ebe9ad1ad2f,2.5230000019073486,2.478386402130127,-0.04461359977722168,0.04461359977722168
5,81,6266f75a7e44323416a24b31,2.2149999141693115,1.8716397285461426,-0.34336018562316895,0.34336018562316895
5,82,a42ca0f6a77298d37587bf73,3.7209999561309814,2.7560648918151855,-0.9649350643157959,0.9649350643157959
5,83,815bbb1f41cfa31b214fcfd0,4.260000228881836,3.419203519821167,-0.840796709060669,0.840796709060669
5,84,ba35b84d1e61577b6d347f32,3.8540000915527344,3.419203519821167,-0.4347965717315674,0.4347965717315674
5,85,4711ee69284582469b919180,0.6620000004768372,0.8391706347465515,0.17717063426971436,0.17717063426971436
5,86,bcb5be623c1201beb45fd634,2.9079999923706055,3.623506546020508,0.7155065536499023,0.7155065536499023
5,87,4065bd6f9d3c8d8ba3bee318,4.26800012588501,4.310775279998779,0.04277515411376953,0.04277515411376953
5,88,21eb34e3a3ec7e35c465ea52,4.26800012588501,4.302314281463623,0.03431415557861328,0.03431415557861328
5,89,634022de2d7107f168a2572b,4.10699987411499,4.209474086761475,0.10247421264648438,0.10247421264648438
5,90,d0a42b51bd8a2f303d216153,3.48799991607666,3.784130096435547,0.2961301803588867,0.2961301803588867
5,91,828feefe8563a06f553f740e,3.507999897003174,3.7341718673706055,0.22617197036743164,0.22617197036743164
5,92,b2aab3ad5175a9e31e656078,3.187999963760376,3.4431052207946777,0.25510525703430176,0.25510525703430176
5,93,7ff080e682e1116a53db9c69,3.7079999446868896,3.937748670578003,0.22974872589111328,0.22974872589111328
5,94,158f1fba94ed7e4210bccf2b,3.308000087738037,3.5212292671203613,0.21322917938232422,0.21322917938232422
5,95,ea25a09cd0149779fd0b930e,3.2869999408721924,3.3279242515563965,0.0409243106842041,0.0409243106842041
5,96,feabb3eaa226a9d676a98651,2.109999895095825,1.9983959197998047,-0.11160397529602051,0.11160397529602051
5,97,8ef84932955e0e610f8907dd,2.0399999618530273,2.0423994064331055,0.002399444580078125,0.002399444580078125
5,98,c7d358e14ef66a6e31780a68,2.049999952316284,2.2944788932800293,0.24447894096374512,0.24447894096374512
5,99,5682dd75bae7a3980dbf7b01,2.25,1.9822423458099365,-0.2677576541900635,0.2677576541900635
5,100,b6ef1e35af44b4f6d704f20e,4.059999942779541,4.061614036560059,0.0016140937805175781,0.0016140937805175781
5,101,2d88b8d7dd1f160b819772ca,3.430000066757202,3.7180466651916504,0.28804659843444824,0.28804659843444824
5,102,4e7097e356fd6c6ccae35cc0,3.3499999046325684,3.6072754859924316,0.2572755813598633,0.2572755813598633
5,103,090c83d300b1a3e654ca733d,0.30000001192092896,0.37469738721847534,0.07469737529754639,0.07469737529754639
5,104,03ecacabbafafd9df96f16ee,0.7099999785423279,1.0698273181915283,0.35982733964920044,0.35982733964920044
5,105,1083307b0624f96e468929f3,1.3600000143051147,0.7522186040878296,-0.6077814102172852,0.6077814102172852
5,106,68bfa1837e5e5ec3285f7ae7,0.3400000035762787,1.3511590957641602,1.011159062385559,1.011159062385559
5,107,b61606c3e3350daf29a2e857,2.049999952316284,1.716172695159912,-0.33382725715637207,0.33382725715637207
5,108,eddda68dd4dd027d4d7f6abd,0.7799999713897705,0.8380810618400574,0.058081090450286865,0.058081090450286865
5,109,76c287358e3bce762926380f,0.9900000095367432,1.5745832920074463,0.5845832824707031,0.5845832824707031
5,110,7e6d4c896c30cb9ee053d867,1.3700000047683716,0.716648280620575,-0.6533517241477966,0.6533517241477966
5,111,a0c85e89ad7f26a675d353e1,1.0800000429153442,1.3349940776824951,0.2549940347671509,0.2549940347671509
5,112,691162723e1f4af4701f712e,1.059999942779541,1.3810710906982422,0.32107114791870117,0.32107114791870117
5,113,9ce1ef3ff15ffee869a5a3ec,0.7300000190734863,1.5659840106964111,0.8359839916229248,0.8359839916229248
5,114,b2c844e13280af9c7a33d66f,0.9800000190734863,1.0808522701263428,0.10085225105285645,0.10085225105285645
5,115,8aafd01bcbc8f1da3e25ab7c,0.7900000214576721,0.9507282376289368,0.16072821617126465,0.16072821617126465
5,116,aab9767959e47e1e3b0d63d8,0.9200000166893005,1.272653341293335,0.3526533246040344,0.3526533246040344
5,117,78dade6c5b5266679c161fb8,1.2400000095367432,1.3805103302001953,0.14051032066345215,0.14051032066345215
5,118,3a052da0db143a8594826d1e,0.3799999952316284,1.0238513946533203,0.6438513994216919,0.6438513994216919
5,119,ea5107a798faaab3f8ed5e72,1.1100000143051147,1.0303490161895752,-0.07965099811553955,0.07965099811553955
5,120,2d54219b12cc3ec2c737f057,1.0800000429153442,1.584991455078125,0.5049914121627808,0.5049914121627808
5,121,11247e170cfabd9516386f06,1.0299999713897705,1.0167584419250488,-0.01324152946472168,0.01324152946472168
5,122,905dc3a25af41a9101b6d8d6,1.6579999923706055,1.496001958847046,-0.16199803352355957,0.16199803352355957
5,123,dcc6c31cadfe88d67c3a25f0,1.3569999933242798,1.413011074066162,0.056011080741882324,0.056011080741882324
5,124,e10e513440eb638aa989e6e3,2.6989998817443848,3.971640110015869,1.2726402282714844,1.2726402282714844
5,125,473fc3104b1f099ff553b62c,2.9700000286102295,2.383042573928833,-0.5869574546813965,0.5869574546813965
5,126,97d53a547004d6f21e2db0b2,3.119999885559082,2.944930076599121,-0.17506980895996094,0.17506980895996094
5,127,48057ebdb4dea4d4f97a7597,2.940000057220459,2.5318808555603027,-0.40811920166015625,0.40811920166015625
5,128,05edcf7747117470a6e3e25c,2.75,2.513301134109497,-0.23669886589050293,0.23669886589050293
5,129,4f0e89ea0a615974c5292407,2.6600000858306885,2.6710243225097656,0.011024236679077148,0.011024236679077148
5,130,ae4214155de2dc51f8ca7732,2.2699999809265137,2.9209842681884766,0.6509842872619629,0.6509842872619629
5,131,7fe71756fbff28f18971f846,2.9700000286102295,2.59902286529541,-0.37097716331481934,0.37097716331481934
5,132,bbef39d8ff25efe4ec9875a1,3.180000066757202,2.5706095695495605,-0.6093904972076416,0.6093904972076416
5,133,fc750da1c6ec4699134da9d8,3.119999885559082,2.7715530395507812,-0.3484468460083008,0.3484468460083008
5,134,773218092e0278bd602344e2,3.0199999809265137,2.8075966835021973,-0.2124032974243164,0.2124032974243164
5,135,0faf0cf3d099b96d12ff039d,3.200000047683716,2.1727354526519775,-1.0272645950317383,1.0272645950317383
5,136,0dc9b4cc88595fd1f952e6b0,2.559999942779541,2.7813267707824707,0.2213268280029297,0.2213268280029297
5,137,1e761cd14ac56674035eb027,3.1500000953674316,3.113226890563965,-0.0367732048034668,0.0367732048034668
5,138,76ec9be93e0b6530a771c5e7,3.2100000381469727,2.5119967460632324,-0.6980032920837402,0.6980032920837402
5,139,42c6b95615baea4f0d7d87be,2.9000000953674316,2.693103075027466,-0.20689702033996582,0.20689702033996582
5,140,41d14e80344f1ebff0c84a2e,3.180000066757202,2.9901621341705322,-0.18983793258666992,0.18983793258666992
5,141,1e8090dfb3ac8fa3e95292ba,1.0399999618530273,1.4294497966766357,0.3894498348236084,0.3894498348236084
5,142,b74c16243dcd852b45e9516e,0.8999999761581421,1.3675923347473145,0.46759235858917236,0.46759235858917236
5,143,5cab72e10a5b21c8d79c5884,0.699999988079071,1.225386381149292,0.525386393070221,0.525386393070221
5,144,6df25473498a4b6e5f3c3118,1.0800000429153442,1.0596544742584229,-0.020345568656921387,0.020345568656921387
5,145,51524766f5384858915b4f73,1.0299999713897705,0.8474310040473938,-0.1825689673423767,0.1825689673423767
5,146,59c73252a53cf584103cbda7,1.4700000286102295,1.2593138217926025,-0.21068620681762695,0.21068620681762695
5,147,7be0a92a91717f6a2c236334,1.0299999713897705,1.0220961570739746,-0.007903814315795898,0.007903814315795898
5,148,bf4195a3e5c9d3c9ba48c504,0.9599999785423279,1.3013842105865479,0.34138423204421997,0.34138423204421997
5,149,86265cc74311e9b47a154619,1.0800000429153442,1.4050853252410889,0.32508528232574463,0.32508528232574463
5,150,d94d99102f8ba4b27f30c092,1.3899999856948853,1.4621050357818604,0.0721050500869751,0.0721050500869751
5,151,f701721d68af641d04755e9f,2.009999990463257,1.4241852760314941,-0.5858147144317627,0.5858147144317627
5,152,dad9cf0615881969970f3076,1.8200000524520874,1.519042730331421,-0.3009573221206665,0.3009573221206665
5,153,9bab396fb6bde30a24313921,2.009999990463257,1.6417837142944336,-0.36821627616882324,0.36821627616882324
5,154,80571ba2a4504b9a53ca2165,1.5299999713897705,1.2012755870819092,-0.32872438430786133,0.32872438430786133
5,155,9f00dc62714cfc18501edb6c,1.940000057220459,1.164689540863037,-0.7753105163574219,0.7753105163574219
5,156,8c3387b21bd06f25207d13fb,1.690000057220459,1.6312384605407715,-0.0587615966796875,0.0587615966796875
5,157,757b4dfaebb643003d16bbbc,1.1200000047683716,1.4343838691711426,0.314383864402771,0.314383864402771
5,158,d2544772ace0fe27733dd4e3,1.399999976158142,1.2871687412261963,-0.1128312349319458,0.1128312349319458
5,159,8c0ccce81dca0e0872ed9c8c,1.0299999713897705,1.6379079818725586,0.6079080104827881,0.6079080104827881
5,160,8905cabbdb4fe17252e320da,1.4800000190734863,1.324040174484253,-0.1559598445892334,0.1559598445892334
5,161,686cab8803b68799ca18bdbf,1.2400000095367432,1.6771776676177979,0.4371776580810547,0.4371776580810547
5,162,85eee49d03b371c8478786f8,1.3700000047683716,1.7108712196350098,0.3408712148666382,0.3408712148666382
5,163,514e111f30cf823513ed0786,2.140000104904175,1.7418522834777832,-0.3981478214263916,0.3981478214263916
5,164,f5eb56f46705b1c16924ca66,1.5199999809265137,1.855046033859253,0.33504605293273926,0.33504605293273926
5,165,9ba20ab9ec4db72db4c5d864,1.4700000286102295,1.4696311950683594,-0.0003688335418701172,0.0003688335418701172
5,166,a6dab46b9d132d64bee76a2f,1.2699999809265137,1.5403635501861572,0.27036356925964355,0.27036356925964355
5,167,e712738828a568713423ffea,1.4500000476837158,1.8675239086151123,0.4175238609313965,0.4175238609313965
5,168,7928d18ff088189389c959cc,1.2999999523162842,1.5173969268798828,0.21739697456359863,0.21739697456359863
5,169,aea259a011d7b3f567de7f46,1.5099999904632568,1.1204497814178467,-0.38955020904541016,0.38955020904541016
5,170,8e1cc491aab5575a86685592,0.9100000262260437,1.0516483783721924,0.14164835214614868,0.14164835214614868
5,171,bd98e79bfe5e36a0bd9ef3d5,2.9000000953674316,1.3748664855957031,-1.5251336097717285,1.5251336097717285
5,172,eec98638c0258d98480e70e6,1.6200000047683716,1.268183946609497,-0.3518160581588745,0.3518160581588745
5,173,35a0c9f14eae5f6404bb7d1a,1.409999966621399,1.2407042980194092,-0.16929566860198975,0.16929566860198975
5,174,1aa06674c72d1f8860a3af8b,1.5800000429153442,1.270430326461792,-0.30956971645355225,0.30956971645355225
5,175,53630b9d1c4c34a59124b9d9,1.9600000381469727,1.5134515762329102,-0.4465484619140625,0.4465484619140625
5,176,1c68b88e01a806f33e0b498a,0.8500000238418579,1.3544590473175049,0.504459023475647,0.504459023475647
5,177,b37095d042c225880c0ca857,1.350000023841858,0.8807218670845032,-0.46927815675735474,0.46927815675735474
5,178,d43d72c797fdb9d699f03cf7,0.28999999165534973,1.0192506313323975,0.7292506694793701,0.7292506694793701
5,179,23836bdf1956756e9597eb0e,0.949999988079071,0.7266406416893005,-0.2233593463897705,0.2233593463897705
5,180,c013f0c8e9be4aba66bce622,1.809999942779541,1.0173413753509521,-0.7926585674285889,0.7926585674285889
5,181,fac07cfd59ac62717839a57d,0.14000000059604645,0.9137044548988342,0.773704469203949,0.773704469203949
5,182,36ac5f90caa68d82e08618c1,1.2799999713897705,0.8990873098373413,-0.3809126615524292,0.3809126615524292
5,183,176f4deed97f3ef08da4c942,1.3700000047683716,0.585364043712616,-0.7846359610557556,0.7846359610557556
5,184,18b221b77f52b54c3534c2f2,0.25999999046325684,0.8554434180259705,0.5954434275627136,0.5954434275627136
5,185,289dee5c23623a725e1bf6e0,1.1200000047683716,0.7507770657539368,-0.3692229390144348,0.3692229390144348
5,186,0267ddc5f238c578cbe47803,3.640000104904175,2.8266148567199707,-0.8133852481842041,0.8133852481842041
5,187,99f673bfe6c38a684cc4a7bb,2.6640000343322754,2.315666437149048,-0.34833359718322754,0.34833359718322754
5,188,735e2a15309ceb02764c0ad0,1.4500000476837158,1.8966848850250244,0.4466848373413086,0.4466848373413086
5,189,c2c1f43360cf47d6a0891469,2.069999933242798,1.8201889991760254,-0.24981093406677246,0.24981093406677246
5,190,2f8f98353444f5d86c4eb202,1.2000000476837158,1.1472678184509277,-0.052732229232788086,0.052732229232788086
5,191,19d6c5b9975ac5a4c7aee11b,0.7400000095367432,0.8746461868286133,0.13464617729187012,0.13464617729187012
5,192,ecc35db5bf249b428eff4743,0.25999999046325684,1.0295112133026123,0.7695112228393555,0.7695112228393555
5,193,00456f89ea8945655ca3eade,0.8799999952316284,1.1762373447418213,0.29623734951019287,0.29623734951019287
5,194,e5be8842182ebe42e7302dde,1.1299999952316284,1.2404046058654785,0.1104046106338501,0.1104046106338501
5,195,5ab30337244d1c32545939b3,0.5,0.8846421241760254,0.3846421241760254,0.3846421241760254
5,196,e275ead875d0543109e8be65,0.5799999833106995,1.4531447887420654,0.873144805431366,0.873144805431366
5,197,de10911ab0953e611fc097c8,0.699999988079071,0.7980846762657166,0.09808468818664551,0.09808468818664551
5,198,238510df2944277b1d51610b,0.8999999761581421,1.588939905166626,0.6889399290084839,0.6889399290084839
5,199,11b18e9465463a5cb53d0e53,0.5299999713897705,1.209301233291626,0.6793012619018555,0.6793012619018555
5,200,646ed3f1a5a7fbf7f1d9fc6f,1.440000057220459,0.787965714931488,-0.652034342288971,0.652034342288971
5,201,c815438ed40823fe2849496e,1.0499999523162842,1.0651612281799316,0.015161275863647461,0.015161275863647461
5,202,0d209321940fd2de736a9c74,1.1799999475479126,0.9010116457939148,-0.2789883017539978,0.2789883017539978
5,203,500ea69fb0509df8d51f45db,1.1100000143051147,0.90537029504776,-0.20462971925735474,0.20462971925735474
5,204,3379f6407bccf5ceb42bda97,1.2899999618530273,1.5607631206512451,0.2707631587982178,0.2707631587982178
5,205,8f544f8939fa1f952b469711,2.059999942779541,2.154902935028076,0.09490299224853516,0.09490299224853516
5,206,1701f62cb33071424f996923,2.3369998931884766,2.219116687774658,-0.11788320541381836,0.11788320541381836
5,207,b77b85899a820c17bb55e5e8,0.20800000429153442,0.4522983431816101,0.24429833889007568,0.24429833889007568
5,208,0904ee61e0c06eb08af6a9a7,0.8859999775886536,1.1656692028045654,0.27966922521591187,0.27966922521591187
5,209,b96aeb68da42109b0a30cf1a,2.0969998836517334,1.94187331199646,-0.15512657165527344,0.15512657165527344
5,210,67479c169e359af05ea30e9d,1.0509999990463257,1.3906724452972412,0.3396724462509155,0.3396724462509155
5,211,71007b366ab884c8bda8aedc,0.9300000071525574,1.22990083694458,0.2999008297920227,0.2999008297920227
5,212,49416f58ae40be948f4c1bc7,1.8799999952316284,1.180135726928711,-0.6998642683029175,0.6998642683029175
5,213,cc865a63b0cca9d3aec72223,0.9399999976158142,0.9431931376457214,0.0031931400299072266,0.0031931400299072266
5,214,b1e461e3d35bd1d8b8f63a9b,0.5799999833106995,0.9218782782554626,0.3418782949447632,0.3418782949447632
5,215,7fa3aa2fef6acd8aae1abb3f,1.2000000476837158,0.7925140857696533,-0.4074859619140625,0.4074859619140625
5,216,eb0ede22ea670a61d02dddf8,0.8600000143051147,0.8701418042182922,0.01014178991317749,0.01014178991317749
5,217,d788cff5f4d63afc374e263f,1.4299999475479126,1.0195794105529785,-0.4104205369949341,0.4104205369949341
5,218,716d9c373ecacc24ead560ff,0.8600000143051147,0.8874096274375916,0.027409613132476807,0.027409613132476807
5,219,081479be54fff0547c9244a9,1.6299999952316284,1.2131259441375732,-0.4168740510940552,0.4168740510940552
5,220,61aa712d73f9bbfadf75c0f1,0.38999998569488525,0.9794963002204895,0.5894963145256042,0.5894963145256042
5,221,8162db3e79bbb46a0e330a8a,0.33000001311302185,1.0807955265045166,0.7507954835891724,0.7507954835891724
5,222,44dcabb3782c67e033d1e2bf,0.9200000166893005,1.2839820384979248,0.36398202180862427,0.36398202180862427
5,223,1dcd561d4b8c118585957b66,0.8199999928474426,0.7816333174705505,-0.03836667537689209,0.03836667537689209
5,224,b4b6d45636da2c8095631f4c,1.1100000143051147,1.2803926467895508,0.17039263248443604,0.17039263248443604
5,225,a13914fac52292fea253345c,1.0700000524520874,1.031940221786499,-0.03805983066558838,0.03805983066558838
5,226,b36461b27260efaefd777602,1.0399999618530273,1.4202792644500732,0.3802793025970459,0.3802793025970459
5,227,d2654a7d94e781eb0178d6eb,1.4700000286102295,1.1310274600982666,-0.3389725685119629,0.3389725685119629
5,228,3c000c21e424145ed512604f,0.8500000238418579,1.0080420970916748,0.1580420732498169,0.1580420732498169
5,229,f16def7f16e5a5d114e320f0,1.0099999904632568,1.1878001689910889,0.17780017852783203,0.17780017852783203
5,230,def954748801265780aee1b0,0.6399999856948853,1.0741069316864014,0.4341069459915161,0.4341069459915161
5,231,0548c7ca00751f7ee7018f67,1.1299999952316284,1.1767091751098633,0.04670917987823486,0.04670917987823486
5,232,a5775786802bb4cf793b14a2,0.6000000238418579,1.6824324131011963,1.0824323892593384,1.0824323892593384
5,233,db90f8ac957d656a260b7b9d,0.9399999976158142,1.253629446029663,0.3136294484138489,0.3136294484138489
5,234,52805af5a2161b343ed68ddd,1.0299999713897705,1.9929959774017334,0.9629960060119629,0.9629960060119629
5,235,8444e25439e540b9cd269d5b,1.2400000095367432,1.432361125946045,0.19236111640930176,0.19236111640930176
5,236,b11049692a7177ee8bf8426b,1.6490000486373901,1.792421579360962,0.14342153072357178,0.14342153072357178
5,237,6b8dcd2cad633d5664048d60,2.431999921798706,1.8795630931854248,-0.5524368286132812,0.5524368286132812
5,238,b7363b590bf8d26082dd6e36,2.696000099182129,2.7387280464172363,0.04272794723510742,0.04272794723510742
5,239,996ded62158ceef7a974f57b,0.5889999866485596,0.9694187045097351,0.38041871786117554,0.38041871786117554
5,240,65e7a76736e53d49838101dc,2.4130001068115234,2.2498579025268555,-0.16314220428466797,0.16314220428466797
5,241,10fe0ced5909620c4894eeea,3.005000114440918,3.3047471046447754,0.2997469902038574,0.2997469902038574
5,242,1f10c776abed23ac093901c0,1.4329999685287476,2.2725939750671387,0.8395940065383911,0.8395940065383911
5,243,f45b2739465ea3f094f8bb90,3.3559999465942383,3.3238868713378906,-0.032113075256347656,0.032113075256347656
5,244,5868d40854091a61b09b6092,3.315000057220459,3.2100534439086914,-0.10494661331176758,0.10494661331176758
5,245,648c7e93349b500023db7612,3.115999937057495,3.1273460388183594,0.011346101760864258,0.011346101760864258
5,246,0b8e1b73dbf48c3933e91578,2.325000047683716,2.2119979858398438,-0.11300206184387207,0.11300206184387207
5,247,41343d76d65f8bf19ef38a47,2.492000102996826,2.6357028484344482,0.14370274543762207,0.14370274543762207
5,248,fd5b0044dbc85bfd62b4be00,2.497999906539917,2.5332112312316895,0.03521132469177246,0.03521132469177246
5,249,07d8b08e67aedd9072deeef6,2.5850000381469727,2.637256622314453,0.05225658416748047,0.05225658416748047
5,250,001e012ded9ff47dbdc06e49,2.8610000610351562,2.738865613937378,-0.12213444709777832,0.12213444709777832
5,251,14baeabc6ce200cf3412b5f8,2.552999973297119,2.7279374599456787,0.17493748664855957,0.17493748664855957
5,252,f99502f5e864c736d3049ed2,2.799999952316284,2.5302319526672363,-0.26976799964904785,0.26976799964904785
5,253,24e45c97ff61034d58ffb7cd,2.75600004196167,2.703667402267456,-0.05233263969421387,0.05233263969421387
5,254,fa8f6a8aff860f81efd759f4,2.36299991607666,2.367215394973755,0.0042154788970947266,0.0042154788970947266
5,255,42ab5110d474718b314489f1,2.7039999961853027,2.618870258331299,-0.0851297378540039,0.0851297378540039
5,256,5e9da86e8409c1233e5a824a,3.9600000381469727,3.0804455280303955,-0.8795545101165771,0.8795545101165771
5,257,2a7d8564141aac40915cb861,1.840000033378601,1.6136786937713623,-0.22632133960723877,0.22632133960723877
5,258,5a632ce352203e2c228bb889,1.5199999809265137,0.971660315990448,-0.5483396649360657,0.5483396649360657
5,259,29ed8939f7007ce1766aac17,0.8899999856948853,1.8901715278625488,1.0001715421676636,1.0001715421676636
5,260,a07b08a016f18d7c5161cf7b,2.700000047683716,1.1649794578552246,-1.5350205898284912,1.5350205898284912
5,261,8b9520cf7b10298d6b83717b,1.100000023841858,1.9313714504241943,0.8313714265823364,0.8313714265823364
5,262,9cad7d7d412dbe1da9102109,2.3499999046325684,1.6571035385131836,-0.6928963661193848,0.6928963661193848
5,263,20ee4634be69ab7f0be1c561,1.149999976158142,0.9812175631523132,-0.16878241300582886,0.16878241300582886
5,264,31ba9bf2c7ef920a805e3c06,1.690000057220459,2.042450428009033,0.3524503707885742,0.3524503707885742
5,265,9e674af000f63f47f53a1574,1.7400000095367432,2.031909704208374,0.29190969467163086,0.29190969467163086
5,266,a69916d658e548de2b7e0607,1.6200000047683716,1.859121561050415,0.23912155628204346,0.23912155628204346
5,267,3e8abfef4f60f321a6451b7b,1.899999976158142,2.07108211517334,0.17108213901519775,0.17108213901519775
5,268,f3c8b026c65f90763dd5cb8b,1.8300000429153442,1.8688428401947021,0.03884279727935791,0.03884279727935791
5,269,084cb5400de42364bef854b0,1.809999942779541,1.9372079372406006,0.12720799446105957,0.12720799446105957
5,270,e46275d985678e7e634f1150,2.0999999046325684,1.8550989627838135,-0.24490094184875488,0.24490094184875488
5,271,f0994e7a31724fedbfb78d14,1.899999976158142,1.931840419769287,0.03184044361114502,0.03184044361114502
5,272,66bf86a96b1a126d72d45410,1.2719999551773071,2.2678966522216797,0.9958966970443726,0.9958966970443726
5,273,5f8dc2525219ff1ff4b60daf,1.065999984741211,2.241076707839966,1.1750767230987549,1.1750767230987549
5,274,bd73ef944d132f62948b4344,0.8149999976158142,1.9999566078186035,1.1849565505981445,1.1849565505981445
5,275,3d8069791cd7bb219f1db127,2.1449999809265137,2.402458667755127,0.2574586868286133,0.2574586868286133
5,276,b7af06c17d645638beec53fc,1.781999945640564,1.9372608661651611,0.15526092052459717,0.15526092052459717
5,277,72997637eb5aacbb9fad3033,1.0729999542236328,2.100654125213623,1.0276541709899902,1.0276541709899902
5,278,99c3498f824843f4cb26da14,2.0,1.9657318592071533,-0.03426814079284668,0.03426814079284668
5,279,cce04e0bbe56cc36550ee116,2.25,1.8378009796142578,-0.4121990203857422,0.4121990203857422
5,280,62b8c0e3e5f803b620c550ca,2.4700000286102295,2.4048352241516113,-0.06516480445861816,0.06516480445861816
5,281,5a978f8941642792c667ad2b,2.0,1.9687707424163818,-0.031229257583618164,0.031229257583618164
5,282,89ccb59b415a024a32251625,1.3600000143051147,1.6503629684448242,0.2903629541397095,0.2903629541397095
5,283,06a957ae370a9a96db86aebf,2.390000104904175,2.566570281982422,0.17657017707824707,0.17657017707824707
5,284,3f49add3770aa4064dd81c91,1.9800000190734863,2.4210572242736816,0.4410572052001953,0.4410572052001953
5,285,7a54b89e167f2162b27e630a,2.0299999713897705,1.9713833332061768,-0.05861663818359375,0.05861663818359375
5,286,044863071f7b3ece47871366,2.119999885559082,1.97593355178833,-0.14406633377075195,0.14406633377075195
5,287,ea874de9dc592cd4dbd15a4d,2.119999885559082,2.3872079849243164,0.2672080993652344,0.2672080993652344
5,288,00734c72616d0287a84446bb,0.36000001430511475,0.6211583614349365,0.2611583471298218,0.2611583471298218
5,289,292ef2de201cd41cac54c6e9,0.019999999552965164,0.743463933467865,0.7234639525413513,0.7234639525413513
5,290,8eff0a6a2e6ec28cc567c2cc,0.14000000059604645,0.6741955876350403,0.534195601940155,0.534195601940155
5,291,e643bcf508d1fbc851dfb51a,0.15000000596046448,0.8477405309677124,0.6977405548095703,0.6977405548095703
5,292,0621fd5be769cd5079017966,0.6600000262260437,0.5035542845726013,-0.15644574165344238,0.15644574165344238
5,293,63665479e6db2a0766f9c20b,0.5199999809265137,0.7948029637336731,0.2748029828071594,0.2748029828071594
5,294,c7528129f18642b9e5729522,1.6799999475479126,2.1737685203552246,0.493768572807312,0.493768572807312
5,295,9ef3b804269b29e728d79fd9,1.1799999475479126,1.0702381134033203,-0.10976183414459229,0.10976183414459229
5,296,4900ce2b8cbd201b0ad3dbee,0.23000000417232513,0.4960176348686218,0.2660176157951355,0.2660176157951355
5,297,73a288d1a3c15658ee964984,0.41999998688697815,0.8508395552635193,0.43083956837654114,0.43083956837654114
5,298,c93c3a6ae1eaaf29a46f8d41,2.0399999618530273,1.445122241973877,-0.5948777198791504,0.5948777198791504
5,299,f88c2b4a1ad4db896da69aed,1.559999942779541,2.3951363563537598,0.8351364135742188,0.8351364135742188
5,300,3c2fec90942aca3eb3f90b63,1.7300000190734863,2.3501272201538086,0.6201272010803223,0.6201272010803223
5,301,54ed213993422f08b85caeed,1.7699999809265137,2.4234745502471924,0.6534745693206787,0.6534745693206787
5,302,9e99d850050d120525f55384,2.009999990463257,2.122016191482544,0.11201620101928711,0.11201620101928711
5,303,1f836bc0eb49a2aa2ae9b7d7,2.0299999713897705,2.1309728622436523,0.10097289085388184,0.10097289085388184
5,304,7fd5925c4c583a85eb676a14,1.7799999713897705,1.7848186492919922,0.00481867790222168,0.00481867790222168
5,305,2e0d89878dbf665be0229cfd,2.4700000286102295,2.003826141357422,-0.4661738872528076,0.4661738872528076
5,306,8c88d26f45b7b3874114bea8,1.659999966621399,2.1106810569763184,0.45068109035491943,0.45068109035491943
5,307,b3c43fefdb1f8377d9ab60b2,1.5,2.105010986328125,0.605010986328125,0.605010986328125
5,308,98e6006909592cf793ec18e0,1.7999999523162842,1.7923061847686768,-0.007693767547607422,0.007693767547607422
5,309,6c208231b685d2dd0e5dc49a,2.109999895095825,1.85634183883667,-0.2536580562591553,0.2536580562591553
5,310,cda2c7b50df92edf62885763,1.9500000476837158,2.4411778450012207,0.4911777973175049,0.4911777973175049
5,311,bc22890822f13f967b0a5942,1.7400000095367432,1.9030752182006836,0.16307520866394043,0.16307520866394043
5,312,d4a480c79dfd8fb23c17716d,1.8700000047683716,1.9689724445343018,0.09897243976593018,0.09897243976593018
5,313,f485c8f05a0894dba953f795,2.180000066757202,2.2807021141052246,0.10070204734802246,0.10070204734802246
5,314,5856eea04c4dd6e7b1cffa57,1.9199999570846558,1.8967335224151611,-0.02326643466949463,0.02326643466949463
5,315,c46b3143efb40b1a1eee2eef,0.38999998569488525,1.1203811168670654,0.7303811311721802,0.7303811311721802
5,316,3c4965ee3165473544bb9957,2.630000114440918,2.377378463745117,-0.2526216506958008,0.2526216506958008
5,317,6b0ea4bfbf6006a43de529f3,2.319999933242798,2.455395460128784,0.13539552688598633,0.13539552688598633
5,318,10179204152a46dbd3089409,2.2699999809265137,1.9601795673370361,-0.30982041358947754,0.30982041358947754
5,319,b64090d2759b8a0dd289edc2,2.7300000190734863,2.279773712158203,-0.4502263069152832,0.4502263069152832
5,320,f59d37451f8adbd90eae0202,2.509999990463257,2.0649285316467285,-0.4450714588165283,0.4450714588165283
5,321,c761fc27f4900b2577d71464,2.319999933242798,2.235625743865967,-0.08437418937683105,0.08437418937683105
5,322,052c69ce089442c8e93f1be5,3.8299999237060547,3.3783864974975586,-0.4516134262084961,0.4516134262084961
5,323,55536b3fa7f4279e780ce7df,0.7699999809265137,1.1824109554290771,0.4124109745025635,0.4124109745025635
5,324,fabd4211127f01ff28b481cf,0.8299999833106995,1.1694903373718262,0.3394903540611267,0.3394903540611267
5,325,8d42e9135fbe207d5c8cb98f,0.5899999737739563,1.2422215938568115,0.6522216200828552,0.6522216200828552
5,326,322bb0dd0424aa94eb53bf68,0.3799999952316284,1.4592432975769043,1.0792433023452759,1.0792433023452759
5,327,4faef426f15a2db85cd885d1,1.7300000190734863,1.5372776985168457,-0.19272232055664062,0.19272232055664062
5,328,ff6cc074bb58678608448b87,1.1699999570846558,1.443152904510498,0.2731529474258423,0.2731529474258423
5,329,01dd6f7b43a1a994ddd5eab1,0.7200000286102295,1.1822199821472168,0.4622199535369873,0.4622199535369873
5,330,2b2b17e9f0a5006dbacaae6e,1.7899999618530273,2.1533541679382324,0.3633542060852051,0.3633542060852051
5,331,974af2c0c0b28f0d049d3e17,1.090000033378601,1.3814671039581299,0.2914670705795288,0.2914670705795288
5,332,9379a8312c677f5ac2fed5a1,1.75,1.4012451171875,-0.3487548828125,0.3487548828125
5,333,2b3f3db6644be760167775c4,0.5600000023841858,1.2102458477020264,0.6502458453178406,0.6502458453178406
5,334,d87d903d1064a26b3b29ed31,2.259999990463257,1.7956304550170898,-0.464369535446167,0.464369535446167
5,335,9f30bf9edaf6bd09306f2961,1.2200000286102295,1.589951992034912,0.3699519634246826,0.3699519634246826
5,336,0f62b6f996768ce797077eba,1.0,1.417891263961792,0.417891263961792,0.417891263961792
5,337,9aeb0e32b1b4ff48925c0f74,1.2100000381469727,1.4872803688049316,0.277280330657959,0.277280330657959
5,338,76657d1e61e0c2cfdf8092fd,1.4600000381469727,1.3654112815856934,-0.0945887565612793,0.0945887565612793
5,339,23954cf21780ff3840a9068f,1.0800000429153442,1.2487528324127197,0.1687527894973755,0.1687527894973755
5,340,57290e8db5be731ac0994fac,1.6699999570846558,1.614105463027954,-0.05589449405670166,0.05589449405670166
5,341,382bdf4c9224c1a40d9a8e65,0.3499999940395355,1.3898875713348389,1.039887547492981,1.039887547492981
5,342,2388a40cc761f88d98259e98,1.2899999618530273,1.1982331275939941,-0.0917668342590332,0.0917668342590332
5,343,0afd65e4705330554c2da01e,0.9900000095367432,1.1137216091156006,0.12372159957885742,0.12372159957885742
5,344,430ef8e1f9eb8a084d528138,1.0199999809265137,1.2055883407592773,0.18558835983276367,0.18558835983276367
5,345,6231c754cb4e8f793a803b92,1.2899999618530273,1.0519137382507324,-0.23808622360229492,0.23808622360229492
5,346,6e505546402d58fce47f0d82,1.2200000286102295,1.5003604888916016,0.28036046028137207,0.28036046028137207
5,347,0968a64306831940aaba7260,1.409999966621399,1.5814869403839111,0.1714869737625122,0.1714869737625122
5,348,88ea8d7fdb5a93fcb31f5a1c,0.4300000071525574,1.1899278163909912,0.7599278092384338,0.7599278092384338
5,349,948348f4968931d167748325,1.399999976158142,1.2028608322143555,-0.19713914394378662,0.19713914394378662
5,350,dd0661d7632097b9759aebe1,0.44999998807907104,1.439692497253418,0.9896925091743469,0.9896925091743469
5,351,dd2cd396aa3749b66bcf9598,0.6899999976158142,0.8660824298858643,0.17608243227005005,0.17608243227005005
5,352,d1a12fdd6450edf9be893c39,0.4000000059604645,1.5671117305755615,1.1671117544174194,1.1671117544174194
5,353,5f304496108879490035f54f,1.9900000095367432,1.499673843383789,-0.4903261661529541,0.4903261661529541
5,354,50d0ac93862d136b231578f1,1.4199999570846558,1.312295913696289,-0.1077040433883667,0.1077040433883667
5,355,a66503345523e2c989d2188f,1.409999966621399,1.3289663791656494,-0.08103358745574951,0.08103358745574951
5,356,dbeccf42bc60129d17a84f30,0.9700000286102295,1.1009423732757568,0.13094234466552734,0.13094234466552734
5,357,91a72fd4991c991b42fbe422,2.190000057220459,1.3968489170074463,-0.7931511402130127,0.7931511402130127
5,358,6530e90264ffc725b499fd0e,1.1399999856948853,1.6518514156341553,0.51185142993927,0.51185142993927
5,359,9a1b67f295353c6240f8aeea,1.25,1.34440016746521,0.09440016746520996,0.09440016746520996
5,360,c6d8e60b2bcf2a15740de2a6,1.0499999523162842,1.3306703567504883,0.2806704044342041,0.2806704044342041
5,361,4d709e4acdadce2736905d6e,0.9800000190734863,1.236745834350586,0.2567458152770996,0.2567458152770996
5,362,a3094abc4b5870b7834e2db1,1.3200000524520874,1.2730357646942139,-0.046964287757873535,0.046964287757873535
5,363,66dbe7488c1fdd00b4e825b5,0.5400000214576721,0.9401337504386902,0.40013372898101807,0.40013372898101807
5,364,1c06e46a42aab36d5a1671e0,1.350000023841858,1.3283107280731201,-0.021689295768737793,0.021689295768737793
5,365,7a679150da543fc7a9f0e7e8,2.2699999809265137,1.020866870880127,-1.2491331100463867,1.2491331100463867
5,366,84ac58ca8dd26d4a30fe4a75,1.2699999809265137,1.6434733867645264,0.3734734058380127,0.3734734058380127
5,367,c0d2b84c0a954324c175013f,0.8899999856948853,1.518768548965454,0.6287685632705688,0.6287685632705688
5,368,864617d0fb3b5764ee0fdf04,0.6200000047683716,1.0560674667358398,0.43606746196746826,0.43606746196746826
5,369,f950950e026b17185fac9cfe,1.0299999713897705,1.480372428894043,0.45037245750427246,0.45037245750427246
5,370,8042f72fd3705a0bae4ff6a8,0.4699999988079071,1.1063501834869385,0.636350154876709,0.636350154876709
5,371,6836a27bacebcfd9ceac2d42,1.649999976158142,1.2029802799224854,-0.44701969623565674,0.44701969623565674
5,372,868263cb595bda680f92939d,0.5099999904632568,1.0855271816253662,0.5755271911621094,0.5755271911621094
5,373,c3de2229b2a454fa67737c42,1.2599999904632568,1.6978347301483154,0.4378347396850586,0.4378347396850586
5,374,614a29cc86ffa179b8ddb630,0.6200000047683716,1.018230676651001,0.3982306718826294,0.3982306718826294
5,375,01ef9e63a28974bee6c6d29d,1.0299999713897705,1.1358013153076172,0.10580134391784668,0.10580134391784668
5,376,3ede6111c0a092c6f5636848,0.8100000023841858,1.0322344303131104,0.22223442792892456,0.22223442792892456
5,377,bc98b9ca8087b57c9b21f92f,2.9100000858306885,3.663654327392578,0.7536542415618896,0.7536542415618896
5,378,a71de9f1bb61f46df154da98,3.7100000381469727,4.0011887550354,0.29118871688842773,0.29118871688842773
5,379,e8ff2136b868bd09090383fd,3.990000009536743,3.9292829036712646,-0.060717105865478516,0.060717105865478516
5,380,452fed9c2601f132fa605e3f,3.2300000190734863,3.558608055114746,0.32860803604125977,0.32860803604125977
5,381,fcac0c2ce3c679c3eba1dd01,3.2200000286102295,3.521690845489502,0.30169081687927246,0.30169081687927246
5,382,3ed17cd67f97297cdd14cc32,3.9700000286102295,3.856827735900879,-0.11317229270935059,0.11317229270935059
5,383,fada3156ed24b378f291f162,3.8399999141693115,4.019141674041748,0.17914175987243652,0.17914175987243652
5,384,cca17be91845c2257c1d1b2b,2.740000009536743,3.091305732727051,0.3513057231903076,0.3513057231903076
5,385,f1f16e8cfac26415713d9245,3.2899999618530273,3.6009714603424072,0.3109714984893799,0.3109714984893799
5,386,04fcc23db50fea8a8ca89090,4.260000228881836,4.339043140411377,0.07904291152954102,0.07904291152954102
5,387,fdc1db0ebe23f5764fd389fd,4.0,4.051616191864014,0.05161619186401367,0.05161619186401367
5,388,5d45e3fb6ee15bc16f34e8df,0.9800000190734863,2.2073962688446045,1.2273962497711182,1.2273962497711182
5,389,338a378d310380b1892ec0da,1.3300000429153442,2.00457501411438,0.6745749711990356,0.6745749711990356
5,390,7fc0bb154ccc4d3eb89d4317,2.8399999141693115,2.616553783416748,-0.22344613075256348,0.22344613075256348
5,391,79db35f8096ce9799debf142,0.46000000834465027,0.22687697410583496,-0.2331230342388153,0.2331230342388153
5,392,a035950813672959eac1fbf7,0.5,1.3018732070922852,0.8018732070922852,0.8018732070922852
5,393,2c4fbf3876ae3f29aaca63ae,0.10999999940395355,0.37789386510849,0.26789385080337524,0.26789385080337524
5,394,856b087f3c078645aee98563,2.509999990463257,2.271456480026245,-0.23854351043701172,0.23854351043701172
5,395,4fd986458ffe9e53709ca2d4,2.009999990463257,1.8113162517547607,-0.1986837387084961,0.1986837387084961
5,396,7798fbdacfc5344a63e2ee49,2.319999933242798,1.9375298023223877,-0.38247013092041016,0.38247013092041016
5,397,3127fa0dc439a4136a135d41,2.0799999237060547,2.1262831687927246,0.04628324508666992,0.04628324508666992
5,398,fef0af676816fdf362487599,1.9900000095367432,2.316261053085327,0.326261043548584,0.326261043548584
5,399,1e978f1dace74b2a9015c155,1.9299999475479126,2.348386287689209,0.4183863401412964,0.4183863401412964
5,400,7665e41869e0575e5b1415fe,2.200000047683716,1.8371882438659668,-0.362811803817749,0.362811803817749
5,401,a3a7ab5ab5e75dc20a8c0bf6,2.940000057220459,2.0619759559631348,-0.8780241012573242,0.8780241012573242
5,402,3bea2eb7404eb58e00c5a3fd,0.6000000238418579,1.0179548263549805,0.41795480251312256,0.41795480251312256
5,403,e4b03c960bed6da02035fc0f,0.9200000166893005,1.4510996341705322,0.5310996174812317,0.5310996174812317
5,404,f1de52e3cfeba46a615d45be,0.8799999952316284,1.1269299983978271,0.24693000316619873,0.24693000316619873
5,405,91aaf1089766b62663a7c253,0.8500000238418579,1.0229833126068115,0.1729832887649536,0.1729832887649536
5,406,7082b1c318596e0d31431f02,1.1299999952316284,1.3354480266571045,0.20544803142547607,0.20544803142547607
5,407,34b5dc7c28471385532a24f8,0.949999988079071,0.8927859663963318,-0.05721402168273926,0.05721402168273926
5,408,d9544046d91d74158af24691,2.190000057220459,2.1220486164093018,-0.06795144081115723,0.06795144081115723
5,409,df00a3ea33d38fe9bdb68ea7,2.180000066757202,2.3034579753875732,0.1234579086303711,0.1234579086303711
5,410,27144634ac1635e5ee06f04c,2.4600000381469727,2.204257011413574,-0.25574302673339844,0.25574302673339844
5,411,86b75a7f861d0d443cf4fc98,2.2300000190734863,1.9003944396972656,-0.3296055793762207,0.3296055793762207
5,412,d78576402c33b513e2fe8f90,2.430000066757202,2.2791030406951904,-0.15089702606201172,0.15089702606201172
5,413,4aa9f242e6fef21f6c44eb7f,2.5799999237060547,2.820405960083008,0.24040603637695312,0.24040603637695312
5,414,f71bd0ba3cb33986198c8ffa,2.430000066757202,2.610729217529297,0.18072915077209473,0.18072915077209473
5,415,e82550f320e59e059a79cf88,2.009999990463257,2.1170475482940674,0.10704755783081055,0.10704755783081055
5,416,58ce6b58394496643f8daddd,2.0999999046325684,2.2634944915771484,0.16349458694458008,0.16349458694458008
5,417,b457f0931057a6bcfa3d7c39,1.309999942779541,0.7972966432571411,-0.5127032995223999,0.5127032995223999
5,418,cb6c08ee2988ffb40652f5dd,1.6100000143051147,0.7989259362220764,-0.8110740780830383,0.8110740780830383
5,419,37c288ec541bf441d59c830f,1.0700000524520874,1.0824177265167236,0.01241767406463623,0.01241767406463623
5,420,771cb052ccc9a67cee57be1c,0.5899999737739563,2.036808729171753,1.4468088150024414,1.4468088150024414
5,421,1036b8cf98a45f64d086cef6,2.809999942779541,2.4280924797058105,-0.38190746307373047,0.38190746307373047
5,422,f879a7c5fd33094df25a9474,0.9800000190734863,0.7012402415275574,-0.27875977754592896,0.27875977754592896
5,423,541b8e45b3ab9cf666416d60,0.7699999809265137,1.062579870223999,0.29257988929748535,0.29257988929748535
5,424,f7f766cb79a3a514001f8e73,0.23000000417232513,1.074126958847046,0.8441269397735596,0.8441269397735596
5,425,d07ac6140f2f1aa3e15456e8,2.125,2.187135696411133,0.06213569641113281,0.06213569641113281
5,426,c413b8a76659778e8a8ef6a6,0.9589999914169312,1.1912107467651367,0.23221075534820557,0.23221075534820557
5,427,973ec2559bac080baf389a4f,1.0,0.8598629832267761,-0.14013701677322388,0.14013701677322388
5,428,b5d8b10e47956b933ca7141c,0.5849999785423279,0.5063231587409973,-0.07867681980133057,0.07867681980133057
5,429,5ac02c4a5c3141f0a973f5d7,1.9299999475479126,1.5242648124694824,-0.4057351350784302,0.4057351350784302
5,430,a0cbcc01e7eb96c301f09dfd,1.059999942779541,1.7447574138641357,0.6847574710845947,0.6847574710845947
5,431,a0e87171d24ce5b56fa70fc6,0.9800000190734863,1.330735683441162,0.3507356643676758,0.3507356643676758
5,432,521cd427c43455f16762f6a0,1.940000057220459,1.230611801147461,-0.709388256072998,0.709388256072998
5,433,515e75380b6c737d956e77c9,1.7000000476837158,1.2453932762145996,-0.4546067714691162,0.4546067714691162
5,434,c8d17ff07032b1cf12b5fb0c,0.8299999833106995,1.3337926864624023,0.5037927031517029,0.5037927031517029
5,435,248d1b602799e45202573918,1.0299999713897705,1.4290902614593506,0.3990902900695801,0.3990902900695801
5,436,e2d8f4624c601088a55c35e1,1.3799999952316284,1.3832452297210693,0.003245234489440918,0.003245234489440918
5,437,08962d1a8857e88e34f521c7,2.4159998893737793,2.0579097270965576,-0.3580901622772217,0.3580901622772217
5,438,49197482566916c1b0105c75,2.505000114440918,2.116030216217041,-0.38896989822387695,0.38896989822387695
5,439,d6629f48c0936aaacf9198b1,2.9210000038146973,1.9435899257659912,-0.977410078048706,0.977410078048706
5,440,36623e6c4ce4ccfa19ddf1bb,2.8310000896453857,2.239765167236328,-0.5912349224090576,0.5912349224090576
5,441,750a41692adf45d4c79f961f,1.7029999494552612,1.9732685089111328,0.2702685594558716,0.2702685594558716
5,442,0a571b8e09c60de578fc83f1,1.4240000247955322,1.6120383739471436,0.18803834915161133,0.18803834915161133
5,443,3864361b7bdc901c555c9888,3.2939999103546143,1.5885889530181885,-1.7054109573364258,1.7054109573364258
5,444,1758685dd8a8962511b8ade9,1.5210000276565552,1.7519288063049316,0.23092877864837646,0.23092877864837646
5,445,981e07d1d10c8f8452d58538,1.940000057220459,2.146146297454834,0.206146240234375,0.206146240234375
5,446,8810b23de88a4bb6fedab3f2,1.9240000247955322,1.5877752304077148,-0.3362247943878174,0.3362247943878174
5,447,f16809768f799ddbd766db31,1.8300000429153442,2.0878329277038574,0.2578328847885132,0.2578328847885132
5,448,203ff7a247a72eff309229db,1.909999966621399,1.8533046245574951,-0.05669534206390381,0.05669534206390381
5,449,3ef60583a8ce558da7eb4959,1.840000033378601,1.6420629024505615,-0.19793713092803955,0.19793713092803955
5,450,600c7dfdb6b46498ffc7f59a,1.809999942779541,1.3194050788879395,-0.49059486389160156,0.49059486389160156
5,451,3cd413a8057905ef77ea25e2,0.9900000095367432,1.3143117427825928,0.3243117332458496,0.3243117332458496
5,452,e75d6927291db933f8397c53,1.8200000524520874,1.902825117111206,0.08282506465911865,0.08282506465911865
5,453,95a37ea112479d472258caa3,1.6799999475479126,1.960555076599121,0.2805551290512085,0.2805551290512085
5,454,2ae3ffb7c10b31999c5ba5f2,1.940000057220459,2.0006415843963623,0.06064152717590332,0.06064152717590332
5,455,df63e7423b1fc41729cf84a1,1.5299999713897705,1.3248014450073242,-0.2051985263824463,0.2051985263824463
5,456,6c548234a1f176f5c7fd3c1a,2.2300000190734863,1.4977469444274902,-0.7322530746459961,0.7322530746459961
5,457,0000caa6fba7ba1ce39cada2,0.8799999952316284,1.5857841968536377,0.7057842016220093,0.7057842016220093
5,458,d29f8d97084f01f77478c860,1.5399999618530273,1.5809688568115234,0.040968894958496094,0.040968894958496094
5,459,6c7581637fb6e729b505d265,1.8600000143051147,1.2902042865753174,-0.5697957277297974,0.5697957277297974
5,460,3327fde4ebe14d3a4386999b,1.409999966621399,1.549328327178955,0.13932836055755615,0.13932836055755615
5,461,ea757637c56b635e52f0c703,1.6799999475479126,1.7972917556762695,0.11729180812835693,0.11729180812835693
5,462,737f9da5d7ebb19f0f1686c1,1.7699999809265137,1.5330021381378174,-0.2369978427886963,0.2369978427886963
5,463,ca76657eea702fd33239ec40,1.9299999475479126,2.3785195350646973,0.44851958751678467,0.44851958751678467
5,464,df70fe3468801bd50d51c60b,1.7599999904632568,1.4344940185546875,-0.32550597190856934,0.32550597190856934
5,465,7d6460d51efe45300d77ae4f,1.909999966621399,1.6842401027679443,-0.2257598638534546,0.2257598638534546
5,466,ea1f025abbe725564f4a4cbf,1.4600000381469727,1.3991563320159912,-0.060843706130981445,0.060843706130981445
5,467,2b6b4c59f06302b3980d575d,1.8300000429153442,1.6859228610992432,-0.14407718181610107,0.14407718181610107
5,468,02a6abb08131c41a01b0223b,2.3399999141693115,1.4969923496246338,-0.8430075645446777,0.8430075645446777
5,469,43a90c18d2e6b5f90ca54541,1.309999942779541,1.8043835163116455,0.4943835735321045,0.4943835735321045
5,470,f0606ccf611583157809571c,2.6700000762939453,1.3360278606414795,-1.3339722156524658,1.3339722156524658
5,471,ef0afcd172c7fefb95c6d30f,1.690000057220459,1.676501989364624,-0.013498067855834961,0.013498067855834961
5,472,25c887c0efc38b46b023d614,1.590000033378601,1.0426833629608154,-0.5473166704177856,0.5473166704177856
5,473,8185b06c6d1e0d3cbe12aa73,0.7099999785423279,0.7235636115074158,0.01356363296508789,0.01356363296508789
5,474,7164300d8541ab5ac76e9f82,1.5,1.8650295734405518,0.36502957344055176,0.36502957344055176
5,475,d6668049c1e5646ffb08bb33,2.869999885559082,1.4384305477142334,-1.4315693378448486,1.4315693378448486
5,476,ce3953b836dae6479468b011,0.5299999713897705,0.9730352759361267,0.4430353045463562,0.4430353045463562
5,477,6bc566f1a5d183872d38425c,1.159999966621399,1.296128273010254,0.13612830638885498,0.13612830638885498
5,478,e7af99070911e3f328ff4b30,0.5,0.5311192870140076,0.03111928701400757,0.03111928701400757
5,479,26ef1893eb259f91309ba969,0.3199999928474426,0.8469702005386353,0.5269702076911926,0.5269702076911926
5,480,8a0fa57bf0fef82b29c0b396,0.8899999856948853,0.7257353663444519,-0.16426461935043335,0.16426461935043335
5,481,7dc125f6c3ad1d042e9951a0,0.6800000071525574,0.6337701678276062,-0.04622983932495117,0.04622983932495117
5,482,ad4e1816fc4d3cfb9ae90612,1.0700000524520874,1.7124762535095215,0.6424762010574341,0.6424762010574341
5,483,6d4ef0fc94630094b5732ea8,0.5699999928474426,0.6768046021461487,0.10680460929870605,0.10680460929870605
5,484,21b967aebb3f14ad258916a6,0.41999998688697815,1.0439188480377197,0.623918890953064,0.623918890953064
5,485,4c5f57277d1b2977123ca184,1.8300000429153442,2.0473928451538086,0.21739280223846436,0.21739280223846436
5,486,e45d47bbe6ee94cafd6a2bc9,1.5299999713897705,1.677562952041626,0.14756298065185547,0.14756298065185547
5,487,345adfb22d1ea6cc1bb69be2,1.6200000047683716,1.7645325660705566,0.14453256130218506,0.14453256130218506
5,488,0a8b888ecfd3c6f72637f679,1.6200000047683716,2.120680809020996,0.5006808042526245,0.5006808042526245
5,489,58f0b2981bdfad8d8f6d0a44,1.5199999809265137,1.9836616516113281,0.46366167068481445,0.46366167068481445
5,490,c5c87b701f8647bdae111850,2.130000114440918,2.097196102142334,-0.032804012298583984,0.032804012298583984
5,491,7cfbed82e74b212b1303291b,2.240000009536743,2.114375114440918,-0.1256248950958252,0.1256248950958252
5,492,8c2310b6f21a75725bf1d95c,1.809999942779541,1.9587535858154297,0.14875364303588867,0.14875364303588867
5,493,e3fa1f92d5f92bae44b7927f,1.4299999475479126,1.6538331508636475,0.22383320331573486,0.22383320331573486
5,494,267bb041bf504c7c964c8894,1.600000023841858,1.9294075965881348,0.32940757274627686,0.32940757274627686
5,495,0030286042f43ab7f344bf8c,1.909999966621399,2.5713677406311035,0.6613677740097046,0.6613677740097046
5,496,bdea87c37fc901978c9bcc8a,1.7400000095367432,1.7933270931243896,0.053327083587646484,0.053327083587646484
5,497,2f975c81cc049a95a277d808,1.3600000143051147,1.6185646057128906,0.2585645914077759,0.2585645914077759
5,498,544798809e96cd320e07e320,1.5520000457763672,1.5007226467132568,-0.05127739906311035,0.05127739906311035
5,499,1a2f3862819aca703c2fc3d4,1.5670000314712524,1.5734562873840332,0.006456255912780762,0.006456255912780762
5,500,c8fcc915465e8d5c01bd8370,1.5099999904632568,1.6673145294189453,0.15731453895568848,0.15731453895568848
5,501,46c8a43a119352aebf25a524,2.1510000228881836,2.235800266265869,0.08480024337768555,0.08480024337768555
5,502,7c00d9e80329ad370d793eb8,1.1330000162124634,0.7910457253456116,-0.3419542908668518,0.3419542908668518
5,503,4e013616d69eba81baa27bc1,1.9259999990463257,1.7507927417755127,-0.175207257270813,0.175207257270813
5,504,769174a52d548e93725d814c,3.069999933242798,3.013458013534546,-0.05654191970825195,0.05654191970825195
5,505,472f07099ca37a0e10ae53d0,2.440000057220459,2.584383249282837,0.14438319206237793,0.14438319206237793
5,506,79b6ad2adc74ac0e8f49ff2c,2.9700000286102295,3.500255584716797,0.5302555561065674,0.5302555561065674
5,507,ccb06bbf6fef82016b2a7233,2.5399999618530273,2.608222007751465,0.0682220458984375,0.0682220458984375
5,508,5bf31ca07141aec6ea256003,2.5199999809265137,1.9474687576293945,-0.5725312232971191,0.5725312232971191
5,509,0a4858a114c1402c03033ba6,4.550000190734863,3.989088535308838,-0.5609116554260254,0.5609116554260254
5,510,b748197c08b5cd047e3affbb,2.747999906539917,3.7370800971984863,0.9890801906585693,0.9890801906585693
5,511,592385b75d2f59b462d678a6,3.0399999618530273,3.8642282485961914,0.8242282867431641,0.8242282867431641
5,512,bab5483f913c168627b51def,3.740000009536743,3.799442768096924,0.059442758560180664,0.059442758560180664
5,513,5ea0bc84598111d981d84028,4.75,4.394348621368408,-0.3556513786315918,0.3556513786315918
5,514,df1d112644fd7f14454d62ad,3.490000009536743,3.188991069793701,-0.301008939743042,0.301008939743042
5,515,13674c4cd19452acc60b44e7,4.130000114440918,3.5076284408569336,-0.6223716735839844,0.6223716735839844
5,516,24edbd235cf3152d42934532,3.0899999141693115,3.0864343643188477,-0.003565549850463867,0.003565549850463867
5,517,26bfe3559e01e470bd2f1428,3.2730000019073486,3.6894583702087402,0.4164583683013916,0.4164583683013916
5,518,c7b0d608b32ceabba2b1d264,1.9600000381469727,3.7671403884887695,1.8071403503417969,1.8071403503417969
5,519,a755ccfacd75f2c192027be6,1.600000023841858,2.1122586727142334,0.5122586488723755,0.5122586488723755
5,520,9eeb593d744b5c81f43c6d97,3.7300000190734863,4.122568130493164,0.39256811141967773,0.39256811141967773
5,521,fcc142bf8c5a9bf43f284843,3.2100000381469727,2.9672842025756836,-0.24271583557128906,0.24271583557128906
5,522,cbc13e88cbb27728027685c4,2.740000009536743,2.9663538932800293,0.22635388374328613,0.22635388374328613
5,523,c6edd741999b4391385ae9a5,1.649999976158142,2.3326056003570557,0.6826056241989136,0.6826056241989136
5,524,748d51c1b147a8e1842b2f64,3.2200000286102295,2.763275623321533,-0.4567244052886963,0.4567244052886963
5,525,5ca4ea676b92375693b8ddb6,2.5799999237060547,2.576004981994629,-0.003994941711425781,0.003994941711425781
5,526,97727fa01ca086a80a1f50c4,4.409999847412109,4.082708358764648,-0.32729148864746094,0.32729148864746094
5,527,5c01080e0a69f4a6211ba5de,3.5399999618530273,2.8080453872680664,-0.7319545745849609,0.7319545745849609
5,528,331d0f74ca0d40d3509abb11,2.7799999713897705,3.321600914001465,0.5416009426116943,0.5416009426116943
5,529,5858373b31d478aa43105823,2.390000104904175,2.6333060264587402,0.24330592155456543,0.24330592155456543
5,530,a386ac7ff253e6747a1b0cd5,2.8499999046325684,2.7054967880249023,-0.14450311660766602,0.14450311660766602
5,531,587e96cbdb712acb1d1ca91a,4.15500020980835,4.301803112030029,0.1468029022216797,0.1468029022216797
5,532,2c347e2429196f02a01de7f3,4.921000003814697,4.550199508666992,-0.3708004951477051,0.3708004951477051
5,533,69175d1d0f37c74bee12f817,1.9589999914169312,1.8714263439178467,-0.08757364749908447,0.08757364749908447
5,534,ce2f756da47bacae98557ae7,2.4809999465942383,2.416415214538574,-0.06458473205566406,0.06458473205566406
5,535,23894b35a991ff742e186baa,1.4509999752044678,2.182652473449707,0.7316524982452393,0.7316524982452393
5,536,84f91061e903c4fad2e0908c,2.806999921798706,3.891963481903076,1.0849635601043701,1.0849635601043701
5,537,02b68e19616af7e9db6e71ec,0.29100000858306885,0.608661949634552,0.31766194105148315,0.31766194105148315
5,538,da06b04423f5625e20f1ece3,0.7960000038146973,0.7355403900146484,-0.06045961380004883,0.06045961380004883
5,539,eb85840f6808ebf859c528cc,2.0,1.9920990467071533,-0.00790095329284668,0.00790095329284668
5,540,62685aa2a35c4ce1efaedb46,1.7699999809265137,1.9570198059082031,0.18701982498168945,0.18701982498168945
5,541,fe5b749a70fa81aad9a5cff9,0.7480000257492065,0.6780688762664795,-0.06993114948272705,0.06993114948272705
5,542,e1616182934ccf0667e3d81d,0.5550000071525574,0.47631341218948364,-0.07868659496307373,0.07868659496307373
5,543,e594e964919eb1e5d2ee3046,0.20800000429153442,0.45229828357696533,0.2442982792854309,0.2442982792854309
5,544,d8f68d95eb162a96812ae9f4,1.5230000019073486,2.092038154602051,0.5690381526947021,0.5690381526947021
5,545,422e2d7460fadfc806cf1b8a,2.0320000648498535,1.655759334564209,-0.37624073028564453,0.37624073028564453
5,546,c7716219ae9cd44087406dc4,1.2289999723434448,1.2207026481628418,-0.008297324180603027,0.008297324180603027
5,547,45938c8b3add3bd680c2b432,0.8539999723434448,0.7382599711418152,-0.11574000120162964,0.11574000120162964
5,548,186a521a4a9ae70464a89f9b,2.194000005722046,1.8961362838745117,-0.2978637218475342,0.2978637218475342
5,549,08e121cca11b70534b06be50,2.259999990463257,2.01159930229187,-0.24840068817138672,0.24840068817138672
5,550,c85d18d946836fdb75d3ee27,2.0,1.6295275688171387,-0.37047243118286133,0.37047243118286133
5,551,b6d54cef50066e298941c814,3.7109999656677246,3.591456890106201,-0.11954307556152344,0.11954307556152344
5,552,1ef93c913b460feb2f790038,1.6579999923706055,1.8216981887817383,0.1636981964111328,0.1636981964111328
5,553,aa23875a67c6ab32689b4287,4.9629998207092285,3.809506893157959,-1.1534929275512695,1.1534929275512695
