run,source_row,sample_id,y_true,y_pred,error,abs_error
1,0,042e0daffe52424ae0a34c1e,2.009999990463257,1.5936065912246704,-0.4163933992385864,0.4163933992385864
1,1,7288602c311ac3805c595c66,4.0,4.091060161590576,0.09106016159057617,0.09106016159057617
1,2,22dda5330b1a6a57c149691f,1.4500000476837158,1.3654581308364868,-0.084541916847229,0.084541916847229
1,3,560d8530886bb6eb8eecaa36,2.75,2.0464768409729004,-0.7035231590270996,0.7035231590270996
1,4,1db07f6f01918b271646ce3d,3.795880079269409,3.684191942214966,-0.11168813705444336,0.11168813705444336
1,5,e8b0b4084c0cee3d94d0bd03,4.585026741027832,4.2559003829956055,-0.32912635803222656,0.32912635803222656
1,6,fa33ebca9321c048c1c7d085,1.2100000381469727,1.5709079504013062,0.3609079122543335,0.3609079122543335
1,7,d9fc6c31a90dd46c99eb09d9,1.4151333570480347,1.629426121711731,0.2142927646636963,0.2142927646636963
1,8,30cb32b0cb4fcddaf2b6e598,4.524328708648682,2.8866822719573975,-1.6376464366912842,1.6376464366912842
1,9,11c3517241c01b71a99050cd,2.583359479904175,2.4882724285125732,-0.09508705139160156,0.09508705139160156
1,10,60718e161c77a757372356f3,4.443697452545166,4.0597453117370605,-0.38395214080810547,0.38395214080810547
1,11,786b1f1c7b13afd0603207fb,0.5899999737739563,0.4612171947956085,-0.12878277897834778,0.12878277897834778
1,12,a3c1a3bfeb182631996c6c7b,0.5951662659645081,1.7366023063659668,1.1414361000061035,1.1414361000061035
1,13,9d64406d5bacd57febd56c0d,4.2500319480896,4.236747741699219,-0.01328420639038086,0.01328420639038086
1,14,d7349dfd1a8595342c67d580,0.7200000286102295,1.2162898778915405,0.49628984928131104,0.49628984928131104
1,15,9ba0081a6013540c3d9f0ff9,2.3499999046325684,3.2435355186462402,0.8935356140136719,0.8935356140136719
1,16,56971881b1de135b0cf7aa90,3.9586071968078613,3.2650671005249023,-0.693540096282959,0.693540096282959
1,17,d1c2b1812ba56f894d03e326,2.3216638565063477,2.158568859100342,-0.16309499740600586,0.16309499740600586
1,18,7d0d68ca9c4207bc639ab3e1,2.6382720470428467,2.1777231693267822,-0.46054887771606445,0.46054887771606445
1,19,b3c536dd5b50cf478ec78b59,1.840000033378601,1.6618088483810425,-0.1781911849975586,0.1781911849975586
1,20,98fd0a11a5dc577be190f153,2.0199999809265137,1.7096792459487915,-0.31032073497772217,0.31032073497772217
1,21,fc2c80a57fa157fab2f0ebef,0.7695510983467102,0.9974846839904785,0.2279335856437683,0.2279335856437683
1,22,3a32c0dcbbd3783e7d03dbf7,1.409999966621399,1.47417151927948,0.06417155265808105,0.06417155265808105
1,23,01b2f4eb4caf2c46e988a968,2.562685489654541,2.6642868518829346,0.10160136222839355,0.10160136222839355
1,24,560ddede1b388cbfad38678e,0.9200000166893005,1.271783709526062,0.3517836928367615,0.3517836928367615
1,25,39b98ba8462352492150ec79,0.7799999713897705,0.6403589248657227,-0.13964104652404785,0.13964104652404785
1,26,59aa53e91ff52125a693a78a,2.190000057220459,2.3490116596221924,0.1590116024017334,0.1590116024017334
1,27,1ec2decebced7a26203d1f65,-0.12057393044233322,1.62026846408844,1.740842342376709,1.740842342376709
1,28,8ec07b20cefff52623066eac,1.9600000381469727,2.3063552379608154,0.3463551998138428,0.3463551998138428
1,29,a1e0f91160249af82cf7c371,1.1100000143051147,1.1015318632125854,-0.008468151092529297,0.008468151092529297
1,30,aea0d6a5d13315a31c738d18,1.5466816425323486,1.0633587837219238,-0.4833228588104248,0.4833228588104248
1,31,e81be3ca4526f04ca0e35efb,0.4288737177848816,1.1219478845596313,0.6930741667747498,0.6930741667747498
1,32,97cd472de7747a296f9ba286,4.599999904632568,4.711071968078613,0.11107206344604492,0.11107206344604492
1,33,4facacf42b56b5dfffffa10f,1.3036435842514038,1.1777454614639282,-0.12589812278747559,0.12589812278747559
1,34,5e1012d05f4746a40aa3dbbe,1.6020599603652954,1.6847425699234009,0.08268260955810547,0.08268260955810547
1,35,6d52d4e8c7609157a1005c81,3.2600324153900146,3.0867342948913574,-0.17329812049865723,0.17329812049865723
1,36,a52c304b2cc8b537a80019d6,3.7647507190704346,3.082453489303589,-0.6822972297668457,0.6822972297668457
1,37,0b266dd0fb9d7267d577e23c,2.397939920425415,2.20639967918396,-0.19154024124145508,0.19154024124145508
1,38,01618e7832fa488b95893abf,2.58031964302063,2.706400156021118,0.12608051300048828,0.12608051300048828
1,39,d9cd4e7b20278d3356a0a0d4,2.0399999618530273,1.7378801107406616,-0.3021198511123657,0.3021198511123657
1,40,046f5db64834318caf898f35,2.295849561691284,1.6890803575515747,-0.6067692041397095,0.6067692041397095
1,41,7d4947cf3738892e95c9ea24,3.886056661605835,4.395586013793945,0.5095293521881104,0.5095293521881104
1,42,b9e93656f609e2ef4f871547,2.886056661605835,2.7565581798553467,-0.12949848175048828,0.12949848175048828
1,43,89ebf7463e5391055d7212cd,0.699999988079071,0.8991540670394897,0.1991540789604187,0.1991540789604187
1,44,2ecb18193d768957f9dafcdc,1.1799999475479126,1.45888090133667,0.2788809537887573,0.2788809537887573
1,45,7eeaf3101d0c6f60cb25a704,1.2999999523162842,1.4448739290237427,0.1448739767074585,0.1448739767074585
1,46,411df053935495e04433c39e,1.059999942779541,1.8225148916244507,0.7625149488449097,0.7625149488449097
1,47,bdbbac21afe9ea16eab62dbb,1.309999942779541,0.8110941052436829,-0.49890583753585815,0.49890583753585815
1,48,ed71e160284608e36139ea3b,2.2200000286102295,1.5342141389846802,-0.6857858896255493,0.6857858896255493
1,49,a75e1ffa95d2ea91ae0e96d1,3.096909999847412,2.5524306297302246,-0.5444793701171875,0.5444793701171875
1,50,44ab9b127d9b06a41272bb4b,0.7400000095367432,0.8900918960571289,0.15009188652038574,0.15009188652038574
1,51,a311dfa4314ff8bbd5467267,0.46000000834465027,0.7902779579162598,0.3302779495716095,0.3302779495716095
1,52,8040203a2f4af592a511b93f,3.004672050476074,3.5519630908966064,0.5472910404205322,0.5472910404205322
1,53,a73f993c9cd3a2c9bdbdafba,1.9600000381469727,1.971842646598816,0.011842608451843262,0.011842608451843262
1,54,00fdc20b5d74350c8418bc1e,2.537601947784424,2.644852876663208,0.10725092887878418,0.10725092887878418
1,55,ede5cef40d86d5bce0353f9e,0.9355419874191284,0.3263762295246124,-0.6091657876968384,0.6091657876968384
1,56,27dfd79b090df7b1a40a7611,2.1500000953674316,1.2091819047927856,-0.940818190574646,0.940818190574646
1,57,a9cff8120b0c64a2b0d69b27,1.1299999952316284,0.7835493087768555,-0.34645068645477295,0.34645068645477295
1,58,0a7824d632ba41e5bc9a5d78,0.47999998927116394,0.7067298889160156,0.22672989964485168,0.22672989964485168
1,59,8b0be8ae1c1d564494090929,4.0,4.094811916351318,0.09481191635131836,0.09481191635131836
1,60,7978d3800a11bb4de7fa317e,0.9900000095367432,1.5554379224777222,0.565437912940979,0.565437912940979
1,61,9e1cacad904f3af3f48628d7,1.0499999523162842,0.8652815222740173,-0.18471843004226685,0.18471843004226685
1,62,2b17dacf66385bcabb008513,3.5638372898101807,2.9406540393829346,-0.6231832504272461,0.6231832504272461
1,63,eef6989ba34718d9ae3b9b7c,1.2200000286102295,1.3679271936416626,0.1479271650314331,0.1479271650314331
1,64,7a2b657b3686f32c763a40fd,2.759999990463257,2.10498309135437,-0.6550168991088867,0.6550168991088867
1,65,685ff050be367c09eaa90587,4.0,3.843846559524536,-0.15615344047546387,0.15615344047546387
1,66,c72ea56829827af9219c963c,2.200000047683716,2.3533823490142822,0.1533823013305664,0.1533823013305664
1,67,a4b31935e6f5f3c9e998c9a3,3.07918119430542,3.006821393966675,-0.07235980033874512,0.07235980033874512
1,68,7b7cacc9d0cf9fc71640d4b6,1.1699999570846558,1.006400465965271,-0.16359949111938477,0.16359949111938477
1,69,24ff6eba35bf7bd2149945a8,1.7819342613220215,2.054356098175049,0.27242183685302734,0.27242183685302734
1,70,85dba82aaacddd6dc9818cac,1.7700623273849487,2.6769535541534424,0.9068912267684937,0.9068912267684937
1,71,86911bcf7b22cc7bffea9d16,1.0199999809265137,0.9461103677749634,-0.07388961315155029,0.07388961315155029
1,72,a8f75770bbcb79fdbff25f34,2.559999942779541,2.007932424545288,-0.5520675182342529,0.5520675182342529
1,73,d2dcaf92034547f0ca40b37f,2.3372421264648438,2.4748916625976562,0.1376495361328125,0.1376495361328125
1,74,7c5f8c83ad0a7be8ea127aa9,1.309999942779541,1.3765958547592163,0.06659591197967529,0.06659591197967529
1,75,7ab4ba7a9e747a5e26f172cd,0.886056661605835,1.0217615365982056,0.1357048749923706,0.1357048749923706
1,76,61cd351973be7dd36df57578,2.4600000381469727,1.627963662147522,-0.8320363759994507,0.8320363759994507
1,77,acf4c5ffbd6899b2f9f8693f,0.6600000262260437,0.5361044406890869,-0.12389558553695679,0.12389558553695679
1,78,55ce5a87ee80e29f3acc7380,0.9700000286102295,0.16566915810108185,-0.8043308854103088,0.8043308854103088
1,79,f4f9f9a8864301bf29d9e346,1.3872160911560059,1.434019923210144,0.046803832054138184,0.046803832054138184
1,80,4d70f8cc04cdfd8d0a13eef6,1.3899999856948853,1.692078948020935,0.3020789623260498,0.3020789623260498
1,81,ca9b6d59e8231cf3083a5350,2.819999933242798,2.597827672958374,-0.22217226028442383,0.22217226028442383
1,82,944fa0cf7eb2a74f34f8d2b4,2.049999952316284,1.2558696269989014,-0.7941303253173828,0.7941303253173828
1,83,417623e921c0c1d9a892a5a2,2.25,1.7499401569366455,-0.5000598430633545,0.5000598430633545
1,84,24edbd235cf3152d42934532,3.0900163650512695,3.0378715991973877,-0.052144765853881836,0.052144765853881836
1,85,12f80dea57242da239a87920,0.3100000023841858,1.411908745765686,1.1019086837768555,1.1019086837768555
1,86,ab3349087e4e5c76eb3160b2,4.055517196655273,3.7745614051818848,-0.28095579147338867,0.28095579147338867
1,87,971ea182e16cfd132dfbd121,0.7300000190734863,0.3277157247066498,-0.40228429436683655,0.40228429436683655
1,88,4944ffb96ecd68f667850aec,1.8468947410583496,1.5606811046600342,-0.28621363639831543,0.28621363639831543
1,89,c7d10a5ec04ee6e4550ed08c,1.190000057220459,1.7033377885818481,0.5133377313613892,0.5133377313613892
1,90,ecd9a7ccac7887b6431fc888,2.1700000762939453,1.6084955930709839,-0.5615044832229614,0.5615044832229614
1,91,e62a6a0b64308cdbd6fa9360,0.46000000834465027,0.9933120012283325,0.5333119630813599,0.5333119630813599
1,92,fcd061a6c46ca16e2296058a,0.7447274923324585,0.8024700284004211,0.057742536067962646,0.057742536067962646
1,93,311fe8dae2e68ea0705b7b8e,3.2700257301330566,3.3494961261749268,0.07947039604187012,0.07947039604187012
1,94,f1e65b236e3430440f1ca144,1.2000000476837158,0.9105526804924011,-0.2894473671913147,0.2894473671913147
1,95,dd9306f385f33a6292015110,1.4814860820770264,1.6324183940887451,0.15093231201171875,0.15093231201171875
1,96,71ca54d3c852b65dceadfa16,-1.6434526443481445,-1.535340428352356,0.10811221599578857,0.10811221599578857
1,97,fc478ededd6b34ebb640f890,1.235824465751648,0.8361495733261108,-0.3996748924255371,0.3996748924255371
1,98,550b97b98a67869d639a2d24,0.7900000214576721,0.8633589744567871,0.07335895299911499,0.07335895299911499
1,99,93f01594c9f6ee7ac38e834e,1.0,0.7345467805862427,-0.2654532194137573,0.2654532194137573
1,100,3e2e132056cc3a78a195f95a,1.6575772762298584,1.6783894300460815,0.020812153816223145,0.020812153816223145
1,101,a3d8da46af088f22291b69e0,0.5850266814231873,0.6521680355072021,0.06714135408401489,0.06714135408401489
1,102,a51eb9d35ebf42a374618d70,5.209996700286865,4.647917747497559,-0.5620789527893066,0.5620789527893066
1,103,0378119b37dd9712b8048b5d,3.0399999618530273,1.8899317979812622,-1.1500681638717651,1.1500681638717651
1,104,2ad8f8688f486782a2d7717b,1.8200000524520874,1.4611778259277344,-0.358822226524353,0.358822226524353
1,105,4331145a951b2e185bd91183,0.6700000166893005,1.3630701303482056,0.693070113658905,0.693070113658905
1,106,3b19959db7ec8dc23ba04b3c,0.6399999856948853,0.7992238998413086,0.15922391414642334,0.15922391414642334
1,107,b01db46e4177bb731f69d8f1,1.5199999809265137,1.3872730731964111,-0.13272690773010254,0.13272690773010254
1,108,b5146a79c6f5ddc865fb5060,4.200659275054932,4.194611549377441,-0.006047725677490234,0.006047725677490234
1,109,e4e7ee99e3a70dbe8aa373bb,1.2699999809265137,1.0052849054336548,-0.2647150754928589,0.2647150754928589
1,110,7e561575e36aba512c57bbea,1.0800000429153442,1.58810293674469,0.5081028938293457,0.5081028938293457
1,111,e0070c3433fdf53c5e2bb527,0.8799999952316284,1.4180448055267334,0.538044810295105,0.538044810295105
1,112,b7f5705e3e3af23f81e0d186,2.799999952316284,1.76981520652771,-1.0301847457885742,1.0301847457885742
1,113,2e1c4701280de2d0d92abdaa,1.4199999570846558,1.8462955951690674,0.4262956380844116,0.4262956380844116
1,114,aba9f7006a3573735ebdb559,1.690000057220459,1.6245133876800537,-0.06548666954040527,0.06548666954040527
1,115,94ce2d417f5f77ba9470f9e8,0.23000000417232513,0.38782304525375366,0.15782304108142853,0.15782304108142853
1,116,4ffe76f3cd7c88e833af2aff,1.940000057220459,1.5415104627609253,-0.3984895944595337,0.3984895944595337
1,117,ae2988ab368e1d05641cfd70,2.309999942779541,1.7421451807022095,-0.5678547620773315,0.5678547620773315
1,118,04160f170563ca12d65e23c5,0.8100000023841858,0.6845513582229614,-0.12544864416122437,0.12544864416122437
1,119,473feb2baf1839888877ff6f,1.190000057220459,0.7872136235237122,-0.4027864336967468,0.4027864336967468
1,120,36710a3a9c662c3b88a7a269,3.4281513690948486,3.446807861328125,0.018656492233276367,0.018656492233276367
1,121,6c5c79a53070b89cbf9aa3e9,1.3700000047683716,1.5144553184509277,0.14445531368255615,0.14445531368255615
1,122,613749d81156ed20b235c339,3.293370485305786,1.4740512371063232,-1.819319248199463,1.819319248199463
1,123,1ec72511b1ccda6e6fccbf03,1.809999942779541,1.180425763130188,-0.629574179649353,0.629574179649353
1,124,d91f9cf6df3b92e58bf3743b,0.9599999785423279,1.5407248735427856,0.5807248950004578,0.5807248950004578
1,125,60b35278c816bbfb3f5d2910,1.7000000476837158,2.016108751296997,0.31610870361328125,0.31610870361328125
1,126,c6cd641f3ac09bc64c95e2a4,0.6197887659072876,1.8699957132339478,1.2502069473266602,1.2502069473266602
1,127,81fc40ab32c61fcff964eda9,1.0700000524520874,1.222464680671692,0.1524646282196045,0.1524646282196045
1,128,46e9a5a851f470b7462a34bf,3.1349947452545166,3.1511423587799072,0.016147613525390625,0.016147613525390625
1,129,abc9cb726e0bf79be11e9f70,3.0299999713897705,2.2213432788848877,-0.8086566925048828,0.8086566925048828
1,130,fc8a2b373aba7433c4e86bcc,1.5199999809265137,1.526784062385559,0.00678408145904541,0.00678408145904541
1,131,9fe3a2ab172e43cd4d6aa424,7.677780628204346,5.8822526931762695,-1.7955279350280762,1.7955279350280762
1,132,6e3c22ada30b9621df5e3458,2.060480833053589,1.8122057914733887,-0.2482750415802002,0.2482750415802002
1,133,bad0c80913789f52148765cb,2.309999942779541,1.4360743761062622,-0.8739255666732788,0.8739255666732788
1,134,7cfabae3d278ffa86ee21a88,4.251811981201172,3.6936237812042236,-0.5581881999969482,0.5581881999969482
1,135,cf7ab491b4aa95d076d88879,3.07572078704834,2.9333081245422363,-0.14241266250610352,0.14241266250610352
1,136,e71585ae15c0656168c6cc2f,0.7300000190734863,0.4380333125591278,-0.2919667065143585,0.2919667065143585
1,137,790abec306a057fa4dd45296,3.059999942779541,2.4899964332580566,-0.5700035095214844,0.5700035095214844
1,138,a150edf01cb249f2aadb97b8,3.0835893154144287,2.7406842708587646,-0.34290504455566406,0.34290504455566406
1,139,a3d63e7a0d3bde870711ebaf,-1.1461280584335327,-0.9257461428642273,0.22038191556930542,0.22038191556930542
1,140,fc31a8b6c84d3e010943b9d1,1.0299999713897705,1.1263710260391235,0.09637105464935303,0.09637105464935303
1,141,f17187ebdf7524fcfc9d134f,4.819874286651611,4.1559529304504395,-0.6639213562011719,0.6639213562011719
1,142,783302e9f91f1570a962b0d8,1.2799999713897705,1.331528663635254,0.0515286922454834,0.0515286922454834
1,143,c8b53cad2eda024105ffb936,1.399999976158142,1.1967289447784424,-0.2032710313796997,0.2032710313796997
1,144,f5a2102928f9695fcb049fe3,1.6200000047683716,1.8085123300552368,0.18851232528686523,0.18851232528686523
1,145,7509be868cb8a20fd5b267d0,0.38999998569488525,1.0844682455062866,0.6944682598114014,0.6944682598114014
1,146,321d117a6635d0cfc9970b98,3.0299999713897705,1.0343165397644043,-1.9956834316253662,1.9956834316253662
1,147,bfe55de965bac31a8d27af43,3.123782157897949,2.7406842708587646,-0.38309788703918457,0.38309788703918457
1,148,80a4631a2adbd3b203232627,2.9700000286102295,2.2209057807922363,-0.7490942478179932,0.7490942478179932
1,149,402d522d866fa10917f1f1e1,3.3575353622436523,3.2200419902801514,-0.13749337196350098,0.13749337196350098
1,150,7ac58addef4fef26af8a988e,0.25656864047050476,0.82529616355896,0.5687274932861328,0.5687274932861328
1,151,81bda0d822252b93af990a78,0.6299999952316284,0.7320747971534729,0.10207480192184448,0.10207480192184448
1,152,3c03d645558ec8368be457a0,2.240000009536743,2.1108334064483643,-0.1291666030883789,0.1291666030883789
1,153,efef2c142d900c85546c7ab6,0.8999999761581421,1.2290503978729248,0.3290504217147827,0.3290504217147827
1,154,3a07fae7a67b89cccb484a76,0.18000000715255737,0.358356773853302,0.17835676670074463,0.17835676670074463
1,155,ecdb678dd8c921f44e20b53a,0.18000000715255737,1.665448546409607,1.4854485988616943,1.4854485988616943
1,156,ebd805863c1a7147e5ac77c6,4.853871822357178,4.190828323364258,-0.6630434989929199,0.6630434989929199
1,157,2fbc8c5069e498d6796d5c7a,3.1549019813537598,2.4842469692230225,-0.6706550121307373,0.6706550121307373
1,158,18ff18da122362ded7b91567,1.440000057220459,1.4679667949676514,0.027966737747192383,0.027966737747192383
1,159,95c68d2f945ea6d6c518e789,2.346787452697754,2.4525930881500244,0.10580563545227051,0.10580563545227051
1,160,0a8d99920243e00b8466223b,1.3899999856948853,0.853834331035614,-0.5361656546592712,0.5361656546592712
1,161,6158a54866fb78c748c9d19c,2.2200000286102295,1.6035128831863403,-0.6164871454238892,0.6164871454238892
1,162,c4d718bf58ca779132263b07,2.664207935333252,3.5572288036346436,0.8930208683013916,0.8930208683013916
1,163,6a9254f0d7236281f35722ce,1.6100000143051147,1.734101414680481,0.12410140037536621,0.12410140037536621
1,164,a30d99e0a57da5a37c0a82ef,0.7340524196624756,1.2003467082977295,0.4662942886352539,0.4662942886352539
1,165,b71065f009120555d9a8c59e,0.6499999761581421,1.169333815574646,0.5193338394165039,0.5193338394165039
1,166,f59da2dd9fcb8b07f0dad86e,1.659999966621399,1.046297550201416,-0.6137024164199829,0.6137024164199829
1,167,f2cf2e6b35c8e7f855ce0e42,0.9599999785423279,1.292716145515442,0.332716166973114,0.332716166973114
1,168,0afbcb60e267e569e5bace5d,1.2999999523162842,1.1164573431015015,-0.18354260921478271,0.18354260921478271
1,169,7b2168cfc39dc01da5714ab2,4.193819999694824,4.3538618087768555,0.16004180908203125,0.16004180908203125
1,170,db190ef0f80c22f590784691,1.350000023841858,1.3896840810775757,0.03968405723571777,0.03968405723571777
1,171,3dab2bcfe1f664f3ed442041,1.5099999904632568,1.7792249917984009,0.26922500133514404,0.26922500133514404
1,172,55203cea3cd60f29f459f12b,2.4000000953674316,2.1172473430633545,-0.28275275230407715,0.28275275230407715
1,173,c3d5e83c6d413509a1b16ac1,1.0700000524520874,1.2976125478744507,0.22761249542236328,0.22761249542236328
1,174,85ce5f1b75dc317aa3db668f,1.059999942779541,0.5304185152053833,-0.5295814275741577,0.5295814275741577
1,175,b663455e9839f84bf4cc8db2,2.5,1.8638662099838257,-0.6361337900161743,0.6361337900161743
1,176,66b13cb6b603e057048e52e7,0.5799999833106995,0.8201600909233093,0.24016010761260986,0.24016010761260986
1,177,df7f5ed7330ba6a66fd1e7c7,2.5,1.9752081632614136,-0.5247918367385864,0.5247918367385864
1,178,bd1301d928994f245f0d2b48,2.049999952316284,2.018915891647339,-0.031084060668945312,0.031084060668945312
1,179,e46efa838dbbf96883da6056,2.299999952316284,2.024043083190918,-0.2759568691253662,0.2759568691253662
1,180,fb080a735e8e0a1ec39a9402,2.4202163219451904,2.100555419921875,-0.31966090202331543,0.31966090202331543
1,181,f889e40477d59d47b80e527c,2.9600000381469727,2.049753427505493,-0.9102466106414795,0.9102466106414795
1,182,d911176cf8623432b577f13e,0.8299999833106995,0.7059831619262695,-0.12401682138442993,0.12401682138442993
1,183,1f83b30c1204b73eb78abdd8,2.508638381958008,3.5037224292755127,0.9950840473175049,0.9950840473175049
1,184,d8d834939bd76c5b810173e9,3.050610065460205,2.9498534202575684,-0.10075664520263672,0.10075664520263672
1,185,7a9436de412cc576c2f94da3,3.0799999237060547,1.024699091911316,-2.055300712585449,2.055300712585449
1,186,aa175afcf39ede4e0a667bc3,2.4000000953674316,2.4681055545806885,0.06810545921325684,0.06810545921325684
1,187,9d382e2d36604bd1d9a84bca,1.2799999713897705,1.4501656293869019,0.17016565799713135,0.17016565799713135
1,188,6ed8c54e48bb698a9053a7f3,0.793174147605896,0.8709291219711304,0.07775497436523438,0.07775497436523438
1,189,f9793ee6661f0726d0baea6a,1.6020599603652954,1.3791351318359375,-0.2229248285293579,0.2229248285293579
1,190,e69cc2a7b73e8173372de45b,0.9300000071525574,1.5706398487091064,0.6406398415565491,0.6406398415565491
1,191,695addc6833da69647b9c1f5,1.1699999570846558,1.074745774269104,-0.09525418281555176,0.09525418281555176
1,192,3e10af0e6ca1b1061627d7a0,1.0199999809265137,1.4929381608963013,0.4729381799697876,0.4729381799697876
1,193,4a09a6bc9b4620a718b7ca7e,2.0999999046325684,1.8029263019561768,-0.2970736026763916,0.2970736026763916
1,194,8861546775317181ed9bd9fb,3.390000104904175,3.288276433944702,-0.10172367095947266,0.10172367095947266
1,195,809f05948fc051da14436c74,4.070580959320068,3.92900013923645,-0.14158082008361816,0.14158082008361816
1,196,836025bf9033107707cf47d5,0.8674201369285583,2.416229724884033,1.54880952835083,1.54880952835083
1,197,2cb1033156351c1e1f2b92c9,1.1799999475479126,1.3588615655899048,0.1788616180419922,0.1788616180419922
1,198,827ed433c51351df0162d722,2.1153934001922607,2.3307697772979736,0.2153763771057129,0.2153763771057129
1,199,08a1be0bdbdc4190d2da4eca,1.1699999570846558,1.0670822858810425,-0.10291767120361328,0.10291767120361328
1,200,560ae604f215434e9b1a586e,0.2619611620903015,0.7493995428085327,0.4874383807182312,0.4874383807182312
1,201,cecc0b191d205898f0c9f617,1.9600000381469727,1.5662132501602173,-0.39378678798675537,0.39378678798675537
1,202,e458284a0af4695caa21adc0,1.5299999713897705,1.526057481765747,-0.0039424896240234375,0.0039424896240234375
1,203,abc374e9223a385e21e55c88,-0.5646660923957825,-0.1797245293855667,0.38494157791137695,0.38494157791137695
1,204,85bb4adfba8407cb12778d1d,3.259999990463257,2.370685338973999,-0.8893146514892578,0.8893146514892578
1,205,a55abf6f3d24a9d95f5ad225,1.2400000095367432,0.9224879741668701,-0.31751203536987305,0.31751203536987305
1,206,0ac08a7bf35867cd5ea96135,2.2644011974334717,2.3110907077789307,0.046689510345458984,0.046689510345458984
1,207,e81676b3cb26759d2160c755,1.409999966621399,1.4449001550674438,0.03490018844604492,0.03490018844604492
1,208,e6004b922884048fae77bd1a,1.4913617372512817,1.7925851345062256,0.30122339725494385,0.30122339725494385
1,209,c8aaad5de16f097c8efef4c4,2.119999885559082,0.8418045043945312,-1.2781953811645508,1.2781953811645508
1,210,043b20650b3cc1becaa6f376,1.2699999809265137,1.157652497291565,-0.11234748363494873,0.11234748363494873
1,211,1520546a0e32a1d96d55ec53,2.0799999237060547,1.955833077430725,-0.12416684627532959,0.12416684627532959
1,212,a9123f639d0adc6811a2f405,1.6399999856948853,1.5834904909133911,-0.05650949478149414,0.05650949478149414
1,213,2b279fe85e8f77116465f854,2.5142786502838135,2.4041638374328613,-0.11011481285095215,0.11011481285095215
1,214,42b882e20c9835ab65042cd2,3.309999942779541,3.3267061710357666,0.016706228256225586,0.016706228256225586
1,215,7c15e046732b63e2c4311187,2.7166988849639893,2.656719446182251,-0.05997943878173828,0.05997943878173828
1,216,a86acd22b7c9f729ccc725b2,3.4134128093719482,2.3091228008270264,-1.1042900085449219,1.1042900085449219
1,217,ddadbf77de5306803937900f,2.379641056060791,1.0461503267288208,-1.3334907293319702,1.3334907293319702
1,218,c408050e759878d8e2e577f3,0.75,1.4487961530685425,0.6987961530685425,0.6987961530685425
1,219,1fe4d06521184f01894a8a09,1.5606672763824463,2.000166654586792,0.4394993782043457,0.4394993782043457
1,220,255487838beb2f18dcb5c3b6,4.853871822357178,4.068211078643799,-0.7856607437133789,0.7856607437133789
1,221,b9987e6e9496629847335603,0.23000000417232513,1.2015007734298706,0.9715007543563843,0.9715007543563843
1,222,e4d12e2913fb02941e22e27c,1.1200000047683716,0.8834693431854248,-0.23653066158294678,0.23653066158294678
1,223,c34b96c24451c82816329357,3.387216091156006,3.6979377269744873,0.31072163581848145,0.31072163581848145
1,224,38e62ee47a04ae38be267c43,2.25,2.5447428226470947,0.2947428226470947,0.2947428226470947
1,225,be6255e6bead85dd31cee115,0.9599999785423279,2.0551655292510986,1.095165491104126,1.095165491104126
1,226,2dd0eea0053b6e64ae3cf5b0,0.8500000238418579,0.7832562923431396,-0.06674373149871826,0.06674373149871826
1,227,81959aac7be427d1e92958ce,1.75,1.8648405075073242,0.11484050750732422,0.11484050750732422
1,228,7f087da41a08278853dafc66,3.3665316104888916,3.216348886489868,-0.15018272399902344,0.15018272399902344
1,229,6414cc639dad29c3b6f63d2d,0.949999988079071,0.8218700885772705,-0.12812989950180054,0.12812989950180054
1,230,6c5b83dc4e0172f84bff1f53,3.346787452697754,2.9766108989715576,-0.3701765537261963,0.3701765537261963
1,231,7764bb013bcb22eccee83bc8,1.9600000381469727,1.5156744718551636,-0.4443255662918091,0.4443255662918091
1,232,94dca8c3d8a8ce2aef0e1715,2.7985117435455322,2.779050588607788,-0.01946115493774414,0.01946115493774414
1,233,39877d011dcb0521d4cbc6c5,3.759999990463257,3.403848648071289,-0.3561513423919678,0.3561513423919678
1,234,9ff9492e95d6ce9ee5cd382f,2.450000047683716,2.076631784439087,-0.3733682632446289,0.3733682632446289
1,235,af0f6c6d33b3cdca9933be7a,2.665546178817749,2.610438346862793,-0.055107831954956055,0.055107831954956055
1,236,f0404db96b162a591503977c,1.3300000429153442,1.5564746856689453,0.22647464275360107,0.22647464275360107
1,237,fd2c32571fe88d2eb9e33dd8,1.4700000286102295,1.695060133934021,0.2250601053237915,0.2250601053237915
1,238,8141f5e601dfc1b659279be6,1.399999976158142,1.3174740076065063,-0.08252596855163574,0.08252596855163574
1,239,f9734d3a07932ff22a752752,1.1200000047683716,1.470068097114563,0.3500680923461914,0.3500680923461914
1,240,20c5a8ee23a6b6dc21327ae0,1.1643093824386597,1.1906040906906128,0.026294708251953125,0.026294708251953125
1,241,da790f19dbdf3dd6bce19c96,0.8538719415664673,1.0435285568237305,0.18965661525726318,0.18965661525726318
1,242,d9fcbfc82178640d3a3d3a8f,2.009999990463257,1.9678105115890503,-0.04218947887420654,0.04218947887420654
1,243,2cc4a092a006e29689fa3961,0.8999999761581421,0.6411172151565552,-0.2588827610015869,0.2588827610015869
1,244,fa3fc5a5659d9b30ab6b8622,0.09000000357627869,0.6096284985542297,0.5196285247802734,0.5196285247802734
1,245,b46fb9b9bc809f1942dcd1ac,0.324221670627594,1.0379992723464966,0.7137776017189026,0.7137776017189026
1,246,3c661bb0be1050cfe5d8d0db,2.509999990463257,2.2009787559509277,-0.3090212345123291,0.3090212345123291
1,247,2df8225a207513ee14437c96,2.109999895095825,1.8799954652786255,-0.2300044298171997,0.2300044298171997
1,248,b1561ae311d36fa3c6a47303,1.4299999475479126,1.7437056303024292,0.3137056827545166,0.3137056827545166
1,249,27de94811dea5a5804edd484,2.4993977546691895,2.2347230911254883,-0.26467466354370117,0.26467466354370117
1,250,86e3e5ad3e5df71f6ec17ebb,1.4900000095367432,1.442945122718811,-0.04705488681793213,0.04705488681793213
1,251,c0010e6ada1a947d42cdb1a1,1.5,1.3449630737304688,-0.15503692626953125,0.15503692626953125
1,252,3b23853c7df1a095acc86717,2.9800000190734863,3.152336835861206,0.17233681678771973,0.17233681678771973
1,253,36e7fe64bf2e3f1dfbffeedb,1.1299999952316284,1.3126083612442017,0.18260836601257324,0.18260836601257324
1,254,4c6978b216b815b596e216e2,0.7400000095367432,0.5093121528625488,-0.23068785667419434,0.23068785667419434
1,255,d5aebf04c9735c555c83fc6b,2.3399999141693115,2.0682902336120605,-0.271709680557251,0.271709680557251
1,256,b38440e42ed2092efb08575b,1.9600000381469727,2.1065101623535156,0.14651012420654297,0.14651012420654297
1,257,6c720945f41d4c3a6ae81713,1.5299999713897705,1.6757556200027466,0.14575564861297607,0.14575564861297607
1,258,ce40083f487a8d0ff6555c93,3.931814193725586,2.8797519207000732,-1.0520622730255127,1.0520622730255127
1,259,71030b083ba3047d8f3f3f42,1.1799999475479126,0.9711920022964478,-0.20880794525146484,0.20880794525146484
1,260,4ab685e1e122744c3e971615,2.568636178970337,4.154509544372559,1.5858733654022217,1.5858733654022217
1,261,e36835430bf75bddcf6d2bd6,0.8299999833106995,0.7434648275375366,-0.08653515577316284,0.08653515577316284
1,262,40c5aaa354466304a4f8539a,3.619788646697998,4.000677108764648,0.3808884620666504,0.3808884620666504
1,263,b235691c1fb263b82cdf89ff,1.6575772762298584,1.905407428741455,0.24783015251159668,0.24783015251159668
1,264,64a2b57ae815cf9ceaa24f1d,1.2599999904632568,1.4364597797393799,0.17645978927612305,0.17645978927612305
1,265,4a49473bf05e9634836d7b17,0.8399999737739563,0.7150875329971313,-0.12491244077682495,0.12491244077682495
1,266,f02c8e13696ad15cdb7e7aaf,0.9100000262260437,1.1916261911392212,0.2816261649131775,0.2816261649131775
1,267,71355979a118b7a51ad86148,1.2200000286102295,1.7746788263320923,0.5546787977218628,0.5546787977218628
1,268,06df7924bf15e4cd4635c01c,3.119999885559082,2.9833219051361084,-0.13667798042297363,0.13667798042297363
1,269,5a2d3dc6d3a0928615bafda8,2.0043647289276123,1.7776681184768677,-0.22669661045074463,0.22669661045074463
1,270,aa6815a86b4db1536bff5cc6,0.8100000023841858,0.9926047325134277,0.18260473012924194,0.18260473012924194
1,271,a8580a741eb48bd23bbba909,2.0999999046325684,1.7259793281555176,-0.3740205764770508,0.3740205764770508
1,272,588b9fdb6da61fd59d4dc9f5,3.0,1.6513147354125977,-1.3486852645874023,1.3486852645874023
1,273,c3a112d16b2c68893a30cf32,2.1700000762939453,2.2668163776397705,0.0968163013458252,0.0968163013458252
1,274,f3d7a0fb5fe4be49cedcebbc,0.8999999761581421,0.5464076995849609,-0.35359227657318115,0.35359227657318115
1,275,672a88ebcbc10f2622f047cf,0.3400838077068329,0.3412052392959595,0.001121431589126587,0.001121431589126587
1,276,8ae403ad3cab38f8044fd4a1,1.25,1.6412314176559448,0.3912314176559448,0.3912314176559448
1,277,5b5d3135d617e60f5da1e9b7,1.25,1.2791852951049805,0.02918529510498047,0.02918529510498047
1,278,010b8ae2725d42f3e23b08f6,2.665546178817749,2.526254177093506,-0.13929200172424316,0.13929200172424316
1,279,8bbe399e8be2463b650048a4,1.340000033378601,0.9041152596473694,-0.4358847737312317,0.4358847737312317
1,280,2c4a12450f07099f051b2493,0.8399999737739563,0.879062294960022,0.039062321186065674,0.039062321186065674
1,281,6ac0d7169e2400a0444d4fa8,2.4164233207702637,3.1158812046051025,0.6994578838348389,0.6994578838348389
1,282,6544eb59a1b8ac71b19ac86e,1.5399999618530273,1.59392511844635,0.053925156593322754,0.053925156593322754
1,283,05ae143d5741bcafa14f6611,2.3499999046325684,1.3011943101882935,-1.048805594444275,1.048805594444275
1,284,1f2ad4d3ec1563471e83326a,1.3300000429153442,1.4433521032333374,0.11335206031799316,0.11335206031799316
1,285,ef777be2a0e1c13153b7db26,0.8199999928474426,0.8981816172599792,0.07818162441253662,0.07818162441253662
1,286,6a1d5c0b230e63354b9ac1ef,3.431798219680786,3.2393081188201904,-0.1924901008605957,0.1924901008605957
1,287,033e36621b41a63c20b413b0,4.11539363861084,3.7486917972564697,-0.3667018413543701,0.3667018413543701
1,288,5a60799fd6dd13d7f0b48a3a,3.4559319019317627,2.6650006771087646,-0.790931224822998,0.790931224822998
1,289,49a50783cdb86c06d943da61,3.32790207862854,3.6697115898132324,0.3418095111846924,0.3418095111846924
1,290,9a5760012f3b987434561e37,1.090000033378601,1.090737223625183,0.0007371902465820312,0.0007371902465820312
1,291,6f0e0712bc4ad5e5984c0f99,1.0985417366027832,1.1478639841079712,0.04932224750518799,0.04932224750518799
1,292,7c03f884699d11381a39cb5d,1.6100000143051147,1.9212249517440796,0.31122493743896484,0.31122493743896484
1,293,220157b654f1a8dafe342c0a,3.218151330947876,3.5298449993133545,0.3116936683654785,0.3116936683654785
1,294,587e96cbdb712acb1d1ca91a,4.15490198135376,4.337535858154297,0.1826338768005371,0.1826338768005371
1,295,6e738457df166f25c92273c2,1.8300000429153442,1.5245471000671387,-0.30545294284820557,0.30545294284820557
1,296,5628a2c3911ed00208be48cd,1.8300000429153442,1.6449757814407349,-0.18502426147460938,0.18502426147460938
1,297,977faba15781b9a235db7a9a,1.5199999809265137,1.7666301727294922,0.24663019180297852,0.24663019180297852
1,298,93af897537136c87452fe04a,1.0700000524520874,1.4330439567565918,0.3630439043045044,0.3630439043045044
1,299,5b4ac0f050c8023da74be597,3.0222764015197754,2.9886977672576904,-0.03357863426208496,0.03357863426208496
1,300,c1f393cf397387250431c273,4.2132487297058105,3.9301717281341553,-0.2830770015716553,0.2830770015716553
1,301,eddb096e86be9e8aa15af9f5,1.045757532119751,1.120491862297058,0.07473433017730713,0.07473433017730713
1,302,7311ebb66b1ed294311a0d38,0.25999999046325684,0.7717715501785278,0.511771559715271,0.511771559715271
1,303,453d9d68bf72ef44a158b175,1.0800000429153442,0.9925225973129272,-0.08747744560241699,0.08747744560241699
1,304,53786c153f979abc44b4c275,1.350000023841858,1.6547490358352661,0.3047490119934082,0.3047490119934082
1,305,05d0ea3253642b680a0da54b,0.9507820010185242,0.8654708862304688,-0.08531111478805542,0.08531111478805542
1,306,188096affed836033e4a6119,0.9300000071525574,1.0833660364151,0.15336602926254272,0.15336602926254272
1,307,50f33a521e02f228bbb9b624,0.6600000262260437,0.42055127024650574,-0.23944875597953796,0.23944875597953796
1,308,3be0f23d40f4c28feb813f63,2.187086582183838,1.6505932807922363,-0.5364933013916016,0.5364933013916016
1,309,eeab5ad7ee143ee597665dc6,1.2999999523162842,1.538338541984558,0.23833858966827393,0.23833858966827393
1,310,50bf1728ff63647970698822,2.314258337020874,2.3045382499694824,-0.009720087051391602,0.009720087051391602
1,311,00d6421ae3a9e527cd04f342,0.537901759147644,0.8571500778198242,0.3192483186721802,0.3192483186721802
1,312,0c681f585145159081bce925,0.8399999737739563,1.1390691995620728,0.29906922578811646,0.29906922578811646
1,313,97e7f8e36b611930348489ce,0.8199999928474426,0.7769380211830139,-0.04306197166442871,0.04306197166442871
1,314,84c1a6fe28e47dbe24de88c3,0.3979400098323822,1.2933611869812012,0.8954211473464966,0.8954211473464966
1,315,9990d56f686f9193654e1ed1,2.859999895095825,1.7859808206558228,-1.0740190744400024,1.0740190744400024
1,316,3afa4ccf8c530025aee572dd,1.559999942779541,2.0252182483673096,0.46521830558776855,0.46521830558776855
1,317,93114dbb0a4db19544567717,1.3700000047683716,1.5481964349746704,0.17819643020629883,0.17819643020629883
1,318,75c5020756a36100b9dd2b20,1.8600000143051147,1.4992865324020386,-0.36071348190307617,0.36071348190307617
1,319,10e3908273ef3e4c0d217284,2.1500000953674316,2.1144449710845947,-0.035555124282836914,0.035555124282836914
1,320,24faf8bba2d7bfec82de5df5,0.8299999833106995,0.6510145664215088,-0.17898541688919067,0.17898541688919067
1,321,631b125ee8464dd984c9a16c,5.623423099517822,2.479435443878174,-3.1439876556396484,3.1439876556396484
1,322,3a93c644f3539dde3efb5089,1.7999999523162842,1.3185687065124512,-0.481431245803833,0.481431245803833
1,323,63381709b358a892fffe9063,0.6777806878089905,0.844240665435791,0.16645997762680054,0.16645997762680054
1,324,1968c0fd1526ca00c7aceb6d,1.6100000143051147,1.23586905002594,-0.3741309642791748,0.3741309642791748
1,325,b00cb3a5eabaacd6dc19ea3a,2.698970079421997,3.726454257965088,1.0274841785430908,1.0274841785430908
1,326,a6d2487cf65bc8b0b9fce147,2.009999990463257,2.4120471477508545,0.40204715728759766,0.40204715728759766
1,327,18916176c35aa60b8ac1c9e1,1.1799999475479126,1.405004620552063,0.2250046730041504,0.2250046730041504
1,328,f79ee35c3c31a95c165745f7,0.75,1.752797245979309,1.002797245979309,1.002797245979309
1,329,b5def7ad99b43caea514a980,0.3400000035762787,1.401930570602417,1.061930537223816,1.061930537223816
1,330,99ce2390b832030f8347f8f2,3.0409586429595947,2.948228597640991,-0.09273004531860352,0.09273004531860352
1,331,f8401b6fbfbc3fad2d4a3426,-0.014529475010931492,-0.548082709312439,-0.5335532426834106,0.5335532426834106
1,332,ad64b6a9c7e14d88fe6e8cff,0.5099999904632568,0.7092635631561279,0.1992635726928711,0.1992635726928711
1,333,9b545dcc84a3cc38d470ea5b,5.096909999847412,4.300854682922363,-0.7960553169250488,0.7960553169250488
1,334,8dccbec260f8dec51169f8fe,0.9586073160171509,0.912808358669281,-0.04579895734786987,0.04579895734786987
1,335,8c4e8f15134fafe23ae02a55,1.940000057220459,1.097739815711975,-0.8422602415084839,0.8422602415084839
1,336,7b2c624201a93f3732138882,2.0,1.9436099529266357,-0.05639004707336426,0.05639004707336426
1,337,95e55109a9e16081f14c8665,1.309999942779541,0.799775242805481,-0.5102246999740601,0.5102246999740601
1,338,d6ae3d36bd9f08b3b4972cfa,4.045757293701172,3.9299490451812744,-0.11580824851989746,0.11580824851989746
1,339,d0ce916bbb23146ccf312ca8,2.5999999046325684,1.9206103086471558,-0.6793895959854126,0.6793895959854126
1,340,d31ffd84140e77a8d8283f59,2.130000114440918,2.2067790031433105,0.07677888870239258,0.07677888870239258
1,341,de574b664bac39c2236c5301,2.1500000953674316,1.9748395681381226,-0.17516052722930908,0.17516052722930908
1,342,f1cde8807eb1c605ba154f68,2.8336684703826904,3.0454938411712646,0.21182537078857422,0.21182537078857422
1,343,294da87687b3eca1f267ab84,0.7599999904632568,1.4942816495895386,0.7342816591262817,0.7342816591262817
1,344,fcc87bbcd8bea38b2f3eb170,4.522878646850586,2.1152536869049072,-2.4076249599456787,2.4076249599456787
1,345,9128562a99313545ab76d3cb,1.4900000095367432,1.4677025079727173,-0.02229750156402588,0.02229750156402588
1,346,d5d10762bb63c6d7cefd5397,1.443697452545166,2.0868077278137207,0.6431102752685547,0.6431102752685547
1,347,5ce524803f98415b1702bda4,2.609999895095825,1.800121784210205,-0.8098781108856201,0.8098781108856201
1,348,2743334b137734fbd497184b,1.0123337507247925,2.6684205532073975,1.656086802482605,1.656086802482605
1,349,b2e7a4709f441bc64d58f108,0.699999988079071,1.0238512754440308,0.3238512873649597,0.3238512873649597
1,350,ed4beb79e66bfaede95e0156,1.659999966621399,1.5516352653503418,-0.10836470127105713,0.10836470127105713
1,351,ae6d712005899ae9242ef11a,1.2911986112594604,2.332162857055664,1.0409642457962036,1.0409642457962036
1,352,cd879731fe05d7ea3440cfb9,2.3499999046325684,2.3007681369781494,-0.049231767654418945,0.049231767654418945
1,353,eb42c41392ec5fa37ba3f732,2.130000114440918,1.6021578311920166,-0.5278422832489014,0.5278422832489014
1,354,186a521a4a9ae70464a89f9b,2.193819999694824,2.331500291824341,0.1376802921295166,0.1376802921295166
1,355,96ed1f376c1b9dc8f2b1b269,2.0799999237060547,1.94861900806427,-0.13138091564178467,0.13138091564178467
1,356,d2a43bbe8ce68ff040c3f688,1.6575772762298584,1.7842668294906616,0.12668955326080322,0.12668955326080322
1,357,6d17cf21b6844b727db0fdbe,2.3399999141693115,2.3789963722229004,0.03899645805358887,0.03899645805358887
1,358,9b4870f5b17e229413d60472,1.7300000190734863,0.8219629526138306,-0.9080370664596558,0.9080370664596558
1,359,114b7f8cb9040cf1be26c880,1.5499999523162842,1.2974544763565063,-0.25254547595977783,0.25254547595977783
1,360,73a811fa6e85f03eb3aa8c3a,2.0399999618530273,2.6367909908294678,0.5967910289764404,0.5967910289764404
1,361,dd1d6e1b18e590e954439609,1.2699999809265137,1.3738024234771729,0.10380244255065918,0.10380244255065918
1,362,ed692a805d8abda8d643a747,2.5799999237060547,2.657766103744507,0.07776618003845215,0.07776618003845215
1,363,627f6393d6741ddc0325d0e3,3.7878124713897705,3.7241644859313965,-0.06364798545837402,0.06364798545837402
1,364,44b10a6a5d78fdcc3980d04d,1.0043648481369019,1.09415864944458,0.08979380130767822,0.08979380130767822
1,365,6cf831edec5c591b3199f3ed,0.5944828987121582,1.7366023063659668,1.1421194076538086,1.1421194076538086
1,366,aee76e83a93aef9fe773fd93,0.8239087462425232,1.3592134714126587,0.5353047251701355,0.5353047251701355
1,367,645bd8eeccfd2a17687c3cad,0.3799999952316284,0.9980471134185791,0.6180471181869507,0.6180471181869507
1,368,5c311d49a09ddd1ab36a1fdd,1.443697452545166,2.006293773651123,0.562596321105957,0.562596321105957
1,369,2205e79eab7d23e564f0cf36,1.221848726272583,0.8361495733261108,-0.38569915294647217,0.38569915294647217
1,370,ccc0a3869909c0c8f499f652,3.359999895095825,2.352759599685669,-1.0072402954101562,1.0072402954101562
1,371,99af1110cb1591c879169c4f,2.9534831047058105,2.7812893390655518,-0.1721937656402588,0.1721937656402588
1,372,24c394b72ca99cf552b981d2,0.9300000071525574,0.7841105461120605,-0.14588946104049683,0.14588946104049683
1,373,f2964cc74d9c62b0f6d75991,4.455932140350342,3.315828800201416,-1.1401033401489258,1.1401033401489258
1,374,8288f0b738fb30eff04968e5,0.9200000166893005,1.5332132577896118,0.6132132411003113,0.6132132411003113
1,375,99b70133cd64c9ded5c176ba,3.190000057220459,3.2147648334503174,0.0247647762298584,0.0247647762298584
1,376,767b1f07a6cf2c1a6153e008,0.800000011920929,1.192705512046814,0.392705500125885,0.392705500125885
1,377,5898a331ba17671bf884bc8b,3.9981493949890137,4.024518013000488,0.02636861801147461,0.02636861801147461
1,378,54c46a09aac59445167d8f0c,1.2799999713897705,1.9721430540084839,0.6921430826187134,0.6921430826187134
1,379,dbe34fc5f10ee50968941966,1.399999976158142,0.6815018653869629,-0.7184981107711792,0.7184981107711792
1,380,79d64893b2fffe41ac7af493,1.0499999523162842,1.1268287897109985,0.07682883739471436,0.07682883739471436
1,381,9e7542906f4ce38486b050f6,0.9399999976158142,0.3761431574821472,-0.563856840133667,0.563856840133667
1,382,b669f89876ed563cd9a31bf9,2.197910785675049,0.34615594148635864,-1.851754903793335,1.851754903793335
1,383,c18a96c35f932187273fc1b5,3.397939920425415,4.021810531616211,0.6238706111907959,0.6238706111907959
1,384,49c372e97e2548b4e217341d,1.8600000143051147,1.1254581212997437,-0.7345418930053711,0.7345418930053711
1,385,f3f5300be7611dfa9d0206ed,1.1799999475479126,1.1235569715499878,-0.056442975997924805,0.056442975997924805
1,386,626f07c5d703095f540cfcbc,0.5799999833106995,1.1880217790603638,0.6080217957496643,0.6080217957496643
1,387,0573978a789e6fca0ff3d701,3.0999999046325684,2.421029567718506,-0.6789703369140625,0.6789703369140625
1,388,ec2347085fb7c7abbaa84479,3.0,2.4005067348480225,-0.5994932651519775,0.5994932651519775
1,389,a93085b7f2293b843403f4fb,2.07572078704834,1.398135781288147,-0.6775850057601929,0.6775850057601929
1,390,68832ed87890b0fcfe71ccc9,1.3200000524520874,1.214220404624939,-0.10577964782714844,0.10577964782714844
1,391,b36187a2d248985ba2af7ea1,1.5700000524520874,1.2498996257781982,-0.32010042667388916,0.32010042667388916
1,392,6cb596b79deaab27db6456bb,2.0799999237060547,1.9201960563659668,-0.1598038673400879,0.1598038673400879
1,393,8ee1c4c07bab5c8436c15b6e,3.267606258392334,3.2591025829315186,-0.00850367546081543,0.00850367546081543
1,394,442f5ba5d4302abafdce589f,0.8899999856948853,1.0793265104293823,0.18932652473449707,0.18932652473449707
1,395,1872ad459c74ed9653068013,2.92081880569458,2.5171124935150146,-0.40370631217956543,0.40370631217956543
1,396,0b1103bee5466f42c8d5443c,0.3010300099849701,0.3747080862522125,0.07367807626724243,0.07367807626724243
1,397,e74b6e41e392192d1d472b98,1.8200000524520874,1.3641728162765503,-0.4558272361755371,0.4558272361755371
1,398,e7c26ae4405614ad9f0e9f67,3.124938726425171,3.0604710578918457,-0.0644676685333252,0.0644676685333252
1,399,9ab60bededdde1c530004578,0.9244530200958252,0.714691162109375,-0.2097618579864502,0.2097618579864502
1,400,d5dcb8f69f1e488a71d68b15,1.8300000429153442,2.688948154449463,0.8589481115341187,0.8589481115341187
1,401,42c80027dd091352e1be84a5,0.8538719415664673,1.0647166967391968,0.2108447551727295,0.2108447551727295
1,402,d0088dfc3fde1601d4a3c682,0.7599999904632568,1.0837211608886719,0.32372117042541504,0.32372117042541504
1,403,41c915c1b61f27b5de8518ec,4.481485843658447,3.6137006282806396,-0.8677852153778076,0.8677852153778076
1,404,ef7b3f591babd18e4dfa5696,2.4800000190734863,2.339155435562134,-0.14084458351135254,0.14084458351135254
1,405,2145bf6d63899d34dea563c4,2.5798003673553467,2.564601182937622,-0.01519918441772461,0.01519918441772461
1,406,5bae492338792cdcd8dfb180,1.4461169242858887,2.8242275714874268,1.378110647201538,1.378110647201538
1,407,9b86e1e90d4a0f141585cb05,4.301030158996582,4.022310256958008,-0.2787199020385742,0.2787199020385742
1,408,334503145b5aef408530ba7d,2.9000000953674316,1.5972405672073364,-1.3027595281600952,1.3027595281600952
1,409,070a809c1c10581eafac6f07,2.5299999713897705,1.9260770082473755,-0.603922963142395,0.603922963142395
1,410,79458cb3e2ac53d49450215e,0.8399999737739563,0.687009334564209,-0.15299063920974731,0.15299063920974731
1,411,5080541faa36d35e12a7e811,2.7899999618530273,1.7735569477081299,-1.0164430141448975,1.0164430141448975
1,412,fc0d1658187b0aa43c7827eb,1.3767507076263428,1.4400384426116943,0.06328773498535156,0.06328773498535156
1,413,c827a807e3aeeaabc36bae1d,0.36000001430511475,1.0745699405670166,0.7145699262619019,0.7145699262619019
1,414,4cb5501166e7357615703b57,1.8799999952316284,1.5194993019104004,-0.360500693321228,0.360500693321228
1,415,725c157bb1f500d8f7773c17,1.8300000429153442,2.1809396743774414,0.35093963146209717,0.35093963146209717
1,416,17ee6ff892de622b10d7b100,1.6699999570846558,1.5728751420974731,-0.09712481498718262,0.09712481498718262
1,417,9d03b21536cccc6590c7fb56,0.36000001430511475,0.9074363708496094,0.5474363565444946,0.5474363565444946
1,418,deed0fd09124169e7143b6b1,0.6968039274215698,0.38697752356529236,-0.30982640385627747,0.30982640385627747
1,419,014e13dc630ad2c24124ca60,3.0799999237060547,2.667764186859131,-0.41223573684692383,0.41223573684692383
1,420,1ce8685ac45409c9795d64d6,2.430000066757202,2.8700780868530273,0.4400780200958252,0.4400780200958252
1,421,105c9f997cd24649f2dce42d,3.431798219680786,3.3312160968780518,-0.10058212280273438,0.10058212280273438
1,422,95f8d04bfbbdaf011296237a,0.46000000834465027,1.006262183189392,0.5462621450424194,0.5462621450424194
1,423,3539d01c3feebc3920c3cee7,1.3200000524520874,1.049269437789917,-0.2707306146621704,0.2707306146621704
1,424,f5f90610d3baf2e43889c7ef,2.0299999713897705,1.8383558988571167,-0.1916440725326538,0.1916440725326538
1,425,d7a6d1a979ea730f3c26cfc9,1.1100000143051147,1.0512624979019165,-0.05873751640319824,0.05873751640319824
1,426,835ab8db3a0c591c02270905,3.6199698448181152,2.4138600826263428,-1.2061097621917725,1.2061097621917725
1,427,7be3b909941fe9f95c6ce855,2.431798219680786,2.6348423957824707,0.20304417610168457,0.20304417610168457
1,428,1be4d04fbb9bab368f2fcbe1,2.2100000381469727,2.706663131713867,0.49666309356689453,0.49666309356689453
1,429,786544cacb4375bd212388f2,1.7200000286102295,2.2189829349517822,0.49898290634155273,0.49898290634155273
1,430,b722d0c7e1235d378309602e,4.849857807159424,3.561333179473877,-1.2885246276855469,1.2885246276855469
1,431,c2ea7b4042b5b4931ac1e012,2.869999885559082,2.4199647903442383,-0.45003509521484375,0.45003509521484375
1,432,67d8f6c063b517807dddea27,2.128018617630005,2.253399610519409,0.1253809928894043,0.1253809928894043
1,433,7e1b1ddde6ad7cc73e6ba5c3,4.193819999694824,4.176000595092773,-0.01781940460205078,0.01781940460205078
1,434,ebd2235c5404f4c0eb13da87,1.440000057220459,1.3882603645324707,-0.05173969268798828,0.05173969268798828
1,435,9378cbce4adfce1b84df8b37,0.8199999928474426,1.2914716005325317,0.4714716076850891,0.4714716076850891
1,436,0b410cd2681d2f2767f44dd0,2.619999885559082,1.4578386545181274,-1.1621612310409546,1.1621612310409546
1,437,b2fe9e41f81066ab05ccdccd,3.9586071968078613,4.074851989746094,0.11624479293823242,0.11624479293823242
1,438,7ff5a84d395a7414b83a325b,1.5199999809265137,1.7589682340621948,0.23896825313568115,0.23896825313568115
1,439,fcbae41d2abd1604630bffde,2.408935308456421,2.4695231914520264,0.06058788299560547,0.06058788299560547
1,440,7d43fb3bc42d307bb4ba20ae,3.612610101699829,3.0426530838012695,-0.5699570178985596,0.5699570178985596
1,441,325a1aed7b3a67bacdd83807,0.7099999785423279,1.0708060264587402,0.36080604791641235,0.36080604791641235
1,442,45d1e551ef7c24d2a81ab15b,0.8299999833106995,1.195915937423706,0.3659159541130066,0.3659159541130066
1,443,2a609cd19bb361e49f1e4153,2.6575772762298584,2.9140994548797607,0.25652217864990234,0.25652217864990234
1,444,146889939d0b3d97b0415c83,0.9913998246192932,0.9595972299575806,-0.031802594661712646,0.031802594661712646
1,445,d2ba6696c467eb5d2f02d6e1,1.5638374090194702,1.5913816690444946,0.027544260025024414,0.027544260025024414
1,446,d3c3e527af77eda0f3f06e5d,1.148741602897644,1.3318668603897095,0.18312525749206543,0.18312525749206543
1,447,ff07d427314bbd886fb61ace,1.6200000047683716,1.7288329601287842,0.1088329553604126,0.1088329553604126
1,448,61c7e7fb9abea671947fde38,1.600000023841858,2.1979050636291504,0.5979050397872925,0.5979050397872925
1,449,0cc6aced27bb2f91a383d233,1.8300000429153442,0.9199422597885132,-0.910057783126831,0.910057783126831
1,450,676ea2a3614e2926cca1f1ce,1.390405535697937,2.4558603763580322,1.0654548406600952,1.0654548406600952
1,451,170e143a1d1357b08a9f0875,0.25999999046325684,0.6725265979766846,0.41252660751342773,0.41252660751342773
1,452,e3b35313e23b6d138ce34032,2.200000047683716,2.5924575328826904,0.3924574851989746,0.3924574851989746
1,453,5e62f9d9f854c0f57bb197be,0.20760831236839294,0.9245977401733398,0.7169893980026245,0.7169893980026245
1,454,91effb444766304601a69357,1.149999976158142,0.9300611615180969,-0.21993881464004517,0.21993881464004517
1,455,e47c402c704d7b7569886e15,3.0900163650512695,2.8900699615478516,-0.19994640350341797,0.19994640350341797
1,456,28d350c22fbe2480220b6826,0.019999999552965164,0.5143769979476929,0.4943769872188568,0.4943769872188568
1,457,934154627eff29bdadb5dd5d,1.4299999475479126,1.0717700719833374,-0.3582298755645752,0.3582298755645752
1,458,202d68bfa77671c1a8c37ff9,0.8700000047683716,1.4237006902694702,0.5537006855010986,0.5537006855010986
1,459,ee96e9c3c672b08cf03d1d38,1.4600000381469727,1.4304386377334595,-0.029561400413513184,0.029561400413513184
1,460,0ad7be50dd4f09d45fadef58,1.9700000286102295,1.8294873237609863,-0.14051270484924316,0.14051270484924316
1,461,6c5d6ebbf92a39d40aa891f3,2.0,0.9989840984344482,-1.0010159015655518,1.0010159015655518
1,462,fa1e8632f61a36fff12af1d1,2.4353339672088623,2.5481314659118652,0.11279749870300293,0.11279749870300293
1,463,e594e964919eb1e5d2ee3046,0.20760831236839294,0.9245977401733398,0.7169893980026245,0.7169893980026245
1,464,6cadfe2674ffabae45e2e6db,4.922026634216309,3.958296537399292,-0.9637300968170166,0.9637300968170166
1,465,c9e2799e89c55a62c7f4e3fb,1.7100000381469727,0.993315577507019,-0.7166844606399536,0.7166844606399536
1,466,3dac13acd20390915b9db7a4,0.0,2.5282790660858154,2.5282790660858154,2.5282790660858154
1,467,e3ac3b41c4187d2cf8ff45d9,1.6799999475479126,2.381615400314331,0.7016154527664185,0.7016154527664185
1,468,0cd70b26944dcc8543a4aae1,1.8200000524520874,1.1221566200256348,-0.6978434324264526,0.6978434324264526
1,469,168c7798cd01dfdddb8c469b,0.7699999809265137,0.9780486822128296,0.20804870128631592,0.20804870128631592
1,470,2c5ae31a4f4267dac9e001d0,1.5376019477844238,2.8216826915740967,1.2840807437896729,1.2840807437896729
1,471,d4a20e2c4e76c58f00ae39c2,1.5800000429153442,1.1716433763504028,-0.4083566665649414,0.4083566665649414
1,472,390305755e7a4a4368817271,1.0409586429595947,4.1138715744018555,3.0729129314422607,3.0729129314422607
1,473,e1e9288ab43c56b53acc6952,0.8239087462425232,0.8522107601165771,0.028302013874053955,0.028302013874053955
1,474,ef000bb6979518789fcf44e3,4.3665313720703125,4.153656005859375,-0.2128753662109375,0.2128753662109375
1,475,c12a5ae48a712a0cc0b892b7,1.4700000286102295,1.3676565885543823,-0.10234344005584717,0.10234344005584717
1,476,c5e0f946a51502eb84d5495f,3.101823568344116,2.9102602005004883,-0.19156336784362793,0.19156336784362793
1,477,e9ae2fbb0f9137eef5fabdf9,0.8700000047683716,1.126790165901184,0.2567901611328125,0.2567901611328125
1,478,7cebb1410dc6c85f68223c9b,2.096909999847412,2.095357656478882,-0.0015523433685302734,0.0015523433685302734
1,479,b71dee3b4fbac358e2f02cb3,2.6500000953674316,3.058056116104126,0.40805602073669434,0.40805602073669434
1,480,e0b5db7e1a2ffff1434a0f1f,1.399999976158142,1.827025055885315,0.42702507972717285,0.42702507972717285
1,481,6c0b47135fd2d83c96307e5e,2.4600000381469727,1.7086583375930786,-0.751341700553894,0.751341700553894
1,482,2fef991ce7c1f440d0bdf1c3,-1.2552725076675415,3.9460971355438232,5.201369762420654,5.201369762420654
1,483,141aa874790549eb35ffea26,4.036211967468262,3.6699717044830322,-0.3662402629852295,0.3662402629852295
1,484,8803c4a9ee52d8578533e93a,1.3700000047683716,1.6087592840194702,0.23875927925109863,0.23875927925109863
1,485,a0afc7ea742ffc1c2829ab35,1.9299999475479126,1.4830490350723267,-0.44695091247558594,0.44695091247558594
1,486,c7b01f9677467443d27a3a9a,3.9586071968078613,4.122707843780518,0.16410064697265625,0.16410064697265625
1,487,f8d7b86843cd5f18d55bd63d,2.4321506023406982,1.6417384147644043,-0.790412187576294,0.790412187576294
1,488,8b74c4e82045522e9880796c,3.2342605590820312,3.1861038208007812,-0.04815673828125,0.04815673828125
1,489,9f959b55f695dcdea14759b4,2.4700000286102295,3.8814876079559326,1.4114875793457031,1.4114875793457031
1,490,13b5979d834a5919334647d7,0.3199999928474426,1.1260491609573364,0.8060491681098938,0.8060491681098938
1,491,65018b0ed44a7cd0bfd07f2d,2.856985092163086,3.0157344341278076,0.15874934196472168,0.15874934196472168
1,492,e5fc130288cdb07696d5e101,1.940000057220459,1.899948239326477,-0.040051817893981934,0.040051817893981934
1,493,74f13984551e0313ddc6d905,1.9299999475479126,1.8079557418823242,-0.12204420566558838,0.12204420566558838
1,494,90a80ead03920449eedb62d6,3.2799999713897705,1.8170133829116821,-1.4629865884780884,1.4629865884780884
1,495,7c00d9e80329ad370d793eb8,1.1330804824829102,0.5597837567329407,-0.5732967257499695,0.5732967257499695
1,496,55804d434e0c4cd8d9e8f410,3.284832715988159,3.202709436416626,-0.0821232795715332,0.0821232795715332
1,497,acbf533c9903742f9f48a724,1.6100000143051147,1.6818326711654663,0.07183265686035156,0.07183265686035156
1,498,1b0fc7180f23b347a6c907ce,2.8605411052703857,2.7884089946746826,-0.07213211059570312,0.07213211059570312
1,499,17d0968c4f2f2325a2de318e,0.3700000047683716,1.224923014640808,0.8549230098724365,0.8549230098724365
1,500,37f7a12ddf8041050d7f58bc,1.5355104207992554,2.2448770999908447,0.7093666791915894,0.7093666791915894
1,501,daa43f5d1a68454f64d90ee9,1.2100000381469727,1.416616678237915,0.20661664009094238,0.20661664009094238
1,502,c011a9e82cf37058a9c24de2,2.4461169242858887,3.2114181518554688,0.7653012275695801,0.7653012275695801
1,503,37a3761220bee3ffaab53ed5,2.6700937747955322,3.089684247970581,0.41959047317504883,0.41959047317504883
1,504,92cf5dea43360368f0c734ab,2.4700000286102295,2.0702717304229736,-0.39972829818725586,0.39972829818725586
1,505,be8e64c551e10274e2eedd2c,1.5099999904632568,1.9540985822677612,0.4440985918045044,0.4440985918045044
1,506,397bf1e5e958ad63deb31225,1.3411622047424316,2.1730151176452637,0.831852912902832,0.831852912902832
1,507,e19195c5f756bcf4a55b79f8,2.0043647289276123,1.9572278261184692,-0.047136902809143066,0.047136902809143066
1,508,ce3516d3199d5f73e27b9030,4.387216091156006,2.6182563304901123,-1.7689597606658936,1.7689597606658936
1,509,7a6b766d8e7fa0d4115e5f98,1.1299999952316284,1.352697730064392,0.22269773483276367,0.22269773483276367
1,510,9e1935a9dd21be377a760bf5,0.20102083683013916,0.397769957780838,0.19674912095069885,0.19674912095069885
1,511,453b68312e86627d78cf6628,1.8191360235214233,1.6573494672775269,-0.16178655624389648,0.16178655624389648
1,512,b10c501c01507f34c74946e4,1.25,2.220921754837036,0.9709217548370361,0.9709217548370361
1,513,caf463d585a2e89b154ded64,1.5499999523162842,1.2253588438034058,-0.3246411085128784,0.3246411085128784
1,514,bb734b6cca19a799debef0f4,1.3700000047683716,1.0531415939331055,-0.3168584108352661,0.3168584108352661
1,515,3e5ca55dd9b19b471eff5435,1.2899999618530273,1.3697973489761353,0.07979738712310791,0.07979738712310791
1,516,7f6cca920508f2659cb22111,-0.03999999910593033,1.1518956422805786,1.191895604133606,1.191895604133606
1,517,c9e283df08ce45fa9053edce,2.200000047683716,2.5188238620758057,0.31882381439208984,0.31882381439208984
1,518,331c1c3b10e47b1d730d5efb,2.7300000190734863,1.4000252485275269,-1.3299747705459595,1.3299747705459595
1,519,38c1c45cd2f229044e244a62,2.4300410747528076,3.2592780590057373,0.8292369842529297,0.8292369842529297
1,520,6c953804679468a54427105a,1.3010300397872925,1.3834267854690552,0.0823967456817627,0.0823967456817627
1,521,bab149057e24fb83da6d334a,4.7473978996276855,3.4602906703948975,-1.287107229232788,1.287107229232788
1,522,2f516a88491f910eec949887,1.399999976158142,1.0834786891937256,-0.3165212869644165,0.3165212869644165
1,523,58cfec483d87c1ecbe40a94c,1.7400000095367432,1.2580665349960327,-0.48193347454071045,0.48193347454071045
1,524,c91f3b57daad2bdd8082294a,1.3300000429153442,1.4219534397125244,0.09195339679718018,0.09195339679718018
1,525,ad054c5d2bc6498491626157,0.7300000190734863,1.485945463180542,0.7559454441070557,0.7559454441070557
1,526,2344798c8e693c59a90c1754,1.1100000143051147,0.8579253554344177,-0.252074658870697,0.252074658870697
1,527,3c28de1e823a1c165282475c,2.2699999809265137,1.6903367042541504,-0.5796632766723633,0.5796632766723633
1,528,ab130737e1e7cff9805007a3,1.2400000095367432,2.434114694595337,1.1941146850585938,1.1941146850585938
1,529,ee42603c541b36205d389ada,5.958607196807861,3.6329360008239746,-2.3256711959838867,2.3256711959838867
1,530,d59b77aa730a8dcb931e672a,0.7200000286102295,1.4639147520065308,0.7439147233963013,0.7439147233963013
1,531,db5a3a65546e51823f6094aa,1.6399999856948853,0.937475323677063,-0.7025246620178223,0.7025246620178223
1,532,a4a13ba500c7086b501c5de7,0.6600000262260437,0.8541685342788696,0.19416850805282593,0.19416850805282593
1,533,91f0d36d56f5ac2b8141ff9a,1.7699999809265137,1.370369791984558,-0.39963018894195557,0.39963018894195557
1,534,de13a991aee6e62572e772b1,2.428291082382202,2.2646522521972656,-0.16363883018493652,0.16363883018493652
1,535,eba96c3dca3a9bb2f185c25b,0.3799999952316284,0.9638184309005737,0.5838184356689453,0.5838184356689453
1,536,29cbe4d18b50dafb97fea5b4,0.8600000143051147,0.8684911727905273,0.008491158485412598,0.008491158485412598
1,537,5a9319c1423b99e333e3d4b9,2.086186170578003,2.170564889907837,0.08437871932983398,0.08437871932983398
1,538,e0420564df8c123858f953e4,2.8728952407836914,2.1512224674224854,-0.721672773361206,0.721672773361206
1,539,793a0d2c5e60ff2e46574f69,2.869666337966919,2.9200003147125244,0.05033397674560547,0.05033397674560547
1,540,b2c594387009f9a0272e9c7c,0.3700000047683716,0.7164868712425232,0.3464868664741516,0.3464868664741516
1,541,873c1a86c055d8c33d8e6fb5,1.1870867013931274,1.5322438478469849,0.3451571464538574,0.3451571464538574
1,542,569481a4f1488acaf3547448,-0.7481880187988281,1.2537413835525513,2.00192928314209,2.00192928314209
1,543,863110f57de7f73c5c548968,1.090000033378601,0.7477672100067139,-0.3422328233718872,0.3422328233718872
1,544,79dfe2126d1547086e61f73a,1.1799999475479126,1.6317144632339478,0.45171451568603516,0.45171451568603516
1,545,e67b5fbd3f0aa8c27f2ccb3e,1.3872160911560059,1.434019923210144,0.046803832054138184,0.046803832054138184
1,546,1c941aba86a642e30a328895,1.6100000143051147,1.6097407341003418,-0.0002592802047729492,0.0002592802047729492
1,547,41232f0ea54577036eacf916,1.7599087953567505,1.8013321161270142,0.04142332077026367,0.04142332077026367
1,548,8ce5ad44326eccf9256d0282,1.8300000429153442,1.6319552659988403,-0.1980447769165039,0.1980447769165039
1,549,757f0e6944054f79ef6ae332,1.5423001050949097,1.0799635648727417,-0.46233654022216797,0.46233654022216797
1,550,b7ff2e85bc0a35d8329201e1,3.6575772762298584,4.09129524230957,0.4337179660797119,0.4337179660797119
1,551,36cf8ce3d28cd781fb9b4652,1.5017441511154175,2.9777238368988037,1.4759796857833862,1.4759796857833862
1,552,8d5137546cab165d72eb197a,1.4900000095367432,1.7244460582733154,0.23444604873657227,0.23444604873657227
1,553,f76197a4725b033bf41c1987,0.800000011920929,0.8913302421569824,0.09133023023605347,0.09133023023605347
1,554,2c071c28b7f7b5770dbf9792,2.679853677749634,2.392545461654663,-0.2873082160949707,0.2873082160949707
1,555,709ece9f9f64eeb21b655647,0.4223933219909668,0.89023357629776,0.4678402543067932,0.4678402543067932
1,556,2ce107d6844941c9fa8fabe8,0.9300000071525574,0.8109579682350159,-0.1190420389175415,0.1190420389175415
1,557,d588b1235c2442247186941b,1.850000023841858,1.6589308977127075,-0.1910691261291504,0.1910691261291504
1,558,8666899a41e61597ea3d3bce,1.9500000476837158,1.69300377368927,-0.2569962739944458,0.2569962739944458
1,559,f405e6c6e613242020d18b26,2.069999933242798,2.0206212997436523,-0.04937863349914551,0.04937863349914551
1,560,d847fb46ad316afb0a41b128,1.8102290630340576,2.6481757164001465,0.8379466533660889,0.8379466533660889
1,561,52b5a9b16061a46be001a465,0.6200000047683716,1.1740524768829346,0.554052472114563,0.554052472114563
1,562,e902ce1a433a3c9060c6d586,3.585026741027832,4.488361358642578,0.9033346176147461,0.9033346176147461
1,563,9825705c11b5d0dcf724e20d,2.568636178970337,2.6682443618774414,0.09960818290710449,0.09960818290710449
1,564,284773c808f9e3a2d24d4cda,2.522878646850586,2.680878162384033,0.15799951553344727,0.15799951553344727
1,565,17f594f05e9e1c1bc3c48940,0.5058454275131226,0.824481725692749,0.31863629817962646,0.31863629817962646
1,566,b9e2645596e2f3c134bf3c28,2.3949999809265137,1.6314245462417603,-0.7635754346847534,0.7635754346847534
1,567,3f173982c5455077f22e6b3d,3.4814860820770264,3.8783349990844727,0.3968489170074463,0.3968489170074463
1,568,0be5998612f6321128643ba9,0.8600000143051147,0.4422121047973633,-0.41778790950775146,0.41778790950775146
1,569,33e9c2eb1c86d158a702acdc,0.547523558139801,1.8447058200836182,1.297182321548462,1.297182321548462
1,570,5eaeba8b2234387f2e216804,3.096909999847412,2.8103139400482178,-0.28659605979919434,0.28659605979919434
1,571,7fefa18ed3521fe81032d5c0,1.2596373558044434,1.5113164186477661,0.25167906284332275,0.25167906284332275
1,572,b77b85899a820c17bb55e5e8,0.20760831236839294,0.9245977401733398,0.7169893980026245,0.7169893980026245
1,573,bbd713c8ec22a4641b74732c,1.9393022060394287,1.639240026473999,-0.3000621795654297,0.3000621795654297
1,574,3bbbbd8f5c835360df267bb5,3.609999895095825,1.5862330198287964,-2.0237669944763184,2.0237669944763184
1,575,5e82a9175716b79ce5bb25a2,1.4900000095367432,1.6654558181762695,0.17545580863952637,0.17545580863952637
1,576,fce85d79e52167778badaad1,3.7212464809417725,3.948481321334839,0.2272348403930664,0.2272348403930664
1,577,072850714e0c83f45076e17f,0.46000000834465027,0.9343180656433105,0.4743180572986603,0.4743180572986603
1,578,472076c95d96cd518e1fa1af,1.100000023841858,1.1587573289871216,0.05875730514526367,0.05875730514526367
1,579,f2a5d220d924f004bb9dad48,0.7670038938522339,1.0399985313415527,0.27299463748931885,0.27299463748931885
1,580,9fef03a1e24d2b1cb145e517,1.9600000381469727,1.7582762241363525,-0.20172381401062012,0.20172381401062012
1,581,a8bea06174ebdd74ab55e616,0.9900000095367432,0.9985452890396118,0.008545279502868652,0.008545279502868652
1,582,a81809910938a7e38b92734c,0.6100000143051147,0.976495623588562,0.36649560928344727,0.36649560928344727
1,583,bb028fd06186a58b000c9db2,2.797884225845337,2.8261611461639404,0.028276920318603516,0.028276920318603516
1,584,d7f031da173daf48beb253f1,1.5228787660598755,1.9937433004379272,0.47086453437805176,0.47086453437805176
1,585,48d9839b238f700de80a9389,1.4900000095367432,1.950208067893982,0.46020805835723877,0.46020805835723877
1,586,55241b044d8384a933a5f0bd,0.5686362385749817,0.8931472301483154,0.32451099157333374,0.32451099157333374
1,587,dcedcc30006f6fd690b0bf56,-0.004321373999118805,2.0308024883270264,2.035123825073242,2.035123825073242
1,588,baa35b3d0d68a2c291a1b7c1,1.8799999952316284,2.147979259490967,0.2679792642593384,0.2679792642593384
1,589,9ab98a7476878bbeed2a04b8,0.3400000035762787,1.3902758359909058,1.0502758026123047,1.0502758026123047
1,590,ba00f129ad35e2eafb6e7499,1.590000033378601,1.485273003578186,-0.10472702980041504,0.10472702980041504
1,591,296dc0ca37a6891f5e48f182,1.5228787660598755,2.1805028915405273,0.6576241254806519,0.6576241254806519
1,592,b4f6ef8dc5304b0ddc779fdb,1.25,1.4411760568618774,0.19117605686187744,0.19117605686187744
1,593,ed009a952be6506e43168129,3.2899999618530273,3.3082568645477295,0.01825690269470215,0.01825690269470215
1,594,cdef191d4b844e958eed770f,0.6800000071525574,0.9461840391159058,0.2661840319633484,0.2661840319633484
1,595,b88cc3604d84c654bc9ad0ca,-0.14612802863121033,0.2662891149520874,0.41241714358329773,0.41241714358329773
1,596,3a833e2cf24665914b8c7aef,2.494849920272827,1.8375107049942017,-0.6573392152786255,0.6573392152786255
1,597,a8435f6552c819e938da85c7,0.3700000047683716,1.020529866218567,0.6505298614501953,0.6505298614501953
1,598,412ed7e036947bda3dfc2ba8,1.1100000143051147,0.966699481010437,-0.14330053329467773,0.14330053329467773
1,599,17f7bd2a48de40bb976bae6e,2.508638381958008,2.8475372791290283,0.3388988971710205,0.3388988971710205
1,600,93e1e83c51cbe0a37e682808,3.9586071968078613,3.948481321334839,-0.010125875473022461,0.010125875473022461
1,601,7e6f9bf330776837f106a414,3.7695510387420654,3.170112371444702,-0.5994386672973633,0.5994386672973633
1,602,38d08a414a83bb5826bf94a1,0.6299999952316284,0.9380881190299988,0.30808812379837036,0.30808812379837036
1,603,d3fdaef9facd2de76862d9d0,1.9299999475479126,1.8726054430007935,-0.05739450454711914,0.05739450454711914
1,604,8f279d86fc8f55b70a0048c3,2.9800000190734863,2.906797409057617,-0.07320261001586914,0.07320261001586914
1,605,7dcbce3c188c127bac61ef8f,4.443697452545166,4.1155009269714355,-0.32819652557373047,0.32819652557373047
1,606,3c555506b666506433dbf00b,0.08354604989290237,1.10224187374115,1.0186958312988281,1.0186958312988281
1,607,b113e156d0130f7835215a50,0.9253904223442078,1.0945545434951782,0.16916412115097046,0.16916412115097046
1,608,27bea141fe8cdb312c3b1ce8,1.6699999570846558,2.0623295307159424,0.3923295736312866,0.3923295736312866
1,609,99898e86786f222f9a69550e,2.8664610385894775,2.5049500465393066,-0.3615109920501709,0.3615109920501709
1,610,c4270517118dfa5783d15336,0.8399999737739563,1.0064369440078735,0.16643697023391724,0.16643697023391724
1,611,07752d2c3fbd6e5c83b31711,3.1487417221069336,2.915109395980835,-0.23363232612609863,0.23363232612609863
1,612,fb3296ff4c6a44da27cae1d6,1.8996294736862183,2.1972157955169678,0.2975863218307495,0.2975863218307495
1,613,db0a47c1f273f29c268fa29a,3.1600000858306885,2.0963456630706787,-1.0636544227600098,1.0636544227600098
1,614,ecae9a2685303bb7ea003286,2.7695510387420654,2.6833748817443848,-0.08617615699768066,0.08617615699768066
1,615,04e73cb51592323c6336e655,1.1200000047683716,1.8028861284255981,0.6828861236572266,0.6828861236572266
1,616,4777995ddc8fb506eda3f6b2,2.6968040466308594,1.6611745357513428,-1.0356295108795166,1.0356295108795166
1,617,eb74b9575ce985cf77430698,0.5299999713897705,0.848915696144104,0.3189157247543335,0.3189157247543335
1,618,8afa8b876c94fed402acb237,1.2182446718215942,0.9074063897132874,-0.3108382821083069,0.3108382821083069
1,619,e6ae3bf860ff2879132145fa,0.36051350831985474,0.6505905985832214,0.2900770902633667,0.2900770902633667
1,620,f5c270d63d8d5d0766a4c710,6.663540363311768,3.522698163986206,-3.1408421993255615,3.1408421993255615
1,621,3a02af29bcc3356a298e318b,1.3600000143051147,1.09731924533844,-0.2626807689666748,0.2626807689666748
1,622,71adb694312141674e6c5c03,4.929962158203125,4.562334060668945,-0.3676280975341797,0.3676280975341797
1,623,577e1179a9c7c070fbc8e7c6,2.2899999618530273,2.341297149658203,0.05129718780517578,0.05129718780517578
1,624,632e3f6620cc90cd4ab8aa3b,0.36000001430511475,0.753998875617981,0.3939988613128662,0.3939988613128662
1,625,ec67353557acc09df401db89,1.0299999713897705,0.9948750734329224,-0.035124897956848145,0.035124897956848145
1,626,0631da832f61d2484288e05f,1.9700000286102295,2.0617475509643555,0.09174752235412598,0.09174752235412598
1,627,37be900cc437f4f1116c02ea,1.1511871814727783,1.327532172203064,0.17634499073028564,0.17634499073028564
1,628,c07898e089f77f12908dcc64,0.8399999737739563,1.0120936632156372,0.1720936894416809,0.1720936894416809
1,629,9d514f5c1fe1d9e8b5c689c9,1.909999966621399,2.4711639881134033,0.5611640214920044,0.5611640214920044
1,630,16c1eceb6f216c2e44f4e55b,1.8799999952316284,2.048851728439331,0.16885173320770264,0.16885173320770264
1,631,9ddf0eea563d064a4678c851,1.2000000476837158,1.3025482892990112,0.10254824161529541,0.10254824161529541
1,632,a5bb22872bc94a83a97682d4,2.2699999809265137,1.6844491958618164,-0.5855507850646973,0.5855507850646973
1,633,cb7208bbba6d6951bdde9216,1.7400000095367432,1.4706778526306152,-0.26932215690612793,0.26932215690612793
1,634,daa3b7adafcb8ff250ef6fbe,4.602059841156006,3.4561569690704346,-1.1459028720855713,1.1459028720855713
1,635,6c11899405e65264651f7be2,2.4700000286102295,2.259819507598877,-0.21018052101135254,0.21018052101135254
1,636,977f80b390da8e42dae477b6,1.309999942779541,0.7628070712089539,-0.5471928715705872,0.5471928715705872
1,637,4bcd09b0cacc85df178d806a,2.369999885559082,1.579391598701477,-0.790608286857605,0.790608286857605
1,638,a3de476d79c66f6619146d76,3.574031352996826,3.435978412628174,-0.13805294036865234,0.13805294036865234
1,639,8a77828357c34b6e5a0ce805,2.849857807159424,2.963341236114502,0.11348342895507812,0.11348342895507812
1,640,126a909edb14a6527eaa8d44,0.7699999809265137,1.1314033269882202,0.36140334606170654,0.36140334606170654
1,641,01cde98786e547adff520db5,1.8996294736862183,2.2410359382629395,0.3414064645767212,0.3414064645767212
1,642,319d6d44c5de775732c53e15,0.7300000190734863,1.8113958835601807,1.0813958644866943,1.0813958644866943
1,643,9b78fac2487a67198619d6ca,1.6100000143051147,2.2494869232177734,0.6394869089126587,0.6394869089126587
1,644,4f2f039c0d0c4bd58a020d68,5.619788646697998,2.4138691425323486,-3.2059195041656494,3.2059195041656494
1,645,df36747199d46e5fb7779097,1.9299999475479126,1.6975048780441284,-0.23249506950378418,0.23249506950378418
1,646,88f5b9a9a7abddd83ebe6057,4.481485843658447,4.226485252380371,-0.25500059127807617,0.25500059127807617
1,647,d1aed54bba74cf4969eb5b8b,6.192464828491211,2.547546625137329,-3.644918203353882,3.644918203353882
1,648,956ba01189a820530ca5c449,1.8894102573394775,2.2450902462005615,0.355679988861084,0.355679988861084
1,649,109f8487b02c1b37a6fa129a,0.9800000190734863,1.3650985956192017,0.38509857654571533,0.38509857654571533
1,650,7b3022d040c25931ba2e9408,1.690000057220459,1.9989818334579468,0.3089817762374878,0.3089817762374878
1,651,0a84985136fbc33d9991a6bc,3.7695510387420654,4.1544952392578125,0.38494420051574707,0.38494420051574707
1,652,b91d548c15c79df6483215e8,1.3767507076263428,1.522463321685791,0.14571261405944824,0.14571261405944824
1,653,d7dfe095ad692ed733730bf9,2.1045775413513184,1.9408636093139648,-0.16371393203735352,0.16371393203735352
1,654,4d94be91e1b4f010173505b5,2.9268929958343506,3.4176690578460693,0.49077606201171875,0.49077606201171875
1,655,2c75843a2fb89960fcc20447,3.72296404838562,3.480677366256714,-0.24228668212890625,0.24228668212890625
1,656,1ce7d4820cdaecb2af8148d8,4.251811981201172,4.370277404785156,0.11846542358398438,0.11846542358398438
1,657,f60fba680fa2f094bd1e956e,2.109999895095825,2.2569124698638916,0.1469125747680664,0.1469125747680664
1,658,bd745fce14bb9fed067525c7,2.086186170578003,2.181385040283203,0.0951988697052002,0.0951988697052002
1,659,ada7da1b63b80a521bfd2365,3.6642072200775146,3.4372758865356445,-0.22693133354187012,0.22693133354187012
1,660,fd4dbc107442c50718006f50,2.311580181121826,2.3019511699676514,-0.009629011154174805,0.009629011154174805
1,661,28af91f5fbfb44bbd9b018d2,2.7708303928375244,2.5625312328338623,-0.2082991600036621,0.2082991600036621
1,662,21d51b7bcb7ce8f356c243a3,1.3979400396347046,1.4432419538497925,0.04530191421508789,0.04530191421508789
1,663,972a0108cfa0bf50cbbf93cc,0.30000001192092896,0.6485861539840698,0.34858614206314087,0.34858614206314087
1,664,d0390910b43defb8482766ce,4.045757293701172,2.612539529800415,-1.4332177639007568,1.4332177639007568
1,665,05eb6b1e5343ab5bb9b98bd1,4.0900163650512695,3.553180694580078,-0.5368356704711914,0.5368356704711914
1,666,f134039c378b913c42496b6d,1.2599999904632568,1.1374040842056274,-0.1225959062576294,0.1225959062576294
1,667,e7f6dfca0ce0d53f91fa1e03,1.2899999618530273,1.5315905809402466,0.24159061908721924,0.24159061908721924
1,668,f025b7b186fe12ef598cd3fb,2.309999942779541,2.5796778202056885,0.26967787742614746,0.26967787742614746
1,669,e40238ec25351034c4b063e3,3.397939920425415,2.8443639278411865,-0.5535759925842285,0.5535759925842285
1,670,95b7a3e81fb88ec2d1ea70c3,1.2100000381469727,1.1292027235031128,-0.08079731464385986,0.08079731464385986
1,671,a8b333c0afe5d8f369086f37,0.6989700198173523,1.7151802778244019,1.0162103176116943,1.0162103176116943
1,672,2d107ddf3a3e7aca42f6858c,4.2441253662109375,3.8770713806152344,-0.3670539855957031,0.3670539855957031
1,673,73f71a56b9d0e4e163e0a00f,1.6399999856948853,1.508442759513855,-0.13155722618103027,0.13155722618103027
1,674,886050611d57b9e55fc29606,0.8199999928474426,0.8874136209487915,0.06741362810134888,0.06741362810134888
1,675,c1a344127d17560eeea9cfcc,1.4600000381469727,1.3955618143081665,-0.06443822383880615,0.06443822383880615
1,676,665ac2db088aa74f95c1d7da,1.614393711090088,1.5841621160507202,-0.030231595039367676,0.030231595039367676
1,677,db74bfe9e9f1b41e96966f5d,2.761953830718994,2.450066566467285,-0.311887264251709,0.311887264251709
1,678,2e7fb51c657b7d7a9ae3a833,3.92081880569458,2.9566853046417236,-0.9641335010528564,0.9641335010528564
1,679,946fa7bd99b1dd493bdf194d,1.7400000095367432,1.1831527948379517,-0.5568472146987915,0.5568472146987915
1,680,8bdb9e27b21b3ba7d9ff62cb,0.5699999928474426,0.4847487509250641,-0.08525124192237854,0.08525124192237854
1,681,3fbf01f73339aed6869a164e,1.1699999570846558,1.5080007314682007,0.3380007743835449,0.3380007743835449
1,682,962fa74e519d0f5a6fdd5662,1.8538719415664673,1.6887553930282593,-0.165116548538208,0.165116548538208
1,683,d282acb27024c1c440855b6e,2.698970079421997,2.4198386669158936,-0.2791314125061035,0.2791314125061035
1,684,4993ce3a3682c0469f1b3350,0.9200000166893005,0.7404433488845825,-0.17955666780471802,0.17955666780471802
1,685,b472350eab7baae6c58f6179,3.9601893424987793,3.0946595668792725,-0.8655297756195068,0.8655297756195068
1,686,6291a3b345d8fbe3a4c05caa,0.8239087462425232,0.8522107601165771,0.028302013874053955,0.028302013874053955
1,687,b1f8408a7fec0b9450d29e7c,1.3872160911560059,0.8034510612487793,-0.5837650299072266,0.5837650299072266
1,688,f825dcb05aff68f1be2d0ca9,2.7569620609283447,3.135143995285034,0.37818193435668945,0.37818193435668945
1,689,34fd032964dd5ed6413dfd1d,0.36000001430511475,0.6447622179985046,0.2847622036933899,0.2847622036933899
1,690,afcbec96bb891fe61ea2d429,0.6100000143051147,0.26683738827705383,-0.3431626260280609,0.3431626260280609
1,691,a7a34c8ad13a50498551000b,1.5700000524520874,0.7806751728057861,-0.7893248796463013,0.7893248796463013
1,692,f8976915112540bf32d0b9d2,2.009999990463257,1.8410608768463135,-0.16893911361694336,0.16893911361694336
1,693,b234ee7d9d4a521c38c4158a,1.5199999809265137,0.9232222437858582,-0.5967777371406555,0.5967777371406555
1,694,e901193a608f52883d612ea3,1.6299999952316284,1.4753972291946411,-0.1546027660369873,0.1546027660369873
1,695,a5f0cf06cb29bc51e236666d,4.585026741027832,4.295626640319824,-0.2894001007080078,0.2894001007080078
1,696,24a6e1b9ccfbb3bbda192ced,1.0,1.7305872440338135,0.7305872440338135,0.7305872440338135
1,697,1ef15e3448232d0abcc9be4b,2.1611509323120117,2.378267288208008,0.2171163558959961,0.2171163558959961
1,698,0890568fa19a28aa4faa645b,3.182434558868408,3.1039063930511475,-0.07852816581726074,0.07852816581726074
1,699,6b415050025de7ff7857dbfe,4.778151035308838,2.7166085243225098,-2.061542510986328,2.061542510986328
1,700,db53f0722e5edbb2ccac9f26,3.838632106781006,3.865272045135498,0.026639938354492188,0.026639938354492188
1,701,61a7f382ee84a7316fad067f,1.4900000095367432,1.6941421031951904,0.20414209365844727,0.20414209365844727
1,702,dc01f91a04c309e698cf8122,1.5499999523162842,1.0578604936599731,-0.49213945865631104,0.49213945865631104
1,703,938a390af04da2b8e843a89e,4.498940944671631,5.171205997467041,0.6722650527954102,0.6722650527954102
1,704,55aaf1afc4637d3c4f418139,1.3799680471420288,1.7487998008728027,0.3688317537307739,0.3688317537307739
1,705,e7365b7dd8b80c95035d73e6,0.6777806878089905,0.8395275473594666,0.16174685955047607,0.16174685955047607
1,706,19db25588ce639576a1611ce,1.1366771459579468,1.4583854675292969,0.3217083215713501,0.3217083215713501
1,707,4465f83a79ec5cb672b60764,1.899999976158142,2.1462574005126953,0.24625742435455322,0.24625742435455322
1,708,7917cdcdccf8a4e077be1af6,1.649999976158142,0.8569521307945251,-0.7930478453636169,0.7930478453636169
1,709,023267926a58569838a34eac,2.1770923137664795,2.131920099258423,-0.04517221450805664,0.04517221450805664
1,710,dde16c85633a610aa9551dfd,1.7300000190734863,1.8561395406723022,0.12613952159881592,0.12613952159881592
1,711,958f6693496fd48978a6091a,2.4100000858306885,1.515488624572754,-0.8945114612579346,0.8945114612579346
1,712,5dcd1399cb4691f399add09b,4.221848964691162,1.6587910652160645,-2.5630578994750977,2.5630578994750977
1,713,8b98ffef8e1bf4c96ccf1c25,1.0499999523162842,1.058808445930481,0.008808493614196777,0.008808493614196777
1,714,9927f61afde4978cc61d2397,2.7300000190734863,2.106677532196045,-0.6233224868774414,0.6233224868774414
1,715,e21e60f3dc6af666693fc263,4.638272285461426,3.9949095249176025,-0.6433627605438232,0.6433627605438232
1,716,cf912e81f4e6a241ee80043b,2.5575201511383057,2.295164108276367,-0.2623560428619385,0.2623560428619385
1,717,017a0be66913543a4b227ccf,3.7100000381469727,3.6788809299468994,-0.031119108200073242,0.031119108200073242
1,718,93d0dad0e536474806bf36d2,1.690000057220459,1.4530948400497437,-0.23690521717071533,0.23690521717071533
1,719,82088581756a0ea078f655b8,0.5899999737739563,0.6935223937034607,0.1035224199295044,0.1035224199295044
1,720,3c94219713efeefcaf0fbf7e,1.7100000381469727,0.7654756307601929,-0.9445244073867798,0.9445244073867798
1,721,9051f00e94d3a3c9847cde19,2.2300000190734863,0.3756501376628876,-1.8543498516082764,1.8543498516082764
1,722,22d627636c3b4aeb4899a5f6,0.25649023056030273,0.82529616355896,0.5688059329986572,0.5688059329986572
1,723,caf0559f9089c3e17ea23b84,4.199999809265137,2.905951738357544,-1.2940480709075928,1.2940480709075928
1,724,1273a03259bea4efdf364d6e,1.86433744430542,2.3173372745513916,0.4529998302459717,0.4529998302459717
1,725,47509d5c11f12dd53a1e79c7,3.176091194152832,3.148993730545044,-0.027097463607788086,0.027097463607788086
1,726,4c806cfca45e007fbb7969f0,0.6499999761581421,0.7835493683815002,0.13354939222335815,0.13354939222335815
1,727,575a2e8adfa25c6b88a019f4,2.1999707221984863,2.2067248821258545,0.006754159927368164,0.006754159927368164
1,728,f495754a428f43b331e887e5,2.180000066757202,1.799700140953064,-0.3802999258041382,0.3802999258041382
1,729,313a6dfc775ad8d5688f9ed6,3.698970079421997,4.012307643890381,0.3133375644683838,0.3133375644683838
1,730,aee18833fa12a8adcffa6140,0.8100000023841858,0.9370640516281128,0.127064049243927,0.127064049243927
1,731,16fe9b0f04534a99e52fc43d,0.3400000035762787,0.9683440923690796,0.6283440589904785,0.6283440589904785
1,732,2e1cb6884ac457e7ecca21f1,2.3499999046325684,2.299767017364502,-0.050232887268066406,0.050232887268066406
1,733,c8e318513f8f41c056684ff0,3.795880079269409,3.7745614051818848,-0.021318674087524414,0.021318674087524414
1,734,67479c169e359af05ea30e9d,1.3362990617752075,1.2412809133529663,-0.09501814842224121,0.09501814842224121
1,735,4d8dff3d754d70c1398bb5c6,3.130000114440918,3.143111228942871,0.013111114501953125,0.013111114501953125
1,736,af0127b2bbcdef7f75657114,1.7200000286102295,1.4142783880233765,-0.305721640586853,0.305721640586853
1,737,e20d00dd13f73a8ecb3fcd96,0.9800000190734863,1.0220330953598022,0.04203307628631592,0.04203307628631592
1,738,a5e36c28478ad379d97256da,1.7200000286102295,1.4964860677719116,-0.22351396083831787,0.22351396083831787
1,739,1d873b600643719f78e4f920,0.5199999809265137,1.1209231615066528,0.6009231805801392,0.6009231805801392
1,740,0e318c180f8b757440640262,0.1580151915550232,0.4700033962726593,0.3119882047176361,0.3119882047176361
1,741,62819e18bf642c461bb66af4,1.0564419031143188,1.1074713468551636,0.05102944374084473,0.05102944374084473
1,742,9ab2b28609270113b4a1994a,1.3565473556518555,1.0662299394607544,-0.2903174161911011,0.2903174161911011
1,743,748d51c1b147a8e1842b2f64,3.219970941543579,2.8218863010406494,-0.3980846405029297,0.3980846405029297
1,744,d13fa7dca9442c4456a7d226,1.0700000524520874,1.142325758934021,0.0723257064819336,0.0723257064819336
1,745,2ece18a9971e202ea5b6c506,0.07572071254253387,0.3086179196834564,0.23289720714092255,0.23289720714092255
1,746,532a7550d31f1563c7722ad7,3.886056661605835,3.833867311477661,-0.05218935012817383,0.05218935012817383
1,747,fa1afabaf0fbbde139a19b51,1.899999976158142,1.9581393003463745,0.05813932418823242,0.05813932418823242
1,748,d738b4f75073dbe3c00eb6fa,2.0,2.26933217048645,0.2693321704864502,0.2693321704864502
1,749,93638a410f965605b96ddc5b,0.6299999952316284,0.6170071959495544,-0.012992799282073975,0.012992799282073975
1,750,43969c8151b001f7dbae82dd,0.7400000095367432,0.8739897012710571,0.13398969173431396,0.13398969173431396
1,751,d4620aba2810dc3053400cb2,4.150000095367432,2.7638378143310547,-1.386162281036377,1.386162281036377
1,752,6a76be8ba09b0b7e24609b86,0.715569257736206,1.485625982284546,0.7700567245483398,0.7700567245483398
1,753,54ba4b320a781331c05f3738,1.8386319875717163,1.696623682975769,-0.14200830459594727,0.14200830459594727
1,754,fd468bd7ccb7e62f3c09c60e,1.090000033378601,1.2448426485061646,0.15484261512756348,0.15484261512756348
1,755,b132f15e209e001ef521c38d,0.7699999809265137,1.462286114692688,0.6922861337661743,0.6922861337661743
1,756,b8a9cbd7f2b52503b85345bc,2.049999952316284,1.0782994031906128,-0.9717005491256714,0.9717005491256714
1,757,a6df8bc27afeffb9eb1af39d,3.6439740657806396,1.7033430337905884,-1.9406310319900513,1.9406310319900513
1,758,726a7e993c1372744158ddcd,1.4500000476837158,0.9606425762176514,-0.48935747146606445,0.48935747146606445
1,759,c930a48282d059591e2d1a32,2.869666337966919,2.0423777103424072,-0.8272886276245117,0.8272886276245117
1,760,c820549dee0b6a95ced86ae9,3.7695510387420654,3.669706344604492,-0.09984469413757324,0.09984469413757324
1,761,9379e7ac4e8c3c053f3cfdba,3.6635403633117676,2.507632255554199,-1.1559081077575684,1.1559081077575684
1,762,caa3b3a39b801524075aef40,3.4814860820770264,1.7697714567184448,-1.7117146253585815,1.7117146253585815
1,763,57da14fa50dc9ca8fe2faa8d,0.9599999785423279,0.7383931875228882,-0.2216067910194397,0.2216067910194397
1,764,6c04547b5ffd5cc29e78c77b,2.0399999618530273,2.1871657371520996,0.14716577529907227,0.14716577529907227
1,765,2d6a3b5377a10206f810f5e5,1.9586073160171509,1.742707371711731,-0.21589994430541992,0.21589994430541992
1,766,b15181bd392f4b31c45480b5,2.4164233207702637,1.4259787797927856,-0.990444540977478,0.990444540977478
1,767,a6e3e9e465d0f57e1cce38cb,0.6816583871841431,1.0206806659698486,0.33902227878570557,0.33902227878570557
1,768,fe0291e2915c9c89c8834cd0,2.886056661605835,1.2427889108657837,-1.6432677507400513,1.6432677507400513
1,769,535bc8260c342945ca173e45,3.737548828125,3.280444383621216,-0.4571044445037842,0.4571044445037842
1,770,5aa9570ad4237f93f94687f0,2.119999885559082,2.198608636856079,0.07860875129699707,0.07860875129699707
1,771,48480b1e5aae4f87c02ca8c7,0.7958800196647644,1.6329342126846313,0.8370541930198669,0.8370541930198669
1,772,ca8290463d2c93147bbc8908,0.9300000071525574,1.4687989950180054,0.538798987865448,0.538798987865448
1,773,12c585a6a43e373c8a1345b6,2.7300000190734863,0.9329056739807129,-1.7970943450927734,1.7970943450927734
1,774,0e1d0c1cb218347fb513b6c8,4.179995536804199,3.7254419326782227,-0.45455360412597656,0.45455360412597656
1,775,3cad97367cb17abc89a5673a,2.559999942779541,2.9151523113250732,0.3551523685455322,0.3551523685455322
1,776,58470a4c9b59cfd8b7865e11,1.267606258392334,2.5241100788116455,1.2565038204193115,1.2565038204193115
1,777,8611fbc58e1f81a64fbe97fd,2.1804561614990234,2.2979495525360107,0.1174933910369873,0.1174933910369873
1,778,f4a4dd58004673f03a011b65,1.3700000047683716,1.736695408821106,0.3666954040527344,0.3666954040527344
1,779,362a58d198c77c57b277e444,0.11999999731779099,1.9061061143875122,1.7861061096191406,1.7861061096191406
1,780,fa3f4012657e0cc4e3ab164f,1.7599999904632568,1.2767778635025024,-0.4832221269607544,0.4832221269607544
1,781,494a6150002472eca0b3da97,2.32790207862854,2.172278642654419,-0.1556234359741211,0.1556234359741211
1,782,f602634493a3837b7d025eab,1.4800000190734863,1.6105455160140991,0.1305454969406128,0.1305454969406128
1,783,8b086bf0f5c320909edab3d6,0.9399999976158142,0.9148043394088745,-0.025195658206939697,0.025195658206939697
1,784,d385a55ee724a1ccb6643572,2.431798219680786,2.9342851638793945,0.5024869441986084,0.5024869441986084
1,785,851edd7ff2ef88f3f7f6d026,0.949999988079071,1.0930708646774292,0.14307087659835815,0.14307087659835815
1,786,0881654ae463b3d9e562f1c3,3.619788646697998,2.4024455547332764,-1.2173430919647217,1.2173430919647217
1,787,e8b6a59495d4360f9c8cf10d,1.0800000429153442,2.0376195907592773,0.9576195478439331,0.9576195478439331
1,788,325352807888c4bf95c30901,2.109999895095825,2.0366804599761963,-0.0733194351196289,0.0733194351196289
1,789,a62614ea74d81abf8a7a2ec9,0.5376020073890686,0.6116626858711243,0.07406067848205566,0.07406067848205566
1,790,8f712f4bbb2897008cc39944,2.569999933242798,2.0155441761016846,-0.5544557571411133,0.5544557571411133
1,791,0e36ab842ba9264cb615d7ad,1.1299999952316284,1.3576245307922363,0.2276245355606079,0.2276245355606079
1,792,ef7141d09069cc19fcbe7944,1.5099999904632568,1.3607780933380127,-0.14922189712524414,0.14922189712524414
1,793,ad8652d249ef57c42166e517,3.698970079421997,3.7880218029022217,0.08905172348022461,0.08905172348022461
1,794,861af4daab7555d043a4dbd7,1.1100000143051147,0.7311659455299377,-0.378834068775177,0.378834068775177
1,795,4b88496b79013949049ded15,3.454692840576172,3.4001102447509766,-0.05458259582519531,0.05458259582519531
1,796,16865b1e3caf32d04042bd16,1.7200000286102295,1.614703893661499,-0.10529613494873047,0.10529613494873047
1,797,d1d5d8883fe445a56d88d8fb,3.0409586429595947,3.015190839767456,-0.025767803192138672,0.025767803192138672
1,798,d85398aab3112eff061eee06,3.548213481903076,3.0229909420013428,-0.5252225399017334,0.5252225399017334
1,799,e855b241186214cdcb785414,2.325016736984253,1.8092535734176636,-0.5157631635665894,0.5157631635665894
1,800,f263aa7894e0f86c380d8859,1.3979400396347046,1.5320236682891846,0.13408362865447998,0.13408362865447998
1,801,9c698835321f21d04ca92196,0.9586073160171509,0.9549788236618042,-0.0036284923553466797,0.0036284923553466797
1,802,181080702729b29fb43b2857,1.909999966621399,1.5317459106445312,-0.3782540559768677,0.3782540559768677
1,803,25be90d928fe8accc0cac17e,0.11999999731779099,0.8120813369750977,0.6920813322067261,0.6920813322067261
1,804,3d00aed9d36b175a59a2fd37,1.100000023841858,0.601058840751648,-0.49894118309020996,0.49894118309020996
1,805,3f0054c52d0e99e95e1ea0a5,1.0800000429153442,1.6770538091659546,0.5970537662506104,0.5970537662506104
1,806,4f341cd6eac435f2dea5b8b8,4.585026741027832,4.2391204833984375,-0.34590625762939453,0.34590625762939453
1,807,a8fd9301e87dd702d7c67dad,1.659999966621399,2.224609136581421,0.564609169960022,0.564609169960022
1,808,ddc50e02ce5aebaa882b8203,-0.8129133582115173,2.172018527984619,2.9849319458007812,2.9849319458007812
1,809,db6357744d41bb76f786be78,4.036211967468262,3.8109796047210693,-0.22523236274719238,0.22523236274719238
1,810,7e0b5f7793468d55cb94ae51,3.4685211181640625,3.3439457416534424,-0.12457537651062012,0.12457537651062012
1,811,28e1ec08691ce4b46ab25835,0.7099999785423279,1.310972809791565,0.6009728312492371,0.6009728312492371
1,812,a8597377f76d05ddbe0f3dad,2.7695510387420654,3.0685572624206543,0.29900622367858887,0.29900622367858887
1,813,d7b9c0cbac6976c828eee23d,2.6382720470428467,2.1777231693267822,-0.46054887771606445,0.46054887771606445
1,814,1fd180bac65eeadaf8b9b244,0.7699999809265137,0.9251085519790649,0.15510857105255127,0.15510857105255127
1,815,8de8b11a7db6ebc637053713,4.275723934173584,3.88982892036438,-0.3858950138092041,0.3858950138092041
1,816,57580e184e7d8b83abb00815,2.049999952316284,2.114942789077759,0.06494283676147461,0.06494283676147461
1,817,78cff929e4df072921cb30fb,1.9900000095367432,2.5912935733795166,0.6012935638427734,0.6012935638427734
1,818,b4491fefebcf7f2d94dcbfb5,3.430000066757202,3.743706703186035,0.313706636428833,0.313706636428833
1,819,3d2a32baf92f93516052f1c3,1.0700000524520874,0.9307975172996521,-0.1392025351524353,0.1392025351524353
1,820,c55eee5f8761053ebc2f3f30,1.590000033378601,1.4567463397979736,-0.13325369358062744,0.13325369358062744
1,821,6b723ab1d75d39d0413804ff,2.0299999713897705,2.0760297775268555,0.04602980613708496,0.04602980613708496
1,822,54388d74d36325fe55cc25d8,4.268411159515381,4.282768249511719,0.01435708999633789,0.01435708999633789
1,823,f804249b898eb8ae3cb63013,2.5301780700683594,2.2915518283843994,-0.23862624168395996,0.23862624168395996
1,824,6b324fb50120a3c78dabbf40,0.7599999904632568,1.074789047241211,0.3147890567779541,0.3147890567779541
1,825,5c2f04b98f54ee5b52e49d11,0.8239087462425232,0.13500480353832245,-0.6889039278030396,0.6889039278030396
1,826,79cb0b7f4120c8ca20903010,1.9700000286102295,2.1407487392425537,0.17074871063232422,0.17074871063232422
1,827,62c6b636b5360d87630d0db5,2.2596373558044434,2.122073173522949,-0.13756418228149414,0.13756418228149414
1,828,e5a2c8ec09f68d238c709dc0,3.32790207862854,3.0049378871917725,-0.3229641914367676,0.3229641914367676
1,829,ee0c5a10563a6844d79965c2,1.4800000190734863,1.5358048677444458,0.05580484867095947,0.05580484867095947
1,830,a414ae405ab4648ef256ae60,1.7400000095367432,1.7535027265548706,0.013502717018127441,0.013502717018127441
1,831,ec1fb43082ec3af9462db3de,1.2699999809265137,0.9434776306152344,-0.3265223503112793,0.3265223503112793
1,832,c125710180cc8038b12ca8e7,1.5406075716018677,1.7654837369918823,0.22487616539001465,0.22487616539001465
1,833,ccf9f983aa4d3968d661b92d,3.3665316104888916,3.349226951599121,-0.017304658889770508,0.017304658889770508
1,834,b9871e0b3d9762a3cb7250d6,2.0799999237060547,2.049417018890381,-0.030582904815673828,0.030582904815673828
1,835,83eba4c3b835b1517f530c2b,1.840000033378601,1.6316412687301636,-0.2083587646484375,0.2083587646484375
1,836,2f1a6b2396999d98c5014a87,1.1299999952316284,1.5107094049453735,0.3807094097137451,0.3807094097137451
1,837,1bade9525e09b05041235c2b,0.41999998688697815,0.12985306978225708,-0.29014691710472107,0.29014691710472107
1,838,db42fff1ccfce4a4d6b685b3,1.6575772762298584,5.206267356872559,3.5486900806427,3.5486900806427
1,839,10a4de462fa50ec6b0702a98,0.4000000059604645,1.4564443826675415,1.0564444065093994,1.0564444065093994
1,840,c80355284c89fc26ea379592,1.0,1.221242904663086,0.22124290466308594,0.22124290466308594
1,841,bf32b410471b5c24146a2444,1.309999942779541,1.5703798532485962,0.2603799104690552,0.2603799104690552
1,842,a6f06ad747f1e1ed5a12e6a1,0.9625735282897949,1.1765657663345337,0.21399223804473877,0.21399223804473877
1,843,d90902783dc5fc7a1ef9b252,-5.676693439483643,-3.418473482131958,2.2582199573516846,2.2582199573516846
1,844,c8050f3b801347f64f375325,0.5099999904632568,0.31286075711250305,-0.19713923335075378,0.19713923335075378
1,845,0701f5500c3dc6535c37d432,2.1700000762939453,1.3266221284866333,-0.843377947807312,0.843377947807312
1,846,ffd1599e41e890c9402630f5,0.4099999964237213,1.2419244050979614,0.8319244384765625,0.8319244384765625
1,847,d240de6031f11c7de2700a58,2.7695510387420654,2.5595955848693848,-0.20995545387268066,0.20995545387268066
1,848,4d5903a1402c91cffc14764c,2.4600000381469727,2.087169647216797,-0.3728303909301758,0.3728303909301758
1,849,6a0bdc1dcebe641d32d704a1,2.919316053390503,2.7879531383514404,-0.1313629150390625,0.1313629150390625
1,850,5fb257bce5c82f43dff84349,2.2699999809265137,2.4293582439422607,0.15935826301574707,0.15935826301574707
1,851,49813be4681ebab1cfcb4c67,2.431798219680786,2.6577951908111572,0.2259969711303711,0.2259969711303711
1,852,63115832e455926d835d2a3d,1.3010300397872925,1.3834267854690552,0.0823967456817627,0.0823967456817627
1,853,8657ad6ff2ab79f15feff526,2.0799999237060547,2.195587635040283,0.11558771133422852,0.11558771133422852
1,854,9a42878f3f1baf12a5b915e2,-0.14612802863121033,0.2662891149520874,0.41241714358329773,0.41241714358329773
1,855,4a9a6e375bd8fb4b2cba23d6,3.477121353149414,2.718431234359741,-0.7586901187896729,0.7586901187896729
1,856,6019412aa8e6d6aa688bcb51,0.3799999952316284,1.19105863571167,0.8110586404800415,0.8110586404800415
1,857,487dbaa7ff1b761f761eb2ef,2.124938726425171,2.223845958709717,0.0989072322845459,0.0989072322845459
1,858,ac1dca505a8f1fdac3443b5f,3.6439740657806396,1.4290827512741089,-2.2148914337158203,2.2148914337158203
1,859,0c46f6a911b7b9b5b6f92e11,1.0499999523162842,1.2012414932250977,0.15124154090881348,0.15124154090881348
1,860,62fa831e6acad3ea837a7565,1.5199999809265137,1.284824013710022,-0.2351759672164917,0.2351759672164917
1,861,2709713418f34692bcd8dc3a,1.0299999713897705,0.8296658992767334,-0.2003340721130371,0.2003340721130371
1,862,7c1afd083a8b6e775d575ab3,1.5399999618530273,0.4467354118824005,-1.0932645797729492,1.0932645797729492
1,863,b31844fde1d6dbf848e690de,1.6575772762298584,3.6320273876190186,1.9744501113891602,1.9744501113891602
1,864,f526542c1d8c1a53f312cc01,1.3600000143051147,2.095924139022827,0.7359241247177124,0.7359241247177124
1,865,70eb530a7b2fb7b71558463a,2.6700000762939453,1.2841228246688843,-1.385877251625061,1.385877251625061
1,866,345679ea916f2362217e5a3a,3.4762535095214844,3.55550217628479,0.07924866676330566,0.07924866676330566
1,867,ce73a63d9d0e40fc9c29dbc9,3.737548828125,2.8776326179504395,-0.8599162101745605,0.8599162101745605
1,868,4df8895d6495d1ec5a22c78d,2.4700000286102295,1.5255520343780518,-0.9444479942321777,0.9444479942321777
1,869,5b418c729f75651410f97ed4,1.9199999570846558,1.2774821519851685,-0.6425178050994873,0.6425178050994873
1,870,a51597b3721040f4c9b74486,1.6299999952316284,1.554613709449768,-0.07538628578186035,0.07538628578186035
1,871,86cb8938110d70b7efbb514d,1.5917600393295288,1.6943140029907227,0.10255396366119385,0.10255396366119385
1,872,914d01e7c54e23e7af11746f,2.559999942779541,1.8209437131881714,-0.7390562295913696,0.7390562295913696
1,873,e8741343d94b0edc9dfbae00,1.5199999809265137,1.7811381816864014,0.2611382007598877,0.2611382007598877
1,874,276ed34ac7461e3cb0fb6e12,1.440000057220459,1.7065351009368896,0.26653504371643066,0.26653504371643066
1,875,8ae0aa17edf3baeea156f6df,4.3098039627075195,4.480068683624268,0.17026472091674805,0.17026472091674805
1,876,7b3f501276e964ab2c65f73d,2.859999895095825,2.7274625301361084,-0.1325373649597168,0.1325373649597168
1,877,5153899195b2e87682e61c4f,1.090000033378601,1.1670056581497192,0.07700562477111816,0.07700562477111816
1,878,adfbe7462d202754bda9d298,1.409999966621399,1.1852810382843018,-0.22471892833709717,0.22471892833709717
1,879,92fb12d6fc813a47085e5673,2.2300000190734863,1.4679313898086548,-0.7620686292648315,0.7620686292648315
1,880,f1253b5953ff769893df31d6,1.4199999570846558,1.8572351932525635,0.4372352361679077,0.4372352361679077
1,881,6cec431031e2627bcd231697,1.0199999809265137,0.6660736799240112,-0.35392630100250244,0.35392630100250244
1,882,f5612bf9d421ba6e3cdea43e,2.23419189453125,2.1986305713653564,-0.035561323165893555,0.035561323165893555
1,883,2873002cd1fb47b1c1321a26,0.3665315508842468,1.0249279737472534,0.6583964228630066,0.6583964228630066
1,884,4b1eea30be914c13a412292a,1.190000057220459,1.4218369722366333,0.23183691501617432,0.23183691501617432
1,885,5684d407eeab66378c2bb46c,1.059999942779541,1.347079873085022,0.28707993030548096,0.28707993030548096
1,886,d8bdd907415fdce65a60a546,0.46000000834465027,0.8042397499084473,0.344239741563797,0.344239741563797
1,887,88e95263ea343bcf1897cda7,1.0499999523162842,0.6052124500274658,-0.44478750228881836,0.44478750228881836
1,888,777d28b396e01fa457db65b0,1.7000000476837158,1.6282727718353271,-0.07172727584838867,0.07172727584838867
1,889,8d43a90c8911f03a5474fbba,1.8600000143051147,1.796930193901062,-0.06306982040405273,0.06306982040405273
1,890,6c2f5e9460e6b3b65b311cd2,0.10999999940395355,0.5406017303466797,0.43060171604156494,0.43060171604156494
1,891,2a58a2c89e77893f6ad50540,1.3429441452026367,1.2780029773712158,-0.0649411678314209,0.0649411678314209
1,892,0b999f4fa924cb7ae6bb4672,1.340000033378601,1.2071980237960815,-0.13280200958251953,0.13280200958251953
1,893,d07618628a81aae40fac4f30,3.7235381603240967,3.671964168548584,-0.051573991775512695,0.051573991775512695
1,894,1956c1f8f0b6186a5cf5c37b,0.7699999809265137,1.2736660242080688,0.5036660432815552,0.5036660432815552
1,895,a66c3a9ad860437ac732748c,1.809999942779541,1.574441909790039,-0.23555803298950195,0.23555803298950195
1,896,5851fdb11eeeb21a80d08a8c,1.75,1.5345624685287476,-0.21543753147125244,0.21543753147125244
1,897,e0d65d050a3467839e88f7fc,0.7400000095367432,0.6307673454284668,-0.10923266410827637,0.10923266410827637
1,898,3c8447c150ee46c183415ead,3.7695510387420654,4.091796398162842,0.32224535942077637,0.32224535942077637
1,899,7d8870b7468fda11821b26ae,3.609999895095825,2.5626046657562256,-1.0473952293395996,1.0473952293395996
1,900,c1411413621ec89ca2b79b36,2.840132236480713,2.1429953575134277,-0.6971368789672852,0.6971368789672852
1,901,16558c7dd3adb855af786d76,2.596879482269287,2.3682405948638916,-0.2286388874053955,0.2286388874053955
1,902,992342dfe58179cecdc58115,1.5099999904632568,1.349637746810913,-0.16036224365234375,0.16036224365234375
1,903,3ba9f25d6e6a09e38caebacd,2.050610065460205,2.139235258102417,0.08862519264221191,0.08862519264221191
1,904,99cbda7e727774878a0e6840,1.25,0.2864702641963959,-0.9635297060012817,0.9635297060012817
1,905,8fed400a2c17d24fb43aa80f,0.5850266814231873,1.0018993616104126,0.41687268018722534,0.41687268018722534
1,906,e3648fe231e83252b5bbdf6a,0.7520267367362976,0.940863847732544,0.18883711099624634,0.18883711099624634
1,907,2f6f7f5356567f224d96c11f,3.0199999809265137,2.684964179992676,-0.3350358009338379,0.3350358009338379
1,908,d1b9f8f8271de50af72fba46,4.677780628204346,2.0750458240509033,-2.6027348041534424,2.6027348041534424
1,909,04f21bcbe2b4aafb127f8a0b,0.9700000286102295,0.9643343687057495,-0.0056656599044799805,0.0056656599044799805
1,910,0f223bb465cfa22b5acc344c,0.7695510983467102,0.9974846839904785,0.2279335856437683,0.2279335856437683
1,911,47d85a03ee07debdd263e9f1,0.324221670627594,0.6460611820220947,0.32183951139450073,0.32183951139450073
1,912,8c1b72e43bd4470868fe15c5,1.9299999475479126,1.4075146913528442,-0.5224852561950684,0.5224852561950684
1,913,aa8982e63d0aeb4efa72dc88,0.949999988079071,1.0735256671905518,0.12352567911148071,0.12352567911148071
1,914,0d41715b9f705ce15fd35379,2.25,2.1455814838409424,-0.10441851615905762,0.10441851615905762
1,915,630c32167e430568683705de,4.638272285461426,4.379349708557129,-0.2589225769042969,0.2589225769042969
1,916,2acbbb72f657c2cc77d25955,0.1899999976158142,0.7789192795753479,0.5889192819595337,0.5889192819595337
1,917,9ce1b47a0f7835811c48a4fe,3.101823568344116,2.9102602005004883,-0.19156336784362793,0.19156336784362793
1,918,d6538f2a9f9432befe464c1c,2.0879552364349365,2.3688182830810547,0.28086304664611816,0.28086304664611816
1,919,e55464e0495ceb7764f1bee9,2.8691842555999756,2.468485116958618,-0.4006991386413574,0.4006991386413574
1,920,6b216b61b047686de97c2cfa,3.397939920425415,2.8161189556121826,-0.5818209648132324,0.5818209648132324
1,921,71521197eaf71fa22a9dabf2,2.187086582183838,2.3651771545410156,0.17809057235717773,0.17809057235717773
1,922,fe785586d77cd1edd073ed1a,1.7599999904632568,1.2807856798171997,-0.47921431064605713,0.47921431064605713
1,923,dbd42315fd6092712dd96fae,1.5399999618530273,1.6470489501953125,0.10704898834228516,0.10704898834228516
1,924,6618c1cf1065b04bc15e162d,3.0299999713897705,2.3901591300964355,-0.639840841293335,0.639840841293335
1,925,0077536e56024ccb0591a648,0.9200000166893005,1.9531961679458618,1.033196210861206,1.033196210861206
1,926,d97b1820b207ad8d6d458c0d,2.2340831756591797,2.587958574295044,0.35387539863586426,0.35387539863586426
1,927,00f51ed959204370245c8c00,1.9900000095367432,1.6894408464431763,-0.3005591630935669,0.3005591630935669
1,928,509c77de7762fe757a558aeb,0.4699999988079071,2.3597605228424072,1.8897604942321777,1.8897604942321777
1,929,57f93db9e9e862851f18e1f9,3.2899999618530273,2.491436243057251,-0.7985637187957764,0.7985637187957764
1,930,50a58f60a32332be2252ea7a,1.6111416816711426,1.1012213230133057,-0.5099203586578369,0.5099203586578369
1,931,331d0f74ca0d40d3509abb11,2.7798919677734375,3.4433255195617676,0.6634335517883301,0.6634335517883301
1,932,308f3d5c9bfb058428d35a85,3.853872060775757,4.08721399307251,0.23334193229675293,0.23334193229675293
1,933,cda04e98f1fb7e5c7c223fd9,1.6699999570846558,1.637918472290039,-0.0320814847946167,0.0320814847946167
1,934,3387bd4c6737d599dcadc14f,2.200000047683716,1.943010687828064,-0.25698935985565186,0.25698935985565186
1,935,2eec2aa28d6c40d9e0d63d61,1.059999942779541,0.8069568276405334,-0.25304311513900757,0.25304311513900757
1,936,6abf59daf1fd52038ba055b0,2.522878646850586,2.3535730838775635,-0.16930556297302246,0.16930556297302246
1,937,77a92251c04ad0644a017065,2.3499999046325684,2.2534074783325195,-0.09659242630004883,0.09659242630004883
1,938,6911407a66e15d1ab70ce183,1.3300000429153442,1.0691405534744263,-0.26085948944091797,0.26085948944091797
1,939,5db9788a1e4be224f725ce07,0.8600000143051147,1.0144039392471313,0.1544039249420166,0.1544039249420166
1,940,8c2d983729e899c6248ee11b,0.8538719415664673,1.443729043006897,0.5898571014404297,0.5898571014404297
1,941,869e075d2efbb2fd179e89f4,1.568636178970337,1.5071278810501099,-0.06150829792022705,0.06150829792022705
1,942,746b5b2743af8bdd02eba9b9,0.6399999856948853,0.9452250003814697,0.3052250146865845,0.3052250146865845
1,943,b04e0efeb792cb8075d6d752,3.209996461868286,2.219198703765869,-0.990797758102417,0.990797758102417
1,944,04f4ee3ebfb4cb0ee1f49637,4.318758964538574,4.515935897827148,0.19717693328857422,0.19717693328857422
1,945,3cac2917630fdf023bd92484,3.7695510387420654,3.736088514328003,-0.0334625244140625,0.0334625244140625
1,946,716086ba9d5954eb070ed07d,0.8500000238418579,0.35065606236457825,-0.49934396147727966,0.49934396147727966
1,947,b4ac85cf22cec270f037c466,1.0700000524520874,1.5001064538955688,0.43010640144348145,0.43010640144348145
1,948,a03085659f246dfc01780e45,2.92081880569458,3.9929254055023193,1.0721065998077393,1.0721065998077393
1,949,bb615d5225210263e56d7187,3.585026741027832,3.812729835510254,0.22770309448242188,0.22770309448242188
1,950,a0f23fb0a7f3096b748e1eea,1.9200233221054077,1.8459283113479614,-0.07409501075744629,0.07409501075744629
1,951,f00d1d6efc8dbe1ae730835e,2.7735400199890137,2.819816827774048,0.04627680778503418,0.04627680778503418
1,952,4d329a38189825b3071ada0d,2.299999952316284,1.2643989324569702,-1.035601019859314,1.035601019859314
1,953,64ca3e506c5108f1c807f6d3,2.6441867351531982,2.7994003295898438,0.1552135944366455,0.1552135944366455
1,954,d6790c9f87e39b9b41c3114e,0.9700000286102295,0.8886510133743286,-0.08134901523590088,0.08134901523590088
1,955,54ee29030c0aa204eb8bb04f,1.6382721662521362,1.6898263692855835,0.051554203033447266,0.051554203033447266
1,956,845e6eed695ac9fd2b9d4b94,2.8210229873657227,2.804903745651245,-0.01611924171447754,0.01611924171447754
1,957,46215861d66bbc6ef69a61fc,0.800000011920929,0.5434760451316833,-0.2565239667892456,0.2565239667892456
1,958,71a31eec80b94414f770c940,0.9599999785423279,1.2229729890823364,0.26297301054000854,0.26297301054000854
1,959,680e625c82d760a90ab19038,1.7200000286102295,1.753515362739563,0.033515334129333496,0.033515334129333496
1,960,5a8ea911af2e61486ae48a93,4.430041313171387,4.153199195861816,-0.2768421173095703,0.2768421173095703
1,961,1d1691ab0b11ef51650a869c,2.113509178161621,2.1047513484954834,-0.008757829666137695,0.008757829666137695
1,962,1496a78f9aa5bd3f0cb7a50c,3.853872060775757,3.7534306049346924,-0.10044145584106445,0.10044145584106445
1,963,2153e86c13d9027b6f551c73,2.515700101852417,2.567533493041992,0.051833391189575195,0.051833391189575195
1,964,3236de4a45622710596c7471,0.8500000238418579,0.5604022741317749,-0.289597749710083,0.289597749710083
1,965,81d22625e323f124a0ee7732,3.966576337814331,4.295519828796387,0.32894349098205566,0.32894349098205566
1,966,b2f392296052076a1e366833,0.11999999731779099,1.3122085332870483,1.1922085285186768,1.1922085285186768
1,967,8f544f8939fa1f952b469711,2.060480833053589,1.798636794090271,-0.26184403896331787,0.26184403896331787
1,968,34b3ddf05ba3a3aa754d3991,2.970616340637207,2.78722882270813,-0.18338751792907715,0.18338751792907715
1,969,b96aeb68da42109b0a30cf1a,2.096909999847412,2.095357656478882,-0.0015523433685302734,0.0015523433685302734
1,970,cc4ba32db8257baabad2192c,1.4715476036071777,1.6573494672775269,0.18580186367034912,0.18580186367034912
1,971,7d4fe20817809365bdbb69f1,2.240000009536743,2.0600221157073975,-0.1799778938293457,0.1799778938293457
1,972,bfb38afad05fc8eae468fef5,2.740000009536743,2.799872636795044,0.05987262725830078,0.05987262725830078
1,973,79684dbb08e48d1117deec99,3.6575772762298584,3.9484803676605225,0.29090309143066406,0.29090309143066406
1,974,26bfe3559e01e470bd2f1428,3.2728748321533203,3.4270875453948975,0.15421271324157715,0.15421271324157715
1,975,089a40064ff2cf39f717ea8f,0.3799999952316284,0.8153446912765503,0.4353446960449219,0.4353446960449219
1,976,a26de42dbff8e5cdadc75022,4.337242126464844,4.043441295623779,-0.29380083084106445,0.29380083084106445
1,977,048ff91af34f4114224c2624,4.236571788787842,3.81196665763855,-0.424605131149292,0.424605131149292
1,978,528b5aeb07a66fa2ead5d62a,0.47999998927116394,0.506115198135376,0.026115208864212036,0.026115208864212036
1,979,37880df5bf80c5297eb97166,3.956244945526123,3.1198890209198,-0.8363559246063232,0.8363559246063232
1,980,eb545bf94730cb28d95478db,1.2076083421707153,1.0662299394607544,-0.14137840270996094,0.14137840270996094
1,981,caf619b6b10acc5e8a2afb4d,1.0307401418685913,0.8690239191055298,-0.16171622276306152,0.16171622276306152
1,982,2e9453d205aaf5a8ac56607c,2.630000114440918,2.0979464054107666,-0.5320537090301514,0.5320537090301514
1,983,0db7719888f1b9ef0a8e4e2c,1.399999976158142,1.4478785991668701,0.04787862300872803,0.04787862300872803
1,984,7af3ac574deec4dec7bd8cb4,1.350000023841858,1.1015642881393433,-0.24843573570251465,0.24843573570251465
1,985,ece6c4e06c744961bda7d131,2.9800000190734863,2.239837884902954,-0.7401621341705322,0.7401621341705322
1,986,328f653cf56993ba2b4908e3,0.75,0.8588722944259644,0.10887229442596436,0.10887229442596436
1,987,5239cdd0b00d91078fc92005,2.7569620609283447,3.2392375469207764,0.48227548599243164,0.48227548599243164
1,988,d94c8c48d560e2250911d51f,1.1366771459579468,1.4583854675292969,0.3217083215713501,0.3217083215713501
1,989,89c06d2da6b5f21b80fa174e,2.8326826095581055,2.6802449226379395,-0.15243768692016602,0.15243768692016602
1,990,a420790c7bdaca6c773370e9,0.699999988079071,0.6162935495376587,-0.08370643854141235,0.08370643854141235
1,991,78f6514e109a1af93833460e,1.6020599603652954,1.4643189907073975,-0.13774096965789795,0.13774096965789795
1,992,3b1e336bca1a5f8eef23c5c7,1.0700000524520874,0.910010039806366,-0.15999001264572144,0.15999001264572144
1,993,084e35325ff4db54e24dc9ec,3.9586071968078613,3.935595750808716,-0.023011445999145508,0.023011445999145508
1,994,5b5a73846cdf68c7fd28d08f,2.1600000858306885,2.020256519317627,-0.13974356651306152,0.13974356651306152
1,995,9d8e7661006a74ab69bdbcb4,4.9430952072143555,2.3758738040924072,-2.5672214031219482,2.5672214031219482
1,996,dbb18fb174e87b9194c1f8fd,2.794119358062744,1.244710087776184,-1.54940927028656,1.54940927028656
1,997,038b2b784122ef68dedbabc5,0.6200000047683716,1.0321887731552124,0.4121887683868408,0.4121887683868408
1,998,8af33fc33fbb3b999dc011a4,1.7799999713897705,1.419301152229309,-0.3606988191604614,0.3606988191604614
1,999,5723808473198bbb2357911a,2.009999990463257,1.7701855897903442,-0.2398144006729126,0.2398144006729126
1,1000,f512852dc020435dbda6d7f9,2.9102911949157715,2.884666681289673,-0.025624513626098633,0.025624513626098633
1,1001,fa5d7f7d021c6218de409610,1.1549019813537598,1.0774433612823486,-0.07745862007141113,0.07745862007141113
1,1002,75dbe6a9c51c606b83dffa82,2.140000104904175,1.259381890296936,-0.8806182146072388,0.8806182146072388
1,1003,3687944b56109621603d59b5,0.9399999976158142,2.160400152206421,1.220400094985962,1.220400094985962
1,1004,38e7210d49ac277b257c5d5b,2.4000000953674316,0.9472123384475708,-1.4527877569198608,1.4527877569198608
1,1005,35dfb81603dabd58eaf07d81,0.9200000166893005,1.3564351797103882,0.43643516302108765,0.43643516302108765
1,1006,47ca6cacd35ae4e4378a0deb,0.4099999964237213,0.8163000345230103,0.40630003809928894,0.40630003809928894
1,1007,32dde5915203a7f2aa665fe5,3.5199999809265137,2.2740578651428223,-1.2459421157836914,1.2459421157836914
1,1008,a466faa10452a0ed97725f93,1.8200000524520874,1.5141230821609497,-0.3058769702911377,0.3058769702911377
1,1009,eb2202855bd4e05500e1e794,2.049999952316284,2.2367424964904785,0.18674254417419434,0.18674254417419434
1,1010,3adf08d13c6053f7fcec136a,2.950000047683716,1.9872187376022339,-0.9627813100814819,0.9627813100814819
1,1011,5f767a9296e2283c6f7acb0d,3.7081518173217773,3.6773102283477783,-0.030841588973999023,0.030841588973999023
1,1012,fba1003aa834c7c23e436be2,2.8761484622955322,3.1839797496795654,0.3078312873840332,0.3078312873840332
1,1013,c145489744a0fa8470b3843a,0.9112115502357483,1.3320599794387817,0.42084842920303345,0.42084842920303345
1,1014,d9ac5e0a7490bbd8ec155864,1.100000023841858,1.0725884437561035,-0.027411580085754395,0.027411580085754395
1,1015,42117c96ffcbcdcd9e67ce1d,1.7400000095367432,1.8349581956863403,0.09495818614959717,0.09495818614959717
1,1016,9033069118ebfe890452a0d7,1.5199999809265137,1.3351670503616333,-0.18483293056488037,0.18483293056488037
1,1017,0c5c5d153c4bee1667facfe2,1.4299999475479126,1.3984959125518799,-0.031504034996032715,0.031504034996032715
1,1018,1975c6dba18bfa380301f17c,0.2800000011920929,0.39131811261177063,0.11131811141967773,0.11131811141967773
1,1019,324533aa7dad5ff2b8ae8a18,0.4300000071525574,0.9671162366867065,0.5371162295341492,0.5371162295341492
1,1020,d60edca848e2f858053f0201,1.0099999904632568,0.9625593423843384,-0.04744064807891846,0.04744064807891846
1,1021,6452ec97efea8ac67089573b,4.0,4.024518013000488,0.02451801300048828,0.02451801300048828
1,1022,a9b254faa1cd46f0dd13b11f,3.211831569671631,3.0246999263763428,-0.18713164329528809,0.18713164329528809
1,1023,157926f017c94e572b1f1fd1,3.477555751800537,3.73158860206604,0.25403285026550293,0.25403285026550293
1,1024,898d9d1b721c5ab3f25c0781,1.2300000190734863,1.6513830423355103,0.4213830232620239,0.4213830232620239
1,1025,83ba265008af5c6fdb18c27e,1.3600000143051147,1.8738173246383667,0.513817310333252,0.513817310333252
1,1026,749a524e267274c161956670,1.059999942779541,0.9262454509735107,-0.13375449180603027,0.13375449180603027
1,1027,df4c56df0b34f0b2b5b1c8df,1.6299999952316284,1.5463981628417969,-0.08360183238983154,0.08360183238983154
1,1028,2283820fba8f406fbf09516f,0.8500000238418579,1.173946738243103,0.3239467144012451,0.3239467144012451
1,1029,15d09d7fa7bd2acd34027caf,1.809999942779541,1.2101987600326538,-0.5998011827468872,0.5998011827468872
1,1030,471521686f12ed80af80c286,4.17587423324585,3.586503744125366,-0.5893704891204834,0.5893704891204834
1,1031,9977fadb5f64a3f7e844894f,1.5199999809265137,1.401207685470581,-0.11879229545593262,0.11879229545593262
1,1032,30cdc64041bbc15a81f160d9,1.8600000143051147,1.7093158960342407,-0.15068411827087402,0.15068411827087402
1,1033,6a6c19093d9a3bb87085265d,2.130000114440918,0.43234553933143616,-1.6976546049118042,1.6976546049118042
1,1034,017793f3c0e6887b22f7e897,1.7924360036849976,1.2122782468795776,-0.5801577568054199,0.5801577568054199
1,1035,ff77f54316ad54ea5425a30c,1.0299999713897705,0.9084951877593994,-0.1215047836303711,0.1215047836303711
1,1036,c816c25114aee04a6bb3e545,1.600000023841858,1.4690662622451782,-0.1309337615966797,0.1309337615966797
1,1037,14ab1ce63de5c99978029f09,-0.892094612121582,-1.7070566415786743,-0.8149620294570923,0.8149620294570923
1,1038,a9b127c7020ce7366c4715b3,3.853872060775757,3.9146318435668945,0.060759782791137695,0.060759782791137695
1,1039,31965dcf48226a2fd1f8e55b,2.009999990463257,1.7822185754776,-0.22778141498565674,0.22778141498565674
1,1040,b90369150b59bbb3468217f8,1.6439741849899292,1.8763444423675537,0.2323702573776245,0.2323702573776245
1,1041,67eed5bf16f8b9e916c020bc,2.059999942779541,2.117173194885254,0.05717325210571289,0.05717325210571289
1,1042,ae8a80b2d0137cb4ab500a90,1.440000057220459,1.5990946292877197,0.15909457206726074,0.15909457206726074
1,1043,edc88134df8ab4c6ee9015de,0.3565473258495331,0.29441389441490173,-0.06213343143463135,0.06213343143463135
1,1044,b69b3670bf92fce74e2e82be,1.7200000286102295,1.5250784158706665,-0.194921612739563,0.194921612739563
1,1045,dd406b40dd6d5681cd82269e,1.6439741849899292,1.8534324169158936,0.20945823192596436,0.20945823192596436
1,1046,23cc20f58536e60dd021ea34,0.6399999856948853,1.1058235168457031,0.46582353115081787,0.46582353115081787
1,1047,60e163a5ab972841bf3eb03a,3.180000066757202,2.6088573932647705,-0.5711426734924316,0.5711426734924316
1,1048,7387ba618e7d45a697be2d89,1.9299999475479126,1.9253321886062622,-0.004667758941650391,0.004667758941650391
1,1049,a81c2b88c2e9abc2cc4e85c2,0.7599999904632568,0.923311710357666,0.16331171989440918,0.16331171989440918
1,1050,bceee207b5e1789a9a491d5d,1.497572898864746,1.5980929136276245,0.10052001476287842,0.10052001476287842
1,1051,5a6e1690ce206351ec5dfc17,2.130000114440918,1.7176282405853271,-0.4123718738555908,0.4123718738555908
1,1052,0ef919ccacc5195127b8bafe,0.90068519115448,0.5395804643630981,-0.36110472679138184,0.36110472679138184
1,1053,a4cad0b733ed2d0e749c9a24,3.2006595134735107,3.0660760402679443,-0.1345834732055664,0.1345834732055664
1,1054,385db5840b644b6f41ae3a9c,3.4202163219451904,3.3707163333892822,-0.0494999885559082,0.0494999885559082
1,1055,cea06419041962f337fdf4f6,0.9300000071525574,1.0676493644714355,0.13764935731887817,0.13764935731887817
1,1056,268c4236722c28627c40fc41,3.1804561614990234,3.816411256790161,0.6359550952911377,0.6359550952911377
1,1057,e45579e0c1718883d844ee58,1.2300000190734863,0.8080350160598755,-0.42196500301361084,0.42196500301361084
1,1058,f991ddb6e52398d902a522ef,1.159999966621399,0.8955080509185791,-0.2644919157028198,0.2644919157028198
1,1059,c80911e1f50376eef5929541,2.0199999809265137,1.6114133596420288,-0.40858662128448486,0.40858662128448486
1,1060,0dc33769001a6448086a6a08,4.187086582183838,3.713310956954956,-0.47377562522888184,0.47377562522888184
1,1061,462c8cc1e0ae310352483327,2.359999895095825,1.8808852434158325,-0.4791146516799927,0.4791146516799927
1,1062,58c3add8819b80375f836c82,0.8700000047683716,0.7131366729736328,-0.15686333179473877,0.15686333179473877
1,1063,acce80bd21b3cfe01083a148,1.340000033378601,1.1016334295272827,-0.23836660385131836,0.23836660385131836
1,1064,1e99bc8fc008f1f60f7edf16,2.200000047683716,1.6899234056472778,-0.510076642036438,0.510076642036438
1,1065,9ae94ea7ee12954fb55f4941,1.190000057220459,1.0728081464767456,-0.11719191074371338,0.11719191074371338
1,1066,7c9f23475afbffabb05bf298,1.399999976158142,1.4247897863388062,0.024789810180664062,0.024789810180664062
1,1067,fc0e4aab40a5b5eab4f458fd,0.8500000238418579,0.7301551103591919,-0.11984491348266602,0.11984491348266602
1,1068,9792fbd46a7e930a3048b0a4,1.7359414100646973,3.210782289505005,1.4748408794403076,1.4748408794403076
1,1069,90bb074bc99a9f8c59b4dbb8,0.8500000238418579,1.1480743885040283,0.2980743646621704,0.2980743646621704
1,1070,cdc81e14bb37bae765df3e93,0.7699999809265137,1.0797032117843628,0.3097032308578491,0.3097032308578491
1,1071,9eeb593d744b5c81f43c6d97,3.73002028465271,4.206989765167236,0.47696948051452637,0.47696948051452637
1,1072,badf0c61d7a056d25f79eb38,3.630000114440918,3.666241407394409,0.03624129295349121,0.03624129295349121
1,1073,bd4c86eeef4828d1d50812ed,1.2699999809265137,1.54979407787323,0.2797940969467163,0.2797940969467163
1,1074,446dfd5be5667c1165ee0fde,2.0,1.3953421115875244,-0.6046578884124756,0.6046578884124756
1,1075,29fdcbd2e1a69b3f3ba675c3,0.25,0.6192984580993652,0.36929845809936523,0.36929845809936523
1,1076,20e8a5e3e903ac8a2ab3d628,0.3700000047683716,1.5222073793411255,1.152207374572754,1.152207374572754
1,1077,b9a2447caccd8a17bfbd0af2,0.0969100147485733,1.4926408529281616,1.3957308530807495,1.3957308530807495
1,1078,03682001f2dc4976372ee915,1.0,1.6592543125152588,0.6592543125152588,0.6592543125152588
1,1079,6cbd006e85e6bd68e7155a92,2.6968040466308594,2.6745657920837402,-0.02223825454711914,0.02223825454711914
1,1080,895283ae34e9fc8637d03cde,1.1399999856948853,1.2947179079055786,0.15471792221069336,0.15471792221069336
1,1081,d6fefb04fc5c130fdb66580f,2.259999990463257,2.1869850158691406,-0.07301497459411621,0.07301497459411621
1,1082,c2dc71046fa3c1d815ea463f,4.823908805847168,3.9396073818206787,-0.8843014240264893,0.8843014240264893
1,1083,bbe8f2a73c59fdd715067bab,1.4299999475479126,1.6547833681106567,0.22478342056274414,0.22478342056274414
1,1084,59ea13851e290762fefbb23e,4.602059841156006,4.397677898406982,-0.20438194274902344,0.20438194274902344
1,1085,01b41fd455a8e211070cf482,3.05387544631958,3.274930715560913,0.221055269241333,0.221055269241333
1,1086,5b09a44df00b394103aace49,2.880000114440918,2.786334276199341,-0.09366583824157715,0.09366583824157715
1,1087,f6f8c1ee94f37fe7e95eff83,3.268411159515381,3.1692941188812256,-0.09911704063415527,0.09911704063415527
1,1088,107035eb2f4fce93a26e08ef,0.4282911717891693,0.7134464383125305,0.2851552665233612,0.2851552665233612
1,1089,56a71c1842337d9a400387ca,2.552841901779175,2.585965394973755,0.03312349319458008,0.03312349319458008
2,0,6737cba7192b553f09248c68,0.800000011920929,1.013748288154602,0.2137482762336731,0.2137482762336731
2,1,8d20217d86a41b601ca851dd,0.5686362385749817,0.43831107020378113,-0.13032516837120056,0.13032516837120056
2,2,5b4ac0f050c8023da74be597,3.0222764015197754,3.210906982421875,0.1886305809020996,0.1886305809020996
2,3,2bad21bca08707cb2ed449a7,0.41999998688697815,0.5851090550422668,0.1651090681552887,0.1651090681552887
2,4,ae5cf96ee971ddb10b5a0e20,2.700000047683716,2.396801233291626,-0.30319881439208984,0.30319881439208984
2,5,13a87160b15817faf811d1bc,4.200659275054932,4.104279518127441,-0.09637975692749023,0.09637975692749023
2,6,e935bd017461826c594a5624,1.9244530200958252,1.3486896753311157,-0.5757633447647095,0.5757633447647095
2,7,5bf31ca07141aec6ea256003,2.5199930667877197,2.0567667484283447,-0.463226318359375,0.463226318359375
2,8,43969c8151b001f7dbae82dd,0.7400000095367432,0.9372646808624268,0.1972646713256836,0.1972646713256836
2,9,a3f7390688e202d156cef000,1.25,1.9353777170181274,0.6853777170181274,0.6853777170181274
2,10,4713801da0e3895ead7e420c,1.9600000381469727,1.5853753089904785,-0.37462472915649414,0.37462472915649414
2,11,fd3cb5e907e449c305a1b3ac,1.2999999523162842,1.2164992094039917,-0.08350074291229248,0.08350074291229248
2,12,181080702729b29fb43b2857,1.909999966621399,1.3830231428146362,-0.5269768238067627,0.5269768238067627
2,13,b60eba252b766c8591913400,2.3299999237060547,1.3432642221450806,-0.9867357015609741,0.9867357015609741
2,14,026fe51137edc1090bdc22c2,0.4718487560749054,0.4259425401687622,-0.04590621590614319,0.04590621590614319
2,15,92465ed15ef75542d2948491,3.1854302883148193,2.733288526535034,-0.45214176177978516,0.45214176177978516
2,16,387d7cd801ceff53e785caf3,0.9900000095367432,0.692557692527771,-0.29744231700897217,0.29744231700897217
2,17,89ebf7463e5391055d7212cd,0.699999988079071,0.6064984798431396,-0.0935015082359314,0.0935015082359314
2,18,c280e5ae814a8d86f93aab91,0.9200000166893005,1.8671680688858032,0.9471680521965027,0.9471680521965027
2,19,69a75137f9fbdb198c9838c5,1.2599999904632568,0.8983601927757263,-0.3616397976875305,0.3616397976875305
2,20,055310e261dbe2cad46dd00b,0.7200000286102295,1.2202190160751343,0.5002189874649048,0.5002189874649048
2,21,baaeefc643122e7b979defee,1.568636178970337,1.5093333721160889,-0.05930280685424805,0.05930280685424805
2,22,4f0d6a8f48e8a3b364ff1078,1.5850266218185425,1.5213701725006104,-0.06365644931793213,0.06365644931793213
2,23,5a49431a5e4eebc07e394757,4.229147911071777,3.958635091781616,-0.27051281929016113,0.27051281929016113
2,24,d52010fd894690accb5dad9b,1.440000057220459,2.253310441970825,0.8133103847503662,0.8133103847503662
2,25,5faa5491c7eee170b1d8690b,2.1700000762939453,1.9696704149246216,-0.20032966136932373,0.20032966136932373
2,26,26b8e62c2efda2f9bc289150,0.8799999952316284,1.7089887857437134,0.828988790512085,0.828988790512085
2,27,c52daf1d0c926b98f17cece8,1.340000033378601,2.630208969116211,1.2902089357376099,1.2902089357376099
2,28,a7bb9de0dbd91e909a084700,2.059999942779541,0.8513799905776978,-1.2086199522018433,1.2086199522018433
2,29,29e8c26e8c2a77a9ae5589bf,3.494849920272827,4.240102767944336,0.7452528476715088,0.7452528476715088
2,30,c182e3d68e4e0922ff9e65b1,2.931364059448242,2.9543049335479736,0.022940874099731445,0.022940874099731445
2,31,a150edf01cb249f2aadb97b8,3.0835893154144287,3.1102263927459717,0.02663707733154297,0.02663707733154297
2,32,99cbda7e727774878a0e6840,1.25,1.2047456502914429,-0.04525434970855713,0.04525434970855713
2,33,7dcbce3c188c127bac61ef8f,4.443697452545166,3.8375346660614014,-0.6061627864837646,0.6061627864837646
2,34,38e62ee47a04ae38be267c43,2.25,2.5462496280670166,0.2962496280670166,0.2962496280670166
2,35,362aa61f4f2f01b8e4761a59,1.6252516508102417,1.9311610460281372,0.3059093952178955,0.3059093952178955
2,36,e986f16eef9d1fd12c669511,1.850000023841858,2.1236000061035156,0.2735999822616577,0.2735999822616577
2,37,7e7d7c05d181fc0af2e0ef25,3.8436527252197266,3.8916711807250977,0.048018455505371094,0.048018455505371094
2,38,cc2a8ff9e5d7316248d66b50,1.659999966621399,1.485083818435669,-0.17491614818572998,0.17491614818572998
2,39,f6887aef39e1ea3c77e0ff2e,0.588759183883667,1.254212737083435,0.6654535531997681,0.6654535531997681
2,40,a90a7439d2deb24bbc886a42,3.8299999237060547,3.50445818901062,-0.32554173469543457,0.32554173469543457
2,41,f9793ee6661f0726d0baea6a,1.6020599603652954,1.2959176301956177,-0.30614233016967773,0.30614233016967773
2,42,c52473584126a21b107a6741,1.840000033378601,0.7729249000549316,-1.0670751333236694,1.0670751333236694
2,43,10d176a698c96e07e4a909b6,1.0652996301651,2.8065199851989746,1.7412203550338745,1.7412203550338745
2,44,9af28847f2487426b55c8047,0.5199999809265137,1.52420175075531,1.0042017698287964,1.0042017698287964
2,45,749902e2c59ea7da0884c5aa,4.15490198135376,3.9398186206817627,-0.21508336067199707,0.21508336067199707
2,46,15bcfbb84d4c656a925f41c9,1.9199999570846558,1.5696319341659546,-0.35036802291870117,0.35036802291870117
2,47,ce73a63d9d0e40fc9c29dbc9,3.737548828125,2.869286298751831,-0.868262529373169,0.868262529373169
2,48,652b90c53625213d75ab9fef,1.059999942779541,1.1856781244277954,0.1256781816482544,0.1256781816482544
2,49,2ff0339666a33bb134855b52,3.63997483253479,3.105766773223877,-0.5342080593109131,0.5342080593109131
2,50,7f386f0ff3e98141ce979863,2.0,1.9056119918823242,-0.09438800811767578,0.09438800811767578
2,51,2eacb72aacbedec8c0fa200e,0.949999988079071,1.4761064052581787,0.5261064171791077,0.5261064171791077
2,52,f419dd63a4f526af54f4e988,0.8100000023841858,1.1548110246658325,0.34481102228164673,0.34481102228164673
2,53,1c947a5229e43e0c0b3bda98,0.25999999046325684,1.0946146249771118,0.834614634513855,0.834614634513855
2,54,8c787dad03c49bf8116d0a34,0.9599999785423279,1.4983620643615723,0.5383620858192444,0.5383620858192444
2,55,ef8744144072557c0680820d,0.9599999785423279,1.2236589193344116,0.26365894079208374,0.26365894079208374
2,56,7a44bb919dc73cd1aee1f92c,1.3700000047683716,1.6292264461517334,0.2592264413833618,0.2592264413833618
2,57,93caa5ebc3734454d016ec63,2.369999885559082,1.616981863975525,-0.7530180215835571,0.7530180215835571
2,58,d1daec8726a3fbe80d3cb099,1.8761483430862427,0.30309808254241943,-1.5730502605438232,1.5730502605438232
2,59,0904ee61e0c06eb08af6a9a7,0.886056661605835,0.90294349193573,0.01688683032989502,0.01688683032989502
2,60,9fa01457179f696850ebbd8b,3.7695510387420654,3.612593650817871,-0.15695738792419434,0.15695738792419434
2,61,8d487a3b14500ddb00863176,1.6699999570846558,1.2327874898910522,-0.4372124671936035,0.4372124671936035
2,62,a6e1dcfaf5ac549db325b2dc,4.176091194152832,3.810086727142334,-0.36600446701049805,0.36600446701049805
2,63,5863bac4ff791ec778ce03b3,1.6200000047683716,1.5256468057632446,-0.09435319900512695,0.09435319900512695
2,64,4f1981b89380909954a7c8ce,1.8759524822235107,2.995462417602539,1.1195099353790283,1.1195099353790283
2,65,c4270517118dfa5783d15336,0.8399999737739563,0.8420436978340149,0.0020437240600585938,0.0020437240600585938
2,66,b8042fe2da267956c745b1dd,3.9871628284454346,3.922759532928467,-0.06440329551696777,0.06440329551696777
2,67,5a0a13216b28d3e1538ae466,3.0048036575317383,3.2125818729400635,0.2077782154083252,0.2077782154083252
2,68,2a5a0e540ce02b4fb80e2411,1.2300000190734863,1.705467939376831,0.4754679203033447,0.4754679203033447
2,69,7e5c24b273da903007f93a21,4.823908805847168,4.792585372924805,-0.03132343292236328,0.03132343292236328
2,70,a51eb9d35ebf42a374618d70,5.209996700286865,4.526195526123047,-0.6838011741638184,0.6838011741638184
2,71,4261fee771a0dc2edc316456,0.949999988079071,1.9089998006820679,0.9589998126029968,0.9589998126029968
2,72,e0d65d050a3467839e88f7fc,0.7400000095367432,0.7173870801925659,-0.022612929344177246,0.022612929344177246
2,73,bf79dd6dc1a1cbd57c8930e1,3.7100000381469727,3.6260311603546143,-0.0839688777923584,0.0839688777923584
2,74,213ef2752dc3e9ec63af9655,0.481486052274704,2.060351848602295,1.5788657665252686,1.5788657665252686
2,75,3a9cd595e655e9d930fd6480,3.428291082382202,3.2688586711883545,-0.15943241119384766,0.15943241119384766
2,76,0c46f6a911b7b9b5b6f92e11,1.0499999523162842,1.2584837675094604,0.20848381519317627,0.20848381519317627
2,77,ef71ed84914e78a8ff49c954,3.9586071968078613,3.3827145099639893,-0.5758926868438721,0.5758926868438721
2,78,0b44dcdd2e54a7cd2b2fb9a6,2.140021562576294,2.263946294784546,0.12392473220825195,0.12392473220825195
2,79,9f5de87fff5f133ef1c4bf24,1.940000057220459,1.39605712890625,-0.543942928314209,0.543942928314209
2,80,db6357744d41bb76f786be78,4.036211967468262,3.6198291778564453,-0.4163827896118164,0.4163827896118164
2,81,19f2d9d014b6e91800b58810,0.49000000953674316,1.1580396890640259,0.6680396795272827,0.6680396795272827
2,82,06029ec03f470566d5cb2bd6,1.9299999475479126,1.1675554513931274,-0.7624444961547852,0.7624444961547852
2,83,706e8d524b607c877af33c2e,3.508638381958008,3.2844836711883545,-0.22415471076965332,0.22415471076965332
2,84,684d0b61af06d1dbd5bc2b6f,2.3413209915161133,2.6780974864959717,0.3367764949798584,0.3367764949798584
2,85,6f3dddbada1c279fd8f5d9eb,0.3700000047683716,0.4864567518234253,0.11645674705505371,0.11645674705505371
2,86,72cb26c1291a63eb5ee81a10,0.5,0.7072834372520447,0.20728343725204468,0.20728343725204468
2,87,b03c4851b31cf666d5ce072b,0.3400000035762787,0.9462411403656006,0.6062411069869995,0.6062411069869995
2,88,5d46d55781c9d5e71fcc8044,1.840000033378601,2.0043249130249023,0.16432487964630127,0.16432487964630127
2,89,9598bf6d11407f653bf14534,4.619788646697998,4.26737117767334,-0.3524174690246582,0.3524174690246582
2,90,a3c854439362550844578bf4,3.2596373558044434,3.179593801498413,-0.08004355430603027,0.08004355430603027
2,91,3aba4abc464a38301fd4dbc9,0.6399999856948853,1.277053952217102,0.6370539665222168,0.6370539665222168
2,92,021107770400f525a31e6563,0.5299999713897705,0.7167795896530151,0.18677961826324463,0.18677961826324463
2,93,a52c304b2cc8b537a80019d6,3.7647507190704346,2.768254041671753,-0.9964966773986816,0.9964966773986816
2,94,291f9badbd2aff428e5a4ec8,2.7166988849639893,2.720060110092163,0.003361225128173828,0.003361225128173828
2,95,05a3e52e9cac7f213a5b5ce4,2.0999999046325684,1.5397480726242065,-0.5602518320083618,0.5602518320083618
2,96,7e8ba37205813c713b9f5a26,0.3979400098323822,0.7708561420440674,0.3729161322116852,0.3729161322116852
2,97,73db47f95b848281c1b3f089,2.4000000953674316,1.872369408607483,-0.5276306867599487,0.5276306867599487
2,98,be35b824134e1a1f3990bb1f,1.0700000524520874,0.8902603983879089,-0.17973965406417847,0.17973965406417847
2,99,6fe8c61532ffa0281edfda93,3.4202163219451904,3.444685220718384,0.02446889877319336,0.02446889877319336
2,100,08c34d6d02550518c26e5487,0.9625735282897949,1.7829747200012207,0.8204011917114258,0.8204011917114258
2,101,6a94eb7a6002319c8718efd7,2.450016498565674,2.5193121433258057,0.06929564476013184,0.06929564476013184
2,102,c6e956059c283aa392b61bc7,1.5099999904632568,1.367205023765564,-0.14279496669769287,0.14279496669769287
2,103,386e7e55b927329c1f212a31,0.3799999952316284,1.3681479692459106,0.9881479740142822,0.9881479740142822
2,104,fd351091a9bf3a3aabc41976,0.46000000834465027,1.1305357217788696,0.670535683631897,0.670535683631897
2,105,d90902783dc5fc7a1ef9b252,-5.676693439483643,-0.9434531331062317,4.733240127563477,4.733240127563477
2,106,be8e64c551e10274e2eedd2c,1.5099999904632568,1.2247120141983032,-0.2852879762649536,0.2852879762649536
2,107,7679d13549fc58c4864a4751,2.009999990463257,1.5100148916244507,-0.49998509883880615,0.49998509883880615
2,108,a2ff0520bba3883ccfec2cfa,4.744727611541748,3.613616943359375,-1.131110668182373,1.131110668182373
2,109,505774e1071fc004b1e20a39,0.9300000071525574,0.9723221063613892,0.04232209920883179,0.04232209920883179
2,110,33c6d757bb795142257ba6fc,4.026872158050537,3.9266438484191895,-0.10022830963134766,0.10022830963134766
2,111,da20208b6d4b728419346819,1.409999966621399,1.343042016029358,-0.06695795059204102,0.06695795059204102
2,112,e1e9288ab43c56b53acc6952,0.8239087462425232,0.8312304019927979,0.007321655750274658,0.007321655750274658
2,113,04277f29c6d76eaf755f5f0e,1.2400000095367432,1.2271453142166138,-0.012854695320129395,0.012854695320129395
2,114,0a3ecdd4fb993f91414af0d1,1.8601208925247192,1.8314493894577026,-0.0286715030670166,0.0286715030670166
2,115,6e3d09b5319a4e458860fc07,1.583418846130371,1.970976710319519,0.38755786418914795,0.38755786418914795
2,116,e859804497570b6bcfa185b6,0.25999999046325684,0.7597330808639526,0.4997330904006958,0.4997330904006958
2,117,d60edca848e2f858053f0201,1.0099999904632568,1.1746890544891357,0.1646890640258789,0.1646890640258789
2,118,6c25ec2eecb04387b4b56324,1.6799999475479126,1.496203064918518,-0.18379688262939453,0.18379688262939453
2,119,57e8f425b5a62a9fe22aa2fa,3.795880079269409,3.9211981296539307,0.12531805038452148,0.12531805038452148
2,120,e877697aeab731bd02687101,3.7367584705352783,3.1718976497650146,-0.5648608207702637,0.5648608207702637
2,121,c8f6951a858314d2e9717c5e,1.3200000524520874,1.2833807468414307,-0.03661930561065674,0.03661930561065674
2,122,2ccd4facf9e293425495bdca,1.3700000047683716,1.1003749370574951,-0.26962506771087646,0.26962506771087646
2,123,9b9bdef8bed1f51db51beab9,2.9800000190734863,2.6264474391937256,-0.35355257987976074,0.35355257987976074
2,124,98837c1163f7d8ceecf0120f,0.7200000286102295,1.8350647687911987,1.1150647401809692,1.1150647401809692
2,125,64f08edc3ffbaa0eef8a8f5a,0.8700000047683716,0.49916505813598633,-0.37083494663238525,0.37083494663238525
2,126,72bed0852aa19bbc9f8a7e39,2.380000114440918,1.3061450719833374,-1.0738550424575806,1.0738550424575806
2,127,53b403e54c844a6533345f35,1.5399999618530273,1.396743893623352,-0.1432560682296753,0.1432560682296753
2,128,d67fbb07a8ec398402a94e85,0.9900000095367432,1.483863353729248,0.4938633441925049,0.4938633441925049
2,129,2c10c617e03217fb42e8be33,2.51855731010437,2.5878899097442627,0.06933259963989258,0.06933259963989258
2,130,194b5330d144c2a2653dbd46,0.324221670627594,1.1344629526138306,0.8102412819862366,0.8102412819862366
2,131,65ccc75887304ab1da43351e,0.6352614164352417,1.9760268926620483,1.3407654762268066,1.3407654762268066
2,132,bf32b410471b5c24146a2444,1.309999942779541,1.5154186487197876,0.20541870594024658,0.20541870594024658
2,133,d97b1820b207ad8d6d458c0d,2.2340831756591797,2.6207449436187744,0.3866617679595947,0.3866617679595947
2,134,f8de8ebd3ee4f21b5ae2512a,1.5099999904632568,0.7851226329803467,-0.7248773574829102,0.7248773574829102
2,135,7d640a5ff4102455eb9b5370,2.540356159210205,2.905186176300049,0.36483001708984375,0.36483001708984375
2,136,28b4baa201f8f98ea17b7008,3.7695510387420654,3.116997480392456,-0.6525535583496094,0.6525535583496094
2,137,9d9509e671f42549bc6dde06,4.568636417388916,4.426552772521973,-0.14208364486694336,0.14208364486694336
2,138,94dac7aec7b1d7465a5a9013,1.7699999809265137,1.9435051679611206,0.17350518703460693,0.17350518703460693
2,139,0d7f3c2d4e6946dbf4763113,3.8004276752471924,3.2166059017181396,-0.5838217735290527,0.5838217735290527
2,140,e20d00dd13f73a8ecb3fcd96,0.9800000190734863,0.8815223574638367,-0.09847766160964966,0.09847766160964966
2,141,1866b408e9920de00bf763f0,4.534616947174072,4.229134559631348,-0.3054823875427246,0.3054823875427246
2,142,ce5f80301c906c591f7cd998,1.25,1.408718466758728,0.15871846675872803,0.15871846675872803
2,143,fbc9dd4337d33f2a3ee40935,2.369999885559082,3.6670796871185303,1.2970798015594482,1.2970798015594482
2,144,96b013160c47ae9378b3f0be,1.5199999809265137,0.7541219592094421,-0.7658780217170715,0.7658780217170715
2,145,9173fcb38593403450c42b20,2.2699999809265137,2.18291974067688,-0.08708024024963379,0.08708024024963379
2,146,876a00a02708d0f987c37e33,1.2100000381469727,1.017055869102478,-0.19294416904449463,0.19294416904449463
2,147,737bcb94208e8833d70510c4,2.8181564807891846,2.535167694091797,-0.2829887866973877,0.2829887866973877
2,148,c22c1584f5e113b2fe1ee42b,2.440000057220459,2.0479257106781006,-0.3920743465423584,0.3920743465423584
2,149,d2357ac2d8e4218d12103f16,1.6056972742080688,2.925045967102051,1.319348692893982,1.319348692893982
2,150,6f327a6a54a657ce28bf77ba,1.721246361732483,1.475022792816162,-0.2462235689163208,0.2462235689163208
2,151,97cd472de7747a296f9ba286,4.599999904632568,4.561213493347168,-0.03878641128540039,0.03878641128540039
2,152,1a1ad4523aedea5d75268cdc,1.659999966621399,1.9977554082870483,0.3377554416656494,0.3377554416656494
2,153,c59a89a9b047f35a83050a1c,0.3100000023841858,0.9536994695663452,0.6436994671821594,0.6436994671821594
2,154,084c107db1c1dc07a8e65ceb,0.916469156742096,1.161144733428955,0.24467557668685913,0.24467557668685913
2,155,d7d44b8d04f0391b26895008,0.25,0.6227172613143921,0.3727172613143921,0.3727172613143921
2,156,ebd805863c1a7147e5ac77c6,4.853871822357178,3.97129225730896,-0.8825795650482178,0.8825795650482178
2,157,b71065f009120555d9a8c59e,0.6499999761581421,0.8454025983810425,0.1954026222229004,0.1954026222229004
2,158,7d4fe20817809365bdbb69f1,2.240000009536743,2.408360719680786,0.16836071014404297,0.16836071014404297
2,159,71cf80469e58370b92a24383,0.886056661605835,1.2754459381103516,0.3893892765045166,0.3893892765045166
2,160,d196d9307cd11666fc378432,1.6989699602127075,2.2805306911468506,0.5815607309341431,0.5815607309341431
2,161,53600e31b67ea97dc1f11cec,1.2695510387420654,1.6858553886413574,0.416304349899292,0.416304349899292
2,162,c81b3d94b45f1d15ac4fe826,2.1999707221984863,2.1154234409332275,-0.08454728126525879,0.08454728126525879
2,163,aed2bb330573cd92cecdbb32,2.113509178161621,1.9592622518539429,-0.15424692630767822,0.15424692630767822
2,164,cc23b188e89228f9853734cc,2.430000066757202,2.382584810256958,-0.04741525650024414,0.04741525650024414
2,165,bf7ee1ba79d6d9e28dc14521,2.25,2.512500047683716,0.2625000476837158,0.2625000476837158
2,166,1ec72511b1ccda6e6fccbf03,1.809999942779541,0.798158586025238,-1.0118412971496582,1.0118412971496582
2,167,aa9ad9d33271db6eaf7db629,1.5100414752960205,2.247002363204956,0.7369608879089355,0.7369608879089355
2,168,183ac622ab35e3eae0f02dd1,1.4500000476837158,1.385757565498352,-0.06424248218536377,0.06424248218536377
2,169,a355541e1af79b285dd24d77,2.359999895095825,1.9217336177825928,-0.4382662773132324,0.4382662773132324
2,170,8d32239cdf23c3c8e98efb77,0.8761483430862427,1.1948639154434204,0.31871557235717773,0.31871557235717773
2,171,2ecd8eab910951c133609530,1.7958799600601196,1.3727022409439087,-0.42317771911621094,0.42317771911621094
2,172,65543f9286e8911e550162fd,0.550000011920929,1.3650084733963013,0.8150084614753723,0.8150084614753723
2,173,7a0373e8b14bbbe5eb8f6775,2.8181564807891846,2.535167694091797,-0.2829887866973877,0.2829887866973877
2,174,6c38b5c212aded69649db81f,0.36000001430511475,0.12765854597091675,-0.232341468334198,0.232341468334198
2,175,46215861d66bbc6ef69a61fc,0.800000011920929,0.11133940517902374,-0.6886606216430664,0.6886606216430664
2,176,b127d562a257594ff2e9f071,1.649999976158142,0.5733116865158081,-1.076688289642334,1.076688289642334
2,177,788c8baebeb5bdc50e6148d5,3.2403321266174316,4.033736705780029,0.7934045791625977,0.7934045791625977
2,178,048ff91af34f4114224c2624,4.236571788787842,3.6346845626831055,-0.6018872261047363,0.6018872261047363
2,179,d381ab5a775f15b31a0622fa,0.9100000262260437,1.1600879430770874,0.2500879168510437,0.2500879168510437
2,180,9d23f43fe50376cc3bdd9e7e,0.3010300099849701,0.5138827562332153,0.21285274624824524,0.21285274624824524
2,181,1952f05ec424d5c9c74ce0f1,1.8200000524520874,2.1366775035858154,0.316677451133728,0.316677451133728
2,182,c043e24e5d4e548bb79b7127,1.2599999904632568,1.33095383644104,0.0709538459777832,0.0709538459777832
2,183,a48bdcb845821a8ecf950b0c,2.013093948364258,2.1213295459747314,0.10823559761047363,0.10823559761047363
2,184,1078ebab5b1a5bed5f41a824,0.6399999856948853,1.019189476966858,0.37918949127197266,0.37918949127197266
2,185,561848edffe50ce4b0f2b029,1.090000033378601,1.0344468355178833,-0.05555319786071777,0.05555319786071777
2,186,17f594f05e9e1c1bc3c48940,0.5058454275131226,1.0354963541030884,0.5296509265899658,0.5296509265899658
2,187,dbc64fe43c8723c5accdc025,4.508638381958008,3.488043785095215,-1.020594596862793,1.020594596862793
2,188,b8eee05989167acbb1addb41,0.3100000023841858,0.45886433124542236,0.14886432886123657,0.14886432886123657
2,189,7387ba618e7d45a697be2d89,1.9299999475479126,1.9061415195465088,-0.02385842800140381,0.02385842800140381
2,190,e28f03ccc3af72002c9510db,2.0315170288085938,1.9617961645126343,-0.06972086429595947,0.06972086429595947
2,191,2344798c8e693c59a90c1754,1.1100000143051147,0.4941678047180176,-0.6158322095870972,0.6158322095870972
2,192,d04a974b73d153e0624bec1c,0.6595559120178223,0.9702227115631104,0.3106667995452881,0.3106667995452881
2,193,24a8d0658a64d775b08b1a94,0.4099999964237213,0.28196626901626587,-0.12803372740745544,0.12803372740745544
2,194,1872ad459c74ed9653068013,2.92081880569458,2.662264585494995,-0.25855422019958496,0.25855422019958496
2,195,04b7932e2dc228cb17c7f5cf,0.3665315508842468,1.5430481433868408,1.1765165328979492,1.1765165328979492
2,196,e0420564df8c123858f953e4,2.8728952407836914,2.0488693714141846,-0.8240258693695068,0.8240258693695068
2,197,676ea2a3614e2926cca1f1ce,1.390405535697937,1.9259189367294312,0.5355134010314941,0.5355134010314941
2,198,5898a331ba17671bf884bc8b,3.9981493949890137,3.922759532928467,-0.07538986206054688,0.07538986206054688
2,199,1aae782effd0910299d947e3,2.1500000953674316,1.217143177986145,-0.9328569173812866,0.9328569173812866
2,200,8b7571ace798231cbb767b3b,0.6200000047683716,0.8304250836372375,0.21042507886886597,0.21042507886886597
2,201,cea3f0c1867603bd60438f13,0.949999988079071,0.7508763074874878,-0.19912368059158325,0.19912368059158325
2,202,9b4870f5b17e229413d60472,1.7300000190734863,1.0803905725479126,-0.6496094465255737,0.6496094465255737
2,203,b8fd41b5442a0c7ea496978f,2.152937650680542,2.981287717819214,0.8283500671386719,0.8283500671386719
2,204,42f9b3f70098b71ecdace0e5,0.8600000143051147,1.233056902885437,0.37305688858032227,0.37305688858032227
2,205,78cff929e4df072921cb30fb,1.9900000095367432,2.941314220428467,0.9513142108917236,0.9513142108917236
2,206,73a9879c3bd5c59924e552e2,1.787812352180481,1.5196056365966797,-0.26820671558380127,0.26820671558380127
2,207,9ab2b28609270113b4a1994a,1.3565473556518555,1.2754459381103516,-0.0811014175415039,0.0811014175415039
2,208,71c2753f3bbd47ffe47a20d3,2.086186170578003,2.0394487380981445,-0.0467374324798584,0.0467374324798584
2,209,9bafd779b83f4d75008cbcbf,2.07572078704834,2.1193931102752686,0.04367232322692871,0.04367232322692871
2,210,3e5ca55dd9b19b471eff5435,1.2899999618530273,1.738095998764038,0.44809603691101074,0.44809603691101074
2,211,857a1a65958144bdb3d73bcf,1.4299999475479126,1.23325514793396,-0.19674479961395264,0.19674479961395264
2,212,fafbbf1f91e5ba109d40c447,0.20000000298023224,0.4602315425872803,0.26023155450820923,0.26023155450820923
2,213,3c28de1e823a1c165282475c,2.2699999809265137,1.9527944326400757,-0.317205548286438,0.317205548286438
2,214,7e91949728f4bddce2b4507d,1.3700000047683716,1.6734126806259155,0.30341267585754395,0.30341267585754395
2,215,dfd53a1c3da1e94b334df2f2,1.1699999570846558,1.1773306131362915,0.007330656051635742,0.007330656051635742
2,216,5f5d3da4259c7a7cb6778fef,3.7367584705352783,3.20064377784729,-0.5361146926879883,0.5361146926879883
2,217,6193872800e9949862b8546a,0.9900000095367432,1.3022066354751587,0.3122066259384155,0.3122066259384155
2,218,eb8d1c68ddfe3f99f6871dc8,3.9700000286102295,3.5124239921569824,-0.45757603645324707,0.45757603645324707
2,219,eb3fc5699653272f06b3edf7,2.0,1.474303126335144,-0.525696873664856,0.525696873664856
2,220,9ab00dd86042840245c213af,2.4200000762939453,2.0561211109161377,-0.3638789653778076,0.3638789653778076
2,221,05bd27daeaa0ce3a28d67a2a,1.909999966621399,2.303980588912964,0.39398062229156494,0.39398062229156494
2,222,a3defb8789eb9886e2843019,0.8600000143051147,1.077683687210083,0.21768367290496826,0.21768367290496826
2,223,105c9f997cd24649f2dce42d,3.431798219680786,3.1422030925750732,-0.2895951271057129,0.2895951271057129
2,224,f14cb80b79b6f6dc03d8b881,1.059999942779541,0.7610827088356018,-0.2989172339439392,0.2989172339439392
2,225,30b8b96248d960b66652c475,2.968151330947876,2.91275954246521,-0.055391788482666016,0.055391788482666016
2,226,1b4129750350830e225fee88,1.440000057220459,0.8173751831054688,-0.6226248741149902,0.6226248741149902
2,227,801f58c0632e400e7eeec676,1.5299999713897705,0.8394744396209717,-0.6905255317687988,0.6905255317687988
2,228,2f10799d9a39d4306f2cb1f3,1.3799999952316284,1.703626275062561,0.3236262798309326,0.3236262798309326
2,229,61c1f0d19d2bacb34f346350,2.158015251159668,1.2645142078399658,-0.8935010433197021,0.8935010433197021
2,230,db1f9f5afa1994ca1fd731cb,2.9871628284454346,2.9838829040527344,-0.0032799243927001953,0.0032799243927001953
2,231,f28f82fb2a73345346fb8d3f,2.7621512413024902,3.288336992263794,0.5261857509613037,0.5261857509613037
2,232,e7e9a405243b9568d3098611,1.840000033378601,1.9637020826339722,0.1237020492553711,0.1237020492553711
2,233,d22b61dfb707eead2467206e,0.949999988079071,1.1873234510421753,0.23732346296310425,0.23732346296310425
2,234,c34b96c24451c82816329357,3.387216091156006,3.757049322128296,0.36983323097229004,0.36983323097229004
2,235,85dba82aaacddd6dc9818cac,1.7700623273849487,2.598588705062866,0.8285263776779175,0.8285263776779175
2,236,b0115745a30bb94e488931c1,1.7100000381469727,1.8727682828903198,0.16276824474334717,0.16276824474334717
2,237,98fd0a11a5dc577be190f153,2.0199999809265137,1.913859486579895,-0.10614049434661865,0.10614049434661865
2,238,47889c53a9419bb8d7e2dd18,1.4921441078186035,2.8836095333099365,1.391465425491333,1.391465425491333
2,239,8ee1c4c07bab5c8436c15b6e,3.267606258392334,3.117676019668579,-0.14993023872375488,0.14993023872375488
2,240,75324b46d4667adc418f9534,-4.698100566864014,-0.7430437803268433,3.955056667327881,3.955056667327881
2,241,2e1c4701280de2d0d92abdaa,1.4199999570846558,1.7144391536712646,0.2944391965866089,0.2944391965866089
2,242,a8d6b537f92b6e1a362aca1c,2.903090000152588,2.5309698581695557,-0.3721201419830322,0.3721201419830322
2,243,fd425a6c28f4354d41b41361,2.680000066757202,2.0075955390930176,-0.6724045276641846,0.6724045276641846
2,244,6ed8c54e48bb698a9053a7f3,0.793174147605896,0.9626251459121704,0.16945099830627441,0.16945099830627441
2,245,3d2a32baf92f93516052f1c3,1.0700000524520874,0.7069585919380188,-0.3630414605140686,0.3630414605140686
2,246,a64c2839b63dfac1cfa06aed,1.7799999713897705,1.570157527923584,-0.20984244346618652,0.20984244346618652
2,247,0573978a789e6fca0ff3d701,3.0999999046325684,3.427510976791382,0.3275110721588135,0.3275110721588135
2,248,cdc81e14bb37bae765df3e93,0.7699999809265137,0.9323012232780457,0.16230124235153198,0.16230124235153198
2,249,8ae403ad3cab38f8044fd4a1,1.25,1.7810617685317993,0.5310617685317993,0.5310617685317993
2,250,ff77f54316ad54ea5425a30c,1.0299999713897705,0.7168153524398804,-0.31318461894989014,0.31318461894989014
2,251,7958e72db627889b874300e9,0.2924298346042633,1.6010998487472534,1.3086700439453125,1.3086700439453125
2,252,b234ee7d9d4a521c38c4158a,1.5199999809265137,1.3230689764022827,-0.19693100452423096,0.19693100452423096
2,253,d9852c353bba4a2a5e45440e,1.77211332321167,1.3989099264144897,-0.3732033967971802,0.3732033967971802
2,254,8b6775cbb50674ceb40b7582,3.1281509399414062,3.008052110671997,-0.12009882926940918,0.12009882926940918
2,255,2390b0fe2c293a78b1d5588f,0.8700000047683716,0.8153822422027588,-0.05461776256561279,0.05461776256561279
2,256,06a8075a9803d146ce5b4c10,1.2100000381469727,1.9629720449447632,0.7529720067977905,0.7529720067977905
2,257,6dd131a4a11d700ffd4099cc,3.2266199588775635,2.683173418045044,-0.5434465408325195,0.5434465408325195
2,258,28af91f5fbfb44bbd9b018d2,2.7708303928375244,2.699169874191284,-0.07166051864624023,0.07166051864624023
2,259,c8fcc915465e8d5c01bd8370,1.5099073648452759,1.3821215629577637,-0.1277858018875122,0.1277858018875122
2,260,15ba2292399c5fcb721bbcef,2.397939920425415,2.0989038944244385,-0.29903602600097656,0.29903602600097656
2,261,3f1b5fc71edecc2ca9d2e276,0.102372907102108,0.47172099351882935,0.36934807896614075,0.36934807896614075
2,262,49a50783cdb86c06d943da61,3.32790207862854,3.598015308380127,0.2701132297515869,0.2701132297515869
2,263,6bf4e7d10ec3c741c971e933,0.3499999940395355,0.6326974630355835,0.282697468996048,0.282697468996048
2,264,8c0441f8fac9436ab432c06c,2.4100000858306885,2.2931649684906006,-0.11683511734008789,0.11683511734008789
2,265,ef9527ba07c26b056c0c69f0,3.296708583831787,3.266495704650879,-0.030212879180908203,0.030212879180908203
2,266,763111ed0dee617681569578,1.9500000476837158,2.186072587966919,0.23607254028320312,0.23607254028320312
2,267,08d0e72fc7daa14903b355b0,3.124938726425171,3.089505910873413,-0.03543281555175781,0.03543281555175781
2,268,2d107ddf3a3e7aca42f6858c,4.2441253662109375,3.69813871383667,-0.5459866523742676,0.5459866523742676
2,269,aee18833fa12a8adcffa6140,0.8100000023841858,0.8154691457748413,0.005469143390655518,0.005469143390655518
2,270,fa5d7f7d021c6218de409610,1.1549019813537598,1.1620146036148071,0.007112622261047363,0.007112622261047363
2,271,8f279d86fc8f55b70a0048c3,2.9800000190734863,2.4730403423309326,-0.5069596767425537,0.5069596767425537
2,272,fc4e99fa1ea1266e9cc675be,2.3499999046325684,2.512669324874878,0.16266942024230957,0.16266942024230957
2,273,769e5e60a209aa0920fc5185,2.309999942779541,2.146239757537842,-0.16376018524169922,0.16376018524169922
2,274,86fd8f4c3d791c10c12bd310,2.314258337020874,2.355098009109497,0.04083967208862305,0.04083967208862305
2,275,4e3cc2a0d2e58fe2d8e3aeaf,3.3004887104034424,3.9408814907073975,0.6403927803039551,0.6403927803039551
2,276,d66d5695bc54266717665e4d,3.1346988677978516,3.321441650390625,0.18674278259277344,0.18674278259277344
2,277,5f58327c87f5b5e5efd9d0dd,1.350000023841858,1.3954654932022095,0.04546546936035156,0.04546546936035156
2,278,46cfe6d75a1bb19cf5ab10c1,2.700000047683716,3.1818783283233643,0.48187828063964844,0.48187828063964844
2,279,47f4b27e0d8ac300a56e4faa,2.5000381469726562,2.4515554904937744,-0.048482656478881836,0.048482656478881836
2,280,f8ae3676c1a657e808a4121c,2.369999885559082,2.243321657180786,-0.1266782283782959,0.1266782283782959
2,281,462b3f1e6b5e9be1ba23f8b2,2.7869250774383545,2.7908589839935303,0.003933906555175781,0.003933906555175781
2,282,e577e8b06f69c6119278ddbb,0.8700000047683716,0.9901117086410522,0.12011170387268066,0.12011170387268066
2,283,37880df5bf80c5297eb97166,3.956244945526123,2.999825954437256,-0.9564189910888672,0.9564189910888672
2,284,a1e0f91160249af82cf7c371,1.1100000143051147,1.1424590349197388,0.03245902061462402,0.03245902061462402
2,285,20b89cd6568fd6eb8a2a5228,3.0799999237060547,2.1053669452667236,-0.974632978439331,0.974632978439331
2,286,6385171f4fd0e533f5de4092,4.878330707550049,4.243444442749023,-0.6348862648010254,0.6348862648010254
2,287,1f8ded1a1ac17de772db2716,3.0705809593200684,3.0458896160125732,-0.024691343307495117,0.024691343307495117
2,288,cb22d12a97b6a5d25db04dd6,2.309999942779541,1.072562575340271,-1.23743736743927,1.23743736743927
2,289,ad5d095b86142f296d17654f,2.309999942779541,2.1278796195983887,-0.18212032318115234,0.18212032318115234
2,290,7b3fcbe1812cc828f0f9072e,0.8500000238418579,1.3815679550170898,0.5315679311752319,0.5315679311752319
2,291,a085e4b396e1d8b47c9862ac,4.100015640258789,3.8569681644439697,-0.24304747581481934,0.24304747581481934
2,292,584ddd4f4acc0df42a783d44,0.41999998688697815,0.5774843692779541,0.15748438239097595,0.15748438239097595
2,293,3af3a1f7ae139491afa51169,0.5099999904632568,0.5648244619369507,0.05482447147369385,0.05482447147369385
2,294,7c79def2765ebc81a24200b3,0.46000000834465027,0.4504854679107666,-0.009514540433883667,0.009514540433883667
2,295,d9b6730aa93551c608ad04fe,0.4000000059604645,0.5496231317520142,0.14962312579154968,0.14962312579154968
2,296,51a50936ef7d64783e5bab66,2.630000114440918,3.6338980197906494,1.0038979053497314,1.0038979053497314
2,297,f43486d89e34398da6a85b20,0.5899999737739563,0.8511121273040771,0.26111215353012085,0.26111215353012085
2,298,c51815eedb5cf5269db7fae9,2.180000066757202,2.0513670444488525,-0.1286330223083496,0.1286330223083496
2,299,da06b04423f5625e20f1ece3,0.2958800196647644,0.713546872138977,0.41766685247421265,0.41766685247421265
2,300,427fe390eab32f531a398a10,2.091515064239502,3.6584956645965576,1.5669806003570557,1.5669806003570557
2,301,58c67db16e86517232d47566,0.9300000071525574,1.2823659181594849,0.3523659110069275,0.3523659110069275
2,302,6c4e8f1b2ef5a8a2317fdcb6,4.0,2.8093435764312744,-1.1906564235687256,1.1906564235687256
2,303,16c1fe17f398142d1ea3a0bb,1.5099999904632568,1.6079142093658447,0.09791421890258789,0.09791421890258789
2,304,69a6d8ce636e1d6196dec679,0.6307841539382935,1.6118594408035278,0.9810752868652344,0.9810752868652344
2,305,7a3449914b0201da93bf586f,2.369999885559082,1.1488500833511353,-1.2211498022079468,1.2211498022079468
2,306,4fa550b24516a9198b815869,2.0,2.1247684955596924,0.12476849555969238,0.12476849555969238
2,307,6cdfe449d6fe547ab26a9d66,1.4685211181640625,1.448232650756836,-0.020288467407226562,0.020288467407226562
2,308,75e0f3e8ab4f8658e32f5542,3.8399999141693115,3.7394564151763916,-0.10054349899291992,0.10054349899291992
2,309,9128562a99313545ab76d3cb,1.4900000095367432,1.5188709497451782,0.02887094020843506,0.02887094020843506
2,310,b5a4ed89c0e228473098793a,1.559999942779541,0.549805223941803,-1.0101947784423828,1.0101947784423828
2,311,35d9721f7be2e52cce0688f3,2.950007200241089,2.728362798690796,-0.22164440155029297,0.22164440155029297
2,312,255ba2391f6417c8cb3a7ed2,1.5199999809265137,1.3676375150680542,-0.15236246585845947,0.15236246585845947
2,313,46df848c7bdc3e5ccf45fe81,2.3299999237060547,1.971253752708435,-0.35874617099761963,0.35874617099761963
2,314,d98dec74ee51ef5043027320,2.3372421264648438,2.8492069244384766,0.5119647979736328,0.5119647979736328
2,315,897b4865b20728f298d35928,2.109999895095825,2.6984121799468994,0.5884122848510742,0.5884122848510742
2,316,c6dbe88edb96f853e36cff49,2.440000057220459,0.9388554692268372,-1.5011446475982666,1.5011446475982666
2,317,a09423b84cc19cdf377d5406,2.630000114440918,2.4860880374908447,-0.14391207695007324,0.14391207695007324
2,318,559a78c8ec5efc106d287915,2.975635290145874,2.791649103164673,-0.18398618698120117,0.18398618698120117
2,319,0a7a122bb96852a8f4f8e0c0,0.6345120072364807,1.9760268926620483,1.3415148258209229,1.3415148258209229
2,320,4fe2e0ea29cbc636a8538379,3.522878646850586,3.738649606704712,0.21577095985412598,0.21577095985412598
2,321,3ec257c1f8675c2bc9ba9bc3,3.990000009536743,3.9221081733703613,-0.06789183616638184,0.06789183616638184
2,322,6647ab5d41cee41cf7790ae2,1.309999942779541,1.0195297002792358,-0.2904702425003052,0.2904702425003052
2,323,afccab605698a457b5a467d4,1.309999942779541,0.7938560247421265,-0.5161439180374146,0.5161439180374146
2,324,69a368dd4ed0f6acff2f2ccd,3.3767507076263428,3.4662973880767822,0.08954668045043945,0.08954668045043945
2,325,c408050e759878d8e2e577f3,0.75,1.2509642839431763,0.5009642839431763,0.5009642839431763
2,326,6adcb5dcb9961d990724cf97,0.3100000023841858,0.4456217885017395,0.1356217861175537,0.1356217861175537
2,327,71fe97741652d0b2566b8823,1.1938199996948242,3.2855730056762695,2.0917530059814453,2.0917530059814453
2,328,9d4e2905d89dc4bc750faabc,4.585026741027832,3.9982779026031494,-0.5867488384246826,0.5867488384246826
2,329,3461b70117faccd9d5e4c178,2.890000104904175,1.6973117589950562,-1.1926883459091187,1.1926883459091187
2,330,bcc2957265900c7d5d0ae1d6,1.9800000190734863,0.8885379433631897,-1.0914621353149414,1.0914621353149414
2,331,1975c6dba18bfa380301f17c,0.2800000011920929,0.3348677158355713,0.054867714643478394,0.054867714643478394
2,332,392ca752973ab1349debc0d6,1.7799999713897705,1.8858672380447388,0.10586726665496826,0.10586726665496826
2,333,47d8928dafaf610fc27fe1aa,2.559999942779541,1.8671472072601318,-0.6928527355194092,0.6928527355194092
2,334,9b86e1e90d4a0f141585cb05,4.301030158996582,3.988030195236206,-0.312999963760376,0.312999963760376
2,335,c3d522829336a0c2922dbfef,1.991399884223938,2.614225149154663,0.6228252649307251,0.6228252649307251
2,336,0f0869f3b6ed5786c864ae95,2.5799999237060547,3.1895577907562256,0.6095578670501709,0.6095578670501709
2,337,c19bbdd9defa8fdbde5b2a4b,3.135786533355713,4.1573381423950195,1.0215516090393066,1.0215516090393066
2,338,d073584bd20540bb79c22273,2.039529323577881,2.0025246143341064,-0.037004709243774414,0.037004709243774414
2,339,90798f1bbd90365eaca6a31d,1.2899999618530273,1.949950098991394,0.6599501371383667,0.6599501371383667
2,340,479ad947e42cdd4f0545bcfe,0.800000011920929,0.3389890789985657,-0.4610109329223633,0.4610109329223633
2,341,e8792769f8b3fb50206c6b91,2.568636178970337,1.9093620777130127,-0.6592741012573242,0.6592741012573242
2,342,1935c7cf06ca9a783ab737f2,2.2699999809265137,2.3433070182800293,0.07330703735351562,0.07330703735351562
2,343,468f433d2affab93e9f39257,2.0809218883514404,1.767112374305725,-0.31380951404571533,0.31380951404571533
2,344,8b3eab582e2b1c35c3553aa3,0.8100000023841858,0.8656601905822754,0.0556601881980896,0.0556601881980896
2,345,7a1fbb0de6ef3de9dcc442d7,1.0,1.0901721715927124,0.0901721715927124,0.0901721715927124
2,346,082bf0a35f663a6f872884cd,0.8399999737739563,1.1572846174240112,0.31728464365005493,0.31728464365005493
2,347,bb2df6fb32f0b29f656f98cf,-0.11999999731779099,0.7656195759773254,0.885619580745697,0.885619580745697
2,348,a9cff8120b0c64a2b0d69b27,1.1299999952316284,1.0478497743606567,-0.08215022087097168,0.08215022087097168
2,349,e51ec347768207a53db063d0,3.552841901779175,3.3887417316436768,-0.16410017013549805,0.16410017013549805
2,350,19246d01e069737410a233d0,-0.03999999910593033,0.8752241730690002,0.9152241945266724,0.9152241945266724
2,351,a466faa10452a0ed97725f93,1.8200000524520874,1.6056928634643555,-0.21430718898773193,0.21430718898773193
2,352,04a1375066dde67412bc03c4,2.4134128093719482,2.1321303844451904,-0.2812824249267578,0.2812824249267578
2,353,9ded290e4e869cd35a674246,1.1799999475479126,1.2344321012496948,0.05443215370178223,0.05443215370178223
2,354,60b35278c816bbfb3f5d2910,1.7000000476837158,1.8220182657241821,0.12201821804046631,0.12201821804046631
2,355,59571b63371921aaa1304d5d,2.0,1.5377203226089478,-0.46227967739105225,0.46227967739105225
2,356,9bf7535efaa468d79ade67c2,4.150028228759766,4.227142810821533,0.07711458206176758,0.07711458206176758
2,357,2cd878e9f602bde7f0fb5edc,1.899999976158142,2.032918691635132,0.13291871547698975,0.13291871547698975
2,358,3cad97367cb17abc89a5673a,2.559999942779541,2.749941825866699,0.1899418830871582,0.1899418830871582
2,359,6eaf725c9c28d25d489c1ea0,2.698970079421997,3.042043924331665,0.34307384490966797,0.34307384490966797
2,360,739c9f66e0fa6e7217ec5a5a,1.2695510387420654,0.7702841758728027,-0.4992668628692627,0.4992668628692627
2,361,ecd9a7ccac7887b6431fc888,2.1700000762939453,1.8326749801635742,-0.3373250961303711,0.3373250961303711
2,362,6d1214f3a82231e6b2dd5c09,1.4700000286102295,1.5104583501815796,0.0404583215713501,0.0404583215713501
2,363,edc88134df8ab4c6ee9015de,0.3565473258495331,0.5631223917007446,0.20657506585121155,0.20657506585121155
2,364,de13df92fc50a45c55abebca,1.3300000429153442,2.50307559967041,1.173075556755066,1.173075556755066
2,365,64bc59277c31fd6418d5f5e8,3.477121353149414,3.3928306102752686,-0.08429074287414551,0.08429074287414551
2,366,5744781c5ec7404bb2a4aaf6,1.690000057220459,1.9357558488845825,0.24575579166412354,0.24575579166412354
2,367,5a333e74760cf3a45c7e2deb,0.5883802771568298,1.28203547000885,0.6936551928520203,0.6936551928520203
2,368,79bc1a5cb38e481fabffe0e3,0.6100000143051147,1.4250013828277588,0.815001368522644,0.815001368522644
2,369,5621afd0ed16b14fef06b72d,1.0399999618530273,0.7608606815338135,-0.27913928031921387,0.27913928031921387
2,370,a6f06ad747f1e1ed5a12e6a1,0.9625735282897949,1.5609385967254639,0.598365068435669,0.598365068435669
2,371,78f6514e109a1af93833460e,1.6020599603652954,1.2694374322891235,-0.3326225280761719,0.3326225280761719
2,372,145e493fc2b492da4db4c1d7,2.7212464809417725,1.586380958557129,-1.1348655223846436,1.1348655223846436
2,373,5c3a8ea7671bfefc348e10d0,2.3299999237060547,1.8732126951217651,-0.45678722858428955,0.45678722858428955
2,374,b19a6fcc5e3dead1f6a396b2,4.639999866485596,4.023962497711182,-0.6160373687744141,0.6160373687744141
2,375,11a66d232e3b162de94cfb3a,2.7878124713897705,2.866608142852783,0.0787956714630127,0.0787956714630127
2,376,357f5487dafc130010db899e,2.0299999713897705,2.170361280441284,0.14036130905151367,0.14036130905151367
2,377,6a0bdc1dcebe641d32d704a1,2.919316053390503,2.985825300216675,0.06650924682617188,0.06650924682617188
2,378,de66696baffdb2e7b7c55500,1.4800000190734863,1.1664551496505737,-0.3135448694229126,0.3135448694229126
2,379,cbc13e88cbb27728027685c4,2.739928722381592,2.735778570175171,-0.0041501522064208984,0.0041501522064208984
2,380,bd4ce92fe2ab3e5a4d500aa4,3.0,2.6924359798431396,-0.30756402015686035,0.30756402015686035
2,381,24a6e1b9ccfbb3bbda192ced,1.0,0.7827363014221191,-0.21726369857788086,0.21726369857788086
2,382,dbfffc61cf25ba9ad916fb5e,1.3899999856948853,1.1188768148422241,-0.27112317085266113,0.27112317085266113
2,383,7a88d8d5a5ca3a6c21f56325,3.698970079421997,4.001119136810303,0.30214905738830566,0.30214905738830566
2,384,a4a13ba500c7086b501c5de7,0.6600000262260437,0.9759405851364136,0.3159405589103699,0.3159405589103699
2,385,5378731687952e16355df55d,4.269999980926514,4.179954528808594,-0.09004545211791992,0.09004545211791992
2,386,338d3aeddbde9f7d6523de3d,2.698970079421997,2.467808961868286,-0.23116111755371094,0.23116111755371094
2,387,0eba0ce7ae69b3b16010e4dd,2.049999952316284,2.199932813644409,0.149932861328125,0.149932861328125
2,388,c2568c710e0afec36c288fbd,2.664207935333252,2.462608575820923,-0.2015993595123291,0.2015993595123291
2,389,eb1d0cb29c38700fa43e7664,0.9700000286102295,1.011419415473938,0.041419386863708496,0.041419386863708496
2,390,2b8c8eb484665902399987dd,1.809999942779541,1.7232252359390259,-0.08677470684051514,0.08677470684051514
2,391,0d764c90e6ca8041f4c73f2d,1.7100000381469727,1.5285700559616089,-0.18142998218536377,0.18142998218536377
2,392,02f7d2a390ac5cd29dffe695,1.886056661605835,2.172320604324341,0.28626394271850586,0.28626394271850586
2,393,f134039c378b913c42496b6d,1.2599999904632568,0.6887111663818359,-0.5712888240814209,0.5712888240814209
2,394,27093a5605b70ed39fbdf071,0.949999988079071,1.6926223039627075,0.7426223158836365,0.7426223158836365
2,395,b3cd59f653af36bf1bcf06f5,0.05000000074505806,0.6608496904373169,0.6108496785163879,0.6108496785163879
2,396,04a456ab7512ba3628a1e4e7,1.0800000429153442,0.9959703683853149,-0.0840296745300293,0.0840296745300293
2,397,3bc06668f90ffdd0fd50e02e,4.221848964691162,3.832989454269409,-0.38885951042175293,0.38885951042175293
2,398,9dc9881b0b8884a14640e5c3,0.7099999785423279,1.2414062023162842,0.5314062237739563,0.5314062237739563
2,399,54a62065a95f05ef2d633352,1.3200000524520874,1.704745888710022,0.38474583625793457,0.38474583625793457
2,400,1a32141ed2bebdc3c5a87b6c,1.559999942779541,1.01642906665802,-0.543570876121521,0.543570876121521
2,401,7af7011ee49030724abc23ef,1.0691397190093994,1.528497576713562,0.4593578577041626,0.4593578577041626
2,402,46c8a43a119352aebf25a524,2.150515079498291,2.066361665725708,-0.08415341377258301,0.08415341377258301
2,403,6c11899405e65264651f7be2,2.4700000286102295,1.990838885307312,-0.4791611433029175,0.4791611433029175
2,404,bf73ced09ac7a39119788635,3.4881513118743896,3.298513412475586,-0.1896378993988037,0.1896378993988037
2,405,86faa09c2ef85f427d258d03,1.5,1.9307745695114136,0.4307745695114136,0.4307745695114136
2,406,784d4cf92e6ccc0f6aabc6cc,1.5700000524520874,1.308888554573059,-0.2611114978790283,0.2611114978790283
2,407,92ab4ebd4633c4a289c0ca2a,1.600000023841858,1.4802535772323608,-0.11974644660949707,0.11974644660949707
2,408,84c1a6fe28e47dbe24de88c3,0.3979400098323822,1.5223370790481567,1.1243970394134521,1.1243970394134521
2,409,082ef3f69d9bbc78991b3774,1.2699999809265137,1.4881418943405151,0.21814191341400146,0.21814191341400146
2,410,8d5f855f87dfd0b69b5679bb,2.809999942779541,1.5573604106903076,-1.2526395320892334,1.2526395320892334
2,411,9a5c6c2b71b8483f63ce6b69,1.659999966621399,1.1929646730422974,-0.46703529357910156,0.46703529357910156
2,412,3230ed66c832b03c1a1d7253,1.0499999523162842,0.9685173034667969,-0.0814826488494873,0.0814826488494873
2,413,b19b959a07ecd652f6915533,2.119999885559082,2.652128219604492,0.5321283340454102,0.5321283340454102
2,414,5a9105a21f623e2dc831a97b,0.5199999809265137,0.4308440387248993,-0.08915594220161438,0.08915594220161438
2,415,e6648a220c7ed055037d3ede,0.7200000286102295,0.7804726362228394,0.06047260761260986,0.06047260761260986
2,416,9658da798b7e67d16b428bab,1.3979400396347046,3.2015256881713867,1.8035856485366821,1.8035856485366821
2,417,9107cc4ab3ab7f4d0bd545e1,4.585026741027832,3.5756266117095947,-1.0094001293182373,1.0094001293182373
2,418,db752c35e7995b06192a97ea,0.38999998569488525,0.6221548318862915,0.23215484619140625,0.23215484619140625
2,419,90c54d44da225d9c56882438,1.0499999523162842,1.6685106754302979,0.6185107231140137,0.6185107231140137
2,420,3c723d2c9846c451702bdb54,1.9500000476837158,2.48064923286438,0.5306491851806641,0.5306491851806641
2,421,7a85a78347fe3442f01fe26f,0.8299999833106995,0.8394874930381775,0.009487509727478027,0.009487509727478027
2,422,1a59ce268b85b16a8790222b,3.2200000286102295,3.3946170806884766,0.17461705207824707,0.17461705207824707
2,423,3a2762385b5e509d91c10eb0,1.5700000524520874,1.5124620199203491,-0.05753803253173828,0.05753803253173828
2,424,dbe34fc5f10ee50968941966,1.399999976158142,0.8307482004165649,-0.5692517757415771,0.5692517757415771
2,425,63f664568ac313a15205dcea,2.130768299102783,1.8679598569869995,-0.2628084421157837,0.2628084421157837
2,426,58ebdc9baa8b528fb584e79b,2.059999942779541,1.3801606893539429,-0.6798392534255981,0.6798392534255981
2,427,0bd79384919e720c97a861e9,0.9700000286102295,0.7082470655441284,-0.2617529630661011,0.2617529630661011
2,428,f17187ebdf7524fcfc9d134f,4.819874286651611,4.365259170532227,-0.45461511611938477,0.45461511611938477
2,429,451d91561dd06452ab32529e,1.2799999713897705,1.3060084581375122,0.0260084867477417,0.0260084867477417
2,430,8b98ffef8e1bf4c96ccf1c25,1.0499999523162842,1.0367591381072998,-0.013240814208984375,0.013240814208984375
2,431,c2847f736160a7caf69f0845,1.4317982196807861,1.2100129127502441,-0.221785306930542,0.221785306930542
2,432,9a16450ef4cf39ee4ab65e49,1.809999942779541,2.4078304767608643,0.5978305339813232,0.5978305339813232
2,433,b792949f37da6d1edc53e4f7,2.3767507076263428,2.1841485500335693,-0.19260215759277344,0.19260215759277344
2,434,79d64893b2fffe41ac7af493,1.0499999523162842,0.8125220537185669,-0.23747789859771729,0.23747789859771729
2,435,135e27a6710109ff9c2b5e13,1.1299999952316284,0.9755306243896484,-0.15446937084197998,0.15446937084197998
2,436,493a7313bd964854dabca50d,1.340000033378601,1.0755258798599243,-0.26447415351867676,0.26447415351867676
2,437,1bdca61007a246569ea36a0e,1.2100000381469727,1.3323861360549927,0.12238609790802002,0.12238609790802002
2,438,6ef51f4e8c45258e2d11937a,4.387216091156006,3.974778890609741,-0.41243720054626465,0.41243720054626465
2,439,1b4c649bb510e7e89e244979,2.430000066757202,2.6821701526641846,0.2521700859069824,0.2521700859069824
2,440,a17f9927f49ec3c592169b30,1.5934598445892334,1.5168536901474,-0.0766061544418335,0.0766061544418335
2,441,da1edf8878426b8679ffbc41,1.148741602897644,1.2893753051757812,0.1406337022781372,0.1406337022781372
2,442,7b2168cfc39dc01da5714ab2,4.193819999694824,4.220695972442627,0.026875972747802734,0.026875972747802734
2,443,fb4982fefc4db80021b5535c,2.698970079421997,2.6923954486846924,-0.0065746307373046875,0.0065746307373046875
2,444,28416c65a20e141f352d3b77,1.809999942779541,1.1016970872879028,-0.7083028554916382,0.7083028554916382
2,445,345679ea916f2362217e5a3a,3.4762535095214844,3.6853792667388916,0.20912575721740723,0.20912575721740723
2,446,1c5d208e49aee074b8da7c7f,1.9500000476837158,2.233962297439575,0.2839622497558594,0.2839622497558594
2,447,f9c6fb84572a55172923bdd1,1.1299999952316284,1.178439974784851,0.048439979553222656,0.048439979553222656
2,448,f39ee2a21d05c2d18d423112,2.301029920578003,2.0329434871673584,-0.26808643341064453,0.26808643341064453
2,449,ffd1599e41e890c9402630f5,0.4099999964237213,0.7249932289123535,0.3149932324886322,0.3149932324886322
2,450,99e22ea12f96de0cd968e99d,2.140000104904175,1.5230506658554077,-0.6169494390487671,0.6169494390487671
2,451,2c94429d11480e2117a10281,2.109999895095825,2.237515926361084,0.1275160312652588,0.1275160312652588
2,452,948b940480f3ffb33e5b20fa,1.5700000524520874,1.966351866722107,0.39635181427001953,0.39635181427001953
2,453,77b431a5602d2c31f396804b,2.5800442695617676,2.5482442378997803,-0.031800031661987305,0.031800031661987305
2,454,3b23853c7df1a095acc86717,2.9800000190734863,2.93342661857605,-0.04657340049743652,0.04657340049743652
2,455,400df5fc87a7a651e3129f66,0.36000001430511475,0.593582034111023,0.2335820198059082,0.2335820198059082
2,456,cea06419041962f337fdf4f6,0.9300000071525574,1.0751279592514038,0.14512795209884644,0.14512795209884644
2,457,569481a4f1488acaf3547448,-0.7481880187988281,0.9281377196311951,1.676325798034668,1.676325798034668
2,458,44321f95b4c63239f80b5e09,2.0299999713897705,1.805841326713562,-0.2241586446762085,0.2241586446762085
2,459,8bdb9e27b21b3ba7d9ff62cb,0.5699999928474426,0.757420539855957,0.1874205470085144,0.1874205470085144
2,460,164972aedaf63f1c99a58c15,0.9700000286102295,0.9229476451873779,-0.04705238342285156,0.04705238342285156
2,461,0a8d99920243e00b8466223b,1.3899999856948853,0.7094308137893677,-0.6805691719055176,0.6805691719055176
2,462,ac6854c1b7dc208adc70dcc1,4.573488712310791,4.001400947570801,-0.5720877647399902,0.5720877647399902
2,463,142ef6457eb2b209117f9e18,0.949999988079071,0.9127794504165649,-0.037220537662506104,0.037220537662506104
2,464,0a4e122d033a9525ae45a0d1,2.799999952316284,2.5729453563690186,-0.22705459594726562,0.22705459594726562
2,465,4b25ee01a83d0ff5de8ecaf5,1.4500000476837158,1.8962873220443726,0.44628727436065674,0.44628727436065674
2,466,92fb12d6fc813a47085e5673,2.2300000190734863,1.5520875453948975,-0.6779124736785889,0.6779124736785889
2,467,58010a9bf471f229d778e958,3.51855731010437,3.4062676429748535,-0.1122896671295166,0.1122896671295166
2,468,439d538614c2a5f3e942af80,1.1200000047683716,1.5277411937713623,0.4077411890029907,0.4077411890029907
2,469,9561ce0a425a7ca921a9494a,2.4685211181640625,2.990882635116577,0.5223615169525146,0.5223615169525146
2,470,118fbc3e231f33dbc40775a1,3.886056661605835,3.9546878337860107,0.06863117218017578,0.06863117218017578
2,471,b69fa83b888960c3713abe34,1.8799999952316284,0.9459211826324463,-0.9340788125991821,0.9340788125991821
2,472,a8bea06174ebdd74ab55e616,0.9900000095367432,1.319996953010559,0.3299969434738159,0.3299969434738159
2,473,d0478a17ab005dafa792f5ae,2.869999885559082,0.6598491668701172,-2.210150718688965,2.210150718688965
2,474,eac15c5c51e579c10931f226,3.522878646850586,3.5188589096069336,-0.004019737243652344,0.004019737243652344
2,475,0a8492ef60266f7f5bb9f1b1,1.409999966621399,1.0682302713394165,-0.3417696952819824,0.3417696952819824
2,476,2e32b971c755b9c9e4d9ab09,0.550000011920929,0.9115238785743713,0.3615238666534424,0.3615238666534424
2,477,f107747c0d3aa61cad639e73,1.2644010782241821,1.704910397529602,0.4405093193054199,0.4405093193054199
2,478,5105410466cb48a5f31ec5a3,1.809999942779541,2.204026222229004,0.3940262794494629,0.3940262794494629
2,479,6d17cf21b6844b727db0fdbe,2.3399999141693115,2.490712881088257,0.1507129669189453,0.1507129669189453
2,480,3a69a21800475ed77eecfac2,1.2699999809265137,1.9241877794265747,0.654187798500061,0.654187798500061
2,481,ed326b721e60d75a5daa7966,2.0799999237060547,1.0103954076766968,-1.069604516029358,1.069604516029358
2,482,aa0157ab8fe96366102dbcbd,0.9599999785423279,0.9892919063568115,0.029291927814483643,0.029291927814483643
2,483,587e96cbdb712acb1d1ca91a,4.15490198135376,3.9750802516937256,-0.17982172966003418,0.17982172966003418
2,484,f532c7948a6cd18b99ab5534,1.5622494220733643,1.2136938571929932,-0.3485555648803711,0.3485555648803711
2,485,06c777700bd50f9ab22b7d54,2.0799999237060547,1.71254563331604,-0.36745429039001465,0.36745429039001465
2,486,36ccd71d65eb826aaef281cc,2.259999990463257,1.8113235235214233,-0.4486764669418335,0.4486764669418335
2,487,691d8896b95c57955bf2dc66,0.9399999976158142,1.3502219915390015,0.41022199392318726,0.41022199392318726
2,488,135dc65595fb63fc67e76058,3.069999933242798,1.9045017957687378,-1.16549813747406,1.16549813747406
2,489,4fd9d58b002ca4839f6d91b6,0.9399999976158142,1.5479282140731812,0.6079282164573669,0.6079282164573669
2,490,c891b15ab2d4b307ce8e24e7,0.027797162532806396,1.5336359739303589,1.5058388710021973,1.5058388710021973
2,491,1f8c381221afc0a1fe1ca5d1,1.9700000286102295,1.819783329963684,-0.1502166986465454,0.1502166986465454
2,492,87e9a55ca3d74a28c9fb6486,3.5477027893066406,3.706216812133789,0.15851402282714844,0.15851402282714844
2,493,891faa2a86746889ba8e2191,1.2182446718215942,1.2675930261611938,0.04934835433959961,0.04934835433959961
2,494,22ece9e7bf86c0ccc929134f,3.0999999046325684,3.2665016651153564,0.16650176048278809,0.16650176048278809
2,495,37c2b344f7133db1e2fe9b33,0.9300000071525574,2.018646478652954,1.088646411895752,1.088646411895752
2,496,ebbcd4b8b85d8c2c332d4126,-0.8864907026290894,1.0239313840866089,1.9104220867156982,1.9104220867156982
2,497,e901ef7d90da37ceb5b8ee4d,1.9900000095367432,1.9979594945907593,0.007959485054016113,0.007959485054016113
2,498,7f2d0aeabe32312336b45876,1.4253904819488525,1.0304573774337769,-0.3949331045150757,0.3949331045150757
2,499,81eaaf79fafc61f8526af937,0.8100000023841858,0.9843863248825073,0.17438632249832153,0.17438632249832153
2,500,a4be5e18299bc008b6f494d9,0.6399999856948853,1.3244158029556274,0.6844158172607422,0.6844158172607422
2,501,1b66f96ad4b6bba8c7709c91,3.92081880569458,3.8905506134033203,-0.030268192291259766,0.030268192291259766
2,502,dd7b98ec6df001c6c02ac6fb,1.3300000429153442,1.7730332612991333,0.44303321838378906,0.44303321838378906
2,503,51e9add96e88df031a54c879,0.8799999952316284,0.6672496795654297,-0.21275031566619873,0.21275031566619873
2,504,3a563aaf72221b6db88a20f8,1.5482136011123657,1.6269668340682983,0.07875323295593262,0.07875323295593262
2,505,ae6e83432ad2f196fd28c25d,1.287813425064087,0.8713600635528564,-0.41645336151123047,0.41645336151123047
2,506,35710d3b61ff0e9bdd78f895,0.949999988079071,1.1626204252243042,0.21262043714523315,0.21262043714523315
2,507,7d9c5581d9e3cbc94293e05f,1.7899999618530273,2.0734589099884033,0.283458948135376,0.283458948135376
2,508,def7282023b3a8d9cb81aa5b,2.77211332321167,2.845522165298462,0.07340884208679199,0.07340884208679199
2,509,d240de6031f11c7de2700a58,2.7695510387420654,2.5309524536132812,-0.23859858512878418,0.23859858512878418
2,510,fd2a13cff961f558fddcd19b,0.9399999976158142,1.3149892091751099,0.37498921155929565,0.37498921155929565
2,511,8fe93fe1608c17053ecce2fc,0.9599999785423279,1.4516581296920776,0.49165815114974976,0.49165815114974976
2,512,50e8083bbd98674ef449f0d6,2.113509178161621,2.0917165279388428,-0.02179265022277832,0.02179265022277832
2,513,3c6797c743cdcf7207fd55c3,2.617982864379883,3.706770181655884,1.088787317276001,1.088787317276001
2,514,b6552cd5921d223423762019,3.50445556640625,3.479313611984253,-0.02514195442199707,0.02514195442199707
2,515,e20d7aa25486c3269b1672f5,2.0399999618530273,0.9651676416397095,-1.0748323202133179,1.0748323202133179
2,516,a7963b6448078e7ac7997703,1.850000023841858,0.8560781478881836,-0.9939218759536743,0.9939218759536743
2,517,76f6fd5f07f1df4eb413db82,1.0499999523162842,1.001752495765686,-0.048247456550598145,0.048247456550598145
2,518,04a598bef92756443c6eb906,2.9913997650146484,3.346515417098999,0.3551156520843506,0.3551156520843506
2,519,04941f9a06cbf027ca4eae29,4.376750946044922,3.7137982845306396,-0.6629526615142822,0.6629526615142822
2,520,a183d5c860b6d5c3057601c6,1.8799999952316284,1.5761282444000244,-0.303871750831604,0.303871750831604
2,521,cd8bccd67e0983c514c5517d,3.60554838180542,1.3866811990737915,-2.218867301940918,2.218867301940918
2,522,ad678052cffbea4e45426d27,3.795880079269409,3.7325751781463623,-0.06330490112304688,0.06330490112304688
2,523,8657ad6ff2ab79f15feff526,2.0799999237060547,2.493133783340454,0.4131338596343994,0.4131338596343994
2,524,5736740649471eee7dc887b1,1.690000057220459,1.1979414224624634,-0.4920586347579956,0.4920586347579956
2,525,e18eadc994a13c8ff93ab387,1.0199999809265137,1.4806513786315918,0.4606513977050781,0.4606513977050781
2,526,204afe2c75e24d22b855bc29,1.4299999475479126,1.8171428442001343,0.3871428966522217,0.3871428966522217
2,527,08c553266fca9c478dbbcea5,0.3499999940395355,1.0110892057418823,0.6610891819000244,0.6610891819000244
2,528,fc45999084f64975973a8f49,1.1299999952316284,0.8781073093414307,-0.25189268589019775,0.25189268589019775
2,529,ea93a5de127f26c8bb5f6418,1.7100000381469727,1.8271054029464722,0.11710536479949951,0.11710536479949951
2,530,0d8d5dd8093eb7fd8d942306,0.6197887659072876,0.4241870939731598,-0.1956016719341278,0.1956016719341278
2,531,1520546a0e32a1d96d55ec53,2.0799999237060547,2.0705087184906006,-0.009491205215454102,0.009491205215454102
2,532,ba00f129ad35e2eafb6e7499,1.590000033378601,1.6023844480514526,0.012384414672851562,0.012384414672851562
2,533,0c3071c0bd6c6f412cf16280,1.0,0.48620498180389404,-0.513795018196106,0.513795018196106
2,534,a755ccfacd75f2c192027be6,1.599980354309082,2.1996495723724365,0.5996692180633545,0.5996692180633545
2,535,8ce5ad44326eccf9256d0282,1.8300000429153442,1.4087589979171753,-0.42124104499816895,0.42124104499816895
2,536,6ba28726d38fbd75b4822f69,1.0399999618530273,1.881121039390564,0.8411210775375366,0.8411210775375366
2,537,708f93dc68bdb96e6d9dd85c,3.619788646697998,3.9212539196014404,0.3014652729034424,0.3014652729034424
2,538,7984e5fc2bd2e2fcfa257f8d,0.7900000214576721,1.068729043006897,0.27872902154922485,0.27872902154922485
2,539,37ff6b7e1d1321a965d6bf91,1.2300000190734863,1.2850364446640015,0.05503642559051514,0.05503642559051514
2,540,53f4636e6d798db278adfaa4,1.440000057220459,1.5535521507263184,0.11355209350585938,0.11355209350585938
2,541,ea215b9c1541d6ee3150208e,3.778151273727417,3.466386318206787,-0.3117649555206299,0.3117649555206299
2,542,429a3837863f63e561ee734a,3.853872060775757,4.135188102722168,0.28131604194641113,0.28131604194641113
2,543,88a415836f644735f7edfe11,1.0099999904632568,0.5709877014160156,-0.4390122890472412,0.4390122890472412
2,544,daf6e2b43999d8c690c70076,2.3399999141693115,1.0547988414764404,-1.285201072692871,1.285201072692871
2,545,79dfe2126d1547086e61f73a,1.1799999475479126,1.4025708436965942,0.22257089614868164,0.22257089614868164
2,546,9700bd03894350cae38bc91d,1.3879400491714478,0.47793424129486084,-0.9100058078765869,0.9100058078765869
2,547,692789c61acb5f001ed0e468,2.3767507076263428,2.1507694721221924,-0.2259812355041504,0.2259812355041504
2,548,f1603b47ddb85ccd4792bc95,2.3260579109191895,2.4565975666046143,0.1305396556854248,0.1305396556854248
2,549,41f52da09819a824de391a6b,4.327902317047119,4.085813522338867,-0.24208879470825195,0.24208879470825195
2,550,9fa53b8ffc7722eed1e81c74,2.6575772762298584,3.6794331073760986,1.0218558311462402,1.0218558311462402
2,551,28d65becc3a3ffd5945139e5,3.538151979446411,3.346186876296997,-0.19196510314941406,0.19196510314941406
2,552,bcee2d82290f506ea01dbc38,1.1200000047683716,1.1574233770370483,0.03742337226867676,0.03742337226867676
2,553,4e835bcfcb80c9d4942ad7f9,0.8100000023841858,0.8458734750747681,0.035873472690582275,0.035873472690582275
2,554,e401518881e14605634e0316,1.2699999809265137,0.9354082942008972,-0.33459168672561646,0.33459168672561646
2,555,b6e5a431f4f8ccb281110105,0.4399999976158142,0.1989874392747879,-0.2410125583410263,0.2410125583410263
2,556,64ca3e506c5108f1c807f6d3,2.6441867351531982,2.893320083618164,0.24913334846496582,0.24913334846496582
2,557,a6e3e9e465d0f57e1cce38cb,0.6816583871841431,1.7065167427062988,1.0248583555221558,1.0248583555221558
2,558,d4834b3a07214b11b28fcc61,1.7000000476837158,1.4444993734359741,-0.2555006742477417,0.2555006742477417
2,559,95b7a3e81fb88ec2d1ea70c3,1.2100000381469727,1.4427400827407837,0.23274004459381104,0.23274004459381104
2,560,0378119b37dd9712b8048b5d,3.0399999618530273,1.836974859237671,-1.2030251026153564,1.2030251026153564
2,561,f9c004474bd1f3bcdd2537b5,1.25,1.2976319789886475,0.04763197898864746,0.04763197898864746
2,562,3f13547182b4732570a062de,1.149999976158142,2.028625726699829,0.878625750541687,0.878625750541687
2,563,468d3bc75a1a457e1d53725e,2.193819999694824,2.2609565258026123,0.06713652610778809,0.06713652610778809
2,564,56eacb3bd0a9808b28bb503d,1.059999942779541,2.022509813308716,0.9625098705291748,0.9625098705291748
2,565,73f71a56b9d0e4e163e0a00f,1.6399999856948853,1.6277955770492554,-0.012204408645629883,0.012204408645629883
2,566,09f9f2147fae58a2f458967c,1.25,0.800773024559021,-0.449226975440979,0.449226975440979
2,567,5f297784c1d351b47716491c,4.0,2.277850866317749,-1.722149133682251,1.722149133682251
2,568,420a43389ac6338d7915c5ba,1.5399999618530273,1.7035750150680542,0.16357505321502686,0.16357505321502686
2,569,b4946a70965fbbff72a7f311,2.698970079421997,2.2200610637664795,-0.4789090156555176,0.4789090156555176
2,570,52b5a9b16061a46be001a465,0.6200000047683716,1.3956599235534668,0.7756599187850952,0.7756599187850952
2,571,e1728599c8c14711515e758e,1.6799999475479126,1.82476007938385,0.1447601318359375,0.1447601318359375
2,572,2bcf341b08611e82b98bf534,4.452225208282471,3.4136109352111816,-1.038614273071289,1.038614273071289
2,573,54c46a09aac59445167d8f0c,1.2799999713897705,1.634588360786438,0.3545883893966675,0.3545883893966675
2,574,04e73cb51592323c6336e655,1.1200000047683716,1.9212838411331177,0.8012838363647461,0.8012838363647461
2,575,059635c08b01ff39180a560c,2.9316904544830322,2.9270517826080322,-0.004638671875,0.004638671875
2,576,5b671d8e1ef2d9c36ee031c2,1.3799999952316284,0.621290922164917,-0.7587090730667114,0.7587090730667114
2,577,ab65ae81ae74714e681de6b9,1.3415427207946777,1.5655969381332397,0.224054217338562,0.224054217338562
2,578,ca741cb5c612e6575abf84cd,1.2000000476837158,1.2035325765609741,0.0035325288772583008,0.0035325288772583008
2,579,c50e38922b22d9699107cc8c,2.0299999713897705,1.8393694162368774,-0.19063055515289307,0.19063055515289307
2,580,7917cdcdccf8a4e077be1af6,1.649999976158142,0.9356207847595215,-0.7143791913986206,0.7143791913986206
2,581,17f7bd2a48de40bb976bae6e,2.508638381958008,2.330843687057495,-0.1777946949005127,0.1777946949005127
2,582,f2b978e2d02dae81648992e2,0.029999999329447746,0.5386993885040283,0.5086994171142578,0.5086994171142578
2,583,3a7009041ba32e477c00de59,1.590000033378601,1.070428490638733,-0.5195715427398682,0.5195715427398682
2,584,533e7fe57982ee3ef2e7e4bc,0.9746941328048706,1.0048747062683105,0.03018057346343994,0.03018057346343994
2,585,50b3c8674222cdcfd67b3495,2.700000047683716,2.9560301303863525,0.2560300827026367,0.2560300827026367
2,586,e446a4f5fca0c0cf4aa58e1d,2.9200000762939453,2.571607828140259,-0.3483922481536865,0.3483922481536865
2,587,23cfde9b64b5148b9f2373c5,1.6020599603652954,1.5254744291305542,-0.07658553123474121,0.07658553123474121
2,588,2848da3eaa84b2630c7a168b,0.6499999761581421,1.12216317653656,0.47216320037841797,0.47216320037841797
2,589,9ab0c1a241bfa9ddb912ab13,4.494850158691406,4.092745780944824,-0.40210437774658203,0.40210437774658203
2,590,7a9436de412cc576c2f94da3,3.0799999237060547,1.4575440883636475,-1.6224558353424072,1.6224558353424072
2,591,c38f4d72e2d276c13990ce74,3.5477027893066406,2.7981116771698,-0.7495911121368408,0.7495911121368408
2,592,2a12ddc11662071b754cb889,3.0,2.0437076091766357,-0.9562923908233643,0.9562923908233643
2,593,042e0daffe52424ae0a34c1e,2.009999990463257,2.401385545730591,0.391385555267334,0.391385555267334
2,594,118c325d0dcf086f06aa7248,2.102372884750366,1.9599775075912476,-0.14239537715911865,0.14239537715911865
2,595,a7dbf8c16b1de52ac95ab0b5,1.384049892425537,2.286724805831909,0.9026749134063721,0.9026749134063721
2,596,7e561575e36aba512c57bbea,1.0800000429153442,1.458165168762207,0.3781651258468628,0.3781651258468628
2,597,f1cde8807eb1c605ba154f68,2.8336684703826904,3.3297603130340576,0.4960918426513672,0.4960918426513672
2,598,55bf9e3dfd89554a64dd4c43,2.886056661605835,3.8724265098571777,0.9863698482513428,0.9863698482513428
2,599,000a086c182ac67fdc989cc7,1.7200000286102295,1.0983926057815552,-0.6216074228286743,0.6216074228286743
2,600,8f4d573b2d72b68ea6668524,0.949999988079071,0.5402014851570129,-0.4097985029220581,0.4097985029220581
2,601,b06b4a8b15157a8f3d395ba0,1.1299999952316284,0.8652735948562622,-0.2647264003753662,0.2647264003753662
2,602,763c2b848221a74306efc30a,1.440000057220459,1.5583065748214722,0.11830651760101318,0.11830651760101318
2,603,5b4a79916136adcfbb0edfae,0.550000011920929,0.5038018822669983,-0.046198129653930664,0.046198129653930664
2,604,abd5a95c3082969a30782bc3,8.0,2.359290838241577,-5.640708923339844,5.640708923339844
2,605,645e5efebfbdcaccf19e62a3,1.879426121711731,2.526717185974121,0.6472910642623901,0.6472910642623901
2,606,f7f7407cae0ff65c1e5279e4,0.9599999785423279,1.2318572998046875,0.2718573212623596,0.2718573212623596
2,607,31965dcf48226a2fd1f8e55b,2.009999990463257,1.941902995109558,-0.06809699535369873,0.06809699535369873
2,608,d55baf850de1521593495c6a,1.559999942779541,1.267254114151001,-0.29274582862854004,0.29274582862854004
2,609,929007cd9e59ad79343313dc,1.2200000286102295,1.2494248151779175,0.02942478656768799,0.02942478656768799
2,610,b113e156d0130f7835215a50,0.9253904223442078,0.8964758515357971,-0.028914570808410645,0.028914570808410645
2,611,651129c06143327d989613b7,2.049999952316284,2.093949556350708,0.04394960403442383,0.04394960403442383
2,612,c7404eb57aa19b320a880f4b,1.399999976158142,0.855259895324707,-0.5447400808334351,0.5447400808334351
2,613,eb0b37bef3fc021d81bdf834,2.0399999618530273,1.2222421169281006,-0.8177578449249268,0.8177578449249268
2,614,8666899a41e61597ea3d3bce,1.9500000476837158,1.6852484941482544,-0.2647515535354614,0.2647515535354614
2,615,b77b85899a820c17bb55e5e8,0.20760831236839294,0.20037733018398285,-0.007230982184410095,0.007230982184410095
2,616,e55a868b28f830f810fb7851,4.698969841003418,3.6939337253570557,-1.0050361156463623,1.0050361156463623
2,617,adbefb3ac7512588316686bb,1.9900000095367432,2.2504663467407227,0.2604663372039795,0.2604663372039795
2,618,94d0d0da10a9dc693423cbf3,0.027797162532806396,1.1490123271942139,1.1212151050567627,1.1212151050567627
2,619,e901193a608f52883d612ea3,1.6299999952316284,1.002402663230896,-0.6275973320007324,0.6275973320007324
2,620,7d24bf28afbaba43302ca470,1.7899999618530273,1.4844850301742554,-0.305514931678772,0.305514931678772
2,621,d416681a5c8e91d3d0aee163,2.809999942779541,1.6110150814056396,-1.1989848613739014,1.1989848613739014
2,622,45ac7c3071dc814e39da1b81,2.049999952316284,1.17747962474823,-0.8725203275680542,0.8725203275680542
2,623,e19195c5f756bcf4a55b79f8,2.0043647289276123,0.9485658407211304,-1.055798888206482,1.055798888206482
2,624,474a1f520e3d81f1e194591c,0.1599999964237213,1.002624273300171,0.842624306678772,0.842624306678772
2,625,e0e60303ec282101d48c3fc3,1.087358832359314,1.6332758665084839,0.5459170341491699,0.5459170341491699
2,626,5823e1c0d5136bef8cf0b135,0.15000000596046448,0.08487756550312042,-0.06512244045734406,0.06512244045734406
2,627,bbe8f2a73c59fdd715067bab,1.4299999475479126,2.235469341278076,0.8054693937301636,0.8054693937301636
2,628,9b78fac2487a67198619d6ca,1.6100000143051147,1.9111336469650269,0.3011336326599121,0.3011336326599121
2,629,550a13b4b77f965b7083cd1d,1.9360682964324951,3.9587581157684326,2.0226898193359375,2.0226898193359375
2,630,fd2c32571fe88d2eb9e33dd8,1.4700000286102295,1.5901464223861694,0.12014639377593994,0.12014639377593994
2,631,8246cc9e75b97216e59c64a7,1.1799999475479126,0.9945799112319946,-0.18542003631591797,0.18542003631591797
2,632,f4e847417616db9616f049ac,0.9800000190734863,0.8086066842079163,-0.17139333486557007,0.17139333486557007
2,633,bf8e629372f83929443e8c24,4.07572078704834,3.9894230365753174,-0.08629775047302246,0.08629775047302246
2,634,647aefd9dacd8cf881397f53,2.2200000286102295,1.4225248098373413,-0.7974752187728882,0.7974752187728882
2,635,3856c0d03963c9025940ed5f,0.2800000011920929,1.112502932548523,0.8325029611587524,0.8325029611587524
2,636,f404ad95945905e8d906fa02,0.1530446708202362,0.4449317455291748,0.2918870747089386,0.2918870747089386
2,637,b90c6db16bcf0cd6c2b88ea1,2.8761484622955322,2.7580273151397705,-0.11812114715576172,0.11812114715576172
2,638,d5572a251e4fb5175bf23dae,3.314258337020874,3.2228121757507324,-0.0914461612701416,0.0914461612701416
2,639,4a7ab1d8e227d1330ab76451,2.569999933242798,3.0551178455352783,0.48511791229248047,0.48511791229248047
2,640,7af3ac574deec4dec7bd8cb4,1.350000023841858,1.2686067819595337,-0.08139324188232422,0.08139324188232422
2,641,bd9d5d9be3d92c842c438b86,1.3084596395492554,2.0169568061828613,0.708497166633606,0.708497166633606
2,642,2e29d43c89e9b4c71006925c,0.7099999785423279,0.3828364610671997,-0.3271635174751282,0.3271635174751282
2,643,55203cea3cd60f29f459f12b,2.4000000953674316,1.7915936708450317,-0.6084064245223999,0.6084064245223999
2,644,578ff594dc28c0dc197112f7,1.2799999713897705,1.3203755617141724,0.040375590324401855,0.040375590324401855
2,645,d06b65131f781b741a8de3da,1.1299999952316284,0.7466675043106079,-0.3833324909210205,0.3833324909210205
2,646,c135724515e13448d782d189,2.559999942779541,1.5995155572891235,-0.9604843854904175,0.9604843854904175
2,647,22f4460cc692466a151b69fe,1.2400000095367432,1.519403338432312,0.27940332889556885,0.27940332889556885
2,648,9c3f955567a32b049b6b5a92,1.6199697256088257,3.0827081203460693,1.4627383947372437,1.4627383947372437
2,649,01bff20a37059520630b2a81,1.6299999952316284,1.5859274864196777,-0.044072508811950684,0.044072508811950684
2,650,e67b5fbd3f0aa8c27f2ccb3e,1.3872160911560059,1.3275588750839233,-0.05965721607208252,0.05965721607208252
2,651,276ed34ac7461e3cb0fb6e12,1.440000057220459,1.5339479446411133,0.0939478874206543,0.0939478874206543
2,652,c95f4de245f14188bba6b169,1.6200000047683716,1.7567945718765259,0.1367945671081543,0.1367945671081543
2,653,db30207a9122fb649db26f90,1.4299999475479126,1.466099500656128,0.03609955310821533,0.03609955310821533
2,654,762e85c516ead3ad96d5ba73,1.4500000476837158,0.590501606464386,-0.8594984412193298,0.8594984412193298
2,655,75287b5ece597df033e02ecb,1.8300000429153442,1.9607516527175903,0.1307516098022461,0.1307516098022461
2,656,dca6b4a94a06b25be2c9351f,2.5100414752960205,3.0889856815338135,0.578944206237793,0.578944206237793
2,657,0ceb0a733958240b44a2bf01,0.5600000023841858,0.779888391494751,0.21988838911056519,0.21988838911056519
2,658,cb839593ca633ecb3d95bcb4,2.640000104904175,2.3517377376556396,-0.28826236724853516,0.28826236724853516
2,659,719883b846af722cee35d121,0.8299999833106995,0.6616575717926025,-0.16834241151809692,0.16834241151809692
2,660,2f03183edfd38e744176d606,1.9299999475479126,1.3615361452102661,-0.5684638023376465,0.5684638023376465
2,661,c8eb1ea2b3466f00e459a1d9,0.5228787660598755,1.696589708328247,1.1737109422683716,1.1737109422683716
2,662,a9ac4516cfd5ba329b177f81,1.53786039352417,1.1708033084869385,-0.36705708503723145,0.36705708503723145
2,663,0d956193977b1eddae82f4cb,0.4699999988079071,1.319132685661316,0.8491326570510864,0.8491326570510864
2,664,5ec0cb212d057713ac65b3e7,2.920095443725586,2.7745230197906494,-0.14557242393493652,0.14557242393493652
2,665,d6538f2a9f9432befe464c1c,2.0879552364349365,2.612191915512085,0.5242366790771484,0.5242366790771484
2,666,f5e726a47af8d2e8359bc502,2.609999895095825,1.5149794816970825,-1.0950204133987427,1.0950204133987427
2,667,ab1c68d9da55ed484a1dcacd,1.1399999856948853,1.7484444379806519,0.6084444522857666,0.6084444522857666
2,668,cf912e81f4e6a241ee80043b,2.5575201511383057,2.206671714782715,-0.3508484363555908,0.3508484363555908
2,669,f2964cc74d9c62b0f6d75991,4.455932140350342,3.8935320377349854,-0.5624001026153564,0.5624001026153564
2,670,220157b654f1a8dafe342c0a,3.218151330947876,3.3946170806884766,0.17646574974060059,0.17646574974060059
2,671,cfa1402763e66ac80dff515e,1.7958799600601196,1.2694374322891235,-0.5264425277709961,0.5264425277709961
2,672,7623f21d25d15613e1163fea,0.6600000262260437,1.080447793006897,0.42044776678085327,0.42044776678085327
2,673,8d0ec4456f8e2e3684caa784,3.119999885559082,2.7722699642181396,-0.3477299213409424,0.3477299213409424
2,674,93d28450198c759269b814d2,1.909999966621399,2.0234410762786865,0.1134411096572876,0.1134411096572876
2,675,62db161d2c388bd01a2c61cf,1.709874153137207,2.167948007583618,0.45807385444641113,0.45807385444641113
2,676,873fb94addb6c82fbca90389,3.640000104904175,3.4391942024230957,-0.2008059024810791,0.2008059024810791
2,677,486b510be2c33ce4f71af6f5,3.32790207862854,3.0723865032196045,-0.25551557540893555,0.25551557540893555
2,678,8a3169b43c8dca1928dedec3,1.1699999570846558,0.767052412033081,-0.4029475450515747,0.4029475450515747
2,679,0ce788808d4228e29ca2ae90,1.559999942779541,1.923667311668396,0.363667368888855,0.363667368888855
2,680,4c0d007d1f5f9de4712ad281,0.8600000143051147,1.1032594442367554,0.24325942993164062,0.24325942993164062
2,681,f72b330afb6288b983f22400,2.0199999809265137,1.5484803915023804,-0.4715195894241333,0.4715195894241333
2,682,bf2ed8e8bfa6c2b447c152f6,1.0299999713897705,1.9672070741653442,0.9372071027755737,0.9372071027755737
2,683,9e63bfdad6cafb6c9644fe60,1.2200000286102295,0.3120758831501007,-0.9079241752624512,0.9079241752624512
2,684,c852b831955a35b0c98a5e19,2.190000057220459,1.3819643259048462,-0.8080357313156128,0.8080357313156128
2,685,f53312975a815f1c75b2a83b,1.8899999856948853,1.787986397743225,-0.10201358795166016,0.10201358795166016
2,686,e5cd6cf40e6bc38aa2cc56b4,2.2922251224517822,2.285402774810791,-0.006822347640991211,0.006822347640991211
2,687,ff26c8d091b37b2fa70b7b53,0.6197887659072876,0.9607170820236206,0.340928316116333,0.340928316116333
2,688,d45332ba558c501417f9b1a1,1.649999976158142,1.711802363395691,0.06180238723754883,0.06180238723754883
2,689,c1e45804cd6e1e305b726336,0.7099999785423279,0.9455434083938599,0.23554342985153198,0.23554342985153198
2,690,3d4aca2b7a0d1ac9b3f91b47,1.193367838859558,1.350309133529663,0.15694129467010498,0.15694129467010498
2,691,4a9388d0b09071b80082b6a7,1.229148030281067,1.2448021173477173,0.01565408706665039,0.01565408706665039
2,692,a93b26f171eb5ddffa187d07,2.009999990463257,1.5380481481552124,-0.47195184230804443,0.47195184230804443
2,693,6f5250e65f27b281609d7c9a,0.6989700198173523,1.3487924337387085,0.6498224139213562,0.6498224139213562
2,694,81fc40ab32c61fcff964eda9,1.0700000524520874,0.9629162549972534,-0.10708379745483398,0.10708379745483398
2,695,0c7ca35c168c99404a5af5b0,1.409999966621399,0.9440691471099854,-0.4659308195114136,0.4659308195114136
2,696,b64a9950dd9adeede1423b69,0.7212464213371277,1.0114216804504395,0.29017525911331177,0.29017525911331177
2,697,c23932efec98f3a621c3d3fa,4.1674909591674805,1.9658936262130737,-2.201597213745117,2.201597213745117
2,698,cb2c78ddbd57d5e17488d82b,2.180000066757202,1.8572020530700684,-0.3227980136871338,0.3227980136871338
2,699,f3a5dfca9a6ea06d2c3501e3,1.399999976158142,1.2955528497695923,-0.1044471263885498,0.1044471263885498
2,700,1e63da5d728cb52e3972dc41,1.059999942779541,0.6286467909812927,-0.4313531517982483,0.4313531517982483
2,701,b4bb28e855986d1e47b97a1c,0.6800000071525574,0.11527203023433685,-0.5647279620170593,0.5647279620170593
2,702,4d5c0753b8cf84edbb11dab0,2.069999933242798,1.9686704874038696,-0.10132944583892822,0.10132944583892822
2,703,d7c45dcad7629e48d5798e3b,1.059999942779541,1.1253398656845093,0.06533992290496826,0.06533992290496826
2,704,0d5fd8bd12527a7e45357035,3.0,2.3899214267730713,-0.6100785732269287,0.6100785732269287
2,705,075e56bd7578b9f4dc5b9283,2.200000047683716,1.210063099861145,-0.9899369478225708,0.9899369478225708
2,706,4e1b4707a8e6e699ec40ea4d,1.159999966621399,1.358953595161438,0.19895362854003906,0.19895362854003906
2,707,d04563dcdf80965e4b4afd6a,3.5000381469726562,2.6756107807159424,-0.8244273662567139,0.8244273662567139
2,708,64dfc3bea95e63d631fa09e6,1.0099999904632568,0.5101354122161865,-0.4998645782470703,0.4998645782470703
2,709,7c073955e58e9219f2983313,1.690000057220459,1.5487366914749146,-0.14126336574554443,0.14126336574554443
2,710,b50da861ef298a83d5c38c2d,0.44999998807907104,0.5933836698532104,0.1433836817741394,0.1433836817741394
2,711,a420790c7bdaca6c773370e9,0.699999988079071,1.2573586702346802,0.5573586821556091,0.5573586821556091
2,712,4fdd262a17dc261fa199a3e7,0.8199999928474426,0.9129184484481812,0.09291845560073853,0.09291845560073853
2,713,98d67416b69ccb4b29ba27f4,1.7151182889938354,1.4982866048812866,-0.21683168411254883,0.21683168411254883
2,714,86d681bd765c1748ea93a209,2.509999990463257,2.1953494548797607,-0.3146505355834961,0.3146505355834961
2,715,4f3102ed1cf7248f03e637f5,1.1739251613616943,2.0448529720306396,0.8709278106689453,0.8709278106689453
2,716,4dad48a7e7871ef13872fa44,0.019999999552965164,0.6009769439697266,0.5809769630432129,0.5809769630432129
2,717,78268f48773a4d7175eb99e4,0.8399999737739563,1.5693234205245972,0.7293234467506409,0.7293234467506409
2,718,972a0108cfa0bf50cbbf93cc,0.30000001192092896,0.33676445484161377,0.036764442920684814,0.036764442920684814
2,719,97049a5e5790e094fd16c052,1.2599999904632568,1.978014349937439,0.7180143594741821,0.7180143594741821
2,720,6b5ad5aafb6feff2af857450,1.809999942779541,1.8738551139831543,0.06385517120361328,0.06385517120361328
2,721,0f285a872fc8d419f295e7f5,1.053547739982605,1.3289034366607666,0.2753556966781616,0.2753556966781616
2,722,7d1f076f5389bf91b13137cf,-0.4313637614250183,0.4259425401687622,0.8573063015937805,0.8573063015937805
2,723,1623a0b1e60f7fc2ba325ab9,1.2300000190734863,1.3542364835739136,0.12423646450042725,0.12423646450042725
2,724,558a8f5312ce639d8a68a1c1,2.102372884750366,2.843557596206665,0.7411847114562988,0.7411847114562988
2,725,373a48729ca0d27a92273d48,0.08354604989290237,1.79910409450531,1.7155580520629883,1.7155580520629883
2,726,2cb1033156351c1e1f2b92c9,1.1799999475479126,1.1133219003677368,-0.06667804718017578,0.06667804718017578
2,727,d588b1235c2442247186941b,1.850000023841858,1.2139288187026978,-0.6360712051391602,0.6360712051391602
2,728,64dae0b67e207088ae7c3a27,1.9299999475479126,2.2434499263763428,0.3134499788284302,0.3134499788284302
2,729,07f0d00e8ff76eff9535f62f,2.863279342651367,2.791649103164673,-0.07163023948669434,0.07163023948669434
2,730,fc0e4aab40a5b5eab4f458fd,0.8500000238418579,0.9985544681549072,0.14855444431304932,0.14855444431304932
2,731,3495f5ae1e57313146fb53e0,1.3565473556518555,1.5262054204940796,0.16965806484222412,0.16965806484222412
2,732,e6569ae0d1ac6d044e321e07,0.2846932113170624,2.2109227180480957,1.926229476928711,1.926229476928711
2,733,20fbd002731c49e7eb47f6d3,2.2300000190734863,1.9763435125350952,-0.2536565065383911,0.2536565065383911
2,734,a5fcf179b5cd3b217c762fa8,1.059999942779541,0.9539552927017212,-0.10604465007781982,0.10604465007781982
2,735,61c7e7fb9abea671947fde38,1.600000023841858,1.873487114906311,0.2734870910644531,0.2734870910644531
2,736,22d04831047cdca8a9d6f102,4.200659275054932,4.152285575866699,-0.04837369918823242,0.04837369918823242
2,737,ecf5a8a1e7d2918e89aa96f1,1.5399999618530273,2.103069305419922,0.5630693435668945,0.5630693435668945
2,738,70f54d21779b5dcd235ea8d1,1.9244530200958252,2.716679334640503,0.7922263145446777,0.7922263145446777
2,739,7743140934a474cc4f12dcbf,2.0399999618530273,2.1344473361968994,0.09444737434387207,0.09444737434387207
2,740,8f2e0def933a8a16fb83dd87,2.319999933242798,2.484358787536621,0.16435885429382324,0.16435885429382324
2,741,45dff8b2f4917d996e736741,0.7799999713897705,1.2801419496536255,0.500141978263855,0.500141978263855
2,742,47d85a03ee07debdd263e9f1,0.324221670627594,1.2989381551742554,0.9747164845466614,0.9747164845466614
2,743,0c8d5bb18e8e1e09cb72b506,2.069999933242798,1.2633100748062134,-0.8066898584365845,0.8066898584365845
2,744,4f2f039c0d0c4bd58a020d68,5.619788646697998,3.186936140060425,-2.4328525066375732,2.4328525066375732
2,745,f51d4069f41da3e7a63bf432,4.269999980926514,4.18624210357666,-0.08375787734985352,0.08375787734985352
2,746,631b125ee8464dd984c9a16c,5.623423099517822,4.9183669090271,-0.7050561904907227,0.7050561904907227
2,747,bb610e67d6178e9f869b160e,0.6000000238418579,0.7759430408477783,0.1759430170059204,0.1759430170059204
2,748,bbd713c8ec22a4641b74732c,1.9393022060394287,2.078702688217163,0.13940048217773438,0.13940048217773438
2,749,4fb4cd9144e254a809b4cc00,1.0099999904632568,1.1268996000289917,0.11689960956573486,0.11689960956573486
2,750,02375b07fc7cfd9b537e36df,4.0087738037109375,4.203633785247803,0.19485998153686523,0.19485998153686523
2,751,c65e5f72371a1e766b428381,1.7000000476837158,1.852057933807373,0.15205788612365723,0.15205788612365723
2,752,057d7dcd793c25a63688896b,1.4299999475479126,1.3452402353286743,-0.08475971221923828,0.08475971221923828
2,753,26857239b89c00b56b934850,4.329999923706055,4.190651893615723,-0.13934803009033203,0.13934803009033203
2,754,62417fae9db07462ef050122,2.509999990463257,2.5079433917999268,-0.002056598663330078,0.002056598663330078
2,755,68832ed87890b0fcfe71ccc9,1.3200000524520874,2.214245319366455,0.8942452669143677,0.8942452669143677
2,756,d30cc8228c75563413f6b87e,0.8999999761581421,0.7486807703971863,-0.1513192057609558,0.1513192057609558
2,757,0f4f6c4abec949b37168691d,3.45644474029541,2.5449564456939697,-0.9114882946014404,0.9114882946014404
2,758,8ae2042f9757a860048f9288,1.2835954427719116,1.423758625984192,0.14016318321228027,0.14016318321228027
2,759,d7fa14a5381adc81184de16d,1.6575772762298584,1.5407522916793823,-0.11682498455047607,0.11682498455047607
2,760,334d427a402d9b8e89474f7e,2.315753221511841,2.3894143104553223,0.07366108894348145,0.07366108894348145
2,761,2b11623ffa326282948b5686,3.795880079269409,3.788139820098877,-0.0077402591705322266,0.0077402591705322266
2,762,bb9476a728eb6c6c4ea65b6c,2.5140421390533447,2.608093500137329,0.09405136108398438,0.09405136108398438
2,763,ce19702a86d28d39dcfb63e1,2.5300307273864746,2.9883241653442383,0.45829343795776367,0.45829343795776367
2,764,0e318c180f8b757440640262,0.1580151915550232,0.4135722219944,0.25555703043937683,0.25555703043937683
2,765,da12e77f9002b0f7f7e93870,1.7999999523162842,1.0644429922103882,-0.735556960105896,0.735556960105896
2,766,bd8b0a49ca22f4c105a804f8,0.8700000047683716,1.522316575050354,0.6523165702819824,0.6523165702819824
2,767,4b3c8732a2b6686888db5ec2,0.699999988079071,0.5604594945907593,-0.13954049348831177,0.13954049348831177
2,768,b9c02ddcc8c6db8fa6c45703,1.7300000190734863,1.5306425094604492,-0.1993575096130371,0.1993575096130371
2,769,8ae0aa17edf3baeea156f6df,4.3098039627075195,4.236992359161377,-0.07281160354614258,0.07281160354614258
2,770,5723808473198bbb2357911a,2.009999990463257,2.1990244388580322,0.1890244483947754,0.1890244483947754
2,771,c8f4f97cad79c7997f2007c0,2.4685211181640625,1.4885942935943604,-0.9799268245697021,0.9799268245697021
2,772,eecca5978188b61d462cbfd5,1.409999966621399,1.328942894935608,-0.08105707168579102,0.08105707168579102
2,773,402ba938c19c03db27997500,2.450000047683716,2.0409884452819824,-0.4090116024017334,0.4090116024017334
2,774,59ea13851e290762fefbb23e,4.602059841156006,4.379490375518799,-0.22256946563720703,0.22256946563720703
2,775,74b31791d3ae2187c1ee4d9a,3.979590654373169,2.758450746536255,-1.221139907836914,1.221139907836914
2,776,630c32167e430568683705de,4.638272285461426,4.668801784515381,0.030529499053955078,0.030529499053955078
2,777,2c862fa7dd7f16ffc756a05b,1.7300000190734863,1.2489804029464722,-0.48101961612701416,0.48101961612701416
2,778,1dc116d122b3828d1387dfce,3.4000000953674316,2.814793348312378,-0.5852067470550537,0.5852067470550537
2,779,4c2595621cb4fa33a1dd6db6,1.8700000047683716,2.0576400756835938,0.18764007091522217,0.18764007091522217
2,780,0c5c5d153c4bee1667facfe2,1.4299999475479126,1.3719233274459839,-0.05807662010192871,0.05807662010192871
2,781,fe2b7286f83a141230f03873,1.4600000381469727,2.1274573802948,0.6674573421478271,0.6674573421478271
2,782,6e97750a175c0c7ad8cd334e,0.9800000190734863,1.020135521888733,0.04013550281524658,0.04013550281524658
2,783,cb2af521528d19d76a932dab,3.795880079269409,4.18038272857666,0.384502649307251,0.384502649307251
2,784,d68bf0d7fe52041b3dc5b2ac,0.1599999964237213,0.879001259803772,0.719001293182373,0.719001293182373
2,785,9226c847e48289f8811a8946,0.4099999964237213,1.243260145187378,0.833260178565979,0.833260178565979
2,786,388519cb13b61f12cac2395f,2.869666337966919,2.6155478954315186,-0.2541184425354004,0.2541184425354004
2,787,b9e93656f609e2ef4f871547,2.886056661605835,2.5861809253692627,-0.29987573623657227,0.29987573623657227
2,788,85a11578d26229b8f911f479,-0.14612802863121033,0.18954066932201385,0.335668683052063,0.335668683052063
2,789,1a6873e51c2a07067aa548ef,4.148741722106934,4.104279518127441,-0.04446220397949219,0.04446220397949219
2,790,d690b2c6c639cc759f3b11b4,1.850000023841858,1.1243736743927002,-0.7256263494491577,0.7256263494491577
2,791,28e1ec08691ce4b46ab25835,0.7099999785423279,1.1556321382522583,0.4456321597099304,0.4456321597099304
2,792,fff13bffedbdb50dcae54346,1.7599999904632568,2.003593683242798,0.24359369277954102,0.24359369277954102
2,793,641afa27dca1b6164461f114,2.4700000286102295,1.719312310218811,-0.7506877183914185,0.7506877183914185
2,794,63adc5f9ffbea27dffd7ac32,2.511167287826538,2.5288898944854736,0.017722606658935547,0.017722606658935547
2,795,8f8433270b783f04d44caab9,0.5326386094093323,2.0409996509552,1.5083611011505127,1.5083611011505127
2,796,5628a2c3911ed00208be48cd,1.8300000429153442,1.3847670555114746,-0.44523298740386963,0.44523298740386963
2,797,5c8a9974fa27f72e96823c96,2.390000104904175,2.9013493061065674,0.5113492012023926,0.5113492012023926
2,798,3570409af372d2d5a5bb000c,1.2200000286102295,0.8519955277442932,-0.3680045008659363,0.3680045008659363
2,799,5239cdd0b00d91078fc92005,2.7569620609283447,3.152733087539673,0.3957710266113281,0.3957710266113281
2,800,95eccd8cf2aad777db86511e,2.4000000953674316,2.2994070053100586,-0.10059309005737305,0.10059309005737305
2,801,7079aad7ec96cfa545866af0,1.8700000047683716,1.2035497426986694,-0.6664502620697021,0.6664502620697021
2,802,445a5b5dd5ad45bb8e6ee6ac,1.5228787660598755,3.2903950214385986,1.7675162553787231,1.7675162553787231
2,803,ba5bf9b677f531e39d361af9,0.40666306018829346,0.21334128081798553,-0.19332177937030792,0.19332177937030792
2,804,7581d1b922594840bf5e64be,1.6200000047683716,1.1804134845733643,-0.4395865201950073,0.4395865201950073
2,805,7a98aa8b6104860ad4269f6c,1.6505149602890015,1.0819510221481323,-0.5685639381408691,0.5685639381408691
2,806,dafe8b19e26513cb83210ed1,2.1700000762939453,2.32291579246521,0.15291571617126465,0.15291571617126465
2,807,0073db6f37b8b212e91d7e00,1.0800000429153442,0.8588657975196838,-0.2211342453956604,0.2211342453956604
2,808,eb42c41392ec5fa37ba3f732,2.130000114440918,1.6674684286117554,-0.4625316858291626,0.4625316858291626
2,809,b65cbc38b855add9e0803a16,1.045757532119751,1.3943235874176025,0.34856605529785156,0.34856605529785156
2,810,85de89d030ec2a84254348d2,1.7599999904632568,1.8779765367507935,0.11797654628753662,0.11797654628753662
2,811,c191fcd20bd3e01a0857ebd6,3.0222764015197754,3.299041986465454,0.2767655849456787,0.2767655849456787
2,812,aa175afcf39ede4e0a667bc3,2.4000000953674316,2.4454286098480225,0.04542851448059082,0.04542851448059082
2,813,7442a9fd759d4ba1ec4897f0,0.7300000190734863,1.5526143312454224,0.822614312171936,0.822614312171936
2,814,08e0ca64429e8cc7c966e5b2,0.6777806878089905,0.6577489376068115,-0.020031750202178955,0.020031750202178955
2,815,eb9ac553a622ee8aa402db2d,2.009999990463257,2.422556161880493,0.41255617141723633,0.41255617141723633
2,816,9d8228b68cca2475e5fa926b,1.9800000190734863,2.0748074054718018,0.09480738639831543,0.09480738639831543
2,817,9e8c82de9c901ea88686df6b,3.494849920272827,3.5654056072235107,0.0705556869506836,0.0705556869506836
2,818,36edebd42aa46875ba5c4dc0,1.9199999570846558,2.2767727375030518,0.356772780418396,0.356772780418396
2,819,c8c93dbeb4b85d1a6c63da4c,3.25,1.300297498703003,-1.949702501296997,1.949702501296997
2,820,69570b37c36b2c9420685a45,3.045757532119751,3.2420642375946045,0.19630670547485352,0.19630670547485352
2,821,79c7949d185f3f1518864cbe,1.600000023841858,1.4638619422912598,-0.13613808155059814,0.13613808155059814
2,822,a71cf93a224bd3fd1c80ca86,4.443697452545166,4.424901008605957,-0.018796443939208984,0.018796443939208984
2,823,70e7d5157ead12742a7298b0,0.25806093215942383,1.620772123336792,1.3627111911773682,1.3627111911773682
2,824,71eafc1976d92e94e313250c,2.617982864379883,3.706770181655884,1.088787317276001,1.088787317276001
2,825,27d358d0d5009352bf78ce82,2.4685211181640625,2.5433261394500732,0.07480502128601074,0.07480502128601074
2,826,aa6815a86b4db1536bff5cc6,0.8100000023841858,1.04420804977417,0.23420804738998413,0.23420804738998413
2,827,20430798a35c71c2b0a60ece,1.149999976158142,1.0594682693481445,-0.09053170680999756,0.09053170680999756
2,828,a0afc7ea742ffc1c2829ab35,1.9299999475479126,2.07621693611145,0.1462169885635376,0.1462169885635376
2,829,a26d5292106031665c495521,0.9200000166893005,1.0855764150619507,0.16557639837265015,0.16557639837265015
2,830,a6ca45d494dea5e24c3744e6,3.3565473556518555,3.0646755695343018,-0.2918717861175537,0.2918717861175537
2,831,843f34f3909b6b29b0bd9c8e,0.75,1.0259560346603394,0.27595603466033936,0.27595603466033936
2,832,49813be4681ebab1cfcb4c67,2.431798219680786,2.722947835922241,0.2911496162414551,0.2911496162414551
2,833,fe6d06f42936b9eeaf98b082,1.8300000429153442,1.594412922859192,-0.23558712005615234,0.23558712005615234
2,834,3c661bb0be1050cfe5d8d0db,2.509999990463257,2.0610039234161377,-0.44899606704711914,0.44899606704711914
2,835,9933eeba7664b38d67392652,3.0655014514923096,2.730862617492676,-0.3346388339996338,0.3346388339996338
2,836,58d63ea1f80e5d31407fb94e,2.5934598445892334,1.5989209413528442,-0.9945389032363892,0.9945389032363892
2,837,b46fb9b9bc809f1942dcd1ac,0.324221670627594,1.92046058177948,1.5962388515472412,1.5962388515472412
2,838,84f91061e903c4fad2e0908c,2.806875467300415,3.889247179031372,1.082371711730957,1.082371711730957
2,839,2d02f233eadcfa0b7aa1bc64,0.9800000190734863,0.7738029956817627,-0.20619702339172363,0.20619702339172363
2,840,49c372e97e2548b4e217341d,1.8600000143051147,1.3776463270187378,-0.48235368728637695,0.48235368728637695
2,841,3a93c644f3539dde3efb5089,1.7999999523162842,0.47103071212768555,-1.3289692401885986,1.3289692401885986
2,842,54e8584f33870f6407c66eee,1.7100000381469727,1.2347661256790161,-0.47523391246795654,0.47523391246795654
2,843,0b1160f9f3aa769718671e30,0.508638322353363,0.38604772090911865,-0.12259060144424438,0.12259060144424438
2,844,4b88496b79013949049ded15,3.454692840576172,2.8947436809539795,-0.5599491596221924,0.5599491596221924
2,845,e5ed43e16841fa801917e0cd,2.7784698009490967,2.6432273387908936,-0.13524246215820312,0.13524246215820312
2,846,574b85e67a65611c9bb9f2b3,1.9800000190734863,2.8976662158966064,0.9176661968231201,0.9176661968231201
2,847,6ac2d18c8bcba47e636dc318,3.1432712078094482,3.144684076309204,0.0014128684997558594,0.0014128684997558594
2,848,0e0f7c5b46bc32a0f8252892,1.0800000429153442,0.9610910415649414,-0.11890900135040283,0.11890900135040283
2,849,abf167519718d43f5ce942e4,0.7594507336616516,1.0224413871765137,0.26299065351486206,0.26299065351486206
2,850,82391ba1bf58fa5afe573f65,1.4600000381469727,1.2648917436599731,-0.1951082944869995,0.1951082944869995
2,851,3d80541e4bfa460c10b9d894,4.187086582183838,2.723238229751587,-1.463848352432251,1.463848352432251
2,852,c49f7e980e0814f48230bf13,2.0999999046325684,2.00437593460083,-0.09562397003173828,0.09562397003173828
2,853,43388ce275f41240cc33b23c,2.973403215408325,2.611569404602051,-0.3618338108062744,0.3618338108062744
2,854,cfb504f8d3ec8521a05630b2,2.140000104904175,0.75795578956604,-1.3820443153381348,1.3820443153381348
2,855,c623fcc60fceeafd32bad842,3.069999933242798,2.095714807510376,-0.9742851257324219,0.9742851257324219
2,856,009d1218a16e9c47fc4eabe5,1.190000057220459,1.0270320177078247,-0.16296803951263428,0.16296803951263428
2,857,c55d03a9f8429626243d59ec,-0.15000000596046448,0.7280725240707397,0.8780725002288818,0.8780725002288818
2,858,f828a8e5076ce4e42ee50f26,2.740000009536743,3.4231183528900146,0.6831183433532715,0.6831183433532715
2,859,6b9b3b77ccc969992f948499,0.41999998688697815,1.089935064315796,0.6699351072311401,0.6699351072311401
2,860,a16ef7898be88153c36e8329,3.823908805847168,3.8991739749908447,0.07526516914367676,0.07526516914367676
2,861,f825dcb05aff68f1be2d0ca9,2.7569620609283447,3.0258266925811768,0.26886463165283203,0.26886463165283203
2,862,9e499e6fef3b51f1e1d108fe,3.1944992542266846,3.683075189590454,0.48857593536376953,0.48857593536376953
2,863,e2fe0551198efd2b41b5ac06,1.7695510387420654,2.175584554672241,0.4060335159301758,0.4060335159301758
2,864,e3622ceadbabed73e058c978,4.110000133514404,3.914728879928589,-0.19527125358581543,0.19527125358581543
2,865,fe3073c1390478190095736a,1.590000033378601,1.8768041133880615,0.28680408000946045,0.28680408000946045
2,866,ca36ac54c7dd3a4bb6eee997,1.3899999856948853,1.8643841743469238,0.4743841886520386,0.4743841886520386
2,867,7c8efe92ab9febf2d60668a3,1.6200000047683716,1.4488437175750732,-0.17115628719329834,0.17115628719329834
2,868,c1f393cf397387250431c273,4.2132487297058105,4.047712326049805,-0.16553640365600586,0.16553640365600586
2,869,7437605ba6ea9bf4eb085c6a,1.1980135440826416,1.6278537511825562,0.42984020709991455,0.42984020709991455
2,870,76dc8d0ea3737810e552ffae,0.7599999904632568,0.8363698720932007,0.07636988162994385,0.07636988162994385
2,871,ba25c38e455f1c521f6b42ab,3.555955171585083,3.5668485164642334,0.01089334487915039,0.01089334487915039
2,872,824b1e1b1ce289b33243c4c9,0.8500000238418579,0.7374341487884521,-0.11256587505340576,0.11256587505340576
2,873,a3867e1ba70c4df369c719ba,-1.1367205381393433,0.04420902952551842,1.1809295415878296,1.1809295415878296
2,874,d948d29e2bbb90f991cfa5b6,1.4500000476837158,2.658216714859009,1.208216667175293,1.208216667175293
2,875,db46f600c0182bab0c1a4add,0.7099999785423279,0.800298810005188,0.09029883146286011,0.09029883146286011
2,876,f15458dbe65e14a088eb5bfc,4.598869800567627,2.4251322746276855,-2.1737375259399414,2.1737375259399414
2,877,d07b8cdb50157775f0513a0f,1.3200000524520874,1.2120805978775024,-0.10791945457458496,0.10791945457458496
2,878,ac14924b7fa8093179a8de4b,1.440000057220459,1.2470241785049438,-0.19297587871551514,0.19297587871551514
2,879,f95e6a78ce8a07c6484c216a,2.0,1.9317117929458618,-0.06828820705413818,0.06828820705413818
2,880,a3131c1dc374ccbf045bee30,4.585026741027832,4.374788761138916,-0.21023797988891602,0.21023797988891602
2,881,6ac0d7169e2400a0444d4fa8,2.4164233207702637,2.8744122982025146,0.457988977432251,0.457988977432251
2,882,b8093de656fa6d306ab1dce6,1.9299999475479126,1.2465184926986694,-0.6834814548492432,0.6834814548492432
2,883,fb641cc7417ae6906b6ce322,0.75,1.01162850856781,0.26162850856781006,0.26162850856781006
2,884,095efc0ae8da6736a4e9874a,2.9412786960601807,2.8421223163604736,-0.09915637969970703,0.09915637969970703
2,885,e3648fe231e83252b5bbdf6a,0.7520267367362976,0.924584150314331,0.17255741357803345,0.17255741357803345
2,886,d282acb27024c1c440855b6e,2.698970079421997,2.2200610637664795,-0.4789090156555176,0.4789090156555176
2,887,761f77779453e7e590068e0b,1.5,1.0711644887924194,-0.42883551120758057,0.42883551120758057
2,888,644e18d225dc17422c5c6d5e,2.7695510387420654,3.607334613800049,0.8377835750579834,0.8377835750579834
2,889,131feb7d90744d89099da821,2.140000104904175,2.2370829582214355,0.09708285331726074,0.09708285331726074
2,890,e7a3465c9ba1c829a4d9d25e,1.3899999856948853,1.2049719095230103,-0.185028076171875,0.185028076171875
2,891,476bc2817e6f936a00103ca6,1.0299999713897705,0.8479003310203552,-0.18209964036941528,0.18209964036941528
2,892,093292522b6755b770226faf,1.8200000524520874,2.5557501316070557,0.7357500791549683,0.7357500791549683
2,893,9e7a01758d9726370224a410,0.27000001072883606,0.46712279319763184,0.19712278246879578,0.19712278246879578
2,894,56620c84effd3fcffce99e58,1.7400000095367432,1.4242477416992188,-0.3157522678375244,0.3157522678375244
2,895,e7365b7dd8b80c95035d73e6,0.6777806878089905,0.6017240285873413,-0.07605665922164917,0.07605665922164917
2,896,9786d9c668204eb3f58fbece,1.0700000524520874,1.4858676195144653,0.41586756706237793,0.41586756706237793
2,897,a50893823e5663da03b8595b,2.408935308456421,2.300567626953125,-0.1083676815032959,0.1083676815032959
2,898,3ad92a5024c1e9fe41687f86,1.6840296983718872,1.8207502365112305,0.13672053813934326,0.13672053813934326
2,899,d85398aab3112eff061eee06,3.548213481903076,3.242577314376831,-0.3056361675262451,0.3056361675262451
2,900,a039ddfa58b4c8964a5ed6c5,4.229147911071777,4.072874069213867,-0.15627384185791016,0.15627384185791016
2,901,2d2473034485033608adf619,1.0255573987960815,1.184496283531189,0.15893888473510742,0.15893888473510742
2,902,27f9fd07ea093ef34711d782,0.8500000238418579,1.1911661624908447,0.3411661386489868,0.3411661386489868
2,903,e9a551117e3f8ad9626b6936,0.9800000190734863,1.5614103078842163,0.58141028881073,0.58141028881073
2,904,7464e12c6a35536e97c00684,1.9299999475479126,2.3840994834899902,0.45409953594207764,0.45409953594207764
2,905,621182b067c9c2ed3f2d987f,2.609999895095825,1.9247844219207764,-0.6852154731750488,0.6852154731750488
2,906,69838827da468d17eaa6de71,0.9399999976158142,1.578884243965149,0.6388842463493347,0.6388842463493347
2,907,ee268999222a9933d590d8e3,1.4800000190734863,2.160043954849243,0.6800439357757568,0.6800439357757568
2,908,f516ef8a3772138605ab096a,0.4399999976158142,1.073133111000061,0.6331331133842468,0.6331331133842468
2,909,fc9dbbec014f743ca0b5a028,0.6777806878089905,0.6646406650543213,-0.01314002275466919,0.01314002275466919
2,910,6122f2023de2e000e393fc03,2.009999990463257,1.8872301578521729,-0.12276983261108398,0.12276983261108398
2,911,00d6421ae3a9e527cd04f342,0.537901759147644,0.9269435405731201,0.3890417814254761,0.3890417814254761
2,912,e4b3bbc9b2793b68d3b92795,1.275724172592163,1.4487106800079346,0.17298650741577148,0.17298650741577148
2,913,632798caa8a3b452665eb9d0,0.7900000214576721,0.6503770351409912,-0.1396229863166809,0.1396229863166809
2,914,dcedcc30006f6fd690b0bf56,-0.004321373999118805,2.1364011764526367,2.1407225131988525,2.1407225131988525
2,915,9e6c7eb620c7e7c0ac73f185,2.380000114440918,1.9322255849838257,-0.4477745294570923,0.4477745294570923
2,916,a386ac7ff253e6747a1b0cd5,2.849857807159424,2.6856894493103027,-0.1641683578491211,0.1641683578491211
2,917,2b7347fe567bfd2a2e0bf5fb,1.0299999713897705,1.2467174530029297,0.21671748161315918,0.21671748161315918
2,918,9fa825bc140ca53fe8229f9a,2.319664478302002,2.289301633834839,-0.030362844467163086,0.030362844467163086
2,919,99262404fa5642632bf34cb5,2.585026741027832,2.7583043575286865,0.1732776165008545,0.1732776165008545
2,920,1703e0805d369a63e0cc4d5f,1.690000057220459,1.6775270700454712,-0.012472987174987793,0.012472987174987793
2,921,fa33ebca9321c048c1c7d085,1.2100000381469727,1.4307211637496948,0.22072112560272217,0.22072112560272217
2,922,760a131fa9b932af690023b3,2.390000104904175,1.4983705282211304,-0.8916295766830444,0.8916295766830444
2,923,2c30ee09b00abc1d9c027b7b,1.7200000286102295,0.6656255722045898,-1.0543744564056396,1.0543744564056396
2,924,cc4ba32db8257baabad2192c,1.4715476036071777,1.681373953819275,0.20982635021209717,0.20982635021209717
2,925,28abcfc2cf46493dd2e08483,2.318758726119995,2.2544968128204346,-0.06426191329956055,0.06426191329956055
2,926,516bce7a59f8cc76366498ff,1.850000023841858,2.0046823024749756,0.15468227863311768,0.15468227863311768
2,927,8fa4f4dee43f1ac5dd86e371,2.7300000190734863,2.7590506076812744,0.029050588607788086,0.029050588607788086
2,928,ad8652d249ef57c42166e517,3.698970079421997,3.4570021629333496,-0.24196791648864746,0.24196791648864746
2,929,984d08c86e90f6ba08181fba,0.7200000286102295,0.7947918772697449,0.07479184865951538,0.07479184865951538
2,930,1437413eaf645afc755ce939,1.5499999523162842,1.701546549797058,0.15154659748077393,0.15154659748077393
2,931,d20d4513227c783671f16ab3,5.318758964538574,2.882988929748535,-2.435770034790039,2.435770034790039
2,932,e6638b0d91e269e17bd2b028,2.0899999141693115,2.0137860774993896,-0.07621383666992188,0.07621383666992188
2,933,e2266610b11c8b7482f2c569,4.318758964538574,4.135079383850098,-0.18367958068847656,0.18367958068847656
2,934,85ce5f1b75dc317aa3db668f,1.059999942779541,0.16528967022895813,-0.8947103023529053,0.8947103023529053
2,935,c2ff20b0cfea7d93c4b62ecc,1.909999966621399,1.382460355758667,-0.5275396108627319,0.5275396108627319
2,936,170e143a1d1357b08a9f0875,0.25999999046325684,0.6579666137695312,0.3979666233062744,0.3979666233062744
2,937,2af8351a712efd01b0cc6319,0.6777806878089905,0.6017240285873413,-0.07605665922164917,0.07605665922164917
2,938,ff65e47989ae4705de34b0c9,1.366531491279602,1.2375930547714233,-0.1289384365081787,0.1289384365081787
2,939,8c825c3ea99d772e1db37625,1.2899999618530273,1.7543150186538696,0.4643150568008423,0.4643150568008423
2,940,7e5862776a643e16072724b4,-1.3424227237701416,0.14716827869415283,1.4895910024642944,1.4895910024642944
2,941,64c23a2cde366db6eb83ce89,2.7471470832824707,2.6681556701660156,-0.07899141311645508,0.07899141311645508
2,942,55241b044d8384a933a5f0bd,0.5686362385749817,0.43831107020378113,-0.13032516837120056,0.13032516837120056
2,943,a77960ae8eacd6c1c78d09fd,3.364516258239746,3.204561710357666,-0.15995454788208008,0.15995454788208008
2,944,5c38ef95a607fe15b2397f08,1.7099653482437134,1.7531200647354126,0.04315471649169922,0.04315471649169922
2,945,bd039bddae51fe70b050560f,1.600000023841858,1.5979059934616089,-0.0020940303802490234,0.0020940303802490234
2,946,4101cc667139c42eaa2a05d3,0.3100000023841858,0.811797022819519,0.5017970204353333,0.5017970204353333
2,947,1a108fa218ac57848b39240f,2.017728805541992,2.167948007583618,0.15021920204162598,0.15021920204162598
2,948,550c5c128b2b7aa0d24ef950,1.809999942779541,1.364817500114441,-0.4451824426651001,0.4451824426651001
2,949,a743d26b09fe1c3ef9925513,4.236571788787842,4.193841934204102,-0.042729854583740234,0.042729854583740234
2,950,649386804881412e8464bda7,3.2200000286102295,3.42570424079895,0.2057042121887207,0.2057042121887207
2,951,a62614ea74d81abf8a7a2ec9,0.5376020073890686,0.449526846408844,-0.08807516098022461,0.08807516098022461
2,952,7c2173a245bb56fe393122d6,3.0377886295318604,3.2579100131988525,0.2201213836669922,0.2201213836669922
2,953,01d83054eaa33e71bd5e4f62,2.113509178161621,1.9592622518539429,-0.15424692630767822,0.15424692630767822
2,954,7b7cacc9d0cf9fc71640d4b6,1.1699999570846558,0.9793452024459839,-0.19065475463867188,0.19065475463867188
2,955,b8acc55f8ee345d6efae1756,3.390000104904175,2.9419023990631104,-0.44809770584106445,0.44809770584106445
2,956,93e1e83c51cbe0a37e682808,3.9586071968078613,3.6365468502044678,-0.32206034660339355,0.32206034660339355
2,957,3815a66c0ab1c50a71b7fc11,1.2276782989501953,1.5980933904647827,0.3704150915145874,0.3704150915145874
2,958,bd1fe8d6feec2ee96697ee21,0.4893209636211395,0.8893157839775085,0.399994820356369,0.399994820356369
2,959,3b3082b5c3b0ddac8ca9943d,0.47999998927116394,0.7599339485168457,0.27993395924568176,0.27993395924568176
2,960,d3c3e527af77eda0f3f06e5d,1.148741602897644,1.2893753051757812,0.1406337022781372,0.1406337022781372
2,961,d9e16c9d029520e34fdac679,1.8700000047683716,1.1320611238479614,-0.7379388809204102,0.7379388809204102
2,962,61464c56c59ff22c2e7f881b,0.9100000262260437,0.8458524346351624,-0.06414759159088135,0.06414759159088135
2,963,43c06c901dd0c1b87e750b0f,4.522878646850586,4.068666934967041,-0.4542117118835449,0.4542117118835449
2,964,f2173e459c79294fddf81b18,1.3157532215118408,3.077071189880371,1.7613179683685303,1.7613179683685303
2,965,b27e2887a86f4ebc8a2a477e,2.267606258392334,2.230994462966919,-0.03661179542541504,0.03661179542541504
2,966,3a02af29bcc3356a298e318b,1.3600000143051147,0.5456079244613647,-0.81439208984375,0.81439208984375
2,967,58573113441ab84e741a0606,0.3979400098323822,0.5720606446266174,0.17412063479423523,0.17412063479423523
2,968,d4a20e2c4e76c58f00ae39c2,1.5800000429153442,0.9370369911193848,-0.6429630517959595,0.6429630517959595
2,969,000ca7bd9631e51d1d253699,2.0,2.2037980556488037,0.2037980556488037,0.2037980556488037
2,970,39f9892dda3258ef64577106,1.003926396369934,1.25834321975708,0.254416823387146,0.254416823387146
2,971,d83f7cdcca464aa48a97636f,0.7471469640731812,1.1534613370895386,0.4063143730163574,0.4063143730163574
2,972,5b93267915b0785f02dbc505,0.7400000095367432,0.7756372690200806,0.0356372594833374,0.0356372594833374
2,973,cf95c26f35f752c9ab6625e9,1.9900000095367432,1.5855244398117065,-0.4044755697250366,0.4044755697250366
2,974,9927f61afde4978cc61d2397,2.7300000190734863,2.2415425777435303,-0.48845744132995605,0.48845744132995605
2,975,67beddd28463feefaf96df2d,0.6020600199699402,1.0958880186080933,0.4938279986381531,0.4938279986381531
2,976,99acc7a3768e856760faa8aa,0.8538719415664673,0.7965329885482788,-0.05733895301818848,0.05733895301818848
2,977,dd115a3533a65d1bd0b7bb9b,0.550000011920929,0.7796206474304199,0.22962063550949097,0.22962063550949097
2,978,31b951bdc15bde8237e2d542,0.5799999833106995,0.7728272080421448,0.1928272247314453,0.1928272247314453
2,979,e71585ae15c0656168c6cc2f,0.7300000190734863,0.17899705469608307,-0.5510029792785645,0.5510029792785645
2,980,645a37b815ed67fe9b9217eb,1.409999966621399,0.9038593173027039,-0.5061406493186951,0.5061406493186951
2,981,a55abf6f3d24a9d95f5ad225,1.2400000095367432,0.810111403465271,-0.42988860607147217,0.42988860607147217
2,982,205c77b2140330d181dee902,1.6200000047683716,1.6071057319641113,-0.012894272804260254,0.012894272804260254
2,983,a5f84435fc3b710a2d4d326e,3.380211353302002,2.2366788387298584,-1.1435325145721436,1.1435325145721436
2,984,c46ffa259cb0e9570b41b8bc,1.7599999904632568,2.2503905296325684,0.4903905391693115,0.4903905391693115
2,985,1b6739caa078489b3b1aeaf1,1.3200000524520874,0.9749530553817749,-0.3450469970703125,0.3450469970703125
2,986,377eae4e9ff9fda1b4b5ce52,1.8700000047683716,1.556287169456482,-0.31371283531188965,0.31371283531188965
2,987,f4148b5733653948d14d011b,0.75,1.6553727388381958,0.9053727388381958,0.9053727388381958
2,988,2801399ed4d8fd47389cfa27,2.380000114440918,2.814147472381592,0.43414735794067383,0.43414735794067383
2,989,30962527f0defecf51edfc4c,3.537601947784424,3.5341999530792236,-0.0034019947052001953,0.0034019947052001953
2,990,b845240a63339a0c3896c621,2.886056661605835,2.8407583236694336,-0.04529833793640137,0.04529833793640137
2,991,b5b92ff369d85066d862c68d,1.809999942779541,1.6325873136520386,-0.17741262912750244,0.17741262912750244
2,992,c71e1f27efca9740871481b3,1.840000033378601,2.3542308807373047,0.5142308473587036,0.5142308473587036
2,993,f1dedb78164c538d5de00e3c,1.8300000429153442,1.4272114038467407,-0.4027886390686035,0.4027886390686035
2,994,91effb444766304601a69357,1.149999976158142,0.5856844186782837,-0.5643155574798584,0.5643155574798584
2,995,50713fea837175eb99cadd19,1.366531491279602,1.2375930547714233,-0.1289384365081787,0.1289384365081787
2,996,a21adfe5b4c50a1bc6f59646,2.2699999809265137,1.6959737539291382,-0.5740262269973755,0.5740262269973755
2,997,95534222d13bb38a8bbafa2c,0.28999999165534973,1.640060305595398,1.3500603437423706,1.3500603437423706
2,998,0e237562b37d3dc34e9a7b97,1.899999976158142,1.9484328031539917,0.04843282699584961,0.04843282699584961
2,999,03b288f0fac8bbaea07fe477,2.9788107872009277,2.994579553604126,0.015768766403198242,0.015768766403198242
2,1000,2710b486a407b764c307f31f,4.886056423187256,3.8890464305877686,-0.9970099925994873,0.9970099925994873
2,1001,95b94798506d141b9b60e18f,0.8299999833106995,1.2632752656936646,0.4332752823829651,0.4332752823829651
2,1002,7c6e01b341ddf067f770ce9f,2.698970079421997,2.7058215141296387,0.0068514347076416016,0.0068514347076416016
2,1003,3930a5ebf079d5ee6d78c654,0.41999998688697815,1.2149819135665894,0.7949819564819336,0.7949819564819336
2,1004,d349d5224febb734c8bbaa8b,4.585026741027832,3.953397512435913,-0.631629228591919,0.631629228591919
2,1005,afcd23f4e41b0f24b356b28d,3.2899672985076904,3.0258066654205322,-0.2641606330871582,0.2641606330871582
2,1006,c85a225801f29175193c34f5,2.0999999046325684,1.7663062810897827,-0.33369362354278564,0.33369362354278564
2,1007,895283ae34e9fc8637d03cde,1.1399999856948853,1.3009998798370361,0.16099989414215088,0.16099989414215088
2,1008,7c883450d88a0c66ddf081c3,1.9199999570846558,2.3911893367767334,0.47118937969207764,0.47118937969207764
2,1009,97b9792057866e47e2ba3420,1.0700000524520874,1.2535595893859863,0.18355953693389893,0.18355953693389893
2,1010,d18887ccf6849a59fcdf7210,0.8569852113723755,1.0233163833618164,0.16633117198944092,0.16633117198944092
2,1011,2fef991ce7c1f440d0bdf1c3,-1.2552725076675415,3.9116244316101074,5.166896820068359,5.166896820068359
2,1012,965c97d63a8665458ded74a1,3.284832715988159,3.2544727325439453,-0.030359983444213867,0.030359983444213867
2,1013,28c26d808ba82a98a198af79,0.9200000166893005,1.037583351135254,0.11758333444595337,0.11758333444595337
2,1014,83e0a1251a84cb8956863d78,1.3899999856948853,1.4992176294326782,0.10921764373779297,0.10921764373779297
2,1015,0322220c82f53f7461616929,0.9586073160171509,0.926906168460846,-0.03170114755630493,0.03170114755630493
2,1016,9ddec9aebebe307539188b92,2.431798219680786,2.888446092605591,0.4566478729248047,0.4566478729248047
2,1017,606cb4e2ba340f7cc5c26616,0.9800000190734863,1.1213523149490356,0.14135229587554932,0.14135229587554932
2,1018,a66c3a9ad860437ac732748c,1.809999942779541,1.6985654830932617,-0.1114344596862793,0.1114344596862793
2,1019,355142b1cc5797414b2b2799,2.1500000953674316,2.2712976932525635,0.12129759788513184,0.12129759788513184
2,1020,fb2ffd6ce87881475f3887c1,1.899999976158142,1.6224267482757568,-0.27757322788238525,0.27757322788238525
2,1021,fe6d269f9c7eb581c33ee2f1,1.8761483430862427,0.23960258066654205,-1.6365457773208618,1.6365457773208618
2,1022,dbd3c14d4b16726471bb30b6,3.3857357501983643,2.0243406295776367,-1.3613951206207275,1.3613951206207275
2,1023,b12c2bd476f2d02c4a1d378b,2.853872060775757,2.7125160694122314,-0.1413559913635254,0.1413559913635254
2,1024,fda6b246e79c22fadcda709f,0.9300000071525574,1.1332160234451294,0.20321601629257202,0.20321601629257202
2,1025,b15181bd392f4b31c45480b5,2.4164233207702637,1.8646601438522339,-0.5517631769180298,0.5517631769180298
2,1026,d9bff437eade2605e7c9441e,1.2300000190734863,1.3558293581008911,0.12582933902740479,0.12582933902740479
2,1027,b30b996575716c0843c86ea3,1.6020599603652954,1.717185616493225,0.11512565612792969,0.11512565612792969
2,1028,da50821e94e164b33bd969cf,-4.274158000946045,-2.311695098876953,1.9624629020690918,1.9624629020690918
2,1029,d40c6b1fb07425c3fe154710,1.7400000095367432,1.8773655891418457,0.13736557960510254,0.13736557960510254
2,1030,d91a2fa52619ae4d8f9f7817,1.100000023841858,1.0575960874557495,-0.0424039363861084,0.0424039363861084
2,1031,7f6cca920508f2659cb22111,-0.03999999910593033,1.0108202695846558,1.050820231437683,1.050820231437683
2,1032,ef7141d09069cc19fcbe7944,1.5099999904632568,1.4856059551239014,-0.02439403533935547,0.02439403533935547
2,1033,f996758881a25421f2a6b3d4,1.1799999475479126,0.612456738948822,-0.5675432085990906,0.5675432085990906
2,1034,4ccb1cdfc0389505020ebab3,2.8327155113220215,2.9931552410125732,0.16043972969055176,0.16043972969055176
2,1035,1cb287170f8fda3dc6861936,3.087777853012085,2.9551870822906494,-0.13259077072143555,0.13259077072143555
2,1036,ff8707161428652143bd06f2,2.6600000858306885,2.5008344650268555,-0.159165620803833,0.159165620803833
2,1037,be56bd97358da21b6b8ed189,1.9700000286102295,1.4776580333709717,-0.4923419952392578,0.4923419952392578
2,1038,8daf19942a99ff4d9686066d,2.0999999046325684,2.0602643489837646,-0.03973555564880371,0.03973555564880371
2,1039,8270714b1ed026a1298c2f82,3.6575772762298584,3.988908529281616,0.3313312530517578,0.3313312530517578
2,1040,51796492c0590bf9fbaebb48,0.47999998927116394,0.5642931461334229,0.08429315686225891,0.08429315686225891
2,1041,2f3d84358db9d40f435c7aa1,1.3010300397872925,2.502178907394409,1.2011488676071167,1.2011488676071167
2,1042,b6101b3d41a75f16fab1d573,1.3899999856948853,1.4704228639602661,0.08042287826538086,0.08042287826538086
2,1043,3a5f7e704a3f248798a4cf30,0.7099999785423279,1.065335988998413,0.3553360104560852,0.3553360104560852
2,1044,329f7d7fc4b8fe74e3df38e4,0.8100000023841858,0.46200013160705566,-0.3479998707771301,0.3479998707771301
2,1045,2d22800d400cfb3e77823e51,3.8659825325012207,2.1074442863464355,-1.7585382461547852,1.7585382461547852
2,1046,9eeb593d744b5c81f43c6d97,3.73002028465271,4.056475639343262,0.32645535469055176,0.32645535469055176
2,1047,2180b46bc5ebef8d834ab1a0,1.5,2.1541266441345215,0.6541266441345215,0.6541266441345215
2,1048,501b7eed64d57971fa47bb74,2.240000009536743,1.5928455591201782,-0.6471544504165649,0.6471544504165649
2,1049,f7bca25b46d600ff35eb3c68,0.9700000286102295,0.8184481859207153,-0.15155184268951416,0.15155184268951416
2,1050,d432fa7c9dbe1b00df89ede6,3.430000066757202,2.7121851444244385,-0.7178149223327637,0.7178149223327637
2,1051,af0f6c6d33b3cdca9933be7a,2.665546178817749,2.383859157562256,-0.28168702125549316,0.28168702125549316
2,1052,1d88af3e93c55316c62a1439,0.3979400098323822,0.7708561420440674,0.3729161322116852,0.3729161322116852
2,1053,734bdafabcd698368b4bec97,1.0099999904632568,1.1239365339279175,0.11393654346466064,0.11393654346466064
2,1054,e273c624e391e283610c0904,2.7381510734558105,3.3568108081817627,0.6186597347259521,0.6186597347259521
2,1055,7c7f22afbaf174747f72192c,2.0299999713897705,1.537333607673645,-0.4926663637161255,0.4926663637161255
2,1056,6c5c79a53070b89cbf9aa3e9,1.3700000047683716,1.3938943147659302,0.023894309997558594,0.023894309997558594
2,1057,6da7def9e9356f7bd753ca30,0.8700000047683716,0.8522083759307861,-0.01779162883758545,0.01779162883758545
2,1058,786544cacb4375bd212388f2,1.7200000286102295,1.1968854665756226,-0.5231145620346069,0.5231145620346069
2,1059,9cd42c178f1d86a3133c0019,1.3699791431427002,2.2278664112091064,0.8578872680664062,0.8578872680664062
2,1060,6cd1d899843fcb3691fa8414,2.8399999141693115,1.426284670829773,-1.4137152433395386,1.4137152433395386
2,1061,528b5aeb07a66fa2ead5d62a,0.47999998927116394,0.37214595079421997,-0.10785403847694397,0.10785403847694397
2,1062,32761d964ccf4a660624ae7d,1.6699999570846558,1.7032207250595093,0.033220767974853516,0.033220767974853516
2,1063,4c0a312e1bd8448142590853,1.7699999809265137,1.5799161195755005,-0.19008386135101318,0.19008386135101318
2,1064,34fc54ec0a21b596e266c457,2.509999990463257,2.4090383052825928,-0.10096168518066406,0.10096168518066406
2,1065,71adb694312141674e6c5c03,4.929962158203125,4.095657825469971,-0.8343043327331543,0.8343043327331543
2,1066,475df20f09a314210450abfb,3.4164233207702637,2.2489280700683594,-1.1674952507019043,1.1674952507019043
2,1067,47f99cb4a6ad8685bf09cf2c,2.397939920425415,2.115828275680542,-0.28211164474487305,0.28211164474487305
2,1068,feae395fb871a1d848181ded,0.7400000095367432,1.300608515739441,0.5606085062026978,0.5606085062026978
2,1069,400e428958ebe29076db1459,3.1881508827209473,3.4168503284454346,0.2286994457244873,0.2286994457244873
2,1070,e285bb0856fd60b83510b7af,0.2518119812011719,1.5084269046783447,1.2566149234771729,1.2566149234771729
2,1071,d24a5395c838794d375a35c5,2.0399999618530273,2.4425899982452393,0.4025900363922119,0.4025900363922119
2,1072,a06e1aa85b134e1acb27bab4,1.309999942779541,2.034306526184082,0.724306583404541,0.724306583404541
2,1073,f3fa2b485c42c19342535521,2.5399999618530273,2.0791611671447754,-0.46083879470825195,0.46083879470825195
2,1074,e13c2a1e26e15dc4a281c3f6,1.3700000047683716,0.4266798794269562,-0.9433201551437378,0.9433201551437378
2,1075,0518c0594523e83299f98955,0.5867002606391907,0.8781911134719849,0.2914908528327942,0.2914908528327942
2,1076,a81e89543d34d25b59e9a8da,4.275723934173584,4.084088325500488,-0.1916356086730957,0.1916356086730957
2,1077,6a02e6ffdb3e0f30cd092f19,1.5199999809265137,1.672544002532959,0.1525440216064453,0.1525440216064453
2,1078,04e8b2b1ebad406de035823d,2.8004276752471924,3.07415509223938,0.2737274169921875,0.2737274169921875
2,1079,2924c3e6a2aa082858835051,0.18000000715255737,1.3230912685394287,1.1430912017822266,1.1430912017822266
2,1080,d0026f2a4aa7394e215c28f2,2.1700000762939453,1.7152365446090698,-0.4547635316848755,0.4547635316848755
2,1081,65c8d7658894834405d3a911,1.1791419982910156,1.5732839107513428,0.39414191246032715,0.39414191246032715
2,1082,97727fa01ca086a80a1f50c4,4.410050392150879,3.4402499198913574,-0.9698004722595215,0.9698004722595215
2,1083,351f359f480cb5ba26b5719a,1.0399999618530273,1.6180702447891235,0.5780702829360962,0.5780702829360962
2,1084,109900276753db8e9fcb0ef5,2.259999990463257,2.241048574447632,-0.018951416015625,0.018951416015625
2,1085,c79dcf67973453e5cf6bef5b,1.75,0.9923914670944214,-0.7576085329055786,0.7576085329055786
2,1086,3d5c5e9061bc6b508087d5d6,2.185086727142334,-0.3480481207370758,-2.533134937286377,2.533134937286377
2,1087,24edbd235cf3152d42934532,3.0900163650512695,3.0407490730285645,-0.04926729202270508,0.04926729202270508
2,1088,20f25c87db351d7822e271f5,1.1799999475479126,1.1760791540145874,-0.003920793533325195,0.003920793533325195
2,1089,e66100c943bbc81ff448a1af,3.6635403633117676,3.5238730907440186,-0.13966727256774902,0.13966727256774902
3,0,763c2b848221a74306efc30a,1.440000057220459,1.3480784893035889,-0.09192156791687012,0.09192156791687012
3,1,f1e65b236e3430440f1ca144,1.2000000476837158,0.502692699432373,-0.6973073482513428,0.6973073482513428
3,2,6e13eae48f2ad203f2f704bc,2.5299999713897705,1.691494345664978,-0.8385056257247925,0.8385056257247925
3,3,62fc747627bcb4bceb98025c,1.238072156906128,0.5801577568054199,-0.657914400100708,0.657914400100708
3,4,e836b665b3afe1271b848452,1.690000057220459,1.6748435497283936,-0.01515650749206543,0.01515650749206543
3,5,4122db94242d253e37573906,3.0409586429595947,2.1458609104156494,-0.8950977325439453,0.8950977325439453
3,6,1cb287170f8fda3dc6861936,3.087777853012085,3.3580684661865234,0.2702906131744385,0.2702906131744385
3,7,e123525d7874efb1cf8a2de3,4.443697452545166,4.452847480773926,0.009150028228759766,0.009150028228759766
3,8,9f4662ab10aeeb70a0737201,0.9900000095367432,1.148942470550537,0.15894246101379395,0.15894246101379395
3,9,59bff7da986621b9ef58cf0a,1.8899999856948853,1.4892239570617676,-0.4007760286331177,0.4007760286331177
3,10,03638e7b8dd538e280bbec58,0.20999999344348907,0.7359956502914429,0.525995671749115,0.525995671749115
3,11,7091310b1aaa58cfbaab2bb0,1.840000033378601,1.9971487522125244,0.15714871883392334,0.15714871883392334
3,12,ffa753eb7486037194437113,0.6020600199699402,0.9460141658782959,0.3439541459083557,0.3439541459083557
3,13,a52c304b2cc8b537a80019d6,3.7647507190704346,3.1477677822113037,-0.6169829368591309,0.6169829368591309
3,14,f00d1d6efc8dbe1ae730835e,2.7735400199890137,2.987278699874878,0.21373867988586426,0.21373867988586426
3,15,d687e0ffc32cb51e961657c3,3.3499999046325684,3.372124195098877,0.022124290466308594,0.022124290466308594
3,16,0a353ea7ea954b9329ec94cf,1.5399999618530273,0.5856342315673828,-0.9543657302856445,0.9543657302856445
3,17,ca8fcc53d0bdd64024741990,3.359999895095825,2.576860189437866,-0.783139705657959,0.783139705657959
3,18,19d66d3ac41147ff5b711475,1.9299999475479126,2.736109733581543,0.8061097860336304,0.8061097860336304
3,19,2b17dacf66385bcabb008513,3.5638372898101807,3.0415890216827393,-0.5222482681274414,0.5222482681274414
3,20,b36c79b6213d30b5e0994e69,2.2441251277923584,2.470372438430786,0.22624731063842773,0.22624731063842773
3,21,5a0a13216b28d3e1538ae466,3.0048036575317383,3.0463221073150635,0.041518449783325195,0.041518449783325195
3,22,68fd1dd40c8f072a441e2b50,3.1191864013671875,3.6804654598236084,0.5612790584564209,0.5612790584564209
3,23,976f6faebb71385477d52671,2.737548828125,2.8232195377349854,0.08567070960998535,0.08567070960998535
3,24,abc374e9223a385e21e55c88,-0.5646660923957825,0.605898380279541,1.1705644130706787,1.1705644130706787
3,25,615ffc23af7203af22acf7ea,3.585026741027832,3.7805240154266357,0.1954972743988037,0.1954972743988037
3,26,c38f4d72e2d276c13990ce74,3.5477027893066406,2.9849133491516113,-0.5627894401550293,0.5627894401550293
3,27,9d8228b68cca2475e5fa926b,1.9800000190734863,1.8849427700042725,-0.09505724906921387,0.09505724906921387
3,28,2c347e2429196f02a01de7f3,4.92081880569458,4.349883079528809,-0.5709357261657715,0.5709357261657715
3,29,6618c1cf1065b04bc15e162d,3.0299999713897705,3.092667818069458,0.0626678466796875,0.0626678466796875
3,30,eb1383ddd4f0d5948acfa1c5,2.797299861907959,2.8406028747558594,0.04330301284790039,0.04330301284790039
3,31,20b89cd6568fd6eb8a2a5228,3.0799999237060547,2.4112513065338135,-0.6687486171722412,0.6687486171722412
3,32,49a50783cdb86c06d943da61,3.32790207862854,3.5389111042022705,0.21100902557373047,0.21100902557373047
3,33,915a4a7bc36e7c06eefcdde8,0.550000011920929,1.006812572479248,0.4568125605583191,0.4568125605583191
3,34,876a00a02708d0f987c37e33,1.2100000381469727,0.8302775621414185,-0.3797224760055542,0.3797224760055542
3,35,1ef8d9c6c644e084c167c50b,0.6600000262260437,0.8400658369064331,0.1800658106803894,0.1800658106803894
3,36,d9e16c9d029520e34fdac679,1.8700000047683716,1.053834319114685,-0.8161656856536865,0.8161656856536865
3,37,196017ed620d335c0d0fb6e5,0.6000000238418579,1.1575071811676025,0.5575071573257446,0.5575071573257446
3,38,1021b15fb66a9eda3dae14ce,0.9900000095367432,1.1554839611053467,0.16548395156860352,0.16548395156860352
3,39,eb9ac553a622ee8aa402db2d,2.009999990463257,2.1862545013427734,0.1762545108795166,0.1762545108795166
3,40,0b44dcdd2e54a7cd2b2fb9a6,2.140021562576294,2.279494524002075,0.13947296142578125,0.13947296142578125
3,41,bceee207b5e1789a9a491d5d,1.497572898864746,2.315669298171997,0.818096399307251,0.818096399307251
3,42,af0127b2bbcdef7f75657114,1.7200000286102295,1.637846827507019,-0.08215320110321045,0.08215320110321045
3,43,e458284a0af4695caa21adc0,1.5299999713897705,1.5113139152526855,-0.01868605613708496,0.01868605613708496
3,44,3281aa95b94af4e01c14e2f7,1.0199999809265137,0.6013507843017578,-0.41864919662475586,0.41864919662475586
3,45,48480b1e5aae4f87c02ca8c7,0.7958800196647644,1.555609107017517,0.7597290873527527,0.7597290873527527
3,46,5d45a1da82d061e92a1678b6,4.2924299240112305,2.615760326385498,-1.6766695976257324,1.6766695976257324
3,47,9baf3bb3b019964e6d80a7f4,4.360015869140625,3.4559242725372314,-0.9040915966033936,0.9040915966033936
3,48,dbe34fc5f10ee50968941966,1.399999976158142,0.872381329536438,-0.5276186466217041,0.5276186466217041
3,49,50af7d827d66ae388251604a,1.9299999475479126,1.9806287288665771,0.05062878131866455,0.05062878131866455
3,50,7f350e6e669cd255e99b600e,3.509999990463257,3.400583028793335,-0.10941696166992188,0.10941696166992188
3,51,07a24cf47e48c97e74848639,1.090000033378601,2.123932123184204,1.033932089805603,1.033932089805603
3,52,edc3fb0f950532f21d90ec8e,1.77211332321167,1.9462332725524902,0.1741199493408203,0.1741199493408203
3,53,6cadfe2674ffabae45e2e6db,4.922026634216309,3.5089399814605713,-1.4130866527557373,1.4130866527557373
3,54,3be530a42fbe8b96a9f37af3,2.886056661605835,2.8394253253936768,-0.0466313362121582,0.0466313362121582
3,55,edc88134df8ab4c6ee9015de,0.3565473258495331,0.33602824807167053,-0.02051907777786255,0.02051907777786255
3,56,179f319c894edae20709a356,0.8899999856948853,1.1303815841674805,0.24038159847259521,0.24038159847259521
3,57,8ea8e6a0e757662275516f75,1.0499999523162842,0.9934194087982178,-0.056580543518066406,0.056580543518066406
3,58,b725237b5404b0ca7a4539b0,1.0099999904632568,1.02956223487854,0.019562244415283203,0.019562244415283203
3,59,3b1e336bca1a5f8eef23c5c7,1.0700000524520874,0.8513979911804199,-0.21860206127166748,0.21860206127166748
3,60,46cd486447305e5c0b4ccefb,1.325555682182312,1.2652087211608887,-0.06034696102142334,0.06034696102142334
3,61,32e3c82f60baa0154365b89a,3.4202163219451904,3.9509308338165283,0.5307145118713379,0.5307145118713379
3,62,e557e68daffb75915dc16cf3,1.721246361732483,1.3807995319366455,-0.3404468297958374,0.3404468297958374
3,63,ea77ae97547154219c6017b8,2.950000047683716,2.8879010677337646,-0.06209897994995117,0.06209897994995117
3,64,551bc8cb057fb6f6c6e13a91,0.25999999046325684,0.9026051759719849,0.642605185508728,0.642605185508728
3,65,0b410cd2681d2f2767f44dd0,2.619999885559082,1.975579023361206,-0.644420862197876,0.644420862197876
3,66,706e8d524b607c877af33c2e,3.508638381958008,3.7298216819763184,0.22118330001831055,0.22118330001831055
3,67,08add3f439f42455342b8e08,1.6575772762298584,3.7415671348571777,2.0839898586273193,2.0839898586273193
3,68,b0a365ed822fa6e01e8f7c72,2.614393711090088,2.720716714859009,0.1063230037689209,0.1063230037689209
3,69,65e4ea621ea77a4e6249741c,1.148741602897644,0.9359605312347412,-0.21278107166290283,0.21278107166290283
3,70,1cf78e8604220e830f822e09,2.4100000858306885,1.9569976329803467,-0.4530024528503418,0.4530024528503418
3,71,5ce0b5419ebc899959d800df,4.031517028808594,3.9388909339904785,-0.09262609481811523,0.09262609481811523
3,72,8eb6ea690bc97deabf74f115,1.9788106679916382,1.8797597885131836,-0.09905087947845459,0.09905087947845459
3,73,55cebeda17c68e761048f53c,1.940000057220459,1.4065337181091309,-0.5334663391113281,0.5334663391113281
3,74,ddb1121aee4a860f157d622f,1.559999942779541,1.1390135288238525,-0.4209864139556885,0.4209864139556885
3,75,476bc2817e6f936a00103ca6,1.0299999713897705,0.6268976926803589,-0.4031022787094116,0.4031022787094116
3,76,9ce1b47a0f7835811c48a4fe,3.101823568344116,3.1787374019622803,0.07691383361816406,0.07691383361816406
3,77,87e900ac69c862ac7110e57f,1.9586073160171509,1.837472677230835,-0.12113463878631592,0.12113463878631592
3,78,9c698835321f21d04ca92196,0.9586073160171509,1.3277970552444458,0.3691897392272949,0.3691897392272949
3,79,b8a9cbd7f2b52503b85345bc,2.049999952316284,1.1816277503967285,-0.8683722019195557,0.8683722019195557
3,80,35c794dbeb9919e215931110,1.1100000143051147,0.9449330568313599,-0.16506695747375488,0.16506695747375488
3,81,cc81683f9a62226fedadc42d,0.9599999785423279,0.6546528339385986,-0.30534714460372925,0.30534714460372925
3,82,8582487aba76a5acca8d09de,0.11999999731779099,0.7018412351608276,0.581841230392456,0.581841230392456
3,83,2d107ddf3a3e7aca42f6858c,4.2441253662109375,3.640484094619751,-0.6036412715911865,0.6036412715911865
3,84,1e8a1ca0942727a71fbcd19d,1.399999976158142,1.1711061000823975,-0.22889387607574463,0.22889387607574463
3,85,9a37660cd17d764cc3bac2b1,1.3600000143051147,1.278866171836853,-0.08113384246826172,0.08113384246826172
3,86,54f4fa912d7c944babab3fe5,1.9500000476837158,2.0546000003814697,0.1045999526977539,0.1045999526977539
3,87,2113b332f0f682ea39286a27,0.9300000071525574,1.8489086627960205,0.9189086556434631,0.9189086556434631
3,88,d1c2b1812ba56f894d03e326,2.3216638565063477,2.0112993717193604,-0.3103644847869873,0.3103644847869873
3,89,fba67ff0fbde01562c4dfe31,0.7958800196647644,0.07539865374565125,-0.7204813957214355,0.7204813957214355
3,90,e26d69d4575b25a6f19ca59e,1.1200000047683716,1.3057706356048584,0.18577063083648682,0.18577063083648682
3,91,e901193a608f52883d612ea3,1.6299999952316284,1.4536278247833252,-0.17637217044830322,0.17637217044830322
3,92,46215861d66bbc6ef69a61fc,0.800000011920929,1.1847766637802124,0.38477665185928345,0.38477665185928345
3,93,8afb9628384f165e892764dc,3.301029920578003,2.934868574142456,-0.3661613464355469,0.3661613464355469
3,94,ef1de9bbd945f015b9d186e5,4.376750946044922,3.816409111022949,-0.5603418350219727,0.5603418350219727
3,95,0b3bf6cd14dd2877a4ba6cc0,1.090000033378601,2.0510799884796143,0.9610799551010132,0.9610799551010132
3,96,a3519611b362917d726e0fb7,0.4605475068092346,2.855816125869751,2.395268678665161,2.395268678665161
3,97,6da7def9e9356f7bd753ca30,0.8700000047683716,0.6237468719482422,-0.2462531328201294,0.2462531328201294
3,98,43172cd1afa2295f638101d2,1.909999966621399,2.288222551345825,0.37822258472442627,0.37822258472442627
3,99,2c400c8d476830edef8e0bf6,2.009999990463257,1.6882052421569824,-0.3217947483062744,0.3217947483062744
3,100,3f11fff1c94d223959aeb2c3,3.017728805541992,1.9775309562683105,-1.0401978492736816,1.0401978492736816
3,101,0682fc5e94a30f98281c99a7,0.20999999344348907,0.9495872259140015,0.7395872473716736,0.7395872473716736
3,102,574b85e67a65611c9bb9f2b3,1.9800000190734863,2.677915096282959,0.6979150772094727,0.6979150772094727
3,103,91b5e1b404112359e8250753,2.6675615310668945,2.0423665046691895,-0.6251950263977051,0.6251950263977051
3,104,707fc009484a4cbd9c4eeafc,2.6964261531829834,2.679250717163086,-0.01717543601989746,0.01717543601989746
3,105,e5c35843309a3bf5b9840acd,-5.127104759216309,-4.955680847167969,0.17142391204833984,0.17142391204833984
3,106,79b6ad2adc74ac0e8f49ff2c,2.9698052406311035,2.899243116378784,-0.07056212425231934,0.07056212425231934
3,107,b6101b3d41a75f16fab1d573,1.3899999856948853,1.5011308193206787,0.11113083362579346,0.11113083362579346
3,108,de8096bf50bae15695e52c0e,-0.009999999776482582,0.5265021324157715,0.5365021228790283,0.5365021228790283
3,109,16fe9b0f04534a99e52fc43d,0.3400000035762787,1.539341926574707,1.199341893196106,1.199341893196106
3,110,d738b4f75073dbe3c00eb6fa,2.0,2.224719285964966,0.22471928596496582,0.22471928596496582
3,111,9ff5fffc2e2eb41ee4d03e1a,0.9399999976158142,1.028931736946106,0.08893173933029175,0.08893173933029175
3,112,0d956193977b1eddae82f4cb,0.4699999988079071,0.8403998613357544,0.3703998625278473,0.3703998625278473
3,113,055310e261dbe2cad46dd00b,0.7200000286102295,1.2302422523498535,0.510242223739624,0.510242223739624
3,114,0979de8c078eafc517c844ef,3.869999885559082,3.0579192638397217,-0.8120806217193604,0.8120806217193604
3,115,c3734cf3853299491fef2879,2.70465350151062,3.2072081565856934,0.5025546550750732,0.5025546550750732
3,116,1055ee3678db150ede2fbb1c,3.268411159515381,3.276289701461792,0.007878541946411133,0.007878541946411133
3,117,4304d44a3eb3c0e9db39d954,0.7399286031723022,1.0407931804656982,0.300864577293396,0.300864577293396
3,118,6d944f32a027345175c90fa4,4.0087738037109375,3.9756858348846436,-0.033087968826293945,0.033087968826293945
3,119,3b19959db7ec8dc23ba04b3c,0.6399999856948853,1.021668791770935,0.3816688060760498,0.3816688060760498
3,120,e52ca26428eb950a242bc972,4.638272285461426,4.0976338386535645,-0.5406384468078613,0.5406384468078613
3,121,5378731687952e16355df55d,4.269999980926514,4.20588493347168,-0.06411504745483398,0.06411504745483398
3,122,6c720945f41d4c3a6ae81713,1.5299999713897705,1.6747233867645264,0.14472341537475586,0.14472341537475586
3,123,392ca752973ab1349debc0d6,1.7799999713897705,1.8356959819793701,0.05569601058959961,0.05569601058959961
3,124,577e1179a9c7c070fbc8e7c6,2.2899999618530273,2.7161428928375244,0.42614293098449707,0.42614293098449707
3,125,50e8083bbd98674ef449f0d6,2.113509178161621,2.1251676082611084,0.011658430099487305,0.011658430099487305
3,126,01448fadc58368ade8886933,1.3799999952316284,1.359868049621582,-0.020131945610046387,0.020131945610046387
3,127,962fa74e519d0f5a6fdd5662,1.8538719415664673,1.606334924697876,-0.2475370168685913,0.2475370168685913
3,128,7c8f0fb2e711bcbe902d43b2,1.1319372653961182,1.6626538038253784,0.5307165384292603,0.5307165384292603
3,129,27f7c0dc7e658c25788b24e6,0.8999999761581421,1.032686710357666,0.13268673419952393,0.13268673419952393
3,130,a9b127c7020ce7366c4715b3,3.853872060775757,3.7557661533355713,-0.09810590744018555,0.09810590744018555
3,131,30bfd69490a08007d18de4ef,1.8799999952316284,2.1338515281677246,0.2538515329360962,0.2538515329360962
3,132,63e543730430de849bad26c3,1.2599999904632568,1.0864238739013672,-0.17357611656188965,0.17357611656188965
3,133,a4d7c8fab34c70b29a9b10ca,0.18000000715255737,0.4693584740161896,0.2893584668636322,0.2893584668636322
3,134,070a809c1c10581eafac6f07,2.5299999713897705,1.954277515411377,-0.5757224559783936,0.5757224559783936
3,135,7ef1d2f401557d770a97133c,1.2699999809265137,1.6010940074920654,0.33109402656555176,0.33109402656555176
3,136,9b045685b36dd8d655658305,2.4200000762939453,2.1787185668945312,-0.24128150939941406,0.24128150939941406
3,137,c3411e43c6a69870018626f8,1.3899999856948853,1.3536860942840576,-0.03631389141082764,0.03631389141082764
3,138,2d805c2eacc1578d9e088d39,2.301029920578003,2.211965322494507,-0.0890645980834961,0.0890645980834961
3,139,d8f68d95eb162a96812ae9f4,1.46040940284729,2.058619737625122,0.598210334777832,0.598210334777832
3,140,1a4589e466eaa6fff21d7e0a,3.9200000762939453,3.1743075847625732,-0.7456924915313721,0.7456924915313721
3,141,793a82597f4ea2a0f8185338,1.2899999618530273,0.7755897045135498,-0.5144102573394775,0.5144102573394775
3,142,cf82584f8d8346bdeb02d89a,0.4099999964237213,1.004343867301941,0.594343900680542,0.594343900680542
3,143,9c25021f47a06d06d70e6b1a,1.1799999475479126,0.8457403182983398,-0.33425962924957275,0.33425962924957275
3,144,b53cae3c680fb87170d480de,1.1850868463516235,1.2827891111373901,0.0977022647857666,0.0977022647857666
3,145,57f6430b43eff1c622798f03,0.7400000095367432,0.9067692756652832,0.16676926612854004,0.16676926612854004
3,146,99cbda7e727774878a0e6840,1.25,0.7943617105484009,-0.4556382894515991,0.4556382894515991
3,147,f5842b9d3e08cc4a458f0483,3.602060079574585,4.169193267822266,0.5671331882476807,0.5671331882476807
3,148,338a0a9c16ccd65e1fcad238,1.0800000429153442,1.2401902675628662,0.16019022464752197,0.16019022464752197
3,149,e63b97edb68bf6f90181879b,2.1199872493743896,2.029555082321167,-0.09043216705322266,0.09043216705322266
3,150,a06e1aa85b134e1acb27bab4,1.309999942779541,2.2489898204803467,0.9389898777008057,0.9389898777008057
3,151,c1eac049fe64638e3af0ac69,1.7699999809265137,1.6665489673614502,-0.10345101356506348,0.10345101356506348
3,152,e3acae43550a7f0c75751b48,0.9599999785423279,1.1576869487762451,0.19768697023391724,0.19768697023391724
3,153,05a3e52e9cac7f213a5b5ce4,2.0999999046325684,1.7859108448028564,-0.3140890598297119,0.3140890598297119
3,154,07abd6ee0144383d0cd9ce82,1.1739251613616943,1.0757523775100708,-0.09817278385162354,0.09817278385162354
3,155,2e44c656d0f7aa96b8c1747c,4.86012077331543,5.038729190826416,0.17860841751098633,0.17860841751098633
3,156,9a6b89d86b24a47122bacaf3,1.6799999475479126,1.447516918182373,-0.23248302936553955,0.23248302936553955
3,157,a7dbf8c16b1de52ac95ab0b5,1.384049892425537,2.775062084197998,1.391012191772461,1.391012191772461
3,158,54c86b90b4b608867ad21d85,0.9208187460899353,0.350921094417572,-0.5698976516723633,0.5698976516723633
3,159,e6d3887a16cf18975be255dd,3.0799999237060547,2.973681688308716,-0.10631823539733887,0.10631823539733887
3,160,861cc195334148ebd8a54c62,3.7212464809417725,2.6990551948547363,-1.0221912860870361,1.0221912860870361
3,161,4024faa383a4a5f6a5af8de3,0.25999999046325684,1.6187803745269775,1.3587803840637207,1.3587803840637207
3,162,3bbbbd8f5c835360df267bb5,3.609999895095825,1.5330793857574463,-2.076920509338379,2.076920509338379
3,163,7e8ba37205813c713b9f5a26,0.3979400098323822,0.5314874649047852,0.13354745507240295,0.13354745507240295
3,164,d4a20e2c4e76c58f00ae39c2,1.5800000429153442,0.9564974308013916,-0.6235026121139526,0.6235026121139526
3,165,b8370428d2f8ba833a59ef81,1.0846002101898193,1.7643723487854004,0.679772138595581,0.679772138595581
3,166,26b8e62c2efda2f9bc289150,0.8799999952316284,2.2162938117980957,1.3362938165664673,1.3362938165664673
3,167,2c4e5d91e7880fb4e2013427,3.180000066757202,2.7259223461151123,-0.45407772064208984,0.45407772064208984
3,168,93e6e55471b23764ef240cde,1.399999976158142,1.4755852222442627,0.0755852460861206,0.0755852460861206
3,169,4ba1de12aae08953e6de7eec,1.6989699602127075,1.8332933187484741,0.1343233585357666,0.1343233585357666
3,170,fc4e99fa1ea1266e9cc675be,2.3499999046325684,2.4529407024383545,0.10294079780578613,0.10294079780578613
3,171,b437ac4e8f71f8b29dadb14c,3.2466721534729004,3.1529641151428223,-0.09370803833007812,0.09370803833007812
3,172,2cc4a092a006e29689fa3961,0.8999999761581421,0.8046196699142456,-0.09538030624389648,0.09538030624389648
3,173,c6e956059c283aa392b61bc7,1.5099999904632568,1.1745893955230713,-0.33541059494018555,0.33541059494018555
3,174,b113e156d0130f7835215a50,0.9253904223442078,1.4562528133392334,0.5308623909950256,0.5308623909950256
3,175,8e18283870b451c7fdeb8a5f,3.8477115631103516,4.114814758300781,0.2671031951904297,0.2671031951904297
3,176,9d58c78057afca0c0bae32b3,1.309999942779541,0.905302882194519,-0.404697060585022,0.404697060585022
3,177,10ddf00c9065d8a2f2ec8eee,2.5051004886627197,2.526768207550049,0.0216677188873291,0.0216677188873291
3,178,8af33fc33fbb3b999dc011a4,1.7799999713897705,1.7681266069412231,-0.011873364448547363,0.011873364448547363
3,179,ae2e86551eeceeae49e8071e,0.15000000596046448,0.9681129455566406,0.8181129693984985,0.8181129693984985
3,180,f3f6dcb2b20f02592dbfc5c9,3.3575353622436523,3.3331034183502197,-0.024431943893432617,0.024431943893432617
3,181,aa41c4de8468fe81c1ad494d,0.3799999952316284,0.8827359676361084,0.50273597240448,0.50273597240448
3,182,3cf347e46d9141b5c1275201,1.6799999475479126,2.1460587978363037,0.4660588502883911,0.4660588502883911
3,183,ba3cac314d25a4d4c5abbc5f,2.3372421264648438,3.1230714321136475,0.7858293056488037,0.7858293056488037
3,184,856b258cc449e29b61919fc7,0.5850266814231873,0.6571986675262451,0.07217198610305786,0.07217198610305786
3,185,9b4870f5b17e229413d60472,1.7300000190734863,0.7798621654510498,-0.9501378536224365,0.9501378536224365
3,186,7a14fde295eaa9f806ccc28c,2.770890951156616,2.7519853115081787,-0.0189056396484375,0.0189056396484375
3,187,1bd519bb005c2594adb381a9,0.15000000596046448,0.5555295944213867,0.40552958846092224,0.40552958846092224
3,188,bc2bcde0334a26befbbcbea1,0.15000000596046448,0.8813855648040771,0.7313855886459351,0.7313855886459351
3,189,5736740649471eee7dc887b1,1.690000057220459,1.3823022842407227,-0.30769777297973633,0.30769777297973633
3,190,082ef3f69d9bbc78991b3774,1.2699999809265137,1.3037632703781128,0.03376328945159912,0.03376328945159912
3,191,63115832e455926d835d2a3d,1.3010300397872925,1.2149585485458374,-0.08607149124145508,0.08607149124145508
3,192,9b3387700845348fafb39898,1.6699999570846558,1.4923455715179443,-0.17765438556671143,0.17765438556671143
3,193,b8acc55f8ee345d6efae1756,3.390000104904175,2.9947702884674072,-0.3952298164367676,0.3952298164367676
3,194,a414ae405ab4648ef256ae60,1.7400000095367432,1.7982840538024902,0.05828404426574707,0.05828404426574707
3,195,fd540089ea8fb37d97d430cc,3.056011199951172,2.949908494949341,-0.10610270500183105,0.10610270500183105
3,196,324533aa7dad5ff2b8ae8a18,0.4300000071525574,1.579463005065918,1.1494629383087158,1.1494629383087158
3,197,3069439805be6f6217af6553,3.6635403633117676,3.6528589725494385,-0.010681390762329102,0.010681390762329102
3,198,9ab98a7476878bbeed2a04b8,0.3400000035762787,1.4961631298065186,1.1561630964279175,1.1561630964279175
3,199,183a1eabee2f322d7ed003e6,3.930000066757202,3.065591812133789,-0.8644082546234131,0.8644082546234131
3,200,472076c95d96cd518e1fa1af,1.100000023841858,0.9377143383026123,-0.1622856855392456,0.1622856855392456
3,201,d416681a5c8e91d3d0aee163,2.809999942779541,2.886699914932251,0.07669997215270996,0.07669997215270996
3,202,ad8770975db2aafe4457f669,1.0299999713897705,1.0011423826217651,-0.02885758876800537,0.02885758876800537
3,203,a9b254faa1cd46f0dd13b11f,3.211831569671631,3.2134087085723877,0.001577138900756836,0.001577138900756836
3,204,98d4c472ff2c0863fd516913,0.8799999952316284,0.9437006711959839,0.06370067596435547,0.06370067596435547
3,205,aaacbd371931289fbf057cc8,0.949999988079071,0.5813485383987427,-0.36865144968032837,0.36865144968032837
3,206,8353524e22696b6a599f25be,0.036212172359228134,1.5144437551498413,1.4782315492630005,1.4782315492630005
3,207,a73f993c9cd3a2c9bdbdafba,1.9600000381469727,1.8734798431396484,-0.08652019500732422,0.08652019500732422
3,208,06029ec03f470566d5cb2bd6,1.9299999475479126,1.6283555030822754,-0.3016444444656372,0.3016444444656372
3,209,20cba24e1a2bb292e8aeb3e5,3.1146388053894043,5.0284624099731445,1.9138236045837402,1.9138236045837402
3,210,a6d2487cf65bc8b0b9fce147,2.009999990463257,2.1272902488708496,0.11729025840759277,0.11729025840759277
3,211,558a8f5312ce639d8a68a1c1,2.102372884750366,2.6806795597076416,0.5783066749572754,0.5783066749572754
3,212,839518f505db4db45073c269,1.6799999475479126,1.531822919845581,-0.14817702770233154,0.14817702770233154
3,213,9d3084798086d545bbf91a9d,2.390000104904175,1.8190739154815674,-0.5709261894226074,0.5709261894226074
3,214,26f639c0cc0ee71b2708365e,1.840000033378601,2.1662936210632324,0.32629358768463135,0.32629358768463135
3,215,e4ecee0b9e96af97bce9c3a5,1.8446639776229858,2.600285768508911,0.7556217908859253,0.7556217908859253
3,216,58f53ab387a4ae38ad9e4803,4.207608222961426,4.184250831604004,-0.023357391357421875,0.023357391357421875
3,217,ba00f129ad35e2eafb6e7499,1.590000033378601,1.5771323442459106,-0.01286768913269043,0.01286768913269043
3,218,158d17f3188f43b23f684c24,1.6299999952316284,1.654437780380249,0.024437785148620605,0.024437785148620605
3,219,7afad8e3c1845dfbe5f2aab5,1.2200000286102295,0.9788117408752441,-0.24118828773498535,0.24118828773498535
3,220,7e4879c51cb2953f07d7349b,1.6200000047683716,0.9897584915161133,-0.6302415132522583,0.6302415132522583
3,221,28d350c22fbe2480220b6826,0.019999999552965164,0.6743818521499634,0.6543818712234497,0.6543818712234497
3,222,946fa7bd99b1dd493bdf194d,1.7400000095367432,0.9150681495666504,-0.8249318599700928,0.8249318599700928
3,223,98def978dbbf506f59ebba78,1.2142912149429321,2.029040575027466,0.8147493600845337,0.8147493600845337
3,224,506af17d20e3dd713589f9b0,1.4199999570846558,0.8141541481018066,-0.6058458089828491,0.6058458089828491
3,225,a1a68595e4d2eccb31c80072,0.7699999809265137,1.1491528749465942,0.37915289402008057,0.37915289402008057
3,226,503cbe4d559ad346b01dc392,2.7000932693481445,2.7526419162750244,0.05254864692687988,0.05254864692687988
3,227,56a4ee0b402ccb0f2ea5e670,1.809999942779541,2.5678563117980957,0.7578563690185547,0.7578563690185547
3,228,9fa01457179f696850ebbd8b,3.7695510387420654,3.660731554031372,-0.10881948471069336,0.10881948471069336
3,229,f4ab49c2fd844eee32d7f3a7,4.387216091156006,4.315401077270508,-0.07181501388549805,0.07181501388549805
3,230,659a663de462726b001802a0,0.6989700198173523,0.7994847297668457,0.10051470994949341,0.10051470994949341
3,231,796f488f4818bcd9b3b04f5d,1.6299999952316284,1.4426206350326538,-0.1873793601989746,0.1873793601989746
3,232,7539d536b2977efa97e680d9,1.5800000429153442,2.1062428951263428,0.5262428522109985,0.5262428522109985
3,233,ddf178714ea47188cb573f05,0.7200000286102295,1.0680820941925049,0.3480820655822754,0.3480820655822754
3,234,12c585a6a43e373c8a1345b6,2.7300000190734863,0.9664328098297119,-1.7635672092437744,1.7635672092437744
3,235,46df848c7bdc3e5ccf45fe81,2.3299999237060547,2.0075809955596924,-0.3224189281463623,0.3224189281463623
3,236,06b71330098963c0b37b70de,4.534616947174072,3.53235125541687,-1.0022656917572021,1.0022656917572021
3,237,50713fea837175eb99cadd19,1.366531491279602,1.3174042701721191,-0.04912722110748291,0.04912722110748291
3,238,21c8002c93c65612b5b35dd5,1.75,2.387378215789795,0.6373782157897949,0.6373782157897949
3,239,27bea141fe8cdb312c3b1ce8,1.6699999570846558,1.404608964920044,-0.2653909921646118,0.2653909921646118
3,240,7568fa26c7b2e22f61f34030,0.9100000262260437,0.8949393033981323,-0.015060722827911377,0.015060722827911377
3,241,248d3d1e23edde2519751686,3.1163384914398193,3.2917726039886475,0.17543411254882812,0.17543411254882812
3,242,08a1caa964154226dfb1a28f,2.119999885559082,2.423038959503174,0.3030390739440918,0.3030390739440918
3,243,087faf6f2f3192a6c0070c1f,2.880354881286621,2.7878825664520264,-0.09247231483459473,0.09247231483459473
3,244,d9bff437eade2605e7c9441e,1.2300000190734863,1.2041473388671875,-0.025852680206298828,0.025852680206298828
3,245,e31c930994f63e61a0baef5e,3.853872060775757,3.8646278381347656,0.010755777359008789,0.010755777359008789
3,246,c8afa8cdf86fab283fc2f8d4,1.5700000524520874,1.385329246520996,-0.1846708059310913,0.1846708059310913
3,247,543deadd9f7397b9eb64c5b6,0.8799999952316284,1.1301872730255127,0.2501872777938843,0.2501872777938843
3,248,1b4129750350830e225fee88,1.440000057220459,1.344698190689087,-0.09530186653137207,0.09530186653137207
3,249,b9e2645596e2f3c134bf3c28,2.3949999809265137,1.9811034202575684,-0.4138965606689453,0.4138965606689453
3,250,ece6c4e06c744961bda7d131,2.9800000190734863,3.2032008171081543,0.22320079803466797,0.22320079803466797
3,251,29621a1e438ef446abafdfff,1.75,2.3850197792053223,0.6350197792053223,0.6350197792053223
3,252,e1134024eb9ad06437748863,1.1567672491073608,1.0370960235595703,-0.11967122554779053,0.11967122554779053
3,253,73571e896b9fde7e67845bd5,0.5199999809265137,0.5279890298843384,0.007989048957824707,0.007989048957824707
3,254,e5b84ec802d72a41ca280b31,3.698970079421997,3.6185126304626465,-0.08045744895935059,0.08045744895935059
3,255,0f057c83bc847639a2308e78,1.4299999475479126,0.8222025632858276,-0.607797384262085,0.607797384262085
3,256,9bf7535efaa468d79ade67c2,4.150028228759766,4.443259239196777,0.2932310104370117,0.2932310104370117
3,257,783302e9f91f1570a962b0d8,1.2799999713897705,1.9315272569656372,0.6515272855758667,0.6515272855758667
3,258,55ce5a87ee80e29f3acc7380,0.9700000286102295,0.6628764867782593,-0.3071235418319702,0.3071235418319702
3,259,b78e1b4f3130451b4566541d,2.390000104904175,2.2495720386505127,-0.1404280662536621,0.1404280662536621
3,260,5dcd1399cb4691f399add09b,4.221848964691162,2.490410566329956,-1.731438398361206,1.731438398361206
3,261,2848da3eaa84b2630c7a168b,0.6499999761581421,0.44958940148353577,-0.20041057467460632,0.20041057467460632
3,262,1f83b30c1204b73eb78abdd8,2.508638381958008,2.686220407485962,0.1775820255279541,0.1775820255279541
3,263,fb91f3551bd6719299426e63,1.059999942779541,1.6864910125732422,0.6264910697937012,0.6264910697937012
3,264,bb610e67d6178e9f869b160e,0.6000000238418579,0.7946155071258545,0.19461548328399658,0.19461548328399658
3,265,f1b23e92a5b0f3f7a75d7997,1.0299632549285889,1.654968023300171,0.625004768371582,0.625004768371582
3,266,012d4add0ce651ac2a68b2bf,1.0700000524520874,1.624496579170227,0.5544965267181396,0.5544965267181396
3,267,20f25c87db351d7822e271f5,1.1799999475479126,1.5193265676498413,0.3393266201019287,0.3393266201019287
3,268,a3c854439362550844578bf4,3.2596373558044434,3.3436481952667236,0.08401083946228027,0.08401083946228027
3,269,4dc8d7434de2303d551b73e1,2.073657512664795,1.9364759922027588,-0.13718152046203613,0.13718152046203613
3,270,73d1bec37b3fa2e93a9ce5b4,1.2300000190734863,1.1955221891403198,-0.034477829933166504,0.034477829933166504
3,271,fae4385393af683e307e4d97,5.210000038146973,4.479785442352295,-0.7302145957946777,0.7302145957946777
3,272,3db2c9e5c01f7c7ce64e8c11,2.3299999237060547,1.7125786542892456,-0.6174212694168091,0.6174212694168091
3,273,ad64b6a9c7e14d88fe6e8cff,0.5099999904632568,0.657966136932373,0.1479661464691162,0.1479661464691162
3,274,9ce44c6e530d974673ef6eca,1.92081880569458,1.6334015130996704,-0.28741729259490967,0.28741729259490967
3,275,769e5e60a209aa0920fc5185,2.309999942779541,1.9780709743499756,-0.33192896842956543,0.33192896842956543
3,276,cbfe3c961518189b684a1cdd,3.92081880569458,3.4574642181396484,-0.46335458755493164,0.46335458755493164
3,277,1952f05ec424d5c9c74ce0f1,1.8200000524520874,1.9896166324615479,0.16961658000946045,0.16961658000946045
3,278,dde16c85633a610aa9551dfd,1.7300000190734863,1.9390485286712646,0.20904850959777832,0.20904850959777832
3,279,7ab7cc57834f66aa6ee66ea7,0.14000000059604645,1.296176552772522,1.1561765670776367,1.1561765670776367
3,280,165fb974514fb8c7589790cf,0.7471469640731812,1.1237249374389648,0.3765779733657837,0.3765779733657837
3,281,032d21150130a34e52638a25,1.7699999809265137,1.2114330530166626,-0.5585669279098511,0.5585669279098511
3,282,93decd6fd5efaa3c9e040e23,2.0399999618530273,2.0927894115448,0.05278944969177246,0.05278944969177246
3,283,89d94eca68be181709a6fa01,3.301029920578003,2.688957452774048,-0.6120724678039551,0.6120724678039551
3,284,9061cc68c46eec99b1e31d72,0.2800000011920929,0.48026135563850403,0.20026135444641113,0.20026135444641113
3,285,641fb8a05091e5aee467343a,3.823908805847168,4.582297325134277,0.7583885192871094,0.7583885192871094
3,286,d91f9cf6df3b92e58bf3743b,0.9599999785423279,0.8987951278686523,-0.06120485067367554,0.06120485067367554
3,287,ed8eb0c322b780e9f7bc352c,0.11999999731779099,1.0534723997116089,0.9334723949432373,0.9334723949432373
3,288,d15d75e4515e195d2eed46aa,0.30000001192092896,0.33291563391685486,0.0329156219959259,0.0329156219959259
3,289,0cd70b26944dcc8543a4aae1,1.8200000524520874,1.4528123140335083,-0.3671877384185791,0.3671877384185791
3,290,ac14924b7fa8093179a8de4b,1.440000057220459,1.1721312999725342,-0.2678687572479248,0.2678687572479248
3,291,16d57c54958d65e56a584dcd,0.8538719415664673,0.9218183755874634,0.0679464340209961,0.0679464340209961
3,292,4497fc7a5e896e64e71164b8,1.2400000095367432,1.3341389894485474,0.0941389799118042,0.0941389799118042
3,293,60c61f21725e29374a095f05,3.4692888259887695,2.7502310276031494,-0.7190577983856201,0.7190577983856201
3,294,9e8e378f6f4d43fd9c732941,1.8200000524520874,1.420624852180481,-0.39937520027160645,0.39937520027160645
3,295,cdd108482a8cab0043efc644,0.9619364738464355,0.9085593223571777,-0.05337715148925781,0.05337715148925781
3,296,183ac622ab35e3eae0f02dd1,1.4500000476837158,1.5874452590942383,0.13744521141052246,0.13744521141052246
3,297,2553b7b72236ca0127e613bf,3.698970079421997,2.265589714050293,-1.433380365371704,1.433380365371704
3,298,2092e15c686fda3feb32e0dd,0.9200000166893005,0.7930219173431396,-0.1269780993461609,0.1269780993461609
3,299,b9767ca051a9b4cac27b2b33,2.2699999809265137,2.387441396713257,0.11744141578674316,0.11744141578674316
3,300,7c699592cd58ff1d17a46db9,1.221848726272583,1.091362714767456,-0.13048601150512695,0.13048601150512695
3,301,c280e5ae814a8d86f93aab91,0.9200000166893005,1.3161189556121826,0.3961189389228821,0.3961189389228821
3,302,9d30f6e6cdd3c7a41fe5ec0d,2.3429441452026367,2.1467320919036865,-0.1962120532989502,0.1962120532989502
3,303,6b5ad5aafb6feff2af857450,1.809999942779541,2.2736997604370117,0.4636998176574707,0.4636998176574707
3,304,15c161f19e89b796902977bc,3.237321376800537,3.217590093612671,-0.01973128318786621,0.01973128318786621
3,305,2710b486a407b764c307f31f,4.886056423187256,3.909947156906128,-0.9761092662811279,0.9761092662811279
3,306,2d2473034485033608adf619,1.0255573987960815,1.2664804458618164,0.24092304706573486,0.24092304706573486
3,307,5bf31ca07141aec6ea256003,2.5199930667877197,2.0554211139678955,-0.4645719528198242,0.4645719528198242
3,308,a6b0b8d7f40d638d945bf309,2.880000114440918,1.3064830303192139,-1.573517084121704,1.573517084121704
3,309,6c38b5c212aded69649db81f,0.36000001430511475,0.2218046486377716,-0.13819536566734314,0.13819536566734314
3,310,2e32b971c755b9c9e4d9ab09,0.550000011920929,0.22771009802818298,-0.32228991389274597,0.32228991389274597
3,311,5ef176a43e1d36809a0f8043,0.8999999761581421,2.8174049854278564,1.9174050092697144,1.9174050092697144
3,312,d7f141b93e43fc5acc9d6ea3,4.991399765014648,3.473299026489258,-1.5181007385253906,1.5181007385253906
3,313,b20339fdef1510c3f06c36fb,2.430000066757202,2.341954231262207,-0.08804583549499512,0.08804583549499512
3,314,8e92e0f3fd4bec451afeb412,4.823908805847168,4.001382827758789,-0.8225259780883789,0.8225259780883789
3,315,b7c68cb6d9ce941d843f6847,1.2899999618530273,1.242983102798462,-0.04701685905456543,0.04701685905456543
3,316,ca36ac54c7dd3a4bb6eee997,1.3899999856948853,1.8155182600021362,0.425518274307251,0.425518274307251
3,317,60e2f911ecc2f7a2b7dbf373,1.0,1.0365641117095947,0.03656411170959473,0.03656411170959473
3,318,8b74c4e82045522e9880796c,3.2342605590820312,3.585752248764038,0.35149168968200684,0.35149168968200684
3,319,364299845c2248784eb43830,3.92081880569458,4.002419471740723,0.08160066604614258,0.08160066604614258
3,320,ecf733b161b8e267466e3de8,2.0,1.7972545623779297,-0.2027454376220703,0.2027454376220703
3,321,4381566e98db52b5052e3130,1.0099999904632568,0.9895997047424316,-0.020400285720825195,0.020400285720825195
3,322,bd9d5d9be3d92c842c438b86,1.3084596395492554,1.8212486505508423,0.5127890110015869,0.5127890110015869
3,323,d8d0f20189f1e49730d53c79,1.200928807258606,1.1387643814086914,-0.06216442584991455,0.06216442584991455
3,324,e36835430bf75bddcf6d2bd6,0.8299999833106995,1.0659797191619873,0.23597973585128784,0.23597973585128784
3,325,524b62250ae4a3330e3b6748,3.2596373558044434,3.1456987857818604,-0.11393857002258301,0.11393857002258301
3,326,b4e5155bb05a36aa40547b0d,2.574031114578247,3.386259078979492,0.8122279644012451,0.8122279644012451
3,327,b9e46de6f64db0afb8e38e54,2.2899999618530273,2.4577014446258545,0.16770148277282715,0.16770148277282715
3,328,52b0e9aa152b79a43af6ad9c,4.207608222961426,3.639097213745117,-0.5685110092163086,0.5685110092163086
3,329,785367ef83d372310d3f5919,1.096909999847412,0.7871131896972656,-0.3097968101501465,0.3097968101501465
3,330,3f173982c5455077f22e6b3d,3.4814860820770264,3.655121088027954,0.17363500595092773,0.17363500595092773
3,331,08c34d6d02550518c26e5487,0.9625735282897949,1.4341156482696533,0.4715421199798584,0.4715421199798584
3,332,6e97750a175c0c7ad8cd334e,0.9800000190734863,0.6127278804779053,-0.36727213859558105,0.36727213859558105
3,333,dc6cf6b68e12f1dab9f3ea20,2.369999885559082,2.48730206489563,0.11730217933654785,0.11730217933654785
3,334,643bac0dc46b56c2f9396ff3,0.4282911717891693,0.40986764430999756,-0.018423527479171753,0.018423527479171753
3,335,a4a693240e5f95d95fd07044,1.5099999904632568,1.0031906366348267,-0.5068093538284302,0.5068093538284302
3,336,1cd3baa22a9fd7e44d86412f,2.0,1.9091100692749023,-0.09088993072509766,0.09088993072509766
3,337,24ff6eba35bf7bd2149945a8,1.7819342613220215,2.088623523712158,0.3066892623901367,0.3066892623901367
3,338,f3d7a0fb5fe4be49cedcebbc,0.8999999761581421,0.6095653772354126,-0.2904345989227295,0.2904345989227295
3,339,6a268dcafdb2e79d0aa4a34c,2.0489985942840576,1.87389075756073,-0.17510783672332764,0.17510783672332764
3,340,dbd42315fd6092712dd96fae,1.5399999618530273,1.5693542957305908,0.029354333877563477,0.029354333877563477
3,341,f8f391171c6c4395c6e28a8e,0.8799999952316284,0.6229020357131958,-0.2570979595184326,0.2570979595184326
3,342,1d88af3e93c55316c62a1439,0.3979400098323822,0.5314874649047852,0.13354745507240295,0.13354745507240295
3,343,e3622ceadbabed73e058c978,4.110000133514404,3.9594805240631104,-0.15051960945129395,0.15051960945129395
3,344,cd6b3de119a7c69516a7fc0a,3.1600193977355957,3.51690673828125,0.3568873405456543,0.3568873405456543
3,345,bd1b800a5d1463322c66bd3b,-0.05999999865889549,0.5696438550949097,0.6296438574790955,0.6296438574790955
3,346,3f0054c52d0e99e95e1ea0a5,1.0800000429153442,1.6849631071090698,0.6049630641937256,0.6049630641937256
3,347,caf463d585a2e89b154ded64,1.5499999523162842,1.4284913539886475,-0.12150859832763672,0.12150859832763672
3,348,7743140934a474cc4f12dcbf,2.0399999618530273,2.4612691402435303,0.42126917839050293,0.42126917839050293
3,349,eb8a34bd56f915a9872fb94d,1.9401607513427734,1.8126329183578491,-0.12752783298492432,0.12752783298492432
3,350,a4962d3e35cada31a6e3cf46,1.0399999618530273,0.9237993955612183,-0.11620056629180908,0.11620056629180908
3,351,a150edf01cb249f2aadb97b8,3.0835893154144287,3.168699026107788,0.08510971069335938,0.08510971069335938
3,352,2bad21bca08707cb2ed449a7,0.41999998688697815,0.7435901165008545,0.32359012961387634,0.32359012961387634
3,353,186f77ce36f142b4186b51b4,2.299999952316284,0.8597615957260132,-1.440238356590271,1.440238356590271
3,354,7917cdcdccf8a4e077be1af6,1.649999976158142,0.6902738809585571,-0.959726095199585,0.959726095199585
3,355,f9bccd29de435ba90b6c97be,2.552841901779175,2.601644277572632,0.04880237579345703,0.04880237579345703
3,356,e9f8056b2571c5d2240fd049,2.0199999809265137,2.1884310245513916,0.16843104362487793,0.16843104362487793
3,357,04160f170563ca12d65e23c5,0.8100000023841858,0.3565123379230499,-0.45348766446113586,0.45348766446113586
3,358,06c1a67bf7608fa1949c36b2,3.7199997901916504,3.1730000972747803,-0.5469996929168701,0.5469996929168701
3,359,84dec436b56036dea52e695f,1.840000033378601,0.9546306133270264,-0.8853694200515747,0.8853694200515747
3,360,1093cd7c26ba69a986a16235,2.190000057220459,2.039095878601074,-0.15090417861938477,0.15090417861938477
3,361,4944ffb96ecd68f667850aec,1.8468947410583496,1.7226803302764893,-0.12421441078186035,0.12421441078186035
3,362,5e9a9aae9e635f9d9d6a5693,0.9900000095367432,1.5134786367416382,0.523478627204895,0.523478627204895
3,363,457b369914102f68c40ddce8,2.049999952316284,1.9745275974273682,-0.07547235488891602,0.07547235488891602
3,364,14ab1ce63de5c99978029f09,-0.892094612121582,-0.9230433702468872,-0.030948758125305176,0.030948758125305176
3,365,2375aa4638e93f294cdf5b4d,3.552841901779175,3.5760653018951416,0.023223400115966797,0.023223400115966797
3,366,cd879731fe05d7ea3440cfb9,2.3499999046325684,2.508981943130493,0.1589820384979248,0.1589820384979248
3,367,5744781c5ec7404bb2a4aaf6,1.690000057220459,1.8117965459823608,0.12179648876190186,0.12179648876190186
3,368,a2ba3b3a369bba9e36b6349b,4.1199870109558105,4.517384052276611,0.3973970413208008,0.3973970413208008
3,369,94fa6452c642f1bd099f38ce,2.509999990463257,2.3268821239471436,-0.18311786651611328,0.18311786651611328
3,370,31fa32183812116e03990ed4,1.3344190120697021,2.095540761947632,0.7611217498779297,0.7611217498779297
3,371,6a94eb7a6002319c8718efd7,2.450016498565674,2.612730026245117,0.16271352767944336,0.16271352767944336
3,372,ed261139b56b8b725cc7e943,2.0799999237060547,2.4525034427642822,0.37250351905822754,0.37250351905822754
3,373,739c9f66e0fa6e7217ec5a5a,1.2695510387420654,0.7195519208908081,-0.5499991178512573,0.5499991178512573
3,374,971ea182e16cfd132dfbd121,0.7300000190734863,0.5383703708648682,-0.19162964820861816,0.19162964820861816
3,375,0e1d7d0176646b93b4958554,2.4849212169647217,0.9717274904251099,-1.5131937265396118,1.5131937265396118
3,376,5e7a435d7dce6b99e7a8fd27,0.102372907102108,0.7439383268356323,0.6415654420852661,0.6415654420852661
3,377,b1561ae311d36fa3c6a47303,1.4299999475479126,1.6214040517807007,0.19140410423278809,0.19140410423278809
3,378,4ee8cf3d7e92f61a45ee68d5,1.8494850397109985,1.6758465766906738,-0.1736384630203247,0.1736384630203247
3,379,3846edd0236ea77c66554094,1.669586181640625,1.7334835529327393,0.06389737129211426,0.06389737129211426
3,380,aea0d6a5d13315a31c738d18,1.5466816425323486,0.9757013320922852,-0.5709803104400635,0.5709803104400635
3,381,cb81f8a27e63ffd6edf5a861,1.309999942779541,1.6685490608215332,0.3585491180419922,0.3585491180419922
3,382,7abb25b5a25e4c9310c233b2,0.30000001192092896,0.2862247824668884,-0.013775229454040527,0.013775229454040527
3,383,7b80624109801ceeab6446f3,2.9586071968078613,2.4734299182891846,-0.48517727851867676,0.48517727851867676
3,384,ad054c5d2bc6498491626157,0.7300000190734863,1.544236183166504,0.8142361640930176,0.8142361640930176
3,385,59dad9d0e6da1127ae0464d1,2.4700000286102295,2.3857529163360596,-0.08424711227416992,0.08424711227416992
3,386,e5a96584433210840af20834,1.1399999856948853,1.4973773956298828,0.35737740993499756,0.35737740993499756
3,387,32761d964ccf4a660624ae7d,1.6699999570846558,1.50126314163208,-0.16873681545257568,0.16873681545257568
3,388,7340ba00a99f7451f77d8483,0.7900000214576721,0.7263673543930054,-0.06363266706466675,0.06363266706466675
3,389,042e0daffe52424ae0a34c1e,2.009999990463257,1.832816481590271,-0.17718350887298584,0.17718350887298584
3,390,b54f7450dc72743587a9c3e6,1.4199999570846558,1.3334777355194092,-0.08652222156524658,0.08652222156524658
3,391,218e8c1eca098c886cdd1f85,0.9800000190734863,0.994362473487854,0.014362454414367676,0.014362454414367676
3,392,a7423cebc854a07098e67e65,2.369999885559082,2.2519009113311768,-0.11809897422790527,0.11809897422790527
3,393,b3799f4d559cb364675da6aa,1.590000033378601,0.9171910285949707,-0.6728090047836304,0.6728090047836304
3,394,e20adbe186dd86d03358b5c9,3.2441251277923584,2.910674571990967,-0.3334505558013916,0.3334505558013916
3,395,977faba15781b9a235db7a9a,1.5199999809265137,1.6453919410705566,0.12539196014404297,0.12539196014404297
3,396,28416c65a20e141f352d3b77,1.809999942779541,1.3230481147766113,-0.4869518280029297,0.4869518280029297
3,397,6a45b13d688c14e1399f7341,0.44999998807907104,0.5309680700302124,0.08096808195114136,0.08096808195114136
3,398,c5bdcdc9bc8e3787f4b566b2,0.7200000286102295,0.8394596576690674,0.11945962905883789,0.11945962905883789
3,399,48d9839b238f700de80a9389,1.4900000095367432,1.491809368133545,0.0018093585968017578,0.0018093585968017578
3,400,b135abd0aa08b46a5f654792,0.0,0.9181714057922363,0.9181714057922363,0.9181714057922363
3,401,8a68bbbff148c565ddc356af,2.3499999046325684,1.5123131275177002,-0.8376867771148682,0.8376867771148682
3,402,e6648a220c7ed055037d3ede,0.7200000286102295,0.6174788475036621,-0.10252118110656738,0.10252118110656738
3,403,d67fbb07a8ec398402a94e85,0.9900000095367432,0.8892444372177124,-0.10075557231903076,0.10075557231903076
3,404,ce650de9ee7aaa30f4d06775,2.395413875579834,2.950134038925171,0.5547201633453369,0.5547201633453369
3,405,2153e86c13d9027b6f551c73,2.515700101852417,2.5729551315307617,0.05725502967834473,0.05725502967834473
3,406,410ac7cd4a6b694408f1f7b0,0.4000000059604645,1.4267936944961548,1.0267937183380127,1.0267937183380127
3,407,2238c62a4f11d214676fb275,1.8899999856948853,2.1217048168182373,0.23170483112335205,0.23170483112335205
3,408,94059e5dacc2b4ca899154b2,1.2799999713897705,0.8584212064743042,-0.4215787649154663,0.4215787649154663
3,409,eb89b82118775e24696f8fd5,2.971971273422241,3.1983635425567627,0.22639226913452148,0.22639226913452148
3,410,b38fc531193a3e9c7274b381,1.5700000524520874,0.630271315574646,-0.9397287368774414,0.9397287368774414
3,411,32262c4167c4ec091a434df3,4.2404608726501465,3.9653122425079346,-0.2751486301422119,0.2751486301422119
3,412,a3d63e7a0d3bde870711ebaf,-1.1461280584335327,-0.9032593965530396,0.24286866188049316,0.24286866188049316
3,413,746b5b2743af8bdd02eba9b9,0.6399999856948853,1.1513797044754028,0.5113797187805176,0.5113797187805176
3,414,5f6cccec340f9f485c083c50,0.5600000023841858,0.5563255548477173,-0.003674447536468506,0.003674447536468506
3,415,8657ad6ff2ab79f15feff526,2.0799999237060547,2.132061243057251,0.05206131935119629,0.05206131935119629
3,416,94ce2d417f5f77ba9470f9e8,0.23000000417232513,0.7031667232513428,0.47316670417785645,0.47316670417785645
3,417,0d41715b9f705ce15fd35379,2.25,2.225365400314331,-0.024634599685668945,0.024634599685668945
3,418,a965306f9fb97c444d123463,0.25999999046325684,1.2614643573760986,1.0014643669128418,1.0014643669128418
3,419,337a2df5e35879038e081185,1.0299999713897705,0.9187204837799072,-0.11127948760986328,0.11127948760986328
3,420,cd6e9124134ccb70606b5ce8,2.75,2.810431957244873,0.06043195724487305,0.06043195724487305
3,421,236703fb1c474b1e944139b5,0.5799999833106995,0.627233624458313,0.047233641147613525,0.047233641147613525
3,422,0631da832f61d2484288e05f,1.9700000286102295,2.134453296661377,0.16445326805114746,0.16445326805114746
3,423,da671adcf7b80c4d7324672e,2.607335090637207,2.0155413150787354,-0.5917937755584717,0.5917937755584717
3,424,645a37b815ed67fe9b9217eb,1.409999966621399,1.1817492246627808,-0.22825074195861816,0.22825074195861816
3,425,c38938a036a1b43136708f0a,1.3899999856948853,2.229065418243408,0.839065432548523,0.839065432548523
3,426,114397808fdaec4f6f363ce8,0.8799999952316284,1.003509521484375,0.12350952625274658,0.12350952625274658
3,427,ede5cef40d86d5bce0353f9e,0.9355419874191284,0.46770212054252625,-0.4678398668766022,0.4678398668766022
3,428,f5f90610d3baf2e43889c7ef,2.0299999713897705,2.1175715923309326,0.08757162094116211,0.08757162094116211
3,429,a0c3c595733548593c71490d,0.7900000214576721,0.9104608297348022,0.12046080827713013,0.12046080827713013
3,430,ff8707161428652143bd06f2,2.6600000858306885,2.5557525157928467,-0.1042475700378418,0.1042475700378418
3,431,5d7ab4664c3045037bc9f8f9,1.2200000286102295,1.0746461153030396,-0.14535391330718994,0.14535391330718994
3,432,69838827da468d17eaa6de71,0.9399999976158142,1.5921952724456787,0.6521952748298645,0.6521952748298645
3,433,70a2d0d3a6422928db9a9aef,0.9208187460899353,0.07539865374565125,-0.8454201221466064,0.8454201221466064
3,434,3e157994eb541c69118d8e06,1.149999976158142,1.5920418500900269,0.44204187393188477,0.44204187393188477
3,435,bcf0688a7950e6e329e59f0d,0.7900000214576721,0.5987929105758667,-0.19120711088180542,0.19120711088180542
3,436,5f7ebb8c5a698ba810598511,3.5999999046325684,3.322469472885132,-0.2775304317474365,0.2775304317474365
3,437,7979eda9566ceffad622447c,2.0,2.461596727371216,0.4615967273712158,0.4615967273712158
3,438,cbd1b16672a36e63f77a5ca2,0.21112488210201263,1.0577583312988281,0.8466334342956543,0.8466334342956543
3,439,c4ee3997c9e237d2327b1b03,2.3799681663513184,3.4347264766693115,1.0547583103179932,1.0547583103179932
3,440,5bd27cfeb3c732490c794572,1.0299999713897705,1.8514041900634766,0.821404218673706,0.821404218673706
3,441,04beb818659cb40c46c220e6,1.9299999475479126,1.0382789373397827,-0.8917210102081299,0.8917210102081299
3,442,7c79def2765ebc81a24200b3,0.46000000834465027,0.25301119685173035,-0.20698881149291992,0.20698881149291992
3,443,47ca6cacd35ae4e4378a0deb,0.4099999964237213,0.54688560962677,0.1368856132030487,0.1368856132030487
3,444,eba96c3dca3a9bb2f185c25b,0.3799999952316284,0.7606947422027588,0.38069474697113037,0.38069474697113037
3,445,d5d10762bb63c6d7cefd5397,1.443697452545166,1.747861385345459,0.30416393280029297,0.30416393280029297
3,446,0c7ca35c168c99404a5af5b0,1.409999966621399,0.8064028024673462,-0.6035971641540527,0.6035971641540527
3,447,e0b744cfe486cd285a5ff42b,1.0399999618530273,1.4261674880981445,0.3861675262451172,0.3861675262451172
3,448,d84eb3859c380cb0f063f599,1.149999976158142,2.0175836086273193,0.8675836324691772,0.8675836324691772
3,449,dc01f91a04c309e698cf8122,1.5499999523162842,0.9180128574371338,-0.6319870948791504,0.6319870948791504
3,450,7984e5fc2bd2e2fcfa257f8d,0.7900000214576721,1.0295438766479492,0.2395438551902771,0.2395438551902771
3,451,b8042fe2da267956c745b1dd,3.9871628284454346,3.8835675716400146,-0.10359525680541992,0.10359525680541992
3,452,162f83ebb46eecc0ec59ee0a,1.886056661605835,2.3782007694244385,0.4921441078186035,0.4921441078186035
3,453,0820507d8d423e97ea364b8e,1.5099999904632568,1.5229932069778442,0.012993216514587402,0.012993216514587402
3,454,d45332ba558c501417f9b1a1,1.649999976158142,2.039527654647827,0.38952767848968506,0.38952767848968506
3,455,f804249b898eb8ae3cb63013,2.5301780700683594,2.4287455081939697,-0.10143256187438965,0.10143256187438965
3,456,3a833e2cf24665914b8c7aef,2.494849920272827,1.438772439956665,-1.056077480316162,1.056077480316162
3,457,756f922815624bf5e97ea636,0.8600000143051147,1.9350656270980835,1.0750656127929688,1.0750656127929688
3,458,7a5c990178096198801f56a7,1.7300000190734863,1.785943627357483,0.05594360828399658,0.05594360828399658
3,459,760a131fa9b932af690023b3,2.390000104904175,1.6059683561325073,-0.7840317487716675,0.7840317487716675
3,460,4c04ec383492973166977928,4.460087776184082,3.598107099533081,-0.861980676651001,0.861980676651001
3,461,99bc3cd2b9965f3b9413fd9f,3.045757532119751,3.934492826461792,0.888735294342041,0.888735294342041
3,462,56c7475cf343521d6c731e35,1.7699999809265137,4.347777366638184,2.57777738571167,2.57777738571167
3,463,c4ef0a9c844ca82842ad229b,0.9800000190734863,0.8082689046859741,-0.1717311143875122,0.1717311143875122
3,464,3ae658d17b077da678c12967,3.9586071968078613,3.628638982772827,-0.3299682140350342,0.3299682140350342
3,465,eb1e2f4039d905eb5f411439,3.0899999141693115,3.3580684661865234,0.2680685520172119,0.2680685520172119
3,466,22f4460cc692466a151b69fe,1.2400000095367432,1.5213944911956787,0.28139448165893555,0.28139448165893555
3,467,278927a542d5033bb648a446,1.5,1.664294958114624,0.16429495811462402,0.16429495811462402
3,468,35be7761147cb5e4ca8f1b03,0.5850266814231873,0.6350057125091553,0.04997903108596802,0.04997903108596802
3,469,ab48727b817927048744dd23,3.0299999713897705,3.6640946865081787,0.6340947151184082,0.6340947151184082
3,470,84fb4a402031392220023542,1.1799999475479126,1.390531063079834,0.2105311155319214,0.2105311155319214
3,471,8fb2070c977d48f5b4125279,3.6575772762298584,3.849956750869751,0.19237947463989258,0.19237947463989258
3,472,44321f95b4c63239f80b5e09,2.0299999713897705,1.6778923273086548,-0.3521076440811157,0.3521076440811157
3,473,258e7df2cfbfc3cdbde16140,2.009999990463257,2.2503957748413086,0.24039578437805176,0.24039578437805176
3,474,a4176fbf02eddd6273d28d48,1.9586073160171509,2.244835138320923,0.286227822303772,0.286227822303772
3,475,13a11f7f8e30f8f411d159ed,2.8761484622955322,2.98547625541687,0.10932779312133789,0.10932779312133789
3,476,2c862fa7dd7f16ffc756a05b,1.7300000190734863,1.4125975370407104,-0.3174024820327759,0.3174024820327759
3,477,6c11532f3d8ac37bfa5542fc,2.4700000286102295,2.0925357341766357,-0.37746429443359375,0.37746429443359375
3,478,ee6929d6e228c42b9e267b9f,-1.1367205381393433,-0.8894298076629639,0.2472907304763794,0.2472907304763794
3,479,ae9a3af8f274370a510d70f8,0.3700000047683716,0.13304589688777924,-0.23695410788059235,0.23695410788059235
3,480,8ae0aa17edf3baeea156f6df,4.3098039627075195,4.380337715148926,0.07053375244140625,0.07053375244140625
3,481,b0dec6ed62482ec9ebb94c60,0.8500000238418579,0.3806576430797577,-0.4693423807621002,0.4693423807621002
3,482,412ed7e036947bda3dfc2ba8,1.1100000143051147,1.1938447952270508,0.08384478092193604,0.08384478092193604
3,483,66144cd7e8d28b57d67bbd83,0.8700000047683716,1.1111904382705688,0.24119043350219727,0.24119043350219727
3,484,98fd0a11a5dc577be190f153,2.0199999809265137,2.015681505203247,-0.0043184757232666016,0.0043184757232666016
3,485,40910e53f2ac795592ea2a7a,1.600000023841858,1.264847993850708,-0.3351520299911499,0.3351520299911499
3,486,075e56bd7578b9f4dc5b9283,2.200000047683716,1.2760432958602905,-0.9239567518234253,0.9239567518234253
3,487,4fb4cd9144e254a809b4cc00,1.0099999904632568,1.2227822542190552,0.21278226375579834,0.21278226375579834
3,488,6afa3e224c6364477617efb6,1.8700000047683716,2.1061484813690186,0.23614847660064697,0.23614847660064697
3,489,1c947a5229e43e0c0b3bda98,0.25999999046325684,2.227198362350464,1.967198371887207,1.967198371887207
3,490,1189640afceecf4ab8429bd2,2.490000009536743,2.4224514961242676,-0.06754851341247559,0.06754851341247559
3,491,146a85ff0bd810154712c99a,2.5399999618530273,2.2878386974334717,-0.25216126441955566,0.25216126441955566
3,492,92cf5dea43360368f0c734ab,2.4700000286102295,2.7935428619384766,0.32354283332824707,0.32354283332824707
3,493,d445306858b0738c19f30e9c,1.2839967012405396,1.1286101341247559,-0.1553865671157837,0.1553865671157837
3,494,3539d01c3feebc3920c3cee7,1.3200000524520874,1.33500075340271,0.015000700950622559,0.015000700950622559
3,495,deed0fd09124169e7143b6b1,0.6968039274215698,0.696913480758667,0.00010955333709716797,0.00010955333709716797
3,496,d5572a251e4fb5175bf23dae,3.314258337020874,3.2176902294158936,-0.09656810760498047,0.09656810760498047
3,497,3c723d2c9846c451702bdb54,1.9500000476837158,2.2400662899017334,0.2900662422180176,0.2900662422180176
3,498,f39ee2a21d05c2d18d423112,2.301029920578003,1.9387143850326538,-0.3623155355453491,0.3623155355453491
3,499,46d0fc5f6252ebceb2c7a98e,0.41907501220703125,0.3305463492870331,-0.08852866291999817,0.08852866291999817
3,500,cf8eca759f052d4aa9f3d177,2.6099483966827393,3.5273754596710205,0.9174270629882812,0.9174270629882812
3,501,1ab944163fafb73f24b0eebd,1.309999942779541,1.326272964477539,0.016273021697998047,0.016273021697998047
3,502,7d9c5581d9e3cbc94293e05f,1.7899999618530273,2.229343891143799,0.4393439292907715,0.4393439292907715
3,503,1e0f60649b3eae8969ba473b,1.659999966621399,1.2825078964233398,-0.3774920701980591,0.3774920701980591
3,504,ecdb678dd8c921f44e20b53a,0.18000000715255737,1.546033501625061,1.3660335540771484,1.3660335540771484
3,505,8ac1e7c7d605387009b094b7,2.2699999809265137,2.050013542175293,-0.2199864387512207,0.2199864387512207
3,506,89d84dad97396c88e90232d1,4.721246242523193,4.241340637207031,-0.4799056053161621,0.4799056053161621
3,507,e51ec347768207a53db063d0,3.552841901779175,3.6071221828460693,0.05428028106689453,0.05428028106689453
3,508,90dc6fdd6de517d1e1a05df8,0.47999998927116394,1.5656887292861938,1.0856887102127075,1.0856887102127075
3,509,d9fcbfc82178640d3a3d3a8f,2.009999990463257,2.290189027786255,0.28018903732299805,0.28018903732299805
3,510,ea33b7eb51b352618fc78b3d,4.619788646697998,4.081157684326172,-0.5386309623718262,0.5386309623718262
3,511,55768550738b5058a42bca59,1.4700000286102295,1.3645814657211304,-0.10541856288909912,0.10541856288909912
3,512,449f0c6b4c28650c79026465,0.9599999785423279,1.239979863166809,0.2799798846244812,0.2799798846244812
3,513,cafbaa5d27cf5696e9e35c33,0.8999999761581421,1.3774914741516113,0.47749149799346924,0.47749149799346924
3,514,d01613d611972153cca73caf,0.9546770453453064,0.9953784942626953,0.040701448917388916,0.040701448917388916
3,515,2a609cd19bb361e49f1e4153,2.6575772762298584,3.100229263305664,0.44265198707580566,0.44265198707580566
3,516,f8a628e7d3d3445dfa0e3865,1.340000033378601,1.594563364982605,0.2545633316040039,0.2545633316040039
3,517,3f1b5fc71edecc2ca9d2e276,0.102372907102108,0.8527313470840454,0.7503584623336792,0.7503584623336792
3,518,ad678052cffbea4e45426d27,3.795880079269409,3.6923205852508545,-0.10355949401855469,0.10355949401855469
3,519,3f1e78f63a0ef1fc76fe27b6,0.8664610981941223,1.2523863315582275,0.3859252333641052,0.3859252333641052
3,520,5ec8f83639490516a1372b66,1.0399999618530273,1.5278301239013672,0.48783016204833984,0.48783016204833984
3,521,ee66beccdd7c92e120aef2fa,0.23999999463558197,0.20496723055839539,-0.035032764077186584,0.035032764077186584
3,522,873fb94addb6c82fbca90389,3.640000104904175,2.6463959217071533,-0.9936041831970215,0.9936041831970215
3,523,c9b358756c1e76e3b38be33f,0.5299999713897705,0.6550832986831665,0.125083327293396,0.125083327293396
3,524,cf92c61d6f21f469b023289e,4.638272285461426,3.7561943531036377,-0.8820779323577881,0.8820779323577881
3,525,ec67353557acc09df401db89,1.0299999713897705,0.993681788444519,-0.036318182945251465,0.036318182945251465
3,526,e07ba31f589a5a924fcb874b,0.8199999928474426,1.3955438137054443,0.5755438208580017,0.5755438208580017
3,527,aed2bb330573cd92cecdbb32,2.113509178161621,1.9255876541137695,-0.18792152404785156,0.18792152404785156
3,528,8288f0b738fb30eff04968e5,0.9200000166893005,1.2064555883407593,0.28645557165145874,0.28645557165145874
3,529,b93a947007986a4840fd4f8c,1.0499999523162842,0.8871515989303589,-0.1628483533859253,0.1628483533859253
3,530,390305755e7a4a4368817271,1.0409586429595947,3.9346749782562256,2.893716335296631,2.893716335296631
3,531,90e83ebcbe776cb380f15fa8,0.7699999809265137,0.8526687622070312,0.08266878128051758,0.08266878128051758
3,532,7c1afd083a8b6e775d575ab3,1.5399999618530273,0.7715659141540527,-0.7684340476989746,0.7684340476989746
3,533,cdce2e87b8dd79de31a3c250,2.0299999713897705,2.2006497383117676,0.17064976692199707,0.17064976692199707
3,534,f5f1440fa90365fc86aaff3d,0.7400000095367432,1.0420122146606445,0.30201220512390137,0.30201220512390137
3,535,0a4e122d033a9525ae45a0d1,2.799999952316284,2.9410524368286133,0.1410524845123291,0.1410524845123291
3,536,6738c8c7ccf2c694809a4dca,0.7099999785423279,1.4190442562103271,0.7090442776679993,0.7090442776679993
3,537,c177d9dc81a11fa2a393b451,2.1700000762939453,2.2171995639801025,0.04719948768615723,0.04719948768615723
3,538,462b3f1e6b5e9be1ba23f8b2,2.7869250774383545,2.458632230758667,-0.3282928466796875,0.3282928466796875
3,539,1703e0805d369a63e0cc4d5f,1.690000057220459,1.6629657745361328,-0.027034282684326172,0.027034282684326172
3,540,4193d25e063c072d573fd38f,4.6575775146484375,2.052187919616699,-2.6053895950317383,2.6053895950317383
3,541,ff2202d3d8043214b362e77a,3.6575772762298584,3.793564558029175,0.1359872817993164,0.1359872817993164
3,542,afcd23f4e41b0f24b356b28d,3.2899672985076904,2.9043257236480713,-0.38564157485961914,0.38564157485961914
3,543,550c5c128b2b7aa0d24ef950,1.809999942779541,1.639402985572815,-0.17059695720672607,0.17059695720672607
3,544,d83f7cdcca464aa48a97636f,0.7471469640731812,1.491310715675354,0.7441637516021729,0.7441637516021729
3,545,a262013016639f560dd22993,3.698970079421997,3.8869662284851074,0.18799614906311035,0.18799614906311035
3,546,a0213ec626ed5438c272db68,2.795880079269409,2.3707592487335205,-0.42512083053588867,0.42512083053588867
3,547,26857239b89c00b56b934850,4.329999923706055,4.443266868591309,0.1132669448852539,0.1132669448852539
3,548,06a8075a9803d146ce5b4c10,1.2100000381469727,2.0009729862213135,0.7909729480743408,0.7909729480743408
3,549,ca741cb5c612e6575abf84cd,1.2000000476837158,1.7279436588287354,0.5279436111450195,0.5279436111450195
3,550,7c03f884699d11381a39cb5d,1.6100000143051147,1.7198697328567505,0.10986971855163574,0.10986971855163574
3,551,4e2d49c3e2f2eef3263a7600,2.8013429641723633,2.4055099487304688,-0.39583301544189453,0.39583301544189453
3,552,82c35418ab5a598da9f9fc7c,1.0700000524520874,1.1465826034545898,0.07658255100250244,0.07658255100250244
3,553,3a69a21800475ed77eecfac2,1.2699999809265137,1.2103960514068604,-0.05960392951965332,0.05960392951965332
3,554,04f47fe69277fb7f7c5edd52,1.6799999475479126,1.4175405502319336,-0.262459397315979,0.262459397315979
3,555,b92da58e651f4a7754c4cc98,1.4900000095367432,1.3621379137039185,-0.1278620958328247,0.1278620958328247
3,556,f8ab74cc67da6eed403dd719,2.823908805847168,2.9422924518585205,0.11838364601135254,0.11838364601135254
3,557,fcb0c5fe903fc7ab37982196,1.3899999856948853,1.44510817527771,0.05510818958282471,0.05510818958282471
3,558,3d8db9c7455884f4ae1b25f6,3.3233063220977783,3.322709083557129,-0.0005972385406494141,0.0005972385406494141
3,559,64bc59277c31fd6418d5f5e8,3.477121353149414,3.305771589279175,-0.17134976387023926,0.17134976387023926
3,560,126dc8c3aa3823108e212df1,1.6299999952316284,0.9192615747451782,-0.7107384204864502,0.7107384204864502
3,561,2bcf341b08611e82b98bf534,4.452225208282471,3.3702309131622314,-1.0819942951202393,1.0819942951202393
3,562,a6b6ba181d5eb6a872d69e74,0.8239087462425232,0.8713990449905396,0.04749029874801636,0.04749029874801636
3,563,0ef919ccacc5195127b8bafe,0.90068519115448,0.7064628601074219,-0.1942223310470581,0.1942223310470581
3,564,b0707eb476dba45a7211ec3d,2.214670181274414,1.606269121170044,-0.6084010601043701,0.6084010601043701
3,565,53d476846b8c7cf4fc8bee4f,0.5800442695617676,0.8772287368774414,0.29718446731567383,0.29718446731567383
3,566,26e2424113f5b5c48a5a2a27,2.7827155590057373,1.5006694793701172,-1.2820460796356201,1.2820460796356201
3,567,78d5fd9ffbb35a9f90d94227,-0.2678685188293457,0.15159417688846588,0.4194626808166504,0.4194626808166504
3,568,4f609fb5e1757ef086254b5a,2.609999895095825,2.4152677059173584,-0.1947321891784668,0.1947321891784668
3,569,ed71e160284608e36139ea3b,2.2200000286102295,1.710557222366333,-0.5094428062438965,0.5094428062438965
3,570,a0afc7ea742ffc1c2829ab35,1.9299999475479126,1.7849829196929932,-0.14501702785491943,0.14501702785491943
3,571,02002949c087090d76afbde1,1.4800000190734863,1.6575431823730469,0.17754316329956055,0.17754316329956055
3,572,e0e60303ec282101d48c3fc3,1.087358832359314,1.5798735618591309,0.4925147294998169,0.4925147294998169
3,573,7d855d70a535ec8433aaf62e,3.4800000190734863,3.368185520172119,-0.11181449890136719,0.11181449890136719
3,574,df4c56df0b34f0b2b5b1c8df,1.6299999952316284,1.8060321807861328,0.1760321855545044,0.1760321855545044
3,575,4ffe76f3cd7c88e833af2aff,1.940000057220459,1.7988882064819336,-0.1411118507385254,0.1411118507385254
3,576,51c30f432efa916756a9ad3d,4.12493896484375,3.7999799251556396,-0.32495903968811035,0.32495903968811035
3,577,468d3bc75a1a457e1d53725e,2.193819999694824,2.2711215019226074,0.0773015022277832,0.0773015022277832
3,578,fcc87bbcd8bea38b2f3eb170,4.522878646850586,1.868981122970581,-2.653897523880005,2.653897523880005
3,579,ae41b2cfb20eeb5f884147d7,2.130000114440918,2.6922991275787354,0.5622990131378174,0.5622990131378174
3,580,824307556e14b22cbf190d22,1.6020599603652954,2.614168882369995,1.0121089220046997,1.0121089220046997
3,581,4c0d007d1f5f9de4712ad281,0.8600000143051147,0.802192211151123,-0.0578078031539917,0.0578078031539917
3,582,76a18e9d45450b6b2f302abd,2.819999933242798,1.8743239641189575,-0.9456759691238403,0.9456759691238403
3,583,8c4e8f15134fafe23ae02a55,1.940000057220459,2.026219606399536,0.08621954917907715,0.08621954917907715
3,584,770163b1dabacc2e6db2c647,1.1299999952316284,0.8060274124145508,-0.32397258281707764,0.32397258281707764
3,585,679e27188a25f2c9c7f1658e,0.5686362385749817,0.5148028135299683,-0.05383342504501343,0.05383342504501343
3,586,62cf442a6c9c5d65c7a16668,2.658151149749756,2.6353230476379395,-0.022828102111816406,0.022828102111816406
3,587,b1c5bd768b2996d735c09a59,3.129595994949341,3.181593894958496,0.05199790000915527,0.05199790000915527
3,588,6a6c19093d9a3bb87085265d,2.130000114440918,0.8234095573425293,-1.3065905570983887,1.3065905570983887
3,589,adc24614e2b3430c25259fa7,2.92081880569458,4.047807216644287,1.126988410949707,1.126988410949707
3,590,db752c35e7995b06192a97ea,0.38999998569488525,0.6580173969268799,0.26801741123199463,0.26801741123199463
3,591,c19c0d4cba2975ae8a519368,0.41999998688697815,0.8079406023025513,0.3879406154155731,0.3879406154155731
3,592,68832ed87890b0fcfe71ccc9,1.3200000524520874,1.2583961486816406,-0.06160390377044678,0.06160390377044678
3,593,d98dec74ee51ef5043027320,2.3372421264648438,3.491889238357544,1.1546471118927002,1.1546471118927002
3,594,2bbace30195a4eec85e58a54,1.8200000524520874,1.7618772983551025,-0.05812275409698486,0.05812275409698486
3,595,18916176c35aa60b8ac1c9e1,1.1799999475479126,1.1106007099151611,-0.06939923763275146,0.06939923763275146
3,596,4b7b3290484244d6282f35b2,-3.067943811416626,-0.2962068021297455,2.7717370986938477,2.7717370986938477
3,597,8872d98550487357fde5be0f,2.119999885559082,2.0375778675079346,-0.08242201805114746,0.08242201805114746
3,598,8e755c696c770e33c984f003,3.2899999618530273,3.0392258167266846,-0.2507741451263428,0.2507741451263428
3,599,d446555c1c53f4cb5ce92166,3.200000047683716,2.7325289249420166,-0.4674711227416992,0.4674711227416992
3,600,6a02e6ffdb3e0f30cd092f19,1.5199999809265137,1.8929474353790283,0.37294745445251465,0.37294745445251465
3,601,4447909a78d9a971dc6dd8ea,2.0315170288085938,2.039759874343872,0.00824284553527832,0.00824284553527832
3,602,970411e75b6d60428b412189,3.7695510387420654,3.8884754180908203,0.11892437934875488,0.11892437934875488
3,603,0e275985308c09c1b8f1e1a8,2.2525882720947266,1.4872688055038452,-0.7653194665908813,0.7653194665908813
3,604,6dd4d34a094ec80cb1aecc81,2.0199999809265137,1.6816754341125488,-0.33832454681396484,0.33832454681396484
3,605,4f4799570b647d6ca0aa0d42,3.6944336891174316,1.219071626663208,-2.4753620624542236,2.4753620624542236
3,606,ee8890eccffbd332d179495d,1.6200000047683716,2.145217180252075,0.5252171754837036,0.5252171754837036
3,607,676ea2a3614e2926cca1f1ce,1.390405535697937,2.0969133377075195,0.7065078020095825,0.7065078020095825
3,608,7d640a5ff4102455eb9b5370,2.540356159210205,2.934373617172241,0.39401745796203613,0.39401745796203613
3,609,b722d0c7e1235d378309602e,4.849857807159424,3.0252344608306885,-1.8246233463287354,1.8246233463287354
3,610,19f67b02adfcd4875a52f59a,2.6575772762298584,2.971857786178589,0.31428050994873047,0.31428050994873047
3,611,1d999cd6bac8facd740a2c62,1.4800000190734863,1.747220754623413,0.26722073554992676,0.26722073554992676
3,612,fb641cc7417ae6906b6ce322,0.75,1.0124714374542236,0.26247143745422363,0.26247143745422363
3,613,397bf1e5e958ad63deb31225,1.3411622047424316,2.4692556858062744,1.1280934810638428,1.1280934810638428
3,614,a8423e0b6df4c039d07b062d,2.240000009536743,1.4713561534881592,-0.768643856048584,0.768643856048584
3,615,0077536e56024ccb0591a648,0.9200000166893005,1.7421214580535889,0.8221214413642883,0.8221214413642883
3,616,94ed41dc7f96ff9fe3758662,1.4600000381469727,1.6330314874649048,0.17303144931793213,0.17303144931793213
3,617,ea215b9c1541d6ee3150208e,3.778151273727417,3.4243581295013428,-0.3537931442260742,0.3537931442260742
3,618,f459c797505972326e3736ad,2.698970079421997,3.527678966522217,0.8287088871002197,0.8287088871002197
3,619,49bb615c688c6b080ddbf462,0.9900000095367432,1.1288647651672363,0.13886475563049316,0.13886475563049316
3,620,1ab49c8ba513b59dd6eaf87b,1.659999966621399,1.3089704513549805,-0.35102951526641846,0.35102951526641846
3,621,58e362b7781dae1f3017d753,3.1547467708587646,1.2345772981643677,-1.920169472694397,1.920169472694397
3,622,329133e5d0d3f217174a9b1a,2.9586071968078613,3.2749783992767334,0.31637120246887207,0.31637120246887207
3,623,29fdcbd2e1a69b3f3ba675c3,0.25,0.24633321166038513,-0.003666788339614868,0.003666788339614868
3,624,38862fe8104ff8820de47e56,-0.15228834748268127,1.625091791152954,1.777380108833313,1.777380108833313
3,625,6452ec97efea8ac67089573b,4.0,3.8835675716400146,-0.11643242835998535,0.11643242835998535
3,626,9b97a0439331946406859e79,1.0757206678390503,1.1323068141937256,0.05658614635467529,0.05658614635467529
3,627,9ffe3fcef2ac2ba4bf422127,0.6299999952316284,1.1769366264343262,0.5469366312026978,0.5469366312026978
3,628,89bbb645c6f0467d71b4a84c,4.549750804901123,2.606616735458374,-1.943134069442749,1.943134069442749
3,629,3b3779b4bd9e95aa89d5c2b4,1.0700000524520874,1.2514863014221191,0.18148624897003174,0.18148624897003174
3,630,4d70f8cc04cdfd8d0a13eef6,1.3899999856948853,1.558432698249817,0.16843271255493164,0.16843271255493164
3,631,ac6fd848827bd039a5df2228,0.4000000059604645,1.2970863580703735,0.8970863819122314,0.8970863819122314
3,632,386e7e55b927329c1f212a31,0.3799999952316284,1.2726664543151855,0.8926664590835571,0.8926664590835571
3,633,0334600f2974e4215cca0d09,1.7899999618530273,2.1321861743927,0.34218621253967285,0.34218621253967285
3,634,df8239168a6d8e5fe8d77047,1.9199999570846558,2.0768587589263916,0.15685880184173584,0.15685880184173584
3,635,68f0f8bc3a86901f5e599e7a,1.149999976158142,1.4619214534759521,0.31192147731781006,0.31192147731781006
3,636,d7349dfd1a8595342c67d580,0.7200000286102295,1.114243507385254,0.3942434787750244,0.3942434787750244
3,637,f713d7e4f75326f7d975a836,3.795880079269409,3.6901772022247314,-0.10570287704467773,0.10570287704467773
3,638,d76f2e10a2de91d1f7a9e54d,4.537601947784424,4.11707878112793,-0.42052316665649414,0.42052316665649414
3,639,84f91061e903c4fad2e0908c,2.806875467300415,3.7646913528442383,0.9578158855438232,0.9578158855438232
3,640,c43015966823e722193755f0,1.3979400396347046,1.4819588661193848,0.08401882648468018,0.08401882648468018
3,641,f1cde8807eb1c605ba154f68,2.8336684703826904,3.1046597957611084,0.27099132537841797,0.27099132537841797
3,642,465640e29ac32f8f1998eb4f,2.1600000858306885,1.8381314277648926,-0.3218686580657959,0.3218686580657959
3,643,1d416a6cde1d547edf0dd1ae,1.0399999618530273,0.7451314926147461,-0.29486846923828125,0.29486846923828125
3,644,e0db9e555d5554b88cf091d0,1.659999966621399,3.404038667678833,1.744038701057434,1.744038701057434
3,645,aeddfb7490263e95bb435a5b,1.8300000429153442,1.748772382736206,-0.08122766017913818,0.08122766017913818
3,646,7159889c12e3b6f3f828ef6f,0.8538719415664673,1.3463835716247559,0.4925116300582886,0.4925116300582886
3,647,1d32c50e743a2f379cb8c377,3.630784034729004,3.5841877460479736,-0.04659628868103027,0.04659628868103027
3,648,188ef201747f4e383ab46640,0.5,1.0362402200698853,0.5362402200698853,0.5362402200698853
3,649,584ddd4f4acc0df42a783d44,0.41999998688697815,0.879936933517456,0.4599369466304779,0.4599369466304779
3,650,8ab19595f6887dae01b9f7f5,-0.4313637614250183,0.5024183988571167,0.933782160282135,0.933782160282135
3,651,ec2571dd3b81c4e6f2e4117c,2.0826871395111084,2.287429094314575,0.2047419548034668,0.2047419548034668
3,652,738587875f6802e5d6cc186d,3.6777806282043457,3.6545321941375732,-0.02324843406677246,0.02324843406677246
3,653,b65be11c45e7124aac2e343c,1.6382721662521362,2.0887110233306885,0.45043885707855225,0.45043885707855225
3,654,b3f547430a6cd07bc6641ee8,0.03999999910593033,0.6173956394195557,0.5773956179618835,0.5773956179618835
3,655,257cb38a25846c69f0f31612,1.559999942779541,1.8099277019500732,0.24992775917053223,0.24992775917053223
3,656,3c03d645558ec8368be457a0,2.240000009536743,2.4304819107055664,0.19048190116882324,0.19048190116882324
3,657,749902e2c59ea7da0884c5aa,4.15490198135376,3.868438959121704,-0.28646302223205566,0.28646302223205566
3,658,3a7e05a310e29266a883c4a0,2.1500000953674316,1.7224793434143066,-0.427520751953125,0.427520751953125
3,659,a6f06ad747f1e1ed5a12e6a1,0.9625735282897949,1.3837251663208008,0.42115163803100586,0.42115163803100586
3,660,a2c892056fc033824f640353,1.4700000286102295,1.4565593004226685,-0.013440728187561035,0.013440728187561035
3,661,f5e726a47af8d2e8359bc502,2.609999895095825,1.2705470323562622,-1.339452862739563,1.339452862739563
3,662,e8b0b4084c0cee3d94d0bd03,4.585026741027832,4.008051872253418,-0.5769748687744141,0.5769748687744141
3,663,0db80bbe05b3b79084bf64d3,0.6899999976158142,0.8571063280105591,0.16710633039474487,0.16710633039474487
3,664,fe3073c1390478190095736a,1.590000033378601,2.1124343872070312,0.5224343538284302,0.5224343538284302
3,665,8b8b9cd550b53ad8200eb920,2.009999990463257,0.8818068504333496,-1.1281931400299072,1.1281931400299072
3,666,1078ebab5b1a5bed5f41a824,0.6399999856948853,1.0579886436462402,0.417988657951355,0.417988657951355
3,667,8076457846e3614c97c89205,1.2000000476837158,1.1007611751556396,-0.09923887252807617,0.09923887252807617
3,668,d084cb7c0e49dfd207bb1666,0.9200000166893005,1.2364616394042969,0.31646162271499634,0.31646162271499634
3,669,2ccd4facf9e293425495bdca,1.3700000047683716,1.1148312091827393,-0.2551687955856323,0.2551687955856323
3,670,2f21553ff98c0d76893279a2,2.346787452697754,3.9884836673736572,1.6416962146759033,1.6416962146759033
3,671,b3e7712d6fa8f547904946f1,1.4199999570846558,0.9796909093856812,-0.4403090476989746,0.4403090476989746
3,672,7a0b790ae81f13944be73974,1.8600000143051147,1.829918384552002,-0.030081629753112793,0.030081629753112793
3,673,1bd8593f5e3b46744b461460,4.107348918914795,4.118200302124023,0.010851383209228516,0.010851383209228516
3,674,fcb1bd31c934fe150547cdf7,0.7900000214576721,1.4722237586975098,0.6822237372398376,0.6822237372398376
3,675,a8af777369d09a988ccc96da,1.9700000286102295,2.0812394618988037,0.11123943328857422,0.11123943328857422
3,676,43969c8151b001f7dbae82dd,0.7400000095367432,1.510606050491333,0.7706060409545898,0.7706060409545898
3,677,e62a6a0b64308cdbd6fa9360,0.46000000834465027,0.8348572254180908,0.37485721707344055,0.37485721707344055
3,678,55fc2b0a15f08ccff7c486f9,1.2699999809265137,0.5777668952941895,-0.6922330856323242,0.6922330856323242
3,679,b234ee7d9d4a521c38c4158a,1.5199999809265137,1.2106951475143433,-0.3093048334121704,0.3093048334121704
3,680,fce85d79e52167778badaad1,3.7212464809417725,3.83178448677063,0.11053800582885742,0.11053800582885742
3,681,f43a0f40d867a0407057a136,2.8399999141693115,2.5533981323242188,-0.2866017818450928,0.2866017818450928
3,682,a8e5c3ad919c32a8de199925,0.8700000047683716,0.6167596578598022,-0.25324034690856934,0.25324034690856934
3,683,d196d9307cd11666fc378432,1.6989699602127075,2.331786870956421,0.6328169107437134,0.6328169107437134
3,684,3680225f0c42c8a4a6aa3df9,0.9300000071525574,1.5588719844818115,0.6288719773292542,0.6288719773292542
3,685,f73dbd2aa5b43f4407f7df8c,1.4700000286102295,1.391434669494629,-0.07856535911560059,0.07856535911560059
3,686,891f1e51f8f7707c40d0ca96,1.5499999523162842,2.034895658493042,0.4848957061767578,0.4848957061767578
3,687,e5fc130288cdb07696d5e101,1.940000057220459,1.8992106914520264,-0.04078936576843262,0.04078936576843262
3,688,b2e7a4709f441bc64d58f108,0.699999988079071,0.7959426641464233,0.0959426760673523,0.0959426760673523
3,689,3254f00cc9a4a04e8182848c,2.2100000381469727,2.4077694416046143,0.1977694034576416,0.1977694034576416
3,690,4a1748a554ba7f3aa63f21ba,3.823908805847168,3.1445651054382324,-0.6793437004089355,0.6793437004089355
3,691,22ece9e7bf86c0ccc929134f,3.0999999046325684,3.085972547531128,-0.01402735710144043,0.01402735710144043
3,692,6b216b61b047686de97c2cfa,3.397939920425415,4.1831769943237305,0.7852370738983154,0.7852370738983154
3,693,3ba9f25d6e6a09e38caebacd,2.050610065460205,2.2112457752227783,0.16063570976257324,0.16063570976257324
3,694,6dd5c89d184839dc51415480,0.6000000238418579,1.2618576288223267,0.6618576049804688,0.6618576049804688
3,695,37b6df11458af10dc2fa0374,4.3665313720703125,4.1501665115356445,-0.21636486053466797,0.21636486053466797
3,696,464d8ee738116a9e1a3c0b57,0.7200000286102295,0.5677398443222046,-0.1522601842880249,0.1522601842880249
3,697,db5a3a65546e51823f6094aa,1.6399999856948853,1.3859100341796875,-0.25408995151519775,0.25408995151519775
3,698,9561ce0a425a7ca921a9494a,2.4685211181640625,2.98041033744812,0.5118892192840576,0.5118892192840576
3,699,fcd061a6c46ca16e2296058a,0.7447274923324585,0.3191653788089752,-0.4255621135234833,0.4255621135234833
3,700,709ece9f9f64eeb21b655647,0.4223933219909668,0.36365559697151184,-0.058737725019454956,0.058737725019454956
3,701,71c2753f3bbd47ffe47a20d3,2.086186170578003,2.470973253250122,0.38478708267211914,0.38478708267211914
3,702,6a2964072f37e5c4de616f37,1.6020599603652954,1.5921835899353027,-0.009876370429992676,0.009876370429992676
3,703,bb734b6cca19a799debef0f4,1.3700000047683716,1.169031023979187,-0.20096898078918457,0.20096898078918457
3,704,7fdb6a849162ff8883a64841,-1.6414741277694702,-1.6061737537384033,0.035300374031066895,0.035300374031066895
3,705,fe2f9d1cd5d3ee588842a84f,1.2599999904632568,1.3881903886795044,0.12819039821624756,0.12819039821624756
3,706,18dc4e725f6a62e05476d9fc,1.2596373558044434,1.500420331954956,0.2407829761505127,0.2407829761505127
3,707,d59b77aa730a8dcb931e672a,0.7200000286102295,0.6993986368179321,-0.020601391792297363,0.020601391792297363
3,708,c19d16ffe765081a9dd616a9,2.7695510387420654,2.5058529376983643,-0.26369810104370117,0.26369810104370117
3,709,ab769899fe69636857337cdc,0.4699999988079071,0.6685718297958374,0.1985718309879303,0.1985718309879303
3,710,6d17cf21b6844b727db0fdbe,2.3399999141693115,2.454920768737793,0.11492085456848145,0.11492085456848145
3,711,76bc12467d929b8f733e094b,1.3695721626281738,1.7326220273971558,0.36304986476898193,0.36304986476898193
3,712,43c1eb2fce3b27836b5c0b1b,1.1399999856948853,1.0128659009933472,-0.12713408470153809,0.12713408470153809
3,713,2865aca18860329284f9356e,1.809999942779541,1.416693925857544,-0.39330601692199707,0.39330601692199707
3,714,c2847f736160a7caf69f0845,1.4317982196807861,2.8913276195526123,1.4595293998718262,1.4595293998718262
3,715,69b17f5ba4dfcd3d50a0f4d0,0.5376020073890686,1.5701311826705933,1.0325291156768799,1.0325291156768799
3,716,13e37d627962d8c1d7466b66,4.079999923706055,4.0932416915893555,0.013241767883300781,0.013241767883300781
3,717,ec882e01e9458bb52ff0a65a,1.169411301612854,1.1568005084991455,-0.012610793113708496,0.012610793113708496
3,718,3e0ca1c0677e4a94253d2561,3.8900840282440186,4.148818016052246,0.25873398780822754,0.25873398780822754
3,719,664cecf9f2e5e2d08afe121c,1.399999976158142,1.9379128217697144,0.5379128456115723,0.5379128456115723
3,720,5db3686826bc98831b9d262d,3.4559319019317627,3.0321664810180664,-0.4237654209136963,0.4237654209136963
3,721,d8e2bfea8f4e5baa6fb3d47e,3.9586071968078613,3.8646278381347656,-0.0939793586730957,0.0939793586730957
3,722,aee2558a022678b7b8c86089,1.090000033378601,0.9182455539703369,-0.17175447940826416,0.17175447940826416
3,723,65c8d7658894834405d3a911,1.1791419982910156,1.8594739437103271,0.6803319454193115,0.6803319454193115
3,724,3570409af372d2d5a5bb000c,1.2200000286102295,1.102278232574463,-0.1177217960357666,0.1177217960357666
3,725,3c55b6ae5bef747648316f55,0.12999999523162842,0.4867487847805023,0.3567487895488739,0.3567487895488739
3,726,da2cec0b272dd8c9dbd5a858,1.6020599603652954,1.7142093181610107,0.11214935779571533,0.11214935779571533
3,727,cdb23a3108a06f24412034b5,1.931814193725586,2.0270838737487793,0.09526968002319336,0.09526968002319336
3,728,4d9db61f4d32dedde88e9604,0.6989700198173523,0.8803434371948242,0.18137341737747192,0.18137341737747192
3,729,47ca938b527373338ec26ccb,2.2200000286102295,1.9389872550964355,-0.28101277351379395,0.28101277351379395
3,730,9379e7ac4e8c3c053f3cfdba,3.6635403633117676,2.5751230716705322,-1.0884172916412354,1.0884172916412354
3,731,0e43592faa9f0280dd646250,1.6100000143051147,1.2768032550811768,-0.333196759223938,0.333196759223938
3,732,6c5c79a53070b89cbf9aa3e9,1.3700000047683716,1.7915345430374146,0.42153453826904297,0.42153453826904297
3,733,7b5aaf72503bae73f7051a39,0.5,1.840851902961731,1.340851902961731,1.340851902961731
3,734,cea3f0c1867603bd60438f13,0.949999988079071,1.5301741361618042,0.5801741480827332,0.5801741480827332
3,735,bbe8f2a73c59fdd715067bab,1.4299999475479126,2.051891326904297,0.6218913793563843,0.6218913793563843
3,736,830b39dd5993214291dca64d,1.0390537977218628,3.2906579971313477,2.2516040802001953,2.2516040802001953
3,737,7d9aebdadb9573d8647923d0,1.2000000476837158,1.3519083261489868,0.151908278465271,0.151908278465271
3,738,ea881b4875cbcc6f25849853,4.570000171661377,3.32869553565979,-1.241304636001587,1.241304636001587
3,739,be56bd97358da21b6b8ed189,1.9700000286102295,1.315084457397461,-0.6549155712127686,0.6549155712127686
3,740,f516ef8a3772138605ab096a,0.4399999976158142,0.6302748918533325,0.1902748942375183,0.1902748942375183
3,741,5d9cc3afc706f6b79f252f23,3.585026741027832,3.399432897567749,-0.185593843460083,0.185593843460083
3,742,7c5f8c83ad0a7be8ea127aa9,1.309999942779541,1.657530665397644,0.347530722618103,0.347530722618103
3,743,c0d76e85da99823f6251f659,1.3187587261199951,0.8662829399108887,-0.45247578620910645,0.45247578620910645
3,744,40ca5ba72b3e3ec80ed7a29a,1.9600000381469727,1.3782025575637817,-0.5817974805831909,0.5817974805831909
3,745,56971881b1de135b0cf7aa90,3.9586071968078613,3.2939798831939697,-0.6646273136138916,0.6646273136138916
3,746,0901e655c650e5f2a802c355,0.550000011920929,0.6944166421890259,0.14441663026809692,0.14441663026809692
3,747,ed7d0f1f4665bd824a915ef2,1.6799999475479126,1.7759262323379517,0.09592628479003906,0.09592628479003906
3,748,7447d78e8f9c4cd61b7535be,3.92081880569458,3.700352907180786,-0.22046589851379395,0.22046589851379395
3,749,3dab2bcfe1f664f3ed442041,1.5099999904632568,1.8768205642700195,0.3668205738067627,0.3668205738067627
3,750,111afc8ca03947d0ed281200,1.7699999809265137,1.4880766868591309,-0.2819232940673828,0.2819232940673828
3,751,f7f80e537542a898b267be8d,4.327902317047119,4.055249214172363,-0.27265310287475586,0.27265310287475586
3,752,230927f9565992900a52f995,2.7569620609283447,2.958400011062622,0.20143795013427734,0.20143795013427734
3,753,531d3014e422a3fcfbb58594,3.240000009536743,1.0235060453414917,-2.216494083404541,2.216494083404541
3,754,5166e4875a52d18c8631ec10,0.7383406758308411,0.7150318622589111,-0.02330881357192993,0.02330881357192993
3,755,a2f8cd432cb73a57f4675814,2.440000057220459,2.173111915588379,-0.2668881416320801,0.2668881416320801
3,756,e418936793a3fe53676811eb,2.0749998092651367,2.388033866882324,0.3130340576171875,0.3130340576171875
3,757,7bc4afa9baf90a4dce1bb799,1.2200000286102295,1.3445072174072266,0.12450718879699707,0.12450718879699707
3,758,0126e6b8ab73afff6142a6e8,1.292429804801941,1.1075098514556885,-0.18491995334625244,0.18491995334625244
3,759,2ece18a9971e202ea5b6c506,0.07572071254253387,0.34752246737480164,0.27180176973342896,0.27180176973342896
3,760,5326e0d20a68ce6af59ea06a,3.2531063556671143,3.022900342941284,-0.23020601272583008,0.23020601272583008
3,761,bd1301d928994f245f0d2b48,2.049999952316284,1.9339796304702759,-0.1160203218460083,0.1160203218460083
3,762,7a0373e8b14bbbe5eb8f6775,2.8181564807891846,2.461768865585327,-0.3563876152038574,0.3563876152038574
3,763,46a91d85b13b9e7736b82352,0.6800000071525574,0.9587868452072144,0.278786838054657,0.278786838054657
3,764,71c885ad8b4dd00df449f6f5,2.275724172592163,1.9762628078460693,-0.29946136474609375,0.29946136474609375
3,765,692789c61acb5f001ed0e468,2.3767507076263428,2.1540944576263428,-0.22265625,0.22265625
3,766,c5be23c7010b682264375c7d,0.24176959693431854,0.16671457886695862,-0.07505501806735992,0.07505501806735992
3,767,8bbe399e8be2463b650048a4,1.340000033378601,1.656577229499817,0.3165771961212158,0.3165771961212158
3,768,780f019476f95416734ff38d,2.430000066757202,2.5498852729797363,0.11988520622253418,0.11988520622253418
3,769,05bd27daeaa0ce3a28d67a2a,1.909999966621399,1.979137659072876,0.06913769245147705,0.06913769245147705
3,770,886050611d57b9e55fc29606,0.8199999928474426,0.5258930921554565,-0.2941069006919861,0.2941069006919861
3,771,9d6e2c432c45e22fff971628,1.3700000047683716,0.6758490800857544,-0.6941509246826172,0.6941509246826172
3,772,a46270dc452a84e708d44379,2.059999942779541,1.9588613510131836,-0.10113859176635742,0.10113859176635742
3,773,01a5b58507da1078b4ebe857,1.5099999904632568,1.974977970123291,0.4649779796600342,0.4649779796600342
3,774,f9c6fb84572a55172923bdd1,1.1299999952316284,0.8547019958496094,-0.27529799938201904,0.27529799938201904
3,775,f16afa319330f41769054e64,2.009999990463257,1.9848692417144775,-0.025130748748779297,0.025130748748779297
3,776,59c5830e5d6a714f1c423112,2.522878646850586,2.526768207550049,0.0038895606994628906,0.0038895606994628906
3,777,1c941aba86a642e30a328895,1.6100000143051147,1.3395729064941406,-0.2704271078109741,0.2704271078109741
3,778,e0070c3433fdf53c5e2bb527,0.8799999952316284,1.1624644994735718,0.28246450424194336,0.28246450424194336
3,779,57580e184e7d8b83abb00815,2.049999952316284,1.7170052528381348,-0.3329946994781494,0.3329946994781494
3,780,af146b2103ce8edd63c67744,1.2200000286102295,1.6819562911987305,0.461956262588501,0.461956262588501
3,781,5e9fb7030268f501314a4787,4.828788757324219,1.4502700567245483,-3.378518581390381,3.378518581390381
3,782,47521a74dbdfcd3cee84409a,0.5543180108070374,0.3948279917240143,-0.15949001908302307,0.15949001908302307
3,783,7b2168cfc39dc01da5714ab2,4.193819999694824,4.174435615539551,-0.019384384155273438,0.019384384155273438
3,784,1a5b1990b4595cd2fc35a97f,2.869666337966919,2.8105416297912598,-0.05912470817565918,0.05912470817565918
3,785,181080702729b29fb43b2857,1.909999966621399,1.8182260990142822,-0.0917738676071167,0.0917738676071167
3,786,e4b6b2ad4f29a456829354e6,2.857037305831909,2.7415759563446045,-0.11546134948730469,0.11546134948730469
3,787,3ec46c7e6af67ef118d25611,1.1699999570846558,1.955585241317749,0.7855852842330933,0.7855852842330933
3,788,15cdc44ea861861b80f7e853,0.8299999833106995,0.7885109186172485,-0.04148906469345093,0.04148906469345093
3,789,4dad48a7e7871ef13872fa44,0.019999999552965164,0.7335742712020874,0.7135742902755737,0.7135742902755737
3,790,ad5d095b86142f296d17654f,2.309999942779541,2.3383007049560547,0.028300762176513672,0.028300762176513672
3,791,4d699d7b1739124b46577279,-5.155335903167725,-3.054980516433716,2.100355386734009,2.100355386734009
3,792,8ec07b20cefff52623066eac,1.9600000381469727,2.250887632369995,0.29088759422302246,0.29088759422302246
3,793,2801399ed4d8fd47389cfa27,2.380000114440918,3.042001247406006,0.6620011329650879,0.6620011329650879
3,794,99262404fa5642632bf34cb5,2.585026741027832,2.833801507949829,0.24877476692199707,0.24877476692199707
3,795,5a9319c1423b99e333e3d4b9,2.086186170578003,2.1832468509674072,0.0970606803894043,0.0970606803894043
3,796,5858373b31d478aa43105823,2.3899788856506348,2.2599823474884033,-0.12999653816223145,0.12999653816223145
3,797,69a368dd4ed0f6acff2f2ccd,3.3767507076263428,3.671488046646118,0.2947373390197754,0.2947373390197754
3,798,4ebd05844e932dcf93315a83,1.148741602897644,1.1113158464431763,-0.03742575645446777,0.03742575645446777
3,799,6b34e19aa9e64c711477fe2a,0.6382721662521362,0.4890476167201996,-0.14922454953193665,0.14922454953193665
3,800,0b1103bee5466f42c8d5443c,0.3010300099849701,0.3876003921031952,0.0865703821182251,0.0865703821182251
3,801,fafb386d927e1a008df28a41,1.5299999713897705,1.5295591354370117,-0.00044083595275878906,0.00044083595275878906
3,802,baaeefc643122e7b979defee,1.568636178970337,1.3847310543060303,-0.18390512466430664,0.18390512466430664
3,803,92465ed15ef75542d2948491,3.1854302883148193,3.4127635955810547,0.22733330726623535,0.22733330726623535
3,804,9bf56bbfa9443fef46df48c3,3.2867891788482666,3.207261800765991,-0.07952737808227539,0.07952737808227539
3,805,a88fc904cd7eb2b930d41048,2.190000057220459,1.7578785419464111,-0.43212151527404785,0.43212151527404785
3,806,32148b9cd2be3561d2769d4d,1.2182446718215942,0.7546348571777344,-0.46360981464385986,0.46360981464385986
3,807,7c34fca7eba930b0f47db6ac,0.9393021464347839,1.2214055061340332,0.28210335969924927,0.28210335969924927
3,808,27093a5605b70ed39fbdf071,0.949999988079071,1.5070656538009644,0.5570656657218933,0.5570656657218933
3,809,d24a5395c838794d375a35c5,2.0399999618530273,2.8569436073303223,0.8169436454772949,0.8169436454772949
3,810,385db5840b644b6f41ae3a9c,3.4202163219451904,3.9509308338165283,0.5307145118713379,0.5307145118713379
3,811,5f0da78aefc477092f969fe4,1.4900000095367432,0.6356011629104614,-0.8543988466262817,0.8543988466262817
3,812,20eb915811a4044debd391dc,2.1700000762939453,2.6113712787628174,0.44137120246887207,0.44137120246887207
3,813,f37070bb5b4f0e893afc1655,1.090000033378601,1.6261565685272217,0.5361565351486206,0.5361565351486206
3,814,42eedbf1961d18915a3e35d2,4.337242126464844,3.6373391151428223,-0.6999030113220215,0.6999030113220215
3,815,b027aef6b6487d109480fa10,3.92081880569458,3.407866954803467,-0.5129518508911133,0.5129518508911133
3,816,033612ebf5bbc6bad4b819df,1.628731608390808,2.0701072216033936,0.44137561321258545,0.44137561321258545
3,817,6b324fb50120a3c78dabbf40,0.7599999904632568,0.8082952499389648,0.04829525947570801,0.04829525947570801
3,818,04f4ee3ebfb4cb0ee1f49637,4.318758964538574,4.2480878829956055,-0.07067108154296875,0.07067108154296875
3,819,64dcd42928984082a0957d87,1.2999999523162842,1.4193549156188965,0.1193549633026123,0.1193549633026123
3,820,25665c47e07cf4c8dad70a8e,1.4559319019317627,1.9222866296768188,0.46635472774505615,0.46635472774505615
3,821,d6fefb04fc5c130fdb66580f,2.259999990463257,2.3828771114349365,0.12287712097167969,0.12287712097167969
3,822,c2ea7b4042b5b4931ac1e012,2.869999885559082,2.796893358230591,-0.07310652732849121,0.07310652732849121
3,823,1a725c188da3daad9c0e1e8e,1.8446639776229858,2.6424875259399414,0.7978235483169556,0.7978235483169556
3,824,0fa159fb0fb96808f8eda2f0,2.1700000762939453,1.8432371616363525,-0.3267629146575928,0.3267629146575928
3,825,242179124bad3936279f3838,2.359999895095825,1.5704224109649658,-0.7895774841308594,0.7895774841308594
3,826,fe12efb2e42280ec3706fed4,3.450000047683716,3.065258264541626,-0.38474178314208984,0.38474178314208984
3,827,972a0108cfa0bf50cbbf93cc,0.30000001192092896,0.2172011137008667,-0.08279889822006226,0.08279889822006226
3,828,2f3d84358db9d40f435c7aa1,1.3010300397872925,2.270122766494751,0.9690927267074585,0.9690927267074585
3,829,bf32b410471b5c24146a2444,1.309999942779541,1.391605257987976,0.08160531520843506,0.08160531520843506
3,830,c52daf1d0c926b98f17cece8,1.340000033378601,1.6534689664840698,0.31346893310546875,0.31346893310546875
3,831,e1728599c8c14711515e758e,1.6799999475479126,1.9380607604980469,0.2580608129501343,0.2580608129501343
3,832,678b1c69ce22f6e5bc41aeb4,2.838632106781006,3.072889804840088,0.23425769805908203,0.23425769805908203
3,833,4a86bcf2946da1053c83df83,1.0199999809265137,0.9639654159545898,-0.05603456497192383,0.05603456497192383
3,834,64dfc3bea95e63d631fa09e6,1.0099999904632568,0.7045971155166626,-0.30540287494659424,0.30540287494659424
3,835,71930882046ff9f68dc65bed,0.05060999467968941,1.0431265830993652,0.9925165772438049,0.9925165772438049
3,836,91615db61efdb59c94bce317,2.619999885559082,2.857978582382202,0.23797869682312012,0.23797869682312012
3,837,28649b1da62a3e6b0a82fb1c,1.2400000095367432,1.8021661043167114,0.5621660947799683,0.5621660947799683
3,838,40428d4b867e0d4aded2b3ad,-1.4487062692642212,0.9975837469100952,2.4462900161743164,2.4462900161743164
3,839,8d21b151707755136341f3ac,1.809999942779541,2.0069925785064697,0.1969926357269287,0.1969926357269287
3,840,c590e56cc33a98d75c047577,1.4800000190734863,1.623457431793213,0.14345741271972656,0.14345741271972656
3,841,a8e33c64198a5e55fd2a701f,2.180000066757202,2.3972604274749756,0.21726036071777344,0.21726036071777344
3,842,d585f8d205f15d70c24cc928,0.6989700198173523,0.8803434371948242,0.18137341737747192,0.18137341737747192
3,843,16cc06e36a9e728a0e3b77c3,1.159999966621399,1.0328104496002197,-0.1271895170211792,0.1271895170211792
3,844,63f664568ac313a15205dcea,2.130768299102783,2.211721658706665,0.08095335960388184,0.08095335960388184
3,845,3a321555620925fbd0c33202,1.309999942779541,1.1636404991149902,-0.14635944366455078,0.14635944366455078
3,846,95b7a3e81fb88ec2d1ea70c3,1.2100000381469727,1.6408212184906006,0.43082118034362793,0.43082118034362793
3,847,dad1d2f1f860fba90dc43d3e,0.7447274923324585,0.3191653788089752,-0.4255621135234833,0.4255621135234833
3,848,37ff6b7e1d1321a965d6bf91,1.2300000190734863,1.6227123737335205,0.3927123546600342,0.3927123546600342
3,849,7d43fb3bc42d307bb4ba20ae,3.612610101699829,1.9403736591339111,-1.672236442565918,1.672236442565918
3,850,d948d29e2bbb90f991cfa5b6,1.4500000476837158,2.4982454776763916,1.0482454299926758,1.0482454299926758
3,851,40cb54813f58b8d253c6d65c,2.7799999713897705,2.351818323135376,-0.42818164825439453,0.42818164825439453
3,852,dd7b98ec6df001c6c02ac6fb,1.3300000429153442,1.807708501815796,0.47770845890045166,0.47770845890045166
3,853,c69bd6e7240447243c39c74f,0.3499999940395355,1.378734827041626,1.028734803199768,1.028734803199768
3,854,15ba2292399c5fcb721bbcef,2.397939920425415,2.490576982498169,0.0926370620727539,0.0926370620727539
3,855,b89d00a221c01a063e276dbc,1.850000023841858,1.2892171144485474,-0.5607829093933105,0.5607829093933105
3,856,701465891a070cc4044c1d42,1.8193007707595825,2.437645435333252,0.6183446645736694,0.6183446645736694
3,857,76e717ff45938a4f49a43088,0.3979400098323822,0.5613880157470703,0.1634480059146881,0.1634480059146881
3,858,41fa65cdafb6bcf9603274ac,0.6700000166893005,1.1556127071380615,0.485612690448761,0.485612690448761
3,859,930505686eae60d7262c5b19,2.8130435943603516,2.017627000808716,-0.7954165935516357,0.7954165935516357
3,860,b2651e14ac8641b6162d93bd,2.698970079421997,3.252291202545166,0.553321123123169,0.553321123123169
3,861,3d2a32baf92f93516052f1c3,1.0700000524520874,0.7621192932128906,-0.3078807592391968,0.3078807592391968
3,862,0d5fd8bd12527a7e45357035,3.0,2.3797786235809326,-0.6202213764190674,0.6202213764190674
3,863,8f80e56e0ba20d7b1ace9a98,3.823908805847168,3.932724714279175,0.10881590843200684,0.10881590843200684
3,864,4502e4025aee9cb653a2af31,2.4814860820770264,2.586711883544922,0.10522580146789551,0.10522580146789551
3,865,0aa9e7b1cec581c6664b9830,1.350000023841858,1.2540092468261719,-0.09599077701568604,0.09599077701568604
3,866,b0115745a30bb94e488931c1,1.7100000381469727,1.8385980129241943,0.12859797477722168,0.12859797477722168
3,867,9ce027bfe2c16710fb246d63,1.1699999570846558,2.561394453048706,1.3913944959640503,1.3913944959640503
3,868,f10fdd070da324492bb7df2b,0.7699999809265137,1.1303693056106567,0.36036932468414307,0.36036932468414307
3,869,dd6a846757a0b448b291a8d7,0.6200000047683716,1.5046474933624268,0.8846474885940552,0.8846474885940552
3,870,95534222d13bb38a8bbafa2c,0.28999999165534973,1.735569715499878,1.4455697536468506,1.4455697536468506
3,871,5fcbe2b3cee5ca0663046bf5,1.1799999475479126,1.9210538864135742,0.7410539388656616,0.7410539388656616
3,872,c01c8d2837b91f7a44e96260,0.949999988079071,0.886649489402771,-0.06335049867630005,0.06335049867630005
3,873,9d4ee68658d809657c2264cc,0.7400000095367432,1.209587574005127,0.4695875644683838,0.4695875644683838
3,874,71030b083ba3047d8f3f3f42,1.1799999475479126,1.112648367881775,-0.0673515796661377,0.0673515796661377
3,875,97c8909f7c7564956d62c4b0,1.4700000286102295,1.2929627895355225,-0.17703723907470703,0.17703723907470703
3,876,28393f37e1af9601374664fe,0.5228787660598755,0.8623616695404053,0.3394829034805298,0.3394829034805298
3,877,f2475380bf9fe04371bdc3e5,1.6299999952316284,2.242558240890503,0.6125582456588745,0.6125582456588745
3,878,9561771d3001ff64b8aedf3f,0.7400000095367432,1.6505415439605713,0.9105415344238281,0.9105415344238281
3,879,255487838beb2f18dcb5c3b6,4.853871822357178,4.023232936859131,-0.8306388854980469,0.8306388854980469
3,880,44e4f8def6f9fb4ce840c99b,0.6200000047683716,1.7934908866882324,1.1734908819198608,1.1734908819198608
3,881,8949385ee61be76643bdfdb9,4.95000696182251,4.434267044067383,-0.515739917755127,0.515739917755127
3,882,ba674457d16c6184c3ca16e9,1.0399999618530273,0.6167123317718506,-0.42328763008117676,0.42328763008117676
3,883,ef340fc5815a5d1a87265be7,0.4300000071525574,0.6860064268112183,0.2560064196586609,0.2560064196586609
3,884,0be95bab60018920d4396877,1.9048306941986084,2.018568754196167,0.1137380599975586,0.1137380599975586
3,885,131feb7d90744d89099da821,2.140000104904175,2.3191566467285156,0.17915654182434082,0.17915654182434082
3,886,b8fd41b5442a0c7ea496978f,2.152937650680542,2.883296489715576,0.7303588390350342,0.7303588390350342
3,887,6f0e0712bc4ad5e5984c0f99,1.0985417366027832,2.153428316116333,1.0548865795135498,1.0548865795135498
3,888,01ddc52b6ee64384e55f8cd5,2.7708990573883057,2.4734299182891846,-0.2974691390991211,0.2974691390991211
3,889,57c91e048418b87f8b49f421,1.0399999618530273,0.471648246049881,-0.5683517456054688,0.5683517456054688
3,890,989242490e27a8b9899248dc,1.2999999523162842,1.2455220222473145,-0.05447793006896973,0.05447793006896973
3,891,2626025329f5ff3125b43ecc,1.899999976158142,2.0619471073150635,0.1619471311569214,0.1619471311569214
3,892,e06c30c4f48a7b9989c900e1,1.3600000143051147,0.9752113819122314,-0.3847886323928833,0.3847886323928833
3,893,06a31f3e1647b91d35b5a9a0,2.698970079421997,2.383547067642212,-0.31542301177978516,0.31542301177978516
3,894,4facacf42b56b5dfffffa10f,1.3036435842514038,2.029040575027466,0.725396990776062,0.725396990776062
3,895,5dc9bd9f8f365357a179e179,1.5064024925231934,1.1783506870269775,-0.3280518054962158,0.3280518054962158
3,896,c31c551b87dfc3021327c4fa,3.7235381603240967,3.72924542427063,0.005707263946533203,0.005707263946533203
3,897,f2964cc74d9c62b0f6d75991,4.455932140350342,4.058333396911621,-0.3975987434387207,0.3975987434387207
3,898,75e29fffd1f0fec57d4dd2da,0.36000001430511475,1.8272844552993774,1.4672844409942627,1.4672844409942627
3,899,ebd805863c1a7147e5ac77c6,4.853871822357178,3.9627902507781982,-0.8910815715789795,0.8910815715789795
3,900,3fba70af363db13b7f1d2ac7,3.744727611541748,3.768334150314331,0.023606538772583008,0.023606538772583008
3,901,ed009a952be6506e43168129,3.2899999618530273,3.286560297012329,-0.003439664840698242,0.003439664840698242
3,902,e3a817644e909d7a0fdb9274,1.850000023841858,0.8803198337554932,-0.9696801900863647,0.9696801900863647
3,903,a565736d8ab335a0c1d82e9e,3.3124711513519287,3.179037570953369,-0.13343358039855957,0.13343358039855957
3,904,fbac6640e67251648254508e,1.3700000047683716,0.8682597875595093,-0.5017402172088623,0.5017402172088623
3,905,4a09a6bc9b4620a718b7ca7e,2.0999999046325684,1.6861999034881592,-0.4138000011444092,0.4138000011444092
3,906,f5a2102928f9695fcb049fe3,1.6200000047683716,1.4223353862762451,-0.19766461849212646,0.19766461849212646
3,907,396e8d541b3a32ec95ea9e01,2.301029920578003,1.600149393081665,-0.7008805274963379,0.7008805274963379
3,908,128fb4b94e2995cc61ab983c,2.795880079269409,2.5037753582000732,-0.29210472106933594,0.29210472106933594
3,909,804a2bd1c443b0799a9ae9aa,1.160195231437683,2.153428316116333,0.9932330846786499,0.9932330846786499
3,910,96ed1f376c1b9dc8f2b1b269,2.0799999237060547,2.0946056842803955,0.01460576057434082,0.01460576057434082
3,911,f1253b5953ff769893df31d6,1.4199999570846558,1.459266185760498,0.039266228675842285,0.039266228675842285
3,912,8501eaf518af78130e315c3b,0.25,1.3160921335220337,1.0660921335220337,1.0660921335220337
3,913,da798a45d0c5ba7960842744,0.7918462157249451,0.0773133635520935,-0.7145328521728516,0.7145328521728516
3,914,2f504eee9839eaac848ea9c4,0.8457282185554504,0.7987262010574341,-0.04700201749801636,0.04700201749801636
3,915,4ea0a31fa2ca636c4abdd792,1.6020599603652954,1.6333081722259521,0.03124821186065674,0.03124821186065674
3,916,b4190f7771687f39bc4ed91a,4.107905387878418,3.7950899600982666,-0.31281542778015137,0.31281542778015137
3,917,aa9ad9d33271db6eaf7db629,1.5100414752960205,1.4480814933776855,-0.06195998191833496,0.06195998191833496
3,918,f2a5d220d924f004bb9dad48,0.7670038938522339,0.9962087869644165,0.22920489311218262,0.22920489311218262
3,919,fe2d1b815d85da0e192202b4,1.850000023841858,1.0287333726882935,-0.8212666511535645,0.8212666511535645
3,920,82e04cd2deb413ad09634d67,1.2799999713897705,1.3730213642120361,0.09302139282226562,0.09302139282226562
3,921,52925f22e229a53fa89fa708,1.9199999570846558,1.682710886001587,-0.23728907108306885,0.23728907108306885
3,922,e6d210429e96b93379684caa,4.823908805847168,4.7202348709106445,-0.10367393493652344,0.10367393493652344
3,923,ddee1cc99cb39afac2d46235,1.214670181274414,1.249715805053711,0.035045623779296875,0.035045623779296875
3,924,3c28de1e823a1c165282475c,2.2699999809265137,1.5275509357452393,-0.7424490451812744,0.7424490451812744
3,925,64845fd8add2531b95f96ed7,2.3560540676116943,1.0012829303741455,-1.3547711372375488,1.3547711372375488
3,926,24ac7c7c5593993ad194d258,2.390000104904175,2.0741233825683594,-0.31587672233581543,0.31587672233581543
3,927,fa54dfe62d0d40c016442f02,0.9300000071525574,0.3873629868030548,-0.5426369905471802,0.5426369905471802
3,928,9d8e7661006a74ab69bdbcb4,4.9430952072143555,2.84011173248291,-2.1029834747314453,2.1029834747314453
3,929,febb64f1025dda29e3fa9108,0.6307841539382935,0.6165771484375,-0.014207005500793457,0.014207005500793457
3,930,ca1f209cbb0d1e34aa770704,2.7367584705352783,2.7590606212615967,0.02230215072631836,0.02230215072631836
3,931,fc7d77d2bef6fcc124838a1d,0.7857615947723389,2.1108298301696777,1.3250682353973389,1.3250682353973389
3,932,d91850f09b3a89fa02d0b393,2.720104932785034,2.1962239742279053,-0.5238809585571289,0.5238809585571289
3,933,3277fb8e2f53d82bd75845b5,0.9599999785423279,1.2474346160888672,0.2874346375465393,0.2874346375465393
3,934,5a3873057329d0fe5c73dc4f,0.46000000834465027,0.6887357234954834,0.22873571515083313,0.22873571515083313
3,935,d54198b82629bea376a49900,1.809999942779541,1.5819932222366333,-0.22800672054290771,0.22800672054290771
3,936,6e0b3f0584ab81147b018a0c,2.1600000858306885,1.164466381072998,-0.9955337047576904,0.9955337047576904
3,937,fc00ea17ae9a91e159be76fc,2.823908805847168,2.8811488151550293,0.05724000930786133,0.05724000930786133
3,938,73b47dc238ad3b1d660fe097,0.9700000286102295,0.9756712913513184,0.005671262741088867,0.005671262741088867
3,939,754b019981d565974b5f9df6,1.149999976158142,1.3036235570907593,0.1536235809326172,0.1536235809326172
3,940,45ea66378195ebdc75efb941,3.190000057220459,2.1706724166870117,-1.0193276405334473,1.0193276405334473
3,941,04e73cb51592323c6336e655,1.1200000047683716,1.0075957775115967,-0.1124042272567749,0.1124042272567749
3,942,da3227b67455b60285d9ea9b,0.6600000262260437,0.39719972014427185,-0.26280030608177185,0.26280030608177185
3,943,1493921a1b0398c6233eac58,1.809999942779541,1.8605260848999023,0.05052614212036133,0.05052614212036133
3,944,cfcaeaa7243eda26781e8e33,1.991399884223938,2.8561384677886963,0.8647385835647583,0.8647385835647583
3,945,16c1eceb6f216c2e44f4e55b,1.8799999952316284,2.0643765926361084,0.18437659740447998,0.18437659740447998
3,946,18ff18da122362ded7b91567,1.440000057220459,1.5247268676757812,0.08472681045532227,0.08472681045532227
3,947,8a451a251f65b417222066f7,2.505000352859497,2.1496849060058594,-0.3553154468536377,0.3553154468536377
3,948,98a6b3b5c3e20b46cd7a66eb,4.721246242523193,4.712160110473633,-0.009086132049560547,0.009086132049560547
3,949,0c3540d96c538e8e3e1c0b38,2.4202163219451904,3.1116604804992676,0.6914441585540771,0.6914441585540771
3,950,a085e4b396e1d8b47c9862ac,4.100015640258789,3.8239519596099854,-0.2760636806488037,0.2760636806488037
3,951,d7b9c0cbac6976c828eee23d,2.6382720470428467,2.458557605743408,-0.17971444129943848,0.17971444129943848
3,952,d3cc2bd5e4d6f33c303f9d17,1.5499999523162842,2.341282606124878,0.7912826538085938,0.7912826538085938
3,953,f4d606cb8bba709d2613ad64,0.7300000190734863,1.3254890441894531,0.5954890251159668,0.5954890251159668
3,954,d1daec8726a3fbe80d3cb099,1.8761483430862427,2.0687999725341797,0.192651629447937,0.192651629447937
3,955,8f4818aea3ef26593695caa1,0.18000000715255737,0.6855735778808594,0.505573570728302,0.505573570728302
3,956,1676bf01c7789e5e46519d1b,2.0222764015197754,2.508241891860962,0.4859654903411865,0.4859654903411865
3,957,231e1d440d102af23a186081,2.096909999847412,2.173424482345581,0.07651448249816895,0.07651448249816895
3,958,57e8f425b5a62a9fe22aa2fa,3.795880079269409,3.6901772022247314,-0.10570287704467773,0.10570287704467773
3,959,7c00d9e80329ad370d793eb8,1.1330804824829102,0.7735378742218018,-0.3595426082611084,0.3595426082611084
3,960,8dccbec260f8dec51169f8fe,0.9586073160171509,1.5225673913955688,0.563960075378418,0.563960075378418
3,961,5dbb15d1c8c034759cc385f1,0.4099999964237213,1.1652549505233765,0.7552549839019775,0.7552549839019775
3,962,a973a50fb36e02a7885e82ec,1.309999942779541,1.0488924980163574,-0.2611074447631836,0.2611074447631836
3,963,c8a68e904065ba0c9f0e366c,2.0299999713897705,2.1073715686798096,0.07737159729003906,0.07737159729003906
3,964,2a12ddc11662071b754cb889,3.0,4.1273088455200195,1.1273088455200195,1.1273088455200195
3,965,37c2b344f7133db1e2fe9b33,0.9300000071525574,1.6552081108093262,0.7252081036567688,0.7252081036567688
3,966,3e5ce1746f60068ec6c1a4dc,2.93743896484375,2.779264211654663,-0.15817475318908691,0.15817475318908691
3,967,bc0146fac4cf4ec6e2d9c169,1.8600000143051147,2.0602972507476807,0.20029723644256592,0.20029723644256592
3,968,d44da15aa60d309d9c119bbe,0.5099999904632568,0.5528285503387451,0.04282855987548828,0.04282855987548828
3,969,f297c7546c885e302430f052,1.2300000190734863,0.9455150365829468,-0.28448498249053955,0.28448498249053955
3,970,7f25c038b02d5a1c522274a9,2.440000057220459,1.4038516283035278,-1.0361484289169312,1.0361484289169312
3,971,55bf9e3dfd89554a64dd4c43,2.886056661605835,3.6672182083129883,0.7811615467071533,0.7811615467071533
3,972,ed3c03eb721d398e55f43e18,2.3300325870513916,4.193075180053711,1.8630425930023193,1.8630425930023193
3,973,55b39fa551974d6f008ff4be,1.4299999475479126,1.5272939205169678,0.09729397296905518,0.09729397296905518
3,974,7a9ddec28f2cbabf497c6c1b,0.8999999761581421,1.13211989402771,0.23211991786956787,0.23211991786956787
3,975,4d5656c662e67fb9132455a6,0.46000000834465027,1.0466490983963013,0.5866490602493286,0.5866490602493286
3,976,f535c80988be87d6572606cb,0.6270880103111267,0.5477769374847412,-0.0793110728263855,0.0793110728263855
3,977,504ea1a2d9b95512206cb738,6.903090000152588,1.6593003273010254,-5.2437896728515625,5.2437896728515625
3,978,e5ed43e16841fa801917e0cd,2.7784698009490967,2.748582124710083,-0.029887676239013672,0.029887676239013672
3,979,377eae4e9ff9fda1b4b5ce52,1.8700000047683716,1.7205712795257568,-0.14942872524261475,0.14942872524261475
3,980,c3231b9d0caf3b3c34e4011d,-0.22530928254127502,0.9025554656982422,1.1278647184371948,1.1278647184371948
3,981,7243daafd68f6f70d25c1f9f,3.0879549980163574,3.039560317993164,-0.04839468002319336,0.04839468002319336
3,982,56c871f5fb433f3d9f130f5f,1.3799999952316284,0.9329196214675903,-0.4470803737640381,0.4470803737640381
3,983,560ddede1b388cbfad38678e,0.9200000166893005,0.8419191837310791,-0.07808083295822144,0.07808083295822144
3,984,ac6854c1b7dc208adc70dcc1,4.573488712310791,3.0880823135375977,-1.4854063987731934,1.4854063987731934
3,985,85ce5f1b75dc317aa3db668f,1.059999942779541,0.7076128721237183,-0.35238707065582275,0.35238707065582275
3,986,fa5099233e0904f4968f4d5e,1.2400000095367432,1.1219520568847656,-0.11804795265197754,0.11804795265197754
3,987,790abec306a057fa4dd45296,3.059999942779541,2.637653350830078,-0.4223465919494629,0.4223465919494629
3,988,f4e847417616db9616f049ac,0.9800000190734863,0.6073863506317139,-0.37261366844177246,0.37261366844177246
3,989,73a19f48854fca36207f20ee,1.8700000047683716,1.632827639579773,-0.23717236518859863,0.23717236518859863
3,990,a5432d6b4776ee83c76142a4,3.8000001907348633,4.087412357330322,0.287412166595459,0.287412166595459
3,991,99acc7a3768e856760faa8aa,0.8538719415664673,0.5730921030044556,-0.2807798385620117,0.2807798385620117
3,992,a17f9927f49ec3c592169b30,1.5934598445892334,1.6364984512329102,0.04303860664367676,0.04303860664367676
3,993,aef23cebcb4271631bb30753,0.6299999952316284,1.05134916305542,0.4213491678237915,0.4213491678237915
3,994,6cf831edec5c591b3199f3ed,0.5944828987121582,0.6405351161956787,0.04605221748352051,0.04605221748352051
3,995,726e3a1ce06c3f891688cbfe,1.690000057220459,1.3988423347473145,-0.29115772247314453,0.29115772247314453
3,996,a5e2b656fedd7137adc8bd99,1.659999966621399,1.2064688205718994,-0.4535311460494995,0.4535311460494995
3,997,f9be31e1493838e9a5675c14,0.44999998807907104,0.42218562960624695,-0.027814358472824097,0.027814358472824097
3,998,9fa825bc140ca53fe8229f9a,2.319664478302002,2.4740779399871826,0.15441346168518066,0.15441346168518066
3,999,d57b8eacae01c39a84b98864,3.010016441345215,2.9724574089050293,-0.03755903244018555,0.03755903244018555
3,1000,3a2762385b5e509d91c10eb0,1.5700000524520874,1.5848056077957153,0.01480555534362793,0.01480555534362793
3,1001,1af603f5992342115077ddf1,1.840000033378601,1.6093019247055054,-0.2306981086730957,0.2306981086730957
3,1002,09945fdd3e3987c85e873b37,3.67043399810791,3.61690354347229,-0.05353045463562012,0.05353045463562012
3,1003,17625899e58e385240eac184,1.0800000429153442,2.0302796363830566,0.9502795934677124,0.9502795934677124
3,1004,27af28cc50603fd8afb1be4e,1.7400000095367432,2.0762643814086914,0.33626437187194824,0.33626437187194824
3,1005,6e36326c8ccc3e7f8f0de84f,1.5376019477844238,1.5439338684082031,0.006331920623779297,0.006331920623779297
3,1006,2c75843a2fb89960fcc20447,3.72296404838562,3.509352207183838,-0.21361184120178223,0.21361184120178223
3,1007,ed044f70847f0e0637a10287,4.3665313720703125,3.60036301612854,-0.7661683559417725,0.7661683559417725
3,1008,68e5dbc52df23f9fc23a0451,3.740000009536743,3.441997766494751,-0.2980022430419922,0.2980022430419922
3,1009,a6df8bc27afeffb9eb1af39d,3.6439740657806396,1.5227439403533936,-2.121230125427246,2.121230125427246
3,1010,c3a9459daf277bd66a819781,4.4202165603637695,4.2079668045043945,-0.212249755859375,0.212249755859375
3,1011,f3fa2b485c42c19342535521,2.5399999618530273,1.9457030296325684,-0.594296932220459,0.594296932220459
3,1012,6dd131a4a11d700ffd4099cc,3.2266199588775635,2.856374502182007,-0.37024545669555664,0.37024545669555664
3,1013,8ff29894ed4baf54797ce4f1,4.0809221267700195,4.160272121429443,0.07934999465942383,0.07934999465942383
3,1014,066ba4a7375a7176a7f41d95,0.6600000262260437,1.0949058532714844,0.4349058270454407,0.4349058270454407
3,1015,8b0d347c4cab90f3e0235b3c,1.8200000524520874,1.5745748281478882,-0.24542522430419922,0.24542522430419922
3,1016,caf0559f9089c3e17ea23b84,4.199999809265137,2.9058196544647217,-1.294180154800415,1.294180154800415
3,1017,e855b241186214cdcb785414,2.325016736984253,2.1960976123809814,-0.12891912460327148,0.12891912460327148
3,1018,91b6ebe19b04c6e8b3874f84,4.251811981201172,3.6956534385681152,-0.5561585426330566,0.5561585426330566
3,1019,f405e6c6e613242020d18b26,2.069999933242798,1.920863389968872,-0.14913654327392578,0.14913654327392578
3,1020,781963cac007b177c45b46c0,2.569999933242798,2.867392063140869,0.2973921298980713,0.2973921298980713
3,1021,b599c1b6bcaef6ac2786b151,2.490000009536743,2.2648651599884033,-0.22513484954833984,0.22513484954833984
3,1022,c46ffa259cb0e9570b41b8bc,1.7599999904632568,1.7003138065338135,-0.05968618392944336,0.05968618392944336
3,1023,bad0c80913789f52148765cb,2.309999942779541,1.2589049339294434,-1.0510950088500977,1.0510950088500977
3,1024,9072e096fe64d15d777f469a,1.2899999618530273,1.5258252620697021,0.2358253002166748,0.2358253002166748
3,1025,a34f5f571e611464163bc63c,1.2999999523162842,1.276403784751892,-0.02359616756439209,0.02359616756439209
3,1026,ae4850374fed95eceee3a919,0.8899999856948853,1.0936667919158936,0.2036668062210083,0.2036668062210083
3,1027,d2dcaf92034547f0ca40b37f,2.3372421264648438,2.4933717250823975,0.1561295986175537,0.1561295986175537
3,1028,199bbb51079babf9cae57ec9,1.6989699602127075,1.318622350692749,-0.3803476095199585,0.3803476095199585
3,1029,db0a47c1f273f29c268fa29a,3.1600000858306885,2.0595810413360596,-1.100419044494629,1.100419044494629
3,1030,0639b7be7656e9ea4aa4ee01,2.6600000858306885,1.1979355812072754,-1.462064504623413,1.462064504623413
3,1031,e915b5d8d347bda20d2b2be6,1.0750491619110107,2.9362070560455322,1.8611578941345215,1.8611578941345215
3,1032,6859964788082acad796d74d,4.267606258392334,4.008233547210693,-0.2593727111816406,0.2593727111816406
3,1033,bab5483f913c168627b51def,3.739928722381592,3.664762020111084,-0.07516670227050781,0.07516670227050781
3,1034,2382c19087b0c2ad07d47f93,0.7599999904632568,1.1007789373397827,0.3407789468765259,0.3407789468765259
3,1035,ed4e961a73305823234315d0,2.7212464809417725,2.3409454822540283,-0.38030099868774414,0.38030099868774414
3,1036,eafb543317568425845dfc4e,3.490000009536743,3.4119484424591064,-0.07805156707763672,0.07805156707763672
3,1037,509d91b52ac9daed33a6b8aa,0.7699999809265137,0.6971286535263062,-0.07287132740020752,0.07287132740020752
3,1038,631f8d40da29e612bfba4950,1.4700000286102295,1.6072945594787598,0.13729453086853027,0.13729453086853027
3,1039,648a8bd173f534aba6aa29a5,1.2502636909484863,1.6389338970184326,0.3886702060699463,0.3886702060699463
3,1040,a69df787348eac1cf206b5c3,2.778151273727417,3.0473058223724365,0.26915454864501953,0.26915454864501953
3,1041,046d0eecef06f6691d6810dc,0.8799999952316284,1.025909662246704,0.14590966701507568,0.14590966701507568
3,1042,72eeec3961f81292e8206626,0.36051350831985474,0.3900975286960602,0.029584020376205444,0.029584020376205444
3,1043,03e131b808949ff6928cc6aa,2.791290044784546,2.7765796184539795,-0.014710426330566406,0.014710426330566406
3,1044,3ad3cc735a1e9a4f9eecd813,2.0199999809265137,0.8594644069671631,-1.1605355739593506,1.1605355739593506
3,1045,76dc8d0ea3737810e552ffae,0.7599999904632568,0.9384890794754028,0.178489089012146,0.178489089012146
3,1046,c27b064487a529ac423eabfb,4.107905387878418,3.7878596782684326,-0.32004570960998535,0.32004570960998535
3,1047,9ddec9aebebe307539188b92,2.431798219680786,2.9638450145721436,0.5320467948913574,0.5320467948913574
3,1048,3e6eeeb0201e3f9ba8b2c4e5,1.9600000381469727,2.201563596725464,0.2415635585784912,0.2415635585784912
3,1049,fc0b4d18abb254f17b7c5ceb,2.698970079421997,3.2528765201568604,0.5539064407348633,0.5539064407348633
3,1050,543c03739c8edcfc62830c0b,1.159999966621399,1.0085772275924683,-0.15142273902893066,0.15142273902893066
3,1051,88e95263ea343bcf1897cda7,1.0499999523162842,0.7222989797592163,-0.32770097255706787,0.32770097255706787
3,1052,3d19ea5f15501be8d4b6e6b5,2.0799810886383057,2.2193357944488525,0.13935470581054688,0.13935470581054688
3,1053,ca885c0e4db715bce3c4b2da,4.036211967468262,3.7752959728240967,-0.26091599464416504,0.26091599464416504
3,1054,fefda7c6486386d0ce1e7fa8,3.0900163650512695,3.1516029834747314,0.061586618423461914,0.061586618423461914
3,1055,bd3c36401007ea4381937782,1.190000057220459,1.2764332294464111,0.08643317222595215,0.08643317222595215
3,1056,49248c2a706e1b05f831112a,2.0799999237060547,2.1344664096832275,0.05446648597717285,0.05446648597717285
3,1057,f6af67454a197a6fd84f591f,0.7699999809265137,1.00718092918396,0.2371809482574463,0.2371809482574463
3,1058,ea213dfb0820d12c201bee9f,1.1200000047683716,1.1481702327728271,0.028170228004455566,0.028170228004455566
3,1059,3a3cdafbb71bf99e968e0bf6,1.0499999523162842,1.0389810800552368,-0.011018872261047363,0.011018872261047363
3,1060,68ca1d80ba214fc640aff95e,0.8356471657752991,0.6753497123718262,-0.1602974534034729,0.1602974534034729
3,1061,5b5a73846cdf68c7fd28d08f,2.1600000858306885,2.1771621704101562,0.017162084579467773,0.017162084579467773
3,1062,bab149057e24fb83da6d334a,4.7473978996276855,3.2311534881591797,-1.5162444114685059,1.5162444114685059
3,1063,8a1abe94525a4472576de48f,1.2100000381469727,1.0186436176300049,-0.19135642051696777,0.19135642051696777
3,1064,0db7719888f1b9ef0a8e4e2c,1.399999976158142,1.2200616598129272,-0.17993831634521484,0.17993831634521484
3,1065,54b17e16b31c694f191deda5,4.086185932159424,3.854863405227661,-0.2313225269317627,0.2313225269317627
3,1066,00feebcca616059a014d9621,3.069999933242798,3.9485504627227783,0.8785505294799805,0.8785505294799805
3,1067,2f1fe7914e6b91bf85060663,3.259999990463257,2.5823230743408203,-0.6776769161224365,0.6776769161224365
3,1068,a51eb9d35ebf42a374618d70,5.209996700286865,4.559536457061768,-0.6504602432250977,0.6504602432250977
3,1069,744dc945a364a935e6f1425b,0.8538719415664673,1.6469366550445557,0.7930647134780884,0.7930647134780884
3,1070,4a3ed161770d334f75d6afc5,1.0399999618530273,0.7882723808288574,-0.2517275810241699,0.2517275810241699
3,1071,6f327a6a54a657ce28bf77ba,1.721246361732483,1.3922615051269531,-0.3289848566055298,0.3289848566055298
3,1072,d6ae3d36bd9f08b3b4972cfa,4.045757293701172,3.734865427017212,-0.31089186668395996,0.31089186668395996
3,1073,3f1a0527d1682da31a3c5d42,-0.009999999776482582,0.9227888584136963,0.9327888488769531,0.9327888488769531
3,1074,505774e1071fc004b1e20a39,0.9300000071525574,0.7632205486297607,-0.16677945852279663,0.16677945852279663
3,1075,43d702be2090513a007082e1,2.317854881286621,2.466651678085327,0.14879679679870605,0.14879679679870605
3,1076,e4031919bd0b09696bce2327,1.9700000286102295,1.9376425743103027,-0.03235745429992676,0.03235745429992676
3,1077,560ae604f215434e9b1a586e,0.2619611620903015,0.17923536896705627,-0.08272579312324524,0.08272579312324524
3,1078,c816c25114aee04a6bb3e545,1.600000023841858,1.552217960357666,-0.047782063484191895,0.047782063484191895
3,1079,6b63ea17a43ec03d8e323317,3.92081880569458,3.9514219760894775,0.03060317039489746,0.03060317039489746
3,1080,535bc8260c342945ca173e45,3.737548828125,2.8079559803009033,-0.9295928478240967,0.9295928478240967
3,1081,52b5a9b16061a46be001a465,0.6200000047683716,0.9763302803039551,0.3563302755355835,0.3563302755355835
3,1082,4ea002283b7fe81c7c2bf921,2.0299999713897705,2.2728283405303955,0.242828369140625,0.242828369140625
3,1083,43aa5bc29d94fea15f73b242,3.809999942779541,2.9091761112213135,-0.9008238315582275,0.9008238315582275
3,1084,875c8f0a1eb63c94daf71604,-0.009999999776482582,0.34919819235801697,0.3591981828212738,0.3591981828212738
3,1085,a21adfe5b4c50a1bc6f59646,2.2699999809265137,1.1082050800323486,-1.161794900894165,1.161794900894165
3,1086,bb2875055508232388a5bf83,0.03999999910593033,0.7785067558288574,0.7385067343711853,0.7385067343711853
3,1087,5b0a223874992826a950c9bd,2.0899999141693115,2.498612642288208,0.4086127281188965,0.4086127281188965
3,1088,5ca4ea676b92375693b8ddb6,2.5800442695617676,2.6204283237457275,0.04038405418395996,0.04038405418395996
3,1089,a90a7439d2deb24bbc886a42,3.8299999237060547,2.715198278427124,-1.1148016452789307,1.1148016452789307
4,0,59571b63371921aaa1304d5d,2.0,3.121384382247925,1.1213843822479248,1.1213843822479248
4,1,d970b2d00bd7246a6db6dcc2,2.559999942779541,1.4620375633239746,-1.0979623794555664,1.0979623794555664
4,2,d06b65131f781b741a8de3da,1.1299999952316284,0.7868540287017822,-0.3431459665298462,0.3431459665298462
4,3,471521686f12ed80af80c286,4.17587423324585,3.7873969078063965,-0.3884773254394531,0.3884773254394531
4,4,93b82deb34fb1f8903514d8f,1.149999976158142,0.7068600654602051,-0.443139910697937,0.443139910697937
4,5,59baabbae7ee84fbdcc0dfc7,1.4199999570846558,1.3945375680923462,-0.02546238899230957,0.02546238899230957
4,6,c23932efec98f3a621c3d3fa,4.1674909591674805,1.9608181715011597,-2.2066726684570312,2.2066726684570312
4,7,67feb968c37a4214ef55eeba,2.950007200241089,3.1214091777801514,0.1714019775390625,0.1714019775390625
4,8,0234071281970b7b7d829d02,1.9800000190734863,2.1558847427368164,0.17588472366333008,0.17588472366333008
4,9,334d427a402d9b8e89474f7e,2.315753221511841,2.207857370376587,-0.1078958511352539,0.1078958511352539
4,10,fce85d79e52167778badaad1,3.7212464809417725,3.9160897731781006,0.19484329223632812,0.19484329223632812
4,11,7afad8e3c1845dfbe5f2aab5,1.2200000286102295,0.6458041667938232,-0.5741958618164062,0.5741958618164062
4,12,1b4c649bb510e7e89e244979,2.430000066757202,1.5362945795059204,-0.8937054872512817,0.8937054872512817
4,13,0d4581e16420d6dd0db12d70,1.0199999809265137,1.1395882368087769,0.11958825588226318,0.11958825588226318
4,14,aff8ed0b50d78b4e761318f6,1.1200000047683716,1.0778226852416992,-0.04217731952667236,0.04217731952667236
4,15,412c203f5bfc8c6fa3f8f316,0.18708664178848267,-0.04505087807774544,-0.2321375161409378,0.2321375161409378
4,16,42b882e20c9835ab65042cd2,3.309999942779541,3.2971580028533936,-0.012841939926147461,0.012841939926147461
4,17,7afa663d7715757bd37a2446,2.2494916915893555,2.112699031829834,-0.13679265975952148,0.13679265975952148
4,18,f996758881a25421f2a6b3d4,1.1799999475479126,0.45424771308898926,-0.7257522344589233,0.7257522344589233
4,19,a743d26b09fe1c3ef9925513,4.236571788787842,4.417757034301758,0.18118524551391602,0.18118524551391602
4,20,a98991e3f2ddc10462c9e0a8,0.27000001072883606,0.8940761089324951,0.6240761280059814,0.6240761280059814
4,21,7d855d70a535ec8433aaf62e,3.4800000190734863,3.5177040100097656,0.0377039909362793,0.0377039909362793
4,22,109900276753db8e9fcb0ef5,2.259999990463257,2.028951406478882,-0.231048583984375,0.231048583984375
4,23,9ba0081a6013540c3d9f0ff9,2.3499999046325684,3.2715213298797607,0.9215214252471924,0.9215214252471924
4,24,a46270dc452a84e708d44379,2.059999942779541,2.0169878005981445,-0.043012142181396484,0.043012142181396484
4,25,b8bc424c8a3c25474f9ec518,4.214670181274414,3.877976655960083,-0.33669352531433105,0.33669352531433105
4,26,a0789f4aeadeffb37b0c371e,1.5199999809265137,1.5272520780563354,0.007252097129821777,0.007252097129821777
4,27,c8aaad5de16f097c8efef4c4,2.119999885559082,0.8381342887878418,-1.2818655967712402,1.2818655967712402
4,28,30b373f6248c056e2e55385e,0.6899999976158142,0.22760319709777832,-0.4623968005180359,0.4623968005180359
4,29,9e63bfdad6cafb6c9644fe60,1.2200000286102295,0.4397660493850708,-0.7802339792251587,0.7802339792251587
4,30,0e1d0c1cb218347fb513b6c8,4.179995536804199,4.071571350097656,-0.10842418670654297,0.10842418670654297
4,31,2dc7d4cb0276d9e3b3980097,4.010016441345215,2.933767557144165,-1.0762488842010498,1.0762488842010498
4,32,f25391bf5104c29d91a83768,1.659999966621399,0.9703619480133057,-0.6896380186080933,0.6896380186080933
4,33,1684277582d5bea6a69f6afd,0.6819366812705994,1.1371322870254517,0.4551956057548523,0.4551956057548523
4,34,fbcf4f17658aaea910d940a6,1.5099999904632568,1.0448354482650757,-0.46516454219818115,0.46516454219818115
4,35,b6986b94a8893015f4fe8076,0.8239087462425232,0.6632347702980042,-0.16067397594451904,0.16067397594451904
4,36,255ba2391f6417c8cb3a7ed2,1.5199999809265137,1.8693010807037354,0.3493010997772217,0.3493010997772217
4,37,eda1316f5f984a68821d2d91,1.7599999904632568,1.1784271001815796,-0.5815728902816772,0.5815728902816772
4,38,f76a8df4458d608c6d78e719,1.9700000286102295,1.5913029909133911,-0.3786970376968384,0.3786970376968384
4,39,b85cb9caf5f26a3081aef197,1.0099999904632568,0.7839203476905823,-0.22607964277267456,0.22607964277267456
4,40,9ffe7d0dd21ee44c7e184fa1,2.5301780700683594,2.6236588954925537,0.09348082542419434,0.09348082542419434
4,41,3578cf6d2e0981382b7aeaa8,2.7571091651916504,2.7276370525360107,-0.02947211265563965,0.02947211265563965
4,42,b127d562a257594ff2e9f071,1.649999976158142,0.708391547203064,-0.9416084289550781,0.9416084289550781
4,43,fafb386d927e1a008df28a41,1.5299999713897705,1.3474160432815552,-0.18258392810821533,0.18258392810821533
4,44,cf24f9acbca609809002dbe2,0.9300000071525574,1.2494930028915405,0.31949299573898315,0.31949299573898315
4,45,4ec5505fae296b81cf4ce319,2.3299999237060547,2.121880531311035,-0.20811939239501953,0.20811939239501953
4,46,b71dee3b4fbac358e2f02cb3,2.6500000953674316,3.581392288208008,0.9313921928405762,0.9313921928405762
4,47,e577e8b06f69c6119278ddbb,0.8700000047683716,0.8127473592758179,-0.05725264549255371,0.05725264549255371
4,48,2b555c42d21cc409d7652b49,0.9800000190734863,1.5875468254089355,0.6075468063354492,0.6075468063354492
4,49,f8d7b86843cd5f18d55bd63d,2.4321506023406982,1.4364010095596313,-0.9957495927810669,0.9957495927810669
4,50,33e9c2eb1c86d158a702acdc,0.547523558139801,1.1776758432388306,0.6301522850990295,0.6301522850990295
4,51,e5a7f0bb2382eedc7c677382,1.4600000381469727,1.3438180685043335,-0.11618196964263916,0.11618196964263916
4,52,f5742109180c053dd18a0467,1.4700000286102295,1.3233884572982788,-0.14661157131195068,0.14661157131195068
4,53,7c03f884699d11381a39cb5d,1.6100000143051147,1.5243390798568726,-0.08566093444824219,0.08566093444824219
4,54,6e36326c8ccc3e7f8f0de84f,1.5376019477844238,1.7312307357788086,0.19362878799438477,0.19362878799438477
4,55,92c9cf1a379b4b35d864380c,1.5199999809265137,1.2397819757461548,-0.2802180051803589,0.2802180051803589
4,56,58e6a2147aa0e55ac23f899f,0.4948500096797943,0.5616455078125,0.06679549813270569,0.06679549813270569
4,57,929007cd9e59ad79343313dc,1.2200000286102295,1.0039998292922974,-0.21600019931793213,0.21600019931793213
4,58,0820507d8d423e97ea364b8e,1.5099999904632568,1.6814148426055908,0.17141485214233398,0.17141485214233398
4,59,fd468bd7ccb7e62f3c09c60e,1.090000033378601,1.3262704610824585,0.23627042770385742,0.23627042770385742
4,60,0dc33769001a6448086a6a08,4.187086582183838,3.8856682777404785,-0.3014183044433594,0.3014183044433594
4,61,aab97cb9245ef72dc75f2ae1,1.3899999856948853,0.4483158588409424,-0.9416841268539429,0.9416841268539429
4,62,3387bd4c6737d599dcadc14f,2.200000047683716,1.7076998949050903,-0.4923001527786255,0.4923001527786255
4,63,e72234e43b87f47828203663,0.5400000214576721,0.3863278031349182,-0.1536722183227539,0.1536722183227539
4,64,135e27a6710109ff9c2b5e13,1.1299999952316284,0.8053955435752869,-0.32460445165634155,0.32460445165634155
4,65,6690c9cdb7432b4675e1aca2,2.069999933242798,1.980495810508728,-0.08950412273406982,0.08950412273406982
4,66,4a3ac955702a995dbc4a10b3,3.359999895095825,3.3125059604644775,-0.047493934631347656,0.047493934631347656
4,67,18916176c35aa60b8ac1c9e1,1.1799999475479126,0.8547907471656799,-0.32520920038223267,0.32520920038223267
4,68,0d87624277b9fdaf5e0bd3b9,1.6200000047683716,1.9157804250717163,0.2957804203033447,0.2957804203033447
4,69,a6a3de8366c02770840852ca,0.3565473258495331,0.6480811834335327,0.29153385758399963,0.29153385758399963
4,70,9561ce0a425a7ca921a9494a,2.4685211181640625,2.7492470741271973,0.28072595596313477,0.28072595596313477
4,71,2113b332f0f682ea39286a27,0.9300000071525574,1.6595796346664429,0.7295796275138855,0.7295796275138855
4,72,c6dbe88edb96f853e36cff49,2.440000057220459,1.069408655166626,-1.370591402053833,1.370591402053833
4,73,ccfe45e751fb168a5c6a7c96,1.3700000047683716,1.5406407117843628,0.1706407070159912,0.1706407070159912
4,74,72d7147112d3e734204d586c,2.664207935333252,2.6797239780426025,0.015516042709350586,0.015516042709350586
4,75,9d8228b68cca2475e5fa926b,1.9800000190734863,1.66075599193573,-0.31924402713775635,0.31924402713775635
4,76,291abeb4b41e87c8d03c1128,1.3565473556518555,2.232699394226074,0.8761520385742188,0.8761520385742188
4,77,4ec520756e07c1dca47a5d19,2.744727611541748,1.8733999729156494,-0.8713276386260986,0.8713276386260986
4,78,8fb2070c977d48f5b4125279,3.6575772762298584,4.09749174118042,0.4399144649505615,0.4399144649505615
4,79,3b1e336bca1a5f8eef23c5c7,1.0700000524520874,1.2376996278762817,0.16769957542419434,0.16769957542419434
4,80,7958e72db627889b874300e9,0.2924298346042633,0.6541242599487305,0.36169442534446716,0.36169442534446716
4,81,98dfd9a090a6c1234eb2a5d8,0.7799999713897705,1.2065786123275757,0.4265786409378052,0.4265786409378052
4,82,2f10799d9a39d4306f2cb1f3,1.3799999952316284,1.7428723573684692,0.3628723621368408,0.3628723621368408
4,83,0d8d5dd8093eb7fd8d942306,0.6197887659072876,0.5934746861457825,-0.026314079761505127,0.026314079761505127
4,84,9b0e702b71a313034db91e6d,2.0,1.5238279104232788,-0.4761720895767212,0.4761720895767212
4,85,e55464e0495ceb7764f1bee9,2.8691842555999756,2.898040533065796,0.028856277465820312,0.028856277465820312
4,86,176712128b0b0c8a280af30c,1.6299999952316284,1.7078359127044678,0.07783591747283936,0.07783591747283936
4,87,adbefb3ac7512588316686bb,1.9900000095367432,2.070491075515747,0.0804910659790039,0.0804910659790039
4,88,39af20392df834d7cab9ce0a,2.346787452697754,3.2715213298797607,0.9247338771820068,0.9247338771820068
4,89,10dac2a3e40b5177dd43b626,0.9800000190734863,0.790461540222168,-0.18953847885131836,0.18953847885131836
4,90,d67fbb07a8ec398402a94e85,0.9900000095367432,1.1155961751937866,0.12559616565704346,0.12559616565704346
4,91,f39ee2a21d05c2d18d423112,2.301029920578003,1.7877434492111206,-0.5132864713668823,0.5132864713668823
4,92,641afa27dca1b6164461f114,2.4700000286102295,2.0081393718719482,-0.46186065673828125,0.46186065673828125
4,93,8f1d410ea219f95f3138d5be,1.761439323425293,-0.8443984985351562,-2.605837821960449,2.605837821960449
4,94,51c0a7550078e905ff444964,2.740000009536743,1.4269514083862305,-1.3130486011505127,1.3130486011505127
4,95,d60edca848e2f858053f0201,1.0099999904632568,1.0674431324005127,0.05744314193725586,0.05744314193725586
4,96,77f92c6b2ad2f8c4f872416b,0.28999999165534973,0.027077630162239075,-0.26292234659194946,0.26292234659194946
4,97,e902ce1a433a3c9060c6d586,3.585026741027832,4.210536479949951,0.6255097389221191,0.6255097389221191
4,98,1520546a0e32a1d96d55ec53,2.0799999237060547,2.1984832286834717,0.11848330497741699,0.11848330497741699
4,99,162c88d9a62688d54ea04582,0.9200000166893005,0.786346971988678,-0.13365304470062256,0.13365304470062256
4,100,3dab2bcfe1f664f3ed442041,1.5099999904632568,1.7292568683624268,0.21925687789916992,0.21925687789916992
4,101,dc50efa6c2477a82990cbaea,0.508638322353363,0.35577040910720825,-0.15286791324615479,0.15286791324615479
4,102,7af7011ee49030724abc23ef,1.0691397190093994,1.35635244846344,0.2872127294540405,0.2872127294540405
4,103,04a456ab7512ba3628a1e4e7,1.0800000429153442,0.8355655670166016,-0.24443447589874268,0.24443447589874268
4,104,62ae579aa180803c566156a7,0.7200000286102295,1.165594220161438,0.4455941915512085,0.4455941915512085
4,105,a3519611b362917d726e0fb7,0.4605475068092346,2.7095859050750732,2.2490384578704834,2.2490384578704834
4,106,9090d8c899e0996b356cea46,4.1674909591674805,3.9791157245635986,-0.18837523460388184,0.18837523460388184
4,107,29fdcbd2e1a69b3f3ba675c3,0.25,0.6123054027557373,0.3623054027557373,0.3623054027557373
4,108,412ed7e036947bda3dfc2ba8,1.1100000143051147,0.85124671459198,-0.25875329971313477,0.25875329971313477
4,109,85e10665c08cba294a3a9211,0.46000000834465027,0.24764060974121094,-0.21235939860343933,0.21235939860343933
4,110,095bc5168d3e32ef66bdff0c,2.4000000953674316,1.0467795133590698,-1.3532205820083618,1.3532205820083618
4,111,a52c304b2cc8b537a80019d6,3.7647507190704346,2.886147975921631,-0.8786027431488037,0.8786027431488037
4,112,4ba1de12aae08953e6de7eec,1.6989699602127075,1.5844091176986694,-0.11456084251403809,0.11456084251403809
4,113,9dc9881b0b8884a14640e5c3,0.7099999785423279,1.5094574689865112,0.7994574904441833,0.7994574904441833
4,114,c6edd741999b4391385ae9a5,1.649945855140686,2.500220775604248,0.850274920463562,0.850274920463562
4,115,5646b67a4e01fb90e9f1b0cf,1.7400000095367432,1.2270106077194214,-0.5129894018173218,0.5129894018173218
4,116,0a4858a114c1402c03033ba6,4.550058841705322,3.1857056617736816,-1.3643531799316406,1.3643531799316406
4,117,d227a771ef793a0f701b468e,1.1883753538131714,1.3589366674423218,0.1705613136291504,0.1705613136291504
4,118,06c8a3b17c7add1d22630d59,1.9500000476837158,2.507286787033081,0.5572867393493652,0.5572867393493652
4,119,8076457846e3614c97c89205,1.2000000476837158,1.1095645427703857,-0.09043550491333008,0.09043550491333008
4,120,109f8487b02c1b37a6fa129a,0.9800000190734863,1.8431315422058105,0.8631315231323242,0.8631315231323242
4,121,e3648fe231e83252b5bbdf6a,0.7520267367362976,0.8382885456085205,0.0862618088722229,0.0862618088722229
4,122,27093a5605b70ed39fbdf071,0.949999988079071,1.1124273538589478,0.1624273657798767,0.1624273657798767
4,123,627f6393d6741ddc0325d0e3,3.7878124713897705,3.737684965133667,-0.050127506256103516,0.050127506256103516
4,124,b725237b5404b0ca7a4539b0,1.0099999904632568,0.7493666410446167,-0.26063334941864014,0.26063334941864014
4,125,301ae0be54f331077c2252af,2.25,1.451227068901062,-0.798772931098938,0.798772931098938
4,126,5c6b888ada47eb8dd1f727b0,1.2200000286102295,1.3066866397857666,0.08668661117553711,0.08668661117553711
4,127,3522a99d988f39da1753542a,1.2599999904632568,1.407279372215271,0.14727938175201416,0.14727938175201416
4,128,47ca6cacd35ae4e4378a0deb,0.4099999964237213,1.1712983846664429,0.761298418045044,0.761298418045044
4,129,a9b127c7020ce7366c4715b3,3.853872060775757,3.5419929027557373,-0.31187915802001953,0.31187915802001953
4,130,68e1f7bf672f0a4e01f90974,4.070580959320068,3.2729990482330322,-0.7975819110870361,0.7975819110870361
4,131,24a8d0658a64d775b08b1a94,0.4099999964237213,0.17835023999214172,-0.2316497564315796,0.2316497564315796
4,132,830603425c6c0662f4d1427d,1.0099999904632568,0.9014045000076294,-0.10859549045562744,0.10859549045562744
4,133,b2b221431a5a6ebd34c63e8b,2.0999999046325684,2.3710663318634033,0.27106642723083496,0.27106642723083496
4,134,43aa5bc29d94fea15f73b242,3.809999942779541,3.448679208755493,-0.36132073402404785,0.36132073402404785
4,135,d7fa14a5381adc81184de16d,1.6575772762298584,1.547643780708313,-0.10993349552154541,0.10993349552154541
4,136,8a02d0464b9697aa3eb53b00,1.7999999523162842,2.015712022781372,0.2157120704650879,0.2157120704650879
4,137,d83f7cdcca464aa48a97636f,0.7471469640731812,1.170371651649475,0.42322468757629395,0.42322468757629395
4,138,d383e2941ac9e33903fa38ba,1.059999942779541,0.7173448801040649,-0.3426550626754761,0.3426550626754761
4,139,27ce8bc466acae2d778a824c,1.6100000143051147,1.0149174928665161,-0.5950825214385986,0.5950825214385986
4,140,abf167519718d43f5ce942e4,0.7594507336616516,0.7705451846122742,0.011094450950622559,0.011094450950622559
4,141,99af1110cb1591c879169c4f,2.9534831047058105,2.835319995880127,-0.1181631088256836,0.1181631088256836
4,142,7c5f8c83ad0a7be8ea127aa9,1.309999942779541,1.377416968345642,0.06741702556610107,0.06741702556610107
4,143,f0ffeeb9278c32fb443767c9,0.7447274923324585,0.5254144668579102,-0.21931302547454834,0.21931302547454834
4,144,23e9e474d25b6febca727a1e,0.23999999463558197,0.5388351678848267,0.2988351583480835,0.2988351583480835
4,145,77a92251c04ad0644a017065,2.3499999046325684,2.4566590785980225,0.1066591739654541,0.1066591739654541
4,146,c2312baaf616973b0c8248a1,2.9712936878204346,2.767653703689575,-0.20363998413085938,0.20363998413085938
4,147,79cb0b7f4120c8ca20903010,1.9700000286102295,1.892299771308899,-0.07770025730133057,0.07770025730133057
4,148,7679d13549fc58c4864a4751,2.009999990463257,1.9027714729309082,-0.10722851753234863,0.10722851753234863
4,149,5eca291a9ab66729d3106eda,1.0800000429153442,1.157183289527893,0.07718324661254883,0.07718324661254883
4,150,3088656861c7a362982ac89d,1.7400000095367432,1.808862566947937,0.06886255741119385,0.06886255741119385
4,151,cb2af521528d19d76a932dab,3.795880079269409,4.025880336761475,0.23000025749206543,0.23000025749206543
4,152,5c08e860da2bd75d1da7eddf,3.266000747680664,2.825670003890991,-0.44033074378967285,0.44033074378967285
4,153,d19f0107e37faeb43ae73c07,0.33000001311302185,0.5491942167282104,0.2191942036151886,0.2191942036151886
4,154,cc2a8ff9e5d7316248d66b50,1.659999966621399,1.4679592847824097,-0.19204068183898926,0.19204068183898926
4,155,16c1eceb6f216c2e44f4e55b,1.8799999952316284,1.9728018045425415,0.09280180931091309,0.09280180931091309
4,156,9b8e81ed47f63907a368f00d,3.1739251613616943,3.24177622795105,0.06785106658935547,0.06785106658935547
4,157,3d1816197b40d3c5b46a21af,2.0399999618530273,1.8659695386886597,-0.17403042316436768,0.17403042316436768
4,158,a2f8cd432cb73a57f4675814,2.440000057220459,2.308013916015625,-0.13198614120483398,0.13198614120483398
4,159,23894b35a991ff742e186baa,1.450927495956421,2.2024190425872803,0.7514915466308594,0.7514915466308594
4,160,62db161d2c388bd01a2c61cf,1.709874153137207,1.9866331815719604,0.2767590284347534,0.2767590284347534
4,161,593ff707defea1a794e7358f,4.574031352996826,3.8906638622283936,-0.6833674907684326,0.6833674907684326
4,162,5f00af55eee7ec7472cda6e1,3.0043647289276123,2.540416955947876,-0.46394777297973633,0.46394777297973633
4,163,11f1739cba710834eab703b6,0.3199999928474426,0.6739108562469482,0.3539108633995056,0.3539108633995056
4,164,725ceecde7f6a16ff22c9f2b,0.019999999552965164,0.14316189289093018,0.12316189706325531,0.12316189706325531
4,165,2710b486a407b764c307f31f,4.886056423187256,3.8803763389587402,-1.0056800842285156,1.0056800842285156
4,166,60718e161c77a757372356f3,4.443697452545166,3.8253109455108643,-0.6183865070343018,0.6183865070343018
4,167,a3131c1dc374ccbf045bee30,4.585026741027832,4.2713799476623535,-0.3136467933654785,0.3136467933654785
4,168,0f057c83bc847639a2308e78,1.4299999475479126,0.9429377317428589,-0.4870622158050537,0.4870622158050537
4,169,ece6c4e06c744961bda7d131,2.9800000190734863,3.11975359916687,0.1397535800933838,0.1397535800933838
4,170,126dc8c3aa3823108e212df1,1.6299999952316284,0.9088925719261169,-0.7211074233055115,0.7211074233055115
4,171,d9cd4e7b20278d3356a0a0d4,2.0399999618530273,1.8702248334884644,-0.169775128364563,0.169775128364563
4,172,9bf7535efaa468d79ade67c2,4.150028228759766,4.445949077606201,0.29592084884643555,0.29592084884643555
4,173,4e2d49c3e2f2eef3263a7600,2.8013429641723633,1.7368186712265015,-1.0645242929458618,1.0645242929458618
4,174,fc8a2b373aba7433c4e86bcc,1.5199999809265137,1.8731797933578491,0.35317981243133545,0.35317981243133545
4,175,d585f8d205f15d70c24cc928,0.6989700198173523,0.6054842472076416,-0.0934857726097107,0.0934857726097107
4,176,3d63c187b98ed2c95dd72bc2,3.2281510829925537,3.2321932315826416,0.004042148590087891,0.004042148590087891
4,177,5a1cd8e2885199c05a9eee2e,1.0199999809265137,0.21472996473312378,-0.8052700161933899,0.8052700161933899
4,178,5fb257bce5c82f43dff84349,2.2699999809265137,2.4304819107055664,0.16048192977905273,0.16048192977905273
4,179,2c9948eac238889b397fa7d7,1.1399999856948853,0.9163854718208313,-0.22361451387405396,0.22361451387405396
4,180,ea03678a5dfe3d8cca7b247a,0.8999999761581421,0.46303296089172363,-0.43696701526641846,0.43696701526641846
4,181,3c3811a80eb497f36568aa3c,1.3979400396347046,3.2714152336120605,1.873475193977356,1.873475193977356
4,182,08c34d6d02550518c26e5487,0.9625735282897949,1.1370517015457153,0.1744781732559204,0.1744781732559204
4,183,b9871e0b3d9762a3cb7250d6,2.0799999237060547,2.101276397705078,0.021276473999023438,0.021276473999023438
4,184,5007e390d7980902c8f044d3,0.9900000095367432,0.9756816625595093,-0.014318346977233887,0.014318346977233887
4,185,15839c03a3be49142becf657,1.9500000476837158,1.9288631677627563,-0.021136879920959473,0.021136879920959473
4,186,f134039c378b913c42496b6d,1.2599999904632568,0.717926025390625,-0.5420739650726318,0.5420739650726318
4,187,ee0c5a10563a6844d79965c2,1.4800000190734863,1.4577012062072754,-0.022298812866210938,0.022298812866210938
4,188,5c38ef95a607fe15b2397f08,1.7099653482437134,2.097659111022949,0.38769376277923584,0.38769376277923584
4,189,40428d4b867e0d4aded2b3ad,-1.4487062692642212,0.9330394268035889,2.3817458152770996,2.3817458152770996
4,190,5105410466cb48a5f31ec5a3,1.809999942779541,2.0741195678710938,0.26411962509155273,0.26411962509155273
4,191,ed3c03eb721d398e55f43e18,2.3300325870513916,4.305283546447754,1.9752509593963623,1.9752509593963623
4,192,48de20f708244b1b9da64531,1.5399999618530273,1.5305533409118652,-0.00944662094116211,0.00944662094116211
4,193,f516ef8a3772138605ab096a,0.4399999976158142,0.6931408643722534,0.2531408667564392,0.2531408667564392
4,194,630c32167e430568683705de,4.638272285461426,4.0726399421691895,-0.5656323432922363,0.5656323432922363
4,195,05e7811b671c6f56441bc806,2.0999999046325684,1.8427965641021729,-0.2572033405303955,0.2572033405303955
4,196,55f9429c3bc747ede933afe8,2.109999895095825,1.623346209526062,-0.4866536855697632,0.4866536855697632
4,197,7979eda9566ceffad622447c,2.0,4.656045436859131,2.656045436859131,2.656045436859131
4,198,e8741343d94b0edc9dfbae00,1.5199999809265137,2.0071794986724854,0.4871795177459717,0.4871795177459717
4,199,febb64f1025dda29e3fa9108,0.6307841539382935,0.6455596089363098,0.014775454998016357,0.014775454998016357
4,200,070a809c1c10581eafac6f07,2.5299999713897705,2.75065016746521,0.22065019607543945,0.22065019607543945
4,201,126180bd52e9eb3fe67a1c1c,3.1232049465179443,3.115624189376831,-0.007580757141113281,0.007580757141113281
4,202,988415fcc0b61ed2e1424be0,1.149999976158142,1.1778134107589722,0.027813434600830078,0.027813434600830078
4,203,6e738457df166f25c92273c2,1.8300000429153442,1.4410279989242554,-0.38897204399108887,0.38897204399108887
4,204,ff26c8d091b37b2fa70b7b53,0.6197887659072876,1.1943517923355103,0.5745630264282227,0.5745630264282227
4,205,9ab2b28609270113b4a1994a,1.3565473556518555,1.0288256406784058,-0.3277217149734497,0.3277217149734497
4,206,c65e5f72371a1e766b428381,1.7000000476837158,1.6728757619857788,-0.02712428569793701,0.02712428569793701
4,207,ef1de9bbd945f015b9d186e5,4.376750946044922,3.9848930835723877,-0.3918578624725342,0.3918578624725342
4,208,c02e89f5097128b731175ba2,2.369999885559082,2.1929681301116943,-0.1770317554473877,0.1770317554473877
4,209,eb3fc5699653272f06b3edf7,2.0,1.026564121246338,-0.9734358787536621,0.9734358787536621
4,210,c852b831955a35b0c98a5e19,2.190000057220459,1.1023181676864624,-1.0876818895339966,1.0876818895339966
4,211,46a91d85b13b9e7736b82352,0.6800000071525574,1.325299859046936,0.6452998518943787,0.6452998518943787
4,212,4e1ef708bbde681de9787705,2.009999990463257,1.8579275608062744,-0.15207242965698242,0.15207242965698242
4,213,02d2e0a0f7901e476a1a345b,1.6200000047683716,1.6037791967391968,-0.016220808029174805,0.016220808029174805
4,214,9a6b89d86b24a47122bacaf3,1.6799999475479126,1.4625043869018555,-0.21749556064605713,0.21749556064605713
4,215,ca05630127b7e0aa6adb25ef,1.6946486234664917,1.8474810123443604,0.15283238887786865,0.15283238887786865
4,216,83eba4c3b835b1517f530c2b,1.840000033378601,1.4346331357955933,-0.4053668975830078,0.4053668975830078
4,217,9f73cecf22789b5ab14852ff,4.744727611541748,3.0528788566589355,-1.6918487548828125,1.6918487548828125
4,218,b8ca5ebc74b7f71aacfc2e79,2.0899999141693115,1.722351312637329,-0.3676486015319824,0.3676486015319824
4,219,e4b957a8c39199f020d6589e,0.75,2.0623538494110107,1.3123538494110107,1.3123538494110107
4,220,e18eadc994a13c8ff93ab387,1.0199999809265137,1.2529634237289429,0.2329634428024292,0.2329634428024292
4,221,7b500c639d3cfe0cd10abd19,0.9599999785423279,1.3035463094711304,0.3435463309288025,0.3435463309288025
4,222,e81676b3cb26759d2160c755,1.409999966621399,1.7007029056549072,0.2907029390335083,0.2907029390335083
4,223,516d9a10d9367e89bdb0a81d,1.6399999856948853,1.514493465423584,-0.12550652027130127,0.12550652027130127
4,224,89d94eca68be181709a6fa01,3.301029920578003,3.1390507221221924,-0.16197919845581055,0.16197919845581055
4,225,3f018152d893295a9e8b28f3,1.7999999523162842,1.2656384706497192,-0.5343614816665649,0.5343614816665649
4,226,4ed916e9152e01b759a88276,2.7923057079315186,2.858243465423584,0.06593775749206543,0.06593775749206543
4,227,c8e318513f8f41c056684ff0,3.795880079269409,3.9838812351226807,0.18800115585327148,0.18800115585327148
4,228,9a41647cb8786687e3b67146,3.397939920425415,3.6355552673339844,0.23761534690856934,0.23761534690856934
4,229,f3a5dfca9a6ea06d2c3501e3,1.399999976158142,1.3214701414108276,-0.07852983474731445,0.07852983474731445
4,230,e30ce39d30cef85e8df90194,4.387216091156006,3.7474212646484375,-0.6397948265075684,0.6397948265075684
4,231,73d1bec37b3fa2e93a9ce5b4,1.2300000190734863,0.9133697152137756,-0.3166303038597107,0.3166303038597107
4,232,e0babe88eb5108a6e6842675,1.3885976076126099,2.562657117843628,1.174059510231018,1.174059510231018
4,233,0e36ab842ba9264cb615d7ad,1.1299999952316284,1.2574845552444458,0.12748456001281738,0.12748456001281738
4,234,2ae2921ad08439b8a0937046,1.6699999570846558,0.38799476623535156,-1.2820051908493042,1.2820051908493042
4,235,3b160f87cc40673ffc477863,0.6777806878089905,0.3476620018482208,-0.33011868596076965,0.33011868596076965
4,236,2e44c656d0f7aa96b8c1747c,4.86012077331543,4.808739185333252,-0.051381587982177734,0.051381587982177734
4,237,9f4662ab10aeeb70a0737201,0.9900000095367432,0.7104612588882446,-0.27953875064849854,0.27953875064849854
4,238,2278f0e27eac388babeda045,1.7300000190734863,1.886013388633728,0.1560133695602417,0.1560133695602417
4,239,7d24bf28afbaba43302ca470,1.7899999618530273,2.333930730819702,0.5439307689666748,0.5439307689666748
4,240,b13aea96a3f068ba522ea365,1.7000000476837158,1.3549913167953491,-0.3450087308883667,0.3450087308883667
4,241,74fc8d55af62ae0150f01607,1.1677892208099365,2.329035997390747,1.1612467765808105,1.1612467765808105
4,242,d1fc6802ccbfc6e2742affb9,0.9399999976158142,1.945931315422058,1.0059313774108887,1.0059313774108887
4,243,6dd5c89d184839dc51415480,0.6000000238418579,1.004205584526062,0.4042055606842041,0.4042055606842041
4,244,c19c0d4cba2975ae8a519368,0.41999998688697815,0.37570542097091675,-0.0442945659160614,0.0442945659160614
4,245,6a6c19093d9a3bb87085265d,2.130000114440918,0.5306552052497864,-1.5993449687957764,1.5993449687957764
4,246,ffd1599e41e890c9402630f5,0.4099999964237213,0.7709437012672424,0.3609437048435211,0.3609437048435211
4,247,972a0108cfa0bf50cbbf93cc,0.30000001192092896,0.03574305772781372,-0.26425695419311523,0.26425695419311523
4,248,a3d63e7a0d3bde870711ebaf,-1.1461280584335327,-1.157218337059021,-0.011090278625488281,0.011090278625488281
4,249,06c777700bd50f9ab22b7d54,2.0799999237060547,1.5321846008300781,-0.5478153228759766,0.5478153228759766
4,250,3c371d750d9ea3e37610fb39,1.2407430410385132,0.7284623384475708,-0.5122807025909424,0.5122807025909424
4,251,cc0b4d563e36166a7885f70e,3.346787452697754,3.3962202072143555,0.04943275451660156,0.04943275451660156
4,252,88faf633ffac1ff2dfe18832,1.4600000381469727,1.3204196691513062,-0.1395803689956665,0.1395803689956665
4,253,302dd0bdf474bbc7ef37bba2,0.9913998246192932,0.8854165077209473,-0.10598331689834595,0.10598331689834595
4,254,fc0d1658187b0aa43c7827eb,1.3767507076263428,1.2523826360702515,-0.12436807155609131,0.12436807155609131
4,255,86cb8938110d70b7efbb514d,1.5917600393295288,1.5954029560089111,0.0036429166793823242,0.0036429166793823242
4,256,82088581756a0ea078f655b8,0.5899999737739563,0.892892062664032,0.3028920888900757,0.3028920888900757
4,257,2c347e2429196f02a01de7f3,4.92081880569458,4.51259183883667,-0.40822696685791016,0.40822696685791016
4,258,4c0a312e1bd8448142590853,1.7699999809265137,1.3673170804977417,-0.402682900428772,0.402682900428772
4,259,4d3b989a6d21fa8753dbdc0f,0.4528408646583557,1.694545865058899,1.2417049407958984,1.2417049407958984
4,260,fa5099233e0904f4968f4d5e,1.2400000095367432,0.5992749333381653,-0.6407250761985779,0.6407250761985779
4,261,0b5f5ba3b7cb63f722c3b52d,1.0399999618530273,1.029175877571106,-0.010824084281921387,0.010824084281921387
4,262,b61034d3b0bc0c0d3d274637,3.286789655685425,3.1297354698181152,-0.15705418586730957,0.15705418586730957
4,263,a66c3a9ad860437ac732748c,1.809999942779541,1.961311936378479,0.151311993598938,0.151311993598938
4,264,05a3e52e9cac7f213a5b5ce4,2.0999999046325684,1.536186695098877,-0.5638132095336914,0.5638132095336914
4,265,ef00acf50bf20a07aee13ede,0.8600000143051147,0.7456973195075989,-0.11430269479751587,0.11430269479751587
4,266,7e7d7c05d181fc0af2e0ef25,3.8436527252197266,3.427443742752075,-0.41620898246765137,0.41620898246765137
4,267,b4cbddd3fbaca901178f0d17,2.259999990463257,2.1904919147491455,-0.06950807571411133,0.06950807571411133
4,268,5a0a13216b28d3e1538ae466,3.0048036575317383,2.8572967052459717,-0.1475069522857666,0.1475069522857666
4,269,cc8ed2aa927e2464e800393f,2.860121011734009,3.4427788257598877,0.5826578140258789,0.5826578140258789
4,270,0a8492ef60266f7f5bb9f1b1,1.409999966621399,1.2461453676223755,-0.16385459899902344,0.16385459899902344
4,271,63381709b358a892fffe9063,0.6777806878089905,0.7619181871414185,0.08413749933242798,0.08413749933242798
4,272,bceee207b5e1789a9a491d5d,1.497572898864746,2.229050636291504,0.7314777374267578,0.7314777374267578
4,273,e7f6dfca0ce0d53f91fa1e03,1.2899999618530273,1.4965518712997437,0.2065519094467163,0.2065519094467163
4,274,06a31f3e1647b91d35b5a9a0,2.698970079421997,2.712661027908325,0.013690948486328125,0.013690948486328125
4,275,486b510be2c33ce4f71af6f5,3.32790207862854,2.7628252506256104,-0.5650768280029297,0.5650768280029297
4,276,7ac58addef4fef26af8a988e,0.25656864047050476,0.16952013969421387,-0.0870485007762909,0.0870485007762909
4,277,93a2f0635ecab1c60699e59f,1.5800000429153442,2.4763004779815674,0.8963004350662231,0.8963004350662231
4,278,cdc4125fc2270a7c824d4c8f,1.1366771459579468,0.8697908520698547,-0.26688629388809204,0.26688629388809204
4,279,5d7ab4664c3045037bc9f8f9,1.2200000286102295,0.8449347615242004,-0.37506526708602905,0.37506526708602905
4,280,18689529c55a3dde39f2b51d,4.318758964538574,4.392968654632568,0.07420969009399414,0.07420969009399414
4,281,2375aa4638e93f294cdf5b4d,3.552841901779175,3.639266014099121,0.08642411231994629,0.08642411231994629
4,282,e4031919bd0b09696bce2327,1.9700000286102295,1.988773226737976,0.018773198127746582,0.018773198127746582
4,283,243c245ba05dc4fa1bbdeee8,2.450000047683716,2.0731992721557617,-0.3768007755279541,0.3768007755279541
4,284,00f51ed959204370245c8c00,1.9900000095367432,2.079937696456909,0.08993768692016602,0.08993768692016602
4,285,e130ab8ed7bb0ed06c22bf55,0.7799999713897705,0.9392997026443481,0.15929973125457764,0.15929973125457764
4,286,22dda5330b1a6a57c149691f,1.4500000476837158,1.5892008543014526,0.13920080661773682,0.13920080661773682
4,287,e28f03ccc3af72002c9510db,2.0315170288085938,1.937528371810913,-0.09398865699768066,0.09398865699768066
4,288,4f3307536e41f379e1677763,2.314258337020874,2.1669390201568604,-0.14731931686401367,0.14731931686401367
4,289,4dad48a7e7871ef13872fa44,0.019999999552965164,0.7104772329330444,0.6904772520065308,0.6904772520065308
4,290,98d4c472ff2c0863fd516913,0.8799999952316284,0.9210723638534546,0.04107236862182617,0.04107236862182617
4,291,a73f993c9cd3a2c9bdbdafba,1.9600000381469727,2.0933752059936523,0.1333751678466797,0.1333751678466797
4,292,7fefa18ed3521fe81032d5c0,1.2596373558044434,1.5090128183364868,0.24937546253204346,0.24937546253204346
4,293,cf8eca759f052d4aa9f3d177,2.6099483966827393,3.2498953342437744,0.6399469375610352,0.6399469375610352
4,294,ed4beb79e66bfaede95e0156,1.659999966621399,1.5955934524536133,-0.06440651416778564,0.06440651416778564
4,295,05e68f1ed86477d5a7fed0a2,3.8961963653564453,3.9919917583465576,0.0957953929901123,0.0957953929901123
4,296,df95c045ba90affe3a878146,1.4500000476837158,1.4398022890090942,-0.010197758674621582,0.010197758674621582
4,297,acd4644c9d0ead96467c0876,0.7599999904632568,1.8088947534561157,1.0488947629928589,1.0488947629928589
4,298,0682fc5e94a30f98281c99a7,0.20999999344348907,0.7065474987030029,0.49654752016067505,0.49654752016067505
4,299,93922eba5da77df277296ed7,1.9586073160171509,2.0396409034729004,0.08103358745574951,0.08103358745574951
4,300,758110b6bf0556bc6446ab79,2.0199999809265137,1.8553279638290405,-0.16467201709747314,0.16467201709747314
4,301,ba5bf9b677f531e39d361af9,0.40666306018829346,-1.296851634979248,-1.7035146951675415,1.7035146951675415
4,302,d1d908d16779e450d2f909df,1.0099999904632568,1.2929805517196655,0.2829805612564087,0.2829805612564087
4,303,dd7b98ec6df001c6c02ac6fb,1.3300000429153442,1.591772437095642,0.26177239418029785,0.26177239418029785
4,304,c57d3289bcbcededd390a571,2.0999999046325684,1.337035059928894,-0.7629648447036743,0.7629648447036743
4,305,c099d58388a9fb0dff85f25b,1.292429804801941,1.2334576845169067,-0.05897212028503418,0.05897212028503418
4,306,a9ac4516cfd5ba329b177f81,1.53786039352417,0.9287283420562744,-0.6091320514678955,0.6091320514678955
4,307,643f670ad3b9652e003fc653,0.7099999785423279,0.4720093011856079,-0.23799067735671997,0.23799067735671997
4,308,0c5c5d153c4bee1667facfe2,1.4299999475479126,1.262256383895874,-0.16774356365203857,0.16774356365203857
4,309,5ec8f83639490516a1372b66,1.0399999618530273,1.1977839469909668,0.15778398513793945,0.15778398513793945
4,310,5a7832202d75f6ba85c02eaf,0.7099999785423279,0.9048135280609131,0.1948135495185852,0.1948135495185852
4,311,362a58d198c77c57b277e444,0.11999999731779099,2.365326166152954,2.245326280593872,2.245326280593872
4,312,10922bf9c9e33bd162f06630,1.4893617630004883,1.6022166013717651,0.11285483837127686,0.11285483837127686
4,313,aee76e83a93aef9fe773fd93,0.8239087462425232,1.2095688581466675,0.3856601119041443,0.3856601119041443
4,314,5bf49e22d32204b675e470d5,1.399999976158142,1.3734952211380005,-0.0265047550201416,0.0265047550201416
4,315,ac94c01be6f9747b50b018a3,0.6117964386940002,0.5616455078125,-0.050150930881500244,0.050150930881500244
4,316,25de13301f97e1c4bbe97b67,2.193608045578003,1.916115403175354,-0.2774926424026489,0.2774926424026489
4,317,75324b46d4667adc418f9534,-4.698100566864014,-2.8890130519866943,1.8090875148773193,1.8090875148773193
4,318,e4b3bbc9b2793b68d3b92795,1.275724172592163,0.1875852346420288,-1.0881389379501343,1.0881389379501343
4,319,d45332ba558c501417f9b1a1,1.649999976158142,1.9072388410568237,0.25723886489868164,0.25723886489868164
4,320,bec2ef3b6326a8ab9374b3b4,2.569999933242798,3.078091859817505,0.508091926574707,0.508091926574707
4,321,1e8a1ca0942727a71fbcd19d,1.399999976158142,1.406030535697937,0.006030559539794922,0.006030559539794922
4,322,40ac00c6bd16ff50bf25d5b0,0.9399999976158142,1.3136030435562134,0.37360304594039917,0.37360304594039917
4,323,d7f141b93e43fc5acc9d6ea3,4.991399765014648,3.380244016647339,-1.6111557483673096,1.6111557483673096
4,324,bc3460792213b6bd6d48c345,2.995678663253784,3.380648612976074,0.38496994972229004,0.38496994972229004
4,325,a2ff0520bba3883ccfec2cfa,4.744727611541748,4.07045316696167,-0.6742744445800781,0.6742744445800781
4,326,3f59fa2351fb808d47049cce,1.1299999952316284,1.4112261533737183,0.28122615814208984,0.28122615814208984
4,327,27f9fd07ea093ef34711d782,0.8500000238418579,1.0557414293289185,0.20574140548706055,0.20574140548706055
4,328,11fee56b1780e173d8cfd68d,3.140000104904175,2.704899549484253,-0.4351005554199219,0.4351005554199219
4,329,0fc52449ca581b54bb07080e,2.240000009536743,2.125868320465088,-0.11413168907165527,0.11413168907165527
4,330,e186c6ca9f413082bc75afc8,0.6499999761581421,0.6671931147575378,0.017193138599395752,0.017193138599395752
4,331,404fc90eea1cdef38b4df09f,0.9100949168205261,2.585604429244995,1.6755094528198242,1.6755094528198242
4,332,b3f14184e281f45b3f25e643,2.119999885559082,1.6289657354354858,-0.4910341501235962,0.4910341501235962
4,333,bd745fce14bb9fed067525c7,2.086186170578003,2.5103111267089844,0.42412495613098145,0.42412495613098145
4,334,b90369150b59bbb3468217f8,1.6439741849899292,1.866839051246643,0.22286486625671387,0.22286486625671387
4,335,d5c1dcfc38cd67f23b0e0c65,1.840000033378601,1.5255242586135864,-0.31447577476501465,0.31447577476501465
4,336,a535b68479f9535a304f0c5a,4.267606258392334,4.423478603363037,0.15587234497070312,0.15587234497070312
4,337,550c5c128b2b7aa0d24ef950,1.809999942779541,1.7637149095535278,-0.046285033226013184,0.046285033226013184
4,338,0573978a789e6fca0ff3d701,3.0999999046325684,3.0953800678253174,-0.0046198368072509766,0.0046198368072509766
4,339,69c99dc0b59dc0b655ee69df,1.590000033378601,1.5942350625991821,0.004235029220581055,0.004235029220581055
4,340,ceb7119458996169cb97e2cf,2.8499999046325684,2.830622434616089,-0.019377470016479492,0.019377470016479492
4,341,8f315c9d337a10e571725bd3,2.140000104904175,2.1486313343048096,0.008631229400634766,0.008631229400634766
4,342,8cf1c18a92875a5ec91e8a17,0.27000001072883606,1.0758472681045532,0.8058472871780396,0.8058472871780396
4,343,7c5d20331511b43252fdeba6,1.2100000381469727,0.8806374669075012,-0.32936257123947144,0.32936257123947144
4,344,8cdd4ffdf88cd80fecce70a0,2.794269561767578,2.8765764236450195,0.0823068618774414,0.0823068618774414
4,345,6d63a3247609334e3cb45886,1.1643093824386597,1.3655744791030884,0.2012650966644287,0.2012650966644287
4,346,5259e95becb0c09ca59a4614,2.549999952316284,2.529249668121338,-0.02075028419494629,0.02075028419494629
4,347,6dd131a4a11d700ffd4099cc,3.2266199588775635,2.729365587234497,-0.4972543716430664,0.4972543716430664
4,348,62417fae9db07462ef050122,2.509999990463257,2.970182180404663,0.46018218994140625,0.46018218994140625
4,349,6947a1c6536c76002ed4f268,0.8299999833106995,0.700735330581665,-0.12926465272903442,0.12926465272903442
4,350,ec2347085fb7c7abbaa84479,3.0,2.3785173892974854,-0.6214826107025146,0.6214826107025146
4,351,f72d4c758c385208f6338e4e,2.9871628284454346,2.963300943374634,-0.02386188507080078,0.02386188507080078
4,352,42a176715f175ab6a131a7d1,1.8200000524520874,1.6512513160705566,-0.16874873638153076,0.16874873638153076
4,353,71a2967291d15db942d24ec4,1.8761483430862427,2.013740062713623,0.13759171962738037,0.13759171962738037
4,354,59e2da35f60a922f0208acc4,0.3499999940395355,0.9086557030677795,0.5586557388305664,0.5586557388305664
4,355,c79dcf67973453e5cf6bef5b,1.75,0.8925001621246338,-0.8574998378753662,0.8574998378753662
4,356,662cbb5497931f450436b5ce,0.3665315508842468,-0.15147215127944946,-0.5180037021636963,0.5180037021636963
4,357,ebc79ebe2fa3ce40c62e55ec,1.25,1.0205737352371216,-0.22942626476287842,0.22942626476287842
4,358,b92871b1258eec44745a450f,1.7300000190734863,1.635312795639038,-0.09468722343444824,0.09468722343444824
4,359,a26244c3bcc9c3c98dd682a3,1.8700000047683716,1.9987126588821411,0.12871265411376953,0.12871265411376953
4,360,8b6b3e7c3027b9c62c653e8a,3.330993175506592,2.831693410873413,-0.4992997646331787,0.4992997646331787
4,361,eb6c0f06af498933dfd1e280,3.823908805847168,3.6720361709594727,-0.1518726348876953,0.1518726348876953
4,362,e0a4eccc996519afe914f150,2.102372884750366,1.9515899419784546,-0.15078294277191162,0.15078294277191162
4,363,20eb915811a4044debd391dc,2.1700000762939453,2.6111536026000977,0.44115352630615234,0.44115352630615234
4,364,0cc6aced27bb2f91a383d233,1.8300000429153442,0.7782540321350098,-1.0517460107803345,1.0517460107803345
4,365,e47c402c704d7b7569886e15,3.0900163650512695,2.9131357669830322,-0.1768805980682373,0.1768805980682373
4,366,550a13b4b77f965b7083cd1d,1.9360682964324951,3.952984094619751,2.016915798187256,2.016915798187256
4,367,3069439805be6f6217af6553,3.6635403633117676,3.5660417079925537,-0.09749865531921387,0.09749865531921387
4,368,128fb4b94e2995cc61ab983c,2.795880079269409,2.8252854347229004,0.02940535545349121,0.02940535545349121
4,369,a90fe31c96c23b3a3c64d9df,3.062147855758667,2.9254677295684814,-0.13668012619018555,0.13668012619018555
4,370,c80c155443b94b083af87edf,2.109999895095825,1.3259804248809814,-0.7840194702148438,0.7840194702148438
4,371,76b527153d1c0285b4d3c751,1.0700000524520874,0.6781733632087708,-0.39182668924331665,0.39182668924331665
4,372,97d54b83b2eccbfeb269b775,0.6200000047683716,1.2367265224456787,0.6167265176773071,0.6167265176773071
4,373,22f4460cc692466a151b69fe,1.2400000095367432,1.4999314546585083,0.25993144512176514,0.25993144512176514
4,374,f00d1d6efc8dbe1ae730835e,2.7735400199890137,2.8586437702178955,0.08510375022888184,0.08510375022888184
4,375,967ba1d2eb6471fae080f32f,2.069999933242798,2.7027461528778076,0.6327462196350098,0.6327462196350098
4,376,93a1475d1165083578069521,4.260000228881836,4.275086879730225,0.015086650848388672,0.015086650848388672
4,377,615ffc23af7203af22acf7ea,3.585026741027832,3.9270715713500977,0.3420448303222656,0.3420448303222656
4,378,71355979a118b7a51ad86148,1.2200000286102295,1.705370306968689,0.4853702783584595,0.4853702783584595
4,379,efbd6cec56ec84035fee6458,1.2100000381469727,1.3757133483886719,0.16571331024169922,0.16571331024169922
4,380,bc7e8f897cb23bfd43f2bbc9,1.6799999475479126,1.3471053838729858,-0.33289456367492676,0.33289456367492676
4,381,29e547f14b49526c931f321e,0.4000000059604645,0.5382593870162964,0.1382593810558319,0.1382593810558319
4,382,c115ca5ba080d5e70a88b451,0.6299999952316284,0.8078149557113647,0.17781496047973633,0.17781496047973633
4,383,2d6a3b5377a10206f810f5e5,1.9586073160171509,1.7366405725479126,-0.22196674346923828,0.22196674346923828
4,384,d66d5695bc54266717665e4d,3.1346988677978516,3.3960421085357666,0.26134324073791504,0.26134324073791504
4,385,701134ed246482c6e96eae6b,2.549999952316284,1.8226876258850098,-0.7273123264312744,0.7273123264312744
4,386,429a3837863f63e561ee734a,3.853872060775757,4.07175350189209,0.217881441116333,0.217881441116333
4,387,868045ce96bb71fa61b1ec17,0.949999988079071,1.0463787317276,0.09637874364852905,0.09637874364852905
4,388,83e0a1251a84cb8956863d78,1.3899999856948853,1.2659797668457031,-0.12402021884918213,0.12402021884918213
4,389,77e474b21c5f206dd840ea3a,3.1191864013671875,3.1603610515594482,0.04117465019226074,0.04117465019226074
4,390,08315ae49ce0170c752101e4,1.9586073160171509,1.094703197479248,-0.8639041185379028,0.8639041185379028
4,391,f1c604258275b85c18d7840a,1.559999942779541,0.9912590980529785,-0.5687408447265625,0.5687408447265625
4,392,63cde628d1f800ae57f56482,1.9500000476837158,1.0863145589828491,-0.8636854887008667,0.8636854887008667
4,393,c623fcc60fceeafd32bad842,3.069999933242798,2.666245698928833,-0.40375423431396484,0.40375423431396484
4,394,6bf4e7d10ec3c741c971e933,0.3499999940395355,0.5418729782104492,0.1918729841709137,0.1918729841709137
4,395,940676bee71cf0aecb7bbf74,4.301030158996582,3.2861297130584717,-1.0149004459381104,1.0149004459381104
4,396,d12d478369fba66e6dc17f91,1.590000033378601,1.3349159955978394,-0.2550840377807617,0.2550840377807617
4,397,39ba9bb1dc3df9815efc83eb,1.3899999856948853,1.929458498954773,0.5394585132598877,0.5394585132598877
4,398,73aaba69faebfbc50b9040d1,2.2200000286102295,2.3210833072662354,0.10108327865600586,0.10108327865600586
4,399,94d67f7570206f95165d6e71,2.3372421264648438,2.516913414001465,0.1796712875366211,0.1796712875366211
4,400,b66126dc4f6e5152a50dc6af,0.949999988079071,0.8989103436470032,-0.05108964443206787,0.05108964443206787
4,401,adefebde1c4ab6a0b08abdfd,0.6200000047683716,0.6656017303466797,0.045601725578308105,0.045601725578308105
4,402,769c5d3b39f6504df6b37084,0.6200000047683716,1.144069790840149,0.5240697860717773,0.5240697860717773
4,403,5d7eef03a1a13af147bd6280,4.180225849151611,3.5840556621551514,-0.59617018699646,0.59617018699646
4,404,1b4129750350830e225fee88,1.440000057220459,1.059646487236023,-0.38035356998443604,0.38035356998443604
4,405,59aa53e91ff52125a693a78a,2.190000057220459,2.4958252906799316,0.30582523345947266,0.30582523345947266
4,406,b5db6c335e43e577404381d8,4.096909999847412,3.8874130249023438,-0.20949697494506836,0.20949697494506836
4,407,fe6d06f42936b9eeaf98b082,1.8300000429153442,1.6920890808105469,-0.13791096210479736,0.13791096210479736
4,408,58c3add8819b80375f836c82,0.8700000047683716,0.9345996379852295,0.06459963321685791,0.06459963321685791
4,409,29d17b5125ca09a330e7264d,1.7300000190734863,1.7443327903747559,0.014332771301269531,0.014332771301269531
4,410,e285bb0856fd60b83510b7af,0.2518119812011719,0.701957106590271,0.4501451253890991,0.4501451253890991
4,411,a224d9c6b3241ec457ab7d37,2.664207935333252,2.3288733959198,-0.33533453941345215,0.33533453941345215
4,412,7079aad7ec96cfa545866af0,1.8700000047683716,1.45889413356781,-0.4111058712005615,0.4111058712005615
4,413,763c2b848221a74306efc30a,1.440000057220459,1.1912691593170166,-0.24873089790344238,0.24873089790344238
4,414,f945d4241ad8b4744bef07b4,0.14000000059604645,0.9791706800460815,0.8391706943511963,0.8391706943511963
4,415,cf92c61d6f21f469b023289e,4.638272285461426,3.9096639156341553,-0.7286083698272705,0.7286083698272705
4,416,c57ab0f6c5ad044c050542f3,0.5600000023841858,0.44520729780197144,-0.11479270458221436,0.11479270458221436
4,417,e836b665b3afe1271b848452,1.690000057220459,1.6423009634017944,-0.04769909381866455,0.04769909381866455
4,418,6b8da3c791e0503b7eb62731,1.886056661605835,0.6903847455978394,-1.1956719160079956,1.1956719160079956
4,419,df8239168a6d8e5fe8d77047,1.9199999570846558,1.6265432834625244,-0.29345667362213135,0.29345667362213135
4,420,e7365b7dd8b80c95035d73e6,0.6777806878089905,0.39993250370025635,-0.27784818410873413,0.27784818410873413
4,421,30cb32b0cb4fcddaf2b6e598,4.524328708648682,3.0027408599853516,-1.52158784866333,1.52158784866333
4,422,ba12ba7db0fc435caacaa312,1.600000023841858,0.7006473541259766,-0.8993526697158813,0.8993526697158813
4,423,84fb4a402031392220023542,1.1799999475479126,1.4598621129989624,0.2798621654510498,0.2798621654510498
4,424,8e15732956b3f1574006e1da,1.75,2.417310953140259,0.6673109531402588,0.6673109531402588
4,425,1007cc6e5f468e4069e34e82,3.630784034729004,3.269329309463501,-0.36145472526550293,0.36145472526550293
4,426,04eaf0e505faf009ba167834,3.387216091156006,2.73945689201355,-0.647759199142456,0.647759199142456
4,427,463a46ac035c7bd1e9530d1a,1.4199999570846558,2.1714560985565186,0.7514561414718628,0.7514561414718628
4,428,e098649a63f12cdc2f2a8447,0.6899999976158142,0.9821535348892212,0.292153537273407,0.292153537273407
4,429,790abec306a057fa4dd45296,3.059999942779541,2.360708475112915,-0.699291467666626,0.699291467666626
4,430,f16afa319330f41769054e64,2.009999990463257,2.0519754886627197,0.04197549819946289,0.04197549819946289
4,431,124e9f205298c8fe1678ae16,1.2799999713897705,0.8547927141189575,-0.425207257270813,0.425207257270813
4,432,47ca938b527373338ec26ccb,2.2200000286102295,1.4787921905517578,-0.7412078380584717,0.7412078380584717
4,433,f31423d569064809e64e0537,2.8400115966796875,3.472930669784546,0.6329190731048584,0.6329190731048584
4,434,f7bac0f5fe98416f70155cfc,3.823908805847168,3.7024011611938477,-0.12150764465332031,0.12150764465332031
4,435,5f78c5ae6f551c21b19c9093,1.7695510387420654,3.0720455646514893,1.3024945259094238,1.3024945259094238
4,436,2b7347fe567bfd2a2e0bf5fb,1.0299999713897705,0.849469006061554,-0.18053096532821655,0.18053096532821655
4,437,02a5842614422d373cbfecb2,1.3700000047683716,0.9394361972808838,-0.4305638074874878,0.4305638074874878
4,438,1b52c9f8c6b577ba3f507ff4,1.7535014152526855,1.988122820854187,0.23462140560150146,0.23462140560150146
4,439,af0f6c6d33b3cdca9933be7a,2.665546178817749,2.4976131916046143,-0.16793298721313477,0.16793298721313477
4,440,0e30493132c0bbf998438f49,3.522878646850586,3.1079046726226807,-0.4149739742279053,0.4149739742279053
4,441,3d1c5409fc48296d609c9276,1.6200000047683716,1.621888279914856,0.001888275146484375,0.001888275146484375
4,442,fafbbf1f91e5ba109d40c447,0.20000000298023224,0.4950215220451355,0.29502153396606445,0.29502153396606445
4,443,924cb745a58be7ae799b233e,1.6799999475479126,2.611924409866333,0.9319244623184204,0.9319244623184204
4,444,ba00f129ad35e2eafb6e7499,1.590000033378601,1.3777432441711426,-0.2122567892074585,0.2122567892074585
4,445,e076aaaa8c9367f19fb590d6,1.6799999475479126,1.391234040260315,-0.28876590728759766,0.28876590728759766
4,446,f9be31e1493838e9a5675c14,0.44999998807907104,0.2682632505893707,-0.18173673748970032,0.18173673748970032
4,447,a3867e1ba70c4df369c719ba,-1.1367205381393433,-0.7504948377609253,0.38622570037841797,0.38622570037841797
4,448,e3c937c0f0ede2d03f4fb5ec,0.7011469006538391,1.1925289630889893,0.49138206243515015,0.49138206243515015
4,449,aaacbd371931289fbf057cc8,0.949999988079071,1.3219088315963745,0.37190884351730347,0.37190884351730347
4,450,a9b3dabb8ef33692daf6abdc,0.7599999904632568,1.4529401063919067,0.6929401159286499,0.6929401159286499
4,451,b96aeb68da42109b0a30cf1a,2.096909999847412,2.031585693359375,-0.06532430648803711,0.06532430648803711
4,452,f52aef4e74e97c7f6ff3384d,0.013228265568614006,0.4716835021972656,0.45845523476600647,0.45845523476600647
4,453,64dcd42928984082a0957d87,1.2999999523162842,1.0911332368850708,-0.20886671543121338,0.20886671543121338
4,454,d381ab5a775f15b31a0622fa,0.9100000262260437,1.2185968160629272,0.30859678983688354,0.30859678983688354
4,455,f4df3d5230c02ece6274ed9e,1.92081880569458,1.4911857843399048,-0.4296330213546753,0.4296330213546753
4,456,7908bd6ffa056274f1bb108f,1.9800000190734863,1.9145240783691406,-0.0654759407043457,0.0654759407043457
4,457,3c55b6ae5bef747648316f55,0.12999999523162842,0.3016979396343231,0.1716979444026947,0.1716979444026947
4,458,63e6d6dde7d2b4a9911e51cf,0.8239087462425232,1.5805188417434692,0.756610095500946,0.756610095500946
4,459,589e1317cb4793a8b191c7a5,0.7900000214576721,0.7497586011886597,-0.04024142026901245,0.04024142026901245
4,460,08add3f439f42455342b8e08,1.6575772762298584,3.6709768772125244,2.013399600982666,2.013399600982666
4,461,7a6b766d8e7fa0d4115e5f98,1.1299999952316284,1.6624172925949097,0.5324172973632812,0.5324172973632812
4,462,7c073955e58e9219f2983313,1.690000057220459,1.6898890733718872,-0.00011098384857177734,0.00011098384857177734
4,463,dcfe41acbd7342f4f796e66d,1.690000057220459,1.5826951265335083,-0.10730493068695068,0.10730493068695068
4,464,fe12efb2e42280ec3706fed4,3.450000047683716,3.7092244625091553,0.25922441482543945,0.25922441482543945
4,465,2cd878e9f602bde7f0fb5edc,1.899999976158142,2.0706541538238525,0.17065417766571045,0.17065417766571045
4,466,97cd472de7747a296f9ba286,4.599999904632568,4.492038249969482,-0.10796165466308594,0.10796165466308594
4,467,f3178441ec31f8a2c371c4d1,3.0,2.8699867725372314,-0.13001322746276855,0.13001322746276855
4,468,fdcaabb5db4e43128a99ba1b,1.649999976158142,1.4686286449432373,-0.18137133121490479,0.18137133121490479
4,469,36ccd71d65eb826aaef281cc,2.259999990463257,2.276414155960083,0.016414165496826172,0.016414165496826172
4,470,28067afcca7f8b3e25e6be6d,2.7699999809265137,1.6235941648483276,-1.146405816078186,1.146405816078186
4,471,ae2988ab368e1d05641cfd70,2.309999942779541,1.6141959428787231,-0.6958039999008179,0.6958039999008179
4,472,51796492c0590bf9fbaebb48,0.47999998927116394,0.5713362693786621,0.09133628010749817,0.09133628010749817
4,473,7af3ac574deec4dec7bd8cb4,1.350000023841858,0.9217653274536133,-0.42823469638824463,0.42823469638824463
4,474,bb028fd06186a58b000c9db2,2.797884225845337,2.949648141860962,0.151763916015625,0.151763916015625
4,475,9e8be25e62350767c72c492b,0.8538719415664673,0.6930341720581055,-0.16083776950836182,0.16083776950836182
4,476,bbe8f2a73c59fdd715067bab,1.4299999475479126,1.7119636535644531,0.2819637060165405,0.2819637060165405
4,477,bdc661ba50a766388e5861b5,1.3767507076263428,1.4404808282852173,0.06373012065887451,0.06373012065887451
4,478,99b70133cd64c9ded5c176ba,3.190000057220459,3.2046878337860107,0.014687776565551758,0.014687776565551758
4,479,20548371e7dfac95a479658a,3.92081880569458,3.3371424674987793,-0.5836763381958008,0.5836763381958008
4,480,475df20f09a314210450abfb,3.4164233207702637,3.1356937885284424,-0.2807295322418213,0.2807295322418213
4,481,b405960fd9bda4ffb54afb95,2.0,3.121384382247925,1.1213843822479248,1.1213843822479248
4,482,a2ba3b3a369bba9e36b6349b,4.1199870109558105,4.446349143981934,0.32636213302612305,0.32636213302612305
4,483,5378731687952e16355df55d,4.269999980926514,4.067935466766357,-0.20206451416015625,0.20206451416015625
4,484,cdd108482a8cab0043efc644,0.9619364738464355,0.9227580428123474,-0.039178431034088135,0.039178431034088135
4,485,4d55c2b3b26549456ca12de1,2.8499999046325684,2.805562734603882,-0.04443717002868652,0.04443717002868652
4,486,91cd99439a5ed796a1580566,1.649999976158142,1.9381704330444336,0.2881704568862915,0.2881704568862915
4,487,23a8b621659d9edea022c81f,1.9299999475479126,1.4288514852523804,-0.5011484622955322,0.5011484622955322
4,488,47d85a03ee07debdd263e9f1,0.324221670627594,0.6919503808021545,0.36772871017456055,0.36772871017456055
4,489,0932b25cdf71e1a428ec8a70,2.795880079269409,2.353173017501831,-0.4427070617675781,0.4427070617675781
4,490,fd4dbc107442c50718006f50,2.311580181121826,2.379276990890503,0.06769680976867676,0.06769680976867676
4,491,60abf06405dc560d03898b17,1.0800000429153442,1.4751628637313843,0.39516282081604004,0.39516282081604004
4,492,6275c0838c9d04ee4d26e54c,0.6800000071525574,0.871222972869873,0.19122296571731567,0.19122296571731567
4,493,57399771cf6855da567ac934,2.259999990463257,2.2241172790527344,-0.03588271141052246,0.03588271141052246
4,494,c4ef0a9c844ca82842ad229b,0.9800000190734863,0.8057963252067566,-0.17420369386672974,0.17420369386672974
4,495,1093cd7c26ba69a986a16235,2.190000057220459,2.152453660964966,-0.037546396255493164,0.037546396255493164
4,496,7b2168cfc39dc01da5714ab2,4.193819999694824,4.139420509338379,-0.05439949035644531,0.05439949035644531
4,497,03b288f0fac8bbaea07fe477,2.9788107872009277,3.0189032554626465,0.04009246826171875,0.04009246826171875
4,498,509c77de7762fe757a558aeb,0.4699999988079071,1.5727685689926147,1.1027685403823853,1.1027685403823853
4,499,737bcb94208e8833d70510c4,2.8181564807891846,2.8107845783233643,-0.0073719024658203125,0.0073719024658203125
4,500,7b7e27d483d9c253914f0832,1.5800000429153442,2.395282506942749,0.8152824640274048,0.8152824640274048
4,501,05d0ea3253642b680a0da54b,0.9507820010185242,0.9484125375747681,-0.0023694634437561035,0.0023694634437561035
4,502,ca9b6d59e8231cf3083a5350,2.819999933242798,2.974806070327759,0.15480613708496094,0.15480613708496094
4,503,f535c80988be87d6572606cb,0.6270880103111267,0.3755052089691162,-0.2515828013420105,0.2515828013420105
4,504,21399869fd97bf481e634011,2.793511390686035,2.8696866035461426,0.07617521286010742,0.07617521286010742
4,505,707d697246ccc45a842c0080,4.1191864013671875,3.6452951431274414,-0.4738912582397461,0.4738912582397461
4,506,5bd27cfeb3c732490c794572,1.0299999713897705,1.7127267122268677,0.6827267408370972,0.6827267408370972
4,507,388ca1e168094b6505ea364f,2.9929401874542236,2.7972025871276855,-0.19573760032653809,0.19573760032653809
4,508,0904ee61e0c06eb08af6a9a7,0.886056661605835,1.1444286108016968,0.2583719491958618,0.2583719491958618
4,509,3e5ce1746f60068ec6c1a4dc,2.93743896484375,2.809408187866211,-0.12803077697753906,0.12803077697753906
4,510,788636fe5c99e8c045c147e5,0.7200000286102295,0.9444456100463867,0.22444558143615723,0.22444558143615723
4,511,140331d6b0e9cc0ac710127f,2.5,2.2738869190216064,-0.22611308097839355,0.22611308097839355
4,512,7539d536b2977efa97e680d9,1.5800000429153442,1.686585783958435,0.10658574104309082,0.10658574104309082
4,513,0e3f6db3d1ada401613395d8,1.6777807474136353,2.472430467605591,0.7946497201919556,0.7946497201919556
4,514,4c18dc84b9bc83c3e072ab69,2.0999999046325684,1.9389399290084839,-0.16105997562408447,0.16105997562408447
4,515,d255affe6975ff6a2f7139c8,1.2300000190734863,1.1471977233886719,-0.08280229568481445,0.08280229568481445
4,516,e8e027e5844ade832509fc9b,1.2899999618530273,1.2268660068511963,-0.06313395500183105,0.06313395500183105
4,517,19db25588ce639576a1611ce,1.1366771459579468,0.8697908520698547,-0.26688629388809204,0.26688629388809204
4,518,9baf3bb3b019964e6d80a7f4,4.360015869140625,4.089904308319092,-0.2701115608215332,0.2701115608215332
4,519,8a68bbbff148c565ddc356af,2.3499999046325684,1.4859375953674316,-0.8640623092651367,0.8640623092651367
4,520,b36c79b6213d30b5e0994e69,2.2441251277923584,1.8770630359649658,-0.3670620918273926,0.3670620918273926
4,521,02b68e19616af7e9db6e71ec,0.291579931974411,0.3210293650627136,0.029449433088302612,0.029449433088302612
4,522,307bf5049102b2694e1df7dc,0.3010300099849701,0.21772503852844238,-0.08330497145652771,0.08330497145652771
4,523,ac10a0152786713030caad71,1.190000057220459,0.538546621799469,-0.65145343542099,0.65145343542099
4,524,46215861d66bbc6ef69a61fc,0.800000011920929,0.011033020913600922,-0.7889670133590698,0.7889670133590698
4,525,30bfd69490a08007d18de4ef,1.8799999952316284,1.759993076324463,-0.12000691890716553,0.12000691890716553
4,526,6000b36b518e7ddeb61ea723,1.7000000476837158,1.628085970878601,-0.07191407680511475,0.07191407680511475
4,527,6b63ea17a43ec03d8e323317,3.92081880569458,3.6892101764678955,-0.23160862922668457,0.23160862922668457
4,528,3df9d97db5e7ee5d92b84a8f,2.102372884750366,1.9515899419784546,-0.15078294277191162,0.15078294277191162
4,529,631f8d40da29e612bfba4950,1.4700000286102295,1.3303829431533813,-0.13961708545684814,0.13961708545684814
4,530,acf4c5ffbd6899b2f9f8693f,0.6600000262260437,0.5443891286849976,-0.11561089754104614,0.11561089754104614
4,531,38cc31219c82683a8b8316ac,2.0246546268463135,3.14919114112854,1.1245365142822266,1.1245365142822266
4,532,e1ffe5b904087be6d195e1df,3.698970079421997,3.9204165935516357,0.22144651412963867,0.22144651412963867
4,533,67beddd28463feefaf96df2d,0.6020600199699402,0.931877613067627,0.32981759309768677,0.32981759309768677
4,534,f7bca25b46d600ff35eb3c68,0.9700000286102295,0.7087299227714539,-0.26127010583877563,0.26127010583877563
4,535,06a8075a9803d146ce5b4c10,1.2100000381469727,2.012873411178589,0.8028733730316162,0.8028733730316162
4,536,7d30d7e7e9b6f729cc866f72,3.165579319000244,2.3494713306427,-0.816107988357544,0.816107988357544
4,537,63e543730430de849bad26c3,1.2599999904632568,0.9609255790710449,-0.2990744113922119,0.2990744113922119
4,538,fad5014adbccd5680670dda8,1.350000023841858,1.2537801265716553,-0.09621989727020264,0.09621989727020264
4,539,d3d26d5056ed2c24d9143993,1.8386319875717163,3.246401071548462,1.4077690839767456,1.4077690839767456
4,540,e1728599c8c14711515e758e,1.6799999475479126,1.9878958463668823,0.3078958988189697,0.3078958988189697
4,541,d918db4d1dadbe955b899e04,1.2699999809265137,1.341373085975647,0.0713731050491333,0.0713731050491333
4,542,a4cad0b733ed2d0e749c9a24,3.2006595134735107,3.5432796478271484,0.3426201343536377,0.3426201343536377
4,543,c34b96c24451c82816329357,3.387216091156006,3.4724316596984863,0.08521556854248047,0.08521556854248047
4,544,7b8f630e3f262aad214bfe1c,2.299999952316284,2.354654550552368,0.054654598236083984,0.054654598236083984
4,545,8aac70bb966020defe4e089f,1.2799999713897705,1.415634036064148,0.13563406467437744,0.13563406467437744
4,546,0b410cd2681d2f2767f44dd0,2.619999885559082,1.792444109916687,-0.827555775642395,0.827555775642395
4,547,98a6b3b5c3e20b46cd7a66eb,4.721246242523193,4.631251811981201,-0.08999443054199219,0.08999443054199219
4,548,93e6e55471b23764ef240cde,1.399999976158142,1.571622371673584,0.1716223955154419,0.1716223955154419
4,549,c9bac26c172b769a3ae33ec3,1.1649439334869385,1.4580179452896118,0.29307401180267334,0.29307401180267334
4,550,88a415836f644735f7edfe11,1.0099999904632568,1.0156347751617432,0.005634784698486328,0.005634784698486328
4,551,c0970680541ae4705c41bdde,1.899999976158142,0.7915985584259033,-1.1084014177322388,1.1084014177322388
4,552,55804d434e0c4cd8d9e8f410,3.284832715988159,3.234861135482788,-0.049971580505371094,0.049971580505371094
4,553,23b54c2231411886caf583a1,2.982966661453247,2.631577730178833,-0.35138893127441406,0.35138893127441406
4,554,9700bd03894350cae38bc91d,1.3879400491714478,0.5799520015716553,-0.8079880475997925,0.8079880475997925
4,555,dc9d090dcc45ce3678e5a256,2.2799999713897705,1.1577892303466797,-1.1222107410430908,1.1222107410430908
4,556,89e97bbbac147c7a5c4c3e9b,1.0399999618530273,0.7382432222366333,-0.30175673961639404,0.30175673961639404
4,557,8ae2042f9757a860048f9288,1.2835954427719116,1.3003504276275635,0.016754984855651855,0.016754984855651855
4,558,9ffe3fcef2ac2ba4bf422127,0.6299999952316284,0.794502854347229,0.16450285911560059,0.16450285911560059
4,559,15cdc44ea861861b80f7e853,0.8299999833106995,0.8425478935241699,0.012547910213470459,0.012547910213470459
4,560,35b700bcb97e097b395eb1d8,2.190000057220459,0.7200139164924622,-1.4699862003326416,1.4699862003326416
4,561,c0c21afbb4d49beefd0c4980,0.6200000047683716,0.7943764328956604,0.17437642812728882,0.17437642812728882
4,562,40910e53f2ac795592ea2a7a,1.600000023841858,1.105089783668518,-0.49491024017333984,0.49491024017333984
4,563,ea553aae67c60d07f1ae90e5,0.5,0.2542160153388977,-0.2457839846611023,0.2457839846611023
4,564,2d4a43a4a19a4baaf289dc75,3.4600000381469727,3.155822515487671,-0.30417752265930176,0.30417752265930176
4,565,8c825c3ea99d772e1db37625,1.2899999618530273,1.8581658601760864,0.5681658983230591,0.5681658983230591
4,566,e5c35843309a3bf5b9840acd,-5.127104759216309,-5.118405342102051,0.008699417114257812,0.008699417114257812
4,567,2feb1ec8b8b8ac317f332fd3,0.5899999737739563,1.5098861455917358,0.9198861718177795,0.9198861718177795
4,568,663d4d17b0c2fca73c692942,3.1752235889434814,3.053421974182129,-0.12180161476135254,0.12180161476135254
4,569,2b6797bcfbdf645deeacdeec,2.680000066757202,1.7063876390457153,-0.9736124277114868,0.9736124277114868
4,570,0881654ae463b3d9e562f1c3,3.619788646697998,2.406954765319824,-1.2128338813781738,1.2128338813781738
4,571,6fa8e504128729eefa92e473,0.9100000262260437,0.9406531453132629,0.03065311908721924,0.03065311908721924
4,572,27f4848df4e0c75b871d7a4e,1.2400000095367432,1.1645227670669556,-0.0754772424697876,0.0754772424697876
4,573,fbba4c8012410811e2865273,2.740000009536743,2.648442029953003,-0.09155797958374023,0.09155797958374023
4,574,4f3102ed1cf7248f03e637f5,1.1739251613616943,2.4901435375213623,1.316218376159668,1.316218376159668
4,575,4c806cfca45e007fbb7969f0,0.6499999761581421,0.9438880681991577,0.2938880920410156,0.2938880920410156
4,576,f73416772ae4dc5c169ac9be,0.6200000047683716,0.6326819658279419,0.012681961059570312,0.012681961059570312
4,577,1578108349534c49d9ef8c1e,1.4700000286102295,1.6504358053207397,0.18043577671051025,0.18043577671051025
4,578,10e3908273ef3e4c0d217284,2.1500000953674316,2.3666293621063232,0.2166292667388916,0.2166292667388916
4,579,ee8890eccffbd332d179495d,1.6200000047683716,1.4021347761154175,-0.2178652286529541,0.2178652286529541
4,580,9ce1b47a0f7835811c48a4fe,3.101823568344116,3.0252630710601807,-0.07656049728393555,0.07656049728393555
4,581,bb7ce840f1ecde9aafe171e0,2.9393022060394287,2.831693410873413,-0.10760879516601562,0.10760879516601562
4,582,b6e716c66f6e00ae2b6c3434,2.5199999809265137,2.2629287242889404,-0.25707125663757324,0.25707125663757324
4,583,6c720945f41d4c3a6ae81713,1.5299999713897705,1.5867810249328613,0.05678105354309082,0.05678105354309082
4,584,bbf3f938a2f32acc58f6127f,1.5299999713897705,1.5123625993728638,-0.01763737201690674,0.01763737201690674
4,585,666bab302f07c562ce13e055,1.8600000143051147,2.4329168796539307,0.5729168653488159,0.5729168653488159
4,586,a9e78713a4bc7445b3f8873c,4.25,4.29744815826416,0.047448158264160156,0.047448158264160156
4,587,79bc1a5cb38e481fabffe0e3,0.6100000143051147,1.1856745481491089,0.5756745338439941,0.5756745338439941
4,588,a1a68595e4d2eccb31c80072,0.7699999809265137,1.2919847965240479,0.5219848155975342,0.5219848155975342
4,589,b8c9d9e4e174a4b2e484a123,1.440000057220459,0.717342734336853,-0.722657322883606,0.722657322883606
4,590,963ccc86272532f184a8309a,1.5,1.1777757406234741,-0.3222242593765259,0.3222242593765259
4,591,55b39fa551974d6f008ff4be,1.4299999475479126,1.766876220703125,0.3368762731552124,0.3368762731552124
4,592,3e60b7b51715ac0daac74f3f,1.6200000047683716,1.2700406312942505,-0.3499593734741211,0.3499593734741211
4,593,8b7571ace798231cbb767b3b,0.6200000047683716,0.49178755283355713,-0.12821245193481445,0.12821245193481445
4,594,69547cc609cd5615dd53d952,3.045757532119751,2.849501848220825,-0.19625568389892578,0.19625568389892578
4,595,5350c58901962b446831914d,2.522878646850586,2.4706528186798096,-0.05222582817077637,0.05222582817077637
4,596,0a4b04bc1d91ad60d7a43fe5,1.9586073160171509,2.0396409034729004,0.08103358745574951,0.08103358745574951
4,597,882e082ac3f829ba3e2d6717,2.0799999237060547,2.1826465129852295,0.1026465892791748,0.1026465892791748
4,598,6c953804679468a54427105a,1.3010300397872925,1.5663374662399292,0.2653074264526367,0.2653074264526367
4,599,a5f0cf06cb29bc51e236666d,4.585026741027832,4.223887920379639,-0.36113882064819336,0.36113882064819336
4,600,a88fc904cd7eb2b930d41048,2.190000057220459,1.9638539552688599,-0.22614610195159912,0.22614610195159912
4,601,cb801541d2043ae82dc12fb4,2.130000114440918,1.8400927782058716,-0.2899073362350464,0.2899073362350464
4,602,3a3cdafbb71bf99e968e0bf6,1.0499999523162842,1.0445500612258911,-0.005449891090393066,0.005449891090393066
4,603,569eaa2e804a155db3a52140,-1.2470773458480835,-1.0819346904754639,0.16514265537261963,0.16514265537261963
4,604,9008cff27211b4f73fa7fcf3,0.9100000262260437,0.5528295040130615,-0.3571705222129822,0.3571705222129822
4,605,0db7719888f1b9ef0a8e4e2c,1.399999976158142,1.1036080121994019,-0.29639196395874023,0.29639196395874023
4,606,4c2595621cb4fa33a1dd6db6,1.8700000047683716,1.9233125448226929,0.05331254005432129,0.05331254005432129
4,607,7d817bb378e68ff0eb9c41b5,1.6100000143051147,1.4802519083023071,-0.12974810600280762,0.12974810600280762
4,608,0518c0594523e83299f98955,0.5867002606391907,0.04012516885995865,-0.5465750694274902,0.5465750694274902
4,609,1091e60598b649409190aff4,3.522878646850586,3.479858636856079,-0.043020009994506836,0.043020009994506836
4,610,33f157f876d1fbab56c2c1e4,2.0399999618530273,0.954429030418396,-1.0855709314346313,1.0855709314346313
4,611,c76c36b2cf8ef8349d0c7f5a,0.9393021464347839,1.8403385877609253,0.9010364413261414,0.9010364413261414
4,612,4331145a951b2e185bd91183,0.6700000166893005,1.2629691362380981,0.5929691195487976,0.5929691195487976
4,613,7288602c311ac3805c595c66,4.0,4.233965873718262,0.23396587371826172,0.23396587371826172
4,614,b663455e9839f84bf4cc8db2,2.5,1.2220901250839233,-1.2779098749160767,1.2779098749160767
4,615,de29cb5c1f81f7df3e0215a5,0.7240311503410339,2.5638468265533447,1.839815616607666,1.839815616607666
4,616,993bf8368c844183582a406b,3.1081509590148926,3.1107234954833984,0.0025725364685058594,0.0025725364685058594
4,617,587e96cbdb712acb1d1ca91a,4.15490198135376,3.937241792678833,-0.21766018867492676,0.21766018867492676
4,618,3a80670f24100930a848883e,0.27000001072883606,0.6396524906158447,0.36965247988700867,0.36965247988700867
4,619,78837fe408a6f1af5dc6cd5c,2.8299999237060547,3.3620965480804443,0.5320966243743896,0.5320966243743896
4,620,801f58c0632e400e7eeec676,1.5299999713897705,1.325104832649231,-0.20489513874053955,0.20489513874053955
4,621,b5146a79c6f5ddc865fb5060,4.200659275054932,4.110901355743408,-0.08975791931152344,0.08975791931152344
4,622,8d5f855f87dfd0b69b5679bb,2.809999942779541,1.861867904663086,-0.9481320381164551,0.9481320381164551
4,623,e9b4b39cafb371174f9411d6,1.6309466361999512,1.7153111696243286,0.08436453342437744,0.08436453342437744
4,624,a81e89543d34d25b59e9a8da,4.275723934173584,4.19596529006958,-0.0797586441040039,0.0797586441040039
4,625,193574c0887c39c33200a2f6,1.1844664812088013,2.255152940750122,1.0706864595413208,1.0706864595413208
4,626,b5a4ed89c0e228473098793a,1.559999942779541,0.7785105109214783,-0.7814894318580627,0.7814894318580627
4,627,4f609fb5e1757ef086254b5a,2.609999895095825,2.466564655303955,-0.14343523979187012,0.14343523979187012
4,628,d5d10762bb63c6d7cefd5397,1.443697452545166,1.7697100639343262,0.32601261138916016,0.32601261138916016
4,629,5d46d55781c9d5e71fcc8044,1.840000033378601,1.7856814861297607,-0.05431854724884033,0.05431854724884033
4,630,899045b687907d963ddf3bbc,3.92081880569458,4.31984281539917,0.39902400970458984,0.39902400970458984
4,631,3e6eeeb0201e3f9ba8b2c4e5,1.9600000381469727,1.9716540575027466,0.011654019355773926,0.011654019355773926
4,632,388519cb13b61f12cac2395f,2.869666337966919,2.9442574977874756,0.07459115982055664,0.07459115982055664
4,633,bcf0688a7950e6e329e59f0d,0.7900000214576721,1.0423433780670166,0.2523433566093445,0.2523433566093445
4,634,e545e1f5743ed586383c95ef,1.440000057220459,1.4018200635910034,-0.038179993629455566,0.038179993629455566
4,635,41fcbefdbb9f5c09f15901ac,1.600000023841858,2.209172487258911,0.6091724634170532,0.6091724634170532
4,636,25665c47e07cf4c8dad70a8e,1.4559319019317627,1.5808062553405762,0.12487435340881348,0.12487435340881348
4,637,8c2d983729e899c6248ee11b,0.8538719415664673,1.182098388671875,0.3282264471054077,0.3282264471054077
4,638,560ddede1b388cbfad38678e,0.9200000166893005,1.4685882329940796,0.548588216304779,0.548588216304779
4,639,0a057bc14fb1ae19077e783d,0.9599999785423279,0.7872111797332764,-0.1727887988090515,0.1727887988090515
4,640,c66cd5d3def20d0daa1f2806,2.940000057220459,2.6646945476531982,-0.27530550956726074,0.27530550956726074
4,641,1055ee3678db150ede2fbb1c,3.268411159515381,3.2121376991271973,-0.056273460388183594,0.056273460388183594
4,642,0c3071c0bd6c6f412cf16280,1.0,0.39606520533561707,-0.6039347648620605,0.6039347648620605
4,643,6a2964072f37e5c4de616f37,1.6020599603652954,1.513818621635437,-0.0882413387298584,0.0882413387298584
4,644,7eccc8e8d50ba9017adc6449,4.0,4.030114650726318,0.03011465072631836,0.03011465072631836
4,645,3aba4abc464a38301fd4dbc9,0.6399999856948853,1.0780092477798462,0.43800926208496094,0.43800926208496094
4,646,04beb818659cb40c46c220e6,1.9299999475479126,1.0520135164260864,-0.8779864311218262,0.8779864311218262
4,647,98d67416b69ccb4b29ba27f4,1.7151182889938354,2.045121431350708,0.33000314235687256,0.33000314235687256
4,648,2b4116c7e1590793509709ec,1.2400000095367432,0.8467501401901245,-0.39324986934661865,0.39324986934661865
4,649,9bafd779b83f4d75008cbcbf,2.07572078704834,2.4582977294921875,0.38257694244384766,0.38257694244384766
4,650,27d358d0d5009352bf78ce82,2.4685211181640625,2.1610567569732666,-0.3074643611907959,0.3074643611907959
4,651,cfcaeaa7243eda26781e8e33,1.991399884223938,2.24676251411438,0.2553626298904419,0.2553626298904419
4,652,402d522d866fa10917f1f1e1,3.3575353622436523,3.367003917694092,0.009468555450439453,0.009468555450439453
4,653,41d0632622f14cb70293df55,2.1448445320129395,2.2628543376922607,0.11800980567932129,0.11800980567932129
4,654,98a06eefe62634678e9b3e1f,0.8899999856948853,0.8000692129135132,-0.08993077278137207,0.08993077278137207
4,655,b64a9950dd9adeede1423b69,0.7212464213371277,0.8547250032424927,0.133478581905365,0.133478581905365
4,656,262fcd496140da7d61637263,4.049485206604004,2.171661376953125,-1.877823829650879,1.877823829650879
4,657,c608e0ca6b3f2e90af47888b,2.630000114440918,1.9305510520935059,-0.6994490623474121,0.6994490623474121
4,658,1975c6dba18bfa380301f17c,0.2800000011920929,0.7107400894165039,0.430740088224411,0.430740088224411
4,659,2238c62a4f11d214676fb275,1.8899999856948853,1.3056340217590332,-0.584365963935852,0.584365963935852
4,660,4103d945cff438e5a4f66bea,0.8199999928474426,1.1258827447891235,0.3058827519416809,0.3058827519416809
4,661,acc0ba8ba757baf16c936edf,1.5499999523162842,2.2019975185394287,0.6519975662231445,0.6519975662231445
4,662,4fb048b7895a4e7a03226bd2,0.3979400098323822,0.3437923491001129,-0.05414766073226929,0.05414766073226929
4,663,baa35b3d0d68a2c291a1b7c1,1.8799999952316284,2.028156280517578,0.1481562852859497,0.1481562852859497
4,664,3a833e2cf24665914b8c7aef,2.494849920272827,1.42678701877594,-1.0680629014968872,1.0680629014968872
4,665,d87fe0427109a34fd21b70fa,2.440000057220459,1.2534282207489014,-1.1865718364715576,1.1865718364715576
4,666,d0d9904d67439137269c1645,2.190000057220459,1.9977689981460571,-0.19223105907440186,0.19223105907440186
4,667,c671061b4a15e415e65a53d1,0.15676721930503845,0.7676992416381836,0.6109319925308228,0.6109319925308228
4,668,2e77d2008a46f4a84ca81d56,1.5200001001358032,1.458364486694336,-0.061635613441467285,0.061635613441467285
4,669,a12730f3c1ee95b954225381,0.5299999713897705,0.5216739177703857,-0.008326053619384766,0.008326053619384766
4,670,5c3a8ea7671bfefc348e10d0,2.3299999237060547,1.9550694227218628,-0.3749305009841919,0.3749305009841919
4,671,8a77828357c34b6e5a0ce805,2.849857807159424,2.74747633934021,-0.10238146781921387,0.10238146781921387
4,672,d159e092a50f2eaec63ef31f,2.7798919677734375,2.628437042236328,-0.15145492553710938,0.15145492553710938
4,673,ea881b4875cbcc6f25849853,4.570000171661377,4.159453868865967,-0.41054630279541016,0.41054630279541016
4,674,2191d95536073d84e335f25e,1.5299999713897705,1.313569188117981,-0.21643078327178955,0.21643078327178955
4,675,1bbd12df7294e3be0cd2e2fb,0.4317982792854309,0.8253112435340881,0.3935129642486572,0.3935129642486572
4,676,0e0ad1b47f8437bb327e8850,3.3581511974334717,3.36726713180542,0.009115934371948242,0.009115934371948242
4,677,169890ee3dd83e167d488818,1.5099999904632568,1.6324462890625,0.12244629859924316,0.12244629859924316
4,678,38ba333a51958af0be2416e6,3.1778318881988525,3.547055959701538,0.36922407150268555,0.36922407150268555
4,679,d0ce916bbb23146ccf312ca8,2.5999999046325684,1.4802919626235962,-1.1197079420089722,1.1197079420089722
4,680,808fd5632dd0fd9a175138ec,0.7099999785423279,1.0655341148376465,0.3555341362953186,0.3555341362953186
4,681,ce19702a86d28d39dcfb63e1,2.5300307273864746,2.87727427482605,0.3472435474395752,0.3472435474395752
4,682,11d223cedf4ea1d4f8bd26be,3.7212464809417725,3.203739881515503,-0.5175065994262695,0.5175065994262695
4,683,230927f9565992900a52f995,2.7569620609283447,2.9355669021606445,0.1786048412322998,0.1786048412322998
4,684,145bbe721c729143d3d3e708,1.4800000190734863,1.0575083494186401,-0.4224916696548462,0.4224916696548462
4,685,c5725a2807eae3b0c52f50b7,4.259637355804443,3.647752523422241,-0.6118848323822021,0.6118848323822021
4,686,28ec33fcbb307c738616535b,0.4099999964237213,1.4856587648391724,1.0756587982177734,1.0756587982177734
4,687,9e5f37bc2cf26879a56a6479,2.009999990463257,1.9436564445495605,-0.06634354591369629,0.06634354591369629
4,688,3a02af29bcc3356a298e318b,1.3600000143051147,0.7993978261947632,-0.5606021881103516,0.5606021881103516
4,689,6fe8c61532ffa0281edfda93,3.4202163219451904,3.723975419998169,0.3037590980529785,0.3037590980529785
4,690,a91181465766a762087f98d2,1.649999976158142,1.6905888319015503,0.0405888557434082,0.0405888557434082
4,691,709c0c472d50c5269075490d,2.311580181121826,1.4929351806640625,-0.8186450004577637,0.8186450004577637
4,692,b6552cd5921d223423762019,3.50445556640625,3.4947688579559326,-0.009686708450317383,0.009686708450317383
4,693,efef2c142d900c85546c7ab6,0.8999999761581421,1.313447117805481,0.41344714164733887,0.41344714164733887
4,694,560ae604f215434e9b1a586e,0.2619611620903015,-0.13052737712860107,-0.3924885392189026,0.3924885392189026
4,695,e614b38708d75a3772229d69,2.008756399154663,2.063096761703491,0.054340362548828125,0.054340362548828125
4,696,4a7ab1d8e227d1330ab76451,2.569999933242798,3.653801202774048,1.08380126953125,1.08380126953125
4,697,b5def7ad99b43caea514a980,0.3400000035762787,1.2352453470230103,0.8952453136444092,0.8952453136444092
4,698,87df1573a23547516f4ad92d,0.9800000190734863,0.704207718372345,-0.27579230070114136,0.27579230070114136
4,699,caf985ba5bbd35305dcd58a7,3.0,2.8674864768981934,-0.13251352310180664,0.13251352310180664
4,700,fc45999084f64975973a8f49,1.1299999952316284,1.1023536920547485,-0.027646303176879883,0.027646303176879883
4,701,734bdafabcd698368b4bec97,1.0099999904632568,1.2616181373596191,0.2516181468963623,0.2516181468963623
4,702,13a11f7f8e30f8f411d159ed,2.8761484622955322,2.87050461769104,-0.0056438446044921875,0.0056438446044921875
4,703,a62e18894241589930397055,0.5899999737739563,1.2920368909835815,0.7020369172096252,0.7020369172096252
4,704,897b4865b20728f298d35928,2.109999895095825,2.502479314804077,0.39247941970825195,0.39247941970825195
4,705,5baa770914cb04eec6530226,2.690000057220459,2.2868587970733643,-0.4031412601470947,0.4031412601470947
4,706,39336f45ff6b470a94beba0f,1.916855812072754,2.207486867904663,0.2906310558319092,0.2906310558319092
4,707,804a2bd1c443b0799a9ae9aa,1.160195231437683,1.067771077156067,-0.09242415428161621,0.09242415428161621
4,708,bc9409e408938e145fedf84a,3.1549019813537598,2.8600010871887207,-0.29490089416503906,0.29490089416503906
4,709,5dbb15d1c8c034759cc385f1,0.4099999964237213,1.2782195806503296,0.8682196140289307,0.8682196140289307
4,710,74f13984551e0313ddc6d905,1.9299999475479126,1.531335473060608,-0.3986644744873047,0.3986644744873047
4,711,428af22bd09e1f7947de3ec0,4.110000133514404,3.9106056690216064,-0.19939446449279785,0.19939446449279785
4,712,57f93db9e9e862851f18e1f9,3.2899999618530273,2.8219218254089355,-0.4680781364440918,0.4680781364440918
4,713,6abf59daf1fd52038ba055b0,2.522878646850586,2.39465069770813,-0.12822794914245605,0.12822794914245605
4,714,329133e5d0d3f217174a9b1a,2.9586071968078613,3.084843397140503,0.1262362003326416,0.1262362003326416
4,715,d49d5437b236ff77e206478c,0.9200000166893005,0.8852752447128296,-0.03472477197647095,0.03472477197647095
4,716,41fa65cdafb6bcf9603274ac,0.6700000166893005,1.0562204122543335,0.38622039556503296,0.38622039556503296
4,717,3ad92a5024c1e9fe41687f86,1.6840296983718872,1.5552165508270264,-0.12881314754486084,0.12881314754486084
4,718,72e6a71a2c3a1378c26da034,3.200000047683716,1.942442774772644,-1.2575572729110718,1.2575572729110718
4,719,ac1dca505a8f1fdac3443b5f,3.6439740657806396,3.097041368484497,-0.5469326972961426,0.5469326972961426
4,720,8afb9628384f165e892764dc,3.301029920578003,2.837538003921509,-0.46349191665649414,0.46349191665649414
4,721,d04a974b73d153e0624bec1c,0.6595559120178223,0.9941763877868652,0.33462047576904297,0.33462047576904297
4,722,9703d452e114d63396c0ed18,2.049999952316284,1.9904240369796753,-0.05957591533660889,0.05957591533660889
4,723,706e8d524b607c877af33c2e,3.508638381958008,3.647566556930542,0.13892817497253418,0.13892817497253418
4,724,846dfe8d537b7c6c13c47167,1.1799999475479126,1.2426847219467163,0.06268477439880371,0.06268477439880371
4,725,518a95a4f987e60875207012,1.8200000524520874,1.8824023008346558,0.06240224838256836,0.06240224838256836
4,726,62f4528242a51a3ef508c9e3,1.3200000524520874,1.5027058124542236,0.18270576000213623,0.18270576000213623
4,727,b3f547430a6cd07bc6641ee8,0.03999999910593033,0.3271075487136841,0.28710755705833435,0.28710755705833435
4,728,740d7a17ab4d6ac507916048,0.33000001311302185,1.2407023906707764,0.9107023477554321,0.9107023477554321
4,729,6c25ec2eecb04387b4b56324,1.6799999475479126,1.507071614265442,-0.1729283332824707,0.1729283332824707
4,730,f43486d89e34398da6a85b20,0.5899999737739563,0.5767138004302979,-0.013286173343658447,0.013286173343658447
4,731,70b9673e1c4c97e9e72e3af6,1.0222764015197754,1.2157126665115356,0.19343626499176025,0.19343626499176025
4,732,17b457a749d6723570d91635,1.2999999523162842,1.5466161966323853,0.24661624431610107,0.24661624431610107
4,733,20506045c6ca848fbb086978,3.9082226753234863,3.7980597019195557,-0.11016297340393066,0.11016297340393066
4,734,bf7ee1ba79d6d9e28dc14521,2.25,2.4377801418304443,0.18778014183044434,0.18778014183044434
4,735,3adf08d13c6053f7fcec136a,2.950000047683716,2.0276920795440674,-0.9223079681396484,0.9223079681396484
4,736,b60eba252b766c8591913400,2.3299999237060547,0.6084896922111511,-1.7215101718902588,1.7215101718902588
4,737,3570409af372d2d5a5bb000c,1.2200000286102295,0.997810959815979,-0.2221890687942505,0.2221890687942505
4,738,ad64b6a9c7e14d88fe6e8cff,0.5099999904632568,0.28374961018562317,-0.22625038027763367,0.22625038027763367
4,739,309d2c26810b57ceaafbfbd1,1.5700000524520874,1.275633454322815,-0.29436659812927246,0.29436659812927246
4,740,f0e2512b593f3de8f7768725,1.6490416526794434,2.1592726707458496,0.5102310180664062,0.5102310180664062
4,741,b8378644365bf47dd02a5e54,1.309999942779541,2.8401379585266113,1.5301380157470703,1.5301380157470703
4,742,815a933d7d57b47d085ae741,2.1600000858306885,1.9331549406051636,-0.2268451452255249,0.2268451452255249
4,743,c280e5ae814a8d86f93aab91,0.9200000166893005,1.7819010019302368,0.8619009852409363,0.8619009852409363
4,744,e41c021d9fce5d4946902198,0.5600000023841858,0.24760952591896057,-0.3123904764652252,0.3123904764652252
4,745,55768550738b5058a42bca59,1.4700000286102295,1.618554711341858,0.14855468273162842,0.14855468273162842
4,746,7830c5efae06fe097f78ffba,2.200000047683716,1.9682174921035767,-0.23178255558013916,0.23178255558013916
4,747,7c34fca7eba930b0f47db6ac,0.9393021464347839,1.2622578144073486,0.3229556679725647,0.3229556679725647
4,748,958f6693496fd48978a6091a,2.4100000858306885,1.605804681777954,-0.8041954040527344,0.8041954040527344
4,749,bc194d537f5bfe9f6eb93cbd,2.124938726425171,2.1575534343719482,0.032614707946777344,0.032614707946777344
4,750,7e8ba37205813c713b9f5a26,0.3979400098323822,0.28569483757019043,-0.11224517226219177,0.11224517226219177
4,751,bf598eb6e32a1e56321360a2,0.1599999964237213,0.7464662790298462,0.5864663124084473,0.5864663124084473
4,752,48480b1e5aae4f87c02ca8c7,0.7958800196647644,1.6872485876083374,0.891368567943573,0.891368567943573
4,753,eafb543317568425845dfc4e,3.490000009536743,3.4112963676452637,-0.07870364189147949,0.07870364189147949
4,754,3c030ea37bfffc08b4ba33eb,2.180000066757202,2.0877861976623535,-0.09221386909484863,0.09221386909484863
4,755,3dde69d88c6f47ecc2201c3c,0.6020600199699402,1.0514854192733765,0.4494253993034363,0.4494253993034363
4,756,d044830f7d8b2de543559ce9,2.0799999237060547,2.082554817199707,0.0025548934936523438,0.0025548934936523438
4,757,e651c211ff704f385011a14b,2.8419559001922607,3.112421751022339,0.2704658508300781,0.2704658508300781
4,758,c55eee5f8761053ebc2f3f30,1.590000033378601,1.6401935815811157,0.05019354820251465,0.05019354820251465
4,759,55241b044d8384a933a5f0bd,0.5686362385749817,0.2362152636051178,-0.3324209749698639,0.3324209749698639
4,760,551bc8cb057fb6f6c6e13a91,0.25999999046325684,0.8008993864059448,0.540899395942688,0.540899395942688
4,761,dbd42315fd6092712dd96fae,1.5399999618530273,1.6364861726760864,0.09648621082305908,0.09648621082305908
4,762,26f0e1ffcde0ea2a363ac5e5,1.4500000476837158,1.9643839597702026,0.5143839120864868,0.5143839120864868
4,763,be82d08bc5bfcd1be6eccff2,0.508638322353363,0.33857864141464233,-0.1700596809387207,0.1700596809387207
4,764,0c8d5bb18e8e1e09cb72b506,2.069999933242798,1.0911751985549927,-0.9788247346878052,0.9788247346878052
4,765,64dae0b67e207088ae7c3a27,1.9299999475479126,2.216299057006836,0.28629910945892334,0.28629910945892334
4,766,88903d971511f2b47cead0e1,2.990124464035034,3.563854694366455,0.5737302303314209,0.5737302303314209
4,767,0a7a122bb96852a8f4f8e0c0,0.6345120072364807,0.6876202821731567,0.053108274936676025,0.053108274936676025
4,768,4c8e4a3fcb8d14abbbb2a365,1.5100414752960205,1.4410220384597778,-0.06901943683624268,0.06901943683624268
4,769,bd1fe8d6feec2ee96697ee21,0.4893209636211395,0.9159890413284302,0.42666807770729065,0.42666807770729065
4,770,fbac6640e67251648254508e,1.3700000047683716,0.6015333533287048,-0.7684666514396667,0.7684666514396667
4,771,bce0cdf2f445f98230d68010,1.2400000095367432,1.357108473777771,0.11710846424102783,0.11710846424102783
4,772,23e63ad51f3a281d3543dd95,3.9200000762939453,4.488603591918945,0.568603515625,0.568603515625
4,773,164972aedaf63f1c99a58c15,0.9700000286102295,0.8558449745178223,-0.11415505409240723,0.11415505409240723
4,774,d7c45dcad7629e48d5798e3b,1.059999942779541,0.8189843893051147,-0.24101555347442627,0.24101555347442627
4,775,349c3c3e7a2aa2ffd79066a3,3.5100414752960205,2.191654682159424,-1.3183867931365967,1.3183867931365967
4,776,01ab50c34a731bfbb4cbf812,2.910094976425171,2.8590242862701416,-0.0510706901550293,0.0510706901550293
4,777,03823df02194c7837f5c25ef,1.909999966621399,2.0759689807891846,0.16596901416778564,0.16596901416778564
4,778,6b9b3b77ccc969992f948499,0.41999998688697815,0.8899398446083069,0.46993985772132874,0.46993985772132874
4,779,ab5024cc56ab6cfe2a867f28,1.5299999713897705,1.177659511566162,-0.3523404598236084,0.3523404598236084
4,780,105c9f997cd24649f2dce42d,3.431798219680786,3.0907537937164307,-0.34104442596435547,0.34104442596435547
4,781,73bcc826f44b5011bf5a6df0,2.3625102043151855,2.3163912296295166,-0.046118974685668945,0.046118974685668945
4,782,6aff4780a8235f6c1163b8ac,1.0399999618530273,1.1128500699996948,0.07285010814666748,0.07285010814666748
4,783,b608136a13175c4338ad311e,2.06701922416687,1.7942496538162231,-0.272769570350647,0.272769570350647
4,784,fc478ededd6b34ebb640f890,1.235824465751648,1.2813738584518433,0.04554939270019531,0.04554939270019531
4,785,7f26e711f81146c744da629d,1.2000000476837158,1.694511890411377,0.49451184272766113,0.49451184272766113
4,786,084e35325ff4db54e24dc9ec,3.9586071968078613,3.798823595046997,-0.15978360176086426,0.15978360176086426
4,787,3b3082b5c3b0ddac8ca9943d,0.47999998927116394,0.7547072172164917,0.27470722794532776,0.27470722794532776
4,788,2885bbf30357367e142eaef5,2.6700000762939453,3.1055381298065186,0.43553805351257324,0.43553805351257324
4,789,b38e0db7fff1f36cde216c3a,1.3899999856948853,2.3499224185943604,0.9599224328994751,0.9599224328994751
4,790,aeddfb7490263e95bb435a5b,1.8300000429153442,1.7522631883621216,-0.07773685455322266,0.07773685455322266
4,791,4a9a6e375bd8fb4b2cba23d6,3.477121353149414,2.7123606204986572,-0.7647607326507568,0.7647607326507568
4,792,3281aa95b94af4e01c14e2f7,1.0199999809265137,1.0396934747695923,0.019693493843078613,0.019693493843078613
4,793,2499d566c31234533721b6ba,1.2599999904632568,1.299209475517273,0.03920948505401611,0.03920948505401611
4,794,2a12ddc11662071b754cb889,3.0,3.8703408241271973,0.8703408241271973,0.8703408241271973
4,795,b2db4a1e9509dbff5af373b7,0.8500000238418579,0.6476309895515442,-0.20236903429031372,0.20236903429031372
4,796,861cc195334148ebd8a54c62,3.7212464809417725,2.5944643020629883,-1.1267821788787842,1.1267821788787842
4,797,28d350c22fbe2480220b6826,0.019999999552965164,0.10527672618627548,0.08527672290802002,0.08527672290802002
4,798,1e6a742e1de862593c766967,1.1200000047683716,1.189584493637085,0.06958448886871338,0.06958448886871338
4,799,d5dcb8f69f1e488a71d68b15,1.8300000429153442,3.122133493423462,1.2921334505081177,1.2921334505081177
4,800,9ed4a3276a177c8080221fd3,1.4814860820770264,1.7412196397781372,0.25973355770111084,0.25973355770111084
4,801,53786c153f979abc44b4c275,1.350000023841858,1.785143256187439,0.43514323234558105,0.43514323234558105
4,802,4dc8d7434de2303d551b73e1,2.073657512664795,1.7283504009246826,-0.3453071117401123,0.3453071117401123
4,803,5a6715c1744624a442f5d004,2.25,2.3810579776763916,0.1310579776763916,0.1310579776763916
4,804,7cebb1410dc6c85f68223c9b,2.096909999847412,2.031585693359375,-0.06532430648803711,0.06532430648803711
4,805,d91f9cf6df3b92e58bf3743b,0.9599999785423279,1.3170510530471802,0.3570510745048523,0.3570510745048523
4,806,f9d2d9df56292a6f3bc9830a,2.069999933242798,1.8248525857925415,-0.24514734745025635,0.24514734745025635
4,807,114b7f8cb9040cf1be26c880,1.5499999523162842,1.3442074060440063,-0.20579254627227783,0.20579254627227783
4,808,68fd1dd40c8f072a441e2b50,3.1191864013671875,3.46655011177063,0.3473637104034424,0.3473637104034424
4,809,57f6430b43eff1c622798f03,0.7400000095367432,0.42493951320648193,-0.31506049633026123,0.31506049633026123
4,810,45ac7c3071dc814e39da1b81,2.049999952316284,1.6550023555755615,-0.39499759674072266,0.39499759674072266
4,811,3c6d8382d6bddc706860a202,0.7799999713897705,1.461325764656067,0.6813257932662964,0.6813257932662964
4,812,000ca7bd9631e51d1d253699,2.0,2.0790648460388184,0.07906484603881836,0.07906484603881836
4,813,bcb9322d14895e58b95250ab,0.9599999785423279,1.1874489784240723,0.22744899988174438,0.22744899988174438
4,814,ec1fb43082ec3af9462db3de,1.2699999809265137,1.037776231765747,-0.2322237491607666,0.2322237491607666
4,815,9c71e37fe37de69509ea937e,0.8399999737739563,0.7919314503669739,-0.04806852340698242,0.04806852340698242
4,816,d29defe75c7ed3e393ab2e77,2.0399999618530273,2.1767356395721436,0.1367356777191162,0.1367356777191162
4,817,692789c61acb5f001ed0e468,2.3767507076263428,2.05820631980896,-0.3185443878173828,0.3185443878173828
4,818,ff606be15f042191c578ee31,0.6200000047683716,0.761638343334198,0.14163833856582642,0.14163833856582642
4,819,3a07fae7a67b89cccb484a76,0.18000000715255737,0.4954690933227539,0.31546908617019653,0.31546908617019653
4,820,19d7af427223d071532777f8,0.9200000166893005,1.0501501560211182,0.13015013933181763,0.13015013933181763
4,821,307d4bb233188e608901858e,2.2699999809265137,2.5699899196624756,0.2999899387359619,0.2999899387359619
4,822,865a33e28e0f67fd9b37988c,0.7699999809265137,0.6704221367835999,-0.09957784414291382,0.09957784414291382
4,823,85a11578d26229b8f911f479,-0.14612802863121033,-0.04070666804909706,0.10542136430740356,0.10542136430740356
4,824,02c8f4766c86421ac531f8af,1.5700000524520874,1.620729923248291,0.05072987079620361,0.05072987079620361
4,825,1a36f4d48de26951f851c66a,0.9599999785423279,0.6798398494720459,-0.280160129070282,0.280160129070282
4,826,f53312975a815f1c75b2a83b,1.8899999856948853,1.8287593126296997,-0.06124067306518555,0.06124067306518555
4,827,ffff838c49e0325236612273,0.8399999737739563,1.2019844055175781,0.3619844317436218,0.3619844317436218
4,828,76e717ff45938a4f49a43088,0.3979400098323822,0.3437923491001129,-0.05414766073226929,0.05414766073226929
4,829,002f4a1487b3c7babfbd27fd,4.298431873321533,4.350986957550049,0.052555084228515625,0.052555084228515625
4,830,d282acb27024c1c440855b6e,2.698970079421997,2.4458086490631104,-0.2531614303588867,0.2531614303588867
4,831,ee3a0d24b708ce89f4df685e,0.5299999713897705,0.4056302309036255,-0.12436974048614502,0.12436974048614502
4,832,72b9031884c61b481b4d4f6f,1.940000057220459,1.8206658363342285,-0.11933422088623047,0.11933422088623047
4,833,f81b07d9107844123f6008cc,2.6800615787506104,2.6621384620666504,-0.01792311668395996,0.01792311668395996
4,834,7c1afd083a8b6e775d575ab3,1.5399999618530273,1.5124728679656982,-0.0275270938873291,0.0275270938873291
4,835,fecd79c4c4d94fcbeb90176b,1.3799999952316284,1.4086037874221802,0.028603792190551758,0.028603792190551758
4,836,a5d28bd121143d43e5022f2e,1.100000023841858,1.202907919883728,0.10290789604187012,0.10290789604187012
4,837,95d197ef8d7f8cb6b8dedb91,1.0700000524520874,1.5166312456130981,0.44663119316101074,0.44663119316101074
4,838,7226a5f286c61f0e71740590,3.598151683807373,3.562263250350952,-0.0358884334564209,0.0358884334564209
4,839,53f4636e6d798db278adfaa4,1.440000057220459,1.2322006225585938,-0.20779943466186523,0.20779943466186523
4,840,d326be8a1204fa63a148d433,1.4900000095367432,0.5900896787643433,-0.8999103307723999,0.8999103307723999
4,841,a5bb22872bc94a83a97682d4,2.2699999809265137,2.2184250354766846,-0.0515749454498291,0.0515749454498291
4,842,6fc2dfda12445fbc8940d9d8,1.8549827337265015,2.069183588027954,0.21420085430145264,0.21420085430145264
4,843,a3f7390688e202d156cef000,1.25,1.8579126596450806,0.6079126596450806,0.6079126596450806
4,844,be35b824134e1a1f3990bb1f,1.0700000524520874,0.5469413995742798,-0.5230586528778076,0.5230586528778076
4,845,eb74b9575ce985cf77430698,0.5299999713897705,0.6060308814048767,0.0760309100151062,0.0760309100151062
4,846,08e121cca11b70534b06be50,2.2596373558044434,2.3793601989746094,0.11972284317016602,0.11972284317016602
4,847,d446555c1c53f4cb5ce92166,3.200000047683716,2.6335225105285645,-0.5664775371551514,0.5664775371551514
4,848,caa4da771ef9f4c3030327e7,2.7367584705352783,2.8261630535125732,0.08940458297729492,0.08940458297729492
4,849,793a82597f4ea2a0f8185338,1.2899999618530273,0.9744389057159424,-0.31556105613708496,0.31556105613708496
4,850,75b5da29783cd7138518ea93,3.1700000762939453,2.995577812194824,-0.1744222640991211,0.1744222640991211
4,851,39ae19d848e06cc07e8b78f1,1.4600000381469727,1.4567970037460327,-0.0032030344009399414,0.0032030344009399414
4,852,d049ee3cd9fb95f60b81b7b0,3.795880079269409,3.6834588050842285,-0.11242127418518066,0.11242127418518066
4,853,a0356647ecf03c016e137416,1.1399999856948853,2.061453104019165,0.9214531183242798,0.9214531183242798
4,854,679e27188a25f2c9c7f1658e,0.5686362385749817,0.2362152636051178,-0.3324209749698639,0.3324209749698639
4,855,5a333e74760cf3a45c7e2deb,0.5883802771568298,1.0604597330093384,0.47207945585250854,0.47207945585250854
4,856,34fd032964dd5ed6413dfd1d,0.36000001430511475,0.7856605648994446,0.42566055059432983,0.42566055059432983
4,857,f7f80e537542a898b267be8d,4.327902317047119,4.098189830780029,-0.22971248626708984,0.22971248626708984
4,858,8223a6d68475ce73a0966b58,1.520987868309021,2.525707960128784,1.0047200918197632,1.0047200918197632
4,859,69a75137f9fbdb198c9838c5,1.2599999904632568,0.6044129133224487,-0.6555870771408081,0.6555870771408081
4,860,688fac309d2b409204d0646c,2.4000000953674316,2.472356081008911,0.07235598564147949,0.07235598564147949
4,861,8a451a251f65b417222066f7,2.505000352859497,2.211843252182007,-0.29315710067749023,0.29315710067749023
4,862,f17187ebdf7524fcfc9d134f,4.819874286651611,4.190685272216797,-0.6291890144348145,0.6291890144348145
4,863,8ae0aa17edf3baeea156f6df,4.3098039627075195,4.1515374183654785,-0.15826654434204102,0.15826654434204102
4,864,325a1aed7b3a67bacdd83807,0.7099999785423279,1.2596514225006104,0.5496514439582825,0.5496514439582825
4,865,1b7bb92dd593e8018f77f51b,2.568636178970337,2.926588296890259,0.3579521179199219,0.3579521179199219
4,866,20191a04f48c1668b5975a14,0.8700000047683716,1.1753419637680054,0.3053419589996338,0.3053419589996338
4,867,cd20ab575f8f09060a6f17e3,1.4299999475479126,1.1294258832931519,-0.30057406425476074,0.30057406425476074
4,868,a233b822c995826fec21dd5d,0.9300000071525574,1.3788552284240723,0.4488552212715149,0.4488552212715149
4,869,d308ff60245e668041c1e831,0.8239087462425232,0.7284623384475708,-0.09544640779495239,0.09544640779495239
4,870,e890277af7f6655d7b4672f9,1.340000033378601,0.8790645599365234,-0.46093547344207764,0.46093547344207764
4,871,3687944b56109621603d59b5,0.9399999976158142,1.7702476978302002,0.830247700214386,0.830247700214386
4,872,27285436c532256eb12ea25a,1.2100000381469727,1.2702851295471191,0.060285091400146484,0.060285091400146484
4,873,110af45e78249bf472d43be4,1.886056661605835,2.3617119789123535,0.47565531730651855,0.47565531730651855
4,874,0e275985308c09c1b8f1e1a8,2.2525882720947266,0.7920435667037964,-1.4605447053909302,1.4605447053909302
4,875,94d0d0da10a9dc693423cbf3,0.027797162532806396,0.5956677794456482,0.5678706169128418,0.5678706169128418
4,876,4f4799570b647d6ca0aa0d42,3.6944336891174316,3.0032618045806885,-0.6911718845367432,0.6911718845367432
4,877,bfa42fb56ad16a51efbad895,0.27000001072883606,0.5724866986274719,0.30248668789863586,0.30248668789863586
4,878,13530dc6021bf0c485afc025,1.2899999618530273,1.7344229221343994,0.44442296028137207,0.44442296028137207
4,879,42117c96ffcbcdcd9e67ce1d,1.7400000095367432,2.048729181289673,0.3087291717529297,0.3087291717529297
4,880,2db1598c1b19472a5a25d6b1,2.1804561614990234,1.9274176359176636,-0.25303852558135986,0.25303852558135986
4,881,c72ea56829827af9219c963c,2.200000047683716,2.014145612716675,-0.18585443496704102,0.18585443496704102
4,882,f58857e2731ad8493dda3311,3.221848726272583,2.701463222503662,-0.5203855037689209,0.5203855037689209
4,883,1198e38318a023a470c9ce22,2.619999885559082,2.3008406162261963,-0.31915926933288574,0.31915926933288574
4,884,fb91f3551bd6719299426e63,1.059999942779541,1.8593333959579468,0.7993334531784058,0.7993334531784058
4,885,f8fea7e92be17c40786b09c5,3.823908805847168,3.4053456783294678,-0.4185631275177002,0.4185631275177002
4,886,2c7644cbaf331628791e2787,1.1917890310287476,1.0589231252670288,-0.13286590576171875,0.13286590576171875
4,887,edc2c5a12691f8978e8a2450,0.8538719415664673,0.9564675092697144,0.10259556770324707,0.10259556770324707
4,888,d98dec74ee51ef5043027320,2.3372421264648438,4.721221446990967,2.383979320526123,2.383979320526123
4,889,2f516a88491f910eec949887,1.399999976158142,1.055057168006897,-0.3449428081512451,0.3449428081512451
4,890,14c15db8326831e0d498a838,2.0975897312164307,0.45961761474609375,-1.637972116470337,1.637972116470337
4,891,17d0968c4f2f2325a2de318e,0.3700000047683716,1.30166757106781,0.9316675662994385,0.9316675662994385
4,892,7340ba00a99f7451f77d8483,0.7900000214576721,0.952567458152771,0.16256743669509888,0.16256743669509888
4,893,769174a52d548e93725d814c,3.070019483566284,3.287426710128784,0.2174072265625,0.2174072265625
4,894,8e7d87a424db07b1301776fc,1.1100000143051147,0.6426130533218384,-0.46738696098327637,0.46738696098327637
4,895,6a94eb7a6002319c8718efd7,2.450016498565674,2.48542857170105,0.03541207313537598,0.03541207313537598
4,896,cf95c26f35f752c9ab6625e9,1.9900000095367432,1.5684267282485962,-0.421573281288147,0.421573281288147
4,897,2cc4a092a006e29689fa3961,0.8999999761581421,0.6612005233764648,-0.23879945278167725,0.23879945278167725
4,898,eff3b5eaf82a4080dc3c0fd9,3.548213481903076,2.752136468887329,-0.7960770130157471,0.7960770130157471
4,899,773c166bde5225e1bf0c372e,4.92081880569458,4.516631126403809,-0.4041876792907715,0.4041876792907715
4,900,9fa53b8ffc7722eed1e81c74,2.6575772762298584,3.788688898086548,1.1311116218566895,1.1311116218566895
4,901,93138aedbd73dd895963d348,1.190000057220459,1.8043560981750488,0.6143560409545898,0.6143560409545898
4,902,c4270517118dfa5783d15336,0.8399999737739563,0.8598345518112183,0.019834578037261963,0.019834578037261963
4,903,a755ccfacd75f2c192027be6,1.599980354309082,1.6121646165847778,0.0121842622756958,0.0121842622756958
4,904,58797d9f66194edc49410fd9,1.045757532119751,0.7392969131469727,-0.3064606189727783,0.3064606189727783
4,905,e71b87412c2a7275da54ae4c,0.5,0.8596357703208923,0.35963577032089233,0.35963577032089233
4,906,a51597b3721040f4c9b74486,1.6299999952316284,1.8098276853561401,0.17982769012451172,0.17982769012451172
4,907,265985000c24c7a0fe02a92b,2.207608222961426,2.152355670928955,-0.0552525520324707,0.0552525520324707
4,908,6b4805174bfe4444c9f683e3,2.2300000190734863,1.4109808206558228,-0.8190191984176636,0.8190191984176636
4,909,9bf56bbfa9443fef46df48c3,3.2867891788482666,2.9652369022369385,-0.3215522766113281,0.3215522766113281
4,910,3230ed66c832b03c1a1d7253,1.0499999523162842,0.7244366407394409,-0.32556331157684326,0.32556331157684326
4,911,733918f3693235a9fecac82f,2.88008451461792,2.427696466445923,-0.45238804817199707,0.45238804817199707
4,912,5a3873057329d0fe5c73dc4f,0.46000000834465027,0.7168293595314026,0.2568293511867523,0.2568293511867523
4,913,095efc0ae8da6736a4e9874a,2.9412786960601807,2.7613770961761475,-0.1799015998840332,0.1799015998840332
4,914,dd8c6d8e052e1d8298410a2a,0.2907300293445587,0.3210293650627136,0.030299335718154907,0.030299335718154907
4,915,49a50783cdb86c06d943da61,3.32790207862854,3.9204165935516357,0.5925145149230957,0.5925145149230957
4,916,80a103345794e1fe193a1670,2.119999885559082,2.42602276802063,0.30602288246154785,0.30602288246154785
4,917,7a14fde295eaa9f806ccc28c,2.770890951156616,3.2153611183166504,0.4444701671600342,0.4444701671600342
4,918,56c7475cf343521d6c731e35,1.7699999809265137,2.9824187755584717,1.212418794631958,1.212418794631958
4,919,ecae9a2685303bb7ea003286,2.7695510387420654,2.772221326828003,0.0026702880859375,0.0026702880859375
4,920,38d08a414a83bb5826bf94a1,0.6299999952316284,1.0690652132034302,0.43906521797180176,0.43906521797180176
4,921,ee42603c541b36205d389ada,5.958607196807861,3.5406596660614014,-2.41794753074646,2.41794753074646
4,922,401d23a4dd9b30d5b4c55fb5,2.1475162506103516,2.306756019592285,0.1592397689819336,0.1592397689819336
4,923,7584f41d7af6472efa657eb4,1.7000000476837158,1.265300989151001,-0.43469905853271484,0.43469905853271484
4,924,1701f62cb33071424f996923,2.3372421264648438,2.516913414001465,0.1796712875366211,0.1796712875366211
4,925,f1cde8807eb1c605ba154f68,2.8336684703826904,3.167163372039795,0.3334949016571045,0.3334949016571045
4,926,0e237562b37d3dc34e9a7b97,1.899999976158142,2.4886891841888428,0.5886892080307007,0.5886892080307007
4,927,b628cbdf885f0861438d6802,3.602060079574585,3.1919009685516357,-0.4101591110229492,0.4101591110229492
4,928,021107770400f525a31e6563,0.5299999713897705,0.8589052557945251,0.32890528440475464,0.32890528440475464
4,929,61464c56c59ff22c2e7f881b,0.9100000262260437,1.2981187105178833,0.3881186842918396,0.3881186842918396
4,930,69570b37c36b2c9420685a45,3.045757532119751,2.5618157386779785,-0.48394179344177246,0.48394179344177246
4,931,c600c2b7b7a5acbae91143cb,1.5099999904632568,1.6558153629302979,0.14581537246704102,0.14581537246704102
4,932,d54198b82629bea376a49900,1.809999942779541,1.5651942491531372,-0.2448056936264038,0.2448056936264038
4,933,c972227fe7b89295fd050c85,1.3300000429153442,2.033517599105835,0.7035175561904907,0.7035175561904907
4,934,54388d74d36325fe55cc25d8,4.268411159515381,4.067935466766357,-0.20047569274902344,0.20047569274902344
4,935,8ebe2b3b7c79a5b6caddae46,1.6299999952316284,1.728986144065857,0.09898614883422852,0.09898614883422852
4,936,92ab4ebd4633c4a289c0ca2a,1.600000023841858,1.2893542051315308,-0.31064581871032715,0.31064581871032715
4,937,39877d011dcb0521d4cbc6c5,3.759999990463257,3.6623833179473877,-0.09761667251586914,0.09761667251586914
4,938,3fd751b9e1f16681f077cf18,2.4700000286102295,2.1309123039245605,-0.33908772468566895,0.33908772468566895
4,939,2180b46bc5ebef8d834ab1a0,1.5,2.099694013595581,0.599694013595581,0.599694013595581
4,940,6544eb59a1b8ac71b19ac86e,1.5399999618530273,1.476319670677185,-0.06368029117584229,0.06368029117584229
4,941,53600e31b67ea97dc1f11cec,1.2695510387420654,1.962685227394104,0.6931341886520386,0.6931341886520386
4,942,2e32b971c755b9c9e4d9ab09,0.550000011920929,0.04056601971387863,-0.5094339847564697,0.5094339847564697
4,943,bf8d6371becc32960ac2b9e5,0.07572071254253387,0.1023157462477684,0.026595033705234528,0.026595033705234528
4,944,5863bac4ff791ec778ce03b3,1.6200000047683716,1.1413832902908325,-0.47861671447753906,0.47861671447753906
4,945,fc0e4aab40a5b5eab4f458fd,0.8500000238418579,0.5214930772781372,-0.3285069465637207,0.3285069465637207
4,946,e89eb2bf187689aeb25f6d8a,1.5199999809265137,1.7942519187927246,0.27425193786621094,0.27425193786621094
4,947,07752d2c3fbd6e5c83b31711,3.1487417221069336,2.812613010406494,-0.33612871170043945,0.33612871170043945
4,948,4713801da0e3895ead7e420c,1.9600000381469727,2.337529420852661,0.3775293827056885,0.3775293827056885
4,949,8fe93fe1608c17053ecce2fc,0.9599999785423279,1.1444748640060425,0.1844748854637146,0.1844748854637146
4,950,dbb18fb174e87b9194c1f8fd,2.794119358062744,1.1308830976486206,-1.6632362604141235,1.6632362604141235
4,951,c6e956059c283aa392b61bc7,1.5099999904632568,1.5798765420913696,0.06987655162811279,0.06987655162811279
4,952,757f0e6944054f79ef6ae332,1.5423001050949097,1.7195383310317993,0.17723822593688965,0.17723822593688965
4,953,0e84394d112886b38c6a21ef,0.8569852113723755,0.9571666717529297,0.1001814603805542,0.1001814603805542
4,954,8dccbec260f8dec51169f8fe,0.9586073160171509,1.3719156980514526,0.41330838203430176,0.41330838203430176
4,955,db5e7915f54c03bbd750db44,2.4800000190734863,2.938269853591919,0.4582698345184326,0.4582698345184326
4,956,d3f326e8c8e00ec59b56124f,2.898653984069824,2.7468183040618896,-0.15183568000793457,0.15183568000793457
4,957,49e9e65621bffbdbbb657355,1.3700000047683716,1.5300415754318237,0.16004157066345215,0.16004157066345215
4,958,7b154428483749420cb914b5,2.8210229873657227,2.5965068340301514,-0.2245161533355713,0.2245161533355713
4,959,11c3517241c01b71a99050cd,2.583359479904175,2.5435588359832764,-0.03980064392089844,0.03980064392089844
4,960,e855b241186214cdcb785414,2.325016736984253,2.166010618209839,-0.15900611877441406,0.15900611877441406
4,961,2a58a2c89e77893f6ad50540,1.3429441452026367,1.0088199377059937,-0.33412420749664307,0.33412420749664307
4,962,4fdd262a17dc261fa199a3e7,0.8199999928474426,1.1480218172073364,0.3280218243598938,0.3280218243598938
4,963,bce20a2b2b28d5b8100fa33b,2.2644011974334717,2.325467824935913,0.061066627502441406,0.061066627502441406
4,964,9e7a01758d9726370224a410,0.27000001072883606,1.316249132156372,1.0462491512298584,1.0462491512298584
4,965,8529a0d054dee0f66b405376,1.5,1.3289015293121338,-0.1710984706878662,0.1710984706878662
4,966,e51ec347768207a53db063d0,3.552841901779175,3.5342166423797607,-0.018625259399414062,0.018625259399414062
4,967,82c35418ab5a598da9f9fc7c,1.0700000524520874,1.7662044763565063,0.696204423904419,0.696204423904419
4,968,b5bbfbbc498d268e9e8142a8,3.6003262996673584,3.4818947315216064,-0.11843156814575195,0.11843156814575195
4,969,fff00626fc2af9061a35b35a,1.5800000429153442,1.554447054862976,-0.025552988052368164,0.025552988052368164
4,970,e5ed43e16841fa801917e0cd,2.7784698009490967,2.7510573863983154,-0.02741241455078125,0.02741241455078125
4,971,9a7c2db75a84208db469bc48,2.0399999618530273,1.8453830480575562,-0.1946169137954712,0.1946169137954712
4,972,0a84070b0313208731a71360,0.3700000047683716,1.5055431127548218,1.1355431079864502,1.1355431079864502
4,973,db42fff1ccfce4a4d6b685b3,1.6575772762298584,4.095625400543213,2.4380481243133545,2.4380481243133545
4,974,255b7daa932e1d867d38da80,0.4000000059604645,1.5101999044418335,1.1101999282836914,1.1101999282836914
4,975,7a9436de412cc576c2f94da3,3.0799999237060547,1.1314280033111572,-1.9485719203948975,1.9485719203948975
4,976,8ea8e6a0e757662275516f75,1.0499999523162842,0.842731237411499,-0.20726871490478516,0.20726871490478516
4,977,4ccb1cdfc0389505020ebab3,2.8327155113220215,2.85669207572937,0.023976564407348633,0.023976564407348633
4,978,0f223bb465cfa22b5acc344c,0.7695510983467102,1.0694921016693115,0.2999410033226013,0.2999410033226013
4,979,56eacb3bd0a9808b28bb503d,1.059999942779541,1.8394935131072998,0.7794935703277588,0.7794935703277588
4,980,a62614ea74d81abf8a7a2ec9,0.5376020073890686,0.636928915977478,0.09932690858840942,0.09932690858840942
4,981,7da8c89779cc15a19851a37f,3.275724172592163,2.5763559341430664,-0.6993682384490967,0.6993682384490967
4,982,067af6d37b0a6ed9508e3675,2.9000000953674316,2.877537488937378,-0.02246260643005371,0.02246260643005371
4,983,4a86bcf2946da1053c83df83,1.0199999809265137,1.0113383531570435,-0.008661627769470215,0.008661627769470215
4,984,c930a48282d059591e2d1a32,2.869666337966919,1.4124325513839722,-1.4572337865829468,1.4572337865829468
4,985,3be530a42fbe8b96a9f37af3,2.886056661605835,2.721670389175415,-0.16438627243041992,0.16438627243041992
4,986,66144cd7e8d28b57d67bbd83,0.8700000047683716,0.9510484933853149,0.08104848861694336,0.08104848861694336
4,987,e296e4ac8d737c18430b51f6,0.7099999785423279,0.3628077208995819,-0.34719225764274597,0.34719225764274597
4,988,eb42c41392ec5fa37ba3f732,2.130000114440918,1.4667646884918213,-0.6632354259490967,0.6632354259490967
4,989,468f433d2affab93e9f39257,2.0809218883514404,1.5335248708724976,-0.5473970174789429,0.5473970174789429
4,990,7b2014336c4902e0a41213e3,5.0809221267700195,2.9824187755584717,-2.098503351211548,2.098503351211548
4,991,9f2dd29ea6da7569f1648a0a,3.119999885559082,3.004753589630127,-0.11524629592895508,0.11524629592895508
4,992,520b3c226bab709d7ebd6068,2.1752235889434814,1.9253226518630981,-0.2499009370803833,0.2499009370803833
4,993,c95f4de245f14188bba6b169,1.6200000047683716,2.0247642993927,0.4047642946243286,0.4047642946243286
4,994,423a34329cfbf7b6e4a6c1d7,0.8999999761581421,0.7868799567222595,-0.11312001943588257,0.11312001943588257
4,995,6c6253941eba7e894afdfcb9,2.636388063430786,2.8083865642547607,0.1719985008239746,0.1719985008239746
4,996,3a001ae3504199571f955b62,1.0499999523162842,0.9831448793411255,-0.06685507297515869,0.06685507297515869
4,997,32300e39919409063d509b3c,1.0199999809265137,0.8777598738670349,-0.14224010705947876,0.14224010705947876
4,998,d13fa7dca9442c4456a7d226,1.0700000524520874,0.7549577355384827,-0.31504231691360474,0.31504231691360474
4,999,5f767a9296e2283c6f7acb0d,3.7081518173217773,3.310173749923706,-0.3979780673980713,0.3979780673980713
4,1000,c8050f3b801347f64f375325,0.5099999904632568,0.4776421785354614,-0.03235781192779541,0.03235781192779541
4,1001,17981d6a540c279bacb0a8f2,2.2200000286102295,1.575689435005188,-0.6443105936050415,0.6443105936050415
4,1002,6cd4fdbe8b2d396e71cb0b67,3.929962158203125,2.5507524013519287,-1.3792097568511963,1.3792097568511963
4,1003,0d554c04875c805b44c6a31a,1.100000023841858,0.9507063627243042,-0.1492936611175537,0.1492936611175537
4,1004,9b5c4b90ebccd3b2eb62ec3b,1.2999999523162842,1.9123188257217407,0.6123188734054565,0.6123188734054565
4,1005,62fa831e6acad3ea837a7565,1.5199999809265137,1.411091923713684,-0.10890805721282959,0.10890805721282959
4,1006,5572c390a7562bde722bb92a,1.3600000143051147,1.1167656183242798,-0.24323439598083496,0.24323439598083496
4,1007,599509343afa8a4e30ab98b2,1.9900000095367432,1.823580026626587,-0.16641998291015625,0.16641998291015625
4,1008,4d5656c662e67fb9132455a6,0.46000000834465027,0.8563947677612305,0.3963947594165802,0.3963947594165802
4,1009,9b454ebfefe9c9656c9aef09,2.009999990463257,1.6841728687286377,-0.32582712173461914,0.32582712173461914
4,1010,98ac9f73a6cd31d8e45fdaac,2.549999952316284,2.490093946456909,-0.059906005859375,0.059906005859375
4,1011,d1857b17bce800d0d5ddb2f1,0.5699999928474426,1.0609055757522583,0.4909055829048157,0.4909055829048157
4,1012,d9b6730aa93551c608ad04fe,0.4000000059604645,0.2198236882686615,-0.18017631769180298,0.18017631769180298
4,1013,f5f1aa4224a6cc107026e0e3,0.6307841539382935,0.9282677173614502,0.29748356342315674,0.29748356342315674
4,1014,5326e0d20a68ce6af59ea06a,3.2531063556671143,2.8821375370025635,-0.3709688186645508,0.3709688186645508
4,1015,7fb9d0874e666af3214aca3f,4.0,3.9791157245635986,-0.020884275436401367,0.020884275436401367
4,1016,d01613d611972153cca73caf,0.9546770453453064,0.9758974313735962,0.021220386028289795,0.021220386028289795
4,1017,bc3743ecabf71a0419204d62,0.6399999856948853,0.511687159538269,-0.1283128261566162,0.1283128261566162
4,1018,7245dd426358ddbc044bb264,0.8600000143051147,0.8739529252052307,0.013952910900115967,0.013952910900115967
4,1019,30b8b96248d960b66652c475,2.968151330947876,2.930255651473999,-0.03789567947387695,0.03789567947387695
4,1020,bf79dd6dc1a1cbd57c8930e1,3.7100000381469727,3.310173749923706,-0.3998262882232666,0.3998262882232666
4,1021,059dbab7aa82b3d9d10acf79,2.440000057220459,2.146890640258789,-0.2931094169616699,0.2931094169616699
4,1022,8b8b9cd550b53ad8200eb920,2.009999990463257,0.7424867153167725,-1.2675132751464844,1.2675132751464844
4,1023,415a17936feed373dd14bf92,2.2494916915893555,1.9988023042678833,-0.25068938732147217,0.25068938732147217
4,1024,5f0da78aefc477092f969fe4,1.4900000095367432,0.9516994953155518,-0.5383005142211914,0.5383005142211914
4,1025,9ff9492e95d6ce9ee5cd382f,2.450000047683716,2.09421968460083,-0.35578036308288574,0.35578036308288574
4,1026,26bfe3559e01e470bd2f1428,3.2728748321533203,2.8272833824157715,-0.44559144973754883,0.44559144973754883
4,1027,4e3cc2a0d2e58fe2d8e3aeaf,3.3004887104034424,3.7980597019195557,0.4975709915161133,0.4975709915161133
4,1028,165fb974514fb8c7589790cf,0.7471469640731812,1.3752964735031128,0.6281495094299316,0.6281495094299316
4,1029,37a3761220bee3ffaab53ed5,2.6700937747955322,3.0227572917938232,0.352663516998291,0.352663516998291
4,1030,6c2f5e9460e6b3b65b311cd2,0.10999999940395355,0.4711233377456665,0.36112332344055176,0.36112332344055176
4,1031,caca21213d597693aac10b83,2.9788107872009277,3.0189032554626465,0.04009246826171875,0.04009246826171875
4,1032,65976e436d6d03759b3df234,1.2999999523162842,1.0163110494613647,-0.28368890285491943,0.28368890285491943
4,1033,e9228b07b93d8f7b3b3b4e35,2.190000057220459,1.881188988685608,-0.3088110685348511,0.3088110685348511
4,1034,010b8ae2725d42f3e23b08f6,2.665546178817749,2.7690513134002686,0.10350513458251953,0.10350513458251953
4,1035,c80911e1f50376eef5929541,2.0199999809265137,1.7332758903503418,-0.2867240905761719,0.2867240905761719
4,1036,b0fcb04f23faf828473a4de5,1.1299999952316284,1.0659390687942505,-0.06406092643737793,0.06406092643737793
4,1037,56620c84effd3fcffce99e58,1.7400000095367432,1.7718387842178345,0.03183877468109131,0.03183877468109131
4,1038,3cc3683c9673ca2f025127a2,1.1699999570846558,0.9680862426757812,-0.2019137144088745,0.2019137144088745
4,1039,f1cbf496f16c6fc02ba08737,0.7300000190734863,0.9599984884262085,0.22999846935272217,0.22999846935272217
4,1040,91615db61efdb59c94bce317,2.619999885559082,2.8786869049072266,0.25868701934814453,0.25868701934814453
4,1041,5cb6078b7f73f93a217cdf0d,1.4700000286102295,0.6876132488250732,-0.7823867797851562,0.7823867797851562
4,1042,9ab98a7476878bbeed2a04b8,0.3400000035762787,1.3238552808761597,0.9838552474975586,0.9838552474975586
4,1043,72a3e835cc255e1d4b8282bc,2.238447904586792,3.4357922077178955,1.1973443031311035,1.1973443031311035
4,1044,ca1f209cbb0d1e34aa770704,2.7367584705352783,2.5240046977996826,-0.2127537727355957,0.2127537727355957
4,1045,033612ebf5bbc6bad4b819df,1.628731608390808,1.6975475549697876,0.06881594657897949,0.06881594657897949
4,1046,c014f20298e15bb8354dad05,0.7300000190734863,0.9246466159820557,0.19464659690856934,0.19464659690856934
4,1047,e7b66cd4ca8e566b78f57f66,1.1299999952316284,1.2735458612442017,0.14354586601257324,0.14354586601257324
4,1048,796f488f4818bcd9b3b04f5d,1.6299999952316284,1.0608066320419312,-0.5691933631896973,0.5691933631896973
4,1049,d20d4513227c783671f16ab3,5.318758964538574,2.6128809452056885,-2.7058780193328857,2.7058780193328857
4,1050,1376f14c1d7fd245b501c3fc,1.7799999713897705,2.189142942428589,0.40914297103881836,0.40914297103881836
4,1051,c2ea7b4042b5b4931ac1e012,2.869999885559082,2.977555990219116,0.10755610466003418,0.10755610466003418
4,1052,08a7904c2dffeff4b9401bcd,2.4202163219451904,2.6821444034576416,0.26192808151245117,0.26192808151245117
4,1053,2bdc53f0bdab599b7c775aa0,3.1432712078094482,2.895343780517578,-0.24792742729187012,0.24792742729187012
4,1054,fa22500d6f897aa2438d2ac7,1.350000023841858,1.479178547859192,0.12917852401733398,0.12917852401733398
4,1055,2092e15c686fda3feb32e0dd,0.9200000166893005,1.0868841409683228,0.16688412427902222,0.16688412427902222
4,1056,ab9a1b59f2aeef0e08e69b64,2.698970079421997,2.4880309104919434,-0.2109391689300537,0.2109391689300537
4,1057,47c19391de13917f19d0c825,3.8499999046325684,3.77036452293396,-0.0796353816986084,0.0796353816986084
4,1058,1b9160f6c95d837803c1aa1b,2.6600000858306885,2.3990261554718018,-0.2609739303588867,0.2609739303588867
4,1059,62508c0b4cfb56e7a86a32dc,0.7099999785423279,0.6816893815994263,-0.02831059694290161,0.02831059694290161
4,1060,a86acd22b7c9f729ccc725b2,3.4134128093719482,2.3694698810577393,-1.043942928314209,1.043942928314209
4,1061,058d7b605cd51fe4ee5634f5,1.590000033378601,1.9424947500228882,0.3524947166442871,0.3524947166442871
4,1062,d432fa7c9dbe1b00df89ede6,3.430000066757202,2.9806578159332275,-0.4493422508239746,0.4493422508239746
4,1063,35710d3b61ff0e9bdd78f895,0.949999988079071,0.863954484462738,-0.08604550361633301,0.08604550361633301
4,1064,bb610e67d6178e9f869b160e,0.6000000238418579,0.8627340793609619,0.262734055519104,0.262734055519104
4,1065,0d372d77695e467af4ecd116,2.904017448425293,2.868680000305176,-0.03533744812011719,0.03533744812011719
4,1066,494a6150002472eca0b3da97,2.32790207862854,2.821030855178833,0.49312877655029297,0.49312877655029297
4,1067,3a71c207739c360f37dcc271,0.5451551675796509,2.0220987796783447,1.4769436120986938,1.4769436120986938
4,1068,b675ab0c2f88f10f02b67e06,2.009999990463257,1.3806874752044678,-0.6293125152587891,0.6293125152587891
4,1069,417623e921c0c1d9a892a5a2,2.25,2.2570722103118896,0.0070722103118896484,0.0070722103118896484
4,1070,205c77b2140330d181dee902,1.6200000047683716,1.7529127597808838,0.1329127550125122,0.1329127550125122
4,1071,8d5137546cab165d72eb197a,1.4900000095367432,1.409698724746704,-0.08030128479003906,0.08030128479003906
4,1072,d416681a5c8e91d3d0aee163,2.809999942779541,1.234082818031311,-1.57591712474823,1.57591712474823
4,1073,49bb38f7ab3d29fe52efaa03,4.2924299240112305,4.249073028564453,-0.043356895446777344,0.043356895446777344
4,1074,d48a8b128f5b23336a53d270,0.3199999928474426,1.0726933479309082,0.7526933550834656,0.7526933550834656
4,1075,61a7f382ee84a7316fad067f,1.4900000095367432,1.678694486618042,0.18869447708129883,0.18869447708129883
4,1076,1283ad69717deb5b962ca08d,3.585026741027832,3.6284940242767334,0.04346728324890137,0.04346728324890137
4,1077,3cf347e46d9141b5c1275201,1.6799999475479126,1.7774161100387573,0.09741616249084473,0.09741616249084473
4,1078,724a1f56d664b097d66855e9,0.4699999988079071,0.4114809036254883,-0.05851909518241882,0.05851909518241882
4,1079,3c661bb0be1050cfe5d8d0db,2.509999990463257,1.8932162523269653,-0.6167837381362915,0.6167837381362915
4,1080,d1aed54bba74cf4969eb5b8b,6.192464828491211,4.809566020965576,-1.3828988075256348,1.3828988075256348
4,1081,639f4eb91ee6e3a662de2d51,0.8538719415664673,0.45905035734176636,-0.3948215842247009,0.3948215842247009
4,1082,328f653cf56993ba2b4908e3,0.75,0.6046347618103027,-0.14536523818969727,0.14536523818969727
4,1083,db1fb5d0ad72bb1a4be50803,0.6399999856948853,0.7930899262428284,0.15308994054794312,0.15308994054794312
4,1084,c85593fc8aea7ae2608620e8,1.2100000381469727,0.7622081637382507,-0.4477918744087219,0.4477918744087219
4,1085,4f9dd62c773d83ac069c1d3b,1.4600000381469727,1.1746652126312256,-0.28533482551574707,0.28533482551574707
4,1086,7d4fe20817809365bdbb69f1,2.240000009536743,2.1655726432800293,-0.07442736625671387,0.07442736625671387
4,1087,89e219ced49c142ce0fb649f,2.1700000762939453,2.6490776538848877,0.4790775775909424,0.4790775775909424
4,1088,382fe67b66021fd7efe6877f,1.7899999618530273,1.6135534048080444,-0.1764465570449829,0.1764465570449829
4,1089,df8e6a69b078443b5c807d64,0.36754271388053894,2.139025926589966,1.7714831829071045,1.7714831829071045
5,0,ee0128b6d54c20fd3bfba618,0.3199999928474426,1.5467785596847534,1.226778507232666,1.226778507232666
5,1,0a0e7e759d9efcaabbdbc93a,2.0799999237060547,1.9605515003204346,-0.11944842338562012,0.11944842338562012
5,2,25be90d928fe8accc0cac17e,0.11999999731779099,1.0962694883346558,0.9762694835662842,0.9762694835662842
5,3,b30b996575716c0843c86ea3,1.6020599603652954,1.940554141998291,0.3384941816329956,0.3384941816329956
5,4,5cf6e98b409129a0753642f8,1.5099999904632568,2.2196662425994873,0.7096662521362305,0.7096662521362305
5,5,d192f78a4ba4f8abd9d305af,1.100000023841858,0.819390594959259,-0.2806094288825989,0.2806094288825989
5,6,40c5aaa354466304a4f8539a,3.619788646697998,4.14646053314209,0.5266718864440918,0.5266718864440918
5,7,8daf19942a99ff4d9686066d,2.0999999046325684,1.6370716094970703,-0.46292829513549805,0.46292829513549805
5,8,01b2f4eb4caf2c46e988a968,2.562685489654541,2.507807493209839,-0.05487799644470215,0.05487799644470215
5,9,c12a5ae48a712a0cc0b892b7,1.4700000286102295,1.6773686408996582,0.2073686122894287,0.2073686122894287
5,10,d585f8d205f15d70c24cc928,0.6989700198173523,0.7673884034156799,0.06841838359832764,0.06841838359832764
5,11,e2235199d44af46413fe0034,0.8299999833106995,1.3139750957489014,0.4839751124382019,0.4839751124382019
5,12,8ae0aa17edf3baeea156f6df,4.3098039627075195,4.360550403594971,0.05074644088745117,0.05074644088745117
5,13,a82ba47f67b08a1373174bd1,0.8805241584777832,1.947962999343872,1.0674388408660889,1.0674388408660889
5,14,501dc72d2b30470ed80dcab8,0.9200000166893005,1.9543788433074951,1.0343787670135498,1.0343787670135498
5,15,fa5cace02a4351cce418aab4,2.950000047683716,2.1752471923828125,-0.7747528553009033,0.7747528553009033
5,16,a3ebb4d9e32343271cdadf85,0.3799999952316284,1.3177309036254883,0.9377309083938599,0.9377309083938599
5,17,551bc8cb057fb6f6c6e13a91,0.25999999046325684,0.8051080107688904,0.5451080203056335,0.5451080203056335
5,18,528b5aeb07a66fa2ead5d62a,0.47999998927116394,0.24707607924938202,-0.23292391002178192,0.23292391002178192
5,19,00feebcca616059a014d9621,3.069999933242798,4.001072406768799,0.931072473526001,0.931072473526001
5,20,49f6881a6c83e8695aaa09da,1.9089354276657104,1.7519476413726807,-0.15698778629302979,0.15698778629302979
5,21,7d4947cf3738892e95c9ea24,3.886056661605835,4.2956953048706055,0.4096386432647705,0.4096386432647705
5,22,a73f993c9cd3a2c9bdbdafba,1.9600000381469727,1.5800323486328125,-0.37996768951416016,0.37996768951416016
5,23,acbf533c9903742f9f48a724,1.6100000143051147,1.298553228378296,-0.31144678592681885,0.31144678592681885
5,24,91cc5c60d01c76062e9ccd74,1.4900000095367432,2.4163858890533447,0.9263858795166016,0.9263858795166016
5,25,bbd303b69f571a94e4218b25,3.1349618434906006,2.758995294570923,-0.37596654891967773,0.37596654891967773
5,26,294da87687b3eca1f267ab84,0.7599999904632568,2.107553243637085,1.3475532531738281,1.3475532531738281
5,27,de10e75a74021b9e2339906e,0.6700000166893005,0.7363514304161072,0.06635141372680664,0.06635141372680664
5,28,18dc4e725f6a62e05476d9fc,1.2596373558044434,0.6927247047424316,-0.5669126510620117,0.5669126510620117
5,29,4f1981b89380909954a7c8ce,1.8759524822235107,3.503136396408081,1.6271839141845703,1.6271839141845703
5,30,a21c49c17be06f32ae3f11e5,0.9900000095367432,0.5904830098152161,-0.3995169997215271,0.3995169997215271
5,31,a3131c1dc374ccbf045bee30,4.585026741027832,4.508932113647461,-0.0760946273803711,0.0760946273803711
5,32,5326e0d20a68ce6af59ea06a,3.2531063556671143,3.176879644393921,-0.07622671127319336,0.07622671127319336
5,33,b5078f964a94625f17d77c1b,1.0800000429153442,1.4633474349975586,0.38334739208221436,0.38334739208221436
5,34,c4270517118dfa5783d15336,0.8399999737739563,0.8857873678207397,0.04578739404678345,0.04578739404678345
5,35,11fee56b1780e173d8cfd68d,3.140000104904175,2.6606247425079346,-0.47937536239624023,0.47937536239624023
5,36,4b3c8732a2b6686888db5ec2,0.699999988079071,0.7196163535118103,0.019616365432739258,0.019616365432739258
5,37,f81b07d9107844123f6008cc,2.6800615787506104,2.6009061336517334,-0.07915544509887695,0.07915544509887695
5,38,15d09d7fa7bd2acd34027caf,1.809999942779541,1.6854419708251953,-0.1245579719543457,0.1245579719543457
5,39,d3d26d5056ed2c24d9143993,1.8386319875717163,2.9914638996124268,1.1528319120407104,1.1528319120407104
5,40,d0924f92d34828cd7d53dcdc,0.8799999952316284,0.9342252016067505,0.05422520637512207,0.05422520637512207
5,41,dc6cf6b68e12f1dab9f3ea20,2.369999885559082,2.1952998638153076,-0.17470002174377441,0.17470002174377441
5,42,de94a2109cccdaa56b2bff6e,3.6500000953674316,3.003143072128296,-0.6468570232391357,0.6468570232391357
5,43,11c3517241c01b71a99050cd,2.583359479904175,2.639294385910034,0.055934906005859375,0.055934906005859375
5,44,db30207a9122fb649db26f90,1.4299999475479126,1.7888445854187012,0.3588446378707886,0.3588446378707886
5,45,42f0e4c3c0ae627310481315,1.6100000143051147,1.5411126613616943,-0.06888735294342041,0.06888735294342041
5,46,4896260c7aa00780bf4a0e27,0.8199999928474426,2.0965240001678467,1.2765240669250488,1.2765240669250488
5,47,d5dcb8f69f1e488a71d68b15,1.8300000429153442,2.6904184818267822,0.860418438911438,0.860418438911438
5,48,2ece18a9971e202ea5b6c506,0.07572071254253387,0.1654503345489502,0.08972962200641632,0.08972962200641632
5,49,ca43ebc1d2d09609b4e02f39,1.9299999475479126,2.306504964828491,0.3765050172805786,0.3765050172805786
5,50,0701f5500c3dc6535c37d432,2.1700000762939453,1.2893160581588745,-0.8806840181350708,0.8806840181350708
5,51,082ef3f69d9bbc78991b3774,1.2699999809265137,1.4480681419372559,0.1780681610107422,0.1780681610107422
5,52,d9fc6c31a90dd46c99eb09d9,1.4151333570480347,1.5996148586273193,0.18448150157928467,0.18448150157928467
5,53,0c8d5bb18e8e1e09cb72b506,2.069999933242798,1.4950008392333984,-0.5749990940093994,0.5749990940093994
5,54,1e754ffb9c80c28bcda6727a,3.0,2.4427788257598877,-0.5572211742401123,0.5572211742401123
5,55,8f4d573b2d72b68ea6668524,0.949999988079071,0.8287898898124695,-0.12121009826660156,0.12121009826660156
5,56,23a7a85e56bd54a05785d56b,2.2799999713897705,2.312342643737793,0.03234267234802246,0.03234267234802246
5,57,bcee2d82290f506ea01dbc38,1.1200000047683716,1.2472765445709229,0.12727653980255127,0.12727653980255127
5,58,7d24bf28afbaba43302ca470,1.7899999618530273,2.1215643882751465,0.33156442642211914,0.33156442642211914
5,59,acf4c5ffbd6899b2f9f8693f,0.6600000262260437,0.5097017884254456,-0.15029823780059814,0.15029823780059814
5,60,354c820baed5694743661cc6,0.11350927501916885,0.9032883048057556,0.789779007434845,0.789779007434845
5,61,7464e12c6a35536e97c00684,1.9299999475479126,2.379847288131714,0.44984734058380127,0.44984734058380127
5,62,f7d55cd8fed3e0d259739cb9,2.009999990463257,1.9431830644607544,-0.06681692600250244,0.06681692600250244
5,63,58e6a2147aa0e55ac23f899f,0.4948500096797943,0.49501854181289673,0.000168532133102417,0.000168532133102417
5,64,be35b824134e1a1f3990bb1f,1.0700000524520874,0.8935075402259827,-0.17649251222610474,0.17649251222610474
5,65,ab74695ffc7aceabf648b472,3.809999942779541,3.5967729091644287,-0.2132270336151123,0.2132270336151123
5,66,231887a3351b6f68624f99ac,2.8761484622955322,2.4821391105651855,-0.3940093517303467,0.3940093517303467
5,67,3a71c207739c360f37dcc271,0.5451551675796509,1.7410751581192017,1.1959199905395508,1.1959199905395508
5,68,6f72a6599a41bb8bbd30d8f5,2.940000057220459,2.1805474758148193,-0.7594525814056396,0.7594525814056396
5,69,61cd351973be7dd36df57578,2.4600000381469727,2.1724846363067627,-0.28751540184020996,0.28751540184020996
5,70,804a2bd1c443b0799a9ae9aa,1.160195231437683,1.0736536979675293,-0.08654153347015381,0.08654153347015381
5,71,6ae45e841ac84c32888e2ad3,2.880000114440918,2.15224289894104,-0.7277572154998779,0.7277572154998779
5,72,8ebe2b3b7c79a5b6caddae46,1.6299999952316284,1.6196913719177246,-0.010308623313903809,0.010308623313903809
5,73,0c0d19a7a35956d1a6ef57c7,1.9100948572158813,2.4019968509674072,0.4919019937515259,0.4919019937515259
5,74,68ca1d80ba214fc640aff95e,0.8356471657752991,0.6447203159332275,-0.19092684984207153,0.19092684984207153
5,75,744dc945a364a935e6f1425b,0.8538719415664673,1.7976773977279663,0.943805456161499,0.943805456161499
5,76,6794998daa26e5886f18bdf3,1.4700000286102295,1.8258590698242188,0.35585904121398926,0.35585904121398926
5,77,20f167507b9afec97aecd8f6,2.060480833053589,1.8583625555038452,-0.20211827754974365,0.20211827754974365
5,78,93caa5ebc3734454d016ec63,2.369999885559082,1.7634005546569824,-0.6065993309020996,0.6065993309020996
5,79,8735a7388b85b9e89db8518b,3.301029920578003,3.207134962081909,-0.09389495849609375,0.09389495849609375
5,80,43388ce275f41240cc33b23c,2.973403215408325,2.2382164001464844,-0.7351868152618408,0.7351868152618408
5,81,06e0cd11a546b98b633d6d9d,2.92081880569458,1.7408522367477417,-1.1799665689468384,1.1799665689468384
5,82,be3043506e061c14682c3402,1.4800000190734863,1.319258689880371,-0.16074132919311523,0.16074132919311523
5,83,c145489744a0fa8470b3843a,0.9112115502357483,1.2435407638549805,0.3323292136192322,0.3323292136192322
5,84,325e26c73ca0960b904acc94,2.1999707221984863,2.819171190261841,0.6192004680633545,0.6192004680633545
5,85,d050387a34ab259f3653457d,1.169411301612854,1.4764971733093262,0.30708587169647217,0.30708587169647217
5,86,a1bc800be4e86ac239001dc6,2.130000114440918,2.7156167030334473,0.5856165885925293,0.5856165885925293
5,87,118fbc3e231f33dbc40775a1,3.886056661605835,4.182275772094727,0.2962191104888916,0.2962191104888916
5,88,39ff2713d94b44b0e2810443,1.0499999523162842,1.034003734588623,-0.015996217727661133,0.015996217727661133
5,89,328f653cf56993ba2b4908e3,0.75,0.7476261258125305,-0.0023738741874694824,0.0023738741874694824
5,90,114397808fdaec4f6f363ce8,0.8799999952316284,1.0743780136108398,0.19437801837921143,0.19437801837921143
5,91,5a2d3dc6d3a0928615bafda8,2.0043647289276123,2.228799819946289,0.22443509101867676,0.22443509101867676
5,92,5007e390d7980902c8f044d3,0.9900000095367432,1.0554618835449219,0.06546187400817871,0.06546187400817871
5,93,d3cc2bd5e4d6f33c303f9d17,1.5499999523162842,2.7499265670776367,1.1999266147613525,1.1999266147613525
5,94,bf548627fef96638a4c8b53e,1.340000033378601,1.3469444513320923,0.006944417953491211,0.006944417953491211
5,95,aee18833fa12a8adcffa6140,0.8100000023841858,0.9617246985435486,0.1517246961593628,0.1517246961593628
5,96,45995738f640bfe41a59a505,1.600000023841858,1.8259103298187256,0.22591030597686768,0.22591030597686768
5,97,e21e60f3dc6af666693fc263,4.638272285461426,4.300252437591553,-0.33801984786987305,0.33801984786987305
5,98,ec2571dd3b81c4e6f2e4117c,2.0826871395111084,2.4322683811187744,0.349581241607666,0.349581241607666
5,99,967ba1d2eb6471fae080f32f,2.069999933242798,2.481165647506714,0.411165714263916,0.411165714263916
5,100,bc589311d667c5feed294e38,2.690000057220459,2.5686488151550293,-0.12135124206542969,0.12135124206542969
5,101,11d98b1d11eb92a55ee1ecb1,1.399999976158142,1.0839180946350098,-0.3160818815231323,0.3160818815231323
5,102,abc9cb726e0bf79be11e9f70,3.0299999713897705,1.8781859874725342,-1.1518139839172363,1.1518139839172363
5,103,98eb8cc55ac80cbc87f0cd88,2.4800000190734863,1.5318422317504883,-0.948157787322998,0.948157787322998
5,104,404605d864daf7dc33a4b113,2.0199999809265137,2.238355875015259,0.21835589408874512,0.21835589408874512
5,105,99cfa7601ffe06209e5675f3,1.6100000143051147,0.851719319820404,-0.7582806944847107,0.7582806944847107
5,106,731efd56a0231e3ceb0fe601,0.8399999737739563,1.4626226425170898,0.6226226687431335,0.6226226687431335
5,107,988415fcc0b61ed2e1424be0,1.149999976158142,0.9636397957801819,-0.1863601803779602,0.1863601803779602
5,108,1021b15fb66a9eda3dae14ce,0.9900000095367432,1.1393544673919678,0.1493544578552246,0.1493544578552246
5,109,21d51b7bcb7ce8f356c243a3,1.3979400396347046,1.2947850227355957,-0.10315501689910889,0.10315501689910889
5,110,bcd032747348212e7eb795a6,-1.4710040092468262,-1.2478426694869995,0.22316133975982666,0.22316133975982666
5,111,9f81309e69b5268c8e952f12,2.6716203689575195,2.2929961681365967,-0.37862420082092285,0.37862420082092285
5,112,21d07a9c2512d3e845fe8d8e,0.7900000214576721,1.5324106216430664,0.7424106001853943,0.7424106001853943
5,113,548a488979e34d34fedaffcf,2.0299999713897705,1.8641340732574463,-0.16586589813232422,0.16586589813232422
5,114,d3510ecdb838248898b711b2,1.5800000429153442,1.6980271339416504,0.11802709102630615,0.11802709102630615
5,115,622fdbf0b026ad3eecde62d1,1.3300000429153442,1.0071640014648438,-0.3228360414505005,0.3228360414505005
5,116,e10834162dcedc446e95c45d,1.8700000047683716,1.8800692558288574,0.01006925106048584,0.01006925106048584
5,117,5f297784c1d351b47716491c,4.0,2.9473800659179688,-1.0526199340820312,1.0526199340820312
5,118,d6e5d04245de560ef6b34815,4.193819999694824,4.234747409820557,0.04092741012573242,0.04092741012573242
5,119,0c681f585145159081bce925,0.8399999737739563,1.3496073484420776,0.5096073746681213,0.5096073746681213
5,120,b1bb67cd8bdb927baabfd3b7,1.1799999475479126,1.2575361728668213,0.07753622531890869,0.07753622531890869
5,121,ca05630127b7e0aa6adb25ef,1.6946486234664917,1.7242701053619385,0.029621481895446777,0.029621481895446777
5,122,188383f0039301851380ac21,1.25,1.4581551551818848,0.20815515518188477,0.20815515518188477
5,123,04b7932e2dc228cb17c7f5cf,0.3665315508842468,1.8617864847183228,1.4952549934387207,1.4952549934387207
5,124,5f767a9296e2283c6f7acb0d,3.7081518173217773,3.64052414894104,-0.0676276683807373,0.0676276683807373
5,125,c7404eb57aa19b320a880f4b,1.399999976158142,1.163634181022644,-0.23636579513549805,0.23636579513549805
5,126,17981d6a540c279bacb0a8f2,2.2200000286102295,2.1350181102752686,-0.08498191833496094,0.08498191833496094
5,127,6c97da2d10223ce538638c25,1.2200000286102295,1.113184928894043,-0.10681509971618652,0.10681509971618652
5,128,77ac2fc1deaca306572b7d3d,0.8899999856948853,0.8353866934776306,-0.05461329221725464,0.05461329221725464
5,129,0b3bf6cd14dd2877a4ba6cc0,1.090000033378601,1.4904488325119019,0.4004487991333008,0.4004487991333008
5,130,5ec7bc139c5f3dc510f87fb5,2.4452531337738037,3.595449209213257,1.1501960754394531,1.1501960754394531
5,131,adefebde1c4ab6a0b08abdfd,0.6200000047683716,0.9055190682411194,0.2855190634727478,0.2855190634727478
5,132,fca1371537e2295b12a764e0,2.5438930988311768,2.1705284118652344,-0.3733646869659424,0.3733646869659424
5,133,057d7dcd793c25a63688896b,1.4299999475479126,1.8952946662902832,0.4652947187423706,0.4652947187423706
5,134,f5c4ce7e5c63f40c55dfb3c4,3.853872060775757,4.028252124786377,0.17438006401062012,0.17438006401062012
5,135,fb36740ed895828b02e2b12d,1.5,1.7528870105743408,0.2528870105743408,0.2528870105743408
5,136,21a2bcf03871a5f2e6461509,4.0,3.466745615005493,-0.5332543849945068,0.5332543849945068
5,137,20b89cd6568fd6eb8a2a5228,3.0799999237060547,2.12605357170105,-0.9539463520050049,0.9539463520050049
5,138,d5c1dcfc38cd67f23b0e0c65,1.840000033378601,1.5706379413604736,-0.26936209201812744,0.26936209201812744
5,139,22f73d34dedf51a362a6303b,1.6299999952316284,1.5825217962265015,-0.04747819900512695,0.04747819900512695
5,140,4ecebdb7fd25516c93777f85,1.5499999523162842,2.0030019283294678,0.4530019760131836,0.4530019760131836
5,141,9ab60bededdde1c530004578,0.9244530200958252,0.7483071684837341,-0.17614585161209106,0.17614585161209106
5,142,a3519611b362917d726e0fb7,0.4605475068092346,3.021132230758667,2.560584783554077,2.560584783554077
5,143,0d0d0379064b75bd3acf9a75,0.8799999952316284,1.5726906061172485,0.6926906108856201,0.6926906108856201
5,144,caeafe3ef9c92132c55135cd,2.509999990463257,2.253632068634033,-0.25636792182922363,0.25636792182922363
5,145,3614b819a11c50845aa6ca35,1.7300000190734863,1.476509690284729,-0.2534903287887573,0.2534903287887573
5,146,97b9792057866e47e2ba3420,1.0700000524520874,1.4154231548309326,0.3454231023788452,0.3454231023788452
5,147,a51597b3721040f4c9b74486,1.6299999952316284,1.56459641456604,-0.06540358066558838,0.06540358066558838
5,148,8616864940721d3067349f12,1.7400000095367432,1.4619320631027222,-0.278067946434021,0.278067946434021
5,149,739c9f66e0fa6e7217ec5a5a,1.2695510387420654,0.776464581489563,-0.49308645725250244,0.49308645725250244
5,150,02803c6add2166bc080a2f95,1.7100000381469727,1.7051315307617188,-0.004868507385253906,0.004868507385253906
5,151,663d4d17b0c2fca73c692942,3.1752235889434814,3.177885055541992,0.002661466598510742,0.002661466598510742
5,152,114b7f8cb9040cf1be26c880,1.5499999523162842,1.2869834899902344,-0.2630164623260498,0.2630164623260498
5,153,e81ce5804f2ffdf354312ee4,1.0757206678390503,1.119508981704712,0.04378831386566162,0.04378831386566162
5,154,2b1771649411c6d9c79ac281,2.92081880569458,4.166003704071045,1.2451848983764648,1.2451848983764648
5,155,3b160f87cc40673ffc477863,0.6777806878089905,0.5291408896446228,-0.14863979816436768,0.14863979816436768
5,156,7d2c04b457f809545607fefe,4.12493896484375,3.8346993923187256,-0.2902395725250244,0.2902395725250244
5,157,efd0ff320fddb8bbbf1b3573,2.5799999237060547,2.374920606613159,-0.2050793170928955,0.2050793170928955
5,158,6e738457df166f25c92273c2,1.8300000429153442,1.6958138942718506,-0.13418614864349365,0.13418614864349365
5,159,3f11fff1c94d223959aeb2c3,3.017728805541992,2.165801763534546,-0.8519270420074463,0.8519270420074463
5,160,47509d5c11f12dd53a1e79c7,3.176091194152832,2.875018835067749,-0.301072359085083,0.301072359085083
5,161,218e8c1eca098c886cdd1f85,0.9800000190734863,0.8670608997344971,-0.11293911933898926,0.11293911933898926
5,162,80a4631a2adbd3b203232627,2.9700000286102295,1.958251714706421,-1.0117483139038086,1.0117483139038086
5,163,3c049f29640f420197c79cee,3.6600000858306885,3.280635118484497,-0.3793649673461914,0.3793649673461914
5,164,89e219ced49c142ce0fb649f,2.1700000762939453,2.849090814590454,0.6790907382965088,0.6790907382965088
5,165,57e826ef64dd6c767eecc301,1.8538719415664673,2.7650535106658936,0.9111815690994263,0.9111815690994263
5,166,7091310b1aaa58cfbaab2bb0,1.840000033378601,2.8939273357391357,1.0539273023605347,1.0539273023605347
5,167,d9852c353bba4a2a5e45440e,1.77211332321167,1.3787870407104492,-0.3933262825012207,0.3933262825012207
5,168,707d697246ccc45a842c0080,4.1191864013671875,3.6393768787384033,-0.4798095226287842,0.4798095226287842
5,169,4aac812ad65da90f53483511,2.869999885559082,2.604560613632202,-0.2654392719268799,0.2654392719268799
5,170,2e29d43c89e9b4c71006925c,0.7099999785423279,0.927473783493042,0.2174738049507141,0.2174738049507141
5,171,5ef176a43e1d36809a0f8043,0.8999999761581421,2.6550796031951904,1.7550796270370483,1.7550796270370483
5,172,227bc90f385ad750aaa09a3d,1.9600000381469727,2.0166308879852295,0.056630849838256836,0.056630849838256836
5,173,a4be5e18299bc008b6f494d9,0.6399999856948853,1.228883981704712,0.5888839960098267,0.5888839960098267
5,174,8d5f855f87dfd0b69b5679bb,2.809999942779541,1.7088537216186523,-1.1011462211608887,1.1011462211608887
5,175,1b6739caa078489b3b1aeaf1,1.3200000524520874,1.629441738128662,0.3094416856765747,0.3094416856765747
5,176,38afb52cbe1d10afb1ab76d2,2.856985092163086,2.534940004348755,-0.32204508781433105,0.32204508781433105
5,177,e5ec5afffcdbe7d0de40ae79,0.8239087462425232,1.013873815536499,0.18996506929397583,0.18996506929397583
5,178,9e63bfdad6cafb6c9644fe60,1.2200000286102295,0.7196463346481323,-0.5003536939620972,0.5003536939620972
5,179,46215861d66bbc6ef69a61fc,0.800000011920929,0.3394092321395874,-0.46059077978134155,0.46059077978134155
5,180,76b527153d1c0285b4d3c751,1.0700000524520874,0.7698712348937988,-0.3001288175582886,0.3001288175582886
5,181,112cd60a51c9e66d0a20a031,0.4099999964237213,1.2837275266647339,0.873727560043335,0.873727560043335
5,182,33b93f73eb2487abd0b03c7d,3.602060079574585,3.767481565475464,0.1654214859008789,0.1654214859008789
5,183,e46efa838dbbf96883da6056,2.299999952316284,1.9046862125396729,-0.39531373977661133,0.39531373977661133
5,184,d1c2b1812ba56f894d03e326,2.3216638565063477,2.0533607006073,-0.26830315589904785,0.26830315589904785
5,185,9954d26c7fb5a7447537966f,3.211831569671631,3.1873881816864014,-0.024443387985229492,0.024443387985229492
5,186,50a58f60a32332be2252ea7a,1.6111416816711426,0.9960827231407166,-0.615058958530426,0.615058958530426
5,187,b1c5bd768b2996d735c09a59,3.129595994949341,3.123379945755005,-0.0062160491943359375,0.0062160491943359375
5,188,f8cdac5bc841db3fec56545a,2.086186170578003,2.084367036819458,-0.0018191337585449219,0.0018191337585449219
5,189,baec903cf27001832317c77a,1.0700000524520874,0.8994698524475098,-0.17053020000457764,0.17053020000457764
5,190,bb4ed15f86c7bebf35091224,3.744727611541748,4.065075397491455,0.32034778594970703,0.32034778594970703
5,191,26fd5dd96ea46010f492a814,1.3200000524520874,1.3176710605621338,-0.0023289918899536133,0.0023289918899536133
5,192,8de8b11a7db6ebc637053713,4.275723934173584,4.3790602684021,0.10333633422851562,0.10333633422851562
5,193,cc81683f9a62226fedadc42d,0.9599999785423279,0.7434079051017761,-0.21659207344055176,0.21659207344055176
5,194,2873002cd1fb47b1c1321a26,0.3665315508842468,1.447701096534729,1.081169605255127,1.081169605255127
5,195,ff99e95fe57df370421dbfb7,1.6020599603652954,2.8156211376190186,1.2135611772537231,1.2135611772537231
5,196,d04a974b73d153e0624bec1c,0.6595559120178223,0.7148157954216003,0.055259883403778076,0.055259883403778076
5,197,53d476846b8c7cf4fc8bee4f,0.5800442695617676,0.8233570456504822,0.2433127760887146,0.2433127760887146
5,198,9fca2c6200fda907648b2887,1.879426121711731,1.9004281759262085,0.02100205421447754,0.02100205421447754
5,199,c80355284c89fc26ea379592,1.0,1.2953355312347412,0.2953355312347412,0.2953355312347412
5,200,f471e15fa78f322b2721dd9b,2.130000114440918,2.3261239528656006,0.19612383842468262,0.19612383842468262
5,201,703dd3774f57eaecf1dce2ac,1.6699999570846558,1.7696504592895508,0.09965050220489502,0.09965050220489502
5,202,a3d8da46af088f22291b69e0,0.5850266814231873,0.6934880614280701,0.10846138000488281,0.10846138000488281
5,203,eb6c0f06af498933dfd1e280,3.823908805847168,3.403991460800171,-0.41991734504699707,0.41991734504699707
5,204,cafbaa5d27cf5696e9e35c33,0.8999999761581421,1.1531744003295898,0.25317442417144775,0.25317442417144775
5,205,e5cd6cf40e6bc38aa2cc56b4,2.2922251224517822,2.3399641513824463,0.04773902893066406,0.04773902893066406
5,206,0e0ad1b47f8437bb327e8850,3.3581511974334717,3.5413920879364014,0.1832408905029297,0.1832408905029297
5,207,c280e5ae814a8d86f93aab91,0.9200000166893005,1.425201416015625,0.5052013993263245,0.5052013993263245
5,208,8b3eab582e2b1c35c3553aa3,0.8100000023841858,1.0695666074752808,0.25956660509109497,0.25956660509109497
5,209,1623a0b1e60f7fc2ba325ab9,1.2300000190734863,1.40176522731781,0.17176520824432373,0.17176520824432373
5,210,fe0291e2915c9c89c8834cd0,2.886056661605835,2.2313950061798096,-0.6546616554260254,0.6546616554260254
5,211,2af8351a712efd01b0cc6319,0.6777806878089905,0.6552382707595825,-0.02254241704940796,0.02254241704940796
5,212,48fa098cd51d9bed6c931e9e,1.2699999809265137,1.5228825807571411,0.25288259983062744,0.25288259983062744
5,213,7908bd6ffa056274f1bb108f,1.9800000190734863,1.668801188468933,-0.3111988306045532,0.3111988306045532
5,214,355b7e5e29cb0ac29f9d1be5,2.359999895095825,1.9111900329589844,-0.4488098621368408,0.4488098621368408
5,215,550a13b4b77f965b7083cd1d,1.9360682964324951,4.209245204925537,2.273176908493042,2.273176908493042
5,216,26f639c0cc0ee71b2708365e,1.840000033378601,1.9723784923553467,0.1323784589767456,0.1323784589767456
5,217,b6986b94a8893015f4fe8076,0.8239087462425232,0.5780752301216125,-0.24583351612091064,0.24583351612091064
5,218,fd9367cec6309ad8cb8c6bd3,1.8600000143051147,2.1850509643554688,0.325050950050354,0.325050950050354
5,219,5048038fce0428c4b5ff5142,1.0800000429153442,0.942331075668335,-0.13766896724700928,0.13766896724700928
5,220,044f6bbb4661f06c17bf9362,4.86012077331543,4.631676197052002,-0.22844457626342773,0.22844457626342773
5,221,005d819ad04ac7963c85291c,-1.4710040092468262,-1.1725574731826782,0.29844653606414795,0.29844653606414795
5,222,c043e24e5d4e548bb79b7127,1.2599999904632568,1.1306921243667603,-0.12930786609649658,0.12930786609649658
5,223,57c9982c131bf76aa5203eff,3.5317020416259766,3.5246083736419678,-0.007093667984008789,0.007093667984008789
5,224,1e6a742e1de862593c766967,1.1200000047683716,1.2808064222335815,0.16080641746520996,0.16080641746520996
5,225,462b3f1e6b5e9be1ba23f8b2,2.7869250774383545,2.630810499191284,-0.1561145782470703,0.1561145782470703
5,226,302dd0bdf474bbc7ef37bba2,0.9913998246192932,0.7957992553710938,-0.19560056924819946,0.19560056924819946
5,227,4ba69efe9e4a7f00951a7591,1.6399999856948853,1.7995903491973877,0.15959036350250244,0.15959036350250244
5,228,35c794dbeb9919e215931110,1.1100000143051147,1.704761266708374,0.5947612524032593,0.5947612524032593
5,229,a275b2294ec4e49fa4eabd62,3.823908805847168,4.123546600341797,0.2996377944946289,0.2996377944946289
5,230,2dc5a103815f7e1687756cf5,2.8538029193878174,2.8501412868499756,-0.003661632537841797,0.003661632537841797
5,231,a6d2487cf65bc8b0b9fce147,2.009999990463257,2.902646780014038,0.8926467895507812,0.8926467895507812
5,232,867787de0a59c29f6fb92a45,1.8010300397872925,2.052191972732544,0.25116193294525146,0.25116193294525146
5,233,99af1110cb1591c879169c4f,2.9534831047058105,2.818260431289673,-0.1352226734161377,0.1352226734161377
5,234,9b3387700845348fafb39898,1.6699999570846558,1.418123483657837,-0.25187647342681885,0.25187647342681885
5,235,742bcf65e11cd732ff438320,3.508638381958008,3.751704216003418,0.24306583404541016,0.24306583404541016
5,236,d9c0e7d9336ab88920195d2e,0.8799999952316284,0.9656601548194885,0.08566015958786011,0.08566015958786011
5,237,415a17936feed373dd14bf92,2.2494916915893555,2.1372287273406982,-0.11226296424865723,0.11226296424865723
5,238,1b66f96ad4b6bba8c7709c91,3.92081880569458,4.107700824737549,0.18688201904296875,0.18688201904296875
5,239,12708da5563be44ecac5e216,4.522878646850586,4.533562660217285,0.010684013366699219,0.010684013366699219
5,240,1aec49d1b13dd6a4c5fe624a,0.9900000095367432,1.4910213947296143,0.5010213851928711,0.5010213851928711
5,241,7b3fcbe1812cc828f0f9072e,0.8500000238418579,1.4647834300994873,0.6147834062576294,0.6147834062576294
5,242,55aaf1afc4637d3c4f418139,1.3799680471420288,1.9408913850784302,0.5609233379364014,0.5609233379364014
5,243,0822acfcc6aac38ee2e7f3b1,4.431798458099365,4.184951305389404,-0.24684715270996094,0.24684715270996094
5,244,c9e30dd5693a9c4a2c8979e8,2.795880079269409,2.5873608589172363,-0.20851922035217285,0.20851922035217285
5,245,a8e5c3ad919c32a8de199925,0.8700000047683716,0.7324814200401306,-0.13751858472824097,0.13751858472824097
5,246,ed4beb79e66bfaede95e0156,1.659999966621399,1.748293399810791,0.08829343318939209,0.08829343318939209
5,247,90dc6fdd6de517d1e1a05df8,0.47999998927116394,1.3222160339355469,0.8422160148620605,0.8422160148620605
5,248,5d7ab4664c3045037bc9f8f9,1.2200000286102295,0.9257881045341492,-0.2942119240760803,0.2942119240760803
5,249,faa3fd86919c30857f2c0f8d,3.8728952407836914,3.410637140274048,-0.46225810050964355,0.46225810050964355
5,250,b93a947007986a4840fd4f8c,1.0499999523162842,0.9644842743873596,-0.08551567792892456,0.08551567792892456
5,251,c4b7a4aa833d87615e7efa98,2.07572078704834,2.520460367202759,0.44473958015441895,0.44473958015441895
5,252,dcdcabd882be2a9e851b8a37,0.8799999952316284,1.4721026420593262,0.5921026468276978,0.5921026468276978
5,253,a7622ca0fb41231a77096476,0.9100000262260437,1.1803867816925049,0.2703867554664612,0.2703867554664612
5,254,5e7a435d7dce6b99e7a8fd27,0.102372907102108,0.06571096181869507,-0.03666194528341293,0.03666194528341293
5,255,a37411a972f40e6bbdfe28e8,1.399999976158142,1.394252061843872,-0.0057479143142700195,0.0057479143142700195
5,256,4a86bcf2946da1053c83df83,1.0199999809265137,0.7991043925285339,-0.22089558839797974,0.22089558839797974
5,257,a039ddfa58b4c8964a5ed6c5,4.229147911071777,4.148343563079834,-0.08080434799194336,0.08080434799194336
5,258,76cef2c6f8f4321727d63e67,1.5,2.072272539138794,0.572272539138794,0.572272539138794
5,259,8cf1c18a92875a5ec91e8a17,0.27000001072883606,1.2615199089050293,0.9915199279785156,0.9915199279785156
5,260,d1857b17bce800d0d5ddb2f1,0.5699999928474426,1.097183346748352,0.5271833539009094,0.5271833539009094
5,261,8b8b9cd550b53ad8200eb920,2.009999990463257,0.9721735119819641,-1.0378265380859375,1.0378265380859375
5,262,058d7b605cd51fe4ee5634f5,1.590000033378601,1.547694444656372,-0.042305588722229004,0.042305588722229004
5,263,6cadfe2674ffabae45e2e6db,4.922026634216309,4.0262370109558105,-0.895789623260498,0.895789623260498
5,264,5bd52ec11d4fe452ebb7d40b,2.869666337966919,2.8580551147460938,-0.011611223220825195,0.011611223220825195
5,265,c4eb6b533d77e3d6fc08a03c,1.4900000095367432,0.555584728717804,-0.9344152808189392,0.9344152808189392
5,266,2323af895e74b6b63f36f2f6,3.187086582183838,2.5729753971099854,-0.6141111850738525,0.6141111850738525
5,267,9561ce0a425a7ca921a9494a,2.4685211181640625,3.0934555530548096,0.6249344348907471,0.6249344348907471
5,268,c55d03a9f8429626243d59ec,-0.15000000596046448,1.5965776443481445,1.7465776205062866,1.7465776205062866
5,269,aebea36be7d5fe5bf69447f7,0.7900000214576721,1.1821279525756836,0.3921279311180115,0.3921279311180115
5,270,e35ab9e40c28969ed199a722,1.793174147605896,1.7518694400787354,-0.041304707527160645,0.041304707527160645
5,271,e1134024eb9ad06437748863,1.1567672491073608,0.6932680010795593,-0.4634992480278015,0.4634992480278015
5,272,d445306858b0738c19f30e9c,1.2839967012405396,1.2678945064544678,-0.016102194786071777,0.016102194786071777
5,273,aa175afcf39ede4e0a667bc3,2.4000000953674316,2.4399240016937256,0.039923906326293945,0.039923906326293945
5,274,6b4805174bfe4444c9f683e3,2.2300000190734863,1.7679712772369385,-0.46202874183654785,0.46202874183654785
5,275,edf457f2112607ea1cb564a4,2.2300000190734863,2.8088557720184326,0.5788557529449463,0.5788557529449463
5,276,d3f326e8c8e00ec59b56124f,2.898653984069824,2.624342203140259,-0.27431178092956543,0.27431178092956543
5,277,0378119b37dd9712b8048b5d,3.0399999618530273,1.8404438495635986,-1.1995561122894287,1.1995561122894287
5,278,1b7fb14d602934d51ddbf244,0.7400000095367432,1.184143304824829,0.44414329528808594,0.44414329528808594
5,279,4e3cc2a0d2e58fe2d8e3aeaf,3.3004887104034424,3.825417995452881,0.5249292850494385,0.5249292850494385
5,280,8a19c11026c01f996f820b40,0.699999988079071,1.6027162075042725,0.9027162194252014,0.9027162194252014
5,281,ea3afb78afba25b097bfd4ed,4.045757293701172,3.9415369033813477,-0.10422039031982422,0.10422039031982422
5,282,58010a9bf471f229d778e958,3.51855731010437,3.5523500442504883,0.033792734146118164,0.033792734146118164
5,283,0d86426f8090f3ebe0e5f46d,0.8799999952316284,0.8071557283401489,-0.07284426689147949,0.07284426689147949
5,284,1fe4d06521184f01894a8a09,1.5606672763824463,1.5802052021026611,0.019537925720214844,0.019537925720214844
5,285,52ba2fd1fd645b4ec393b468,2.6700000762939453,1.4548215866088867,-1.2151784896850586,1.2151784896850586
5,286,fd3cb5e907e449c305a1b3ac,1.2999999523162842,1.2943183183670044,-0.005681633949279785,0.005681633949279785
5,287,5898a331ba17671bf884bc8b,3.9981493949890137,3.9059033393859863,-0.09224605560302734,0.09224605560302734
5,288,65ccc75887304ab1da43351e,0.6352614164352417,0.662109375,0.0268479585647583,0.0268479585647583
5,289,47bec49372f0aa11295a6f6d,4.1191864013671875,3.4066038131713867,-0.7125825881958008,0.7125825881958008
5,290,917b202f9ade16bf0e504624,1.6200000047683716,1.7759695053100586,0.155969500541687,0.155969500541687
5,291,1de2289fca33153c9be6bb60,1.4800000190734863,1.3986492156982422,-0.08135080337524414,0.08135080337524414
5,292,75111c0935f0e4261ac7ed38,3.359999895095825,3.5413920879364014,0.18139219284057617,0.18139219284057617
5,293,15cdc44ea861861b80f7e853,0.8299999833106995,0.8382759094238281,0.008275926113128662,0.008275926113128662
5,294,e9525462c29f1b511950d910,2.259999990463257,1.7580201625823975,-0.5019798278808594,0.5019798278808594
5,295,767359230728ace52b5c6e41,2.8422579765319824,3.021993398666382,0.17973542213439941,0.17973542213439941
5,296,20d050979aa880fdf913d66b,1.7695510387420654,0.3247106075286865,-1.444840431213379,1.444840431213379
5,297,23ccefaf2e6bf23c2f4ef188,1.850000023841858,0.8145964741706848,-1.0354034900665283,1.0354034900665283
5,298,8fe27ba415a588e187ff7241,4.840132236480713,4.265040874481201,-0.5750913619995117,0.5750913619995117
5,299,2dc7d4cb0276d9e3b3980097,4.010016441345215,3.7413456439971924,-0.26867079734802246,0.26867079734802246
5,300,37a562ef5da2c321ad8fa168,0.8794260621070862,1.0872647762298584,0.20783871412277222,0.20783871412277222
5,301,f8f391171c6c4395c6e28a8e,0.8799999952316284,0.7874965071678162,-0.09250348806381226,0.09250348806381226
5,302,f0404db96b162a591503977c,1.3300000429153442,2.191108465194702,0.8611084222793579,0.8611084222793579
5,303,04f47fe69277fb7f7c5edd52,1.6799999475479126,1.5463298559188843,-0.13367009162902832,0.13367009162902832
5,304,d5d10762bb63c6d7cefd5397,1.443697452545166,1.8686481714248657,0.4249507188796997,0.4249507188796997
5,305,f7c3efdc950125e34018f3aa,3.086186170578003,3.3024775981903076,0.2162914276123047,0.2162914276123047
5,306,4777995ddc8fb506eda3f6b2,2.6968040466308594,1.9780471324920654,-0.718756914138794,0.718756914138794
5,307,a9cff8120b0c64a2b0d69b27,1.1299999952316284,1.0160149335861206,-0.11398506164550781,0.11398506164550781
5,308,c66cd5d3def20d0daa1f2806,2.940000057220459,2.8732640743255615,-0.06673598289489746,0.06673598289489746
5,309,7e6f7eb7d8be350dd4f1c1c6,0.4282911717891693,0.5233845114707947,0.09509333968162537,0.09509333968162537
5,310,ea93a5de127f26c8bb5f6418,1.7100000381469727,1.7220276594161987,0.012027621269226074,0.012027621269226074
5,311,516bce7a59f8cc76366498ff,1.850000023841858,1.8972830772399902,0.047283053398132324,0.047283053398132324
5,312,8c0441f8fac9436ab432c06c,2.4100000858306885,1.6145859956741333,-0.7954140901565552,0.7954140901565552
5,313,b1fd15c0e672c49d2f8e6675,2.4594202041625977,2.2694759368896484,-0.18994426727294922,0.18994426727294922
5,314,a5f2f16c84e0de13a368d1c5,1.899999976158142,1.829143762588501,-0.07085621356964111,0.07085621356964111
5,315,926333a2ea868d2557dfdc0e,1.8200000524520874,1.916385293006897,0.09638524055480957,0.09638524055480957
5,316,64bc59277c31fd6418d5f5e8,3.477121353149414,2.8231728076934814,-0.6539485454559326,0.6539485454559326
5,317,6a6c19093d9a3bb87085265d,2.130000114440918,1.3716169595718384,-0.7583831548690796,0.7583831548690796
5,318,5e6f25387d181c65c8f1e9dd,2.886056661605835,2.8762335777282715,-0.009823083877563477,0.009823083877563477
5,319,784a6539318f415ddfd70f72,2.119999885559082,2.2547078132629395,0.13470792770385742,0.13470792770385742
5,320,e31c930994f63e61a0baef5e,3.853872060775757,4.037342548370361,0.1834704875946045,0.1834704875946045
5,321,e67b5fbd3f0aa8c27f2ccb3e,1.3872160911560059,1.3255009651184082,-0.061715126037597656,0.061715126037597656
5,322,9c063afef2f30f05849d9b84,1.1699999570846558,1.2360310554504395,0.06603109836578369,0.06603109836578369
5,323,1cd3baa22a9fd7e44d86412f,2.0,1.8081111907958984,-0.19188880920410156,0.19188880920410156
5,324,400df5fc87a7a651e3129f66,0.36000001430511475,0.5858146548271179,0.22581464052200317,0.22581464052200317
5,325,4e1ef708bbde681de9787705,2.009999990463257,1.9534518718719482,-0.056548118591308594,0.056548118591308594
5,326,ffa753eb7486037194437113,0.6020600199699402,0.8370024561882019,0.23494243621826172,0.23494243621826172
5,327,79d64893b2fffe41ac7af493,1.0499999523162842,0.8383024334907532,-0.211697518825531,0.211697518825531
5,328,52925f22e229a53fa89fa708,1.9199999570846558,1.5474680662155151,-0.3725318908691406,0.3725318908691406
5,329,4a7ab1d8e227d1330ab76451,2.569999933242798,2.960348129272461,0.3903481960296631,0.3903481960296631
5,330,46cfe6d75a1bb19cf5ab10c1,2.700000047683716,3.1041042804718018,0.40410423278808594,0.40410423278808594
5,331,db42fff1ccfce4a4d6b685b3,1.6575772762298584,2.5627424716949463,0.9051651954650879,0.9051651954650879
5,332,9f2dd29ea6da7569f1648a0a,3.119999885559082,3.0155422687530518,-0.10445761680603027,0.10445761680603027
5,333,59571b63371921aaa1304d5d,2.0,2.283926486968994,0.28392648696899414,0.28392648696899414
5,334,8bdd622712dff01678c02268,1.3010300397872925,1.3372128009796143,0.03618276119232178,0.03618276119232178
5,335,b5d64ccf76a3fb7d38e263c6,2.319999933242798,2.263420343399048,-0.05657958984375,0.05657958984375
5,336,3c18d71f9247f955b877157b,2.4300410747528076,3.5465545654296875,1.1165134906768799,1.1165134906768799
5,337,5684d407eeab66378c2bb46c,1.059999942779541,1.4873179197311401,0.4273179769515991,0.4273179769515991
5,338,2749f89596476d5619fb87d0,1.6699999570846558,1.3669523000717163,-0.30304765701293945,0.30304765701293945
5,339,79684dbb08e48d1117deec99,3.6575772762298584,3.991995096206665,0.33441781997680664,0.33441781997680664
5,340,46c8a43a119352aebf25a524,2.150515079498291,1.9269108772277832,-0.2236042022705078,0.2236042022705078
5,341,93922eba5da77df277296ed7,1.9586073160171509,1.9965786933898926,0.0379713773727417,0.0379713773727417
5,342,7442a9fd759d4ba1ec4897f0,0.7300000190734863,1.9247629642486572,1.194762945175171,1.194762945175171
5,343,5b09a44df00b394103aace49,2.880000114440918,2.693110942840576,-0.1868891716003418,0.1868891716003418
5,344,24a71308bbbcac809bdb2652,4.202040195465088,3.9828689098358154,-0.21917128562927246,0.21917128562927246
5,345,c5b636af9510996b429b212f,1.1567672491073608,0.687144935131073,-0.46962231397628784,0.46962231397628784
5,346,e1b6973f412c996d9d1ea2fb,1.6989699602127075,1.4418004751205444,-0.2571694850921631,0.2571694850921631
5,347,e901193a608f52883d612ea3,1.6299999952316284,1.678337574005127,0.048337578773498535,0.048337578773498535
5,348,557657e1e683079d08cce6df,3.2232987880706787,2.4235470294952393,-0.7997517585754395,0.7997517585754395
5,349,15343f11669925a9befa15ef,0.9281179904937744,0.9536970257759094,0.02557903528213501,0.02557903528213501
5,350,ce73a63d9d0e40fc9c29dbc9,3.737548828125,2.6449124813079834,-1.0926363468170166,1.0926363468170166
5,351,3bbbbd8f5c835360df267bb5,3.609999895095825,2.279841899871826,-1.330157995223999,1.330157995223999
5,352,6193872800e9949862b8546a,0.9900000095367432,1.16090726852417,0.17090725898742676,0.17090725898742676
5,353,6690c9cdb7432b4675e1aca2,2.069999933242798,1.8985220193862915,-0.17147791385650635,0.17147791385650635
5,354,ae41b2cfb20eeb5f884147d7,2.130000114440918,2.0477545261383057,-0.0822455883026123,0.0822455883026123
5,355,503cbe4d559ad346b01dc392,2.7000932693481445,2.6321940422058105,-0.06789922714233398,0.06789922714233398
5,356,e7f6dfca0ce0d53f91fa1e03,1.2899999618530273,1.4142634868621826,0.12426352500915527,0.12426352500915527
5,357,d0214fff3e358cd9454cc4c2,0.6800000071525574,1.0759882926940918,0.3959882855415344,0.3959882855415344
5,358,4b88496b79013949049ded15,3.454692840576172,3.4356513023376465,-0.01904153823852539,0.01904153823852539
5,359,216b6b33fac25429848a19e2,2.180000066757202,1.3472446203231812,-0.832755446434021,0.832755446434021
5,360,9ab00dd86042840245c213af,2.4200000762939453,2.503309726715088,0.08330965042114258,0.08330965042114258
5,361,d7349dfd1a8595342c67d580,0.7200000286102295,1.4352068901062012,0.7152068614959717,0.7152068614959717
5,362,fe14db951bfb7775fabcd3c2,1.275724172592163,1.2105807065963745,-0.06514346599578857,0.06514346599578857
5,363,cdce2e87b8dd79de31a3c250,2.0299999713897705,2.0687415599823,0.0387415885925293,0.0387415885925293
5,364,e07ba31f589a5a924fcb874b,0.8199999928474426,1.8409430980682373,1.0209431648254395,1.0209431648254395
5,365,88e95263ea343bcf1897cda7,1.0499999523162842,0.762042224407196,-0.28795772790908813,0.28795772790908813
5,366,506af17d20e3dd713589f9b0,1.4199999570846558,1.543550968170166,0.12355101108551025,0.12355101108551025
5,367,71eafc1976d92e94e313250c,2.617982864379883,2.613680124282837,-0.0043027400970458984,0.0043027400970458984
5,368,a965306f9fb97c444d123463,0.25999999046325684,0.9175294041633606,0.6575294137001038,0.6575294137001038
5,369,f4e08af7a428a2d96f7d34d5,3.778151273727417,2.828176736831665,-0.949974536895752,0.949974536895752
5,370,eb85840f6808ebf859c528cc,2.0,2.3555850982666016,0.35558509826660156,0.35558509826660156
5,371,2593fe1cbd1b3b3b5d565596,1.090000033378601,1.7569689750671387,0.6669689416885376,0.6669689416885376
5,372,4f96fddb1fbb51adb7ec45e6,3.7899491786956787,3.7493364810943604,-0.04061269760131836,0.04061269760131836
5,373,8e92e0f3fd4bec451afeb412,4.823908805847168,3.9415369033813477,-0.8823719024658203,0.8823719024658203
5,374,49813be4681ebab1cfcb4c67,2.431798219680786,2.302966833114624,-0.1288313865661621,0.1288313865661621
5,375,b06b4a8b15157a8f3d395ba0,1.1299999952316284,0.8676396012306213,-0.2623603940010071,0.2623603940010071
5,376,b6d54cef50066e298941c814,3.7105658054351807,3.2163960933685303,-0.4941697120666504,0.4941697120666504
5,377,becc662a9bf1658b3145ed99,4.647817611694336,2.929309844970703,-1.7185077667236328,1.7185077667236328
5,378,c07898e089f77f12908dcc64,0.8399999737739563,1.1996140480041504,0.3596140742301941,0.3596140742301941
5,379,203c38633cf3bc2645d81ebf,0.4099999964237213,1.173940896987915,0.7639409303665161,0.7639409303665161
5,380,32dde5915203a7f2aa665fe5,3.5199999809265137,2.4597537517547607,-1.060246229171753,1.060246229171753
5,381,1f529211c7f7dbee543fecdf,0.7799999713897705,1.3029444217681885,0.522944450378418,0.522944450378418
5,382,d196d9307cd11666fc378432,1.6989699602127075,2.3672382831573486,0.6682683229446411,0.6682683229446411
5,383,b6552cd5921d223423762019,3.50445556640625,3.319218397140503,-0.18523716926574707,0.18523716926574707
5,384,6aeaa420cadabbf919be58ab,2.636388063430786,2.6564550399780273,0.02006697654724121,0.02006697654724121
5,385,3d2a32baf92f93516052f1c3,1.0700000524520874,0.8937865495681763,-0.17621350288391113,0.17621350288391113
5,386,6cf831edec5c591b3199f3ed,0.5944828987121582,0.6478937268257141,0.05341082811355591,0.05341082811355591
5,387,37db605bf7937ed1ea05fb52,3.410050392150879,2.9532759189605713,-0.4567744731903076,0.4567744731903076
5,388,08a1caa964154226dfb1a28f,2.119999885559082,1.9373164176940918,-0.18268346786499023,0.18268346786499023
5,389,94dca8c3d8a8ce2aef0e1715,2.7985117435455322,2.7024805545806885,-0.09603118896484375,0.09603118896484375
5,390,2153e86c13d9027b6f551c73,2.515700101852417,2.5481820106506348,0.03248190879821777,0.03248190879821777
5,391,c87adc499bddc66a6ed90618,1.6299999952316284,2.1728122234344482,0.5428122282028198,0.5428122282028198
5,392,3088656861c7a362982ac89d,1.7400000095367432,1.78494393825531,0.044943928718566895,0.044943928718566895
5,393,fad5014adbccd5680670dda8,1.350000023841858,1.1837742328643799,-0.16622579097747803,0.16622579097747803
5,394,560cca6a439fef4f4009249c,2.7878124713897705,3.053661823272705,0.26584935188293457,0.26584935188293457
5,395,25708b6df92c838f4c0e85f6,2.397939920425415,2.3210785388946533,-0.07686138153076172,0.07686138153076172
5,396,73c4ebfc09db56e768d9cef2,2.4357285499572754,2.800504684448242,0.3647761344909668,0.3647761344909668
5,397,90a80ead03920449eedb62d6,3.2799999713897705,1.630645990371704,-1.6493539810180664,1.6493539810180664
5,398,a9798ae3800e573d9163db85,1.4471579790115356,1.6779649257659912,0.23080694675445557,0.23080694675445557
5,399,4687e300d0094f30e77a436c,0.949999988079071,1.2793912887573242,0.3293913006782532,0.3293913006782532
5,400,9b78bedc40e0ec0d33ecb158,1.899999976158142,2.273998975753784,0.3739989995956421,0.3739989995956421
5,401,8f12ae0e600835ec39a69872,1.1699999570846558,0.8701050877571106,-0.29989486932754517,0.29989486932754517
5,402,27f4848df4e0c75b871d7a4e,1.2400000095367432,1.2447865009307861,0.004786491394042969,0.004786491394042969
5,403,29efeba2aac5fa73f8e983ba,2.7699999809265137,2.12992262840271,-0.6400773525238037,0.6400773525238037
5,404,df96184c66a4ce5530ac76eb,3.537601947784424,4.0415940284729,0.5039920806884766,0.5039920806884766
5,405,e0babe88eb5108a6e6842675,1.3885976076126099,2.3003761768341064,0.9117785692214966,0.9117785692214966
5,406,0f4f6c4abec949b37168691d,3.45644474029541,2.5194270610809326,-0.9370176792144775,0.9370176792144775
5,407,046f5db64834318caf898f35,2.295849561691284,1.8665238618850708,-0.4293256998062134,0.4293256998062134
5,408,ac1d81257e80714aea15a9f5,3.50445556640625,3.319218397140503,-0.18523716926574707,0.18523716926574707
5,409,d934ffef60b1b1db34725e69,2.778151273727417,2.8133952617645264,0.035243988037109375,0.035243988037109375
5,410,eff3b5eaf82a4080dc3c0fd9,3.548213481903076,2.7287962436676025,-0.8194172382354736,0.8194172382354736
5,411,c2ea7b4042b5b4931ac1e012,2.869999885559082,2.6880342960357666,-0.18196558952331543,0.18196558952331543
5,412,692c1e50afcfc2833e04ff48,3.6600000858306885,2.7681949138641357,-0.8918051719665527,0.8918051719665527
5,413,1496a78f9aa5bd3f0cb7a50c,3.853872060775757,3.376906633377075,-0.47696542739868164,0.47696542739868164
5,414,6e97750a175c0c7ad8cd334e,0.9800000190734863,0.8803386092185974,-0.09966140985488892,0.09966140985488892
5,415,c01c8d2837b91f7a44e96260,0.949999988079071,1.3127262592315674,0.36272627115249634,0.36272627115249634
5,416,f6887aef39e1ea3c77e0ff2e,0.588759183883667,0.8036594390869141,0.21490025520324707,0.21490025520324707
5,417,b9e2645596e2f3c134bf3c28,2.3949999809265137,1.4651658535003662,-0.9298341274261475,0.9298341274261475
5,418,e4b6b2ad4f29a456829354e6,2.857037305831909,2.811673164367676,-0.0453641414642334,0.0453641414642334
5,419,4b8461b332241c7d0976ab9b,3.799999952316284,3.2153003215789795,-0.5846996307373047,0.5846996307373047
5,420,ee89c2949188c11781229d00,1.4500000476837158,1.6734209060668945,0.2234208583831787,0.2234208583831787
5,421,29a39a412e0491363d588c7b,1.7000000476837158,1.4480994939804077,-0.2519005537033081,0.2519005537033081
5,422,01ddc52b6ee64384e55f8cd5,2.7708990573883057,2.8962392807006836,0.12534022331237793,0.12534022331237793
5,423,5d46d55781c9d5e71fcc8044,1.840000033378601,2.185601234436035,0.3456012010574341,0.3456012010574341
5,424,c122ebbb87da477069024df6,1.5466816425323486,1.9425773620605469,0.39589571952819824,0.39589571952819824
5,425,d45332ba558c501417f9b1a1,1.649999976158142,2.1421303749084473,0.4921303987503052,0.4921303987503052
5,426,2bbace30195a4eec85e58a54,1.8200000524520874,1.851003646850586,0.031003594398498535,0.031003594398498535
5,427,dd406b40dd6d5681cd82269e,1.6439741849899292,1.753550410270691,0.10957622528076172,0.10957622528076172
5,428,1968c0fd1526ca00c7aceb6d,1.6100000143051147,1.4672662019729614,-0.14273381233215332,0.14273381233215332
5,429,ec850f724e77d4702db51cfc,3.548213481903076,4.217947959899902,0.6697344779968262,0.6697344779968262
5,430,6e3d09b5319a4e458860fc07,1.583418846130371,2.0463812351226807,0.46296238899230957,0.46296238899230957
5,431,50338fccf1632de0bdbb9bc5,3.419999837875366,3.2199907302856445,-0.20000910758972168,0.20000910758972168
5,432,ee96e9c3c672b08cf03d1d38,1.4600000381469727,1.9969813823699951,0.5369813442230225,0.5369813442230225
5,433,d60edca848e2f858053f0201,1.0099999904632568,1.2700387239456177,0.26003873348236084,0.26003873348236084
5,434,adc24614e2b3430c25259fa7,2.92081880569458,3.9704506397247314,1.0496318340301514,1.0496318340301514
5,435,3281aa95b94af4e01c14e2f7,1.0199999809265137,0.7636570334434509,-0.25634294748306274,0.25634294748306274
5,436,621182b067c9c2ed3f2d987f,2.609999895095825,2.0517661571502686,-0.5582337379455566,0.5582337379455566
5,437,be864d91862b7280b3304c66,0.83366858959198,1.2713046073913574,0.43763601779937744,0.43763601779937744
5,438,6291a3b345d8fbe3a4c05caa,0.8239087462425232,1.013873815536499,0.18996506929397583,0.18996506929397583
5,439,6f2e00350f0ffca88e07c76f,0.8899999856948853,1.3210240602493286,0.43102407455444336,0.43102407455444336
5,440,f9793ee6661f0726d0baea6a,1.6020599603652954,1.2975397109985352,-0.30452024936676025,0.30452024936676025
5,441,66bdb8a3c5c0d6eab5aa4d14,2.102372884750366,0.06571096181869507,-2.0366618633270264,2.0366618633270264
5,442,a12730f3c1ee95b954225381,0.5299999713897705,1.0566117763519287,0.5266118049621582,0.5266118049621582
5,443,a5ebbc24ae860fb7c2fb5624,0.5400000214576721,1.0717872381210327,0.5317872166633606,0.5317872166633606
5,444,fc7d77d2bef6fcc124838a1d,0.7857615947723389,2.099294900894165,1.3135333061218262,1.3135333061218262
5,445,ee6fedac3e05a4254f40c9df,1.600000023841858,1.738060474395752,0.13806045055389404,0.13806045055389404
5,446,f404ad95945905e8d906fa02,0.1530446708202362,0.0004844851791858673,-0.15256018936634064,0.15256018936634064
5,447,362a58d198c77c57b277e444,0.11999999731779099,1.8150912523269653,1.6950912475585938,1.6950912475585938
5,448,309d2c26810b57ceaafbfbd1,1.5700000524520874,1.5202796459197998,-0.0497204065322876,0.0497204065322876
5,449,abf167519718d43f5ce942e4,0.7594507336616516,0.885568380355835,0.12611764669418335,0.12611764669418335
5,450,6708e8851cf47c9a83a9ffd9,1.8700000047683716,1.8182164430618286,-0.05178356170654297,0.05178356170654297
5,451,6686d458a330eda93ab982a3,1.5,2.4070117473602295,0.9070117473602295,0.9070117473602295
5,452,9cd42c178f1d86a3133c0019,1.3699791431427002,2.444871187210083,1.0748920440673828,1.0748920440673828
5,453,993bf8368c844183582a406b,3.1081509590148926,3.1153087615966797,0.007157802581787109,0.007157802581787109
5,454,6d1214f3a82231e6b2dd5c09,1.4700000286102295,1.4846036434173584,0.014603614807128906,0.014603614807128906
5,455,6911407a66e15d1ab70ce183,1.3300000429153442,1.4510549306869507,0.12105488777160645,0.12105488777160645
5,456,b1df86aa4576f5da06e28c9c,0.23000000417232513,0.8447908759117126,0.6147908568382263,0.6147908568382263
5,457,99f69e225d8bfc94b77145eb,1.0099999904632568,1.200941801071167,0.19094181060791016,0.19094181060791016
5,458,55241b044d8384a933a5f0bd,0.5686362385749817,0.6976509690284729,0.1290147304534912,0.1290147304534912
5,459,2fbc8c5069e498d6796d5c7a,3.1549019813537598,1.5929350852966309,-1.561966896057129,1.561966896057129
5,460,99262404fa5642632bf34cb5,2.585026741027832,2.528775691986084,-0.05625104904174805,0.05625104904174805
5,461,48d4fe2aae158065c4498fde,0.8600000143051147,1.2714200019836426,0.41141998767852783,0.41141998767852783
5,462,b3cd59f653af36bf1bcf06f5,0.05000000074505806,0.5078731775283813,0.4578731656074524,0.4578731656074524
5,463,c2e892cb7b0c3c33dd6c5712,0.6100000143051147,1.10126531124115,0.49126529693603516,0.49126529693603516
5,464,dbfffc61cf25ba9ad916fb5e,1.3899999856948853,1.4988596439361572,0.10885965824127197,0.10885965824127197
5,465,da798a45d0c5ba7960842744,0.7918462157249451,-1.2750015258789062,-2.066847801208496,2.066847801208496
5,466,461a077bbdd28a37978825e0,0.7721133232116699,0.7811036109924316,0.008990287780761719,0.008990287780761719
5,467,b1f8408a7fec0b9450d29e7c,1.3872160911560059,0.70074063539505,-0.6864754557609558,0.6864754557609558
5,468,69a6d8ce636e1d6196dec679,0.6307841539382935,0.5626486539840698,-0.06813549995422363,0.06813549995422363
5,469,54a62065a95f05ef2d633352,1.3200000524520874,1.3645795583724976,0.044579505920410156,0.044579505920410156
5,470,e0b744cfe486cd285a5ff42b,1.0399999618530273,1.257948875427246,0.21794891357421875,0.21794891357421875
5,471,46a91d85b13b9e7736b82352,0.6800000071525574,0.9728589653968811,0.29285895824432373,0.29285895824432373
5,472,99e22ea12f96de0cd968e99d,2.140000104904175,1.9147273302078247,-0.2252727746963501,0.2252727746963501
5,473,567aa1b1901b88c1772c7c29,1.7699999809265137,2.2845308780670166,0.5145308971405029,0.5145308971405029
5,474,96ed1f376c1b9dc8f2b1b269,2.0799999237060547,1.5682522058486938,-0.5117477178573608,0.5117477178573608
5,475,55234bce9048ce99bd8412ae,1.7899999618530273,1.7199734449386597,-0.07002651691436768,0.07002651691436768
5,476,ea77ae97547154219c6017b8,2.950000047683716,3.105914354324341,0.155914306640625,0.155914306640625
5,477,9185a909d0ca690f7c6f0058,0.7799999713897705,1.064331293106079,0.2843313217163086,0.2843313217163086
5,478,c125710180cc8038b12ca8e7,1.5406075716018677,1.0771446228027344,-0.4634629487991333,0.4634629487991333
5,479,dcfe41acbd7342f4f796e66d,1.690000057220459,1.7020388841629028,0.012038826942443848,0.012038826942443848
5,480,86e3e5ad3e5df71f6ec17ebb,1.4900000095367432,1.6267162561416626,0.13671624660491943,0.13671624660491943
5,481,1405dfb70fe74cfb597e7394,2.940000057220459,2.205150842666626,-0.734849214553833,0.734849214553833
5,482,e5ad70273a505666913075ef,2.0,1.7626702785491943,-0.23732972145080566,0.23732972145080566
5,483,4ab685e1e122744c3e971615,2.568636178970337,4.123941898345947,1.5553057193756104,1.5553057193756104
5,484,f602634493a3837b7d025eab,1.4800000190734863,1.594299077987671,0.11429905891418457,0.11429905891418457
5,485,f996758881a25421f2a6b3d4,1.1799999475479126,0.5644044280052185,-0.6155955195426941,0.6155955195426941
5,486,c34b96c24451c82816329357,3.387216091156006,3.7695553302764893,0.3823392391204834,0.3823392391204834
5,487,77ba66700a0fe0205ad5d9e0,4.045757293701172,3.314758539199829,-0.7309987545013428,0.7309987545013428
5,488,ca8fcc53d0bdd64024741990,3.359999895095825,2.3115077018737793,-1.048492193222046,1.048492193222046
5,489,845e6eed695ac9fd2b9d4b94,2.8210229873657227,2.386723756790161,-0.4342992305755615,0.4342992305755615
5,490,d4bf253650a55d5d6b2eb295,3.4509966373443604,3.3415398597717285,-0.10945677757263184,0.10945677757263184
5,491,1a061e681313acbbb12aca89,0.5199999809265137,1.164656639099121,0.6446566581726074,0.6446566581726074
5,492,98dfd9a090a6c1234eb2a5d8,0.7799999713897705,1.3330892324447632,0.5530892610549927,0.5530892610549927
5,493,5c2f04b98f54ee5b52e49d11,0.8239087462425232,0.3158265948295593,-0.5080821514129639,0.5080821514129639
5,494,50bf1728ff63647970698822,2.314258337020874,2.3493168354034424,0.03505849838256836,0.03505849838256836
5,495,276ed34ac7461e3cb0fb6e12,1.440000057220459,1.6923601627349854,0.25236010551452637,0.25236010551452637
5,496,193574c0887c39c33200a2f6,1.1844664812088013,2.168621063232422,0.9841545820236206,0.9841545820236206
5,497,36a795eeca736da7340fa552,1.7300000190734863,1.8419208526611328,0.11192083358764648,0.11192083358764648
5,498,e69c1dde4c521363465b8387,2.2944176197052,2.1884925365448,-0.10592508316040039,0.10592508316040039
5,499,a570ecde3e107c823799b47d,3.9586071968078613,4.0312604904174805,0.07265329360961914,0.07265329360961914
5,500,b1aab20d9194f2c523e92c78,1.6399999856948853,1.1024612188339233,-0.5375387668609619,0.5375387668609619
5,501,daa3b7adafcb8ff250ef6fbe,4.602059841156006,3.3626532554626465,-1.2394065856933594,1.2394065856933594
5,502,4cdfdc8a5983a2119c2e1252,1.1200000047683716,1.734093427658081,0.6140934228897095,0.6140934228897095
5,503,897b4865b20728f298d35928,2.109999895095825,2.395467519760132,0.28546762466430664,0.28546762466430664
5,504,e098649a63f12cdc2f2a8447,0.6899999976158142,1.4294021129608154,0.7394021153450012,0.7394021153450012
5,505,04f21bcbe2b4aafb127f8a0b,0.9700000286102295,0.9716998934745789,0.0016998648643493652,0.0016998648643493652
5,506,44321f95b4c63239f80b5e09,2.0299999713897705,1.8289201259613037,-0.2010798454284668,0.2010798454284668
5,507,592385b75d2f59b462d678a6,3.0400052070617676,2.6722795963287354,-0.3677256107330322,0.3677256107330322
5,508,2db8d1775563235802175cb5,1.0499999523162842,1.2383404970169067,0.18834054470062256,0.18834054470062256
5,509,e0420564df8c123858f953e4,2.8728952407836914,2.1598846912384033,-0.7130105495452881,0.7130105495452881
5,510,e1d4dbfe456e4774437ba28a,0.9900000095367432,0.8290563821792603,-0.1609436273574829,0.1609436273574829
5,511,06df7924bf15e4cd4635c01c,3.119999885559082,2.867034673690796,-0.25296521186828613,0.25296521186828613
5,512,e4ecee0b9e96af97bce9c3a5,1.8446639776229858,1.8292067050933838,-0.01545727252960205,0.01545727252960205
5,513,bd055d5f217ee96f22cde1bc,2.299999952316284,1.3798972368240356,-0.9201027154922485,0.9201027154922485
5,514,3570409af372d2d5a5bb000c,1.2200000286102295,1.273886799812317,0.0538867712020874,0.0538867712020874
5,515,ebbcd4b8b85d8c2c332d4126,-0.8864907026290894,0.8502104878425598,1.736701250076294,1.736701250076294
5,516,1c767f236b7a1f66b69bda27,1.149999976158142,1.032433271408081,-0.11756670475006104,0.11756670475006104
5,517,938a390af04da2b8e843a89e,4.498940944671631,4.36967658996582,-0.12926435470581055,0.12926435470581055
5,518,04277f29c6d76eaf755f5f0e,1.2400000095367432,1.4589946269989014,0.2189946174621582,0.2189946174621582
5,519,561848edffe50ce4b0f2b029,1.090000033378601,1.3343054056167603,0.24430537223815918,0.24430537223815918
5,520,b04e0efeb792cb8075d6d752,3.209996461868286,2.6192662715911865,-0.5907301902770996,0.5907301902770996
5,521,588b9fdb6da61fd59d4dc9f5,3.0,2.540377378463745,-0.4596226215362549,0.4596226215362549
5,522,f4f9f9a8864301bf29d9e346,1.3872160911560059,1.3255009651184082,-0.061715126037597656,0.061715126037597656
5,523,fa1e8632f61a36fff12af1d1,2.4353339672088623,2.5861198902130127,0.1507859230041504,0.1507859230041504
5,524,970411e75b6d60428b412189,3.7695510387420654,4.173920154571533,0.4043691158294678,0.4043691158294678
5,525,bab5483f913c168627b51def,3.739928722381592,3.6100962162017822,-0.12983250617980957,0.12983250617980957
5,526,bc79923a5e5fd64c128b7dc8,2.7699999809265137,1.3784279823303223,-1.3915719985961914,1.3915719985961914
5,527,ac14924b7fa8093179a8de4b,1.440000057220459,1.4772144556045532,0.03721439838409424,0.03721439838409424
5,528,141aa874790549eb35ffea26,4.036211967468262,4.173920154571533,0.13770818710327148,0.13770818710327148
5,529,908db7c8af721d799cb39aa4,0.8299999833106995,1.1487632989883423,0.3187633156776428,0.3187633156776428
5,530,01448fadc58368ade8886933,1.3799999952316284,1.1752874851226807,-0.20471251010894775,0.20471251010894775
5,531,a17f9927f49ec3c592169b30,1.5934598445892334,1.6975212097167969,0.10406136512756348,0.10406136512756348
5,532,5259e95becb0c09ca59a4614,2.549999952316284,3.341261386871338,0.7912614345550537,0.7912614345550537
5,533,ea920d286463a805ac830df2,4.107905387878418,4.036881923675537,-0.07102346420288086,0.07102346420288086
5,534,402ba938c19c03db27997500,2.450000047683716,2.15956711769104,-0.2904329299926758,0.2904329299926758
5,535,e5ed43e16841fa801917e0cd,2.7784698009490967,2.7435455322265625,-0.03492426872253418,0.03492426872253418
5,536,2a1aa5f431ecf319fb69d368,0.41999998688697815,1.023581624031067,0.6035816669464111,0.6035816669464111
5,537,bbbe21508b17f4a079b17a57,4.638272285461426,4.625234603881836,-0.013037681579589844,0.013037681579589844
5,538,c203fe4099b880ad21b7f385,1.2200000286102295,1.1217775344848633,-0.09822249412536621,0.09822249412536621
5,539,68832ed87890b0fcfe71ccc9,1.3200000524520874,2.0067431926727295,0.6867431402206421,0.6867431402206421
5,540,a414ae405ab4648ef256ae60,1.7400000095367432,1.7578942775726318,0.017894268035888672,0.017894268035888672
5,541,88f5b9a9a7abddd83ebe6057,4.481485843658447,4.27609920501709,-0.20538663864135742,0.20538663864135742
5,542,90b2ff83a3c8a7ec831aade2,2.0299999713897705,2.4458062648773193,0.41580629348754883,0.41580629348754883
5,543,ab73fe12fe0fc9f9a21dd2fd,3.0399999618530273,1.977217197418213,-1.0627827644348145,1.0627827644348145
5,544,616ce2e509468a3a1e444ef9,2.602060079574585,2.58708119392395,-0.014978885650634766,0.014978885650634766
5,545,0b44dcdd2e54a7cd2b2fb9a6,2.140021562576294,2.424872636795044,0.28485107421875,0.28485107421875
5,546,084e35325ff4db54e24dc9ec,3.9586071968078613,4.106393814086914,0.14778661727905273,0.14778661727905273
5,547,98c50f8ee9be9968ab86aa01,1.148741602897644,0.9694684147834778,-0.17927318811416626,0.17927318811416626
5,548,5e5778c2b2ef3b37681c9d3a,1.2599999904632568,1.3053479194641113,0.04534792900085449,0.04534792900085449
5,549,4ba1de12aae08953e6de7eec,1.6989699602127075,1.4418004751205444,-0.2571694850921631,0.2571694850921631
5,550,eb89b82118775e24696f8fd5,2.971971273422241,2.875018835067749,-0.09695243835449219,0.09695243835449219
5,551,a1a68595e4d2eccb31c80072,0.7699999809265137,0.7428670525550842,-0.027132928371429443,0.027132928371429443
5,552,0f285a872fc8d419f295e7f5,1.053547739982605,1.4380735158920288,0.38452577590942383,0.38452577590942383
5,553,ddafb53fc60908a0e789b8fe,4.1191864013671875,3.9552571773529053,-0.16392922401428223,0.16392922401428223
5,554,bc3743ecabf71a0419204d62,0.6399999856948853,1.110552191734314,0.4705522060394287,0.4705522060394287
5,555,92fb12d6fc813a47085e5673,2.2300000190734863,1.709926962852478,-0.5200730562210083,0.5200730562210083
5,556,734bdafabcd698368b4bec97,1.0099999904632568,1.3496789932250977,0.3396790027618408,0.3396790027618408
5,557,364eba2a326f0adb47b3e8e3,1.559999942779541,1.3053967952728271,-0.25460314750671387,0.25460314750671387
5,558,5ebb9fe6bf96cadd82c50dcd,2.309999942779541,1.9250394105911255,-0.3849605321884155,0.3849605321884155
5,559,2b303c59a810e25b4d4f3f2f,2.319999933242798,1.6085877418518066,-0.7114121913909912,0.7114121913909912
5,560,93e1e83c51cbe0a37e682808,3.9586071968078613,3.7310380935668945,-0.2275691032409668,0.2275691032409668
5,561,e20819958d7ca7c1d17de3c0,3.3499999046325684,3.713207721710205,0.3632078170776367,0.3632078170776367
5,562,2e32b971c755b9c9e4d9ab09,0.550000011920929,0.514661967754364,-0.03533804416656494,0.03533804416656494
5,563,27af28cc50603fd8afb1be4e,1.7400000095367432,2.0163142681121826,0.27631425857543945,0.27631425857543945
5,564,516d9a10d9367e89bdb0a81d,1.6399999856948853,1.3339941501617432,-0.3060058355331421,0.3060058355331421
5,565,ae2988ab368e1d05641cfd70,2.309999942779541,1.7159366607666016,-0.5940632820129395,0.5940632820129395
5,566,cc87b24cb0092964eb15d0df,1.1799999475479126,1.2815592288970947,0.10155928134918213,0.10155928134918213
5,567,f622caaf4dcc50af1e6d3f7b,2.3565473556518555,1.969552755355835,-0.3869946002960205,0.3869946002960205
5,568,be8e64c551e10274e2eedd2c,1.5099999904632568,1.3411672115325928,-0.16883277893066406,0.16883277893066406
5,569,81bda0d822252b93af990a78,0.6299999952316284,1.3303663730621338,0.7003663778305054,0.7003663778305054
5,570,da17fc59999b1cfd1083dd58,0.8700000047683716,1.4893460273742676,0.619346022605896,0.619346022605896
5,571,92e2493cb79290e9d8c42ad5,3.0305840969085693,3.1894006729125977,0.15881657600402832,0.15881657600402832
5,572,8933795f9e7f6ff38b615dd0,4.739928722381592,3.678321361541748,-1.0616073608398438,1.0616073608398438
5,573,2f1a6b2396999d98c5014a87,1.1299999952316284,1.5510940551757812,0.42109405994415283,0.42109405994415283
5,574,3a9cd595e655e9d930fd6480,3.428291082382202,3.560255289077759,0.13196420669555664,0.13196420669555664
5,575,0a057bc14fb1ae19077e783d,0.9599999785423279,0.7705729603767395,-0.18942701816558838,0.18942701816558838
5,576,54486ed8ab36cd6062d29690,1.75,1.8174666166305542,0.0674666166305542,0.0674666166305542
5,577,c85d18d946836fdb75d3ee27,2.0,2.4803249835968018,0.48032498359680176,0.48032498359680176
5,578,843f34f3909b6b29b0bd9c8e,0.75,0.9566161036491394,0.2066161036491394,0.2066161036491394
5,579,2626025329f5ff3125b43ecc,1.899999976158142,2.030419111251831,0.13041913509368896,0.13041913509368896
5,580,7d0d68ca9c4207bc639ab3e1,2.6382720470428467,2.183542013168335,-0.4547300338745117,0.4547300338745117
5,581,d4ce5b5222a04c752a421199,2.9200000762939453,2.5987493991851807,-0.32125067710876465,0.32125067710876465
5,582,2c10c617e03217fb42e8be33,2.51855731010437,2.692051649093628,0.1734943389892578,0.1734943389892578
5,583,ba081fb2f8502c07869820a0,2.049999952316284,1.7158353328704834,-0.3341646194458008,0.3341646194458008
5,584,d6362935cb73c05bf34b687c,1.7699999809265137,1.4321634769439697,-0.33783650398254395,0.33783650398254395
5,585,ed4b9874f12fafe30d9f2db3,2.549999952316284,2.004713773727417,-0.5452861785888672,0.5452861785888672
5,586,e8523a04b11fdf80674ff3c9,1.7400000095367432,2.0143849849700928,0.2743849754333496,0.2743849754333496
5,587,6d1fa580b387ad968d7f7ff5,1.8300000429153442,1.9253995418548584,0.09539949893951416,0.09539949893951416
5,588,e26d69d4575b25a6f19ca59e,1.1200000047683716,1.00394868850708,-0.1160513162612915,0.1160513162612915
5,589,aa26d0d972f0025a01b4b677,3.1366770267486572,2.7349376678466797,-0.40173935890197754,0.40173935890197754
5,590,50af7d827d66ae388251604a,1.9299999475479126,1.8558334112167358,-0.07416653633117676,0.07416653633117676
5,591,1eeb3e5834e1fe51f6d027e4,1.1100000143051147,0.874725878238678,-0.23527413606643677,0.23527413606643677
5,592,93b82deb34fb1f8903514d8f,1.149999976158142,1.0312376022338867,-0.11876237392425537,0.11876237392425537
5,593,4c8e4a3fcb8d14abbbb2a365,1.5100414752960205,1.7700552940368652,0.2600138187408447,0.2600138187408447
5,594,7367d4403820c4783870dcae,2.0105059146881104,2.663280487060547,0.6527745723724365,0.6527745723724365
5,595,1f2ad4d3ec1563471e83326a,1.3300000429153442,1.422010898590088,0.09201085567474365,0.09201085567474365
5,596,509d91b52ac9daed33a6b8aa,0.7699999809265137,1.805546522140503,1.0355465412139893,1.0355465412139893
5,597,1a4e24658bbf912a63798dc2,0.699999988079071,0.23591019213199615,-0.4640898108482361,0.4640898108482361
5,598,79dfe2126d1547086e61f73a,1.1799999475479126,1.5875402688980103,0.40754032135009766,0.40754032135009766
5,599,d7a6d1a979ea730f3c26cfc9,1.1100000143051147,1.2066750526428223,0.09667503833770752,0.09667503833770752
5,600,86b59f57ac4595059a35fb12,2.730487108230591,2.542111396789551,-0.18837571144104004,0.18837571144104004
5,601,d85f5fa1e7139660fc0a88fa,4.136677265167236,4.372364521026611,0.235687255859375,0.235687255859375
5,602,9226c847e48289f8811a8946,0.4099999964237213,0.8867201805114746,0.4767201840877533,0.4767201840877533
5,603,a339578d64573839b0c33027,1.5299999713897705,1.566138505935669,0.03613853454589844,0.03613853454589844
5,604,ea164aa249370adfe24204ba,1.3799999952316284,1.3510470390319824,-0.028952956199645996,0.028952956199645996
5,605,3cf347e46d9141b5c1275201,1.6799999475479126,1.7071516513824463,0.02715170383453369,0.02715170383453369
5,606,3afa4ccf8c530025aee572dd,1.559999942779541,2.0680201053619385,0.5080201625823975,0.5080201625823975
5,607,ba008c98640857a36ebb3ff1,0.9430951476097107,1.6358678340911865,0.6927726864814758,0.6927726864814758
5,608,cd30677c6118427c5bffd489,0.3665315508842468,1.2955998182296753,0.9290682673454285,0.9290682673454285
5,609,d0ce916bbb23146ccf312ca8,2.5999999046325684,1.7472273111343384,-0.85277259349823,0.85277259349823
5,610,374c3d5f607b5540bb00eb7b,0.9399999976158142,1.4033949375152588,0.4633949398994446,0.4633949398994446
5,611,3c063460e2da2934038e2f46,2.6777806282043457,2.7313525676727295,0.05357193946838379,0.05357193946838379
5,612,cad25953e54218d936b86985,2.2500319480895996,4.2054266929626465,1.9553947448730469,1.9553947448730469
5,613,c972227fe7b89295fd050c85,1.3300000429153442,1.94217848777771,0.6121784448623657,0.6121784448623657
5,614,1bef28be9b0477db526c78a7,3.087777853012085,3.378908395767212,0.29113054275512695,0.29113054275512695
5,615,c51815eedb5cf5269db7fae9,2.180000066757202,2.3201372623443604,0.1401371955871582,0.1401371955871582
5,616,9fa53b8ffc7722eed1e81c74,2.6575772762298584,3.7477080821990967,1.0901308059692383,1.0901308059692383
5,617,7ef1d2f401557d770a97133c,1.2699999809265137,1.3529503345489502,0.08295035362243652,0.08295035362243652
5,618,a81e89543d34d25b59e9a8da,4.275723934173584,4.466317653656006,0.19059371948242188,0.19059371948242188
5,619,692443543204a19bcf8f255e,0.9100000262260437,1.2082113027572632,0.2982112765312195,0.2982112765312195
5,620,a0f23fb0a7f3096b748e1eea,1.9200233221054077,1.9404029846191406,0.02037966251373291,0.02037966251373291
5,621,9ded290e4e869cd35a674246,1.1799999475479126,1.113184928894043,-0.06681501865386963,0.06681501865386963
5,622,7cfabae3d278ffa86ee21a88,4.251811981201172,3.589202880859375,-0.6626091003417969,0.6626091003417969
5,623,ed06f1224d8fb1fd8f5f3742,1.5199999809265137,1.5813746452331543,0.061374664306640625,0.061374664306640625
5,624,4ced720286d0635d34cae852,0.949999988079071,1.2526271343231201,0.3026271462440491,0.3026271462440491
5,625,6c2bfa00696f5d71a09b7b67,1.5700000524520874,1.7364044189453125,0.1664043664932251,0.1664043664932251
5,626,9990d56f686f9193654e1ed1,2.859999895095825,1.7106797695159912,-1.149320125579834,1.149320125579834
5,627,1f859aac11fc3d5718e3739e,4.004364967346191,4.106393814086914,0.10202884674072266,0.10202884674072266
5,628,d3fdaef9facd2de76862d9d0,1.9299999475479126,1.840163230895996,-0.0898367166519165,0.0898367166519165
5,629,6fe8c61532ffa0281edfda93,3.4202163219451904,2.8745124340057373,-0.5457038879394531,0.5457038879394531
5,630,9ebde448c37d72f51b94137e,0.1249387338757515,0.7163879871368408,0.5914492607116699,0.5914492607116699
5,631,7b785fdee6fb5aff489e89ae,4.107348918914795,4.065250873565674,-0.042098045349121094,0.042098045349121094
5,632,758110b6bf0556bc6446ab79,2.0199999809265137,1.8352124691009521,-0.18478751182556152,0.18478751182556152
5,633,f744c75e946eb1ef81967455,1.9299999475479126,1.5076956748962402,-0.42230427265167236,0.42230427265167236
5,634,8803c4a9ee52d8578533e93a,1.3700000047683716,1.3263423442840576,-0.043657660484313965,0.043657660484313965
5,635,3d8c8f93e80e7b74235d227f,2.0199999809265137,1.391568660736084,-0.6284313201904297,0.6284313201904297
5,636,02f7d2a390ac5cd29dffe695,1.886056661605835,2.336768388748169,0.450711727142334,0.450711727142334
5,637,f9ba0aa0823aae9cacc29a06,1.8300000429153442,2.2111501693725586,0.38115012645721436,0.38115012645721436
5,638,dee8a0a807e3ed762117e75d,1.5100414752960205,1.6394426822662354,0.12940120697021484,0.12940120697021484
5,639,adbefb3ac7512588316686bb,1.9900000095367432,2.0229556560516357,0.03295564651489258,0.03295564651489258
5,640,9d97404ee5e93dcfcbcffc6f,1.6100000143051147,1.8791742324829102,0.2691742181777954,0.2691742181777954
5,641,d918db4d1dadbe955b899e04,1.2699999809265137,1.465184211730957,0.19518423080444336,0.19518423080444336
5,642,965ca770300f63bee7455ba2,2.0199999809265137,1.8360759019851685,-0.18392407894134521,0.18392407894134521
5,643,32ac330273e82a863500d27d,1.0800000429153442,1.3052570819854736,0.2252570390701294,0.2252570390701294
5,644,a0280c1a457fa26f398f19e9,0.8538719415664673,1.0141037702560425,0.1602318286895752,0.1602318286895752
5,645,b50da861ef298a83d5c38c2d,0.44999998807907104,0.9930819869041443,0.5430819988250732,0.5430819988250732
5,646,9a6b89d86b24a47122bacaf3,1.6799999475479126,1.5780918598175049,-0.10190808773040771,0.10190808773040771
5,647,a085e4b396e1d8b47c9862ac,4.100015640258789,3.4681551456451416,-0.6318604946136475,0.6318604946136475
5,648,e935bd017461826c594a5624,1.9244530200958252,0.994081437587738,-0.9303715825080872,0.9303715825080872
5,649,a9e78713a4bc7445b3f8873c,4.25,4.182643413543701,-0.06735658645629883,0.06735658645629883
5,650,e6c15ad2c3863c4715669a2b,1.9700000286102295,1.0594408512115479,-0.9105591773986816,0.9105591773986816
5,651,e6004b922884048fae77bd1a,1.4913617372512817,1.907163143157959,0.41580140590667725,0.41580140590667725
5,652,1c31960bef3204116a8b5a18,3.31575345993042,3.349271059036255,0.03351759910583496,0.03351759910583496
5,653,5aa25ec705952f1fad5ef25d,2.3767507076263428,2.664829969406128,0.28807926177978516,0.28807926177978516
5,654,9825705c11b5d0dcf724e20d,2.568636178970337,2.6051268577575684,0.036490678787231445,0.036490678787231445
5,655,20e07f652de231d8868b82e6,1.690000057220459,2.365612745285034,0.6756126880645752,0.6756126880645752
5,656,1839ecf2903f428bb8928c78,2.124938726425171,2.4424386024475098,0.31749987602233887,0.31749987602233887
5,657,0d8d5dd8093eb7fd8d942306,0.6197887659072876,0.6925111413002014,0.07272237539291382,0.07272237539291382
5,658,8b98ffef8e1bf4c96ccf1c25,1.0499999523162842,0.8809046149253845,-0.16909533739089966,0.16909533739089966
5,659,bc0146fac4cf4ec6e2d9c169,1.8600000143051147,2.00935435295105,0.14935433864593506,0.14935433864593506
5,660,46246350cdb7e7a1ced1de07,1.9700000286102295,2.327923536300659,0.3579235076904297,0.3579235076904297
5,661,bdbbac21afe9ea16eab62dbb,1.309999942779541,0.8379908204078674,-0.4720091223716736,0.4720091223716736
5,662,1427e7da9569dd5d28043bff,1.2899999618530273,1.4938604831695557,0.20386052131652832,0.20386052131652832
5,663,96e40738aaef8a2f488f0161,0.9200000166893005,0.982025682926178,0.06202566623687744,0.06202566623687744
5,664,b12c2bd476f2d02c4a1d378b,2.853872060775757,2.8238229751586914,-0.03004908561706543,0.03004908561706543
5,665,e6ae3bf860ff2879132145fa,0.36051350831985474,0.5705791115760803,0.21006560325622559,0.21006560325622559
5,666,2c400c8d476830edef8e0bf6,2.009999990463257,1.6943389177322388,-0.31566107273101807,0.31566107273101807
5,667,4dcaf2454fe66539d4e48e8b,1.2000000476837158,1.1337019205093384,-0.06629812717437744,0.06629812717437744
5,668,6c11532f3d8ac37bfa5542fc,2.4700000286102295,1.7271180152893066,-0.7428820133209229,0.7428820133209229
5,669,38a9e60d7beaaee3f3d3b6af,2.25,1.69892418384552,-0.55107581615448,0.55107581615448
5,670,f793684037a5655f0f5d19c9,1.2986047267913818,1.210178256034851,-0.08842647075653076,0.08842647075653076
5,671,6ef51f4e8c45258e2d11937a,4.387216091156006,4.484272003173828,0.09705591201782227,0.09705591201782227
5,672,eb74b9575ce985cf77430698,0.5299999713897705,0.6706663370132446,0.14066636562347412,0.14066636562347412
5,673,efa75ec04315558863b40b8b,1.0299999713897705,1.0579195022583008,0.027919530868530273,0.027919530868530273
5,674,89d94eca68be181709a6fa01,3.301029920578003,2.974883794784546,-0.32614612579345703,0.32614612579345703
5,675,02c3168842aff371e8cbb44f,1.5399999618530273,1.1463286876678467,-0.39367127418518066,0.39367127418518066
5,676,ac94c01be6f9747b50b018a3,0.6117964386940002,0.49501854181289673,-0.11677789688110352,0.11677789688110352
5,677,1d8e46dc9e5aa2575f70aba1,1.4948500394821167,1.789678692817688,0.2948286533355713,0.2948286533355713
5,678,95534222d13bb38a8bbafa2c,0.28999999165534973,1.4384326934814453,1.148432731628418,1.148432731628418
5,679,e4662b44e40481ca92d1bdd5,1.5800000429153442,1.1757018566131592,-0.40429818630218506,0.40429818630218506
5,680,fba67ff0fbde01562c4dfe31,0.7958800196647644,0.9327217936515808,0.1368417739868164,0.1368417739868164
5,681,ce5f80301c906c591f7cd998,1.25,1.246639370918274,-0.0033606290817260742,0.0033606290817260742
5,682,e6ef2c97aa965e43a33c0142,2.9700000286102295,2.7709591388702393,-0.19904088973999023,0.19904088973999023
5,683,3a02af29bcc3356a298e318b,1.3600000143051147,1.1724791526794434,-0.1875208616256714,0.1875208616256714
5,684,bd9babac94cd76d6db3716bf,1.9299999475479126,2.1460845470428467,0.21608459949493408,0.21608459949493408
5,685,427fe390eab32f531a398a10,2.091515064239502,3.5335042476654053,1.4419891834259033,1.4419891834259033
5,686,ff606be15f042191c578ee31,0.6200000047683716,1.1263700723648071,0.5063700675964355,0.5063700675964355
5,687,059dbab7aa82b3d9d10acf79,2.440000057220459,2.15712571144104,-0.28287434577941895,0.28287434577941895
5,688,2f7c95693e8f83e80c341f98,1.9199999570846558,1.9740207195281982,0.05402076244354248,0.05402076244354248
5,689,14f11f8dc79368c81643b143,1.5,1.4185986518859863,-0.08140134811401367,0.08140134811401367
5,690,e8a20aeff4222bcf225516a3,2.2441251277923584,2.263991594314575,0.019866466522216797,0.019866466522216797
5,691,6e3c22ada30b9621df5e3458,2.060480833053589,1.8375604152679443,-0.22292041778564453,0.22292041778564453
5,692,6dd131a4a11d700ffd4099cc,3.2266199588775635,2.752859115600586,-0.47376084327697754,0.47376084327697754
5,693,f153b95f0bc57ce41e3b2090,1.7000000476837158,1.3568686246871948,-0.343131422996521,0.343131422996521
5,694,1942dab6a2739527ec8ae8ce,0.9399999976158142,0.9902567267417908,0.05025672912597656,0.05025672912597656
5,695,c1a344127d17560eeea9cfcc,1.4600000381469727,1.309908390045166,-0.15009164810180664,0.15009164810180664
5,696,22890c32a4a40d28357ab1a9,1.7999999523162842,1.8810808658599854,0.08108091354370117,0.08108091354370117
5,697,7b680b3f600ae2234824d691,0.9399999976158142,1.669886827468872,0.7298868298530579,0.7298868298530579
5,698,d56930468aafb04059cc53fb,2.096909999847412,2.2154970169067383,0.11858701705932617,0.11858701705932617
5,699,a8af777369d09a988ccc96da,1.9700000286102295,1.9726932048797607,0.00269317626953125,0.00269317626953125
5,700,8c4e8f15134fafe23ae02a55,1.940000057220459,1.5243711471557617,-0.41562891006469727,0.41562891006469727
5,701,78e18126fc43379462a24711,2.7200000286102295,1.8989368677139282,-0.8210631608963013,0.8210631608963013
5,702,fea4e2fc5fef4ed003b54da4,3.740000009536743,3.867885112762451,0.127885103225708,0.127885103225708
5,703,1c0faa1fa86739666ebc771b,2.585026741027832,2.579190731048584,-0.005836009979248047,0.005836009979248047
5,704,017a0be66913543a4b227ccf,3.7100000381469727,3.5307486057281494,-0.17925143241882324,0.17925143241882324
5,705,28c2be92d57a4169a8df545e,2.940000057220459,2.3860437870025635,-0.5539562702178955,0.5539562702178955
5,706,ff77f54316ad54ea5425a30c,1.0299999713897705,1.0777056217193604,0.047705650329589844,0.047705650329589844
5,707,f66723e11f53bb647bd65c2b,3.92081880569458,3.537566661834717,-0.3832521438598633,0.3832521438598633
5,708,fafb386d927e1a008df28a41,1.5299999713897705,1.5540177822113037,0.024017810821533203,0.024017810821533203
5,709,334d427a402d9b8e89474f7e,2.315753221511841,2.0144689083099365,-0.3012843132019043,0.3012843132019043
5,710,048ff91af34f4114224c2624,4.236571788787842,3.7380259037017822,-0.49854588508605957,0.49854588508605957
5,711,c8050f3b801347f64f375325,0.5099999904632568,0.9677382111549377,0.4577382206916809,0.4577382206916809
5,712,501b7eed64d57971fa47bb74,2.240000009536743,1.530376672744751,-0.7096233367919922,0.7096233367919922
5,713,58e9bef87bac5688492e41c2,4.663540363311768,3.4826741218566895,-1.1808662414550781,1.1808662414550781
5,714,2499d566c31234533721b6ba,1.2599999904632568,1.0090327262878418,-0.25096726417541504,0.25096726417541504
5,715,c18a96c35f932187273fc1b5,3.397939920425415,4.201693534851074,0.8037536144256592,0.8037536144256592
5,716,55b39fa551974d6f008ff4be,1.4299999475479126,1.74965238571167,0.3196524381637573,0.3196524381637573
5,717,25bd941d0598f3d90f5d1230,2.6814730167388916,2.505018711090088,-0.1764543056488037,0.1764543056488037
5,718,2709713418f34692bcd8dc3a,1.0299999713897705,0.9631553292274475,-0.066844642162323,0.066844642162323
5,719,3abd77829ac99cb6713d5250,2.9359166622161865,2.973771810531616,0.03785514831542969,0.03785514831542969
5,720,835ab8db3a0c591c02270905,3.6199698448181152,2.64018177986145,-0.979788064956665,0.979788064956665
5,721,93d49a0c4922e23e4421c271,1.2200000286102295,0.7400241494178772,-0.4799758791923523,0.4799758791923523
5,722,7d2d000bfb8c1a30263e01a9,1.340000033378601,1.0841032266616821,-0.25589680671691895,0.25589680671691895
5,723,d752c42bb2147c561da6840b,1.0499999523162842,1.2654063701629639,0.2154064178466797,0.2154064178466797
5,724,a71cf93a224bd3fd1c80ca86,4.443697452545166,4.488039493560791,0.044342041015625,0.044342041015625
5,725,1d32c50e743a2f379cb8c377,3.630784034729004,3.393834114074707,-0.23694992065429688,0.23694992065429688
5,726,255ba2391f6417c8cb3a7ed2,1.5199999809265137,1.2866883277893066,-0.23331165313720703,0.23331165313720703
5,727,1b4c649bb510e7e89e244979,2.430000066757202,2.473958730697632,0.04395866394042969,0.04395866394042969
5,728,b234ee7d9d4a521c38c4158a,1.5199999809265137,1.1367360353469849,-0.3832639455795288,0.3832639455795288
5,729,1975c6dba18bfa380301f17c,0.2800000011920929,0.6164423227310181,0.33644232153892517,0.33644232153892517
5,730,7bba9f246bc037031a4a4319,1.4700000286102295,1.18641996383667,-0.28358006477355957,0.28358006477355957
5,731,62d15a70ea4981c9fffc38d1,1.8300000429153442,1.8241353034973145,-0.005864739418029785,0.005864739418029785
5,732,7e5862776a643e16072724b4,-1.3424227237701416,-0.5109155774116516,0.83150714635849,0.83150714635849
5,733,bc919dfae90510cc07de5cd5,4.2881927490234375,4.2791900634765625,-0.009002685546875,0.009002685546875
5,734,4fdd262a17dc261fa199a3e7,0.8199999928474426,0.8924307227134705,0.07243072986602783,0.07243072986602783
5,735,73f71a56b9d0e4e163e0a00f,1.6399999856948853,1.788864254951477,0.1488642692565918,0.1488642692565918
5,736,bae04ca12202299e92b95363,3.0799999237060547,2.25254487991333,-0.8274550437927246,0.8274550437927246
5,737,98d9cb373f74b2adaad80fc9,1.149999976158142,0.8283193707466125,-0.32168060541152954,0.32168060541152954
5,738,f6f36fa42c7356af5ec8da9f,0.8100000023841858,1.1025571823120117,0.2925571799278259,0.2925571799278259
5,739,2db1598c1b19472a5a25d6b1,2.1804561614990234,1.687220811843872,-0.49323534965515137,0.49323534965515137
5,740,8fe93fe1608c17053ecce2fc,0.9599999785423279,1.2187875509262085,0.2587875723838806,0.2587875723838806
5,741,e855b241186214cdcb785414,2.325016736984253,2.368108034133911,0.0430912971496582,0.0430912971496582
5,742,fda6b246e79c22fadcda709f,0.9300000071525574,0.7793915867805481,-0.15060842037200928,0.15060842037200928
5,743,9b545dcc84a3cc38d470ea5b,5.096909999847412,3.7948155403137207,-1.3020944595336914,1.3020944595336914
5,744,412f0020d35955ca0e41f915,1.6299999952316284,1.8056284189224243,0.1756284236907959,0.1756284236907959
5,745,3869cb5fafe4cc1dd496da99,2.259999990463257,1.6233047246932983,-0.6366952657699585,0.6366952657699585
5,746,edc2c5a12691f8978e8a2450,0.8538719415664673,1.0141037702560425,0.1602318286895752,0.1602318286895752
5,747,9786d9c668204eb3f58fbece,1.0700000524520874,1.4968103170394897,0.42681026458740234,0.42681026458740234
5,748,8d43a90c8911f03a5474fbba,1.8600000143051147,2.076967477798462,0.21696746349334717,0.21696746349334717
5,749,72eeec3961f81292e8206626,0.36051350831985474,0.43865007162094116,0.07813656330108643,0.07813656330108643
5,750,95c68d2f945ea6d6c518e789,2.346787452697754,2.497565746307373,0.15077829360961914,0.15077829360961914
5,751,d47c995cd59c97678ee33e2c,1.9500000476837158,1.675171136856079,-0.2748289108276367,0.2748289108276367
5,752,4b1eea30be914c13a412292a,1.190000057220459,1.390456199645996,0.2004561424255371,0.2004561424255371
5,753,9eeb593d744b5c81f43c6d97,3.73002028465271,3.885953426361084,0.15593314170837402,0.15593314170837402
5,754,c59a89a9b047f35a83050a1c,0.3100000023841858,0.7697482109069824,0.45974820852279663,0.45974820852279663
5,755,f76a8df4458d608c6d78e719,1.9700000286102295,1.6365406513214111,-0.33345937728881836,0.33345937728881836
5,756,eb1e2f4039d905eb5f411439,3.0899999141693115,3.083331823348999,-0.0066680908203125,0.0066680908203125
5,757,337a2df5e35879038e081185,1.0299999713897705,1.302072286605835,0.27207231521606445,0.27207231521606445
5,758,58554a4122607a6a1668eb9a,3.3565473556518555,3.2125465869903564,-0.14400076866149902,0.14400076866149902
5,759,8f1d410ea219f95f3138d5be,1.761439323425293,-0.40402963757514954,-2.16546893119812,2.16546893119812
5,760,188096affed836033e4a6119,0.9300000071525574,1.5520074367523193,0.622007429599762,0.622007429599762
5,761,069d14c556334421477cb551,0.9399999976158142,1.1921844482421875,0.2521844506263733,0.2521844506263733
5,762,5c311d49a09ddd1ab36a1fdd,1.443697452545166,1.69758939743042,0.2538919448852539,0.2538919448852539
5,763,3069439805be6f6217af6553,3.6635403633117676,3.5268967151641846,-0.136643648147583,0.136643648147583
5,764,78700727c7089798d8da03f8,2.77211332321167,2.915222406387329,0.14310908317565918,0.14310908317565918
5,765,20430798a35c71c2b0a60ece,1.149999976158142,1.3225958347320557,0.17259585857391357,0.17259585857391357
5,766,cfb504f8d3ec8521a05630b2,2.140000104904175,0.9968968033790588,-1.1431033611297607,1.1431033611297607
5,767,df90d7b268c08955d98d61f2,0.7400000095367432,0.9471210837364197,0.2071210741996765,0.2071210741996765
5,768,71c2753f3bbd47ffe47a20d3,2.086186170578003,2.084367036819458,-0.0018191337585449219,0.0018191337585449219
5,769,eef6989ba34718d9ae3b9b7c,1.2200000286102295,1.518904685974121,0.2989046573638916,0.2989046573638916
5,770,9d6e2c432c45e22fff971628,1.3700000047683716,1.1396154165267944,-0.23038458824157715,0.23038458824157715
5,771,6b216b61b047686de97c2cfa,3.397939920425415,3.1648356914520264,-0.23310422897338867,0.23310422897338867
5,772,ce40083f487a8d0ff6555c93,3.931814193725586,3.240013599395752,-0.691800594329834,0.691800594329834
5,773,4e1b4707a8e6e699ec40ea4d,1.159999966621399,1.1874895095825195,0.027489542961120605,0.027489542961120605
5,774,3280d4c2ba34d88183e26a80,1.4800000190734863,1.846278190612793,0.36627817153930664,0.36627817153930664
5,775,6b6bcd31476c71c652caee72,3.8664610385894775,2.3887252807617188,-1.4777357578277588,1.4777357578277588
5,776,e3b63b1ffb857f7582d542cb,3.017728805541992,3.724919557571411,0.707190752029419,0.707190752029419
5,777,71a2967291d15db942d24ec4,1.8761483430862427,2.1174862384796143,0.24133789539337158,0.24133789539337158
5,778,35c9bebfdd0334ef63fb6310,1.992821455001831,2.0185091495513916,0.025687694549560547,0.025687694549560547
5,779,fedef6d9cca2c950aa9b6d1d,1.2699999809265137,1.4309053421020508,0.1609053611755371,0.1609053611755371
5,780,d7d44b8d04f0391b26895008,0.25,0.20473895967006683,-0.045261040329933167,0.045261040329933167
5,781,e40e2ba2f69aeb205baa521d,1.559999942779541,1.1365594863891602,-0.42344045639038086,0.42344045639038086
5,782,19d7af427223d071532777f8,0.9200000166893005,1.3820209503173828,0.4620209336280823,0.4620209336280823
5,783,75ee92483a3c3e7ca9f449a4,0.6800000071525574,1.5222033262252808,0.8422033190727234,0.8422033190727234
5,784,1ddbc4621673214857f52d7b,0.102372907102108,0.06571096181869507,-0.03666194528341293,0.03666194528341293
5,785,fb4982fefc4db80021b5535c,2.698970079421997,2.696568250656128,-0.0024018287658691406,0.0024018287658691406
5,786,b4491fefebcf7f2d94dcbfb5,3.430000066757202,3.5631840229034424,0.13318395614624023,0.13318395614624023
5,787,4a09a6bc9b4620a718b7ca7e,2.0999999046325684,1.5551354885101318,-0.5448644161224365,0.5448644161224365
5,788,d7f141b93e43fc5acc9d6ea3,4.991399765014648,3.000115156173706,-1.9912846088409424,1.9912846088409424
5,789,39ae19d848e06cc07e8b78f1,1.4600000381469727,1.546032190322876,0.08603215217590332,0.08603215217590332
5,790,90e83ebcbe776cb380f15fa8,0.7699999809265137,1.1822237968444824,0.41222381591796875,0.41222381591796875
5,791,8a02d0464b9697aa3eb53b00,1.7999999523162842,1.4946191310882568,-0.30538082122802734,0.30538082122802734
5,792,39eab97e290108b21ddded9c,2.4416913986206055,3.5020017623901367,1.0603103637695312,1.0603103637695312
5,793,f3fa2b485c42c19342535521,2.5399999618530273,1.5720622539520264,-0.967937707901001,0.967937707901001
5,794,e5e1428254ef945cca8732ce,2.5,2.0758256912231445,-0.42417430877685547,0.42417430877685547
5,795,7743140934a474cc4f12dcbf,2.0399999618530273,2.1974785327911377,0.15747857093811035,0.15747857093811035
5,796,7dcbce3c188c127bac61ef8f,4.443697452545166,3.761751890182495,-0.6819455623626709,0.6819455623626709
5,797,47df91646d974797144381c3,2.8196828365325928,2.4818952083587646,-0.3377876281738281,0.3377876281738281
5,798,000ea158dd0bbe483cc016b7,3.2699999809265137,3.041435956954956,-0.22856402397155762,0.22856402397155762
5,799,bf598eb6e32a1e56321360a2,0.1599999964237213,1.1609883308410645,1.0009883642196655,1.0009883642196655
5,800,537f49f43273239827ffffa0,3.3098039627075195,3.3243048191070557,0.014500856399536133,0.014500856399536133
5,801,69a75137f9fbdb198c9838c5,1.2599999904632568,1.1639577150344849,-0.09604227542877197,0.09604227542877197
5,802,6e13eae48f2ad203f2f704bc,2.5299999713897705,2.0007336139678955,-0.529266357421875,0.529266357421875
5,803,1f9f8f8c8f8e54f279585ae1,0.8899999856948853,0.8941922783851624,0.0041922926902771,0.0041922926902771
5,804,d22e3d62ae3df3569343f614,0.7200000286102295,1.124510407447815,0.40451037883758545,0.40451037883758545
5,805,560ddede1b388cbfad38678e,0.9200000166893005,1.6566121578216553,0.7366121411323547,0.7366121411323547
5,806,3b23853c7df1a095acc86717,2.9800000190734863,3.2949256896972656,0.3149256706237793,0.3149256706237793
5,807,ceb8e09d6ce33f1d43185969,0.7958800196647644,0.6675789952278137,-0.12830102443695068,0.12830102443695068
5,808,d8f68d95eb162a96812ae9f4,1.46040940284729,1.9361544847488403,0.4757450819015503,0.4757450819015503
5,809,0ad7be50dd4f09d45fadef58,1.9700000286102295,1.8958101272583008,-0.07418990135192871,0.07418990135192871
5,810,664cef924e267d36c71c9895,-0.6901960968971252,0.5057476162910461,1.1959437131881714,1.1959437131881714
5,811,20548371e7dfac95a479658a,3.92081880569458,3.5211424827575684,-0.3996763229370117,0.3996763229370117
5,812,b0dde4daa6d0650f448ffd74,4.050610065460205,4.097914695739746,0.047304630279541016,0.047304630279541016
5,813,0a8492ef60266f7f5bb9f1b1,1.409999966621399,1.178268551826477,-0.23173141479492188,0.23173141479492188
5,814,cb167216ef6e25de5ed1cc4d,3.823908805847168,3.404012441635132,-0.41989636421203613,0.41989636421203613
5,815,975ed568aa8bec99eca1b2ef,1.9700000286102295,1.28336763381958,-0.6866323947906494,0.6866323947906494
5,816,bb049e1ae92619e0695abfa2,2.6510465145111084,2.6559817790985107,0.004935264587402344,0.004935264587402344
5,817,0bc88a5c4aa1dabe74a73e9e,1.149999976158142,1.0897700786590576,-0.06022989749908447,0.06022989749908447
5,818,971ea182e16cfd132dfbd121,0.7300000190734863,1.1177644729614258,0.38776445388793945,0.38776445388793945
5,819,fe3073c1390478190095736a,1.590000033378601,1.7727468013763428,0.1827467679977417,0.1827467679977417
5,820,651f70388d094396efeb8680,2.5799999237060547,1.985705852508545,-0.5942940711975098,0.5942940711975098
5,821,13530dc6021bf0c485afc025,1.2899999618530273,1.6367624998092651,0.3467625379562378,0.3467625379562378
5,822,3e5ce1746f60068ec6c1a4dc,2.93743896484375,2.736414670944214,-0.20102429389953613,0.20102429389953613
5,823,0e318c180f8b757440640262,0.1580151915550232,0.3002597987651825,0.1422446072101593,0.1422446072101593
5,824,04e8ce18d25ecc923d7d9900,2.739928722381592,2.218416452407837,-0.5215122699737549,0.5215122699737549
5,825,a1daea55cfc5c5d21cf18aa1,0.550000011920929,0.6615269780158997,0.1115269660949707,0.1115269660949707
5,826,d13fe4c6893b60e94c249935,2.869999885559082,2.9689159393310547,0.09891605377197266,0.09891605377197266
5,827,4c53befa73f8eefc76b35ce0,0.9200000166893005,1.3650132417678833,0.44501322507858276,0.44501322507858276
5,828,266f1e77d4722ab0b6a1f967,1.1799999475479126,2.0691757202148438,0.8891757726669312,0.8891757726669312
5,829,bd8b0a49ca22f4c105a804f8,0.8700000047683716,1.2242987155914307,0.3542987108230591,0.3542987108230591
5,830,ab5024cc56ab6cfe2a867f28,1.5299999713897705,1.1538342237472534,-0.3761657476425171,0.3761657476425171
5,831,39e478fd366829252f87fade,2.8499999046325684,1.6150950193405151,-1.2349048852920532,1.2349048852920532
5,832,54ee29030c0aa204eb8bb04f,1.6382721662521362,2.2220380306243896,0.5837658643722534,0.5837658643722534
5,833,ddc50e02ce5aebaa882b8203,-0.8129133582115173,2.2965619564056396,3.1094753742218018,3.1094753742218018
5,834,d3cee0458ed1ca5ebf1083e5,-0.36172783374786377,2.1209614276885986,2.482689380645752,2.482689380645752
5,835,558a8f5312ce639d8a68a1c1,2.102372884750366,2.357877492904663,0.2555046081542969,0.2555046081542969
5,836,3e2e132056cc3a78a195f95a,1.6575772762298584,1.7828069925308228,0.12522971630096436,0.12522971630096436
5,837,827ed433c51351df0162d722,2.1153934001922607,2.07716703414917,-0.03822636604309082,0.03822636604309082
5,838,fd468bd7ccb7e62f3c09c60e,1.090000033378601,1.3655588626861572,0.27555882930755615,0.27555882930755615
5,839,56eacb3bd0a9808b28bb503d,1.059999942779541,1.8852514028549194,0.8252514600753784,0.8252514600753784
5,840,2b4116c7e1590793509709ec,1.2400000095367432,1.0207221508026123,-0.21927785873413086,0.21927785873413086
5,841,4f2f039c0d0c4bd58a020d68,5.619788646697998,3.2809205055236816,-2.3388681411743164,2.3388681411743164
5,842,bb587518e9d58bee84017436,2.4600000381469727,2.388676643371582,-0.07132339477539062,0.07132339477539062
5,843,1d88af3e93c55316c62a1439,0.3979400098323822,0.5247544646263123,0.12681445479393005,0.12681445479393005
5,844,69a368dd4ed0f6acff2f2ccd,3.3767507076263428,3.5280680656433105,0.15131735801696777,0.15131735801696777
5,845,e079e61866a718bab3542a33,2.009999990463257,2.3553497791290283,0.3453497886657715,0.3453497886657715
5,846,645e5efebfbdcaccf19e62a3,1.879426121711731,2.0584170818328857,0.17899096012115479,0.17899096012115479
5,847,b9767ca051a9b4cac27b2b33,2.2699999809265137,2.009789228439331,-0.2602107524871826,0.2602107524871826
5,848,d970b2d00bd7246a6db6dcc2,2.559999942779541,1.873895525932312,-0.686104416847229,0.686104416847229
5,849,0334600f2974e4215cca0d09,1.7899999618530273,1.9721400737762451,0.18214011192321777,0.18214011192321777
5,850,4122db94242d253e37573906,3.0409586429595947,2.2833800315856934,-0.7575786113739014,0.7575786113739014
5,851,1cb98b8932dc55760696a975,2.5783960819244385,2.5660207271575928,-0.012375354766845703,0.012375354766845703
5,852,04eaf0e505faf009ba167834,3.387216091156006,3.201519250869751,-0.18569684028625488,0.18569684028625488
5,853,ba12ba7db0fc435caacaa312,1.600000023841858,1.0369821786880493,-0.5630178451538086,0.5630178451538086
5,854,97d54b83b2eccbfeb269b775,0.6200000047683716,0.9699035286903381,0.34990352392196655,0.34990352392196655
5,855,e2fe0551198efd2b41b5ac06,1.7695510387420654,1.7278828620910645,-0.04166817665100098,0.04166817665100098
5,856,949c10cb49bf1ae025b60a11,3.508151054382324,3.508946180343628,0.0007951259613037109,0.0007951259613037109
5,857,9a37660cd17d764cc3bac2b1,1.3600000143051147,1.2100231647491455,-0.14997684955596924,0.14997684955596924
5,858,06fcc53bf0b5e1c9077f0105,1.3700000047683716,1.185715675354004,-0.18428432941436768,0.18428432941436768
5,859,00f51ed959204370245c8c00,1.9900000095367432,2.093825101852417,0.10382509231567383,0.10382509231567383
5,860,aa9ad9d33271db6eaf7db629,1.5100414752960205,1.4900985956192017,-0.019942879676818848,0.019942879676818848
5,861,6b723ab1d75d39d0413804ff,2.0299999713897705,1.6029679775238037,-0.4270319938659668,0.4270319938659668
5,862,a7f205ff45fedec575771261,1.712198257446289,1.310462236404419,-0.4017360210418701,0.4017360210418701
5,863,1ff3c5429286c0a9334db3b6,2.190000057220459,2.066028594970703,-0.12397146224975586,0.12397146224975586
5,864,aa88e02bb40f2d9b5b4d4aee,4.214670181274414,4.2379469871521,0.023276805877685547,0.023276805877685547
5,865,3495f5ae1e57313146fb53e0,1.3565473556518555,2.0531516075134277,0.6966042518615723,0.6966042518615723
5,866,cf61310af58a0731f540a10b,0.20999999344348907,0.6837558150291443,0.4737558364868164,0.4737558364868164
5,867,37bccb02d7311d237879a12c,3.7081518173217773,3.5307486057281494,-0.17740321159362793,0.17740321159362793
5,868,64b94b26402718782a27495c,3.636388063430786,2.522071361541748,-1.114316701889038,1.114316701889038
5,869,2f6f7f5356567f224d96c11f,3.0199999809265137,2.6260411739349365,-0.39395880699157715,0.39395880699157715
5,870,386e7e55b927329c1f212a31,0.3799999952316284,0.957712709903717,0.5777127146720886,0.5777127146720886
5,871,46df848c7bdc3e5ccf45fe81,2.3299999237060547,1.9625694751739502,-0.3674304485321045,0.3674304485321045
5,872,bce20a2b2b28d5b8100fa33b,2.2644011974334717,2.264647960662842,0.0002467632293701172,0.0002467632293701172
5,873,8b6775cbb50674ceb40b7582,3.1281509399414062,2.9259188175201416,-0.20223212242126465,0.20223212242126465
5,874,df432b7fc6410995d6a21c34,0.5638373494148254,0.5157622694969177,-0.048075079917907715,0.048075079917907715
5,875,37ef5a4c4c53b13dc2684b11,0.7200000286102295,1.3566902875900269,0.6366902589797974,0.6366902589797974
5,876,b40187a317cf58677c435c2d,2.8399999141693115,1.7558131217956543,-1.0841867923736572,1.0841867923736572
5,877,649386804881412e8464bda7,3.2200000286102295,3.072430372238159,-0.1475696563720703,0.1475696563720703
5,878,b8bc424c8a3c25474f9ec518,4.214670181274414,3.9250800609588623,-0.28959012031555176,0.28959012031555176
5,879,93eb8cddd3ae8b541f5fc173,2.6145875453948975,2.8257834911346436,0.2111959457397461,0.2111959457397461
5,880,02d2e0a0f7901e476a1a345b,1.6200000047683716,1.5680146217346191,-0.05198538303375244,0.05198538303375244
5,881,c859e4dbd67e947b009a9b3a,3.522878646850586,3.492795944213867,-0.03008270263671875,0.03008270263671875
5,882,192380961094877197858484,2.069999933242798,1.0551000833511353,-1.0148998498916626,1.0148998498916626
5,883,3c030ea37bfffc08b4ba33eb,2.180000066757202,2.056340456008911,-0.12365961074829102,0.12365961074829102
5,884,9a42878f3f1baf12a5b915e2,-0.14612802863121033,0.5322431921958923,0.6783711910247803,0.6783711910247803
5,885,2865aca18860329284f9356e,1.809999942779541,1.6235873699188232,-0.18641257286071777,0.18641257286071777
5,886,a5e36c28478ad379d97256da,1.7200000286102295,1.9479494094848633,0.2279493808746338,0.2279493808746338
5,887,36f9ade04ec3d51d0fa1f1d3,0.7300000190734863,0.9456377625465393,0.21563774347305298,0.21563774347305298
5,888,1644517bb3d9946859531127,5.142667293548584,4.376563549041748,-0.7661037445068359,0.7661037445068359
5,889,29cbe4d18b50dafb97fea5b4,0.8600000143051147,1.1122218370437622,0.25222182273864746,0.25222182273864746
5,890,09b9ff3534972be55c15fd3d,1.4497716426849365,1.4276361465454102,-0.022135496139526367,0.022135496139526367
5,891,4c55495b7b4a1094bc9c2dc0,-0.81754070520401,1.9129685163497925,2.7305092811584473,2.7305092811584473
5,892,c6f75e9c32e81cb6d28c48cc,2.113509178161621,2.0358614921569824,-0.07764768600463867,0.07764768600463867
5,893,ba5bf9b677f531e39d361af9,0.40666306018829346,-0.6685452461242676,-1.075208306312561,1.075208306312561
5,894,3a0f2b8692e397efb958fa4d,1.8239086866378784,1.4508812427520752,-0.3730274438858032,0.3730274438858032
5,895,773c166bde5225e1bf0c372e,4.92081880569458,4.618300914764404,-0.3025178909301758,0.3025178909301758
5,896,ecd9a7ccac7887b6431fc888,2.1700000762939453,1.5040192604064941,-0.6659808158874512,0.6659808158874512
5,897,16a0915b0644f34b0c15ecf4,0.7099999785423279,1.2337496280670166,0.5237496495246887,0.5237496495246887
5,898,99bbbc81eb0cf235ed31bf4c,1.4331649541854858,2.8465869426727295,1.4134219884872437,1.4134219884872437
5,899,2d4a43a4a19a4baaf289dc75,3.4600000381469727,3.18764591217041,-0.2723541259765625,0.2723541259765625
5,900,338d3aeddbde9f7d6523de3d,2.698970079421997,2.7318198680877686,0.032849788665771484,0.032849788665771484
5,901,002d7544026bb397d311fa70,4.0,4.063554763793945,0.06355476379394531,0.06355476379394531
5,902,b83db74ad10f66f2091a318f,1.2400000095367432,2.052717685699463,0.8127176761627197,0.8127176761627197
5,903,2a58a2c89e77893f6ad50540,1.3429441452026367,0.6986487507820129,-0.6442953944206238,0.6442953944206238
5,904,52b5a9b16061a46be001a465,0.6200000047683716,1.8094109296798706,1.189410924911499,1.189410924911499
5,905,9aa99504fecb196091220827,1.6200000047683716,1.5646445751190186,-0.05535542964935303,0.05535542964935303
5,906,e8577a17895eb42c6fca7631,0.550000011920929,0.843086302280426,0.29308629035949707,0.29308629035949707
5,907,5be4c39cf9d3205c1c71b6c8,2.0299999713897705,2.1511735916137695,0.12117362022399902,0.12117362022399902
5,908,7b00f3f3aa5556053569e865,0.8700000047683716,1.1914119720458984,0.32141196727752686,0.32141196727752686
5,909,65e4ea621ea77a4e6249741c,1.148741602897644,1.008909821510315,-0.1398317813873291,0.1398317813873291
5,910,cbfe3c961518189b684a1cdd,3.92081880569458,2.9444620609283447,-0.9763567447662354,0.9763567447662354
5,911,6275c0838c9d04ee4d26e54c,0.6800000071525574,1.4552891254425049,0.7752891182899475,0.7752891182899475
5,912,a75ad2cc6515ada2f7bba168,4.568636417388916,2.533885955810547,-2.034750461578369,2.034750461578369
5,913,659a663de462726b001802a0,0.6989700198173523,0.5965175628662109,-0.10245245695114136,0.10245245695114136
5,914,701e4f3f1258e676630eeeae,1.8700000047683716,1.5163028240203857,-0.35369718074798584,0.35369718074798584
5,915,9ed4a3276a177c8080221fd3,1.4814860820770264,1.690359354019165,0.20887327194213867,0.20887327194213867
5,916,f3178441ec31f8a2c371c4d1,3.0,2.9076149463653564,-0.09238505363464355,0.09238505363464355
5,917,388cae64648dedd1016fe364,2.363178014755249,1.8976225852966309,-0.46555542945861816,0.46555542945861816
5,918,b2f392296052076a1e366833,0.11999999731779099,1.293212890625,1.1732128858566284,1.1732128858566284
5,919,928a853f6ea1a45c50e7a961,0.5638373494148254,0.4856380224227905,-0.07819932699203491,0.07819932699203491
5,920,a1b1e161a4b6e0a21ca26570,3.585026741027832,2.8700003623962402,-0.7150263786315918,0.7150263786315918
5,921,00d6421ae3a9e527cd04f342,0.537901759147644,0.6064122319221497,0.06851047277450562,0.06851047277450562
5,922,da946b872ed52bb20111a37c,0.6899999976158142,1.6928205490112305,1.0028204917907715,1.0028204917907715
5,923,1578108349534c49d9ef8c1e,1.4700000286102295,1.473231554031372,0.003231525421142578,0.003231525421142578
5,924,1d873b600643719f78e4f920,0.5199999809265137,0.7680937051773071,0.24809372425079346,0.24809372425079346
5,925,cc3adb9e242b3a37bb4596b6,1.6575772762298584,1.384186863899231,-0.27339041233062744,0.27339041233062744
5,926,111afc8ca03947d0ed281200,1.7699999809265137,1.4121661186218262,-0.3578338623046875,0.3578338623046875
5,927,2ce107d6844941c9fa8fabe8,0.9300000071525574,1.0948307514190674,0.16483074426651,0.16483074426651
5,928,fe2b7286f83a141230f03873,1.4600000381469727,1.9046087265014648,0.4446086883544922,0.4446086883544922
5,929,e19195c5f756bcf4a55b79f8,2.0043647289276123,1.245570182800293,-0.7587945461273193,0.7587945461273193
5,930,60c5e9c13c3e76afc679f0af,1.8538719415664673,2.0463812351226807,0.19250929355621338,0.19250929355621338
5,931,c1e45804cd6e1e305b726336,0.7099999785423279,1.1769163608551025,0.46691638231277466,0.46691638231277466
5,932,7374653fb2bedad5fe4fdce6,1.911863923072815,1.3541549444198608,-0.5577089786529541,0.5577089786529541
5,933,20fbd002731c49e7eb47f6d3,2.2300000190734863,1.8575152158737183,-0.37248480319976807,0.37248480319976807
5,934,20c5a8ee23a6b6dc21327ae0,1.1643093824386597,1.1382834911346436,-0.026025891304016113,0.026025891304016113
5,935,cd879731fe05d7ea3440cfb9,2.3499999046325684,2.305323839187622,-0.04467606544494629,0.04467606544494629
5,936,d044830f7d8b2de543559ce9,2.0799999237060547,1.8488788604736328,-0.23112106323242188,0.23112106323242188
5,937,bb4efac3f7c5e8288663a4ce,1.659999966621399,1.7852976322174072,0.1252976655960083,0.1252976655960083
5,938,95d197ef8d7f8cb6b8dedb91,1.0700000524520874,1.4630110263824463,0.3930109739303589,0.3930109739303589
5,939,bb615d5225210263e56d7187,3.585026741027832,3.6650092601776123,0.07998251914978027,0.07998251914978027
5,940,ed326b721e60d75a5daa7966,2.0799999237060547,1.1629409790039062,-0.9170589447021484,0.9170589447021484
5,941,31a118bbc896408989bc54a5,1.409999966621399,1.1126375198364258,-0.29736244678497314,0.29736244678497314
5,942,8ea8e6a0e757662275516f75,1.0499999523162842,1.0788055658340454,0.02880561351776123,0.02880561351776123
5,943,828974d48322f169b3c0dbd7,2.0399999618530273,1.595128059387207,-0.4448719024658203,0.4448719024658203
5,944,b8acc55f8ee345d6efae1756,3.390000104904175,3.48744535446167,0.09744524955749512,0.09744524955749512
5,945,6647ab5d41cee41cf7790ae2,1.309999942779541,1.0455658435821533,-0.2644340991973877,0.2644340991973877
5,946,41fcbefdbb9f5c09f15901ac,1.600000023841858,2.2501018047332764,0.6501017808914185,0.6501017808914185
5,947,8038efff57d88310aebda383,1.3200000524520874,1.4633080959320068,0.14330804347991943,0.14330804347991943
5,948,63f664568ac313a15205dcea,2.130768299102783,2.2161285877227783,0.08536028861999512,0.08536028861999512
5,949,e1e9288ab43c56b53acc6952,0.8239087462425232,1.013873815536499,0.18996506929397583,0.18996506929397583
5,950,9cb4ec2268b50b011908ed6e,3.096909999847412,1.636913776397705,-1.459996223449707,1.459996223449707
5,951,126180bd52e9eb3fe67a1c1c,3.1232049465179443,3.0066473484039307,-0.11655759811401367,0.11655759811401367
5,952,87dc7a97c48ac0432a2a1eab,-0.05000000074505806,0.29434728622436523,0.3443472981452942,0.3443472981452942
5,953,45819deabf79aa8a2c503f74,1.600000023841858,0.9844697117805481,-0.6155303120613098,0.6155303120613098
5,954,319d6d44c5de775732c53e15,0.7300000190734863,2.4913580417633057,1.7613580226898193,1.7613580226898193
5,955,533e7fe57982ee3ef2e7e4bc,0.9746941328048706,0.7153229117393494,-0.25937122106552124,0.25937122106552124
5,956,da671adcf7b80c4d7324672e,2.607335090637207,1.9309492111206055,-0.6763858795166016,0.6763858795166016
5,957,8501eaf518af78130e315c3b,0.25,1.1494892835617065,0.8994892835617065,0.8994892835617065
5,958,337906ed85ebfd9a8ac49b9b,1.0399999618530273,2.137204885482788,1.0972049236297607,1.0972049236297607
5,959,ee268999222a9933d590d8e3,1.4800000190734863,1.625720739364624,0.1457207202911377,0.1457207202911377
5,960,6c11899405e65264651f7be2,2.4700000286102295,1.6664003133773804,-0.8035997152328491,0.8035997152328491
5,961,128fb4b94e2995cc61ab983c,2.795880079269409,2.572883367538452,-0.22299671173095703,0.22299671173095703
5,962,8bcb8584fafb59c36e1d5c7b,0.3499999940395355,0.6361485123634338,0.2861485183238983,0.2861485183238983
5,963,8a1abe94525a4472576de48f,1.2100000381469727,1.3242229223251343,0.11422288417816162,0.11422288417816162
5,964,9d4ee68658d809657c2264cc,0.7400000095367432,0.9994989037513733,0.2594988942146301,0.2594988942146301
5,965,db53f0722e5edbb2ccac9f26,3.838632106781006,3.79195237159729,-0.04667973518371582,0.04667973518371582
5,966,09d0f2e4bb62f42aad672813,1.1100000143051147,1.299707293510437,0.18970727920532227,0.18970727920532227
5,967,60abf06405dc560d03898b17,1.0800000429153442,2.0367276668548584,0.9567276239395142,0.9567276239395142
5,968,4e330523af43c56043f18803,1.149999976158142,1.1845288276672363,0.03452885150909424,0.03452885150909424
5,969,038b2b784122ef68dedbabc5,0.6200000047683716,1.3538352251052856,0.7338352203369141,0.7338352203369141
5,970,c38938a036a1b43136708f0a,1.3899999856948853,1.7348532676696777,0.3448532819747925,0.3448532819747925
5,971,6ac2d18c8bcba47e636dc318,3.1432712078094482,3.242105722427368,0.09883451461791992,0.09883451461791992
5,972,34b3ddf05ba3a3aa754d3991,2.970616340637207,2.626927137374878,-0.3436892032623291,0.3436892032623291
5,973,442f5ba5d4302abafdce589f,0.8899999856948853,1.5639002323150635,0.6739002466201782,0.6739002466201782
5,974,28ec33fcbb307c738616535b,0.4099999964237213,1.5659246444702148,1.155924677848816,1.155924677848816
5,975,5c8a9974fa27f72e96823c96,2.390000104904175,2.7867839336395264,0.39678382873535156,0.39678382873535156
5,976,22d547bb587210c6665f391e,1.5399999618530273,2.2132370471954346,0.6732370853424072,0.6732370853424072
5,977,4698b8f0709344595137912f,1.5099999904632568,1.4015783071517944,-0.1084216833114624,0.1084216833114624
5,978,e836b665b3afe1271b848452,1.690000057220459,1.705427646636963,0.015427589416503906,0.015427589416503906
5,979,c4d718bf58ca779132263b07,2.664207935333252,3.536226511001587,0.872018575668335,0.872018575668335
5,980,75fa9abedcf54c98b6fdca7e,3.140000104904175,2.49121356010437,-0.6487865447998047,0.6487865447998047
5,981,25206a7cf959b58f696a601b,1.3098039627075195,0.8559859991073608,-0.4538179636001587,0.4538179636001587
5,982,2f516a88491f910eec949887,1.399999976158142,1.100721001625061,-0.29927897453308105,0.29927897453308105
5,983,5f00af55eee7ec7472cda6e1,3.0043647289276123,2.2152693271636963,-0.789095401763916,0.789095401763916
5,984,fa33ebca9321c048c1c7d085,1.2100000381469727,1.6407384872436523,0.4307384490966797,0.4307384490966797
5,985,d9cd4e7b20278d3356a0a0d4,2.0399999618530273,2.198962688446045,0.15896272659301758,0.15896272659301758
5,986,14b1956d57022f47315b06c4,0.8538719415664673,1.3890228271484375,0.5351508855819702,0.5351508855819702
5,987,a5029b39dc3ae14834fd4fe5,5.168621063232422,2.706629514694214,-2.461991548538208,2.461991548538208
5,988,5b671d8e1ef2d9c36ee031c2,1.3799999952316284,0.9725591540336609,-0.40744084119796753,0.40744084119796753
5,989,1e7f3a5898900aa270222619,1.3200000524520874,1.3217308521270752,0.001730799674987793,0.001730799674987793
5,990,6c04547b5ffd5cc29e78c77b,2.0399999618530273,2.0612308979034424,0.02123093605041504,0.02123093605041504
5,991,13e37d627962d8c1d7466b66,4.079999923706055,4.037683010101318,-0.04231691360473633,0.04231691360473633
5,992,1ab49c8ba513b59dd6eaf87b,1.659999966621399,1.2009100914001465,-0.45908987522125244,0.45908987522125244
5,993,9173fcb38593403450c42b20,2.2699999809265137,2.00512957572937,-0.26487040519714355,0.26487040519714355
5,994,c7b01f9677467443d27a3a9a,3.9586071968078613,4.144730091094971,0.18612289428710938,0.18612289428710938
5,995,830603425c6c0662f4d1427d,1.0099999904632568,0.8978822827339172,-0.1121177077293396,0.1121177077293396
5,996,1aae782effd0910299d947e3,2.1500000953674316,1.1238019466400146,-1.026198148727417,1.026198148727417
5,997,49050d0871038f95188321e0,1.690000057220459,1.476139783859253,-0.21386027336120605,0.21386027336120605
5,998,284d97bf597d638231ac022a,5.067018985748291,4.864029407501221,-0.2029895782470703,0.2029895782470703
5,999,b0fcb04f23faf828473a4de5,1.1299999952316284,0.955635130405426,-0.1743648648262024,0.1743648648262024
5,1000,e614b38708d75a3772229d69,2.008756399154663,1.9524996280670166,-0.056256771087646484,0.056256771087646484
5,1001,db69f8f7a9d35b3450a14524,0.6200000047683716,0.9815773367881775,0.3615773320198059,0.3615773320198059
5,1002,b9361db808773f508e93dc38,2.509999990463257,1.8871192932128906,-0.6228806972503662,0.6228806972503662
5,1003,5c52c55f81e3ae076c4f2883,-5.896526336669922,-4.043509483337402,1.8530168533325195,1.8530168533325195
5,1004,6710109b2b97c0871b30fe4a,2.4814860820770264,2.397850513458252,-0.08363556861877441,0.08363556861877441
5,1005,0ebaba18e13fbb37e679d9f9,3.4762535095214844,3.153639078140259,-0.3226144313812256,0.3226144313812256
5,1006,9e6c7eb620c7e7c0ac73f185,2.380000114440918,2.1388261318206787,-0.24117398262023926,0.24117398262023926
5,1007,aa2a49f0b0d2e0c5bc6741ee,1.6299999952316284,1.4169671535491943,-0.21303284168243408,0.21303284168243408
5,1008,83e0a1251a84cb8956863d78,1.3899999856948853,1.390684962272644,0.0006849765777587891,0.0006849765777587891
5,1009,84d0f3849eee08007e8a6fc0,0.18708664178848267,0.20362652838230133,0.016539886593818665,0.016539886593818665
5,1010,bed39761e14387306a81fb4e,3.823908805847168,3.4481356143951416,-0.37577319145202637,0.37577319145202637
5,1011,98a6b3b5c3e20b46cd7a66eb,4.721246242523193,4.57783842086792,-0.14340782165527344,0.14340782165527344
5,1012,2750a531ad0e1ef8b1a7aed7,4.4202165603637695,4.391180515289307,-0.02903604507446289,0.02903604507446289
5,1013,ed009a952be6506e43168129,3.2899999618530273,3.3325564861297607,0.0425565242767334,0.0425565242767334
5,1014,d6217086e8fd4b85c4f160de,1.899999976158142,2.129051446914673,0.22905147075653076,0.22905147075653076
5,1015,c191fcd20bd3e01a0857ebd6,3.0222764015197754,2.7664878368377686,-0.25578856468200684,0.25578856468200684
5,1016,c50e38922b22d9699107cc8c,2.0299999713897705,1.8084299564361572,-0.22157001495361328,0.22157001495361328
5,1017,b5eb068414424ec383288601,1.5299999713897705,1.6872978210449219,0.15729784965515137,0.15729784965515137
5,1018,d707be559359a48d4513746f,2.6600000858306885,2.170511484146118,-0.4894886016845703,0.4894886016845703
5,1019,31b951bdc15bde8237e2d542,0.5799999833106995,1.2444853782653809,0.6644853949546814,0.6644853949546814
5,1020,95856380c0f7695062ef98d0,1.159999966621399,1.151065468788147,-0.008934497833251953,0.008934497833251953
5,1021,fae4385393af683e307e4d97,5.210000038146973,4.376563549041748,-0.8334364891052246,0.8334364891052246
5,1022,20bd82eb6860b2f3ad390008,2.4814860820770264,2.4554810523986816,-0.026005029678344727,0.026005029678344727
5,1023,eb8d1c68ddfe3f99f6871dc8,3.9700000286102295,3.426569700241089,-0.5434303283691406,0.5434303283691406
5,1024,f592f6007b0e963a19241cd1,1.4500000476837158,1.2117713689804077,-0.2382286787033081,0.2382286787033081
5,1025,17b457a749d6723570d91635,1.2999999523162842,1.5760586261749268,0.2760586738586426,0.2760586738586426
5,1026,05e7811b671c6f56441bc806,2.0999999046325684,1.939381718635559,-0.16061818599700928,0.16061818599700928
5,1027,435e18c6208f50ecc5ce1995,2.380000114440918,2.032339572906494,-0.34766054153442383,0.34766054153442383
5,1028,e20d7aa25486c3269b1672f5,2.0399999618530273,1.1764156818389893,-0.8635842800140381,0.8635842800140381
5,1029,963fd8114702374c51b0a94a,0.3199999928474426,1.1738982200622559,0.8538982272148132,0.8538982272148132
5,1030,13b5979d834a5919334647d7,0.3199999928474426,1.3978103399276733,1.077810287475586,1.077810287475586
5,1031,d59b77aa730a8dcb931e672a,0.7200000286102295,1.6762112379074097,0.9562112092971802,0.9562112092971802
5,1032,9ff9492e95d6ce9ee5cd382f,2.450000047683716,1.5999141931533813,-0.8500858545303345,0.8500858545303345
5,1033,042e0daffe52424ae0a34c1e,2.009999990463257,1.748547077178955,-0.26145291328430176,0.26145291328430176
5,1034,4261fee771a0dc2edc316456,0.949999988079071,1.8457987308502197,0.8957987427711487,0.8957987427711487
5,1035,ab769899fe69636857337cdc,0.4699999988079071,0.4475940465927124,-0.022405952215194702,0.022405952215194702
5,1036,f7e39c49c9e71a1cc0db3e08,0.8500000238418579,2.0866947174072266,1.2366946935653687,1.2366946935653687
5,1037,9ab2b28609270113b4a1994a,1.3565473556518555,1.129570722579956,-0.22697663307189941,0.22697663307189941
5,1038,5a6e1690ce206351ec5dfc17,2.130000114440918,1.4166901111602783,-0.7133100032806396,0.7133100032806396
5,1039,4b576f90b923790af27a03ec,2.704693555831909,2.2484641075134277,-0.45622944831848145,0.45622944831848145
5,1040,5ce0b5419ebc899959d800df,4.031517028808594,3.941701889038086,-0.08981513977050781,0.08981513977050781
5,1041,69175d1d0f37c74bee12f817,1.9586073160171509,1.083221673965454,-0.8753856420516968,0.8753856420516968
5,1042,e4031919bd0b09696bce2327,1.9700000286102295,2.1030869483947754,0.1330869197845459,0.1330869197845459
5,1043,9b79f461376ce0d55588470f,3.239577531814575,3.2603094577789307,0.02073192596435547,0.02073192596435547
5,1044,109f8487b02c1b37a6fa129a,0.9800000190734863,1.942752718925476,0.9627526998519897,0.9627526998519897
5,1045,6e6f20955be67d64f9bcd102,0.5199999809265137,0.8148102164268494,0.2948102355003357,0.2948102355003357
5,1046,10922bf9c9e33bd162f06630,1.4893617630004883,2.3664934635162354,0.8771317005157471,0.8771317005157471
5,1047,71030b083ba3047d8f3f3f42,1.1799999475479126,1.2925329208374023,0.11253297328948975,0.11253297328948975
5,1048,03c95e1ff4fdd8fbc4bc6a05,0.7958800196647644,1.4714659452438354,0.675585925579071,0.675585925579071
5,1049,e986f16eef9d1fd12c669511,1.850000023841858,2.178805112838745,0.3288050889968872,0.3288050889968872
5,1050,382fe67b66021fd7efe6877f,1.7899999618530273,1.8192391395568848,0.029239177703857422,0.029239177703857422
5,1051,58414cdd1bf5ab558019f225,1.4900000095367432,1.9310557842254639,0.4410557746887207,0.4410557746887207
5,1052,ca0ba47e417501bc99f24afa,1.600000023841858,1.8138190507888794,0.21381902694702148,0.21381902694702148
5,1053,23e63ad51f3a281d3543dd95,3.9200000762939453,4.391674518585205,0.47167444229125977,0.47167444229125977
5,1054,0613b42f16c9b096f84cd294,0.8239087462425232,0.5780752301216125,-0.24583351612091064,0.24583351612091064
5,1055,388519cb13b61f12cac2395f,2.869666337966919,2.6991183757781982,-0.1705479621887207,0.1705479621887207
5,1056,91ce0894789f0f86509ff955,3.7899491786956787,3.1962406635284424,-0.5937085151672363,0.5937085151672363
5,1057,bbb43f41d0aaefcf9c771b79,3.0705809593200684,1.9746053218841553,-1.095975637435913,1.095975637435913
5,1058,981c96176f546032a5fb8ca2,1.6699999570846558,1.9504129886627197,0.28041303157806396,0.28041303157806396
5,1059,e5a7687e973ab4177df20312,2.9000000953674316,2.371708393096924,-0.5282917022705078,0.5282917022705078
5,1060,45cde16bd033a844beaae0ca,1.1643093824386597,1.109811544418335,-0.05449783802032471,0.05449783802032471
5,1061,ce750f108e1b3d5c6bd67ee5,4.2600321769714355,3.795896291732788,-0.46413588523864746,0.46413588523864746
5,1062,6adcb5dcb9961d990724cf97,0.3100000023841858,1.155036449432373,0.8450364470481873,0.8450364470481873
5,1063,4f341cd6eac435f2dea5b8b8,4.585026741027832,4.497141361236572,-0.08788537979125977,0.08788537979125977
5,1064,2f03183edfd38e744176d606,1.9299999475479126,1.636274814605713,-0.2937251329421997,0.2937251329421997
5,1065,301c4f72b03c6220919f2fa3,0.7447274923324585,0.5709472298622131,-0.17378026247024536,0.17378026247024536
5,1066,29fdcbd2e1a69b3f3ba675c3,0.25,0.49276280403137207,0.24276280403137207,0.24276280403137207
5,1067,148f4a7fb02a89dc81b12128,4.481485843658447,3.7017672061920166,-0.7797186374664307,0.7797186374664307
5,1068,05eb0bc041b2273ef571ed1f,1.4814860820770264,2.279841899871826,0.7983558177947998,0.7983558177947998
5,1069,00b6734ca008dc5d2881db44,1.6200000047683716,2.3552610874176025,0.735261082649231,0.735261082649231
5,1070,ab3349087e4e5c76eb3160b2,4.055517196655273,3.8463504314422607,-0.2091667652130127,0.2091667652130127
5,1071,90bb074bc99a9f8c59b4dbb8,0.8500000238418579,1.2749035358428955,0.4249035120010376,0.4249035120010376
5,1072,06a31f3e1647b91d35b5a9a0,2.698970079421997,2.5225441455841064,-0.17642593383789062,0.17642593383789062
5,1073,a6ca45d494dea5e24c3744e6,3.3565473556518555,3.227203130722046,-0.12934422492980957,0.12934422492980957
5,1074,a7bb9de0dbd91e909a084700,2.059999942779541,0.840355396270752,-1.219644546508789,1.219644546508789
5,1075,bfb38afad05fc8eae468fef5,2.740000009536743,2.7903411388397217,0.050341129302978516,0.050341129302978516
5,1076,28b5f4ee5a51aa09f67b5c7f,2.9700000286102295,3.2022955417633057,0.23229551315307617,0.23229551315307617
5,1077,5a333e74760cf3a45c7e2deb,0.5883802771568298,1.0223791599273682,0.43399888277053833,0.43399888277053833
5,1078,c069b586b1977af00db9431e,2.0199999809265137,1.8502117395401,-0.16978824138641357,0.16978824138641357
5,1079,ecf5a8a1e7d2918e89aa96f1,1.5399999618530273,1.7326195240020752,0.19261956214904785,0.19261956214904785
5,1080,126dc8c3aa3823108e212df1,1.6299999952316284,1.2091848850250244,-0.420815110206604,0.420815110206604
5,1081,c590e56cc33a98d75c047577,1.4800000190734863,1.3356561660766602,-0.14434385299682617,0.14434385299682617
5,1082,15fa4b83d5634156d743e07b,4.036211967468262,3.8682565689086914,-0.1679553985595703,0.1679553985595703
5,1083,b01db46e4177bb731f69d8f1,1.5199999809265137,1.5060566663742065,-0.013943314552307129,0.013943314552307129
5,1084,145bbe721c729143d3d3e708,1.4800000190734863,1.7515636682510376,0.27156364917755127,0.27156364917755127
5,1085,18916176c35aa60b8ac1c9e1,1.1799999475479126,1.4594695568084717,0.2794696092605591,0.2794696092605591
5,1086,62508c0b4cfb56e7a86a32dc,0.7099999785423279,0.8354490995407104,0.12544912099838257,0.12544912099838257
5,1087,627f6393d6741ddc0325d0e3,3.7878124713897705,3.8420541286468506,0.05424165725708008,0.05424165725708008
5,1088,875fc1eed7e3d0f1ba3f4eca,4.067526340484619,3.9512851238250732,-0.1162412166595459,0.1162412166595459
5,1089,ca56746fd7366eff9141f139,0.4412914216518402,-0.6766143441200256,-1.1179057359695435,1.1179057359695435
