run,source_row,sample_id,y_true,y_pred,error,abs_error
1,0,7c5d20331511b43252fdeba6,1.2100000381469727,0.9952917098999023,-0.2147083282470703,0.2147083282470703
1,1,1aec49d1b13dd6a4c5fe624a,0.9900000095367432,0.5776678323745728,-0.4123321771621704,0.4123321771621704
1,2,acfa585f3ff76e8c36b96d7f,1.272025227546692,2.1339199542999268,0.8618947267532349,0.8618947267532349
1,3,9b0e702b71a313034db91e6d,2.0,1.4314441680908203,-0.5685558319091797,0.5685558319091797
1,4,3cf347e46d9141b5c1275201,1.6799999475479126,2.0097084045410156,0.329708456993103,0.329708456993103
1,5,54e8584f33870f6407c66eee,1.7100000381469727,1.0424487590789795,-0.6675512790679932,0.6675512790679932
1,6,c23cb4ebaf91cf9260b693d0,1.7695510387420654,1.288523554801941,-0.4810274839401245,0.4810274839401245
1,7,2f4c3e0da283133b07be42b4,2.4200000762939453,1.8284618854522705,-0.5915381908416748,0.5915381908416748
1,8,3fdf0f922c9a084fa38931b8,0.9599999785423279,0.5988556146621704,-0.36114436388015747,0.36114436388015747
1,9,3a7009041ba32e477c00de59,1.590000033378601,1.3753118515014648,-0.21468818187713623,0.21468818187713623
1,10,a7ce47840e7b677143c0dd36,1.0199999809265137,0.6394033432006836,-0.3805966377258301,0.3805966377258301
1,11,bc919dfae90510cc07de5cd5,4.2881927490234375,3.6655666828155518,-0.6226260662078857,0.6226260662078857
1,12,8949385ee61be76643bdfdb9,4.95000696182251,4.254432678222656,-0.6955742835998535,0.6955742835998535
1,13,b1df86aa4576f5da06e28c9c,0.23000000417232513,1.2404451370239258,1.0104451179504395,1.0104451179504395
1,14,09a6acc7f2e79c1c0730111a,1.409999966621399,1.7644720077514648,0.3544720411300659,0.3544720411300659
1,15,1f859aac11fc3d5718e3739e,4.004364967346191,3.945106267929077,-0.05925869941711426,0.05925869941711426
1,16,afe70750e0991f920f8b69a0,1.7304871082305908,2.2340586185455322,0.5035715103149414,0.5035715103149414
1,17,d383e2941ac9e33903fa38ba,1.059999942779541,0.842397928237915,-0.21760201454162598,0.21760201454162598
1,18,27507353209066ac34784705,0.5214335322380066,1.9417598247528076,1.4203262329101562,1.4203262329101562
1,19,a5432d6b4776ee83c76142a4,3.8000001907348633,1.796783208847046,-2.0032169818878174,2.0032169818878174
1,20,6cd1d899843fcb3691fa8414,2.8399999141693115,1.6606522798538208,-1.1793476343154907,1.1793476343154907
1,21,aaacbd371931289fbf057cc8,0.949999988079071,1.2514512538909912,0.30145126581192017,0.30145126581192017
1,22,ee89c2949188c11781229d00,1.4500000476837158,1.607278823852539,0.15727877616882324,0.15727877616882324
1,23,fdfe9bc9d8de18355c32c361,0.6000000238418579,1.3790762424468994,0.7790762186050415,0.7790762186050415
1,24,95cc2eb962d76ab10d4d0d3e,0.7599999904632568,1.8050205707550049,1.045020580291748,1.045020580291748
1,25,ef14b482785e2b3af3cfcc4f,1.0,1.0392014980316162,0.03920149803161621,0.03920149803161621
1,26,12c888966687bc6a19cbfd70,3.4814860820770264,2.502619981765747,-0.9788661003112793,0.9788661003112793
1,27,7f4bc24af68a1d27f80c6b3f,3.200000047683716,2.0926647186279297,-1.1073353290557861,1.1073353290557861
1,28,9072e096fe64d15d777f469a,1.2899999618530273,1.298637866973877,0.00863790512084961,0.00863790512084961
1,29,24ac7c7c5593993ad194d258,2.390000104904175,2.299420118331909,-0.09057998657226562,0.09057998657226562
1,30,bd8592144b13c5cbfce9f048,0.8700000047683716,0.9417152404785156,0.07171523571014404,0.07171523571014404
1,31,9ff5fffc2e2eb41ee4d03e1a,0.9399999976158142,0.8271521925926208,-0.11284780502319336,0.11284780502319336
1,32,93a2f0635ecab1c60699e59f,1.5800000429153442,2.1456305980682373,0.5656305551528931,0.5656305551528931
1,33,6099ec867ed7094338206ed7,1.8600000143051147,1.6921145915985107,-0.167885422706604,0.167885422706604
1,34,715746e8e28525cdd3419ba4,0.25811994075775146,0.9310128688812256,0.6728929281234741,0.6728929281234741
1,35,a70dcb9a3d3d6a4c4133bce1,2.299999952316284,2.299659013748169,-0.0003409385681152344,0.0003409385681152344
1,36,9af28847f2487426b55c8047,0.5199999809265137,1.405124545097351,0.8851245641708374,0.8851245641708374
1,37,533e7fe57982ee3ef2e7e4bc,0.9746941328048706,0.7226721048355103,-0.25202202796936035,0.25202202796936035
1,38,02c3168842aff371e8cbb44f,1.5399999618530273,1.5434575080871582,0.0034575462341308594,0.0034575462341308594
1,39,804a2bd1c443b0799a9ae9aa,1.160195231437683,1.6475651264190674,0.4873698949813843,0.4873698949813843
1,40,b0dde4daa6d0650f448ffd74,4.050610065460205,4.144224643707275,0.09361457824707031,0.09361457824707031
1,41,3b926731e1138a1dc8dd348b,0.8799999952316284,1.0491241216659546,0.16912412643432617,0.16912412643432617
1,42,3c55b6ae5bef747648316f55,0.12999999523162842,0.526463508605957,0.3964635133743286,0.3964635133743286
1,43,b6552cd5921d223423762019,3.50445556640625,3.2088382244110107,-0.29561734199523926,0.29561734199523926
1,44,6dd72e43368aa971a3d944c9,0.49000000953674316,0.46022945642471313,-0.02977055311203003,0.02977055311203003
1,45,58c67db16e86517232d47566,0.9300000071525574,0.9545779228210449,0.02457791566848755,0.02457791566848755
1,46,63e6d6dde7d2b4a9911e51cf,0.8239087462425232,1.2533687353134155,0.42945998907089233,0.42945998907089233
1,47,5ebb9fe6bf96cadd82c50dcd,2.309999942779541,2.6380531787872314,0.32805323600769043,0.32805323600769043
1,48,cfcf13f5dea773897863375d,3.6234230995178223,1.9540059566497803,-1.669417142868042,1.669417142868042
1,49,508060e54e5e6996dab9a954,2.9894349575042725,2.7916195392608643,-0.1978154182434082,0.1978154182434082
1,50,9488bd7743e22cbd45d2a7b8,1.690000057220459,2.0666489601135254,0.3766489028930664,0.3766489028930664
1,51,9b454ebfefe9c9656c9aef09,2.009999990463257,1.6450340747833252,-0.36496591567993164,0.36496591567993164
1,52,baaeefc643122e7b979defee,1.568636178970337,0.973675012588501,-0.5949611663818359,0.5949611663818359
1,53,0e30493132c0bbf998438f49,3.522878646850586,2.4242796897888184,-1.0985989570617676,1.0985989570617676
1,54,651f70388d094396efeb8680,2.5799999237060547,2.4037387371063232,-0.17626118659973145,0.17626118659973145
1,55,abbc2f5836e1f4176f68bff6,3.109999895095825,3.1458961963653564,0.03589630126953125,0.03589630126953125
1,56,06029ec03f470566d5cb2bd6,1.9299999475479126,1.8312768936157227,-0.09872305393218994,0.09872305393218994
1,57,5b9cf3de907eab9a7a4a112d,2.059999942779541,2.068279504776001,0.008279561996459961,0.008279561996459961
1,58,537f49f43273239827ffffa0,3.3098039627075195,3.070450782775879,-0.23935317993164062,0.23935317993164062
1,59,b3c68dcecfaaccc651758a9c,2.140000104904175,1.7306733131408691,-0.40932679176330566,0.40932679176330566
1,60,b725237b5404b0ca7a4539b0,1.0099999904632568,1.1190531253814697,0.10905313491821289,0.10905313491821289
1,61,e97d2849ca9b9e05fc2bec70,1.2400000095367432,1.3122824430465698,0.07228243350982666,0.07228243350982666
1,62,f8cdac5bc841db3fec56545a,2.086186170578003,2.314493179321289,0.22830700874328613,0.22830700874328613
1,63,14e351fdf9aeb64e90e7dc97,1.5100414752960205,1.11076819896698,-0.3992732763290405,0.3992732763290405
1,64,bb9476a728eb6c6c4ea65b6c,2.5140421390533447,2.582366704940796,0.06832456588745117,0.06832456588745117
1,65,98fff0960c532bee43d554b3,2.569999933242798,2.2422711849212646,-0.3277287483215332,0.3277287483215332
1,66,205b0fcc82c9b60817c73858,1.940000057220459,1.7834361791610718,-0.1565638780593872,0.1565638780593872
1,67,fcc142bf8c5a9bf43f284843,3.209996461868286,1.831291913986206,-1.37870454788208,1.37870454788208
1,68,37bccb02d7311d237879a12c,3.7081518173217773,3.5024964809417725,-0.20565533638000488,0.20565533638000488
1,69,2cd878e9f602bde7f0fb5edc,1.899999976158142,2.1442692279815674,0.2442692518234253,0.2442692518234253
1,70,79b6ad2adc74ac0e8f49ff2c,2.9698052406311035,3.4555349349975586,0.4857296943664551,0.4857296943664551
1,71,d459cdf5214bd0684ca93843,1.0800000429153442,1.2791047096252441,0.1991046667098999,0.1991046667098999
1,72,2c30ee09b00abc1d9c027b7b,1.7200000286102295,1.2950689792633057,-0.42493104934692383,0.42493104934692383
1,73,179aa5d7cd7d881366515bba,1.0,1.3673040866851807,0.36730408668518066,0.36730408668518066
1,74,40cb54813f58b8d253c6d65c,2.7799999713897705,2.1815121173858643,-0.5984878540039062,0.5984878540039062
1,75,30962527f0defecf51edfc4c,3.537601947784424,4.087696075439453,0.5500941276550293,0.5500941276550293
1,76,c8a72b401f9c5d2ce5a80a1f,2.0999999046325684,2.022684335708618,-0.0773155689239502,0.0773155689239502
1,77,338d3aeddbde9f7d6523de3d,2.698970079421997,2.3167941570281982,-0.38217592239379883,0.38217592239379883
1,78,be56bd97358da21b6b8ed189,1.9700000286102295,1.3849842548370361,-0.5850157737731934,0.5850157737731934
1,79,89bbb645c6f0467d71b4a84c,4.549750804901123,2.700005292892456,-1.849745512008667,1.849745512008667
1,80,2e32b971c755b9c9e4d9ab09,0.550000011920929,0.7314084768295288,0.18140846490859985,0.18140846490859985
1,81,a7bb9de0dbd91e909a084700,2.059999942779541,1.299790859222412,-0.7602090835571289,0.7602090835571289
1,82,3905491f43103976df173df6,1.2899999618530273,1.2357524633407593,-0.054247498512268066,0.054247498512268066
1,83,1ce305541fa4a32bb0307d49,1.1100000143051147,1.2449802160263062,0.1349802017211914,0.1349802017211914
1,84,ea3afb78afba25b097bfd4ed,4.045757293701172,2.9584991931915283,-1.0872581005096436,1.0872581005096436
1,85,639f4eb91ee6e3a662de2d51,0.8538719415664673,1.5449638366699219,0.6910918951034546,0.6910918951034546
1,86,e0c06585fa087289fe3ae657,2.3299999237060547,1.8604658842086792,-0.4695340394973755,0.4695340394973755
1,87,f6cf2f60394accb4f3d38751,1.147495985031128,2.148000955581665,1.000504970550537,1.000504970550537
1,88,5436a0aa621aebacf7111606,2.5999999046325684,2.583768606185913,-0.016231298446655273,0.016231298446655273
1,89,8eee199bc8036860c1c2fc8f,1.0399999618530273,1.281524419784546,0.24152445793151855,0.24152445793151855
1,90,fb830994b8c6293cb6352e57,2.848017692565918,2.6738414764404297,-0.17417621612548828,0.17417621612548828
1,91,cfcaeaa7243eda26781e8e33,1.991399884223938,2.55669903755188,0.5652991533279419,0.5652991533279419
1,92,0d20ababb4b03ed6b1c79c75,1.4600000381469727,2.245231866836548,0.7852318286895752,0.7852318286895752
1,93,d6b0a80d70b8ac5769955ff1,1.003926396369934,0.9197638034820557,-0.08416259288787842,0.08416259288787842
1,94,e3f0cabfbba29357cd521e61,0.6299999952316284,1.5795749425888062,0.9495749473571777,0.9495749473571777
1,95,1198e38318a023a470c9ce22,2.619999885559082,2.2864859104156494,-0.3335139751434326,0.3335139751434326
1,96,0d8d5dd8093eb7fd8d942306,0.6197887659072876,0.23559768497943878,-0.38419109582901,0.38419109582901
1,97,b13cc0e8e5fae2a74b696e7a,1.0299999713897705,2.0153214931488037,0.9853215217590332,0.9853215217590332
1,98,1c9eb44c9f4e07b5f56dcc48,1.0299999713897705,1.4820208549499512,0.45202088356018066,0.45202088356018066
1,99,6193872800e9949862b8546a,0.9900000095367432,1.2141506671905518,0.2241506576538086,0.2241506576538086
1,100,e0155da856eb8b945ed94dbc,2.102372884750366,2.312788724899292,0.21041584014892578,0.21041584014892578
1,101,d54a35162798ea7cd2bc79b9,3.725842237472534,1.8472920656204224,-1.8785501718521118,1.8785501718521118
1,102,86fd8f4c3d791c10c12bd310,2.314258337020874,2.2504661083221436,-0.06379222869873047,0.06379222869873047
1,103,10dac2a3e40b5177dd43b626,0.9800000190734863,0.9947327375411987,0.014732718467712402,0.014732718467712402
1,104,c3622e9808470af0af4d9429,4.137868404388428,3.614398241043091,-0.5234701633453369,0.5234701633453369
1,105,561848edffe50ce4b0f2b029,1.090000033378601,1.680940866470337,0.5909408330917358,0.5909408330917358
1,106,4f3307536e41f379e1677763,2.314258337020874,2.1533496379852295,-0.16090869903564453,0.16090869903564453
1,107,a5b0a3beda27dfc97554610b,0.6000000238418579,1.2844247817993164,0.6844247579574585,0.6844247579574585
1,108,17fb4a66c265e06a1da45974,5.045757293701172,4.010141849517822,-1.0356154441833496,1.0356154441833496
1,109,c461d2b5a9f7a73cb8cc72e8,0.8538719415664673,0.2691148817539215,-0.5847570896148682,0.5847570896148682
1,110,62417fae9db07462ef050122,2.509999990463257,1.6836845874786377,-0.8263154029846191,0.8263154029846191
1,111,74d3e54f5a494c08d51347b0,3.602060079574585,3.1601905822753906,-0.44186949729919434,0.44186949729919434
1,112,bd1fe8d6feec2ee96697ee21,0.4893209636211395,1.0053364038467407,0.5160154104232788,0.5160154104232788
1,113,c7404eb57aa19b320a880f4b,1.399999976158142,1.4035367965698242,0.003536820411682129,0.003536820411682129
1,114,45938c8b3add3bd680c2b432,0.3538719713687897,0.2691148817539215,-0.08475708961486816,0.08475708961486816
1,115,a4be5e18299bc008b6f494d9,0.6399999856948853,0.924727737903595,0.2847277522087097,0.2847277522087097
1,116,109900276753db8e9fcb0ef5,2.259999990463257,2.15035080909729,-0.1096491813659668,0.1096491813659668
1,117,04a746ecb7f6e3e37441c6f1,3.070751428604126,1.739912509918213,-1.330838918685913,1.330838918685913
1,118,eb0b37bef3fc021d81bdf834,2.0399999618530273,0.5013829469680786,-1.5386170148849487,1.5386170148849487
1,119,59c5830e5d6a714f1c423112,2.522878646850586,2.5620687007904053,0.039190053939819336,0.039190053939819336
1,120,71930882046ff9f68dc65bed,0.05060999467968941,1.4568722248077393,1.4062622785568237,1.4062622785568237
1,121,6eaf725c9c28d25d489c1ea0,2.698970079421997,3.038404941558838,0.3394348621368408,0.3394348621368408
1,122,dd7b98ec6df001c6c02ac6fb,1.3300000429153442,1.8690476417541504,0.5390475988388062,0.5390475988388062
1,123,574b85e67a65611c9bb9f2b3,1.9800000190734863,2.3852174282073975,0.40521740913391113,0.40521740913391113
1,124,f3d202352797182b9159e01c,1.6100000143051147,0.9413357973098755,-0.6686642169952393,0.6686642169952393
1,125,ad5d095b86142f296d17654f,2.309999942779541,2.609126329421997,0.29912638664245605,0.29912638664245605
1,126,ad8770975db2aafe4457f669,1.0299999713897705,1.594844937324524,0.5648449659347534,0.5648449659347534
1,127,fa54dfe62d0d40c016442f02,0.9300000071525574,1.5084174871444702,0.5784174799919128,0.5784174799919128
1,128,edc2c5a12691f8978e8a2450,0.8538719415664673,1.9181030988693237,1.0642311573028564,1.0642311573028564
1,129,22ece9e7bf86c0ccc929134f,3.0999999046325684,2.6808571815490723,-0.4191427230834961,0.4191427230834961
1,130,20f167507b9afec97aecd8f6,2.060480833053589,2.119417428970337,0.05893659591674805,0.05893659591674805
1,131,cf82584f8d8346bdeb02d89a,0.4099999964237213,1.460789442062378,1.050789475440979,1.050789475440979
1,132,b3cd59f653af36bf1bcf06f5,0.05000000074505806,0.4954420328140259,0.4454420208930969,0.4454420208930969
1,133,b7621706a296ede216e53e14,1.690000057220459,1.8194799423217773,0.12947988510131836,0.12947988510131836
1,134,380e4279aa785ae74fd64c94,1.3700000047683716,2.114758253097534,0.7447582483291626,0.7447582483291626
1,135,37c2b344f7133db1e2fe9b33,0.9300000071525574,1.0698362588882446,0.13983625173568726,0.13983625173568726
1,136,dca6b4a94a06b25be2c9351f,2.5100414752960205,2.695852518081665,0.18581104278564453,0.18581104278564453
1,137,2c1a9935e8eb85c92cbb42e3,2.5,1.5733226537704468,-0.9266773462295532,0.9266773462295532
1,138,aa159e97829a5317790a9cd1,0.949999988079071,1.0271553993225098,0.07715541124343872,0.07715541124343872
1,139,948b940480f3ffb33e5b20fa,1.5700000524520874,2.165794610977173,0.5957945585250854,0.5957945585250854
1,140,acd4644c9d0ead96467c0876,0.7599999904632568,1.6667381525039673,0.9067381620407104,0.9067381620407104
1,141,6d1fa580b387ad968d7f7ff5,1.8300000429153442,1.9508755207061768,0.12087547779083252,0.12087547779083252
1,142,c3231b9d0caf3b3c34e4011d,-0.22530928254127502,0.7483150362968445,0.9736243486404419,0.9736243486404419
1,143,149a7708f1f4a7a5a5f0a3d6,0.2199999988079071,0.7105844020843506,0.4905844032764435,0.4905844032764435
1,144,b978a3f0d212f039b46e8a8c,4.568636417388916,4.543562889099121,-0.025073528289794922,0.025073528289794922
1,145,5d6227208a4d3ace0fb9e589,1.931814193725586,1.7843372821807861,-0.1474769115447998,0.1474769115447998
1,146,60e2f911ecc2f7a2b7dbf373,1.0,1.678544521331787,0.6785445213317871,0.6785445213317871
1,147,ba8ad6daabceeecf0994286c,0.6307841539382935,1.585052490234375,0.9542683362960815,0.9542683362960815
1,148,18cb9ec72d8410c511187224,1.309999942779541,1.633141279220581,0.32314133644104004,0.32314133644104004
1,149,71c2753f3bbd47ffe47a20d3,2.086186170578003,2.314493179321289,0.22830700874328613,0.22830700874328613
1,150,4ba69efe9e4a7f00951a7591,1.6399999856948853,1.7286946773529053,0.08869469165802002,0.08869469165802002
1,151,9c42a8f8dc302b5553a11b6d,1.2699999809265137,1.1592953205108643,-0.11070466041564941,0.11070466041564941
1,152,4b8461b332241c7d0976ab9b,3.799999952316284,1.5454308986663818,-2.2545690536499023,2.2545690536499023
1,153,5f1ad2c4085f07ee31d3e837,1.2200000286102295,1.3371162414550781,0.11711621284484863,0.11711621284484863
1,154,976f6faebb71385477d52671,2.737548828125,2.7199034690856934,-0.01764535903930664,0.01764535903930664
1,155,0753a0841e3782b5e762a1fe,2.4100000858306885,1.6448720693588257,-0.7651280164718628,0.7651280164718628
1,156,60a2681670a9c73f210c7021,1.899999976158142,1.2186192274093628,-0.6813807487487793,0.6813807487487793
1,157,14e10aa4b0fc2e979d1a7d36,4.886056423187256,1.6060823202133179,-3.2799739837646484,3.2799739837646484
1,158,62ae579aa180803c566156a7,0.7200000286102295,1.2693620920181274,0.549362063407898,0.549362063407898
1,159,3f608b502413110b59d936db,1.090000033378601,1.7565703392028809,0.6665703058242798,0.6665703058242798
1,160,8cf9940cf94188a1fe67a8af,2.311580181121826,2.2552709579467773,-0.05630922317504883,0.05630922317504883
1,161,095efc0ae8da6736a4e9874a,2.9412786960601807,2.7064716815948486,-0.23480701446533203,0.23480701446533203
1,162,3e60b7b51715ac0daac74f3f,1.6200000047683716,1.4723262786865234,-0.14767372608184814,0.14767372608184814
1,163,f8f391171c6c4395c6e28a8e,0.8799999952316284,1.0706228017807007,0.19062280654907227,0.19062280654907227
1,164,c02e89f5097128b731175ba2,2.369999885559082,2.5620932579040527,0.1920933723449707,0.1920933723449707
1,165,c203fe4099b880ad21b7f385,1.2200000286102295,1.2771401405334473,0.05714011192321777,0.05714011192321777
1,166,56eacb3bd0a9808b28bb503d,1.059999942779541,1.8173983097076416,0.7573983669281006,0.7573983669281006
1,167,8872d98550487357fde5be0f,2.119999885559082,1.89961576461792,-0.2203841209411621,0.2203841209411621
1,168,50b3c8674222cdcfd67b3495,2.700000047683716,2.422438859939575,-0.2775611877441406,0.2775611877441406
1,169,386e7e55b927329c1f212a31,0.3799999952316284,1.447623610496521,1.0676236152648926,1.0676236152648926
1,170,1701f62cb33071424f996923,2.3372421264648438,1.6618599891662598,-0.675382137298584,0.675382137298584
1,171,1c19032791b78764d5d2ff48,1.590000033378601,1.73623526096344,0.14623522758483887,0.14623522758483887
1,172,69c99dc0b59dc0b655ee69df,1.590000033378601,0.8666386604309082,-0.7233613729476929,0.7233613729476929
1,173,b72caa6799b2916cbdf60c49,1.7100000381469727,1.386488437652588,-0.32351160049438477,0.32351160049438477
1,174,09176c9616db25cc88c4b950,2.740000009536743,2.7945070266723633,0.05450701713562012,0.05450701713562012
1,175,9d9509e671f42549bc6dde06,4.568636417388916,4.583542823791504,0.01490640640258789,0.01490640640258789
1,176,7f386f0ff3e98141ce979863,2.0,2.6703531742095947,0.6703531742095947,0.6703531742095947
1,177,e6569ae0d1ac6d044e321e07,0.2846932113170624,1.634814977645874,1.3501217365264893,1.3501217365264893
1,178,7a1fbb0de6ef3de9dcc442d7,1.0,1.678544521331787,0.6785445213317871,0.6785445213317871
1,179,863c8ad498ab61d060283080,1.2000000476837158,1.003769874572754,-0.19623017311096191,0.19623017311096191
1,180,20b89cd6568fd6eb8a2a5228,3.0799999237060547,2.89452862739563,-0.1854712963104248,0.1854712963104248
1,181,690bfcb00c9b3c68e0043a5e,2.2100000381469727,2.3247807025909424,0.11478066444396973,0.11478066444396973
1,182,0e91b5864d5dc6d90a3a1a89,1.309999942779541,1.7596807479858398,0.44968080520629883,0.44968080520629883
1,183,b8093de656fa6d306ab1dce6,1.9299999475479126,0.9509141445159912,-0.9790858030319214,0.9790858030319214
1,184,110af45e78249bf472d43be4,1.886056661605835,2.902067184448242,1.0160105228424072,1.0160105228424072
1,185,788c8baebeb5bdc50e6148d5,3.2403321266174316,3.7002975940704346,0.45996546745300293,0.45996546745300293
1,186,d948d29e2bbb90f991cfa5b6,1.4500000476837158,2.466179370880127,1.0161793231964111,1.0161793231964111
1,187,82744c89ccdfbb26f746a956,0.9300000071525574,1.3137810230255127,0.3837810158729553,0.3837810158729553
1,188,162f83ebb46eecc0ec59ee0a,1.886056661605835,1.9468231201171875,0.06076645851135254,0.06076645851135254
1,189,a754abfa9f4cf1eaa817d050,1.3899999856948853,1.5846772193908691,0.1946772336959839,0.1946772336959839
1,190,647aefd9dacd8cf881397f53,2.2200000286102295,1.5092977285385132,-0.7107023000717163,0.7107023000717163
1,191,518a95a4f987e60875207012,1.8200000524520874,2.0894722938537598,0.26947224140167236,0.26947224140167236
1,192,31b951bdc15bde8237e2d542,0.5799999833106995,0.7571972608566284,0.17719727754592896,0.17719727754592896
1,193,1835ec34715caad10560b00c,2.431798219680786,2.901731252670288,0.46993303298950195,0.46993303298950195
1,194,780f019476f95416734ff38d,2.430000066757202,1.9735465049743652,-0.4564535617828369,0.4564535617828369
1,195,f1063305b41e5e1e429c187c,1.4045038223266602,1.7069668769836426,0.3024630546569824,0.3024630546569824
1,196,6465cc54500e8830d99838cf,1.7100000381469727,1.9213711023330688,0.2113710641860962,0.2113710641860962
1,197,4922c2d9842beea1eb138ac4,0.27000001072883606,0.25772368907928467,-0.012276321649551392,0.012276321649551392
1,198,e7ce7a3669938eb9bf8df516,1.2200000286102295,1.1212999820709229,-0.09870004653930664,0.09870004653930664
1,199,11fee56b1780e173d8cfd68d,3.140000104904175,2.8812763690948486,-0.25872373580932617,0.25872373580932617
1,200,3ec257c1f8675c2bc9ba9bc3,3.990000009536743,3.3655049800872803,-0.6244950294494629,0.6244950294494629
1,201,8353524e22696b6a599f25be,0.036212172359228134,0.8945280313491821,0.8583158850669861,0.8583158850669861
1,202,651c7702788e87595a3b61b5,1.4299999475479126,0.7357101440429688,-0.6942898035049438,0.6942898035049438
1,203,90e83ebcbe776cb380f15fa8,0.7699999809265137,0.5363296270370483,-0.23367035388946533,0.23367035388946533
1,204,320d6a110a644f2db1787a64,2.130000114440918,1.3303396701812744,-0.7996604442596436,0.7996604442596436
1,205,c79dcf67973453e5cf6bef5b,1.75,0.9941483736038208,-0.7558516263961792,0.7558516263961792
1,206,1283ad69717deb5b962ca08d,3.585026741027832,3.5922420024871826,0.007215261459350586,0.007215261459350586
1,207,a41766e91161ca8c9494c36f,0.699999988079071,0.6326159238815308,-0.06738406419754028,0.06738406419754028
1,208,6bf4e7d10ec3c741c971e933,0.3499999940395355,0.7586573958396912,0.40865740180015564,0.40865740180015564
1,209,85b81b4f6b23b3df3cb20edd,1.909999966621399,2.7033402919769287,0.7933403253555298,0.7933403253555298
1,210,52925f22e229a53fa89fa708,1.9199999570846558,1.4419198036193848,-0.478080153465271,0.478080153465271
1,211,5a7832202d75f6ba85c02eaf,0.7099999785423279,1.3294615745544434,0.6194615960121155,0.6194615960121155
1,212,3a80670f24100930a848883e,0.27000001072883606,1.1651573181152344,0.8951573371887207,0.8951573371887207
1,213,53600e31b67ea97dc1f11cec,1.2695510387420654,1.288523554801941,0.01897251605987549,0.01897251605987549
1,214,b8370428d2f8ba833a59ef81,1.0846002101898193,1.9654345512390137,0.8808343410491943,0.8808343410491943
1,215,7539d536b2977efa97e680d9,1.5800000429153442,2.5057334899902344,0.9257334470748901,0.9257334470748901
1,216,3ae64da8cab016061906c2b3,1.649999976158142,1.5259214639663696,-0.12407851219177246,0.12407851219177246
1,217,364715ed6afb003d73396814,2.5783960819244385,2.821422815322876,0.2430267333984375,0.2430267333984375
1,218,fba816d3866d4b1e48bc40c8,1.6812412738800049,1.5189404487609863,-0.16230082511901855,0.16230082511901855
1,219,10d176a698c96e07e4a909b6,1.0652996301651,2.673734426498413,1.608434796333313,1.608434796333313
1,220,1c8146d900a8fc6124d1bc59,3.2500319480895996,3.0103394985198975,-0.23969244956970215,0.23969244956970215
1,221,b6d54cef50066e298941c814,3.7105658054351807,2.928875684738159,-0.7816901206970215,0.7816901206970215
1,222,733918f3693235a9fecac82f,2.88008451461792,2.139618158340454,-0.7404663562774658,0.7404663562774658
1,223,221f4d62c12b9774099d8f23,2.2644011974334717,2.1101348400115967,-0.154266357421875,0.154266357421875
1,224,696e379e03f23e8b2ed9e374,2.7699999809265137,2.5119380950927734,-0.25806188583374023,0.25806188583374023
1,225,a27d2119065c1a84692d9b9d,4.079999923706055,3.8173763751983643,-0.26262354850769043,0.26262354850769043
1,226,3a2762385b5e509d91c10eb0,1.5700000524520874,1.7953267097473145,0.22532665729522705,0.22532665729522705
1,227,1e6a742e1de862593c766967,1.1200000047683716,1.322226881980896,0.20222687721252441,0.20222687721252441
1,228,0fa159fb0fb96808f8eda2f0,2.1700000762939453,2.389829158782959,0.21982908248901367,0.21982908248901367
1,229,cdb23a3108a06f24412034b5,1.931814193725586,1.8022842407226562,-0.1295299530029297,0.1295299530029297
1,230,3614b819a11c50845aa6ca35,1.7300000190734863,1.8799145221710205,0.14991450309753418,0.14991450309753418
1,231,706e8d524b607c877af33c2e,3.508638381958008,3.76054310798645,0.2519047260284424,0.2519047260284424
1,232,ed8eb0c322b780e9f7bc352c,0.11999999731779099,0.6289119124412537,0.5089119076728821,0.5089119076728821
1,233,128fb4b94e2995cc61ab983c,2.795880079269409,2.767873525619507,-0.028006553649902344,0.028006553649902344
1,234,43388ce275f41240cc33b23c,2.973403215408325,2.2563531398773193,-0.7170500755310059,0.7170500755310059
1,235,1e63da5d728cb52e3972dc41,1.059999942779541,0.8895861506462097,-0.1704137921333313,0.1704137921333313
1,236,9e8e378f6f4d43fd9c732941,1.8200000524520874,1.7426767349243164,-0.077323317527771,0.077323317527771
1,237,914d2fc5c1287e982cbaa368,0.75,2.0228116512298584,1.2728116512298584,1.2728116512298584
1,238,bc3460792213b6bd6d48c345,2.995678663253784,1.3247501850128174,-1.6709284782409668,1.6709284782409668
1,239,301c4f72b03c6220919f2fa3,0.7447274923324585,0.6873047351837158,-0.057422757148742676,0.057422757148742676
1,240,0682fc5e94a30f98281c99a7,0.20999999344348907,0.4335179328918457,0.22351793944835663,0.22351793944835663
1,241,e418936793a3fe53676811eb,2.0749998092651367,2.801959753036499,0.7269599437713623,0.7269599437713623
1,242,e902a53739b2851b07c81f8c,1.0199999809265137,0.88494473695755,-0.13505524396896362,0.13505524396896362
1,243,3edb27076eb7a80617d137de,1.8538719415664673,2.031694173812866,0.17782223224639893,0.17782223224639893
1,244,2d02f233eadcfa0b7aa1bc64,0.9800000190734863,1.2950835227966309,0.31508350372314453,0.31508350372314453
1,245,c38f4d72e2d276c13990ce74,3.5477027893066406,2.943847894668579,-0.6038548946380615,0.6038548946380615
1,246,62dda3f05ccf08ed293cd5c9,2.9600000381469727,1.6168935298919678,-1.3431065082550049,1.3431065082550049
1,247,058d7b605cd51fe4ee5634f5,1.590000033378601,1.932897925376892,0.342897891998291,0.342897891998291
1,248,e31c930994f63e61a0baef5e,3.853872060775757,3.9985902309417725,0.14471817016601562,0.14471817016601562
1,249,b405960fd9bda4ffb54afb95,2.0,2.4178826808929443,0.41788268089294434,0.41788268089294434
1,250,95d197ef8d7f8cb6b8dedb91,1.0700000524520874,1.3334636688232422,0.2634636163711548,0.2634636163711548
1,251,7079aad7ec96cfa545866af0,1.8700000047683716,1.242423415184021,-0.6275765895843506,0.6275765895843506
1,252,7442a9fd759d4ba1ec4897f0,0.7300000190734863,1.614478349685669,0.8844783306121826,0.8844783306121826
1,253,a3131c1dc374ccbf045bee30,4.585026741027832,4.415356636047363,-0.16967010498046875,0.16967010498046875
1,254,b748197c08b5cd047e3affbb,2.7473978996276855,3.511378526687622,0.7639806270599365,0.7639806270599365
1,255,17379d80c5793da3d5565c40,2.200000047683716,2.0760648250579834,-0.12393522262573242,0.12393522262573242
1,256,4b576f90b923790af27a03ec,2.704693555831909,2.6253244876861572,-0.07936906814575195,0.07936906814575195
1,257,72e6a71a2c3a1378c26da034,3.200000047683716,2.2659313678741455,-0.9340686798095703,0.9340686798095703
1,258,3846edd0236ea77c66554094,1.669586181640625,1.4768788814544678,-0.19270730018615723,0.19270730018615723
1,259,8e7d87a424db07b1301776fc,1.1100000143051147,1.0988881587982178,-0.011111855506896973,0.011111855506896973
1,260,49e9e65621bffbdbbb657355,1.3700000047683716,1.4281251430511475,0.05812513828277588,0.05812513828277588
1,261,2b1771649411c6d9c79ac281,2.92081880569458,3.897345781326294,0.9765269756317139,0.9765269756317139
1,262,b92da58e651f4a7754c4cc98,1.4900000095367432,0.6396455764770508,-0.8503544330596924,0.8503544330596924
1,263,2d4a43a4a19a4baaf289dc75,3.4600000381469727,3.0842838287353516,-0.3757162094116211,0.3757162094116211
1,264,3f73696008c90c014e13ca60,1.309999942779541,1.8030095100402832,0.4930095672607422,0.4930095672607422
1,265,f459c797505972326e3736ad,2.698970079421997,3.9536592960357666,1.2546892166137695,1.2546892166137695
1,266,69a368dd4ed0f6acff2f2ccd,3.3767507076263428,3.5289785861968994,0.15222787857055664,0.15222787857055664
1,267,d18bf83acdf5bdef5167492d,1.309999942779541,1.4299308061599731,0.11993086338043213,0.11993086338043213
1,268,3a5f7e704a3f248798a4cf30,0.7099999785423279,1.3401011228561401,0.6301011443138123,0.6301011443138123
1,269,e4b957a8c39199f020d6589e,0.75,1.9419629573822021,1.1919629573822021,1.1919629573822021
1,270,e69c1dde4c521363465b8387,2.2944176197052,2.1839566230773926,-0.11046099662780762,0.11046099662780762
1,271,dfe8b9b01cedf2bceceaa373,4.301030158996582,3.97013258934021,-0.33089756965637207,0.33089756965637207
1,272,ff26c8d091b37b2fa70b7b53,0.6197887659072876,0.767599880695343,0.14781111478805542,0.14781111478805542
1,273,73417bf445c2a8da0a20b836,2.853872060775757,2.308159112930298,-0.545712947845459,0.545712947845459
1,274,4dcaf2454fe66539d4e48e8b,1.2000000476837158,1.0874452590942383,-0.11255478858947754,0.11255478858947754
1,275,e26d69d4575b25a6f19ca59e,1.1200000047683716,1.4379463195800781,0.31794631481170654,0.31794631481170654
1,276,57d1844c75bacf097099b5c6,1.340000033378601,1.7337002754211426,0.3937002420425415,0.3937002420425415
1,277,6f7aff5c4f0dbd6bba9488fd,1.690000057220459,1.3320116996765137,-0.3579883575439453,0.3579883575439453
1,278,897b4865b20728f298d35928,2.109999895095825,1.747868537902832,-0.36213135719299316,0.36213135719299316
1,279,71aa48124ba78c3fa097a299,1.7699999809265137,1.6595088243484497,-0.11049115657806396,0.11049115657806396
1,280,557657e1e683079d08cce6df,3.2232987880706787,1.4547048807144165,-1.7685939073562622,1.7685939073562622
1,281,8f2e0def933a8a16fb83dd87,2.319999933242798,1.8748319149017334,-0.44516801834106445,0.44516801834106445
1,282,f98673d23713b266000b2845,3.010016441345215,3.0917863845825195,0.08176994323730469,0.08176994323730469
1,283,3d80541e4bfa460c10b9d894,4.187086582183838,3.128303289413452,-1.0587832927703857,1.0587832927703857
1,284,592e215c4483fa3196850aa4,2.2340831756591797,1.9708926677703857,-0.26319050788879395,0.26319050788879395
1,285,e5b84ec802d72a41ca280b31,3.698970079421997,3.89011812210083,0.191148042678833,0.191148042678833
1,286,fedef6d9cca2c950aa9b6d1d,1.2699999809265137,1.2134536504745483,-0.05654633045196533,0.05654633045196533
1,287,ee268999222a9933d590d8e3,1.4800000190734863,1.9158494472503662,0.4358494281768799,0.4358494281768799
1,288,25bd941d0598f3d90f5d1230,2.6814730167388916,2.531566619873047,-0.14990639686584473,0.14990639686584473
1,289,eb866edd637596703f83d60a,1.9900000095367432,1.8436379432678223,-0.1463620662689209,0.1463620662689209
1,290,7fe21bcc7fc4561634e38e84,1.8043770790100098,1.9504482746124268,0.146071195602417,0.146071195602417
1,291,02e4ce18cbb76ef009231511,1.190000057220459,1.3084368705749512,0.11843681335449219,0.11843681335449219
1,292,654b14a46466de59bad5df42,2.317854881286621,2.96655011177063,0.6486952304840088,0.6486952304840088
1,293,7d5c280bffdfb8437f6c23af,1.100000023841858,1.2343816757202148,0.13438165187835693,0.13438165187835693
1,294,de0d8a78f0a3106b30327fa7,2.059999942779541,1.9901361465454102,-0.06986379623413086,0.06986379623413086
1,295,d7d44b8d04f0391b26895008,0.25,0.5862874388694763,0.3362874388694763,0.3362874388694763
1,296,0939eb40c5f6ca7fed7def14,0.9034376740455627,1.8431122303009033,0.9396745562553406,0.9396745562553406
1,297,fe12efb2e42280ec3706fed4,3.450000047683716,3.274902582168579,-0.17509746551513672,0.17509746551513672
1,298,75b5da29783cd7138518ea93,3.1700000762939453,3.3360865116119385,0.16608643531799316,0.16608643531799316
1,299,7b6ed75dd3058ce1e69fe68d,1.2999999523162842,1.3890306949615479,0.08903074264526367,0.08903074264526367
1,300,b27e2887a86f4ebc8a2a477e,2.267606258392334,2.2744662761688232,0.006860017776489258,0.006860017776489258
1,301,177111624f2ad1a2e0124966,2.8299999237060547,2.786280870437622,-0.04371905326843262,0.04371905326843262
1,302,e8d3825ee781422b9ea72c65,1.8894102573394775,2.903484582901001,1.0140743255615234,1.0140743255615234
1,303,e836b665b3afe1271b848452,1.690000057220459,2.74558687210083,1.055586814880371,1.055586814880371
1,304,66efe3c8391d075a45a9a3fa,0.8538719415664673,0.2691148817539215,-0.5847570896148682,0.5847570896148682
1,305,664b3b0a7315fd54ba97c141,1.4299999475479126,1.519140601158142,0.08914065361022949,0.08914065361022949
1,306,69a6d8ce636e1d6196dec679,0.6307841539382935,1.7124381065368652,1.0816539525985718,1.0816539525985718
1,307,6670ea68e956a0ba2fc0a8e4,1.4900000095367432,1.6220403909683228,0.1320403814315796,0.1320403814315796
1,308,128d2a880c21da97d8c727f5,4.275723934173584,3.451089382171631,-0.8246345520019531,0.8246345520019531
1,309,5eaef3663aa77bf84ac2ce8e,0.27000001072883606,1.0625250339508057,0.792525053024292,0.792525053024292
1,310,e2235199d44af46413fe0034,0.8299999833106995,1.2761030197143555,0.446103036403656,0.446103036403656
1,311,09f9f2147fae58a2f458967c,1.25,0.8766424655914307,-0.37335753440856934,0.37335753440856934
1,312,35c794dbeb9919e215931110,1.1100000143051147,1.2071961164474487,0.09719610214233398,0.09719610214233398
1,313,1644517bb3d9946859531127,5.142667293548584,4.269475936889648,-0.8731913566589355,0.8731913566589355
1,314,4c2595621cb4fa33a1dd6db6,1.8700000047683716,1.9878566265106201,0.11785662174224854,0.11785662174224854
1,315,20d050979aa880fdf913d66b,1.7695510387420654,1.9460985660552979,0.17654752731323242,0.17654752731323242
1,316,65fa98e2c2a7d0c759bf2e72,3.9808835983276367,1.528660774230957,-2.4522228240966797,2.4522228240966797
1,317,afc9494af2468170288af274,2.119999885559082,1.9997432231903076,-0.12025666236877441,0.12025666236877441
1,318,e079e61866a718bab3542a33,2.009999990463257,1.882382869720459,-0.12761712074279785,0.12761712074279785
1,319,adc24614e2b3430c25259fa7,2.92081880569458,3.90130877494812,0.98048996925354,0.98048996925354
1,320,fab7a7c947e2f1c138d4f4d2,2.1700000762939453,2.1795568466186523,0.009556770324707031,0.009556770324707031
1,321,1935c7cf06ca9a783ab737f2,2.2699999809265137,3.1198136806488037,0.84981369972229,0.84981369972229
1,322,a21adfe5b4c50a1bc6f59646,2.2699999809265137,2.0964205265045166,-0.17357945442199707,0.17357945442199707
1,323,0ceb0a733958240b44a2bf01,0.5600000023841858,0.8908153772354126,0.3308153748512268,0.3308153748512268
1,324,ddf178714ea47188cb573f05,0.7200000286102295,1.1424245834350586,0.4224245548248291,0.4224245548248291
1,325,fd540089ea8fb37d97d430cc,3.056011199951172,1.2892584800720215,-1.7667527198791504,1.7667527198791504
1,326,645e5efebfbdcaccf19e62a3,1.879426121711731,2.4420297145843506,0.5626035928726196,0.5626035928726196
1,327,146a85ff0bd810154712c99a,2.5399999618530273,1.7237746715545654,-0.8162252902984619,0.8162252902984619
1,328,a8d6b537f92b6e1a362aca1c,2.903090000152588,2.7596523761749268,-0.14343762397766113,0.14343762397766113
1,329,bf73ced09ac7a39119788635,3.4881513118743896,3.0775973796844482,-0.4105539321899414,0.4105539321899414
1,330,0d7f3c2d4e6946dbf4763113,3.8004276752471924,3.261125326156616,-0.5393023490905762,0.5393023490905762
1,331,26e2424113f5b5c48a5a2a27,2.7827155590057373,1.1560020446777344,-1.626713514328003,1.626713514328003
1,332,b4946a70965fbbff72a7f311,2.698970079421997,2.4845848083496094,-0.2143852710723877,0.2143852710723877
1,333,520b3c226bab709d7ebd6068,2.1752235889434814,1.89236319065094,-0.2828603982925415,0.2828603982925415
1,334,d99dc4ab88b288c9cab62f08,0.5292443037033081,0.9364461898803711,0.407201886177063,0.407201886177063
1,335,7a5c990178096198801f56a7,1.7300000190734863,1.4357459545135498,-0.2942540645599365,0.2942540645599365
1,336,85e10665c08cba294a3a9211,0.46000000834465027,0.8456563949584961,0.3856563866138458,0.3856563866138458
1,337,231578947bda0326f14ac10b,2.031491994857788,1.885400652885437,-0.14609134197235107,0.14609134197235107
1,338,13e37d627962d8c1d7466b66,4.079999923706055,3.614398241043091,-0.46560168266296387,0.46560168266296387
1,339,2f504eee9839eaac848ea9c4,0.8457282185554504,1.155947208404541,0.3102189898490906,0.3102189898490906
1,340,eb85840f6808ebf859c528cc,2.0,2.636465311050415,0.636465311050415,0.636465311050415
1,341,dbc2be3481e54c134a2dd439,2.380000114440918,2.611302137374878,0.23130202293395996,0.23130202293395996
1,342,1187e243936ddb33e8e92433,1.7999999523162842,2.094954252243042,0.2949542999267578,0.2949542999267578
1,343,7ec9e350ff639412833ff6cb,4.346787452697754,3.7482426166534424,-0.5985448360443115,0.5985448360443115
1,344,22bf67f2dd6d8987a9f2b752,1.6699999570846558,1.6406185626983643,-0.029381394386291504,0.029381394386291504
1,345,aff8ed0b50d78b4e761318f6,1.1200000047683716,1.4620270729064941,0.34202706813812256,0.34202706813812256
1,346,8582487aba76a5acca8d09de,0.11999999731779099,1.5002846717834473,1.3802846670150757,1.3802846670150757
1,347,e30ce39d30cef85e8df90194,4.387216091156006,3.824232816696167,-0.5629832744598389,0.5629832744598389
1,348,2f21553ff98c0d76893279a2,2.346787452697754,3.523267984390259,1.1764805316925049,1.1764805316925049
1,349,b19b959a07ecd652f6915533,2.119999885559082,2.0931007862091064,-0.026899099349975586,0.026899099349975586
1,350,d707be559359a48d4513746f,2.6600000858306885,2.1943633556365967,-0.4656367301940918,0.4656367301940918
1,351,1405dfb70fe74cfb597e7394,2.940000057220459,2.783355951309204,-0.15664410591125488,0.15664410591125488
1,352,b40187a317cf58677c435c2d,2.8399999141693115,2.0143487453460693,-0.8256511688232422,0.8256511688232422
1,353,936044430d4459cc06ebe228,1.25,1.098293662071228,-0.15170633792877197,0.15170633792877197
1,354,5c1f8d31ff79c6305372fe85,1.7599999904632568,1.1489636898040771,-0.6110363006591797,0.6110363006591797
1,355,23b54c2231411886caf583a1,2.982966661453247,1.3756318092346191,-1.607334852218628,1.607334852218628
1,356,f5e726a47af8d2e8359bc502,2.609999895095825,0.9561209678649902,-1.653878927230835,1.653878927230835
1,357,e4f264f67afeace6018002a4,3.880000114440918,3.7199180126190186,-0.16008210182189941,0.16008210182189941
1,358,692c1e50afcfc2833e04ff48,3.6600000858306885,2.58948016166687,-1.0705199241638184,1.0705199241638184
1,359,cb8ad10ff9afba1a2877c11f,2.568636178970337,2.5658767223358154,-0.0027594566345214844,0.0027594566345214844
1,360,6a02e6ffdb3e0f30cd092f19,1.5199999809265137,1.1260113716125488,-0.39398860931396484,0.39398860931396484
1,361,54334c10600c393263688936,2.1877553462982178,0.5166280269622803,-1.6711273193359375,1.6711273193359375
1,362,0a3ecdd4fb993f91414af0d1,1.8601208925247192,1.9477968215942383,0.08767592906951904,0.08767592906951904
1,363,6e97750a175c0c7ad8cd334e,0.9800000190734863,0.7538650035858154,-0.2261350154876709,0.2261350154876709
1,364,5bd52ec11d4fe452ebb7d40b,2.869666337966919,2.7779531478881836,-0.09171319007873535,0.09171319007873535
1,365,302dd0bdf474bbc7ef37bba2,0.9913998246192932,0.7845019102096558,-0.20689791440963745,0.20689791440963745
1,366,12bc8ed9f276a08821a63320,1.149999976158142,0.8113387823104858,-0.33866119384765625,0.33866119384765625
1,367,ae118f0ae664fe3a9ca4dc0d,2.390000104904175,1.6078107357025146,-0.7821893692016602,0.7821893692016602
1,368,d07ac6140f2f1aa3e15456e8,2.124938726425171,1.8129537105560303,-0.3119850158691406,0.3119850158691406
1,369,4c55495b7b4a1094bc9c2dc0,-0.81754070520401,0.15947984158992767,0.9770205616950989,0.9770205616950989
1,370,f47649eb61d6b8cf542e4e35,1.2799999713897705,1.009037971496582,-0.2709619998931885,0.2709619998931885
1,371,9bf56bbfa9443fef46df48c3,3.2867891788482666,2.9294726848602295,-0.3573164939880371,0.3573164939880371
1,372,145e493fc2b492da4db4c1d7,2.7212464809417725,1.602096438407898,-1.1191500425338745,1.1191500425338745
1,373,f2173e459c79294fddf81b18,1.3157532215118408,2.9959094524383545,1.6801562309265137,1.6801562309265137
1,374,c43343e2087af45389d8b829,1.9746941328048706,0.8247119188308716,-1.149982213973999,1.149982213973999
1,375,093292522b6755b770226faf,1.8200000524520874,2.36812424659729,0.5481241941452026,0.5481241941452026
1,376,420a43389ac6338d7915c5ba,1.5399999618530273,1.787226676940918,0.24722671508789062,0.24722671508789062
1,377,4ccc8934c7cfa8c6d20623c0,4.337242126464844,4.294244766235352,-0.04299736022949219,0.04299736022949219
1,378,693e8b3335f3989748430bb4,0.5199999809265137,1.3623201847076416,0.8423202037811279,0.8423202037811279
1,379,4e1b4707a8e6e699ec40ea4d,1.159999966621399,1.3368703126907349,0.17687034606933594,0.17687034606933594
1,380,9ad27ab9b568fc1134125907,2.7931740283966064,2.6553947925567627,-0.13777923583984375,0.13777923583984375
1,381,3dede811b578f93d8c93ea9d,2.1553361415863037,1.6597691774368286,-0.4955669641494751,0.4955669641494751
1,382,6267e8cf76528283da174eb8,2.6575772762298584,2.040846109390259,-0.6167311668395996,0.6167311668395996
1,383,645a37b815ed67fe9b9217eb,1.409999966621399,1.4286181926727295,0.018618226051330566,0.018618226051330566
1,384,548fc2b335c6ff7ee036bfa3,1.7100000381469727,1.3066041469573975,-0.4033958911895752,0.4033958911895752
1,385,a0280c1a457fa26f398f19e9,0.8538719415664673,1.9181030988693237,1.0642311573028564,1.0642311573028564
1,386,ea00a45a3671a259a434a18d,1.7200000286102295,1.3496923446655273,-0.37030768394470215,0.37030768394470215
1,387,16778360544c203216314fef,2.119999885559082,2.0989015102386475,-0.02109837532043457,0.02109837532043457
1,388,349c3c3e7a2aa2ffd79066a3,3.5100414752960205,2.025322198867798,-1.4847192764282227,1.4847192764282227
1,389,769174a52d548e93725d814c,3.070019483566284,2.99288272857666,-0.07713675498962402,0.07713675498962402
1,390,90708c66f555be7ff00c156a,0.6700000166893005,1.3083724975585938,0.6383724808692932,0.6383724808692932
1,391,ae5cf96ee971ddb10b5a0e20,2.700000047683716,2.3259875774383545,-0.37401247024536133,0.37401247024536133
1,392,e577e8b06f69c6119278ddbb,0.8700000047683716,1.274914026260376,0.4049140214920044,0.4049140214920044
1,393,d8761a263ba7f7f6571ae14e,1.221848726272583,0.12379506230354309,-1.0980536937713623,1.0980536937713623
1,394,4919b3eb88d53c80fd7a2b75,1.8700000047683716,2.1061527729034424,0.2361527681350708,0.2361527681350708
1,395,36edebd42aa46875ba5c4dc0,1.9199999570846558,2.1649413108825684,0.2449413537979126,0.2449413537979126
1,396,c59fcea7aa72163f5aad7995,2.28399658203125,2.891622304916382,0.6076257228851318,0.6076257228851318
1,397,081dd7c6731ddf6e66c03bd3,1.4299999475479126,1.2083728313446045,-0.2216271162033081,0.2216271162033081
1,398,e28a76c4032af50f56b5f025,3.288151502609253,3.172506093978882,-0.1156454086303711,0.1156454086303711
1,399,33ed812f7264efffd0f5b26c,1.2200000286102295,1.5552228689193726,0.33522284030914307,0.33522284030914307
1,400,762b227b4637caaefa9bf944,0.9599999785423279,1.1955370903015137,0.2355371117591858,0.2355371117591858
1,401,05e7811b671c6f56441bc806,2.0999999046325684,2.2181339263916016,0.1181340217590332,0.1181340217590332
1,402,b8042fe2da267956c745b1dd,3.9871628284454346,4.013201713562012,0.02603888511657715,0.02603888511657715
1,403,400df5fc87a7a651e3129f66,0.36000001430511475,0.11045190691947937,-0.24954810738563538,0.24954810738563538
1,404,88903d971511f2b47cead0e1,2.990124464035034,3.416123390197754,0.4259989261627197,0.4259989261627197
1,405,4dca5551b2fc07252639cf4e,1.149999976158142,1.4649717807769775,0.31497180461883545,0.31497180461883545
1,406,0989a81c15d748d8a704c9be,4.087778091430664,3.7117621898651123,-0.37601590156555176,0.37601590156555176
1,407,7c59effd6e501ac20a24e823,3.079181432723999,2.9895246028900146,-0.08965682983398438,0.08965682983398438
1,408,2e892f6647345ca01845d64f,1.763630747795105,2.772038221359253,1.008407473564148,1.008407473564148
1,409,118c325d0dcf086f06aa7248,2.102372884750366,2.312788724899292,0.21041584014892578,0.21041584014892578
1,410,bdefd7c26d8b663309de5061,2.24833607673645,1.7264456748962402,-0.52189040184021,0.52189040184021
1,411,1ff3c5429286c0a9334db3b6,2.190000057220459,2.7678959369659424,0.5778958797454834,0.5778958797454834
1,412,58e11cf0253ba70d7e0c8245,0.6200000047683716,1.097682237625122,0.4776822328567505,0.4776822328567505
1,413,46cd486447305e5c0b4ccefb,1.325555682182312,1.7163608074188232,0.39080512523651123,0.39080512523651123
1,414,7447d78e8f9c4cd61b7535be,3.92081880569458,3.743842840194702,-0.17697596549987793,0.17697596549987793
1,415,652b90c53625213d75ab9fef,1.059999942779541,1.1825309991836548,0.12253105640411377,0.12253105640411377
1,416,7b7071e105e7a3efbf6bf1a3,0.8500000238418579,1.3578165769577026,0.5078165531158447,0.5078165531158447
1,417,a6a3de8366c02770840852ca,0.3565473258495331,0.2183680683374405,-0.1381792575120926,0.1381792575120926
1,418,242179124bad3936279f3838,2.359999895095825,2.0649116039276123,-0.2950882911682129,0.2950882911682129
1,419,7d1b81bd68c6ed7e23bca608,0.6600000262260437,1.7024809122085571,1.0424809455871582,1.0424809455871582
1,420,64a93872b9ec20587900e917,3.4993977546691895,2.536820411682129,-0.9625773429870605,0.9625773429870605
1,421,d0214fff3e358cd9454cc4c2,0.6800000071525574,1.0304367542266846,0.3504367470741272,0.3504367470741272
1,422,4891b8c443ce607920250d02,1.649999976158142,1.3587563037872314,-0.29124367237091064,0.29124367237091064
1,423,7743140934a474cc4f12dcbf,2.0399999618530273,2.4852707386016846,0.4452707767486572,0.4452707767486572
1,424,70e7d5157ead12742a7298b0,0.25806093215942383,0.9310128688812256,0.6729519367218018,0.6729519367218018
1,425,9786d9c668204eb3f58fbece,1.0700000524520874,1.2791393995285034,0.20913934707641602,0.20913934707641602
1,426,1db914dea7b25e1886dbbc7d,1.659999966621399,1.999237298965454,0.3392373323440552,0.3392373323440552
1,427,65543f9286e8911e550162fd,0.550000011920929,2.0950775146484375,1.5450775623321533,1.5450775623321533
1,428,38afb52cbe1d10afb1ab76d2,2.856985092163086,2.456184148788452,-0.4008009433746338,0.4008009433746338
1,429,ddefc855c4ad18933ac00fea,1.3506650924682617,1.3981322050094604,0.04746711254119873,0.04746711254119873
1,430,009d1218a16e9c47fc4eabe5,1.190000057220459,0.9898076057434082,-0.20019245147705078,0.20019245147705078
1,431,647da62c4b9c63c3b915af84,1.1299999952316284,1.2415452003479004,0.11154520511627197,0.11154520511627197
1,432,544798809e96cd320e07e320,1.551736831665039,1.7069668769836426,0.15523004531860352,0.15523004531860352
1,433,7392fc5a1ec22fdeb9abae92,1.0700000524520874,1.7507944107055664,0.680794358253479,0.680794358253479
1,434,9c76f9a89842942783b9c058,3.92081880569458,4.093725681304932,0.17290687561035156,0.17290687561035156
1,435,6a45b13d688c14e1399f7341,0.44999998807907104,1.0626099109649658,0.6126099228858948,0.6126099228858948
1,436,929cb4296ee9643a44da4fc7,0.9706162214279175,0.9880508184432983,0.01743459701538086,0.01743459701538086
1,437,ee6929d6e228c42b9e267b9f,-1.1367205381393433,-0.5223810076713562,0.6143395304679871,0.6143395304679871
1,438,fa87dc3c77b42ad79227189f,1.6100000143051147,1.8919334411621094,0.28193342685699463,0.28193342685699463
1,439,901480c2faddaadf5063cb7e,4.059999942779541,3.8270866870880127,-0.23291325569152832,0.23291325569152832
1,440,067af6d37b0a6ed9508e3675,2.9000000953674316,2.6196131706237793,-0.28038692474365234,0.28038692474365234
1,441,6ac2d18c8bcba47e636dc318,3.1432712078094482,3.0539515018463135,-0.08931970596313477,0.08931970596313477
1,442,1703e0805d369a63e0cc4d5f,1.690000057220459,1.9038896560668945,0.21388959884643555,0.21388959884643555
1,443,4ef3a572119ee1bb91d98318,0.9200000166893005,1.2877269983291626,0.36772698163986206,0.36772698163986206
1,444,b9e300e0ca12d32620539feb,0.7900000214576721,0.838851809501648,0.04885178804397583,0.04885178804397583
1,445,ab9a1b59f2aeef0e08e69b64,2.698970079421997,2.3167941570281982,-0.38217592239379883,0.38217592239379883
1,446,8d5f855f87dfd0b69b5679bb,2.809999942779541,2.2151005268096924,-0.5948994159698486,0.5948994159698486
1,447,fbfe5d3b6327025f345feb5a,1.5099999904632568,1.9549105167388916,0.44491052627563477,0.44491052627563477
1,448,06b71330098963c0b37b70de,4.534616947174072,3.1779186725616455,-1.3566982746124268,1.3566982746124268
1,449,4fb9fad430f445dd924c5765,3.176091194152832,3.010483503341675,-0.16560769081115723,0.16560769081115723
1,450,cdd108482a8cab0043efc644,0.9619364738464355,1.072792410850525,0.11085593700408936,0.11085593700408936
1,451,f666a4025f80f2bad2937c4a,3.6635403633117676,2.8530657291412354,-0.8104746341705322,0.8104746341705322
1,452,92ab4ebd4633c4a289c0ca2a,1.600000023841858,1.322432041168213,-0.277567982673645,0.277567982673645
1,453,0d956193977b1eddae82f4cb,0.4699999988079071,1.6326839923858643,1.1626839637756348,1.1626839637756348
1,454,5f2fbf5e961908fb31c42ee5,1.350000023841858,1.3109769821166992,-0.03902304172515869,0.03902304172515869
1,455,2c4e5d91e7880fb4e2013427,3.180000066757202,2.069641351699829,-1.110358715057373,1.110358715057373
1,456,4cdfdc8a5983a2119c2e1252,1.1200000047683716,1.2714521884918213,0.1514521837234497,0.1514521837234497
1,457,97727fa01ca086a80a1f50c4,4.410050392150879,3.1459500789642334,-1.2641003131866455,1.2641003131866455
1,458,b898d006536c411b84c3e9a4,1.2699999809265137,1.442713975906372,0.1727139949798584,0.1727139949798584
1,459,d9e16c9d029520e34fdac679,1.8700000047683716,1.4015308618545532,-0.46846914291381836,0.46846914291381836
1,460,8bd849b451c4502cee97bd0e,1.787812352180481,1.3093832731246948,-0.47842907905578613,0.47842907905578613
1,461,89d94eca68be181709a6fa01,3.301029920578003,3.1039271354675293,-0.19710278511047363,0.19710278511047363
1,462,3c6797c743cdcf7207fd55c3,2.617982864379883,4.117866516113281,1.4998836517333984,1.4998836517333984
1,463,a47503c63cca8a21b5603d9d,4.619969844818115,3.2506959438323975,-1.3692739009857178,1.3692739009857178
1,464,927af6bff09044552529f841,2.585026741027832,1.7589011192321777,-0.8261256217956543,0.8261256217956543
1,465,0f5236bdef044438e7ff1458,0.4300000071525574,1.4116135835647583,0.9816135764122009,0.9816135764122009
1,466,f178065a1ddc4b4baeb6835e,1.2799999713897705,1.6568760871887207,0.3768761157989502,0.3768761157989502
1,467,69f11081483cafb63f168605,2.890000104904175,1.4862630367279053,-1.4037370681762695,1.4037370681762695
1,468,60abf06405dc560d03898b17,1.0800000429153442,2.200063467025757,1.1200634241104126,1.1200634241104126
1,469,febb64f1025dda29e3fa9108,0.6307841539382935,1.6120935678482056,0.9813094139099121,0.9813094139099121
1,470,cb7e0c5a96ec1e3bb70fe648,2.3372421264648438,1.6618599891662598,-0.675382137298584,0.675382137298584
1,471,401d23a4dd9b30d5b4c55fb5,2.1475162506103516,2.586198568344116,0.43868231773376465,0.43868231773376465
1,472,688fac309d2b409204d0646c,2.4000000953674316,3.0790016651153564,0.6790015697479248,0.6790015697479248
1,473,a7423cebc854a07098e67e65,2.369999885559082,2.3726704120635986,0.0026705265045166016,0.0026705265045166016
1,474,d55baf850de1521593495c6a,1.559999942779541,1.633065938949585,0.07306599617004395,0.07306599617004395
1,475,2efde1fee49943496226b4a8,1.7599999904632568,0.9381022453308105,-0.8218977451324463,0.8218977451324463
1,476,03e131b808949ff6928cc6aa,2.791290044784546,2.6626040935516357,-0.12868595123291016,0.12868595123291016
1,477,3108e7b82efbb817781e1443,2.664207935333252,2.6688435077667236,0.00463557243347168,0.00463557243347168
1,478,da22635d7fe24544986c134b,2.583359479904175,2.294829845428467,-0.288529634475708,0.288529634475708
1,479,5c48caad1ee0e759ce3324b2,3.473158359527588,2.905198812484741,-0.5679595470428467,0.5679595470428467
1,480,915a4a7bc36e7c06eefcdde8,0.550000011920929,1.1831066608428955,0.6331066489219666,0.6331066489219666
1,481,ebbcd4b8b85d8c2c332d4126,-0.8864907026290894,0.8230729103088379,1.7095636129379272,1.7095636129379272
1,482,28649b1da62a3e6b0a82fb1c,1.2400000095367432,2.330648183822632,1.0906481742858887,1.0906481742858887
1,483,efbd6cec56ec84035fee6458,1.2100000381469727,1.2182085514068604,0.008208513259887695,0.008208513259887695
1,484,17894996f793fdc547f339ac,0.5600000023841858,1.1064318418502808,0.546431839466095,0.546431839466095
1,485,39f9892dda3258ef64577106,1.003926396369934,0.9283876419067383,-0.0755387544631958,0.0755387544631958
1,486,4e3cc2a0d2e58fe2d8e3aeaf,3.3004887104034424,1.873138427734375,-1.4273502826690674,1.4273502826690674
1,487,4c8e4a3fcb8d14abbbb2a365,1.5100414752960205,1.055038571357727,-0.45500290393829346,0.45500290393829346
1,488,c6dbe88edb96f853e36cff49,2.440000057220459,1.1943745613098145,-1.2456254959106445,1.2456254959106445
1,489,185e576ddf8586ddf949699f,4.823908805847168,4.306641578674316,-0.5172672271728516,0.5172672271728516
1,490,aef23cebcb4271631bb30753,0.6299999952316284,1.471846103668213,0.8418461084365845,0.8418461084365845
1,491,da17fc59999b1cfd1083dd58,0.8700000047683716,1.7171553373336792,0.8471553325653076,0.8471553325653076
1,492,7830c5efae06fe097f78ffba,2.200000047683716,2.040184736251831,-0.15981531143188477,0.15981531143188477
1,493,fb6b298e98644813be29fcb2,2.1600000858306885,2.131767511367798,-0.028232574462890625,0.028232574462890625
1,494,cf82e47ae5de31102b43139d,1.20481538772583,1.1126773357391357,-0.09213805198669434,0.09213805198669434
1,495,f26d6c6084abace3ab3782ce,2.2984321117401123,2.1839566230773926,-0.11447548866271973,0.11447548866271973
1,496,c343ed5d93435f5479af74e3,1.2200000286102295,1.4444687366485596,0.22446870803833008,0.22446870803833008
1,497,71a2967291d15db942d24ec4,1.8761483430862427,2.127912759780884,0.2517644166946411,0.2517644166946411
1,498,c7596d45b64fee0ce275148c,1.309999942779541,2.032500982284546,0.7225010395050049,0.7225010395050049
1,499,347ccf4f21478f7c3fe802cc,2.665546178817749,1.8364979028701782,-0.8290482759475708,0.8290482759475708
1,500,d91a2fa52619ae4d8f9f7817,1.100000023841858,1.1763265132904053,0.07632648944854736,0.07632648944854736
1,501,38862fe8104ff8820de47e56,-0.15228834748268127,1.6280032396316528,1.7802915573120117,1.7802915573120117
1,502,85de89d030ec2a84254348d2,1.7599999904632568,1.9280191659927368,0.16801917552947998,0.16801917552947998
1,503,fbcf4f17658aaea910d940a6,1.5099999904632568,1.3403607606887817,-0.1696392297744751,0.1696392297744751
1,504,abd5a95c3082969a30782bc3,8.0,2.8426172733306885,-5.157382965087891,5.157382965087891
1,505,7b3fcbe1812cc828f0f9072e,0.8500000238418579,1.517228364944458,0.6672283411026001,0.6672283411026001
1,506,de94a2109cccdaa56b2bff6e,3.6500000953674316,1.1583908796310425,-2.4916090965270996,2.4916090965270996
1,507,578ff594dc28c0dc197112f7,1.2799999713897705,1.9047198295593262,0.6247198581695557,0.6247198581695557
1,508,616ce2e509468a3a1e444ef9,2.602060079574585,2.4710662364959717,-0.13099384307861328,0.13099384307861328
1,509,747f9312847934868e8c830b,2.2699999809265137,2.097191572189331,-0.17280840873718262,0.17280840873718262
1,510,5a1cd8e2885199c05a9eee2e,1.0199999809265137,0.7917619347572327,-0.228238046169281,0.228238046169281
1,511,230927f9565992900a52f995,2.7569620609283447,3.4139091968536377,0.656947135925293,0.656947135925293
1,512,199bbb51079babf9cae57ec9,1.6989699602127075,1.1421236991882324,-0.5568462610244751,0.5568462610244751
1,513,03abd5f07045ea95e3f7f32a,0.8704712390899658,0.918714702129364,0.04824346303939819,0.04824346303939819
1,514,1df39efc0074b940d54ad31e,1.600000023841858,1.8246726989746094,0.22467267513275146,0.22467267513275146
1,515,a3519611b362917d726e0fb7,0.4605475068092346,2.8262362480163574,2.3656888008117676,2.3656888008117676
1,516,7b680b3f600ae2234824d691,0.9399999976158142,1.8740208148956299,0.9340208172798157,0.9340208172798157
1,517,d196d9307cd11666fc378432,1.6989699602127075,2.2144129276275635,0.515442967414856,0.515442967414856
1,518,14e8e594ebc0900cd4169ab9,1.4700000286102295,1.656558871269226,0.18655884265899658,0.18655884265899658
1,519,c2784684869b17d17892f3c0,0.7099999785423279,1.053351640701294,0.34335166215896606,0.34335166215896606
1,520,de36811f2c06da13188b1208,2.440000057220459,2.6618006229400635,0.2218005657196045,0.2218005657196045
1,521,694fae87d780a6e28420b889,1.931814193725586,1.6382049322128296,-0.29360926151275635,0.29360926151275635
1,522,cea3f0c1867603bd60438f13,0.949999988079071,1.268800973892212,0.31880098581314087,0.31880098581314087
1,523,975486432df8d6e764ea5eb9,2.549999952316284,2.723496675491333,0.17349672317504883,0.17349672317504883
1,524,562f6d897825c2381f313a22,3.275724172592163,1.8442580699920654,-1.4314661026000977,1.4314661026000977
1,525,b370b83dca42d51cf561049c,1.309999942779541,1.3509858846664429,0.040985941886901855,0.040985941886901855
1,526,ba008c98640857a36ebb3ff1,0.9430951476097107,2.5648839473724365,1.621788740158081,1.621788740158081
1,527,02f7d2a390ac5cd29dffe695,1.886056661605835,2.902067184448242,1.0160105228424072,1.0160105228424072
1,528,aa2a49f0b0d2e0c5bc6741ee,1.6299999952316284,1.3200979232788086,-0.3099020719528198,0.3099020719528198
1,529,f744c75e946eb1ef81967455,1.9299999475479126,1.6130776405334473,-0.31692230701446533,0.31692230701446533
1,530,038aaa74722de8d9c21467ee,2.8228163719177246,2.6741952896118164,-0.1486210823059082,0.1486210823059082
1,531,dbc64fe43c8723c5accdc025,4.508638381958008,4.009824752807617,-0.4988136291503906,0.4988136291503906
1,532,bc194d537f5bfe9f6eb93cbd,2.124938726425171,1.9493448734283447,-0.17559385299682617,0.17559385299682617
1,533,1690f1043f95ed3fab5bf8f1,2.819999933242798,0.6484891176223755,-2.171510696411133,2.171510696411133
1,534,43c1eb2fce3b27836b5c0b1b,1.1399999856948853,1.1665399074554443,0.026539921760559082,0.026539921760559082
1,535,8e92e0f3fd4bec451afeb412,4.823908805847168,2.9584991931915283,-1.8654096126556396,1.8654096126556396
1,536,98dfd9a090a6c1234eb2a5d8,0.7799999713897705,1.1137875318527222,0.33378756046295166,0.33378756046295166
1,537,80a3542dbb41a31214d167a2,0.9399999976158142,1.8614109754562378,0.9214109778404236,0.9214109778404236
1,538,a1daea55cfc5c5d21cf18aa1,0.550000011920929,0.7088671922683716,0.15886718034744263,0.15886718034744263
1,539,bd1b800a5d1463322c66bd3b,-0.05999999865889549,1.0203673839569092,1.0803673267364502,1.0803673267364502
1,540,a0794a2ed85d4b7f9f84cb6f,1.75,2.1320960521698,0.3820960521697998,0.3820960521697998
1,541,17625899e58e385240eac184,1.0800000429153442,2.0398313999176025,0.9598313570022583,0.9598313570022583
1,542,875c8f0a1eb63c94daf71604,-0.009999999776482582,0.8416156768798828,0.8516156673431396,0.8516156673431396
1,543,f28f82fb2a73345346fb8d3f,2.7621512413024902,3.2769455909729004,0.5147943496704102,0.5147943496704102
1,544,c5e70d283ed707f731fa6010,1.2100000381469727,1.592470407485962,0.38247036933898926,0.38247036933898926
1,545,472cd3f55166fb03ab3203b4,2.060480833053589,2.119417428970337,0.05893659591674805,0.05893659591674805
1,546,5a3873057329d0fe5c73dc4f,0.46000000834465027,0.7064133286476135,0.24641332030296326,0.24641332030296326
1,547,4d7d8a23ee807c5207c1e1d6,1.440000057220459,1.3045560121536255,-0.1354440450668335,0.1354440450668335
1,548,3f1b6ae9f4833732f734e8c2,2.516002893447876,2.660029172897339,0.1440262794494629,0.1440262794494629
1,549,efa75ec04315558863b40b8b,1.0299999713897705,1.091353416442871,0.061353445053100586,0.061353445053100586
1,550,3d4f27935d6db5c59b046933,1.0,1.678544521331787,0.6785445213317871,0.6785445213317871
1,551,666d760d7bf49d6191ef6671,1.409999966621399,1.763117790222168,0.35311782360076904,0.35311782360076904
1,552,6a47efe2fa5b7c2ce0d2f793,3.0,2.3106987476348877,-0.6893012523651123,0.6893012523651123
1,553,a91181465766a762087f98d2,1.649999976158142,2.1073672771453857,0.45736730098724365,0.45736730098724365
1,554,a085e4b396e1d8b47c9862ac,4.100015640258789,3.5176308155059814,-0.5823848247528076,0.5823848247528076
1,555,c45b93e3b4cda2993da07cc0,2.6700000762939453,2.5125255584716797,-0.15747451782226562,0.15747451782226562
1,556,899045b687907d963ddf3bbc,3.92081880569458,4.319464206695557,0.39864540100097656,0.39864540100097656
1,557,92465ed15ef75542d2948491,3.1854302883148193,1.261509895324707,-1.9239203929901123,1.9239203929901123
1,558,a408fa3973a86a584efde5a5,2.200000047683716,1.8360655307769775,-0.3639345169067383,0.3639345169067383
1,559,6daad1425ec47e102fa82662,2.465907096862793,2.902067184448242,0.4361600875854492,0.4361600875854492
1,560,975ed568aa8bec99eca1b2ef,1.9700000286102295,1.3711678981781006,-0.5988321304321289,0.5988321304321289
1,561,ccfeafc886a84b196953b5fb,3.614393711090088,2.2371010780334473,-1.3772926330566406,1.3772926330566406
1,562,c59a89a9b047f35a83050a1c,0.3100000023841858,0.645237922668457,0.33523792028427124,0.33523792028427124
1,563,2080355c2a6d9dcd71b68b1f,3.176091194152832,3.0228731632232666,-0.15321803092956543,0.15321803092956543
1,564,bb049e1ae92619e0695abfa2,2.6510465145111084,2.8699495792388916,0.2189030647277832,0.2189030647277832
1,565,f95e6a78ce8a07c6484c216a,2.0,2.636465311050415,0.636465311050415,0.636465311050415
1,566,3c723d2c9846c451702bdb54,1.9500000476837158,2.1195595264434814,0.16955947875976562,0.16955947875976562
1,567,4f452533429f96165d702deb,4.229147911071777,3.3630454540252686,-0.8661024570465088,0.8661024570465088
1,568,6736add540f3f130de4019c7,1.7695510387420654,1.288523554801941,-0.4810274839401245,0.4810274839401245
1,569,785367ef83d372310d3f5919,1.096909999847412,1.1114754676818848,0.014565467834472656,0.014565467834472656
1,570,6c51d41f278771126df75c8a,0.5344684720039368,1.5701429843902588,1.0356745719909668,1.0356745719909668
1,571,0f16092d370715bfdc07f789,1.100000023841858,1.9869277477264404,0.8869277238845825,0.8869277238845825
1,572,fb1b3e423648eb30dcb82070,2.602060079574585,2.4139363765716553,-0.1881237030029297,0.1881237030029297
1,573,2e2eb03109d5053025370810,0.8386319875717163,0.6158721446990967,-0.22275984287261963,0.22275984287261963
1,574,f471e15fa78f322b2721dd9b,2.130000114440918,2.3374555110931396,0.20745539665222168,0.20745539665222168
1,575,1cb98b8932dc55760696a975,2.5783960819244385,2.821422815322876,0.2430267333984375,0.2430267333984375
1,576,03d9b64a8f5894d8592bf504,1.9199999570846558,1.6120164394378662,-0.30798351764678955,0.30798351764678955
1,577,417cea71f2dbdbe1c21bb1bc,1.2599999904632568,1.0322887897491455,-0.22771120071411133,0.22771120071411133
1,578,2dc5a103815f7e1687756cf5,2.8538029193878174,2.595693826675415,-0.25810909271240234,0.25810909271240234
1,579,918e1333e88dcb104b8b6225,3.9881505966186523,3.3655049800872803,-0.6226456165313721,0.6226456165313721
1,580,2c3a5c2ee6ca987af405659b,1.9586073160171509,1.5764014720916748,-0.3822058439254761,0.3822058439254761
1,581,01d83054eaa33e71bd5e4f62,2.113509178161621,1.8921939134597778,-0.22131526470184326,0.22131526470184326
1,582,90a6d7af600fde3ddb53065b,1.0800000429153442,0.8683960437774658,-0.21160399913787842,0.21160399913787842
1,583,e2fe0551198efd2b41b5ac06,1.7695510387420654,1.3756334781646729,-0.3939175605773926,0.3939175605773926
1,584,f65266136ded68bfe97d10f9,0.12999999523162842,1.7079894542694092,1.5779894590377808,1.5779894590377808
1,585,57f6430b43eff1c622798f03,0.7400000095367432,0.8192566633224487,0.07925665378570557,0.07925665378570557
1,586,4497fc7a5e896e64e71164b8,1.2400000095367432,1.2813987731933594,0.04139876365661621,0.04139876365661621
1,587,c90a17141c972af6fac7a238,0.8199999928474426,1.2972867488861084,0.47728675603866577,0.47728675603866577
1,588,5dbb15d1c8c034759cc385f1,0.4099999964237213,1.5942647457122803,1.1842647790908813,1.1842647790908813
1,589,6b9544dee4b126ea30af20fb,4.2924299240112305,2.8852651119232178,-1.4071648120880127,1.4071648120880127
1,590,10ddf00c9065d8a2f2ec8eee,2.5051004886627197,2.5620687007904053,0.05696821212768555,0.05696821212768555
1,591,f7f80e537542a898b267be8d,4.327902317047119,4.20082950592041,-0.12707281112670898,0.12707281112670898
1,592,d3420a6e76993c73ce104aee,0.9208187460899353,0.9614399671554565,0.04062122106552124,0.04062122106552124
1,593,68ca1d80ba214fc640aff95e,0.8356471657752991,0.4486645460128784,-0.38698261976242065,0.38698261976242065
1,594,6c4e8f1b2ef5a8a2317fdcb6,4.0,2.4474008083343506,-1.5525991916656494,1.5525991916656494
1,595,8eeecc5c1009fec5eaa2a0ad,0.8538719415664673,1.9181030988693237,1.0642311573028564,1.0642311573028564
1,596,240fae99f42c31ad8262f9f3,1.8386319875717163,2.2929675579071045,0.4543355703353882,0.4543355703353882
1,597,ebbbc8f055f1375dd0019161,0.800000011920929,1.6200141906738281,0.8200141787528992,0.8200141787528992
1,598,b879fdde9d1ba832440679e0,0.7599999904632568,0.8428430557250977,0.08284306526184082,0.08284306526184082
1,599,71eafc1976d92e94e313250c,2.617982864379883,4.117866516113281,1.4998836517333984,1.4998836517333984
1,600,993bf8368c844183582a406b,3.1081509590148926,3.1458961963653564,0.03774523735046387,0.03774523735046387
1,601,f10fdd070da324492bb7df2b,0.7699999809265137,1.4084150791168213,0.6384150981903076,0.6384150981903076
1,602,20506045c6ca848fbb086978,3.9082226753234863,1.873138427734375,-2.0350842475891113,2.0350842475891113
1,603,082c328e7a2dd98eef70c2cc,1.3872160911560059,1.1921586990356445,-0.19505739212036133,0.19505739212036133
1,604,4b7b3290484244d6282f35b2,-3.067943811416626,-0.7616174817085266,2.306326389312744,2.306326389312744
1,605,2ecd8eab910951c133609530,1.7958799600601196,1.1535625457763672,-0.6423174142837524,0.6423174142837524
1,606,6c17685d75b1ce0bd6b1733f,5.045757293701172,4.0287089347839355,-1.0170483589172363,1.0170483589172363
1,607,580d7352cc8d014883a59b5b,4.159893989562988,3.1264307498931885,-1.0334632396697998,1.0334632396697998
1,608,73c00292e6e646c3bdfff9ef,2.180000066757202,2.7519052028656006,0.5719051361083984,0.5719051361083984
1,609,568059bed623f9ee97fcd9ab,1.7699999809265137,1.7695209980010986,-0.00047898292541503906,0.00047898292541503906
1,610,c2718fa48b670af613cfe40b,1.3096773624420166,1.0964932441711426,-0.21318411827087402,0.21318411827087402
1,611,9099cd8dffaff12892957c35,0.8199999928474426,1.5153019428253174,0.6953019499778748,0.6953019499778748
1,612,ea6614b6a24ecdc77d3b0d60,2.009999990463257,1.8274937868118286,-0.18250620365142822,0.18250620365142822
1,613,0330030097edd50a8e38e27d,1.0315170288085938,1.5251262187957764,0.4936091899871826,0.4936091899871826
1,614,2382c19087b0c2ad07d47f93,0.7599999904632568,0.43981677293777466,-0.3201832175254822,0.3201832175254822
1,615,9ded290e4e869cd35a674246,1.1799999475479126,1.2045705318450928,0.024570584297180176,0.024570584297180176
1,616,11fd5238cb8c021a02e5e1ac,0.7300000190734863,1.2061318159103394,0.476131796836853,0.476131796836853
1,617,bab5483f913c168627b51def,3.739928722381592,3.0996291637420654,-0.6402995586395264,0.6402995586395264
1,618,f011bfe3e7bb87b9e2619ba6,0.9300000071525574,1.6829251050949097,0.7529250979423523,0.7529250979423523
1,619,373a48729ca0d27a92273d48,0.08354604989290237,0.8322729468345642,0.7487269043922424,0.7487269043922424
1,620,6375f8979f9b0e0d6b73398c,1.4900000095367432,1.1938972473144531,-0.29610276222229004,0.29610276222229004
1,621,40428d4b867e0d4aded2b3ad,-1.4487062692642212,0.6045770645141602,2.053283214569092,2.053283214569092
1,622,eb8d1c68ddfe3f99f6871dc8,3.9700000286102295,3.4599549770355225,-0.510045051574707,0.510045051574707
1,623,49bb38f7ab3d29fe52efaa03,4.2924299240112305,4.418971061706543,0.1265411376953125,0.1265411376953125
1,624,eafb543317568425845dfc4e,3.490000009536743,3.0775973796844482,-0.4124026298522949,0.4124026298522949
1,625,c600c2b7b7a5acbae91143cb,1.5099999904632568,1.3701350688934326,-0.13986492156982422,0.13986492156982422
1,626,3f13547182b4732570a062de,1.149999976158142,1.5023901462554932,0.3523901700973511,0.3523901700973511
1,627,b7fb8a34318be080ccf78f62,1.4800000190734863,1.1448181867599487,-0.3351818323135376,0.3351818323135376
1,628,93c1a30cb6622a4364c4e375,2.190000057220459,2.2835886478424072,0.09358859062194824,0.09358859062194824
1,629,692789c61acb5f001ed0e468,2.3767507076263428,2.229034662246704,-0.14771604537963867,0.14771604537963867
1,630,38cc31219c82683a8b8316ac,2.0246546268463135,3.4217889308929443,1.3971343040466309,1.3971343040466309
1,631,4beaba797356efa2cb830bb7,0.8399999737739563,1.5621669292449951,0.7221669554710388,0.7221669554710388
1,632,5faa5491c7eee170b1d8690b,2.1700000762939453,1.981780767440796,-0.18821930885314941,0.18821930885314941
1,633,cda612836d238c03b9d1d541,2.8247458934783936,2.341749906539917,-0.48299598693847656,0.48299598693847656
1,634,4b25ee01a83d0ff5de8ecaf5,1.4500000476837158,1.530155062675476,0.08015501499176025,0.08015501499176025
1,635,fcff5313996da8d33893452b,0.8299999833106995,1.6758666038513184,0.8458666205406189,0.8458666205406189
1,636,8b5e7b6bb058bce93c0d61a2,1.4700000286102295,1.6851236820220947,0.21512365341186523,0.21512365341186523
1,637,907bcd71bf026667bac97f7e,2.2200000286102295,2.4194300174713135,0.19942998886108398,0.19942998886108398
1,638,e92dd48a5983a030ce047cf5,3.6382720470428467,3.5051088333129883,-0.1331632137298584,0.1331632137298584
1,639,8ae2042f9757a860048f9288,1.2835954427719116,1.295989751815796,0.012394309043884277,0.012394309043884277
1,640,e24bede9b7ee58e7026b4a7f,1.909999966621399,1.2784364223480225,-0.6315635442733765,0.6315635442733765
1,641,0f285a872fc8d419f295e7f5,1.053547739982605,1.0402934551239014,-0.013254284858703613,0.013254284858703613
1,642,be94f45ae38f80bff9045beb,0.7099999785423279,1.0850778818130493,0.37507790327072144,0.37507790327072144
1,643,ff968ea2888fc470e6db3cae,1.8239086866378784,2.6597836017608643,0.8358749151229858,0.8358749151229858
1,644,fafbbf1f91e5ba109d40c447,0.20000000298023224,0.5714908242225647,0.37149083614349365,0.37149083614349365
1,645,e9b4b39cafb371174f9411d6,1.6309466361999512,2.68437123298645,1.053424596786499,1.053424596786499
1,646,8bf6456b95e2d4e14260400e,3.537601947784424,4.087696075439453,0.5500941276550293,0.5500941276550293
1,647,30bfd69490a08007d18de4ef,1.8799999952316284,1.403382658958435,-0.47661733627319336,0.47661733627319336
1,648,6bcf7a2354a8ef33318b0ca6,-1.3222192525863647,0.7600342035293579,2.0822534561157227,2.0822534561157227
1,649,89634749db46427a2a77e4ca,2.299999952316284,1.7023799419403076,-0.5976200103759766,0.5976200103759766
1,650,9250af83532bde66512ee5eb,0.6899999976158142,0.9980928897857666,0.3080928921699524,0.3080928921699524
1,651,4a3f3d43311d2bd7c6c28963,1.5299999713897705,1.3351333141326904,-0.19486665725708008,0.19486665725708008
1,652,43d702be2090513a007082e1,2.317854881286621,2.960744619369507,0.6428897380828857,0.6428897380828857
1,653,44e4f8def6f9fb4ce840c99b,0.6200000047683716,1.5631625652313232,0.9431625604629517,0.9431625604629517
1,654,6ff8a0ee7e1f3ce16aad97ff,0.3400000035762787,0.851829469203949,0.5118294954299927,0.5118294954299927
1,655,859256c6f5970fcc78d661b5,1.0099999904632568,1.1453063488006592,0.13530635833740234,0.13530635833740234
1,656,52154ffa942cf92339d2086e,1.3372421264648438,1.1148576736450195,-0.22238445281982422,0.22238445281982422
1,657,761e4c7fbe6681a4e44ee9b7,0.9800000190734863,0.8086217641830444,-0.1713782548904419,0.1713782548904419
1,658,ae69a33dc505e3b0af2c9ea3,2.380000114440918,2.0745503902435303,-0.3054497241973877,0.3054497241973877
1,659,1676bf01c7789e5e46519d1b,2.0222764015197754,2.3382532596588135,0.3159768581390381,0.3159768581390381
1,660,621c3f4eebe5369031d80767,2.4000000953674316,2.035529375076294,-0.3644707202911377,0.3644707202911377
1,661,5f42367784c3801bf378c8cc,1.899999976158142,2.5751326084136963,0.6751326322555542,0.6751326322555542
1,662,c6edd741999b4391385ae9a5,1.649945855140686,2.171764373779297,0.5218185186386108,0.5218185186386108
1,663,0e43592faa9f0280dd646250,1.6100000143051147,1.3153544664382935,-0.2946455478668213,0.2946455478668213
1,664,59571b63371921aaa1304d5d,2.0,2.4178826808929443,0.41788268089294434,0.41788268089294434
1,665,651129c06143327d989613b7,2.049999952316284,2.307647943496704,0.2576479911804199,0.2576479911804199
1,666,f1834683af97378e175705ca,2.2262866497039795,2.207542657852173,-0.01874399185180664,0.01874399185180664
1,667,1f529211c7f7dbee543fecdf,0.7799999713897705,1.428343415260315,0.6483434438705444,0.6483434438705444
1,668,8da0a8110a00d6e19e5a92b6,1.0199999809265137,1.0597517490386963,0.03975176811218262,0.03975176811218262
1,669,a5fcf179b5cd3b217c762fa8,1.059999942779541,1.1390299797058105,0.07903003692626953,0.07903003692626953
1,670,89fd96cf5c4f37bce8ab5a3e,1.440000057220459,1.4018983840942383,-0.0381016731262207,0.0381016731262207
1,671,b5db6c335e43e577404381d8,4.096909999847412,4.075666427612305,-0.021243572235107422,0.021243572235107422
1,672,3b98daf6f5de5ca7b9bdcda5,4.017728805541992,4.32398796081543,0.3062591552734375,0.3062591552734375
1,673,b3f14184e281f45b3f25e643,2.119999885559082,1.7029950618743896,-0.4170048236846924,0.4170048236846924
1,674,45fb5b208c5bf9036e002c89,1.7599999904632568,1.7956511974334717,0.035651206970214844,0.035651206970214844
1,675,1e4baf86cb8f7329f52189cb,0.7599999904632568,2.261901617050171,1.501901626586914,1.501901626586914
1,676,45ac7c3071dc814e39da1b81,2.049999952316284,1.5844812393188477,-0.4655187129974365,0.4655187129974365
1,677,f414dd6baae4e8ae48247434,3.119999885559082,3.066462516784668,-0.05353736877441406,0.05353736877441406
1,678,72cb26c1291a63eb5ee81a10,0.5,0.9985251426696777,0.49852514266967773,0.49852514266967773
1,679,ac10a0152786713030caad71,1.190000057220459,1.0568047761917114,-0.13319528102874756,0.13319528102874756
1,680,2b81e1dcf9e4aa833a53b388,0.7900000214576721,1.338693380355835,0.5486933588981628,0.5486933588981628
1,681,7174d83b93fda369646fafe5,1.399999976158142,1.8678733110427856,0.46787333488464355,0.46787333488464355
1,682,98d46d55ca57de6eaa836a4f,4.050000190734863,2.9584991931915283,-1.091500997543335,1.091500997543335
1,683,82c35418ab5a598da9f9fc7c,1.0700000524520874,2.413339614868164,1.3433395624160767,1.3433395624160767
1,684,35b1c8e42f47f5de07f3f6cc,2.0199999809265137,2.369701623916626,0.3497016429901123,0.3497016429901123
1,685,cc23b188e89228f9853734cc,2.430000066757202,1.6941012144088745,-0.7358988523483276,0.7358988523483276
1,686,89d84dad97396c88e90232d1,4.721246242523193,4.197833061218262,-0.5234131813049316,0.5234131813049316
1,687,efe18b1da8c8a9e80bd6aaac,2.0199999809265137,1.673734188079834,-0.3462657928466797,0.3462657928466797
1,688,914b723cb621ff091c014863,3.2100000381469727,2.7616727352142334,-0.44832730293273926,0.44832730293273926
1,689,e16f3edf46e38876ac80d433,1.1135092973709106,1.7163608074188232,0.6028515100479126,0.6028515100479126
1,690,aa470c01e866596be9e50093,3.508638381958008,4.206366539001465,0.697728157043457,0.697728157043457
1,691,c43388e0aa1a8e67b21b2f73,0.46000000834465027,1.0663553476333618,0.6063553094863892,0.6063553094863892
1,692,73a19f48854fca36207f20ee,1.8700000047683716,0.7124511003494263,-1.1575489044189453,1.1575489044189453
1,693,24a71308bbbcac809bdb2652,4.202040195465088,3.6843461990356445,-0.5176939964294434,0.5176939964294434
1,694,434e61ae95ddcd743fe93418,1.6307841539382935,2.5102884769439697,0.8795043230056763,0.8795043230056763
1,695,c9b358756c1e76e3b38be33f,0.5299999713897705,1.0948803424835205,0.56488037109375,0.56488037109375
1,696,34f06c44eb4d3b44268da610,0.9900000095367432,1.584014892578125,0.5940148830413818,0.5940148830413818
1,697,9fa551e25d8e2e4ca749d666,1.850000023841858,1.927589774131775,0.07758975028991699,0.07758975028991699
1,698,94dac7aec7b1d7465a5a9013,1.7699999809265137,1.931666374206543,0.1616663932800293,0.1616663932800293
1,699,67feb968c37a4214ef55eeba,2.950007200241089,2.654879331588745,-0.29512786865234375,0.29512786865234375
1,700,f7f7407cae0ff65c1e5279e4,0.9599999785423279,1.157741665840149,0.19774168729782104,0.19774168729782104
1,701,1a9999e92be96b5467b5888a,2.9025115966796875,2.7631187438964844,-0.13939285278320312,0.13939285278320312
1,702,47ca938b527373338ec26ccb,2.2200000286102295,1.661286473274231,-0.5587135553359985,0.5587135553359985
1,703,f8b1348756cf474e86a777c5,1.148741602897644,0.9904942512512207,-0.15824735164642334,0.15824735164642334
1,704,f2773f9ce887320451640774,1.1799999475479126,1.1277707815170288,-0.05222916603088379,0.05222916603088379
1,705,d3d8272c47d1313613a256d0,1.3010300397872925,1.6050589084625244,0.30402886867523193,0.30402886867523193
1,706,55fc2b0a15f08ccff7c486f9,1.2699999809265137,1.4027116298675537,0.13271164894104004,0.13271164894104004
1,707,ea881b4875cbcc6f25849853,4.570000171661377,4.178014278411865,-0.3919858932495117,0.3919858932495117
1,708,2e865c47e822681d3905be4e,0.800000011920929,1.0170634984970093,0.21706348657608032,0.21706348657608032
1,709,89e97bbbac147c7a5c4c3e9b,1.0399999618530273,1.045162320137024,0.005162358283996582,0.005162358283996582
1,710,03638e7b8dd538e280bbec58,0.20999999344348907,0.10700453817844391,-0.10299545526504517,0.10299545526504517
1,711,6275c0838c9d04ee4d26e54c,0.6800000071525574,1.6105283498764038,0.9305283427238464,0.9305283427238464
1,712,c043e24e5d4e548bb79b7127,1.2599999904632568,1.3425294160842896,0.08252942562103271,0.08252942562103271
1,713,0f057c83bc847639a2308e78,1.4299999475479126,1.028752088546753,-0.40124785900115967,0.40124785900115967
1,714,16c1fe17f398142d1ea3a0bb,1.5099999904632568,1.722372055053711,0.2123720645904541,0.2123720645904541
1,715,06e0cd11a546b98b633d6d9d,2.92081880569458,1.9154436588287354,-1.0053751468658447,1.0053751468658447
1,716,8038efff57d88310aebda383,1.3200000524520874,1.1343276500701904,-0.18567240238189697,0.18567240238189697
1,717,45ea66378195ebdc75efb941,3.190000057220459,2.290908098220825,-0.8990919589996338,0.8990919589996338
1,718,b8c9d9e4e174a4b2e484a123,1.440000057220459,1.4609434604644775,0.020943403244018555,0.020943403244018555
1,719,7051a970c15279e314d28445,1.4900000095367432,1.6647183895111084,0.17471837997436523,0.17471837997436523
1,720,fb490992b590f78c8e1a4eb1,1.090000033378601,2.373288631439209,1.283288598060608,1.283288598060608
1,721,1552e38df45842d75a53a1c0,0.1396619975566864,0.3265472650527954,0.186885267496109,0.186885267496109
1,722,becc662a9bf1658b3145ed99,4.647817611694336,3.3542697429656982,-1.2935478687286377,1.2935478687286377
1,723,265985000c24c7a0fe02a92b,2.207608222961426,2.455401659011841,0.24779343605041504,0.24779343605041504
1,724,c4efd1a2fcf1e198a225f4cb,0.9900000095367432,0.28607916831970215,-0.703920841217041,0.703920841217041
1,725,b792949f37da6d1edc53e4f7,2.3767507076263428,2.586198568344116,0.20944786071777344,0.20944786071777344
1,726,d117a4ef51f479467fcb119b,2.140000104904175,2.0629403591156006,-0.07705974578857422,0.07705974578857422
1,727,a5f420d788ecd58a721dea8f,1.0199999809265137,0.8575040102005005,-0.16249597072601318,0.16249597072601318
1,728,4dad48a7e7871ef13872fa44,0.019999999552965164,0.7870640754699707,0.767064094543457,0.767064094543457
1,729,95eccd8cf2aad777db86511e,2.4000000953674316,2.3729453086853027,-0.027054786682128906,0.027054786682128906
1,730,d848d32388c98b47b0ba124c,0.3799999952316284,1.1173392534255981,0.7373392581939697,0.7373392581939697
1,731,243d885b46f25a3152d9e75e,2.8973376750946045,3.344310998916626,0.4469733238220215,0.4469733238220215
1,732,21399869fd97bf481e634011,2.793511390686035,2.769378423690796,-0.024132966995239258,0.024132966995239258
1,733,2191d95536073d84e335f25e,1.5299999713897705,1.2341194152832031,-0.2958805561065674,0.2958805561065674
1,734,35710d3b61ff0e9bdd78f895,0.949999988079071,1.265559434890747,0.315559446811676,0.315559446811676
1,735,7c7f22afbaf174747f72192c,2.0299999713897705,1.7237244844436646,-0.30627548694610596,0.30627548694610596
1,736,599509343afa8a4e30ab98b2,1.9900000095367432,1.4765210151672363,-0.5134789943695068,0.5134789943695068
1,737,fae4385393af683e307e4d97,5.210000038146973,4.269475936889648,-0.9405241012573242,0.9405241012573242
1,738,9f4662ab10aeeb70a0737201,0.9900000095367432,0.7833652496337891,-0.2066347599029541,0.2066347599029541
1,739,51c0a7550078e905ff444964,2.740000009536743,1.9484872817993164,-0.7915127277374268,0.7915127277374268
1,740,36583f266a8921bcb7fbf7da,3.3635120391845703,3.1781980991363525,-0.18531394004821777,0.18531394004821777
1,741,5be4c39cf9d3205c1c71b6c8,2.0299999713897705,1.897422194480896,-0.1325777769088745,0.1325777769088745
1,742,388cae64648dedd1016fe364,2.363178014755249,2.020883798599243,-0.34229421615600586,0.34229421615600586
1,743,2b4116c7e1590793509709ec,1.2400000095367432,0.9040241837501526,-0.3359758257865906,0.3359758257865906
1,744,b65cbc38b855add9e0803a16,1.045757532119751,1.112107753753662,0.06635022163391113,0.06635022163391113
1,745,58ebdc9baa8b528fb584e79b,2.059999942779541,1.9357490539550781,-0.12425088882446289,0.12425088882446289
1,746,35c9bebfdd0334ef63fb6310,1.992821455001831,2.188619375228882,0.19579792022705078,0.19579792022705078
1,747,e18eadc994a13c8ff93ab387,1.0199999809265137,1.6176283359527588,0.5976283550262451,0.5976283550262451
1,748,25f81046e93786440f6c9ae0,2.4600000381469727,1.715726613998413,-0.7442734241485596,0.7442734241485596
1,749,e5a1a44bca905f4cefdeecc2,1.1979107856750488,0.9208933711051941,-0.27701741456985474,0.27701741456985474
1,750,858ce515e5d23d61a84c4b51,1.7619539499282837,1.885400652885437,0.12344670295715332,0.12344670295715332
1,751,28416c65a20e141f352d3b77,1.809999942779541,1.5452784299850464,-0.26472151279449463,0.26472151279449463
1,752,cb2c78ddbd57d5e17488d82b,2.180000066757202,1.9971952438354492,-0.18280482292175293,0.18280482292175293
1,753,a7fba0f112f73f7b46b94ad7,2.185086727142334,-0.08363326638936996,-2.2687199115753174,2.2687199115753174
1,754,a7991485580296ee9ea78f35,1.8300000429153442,1.7329518795013428,-0.09704816341400146,0.09704816341400146
1,755,578bef2a26cc62c8da001134,1.350000023841858,1.2333705425262451,-0.11662948131561279,0.11662948131561279
1,756,e285bb0856fd60b83510b7af,0.2518119812011719,1.4944895505905151,1.2426775693893433,1.2426775693893433
1,757,c46ffa259cb0e9570b41b8bc,1.7599999904632568,2.3162789344787598,0.5562789440155029,0.5562789440155029
1,758,dffe5b1145e365c22d0c1f20,1.0199999809265137,1.2758705615997314,0.2558705806732178,0.2558705806732178
1,759,17981d6a540c279bacb0a8f2,2.2200000286102295,1.8586500883102417,-0.3613499402999878,0.3613499402999878
1,760,550a13b4b77f965b7083cd1d,1.9360682964324951,3.3873918056488037,1.4513235092163086,1.4513235092163086
1,761,6a268dcafdb2e79d0aa4a34c,2.0489985942840576,2.127912759780884,0.07891416549682617,0.07891416549682617
1,762,f43486d89e34398da6a85b20,0.5899999737739563,1.1161575317382812,0.526157557964325,0.526157557964325
1,763,9d8228b68cca2475e5fa926b,1.9800000190734863,2.0529167652130127,0.07291674613952637,0.07291674613952637
1,764,17d6066dab782bfaa81b3cfe,0.3979400098323822,0.40348008275032043,0.005540072917938232,0.005540072917938232
1,765,47f4b27e0d8ac300a56e4faa,2.5000381469726562,2.257155179977417,-0.24288296699523926,0.24288296699523926
1,766,1d087116f2e27a0db8fa7c61,1.2799999713897705,1.7986491918563843,0.5186492204666138,0.5186492204666138
1,767,aed2bb330573cd92cecdbb32,2.113509178161621,1.8921939134597778,-0.22131526470184326,0.22131526470184326
1,768,1095a396ab43cb6f4331f3ec,2.9586071968078613,3.054372549057007,0.09576535224914551,0.09576535224914551
1,769,475df20f09a314210450abfb,3.4164233207702637,2.219151258468628,-1.1972720623016357,1.1972720623016357
1,770,91c8d22f6a3dcc18c70c5fb5,-0.019999999552965164,0.3527354598045349,0.37273547053337097,0.37273547053337097
1,771,d5572a251e4fb5175bf23dae,3.314258337020874,3.15987491607666,-0.15438342094421387,0.15438342094421387
1,772,abc69375116041cbd550a239,1.809999942779541,1.981102705001831,0.17110276222229004,0.17110276222229004
1,773,505774e1071fc004b1e20a39,0.9300000071525574,1.4167689085006714,0.486768901348114,0.486768901348114
1,774,255b7daa932e1d867d38da80,0.4000000059604645,2.250882148742676,1.8508821725845337,1.8508821725845337
1,775,a9cd51cf44aa31f57d9067e4,1.5,1.6383297443389893,0.13832974433898926,0.13832974433898926
1,776,2f1fe7914e6b91bf85060663,3.259999990463257,2.4726054668426514,-0.7873945236206055,0.7873945236206055
1,777,e859804497570b6bcfa185b6,0.25999999046325684,0.7439110279083252,0.48391103744506836,0.48391103744506836
1,778,27f4848df4e0c75b871d7a4e,1.2400000095367432,1.5479278564453125,0.30792784690856934,0.30792784690856934
1,779,f76c860096b913494913a5fe,2.4100000858306885,2.7044308185577393,0.2944307327270508,0.2944307327270508
1,780,762e85c516ead3ad96d5ba73,1.4500000476837158,0.9890749454498291,-0.4609251022338867,0.4609251022338867
1,781,d46652fc76d8b4034523a4d5,1.0,1.3998370170593262,0.39983701705932617,0.39983701705932617
1,782,52b0e9aa152b79a43af6ad9c,4.207608222961426,3.966843366622925,-0.24076485633850098,0.24076485633850098
1,783,1839ecf2903f428bb8928c78,2.124938726425171,1.8129537105560303,-0.3119850158691406,0.3119850158691406
1,784,a8e5c3ad919c32a8de199925,0.8700000047683716,0.7978510856628418,-0.07214891910552979,0.07214891910552979
1,785,fe6d06f42936b9eeaf98b082,1.8300000429153442,1.6730806827545166,-0.15691936016082764,0.15691936016082764
1,786,7245dd426358ddbc044bb264,0.8600000143051147,0.7719610333442688,-0.08803898096084595,0.08803898096084595
1,787,d83f7cdcca464aa48a97636f,0.7471469640731812,0.7501077651977539,0.002960801124572754,0.002960801124572754
1,788,ccbddb0ed0ba18552afa1242,1.600000023841858,1.6272945404052734,0.027294516563415527,0.027294516563415527
1,789,31a118bbc896408989bc54a5,1.409999966621399,0.7151323556900024,-0.6948676109313965,0.6948676109313965
1,790,34fadc692345016e11cbf839,2.9281179904937744,3.3922646045684814,0.46414661407470703,0.46414661407470703
1,791,846a79aabbe032da3f348e36,2.5164601802825928,2.5986359119415283,0.08217573165893555,0.08217573165893555
1,792,fbac6640e67251648254508e,1.3700000047683716,1.9787185192108154,0.6087185144424438,0.6087185144424438
1,793,88faf633ffac1ff2dfe18832,1.4600000381469727,2.2982308864593506,0.8382308483123779,0.8382308483123779
1,794,158d17f3188f43b23f684c24,1.6299999952316284,2.0023229122161865,0.3723229169845581,0.3723229169845581
1,795,2d372024956e2b057f67845c,4.79587984085083,3.9424591064453125,-0.8534207344055176,0.8534207344055176
1,796,c891b15ab2d4b307ce8e24e7,0.027797162532806396,0.6837257146835327,0.6559285521507263,0.6559285521507263
1,797,c5bdcdc9bc8e3787f4b566b2,0.7200000286102295,1.1250321865081787,0.4050321578979492,0.4050321578979492
1,798,39eab97e290108b21ddded9c,2.4416913986206055,3.9253952503204346,1.483703851699829,1.483703851699829
1,799,01ab50c34a731bfbb4cbf812,2.910094976425171,2.5941295623779297,-0.3159654140472412,0.3159654140472412
1,800,ae4850374fed95eceee3a919,0.8899999856948853,1.03280508518219,0.1428050994873047,0.1428050994873047
1,801,ac1d81257e80714aea15a9f5,3.50445556640625,3.2088382244110107,-0.29561734199523926,0.29561734199523926
1,802,bc7e8f897cb23bfd43f2bbc9,1.6799999475479126,1.3309223651885986,-0.34907758235931396,0.34907758235931396
1,803,8735056d0bf9049a6534d013,3.7212464809417725,4.1121978759765625,0.39095139503479004,0.39095139503479004
1,804,f599806d33c7c889952f9e6f,1.690000057220459,2.6879539489746094,0.9979538917541504,0.9979538917541504
1,805,3182c6ca892446b338dd752f,1.0099999904632568,1.8651397228240967,0.8551397323608398,0.8551397323608398
1,806,b85cb9caf5f26a3081aef197,1.0099999904632568,1.6990935802459717,0.6890935897827148,0.6890935897827148
1,807,5db3686826bc98831b9d262d,3.4559319019317627,3.2014412879943848,-0.25449061393737793,0.25449061393737793
1,808,423a34329cfbf7b6e4a6c1d7,0.8999999761581421,0.9454918503761292,0.04549187421798706,0.04549187421798706
1,809,94d67f7570206f95165d6e71,2.3372421264648438,1.6618599891662598,-0.675382137298584,0.675382137298584
1,810,d159e092a50f2eaec63ef31f,2.7798919677734375,2.4889838695526123,-0.2909080982208252,0.2909080982208252
1,811,3e4f26e657638ccff38d4ff2,4.239999771118164,4.1435112953186035,-0.09648847579956055,0.09648847579956055
1,812,960df7da4d8aea7804619a71,0.9300000071525574,1.0398790836334229,0.10987907648086548,0.10987907648086548
1,813,a6f7e6a36d8850cc3ad9d6aa,-0.2041199803352356,0.23574544489383698,0.4398654103279114,0.4398654103279114
1,814,3af3a1f7ae139491afa51169,0.5099999904632568,1.2686524391174316,0.7586524486541748,0.7586524486541748
1,815,329133e5d0d3f217174a9b1a,2.9586071968078613,3.5933947563171387,0.6347875595092773,0.6347875595092773
1,816,df8239168a6d8e5fe8d77047,1.9199999570846558,2.394026279449463,0.47402632236480713,0.47402632236480713
1,817,5f5d3da4259c7a7cb6778fef,3.7367584705352783,2.691283941268921,-1.0454745292663574,1.0454745292663574
1,818,9a16450ef4cf39ee4ab65e49,1.809999942779541,2.106987714767456,0.29698777198791504,0.29698777198791504
1,819,183ac622ab35e3eae0f02dd1,1.4500000476837158,1.6682698726654053,0.21826982498168945,0.21826982498168945
1,820,ef9527ba07c26b056c0c69f0,3.296708583831787,3.138747215270996,-0.15796136856079102,0.15796136856079102
1,821,b50da861ef298a83d5c38c2d,0.44999998807907104,1.2759026288986206,0.8259026408195496,0.8259026408195496
1,822,68e1f7bf672f0a4e01f90974,4.070580959320068,3.656085252761841,-0.41449570655822754,0.41449570655822754
1,823,bcb9322d14895e58b95250ab,0.9599999785423279,1.8140239715576172,0.8540239930152893,0.8540239930152893
1,824,523d62d1e16cbb224ec8a079,0.9399999976158142,1.4996191263198853,0.559619128704071,0.559619128704071
1,825,739c9f66e0fa6e7217ec5a5a,1.2695510387420654,0.9927287101745605,-0.2768223285675049,0.2768223285675049
1,826,0e2b513f8daa29698ccc0a7b,1.9600000381469727,1.0569560527801514,-0.9030439853668213,0.9030439853668213
1,827,23a7a85e56bd54a05785d56b,2.2799999713897705,2.7345077991485596,0.45450782775878906,0.45450782775878906
1,828,5bd58f612d4dc9875d0160ce,1.1100000143051147,1.1613284349441528,0.051328420639038086,0.051328420639038086
1,829,d2bdbab121c913d51a8e59ea,0.949999988079071,0.922803521156311,-0.02719646692276001,0.02719646692276001
1,830,021107770400f525a31e6563,0.5299999713897705,0.9509899616241455,0.420989990234375,0.420989990234375
1,831,4f3102ed1cf7248f03e637f5,1.1739251613616943,1.6944472789764404,0.5205221176147461,0.5205221176147461
1,832,4ea002283b7fe81c7c2bf921,2.0299999713897705,2.3774609565734863,0.3474609851837158,0.3474609851837158
1,833,df90d7b268c08955d98d61f2,0.7400000095367432,0.6007022857666016,-0.1392977237701416,0.1392977237701416
1,834,c71e1f27efca9740871481b3,1.840000033378601,1.6949799060821533,-0.14502012729644775,0.14502012729644775
1,835,9d6e6234d55f54ef02705a86,1.3300000429153442,1.4950249195098877,0.16502487659454346,0.16502487659454346
1,836,f1012b3bd7504bfbc6f3a769,1.5800000429153442,1.9844155311584473,0.404415488243103,0.404415488243103
1,837,b8582d16b288f7032e8c839d,4.480000019073486,2.7575266361236572,-1.722473382949829,1.722473382949829
1,838,a69df787348eac1cf206b5c3,2.778151273727417,2.912593126296997,0.13444185256958008,0.13444185256958008
1,839,4d9f4ab3bb54c4363964de37,4.269999980926514,1.3545634746551514,-2.9154365062713623,2.9154365062713623
1,840,7fae859922aa72ac856b2cd5,2.8961963653564453,2.5780553817749023,-0.31814098358154297,0.31814098358154297
1,841,635b1f26a27eb5ee5e2c5798,1.7899999618530273,2.037935733795166,0.24793577194213867,0.24793577194213867
1,842,135dc65595fb63fc67e76058,3.069999933242798,1.115659236907959,-1.9543406963348389,1.9543406963348389
1,843,67ee77023fab1f0fa3f386b1,1.2400000095367432,1.3077328205108643,0.0677328109741211,0.0677328109741211
1,844,bb587518e9d58bee84017436,2.4600000381469727,1.8661386966705322,-0.5938613414764404,0.5938613414764404
1,845,bc3743ecabf71a0419204d62,0.6399999856948853,1.1841684579849243,0.5441684722900391,0.5441684722900391
1,846,72fc30123f5c304aee3ea365,0.1599999964237213,0.9969687461853027,0.8369687795639038,0.8369687795639038
1,847,ea03678a5dfe3d8cca7b247a,0.8999999761581421,0.7574081420898438,-0.14259183406829834,0.14259183406829834
1,848,51b6737773a3ac0cea8d8710,2.759999990463257,3.2769455909729004,0.5169456005096436,0.5169456005096436
1,849,c48a178c8fdc20734218a464,1.9199999570846558,2.088165044784546,0.16816508769989014,0.16816508769989014
1,850,2c7644cbaf331628791e2787,1.1917890310287476,0.9186623692512512,-0.27312666177749634,0.27312666177749634
1,851,f4e08af7a428a2d96f7d34d5,3.778151273727417,2.7460267543792725,-1.0321245193481445,1.0321245193481445
1,852,32ac330273e82a863500d27d,1.0800000429153442,1.23610520362854,0.1561051607131958,0.1561051607131958
1,853,691d8896b95c57955bf2dc66,0.9399999976158142,1.2857004404067993,0.3457004427909851,0.3457004427909851
1,854,873115be22b22eb6f36222f6,0.3199999928474426,0.3173024356365204,-0.002697557210922241,0.002697557210922241
1,855,ca43ebc1d2d09609b4e02f39,1.9299999475479126,1.7057271003723145,-0.22427284717559814,0.22427284717559814
1,856,14f11f8dc79368c81643b143,1.5,1.7574803829193115,0.2574803829193115,0.2574803829193115
1,857,7437605ba6ea9bf4eb085c6a,1.1980135440826416,0.9208933711051941,-0.2771201729774475,0.2771201729774475
1,858,49248c2a706e1b05f831112a,2.0799999237060547,3.0562198162078857,0.976219892501831,0.976219892501831
1,859,93d49a0c4922e23e4421c271,1.2200000286102295,0.5753589868545532,-0.6446410417556763,0.6446410417556763
1,860,dce6053d257df2821f08932f,1.7000000476837158,2.2445168495178223,0.5445168018341064,0.5445168018341064
1,861,5561d3102cb1c2f1f6594a42,0.18000000715255737,0.8134244680404663,0.6334244608879089,0.6334244608879089
1,862,ae2e86551eeceeae49e8071e,0.15000000596046448,0.6931157112121582,0.5431157350540161,0.5431157350540161
1,863,8039c3ab09f9ca85accfb575,2.5399999618530273,2.566179037094116,0.026179075241088867,0.026179075241088867
1,864,a5f84435fc3b710a2d4d326e,3.380211353302002,2.112438201904297,-1.267773151397705,1.267773151397705
1,865,1e8a1ca0942727a71fbcd19d,1.399999976158142,1.8068041801452637,0.4068042039871216,0.4068042039871216
1,866,2345c53969e4906f96fdbad2,2.7799999713897705,1.9233293533325195,-0.856670618057251,0.856670618057251
1,867,382fe67b66021fd7efe6877f,1.7899999618530273,2.2594125270843506,0.46941256523132324,0.46941256523132324
1,868,fa33ebca9321c048c1c7d085,1.2100000381469727,1.2199840545654297,0.009984016418457031,0.009984016418457031
1,869,11c3517241c01b71a99050cd,2.583359479904175,2.294829845428467,-0.288529634475708,0.288529634475708
1,870,9d64406d5bacd57febd56c0d,4.2500319480896,3.930407762527466,-0.3196241855621338,0.3196241855621338
1,871,b3c536dd5b50cf478ec78b59,1.840000033378601,1.8220829963684082,-0.01791703701019287,0.01791703701019287
1,872,fc2c80a57fa157fab2f0ebef,0.7695510983467102,0.9927287101745605,0.22317761182785034,0.22317761182785034
1,873,59aa53e91ff52125a693a78a,2.190000057220459,2.6018292903900146,0.41182923316955566,0.41182923316955566
1,874,aea0d6a5d13315a31c738d18,1.5466816425323486,2.5395781993865967,0.992896556854248,0.992896556854248
1,875,d9cd4e7b20278d3356a0a0d4,2.0399999618530273,1.4068759679794312,-0.6331239938735962,0.6331239938735962
1,876,046f5db64834318caf898f35,2.295849561691284,1.9387786388397217,-0.3570709228515625,0.3570709228515625
1,877,8040203a2f4af592a511b93f,3.004672050476074,3.122558355331421,0.11788630485534668,0.11788630485534668
1,878,c72ea56829827af9219c963c,2.200000047683716,1.8141207695007324,-0.3858792781829834,0.3858792781829834
1,879,f1e65b236e3430440f1ca144,1.2000000476837158,0.7303731441497803,-0.46962690353393555,0.46962690353393555
1,880,b5146a79c6f5ddc865fb5060,4.200659275054932,4.254587650299072,0.053928375244140625,0.053928375244140625
1,881,7e561575e36aba512c57bbea,1.0800000429153442,1.5376226902008057,0.4576226472854614,0.4576226472854614
1,882,04160f170563ca12d65e23c5,0.8100000023841858,0.836559534072876,0.026559531688690186,0.026559531688690186
1,883,c6cd641f3ac09bc64c95e2a4,0.6197887659072876,1.162980318069458,0.5431915521621704,0.5431915521621704
1,884,fc8a2b373aba7433c4e86bcc,1.5199999809265137,2.248563289642334,0.7285633087158203,0.7285633087158203
1,885,9fe3a2ab172e43cd4d6aa424,7.677780628204346,2.9981648921966553,-4.6796159744262695,4.6796159744262695
1,886,bad0c80913789f52148765cb,2.309999942779541,1.9167673587799072,-0.3932325839996338,0.3932325839996338
1,887,783302e9f91f1570a962b0d8,1.2799999713897705,1.0947365760803223,-0.18526339530944824,0.18526339530944824
1,888,c8b53cad2eda024105ffb936,1.399999976158142,0.5838765501976013,-0.8161234259605408,0.8161234259605408
1,889,3c03d645558ec8368be457a0,2.240000009536743,1.5029487609863281,-0.737051248550415,0.737051248550415
1,890,66b13cb6b603e057048e52e7,0.5799999833106995,1.1050262451171875,0.525026261806488,0.525026261806488
1,891,9d382e2d36604bd1d9a84bca,1.2799999713897705,1.846850872039795,0.5668509006500244,0.5668509006500244
1,892,6ed8c54e48bb698a9053a7f3,0.793174147605896,0.7673169374465942,-0.025857210159301758,0.025857210159301758
1,893,827ed433c51351df0162d722,2.1153934001922607,1.9620037078857422,-0.15338969230651855,0.15338969230651855
1,894,08a1be0bdbdc4190d2da4eca,1.1699999570846558,0.9888676404953003,-0.18113231658935547,0.18113231658935547
1,895,abc374e9223a385e21e55c88,-0.5646660923957825,1.0321260690689087,1.596792221069336,1.596792221069336
1,896,e81676b3cb26759d2160c755,1.409999966621399,1.76287841796875,0.3528784513473511,0.3528784513473511
1,897,c8aaad5de16f097c8efef4c4,2.119999885559082,1.8391441106796265,-0.28085577487945557,0.28085577487945557
1,898,043b20650b3cc1becaa6f376,1.2699999809265137,0.9761446714401245,-0.29385530948638916,0.29385530948638916
1,899,a9123f639d0adc6811a2f405,1.6399999856948853,0.9979679584503174,-0.6420320272445679,0.6420320272445679
1,900,2b279fe85e8f77116465f854,2.5142786502838135,2.5996811389923096,0.0854024887084961,0.0854024887084961
1,901,1fe4d06521184f01894a8a09,1.5606672763824463,1.9725401401519775,0.41187286376953125,0.41187286376953125
1,902,81959aac7be427d1e92958ce,1.75,1.5381340980529785,-0.21186590194702148,0.21186590194702148
1,903,af0f6c6d33b3cdca9933be7a,2.665546178817749,1.9677348136901855,-0.6978113651275635,0.6978113651275635
1,904,f0404db96b162a591503977c,1.3300000429153442,2.124933958053589,0.7949339151382446,0.7949339151382446
1,905,b46fb9b9bc809f1942dcd1ac,0.324221670627594,0.809516429901123,0.48529475927352905,0.48529475927352905
1,906,36e7fe64bf2e3f1dfbffeedb,1.1299999952316284,1.3967816829681396,0.26678168773651123,0.26678168773651123
1,907,4ab685e1e122744c3e971615,2.568636178970337,3.125401258468628,0.556765079498291,0.556765079498291
1,908,5a2d3dc6d3a0928615bafda8,2.0043647289276123,2.47072434425354,0.46635961532592773,0.46635961532592773
1,909,c3a112d16b2c68893a30cf32,2.1700000762939453,2.0519869327545166,-0.11801314353942871,0.11801314353942871
1,910,010b8ae2725d42f3e23b08f6,2.665546178817749,2.0224225521087646,-0.6431236267089844,0.6431236267089844
1,911,6544eb59a1b8ac71b19ac86e,1.5399999618530273,1.784398078918457,0.2443981170654297,0.2443981170654297
1,912,ef777be2a0e1c13153b7db26,0.8199999928474426,1.4709196090698242,0.6509196162223816,0.6509196162223816
1,913,49a50783cdb86c06d943da61,3.32790207862854,3.7752768993377686,0.4473748207092285,0.4473748207092285
1,914,6f0e0712bc4ad5e5984c0f99,1.0985417366027832,1.6475651264190674,0.5490233898162842,0.5490233898162842
1,915,188096affed836033e4a6119,0.9300000071525574,0.7763062119483948,-0.1536937952041626,0.1536937952041626
1,916,0c681f585145159081bce925,0.8399999737739563,1.7026972770690918,0.8626973032951355,0.8626973032951355
1,917,97e7f8e36b611930348489ce,0.8199999928474426,2.1597044467926025,1.3397045135498047,1.3397045135498047
1,918,84c1a6fe28e47dbe24de88c3,0.3979400098323822,1.9255380630493164,1.5275980234146118,1.5275980234146118
1,919,9990d56f686f9193654e1ed1,2.859999895095825,1.7881851196289062,-1.071814775466919,1.071814775466919
1,920,10e3908273ef3e4c0d217284,2.1500000953674316,2.252354860305786,0.10235476493835449,0.10235476493835449
1,921,1968c0fd1526ca00c7aceb6d,1.6100000143051147,1.967700719833374,0.3577007055282593,0.3577007055282593
1,922,f79ee35c3c31a95c165745f7,0.75,1.4996840953826904,0.7496840953826904,0.7496840953826904
1,923,b5def7ad99b43caea514a980,0.3400000035762787,1.171928882598877,0.8319288492202759,0.8319288492202759
1,924,f8401b6fbfbc3fad2d4a3426,-0.014529475010931492,0.6589695811271667,0.6734990477561951,0.6734990477561951
1,925,ad64b6a9c7e14d88fe6e8cff,0.5099999904632568,1.1797394752502441,0.6697394847869873,0.6697394847869873
1,926,7b2c624201a93f3732138882,2.0,2.636465311050415,0.636465311050415,0.636465311050415
1,927,95e55109a9e16081f14c8665,1.309999942779541,1.1891734600067139,-0.12082648277282715,0.12082648277282715
1,928,d0ce916bbb23146ccf312ca8,2.5999999046325684,1.3891359567642212,-1.2108639478683472,1.2108639478683472
1,929,d31ffd84140e77a8d8283f59,2.130000114440918,2.58475399017334,0.4547538757324219,0.4547538757324219
1,930,fcc87bbcd8bea38b2f3eb170,4.522878646850586,1.6758410930633545,-2.8470375537872314,2.8470375537872314
1,931,ed4beb79e66bfaede95e0156,1.659999966621399,1.4725104570388794,-0.18748950958251953,0.18748950958251953
1,932,cd879731fe05d7ea3440cfb9,2.3499999046325684,2.6749346256256104,0.324934720993042,0.324934720993042
1,933,627f6393d6741ddc0325d0e3,3.7878124713897705,3.3816637992858887,-0.40614867210388184,0.40614867210388184
1,934,8288f0b738fb30eff04968e5,0.9200000166893005,1.0615179538726807,0.14151793718338013,0.14151793718338013
1,935,9e7542906f4ce38486b050f6,0.9399999976158142,1.5282728672027588,0.5882728695869446,0.5882728695869446
1,936,b669f89876ed563cd9a31bf9,2.197910785675049,0.46448612213134766,-1.7334246635437012,1.7334246635437012
1,937,c18a96c35f932187273fc1b5,3.397939920425415,4.068733215332031,0.6707932949066162,0.6707932949066162
1,938,f3f5300be7611dfa9d0206ed,1.1799999475479126,0.6353325843811035,-0.5446673631668091,0.5446673631668091
1,939,ec2347085fb7c7abbaa84479,3.0,2.5080597400665283,-0.4919402599334717,0.4919402599334717
1,940,68832ed87890b0fcfe71ccc9,1.3200000524520874,1.2776412963867188,-0.04235875606536865,0.04235875606536865
1,941,6cb596b79deaab27db6456bb,2.0799999237060547,1.9948289394378662,-0.08517098426818848,0.08517098426818848
1,942,ef7b3f591babd18e4dfa5696,2.4800000190734863,2.326310396194458,-0.15368962287902832,0.15368962287902832
1,943,5bae492338792cdcd8dfb180,1.4461169242858887,2.4649434089660645,1.0188264846801758,1.0188264846801758
1,944,4cb5501166e7357615703b57,1.8799999952316284,1.451804757118225,-0.4281952381134033,0.4281952381134033
1,945,9d03b21536cccc6590c7fb56,0.36000001430511475,1.110094428062439,0.7500944137573242,0.7500944137573242
1,946,deed0fd09124169e7143b6b1,0.6968039274215698,0.427470862865448,-0.2693330645561218,0.2693330645561218
1,947,d7a6d1a979ea730f3c26cfc9,1.1100000143051147,0.9153789281845093,-0.19462108612060547,0.19462108612060547
1,948,7be3b909941fe9f95c6ce855,2.431798219680786,2.5597453117370605,0.12794709205627441,0.12794709205627441
1,949,786544cacb4375bd212388f2,1.7200000286102295,1.9715397357940674,0.2515397071838379,0.2515397071838379
1,950,c2ea7b4042b5b4931ac1e012,2.869999885559082,2.3440630435943604,-0.5259368419647217,0.5259368419647217
1,951,67d8f6c063b517807dddea27,2.128018617630005,2.2485527992248535,0.12053418159484863,0.12053418159484863
1,952,9378cbce4adfce1b84df8b37,0.8199999928474426,1.08955717086792,0.2695571780204773,0.2695571780204773
1,953,2a609cd19bb361e49f1e4153,2.6575772762298584,2.9287946224212646,0.27121734619140625,0.27121734619140625
1,954,61c7e7fb9abea671947fde38,1.600000023841858,2.2157695293426514,0.6157695055007935,0.6157695055007935
1,955,d4a20e2c4e76c58f00ae39c2,1.5800000429153442,0.6697688698768616,-0.9102311730384827,0.9102311730384827
1,956,390305755e7a4a4368817271,1.0409586429595947,3.9553048610687256,2.914346218109131,2.914346218109131
1,957,e0b5db7e1a2ffff1434a0f1f,1.399999976158142,1.3040452003479004,-0.0959547758102417,0.0959547758102417
1,958,6c0b47135fd2d83c96307e5e,2.4600000381469727,1.4436492919921875,-1.0163507461547852,1.0163507461547852
1,959,8803c4a9ee52d8578533e93a,1.3700000047683716,1.324556827545166,-0.045443177223205566,0.045443177223205566
1,960,c011a9e82cf37058a9c24de2,2.4461169242858887,3.2192747592926025,0.7731578350067139,0.7731578350067139
1,961,be8e64c551e10274e2eedd2c,1.5099999904632568,1.5942130088806152,0.0842130184173584,0.0842130184173584
1,962,e19195c5f756bcf4a55b79f8,2.0043647289276123,1.4718985557556152,-0.5324661731719971,0.5324661731719971
1,963,ce3516d3199d5f73e27b9030,4.387216091156006,3.072849988937378,-1.314366102218628,1.314366102218628
1,964,c9e283df08ce45fa9053edce,2.200000047683716,2.5492351055145264,0.34923505783081055,0.34923505783081055
1,965,38c1c45cd2f229044e244a62,2.4300410747528076,3.7772133350372314,1.3471722602844238,1.3471722602844238
1,966,6c953804679468a54427105a,1.3010300397872925,1.6050589084625244,0.30402886867523193,0.30402886867523193
1,967,2344798c8e693c59a90c1754,1.1100000143051147,1.1314640045166016,0.021463990211486816,0.021463990211486816
1,968,ab130737e1e7cff9805007a3,1.2400000095367432,1.6618611812591553,0.4218611717224121,0.4218611717224121
1,969,ee42603c541b36205d389ada,5.958607196807861,2.801830530166626,-3.1567766666412354,3.1567766666412354
1,970,db5a3a65546e51823f6094aa,1.6399999856948853,0.9210131168365479,-0.7189868688583374,0.7189868688583374
1,971,de13a991aee6e62572e772b1,2.428291082382202,1.7493796348571777,-0.6789114475250244,0.6789114475250244
1,972,757f0e6944054f79ef6ae332,1.5423001050949097,1.9654345512390137,0.423134446144104,0.423134446144104
1,973,b7ff2e85bc0a35d8329201e1,3.6575772762298584,4.076617240905762,0.4190399646759033,0.4190399646759033
1,974,36cf8ce3d28cd781fb9b4652,1.5017441511154175,2.610957622528076,1.1092134714126587,1.1092134714126587
1,975,2ce107d6844941c9fa8fabe8,0.9300000071525574,1.048163652420044,0.11816364526748657,0.11816364526748657
1,976,52b5a9b16061a46be001a465,0.6200000047683716,1.1438255310058594,0.5238255262374878,0.5238255262374878
1,977,9825705c11b5d0dcf724e20d,2.568636178970337,2.6299870014190674,0.06135082244873047,0.06135082244873047
1,978,284773c808f9e3a2d24d4cda,2.522878646850586,2.9904396533966064,0.4675610065460205,0.4675610065460205
1,979,b9e2645596e2f3c134bf3c28,2.3949999809265137,1.4003026485443115,-0.9946973323822021,0.9946973323822021
1,980,0be5998612f6321128643ba9,0.8600000143051147,1.132272720336914,0.2722727060317993,0.2722727060317993
1,981,072850714e0c83f45076e17f,0.46000000834465027,1.3111560344696045,0.8511559963226318,0.8511559963226318
1,982,472076c95d96cd518e1fa1af,1.100000023841858,1.449857234954834,0.3498572111129761,0.3498572111129761
1,983,296dc0ca37a6891f5e48f182,1.5228787660598755,2.0031168460845947,0.48023808002471924,0.48023808002471924
1,984,b4f6ef8dc5304b0ddc779fdb,1.25,1.8474385738372803,0.5974385738372803,0.5974385738372803
1,985,ed009a952be6506e43168129,3.2899999618530273,3.172506093978882,-0.11749386787414551,0.11749386787414551
1,986,a8435f6552c819e938da85c7,0.3700000047683716,1.0380804538726807,0.6680804491043091,0.6680804491043091
1,987,412ed7e036947bda3dfc2ba8,1.1100000143051147,1.0274441242218018,-0.08255589008331299,0.08255589008331299
1,988,93e1e83c51cbe0a37e682808,3.9586071968078613,3.607726573944092,-0.35088062286376953,0.35088062286376953
1,989,d3fdaef9facd2de76862d9d0,1.9299999475479126,2.0229651927948,0.09296524524688721,0.09296524524688721
1,990,8f279d86fc8f55b70a0048c3,2.9800000190734863,2.874647617340088,-0.10535240173339844,0.10535240173339844
1,991,3c555506b666506433dbf00b,0.08354604989290237,1.3213858604431152,1.2378398180007935,1.2378398180007935
1,992,3a02af29bcc3356a298e318b,1.3600000143051147,1.0410771369934082,-0.31892287731170654,0.31892287731170654
1,993,daa3b7adafcb8ff250ef6fbe,4.602059841156006,3.5316758155822754,-1.0703840255737305,1.0703840255737305
1,994,977f80b390da8e42dae477b6,1.309999942779541,1.3950881958007812,0.08508825302124023,0.08508825302124023
1,995,4bcd09b0cacc85df178d806a,2.369999885559082,1.8138539791107178,-0.5561459064483643,0.5561459064483643
1,996,4f2f039c0d0c4bd58a020d68,5.619788646697998,3.7915022373199463,-1.8282864093780518,1.8282864093780518
1,997,d1aed54bba74cf4969eb5b8b,6.192464828491211,4.726776599884033,-1.4656882286071777,1.4656882286071777
1,998,b91d548c15c79df6483215e8,1.3767507076263428,1.3231971263885498,-0.05355358123779297,0.05355358123779297
1,999,bd745fce14bb9fed067525c7,2.086186170578003,2.314493179321289,0.22830700874328613,0.22830700874328613
1,1000,e7f6dfca0ce0d53f91fa1e03,1.2899999618530273,1.2624647617340088,-0.027535200119018555,0.027535200119018555
1,1001,f025b7b186fe12ef598cd3fb,2.309999942779541,1.982245683670044,-0.32775425910949707,0.32775425910949707
1,1002,d282acb27024c1c440855b6e,2.698970079421997,2.4845848083496094,-0.2143852710723877,0.2143852710723877
1,1003,f825dcb05aff68f1be2d0ca9,2.7569620609283447,3.4146883487701416,0.6577262878417969,0.6577262878417969
1,1004,a7a34c8ad13a50498551000b,1.5700000524520874,1.1401207447052002,-0.4298793077468872,0.4298793077468872
1,1005,938a390af04da2b8e843a89e,4.498940944671631,4.275754928588867,-0.22318601608276367,0.22318601608276367
1,1006,55aaf1afc4637d3c4f418139,1.3799680471420288,1.83140230178833,0.45143425464630127,0.45143425464630127
1,1007,4465f83a79ec5cb672b60764,1.899999976158142,2.1933977603912354,0.29339778423309326,0.29339778423309326
1,1008,dde16c85633a610aa9551dfd,1.7300000190734863,1.6497678756713867,-0.08023214340209961,0.08023214340209961
1,1009,8b98ffef8e1bf4c96ccf1c25,1.0499999523162842,1.0061618089675903,-0.04383814334869385,0.04383814334869385
1,1010,017a0be66913543a4b227ccf,3.7100000381469727,3.5024964809417725,-0.2075035572052002,0.2075035572052002
1,1011,3c94219713efeefcaf0fbf7e,1.7100000381469727,1.4776527881622314,-0.2323472499847412,0.2323472499847412
1,1012,47509d5c11f12dd53a1e79c7,3.176091194152832,2.9703214168548584,-0.20576977729797363,0.20576977729797363
1,1013,aee18833fa12a8adcffa6140,0.8100000023841858,1.0901497602462769,0.28014975786209106,0.28014975786209106
1,1014,af0127b2bbcdef7f75657114,1.7200000286102295,2.1016201972961426,0.3816201686859131,0.3816201686859131
1,1015,0e318c180f8b757440640262,0.1580151915550232,0.04958314076066017,-0.10843205451965332,0.10843205451965332
1,1016,9ab2b28609270113b4a1994a,1.3565473556518555,1.1148576736450195,-0.24168968200683594,0.24168968200683594
1,1017,93638a410f965605b96ddc5b,0.6299999952316284,0.2798425853252411,-0.35015740990638733,0.35015740990638733
1,1018,6a76be8ba09b0b7e24609b86,0.715569257736206,1.0476740598678589,0.33210480213165283,0.33210480213165283
1,1019,a6df8bc27afeffb9eb1af39d,3.6439740657806396,1.2772363424301147,-2.3667378425598145,2.3667378425598145
1,1020,c930a48282d059591e2d1a32,2.869666337966919,1.6027425527572632,-1.2669237852096558,1.2669237852096558
1,1021,c820549dee0b6a95ced86ae9,3.7695510387420654,3.614727020263672,-0.15482401847839355,0.15482401847839355
1,1022,6c04547b5ffd5cc29e78c77b,2.0399999618530273,2.1498801708221436,0.10988020896911621,0.10988020896911621
1,1023,535bc8260c342945ca173e45,3.737548828125,3.2716829776763916,-0.4658658504486084,0.4658658504486084
1,1024,d385a55ee724a1ccb6643572,2.431798219680786,2.752617120742798,0.3208189010620117,0.3208189010620117
1,1025,0881654ae463b3d9e562f1c3,3.619788646697998,2.3229658603668213,-1.2968227863311768,1.2968227863311768
1,1026,f263aa7894e0f86c380d8859,1.3979400396347046,1.4206457138061523,0.022705674171447754,0.022705674171447754
1,1027,3d00aed9d36b175a59a2fd37,1.100000023841858,0.6935805678367615,-0.40641945600509644,0.40641945600509644
1,1028,3f0054c52d0e99e95e1ea0a5,1.0800000429153442,1.8371784687042236,0.7571784257888794,0.7571784257888794
1,1029,a8fd9301e87dd702d7c67dad,1.659999966621399,2.584118127822876,0.924118161201477,0.924118161201477
1,1030,c55eee5f8761053ebc2f3f30,1.590000033378601,1.3219726085662842,-0.2680274248123169,0.2680274248123169
1,1031,d90902783dc5fc7a1ef9b252,-5.676693439483643,-3.8461625576019287,1.8305308818817139,1.8305308818817139
1,1032,4d5903a1402c91cffc14764c,2.4600000381469727,2.5308573246002197,0.07085728645324707,0.07085728645324707
1,1033,63115832e455926d835d2a3d,1.3010300397872925,1.6050589084625244,0.30402886867523193,0.30402886867523193
1,1034,487dbaa7ff1b761f761eb2ef,2.124938726425171,1.8129537105560303,-0.3119850158691406,0.3119850158691406
1,1035,ac1dca505a8f1fdac3443b5f,3.6439740657806396,1.2967890501022339,-2.3471851348876953,2.3471851348876953
1,1036,0c46f6a911b7b9b5b6f92e11,1.0499999523162842,1.060131549835205,0.010131597518920898,0.010131597518920898
1,1037,2709713418f34692bcd8dc3a,1.0299999713897705,1.762520432472229,0.7325204610824585,0.7325204610824585
1,1038,4df8895d6495d1ec5a22c78d,2.4700000286102295,1.7554104328155518,-0.7145895957946777,0.7145895957946777
1,1039,5153899195b2e87682e61c4f,1.090000033378601,1.5889099836349487,0.49890995025634766,0.49890995025634766
1,1040,f5612bf9d421ba6e3cdea43e,2.23419189453125,2.2744662761688232,0.04027438163757324,0.04027438163757324
1,1041,d8bdd907415fdce65a60a546,0.46000000834465027,0.9691081047058105,0.5091080665588379,0.5091080665588379
1,1042,c1411413621ec89ca2b79b36,2.840132236480713,2.045802116394043,-0.7943301200866699,0.7943301200866699
1,1043,992342dfe58179cecdc58115,1.5099999904632568,2.4960830211639404,0.9860830307006836,0.9860830307006836
1,1044,8fed400a2c17d24fb43aa80f,0.5850266814231873,1.4629886150360107,0.8779619336128235,0.8779619336128235
1,1045,04f21bcbe2b4aafb127f8a0b,0.9700000286102295,1.2915024757385254,0.3215024471282959,0.3215024471282959
1,1046,0f223bb465cfa22b5acc344c,0.7695510983467102,0.9927287101745605,0.22317761182785034,0.22317761182785034
1,1047,0d41715b9f705ce15fd35379,2.25,2.3296539783477783,0.07965397834777832,0.07965397834777832
1,1048,509c77de7762fe757a558aeb,0.4699999988079071,1.7808914184570312,1.3108913898468018,1.3108913898468018
1,1049,57f93db9e9e862851f18e1f9,3.2899999618530273,1.7298178672790527,-1.5601820945739746,1.5601820945739746
1,1050,3387bd4c6737d599dcadc14f,2.200000047683716,2.431060552597046,0.23106050491333008,0.23106050491333008
1,1051,869e075d2efbb2fd179e89f4,1.568636178970337,0.9384078979492188,-0.6302282810211182,0.6302282810211182
1,1052,b04e0efeb792cb8075d6d752,3.209996461868286,2.3135805130004883,-0.8964159488677979,0.8964159488677979
1,1053,3cac2917630fdf023bd92484,3.7695510387420654,3.650399923324585,-0.11915111541748047,0.11915111541748047
1,1054,bb615d5225210263e56d7187,3.585026741027832,3.326608896255493,-0.25841784477233887,0.25841784477233887
1,1055,54ee29030c0aa204eb8bb04f,1.6382721662521362,2.241593599319458,0.6033214330673218,0.6033214330673218
1,1056,71a31eec80b94414f770c940,0.9599999785423279,1.0789272785186768,0.11892729997634888,0.11892729997634888
1,1057,1d1691ab0b11ef51650a869c,2.113509178161621,1.8921939134597778,-0.22131526470184326,0.22131526470184326
1,1058,2153e86c13d9027b6f551c73,2.515700101852417,2.6057560443878174,0.09005594253540039,0.09005594253540039
1,1059,8f544f8939fa1f952b469711,2.060480833053589,2.119417428970337,0.05893659591674805,0.05893659591674805
1,1060,cc4ba32db8257baabad2192c,1.4715476036071777,1.7813081741333008,0.30976057052612305,0.30976057052612305
1,1061,089a40064ff2cf39f717ea8f,0.3799999952316284,1.212294578552246,0.8322945833206177,0.8322945833206177
1,1062,048ff91af34f4114224c2624,4.236571788787842,3.68450665473938,-0.5520651340484619,0.5520651340484619
1,1063,37880df5bf80c5297eb97166,3.956244945526123,1.449187994003296,-2.507056951522827,2.507056951522827
1,1064,7af3ac574deec4dec7bd8cb4,1.350000023841858,1.2836015224456787,-0.0663985013961792,0.0663985013961792
1,1065,328f653cf56993ba2b4908e3,0.75,0.4026157855987549,-0.3473842144012451,0.3473842144012451
1,1066,3b1e336bca1a5f8eef23c5c7,1.0700000524520874,0.7519091367721558,-0.31809091567993164,0.31809091567993164
1,1067,3687944b56109621603d59b5,0.9399999976158142,1.8725253343582153,0.9325253367424011,0.9325253367424011
1,1068,a466faa10452a0ed97725f93,1.8200000524520874,1.793020248413086,-0.026979804039001465,0.026979804039001465
1,1069,3adf08d13c6053f7fcec136a,2.950000047683716,1.848369836807251,-1.1016302108764648,1.1016302108764648
1,1070,fba1003aa834c7c23e436be2,2.8761484622955322,1.4547048807144165,-1.4214435815811157,1.4214435815811157
1,1071,c145489744a0fa8470b3843a,0.9112115502357483,0.9904942512512207,0.07928270101547241,0.07928270101547241
1,1072,9033069118ebfe890452a0d7,1.5199999809265137,1.776867151260376,0.2568671703338623,0.2568671703338623
1,1073,0c5c5d153c4bee1667facfe2,1.4299999475479126,1.3963958024978638,-0.03360414505004883,0.03360414505004883
1,1074,83ba265008af5c6fdb18c27e,1.3600000143051147,2.535649061203003,1.1756490468978882,1.1756490468978882
1,1075,471521686f12ed80af80c286,4.17587423324585,3.753358840942383,-0.4225153923034668,0.4225153923034668
1,1076,c816c25114aee04a6bb3e545,1.600000023841858,1.4085333347320557,-0.19146668910980225,0.19146668910980225
1,1077,b69b3670bf92fce74e2e82be,1.7200000286102295,1.9671528339385986,0.24715280532836914,0.24715280532836914
1,1078,60e163a5ab972841bf3eb03a,3.180000066757202,2.8066818714141846,-0.3733181953430176,0.3733181953430176
1,1079,a81c2b88c2e9abc2cc4e85c2,0.7599999904632568,0.7960554361343384,0.03605544567108154,0.03605544567108154
1,1080,a4cad0b733ed2d0e749c9a24,3.2006595134735107,3.127453565597534,-0.07320594787597656,0.07320594787597656
1,1081,e45579e0c1718883d844ee58,1.2300000190734863,1.174727201461792,-0.055272817611694336,0.055272817611694336
1,1082,c80911e1f50376eef5929541,2.0199999809265137,1.6873633861541748,-0.33263659477233887,0.33263659477233887
1,1083,58c3add8819b80375f836c82,0.8700000047683716,1.515547275543213,0.6455472707748413,0.6455472707748413
1,1084,acce80bd21b3cfe01083a148,1.340000033378601,1.2292619943618774,-0.11073803901672363,0.11073803901672363
1,1085,9ae94ea7ee12954fb55f4941,1.190000057220459,1.3754346370697021,0.18543457984924316,0.18543457984924316
1,1086,9eeb593d744b5c81f43c6d97,3.73002028465271,3.5410525798797607,-0.18896770477294922,0.18896770477294922
1,1087,446dfd5be5667c1165ee0fde,2.0,1.726853370666504,-0.2731466293334961,0.2731466293334961
1,1088,d6fefb04fc5c130fdb66580f,2.259999990463257,2.04380202293396,-0.21619796752929688,0.21619796752929688
1,1089,59ea13851e290762fefbb23e,4.602059841156006,4.130801200866699,-0.47125864028930664,0.47125864028930664
2,0,27d358d0d5009352bf78ce82,2.4685211181640625,2.022545576095581,-0.44597554206848145,0.44597554206848145
2,1,ecf5a8a1e7d2918e89aa96f1,1.5399999618530273,1.879597544670105,0.33959758281707764,0.33959758281707764
2,2,875be70a6c0853f72aab79e7,1.809999942779541,1.7598850727081299,-0.05011487007141113,0.05011487007141113
2,3,be3043506e061c14682c3402,1.4800000190734863,0.8667385578155518,-0.6132614612579346,0.6132614612579346
2,4,c7b67bbcac7ff9b66428b11f,1.6989699602127075,0.8058829307556152,-0.8930870294570923,0.8930870294570923
2,5,76e717ff45938a4f49a43088,0.3979400098323822,0.921840488910675,0.5239005088806152,0.5239005088806152
2,6,1e2bbdc3f4c5b3cfbc66a7a9,0.44999998807907104,1.519357442855835,1.0693573951721191,1.0693573951721191
2,7,47d8928dafaf610fc27fe1aa,2.559999942779541,1.7474948167800903,-0.8125051259994507,0.8125051259994507
2,8,c7716219ae9cd44087406dc4,1.229148030281067,0.6094191074371338,-0.6197289228439331,0.6197289228439331
2,9,6eb78bfd7cabf99f0ec3fa20,2.190000057220459,1.932037353515625,-0.257962703704834,0.257962703704834
2,10,7c82f48528dd1c1c71ab0d5b,0.8299999833106995,1.1348042488098145,0.304804265499115,0.304804265499115
2,11,4b064c47c51e5d7b9f5e5157,2.360995292663574,2.4422388076782227,0.08124351501464844,0.08124351501464844
2,12,43c06c901dd0c1b87e750b0f,4.522878646850586,4.18402624130249,-0.3388524055480957,0.3388524055480957
2,13,48e41ed39d74599e8bfea1eb,0.28999999165534973,1.9238078594207764,1.633807897567749,1.633807897567749
2,14,b58c70dcdfe6c8f06a6c3664,0.7699999809265137,1.4059767723083496,0.6359767913818359,0.6359767913818359
2,15,1a6873e51c2a07067aa548ef,4.148741722106934,4.206260681152344,0.057518959045410156,0.057518959045410156
2,16,af887f637ce00e65baec5ae8,0.3979400098323822,0.921840488910675,0.5239005088806152,0.5239005088806152
2,17,b2a37082ebb988a89d026b95,1.107905387878418,1.0702252388000488,-0.03768014907836914,0.03768014907836914
2,18,b0da1917a422c68b3fd871a3,1.2899999618530273,1.1203250885009766,-0.16967487335205078,0.16967487335205078
2,19,fbba4c8012410811e2865273,2.740000009536743,2.820749521255493,0.08074951171875,0.08074951171875
2,20,53fb2b91256a8cf858820ee2,3.060480833053589,2.9172263145446777,-0.14325451850891113,0.14325451850891113
2,21,b7fe9e338374b681e7c20c25,1.2699999809265137,2.0659279823303223,0.7959280014038086,0.7959280014038086
2,22,758110b6bf0556bc6446ab79,2.0199999809265137,1.4254002571105957,-0.594599723815918,0.594599723815918
2,23,d29defe75c7ed3e393ab2e77,2.0399999618530273,1.8158093690872192,-0.2241905927658081,0.2241905927658081
2,24,d43f03f68472c3188810ada5,0.8700000047683716,1.2849397659301758,0.4149397611618042,0.4149397611618042
2,25,4aac812ad65da90f53483511,2.869999885559082,2.0708730220794678,-0.7991268634796143,0.7991268634796143
2,26,73c4ebfc09db56e768d9cef2,2.4357285499572754,2.930546522140503,0.49481797218322754,0.49481797218322754
2,27,cbbea16f5bbc530614934e5b,0.8700000047683716,0.7361741662025452,-0.13382583856582642,0.13382583856582642
2,28,cf1e1f8997a32dd691e42945,1.6968039274215698,1.571539282798767,-0.12526464462280273,0.12526464462280273
2,29,a755ccfacd75f2c192027be6,1.599980354309082,2.2256641387939453,0.6256837844848633,0.6256837844848633
2,30,3f1e78f63a0ef1fc76fe27b6,0.8664610981941223,0.9388895630836487,0.07242846488952637,0.07242846488952637
2,31,109f30200cc207b29ab726c0,4.552842140197754,4.253493309020996,-0.2993488311767578,0.2993488311767578
2,32,f7d55cd8fed3e0d259739cb9,2.009999990463257,1.9009361267089844,-0.10906386375427246,0.10906386375427246
2,33,d01613d611972153cca73caf,0.9546770453453064,1.0829411745071411,0.12826412916183472,0.12826412916183472
2,34,0f6ab109c96505681380065a,1.7400000095367432,1.7962439060211182,0.056243896484375,0.056243896484375
2,35,55234bce9048ce99bd8412ae,1.7899999618530273,1.8967132568359375,0.10671329498291016,0.10671329498291016
2,36,6478c4e89e99b50e63f37003,1.1799999475479126,1.0894019603729248,-0.09059798717498779,0.09059798717498779
2,37,8735a7388b85b9e89db8518b,3.301029920578003,3.1618542671203613,-0.1391756534576416,0.1391756534576416
2,38,58010a9bf471f229d778e958,3.51855731010437,3.4377355575561523,-0.08082175254821777,0.08082175254821777
2,39,ab65ae81ae74714e681de6b9,1.3415427207946777,1.9930424690246582,0.6514997482299805,0.6514997482299805
2,40,70f54d21779b5dcd235ea8d1,1.9244530200958252,2.3074445724487305,0.3829915523529053,0.3829915523529053
2,41,20eb915811a4044debd391dc,2.1700000762939453,2.675170421600342,0.5051703453063965,0.5051703453063965
2,42,4157b501adc6017208e43c34,1.7699999809265137,1.7884186506271362,0.01841866970062256,0.01841866970062256
2,43,472f07099ca37a0e10ae53d0,2.439973831176758,2.981255531311035,0.5412817001342773,0.5412817001342773
2,44,f9226a68752d067e9cc696e1,1.1307682991027832,1.3049423694610596,0.17417407035827637,0.17417407035827637
2,45,ec8f57068db49393341fe87b,1.840000033378601,1.3679457902908325,-0.47205424308776855,0.47205424308776855
2,46,b135abd0aa08b46a5f654792,0.0,1.1847848892211914,1.1847848892211914,1.1847848892211914
2,47,362aa61f4f2f01b8e4761a59,1.6252516508102417,2.218372344970703,0.5931206941604614,0.5931206941604614
2,48,e130ab8ed7bb0ed06c22bf55,0.7799999713897705,1.8445895910263062,1.0645896196365356,1.0645896196365356
2,49,7243daafd68f6f70d25c1f9f,3.0879549980163574,2.5200798511505127,-0.5678751468658447,0.5678751468658447
2,50,b14ad35ca86e7eca1f2629bd,1.090000033378601,1.187734842300415,0.09773480892181396,0.09773480892181396
2,51,16c3e80945d0119866f64435,1.649999976158142,1.5794552564620972,-0.07054471969604492,0.07054471969604492
2,52,2e6bbdca0edc99114a36073a,1.3899999856948853,1.436484694480896,0.04648470878601074,0.04648470878601074
2,53,ba3cac314d25a4d4c5abbc5f,2.3372421264648438,2.387711524963379,0.050469398498535156,0.050469398498535156
2,54,99acc7a3768e856760faa8aa,0.8538719415664673,0.7794109582901001,-0.07446098327636719,0.07446098327636719
2,55,7fb9d0874e666af3214aca3f,4.0,4.124515533447266,0.12451553344726562,0.12451553344726562
2,56,1d32c50e743a2f379cb8c377,3.630784034729004,2.627737522125244,-1.0030465126037598,1.0030465126037598
2,57,25708b6df92c838f4c0e85f6,2.397939920425415,2.152097702026367,-0.24584221839904785,0.24584221839904785
2,58,6738c8c7ccf2c694809a4dca,0.7099999785423279,1.6378772258758545,0.9278772473335266,0.9278772473335266
2,59,9b9bdef8bed1f51db51beab9,2.9800000190734863,3.0089049339294434,0.02890491485595703,0.02890491485595703
2,60,d56498790aac94e1ea7d4442,2.4685211181640625,2.022545576095581,-0.44597554206848145,0.44597554206848145
2,61,b0d860e7a7408543e9865270,1.096909999847412,0.7979193329811096,-0.2989906668663025,0.2989906668663025
2,62,c85858f2b72fb0c1eebcef79,3.823908805847168,4.023437976837158,0.19952917098999023,0.19952917098999023
2,63,b78e1b4f3130451b4566541d,2.390000104904175,1.934717059135437,-0.4552830457687378,0.4552830457687378
2,64,977180d9cb6a63443c74cf3e,1.0199999809265137,0.8346381187438965,-0.1853618621826172,0.1853618621826172
2,65,6b5ad5aafb6feff2af857450,1.809999942779541,1.7299480438232422,-0.08005189895629883,0.08005189895629883
2,66,784d4cf92e6ccc0f6aabc6cc,1.5700000524520874,1.6205291748046875,0.0505291223526001,0.0505291223526001
2,67,3a41b1ece9bc335711eee8e1,1.5828955173492432,0.8077937960624695,-0.7751017212867737,0.7751017212867737
2,68,4be2da34255558504c827386,3.1232049465179443,2.845775842666626,-0.27742910385131836,0.27742910385131836
2,69,d38dc05766f269898640dd20,3.4685211181640625,2.7168846130371094,-0.7516365051269531,0.7516365051269531
2,70,d44d5387d724975a1615f334,3.5399999618530273,2.4348721504211426,-1.1051278114318848,1.1051278114318848
2,71,06c777700bd50f9ab22b7d54,2.0799999237060547,2.499650001525879,0.4196500778198242,0.4196500778198242
2,72,ee09709453222059f6c74ab5,2.5477023124694824,3.441143751144409,0.8934414386749268,0.8934414386749268
2,73,012d4add0ce651ac2a68b2bf,1.0700000524520874,1.4221978187561035,0.3521977663040161,0.3521977663040161
2,74,252db2b2c934ba0c4540dc73,0.8799999952316284,1.8404529094696045,0.9604529142379761,0.9604529142379761
2,75,eefd32c56b0696c4e48bf483,2.049999952316284,1.6866669654846191,-0.36333298683166504,0.36333298683166504
2,76,f9443a28e18b27b720e8e912,2.102372884750366,1.2077897787094116,-0.8945831060409546,0.8945831060409546
2,77,04e8b2b1ebad406de035823d,2.8004276752471924,3.492065906524658,0.6916382312774658,0.6916382312774658
2,78,0089e7dfe4e60a449e839e31,4.1674909591674805,4.018242835998535,-0.1492481231689453,0.1492481231689453
2,79,3c6f0373083cef4ca9ab8128,0.8239087462425232,1.7278187274932861,0.9039099812507629,0.9039099812507629
2,80,501b7eed64d57971fa47bb74,2.240000009536743,2.1360630989074707,-0.10393691062927246,0.10393691062927246
2,81,135f2bdeedfc1b037537ab3c,0.6326440572738647,0.8440892100334167,0.211445152759552,0.211445152759552
2,82,e6d210429e96b93379684caa,4.823908805847168,4.099879264831543,-0.724029541015625,0.724029541015625
2,83,cbb76c0a58fcd2af76d1ae0c,2.3565473556518555,2.067768096923828,-0.28877925872802734,0.28877925872802734
2,84,70e513eb3112f2d98e2028b8,1.2599999904632568,1.1507923603057861,-0.1092076301574707,0.1092076301574707
2,85,3924ab3ac14987580afa6a53,0.8999999761581421,1.1803175210952759,0.2803175449371338,0.2803175449371338
2,86,28c1dbebe7b97b03468e2c3a,1.8239086866378784,1.2758104801177979,-0.5480982065200806,0.5480982065200806
2,87,f409156e573f483d72e6d2e0,1.190000057220459,1.0858134031295776,-0.10418665409088135,0.10418665409088135
2,88,4f9adafa6bc2308bfd1b5cca,1.4800000190734863,1.4616353511810303,-0.018364667892456055,0.018364667892456055
2,89,6b2282869731005190f93ca1,3.585026741027832,3.6363608837127686,0.05133414268493652,0.05133414268493652
2,90,3a9cd595e655e9d930fd6480,3.428291082382202,3.1930341720581055,-0.23525691032409668,0.23525691032409668
2,91,3bc06668f90ffdd0fd50e02e,4.221848964691162,4.192196846008301,-0.029652118682861328,0.029652118682861328
2,92,3d4aca2b7a0d1ac9b3f91b47,1.193367838859558,2.445974826812744,1.252606987953186,1.252606987953186
2,93,768fe39a4a5c2d62006037b6,0.6615434885025024,0.7483757734298706,0.08683228492736816,0.08683228492736816
2,94,4d9db61f4d32dedde88e9604,0.6989700198173523,0.661872148513794,-0.03709787130355835,0.03709787130355835
2,95,0eba0ce7ae69b3b16010e4dd,2.049999952316284,2.8749260902404785,0.8249261379241943,0.8249261379241943
2,96,769e5e60a209aa0920fc5185,2.309999942779541,2.272545576095581,-0.03745436668395996,0.03745436668395996
2,97,4b2006140a111982d9f09a0c,4.070000171661377,3.847128391265869,-0.2228717803955078,0.2228717803955078
2,98,6f948acaeb10c65d901b42f7,1.954242467880249,1.9170759916305542,-0.037166476249694824,0.037166476249694824
2,99,9bec32169d9a819ed32803da,2.4100000858306885,1.7646509408950806,-0.6453491449356079,0.6453491449356079
2,100,c85d18d946836fdb75d3ee27,2.0,1.8733572959899902,-0.12664270401000977,0.12664270401000977
2,101,eda6e837db576add3f525578,0.5376020073890686,2.548795700073242,2.0111937522888184,2.0111937522888184
2,102,a386ac7ff253e6747a1b0cd5,2.849857807159424,3.165231943130493,0.31537413597106934,0.31537413597106934
2,103,91d3b3e4ba16b1510965bd2a,2.522878646850586,2.7508091926574707,0.22793054580688477,0.22793054580688477
2,104,f31423d569064809e64e0537,2.8400115966796875,1.8169541358947754,-1.023057460784912,1.023057460784912
2,105,80a103345794e1fe193a1670,2.119999885559082,1.2876958847045898,-0.8323040008544922,0.8323040008544922
2,106,97d54b83b2eccbfeb269b775,0.6200000047683716,0.500762939453125,-0.11923706531524658,0.11923706531524658
2,107,bd49cef06b41e726d9eadb99,3.221848726272583,2.8183534145355225,-0.40349531173706055,0.40349531173706055
2,108,d8bd0c3048f6f276619fbf09,0.6399999856948853,1.0113638639450073,0.37136387825012207,0.37136387825012207
2,109,a5e2b656fedd7137adc8bd99,1.659999966621399,1.0990959405899048,-0.5609040260314941,0.5609040260314941
2,110,4d2c4931448bacba9b12eb07,3.51855731010437,3.3237287998199463,-0.19482851028442383,0.19482851028442383
2,111,410ac7cd4a6b694408f1f7b0,0.4000000059604645,1.2487504482269287,0.8487504720687866,0.8487504720687866
2,112,2a3a46d352421e1dc535bd46,1.9299999475479126,1.379767894744873,-0.5502320528030396,0.5502320528030396
2,113,ca8fcc53d0bdd64024741990,3.359999895095825,2.491805076599121,-0.8681948184967041,0.8681948184967041
2,114,218e8c1eca098c886cdd1f85,0.9800000190734863,1.0006393194198608,0.02063930034637451,0.02063930034637451
2,115,91317247b7952f64d27fde7e,1.159999966621399,1.0471186637878418,-0.11288130283355713,0.11288130283355713
2,116,965ca770300f63bee7455ba2,2.0199999809265137,1.7174806594848633,-0.3025193214416504,0.3025193214416504
2,117,7e7d7c05d181fc0af2e0ef25,3.8436527252197266,4.16988468170166,0.3262319564819336,0.3262319564819336
2,118,c8f4f97cad79c7997f2007c0,2.4685211181640625,1.4474132061004639,-1.0211079120635986,1.0211079120635986
2,119,19f2d9d014b6e91800b58810,0.49000000953674316,1.0314292907714844,0.5414292812347412,0.5414292812347412
2,120,d9c0e7d9336ab88920195d2e,0.8799999952316284,0.6790652871131897,-0.20093470811843872,0.20093470811843872
2,121,42746249f7b5eb10d41bd18a,1.0399999618530273,1.6370718479156494,0.5970718860626221,0.5970718860626221
2,122,8c0441f8fac9436ab432c06c,2.4100000858306885,1.9680523872375488,-0.44194769859313965,0.44194769859313965
2,123,9717883cb0e2375973473f1f,3.4993972778320312,3.2439117431640625,-0.25548553466796875,0.25548553466796875
2,124,370c56cec83636443601d87e,2.7752225399017334,2.6079437732696533,-0.16727876663208008,0.16727876663208008
2,125,8e755c696c770e33c984f003,3.2899999618530273,3.7424275875091553,0.45242762565612793,0.45242762565612793
2,126,7e4879c51cb2953f07d7349b,1.6200000047683716,1.0975792407989502,-0.5224207639694214,0.5224207639694214
2,127,eff3b5eaf82a4080dc3c0fd9,3.548213481903076,2.3499560356140137,-1.1982574462890625,1.1982574462890625
2,128,db752c35e7995b06192a97ea,0.38999998569488525,1.189156413078308,0.7991564273834229,0.7991564273834229
2,129,e0b744cfe486cd285a5ff42b,1.0399999618530273,1.030525803565979,-0.00947415828704834,0.00947415828704834
2,130,0741d3ec0e9d09bae427a3a6,3.140000104904175,2.097252368927002,-1.0427477359771729,1.0427477359771729
2,131,d24a5395c838794d375a35c5,2.0399999618530273,2.8632383346557617,0.8232383728027344,0.8232383728027344
2,132,eb1e2f4039d905eb5f411439,3.0899999141693115,3.5969862937927246,0.5069863796234131,0.5069863796234131
2,133,01ddc52b6ee64384e55f8cd5,2.7708990573883057,2.314424514770508,-0.45647454261779785,0.45647454261779785
2,134,9e2d5da526d8740919c41d2b,1.9900000095367432,2.4598193168640137,0.4698193073272705,0.4698193073272705
2,135,ed044f70847f0e0637a10287,4.3665313720703125,3.661550521850586,-0.7049808502197266,0.7049808502197266
2,136,b6101b3d41a75f16fab1d573,1.3899999856948853,1.5823007822036743,0.19230079650878906,0.19230079650878906
2,137,eb4053f4614abe5ee114297e,1.6020599603652954,0.8077937960624695,-0.7942661643028259,0.7942661643028259
2,138,b53cae3c680fb87170d480de,1.1850868463516235,1.3769111633300781,0.1918243169784546,0.1918243169784546
2,139,180d7a2b70c5c5095234717c,1.169411301612854,1.3045248985290527,0.13511359691619873,0.13511359691619873
2,140,c65e5f72371a1e766b428381,1.7000000476837158,1.9026790857315063,0.20267903804779053,0.20267903804779053
2,141,56a4ee0b402ccb0f2ea5e670,1.809999942779541,2.003204345703125,0.19320440292358398,0.19320440292358398
2,142,8094b972487ce1207c9fa5b4,1.7799999713897705,2.1215622425079346,0.34156227111816406,0.34156227111816406
2,143,549f17872b6bbc3111edf9ff,0.44999998807907104,0.5947433710098267,0.14474338293075562,0.14474338293075562
2,144,a1fdefa11a0cb1be9c0b2a2f,1.3200000524520874,1.7138762474060059,0.39387619495391846,0.39387619495391846
2,145,7c34fca7eba930b0f47db6ac,0.9393021464347839,2.390449285507202,1.4511470794677734,1.4511470794677734
2,146,029b52ef6d8b14962027e03c,1.8200000524520874,1.2780916690826416,-0.5419083833694458,0.5419083833694458
2,147,46cfe6d75a1bb19cf5ab10c1,2.700000047683716,2.4050049781799316,-0.2949950695037842,0.2949950695037842
2,148,9933eeba7664b38d67392652,3.0655014514923096,2.926175117492676,-0.1393263339996338,0.1393263339996338
2,149,f592f6007b0e963a19241cd1,1.4500000476837158,1.5776374340057373,0.12763738632202148,0.12763738632202148
2,150,a339578d64573839b0c33027,1.5299999713897705,2.7586207389831543,1.2286207675933838,1.2286207675933838
2,151,94059e5dacc2b4ca899154b2,1.2799999713897705,1.3868603706359863,0.10686039924621582,0.10686039924621582
2,152,984f0bc167df6eff19a97456,1.0409586429595947,1.3368974924087524,0.2959388494491577,0.2959388494491577
2,153,9d58c78057afca0c0bae32b3,1.309999942779541,0.854775071144104,-0.455224871635437,0.455224871635437
2,154,000ca7bd9631e51d1d253699,2.0,1.700632095336914,-0.29936790466308594,0.29936790466308594
2,155,249b05df0711114c471216b6,1.2300000190734863,2.0564255714416504,0.8264255523681641,0.8264255523681641
2,156,f9be31e1493838e9a5675c14,0.44999998807907104,0.7042969465255737,0.2542969584465027,0.2542969584465027
2,157,ba081fb2f8502c07869820a0,2.049999952316284,2.1002726554870605,0.05027270317077637,0.05027270317077637
2,158,c8eb1ea2b3466f00e459a1d9,0.5228787660598755,1.3577266931533813,0.8348479270935059,0.8348479270935059
2,159,da2cec0b272dd8c9dbd5a858,1.6020599603652954,1.1861951351165771,-0.41586482524871826,0.41586482524871826
2,160,54a62065a95f05ef2d633352,1.3200000524520874,1.613581657409668,0.29358160495758057,0.29358160495758057
2,161,7325776b87f8a9c99f5d254f,1.909999966621399,1.6891907453536987,-0.2208092212677002,0.2208092212677002
2,162,529b76ebdca4330d4c9020d7,0.9599999785423279,1.3745805025100708,0.4145805239677429,0.4145805239677429
2,163,e0eee1e5f52b626e4e2db6c7,1.7100000381469727,1.8170756101608276,0.10707557201385498,0.10707557201385498
2,164,5bd27cfeb3c732490c794572,1.0299999713897705,1.3576573133468628,0.3276573419570923,0.3276573419570923
2,165,29a39a412e0491363d588c7b,1.7000000476837158,1.4791433811187744,-0.2208566665649414,0.2208566665649414
2,166,ed4c801ee42678549bc01775,1.6989699602127075,0.8058829307556152,-0.8930870294570923,0.8930870294570923
2,167,e877697aeab731bd02687101,3.7367584705352783,3.0040926933288574,-0.7326657772064209,0.7326657772064209
2,168,55f07a189b50e51bfdbd2db2,1.2899999618530273,1.0100761651992798,-0.27992379665374756,0.27992379665374756
2,169,84a81994c21f4fc48d951241,1.1100000143051147,1.056038737297058,-0.05396127700805664,0.05396127700805664
2,170,2c347e2429196f02a01de7f3,4.92081880569458,4.381925106048584,-0.5388936996459961,0.5388936996459961
2,171,18330f8eb286bc6977653f6b,0.6800000071525574,0.9002017974853516,0.2202017903327942,0.2202017903327942
2,172,ffdd0580254df26716094832,0.8569852113723755,1.4915903806686401,0.6346051692962646,0.6346051692962646
2,173,fd9367cec6309ad8cb8c6bd3,1.8600000143051147,2.3862521648406982,0.5262521505355835,0.5262521505355835
2,174,e8a20aeff4222bcf225516a3,2.2441251277923584,1.6401513814926147,-0.6039737462997437,0.6039737462997437
2,175,4ccb1cdfc0389505020ebab3,2.8327155113220215,3.005499839782715,0.17278432846069336,0.17278432846069336
2,176,387739c59b8f348e9581a760,1.3200000524520874,2.5527453422546387,1.2327452898025513,1.2327452898025513
2,177,930505686eae60d7262c5b19,2.8130435943603516,2.6760973930358887,-0.1369462013244629,0.1369462013244629
2,178,0b989e639913c15034a47248,-0.20999999344348907,1.1149711608886719,1.3249711990356445,1.3249711990356445
2,179,7bba9f246bc037031a4a4319,1.4700000286102295,1.5489797592163086,0.0789797306060791,0.0789797306060791
2,180,50766712075c43f1737a973d,5.0,2.1518609523773193,-2.8481390476226807,2.8481390476226807
2,181,62580f395242a8ab2ce1d5f2,2.4800000190734863,1.9582228660583496,-0.5217771530151367,0.5217771530151367
2,182,0d8b92c61ba79c21d3e70c91,3.431798219680786,3.2735238075256348,-0.15827441215515137,0.15827441215515137
2,183,2113b332f0f682ea39286a27,0.9300000071525574,1.0616648197174072,0.13166481256484985,0.13166481256484985
2,184,445a5b5dd5ad45bb8e6ee6ac,1.5228787660598755,2.262784481048584,0.7399057149887085,0.7399057149887085
2,185,b64ca1a405e9290b57b583f1,1.6299999952316284,1.404005765914917,-0.22599422931671143,0.22599422931671143
2,186,d66d5695bc54266717665e4d,3.1346988677978516,3.2421815395355225,0.1074826717376709,0.1074826717376709
2,187,1bbd12df7294e3be0cd2e2fb,0.4317982792854309,1.5245907306671143,1.0927925109863281,1.0927925109863281
2,188,9173fcb38593403450c42b20,2.2699999809265137,2.402475595474243,0.1324756145477295,0.1324756145477295
2,189,d0a8f0d95c8f5f6a38da7a58,4.1674909591674805,4.171422004699707,0.0039310455322265625,0.0039310455322265625
2,190,54b6fdfd63826b23b6b5d7a4,4.4202165603637695,3.2696938514709473,-1.1505227088928223,1.1505227088928223
2,191,2a0b0a94010ab32048b08a73,2.2699999809265137,1.706658959388733,-0.5633410215377808,0.5633410215377808
2,192,0073db6f37b8b212e91d7e00,1.0800000429153442,1.5629732608795166,0.48297321796417236,0.48297321796417236
2,193,48a56afa8f36d7afa49972fb,2.25,2.0839014053344727,-0.16609859466552734,0.16609859466552734
2,194,fc00ea17ae9a91e159be76fc,2.823908805847168,2.888277530670166,0.06436872482299805,0.06436872482299805
2,195,39336f45ff6b470a94beba0f,1.916855812072754,1.903005838394165,-0.013849973678588867,0.013849973678588867
2,196,275aab339f6f421e5977afc1,2.109999895095825,1.3173459768295288,-0.7926539182662964,0.7926539182662964
2,197,0932b25cdf71e1a428ec8a70,2.795880079269409,2.0394763946533203,-0.7564036846160889,0.7564036846160889
2,198,e20819958d7ca7c1d17de3c0,3.3499999046325684,3.598980665206909,0.24898076057434082,0.24898076057434082
2,199,ed4b9874f12fafe30d9f2db3,2.549999952316284,1.8662974834442139,-0.6837024688720703,0.6837024688720703
2,200,5621afd0ed16b14fef06b72d,1.0399999618530273,2.182711124420166,1.1427111625671387,1.1427111625671387
2,201,d050387a34ab259f3653457d,1.169411301612854,1.54813814163208,0.3787268400192261,0.3787268400192261
2,202,3e99a1c70d63ee4522c4f88a,1.6299999952316284,1.5532493591308594,-0.07675063610076904,0.07675063610076904
2,203,9a13a076066f4e3aa6c69f22,4.099999904632568,4.3768310546875,0.27683115005493164,0.27683115005493164
2,204,deeb1a5c1fdc845371bd9cf0,3.4100000858306885,1.7118961811065674,-1.698103904724121,1.698103904724121
2,205,6777c6744f373a3bdbc68f9f,1.649999976158142,1.4196910858154297,-0.2303088903427124,0.2303088903427124
2,206,4a3ac955702a995dbc4a10b3,3.359999895095825,3.0084190368652344,-0.3515808582305908,0.3515808582305908
2,207,bd055d5f217ee96f22cde1bc,2.299999952316284,1.0465750694274902,-1.253424882888794,1.253424882888794
2,208,fa03d06e491cbd41886c1535,0.5,1.334024429321289,0.8340244293212891,0.8340244293212891
2,209,26fd5dd96ea46010f492a814,1.3200000524520874,1.8978519439697266,0.5778518915176392,0.5778518915176392
2,210,83c6d86f2dd7e5fcccf6caf1,3.4685211181640625,2.7168846130371094,-0.7516365051269531,0.7516365051269531
2,211,7d24bf28afbaba43302ca470,1.7899999618530273,1.4013819694519043,-0.38861799240112305,0.38861799240112305
2,212,a4962d3e35cada31a6e3cf46,1.0399999618530273,1.2492105960845947,0.20921063423156738,0.20921063423156738
2,213,2274ee0571a2db91fa62e62e,2.299999952316284,2.5197126865386963,0.2197127342224121,0.2197127342224121
2,214,9641ae6f2881cb56dd45161e,1.5528420209884644,1.3614938259124756,-0.19134819507598877,0.19134819507598877
2,215,e3c937c0f0ede2d03f4fb5ec,0.7011469006538391,0.7323372960090637,0.03119039535522461,0.03119039535522461
2,216,ef1de9bbd945f015b9d186e5,4.376750946044922,4.019846439361572,-0.3569045066833496,0.3569045066833496
2,217,39e478fd366829252f87fade,2.8499999046325684,2.3914880752563477,-0.4585118293762207,0.4585118293762207
2,218,f532c7948a6cd18b99ab5534,1.5622494220733643,0.7683264017105103,-0.793923020362854,0.793923020362854
2,219,e8577a17895eb42c6fca7631,0.550000011920929,0.8969749212265015,0.3469749093055725,0.3469749093055725
2,220,437c996574fe6a89ede2bb59,1.600000023841858,1.7829365730285645,0.18293654918670654,0.18293654918670654
2,221,188383f0039301851380ac21,1.25,0.8919895887374878,-0.3580104112625122,0.3580104112625122
2,222,551bc8cb057fb6f6c6e13a91,0.25999999046325684,1.1431728601455688,0.883172869682312,0.883172869682312
2,223,148f4a7fb02a89dc81b12128,4.481485843658447,3.7405240535736084,-0.7409617900848389,0.7409617900848389
2,224,75efcd18e25e9fddc483d644,1.6399999856948853,2.278782367706299,0.6387823820114136,0.6387823820114136
2,225,ca1f209cbb0d1e34aa770704,2.7367584705352783,2.107732057571411,-0.6290264129638672,0.6290264129638672
2,226,1e0d9dfce89583b74a83cf5e,2.319999933242798,2.173675298690796,-0.14632463455200195,0.14632463455200195
2,227,4d5656c662e67fb9132455a6,0.46000000834465027,1.4279674291610718,0.9679673910140991,0.9679673910140991
2,228,cb801541d2043ae82dc12fb4,2.130000114440918,2.2577908039093018,0.1277906894683838,0.1277906894683838
2,229,72bed0852aa19bbc9f8a7e39,2.380000114440918,1.966698408126831,-0.4133017063140869,0.4133017063140869
2,230,bb96afcf5b64c2d4cb14fa2a,2.7799999713897705,1.641610026359558,-1.1383899450302124,1.1383899450302124
2,231,2fb7bd64039e5078444e3df0,3.6382720470428467,3.5991172790527344,-0.039154767990112305,0.039154767990112305
2,232,5823e1c0d5136bef8cf0b135,0.15000000596046448,0.7029819488525391,0.552981972694397,0.552981972694397
2,233,71c22e728d176d2733ed5655,1.214670181274414,0.6547711491584778,-0.5598990321159363,0.5598990321159363
2,234,ec850f724e77d4702db51cfc,3.548213481903076,3.7342045307159424,0.1859910488128662,0.1859910488128662
2,235,bb8132268ba8fb42f64b6f8f,0.481486052274704,0.5513083338737488,0.0698222815990448,0.0698222815990448
2,236,737bcb94208e8833d70510c4,2.8181564807891846,2.001951217651367,-0.8162052631378174,0.8162052631378174
2,237,b1bb67cd8bdb927baabfd3b7,1.1799999475479126,1.526638388633728,0.34663844108581543,0.34663844108581543
2,238,1392b06b42e251a712d8a4cd,2.130000114440918,1.7423405647277832,-0.38765954971313477,0.38765954971313477
2,239,428af22bd09e1f7947de3ec0,4.110000133514404,3.8639018535614014,-0.24609827995300293,0.24609827995300293
2,240,1d8e46dc9e5aa2575f70aba1,1.4948500394821167,1.594454050064087,0.09960401058197021,0.09960401058197021
2,241,7fe7195f6179aebd08b232b8,2.299999952316284,1.146960973739624,-1.1530389785766602,1.1530389785766602
2,242,9f7f99c32b1098196a16562a,3.809999942779541,3.828324556350708,0.018324613571166992,0.018324613571166992
2,243,7bc0f656facd322dd6ed6f41,0.027797162532806396,0.8868597745895386,0.8590626120567322,0.8590626120567322
2,244,1b3a08636e2a6165b1f21c1b,1.309999942779541,1.3954792022705078,0.0854792594909668,0.0854792594909668
2,245,118fbc3e231f33dbc40775a1,3.886056661605835,4.346641540527344,0.4605848789215088,0.4605848789215088
2,246,22a9531ef0c4da5852da222f,2.4685211181640625,1.967885971069336,-0.5006351470947266,0.5006351470947266
2,247,4fdd262a17dc261fa199a3e7,0.8199999928474426,1.5332252979278564,0.7132253050804138,0.7132253050804138
2,248,4193d25e063c072d573fd38f,4.6575775146484375,2.17974591255188,-2.4778316020965576,2.4778316020965576
2,249,7a0373e8b14bbbe5eb8f6775,2.8181564807891846,2.001951217651367,-0.8162052631378174,0.8162052631378174
2,250,e81ce5804f2ffdf354312ee4,1.0757206678390503,0.843425989151001,-0.23229467868804932,0.23229467868804932
2,251,a88fc904cd7eb2b930d41048,2.190000057220459,1.8537635803222656,-0.33623647689819336,0.33623647689819336
2,252,097b5488e4e71d60eed2b5cb,3.1500000953674316,1.0380191802978516,-2.11198091506958,2.11198091506958
2,253,1de2289fca33153c9be6bb60,1.4800000190734863,1.345306634902954,-0.13469338417053223,0.13469338417053223
2,254,d767a7e152770f238695530a,1.0099999904632568,0.8834903240203857,-0.1265096664428711,0.1265096664428711
2,255,cbc13e88cbb27728027685c4,2.739928722381592,2.950200319290161,0.21027159690856934,0.21027159690856934
2,256,c57d3289bcbcededd390a571,2.0999999046325684,1.1877405643463135,-0.9122593402862549,0.9122593402862549
2,257,fff13bffedbdb50dcae54346,1.7599999904632568,1.934280514717102,0.17428052425384521,0.17428052425384521
2,258,059dbab7aa82b3d9d10acf79,2.440000057220459,2.8054189682006836,0.3654189109802246,0.3654189109802246
2,259,c7239378c59c3959d253eb2e,1.2100000381469727,1.0545566082000732,-0.15544342994689941,0.15544342994689941
2,260,044f6bbb4661f06c17bf9362,4.86012077331543,4.536919116973877,-0.32320165634155273,0.32320165634155273
2,261,a0789f4aeadeffb37b0c371e,1.5199999809265137,1.4987778663635254,-0.02122211456298828,0.02122211456298828
2,262,1007cc6e5f468e4069e34e82,3.630784034729004,2.811072826385498,-0.8197112083435059,0.8197112083435059
2,263,6f327a6a54a657ce28bf77ba,1.721246361732483,1.2487146854400635,-0.47253167629241943,0.47253167629241943
2,264,f1dedb78164c538d5de00e3c,1.8300000429153442,2.19937801361084,0.3693779706954956,0.3693779706954956
2,265,3f8e0d586703d34bcac07fbb,4.28399658203125,4.251828193664551,-0.03216838836669922,0.03216838836669922
2,266,b3c503cd8a5372b002550e8b,2.585026741027832,2.514697790145874,-0.07032895088195801,0.07032895088195801
2,267,ed1791256b88300cccff68a1,1.292429804801941,0.6537835597991943,-0.6386462450027466,0.6386462450027466
2,268,548a488979e34d34fedaffcf,2.0299999713897705,2.4521450996398926,0.42214512825012207,0.42214512825012207
2,269,719883b846af722cee35d121,0.8299999833106995,1.328429102897644,0.4984291195869446,0.4984291195869446
2,270,8d3a615375087f65f6bf7330,1.6699999570846558,2.3348488807678223,0.6648489236831665,0.6648489236831665
2,271,3abd77829ac99cb6713d5250,2.9359166622161865,2.3245434761047363,-0.6113731861114502,0.6113731861114502
2,272,64b94b26402718782a27495c,3.636388063430786,1.8313593864440918,-1.8050286769866943,1.8050286769866943
2,273,50713fea837175eb99cadd19,1.366531491279602,1.63028883934021,0.2637573480606079,0.2637573480606079
2,274,e6d3887a16cf18975be255dd,3.0799999237060547,3.2293972969055176,0.1493973731994629,0.1493973731994629
2,275,73a9879c3bd5c59924e552e2,1.787812352180481,1.1926286220550537,-0.5951837301254272,0.5951837301254272
2,276,d25b55016e2b046946a31093,0.9700000286102295,1.4797135591506958,0.5097135305404663,0.5097135305404663
2,277,570fddd2ecd0f8830a9ae5eb,0.8199999928474426,1.3400990962982178,0.5200991034507751,0.5200991034507751
2,278,68ed9d7d3128ef2ebf50a1e1,3.886056661605835,2.567148447036743,-1.3189082145690918,1.3189082145690918
2,279,62fc747627bcb4bceb98025c,1.238072156906128,0.8210071325302124,-0.4170650243759155,0.4170650243759155
2,280,49eb1729a21c206a5bf110a9,2.140000104904175,1.7254412174224854,-0.41455888748168945,0.41455888748168945
2,281,5048038fce0428c4b5ff5142,1.0800000429153442,1.2282700538635254,0.14827001094818115,0.14827001094818115
2,282,8b526bfcd177009c751cd36e,0.8999999761581421,1.6622071266174316,0.7622071504592896,0.7622071504592896
2,283,d67fbb07a8ec398402a94e85,0.9900000095367432,1.6558033227920532,0.6658033132553101,0.6658033132553101
2,284,fda6b246e79c22fadcda709f,0.9300000071525574,0.7917240858078003,-0.13827592134475708,0.13827592134475708
2,285,f169c09f53b9b6868268e935,-2.232487916946411,1.3850079774856567,3.6174960136413574,3.6174960136413574
2,286,19ba96059a386cd309cbf796,2.1500000953674316,1.2290120124816895,-0.9209880828857422,0.9209880828857422
2,287,ce461623ea24c76653f287da,2.301029920578003,2.9720304012298584,0.6710004806518555,0.6710004806518555
2,288,8198f1327c0ef906f045d015,2.102372884750366,2.547518253326416,0.4451453685760498,0.4451453685760498
2,289,63e543730430de849bad26c3,1.2599999904632568,1.3294715881347656,0.06947159767150879,0.06947159767150879
2,290,55aafcd2c988203f328c4570,2.5199999809265137,2.56249737739563,0.04249739646911621,0.04249739646911621
2,291,78837fe408a6f1af5dc6cd5c,2.8299999237060547,3.1099624633789062,0.27996253967285156,0.27996253967285156
2,292,4fe2e0ea29cbc636a8538379,3.522878646850586,3.574719190597534,0.05184054374694824,0.05184054374694824
2,293,01bff20a37059520630b2a81,1.6299999952316284,1.4381239414215088,-0.19187605381011963,0.19187605381011963
2,294,548f4a09a31fc39a251ca410,2.7100000381469727,2.5277762413024902,-0.18222379684448242,0.18222379684448242
2,295,edc7e1326ada72fb5e9fb26e,1.229148030281067,0.6094191074371338,-0.6197289228439331,0.6197289228439331
2,296,1b7bb92dd593e8018f77f51b,2.568636178970337,2.8316829204559326,0.2630467414855957,0.2630467414855957
2,297,3a563aaf72221b6db88a20f8,1.5482136011123657,1.5939671993255615,0.0457535982131958,0.0457535982131958
2,298,c85a225801f29175193c34f5,2.0999999046325684,1.6159124374389648,-0.4840874671936035,0.4840874671936035
2,299,93303a2ba1d196ef0034f12d,0.699999988079071,0.9362626075744629,0.23626261949539185,0.23626261949539185
2,300,385b32ae3a02022035680b08,2.5018503665924072,2.954258680343628,0.4524083137512207,0.4524083137512207
2,301,e5c35843309a3bf5b9840acd,-5.127104759216309,-4.499725341796875,0.6273794174194336,0.6273794174194336
2,302,3c18d71f9247f955b877157b,2.4300410747528076,4.036358833312988,1.6063177585601807,1.6063177585601807
2,303,ebe46a5555030a11197afa89,1.840000033378601,2.405506134033203,0.565506100654602,0.565506100654602
2,304,4aec607ecc385f257b8784d4,1.0399999618530273,1.8248887062072754,0.784888744354248,0.784888744354248
2,305,3f018152d893295a9e8b28f3,1.7999999523162842,1.8163522481918335,0.016352295875549316,0.016352295875549316
2,306,5882e684e8e69de8a6cf9397,1.6799999475479126,1.6825835704803467,0.002583622932434082,0.002583622932434082
2,307,c42af5fc9f2248176ecaa976,1.4199999570846558,1.36685311794281,-0.0531468391418457,0.0531468391418457
2,308,75111c0935f0e4261ac7ed38,3.359999895095825,3.352591037750244,-0.007408857345581055,0.007408857345581055
2,309,3277fb8e2f53d82bd75845b5,0.9599999785423279,1.281550645828247,0.3215506672859192,0.3215506672859192
2,310,50b69f24039cc25f2e3c2614,2.6252517700195312,2.1663103103637695,-0.4589414596557617,0.4589414596557617
2,311,0c3071c0bd6c6f412cf16280,1.0,0.23823405802249908,-0.7617659568786621,0.7617659568786621
2,312,22c048b1e4c3ec4c50672a15,2.3299999237060547,2.8474488258361816,0.517448902130127,0.517448902130127
2,313,2593fe1cbd1b3b3b5d565596,1.090000033378601,1.8667004108428955,0.7767003774642944,0.7767003774642944
2,314,7a44bb919dc73cd1aee1f92c,1.3700000047683716,1.2078497409820557,-0.16215026378631592,0.16215026378631592
2,315,d7d7be09e92bcaf6425096a3,3.318758726119995,4.1459197998046875,0.8271610736846924,0.8271610736846924
2,316,da798a45d0c5ba7960842744,0.7918462157249451,0.7743209600448608,-0.01752525568008423,0.01752525568008423
2,317,97d9bcdb790bdc97b3f7309d,1.659999966621399,2.554734230041504,0.894734263420105,0.894734263420105
2,318,a83fe282733c23adf0bffbe9,2.4814860820770264,2.6010923385620117,0.11960625648498535,0.11960625648498535
2,319,bb7ce840f1ecde9aafe171e0,2.9393022060394287,2.696627140045166,-0.2426750659942627,0.2426750659942627
2,320,2ce0d496c1b4340cc71f4c06,4.6575775146484375,4.087677955627441,-0.5698995590209961,0.5698995590209961
2,321,36ccd71d65eb826aaef281cc,2.259999990463257,1.187322974205017,-1.0726770162582397,1.0726770162582397
2,322,989242490e27a8b9899248dc,1.2999999523162842,1.0492792129516602,-0.250720739364624,0.250720739364624
2,323,2b303c59a810e25b4d4f3f2f,2.319999933242798,2.6664133071899414,0.34641337394714355,0.34641337394714355
2,324,32300e39919409063d509b3c,1.0199999809265137,1.2581591606140137,0.2381591796875,0.2381591796875
2,325,7afa663d7715757bd37a2446,2.2494916915893555,1.9885547161102295,-0.260936975479126,0.260936975479126
2,326,cfd444c52b4cac5722e66072,0.28999999165534973,1.3069078922271729,1.0169079303741455,1.0169079303741455
2,327,da50821e94e164b33bd969cf,-4.274158000946045,-3.9734387397766113,0.3007192611694336,0.3007192611694336
2,328,bce0cdf2f445f98230d68010,1.2400000095367432,1.4980502128601074,0.25805020332336426,0.25805020332336426
2,329,216b6b33fac25429848a19e2,2.180000066757202,1.7737281322479248,-0.40627193450927734,0.40627193450927734
2,330,f65d613afe67a551a181c7e4,4.199999809265137,3.6100234985351562,-0.5899763107299805,0.5899763107299805
2,331,bb0adadfc350e43b5e745f51,1.0800000429153442,0.8488622903823853,-0.23113775253295898,0.23113775253295898
2,332,79bef61af482559984197408,0.5699999928474426,0.9960811138153076,0.426081120967865,0.426081120967865
2,333,eb3f677ff6cf7842dccd91b7,0.949999988079071,0.925513505935669,-0.0244864821434021,0.0244864821434021
2,334,5e909566d1dc307d0fdb1413,1.7899999618530273,1.5701394081115723,-0.21986055374145508,0.21986055374145508
2,335,edf457f2112607ea1cb564a4,2.2300000190734863,2.1874794960021973,-0.04252052307128906,0.04252052307128906
2,336,4da87a58fe2a07eab5067177,1.6100000143051147,1.3598957061767578,-0.25010430812835693,0.25010430812835693
2,337,462b3f1e6b5e9be1ba23f8b2,2.7869250774383545,2.9465811252593994,0.15965604782104492,0.15965604782104492
2,338,7190bbc93421c47e0267634e,0.47999998927116394,1.0390033721923828,0.5590033531188965,0.5590033531188965
2,339,210fa6dabeaf2f90530d033c,0.5,0.9935905933380127,0.4935905933380127,0.4935905933380127
2,340,3f59fa2351fb808d47049cce,1.1299999952316284,1.463760495185852,0.33376049995422363,0.33376049995422363
2,341,703dd3774f57eaecf1dce2ac,1.6699999570846558,1.710388422012329,0.04038846492767334,0.04038846492767334
2,342,7e6f7eb7d8be350dd4f1c1c6,0.4282911717891693,0.6107707619667053,0.182479590177536,0.182479590177536
2,343,641fb8a05091e5aee467343a,3.823908805847168,3.7516374588012695,-0.07227134704589844,0.07227134704589844
2,344,891f1e51f8f7707c40d0ca96,1.5499999523162842,2.010359048843384,0.4603590965270996,0.4603590965270996
2,345,1c5d208e49aee074b8da7c7f,1.9500000476837158,2.1769185066223145,0.22691845893859863,0.22691845893859863
2,346,a8c56bb61d471e3be2518b1c,0.07572071254253387,0.7503628730773926,0.6746421456336975,0.6746421456336975
2,347,a02625429437c5c1e9707fb9,1.8600000143051147,1.7156625986099243,-0.14433741569519043,0.14433741569519043
2,348,51d59ca3270d4985c7b99c34,1.6200000047683716,1.8514997959136963,0.2314997911453247,0.2314997911453247
2,349,ae41b2cfb20eeb5f884147d7,2.130000114440918,2.5745015144348145,0.4445013999938965,0.4445013999938965
2,350,4e013616d69eba81baa27bc1,1.92585289478302,1.571539282798767,-0.35431361198425293,0.35431361198425293
2,351,9597fa46cd2e21053039b218,3.275724172592163,2.5694918632507324,-0.7062323093414307,0.7062323093414307
2,352,23894b35a991ff742e186baa,1.450927495956421,2.082275867462158,0.6313483715057373,0.6313483715057373
2,353,80eed0b64123ab963791d756,1.596879482269287,1.9233119487762451,0.326432466506958,0.326432466506958
2,354,97049a5e5790e094fd16c052,1.2599999904632568,1.816130518913269,0.5561305284500122,0.5561305284500122
2,355,924cb745a58be7ae799b233e,1.6799999475479126,1.5746917724609375,-0.1053081750869751,0.1053081750869751
2,356,7593544dd4b2c4da8ee452ca,2.7695510387420654,1.7661478519439697,-1.0034031867980957,1.0034031867980957
2,357,8af76429a625fc858409fc6d,2.24872088432312,1.7359707355499268,-0.5127501487731934,0.5127501487731934
2,358,f1fb7782e342f74d02adf0c9,2.262277364730835,2.8394782543182373,0.5772008895874023,0.5772008895874023
2,359,b4fd92a58c663fe0cafa53d9,1.6418753862380981,2.916708469390869,1.274833083152771,1.274833083152771
2,360,b59c0dad532814faa1ce4b24,1.8300000429153442,1.7281991243362427,-0.10180091857910156,0.10180091857910156
2,361,9309bde42b834e080b13fac8,1.7999999523162842,2.1812095642089844,0.3812096118927002,0.3812096118927002
2,362,b0fcb04f23faf828473a4de5,1.1299999952316284,1.1728638410568237,0.04286384582519531,0.04286384582519531
2,363,aeddfb7490263e95bb435a5b,1.8300000429153442,2.041205883026123,0.2112058401107788,0.2112058401107788
2,364,bb2875055508232388a5bf83,0.03999999910593033,1.1124825477600098,1.0724825859069824,1.0724825859069824
2,365,57e826ef64dd6c767eecc301,1.8538719415664673,2.0303502082824707,0.17647826671600342,0.17647826671600342
2,366,f544d377b634f27412e3caeb,1.7200000286102295,1.7248971462249756,0.004897117614746094,0.004897117614746094
2,367,291bb912425d178bea300eca,1.2400000095367432,2.0867252349853516,0.8467252254486084,0.8467252254486084
2,368,bae04ca12202299e92b95363,3.0799999237060547,1.8396745920181274,-1.2403253316879272,1.2403253316879272
2,369,b36c79b6213d30b5e0994e69,2.2441251277923584,1.6401513814926147,-0.6039737462997437,0.6039737462997437
2,370,373c0bf23f32b5901721b9a3,1.2599999904632568,1.4044930934906006,0.14449310302734375,0.14449310302734375
2,371,64c23a2cde366db6eb83ce89,2.7471470832824707,2.614450454711914,-0.13269662857055664,0.13269662857055664
2,372,0b2df0b563d0885112d119c4,1.0499999523162842,1.4453479051589966,0.3953479528427124,0.3953479528427124
2,373,8feb5f5a26dc8ba4b94acfaf,0.9599999785423279,1.0246331691741943,0.06463319063186646,0.06463319063186646
2,374,000ea158dd0bbe483cc016b7,3.2699999809265137,2.3217673301696777,-0.9482326507568359,0.9482326507568359
2,375,a8f122e7e01455b87523940c,3.2924299240112305,4.057276248931885,0.7648463249206543,0.7648463249206543
2,376,b1d0c703d3ea8f636d650d9b,2.77211332321167,2.667984962463379,-0.10412836074829102,0.10412836074829102
2,377,8d78130bfe01637767c336f7,1.7027860879898071,1.7195507287979126,0.01676464080810547,0.01676464080810547
2,378,ea3cd4c913fceef2c20e5f13,2.07918119430542,2.137637138366699,0.0584559440612793,0.0584559440612793
2,379,50161f7987be0ce778c3934e,2.051607608795166,2.118227005004883,0.0666193962097168,0.0666193962097168
2,380,0334600f2974e4215cca0d09,1.7899999618530273,1.7577495574951172,-0.032250404357910156,0.032250404357910156
2,381,2750a531ad0e1ef8b1a7aed7,4.4202165603637695,4.460721492767334,0.04050493240356445,0.04050493240356445
2,382,69fec1a2af5110e78d7da1e4,2.442492723464966,2.0830435752868652,-0.3594491481781006,0.3594491481781006
2,383,8b6b3e7c3027b9c62c653e8a,3.330993175506592,2.696627140045166,-0.6343660354614258,0.6343660354614258
2,384,4c0d007d1f5f9de4712ad281,0.8600000143051147,1.2094554901123047,0.34945547580718994,0.34945547580718994
2,385,3a71c207739c360f37dcc271,0.5451551675796509,1.7425153255462646,1.1973601579666138,1.1973601579666138
2,386,9a9794a13ec1b0c533197bd5,2.209949493408203,2.240018129348755,0.030068635940551758,0.030068635940551758
2,387,e641b16c4248be915992c379,1.309999942779541,2.068753480911255,0.7587535381317139,0.7587535381317139
2,388,a61227840126a50bab6d1433,0.4399999976158142,0.7710227966308594,0.33102279901504517,0.33102279901504517
2,389,43080e1c8022050a804696e8,2.7695510387420654,1.6566669940948486,-1.1128840446472168,1.1128840446472168
2,390,e0a4eccc996519afe914f150,2.102372884750366,1.2077897787094116,-0.8945831060409546,0.8945831060409546
2,391,ca6736941d8cfbc099dfe49e,2.4353339672088623,1.7744230031967163,-0.660910964012146,0.660910964012146
2,392,262fcd496140da7d61637263,4.049485206604004,1.9872918128967285,-2.0621933937072754,2.0621933937072754
2,393,fc5434e8b5f32bc32069f945,3.5100414752960205,2.8510735034942627,-0.6589679718017578,0.6589679718017578
2,394,9008cff27211b4f73fa7fcf3,0.9100000262260437,1.2390676736831665,0.3290676474571228,0.3290676474571228
2,395,615ffc23af7203af22acf7ea,3.585026741027832,4.155996799468994,0.5709700584411621,0.5709700584411621
2,396,3e157994eb541c69118d8e06,1.149999976158142,1.4876463413238525,0.33764636516571045,0.33764636516571045
2,397,f16afa319330f41769054e64,2.009999990463257,2.6498632431030273,0.6398632526397705,0.6398632526397705
2,398,feae395fb871a1d848181ded,0.7400000095367432,1.168190598487854,0.42819058895111084,0.42819058895111084
2,399,be409dae6eb5ba2dca7b015d,1.3600000143051147,1.9506709575653076,0.5906709432601929,0.5906709432601929
2,400,f6a1d45876b114c8aafa647b,0.5299999713897705,0.9565671682357788,0.4265671968460083,0.4265671968460083
2,401,6292f5b9f571962c9deb8bed,3.1446826457977295,3.2121009826660156,0.06741833686828613,0.06741833686828613
2,402,135e27a6710109ff9c2b5e13,1.1299999952316284,0.897615909576416,-0.2323840856552124,0.2323840856552124
2,403,cade51b1f148f63a02706864,2.6600000858306885,3.232025623321533,0.5720255374908447,0.5720255374908447
2,404,98d4c472ff2c0863fd516913,0.8799999952316284,1.6825164556503296,0.8025164604187012,0.8025164604187012
2,405,db30207a9122fb649db26f90,1.4299999475479126,1.6488926410675049,0.21889269351959229,0.21889269351959229
2,406,adefebde1c4ab6a0b08abdfd,0.6200000047683716,1.0825791358947754,0.4625791311264038,0.4625791311264038
2,407,1f2bbcc6ea354930579574f5,2.4353339672088623,1.8681259155273438,-0.5672080516815186,0.5672080516815186
2,408,e7b66cd4ca8e566b78f57f66,1.1299999952316284,0.8517000079154968,-0.2782999873161316,0.2782999873161316
2,409,8b0d347c4cab90f3e0235b3c,1.8200000524520874,2.1196470260620117,0.2996469736099243,0.2996469736099243
2,410,61ad9bf5f89bb319f2f83b43,0.8199999928474426,0.8751055598258972,0.05510556697845459,0.05510556697845459
2,411,ac239169cf7d4b3f4a1d4dd8,0.41999998688697815,1.1197025775909424,0.6997026205062866,0.6997026205062866
2,412,f08a10e5901e95c129175a7c,0.949999988079071,1.3858433961868286,0.43584340810775757,0.43584340810775757
2,413,d49dc09418cdbbafede0ff28,0.3799999952316284,0.886735200881958,0.5067352056503296,0.5067352056503296
2,414,bda3e6a8e36e0fc57640fc42,1.7699999809265137,1.9280694723129272,0.15806949138641357,0.15806949138641357
2,415,ccb06bbf6fef82016b2a7233,2.5400047302246094,2.8841195106506348,0.3441147804260254,0.3441147804260254
2,416,5259e95becb0c09ca59a4614,2.549999952316284,3.441143751144409,0.891143798828125,0.891143798828125
2,417,ab8afbc97f2161771579f652,1.8300000429153442,2.140871047973633,0.3108710050582886,0.3108710050582886
2,418,d4095cd7ed85ea08b2b7c5b8,1.1699999570846558,1.4022364616394043,0.23223650455474854,0.23223650455474854
2,419,8cdd4ffdf88cd80fecce70a0,2.794269561767578,2.8147881031036377,0.02051854133605957,0.02051854133605957
2,420,6a2964072f37e5c4de616f37,1.6020599603652954,0.8077937960624695,-0.7942661643028259,0.7942661643028259
2,421,741cc5a9be18de1c6a7eaffc,-3.5440680980682373,2.374734401702881,5.918802261352539,5.918802261352539
2,422,62d15a70ea4981c9fffc38d1,1.8300000429153442,2.021057367324829,0.19105732440948486,0.19105732440948486
2,423,d6b8c300e30e5227144aa6fd,2.301029920578003,0.857372522354126,-1.443657398223877,1.443657398223877
2,424,18e1f1f50cf93194af83328e,1.2999999523162842,1.0670175552368164,-0.23298239707946777,0.23298239707946777
2,425,b8bb65b7b72a675958106d9d,0.23000000417232513,0.7239482402801514,0.49394822120666504,0.49394822120666504
2,426,35c8bfb28b34feb8aadc75ab,0.6100000143051147,1.3680673837661743,0.7580673694610596,0.7580673694610596
2,427,8d3b58a488aaa73a41f792a5,1.8799999952316284,1.035961627960205,-0.8440383672714233,0.8440383672714233
2,428,92e2493cb79290e9d8c42ad5,3.0305840969085693,3.3735198974609375,0.34293580055236816,0.34293580055236816
2,429,a8af777369d09a988ccc96da,1.9700000286102295,1.8349348306655884,-0.1350651979446411,0.1350651979446411
2,430,09c15b13e8bbbe914d01b2b4,0.4000000059604645,2.00215482711792,1.6021548509597778,1.6021548509597778
2,431,f0f20c8ecd8e907b008230a5,1.1100000143051147,1.5280967950820923,0.41809678077697754,0.41809678077697754
2,432,a62e18894241589930397055,0.5899999737739563,1.242836594581604,0.6528366208076477,0.6528366208076477
2,433,69838827da468d17eaa6de71,0.9399999976158142,1.5836234092712402,0.643623411655426,0.643623411655426
2,434,d2d47d74ebbef6c5186e6516,1.2599999904632568,1.431235671043396,0.17123568058013916,0.17123568058013916
2,435,1aae782effd0910299d947e3,2.1500000953674316,1.3310306072235107,-0.8189694881439209,0.8189694881439209
2,436,c91d66f904fe285d4a6dff76,0.44999998807907104,0.6915109753608704,0.24151098728179932,0.24151098728179932
2,437,78700727c7089798d8da03f8,2.77211332321167,2.5802865028381348,-0.19182682037353516,0.19182682037353516
2,438,d9515f10e35a9b6a61e4c446,0.5699999928474426,1.2563388347625732,0.6863388419151306,0.6863388419151306
2,439,d4bf253650a55d5d6b2eb295,3.4509966373443604,3.059054136276245,-0.39194250106811523,0.39194250106811523
2,440,7fdb7221221945f71c4e7431,0.9300000071525574,1.2536256313323975,0.3236256241798401,0.3236256241798401
2,441,2d129861e8163e2ac5c47c3f,-5.955206394195557,-3.6192140579223633,2.3359923362731934,2.3359923362731934
2,442,d47c995cd59c97678ee33e2c,1.9500000476837158,1.8214930295944214,-0.12850701808929443,0.12850701808929443
2,443,1c0faa1fa86739666ebc771b,2.585026741027832,2.660022497177124,0.07499575614929199,0.07499575614929199
2,444,1cf78e8604220e830f822e09,2.4100000858306885,2.416707754135132,0.006707668304443359,0.006707668304443359
2,445,92c9cf1a379b4b35d864380c,1.5199999809265137,1.700708270072937,0.18070828914642334,0.18070828914642334
2,446,69fe8a9320e1ca5fa89acc12,0.2199999988079071,0.6697379946708679,0.4497379958629608,0.4497379958629608
2,447,7428485fc9d412ca5332abb1,0.9700000286102295,1.4592397212982178,0.4892396926879883,0.4892396926879883
2,448,95b94798506d141b9b60e18f,0.8299999833106995,1.086383581161499,0.25638359785079956,0.25638359785079956
2,449,2417ea91f91ce31c664ea3f4,1.8700000047683716,2.5824975967407227,0.7124975919723511,0.7124975919723511
2,450,57399771cf6855da567ac934,2.259999990463257,1.8634064197540283,-0.3965935707092285,0.3965935707092285
2,451,e2266610b11c8b7482f2c569,4.318758964538574,3.994715690612793,-0.32404327392578125,0.32404327392578125
2,452,72cf07e3dc7f6caf9f651d07,1.2400000095367432,1.8356897830963135,0.5956897735595703,0.5956897735595703
2,453,1a4589e466eaa6fff21d7e0a,3.9200000762939453,1.1643983125686646,-2.7556018829345703,2.7556018829345703
2,454,e901ef7d90da37ceb5b8ee4d,1.9900000095367432,2.4976906776428223,0.5076906681060791,0.5076906681060791
2,455,a0213ec626ed5438c272db68,2.795880079269409,1.4321873188018799,-1.3636927604675293,1.3636927604675293
2,456,255ba2391f6417c8cb3a7ed2,1.5199999809265137,1.5800827741622925,0.06008279323577881,0.06008279323577881
2,457,8fe57455c6187c5cffa3a58d,2.4430947303771973,1.948232650756836,-0.49486207962036133,0.49486207962036133
2,458,e6d445c748b37762af2ee95c,2.390000104904175,2.909346103668213,0.5193459987640381,0.5193459987640381
2,459,9a1fde9dcc7146acbfe3995c,1.214670181274414,0.6547711491584778,-0.5598990321159363,0.5598990321159363
2,460,03b288f0fac8bbaea07fe477,2.9788107872009277,3.0395448207855225,0.06073403358459473,0.06073403358459473
2,461,63a4f4d6be4d1df12cbddb72,1.1699999570846558,1.3973517417907715,0.22735178470611572,0.22735178470611572
2,462,3578cf6d2e0981382b7aeaa8,2.7571091651916504,2.614450454711914,-0.14265871047973633,0.14265871047973633
2,463,2238c62a4f11d214676fb275,1.8899999856948853,1.3941361904144287,-0.49586379528045654,0.49586379528045654
2,464,1ce3be7400dab16c2a93f636,1.159999966621399,1.288177728652954,0.12817776203155518,0.12817776203155518
2,465,8d08bbb6769356c61afcf626,0.23999999463558197,0.9462056159973145,0.7062056064605713,0.7062056064605713
2,466,46c9b7297316bfcf4d345656,2.732828378677368,2.7513318061828613,0.018503427505493164,0.018503427505493164
2,467,503cbe4d559ad346b01dc392,2.7000932693481445,3.3019354343414307,0.6018421649932861,0.6018421649932861
2,468,1c3dcbc4b62596833a186917,2.0544822216033936,2.4229533672332764,0.3684711456298828,0.3684711456298828
2,469,7b154428483749420cb914b5,2.8210229873657227,2.4224886894226074,-0.39853429794311523,0.39853429794311523
2,470,3a0ba9ec42c3f824faee3d00,4.4685211181640625,4.140081405639648,-0.32843971252441406,0.32843971252441406
2,471,73d3b1945361bd0f2f0157a4,0.9100000262260437,1.2774996757507324,0.3674996495246887,0.3674996495246887
2,472,ba34d3ceae60d89e6331342c,0.5799999833106995,1.0719788074493408,0.49197882413864136,0.49197882413864136
2,473,de13df92fc50a45c55abebca,1.3300000429153442,2.7370381355285645,1.4070380926132202,1.4070380926132202
2,474,b392506dd49deb6426dd4cbc,2.119999885559082,2.2174415588378906,0.0974416732788086,0.0974416732788086
2,475,d3510ecdb838248898b711b2,1.5800000429153442,1.138961911201477,-0.4410381317138672,0.4410381317138672
2,476,a8ccfec734221d44363ba9c8,1.5228787660598755,5.113475799560547,3.590597152709961,3.590597152709961
2,477,59baabbae7ee84fbdcc0dfc7,1.4199999570846558,1.614059329032898,0.1940593719482422,0.1940593719482422
2,478,3a71264d58178b80d17b5e2b,2.240000009536743,2.0328283309936523,-0.20717167854309082,0.20717167854309082
2,479,93ba04704f2d8858c98bd106,0.9300000071525574,0.820181667804718,-0.10981833934783936,0.10981833934783936
2,480,773c166bde5225e1bf0c372e,4.92081880569458,4.660984039306641,-0.25983476638793945,0.25983476638793945
2,481,a26d5292106031665c495521,0.9200000166893005,1.3358526229858398,0.4158526062965393,0.4158526062965393
2,482,b7baed01324ee81fe3789558,2.207608222961426,2.2505147457122803,0.04290652275085449,0.04290652275085449
2,483,3c049f29640f420197c79cee,3.6600000858306885,3.2033162117004395,-0.456683874130249,0.456683874130249
2,484,20a9a89f152cafdf522f8a4a,1.409999966621399,2.529663562774658,1.1196635961532593,1.1196635961532593
2,485,a37411a972f40e6bbdfe28e8,1.399999976158142,1.5939583778381348,0.19395840167999268,0.19395840167999268
2,486,679e27188a25f2c9c7f1658e,0.5686362385749817,0.7014034986495972,0.13276726007461548,0.13276726007461548
2,487,5e5778c2b2ef3b37681c9d3a,1.2599999904632568,1.3827537298202515,0.12275373935699463,0.12275373935699463
2,488,3f7e7572a7eef5f214eee105,1.6989699602127075,0.8058829307556152,-0.8930870294570923,0.8930870294570923
2,489,4b34e5320b710569b658b0ae,3.4989407062530518,2.5445902347564697,-0.954350471496582,0.954350471496582
2,490,2c9948eac238889b397fa7d7,1.1399999856948853,0.8525947332382202,-0.28740525245666504,0.28740525245666504
2,491,c9e30dd5693a9c4a2c8979e8,2.795880079269409,2.0394763946533203,-0.7564036846160889,0.7564036846160889
2,492,f15458dbe65e14a088eb5bfc,4.598869800567627,2.2707390785217285,-2.3281307220458984,2.3281307220458984
2,493,eef5c23aa1d7661b4e3cbdf6,0.949999988079071,1.6993001699447632,0.7493001818656921,0.7493001818656921
2,494,df96184c66a4ce5530ac76eb,3.537601947784424,4.031920433044434,0.49431848526000977,0.49431848526000977
2,495,cde488f26fba6137fa75202e,1.8927900791168213,1.721024990081787,-0.17176508903503418,0.17176508903503418
2,496,9533796bd410a24bff3b8e89,2.679853677749634,2.229396104812622,-0.4504575729370117,0.4504575729370117
2,497,90c54d44da225d9c56882438,1.0499999523162842,1.6428823471069336,0.5928823947906494,0.5928823947906494
2,498,58e362b7781dae1f3017d753,3.1547467708587646,3.0428504943847656,-0.11189627647399902,0.11189627647399902
2,499,3dde69d88c6f47ecc2201c3c,0.6020600199699402,0.8198832273483276,0.21782320737838745,0.21782320737838745
2,500,7b80624109801ceeab6446f3,2.9586071968078613,2.314424514770508,-0.6441826820373535,0.6441826820373535
2,501,e41c021d9fce5d4946902198,0.5600000023841858,0.935154914855957,0.37515491247177124,0.37515491247177124
2,502,508d6c3c164527a3cf7ba685,3.190000057220459,3.203298568725586,0.013298511505126953,0.013298511505126953
2,503,54486ed8ab36cd6062d29690,1.75,2.2557754516601562,0.5057754516601562,0.5057754516601562
2,504,c769f64522560dcfad2d0ab9,1.8300000429153442,1.693140983581543,-0.13685905933380127,0.13685905933380127
2,505,b5a4ed89c0e228473098793a,1.559999942779541,1.171189308166504,-0.3888106346130371,0.3888106346130371
2,506,e07ba31f589a5a924fcb874b,0.8199999928474426,1.7086199522018433,0.8886199593544006,0.8886199593544006
2,507,26a20c3919a87fa6aa569ffe,2.2564902305603027,1.9227473735809326,-0.3337428569793701,0.3337428569793701
2,508,57a97a5f78e44d67dc600e14,3.92081880569458,2.864347219467163,-1.056471586227417,1.056471586227417
2,509,d57b8eacae01c39a84b98864,3.010016441345215,2.734257221221924,-0.275759220123291,0.275759220123291
2,510,140331d6b0e9cc0ac710127f,2.5,2.3461203575134277,-0.15387964248657227,0.15387964248657227
2,511,0bc88a5c4aa1dabe74a73e9e,1.149999976158142,1.1088669300079346,-0.04113304615020752,0.04113304615020752
2,512,8ebe2b3b7c79a5b6caddae46,1.6299999952316284,2.1370816230773926,0.5070816278457642,0.5070816278457642
2,513,071d15974ab872c55c926437,3.0335638523101807,2.297351360321045,-0.7362124919891357,0.7362124919891357
2,514,9e4a287ac5972df4a9e892c0,2.190000057220459,2.618464946746826,0.4284648895263672,0.4284648895263672
2,515,95534222d13bb38a8bbafa2c,0.28999999165534973,1.034952998161316,0.7449530363082886,0.7449530363082886
2,516,02c8f4766c86421ac531f8af,1.5700000524520874,1.6750404834747314,0.10504043102264404,0.10504043102264404
2,517,36ce8928bbabc4dd6536eaeb,1.596879482269287,2.3274054527282715,0.7305259704589844,0.7305259704589844
2,518,3869cb5fafe4cc1dd496da99,2.259999990463257,1.8339452743530273,-0.4260547161102295,0.4260547161102295
2,519,bc79923a5e5fd64c128b7dc8,2.7699999809265137,1.455654501914978,-1.3143454790115356,1.3143454790115356
2,520,2c8d1b8aead9c8fc2a81b53b,0.3499999940395355,2.876277208328247,2.5262773036956787,2.5262773036956787
2,521,88ed22cfae3705e295955454,2.1600000858306885,2.027721643447876,-0.1322784423828125,0.1322784423828125
2,522,52921548d6fa901204d150ef,2.059999942779541,2.1687183380126953,0.1087183952331543,0.1087183952331543
2,523,bf8d6371becc32960ac2b9e5,0.07572071254253387,0.7503628730773926,0.6746421456336975,0.6746421456336975
2,524,8d20217d86a41b601ca851dd,0.5686362385749817,0.7014034986495972,0.13276726007461548,0.13276726007461548
2,525,1c69fb69e6a6ee2b6342efa9,-1.6414741277694702,-1.6399664878845215,0.0015076398849487305,0.0015076398849487305
2,526,8b3eab582e2b1c35c3553aa3,0.8100000023841858,1.365355372428894,0.5553553700447083,0.5553553700447083
2,527,126180bd52e9eb3fe67a1c1c,3.1232049465179443,2.868166446685791,-0.2550384998321533,0.2550384998321533
2,528,784a6539318f415ddfd70f72,2.119999885559082,2.033233642578125,-0.08676624298095703,0.08676624298095703
2,529,2d22800d400cfb3e77823e51,3.8659825325012207,3.8778862953186035,0.011903762817382812,0.011903762817382812
2,530,e610a5c7d75ca8b988a53dc0,1.940000057220459,2.5213944911956787,0.5813944339752197,0.5813944339752197
2,531,ffa753eb7486037194437113,0.6020600199699402,0.3603426218032837,-0.2417173981666565,0.2417173981666565
2,532,9fca2c6200fda907648b2887,1.879426121711731,2.5006582736968994,0.6212321519851685,0.6212321519851685
2,533,bce20a2b2b28d5b8100fa33b,2.2644011974334717,2.6067018508911133,0.3423006534576416,0.3423006534576416
2,534,493a7313bd964854dabca50d,1.340000033378601,1.4547361135482788,0.11473608016967773,0.11473608016967773
2,535,a7aa2db618f68a14a37b0e3a,2.6700000762939453,2.732901096343994,0.06290102005004883,0.06290102005004883
2,536,4e835bcfcb80c9d4942ad7f9,0.8100000023841858,1.035215139389038,0.2252151370048523,0.2252151370048523
2,537,d9825b9c637eb71ac36b2b32,1.9500000476837158,1.416465163230896,-0.5335348844528198,0.5335348844528198
2,538,31b8c8c1708c2cd434dabfe5,2.799999952316284,3.1983914375305176,0.3983914852142334,0.3983914852142334
2,539,883cc7532b6bd58ae0a44b0d,1.3657747507095337,1.0921196937561035,-0.2736550569534302,0.2736550569534302
2,540,9392fe753348c059fde1e729,1.3700000047683716,1.391861915588379,0.021861910820007324,0.021861910820007324
2,541,df432b7fc6410995d6a21c34,0.5638373494148254,0.8212759494781494,0.257438600063324,0.257438600063324
2,542,de89e77e2a2458babe28402e,2.5301780700683594,2.2620348930358887,-0.2681431770324707,0.2681431770324707
2,543,706e0389410b00a7ad295551,2.009999990463257,1.8816795349121094,-0.12832045555114746,0.12832045555114746
2,544,25b4e5faf2f441c2a038dcad,2.200000047683716,2.363295316696167,0.16329526901245117,0.16329526901245117
2,545,e5059123cb6ec0d21bcfa042,2.213958740234375,1.7856686115264893,-0.42829012870788574,0.42829012870788574
2,546,2d2473034485033608adf619,1.0255573987960815,1.1888325214385986,0.1632751226425171,0.1632751226425171
2,547,664cef924e267d36c71c9895,-0.6901960968971252,-0.49439913034439087,0.19579696655273438,0.19579696655273438
2,548,b0c46a3d95bcb697110a1317,1.5299999713897705,2.1432790756225586,0.6132791042327881,0.6132791042327881
2,549,44c2bc2cfb1c05bfcc531bc4,1.399999976158142,1.1225223541259766,-0.2774776220321655,0.2774776220321655
2,550,d813ad71e75075c64a7f2fa7,1.7400000095367432,1.7714987993240356,0.03149878978729248,0.03149878978729248
2,551,d91850f09b3a89fa02d0b393,2.720104932785034,2.3724207878112793,-0.3476841449737549,0.3476841449737549
2,552,87e9a55ca3d74a28c9fb6486,3.5477027893066406,3.8956074714660645,0.34790468215942383,0.34790468215942383
2,553,4b471612723f6f6870d96387,2.0199999809265137,1.7109469175338745,-0.30905306339263916,0.30905306339263916
2,554,b1e47e8f28d0142a07535367,1.4299999475479126,1.1601083278656006,-0.269891619682312,0.269891619682312
2,555,a6ac04f5a8836760fe8a6fc4,1.659999966621399,2.2882308959960938,0.6282309293746948,0.6282309293746948
2,556,5c38ef95a607fe15b2397f08,1.7099653482437134,1.7403664588928223,0.030401110649108887,0.030401110649108887
2,557,38060e72d3b8b1805c08e13b,2.102372884750366,1.2998299598693848,-0.8025429248809814,0.8025429248809814
2,558,494fd03b33ea3fa69072eb86,1.6799999475479126,1.4210832118988037,-0.2589167356491089,0.2589167356491089
2,559,1e27b73e1e8802aebac16ed0,2.632023334503174,3.0811691284179688,0.4491457939147949,0.4491457939147949
2,560,28067afcca7f8b3e25e6be6d,2.7699999809265137,2.323073387145996,-0.4469265937805176,0.4469265937805176
2,561,7d2c04b457f809545607fefe,4.12493896484375,3.990467071533203,-0.13447189331054688,0.13447189331054688
2,562,c408455ea37a0b240fabfd69,1.5299999713897705,1.7326631546020508,0.20266318321228027,0.20266318321228027
2,563,9700bd03894350cae38bc91d,1.3879400491714478,0.8933459520339966,-0.49459409713745117,0.49459409713745117
2,564,2193413316c6738ccbff6460,2.2232987880706787,1.989037275314331,-0.23426151275634766,0.23426151275634766
2,565,54bbfafa310b2827f1e7c6ef,0.8538719415664673,0.7794109582901001,-0.07446098327636719,0.07446098327636719
2,566,ef8744144072557c0680820d,0.9599999785423279,1.2923271656036377,0.3323271870613098,0.3323271870613098
2,567,415a17936feed373dd14bf92,2.2494916915893555,1.9016097784042358,-0.34788191318511963,0.34788191318511963
2,568,7c2173a245bb56fe393122d6,3.0377886295318604,2.558875560760498,-0.4789130687713623,0.4789130687713623
2,569,7979eda9566ceffad622447c,2.0,2.1518609523773193,0.15186095237731934,0.15186095237731934
2,570,a6c8fb7218d25e31753a3058,2.309999942779541,2.0347495079040527,-0.2752504348754883,0.2752504348754883
2,571,194b5330d144c2a2653dbd46,0.324221670627594,0.2691499590873718,-0.05507171154022217,0.05507171154022217
2,572,8a19c11026c01f996f820b40,0.699999988079071,1.296520471572876,0.5965204834938049,0.5965204834938049
2,573,027e5d02bf782eb7167bb8ef,3.4814860820770264,2.297351360321045,-1.1841347217559814,1.1841347217559814
2,574,208f0e8d733c8cf7d244a048,4.1191864013671875,3.7664847373962402,-0.35270166397094727,0.35270166397094727
2,575,866ddcafb2d45b88d2a5c75f,3.744727611541748,3.428995132446289,-0.315732479095459,0.315732479095459
2,576,a355541e1af79b285dd24d77,2.359999895095825,1.953382968902588,-0.4066169261932373,0.4066169261932373
2,577,15b49ba55d5f08aa317f36d4,1.2200000286102295,1.272682785987854,0.05268275737762451,0.05268275737762451
2,578,6f90d25f44caa168c74dc192,3.106053352355957,3.1931240558624268,0.08707070350646973,0.08707070350646973
2,579,2180b46bc5ebef8d834ab1a0,1.5,2.18617844581604,0.68617844581604,0.68617844581604
2,580,d8f68d95eb162a96812ae9f4,1.46040940284729,1.74080228805542,0.2803928852081299,0.2803928852081299
2,581,ee4227595e496b5ddeffcbc1,2.240000009536743,2.0031518936157227,-0.2368481159210205,0.2368481159210205
2,582,1cb287170f8fda3dc6861936,3.087777853012085,3.5969862937927246,0.5092084407806396,0.5092084407806396
2,583,7340ba00a99f7451f77d8483,0.7900000214576721,1.9831666946411133,1.193166732788086,1.193166732788086
2,584,388519cb13b61f12cac2395f,2.869666337966919,2.72406268119812,-0.14560365676879883,0.14560365676879883
2,585,770c7e742d75cc0b862cb3ab,1.8700000047683716,2.6080007553100586,0.738000750541687,0.738000750541687
2,586,6b84bcdda9e14c033a9af0ee,1.559999942779541,2.0027921199798584,0.4427921772003174,0.4427921772003174
2,587,4b3c8732a2b6686888db5ec2,0.699999988079071,1.3755764961242676,0.6755765080451965,0.6755765080451965
2,588,2f03183edfd38e744176d606,1.9299999475479126,0.7980249524116516,-1.1319749355316162,1.1319749355316162
2,589,ec1b46a28352686e77e23659,0.7599999904632568,1.2281140089035034,0.4681140184402466,0.4681140184402466
2,590,082ef3f69d9bbc78991b3774,1.2699999809265137,1.3873443603515625,0.11734437942504883,0.11734437942504883
2,591,c03a96a2ad685b6ac186e84d,3.5451550483703613,3.295337438583374,-0.2498176097869873,0.2498176097869873
2,592,ddee1cc99cb39afac2d46235,1.214670181274414,0.6547711491584778,-0.5598990321159363,0.5598990321159363
2,593,69c439d24d67ab3977cb2105,1.0,1.1731765270233154,0.17317652702331543,0.17317652702331543
2,594,62eb2a321f2b77066ec66f86,1.690000057220459,2.22188663482666,0.5318865776062012,0.5318865776062012
2,595,4fd9d58b002ca4839f6d91b6,0.9399999976158142,1.5196863412857056,0.5796863436698914,0.5796863436698914
2,596,8f8433270b783f04d44caab9,0.5326386094093323,2.7547218799591064,2.222083330154419,2.222083330154419
2,597,e0926ae8ae858f58ad4ad58a,1.6399999856948853,1.8795647621154785,0.23956477642059326,0.23956477642059326
2,598,20f94a3156478a5f51da3ebb,1.2200000286102295,2.4925498962402344,1.2725498676300049,1.2725498676300049
2,599,ea213dfb0820d12c201bee9f,1.1200000047683716,1.2082363367080688,0.08823633193969727,0.08823633193969727
2,600,78ad647e812f4658155342f2,1.1200000047683716,1.392712116241455,0.2727121114730835,0.2727121114730835
2,601,f43a0f40d867a0407057a136,2.8399999141693115,3.11102294921875,0.2710230350494385,0.2710230350494385
2,602,b83feabf93ee193c2d93e6ae,0.8700000047683716,1.3501311540603638,0.4801311492919922,0.4801311492919922
2,603,c099d58388a9fb0dff85f25b,1.292429804801941,0.6537835597991943,-0.6386462450027466,0.6386462450027466
2,604,73571e896b9fde7e67845bd5,0.5199999809265137,0.5479527711868286,0.02795279026031494,0.02795279026031494
2,605,388ca1e168094b6505ea364f,2.9929401874542236,2.656888961791992,-0.33605122566223145,0.33605122566223145
2,606,678b1c69ce22f6e5bc41aeb4,2.838632106781006,2.8382606506347656,-0.0003714561462402344,0.0003714561462402344
2,607,9598bf6d11407f653bf14534,4.619788646697998,4.549712181091309,-0.07007646560668945,0.07007646560668945
2,608,c191fcd20bd3e01a0857ebd6,3.0222764015197754,2.375053882598877,-0.6472225189208984,0.6472225189208984
2,609,0c026cc81c9347abf0eaa111,1.4500000476837158,1.8551174402236938,0.405117392539978,0.405117392539978
2,610,509d91b52ac9daed33a6b8aa,0.7699999809265137,0.9294367432594299,0.15943676233291626,0.15943676233291626
2,611,8f6929292e38fe0287efb93b,1.0757206678390503,0.843425989151001,-0.23229467868804932,0.23229467868804932
2,612,e89eb2bf187689aeb25f6d8a,1.5199999809265137,1.5976555347442627,0.07765555381774902,0.07765555381774902
2,613,a3defb8789eb9886e2843019,0.8600000143051147,1.2383142709732056,0.3783142566680908,0.3783142566680908
2,614,08db7dbe99b44ad6f053b405,0.6989700198173523,0.7363890409469604,0.037419021129608154,0.037419021129608154
2,615,4f1981b89380909954a7c8ce,1.8759524822235107,2.5245361328125,0.6485836505889893,0.6485836505889893
2,616,77ce6c9ee965e62a02f246ab,4.149047374725342,2.9769320487976074,-1.1721153259277344,1.1721153259277344
2,617,c85593fc8aea7ae2608620e8,1.2100000381469727,1.0230499505996704,-0.18695008754730225,0.18695008754730225
2,618,db3e5cff07a9e9439348edd6,1.1799999475479126,1.1328155994415283,-0.04718434810638428,0.04718434810638428
2,619,58f53ab387a4ae38ad9e4803,4.207608222961426,4.368003845214844,0.16039562225341797,0.16039562225341797
2,620,a973a50fb36e02a7885e82ec,1.309999942779541,1.3816187381744385,0.07161879539489746,0.07161879539489746
2,621,409cde94421150b9db9afb3c,2.1500000953674316,2.300067901611328,0.15006780624389648,0.15006780624389648
2,622,5378731687952e16355df55d,4.269999980926514,4.213232040405273,-0.056767940521240234,0.056767940521240234
2,623,86b59f57ac4595059a35fb12,2.730487108230591,2.8308792114257812,0.10039210319519043,0.10039210319519043
2,624,28b5f4ee5a51aa09f67b5c7f,2.9700000286102295,2.9835691452026367,0.013569116592407227,0.013569116592407227
2,625,ee3a0d24b708ce89f4df685e,0.5299999713897705,1.2742005586624146,0.744200587272644,0.744200587272644
2,626,bd970f51fbba3eae16b64d82,1.8600000143051147,2.296053647994995,0.43605363368988037,0.43605363368988037
2,627,da20208b6d4b728419346819,1.409999966621399,1.6650917530059814,0.2550917863845825,0.2550917863845825
2,628,5dd5c1d9057694a60f4432be,2.130000114440918,1.6745102405548096,-0.4554898738861084,0.4554898738861084
2,629,3c063460e2da2934038e2f46,2.6777806282043457,2.3460497856140137,-0.33173084259033203,0.33173084259033203
2,630,e1ffe5b904087be6d195e1df,3.698970079421997,3.318026304244995,-0.38094377517700195,0.38094377517700195
2,631,489b765738ba4dc7a6faf916,2.7357730865478516,3.0395188331604004,0.30374574661254883,0.30374574661254883
2,632,8f4d573b2d72b68ea6668524,0.949999988079071,1.1030583381652832,0.15305835008621216,0.15305835008621216
2,633,6b34e19aa9e64c711477fe2a,0.6382721662521362,0.4688493013381958,-0.16942286491394043,0.16942286491394043
2,634,ffff838c49e0325236612273,0.8399999737739563,0.9228302240371704,0.08283025026321411,0.08283025026321411
2,635,cc3adb9e242b3a37bb4596b6,1.6575772762298584,1.3429752588272095,-0.3146020174026489,0.3146020174026489
2,636,d3cc2bd5e4d6f33c303f9d17,1.5499999523162842,2.5559327602386475,1.0059328079223633,1.0059328079223633
2,637,b64a9950dd9adeede1423b69,0.7212464213371277,0.8214631080627441,0.10021668672561646,0.10021668672561646
2,638,4c9f19d9ca20ecb928981b82,2.2596373558044434,0.6991539001464844,-1.560483455657959,1.560483455657959
2,639,788636fe5c99e8c045c147e5,0.7200000286102295,1.2800021171569824,0.5600020885467529,0.5600020885467529
2,640,ff7e86f230052e4940d24637,2.698970079421997,2.4463624954223633,-0.2526075839996338,0.2526075839996338
2,641,51a50936ef7d64783e5bab66,2.630000114440918,3.2119317054748535,0.5819315910339355,0.5819315910339355
2,642,b4592c81e263b7eed4cf2456,1.25,1.5452654361724854,0.29526543617248535,0.29526543617248535
2,643,90ffa1f3d2667114bd109240,2.7695510387420654,1.6566669940948486,-1.1128840446472168,1.1128840446472168
2,644,a6ca45d494dea5e24c3744e6,3.3565473556518555,3.2348122596740723,-0.1217350959777832,0.1217350959777832
2,645,3024223cc88ef6edb46a7ea3,4.610000133514404,4.133022308349609,-0.4769778251647949,0.4769778251647949
2,646,032d21150130a34e52638a25,1.7699999809265137,1.4288753271102905,-0.34112465381622314,0.34112465381622314
2,647,d806f161350339cdf9e15bc0,1.9586073160171509,2.237870693206787,0.27926337718963623,0.27926337718963623
2,648,4a9388d0b09071b80082b6a7,1.229148030281067,0.6094191074371338,-0.6197289228439331,0.6197289228439331
2,649,37db605bf7937ed1ea05fb52,3.410050392150879,3.3059301376342773,-0.10412025451660156,0.10412025451660156
2,650,36a795eeca736da7340fa552,1.7300000190734863,1.3940701484680176,-0.33592987060546875,0.33592987060546875
2,651,0904ee61e0c06eb08af6a9a7,0.886056661605835,0.8483231067657471,-0.03773355484008789,0.03773355484008789
2,652,d76f2e10a2de91d1f7a9e54d,4.537601947784424,4.334568023681641,-0.2030339241027832,0.2030339241027832
2,653,7b785fdee6fb5aff489e89ae,4.107348918914795,3.8639018535614014,-0.24344706535339355,0.24344706535339355
2,654,7fdb6a849162ff8883a64841,-1.6414741277694702,-1.3772897720336914,0.2641843557357788,0.2641843557357788
2,655,603aa66f29a0ff4ada30d9b8,1.7300000190734863,1.4420630931854248,-0.2879369258880615,0.2879369258880615
2,656,e0babe88eb5108a6e6842675,1.3885976076126099,2.3302741050720215,0.9416764974594116,0.9416764974594116
2,657,f66723e11f53bb647bd65c2b,3.92081880569458,3.295337438583374,-0.625481367111206,0.625481367111206
2,658,0c8d5bb18e8e1e09cb72b506,2.069999933242798,1.7319867610931396,-0.3380131721496582,0.3380131721496582
2,659,e62f4bafc4480463906a1b1f,1.8798789978027344,2.5006582736968994,0.620779275894165,0.620779275894165
2,660,2924c3e6a2aa082858835051,0.18000000715255737,1.6186463832855225,1.4386463165283203,1.4386463165283203
2,661,a3ebb4d9e32343271cdadf85,0.3799999952316284,1.0207916498184204,0.640791654586792,0.640791654586792
2,662,5911b5debd9d43702ecc1e9d,0.8218914270401001,3.090883493423462,2.2689919471740723,2.2689919471740723
2,663,42eedbf1961d18915a3e35d2,4.337242126464844,3.998931407928467,-0.33831071853637695,0.33831071853637695
2,664,ecf733b161b8e267466e3de8,2.0,1.597517967224121,-0.4024820327758789,0.4024820327758789
2,665,eb55795426b7c65485201397,2.267878293991089,2.103634834289551,-0.16424345970153809,0.16424345970153809
2,666,e1728599c8c14711515e758e,1.6799999475479126,1.8222410678863525,0.14224112033843994,0.14224112033843994
2,667,2c94429d11480e2117a10281,2.109999895095825,2.583538055419922,0.4735381603240967,0.4735381603240967
2,668,d1c5dca61e8191cc8119cb91,1.4107129573822021,3.248213052749634,1.8375000953674316,1.8375000953674316
2,669,de8fccb68a6da1912a367331,0.8239087462425232,1.1346251964569092,0.310716450214386,0.310716450214386
2,670,5ea0bc84598111d981d84028,4.750068187713623,4.413555145263672,-0.33651304244995117,0.33651304244995117
2,671,3df9d97db5e7ee5d92b84a8f,2.102372884750366,1.2077897787094116,-0.8945831060409546,0.8945831060409546
2,672,c3734cf3853299491fef2879,2.70465350151062,3.3639330863952637,0.6592795848846436,0.6592795848846436
2,673,57ded5f2ac9e2537d5d414b9,0.35127416253089905,1.4792940616607666,1.12801992893219,1.12801992893219
2,674,fcb1bd31c934fe150547cdf7,0.7900000214576721,1.5168874263763428,0.7268874049186707,0.7268874049186707
2,675,253be6f9b654ba98d8d20eb4,0.6899999976158142,1.1038706302642822,0.413870632648468,0.413870632648468
2,676,452ab1fc7f94b5006af829cc,0.886056661605835,0.8483231067657471,-0.03773355484008789,0.03773355484008789
2,677,750b15f681f0a939cb3e566e,1.809999942779541,1.8767874240875244,0.0667874813079834,0.0667874813079834
2,678,7e5c24b273da903007f93a21,4.823908805847168,4.099879264831543,-0.724029541015625,0.724029541015625
2,679,5c6b888ada47eb8dd1f727b0,1.2200000286102295,1.5530188083648682,0.33301877975463867,0.33301877975463867
2,680,22927b1cc4159ad9b7d3dad6,3.4685211181640625,3.8639016151428223,0.39538049697875977,0.39538049697875977
2,681,cc6164b5b157485ec87988d4,2.689955472946167,2.3460497856140137,-0.3439056873321533,0.3439056873321533
2,682,8c49ac95357a7907f55b2ff7,-0.6901960968971252,0.230509415268898,0.9207054972648621,0.9207054972648621
2,683,7464e12c6a35536e97c00684,1.9299999475479126,2.35678768157959,0.42678773403167725,0.42678773403167725
2,684,d0910de608b24b5d835802e0,2.050610065460205,2.2201623916625977,0.16955232620239258,0.16955232620239258
2,685,b9c02ddcc8c6db8fa6c45703,1.7300000190734863,1.3525469303131104,-0.377453088760376,0.377453088760376
2,686,02ca8055a5d44bab77537dc0,2.3767507076263428,2.0956668853759766,-0.2810838222503662,0.2810838222503662
2,687,8b7571ace798231cbb767b3b,0.6200000047683716,1.172081708908081,0.5520817041397095,0.5520817041397095
2,688,e1fc45c9072c4a8ee2596388,0.5638373494148254,0.5351333618164062,-0.02870398759841919,0.02870398759841919
2,689,ab51acabf1b40b20fd2382fc,3.0,2.8819327354431152,-0.11806726455688477,0.11806726455688477
2,690,fdf54e2d0f255ebfc1447115,2.140000104904175,1.7727611064910889,-0.36723899841308594,0.36723899841308594
2,691,d7c45dcad7629e48d5798e3b,1.059999942779541,0.7630708813667297,-0.2969290614128113,0.2969290614128113
2,692,bbf3f938a2f32acc58f6127f,1.5299999713897705,2.465872287750244,0.9358723163604736,0.9358723163604736
2,693,06aa6b7c5cd37756e8df82ab,2.363178014755249,2.1103174686431885,-0.25286054611206055,0.25286054611206055
2,694,7091310b1aaa58cfbaab2bb0,1.840000033378601,2.211456298828125,0.3714562654495239,0.3714562654495239
2,695,c972227fe7b89295fd050c85,1.3300000429153442,1.4050856828689575,0.07508563995361328,0.07508563995361328
2,696,cb81f8a27e63ffd6edf5a861,1.309999942779541,1.5342762470245361,0.22427630424499512,0.22427630424499512
2,697,05bd27daeaa0ce3a28d67a2a,1.909999966621399,2.26424503326416,0.35424506664276123,0.35424506664276123
2,698,b61034d3b0bc0c0d3d274637,3.286789655685425,2.583618402481079,-0.7031712532043457,0.7031712532043457
2,699,7c699592cd58ff1d17a46db9,1.221848726272583,1.3054161071777344,0.08356738090515137,0.08356738090515137
2,700,c66a4a42f3035acd3626ba0f,0.38999998569488525,1.16841459274292,0.7784146070480347,0.7784146070480347
2,701,a09423b84cc19cdf377d5406,2.630000114440918,2.6474480628967285,0.017447948455810547,0.017447948455810547
2,702,131feb7d90744d89099da821,2.140000104904175,2.1576733589172363,0.017673254013061523,0.017673254013061523
2,703,4d3b989a6d21fa8753dbdc0f,0.4528408646583557,1.847629189491272,1.3947882652282715,1.3947882652282715
2,704,2e77d2008a46f4a84ca81d56,1.5200001001358032,1.2808303833007812,-0.23916971683502197,0.23916971683502197
2,705,8d487a3b14500ddb00863176,1.6699999570846558,1.1348798274993896,-0.5351201295852661,0.5351201295852661
2,706,808fd5632dd0fd9a175138ec,0.7099999785423279,0.9093948602676392,0.19939488172531128,0.19939488172531128
2,707,bc976d730e3538116d414e09,0.7471469640731812,1.2458760738372803,0.4987291097640991,0.4987291097640991
2,708,7c883450d88a0c66ddf081c3,1.9199999570846558,2.3450064659118652,0.4250065088272095,0.4250065088272095
2,709,516d9a10d9367e89bdb0a81d,1.6399999856948853,1.6837396621704102,0.0437396764755249,0.0437396764755249
2,710,57c06646f3206c7788cd4009,1.0,0.5548627376556396,-0.44513726234436035,0.44513726234436035
2,711,07a5a4e9f44d29a9e4f40bc5,1.3300000429153442,1.1616828441619873,-0.16831719875335693,0.16831719875335693
2,712,8b8b9cd550b53ad8200eb920,2.009999990463257,1.2361478805541992,-0.7738521099090576,0.7738521099090576
2,713,21378f3ed9a942c4d6612563,2.7878124713897705,2.7223715782165527,-0.06544089317321777,0.06544089317321777
2,714,b6986b94a8893015f4fe8076,0.8239087462425232,1.1346251964569092,0.310716450214386,0.310716450214386
2,715,55768550738b5058a42bca59,1.4700000286102295,1.8121767044067383,0.3421766757965088,0.3421766757965088
2,716,97cfa8bc3f00a0429312781e,1.059999942779541,1.2115535736083984,0.15155363082885742,0.15155363082885742
2,717,63993f0261d1ad3477c12a5c,2.0399999618530273,1.7018158435821533,-0.338184118270874,0.338184118270874
2,718,9b3387700845348fafb39898,1.6699999570846558,1.5339947938919067,-0.13600516319274902,0.13600516319274902
2,719,a90fe31c96c23b3a3c64d9df,3.062147855758667,2.368340492248535,-0.6938073635101318,0.6938073635101318
2,720,6b2dbfd3573eb6528d5ef2d9,3.5016894340515137,2.4016599655151367,-1.100029468536377,1.100029468536377
2,721,0096158b9af3799fed76b72e,1.3200000524520874,1.439717411994934,0.11971735954284668,0.11971735954284668
2,722,4ebd05844e932dcf93315a83,1.148741602897644,1.160409927368164,0.01166832447052002,0.01166832447052002
2,723,26cda23288c93edc6d5d304e,0.9599999785423279,1.3895180225372314,0.42951804399490356,0.42951804399490356
2,724,6937aedcdbca30019437c6d6,3.180000066757202,2.351926803588867,-0.828073263168335,0.828073263168335
2,725,2d3d635e092cdd0d106f5cc4,3.6777806282043457,3.3311221599578857,-0.34665846824645996,0.34665846824645996
2,726,58d63ea1f80e5d31407fb94e,2.5934598445892334,1.5508968830108643,-1.0425629615783691,1.0425629615783691
2,727,4fb048b7895a4e7a03226bd2,0.3979400098323822,0.921840488910675,0.5239005088806152,0.5239005088806152
2,728,186f77ce36f142b4186b51b4,2.299999952316284,0.7216452956199646,-1.5783545970916748,1.5783545970916748
2,729,bb0b6392c3464d4b69843099,3.441291332244873,2.0332610607147217,-1.4080302715301514,1.4080302715301514
2,730,919669fc4cb25e82f07f3728,0.699999988079071,1.187830924987793,0.4878309369087219,0.4878309369087219
2,731,5fd61fa63160d101cc1faf3a,3.10001540184021,4.330074310302734,1.2300589084625244,1.2300589084625244
2,732,165fb974514fb8c7589790cf,0.7471469640731812,1.2439463138580322,0.4967993497848511,0.4967993497848511
2,733,c80c155443b94b083af87edf,2.109999895095825,1.7409751415252686,-0.36902475357055664,0.36902475357055664
2,734,046d0eecef06f6691d6810dc,0.8799999952316284,0.9436143040657043,0.06361430883407593,0.06361430883407593
2,735,7b64b033188e097fe4e02f78,1.292429804801941,0.6537835597991943,-0.6386462450027466,0.6386462450027466
2,736,c069b586b1977af00db9431e,2.0199999809265137,2.104443311691284,0.08444333076477051,0.08444333076477051
2,737,98d67416b69ccb4b29ba27f4,1.7151182889938354,1.6871187686920166,-0.027999520301818848,0.027999520301818848
2,738,b1aab20d9194f2c523e92c78,1.6399999856948853,1.0495344400405884,-0.5904655456542969,0.5904655456542969
2,739,1f8ded1a1ac17de772db2716,3.0705809593200684,2.4591474533081055,-0.6114335060119629,0.6114335060119629
2,740,9b78bedc40e0ec0d33ecb158,1.899999976158142,1.4090778827667236,-0.49092209339141846,0.49092209339141846
2,741,64dcd42928984082a0957d87,1.2999999523162842,1.7069299221038818,0.40692996978759766,0.40692996978759766
2,742,7e91949728f4bddce2b4507d,1.3700000047683716,2.129979133605957,0.7599791288375854,0.7599791288375854
2,743,fe6134f11d713da9727d1435,4.207608222961426,4.368003845214844,0.16039562225341797,0.16039562225341797
2,744,7f2edfbc0621c67213dd9e60,1.100000023841858,2.0536327362060547,0.9536327123641968,0.9536327123641968
2,745,a21c49c17be06f32ae3f11e5,0.9900000095367432,0.8767427802085876,-0.11325722932815552,0.11325722932815552
2,746,9c71e37fe37de69509ea937e,0.8399999737739563,1.5857263803482056,0.7457264065742493,0.7457264065742493
2,747,f73416772ae4dc5c169ac9be,0.6200000047683716,1.1455671787261963,0.5255671739578247,0.5255671739578247
2,748,f19be8db460a6cad93aec757,1.600000023841858,1.674433946609497,0.07443392276763916,0.07443392276763916
2,749,03823df02194c7837f5c25ef,1.909999966621399,2.2928667068481445,0.3828667402267456,0.3828667402267456
2,750,29965611d003fad9a39f79ea,2.359999895095825,2.2832369804382324,-0.07676291465759277,0.07676291465759277
2,751,351f359f480cb5ba26b5719a,1.0399999618530273,1.570970058441162,0.5309700965881348,0.5309700965881348
2,752,112e71e207c979e18001d49e,3.4685211181640625,1.8169541358947754,-1.651566982269287,1.651566982269287
2,753,0e0ad1b47f8437bb327e8850,3.3581511974334717,3.352591037750244,-0.005560159683227539,0.005560159683227539
2,754,ff65e47989ae4705de34b0c9,1.366531491279602,1.63028883934021,0.2637573480606079,0.2637573480606079
2,755,ffe37b909b1e9e98440e0086,1.940000057220459,1.2200162410736084,-0.7199838161468506,0.7199838161468506
2,756,7d2d000bfb8c1a30263e01a9,1.340000033378601,1.039703369140625,-0.3002966642379761,0.3002966642379761
2,757,ab769899fe69636857337cdc,0.4699999988079071,0.6407127976417542,0.17071279883384705,0.17071279883384705
2,758,9baf3bb3b019964e6d80a7f4,4.360015869140625,4.126164436340332,-0.23385143280029297,0.23385143280029297
2,759,781963cac007b177c45b46c0,2.569999933242798,3.695570230484009,1.125570297241211,1.125570297241211
2,760,427fe390eab32f531a398a10,2.091515064239502,3.3212320804595947,1.2297170162200928,1.2297170162200928
2,761,222641bcbf013927a71586b2,0.699999988079071,1.1298874616622925,0.42988747358322144,0.42988747358322144
2,762,7d30d7e7e9b6f729cc866f72,3.165579319000244,2.143998384475708,-1.0215809345245361,1.0215809345245361
2,763,867787de0a59c29f6fb92a45,1.8010300397872925,1.1861951351165771,-0.6148349046707153,0.6148349046707153
2,764,8bdd622712dff01678c02268,1.3010300397872925,1.7906609773635864,0.48963093757629395,0.48963093757629395
2,765,87df1573a23547516f4ad92d,0.9800000190734863,2.1411075592041016,1.1611075401306152,1.1611075401306152
2,766,9e3e146041c0c3b6c4dc2638,2.109999895095825,2.31954288482666,0.20954298973083496,0.20954298973083496
2,767,99f69e225d8bfc94b77145eb,1.0099999904632568,1.1036298274993896,0.09362983703613281,0.09362983703613281
2,768,c55d03a9f8429626243d59ec,-0.15000000596046448,1.4374362230300903,1.5874361991882324,1.5874361991882324
2,769,4e2d49c3e2f2eef3263a7600,2.8013429641723633,2.0364036560058594,-0.7649393081665039,0.7649393081665039
2,770,2cf80fe0059aa844e98218cc,1.850000023841858,1.4913623332977295,-0.3586376905441284,0.3586376905441284
2,771,24a99ec31564d5dcf3f577b5,1.5499999523162842,1.9851408004760742,0.43514084815979004,0.43514084815979004
2,772,d446555c1c53f4cb5ce92166,3.200000047683716,2.574397087097168,-0.6256029605865479,0.6256029605865479
2,773,22d547bb587210c6665f391e,1.5399999618530273,1.869096279144287,0.32909631729125977,0.32909631729125977
2,774,d5c1dcfc38cd67f23b0e0c65,1.840000033378601,1.9251807928085327,0.08518075942993164,0.08518075942993164
2,775,05e68f1ed86477d5a7fed0a2,3.8961963653564453,4.15819787979126,0.26200151443481445,0.26200151443481445
2,776,98def978dbbf506f59ebba78,1.2142912149429321,1.4443217515945435,0.23003053665161133,0.23003053665161133
2,777,9061cc68c46eec99b1e31d72,0.2800000011920929,0.2687080502510071,-0.011291950941085815,0.011291950941085815
2,778,30d3b93191e2868fd880bb52,3.31575345993042,3.456221580505371,0.14046812057495117,0.14046812057495117
2,779,39ba9bb1dc3df9815efc83eb,1.3899999856948853,1.7448053359985352,0.3548053503036499,0.3548053503036499
2,780,09b9ff3534972be55c15fd3d,1.4497716426849365,1.2808303833007812,-0.16894125938415527,0.16894125938415527
2,781,caca21213d597693aac10b83,2.9788107872009277,3.0395448207855225,0.06073403358459473,0.06073403358459473
2,782,0a84070b0313208731a71360,0.3700000047683716,1.302704095840454,0.9327040910720825,0.9327040910720825
2,783,256c76d6abc5aa7ca8c908d8,3.062147855758667,1.9694390296936035,-1.0927088260650635,1.0927088260650635
2,784,9d537748dce51587ed890e8c,2.390000104904175,2.0338783264160156,-0.3561217784881592,0.3561217784881592
2,785,58554a4122607a6a1668eb9a,3.3565473556518555,2.5603928565979004,-0.7961544990539551,0.7961544990539551
2,786,24a8d0658a64d775b08b1a94,0.4099999964237213,0.5700972080230713,0.16009721159934998,0.16009721159934998
2,787,03c95e1ff4fdd8fbc4bc6a05,0.7958800196647644,1.567907452583313,0.7720274329185486,0.7720274329185486
2,788,6e0b3f0584ab81147b018a0c,2.1600000858306885,1.4058127403259277,-0.7541873455047607,0.7541873455047607
2,789,f00f6bd8c8165e148388c045,1.7599999904632568,2.261223316192627,0.5012233257293701,0.5012233257293701
2,790,1d64c2aeec0ef4721ac32978,0.3665315508842468,1.8668954372406006,1.500363826751709,1.500363826751709
2,791,08315ae49ce0170c752101e4,1.9586073160171509,0.3706323504447937,-1.587975025177002,1.587975025177002
2,792,e076aaaa8c9367f19fb590d6,1.6799999475479126,1.6522407531738281,-0.027759194374084473,0.027759194374084473
2,793,1a59ce268b85b16a8790222b,3.2200000286102295,3.5754337310791016,0.35543370246887207,0.35543370246887207
2,794,e986f16eef9d1fd12c669511,1.850000023841858,2.2891111373901367,0.4391111135482788,0.4391111135482788
2,795,b10b45f95462d056f1d243a5,4.098541736602783,4.3768310546875,0.2782893180847168,0.2782893180847168
2,796,71c885ad8b4dd00df449f6f5,2.275724172592163,1.427464246749878,-0.8482599258422852,0.8482599258422852
2,797,29193291935dae15593ddd02,2.7300000190734863,3.0365488529205322,0.3065488338470459,0.3065488338470459
2,798,8c2049eae73daf48bc3c5a9f,0.9208187460899353,1.2028619050979614,0.2820431590080261,0.2820431590080261
2,799,9086dbe1a1d40c72aa7d18b5,2.1415395736694336,2.2438302040100098,0.10229063034057617,0.10229063034057617
2,800,64dfc3bea95e63d631fa09e6,1.0099999904632568,0.825519323348999,-0.1844806671142578,0.1844806671142578
2,801,6284be63e6b042999da5dd33,0.3400000035762787,1.5064823627471924,1.1664823293685913,1.1664823293685913
2,802,44fb35da7b4053db6e7a30ab,1.5299999713897705,1.3851661682128906,-0.14483380317687988,0.14483380317687988
2,803,f3178441ec31f8a2c371c4d1,3.0,2.4214468002319336,-0.5785531997680664,0.5785531997680664
2,804,266e8a22b7225f4748dd53fb,3.4993972778320312,3.4849603176116943,-0.014436960220336914,0.014436960220336914
2,805,ed98bf9d099ff2102594cb99,0.5,0.5690967440605164,0.06909674406051636,0.06909674406051636
2,806,7f26e711f81146c744da629d,1.2000000476837158,1.6216342449188232,0.4216341972351074,0.4216341972351074
2,807,2d8cb7fd11b5a5bdb985c422,4.397940158843994,2.4487342834472656,-1.9492058753967285,1.9492058753967285
2,808,cac59008ed5cccbe9b8b652c,1.850000023841858,1.4768452644348145,-0.37315475940704346,0.37315475940704346
2,809,9564d6d95adf3433514be5a3,4.301030158996582,4.181108474731445,-0.11992168426513672,0.11992168426513672
2,810,08e121cca11b70534b06be50,2.2596373558044434,0.6991539001464844,-1.560483455657959,1.560483455657959
2,811,908e754fdc23917b0824683a,3.9330520629882812,3.437325954437256,-0.4957261085510254,0.4957261085510254
2,812,7b29c738d73baae46158e290,2.490000009536743,1.528915524482727,-0.9610844850540161,0.9610844850540161
2,813,beb83df0cd51b55398d33404,1.3799999952316284,1.7758564949035645,0.39585649967193604,0.39585649967193604
2,814,1578108349534c49d9ef8c1e,1.4700000286102295,1.413595199584961,-0.056404829025268555,0.056404829025268555
2,815,16a0915b0644f34b0c15ecf4,0.7099999785423279,1.00166654586792,0.29166656732559204,0.29166656732559204
2,816,a12730f3c1ee95b954225381,0.5299999713897705,1.981762409210205,1.4517624378204346,1.4517624378204346
2,817,18041ca5349ffccef8f8e538,1.3700000047683716,2.4421088695526123,1.0721088647842407,1.0721088647842407
2,818,13ff8baae34588407d887ec6,1.9256986379623413,1.721024990081787,-0.2046736478805542,0.2046736478805542
2,819,3d1c5409fc48296d609c9276,1.6200000047683716,1.97031831741333,0.3503183126449585,0.3503183126449585
2,820,3274dff89311214c256bc28a,1.7100000381469727,1.7535357475280762,0.043535709381103516,0.043535709381103516
2,821,94de5b0a618043e9a7dbe06f,0.6100000143051147,1.2303180694580078,0.6203180551528931,0.6203180551528931
2,822,5c8a9974fa27f72e96823c96,2.390000104904175,2.515551805496216,0.12555170059204102,0.12555170059204102
2,823,b83db74ad10f66f2091a318f,1.2400000095367432,2.3666176795959473,1.126617670059204,1.126617670059204
2,824,349ea651d5775c4f6583dcef,2.4000000953674316,1.568458914756775,-0.8315411806106567,0.8315411806106567
2,825,875fc1eed7e3d0f1ba3f4eca,4.067526340484619,3.847128391265869,-0.22039794921875,0.22039794921875
2,826,e0c7b74adc177f623b46975c,1.5199999809265137,2.3253531455993652,0.8053531646728516,0.8053531646728516
2,827,3d8c8f93e80e7b74235d227f,2.0199999809265137,1.9989805221557617,-0.021019458770751953,0.021019458770751953
2,828,c730d9eb58219a52d4794903,4.096909999847412,4.281956195831299,0.18504619598388672,0.18504619598388672
2,829,769c5d3b39f6504df6b37084,0.6200000047683716,0.9617213010787964,0.3417212963104248,0.3417212963104248
2,830,62dc82c6de4a92f5fad55a40,1.2999999523162842,1.9865131378173828,0.6865131855010986,0.6865131855010986
2,831,c3a9459daf277bd66a819781,4.4202165603637695,4.460721492767334,0.04050493240356445,0.04050493240356445
2,832,1952f05ec424d5c9c74ce0f1,1.8200000524520874,2.1587533950805664,0.338753342628479,0.338753342628479
2,833,2a1aa5f431ecf319fb69d368,0.41999998688697815,1.8072141408920288,1.387214183807373,1.387214183807373
2,834,e4662b44e40481ca92d1bdd5,1.5800000429153442,1.6655099391937256,0.08550989627838135,0.08550989627838135
2,835,90dc6fdd6de517d1e1a05df8,0.47999998927116394,0.9914242029190063,0.51142418384552,0.51142418384552
2,836,08a1caa964154226dfb1a28f,2.119999885559082,2.4462006092071533,0.3262007236480713,0.3262007236480713
2,837,be35b824134e1a1f3990bb1f,1.0700000524520874,0.7757503986358643,-0.29424965381622314,0.29424965381622314
2,838,72d7147112d3e734204d586c,2.664207935333252,3.232025623321533,0.5678176879882812,0.5678176879882812
2,839,622fdbf0b026ad3eecde62d1,1.3300000429153442,0.9710562229156494,-0.3589438199996948,0.3589438199996948
2,840,50f45b5274ab3a476957943d,0.1191864088177681,1.9986982345581055,1.879511833190918,1.879511833190918
2,841,02002949c087090d76afbde1,1.4800000190734863,1.0740065574645996,-0.4059934616088867,0.4059934616088867
2,842,2eee91f37eb17380042277e1,0.49000000953674316,1.5019770860671997,1.0119770765304565,1.0119770765304565
2,843,ab48727b817927048744dd23,3.0299999713897705,3.4344325065612793,0.4044325351715088,0.4044325351715088
2,844,b92871b1258eec44745a450f,1.7300000190734863,1.443641185760498,-0.2863588333129883,0.2863588333129883
2,845,ec882e01e9458bb52ff0a65a,1.169411301612854,1.562896966934204,0.3934856653213501,0.3934856653213501
2,846,3ad3cc735a1e9a4f9eecd813,2.0199999809265137,1.1115151643753052,-0.9084848165512085,0.9084848165512085
2,847,2bad21bca08707cb2ed449a7,0.41999998688697815,0.8010112047195435,0.3810112178325653,0.3810112178325653
2,848,bb4ed15f86c7bebf35091224,3.744727611541748,4.119808197021484,0.37508058547973633,0.37508058547973633
2,849,3dcb477b59ee63b7ed9c6047,1.5299999713897705,2.447451114654541,0.9174511432647705,0.9174511432647705
2,850,aa0157ab8fe96366102dbcbd,0.9599999785423279,1.0475213527679443,0.08752137422561646,0.08752137422561646
2,851,f8fea7e92be17c40786b09c5,3.823908805847168,2.129232883453369,-1.6946759223937988,1.6946759223937988
2,852,48fa098cd51d9bed6c931e9e,1.2699999809265137,2.445974826812744,1.1759748458862305,1.1759748458862305
2,853,53b403e54c844a6533345f35,1.5399999618530273,1.3446531295776367,-0.19534683227539062,0.19534683227539062
2,854,4ff4fddbe4e9da580379c02c,1.6699999570846558,1.8619954586029053,0.1919955015182495,0.1919955015182495
2,855,0613b42f16c9b096f84cd294,0.8239087462425232,1.1346251964569092,0.310716450214386,0.310716450214386
2,856,506af17d20e3dd713589f9b0,1.4199999570846558,0.8101954460144043,-0.6098045110702515,0.6098045110702515
2,857,f58857e2731ad8493dda3311,3.221848726272583,2.759298086166382,-0.46255064010620117,0.46255064010620117
2,858,c49eac529c0fc4a85f10b787,0.5600000023841858,2.2155284881591797,1.6555285453796387,1.6555285453796387
2,859,604e6090d2ba97ef543fdd3d,1.5228787660598755,1.74080228805542,0.21792352199554443,0.21792352199554443
2,860,54c86b90b4b608867ad21d85,0.9208187460899353,1.4564590454101562,0.535640299320221,0.535640299320221
2,861,154159f68ec21a3753caf01a,1.2899999618530273,1.5703037977218628,0.28030383586883545,0.28030383586883545
2,862,4a7ab1d8e227d1330ab76451,2.569999933242798,2.6720240116119385,0.10202407836914062,0.10202407836914062
2,863,43634d22a4a7f729def05850,1.2200000286102295,0.8989170789718628,-0.3210829496383667,0.3210829496383667
2,864,7c3902a377fa4022058b3fb9,0.6700000166893005,1.2734971046447754,0.6034970879554749,0.6034970879554749
2,865,0d59a04846f1129cba15aca8,2.2300000190734863,2.012601375579834,-0.21739864349365234,0.21739864349365234
2,866,59abe1b96c38885da37e7a3c,1.3799999952316284,2.5542709827423096,1.1742709875106812,1.1742709875106812
2,867,8cbc1a9f40a1d1dbc8d03066,0.4699999988079071,0.9685863256454468,0.4985863268375397,0.4985863268375397
2,868,4ec520756e07c1dca47a5d19,2.744727611541748,2.9171314239501953,0.17240381240844727,0.17240381240844727
2,869,885a2c09ba3cc2476517a37a,1.2300000190734863,1.1246702671051025,-0.10532975196838379,0.10532975196838379
2,870,fa83854ad628861387f830d3,4.207608222961426,2.8544328212738037,-1.353175401687622,1.353175401687622
2,871,40730d46fac8fecbeb93432c,0.9300000071525574,1.5962655544281006,0.6662655472755432,0.6662655472755432
2,872,bcc2957265900c7d5d0ae1d6,1.9800000190734863,1.6082104444503784,-0.3717895746231079,0.3717895746231079
2,873,1b7fb14d602934d51ddbf244,0.7400000095367432,0.8148234486579895,0.07482343912124634,0.07482343912124634
2,874,3641c1b54db19e37bb1cd628,-1.5206964015960693,-0.8498107194900513,0.6708856821060181,0.6708856821060181
2,875,4c18dc84b9bc83c3e072ab69,2.0999999046325684,2.536813735961914,0.4368138313293457,0.4368138313293457
2,876,052849b95bb85584d3f56fe8,1.568636178970337,1.4641180038452148,-0.10451817512512207,0.10451817512512207
2,877,e545e1f5743ed586383c95ef,1.440000057220459,1.715320348739624,0.27532029151916504,0.27532029151916504
2,878,5a6715c1744624a442f5d004,2.25,3.11392879486084,0.8639287948608398,0.8639287948608398
2,879,815a933d7d57b47d085ae741,2.1600000858306885,2.3286023139953613,0.16860222816467285,0.16860222816467285
2,880,dc4ea61edd0140985b0108b9,2.8013429641723633,2.6828255653381348,-0.11851739883422852,0.11851739883422852
2,881,99262404fa5642632bf34cb5,2.585026741027832,2.6652822494506836,0.08025550842285156,0.08025550842285156
2,882,0b5f5ba3b7cb63f722c3b52d,1.0399999618530273,1.7053685188293457,0.6653685569763184,0.6653685569763184
2,883,22dda5330b1a6a57c149691f,1.4500000476837158,2.0896201133728027,0.6396200656890869,0.6396200656890869
2,884,30cb32b0cb4fcddaf2b6e598,4.524328708648682,2.8473660945892334,-1.6769626140594482,1.6769626140594482
2,885,786b1f1c7b13afd0603207fb,0.5899999737739563,0.789371907711029,0.19937193393707275,0.19937193393707275
2,886,a3c1a3bfeb182631996c6c7b,0.5951662659645081,1.3002476692199707,0.7050814032554626,0.7050814032554626
2,887,d1c2b1812ba56f894d03e326,2.3216638565063477,1.9160958528518677,-0.40556800365448,0.40556800365448
2,888,01b2f4eb4caf2c46e988a968,2.562685489654541,2.5244085788726807,-0.03827691078186035,0.03827691078186035
2,889,39b98ba8462352492150ec79,0.7799999713897705,0.4909766912460327,-0.2890232801437378,0.2890232801437378
2,890,4facacf42b56b5dfffffa10f,1.3036435842514038,1.4443217515945435,0.14067816734313965,0.14067816734313965
2,891,5e1012d05f4746a40aa3dbbe,1.6020599603652954,1.1861951351165771,-0.41586482524871826,0.41586482524871826
2,892,0b266dd0fb9d7267d577e23c,2.397939920425415,2.152468204498291,-0.24547171592712402,0.24547171592712402
2,893,7a2b657b3686f32c763a40fd,2.759999990463257,2.2174415588378906,-0.5425584316253662,0.5425584316253662
2,894,24ff6eba35bf7bd2149945a8,1.7819342613220215,2.2108962535858154,0.42896199226379395,0.42896199226379395
2,895,7ab4ba7a9e747a5e26f172cd,0.886056661605835,0.8483231067657471,-0.03773355484008789,0.03773355484008789
2,896,55ce5a87ee80e29f3acc7380,0.9700000286102295,0.3725404143333435,-0.597459614276886,0.597459614276886
2,897,ab3349087e4e5c76eb3160b2,4.055517196655273,3.789069652557373,-0.2664475440979004,0.2664475440979004
2,898,c7d10a5ec04ee6e4550ed08c,1.190000057220459,1.2350002527236938,0.04500019550323486,0.04500019550323486
2,899,e62a6a0b64308cdbd6fa9360,0.46000000834465027,0.8771606683731079,0.41716066002845764,0.41716066002845764
2,900,311fe8dae2e68ea0705b7b8e,3.2700257301330566,3.4523181915283203,0.18229246139526367,0.18229246139526367
2,901,93f01594c9f6ee7ac38e834e,1.0,1.4067012071609497,0.4067012071609497,0.4067012071609497
2,902,e4e7ee99e3a70dbe8aa373bb,1.2699999809265137,0.9745464324951172,-0.2954535484313965,0.2954535484313965
2,903,e0070c3433fdf53c5e2bb527,0.8799999952316284,1.6142255067825317,0.7342255115509033,0.7342255115509033
2,904,473feb2baf1839888877ff6f,1.190000057220459,1.0452773571014404,-0.14472270011901855,0.14472270011901855
2,905,81fc40ab32c61fcff964eda9,1.0700000524520874,1.1772381067276,0.1072380542755127,0.1072380542755127
2,906,abc9cb726e0bf79be11e9f70,3.0299999713897705,1.4474132061004639,-1.5825867652893066,1.5825867652893066
2,907,6e3c22ada30b9621df5e3458,2.060480833053589,2.203547239303589,0.14306640625,0.14306640625
2,908,7cfabae3d278ffa86ee21a88,4.251811981201172,3.6214656829833984,-0.6303462982177734,0.6303462982177734
2,909,a3d63e7a0d3bde870711ebaf,-1.1461280584335327,-0.6384493112564087,0.507678747177124,0.507678747177124
2,910,7509be868cb8a20fd5b267d0,0.38999998569488525,0.8018840551376343,0.411884069442749,0.411884069442749
2,911,321d117a6635d0cfc9970b98,3.0299999713897705,0.9763009548187256,-2.053699016571045,2.053699016571045
2,912,a30d99e0a57da5a37c0a82ef,0.7340524196624756,1.2028619050979614,0.46880948543548584,0.46880948543548584
2,913,7b2168cfc39dc01da5714ab2,4.193819999694824,4.197869300842285,0.0040493011474609375,0.0040493011474609375
2,914,db190ef0f80c22f590784691,1.350000023841858,1.39915132522583,0.04915130138397217,0.04915130138397217
2,915,55203cea3cd60f29f459f12b,2.4000000953674316,1.6560862064361572,-0.7439138889312744,0.7439138889312744
2,916,e46efa838dbbf96883da6056,2.299999952316284,2.617280960083008,0.31728100776672363,0.31728100776672363
2,917,d911176cf8623432b577f13e,0.8299999833106995,1.1890583038330078,0.35905832052230835,0.35905832052230835
2,918,1f83b30c1204b73eb78abdd8,2.508638381958008,3.263101100921631,0.754462718963623,0.754462718963623
2,919,7a9436de412cc576c2f94da3,3.0799999237060547,1.6482537984848022,-1.4317461252212524,1.4317461252212524
2,920,cecc0b191d205898f0c9f617,1.9600000381469727,1.8926458358764648,-0.06735420227050781,0.06735420227050781
2,921,a55abf6f3d24a9d95f5ad225,1.2400000095367432,0.9238699078559875,-0.3161301016807556,0.3161301016807556
2,922,0ac08a7bf35867cd5ea96135,2.2644011974334717,1.900047779083252,-0.3643534183502197,0.3643534183502197
2,923,e6004b922884048fae77bd1a,1.4913617372512817,1.630436897277832,0.1390751600265503,0.1390751600265503
2,924,a86acd22b7c9f729ccc725b2,3.4134128093719482,1.4801247119903564,-1.9332880973815918,1.9332880973815918
2,925,c408050e759878d8e2e577f3,0.75,0.7640783786773682,0.014078378677368164,0.014078378677368164
2,926,e4d12e2913fb02941e22e27c,1.1200000047683716,1.4875330924987793,0.3675330877304077,0.3675330877304077
2,927,c34b96c24451c82816329357,3.387216091156006,3.9930543899536133,0.6058382987976074,0.6058382987976074
2,928,38e62ee47a04ae38be267c43,2.25,2.4004530906677246,0.1504530906677246,0.1504530906677246
2,929,2dd0eea0053b6e64ae3cf5b0,0.8500000238418579,1.425193190574646,0.5751931667327881,0.5751931667327881
2,930,6414cc639dad29c3b6f63d2d,0.949999988079071,0.9852681159973145,0.03526812791824341,0.03526812791824341
2,931,9ff9492e95d6ce9ee5cd382f,2.450000047683716,1.759450912475586,-0.6905491352081299,0.6905491352081299
2,932,fd2c32571fe88d2eb9e33dd8,1.4700000286102295,1.487506628036499,0.01750659942626953,0.01750659942626953
2,933,20c5a8ee23a6b6dc21327ae0,1.1643093824386597,1.3568662405014038,0.19255685806274414,0.19255685806274414
2,934,da790f19dbdf3dd6bce19c96,0.8538719415664673,0.7794109582901001,-0.07446098327636719,0.07446098327636719
2,935,d9fcbfc82178640d3a3d3a8f,2.009999990463257,1.97019362449646,-0.039806365966796875,0.039806365966796875
2,936,2cc4a092a006e29689fa3961,0.8999999761581421,0.866784393787384,-0.03321558237075806,0.03321558237075806
2,937,b1561ae311d36fa3c6a47303,1.4299999475479126,1.5078678131103516,0.07786786556243896,0.07786786556243896
2,938,c0010e6ada1a947d42cdb1a1,1.5,1.8804347515106201,0.3804347515106201,0.3804347515106201
2,939,4c6978b216b815b596e216e2,0.7400000095367432,1.1302521228790283,0.39025211334228516,0.39025211334228516
2,940,b38440e42ed2092efb08575b,1.9600000381469727,1.4530761241912842,-0.5069239139556885,0.5069239139556885
2,941,f02c8e13696ad15cdb7e7aaf,0.9100000262260437,1.2053583860397339,0.2953583598136902,0.2953583598136902
2,942,06df7924bf15e4cd4635c01c,3.119999885559082,2.8800156116485596,-0.23998427391052246,0.23998427391052246
2,943,aa6815a86b4db1536bff5cc6,0.8100000023841858,0.7724874019622803,-0.03751260042190552,0.03751260042190552
2,944,588b9fdb6da61fd59d4dc9f5,3.0,2.8065037727355957,-0.1934962272644043,0.1934962272644043
2,945,1f2ad4d3ec1563471e83326a,1.3300000429153442,1.8699369430541992,0.539936900138855,0.539936900138855
2,946,5a60799fd6dd13d7f0b48a3a,3.4559319019317627,2.5376570224761963,-0.9182748794555664,0.9182748794555664
2,947,9a5760012f3b987434561e37,1.090000033378601,1.1886208057403564,0.09862077236175537,0.09862077236175537
2,948,220157b654f1a8dafe342c0a,3.218151330947876,3.5754337310791016,0.3572824001312256,0.3572824001312256
2,949,977faba15781b9a235db7a9a,1.5199999809265137,2.131425619125366,0.6114256381988525,0.6114256381988525
2,950,00d6421ae3a9e527cd04f342,0.537901759147644,2.577653408050537,2.0397515296936035,2.0397515296936035
2,951,75c5020756a36100b9dd2b20,1.8600000143051147,1.341137409210205,-0.5188626050949097,0.5188626050949097
2,952,a6d2487cf65bc8b0b9fce147,2.009999990463257,2.72737979888916,0.7173798084259033,0.7173798084259033
2,953,8c4e8f15134fafe23ae02a55,1.940000057220459,1.2889728546142578,-0.6510272026062012,0.6510272026062012
2,954,d6ae3d36bd9f08b3b4972cfa,4.045757293701172,4.017756462097168,-0.028000831604003906,0.028000831604003906
2,955,d5d10762bb63c6d7cefd5397,1.443697452545166,1.4990992546081543,0.05540180206298828,0.05540180206298828
2,956,5ce524803f98415b1702bda4,2.609999895095825,1.6788713932037354,-0.9311285018920898,0.9311285018920898
2,957,ae6d712005899ae9242ef11a,1.2911986112594604,1.494862675666809,0.20366406440734863,0.20366406440734863
2,958,6cf831edec5c591b3199f3ed,0.5944828987121582,1.3002476692199707,0.7057647705078125,0.7057647705078125
2,959,5898a331ba17671bf884bc8b,3.9981493949890137,2.6442883014678955,-1.3538610935211182,1.3538610935211182
2,960,49c372e97e2548b4e217341d,1.8600000143051147,1.756737232208252,-0.10326278209686279,0.10326278209686279
2,961,626f07c5d703095f540cfcbc,0.5799999833106995,1.2305909395217896,0.6505909562110901,0.6505909562110901
2,962,a93085b7f2293b843403f4fb,2.07572078704834,1.5234843492507935,-0.5522364377975464,0.5522364377975464
2,963,42c80027dd091352e1be84a5,0.8538719415664673,0.8707948923110962,0.016922950744628906,0.016922950744628906
2,964,d0088dfc3fde1601d4a3c682,0.7599999904632568,1.5804662704467773,0.8204662799835205,0.8204662799835205
2,965,2145bf6d63899d34dea563c4,2.5798003673553467,2.1663103103637695,-0.41349005699157715,0.41349005699157715
2,966,070a809c1c10581eafac6f07,2.5299999713897705,1.8691749572753906,-0.6608250141143799,0.6608250141143799
2,967,79458cb3e2ac53d49450215e,0.8399999737739563,1.1093335151672363,0.26933354139328003,0.26933354139328003
2,968,5080541faa36d35e12a7e811,2.7899999618530273,1.646828532218933,-1.1431714296340942,1.1431714296340942
2,969,105c9f997cd24649f2dce42d,3.431798219680786,3.311966896057129,-0.11983132362365723,0.11983132362365723
2,970,f5f90610d3baf2e43889c7ef,2.0299999713897705,2.544844627380371,0.5148446559906006,0.5148446559906006
2,971,835ab8db3a0c591c02270905,3.6199698448181152,2.4248948097229004,-1.1950750350952148,1.1950750350952148
2,972,1be4d04fbb9bab368f2fcbe1,2.2100000381469727,1.9587898254394531,-0.25121021270751953,0.25121021270751953
2,973,ebd2235c5404f4c0eb13da87,1.440000057220459,1.4763495922088623,0.03634953498840332,0.03634953498840332
2,974,b2fe9e41f81066ab05ccdccd,3.9586071968078613,3.8750853538513184,-0.08352184295654297,0.08352184295654297
2,975,91effb444766304601a69357,1.149999976158142,1.455056071281433,0.305056095123291,0.305056095123291
2,976,0ad7be50dd4f09d45fadef58,1.9700000286102295,2.266629695892334,0.2966296672821045,0.2966296672821045
2,977,fa1e8632f61a36fff12af1d1,2.4353339672088623,1.8540921211242676,-0.5812418460845947,0.5812418460845947
2,978,2c5ae31a4f4267dac9e001d0,1.5376019477844238,3.1181931495666504,1.5805912017822266,1.5805912017822266
2,979,a0afc7ea742ffc1c2829ab35,1.9299999475479126,1.123374342918396,-0.8066256046295166,0.8066256046295166
2,980,65018b0ed44a7cd0bfd07f2d,2.856985092163086,3.548771381378174,0.6917862892150879,0.6917862892150879
2,981,acbf533c9903742f9f48a724,1.6100000143051147,1.5568679571151733,-0.053132057189941406,0.053132057189941406
2,982,37f7a12ddf8041050d7f58bc,1.5355104207992554,1.7788172960281372,0.24330687522888184,0.24330687522888184
2,983,453b68312e86627d78cf6628,1.8191360235214233,1.297672986984253,-0.5214630365371704,0.5214630365371704
2,984,a4a13ba500c7086b501c5de7,0.6600000262260437,1.4870929718017578,0.8270929455757141,0.8270929455757141
2,985,793a0d2c5e60ff2e46574f69,2.869666337966919,2.8740947246551514,0.004428386688232422,0.004428386688232422
2,986,569481a4f1488acaf3547448,-0.7481880187988281,1.7666810750961304,2.514869213104248,2.514869213104248
2,987,79dfe2126d1547086e61f73a,1.1799999475479126,1.5212993621826172,0.3412994146347046,0.3412994146347046
2,988,1c941aba86a642e30a328895,1.6100000143051147,1.8506314754486084,0.24063146114349365,0.24063146114349365
2,989,2c071c28b7f7b5770dbf9792,2.679853677749634,2.251469135284424,-0.42838454246520996,0.42838454246520996
2,990,d588b1235c2442247186941b,1.850000023841858,2.4486496448516846,0.5986496210098267,0.5986496210098267
2,991,3f173982c5455077f22e6b3d,3.4814860820770264,4.147426605224609,0.665940523147583,0.665940523147583
2,992,33e9c2eb1c86d158a702acdc,0.547523558139801,1.271047830581665,0.723524272441864,0.723524272441864
2,993,5eaeba8b2234387f2e216804,3.096909999847412,2.62813138961792,-0.4687786102294922,0.4687786102294922
2,994,d7f031da173daf48beb253f1,1.5228787660598755,1.74080228805542,0.21792352199554443,0.21792352199554443
2,995,55241b044d8384a933a5f0bd,0.5686362385749817,0.7014034986495972,0.13276726007461548,0.13276726007461548
2,996,dcedcc30006f6fd690b0bf56,-0.004321373999118805,2.80427622795105,2.8085975646972656,2.8085975646972656
2,997,7e6f9bf330776837f106a414,3.7695510387420654,2.3786356449127197,-1.3909153938293457,1.3909153938293457
2,998,27bea141fe8cdb312c3b1ce8,1.6699999570846558,2.264983892440796,0.5949839353561401,0.5949839353561401
2,999,99898e86786f222f9a69550e,2.8664610385894775,2.016439437866211,-0.8500216007232666,0.8500216007232666
2,1000,db0a47c1f273f29c268fa29a,3.1600000858306885,2.3905513286590576,-0.7694487571716309,0.7694487571716309
2,1001,ecae9a2685303bb7ea003286,2.7695510387420654,1.6566669940948486,-1.1128840446472168,1.1128840446472168
2,1002,eb74b9575ce985cf77430698,0.5299999713897705,1.024087905883789,0.49408793449401855,0.49408793449401855
2,1003,f5c270d63d8d5d0766a4c710,6.663540363311768,3.69842529296875,-2.9651150703430176,2.9651150703430176
2,1004,0631da832f61d2484288e05f,1.9700000286102295,1.9003430604934692,-0.06965696811676025,0.06965696811676025
2,1005,a5bb22872bc94a83a97682d4,2.2699999809265137,2.256683826446533,-0.013316154479980469,0.013316154479980469
2,1006,88f5b9a9a7abddd83ebe6057,4.481485843658447,4.333745002746582,-0.14774084091186523,0.14774084091186523
2,1007,109f8487b02c1b37a6fa129a,0.9800000190734863,1.5502688884735107,0.5702688694000244,0.5702688694000244
2,1008,d0390910b43defb8482766ce,4.045757293701172,2.2859137058258057,-1.7598435878753662,1.7598435878753662
2,1009,05eb6b1e5343ab5bb9b98bd1,4.0900163650512695,3.899224281311035,-0.19079208374023438,0.19079208374023438
2,1010,95b7a3e81fb88ec2d1ea70c3,1.2100000381469727,1.5017722845077515,0.2917722463607788,0.2917722463607788
2,1011,73f71a56b9d0e4e163e0a00f,1.6399999856948853,1.5607136487960815,-0.07928633689880371,0.07928633689880371
2,1012,b1f8408a7fec0b9450d29e7c,1.3872160911560059,0.8456584215164185,-0.5415576696395874,0.5415576696395874
2,1013,afcbec96bb891fe61ea2d429,0.6100000143051147,1.1902272701263428,0.580227255821228,0.580227255821228
2,1014,a5f0cf06cb29bc51e236666d,4.585026741027832,4.2453203201293945,-0.3397064208984375,0.3397064208984375
2,1015,61a7f382ee84a7316fad067f,1.4900000095367432,1.8142759799957275,0.3242759704589844,0.3242759704589844
2,1016,dc01f91a04c309e698cf8122,1.5499999523162842,1.3942137956619263,-0.1557861566543579,0.1557861566543579
2,1017,9927f61afde4978cc61d2397,2.7300000190734863,2.781494617462158,0.051494598388671875,0.051494598388671875
2,1018,1273a03259bea4efdf364d6e,1.86433744430542,2.134765863418579,0.2704284191131592,0.2704284191131592
2,1019,313a6dfc775ad8d5688f9ed6,3.698970079421997,4.084313869476318,0.3853437900543213,0.3853437900543213
2,1020,62819e18bf642c461bb66af4,1.0564419031143188,0.843425989151001,-0.21301591396331787,0.21301591396331787
2,1021,d13fa7dca9442c4456a7d226,1.0700000524520874,2.092637300491333,1.0226372480392456,1.0226372480392456
2,1022,2ece18a9971e202ea5b6c506,0.07572071254253387,0.7503628730773926,0.6746421456336975,0.6746421456336975
2,1023,d738b4f75073dbe3c00eb6fa,2.0,1.7359707355499268,-0.26402926445007324,0.26402926445007324
2,1024,43969c8151b001f7dbae82dd,0.7400000095367432,1.4482603073120117,0.7082602977752686,0.7082602977752686
2,1025,54ba4b320a781331c05f3738,1.8386319875717163,1.835761547088623,-0.0028704404830932617,0.0028704404830932617
2,1026,b8a9cbd7f2b52503b85345bc,2.049999952316284,1.7743529081344604,-0.27564704418182373,0.27564704418182373
2,1027,9379e7ac4e8c3c053f3cfdba,3.6635403633117676,2.6224255561828613,-1.0411148071289062,1.0411148071289062
2,1028,48480b1e5aae4f87c02ca8c7,0.7958800196647644,1.6780736446380615,0.8821936249732971,0.8821936249732971
2,1029,f4a4dd58004673f03a011b65,1.3700000047683716,1.805649995803833,0.4356499910354614,0.4356499910354614
2,1030,362a58d198c77c57b277e444,0.11999999731779099,2.881012439727783,2.761012554168701,2.761012554168701
2,1031,851edd7ff2ef88f3f7f6d026,0.949999988079071,0.7504910230636597,-0.19950896501541138,0.19950896501541138
2,1032,e8b6a59495d4360f9c8cf10d,1.0800000429153442,1.50486159324646,0.4248615503311157,0.4248615503311157
2,1033,8f712f4bbb2897008cc39944,2.569999933242798,2.767918109893799,0.19791817665100098,0.19791817665100098
2,1034,ef7141d09069cc19fcbe7944,1.5099999904632568,1.1535325050354004,-0.35646748542785645,0.35646748542785645
2,1035,d1d5d8883fe445a56d88d8fb,3.0409586429595947,3.4068830013275146,0.3659243583679199,0.3659243583679199
2,1036,181080702729b29fb43b2857,1.909999966621399,1.4070637226104736,-0.5029362440109253,0.5029362440109253
2,1037,7e0b5f7793468d55cb94ae51,3.4685211181640625,1.7329224348068237,-1.7355986833572388,1.7355986833572388
2,1038,b4491fefebcf7f2d94dcbfb5,3.430000066757202,3.5002200603485107,0.0702199935913086,0.0702199935913086
2,1039,6b723ab1d75d39d0413804ff,2.0299999713897705,1.8410083055496216,-0.18899166584014893,0.18899166584014893
2,1040,54388d74d36325fe55cc25d8,4.268411159515381,4.213232040405273,-0.05517911911010742,0.05517911911010742
2,1041,f804249b898eb8ae3cb63013,2.5301780700683594,2.213233232498169,-0.31694483757019043,0.31694483757019043
2,1042,62c6b636b5360d87630d0db5,2.2596373558044434,0.6991539001464844,-1.560483455657959,1.560483455657959
2,1043,ec1fb43082ec3af9462db3de,1.2699999809265137,1.1422855854034424,-0.1277143955230713,0.1277143955230713
2,1044,2f1a6b2396999d98c5014a87,1.1299999952316284,1.2964693307876587,0.16646933555603027,0.16646933555603027
2,1045,bf32b410471b5c24146a2444,1.309999942779541,1.610102891921997,0.30010294914245605,0.30010294914245605
2,1046,c8050f3b801347f64f375325,0.5099999904632568,1.844706654548645,1.3347066640853882,1.3347066640853882
2,1047,5fb257bce5c82f43dff84349,2.2699999809265137,2.793149948120117,0.5231499671936035,0.5231499671936035
2,1048,8657ad6ff2ab79f15feff526,2.0799999237060547,2.3055973052978516,0.22559738159179688,0.22559738159179688
2,1049,70eb530a7b2fb7b71558463a,2.6700000762939453,1.414844274520874,-1.2551558017730713,1.2551558017730713
2,1050,f1253b5953ff769893df31d6,1.4199999570846558,1.6201311349868774,0.20013117790222168,0.20013117790222168
2,1051,d07618628a81aae40fac4f30,3.7235381603240967,3.5012974739074707,-0.22224068641662598,0.22224068641662598
2,1052,1956c1f8f0b6186a5cf5c37b,0.7699999809265137,1.2243626117706299,0.4543626308441162,0.4543626308441162
2,1053,a66c3a9ad860437ac732748c,1.809999942779541,1.9231685400009155,0.11316859722137451,0.11316859722137451
2,1054,e0d65d050a3467839e88f7fc,0.7400000095367432,1.2718719244003296,0.5318719148635864,0.5318719148635864
2,1055,3c8447c150ee46c183415ead,3.7695510387420654,4.146117210388184,0.37656617164611816,0.37656617164611816
2,1056,3ba9f25d6e6a09e38caebacd,2.050610065460205,2.223771095275879,0.17316102981567383,0.17316102981567383
2,1057,2f6f7f5356567f224d96c11f,3.0199999809265137,2.749624490737915,-0.27037549018859863,0.27037549018859863
2,1058,aa8982e63d0aeb4efa72dc88,0.949999988079071,0.5915695428848267,-0.3584304451942444,0.3584304451942444
2,1059,fe785586d77cd1edd073ed1a,1.7599999904632568,1.7364203929901123,-0.02357959747314453,0.02357959747314453
2,1060,6618c1cf1065b04bc15e162d,3.0299999713897705,2.9242734909057617,-0.10572648048400879,0.10572648048400879
2,1061,6911407a66e15d1ab70ce183,1.3300000429153442,1.4016497135162354,0.07164967060089111,0.07164967060089111
2,1062,716086ba9d5954eb070ed07d,0.8500000238418579,1.2388265132904053,0.38882648944854736,0.38882648944854736
2,1063,64ca3e506c5108f1c807f6d3,2.6441867351531982,2.8735036849975586,0.22931694984436035,0.22931694984436035
2,1064,d6790c9f87e39b9b41c3114e,0.9700000286102295,1.156070351600647,0.18607032299041748,0.18607032299041748
2,1065,845e6eed695ac9fd2b9d4b94,2.8210229873657227,2.4224886894226074,-0.39853429794311523,0.39853429794311523
2,1066,5a8ea911af2e61486ae48a93,4.430041313171387,4.621433258056641,0.1913919448852539,0.1913919448852539
2,1067,3236de4a45622710596c7471,0.8500000238418579,1.2887489795684814,0.43874895572662354,0.43874895572662354
2,1068,a420790c7bdaca6c773370e9,0.699999988079071,1.3820432424545288,0.6820432543754578,0.6820432543754578
2,1069,084e35325ff4db54e24dc9ec,3.9586071968078613,4.034112453460693,0.07550525665283203,0.07550525665283203
2,1070,dbb18fb174e87b9194c1f8fd,2.794119358062744,1.359978199005127,-1.4341411590576172,1.4341411590576172
2,1071,5723808473198bbb2357911a,2.009999990463257,2.4358229637145996,0.4258229732513428,0.4258229732513428
2,1072,47ca6cacd35ae4e4378a0deb,0.4099999964237213,0.7290239334106445,0.3190239369869232,0.3190239369869232
2,1073,32dde5915203a7f2aa665fe5,3.5199999809265137,2.481189727783203,-1.0388102531433105,1.0388102531433105
2,1074,d9ac5e0a7490bbd8ec155864,1.100000023841858,1.7108415365219116,0.6108415126800537,0.6108415126800537
2,1075,6452ec97efea8ac67089573b,4.0,2.6442883014678955,-1.3557116985321045,1.3557116985321045
2,1076,df4c56df0b34f0b2b5b1c8df,1.6299999952316284,1.9896483421325684,0.35964834690093994,0.35964834690093994
2,1077,15d09d7fa7bd2acd34027caf,1.809999942779541,1.8655961751937866,0.055596232414245605,0.055596232414245605
2,1078,ff77f54316ad54ea5425a30c,1.0299999713897705,1.1820080280303955,0.152008056640625,0.152008056640625
2,1079,14ab1ce63de5c99978029f09,-0.892094612121582,1.23628568649292,2.128380298614502,2.128380298614502
2,1080,b90369150b59bbb3468217f8,1.6439741849899292,1.8992444276809692,0.25527024269104004,0.25527024269104004
2,1081,67eed5bf16f8b9e916c020bc,2.059999942779541,2.458120822906494,0.3981208801269531,0.3981208801269531
2,1082,edc88134df8ab4c6ee9015de,0.3565473258495331,0.1528915911912918,-0.20365573465824127,0.20365573465824127
2,1083,dd406b40dd6d5681cd82269e,1.6439741849899292,1.48146390914917,-0.16251027584075928,0.16251027584075928
2,1084,23cc20f58536e60dd021ea34,0.6399999856948853,1.4567434787750244,0.8167434930801392,0.8167434930801392
2,1085,f991ddb6e52398d902a522ef,1.159999966621399,1.5999362468719482,0.4399362802505493,0.4399362802505493
2,1086,bd4c86eeef4828d1d50812ed,1.2699999809265137,2.06826114654541,0.7982611656188965,0.7982611656188965
2,1087,c2dc71046fa3c1d815ea463f,4.823908805847168,2.9042694568634033,-1.9196393489837646,1.9196393489837646
2,1088,5b09a44df00b394103aace49,2.880000114440918,3.308725118637085,0.428725004196167,0.428725004196167
3,0,5fc3b71bc539a83bf3475766,1.6799999475479126,1.5693035125732422,-0.11069643497467041,0.11069643497467041
3,1,527854a35b10ad009ab34157,0.5850266814231873,1.1151736974716187,0.5301470160484314,0.5301470160484314
3,2,0c7ca35c168c99404a5af5b0,1.409999966621399,0.9428094625473022,-0.4671905040740967,0.4671905040740967
3,3,0097827de8e8645b01a86498,4.376750946044922,4.167266368865967,-0.20948457717895508,0.20948457717895508
3,4,248d3d1e23edde2519751686,3.1163384914398193,3.2169241905212402,0.1005856990814209,0.1005856990814209
3,5,2ccd4facf9e293425495bdca,1.3700000047683716,1.137591004371643,-0.23240900039672852,0.23240900039672852
3,6,b027aef6b6487d109480fa10,3.92081880569458,3.440772533416748,-0.48004627227783203,0.48004627227783203
3,7,b38fc531193a3e9c7274b381,1.5700000524520874,1.1352128982543945,-0.43478715419769287,0.43478715419769287
3,8,67beddd28463feefaf96df2d,0.6020600199699402,1.064347505569458,0.4622874855995178,0.4622874855995178
3,9,5b98d56c83663a42d1d6ffec,-0.36172783374786377,0.6434439420700073,1.005171775817871,1.005171775817871
3,10,6194de0f67180b25c5ee68a2,3.267606258392334,1.9279783964157104,-1.3396278619766235,1.3396278619766235
3,11,18677664984289b2b0d3ca8d,1.6299999952316284,1.880130410194397,0.25013041496276855,0.25013041496276855
3,12,cc87b24cb0092964eb15d0df,1.1799999475479126,0.782755970954895,-0.3972439765930176,0.3972439765930176
3,13,aa91503d199fe58037907614,2.574031352996826,3.369964122772217,0.7959327697753906,0.7959327697753906
3,14,c52daf1d0c926b98f17cece8,1.340000033378601,1.8939557075500488,0.5539556741714478,0.5539556741714478
3,15,e273c624e391e283610c0904,2.7381510734558105,3.140854835510254,0.40270376205444336,0.40270376205444336
3,16,23c8819388aa0999820c45bb,-5.434568881988525,-1.258095622062683,4.176473140716553,4.176473140716553
3,17,7581d1b922594840bf5e64be,1.6200000047683716,1.570338249206543,-0.04966175556182861,0.04966175556182861
3,18,f0c260fb659bfb59c94351a7,2.4357285499572754,2.2013590335845947,-0.23436951637268066,0.23436951637268066
3,19,69c970c0e7fa3adb00d3a4c6,1.7000000476837158,1.9052672386169434,0.20526719093322754,0.20526719093322754
3,20,75701f26c5b4ff9cb2da586c,0.4099999964237213,1.7420654296875,1.332065463066101,1.332065463066101
3,21,8f4818aea3ef26593695caa1,0.18000000715255737,1.377884864807129,1.1978847980499268,1.1978847980499268
3,22,4e867793e5745910afb60f43,1.4700000286102295,1.5417442321777344,0.07174420356750488,0.07174420356750488
3,23,6794998daa26e5886f18bdf3,1.4700000286102295,2.443500518798828,0.9735004901885986,0.9735004901885986
3,24,868045ce96bb71fa61b1ec17,0.949999988079071,2.0451555252075195,1.0951554775238037,1.0951554775238037
3,25,ec8c6de464a6c80df67899c8,2.1500000953674316,2.424081563949585,0.2740814685821533,0.2740814685821533
3,26,d44da15aa60d309d9c119bbe,0.5099999904632568,0.26928502321243286,-0.24071496725082397,0.24071496725082397
3,27,5d9f111260ac5f8d955f1d57,4.0,4.087063789367676,0.08706378936767578,0.08706378936767578
3,28,3522a99d988f39da1753542a,1.2599999904632568,1.2188466787338257,-0.04115331172943115,0.04115331172943115
3,29,32f6ec460f08bff96435af7a,0.949999988079071,0.6697382926940918,-0.28026169538497925,0.28026169538497925
3,30,4f5e0b9759b6b1e5a307aa8a,1.1100000143051147,1.9189544916152954,0.8089544773101807,0.8089544773101807
3,31,45819deabf79aa8a2c503f74,1.600000023841858,1.1949527263641357,-0.40504729747772217,0.40504729747772217
3,32,dceb1a4ca12784744a7121a3,3.5973660945892334,4.032759189605713,0.4353930950164795,0.4353930950164795
3,33,1b20e3346554ad22988fb4aa,2.315753221511841,2.1335768699645996,-0.1821763515472412,0.1821763515472412
3,34,b92a9b14caf720c7f1a50a18,2.0,1.9311115741729736,-0.06888842582702637,0.06888842582702637
3,35,b29d05ab0dc2e248f7387f61,3.430000066757202,3.3038828372955322,-0.12611722946166992,0.12611722946166992
3,36,d6217086e8fd4b85c4f160de,1.899999976158142,2.2488701343536377,0.3488701581954956,0.3488701581954956
3,37,b2b221431a5a6ebd34c63e8b,2.0999999046325684,2.5408596992492676,0.4408597946166992,0.4408597946166992
3,38,b9361db808773f508e93dc38,2.509999990463257,1.5274808406829834,-0.9825191497802734,0.9825191497802734
3,39,2441ad153657672dc568a791,1.6299999952316284,2.3180017471313477,0.6880017518997192,0.6880017518997192
3,40,30c1e97632c3faae63525e74,2.069999933242798,2.438045024871826,0.3680450916290283,0.3680450916290283
3,41,d2e69c611493e2fd001820f4,-0.2041199803352356,1.149256944656372,1.353376865386963,1.353376865386963
3,42,9226c847e48289f8811a8946,0.4099999964237213,1.3282750844955444,0.9182751178741455,0.9182751178741455
3,43,fb7179f35d8e0705c92999fa,1.1200000047683716,1.2082054615020752,0.08820545673370361,0.08820545673370361
3,44,726e3a1ce06c3f891688cbfe,1.690000057220459,1.5304210186004639,-0.15957903861999512,0.15957903861999512
3,45,ef340fc5815a5d1a87265be7,0.4300000071525574,0.15135416388511658,-0.2786458432674408,0.2786458432674408
3,46,7b5aaf72503bae73f7051a39,0.5,1.5193872451782227,1.0193872451782227,1.0193872451782227
3,47,eb449021cbc088f3f3d576e1,1.840000033378601,2.0176796913146973,0.1776796579360962,0.1776796579360962
3,48,c4eb6b533d77e3d6fc08a03c,1.4900000095367432,0.8755013346672058,-0.6144986748695374,0.6144986748695374
3,49,bbd303b69f571a94e4218b25,3.1349618434906006,2.809816360473633,-0.3251454830169678,0.3251454830169678
3,50,9ab00dd86042840245c213af,2.4200000762939453,1.963789701461792,-0.4562103748321533,0.4562103748321533
3,51,5dd597869220abc061a3c7b1,3.700000047683716,1.3258552551269531,-2.3741447925567627,2.3741447925567627
3,52,23e9e474d25b6febca727a1e,0.23999999463558197,0.8538398742675781,0.613839864730835,0.613839864730835
3,53,5c01080e0a69f4a6211ba5de,3.5400047302246094,3.1943156719207764,-0.345689058303833,0.345689058303833
3,54,5c6299f4b44fa4e4df97b77a,0.18708664178848267,1.045698881149292,0.8586122393608093,0.8586122393608093
3,55,1376f14c1d7fd245b501c3fc,1.7799999713897705,1.7717241048812866,-0.008275866508483887,0.008275866508483887
3,56,fa5a90e3e5599536c89de112,3.3499839305877686,2.6285080909729004,-0.7214758396148682,0.7214758396148682
3,57,dc9d090dcc45ce3678e5a256,2.2799999713897705,1.3690431118011475,-0.910956859588623,0.910956859588623
3,58,6aff4780a8235f6c1163b8ac,1.0399999618530273,1.076102375984192,0.03610241413116455,0.03610241413116455
3,59,9a41647cb8786687e3b67146,3.397939920425415,4.350498676300049,0.9525587558746338,0.9525587558746338
3,60,320572f5ad28f8403cedfb87,2.619999885559082,1.6353094577789307,-0.9846904277801514,0.9846904277801514
3,61,adf2446c3d49314780c5a634,2.619788646697998,1.2424761056900024,-1.3773125410079956,1.3773125410079956
3,62,ea553aae67c60d07f1ae90e5,0.5,0.7141816020011902,0.21418160200119019,0.21418160200119019
3,63,41fcbefdbb9f5c09f15901ac,1.600000023841858,2.3502039909362793,0.7502039670944214,0.7502039670944214
3,64,bb0405bf83a31d5f9782f081,0.9399999976158142,0.8693487644195557,-0.07065123319625854,0.07065123319625854
3,65,6d944f32a027345175c90fa4,4.0087738037109375,3.9487085342407227,-0.060065269470214844,0.060065269470214844
3,66,b5755b1086abf97272b23e6d,0.9399999976158142,1.1370797157287598,0.19707971811294556,0.19707971811294556
3,67,f5c29294432ab6c5878ff0f0,1.7200000286102295,1.7184408903121948,-0.001559138298034668,0.001559138298034668
3,68,7b53f7d62e6ef634f3770231,0.2907300293445587,0.8245645761489868,0.5338345766067505,0.5338345766067505
3,69,b408414e154d3b58a6f045bc,3.086186170578003,3.0166869163513184,-0.06949925422668457,0.06949925422668457
3,70,4d96905432cbec7fc9f04843,3.379863977432251,3.146237373352051,-0.2336266040802002,0.2336266040802002
3,71,5128a3f410afd5edec3cf8df,4.301030158996582,3.9137661457061768,-0.3872640132904053,0.3872640132904053
3,72,dcfe41acbd7342f4f796e66d,1.690000057220459,1.9305813312530518,0.24058127403259277,0.24058127403259277
3,73,278927a542d5033bb648a446,1.5,2.2321815490722656,0.7321815490722656,0.7321815490722656
3,74,78e35c11eef349519b2239c8,3.1681301593780518,2.724484920501709,-0.4436452388763428,0.4436452388763428
3,75,e06c30c4f48a7b9989c900e1,1.3600000143051147,0.817672073841095,-0.5423279404640198,0.5423279404640198
3,76,a9ac4516cfd5ba329b177f81,1.53786039352417,1.9056493043899536,0.3677889108657837,0.3677889108657837
3,77,4b9bd0125d3cbbc63f727eff,1.0299999713897705,0.7272350192070007,-0.3027649521827698,0.3027649521827698
3,78,8d21b151707755136341f3ac,1.809999942779541,2.2058610916137695,0.3958611488342285,0.3958611488342285
3,79,192380961094877197858484,2.069999933242798,1.0846648216247559,-0.985335111618042,0.985335111618042
3,80,b65be11c45e7124aac2e343c,1.6382721662521362,1.690712332725525,0.05244016647338867,0.05244016647338867
3,81,ca885c0e4db715bce3c4b2da,4.036211967468262,3.578970432281494,-0.4572415351867676,0.4572415351867676
3,82,2c57ad37a20fb31b4317829c,1.75,1.9928576946258545,0.2428576946258545,0.2428576946258545
3,83,4ee8cf3d7e92f61a45ee68d5,1.8494850397109985,1.361746072769165,-0.4877389669418335,0.4877389669418335
3,84,2d805c2eacc1578d9e088d39,2.301029920578003,2.256343364715576,-0.04468655586242676,0.04468655586242676
3,85,f1ef1e6b5694217085d8c6d2,3.013228178024292,4.091213703155518,1.0779855251312256,1.0779855251312256
3,86,7958e72db627889b874300e9,0.2924298346042633,0.8487613201141357,0.5563315153121948,0.5563315153121948
3,87,7a85a78347fe3442f01fe26f,0.8299999833106995,0.8036310076713562,-0.02636897563934326,0.02636897563934326
3,88,f8de8ebd3ee4f21b5ae2512a,1.5099999904632568,1.0703917741775513,-0.43960821628570557,0.43960821628570557
3,89,a64c2839b63dfac1cfa06aed,1.7799999713897705,2.291161060333252,0.5111610889434814,0.5111610889434814
3,90,bd3c36401007ea4381937782,1.190000057220459,1.410159945487976,0.2201598882675171,0.2201598882675171
3,91,631f8d40da29e612bfba4950,1.4700000286102295,1.648652195930481,0.17865216732025146,0.17865216732025146
3,92,e5ad70273a505666913075ef,2.0,2.6287145614624023,0.6287145614624023,0.6287145614624023
3,93,72b9031884c61b481b4d4f6f,1.940000057220459,1.8356995582580566,-0.10430049896240234,0.10430049896240234
3,94,d1d908d16779e450d2f909df,1.0099999904632568,0.6952759027481079,-0.3147240877151489,0.3147240877151489
3,95,0b1160f9f3aa769718671e30,0.508638322353363,0.5260999798774719,0.017461657524108887,0.017461657524108887
3,96,d4ce5b5222a04c752a421199,2.9200000762939453,2.4878487586975098,-0.43215131759643555,0.43215131759643555
3,97,d8d0f20189f1e49730d53c79,1.200928807258606,1.1206200122833252,-0.08030879497528076,0.08030879497528076
3,98,ad678052cffbea4e45426d27,3.795880079269409,3.8286643028259277,0.032784223556518555,0.032784223556518555
3,99,8bcb8584fafb59c36e1d5c7b,0.3499999940395355,1.264866828918457,0.9148668050765991,0.9148668050765991
3,100,5f78c5ae6f551c21b19c9093,1.7695510387420654,2.9480576515197754,1.17850661277771,1.17850661277771
3,101,c2700f5ab04f548f266ed02d,3.477555751800537,3.854755401611328,0.377199649810791,0.377199649810791
3,102,e3acae43550a7f0c75751b48,0.9599999785423279,1.780512809753418,0.8205128312110901,0.8205128312110901
3,103,39e4dd43fa0e715d618d6c1d,1.7599999904632568,1.1855363845825195,-0.5744636058807373,0.5744636058807373
3,104,91062aecf86779c5627730d8,1.3300000429153442,0.7351282835006714,-0.5948717594146729,0.5948717594146729
3,105,767359230728ace52b5c6e41,2.8422579765319824,2.8697118759155273,0.027453899383544922,0.027453899383544922
3,106,cea95450f39543c03e542ee2,1.9600000381469727,1.2549066543579102,-0.7050933837890625,0.7050933837890625
3,107,5f643cfeb46958c75756d36e,1.9523358345031738,2.1461267471313477,0.19379091262817383,0.19379091262817383
3,108,0c4699ee542d7aca3e890bb0,3.049999952316284,2.5175304412841797,-0.5324695110321045,0.5324695110321045
3,109,afcd23f4e41b0f24b356b28d,3.2899672985076904,3.2828288078308105,-0.007138490676879883,0.007138490676879883
3,110,aa743bc25f5a5c3d764a68bf,1.9800000190734863,1.883934736251831,-0.09606528282165527,0.09606528282165527
3,111,52d9e5490cf2b606cba109f2,0.5800442695617676,1.1071065664291382,0.5270622968673706,0.5270622968673706
3,112,f73dbd2aa5b43f4407f7df8c,1.4700000286102295,1.9164948463439941,0.44649481773376465,0.44649481773376465
3,113,67be265f2e18de2cde078616,2.75,1.961287498474121,-0.7887125015258789,0.7887125015258789
3,114,8e15732956b3f1574006e1da,1.75,1.8709683418273926,0.12096834182739258,0.12096834182739258
3,115,02b68e19616af7e9db6e71ec,0.291579931974411,0.8245645761489868,0.5329846143722534,0.5329846143722534
3,116,748ab0787d10cb983bcb5e19,1.590000033378601,0.7058321237564087,-0.8841679096221924,0.8841679096221924
3,117,1b52c9f8c6b577ba3f507ff4,1.7535014152526855,1.9616467952728271,0.2081453800201416,0.2081453800201416
3,118,e614b38708d75a3772229d69,2.008756399154663,2.051854133605957,0.043097734451293945,0.043097734451293945
3,119,4c0ea43e5b4ef6e2e58c0604,1.5399999618530273,1.6166867017745972,0.07668673992156982,0.07668673992156982
3,120,57c9982c131bf76aa5203eff,3.5317020416259766,2.6274375915527344,-0.9042644500732422,0.9042644500732422
3,121,15d5d40049171859acf97c3e,1.309999942779541,1.8874995708465576,0.5774996280670166,0.5774996280670166
3,122,24b8d23b94ad7ef2f06a47d0,0.46000000834465027,1.0000712871551514,0.5400712490081787,0.5400712490081787
3,123,77e67efef2bd88deb292f708,0.8538719415664673,1.6231045722961426,0.7692326307296753,0.7692326307296753
3,124,f5842b9d3e08cc4a458f0483,3.602060079574585,4.075272560119629,0.47321248054504395,0.47321248054504395
3,125,5c08e860da2bd75d1da7eddf,3.266000747680664,2.7589588165283203,-0.5070419311523438,0.5070419311523438
3,126,c8fcc915465e8d5c01bd8370,1.5099073648452759,1.8422917127609253,0.3323843479156494,0.3323843479156494
3,127,fe2b7286f83a141230f03873,1.4600000381469727,1.9756019115447998,0.5156018733978271,0.5156018733978271
3,128,145bbe721c729143d3d3e708,1.4800000190734863,1.1664783954620361,-0.3135216236114502,0.3135216236114502
3,129,d54198b82629bea376a49900,1.809999942779541,2.1482019424438477,0.33820199966430664,0.33820199966430664
3,130,b8ca5ebc74b7f71aacfc2e79,2.0899999141693115,1.9649817943572998,-0.12501811981201172,0.12501811981201172
3,131,03ba2e3bf7e25cf4dcfda281,2.2100000381469727,2.1977121829986572,-0.01228785514831543,0.01228785514831543
3,132,83e0a1251a84cb8956863d78,1.3899999856948853,1.4979641437530518,0.1079641580581665,0.1079641580581665
3,133,e092c439dfd4830153060440,2.319999933242798,2.3181192874908447,-0.001880645751953125,0.001880645751953125
3,134,9103afe58f8caa07aeebe16e,1.92081880569458,1.3329259157180786,-0.5878928899765015,0.5878928899765015
3,135,79421e01f0184496f07b39f1,2.552493095397949,2.0638961791992188,-0.48859691619873047,0.48859691619873047
3,136,e446a4f5fca0c0cf4aa58e1d,2.9200000762939453,2.9687023162841797,0.048702239990234375,0.048702239990234375
3,137,0234071281970b7b7d829d02,1.9800000190734863,1.9486064910888672,-0.03139352798461914,0.03139352798461914
3,138,541115c05f9b56508d1b8628,4.431798458099365,3.411262035369873,-1.0205364227294922,1.0205364227294922
3,139,55b39fa551974d6f008ff4be,1.4299999475479126,1.796419382095337,0.3664194345474243,0.3664194345474243
3,140,325e26c73ca0960b904acc94,2.1999707221984863,2.4790749549865723,0.27910423278808594,0.27910423278808594
3,141,6f02c49a3c191f72f55a1252,2.180000066757202,2.5986387729644775,0.4186387062072754,0.4186387062072754
3,142,b03c4851b31cf666d5ce072b,0.3400000035762787,0.9647108316421509,0.6247107982635498,0.6247107982635498
3,143,2801399ed4d8fd47389cfa27,2.380000114440918,2.5968520641326904,0.21685194969177246,0.21685194969177246
3,144,8c2206029c9575ebd11ba1a8,0.6968039274215698,0.5912212133407593,-0.10558271408081055,0.10558271408081055
3,145,d3a5197d8d70ff6097e81ac0,1.0700000524520874,0.6980103254318237,-0.37198972702026367,0.37198972702026367
3,146,04a456ab7512ba3628a1e4e7,1.0800000429153442,0.9988923072814941,-0.0811077356338501,0.0811077356338501
3,147,efd0ff320fddb8bbbf1b3573,2.5799999237060547,2.062511920928955,-0.5174880027770996,0.5174880027770996
3,148,7cab9934ce5b206524cbceac,3.0409586429595947,2.6730403900146484,-0.3679182529449463,0.3679182529449463
3,149,e10834162dcedc446e95c45d,1.8700000047683716,2.03440523147583,0.1644052267074585,0.1644052267074585
3,150,1a12f7b976061fc96032c976,0.9399999976158142,1.9088244438171387,0.9688244462013245,0.9688244462013245
3,151,f28883a92f5b7f9264f889df,2.050610065460205,1.8645350933074951,-0.18607497215270996,0.18607497215270996
3,152,357f5487dafc130010db899e,2.0299999713897705,2.0972604751586914,0.0672605037689209,0.0672605037689209
3,153,6b63ea17a43ec03d8e323317,3.92081880569458,3.4230127334594727,-0.4978060722351074,0.4978060722351074
3,154,84f91061e903c4fad2e0908c,2.806875467300415,3.9356651306152344,1.1287896633148193,1.1287896633148193
3,155,9b366d8352461f3767747906,2.176091194152832,2.181521415710449,0.0054302215576171875,0.0054302215576171875
3,156,cd20ab575f8f09060a6f17e3,1.4299999475479126,1.008216381072998,-0.42178356647491455,0.42178356647491455
3,157,bd9d5d9be3d92c842c438b86,1.3084596395492554,2.2824268341064453,0.9739671945571899,0.9739671945571899
3,158,2db8d1775563235802175cb5,1.0499999523162842,1.2841905355453491,0.23419058322906494,0.23419058322906494
3,159,5da9305033a0cbecefa79b8a,1.4225082397460938,1.122377872467041,-0.30013036727905273,0.30013036727905273
3,160,95856380c0f7695062ef98d0,1.159999966621399,1.3053710460662842,0.14537107944488525,0.14537107944488525
3,161,b4190f7771687f39bc4ed91a,4.107905387878418,3.601233959197998,-0.5066714286804199,0.5066714286804199
3,162,938df860288315a661c45d36,1.107905387878418,2.690802574157715,1.5828971862792969,1.5828971862792969
3,163,6c97da2d10223ce538638c25,1.2200000286102295,1.0284600257873535,-0.19154000282287598,0.19154000282287598
3,164,d381ab5a775f15b31a0622fa,0.9100000262260437,0.7841368913650513,-0.12586313486099243,0.12586313486099243
3,165,63cde628d1f800ae57f56482,1.9500000476837158,1.1185200214385986,-0.8314800262451172,0.8314800262451172
3,166,d044830f7d8b2de543559ce9,2.0799999237060547,2.059805393218994,-0.020194530487060547,0.020194530487060547
3,167,270e727c2528a38d3114d872,3.2464170455932617,3.139822006225586,-0.10659503936767578,0.10659503936767578
3,168,7855cd7e6cf95bed8b1a1f66,0.7799999713897705,1.1074609756469727,0.32746100425720215,0.32746100425720215
3,169,166d65daeb9e3a7833e4a432,1.7999999523162842,2.3019533157348633,0.5019533634185791,0.5019533634185791
3,170,136f62f53bca7df8f0ba5159,1.5117791891098022,1.8831816911697388,0.3714025020599365,0.3714025020599365
3,171,3b3082b5c3b0ddac8ca9943d,0.47999998927116394,0.4538041353225708,-0.02619585394859314,0.02619585394859314
3,172,47e554fd9e651e1d0a3551fb,1.1496448516845703,0.9088759422302246,-0.2407689094543457,0.2407689094543457
3,173,adb9004bc68a46b2cd2da46d,3.795880079269409,4.152115345001221,0.3562352657318115,0.3562352657318115
3,174,40910e53f2ac795592ea2a7a,1.600000023841858,1.8666354417800903,0.2666354179382324,0.2666354179382324
3,175,e4be062a59d295846ffb0a24,1.5,1.629965901374817,0.1299659013748169,0.1299659013748169
3,176,2c400c8d476830edef8e0bf6,2.009999990463257,2.279654026031494,0.2696540355682373,0.2696540355682373
3,177,d049ee3cd9fb95f60b81b7b0,3.795880079269409,4.014145374298096,0.21826529502868652,0.21826529502868652
3,178,db37415f160079ccbd702d2d,3.838632106781006,2.558317184448242,-1.2803149223327637,1.2803149223327637
3,179,0582b1ca6ecef6fb8d8a16eb,1.2006593942642212,2.5041069984436035,1.3034476041793823,1.3034476041793823
3,180,087faf6f2f3192a6c0070c1f,2.880354881286621,2.6715173721313477,-0.20883750915527344,0.20883750915527344
3,181,1a32141ed2bebdc3c5a87b6c,1.559999942779541,1.4511847496032715,-0.10881519317626953,0.10881519317626953
3,182,fc4e99fa1ea1266e9cc675be,2.3499999046325684,2.456104278564453,0.10610437393188477,0.10610437393188477
3,183,25206a7cf959b58f696a601b,1.3098039627075195,1.1486767530441284,-0.1611272096633911,0.1611272096633911
3,184,a1a68595e4d2eccb31c80072,0.7699999809265137,1.075479507446289,0.3054795265197754,0.3054795265197754
3,185,e72234e43b87f47828203663,0.5400000214576721,0.4895472526550293,-0.05045276880264282,0.05045276880264282
3,186,a239adf517584f33e82945d3,1.0299999713897705,1.1072468757629395,0.07724690437316895,0.07724690437316895
3,187,c671061b4a15e415e65a53d1,0.15676721930503845,0.36620032787323,0.20943310856819153,0.20943310856819153
3,188,213ef2752dc3e9ec63af9655,0.481486052274704,1.4052338600158691,0.9237477779388428,0.9237477779388428
3,189,d3813db79cf1f195e6227d45,4.638272285461426,4.772749423980713,0.1344771385192871,0.1344771385192871
3,190,9e7a01758d9726370224a410,0.27000001072883606,1.298986792564392,1.0289868116378784,1.0289868116378784
3,191,9b045685b36dd8d655658305,2.4200000762939453,1.9962201118469238,-0.4237799644470215,0.4237799644470215
3,192,84d0f3849eee08007e8a6fc0,0.18708664178848267,1.045698881149292,0.8586122393608093,0.8586122393608093
3,193,e05b3befec500f3cfc07c263,4.019996643066406,2.4050536155700684,-1.614943027496338,1.614943027496338
3,194,3280d4c2ba34d88183e26a80,1.4800000190734863,2.1036267280578613,0.623626708984375,0.623626708984375
3,195,309d2c26810b57ceaafbfbd1,1.5700000524520874,1.4460257291793823,-0.12397432327270508,0.12397432327270508
3,196,fc7cb9577fd5b57602a7d2c4,3.9800000190734863,2.542454719543457,-1.4375452995300293,1.4375452995300293
3,197,c76c36b2cf8ef8349d0c7f5a,0.9393021464347839,1.1949931383132935,0.2556909918785095,0.2556909918785095
3,198,a81e89543d34d25b59e9a8da,4.275723934173584,4.315139293670654,0.03941535949707031,0.03941535949707031
3,199,b9dd059b9466c5489c33b10c,1.5099999904632568,1.5644962787628174,0.05449628829956055,0.05449628829956055
3,200,a2ff0520bba3883ccfec2cfa,4.744727611541748,3.1622588634490967,-1.5824687480926514,1.5824687480926514
3,201,7568fa26c7b2e22f61f34030,0.9100000262260437,1.3233869075775146,0.41338688135147095,0.41338688135147095
3,202,28c26d808ba82a98a198af79,0.9200000166893005,1.284885048866272,0.36488503217697144,0.36488503217697144
3,203,5b2b64382da60cf7d84decf2,3.619788646697998,1.7852985858917236,-1.8344900608062744,1.8344900608062744
3,204,8da13178481dd26bee52b440,1.1299999952316284,2.1867423057556152,1.0567423105239868,1.0567423105239868
3,205,1b4c649bb510e7e89e244979,2.430000066757202,2.3230977058410645,-0.1069023609161377,0.1069023609161377
3,206,7c073955e58e9219f2983313,1.690000057220459,1.4300557374954224,-0.2599443197250366,0.2599443197250366
3,207,76dc8d0ea3737810e552ffae,0.7599999904632568,1.2599517107009888,0.49995172023773193,0.49995172023773193
3,208,1a6701179bac81dbde350fd9,1.886056661605835,1.797614336013794,-0.08844232559204102,0.08844232559204102
3,209,e51ec347768207a53db063d0,3.552841901779175,3.320913791656494,-0.23192811012268066,0.23192811012268066
3,210,bc589311d667c5feed294e38,2.690000057220459,2.842411994934082,0.15241193771362305,0.15241193771362305
3,211,1c31960bef3204116a8b5a18,3.31575345993042,3.1696553230285645,-0.14609813690185547,0.14609813690185547
3,212,6e36326c8ccc3e7f8f0de84f,1.5376019477844238,1.6113345623016357,0.07373261451721191,0.07373261451721191
3,213,cd8bccd67e0983c514c5517d,3.60554838180542,1.936092495918274,-1.669455885887146,1.669455885887146
3,214,1e77d4b645308cec961bc50c,4.045757293701172,4.091446399688721,0.04568910598754883,0.04568910598754883
3,215,33b93f73eb2487abd0b03c7d,3.602060079574585,3.437091588973999,-0.16496849060058594,0.16496849060058594
3,216,d807a1fc99963c33488c3ea2,1.0700000524520874,1.141524076461792,0.07152402400970459,0.07152402400970459
3,217,584ddd4f4acc0df42a783d44,0.41999998688697815,1.757887840270996,1.3378878831863403,1.3378878831863403
3,218,c2e892cb7b0c3c33dd6c5712,0.6100000143051147,0.538916826248169,-0.0710831880569458,0.0710831880569458
3,219,fc9dbbec014f743ca0b5a028,0.6777806878089905,0.6885216236114502,0.010740935802459717,0.010740935802459717
3,220,a5d28bd121143d43e5022f2e,1.100000023841858,0.7255620956420898,-0.37443792819976807,0.37443792819976807
3,221,4d699d7b1739124b46577279,-5.155335903167725,1.3535237312316895,6.508859634399414,6.508859634399414
3,222,39ae19d848e06cc07e8b78f1,1.4600000381469727,2.0727672576904297,0.612767219543457,0.612767219543457
3,223,4ce9d8d0221a01aa88e897ad,1.7699999809265137,2.378300428390503,0.6083004474639893,0.6083004474639893
3,224,59840e6f6629c4f8d0d14ee1,0.8799999952316284,1.7629860639572144,0.8829860687255859,0.8829860687255859
3,225,b845240a63339a0c3896c621,2.886056661605835,2.331913948059082,-0.5541427135467529,0.5541427135467529
3,226,c014f20298e15bb8354dad05,0.7300000190734863,1.4331896305084229,0.7031896114349365,0.7031896114349365
3,227,a3f7390688e202d156cef000,1.25,2.195826292037964,0.9458262920379639,0.9458262920379639
3,228,de8096bf50bae15695e52c0e,-0.009999999776482582,0.3468160927295685,0.3568160831928253,0.3568160831928253
3,229,c035abb9f8e332321cc2244a,3.92081880569458,3.4230127334594727,-0.4978060722351074,0.4978060722351074
3,230,501dc72d2b30470ed80dcab8,0.9200000166893005,1.233256459236145,0.3132564425468445,0.3132564425468445
3,231,4a1748a554ba7f3aa63f21ba,3.823908805847168,2.8436849117279053,-0.9802238941192627,0.9802238941192627
3,232,d2e6f95fd1ce8e783a0324fc,2.6936285495758057,2.840178966522217,0.14655041694641113,0.14655041694641113
3,233,e83acd53dfa593237133ff94,1.9900000095367432,1.3737304210662842,-0.616269588470459,0.616269588470459
3,234,f72b330afb6288b983f22400,2.0199999809265137,1.5794168710708618,-0.44058310985565186,0.44058310985565186
3,235,a8514e3ea9154ddadbf214c9,2.069999933242798,1.9787261486053467,-0.09127378463745117,0.09127378463745117
3,236,0bb8be65c8ed8304a60d66cb,0.8500000238418579,1.582794427871704,0.7327944040298462,0.7327944040298462
3,237,5007e390d7980902c8f044d3,0.9900000095367432,0.8641715049743652,-0.12582850456237793,0.12582850456237793
3,238,db1f9f5afa1994ca1fd731cb,2.9871628284454346,2.9827632904052734,-0.004399538040161133,0.004399538040161133
3,239,bb47ce8d8b3225973be71b3c,0.9208187460899353,1.459235429763794,0.5384166836738586,0.5384166836738586
3,240,c5b636af9510996b429b212f,1.1567672491073608,1.4284913539886475,0.2717241048812866,0.2717241048812866
3,241,db69f8f7a9d35b3450a14524,0.6200000047683716,0.9492113590240479,0.32921135425567627,0.32921135425567627
3,242,74427fee4f519e2c6330c289,3.569999933242798,2.746087074279785,-0.8239128589630127,0.8239128589630127
3,243,12b65ea870b05967ae4438a1,1.3200000524520874,1.9030849933624268,0.5830849409103394,0.5830849409103394
3,244,ec2571dd3b81c4e6f2e4117c,2.0826871395111084,2.455303192138672,0.3726160526275635,0.3726160526275635
3,245,38a9e60d7beaaee3f3d3b6af,2.25,2.343967914581299,0.09396791458129883,0.09396791458129883
3,246,eb397d5936fe3a4b3515f31f,0.949999988079071,0.8032543659210205,-0.14674562215805054,0.14674562215805054
3,247,355142b1cc5797414b2b2799,2.1500000953674316,1.993840217590332,-0.1561598777770996,0.1561598777770996
3,248,ba25c38e455f1c521f6b42ab,3.555955171585083,2.1000075340270996,-1.4559476375579834,1.4559476375579834
3,249,1091e60598b649409190aff4,3.522878646850586,2.698730230331421,-0.824148416519165,0.824148416519165
3,250,0979de8c078eafc517c844ef,3.869999885559082,3.0227088928222656,-0.8472909927368164,0.8472909927368164
3,251,26b8e62c2efda2f9bc289150,0.8799999952316284,1.4616625308990479,0.5816625356674194,0.5816625356674194
3,252,449f0c6b4c28650c79026465,0.9599999785423279,0.9639450311660767,0.003945052623748779,0.003945052623748779
3,253,e0de75ff71e0ad63a2b9c0a3,0.4300000071525574,1.2239223718643188,0.7939223647117615,0.7939223647117615
3,254,f51d4069f41da3e7a63bf432,4.269999980926514,3.939584970474243,-0.3304150104522705,0.3304150104522705
3,255,873fb94addb6c82fbca90389,3.640000104904175,1.327938437461853,-2.3120617866516113,2.3120617866516113
3,256,b0187c403c25fd2f235c09dc,1.2100000381469727,1.1217257976531982,-0.08827424049377441,0.08827424049377441
3,257,7278264dcbc64f2129ee2634,0.8899999856948853,1.529424786567688,0.6394248008728027,0.6394248008728027
3,258,86faa09c2ef85f427d258d03,1.5,1.3389227390289307,-0.16107726097106934,0.16107726097106934
3,259,6c2bfa00696f5d71a09b7b67,1.5700000524520874,1.718044400215149,0.14804434776306152,0.14804434776306152
3,260,3ea68a4542f38685e371de20,1.0800000429153442,1.5952520370483398,0.5152519941329956,0.5152519941329956
3,261,b3613d63101e18dcbc7a663f,2.8734121322631836,2.3929498195648193,-0.48046231269836426,0.48046231269836426
3,262,46bdc6cc15795eba491ee792,1.5800000429153442,1.699528455734253,0.11952841281890869,0.11952841281890869
3,263,fe53eaebee7126a46db2d31c,4.1100263595581055,2.2348060607910156,-1.8752202987670898,1.8752202987670898
3,264,e688f31b3987a105182c2ee5,2.8338589668273926,3.001166343688965,0.16730737686157227,0.16730737686157227
3,265,b628cbdf885f0861438d6802,3.602060079574585,3.208706855773926,-0.3933532238006592,0.3933532238006592
3,266,d918db4d1dadbe955b899e04,1.2699999809265137,1.9211629629135132,0.6511629819869995,0.6511629819869995
3,267,71d058045b134555d35ba9e9,1.350000023841858,1.8773877620697021,0.5273877382278442,0.5273877382278442
3,268,284d97bf597d638231ac022a,5.067018985748291,3.1211812496185303,-1.9458377361297607,1.9458377361297607
3,269,d6a2abc722b65edba29135a7,1.9393022060394287,1.3853949308395386,-0.5539072751998901,0.5539072751998901
3,270,93138aedbd73dd895963d348,1.190000057220459,2.8051934242248535,1.6151933670043945,1.6151933670043945
3,271,cd6b3de119a7c69516a7fc0a,3.1600193977355957,3.0504443645477295,-0.10957503318786621,0.10957503318786621
3,272,dc50efa6c2477a82990cbaea,0.508638322353363,0.5260999798774719,0.017461657524108887,0.017461657524108887
3,273,f6968495e86c272a3756df4c,3.6968040466308594,4.10617208480835,0.40936803817749023,0.40936803817749023
3,274,82e04cd2deb413ad09634d67,1.2799999713897705,1.7302910089492798,0.4502910375595093,0.4502910375595093
3,275,abae7ca53039abcc2b052bf9,1.25,1.2555253505706787,0.005525350570678711,0.005525350570678711
3,276,70a2d0d3a6422928db9a9aef,0.9208187460899353,1.1408398151397705,0.2200210690498352,0.2200210690498352
3,277,99a7e9902c9697644ca806b1,1.92081880569458,1.3329259157180786,-0.5878928899765015,0.5878928899765015
3,278,2626025329f5ff3125b43ecc,1.899999976158142,1.9099200963974,0.009920120239257812,0.009920120239257812
3,279,daf098363b1f34129885b395,4.552842140197754,4.02862024307251,-0.5242218971252441,0.5242218971252441
3,280,589e1317cb4793a8b191c7a5,0.7900000214576721,0.907610297203064,0.11761027574539185,0.11761027574539185
3,281,c7e0ed2c35b1b0f2e6d67ed7,3.6600000858306885,3.0983264446258545,-0.561673641204834,0.561673641204834
3,282,ab5024cc56ab6cfe2a867f28,1.5299999713897705,1.252439260482788,-0.2775607109069824,0.2775607109069824
3,283,9fec2065dd9eddcc4e9475c8,0.8538719415664673,2.635768413543701,1.7818964719772339,1.7818964719772339
3,284,7da8de89e99f01eda8902606,1.6799999475479126,1.5056254863739014,-0.17437446117401123,0.17437446117401123
3,285,1b9160f6c95d837803c1aa1b,2.6600000858306885,1.4358296394348145,-1.224170446395874,1.224170446395874
3,286,7f25c038b02d5a1c522274a9,2.440000057220459,1.4685789346694946,-0.9714211225509644,0.9714211225509644
3,287,9f73cecf22789b5ab14852ff,4.744727611541748,2.1610167026519775,-2.5837109088897705,2.5837109088897705
3,288,62f4528242a51a3ef508c9e3,1.3200000524520874,1.516524076461792,0.1965240240097046,0.1965240240097046
3,289,701134ed246482c6e96eae6b,2.549999952316284,2.32080078125,-0.22919917106628418,0.22919917106628418
3,290,794df5e8a0238d3fdb71ec4c,2.640329599380493,1.0915175676345825,-1.5488120317459106,1.5488120317459106
3,291,bfa394562c8867478d448e0e,1.9199999570846558,2.2811648845672607,0.361164927482605,0.361164927482605
3,292,4502e4025aee9cb653a2af31,2.4814860820770264,2.4265024662017822,-0.05498361587524414,0.05498361587524414
3,293,9171b1c59af6b14ba5f37927,0.9208187460899353,1.4956974983215332,0.5748787522315979,0.5748787522315979
3,294,eda1316f5f984a68821d2d91,1.7599999904632568,0.7526088953018188,-1.007391095161438,1.007391095161438
3,295,7367d4403820c4783870dcae,2.0105059146881104,3.068094253540039,1.0575883388519287,1.0575883388519287
3,296,6ae45e841ac84c32888e2ad3,2.880000114440918,2.226644277572632,-0.6533558368682861,0.6533558368682861
3,297,d1fc6802ccbfc6e2742affb9,0.9399999976158142,1.1526167392730713,0.21261674165725708,0.21261674165725708
3,298,7cb2eef5724ecd6cacb95cd6,1.2100000381469727,1.0603926181793213,-0.14960741996765137,0.14960741996765137
3,299,749902e2c59ea7da0884c5aa,4.15490198135376,3.8035011291503906,-0.35140085220336914,0.35140085220336914
3,300,7b500c639d3cfe0cd10abd19,0.9599999785423279,1.494960904121399,0.534960925579071,0.534960925579071
3,301,4362a7a09c40647c1b1141e0,2.1500000953674316,2.4844489097595215,0.33444881439208984,0.33444881439208984
3,302,1942dab6a2739527ec8ae8ce,0.9399999976158142,1.3214831352233887,0.38148313760757446,0.38148313760757446
3,303,b1fd15c0e672c49d2f8e6675,2.4594202041625977,2.2085154056549072,-0.25090479850769043,0.25090479850769043
3,304,dabb76b3066c1b5d0583f2a5,1.2100000381469727,1.3168015480041504,0.10680150985717773,0.10680150985717773
3,305,26f0e1ffcde0ea2a363ac5e5,1.4500000476837158,2.3392648696899414,0.8892648220062256,0.8892648220062256
3,306,cbfe3c961518189b684a1cdd,3.92081880569458,3.033038377761841,-0.8877804279327393,0.8877804279327393
3,307,7984e5fc2bd2e2fcfa257f8d,0.7900000214576721,1.5345691442489624,0.7445691227912903,0.7445691227912903
3,308,63eff3e8cf498880b5b1428b,1.7655037641525269,2.350020170211792,0.5845164060592651,0.5845164060592651
3,309,5d7eef03a1a13af147bd6280,4.180225849151611,3.409681797027588,-0.7705440521240234,0.7705440521240234
3,310,8fe27ba415a588e187ff7241,4.840132236480713,3.9387617111206055,-0.9013705253601074,0.9013705253601074
3,311,0a7a122bb96852a8f4f8e0c0,0.6345120072364807,1.0997025966644287,0.465190589427948,0.465190589427948
3,312,21e0c9f4541de010e6cd11c8,3.450016498565674,3.1463780403137207,-0.3036384582519531,0.3036384582519531
3,313,2e92fe71ed8024dcd8c73a00,2.619788646697998,1.2885462045669556,-1.3312424421310425,1.3312424421310425
3,314,9dc9881b0b8884a14640e5c3,0.7099999785423279,1.711668610572815,1.0016686916351318,1.0016686916351318
3,315,86010f2d1f0a258c8b996247,1.340000033378601,1.1162134408950806,-0.2237865924835205,0.2237865924835205
3,316,6000b36b518e7ddeb61ea723,1.7000000476837158,1.9938926696777344,0.29389262199401855,0.29389262199401855
3,317,ea93a5de127f26c8bb5f6418,1.7100000381469727,1.2636466026306152,-0.4463534355163574,0.4463534355163574
3,318,cbd1b16672a36e63f77a5ca2,0.21112488210201263,0.5992857217788696,0.3881608247756958,0.3881608247756958
3,319,a275b2294ec4e49fa4eabd62,3.823908805847168,4.02430534362793,0.20039653778076172,0.20039653778076172
3,320,8c53f93217aa298c9e0c8cf9,0.6989700198173523,0.7339368462562561,0.03496682643890381,0.03496682643890381
3,321,731efd56a0231e3ceb0fe601,0.8399999737739563,1.0124866962432861,0.17248672246932983,0.17248672246932983
3,322,231e1d440d102af23a186081,2.096909999847412,1.3018747568130493,-0.7950352430343628,0.7950352430343628
3,323,98d9cb373f74b2adaad80fc9,1.149999976158142,1.252925157546997,0.10292518138885498,0.10292518138885498
3,324,30b373f6248c056e2e55385e,0.6899999976158142,0.909220278263092,0.21922028064727783,0.21922028064727783
3,325,ecff5eb145250a013514b831,1.8799999952316284,2.4227466583251953,0.5427466630935669,0.5427466630935669
3,326,11bce58d5d9432e2c8f263d2,1.8300000429153442,1.847391128540039,0.017391085624694824,0.017391085624694824
3,327,c27b064487a529ac423eabfb,4.107905387878418,3.739744186401367,-0.3681612014770508,0.3681612014770508
3,328,46df848c7bdc3e5ccf45fe81,2.3299999237060547,1.8681559562683105,-0.46184396743774414,0.46184396743774414
3,329,010c66fbaf95fb807d2f0188,1.9800000190734863,2.06591796875,0.08591794967651367,0.08591794967651367
3,330,7c578d4c8c50733fb21e0714,1.340000033378601,1.4879704713821411,0.14797043800354004,0.14797043800354004
3,331,b88b252f60bf1b88abdbd680,3.1708035469055176,3.9341912269592285,0.7633876800537109,0.7633876800537109
3,332,4333fc4661a925b40a97ead4,3.431798219680786,3.1121315956115723,-0.31966662406921387,0.31966662406921387
3,333,516bce7a59f8cc76366498ff,1.850000023841858,1.9529800415039062,0.10298001766204834,0.10298001766204834
3,334,392ca752973ab1349debc0d6,1.7799999713897705,2.025357961654663,0.24535799026489258,0.24535799026489258
3,335,87f62d4927c176a271cb2d09,1.6399999856948853,1.7877228260040283,0.14772284030914307,0.14772284030914307
3,336,37b6df11458af10dc2fa0374,4.3665313720703125,4.12252950668335,-0.2440018653869629,0.2440018653869629
3,337,734bdafabcd698368b4bec97,1.0099999904632568,1.800795555114746,0.7907955646514893,0.7907955646514893
3,338,54b86e74f5aaeca7fcae42b8,1.9700000286102295,1.4369807243347168,-0.5330193042755127,0.5330193042755127
3,339,d42fe58a7a6877d828de57d6,0.75,1.1336394548416138,0.38363945484161377,0.38363945484161377
3,340,2320161678adeaaabe36bbbb,2.0868263244628906,2.4195942878723145,0.33276796340942383,0.33276796340942383
3,341,20430798a35c71c2b0a60ece,1.149999976158142,0.9775403738021851,-0.17245960235595703,0.17245960235595703
3,342,18fd1b7f0a44b76893ce7dc5,1.100000023841858,1.889083743095398,0.78908371925354,0.78908371925354
3,343,ff8707161428652143bd06f2,2.6600000858306885,2.8175392150878906,0.15753912925720215,0.15753912925720215
3,344,1534bad4faaa717880821ad6,1.2839967012405396,0.7033865451812744,-0.5806101560592651,0.5806101560592651
3,345,5326e0d20a68ce6af59ea06a,3.2531063556671143,3.1132307052612305,-0.1398756504058838,0.1398756504058838
3,346,1fe583fa3d41ba6cde355f06,1.3799999952316284,1.5954811573028564,0.21548116207122803,0.21548116207122803
3,347,dd8c6d8e052e1d8298410a2a,0.2907300293445587,0.8245645761489868,0.5338345766067505,0.5338345766067505
3,348,a9e78713a4bc7445b3f8873c,4.25,3.868497610092163,-0.3815023899078369,0.3815023899078369
3,349,ca994f65a841667ae35c81b8,2.2600324153900146,2.716201066970825,0.45616865158081055,0.45616865158081055
3,350,d40c6b1fb07425c3fe154710,1.7400000095367432,2.137350559234619,0.397350549697876,0.397350549697876
3,351,0cbe1f8b36d7573b6b4dfaee,-6.518514156341553,0.3695194721221924,6.888033866882324,6.888033866882324
3,352,a7a8460af8d35892526e5c9c,1.8700000047683716,1.8489323854446411,-0.02106761932373047,0.02106761932373047
3,353,1cd3baa22a9fd7e44d86412f,2.0,2.3043723106384277,0.30437231063842773,0.30437231063842773
3,354,d1daec8726a3fbe80d3cb099,1.8761483430862427,0.04838653653860092,-1.8277617692947388,1.8277617692947388
3,355,621182b067c9c2ed3f2d987f,2.609999895095825,2.2040138244628906,-0.40598607063293457,0.40598607063293457
3,356,ee0128b6d54c20fd3bfba618,0.3199999928474426,1.0368767976760864,0.7168768048286438,0.7168768048286438
3,357,6b6bcd31476c71c652caee72,3.8664610385894775,1.6558696031570435,-2.2105913162231445,2.2105913162231445
3,358,0ac63238ca0609da224a5983,1.707570195198059,1.747404932975769,0.03983473777770996,0.03983473777770996
3,359,8ea816c9d77670d32df9b59a,2.3399999141693115,1.935765027999878,-0.4042348861694336,0.4042348861694336
3,360,6c88c4a1d7a1e8c5fdbc61cc,1.0099999904632568,1.302321195602417,0.29232120513916016,0.29232120513916016
3,361,010238b6ce8fa5309c901cff,1.7599999904632568,1.3457872867584229,-0.414212703704834,0.414212703704834
3,362,3b160f87cc40673ffc477863,0.6777806878089905,0.6885216236114502,0.010740935802459717,0.010740935802459717
3,363,f404ad95945905e8d906fa02,0.1530446708202362,0.17129066586494446,0.018245995044708252,0.018245995044708252
3,364,bc987488f1c6ffac23127060,1.560219645500183,1.8417701721191406,0.2815505266189575,0.2815505266189575
3,365,41d0632622f14cb70293df55,2.1448445320129395,2.631591320037842,0.48674678802490234,0.48674678802490234
3,366,65c0a688cdaa0b041863c236,1.399999976158142,1.5779083967208862,0.17790842056274414,0.17790842056274414
3,367,a4fc4d94c52841114b9409d9,1.5099999904632568,2.3324785232543945,0.8224785327911377,0.8224785327911377
3,368,6f2e00350f0ffca88e07c76f,0.8899999856948853,0.6761586666107178,-0.21384131908416748,0.21384131908416748
3,369,aebea36be7d5fe5bf69447f7,0.7900000214576721,1.0934717655181885,0.30347174406051636,0.30347174406051636
3,370,4f19b4a07a5e63fd40b7e40e,0.5800442695617676,1.384158730506897,0.8041144609451294,0.8041144609451294
3,371,307d4bb233188e608901858e,2.2699999809265137,2.7368526458740234,0.46685266494750977,0.46685266494750977
3,372,aa41c4de8468fe81c1ad494d,0.3799999952316284,0.8497488498687744,0.469748854637146,0.469748854637146
3,373,84fb4a402031392220023542,1.1799999475479126,1.8057570457458496,0.625757098197937,0.625757098197937
3,374,b521f85e43184dad6dc51110,2.8499999046325684,2.775451183319092,-0.07454872131347656,0.07454872131347656
3,375,8bdaf28544701e083e9eff6a,1.2799999713897705,0.5624995827674866,-0.7175003886222839,0.7175003886222839
3,376,9f81309e69b5268c8e952f12,2.6716203689575195,2.236581325531006,-0.43503904342651367,0.43503904342651367
3,377,9ddec9aebebe307539188b92,2.431798219680786,2.5655746459960938,0.13377642631530762,0.13377642631530762
3,378,701e4f3f1258e676630eeeae,1.8700000047683716,1.695309042930603,-0.17469096183776855,0.17469096183776855
3,379,5000e3ef33cc42be343830b1,0.4532891511917114,0.5260999798774719,0.0728108286857605,0.0728108286857605
3,380,08add3f439f42455342b8e08,1.6575772762298584,4.0875725746154785,2.42999529838562,2.42999529838562
3,381,cb167216ef6e25de5ed1cc4d,3.823908805847168,4.087101459503174,0.26319265365600586,0.26319265365600586
3,382,8111632137e6c08bebed197f,3.8299999237060547,3.583181619644165,-0.24681830406188965,0.24681830406188965
3,383,2026189f7e7287d1d8a6a940,1.6575772762298584,1.688065767288208,0.03048849105834961,0.03048849105834961
3,384,c7b0d608b32ceabba2b1d264,1.9601894617080688,3.5395941734313965,1.5794047117233276,1.5794047117233276
3,385,a3679e6df1c761d8335fd7ee,3.7212464809417725,3.151484966278076,-0.5697615146636963,0.5697615146636963
3,386,86597df4b4e3c9fd90ed9bba,3.1983675956726074,2.6076693534851074,-0.5906982421875,0.5906982421875
3,387,8a68bbbff148c565ddc356af,2.3499999046325684,2.0964431762695312,-0.2535567283630371,0.2535567283630371
3,388,7b92c00c1fe3c2827c3c5171,1.3899999856948853,1.4995944499969482,0.10959446430206299,0.10959446430206299
3,389,e4031919bd0b09696bce2327,1.9700000286102295,1.8061716556549072,-0.16382837295532227,0.16382837295532227
3,390,399231ff57a14874820d5667,0.38999998569488525,1.3044624328613281,0.9144624471664429,0.9144624471664429
3,391,0b44dcdd2e54a7cd2b2fb9a6,2.140021562576294,2.134121894836426,-0.005899667739868164,0.005899667739868164
3,392,85cda56f7cc4730ebf74c91a,3.0,2.8080286979675293,-0.1919713020324707,0.1919713020324707
3,393,f7e39c49c9e71a1cc0db3e08,0.8500000238418579,1.2889103889465332,0.4389103651046753,0.4389103651046753
3,394,da3227b67455b60285d9ea9b,0.6600000262260437,0.369287371635437,-0.2907126545906067,0.2907126545906067
3,395,46246350cdb7e7a1ced1de07,1.9700000286102295,1.6966832876205444,-0.27331674098968506,0.27331674098968506
3,396,4f96fddb1fbb51adb7ec45e6,3.7899491786956787,3.7164177894592285,-0.0735313892364502,0.0735313892364502
3,397,0f2aaecb1a71f3c0577b900f,2.3299999237060547,1.957883358001709,-0.3721165657043457,0.3721165657043457
3,398,740d7a17ab4d6ac507916048,0.33000001311302185,0.8467670679092407,0.5167670249938965,0.5167670249938965
3,399,3cc3683c9673ca2f025127a2,1.1699999570846558,0.9585516452789307,-0.2114483118057251,0.2114483118057251
3,400,c49f7e980e0814f48230bf13,2.0999999046325684,1.5919747352600098,-0.5080251693725586,0.5080251693725586
3,401,984d08c86e90f6ba08181fba,0.7200000286102295,0.9206984043121338,0.2006983757019043,0.2006983757019043
3,402,6c867cd20f03c5e788ad28e6,1.940000057220459,1.2168195247650146,-0.7231805324554443,0.7231805324554443
3,403,fc3eeb52f7b3785368c7b578,0.75,1.3015199899673462,0.5515199899673462,0.5515199899673462
3,404,1021b15fb66a9eda3dae14ce,0.9900000095367432,1.0324511528015137,0.04245114326477051,0.04245114326477051
3,405,08d0e72fc7daa14903b355b0,3.124938726425171,3.308681011199951,0.18374228477478027,0.18374228477478027
3,406,ce650de9ee7aaa30f4d06775,2.395413875579834,2.8909125328063965,0.4954986572265625,0.4954986572265625
3,407,e2557be1e1ee5a851d807caa,1.5850266218185425,1.5788623094558716,-0.0061643123626708984,0.0061643123626708984
3,408,6aa6810995733f8a3df94b47,1.6575772762298584,1.6001734733581543,-0.0574038028717041,0.0574038028717041
3,409,99cfa7601ffe06209e5675f3,1.6100000143051147,1.3324310779571533,-0.2775689363479614,0.2775689363479614
3,410,5572c390a7562bde722bb92a,1.3600000143051147,1.493330717086792,0.13333070278167725,0.13333070278167725
3,411,c6f75e9c32e81cb6d28c48cc,2.113509178161621,1.9189763069152832,-0.1945328712463379,0.1945328712463379
3,412,8f1d410ea219f95f3138d5be,1.761439323425293,0.3557296395301819,-1.4057097434997559,1.4057097434997559
3,413,e9a17256c2c20e721ed447a9,1.1399999856948853,1.3185102939605713,0.17851030826568604,0.17851030826568604
3,414,b7c68cb6d9ce941d843f6847,1.2899999618530273,1.308781385421753,0.018781423568725586,0.018781423568725586
3,415,882e082ac3f829ba3e2d6717,2.0799999237060547,2.134333848953247,0.05433392524719238,0.05433392524719238
3,416,1f7f91ea90dcfc0760fb3456,1.0099999904632568,1.7175676822662354,0.7075676918029785,0.7075676918029785
3,417,15ba2292399c5fcb721bbcef,2.397939920425415,2.0266780853271484,-0.3712618350982666,0.3712618350982666
3,418,bb2df6fb32f0b29f656f98cf,-0.11999999731779099,1.071847915649414,1.1918479204177856,1.1918479204177856
3,419,2668be6ade7b0edb57c8799d,-0.5185139179229736,1.5447288751602173,2.0632429122924805,2.0632429122924805
3,420,c95f4de245f14188bba6b169,1.6200000047683716,2.099259853363037,0.4792598485946655,0.4792598485946655
3,421,a46270dc452a84e708d44379,2.059999942779541,2.4146859645843506,0.35468602180480957,0.35468602180480957
3,422,19f67b02adfcd4875a52f59a,2.6575772762298584,2.7690634727478027,0.11148619651794434,0.11148619651794434
3,423,1e0f60649b3eae8969ba473b,1.659999966621399,0.7419407367706299,-0.918059229850769,0.918059229850769
3,424,43172cd1afa2295f638101d2,1.909999966621399,1.3643567562103271,-0.5456432104110718,0.5456432104110718
3,425,5baa770914cb04eec6530226,2.690000057220459,3.078925132751465,0.38892507553100586,0.38892507553100586
3,426,53e1f900ace19f79bef9f8ff,1.7695510387420654,1.364035725593567,-0.40551531314849854,0.40551531314849854
3,427,dbd3c14d4b16726471bb30b6,3.3857357501983643,3.0538668632507324,-0.33186888694763184,0.33186888694763184
3,428,337906ed85ebfd9a8ac49b9b,1.0399999618530273,0.9524791240692139,-0.08752083778381348,0.08752083778381348
3,429,8d0ec4456f8e2e3684caa784,3.119999885559082,2.9837851524353027,-0.1362147331237793,0.1362147331237793
3,430,29871995e8c053985260f81b,3.301029920578003,3.1276955604553223,-0.17333436012268066,0.17333436012268066
3,431,069d14c556334421477cb551,0.9399999976158142,0.8797577619552612,-0.06024223566055298,0.06024223566055298
3,432,c7df16f7cb1ab0a5356045e0,1.8195439577102661,1.7452822923660278,-0.07426166534423828,0.07426166534423828
3,433,fd2a13cff961f558fddcd19b,0.9399999976158142,0.8441571593284607,-0.09584283828735352,0.09584283828735352
3,434,e5e1428254ef945cca8732ce,2.5,2.452080249786377,-0.04791975021362305,0.04791975021362305
3,435,02a5842614422d373cbfecb2,1.3700000047683716,0.7758592367172241,-0.5941407680511475,0.5941407680511475
3,436,827f42beba21ea1c1f8c4d35,1.1699999570846558,1.0970114469528198,-0.07298851013183594,0.07298851013183594
3,437,337a2df5e35879038e081185,1.0299999713897705,1.597288966178894,0.5672889947891235,0.5672889947891235
3,438,29a0b3ef5527dfbfd4eb3464,2.698970079421997,2.773686170578003,0.07471609115600586,0.07471609115600586
3,439,15a23c94b467dac9d5aed3f0,2.319999933242798,2.4902946949005127,0.17029476165771484,0.17029476165771484
3,440,20fbd002731c49e7eb47f6d3,2.2300000190734863,2.3146138191223145,0.08461380004882812,0.08461380004882812
3,441,44472491abb702552ec2cb9a,2.4357285499572754,3.0243582725524902,0.5886297225952148,0.5886297225952148
3,442,b54f7450dc72743587a9c3e6,1.4199999570846558,1.5317524671554565,0.11175251007080078,0.11175251007080078
3,443,50b172cdf8cd988460df82fc,3.4202163219451904,2.280665397644043,-1.1395509243011475,1.1395509243011475
3,444,64845fd8add2531b95f96ed7,2.3560540676116943,2.643364906311035,0.2873108386993408,0.2873108386993408
3,445,0f556caf72217eb56e947b11,0.8899999856948853,1.0536503791809082,0.16365039348602295,0.16365039348602295
3,446,0822acfcc6aac38ee2e7f3b1,4.431798458099365,3.4876279830932617,-0.9441704750061035,0.9441704750061035
3,447,6680dcca03bcfc4527016bda,2.359999895095825,2.1636979579925537,-0.19630193710327148,0.19630193710327148
3,448,d084cb7c0e49dfd207bb1666,0.9200000166893005,1.8164831399917603,0.8964831233024597,0.8964831233024597
3,449,f89e1ee956f0a6fd151c78b6,0.2199999988079071,0.21113073825836182,-0.008869260549545288,0.008869260549545288
3,450,fb2ffd6ce87881475f3887c1,1.899999976158142,1.7740254402160645,-0.12597453594207764,0.12597453594207764
3,451,54b17e16b31c694f191deda5,4.086185932159424,3.9189157485961914,-0.16727018356323242,0.16727018356323242
3,452,f336f2a0664423f04881b225,1.100000023841858,1.1045541763305664,0.004554152488708496,0.004554152488708496
3,453,a8423e0b6df4c039d07b062d,2.240000009536743,2.2006750106811523,-0.03932499885559082,0.03932499885559082
3,454,25de13301f97e1c4bbe97b67,2.193608045578003,2.050384998321533,-0.14322304725646973,0.14322304725646973
3,455,dc2b05a409bab372ac45c532,4.096909999847412,3.8807759284973145,-0.21613407135009766,0.21613407135009766
3,456,2c93d72f1677dde04224521d,2.6575772762298584,2.8756494522094727,0.21807217597961426,0.21807217597961426
3,457,0b3bf6cd14dd2877a4ba6cc0,1.090000033378601,1.788149118423462,0.6981490850448608,0.6981490850448608
3,458,50e8083bbd98674ef449f0d6,2.113509178161621,1.9189763069152832,-0.1945328712463379,0.1945328712463379
3,459,cfa1402763e66ac80dff515e,1.7958799600601196,1.0765349864959717,-0.719344973564148,0.719344973564148
3,460,f14cb80b79b6f6dc03d8b881,1.059999942779541,1.0052040815353394,-0.05479586124420166,0.05479586124420166
3,461,3af5192e71f8318d826c2afe,0.6200000047683716,1.1217584609985352,0.5017584562301636,0.5017584562301636
3,462,0ec989c98c802e4877f67081,4.180456161499023,3.4609973430633545,-0.719458818435669,0.719458818435669
3,463,6fb544f72ab12d3e6e3c4cb7,1.0299999713897705,1.3269023895263672,0.2969024181365967,0.2969024181365967
3,464,a743d26b09fe1c3ef9925513,4.236571788787842,4.487406253814697,0.25083446502685547,0.25083446502685547
3,465,591a5215e2cf464295bb5a2e,1.0399999618530273,1.0421907901763916,0.002190828323364258,0.002190828323364258
3,466,2885bbf30357367e142eaef5,2.6700000762939453,2.5146265029907227,-0.15537357330322266,0.15537357330322266
3,467,193574c0887c39c33200a2f6,1.1844664812088013,2.344756603240967,1.1602901220321655,1.1602901220321655
3,468,643f670ad3b9652e003fc653,0.7099999785423279,1.1424298286437988,0.43242985010147095,0.43242985010147095
3,469,c95516254388688834eb82a3,3.21543288230896,3.204456329345703,-0.010976552963256836,0.010976552963256836
3,470,43fbaad64c6cb8f4c315b4fe,2.609999895095825,2.5905301570892334,-0.019469738006591797,0.019469738006591797
3,471,f72d4c758c385208f6338e4e,2.9871628284454346,2.9827632904052734,-0.004399538040161133,0.004399538040161133
3,472,a29d2dbe7589cbfda5a8ba61,2.0899999141693115,1.5559883117675781,-0.5340116024017334,0.5340116024017334
3,473,5fca3886122ee07403a57a34,1.7400000095367432,1.5364723205566406,-0.20352768898010254,0.20352768898010254
3,474,756a40aa29ba0919b5296713,4.337242126464844,4.180538654327393,-0.15670347213745117,0.15670347213745117
3,475,f730f9172adcfcd0d155fe62,2.0299999713897705,2.1512622833251953,0.1212623119354248,0.1212623119354248
3,476,a90a7439d2deb24bbc886a42,3.8299999237060547,1.4347625970840454,-2.395237445831299,2.395237445831299
3,477,58031a73d2c71f542ed52df6,0.5850266814231873,1.1151736974716187,0.5301470160484314,0.5301470160484314
3,478,edc3fb0f950532f21d90ec8e,1.77211332321167,2.0564591884613037,0.2843458652496338,0.2843458652496338
3,479,25e3bb560fc10c58f05a4f94,0.2441251426935196,1.1458419561386108,0.9017168283462524,0.9017168283462524
3,480,c5be23c7010b682264375c7d,0.24176959693431854,0.7404181361198425,0.4986485242843628,0.4986485242843628
3,481,d8cbe2aa1bdfada43f3e7965,1.4299999475479126,1.508082628250122,0.07808268070220947,0.07808268070220947
3,482,1267583a87087e9f4e80ef64,1.4500000476837158,2.0482559204101562,0.5982558727264404,0.5982558727264404
3,483,cafbaa5d27cf5696e9e35c33,0.8999999761581421,1.421447515487671,0.5214475393295288,0.5214475393295288
3,484,0d372d77695e467af4ecd116,2.904017448425293,3.137817859649658,0.23380041122436523,0.23380041122436523
3,485,b49a8a8a871a5a5b0e7b6dc7,0.44999998807907104,1.4145727157592773,0.9645727276802063,0.9645727276802063
3,486,5a0a13216b28d3e1538ae466,3.0048036575317383,2.7247042655944824,-0.28009939193725586,0.28009939193725586
3,487,40ac00c6bd16ff50bf25d5b0,0.9399999976158142,1.2476550340652466,0.3076550364494324,0.3076550364494324
3,488,772955cc6a535ed2623cc6d5,1.6200000047683716,1.7899779081344604,0.16997790336608887,0.16997790336608887
3,489,7ae31861df5ac2bbccd887a3,1.6575772762298584,1.2431576251983643,-0.41441965103149414,0.41441965103149414
3,490,2f7c95693e8f83e80c341f98,1.9199999570846558,2.6242599487304688,0.704259991645813,0.704259991645813
3,491,d95eb923163d147e9e7f679f,0.5799999833106995,1.3931803703308105,0.8131803870201111,0.8131803870201111
3,492,28abcfc2cf46493dd2e08483,2.318758726119995,2.0933918952941895,-0.22536683082580566,0.22536683082580566
3,493,1a36f4d48de26951f851c66a,0.9599999785423279,1.3458271026611328,0.38582712411880493,0.38582712411880493
3,494,57e8f425b5a62a9fe22aa2fa,3.795880079269409,3.705660820007324,-0.09021925926208496,0.09021925926208496
3,495,5a333e74760cf3a45c7e2deb,0.5883802771568298,1.7780780792236328,1.1896977424621582,1.1896977424621582
3,496,d8d98b799a49ba221f5aa778,1.9800000190734863,2.217756986618042,0.23775696754455566,0.23775696754455566
3,497,f4df3d5230c02ece6274ed9e,1.92081880569458,1.3329259157180786,-0.5878928899765015,0.5878928899765015
3,498,f827bb5a1a95e05cdfdc7a84,1.7999999523162842,1.837423324584961,0.03742337226867676,0.03742337226867676
3,499,14a3c38a40ee02df81167749,1.5199999809265137,1.8259567022323608,0.30595672130584717,0.30595672130584717
3,500,0a057bc14fb1ae19077e783d,0.9599999785423279,1.1458795070648193,0.18587952852249146,0.18587952852249146
3,501,5e7a435d7dce6b99e7a8fd27,0.102372907102108,1.1058706045150757,1.0034977197647095,1.0034977197647095
3,502,5e96e8f90dddf998bacb34f0,2.1804561614990234,1.628610610961914,-0.5518455505371094,0.5518455505371094
3,503,422c300224b2af667f737ed7,2.119999885559082,2.291168689727783,0.17116880416870117,0.17116880416870117
3,504,1d2e66bf431727e030370eda,1.2033569812774658,1.1486767530441284,-0.0546802282333374,0.0546802282333374
3,505,362fe0b6d5863c87799d9cce,2.430000066757202,2.463210105895996,0.033210039138793945,0.033210039138793945
3,506,be176d0596307479b6df5745,0.9208187460899353,0.573095977306366,-0.34772276878356934,0.34772276878356934
3,507,d45332ba558c501417f9b1a1,1.649999976158142,1.773398995399475,0.12339901924133301,0.12339901924133301
3,508,468f433d2affab93e9f39257,2.0809218883514404,1.763770341873169,-0.3171515464782715,0.3171515464782715
3,509,c280e5ae814a8d86f93aab91,0.9200000166893005,1.4113954305648804,0.49139541387557983,0.49139541387557983
3,510,e5a7f0bb2382eedc7c677382,1.4600000381469727,1.5748324394226074,0.11483240127563477,0.11483240127563477
3,511,372afd9444dcf14540110ee4,1.5299999713897705,1.0412554740905762,-0.48874449729919434,0.48874449729919434
3,512,dbcd65f1903688eaabee3d21,1.7899999618530273,1.3484822511672974,-0.44151771068573,0.44151771068573
3,513,5ec8f83639490516a1372b66,1.0399999618530273,1.421394944190979,0.38139498233795166,0.38139498233795166
3,514,74fc8d55af62ae0150f01607,1.1677892208099365,2.0964279174804688,0.9286386966705322,0.9286386966705322
3,515,3815a66c0ab1c50a71b7fc11,1.2276782989501953,1.8831816911697388,0.6555033922195435,0.6555033922195435
3,516,2210c3288032c15e65ed13cf,0.0969100147485733,0.30922698974609375,0.21231697499752045,0.21231697499752045
3,517,e13c2a1e26e15dc4a281c3f6,1.3700000047683716,0.7587013244628906,-0.611298680305481,0.611298680305481
3,518,e8792769f8b3fb50206c6b91,2.568636178970337,1.979304313659668,-0.589331865310669,0.589331865310669
3,519,a7dbf8c16b1de52ac95ab0b5,1.384049892425537,2.4290618896484375,1.0450119972229004,1.0450119972229004
3,520,8d017e807a8b124367d382e9,1.340000033378601,1.220536470413208,-0.11946356296539307,0.11946356296539307
3,521,b9f402e430f4181af0e16974,0.4699999988079071,1.2809189558029175,0.810918927192688,0.810918927192688
3,522,2eacb72aacbedec8c0fa200e,0.949999988079071,1.6644480228424072,0.7144480347633362,0.7144480347633362
3,523,be3be663536987eb9080ace5,5.067018985748291,3.1211812496185303,-1.9458377361297607,1.9458377361297607
3,524,6dd131a4a11d700ffd4099cc,3.2266199588775635,2.841858148574829,-0.3847618103027344,0.3847618103027344
3,525,d073584bd20540bb79c22273,2.039529323577881,2.051854133605957,0.012324810028076172,0.012324810028076172
3,526,03d9d45cec39c02236a56dcc,0.7699999809265137,1.1986680030822754,0.4286680221557617,0.4286680221557617
3,527,8ab19595f6887dae01b9f7f5,-0.4313637614250183,0.7595134973526001,1.1908771991729736,1.1908771991729736
3,528,79cfab732acbb444a014140f,1.25,0.9945492744445801,-0.2554507255554199,0.2554507255554199
3,529,3c030ea37bfffc08b4ba33eb,2.180000066757202,1.9727520942687988,-0.20724797248840332,0.20724797248840332
3,530,23f1a08b3f7fb8c2bd180f29,3.75,3.2786221504211426,-0.4713778495788574,0.4713778495788574
3,531,bbb43f41d0aaefcf9c771b79,3.0705809593200684,2.2073488235473633,-0.8632321357727051,0.8632321357727051
3,532,49050d0871038f95188321e0,1.690000057220459,1.671521782875061,-0.01847827434539795,0.01847827434539795
3,533,21a2bcf03871a5f2e6461509,4.0,4.1368608474731445,0.13686084747314453,0.13686084747314453
3,534,0c5462716d72ec599f40989c,0.800000011920929,1.1536905765533447,0.35369056463241577,0.35369056463241577
3,535,c19d16ffe765081a9dd616a9,2.7695510387420654,2.274005889892578,-0.4955451488494873,0.4955451488494873
3,536,c8afa8cdf86fab283fc2f8d4,1.5700000524520874,1.7118926048278809,0.14189255237579346,0.14189255237579346
3,537,04a1375066dde67412bc03c4,2.4134128093719482,1.9890499114990234,-0.4243628978729248,0.4243628978729248
3,538,eb1d0cb29c38700fa43e7664,0.9700000286102295,0.9050590991973877,-0.0649409294128418,0.0649409294128418
3,539,32e17ac2ed2c6fe2e71742e5,3.3081514835357666,3.1685869693756104,-0.13956451416015625,0.13956451416015625
3,540,f37070bb5b4f0e893afc1655,1.090000033378601,1.9874083995819092,0.8974083662033081,0.8974083662033081
3,541,a565736d8ab335a0c1d82e9e,3.3124711513519287,2.7915515899658203,-0.5209195613861084,0.5209195613861084
3,542,0a8492ef60266f7f5bb9f1b1,1.409999966621399,1.1536554098129272,-0.2563445568084717,0.2563445568084717
3,543,97f506d7b74598de5eb10fde,0.75,0.5906568169593811,-0.1593431830406189,0.1593431830406189
3,544,77dd102782689b9ec042c0ed,2.8149869441986084,2.7611312866210938,-0.05385565757751465,0.05385565757751465
3,545,708f93dc68bdb96e6d9dd85c,3.619788646697998,3.4332492351531982,-0.1865394115447998,0.1865394115447998
3,546,d2357ac2d8e4218d12103f16,1.6056972742080688,2.6287145614624023,1.0230172872543335,1.0230172872543335
3,547,c09bbf925d1d140692d6cfc0,1.7799999713897705,1.8099145889282227,0.02991461753845215,0.02991461753845215
3,548,756f922815624bf5e97ea636,0.8600000143051147,1.5254830121994019,0.6654829978942871,0.6654829978942871
3,549,11a66d232e3b162de94cfb3a,2.7878124713897705,2.55094838142395,-0.2368640899658203,0.2368640899658203
3,550,b46c770c7944704f772fbdff,4.1191864013671875,3.7595109939575195,-0.35967540740966797,0.35967540740966797
3,551,9195895434d94ae0b79584ba,1.090000033378601,1.2187004089355469,0.1287003755569458,0.1287003755569458
3,552,641afa27dca1b6164461f114,2.4700000286102295,2.170224666595459,-0.2997753620147705,0.2997753620147705
3,553,1343363d7e3b97e4042c5751,4.268411159515381,3.939584970474243,-0.3288261890411377,0.3288261890411377
3,554,5a9105a21f623e2dc831a97b,0.5199999809265137,1.083892583847046,0.5638926029205322,0.5638926029205322
3,555,5744781c5ec7404bb2a4aaf6,1.690000057220459,2.005779504776001,0.315779447555542,0.315779447555542
3,556,c6b41733cd09d1dac7eb14b2,-0.9030900001525879,2.457568645477295,3.360658645629883,3.360658645629883
3,557,468d3bc75a1a457e1d53725e,2.193819999694824,1.027862787246704,-1.1659572124481201,1.1659572124481201
3,558,12c2dfb80fa684597b591c8b,3.124938726425171,2.564075231552124,-0.5608634948730469,0.5608634948730469
3,559,1eeb3e5834e1fe51f6d027e4,1.1100000143051147,1.213447093963623,0.1034470796585083,0.1034470796585083
3,560,9c8990f6ac8f14ace932243f,3.130000114440918,2.4365594387054443,-0.6934406757354736,0.6934406757354736
3,561,6ad333a232407697ca103bdd,3.0779805183410645,2.724484920501709,-0.35349559783935547,0.35349559783935547
3,562,a8e33c64198a5e55fd2a701f,2.180000066757202,1.5511270761489868,-0.6288729906082153,0.6288729906082153
3,563,2499d566c31234533721b6ba,1.2599999904632568,0.9082197546958923,-0.3517802357673645,0.3517802357673645
3,564,dd6a846757a0b448b291a8d7,0.6200000047683716,0.6242671012878418,0.004267096519470215,0.004267096519470215
3,565,1866b408e9920de00bf763f0,4.534616947174072,4.006589889526367,-0.5280270576477051,0.5280270576477051
3,566,61c1f0d19d2bacb34f346350,2.158015251159668,1.346787691116333,-0.811227560043335,0.811227560043335
3,567,786877579dc87169a1579a36,1.9299999475479126,2.3263754844665527,0.39637553691864014,0.39637553691864014
3,568,463a46ac035c7bd1e9530d1a,1.4199999570846558,3.0009849071502686,1.5809849500656128,1.5809849500656128
3,569,b0707eb476dba45a7211ec3d,2.214670181274414,1.7288354635238647,-0.4858347177505493,0.4858347177505493
3,570,58803e788da7e8df756d379b,4.248721122741699,3.868497610092163,-0.38022351264953613,0.38022351264953613
3,571,7a218d57599553df7dfa10e4,-0.5897924304008484,-0.2356063425540924,0.354186087846756,0.354186087846756
3,572,412c203f5bfc8c6fa3f8f316,0.18708664178848267,1.045698881149292,0.8586122393608093,0.8586122393608093
3,573,f1b23e92a5b0f3f7a75d7997,1.0299632549285889,2.0163469314575195,0.9863836765289307,0.9863836765289307
3,574,b93a947007986a4840fd4f8c,1.0499999523162842,1.0741969347000122,0.024196982383728027,0.024196982383728027
3,575,cc2a8ff9e5d7316248d66b50,1.659999966621399,1.3547008037567139,-0.30529916286468506,0.30529916286468506
3,576,876a00a02708d0f987c37e33,1.2100000381469727,0.9691048860549927,-0.24089515209197998,0.24089515209197998
3,577,afe2462b6196120437ac5cb3,3.2152841091156006,3.2169241905212402,0.0016400814056396484,0.0016400814056396484
3,578,80ed0426a129a1f601d4e116,1.159999966621399,1.9289064407348633,0.7689064741134644,0.7689064741134644
3,579,4103d945cff438e5a4f66bea,0.8199999928474426,1.2444738149642944,0.4244738221168518,0.4244738221168518
3,580,fd425a6c28f4354d41b41361,2.680000066757202,1.7310086488723755,-0.9489914178848267,0.9489914178848267
3,581,13530dc6021bf0c485afc025,1.2899999618530273,1.5487427711486816,0.2587428092956543,0.2587428092956543
3,582,51a4ad5de6560b31c7256bbc,2.5,2.561063289642334,0.061063289642333984,0.061063289642333984
3,583,f6887aef39e1ea3c77e0ff2e,0.588759183883667,1.280537724494934,0.6917785406112671,0.6917785406112671
3,584,0aa9e7b1cec581c6664b9830,1.350000023841858,1.417336106300354,0.0673360824584961,0.0673360824584961
3,585,636d1afb2317acacef70354f,3.3233063220977783,3.1312389373779297,-0.19206738471984863,0.19206738471984863
3,586,543c03739c8edcfc62830c0b,1.159999966621399,1.5401028394699097,0.38010287284851074,0.38010287284851074
3,587,4f0d6a8f48e8a3b364ff1078,1.5850266218185425,1.5788623094558716,-0.0061643123626708984,0.0061643123626708984
3,588,06c9a4c238289266fd8d7423,2.1700000762939453,2.352677345275879,0.1826772689819336,0.1826772689819336
3,589,b2db4a1e9509dbff5af373b7,0.8500000238418579,0.8997100591659546,0.04971003532409668,0.04971003532409668
3,590,02d2e0a0f7901e476a1a345b,1.6200000047683716,1.8414652347564697,0.22146522998809814,0.22146522998809814
3,591,93b82deb34fb1f8903514d8f,1.149999976158142,1.3933324813842773,0.24333250522613525,0.24333250522613525
3,592,1189640afceecf4ab8429bd2,2.490000009536743,2.744269371032715,0.2542693614959717,0.2542693614959717
3,593,d52010fd894690accb5dad9b,1.440000057220459,2.057874917984009,0.6178748607635498,0.6178748607635498
3,594,a3ccab165c22cad70318e228,1.1567672491073608,1.3781015872955322,0.2213343381881714,0.2213343381881714
3,595,fa775e08fd8f207956ff1b99,2.540996551513672,2.1737327575683594,-0.3672637939453125,0.3672637939453125
3,596,b5b92ff369d85066d862c68d,1.809999942779541,1.439827561378479,-0.370172381401062,0.370172381401062
3,597,738587875f6802e5d6cc186d,3.6777806282043457,4.053913593292236,0.3761329650878906,0.3761329650878906
3,598,df1d112644fd7f14454d62ad,3.4899914264678955,2.9995851516723633,-0.4904062747955322,0.4904062747955322
3,599,7d9aebdadb9573d8647923d0,1.2000000476837158,0.9990570545196533,-0.2009429931640625,0.2009429931640625
3,600,147243c30972783fa6f1d956,0.9900000095367432,0.9624001979827881,-0.027599811553955078,0.027599811553955078
3,601,63fdb9cf37e20a58266e8e1a,-0.08635982871055603,0.4360318183898926,0.522391676902771,0.522391676902771
3,602,f76a8df4458d608c6d78e719,1.9700000286102295,1.907203197479248,-0.06279683113098145,0.06279683113098145
3,603,b06b4a8b15157a8f3d395ba0,1.1299999952316284,1.2335468530654907,0.1035468578338623,0.1035468578338623
3,604,a9380c04a36bc01ade3f64d9,0.36051350831985474,0.195745587348938,-0.16476792097091675,0.16476792097091675
3,605,5ec7f2d9f20b266f58ec55a6,1.8700000047683716,1.1860145330429077,-0.6839854717254639,0.6839854717254639
3,606,d04563dcdf80965e4b4afd6a,3.5000381469726562,2.5595831871032715,-0.9404549598693848,0.9404549598693848
3,607,830b39dd5993214291dca64d,1.0390537977218628,2.9908084869384766,1.9517546892166138,1.9517546892166138
3,608,c2312baaf616973b0c8248a1,2.9712936878204346,2.4096012115478516,-0.561692476272583,0.561692476272583
3,609,9c25021f47a06d06d70e6b1a,1.1799999475479126,1.096851110458374,-0.08314883708953857,0.08314883708953857
3,610,8c787dad03c49bf8116d0a34,0.9599999785423279,1.713679313659668,0.7536793351173401,0.7536793351173401
3,611,c7d99c021017edee774c30c9,2.193819999694824,1.027862787246704,-1.1659572124481201,1.1659572124481201
3,612,e52ca26428eb950a242bc972,4.638272285461426,3.088351249694824,-1.5499210357666016,1.5499210357666016
3,613,c0970680541ae4705c41bdde,1.899999976158142,1.7154676914215088,-0.1845322847366333,0.1845322847366333
3,614,d68bf0d7fe52041b3dc5b2ac,0.1599999964237213,0.7152752876281738,0.5552753210067749,0.5552753210067749
3,615,133d9e32519dcce2c1ab5cc3,1.7699999809265137,2.0473532676696777,0.27735328674316406,0.27735328674316406
3,616,1684277582d5bea6a69f6afd,0.6819366812705994,0.7832987904548645,0.10136210918426514,0.10136210918426514
3,617,6da7def9e9356f7bd753ca30,0.8700000047683716,1.0625572204589844,0.1925572156906128,0.1925572156906128
3,618,9c642aec841b32382bcaa13f,2.1100263595581055,2.649134635925293,0.5391082763671875,0.5391082763671875
3,619,f4d606cb8bba709d2613ad64,0.7300000190734863,0.8974825739860535,0.16748255491256714,0.16748255491256714
3,620,32761d964ccf4a660624ae7d,1.6699999570846558,1.6628062725067139,-0.0071936845779418945,0.0071936845779418945
3,621,7cf5c443c3601b9713b76a10,2.5421180725097656,1.9862024784088135,-0.5559155941009521,0.5559155941009521
3,622,90b2ff83a3c8a7ec831aade2,2.0299999713897705,2.510782241821289,0.48078227043151855,0.48078227043151855
3,623,f0c15f2de51f42aa3ad0f340,2.4800000190734863,1.8455116748809814,-0.6344883441925049,0.6344883441925049
3,624,d6e5d04245de560ef6b34815,4.193819999694824,4.00568151473999,-0.18813848495483398,0.18813848495483398
3,625,0b3db5d24fc6541d22c0195d,1.8648673295974731,1.2142882347106934,-0.6505790948867798,0.6505790948867798
3,626,ee66beccdd7c92e120aef2fa,0.23999999463558197,0.7178336381912231,0.47783362865448,0.47783362865448
3,627,cbf0853909af2337385150ad,0.3400000035762787,0.7710810303688049,0.43108102679252625,0.43108102679252625
3,628,830603425c6c0662f4d1427d,1.0099999904632568,1.272002935409546,0.26200294494628906,0.26200294494628906
3,629,bf7ee1ba79d6d9e28dc14521,2.25,2.5260720252990723,0.27607202529907227,0.27607202529907227
3,630,1055ee3678db150ede2fbb1c,3.268411159515381,3.2541661262512207,-0.014245033264160156,0.014245033264160156
3,631,7d9c5581d9e3cbc94293e05f,1.7899999618530273,2.0093865394592285,0.21938657760620117,0.21938657760620117
3,632,284bcd436ce86b0ee9971f31,3.886056661605835,4.086413860321045,0.20035719871520996,0.20035719871520996
3,633,291f9badbd2aff428e5a4ec8,2.7166988849639893,3.2285900115966797,0.5118911266326904,0.5118911266326904
3,634,2efcfe4f7beacbaf55ec5e74,-4.274158000946045,-1.2190616130828857,3.055096387863159,3.055096387863159
3,635,47bec49372f0aa11295a6f6d,4.1191864013671875,4.09823751449585,-0.02094888687133789,0.02094888687133789
3,636,6737cba7192b553f09248c68,0.800000011920929,1.0236291885375977,0.2236291766166687,0.2236291766166687
3,637,5105410466cb48a5f31ec5a3,1.809999942779541,2.097532272338867,0.28753232955932617,0.28753232955932617
3,638,06f0e256d1242d39b960c82e,2.112607717514038,2.1018857955932617,-0.010721921920776367,0.010721921920776367
3,639,27ce8bc466acae2d778a824c,1.6100000143051147,0.5851333141326904,-1.0248667001724243,1.0248667001724243
3,640,82391ba1bf58fa5afe573f65,1.4600000381469727,1.6545324325561523,0.1945323944091797,0.1945323944091797
3,641,e4ecee0b9e96af97bce9c3a5,1.8446639776229858,2.398764133453369,0.5541001558303833,0.5541001558303833
3,642,7116abe5df7b0e4f7c26e83b,2.0999999046325684,1.221232295036316,-0.8787676095962524,0.8787676095962524
3,643,c182e3d68e4e0922ff9e65b1,2.931364059448242,2.664999485015869,-0.26636457443237305,0.26636457443237305
3,644,a262013016639f560dd22993,3.698970079421997,3.5836753845214844,-0.1152946949005127,0.1152946949005127
3,645,ca0ba47e417501bc99f24afa,1.600000023841858,2.756152868270874,1.1561528444290161,1.1561528444290161
3,646,93922eba5da77df277296ed7,1.9586073160171509,1.054831862449646,-0.9037754535675049,0.9037754535675049
3,647,b8378644365bf47dd02a5e54,1.309999942779541,2.838038921356201,1.5280389785766602,1.5280389785766602
3,648,861cc195334148ebd8a54c62,3.7212464809417725,2.273768901824951,-1.4474775791168213,1.4474775791168213
3,649,a6b0b8d7f40d638d945bf309,2.880000114440918,1.4315601587295532,-1.4484399557113647,1.4484399557113647
3,650,22f73d34dedf51a362a6303b,1.6299999952316284,1.51703941822052,-0.1129605770111084,0.1129605770111084
3,651,f6af67454a197a6fd84f591f,0.7699999809265137,0.9627254009246826,0.19272541999816895,0.19272541999816895
3,652,baec903cf27001832317c77a,1.0700000524520874,0.8956607580184937,-0.17433929443359375,0.17433929443359375
3,653,3e6eeeb0201e3f9ba8b2c4e5,1.9600000381469727,1.9391241073608398,-0.020875930786132812,0.020875930786132812
3,654,404605d864daf7dc33a4b113,2.0199999809265137,2.554586887359619,0.5345869064331055,0.5345869064331055
3,655,f1cbf496f16c6fc02ba08737,0.7300000190734863,1.3448433876037598,0.6148433685302734,0.6148433685302734
3,656,b69fa83b888960c3713abe34,1.8799999952316284,1.1153415441513062,-0.7646584510803223,0.7646584510803223
3,657,27af28cc50603fd8afb1be4e,1.7400000095367432,2.1827449798583984,0.4427449703216553,0.4427449703216553
3,658,196017ed620d335c0d0fb6e5,0.6000000238418579,1.8739213943481445,1.2739213705062866,1.2739213705062866
3,659,8215465dd3dd553ea20b4120,1.5850266218185425,2.027730941772461,0.44270431995391846,0.44270431995391846
3,660,002d7544026bb397d311fa70,4.0,4.04326868057251,0.043268680572509766,0.043268680572509766
3,661,842d7fa45b376b57061301bd,3.454692840576172,3.4209189414978027,-0.03377389907836914,0.03377389907836914
3,662,473ac9a560d0db59e9c0d9f4,2.009999990463257,1.5746138095855713,-0.43538618087768555,0.43538618087768555
3,663,e4b3bbc9b2793b68d3b92795,1.275724172592163,0.230428546667099,-1.0452955961227417,1.0452955961227417
3,664,22d04831047cdca8a9d6f102,4.200659275054932,4.138845920562744,-0.0618133544921875,0.0618133544921875
3,665,eb3fc5699653272f06b3edf7,2.0,2.681675434112549,0.6816754341125488,0.6816754341125488
3,666,2d01336cc141069e1ad4a55f,2.440000057220459,2.773027181625366,0.3330271244049072,0.3330271244049072
3,667,1437413eaf645afc755ce939,1.5499999523162842,1.8066056966781616,0.25660574436187744,0.25660574436187744
3,668,f90f46ff7409e1168c03fba1,0.8600000143051147,0.8132187128067017,-0.046781301498413086,0.046781301498413086
3,669,b8bc424c8a3c25474f9ec518,4.214670181274414,4.035874843597412,-0.17879533767700195,0.17879533767700195
3,670,a555ee0a2bf4381e3914e571,0.8899999856948853,1.1422735452651978,0.2522735595703125,0.2522735595703125
3,671,0a4b04bc1d91ad60d7a43fe5,1.9586073160171509,1.054831862449646,-0.9037754535675049,0.9037754535675049
3,672,6d359153a56dbf9726658819,-0.49136170744895935,1.3792355060577393,1.870597243309021,1.870597243309021
3,673,79550cbc2a4b3d2e4b7320ff,4.301030158996582,3.9863333702087402,-0.3146967887878418,0.3146967887878418
3,674,3930a5ebf079d5ee6d78c654,0.41999998688697815,1.5030921697616577,1.083092212677002,1.083092212677002
3,675,5773b09218adb12819c65d7e,0.10999999940395355,0.8721897602081299,0.7621897459030151,0.7621897459030151
3,676,205c77b2140330d181dee902,1.6200000047683716,2.201246976852417,0.5812469720840454,0.5812469720840454
3,677,98ac9f73a6cd31d8e45fdaac,2.549999952316284,2.6882128715515137,0.1382129192352295,0.1382129192352295
3,678,5bab1772c193efae5578172c,2.5399999618530273,3.048715353012085,0.5087153911590576,0.5087153911590576
3,679,1bc77fc426060a135bb9cdc1,1.1765257120132446,1.9967007637023926,0.820175051689148,0.820175051689148
3,680,29d17b5125ca09a330e7264d,1.7300000190734863,2.075535774230957,0.3455357551574707,0.3455357551574707
3,681,62685aa2a35c4ce1efaedb46,1.7695510387420654,1.364035725593567,-0.40551531314849854,0.40551531314849854
3,682,87e900ac69c862ac7110e57f,1.9586073160171509,1.054831862449646,-0.9037754535675049,0.9037754535675049
3,683,1adbe3bb01206446105c721a,1.850000023841858,1.5917288064956665,-0.2582712173461914,0.2582712173461914
3,684,77285e5a767d9e3809f5b12b,0.24184538424015045,0.7404181361198425,0.49857276678085327,0.49857276678085327
3,685,f25391bf5104c29d91a83768,1.659999966621399,1.1171975135803223,-0.5428024530410767,0.5428024530410767
3,686,51c30f432efa916756a9ad3d,4.12493896484375,3.706432819366455,-0.4185061454772949,0.4185061454772949
3,687,f17f26df6b8a9f34e9a77dcc,3.3309929370880127,2.907248020172119,-0.42374491691589355,0.42374491691589355
3,688,c0c21afbb4d49beefd0c4980,0.6200000047683716,1.0024994611740112,0.38249945640563965,0.38249945640563965
3,689,068f86b202bf5585f799f259,1.4700000286102295,1.0866903066635132,-0.3833097219467163,0.3833097219467163
3,690,e6638b0d91e269e17bd2b028,2.0899999141693115,2.23960280418396,0.14960289001464844,0.14960289001464844
3,691,a17f9927f49ec3c592169b30,1.5934598445892334,1.3455195426940918,-0.2479403018951416,0.2479403018951416
3,692,3acd976a04f5fa706a2297b8,0.8538719415664673,1.6231045722961426,0.7692326307296753,0.7692326307296753
3,693,d20079b145d9888ac550d19c,1.0757206678390503,1.9056493043899536,0.8299286365509033,0.8299286365509033
3,694,2db1598c1b19472a5a25d6b1,2.1804561614990234,1.628610610961914,-0.5518455505371094,0.5518455505371094
3,695,451d91561dd06452ab32529e,1.2799999713897705,1.7419824600219727,0.46198248863220215,0.46198248863220215
3,696,b33e96f492e66d9a2df4d8fd,1.8200000524520874,1.4020262956619263,-0.41797375679016113,0.41797375679016113
3,697,e4b6b2ad4f29a456829354e6,2.857037305831909,2.391505002975464,-0.4655323028564453,0.4655323028564453
3,698,53d476846b8c7cf4fc8bee4f,0.5800442695617676,1.3351563215255737,0.7551120519638062,0.7551120519638062
3,699,9f5de87fff5f133ef1c4bf24,1.940000057220459,1.494899034500122,-0.4451010227203369,0.4451010227203369
3,700,65ccc75887304ab1da43351e,0.6352614164352417,1.0997025966644287,0.464441180229187,0.464441180229187
3,701,4df71c41eb100c9b2fa1c187,2.537601947784424,2.4422473907470703,-0.09535455703735352,0.09535455703735352
3,702,dee8a0a807e3ed762117e75d,1.5100414752960205,1.5018625259399414,-0.008178949356079102,0.008178949356079102
3,703,1b66f96ad4b6bba8c7709c91,3.92081880569458,3.8211162090301514,-0.09970259666442871,0.09970259666442871
3,704,fc40cf88612d9c9309c11b00,1.3700000047683716,1.2158325910568237,-0.15416741371154785,0.15416741371154785
3,705,c51815eedb5cf5269db7fae9,2.180000066757202,2.3303074836730957,0.15030741691589355,0.15030741691589355
3,706,2375aa4638e93f294cdf5b4d,3.552841901779175,3.426009178161621,-0.1268327236175537,0.1268327236175537
3,707,b13aea96a3f068ba522ea365,1.7000000476837158,1.4262444972991943,-0.2737555503845215,0.2737555503845215
3,708,9ce44c6e530d974673ef6eca,1.92081880569458,1.2764852046966553,-0.6443336009979248,0.6443336009979248
3,709,760a131fa9b932af690023b3,2.390000104904175,1.8842118978500366,-0.5057882070541382,0.5057882070541382
3,710,ff29a0eaf1e33b822ff3ee59,3.950782060623169,1.6655385494232178,-2.285243511199951,2.285243511199951
3,711,a59c8e9b78eb5e6c070c115d,4.267606258392334,3.688530683517456,-0.5790755748748779,0.5790755748748779
3,712,8760fd63e36eab77785d7b0f,0.25,1.7737714052200317,1.5237714052200317,1.5237714052200317
3,713,04a0e3a405513f4aa5c6a1fa,0.9599999785423279,0.9212052822113037,-0.03879469633102417,0.03879469633102417
3,714,35be7761147cb5e4ca8f1b03,0.5850266814231873,1.1151736974716187,0.5301470160484314,0.5301470160484314
3,715,707fc009484a4cbd9c4eeafc,2.6964261531829834,2.3433072566986084,-0.353118896484375,0.353118896484375
3,716,47df91646d974797144381c3,2.8196828365325928,2.8044979572296143,-0.015184879302978516,0.015184879302978516
3,717,66bdb8a3c5c0d6eab5aa4d14,2.102372884750366,1.1058706045150757,-0.9965022802352905,0.9965022802352905
3,718,23a8b621659d9edea022c81f,1.9299999475479126,0.9045674800872803,-1.0254324674606323,1.0254324674606323
3,719,8a02d0464b9697aa3eb53b00,1.7999999523162842,1.6379231214523315,-0.16207683086395264,0.16207683086395264
3,720,de10e75a74021b9e2339906e,0.6700000166893005,1.380274772644043,0.7102747559547424,0.7102747559547424
3,721,43b618f95e05fb78a879dfd5,0.6899999976158142,0.6680087447166443,-0.021991252899169922,0.021991252899169922
3,722,b6e5a431f4f8ccb281110105,0.4399999976158142,1.5427178144454956,1.1027178764343262,1.1027178764343262
3,723,843f34f3909b6b29b0bd9c8e,0.75,1.5280063152313232,0.7780063152313232,0.7780063152313232
3,724,35537a737a0fb63e928c080c,0.4300000071525574,0.801056981086731,0.3710569739341736,0.3710569739341736
3,725,41f52da09819a824de391a6b,4.327902317047119,3.623615264892578,-0.704287052154541,0.704287052154541
3,726,49f6881a6c83e8695aaa09da,1.9089354276657104,2.0564591884613037,0.14752376079559326,0.14752376079559326
3,727,ce750f108e1b3d5c6bd67ee5,4.2600321769714355,3.34089994430542,-0.9191322326660156,0.9191322326660156
3,728,4ddbdb1a6651425b13a6a422,1.1699999570846558,1.8285430669784546,0.6585431098937988,0.6585431098937988
3,729,5eca291a9ab66729d3106eda,1.0800000429153442,0.8714781403541565,-0.20852190256118774,0.20852190256118774
3,730,026fe51137edc1090bdc22c2,0.4718487560749054,0.7595134973526001,0.2876647412776947,0.2876647412776947
3,731,d30cc8228c75563413f6b87e,0.8999999761581421,1.57322096824646,0.6732209920883179,0.6732209920883179
3,732,c1eac049fe64638e3af0ac69,1.7699999809265137,1.6421232223510742,-0.12787675857543945,0.12787675857543945
3,733,47e0548b5c9feaa22edb2dd8,3.187086582183838,2.923719882965088,-0.26336669921875,0.26336669921875
3,734,0d86426f8090f3ebe0e5f46d,0.8799999952316284,1.1687688827514648,0.2887688875198364,0.2887688875198364
3,735,2e1948da8f2b73dd6555108a,2.346787452697754,2.095414638519287,-0.2513728141784668,0.2513728141784668
3,736,3db2c9e5c01f7c7ce64e8c11,2.3299999237060547,1.928333044052124,-0.40166687965393066,0.40166687965393066
3,737,fe6d269f9c7eb581c33ee2f1,1.8761483430862427,-0.06944897025823593,-1.9455972909927368,1.9455972909927368
3,738,5cb6078b7f73f93a217cdf0d,1.4700000286102295,1.4156509637832642,-0.05434906482696533,0.05434906482696533
3,739,560cca6a439fef4f4009249c,2.7878124713897705,2.362464427947998,-0.42534804344177246,0.42534804344177246
3,740,b5dda12ae70f44388c2697e0,1.8300000429153442,3.0193727016448975,1.1893726587295532,1.1893726587295532
3,741,06a8075a9803d146ce5b4c10,1.2100000381469727,2.350968837738037,1.1409687995910645,1.1409687995910645
3,742,f209115db52064236e52cf5b,2.25,2.1518850326538086,-0.0981149673461914,0.0981149673461914
3,743,19246d01e069737410a233d0,-0.03999999910593033,0.7819260954856873,0.8219261169433594,0.8219261169433594
3,744,fe5b749a70fa81aad9a5cff9,0.7475183606147766,0.6885216236114502,-0.058996737003326416,0.058996737003326416
3,745,5e501bff0829995e3158746d,3.182434558868408,3.1432642936706543,-0.039170265197753906,0.039170265197753906
3,746,23e63ad51f3a281d3543dd95,3.9200000762939453,3.1791090965270996,-0.7408909797668457,0.7408909797668457
3,747,cc8ed2aa927e2464e800393f,2.860121011734009,3.2976462841033936,0.43752527236938477,0.43752527236938477
3,748,899089fbc15c1f71b1d3021f,1.8200000524520874,2.1819000244140625,0.3618999719619751,0.3618999719619751
3,749,0e3755cb620e24cffbab5d54,0.9355419874191284,0.2105560600757599,-0.7249859571456909,0.7249859571456909
3,750,90798f1bbd90365eaca6a31d,1.2899999618530273,1.3664205074310303,0.07642054557800293,0.07642054557800293
3,751,7a88d8d5a5ca3a6c21f56325,3.698970079421997,3.7953193187713623,0.09634923934936523,0.09634923934936523
3,752,88b427e4b70e8820f62c8d1b,1.5800000429153442,2.338524341583252,0.7585242986679077,0.7585242986679077
3,753,c07aad883010267e06924997,1.9199999570846558,2.2260074615478516,0.3060075044631958,0.3060075044631958
3,754,113985598a76e566e7c17be1,2.3973536491394043,2.21560001373291,-0.18175363540649414,0.18175363540649414
3,755,9fa53b8ffc7722eed1e81c74,2.6575772762298584,3.868086099624634,1.2105088233947754,1.2105088233947754
3,756,ea215b9c1541d6ee3150208e,3.778151273727417,3.461590528488159,-0.3165607452392578,0.3165607452392578
3,757,fac56f7920cf6410c1c7b6cf,0.8299999833106995,0.6883583068847656,-0.14164167642593384,0.14164167642593384
3,758,1d416a6cde1d547edf0dd1ae,1.0399999618530273,0.7712708711624146,-0.2687290906906128,0.2687290906906128
3,759,082bf0a35f663a6f872884cd,0.8399999737739563,1.14253568649292,0.3025357127189636,0.3025357127189636
3,760,65de24c90bdcc1fd0bcd96a7,0.3799999952316284,0.7661266326904297,0.38612663745880127,0.38612663745880127
3,761,0be95bab60018920d4396877,1.9048306941986084,2.2741823196411133,0.3693516254425049,0.3693516254425049
3,762,e98b79480053dcc96d722808,1.0700000524520874,1.6014055013656616,0.5314054489135742,0.5314054489135742
3,763,eb6c0f06af498933dfd1e280,3.823908805847168,4.087183475494385,0.2632746696472168,0.2632746696472168
3,764,35ec6e3a8e1b8b14b9e99924,1.2400000095367432,0.9630216360092163,-0.27697837352752686,0.27697837352752686
3,765,58d1526a521ab46df7836cdb,1.4710832834243774,0.708164632320404,-0.7629186511039734,0.7629186511039734
3,766,3963eedb0c8fb827e7631166,1.3799999952316284,1.7034739255905151,0.3234739303588867,0.3234739303588867
3,767,9658da798b7e67d16b428bab,1.3979400396347046,1.6467094421386719,0.24876940250396729,0.24876940250396729
3,768,e6ef2c97aa965e43a33c0142,2.9700000286102295,2.8592371940612793,-0.1107628345489502,0.1107628345489502
3,769,11d98b1d11eb92a55ee1ecb1,1.399999976158142,1.4890233278274536,0.08902335166931152,0.08902335166931152
3,770,178f6b49d9ed0b6c4d13839e,3.3098039627075195,2.8466920852661133,-0.46311187744140625,0.46311187744140625
3,771,fb36740ed895828b02e2b12d,1.5,1.226952075958252,-0.27304792404174805,0.27304792404174805
3,772,4fb4cd9144e254a809b4cc00,1.0099999904632568,1.359492540359497,0.34949254989624023,0.34949254989624023
3,773,963fd8114702374c51b0a94a,0.3199999928474426,0.4192458391189575,0.09924584627151489,0.09924584627151489
3,774,a11bb062eec69f0cd4cd4f9d,2.190000057220459,1.9816105365753174,-0.2083895206451416,0.2083895206451416
3,775,d0d9904d67439137269c1645,2.190000057220459,2.481123447418213,0.2911233901977539,0.2911233901977539
3,776,ede36670b4b17ac0803084fa,1.75,1.7792876958847046,0.02928769588470459,0.02928769588470459
3,777,8270714b1ed026a1298c2f82,3.6575772762298584,3.5501112937927246,-0.10746598243713379,0.10746598243713379
3,778,8c127f96b5205f5eda6462ee,3.556072235107422,2.1000075340270996,-1.4560647010803223,1.4560647010803223
3,779,8fe93fe1608c17053ecce2fc,0.9599999785423279,1.2414064407348633,0.2814064621925354,0.2814064621925354
3,780,8b284abc2a82cc460baf6e92,1.2100000381469727,1.072786569595337,-0.13721346855163574,0.13721346855163574
3,781,8249c07d2a46291606d82687,3.409554958343506,2.9751787185668945,-0.43437623977661133,0.43437623977661133
3,782,04eaf0e505faf009ba167834,3.387216091156006,2.2563323974609375,-1.1308836936950684,1.1308836936950684
3,783,ab1c68d9da55ed484a1dcacd,1.1399999856948853,1.1565217971801758,0.016521811485290527,0.016521811485290527
3,784,bde5c5a71e89858a73ec2ec0,0.8500000238418579,0.570298969745636,-0.2797010540962219,0.2797010540962219
3,785,f996758881a25421f2a6b3d4,1.1799999475479126,0.8841922879219055,-0.2958076596260071,0.2958076596260071
3,786,ce19702a86d28d39dcfb63e1,2.5300307273864746,3.073814630508423,0.5437839031219482,0.5437839031219482
3,787,93caa5ebc3734454d016ec63,2.369999885559082,1.808415412902832,-0.56158447265625,0.56158447265625
3,788,12609be3d44d10292ccb2d5e,0.4000000059604645,-0.12968581914901733,-0.5296858549118042,0.5296858549118042
3,789,99e22ea12f96de0cd968e99d,2.140000104904175,2.076871395111084,-0.06312870979309082,0.06312870979309082
3,790,610f1a819582b8d45de4aaf5,2.086186170578003,1.6816262006759644,-0.4045599699020386,0.4045599699020386
3,791,0ce788808d4228e29ca2ae90,1.559999942779541,1.9426785707473755,0.3826786279678345,0.3826786279678345
3,792,73c25567dd3b65ccefdfe47f,1.9505916833877563,1.5760843753814697,-0.3745073080062866,0.3745073080062866
3,793,77ba66700a0fe0205ad5d9e0,4.045757293701172,3.9749197959899902,-0.07083749771118164,0.07083749771118164
3,794,ed4e961a73305823234315d0,2.7212464809417725,2.256934881210327,-0.4643115997314453,0.4643115997314453
3,795,e66100c943bbc81ff448a1af,3.6635403633117676,3.3756561279296875,-0.2878842353820801,0.2878842353820801
3,796,9a7c2db75a84208db469bc48,2.0399999618530273,1.7477216720581055,-0.2922782897949219,0.2922782897949219
3,797,648a8bd173f534aba6aa29a5,1.2502636909484863,1.8422917127609253,0.592028021812439,0.592028021812439
3,798,76a18e9d45450b6b2f302abd,2.819999933242798,2.778308868408203,-0.04169106483459473,0.04169106483459473
3,799,fcb0c5fe903fc7ab37982196,1.3899999856948853,1.8410059213638306,0.4510059356689453,0.4510059356689453
3,800,761f77779453e7e590068e0b,1.5,1.643907070159912,0.1439070701599121,0.1439070701599121
3,801,c623fcc60fceeafd32bad842,3.069999933242798,3.0528945922851562,-0.0171053409576416,0.0171053409576416
3,802,497ab006fd1f3c8b2560091d,2.490000009536743,2.0550732612609863,-0.43492674827575684,0.43492674827575684
3,803,695f98008f1f522caebba20a,2.045757532119751,1.3607097864151,-0.6850477457046509,0.6850477457046509
3,804,47f99cb4a6ad8685bf09cf2c,2.397939920425415,2.1547913551330566,-0.2431485652923584,0.2431485652923584
3,805,f7bca25b46d600ff35eb3c68,0.9700000286102295,1.0519658327102661,0.08196580410003662,0.08196580410003662
3,806,f93569010296c025336dc37d,0.7099999785423279,1.6726080179214478,0.9626080393791199,0.9626080393791199
3,807,62508c0b4cfb56e7a86a32dc,0.7099999785423279,0.8521873950958252,0.14218741655349731,0.14218741655349731
3,808,0d0d0379064b75bd3acf9a75,0.8799999952316284,1.5130397081375122,0.6330397129058838,0.6330397129058838
3,809,3bdb5e436b2ce82ae6401763,2.450000047683716,1.7413508892059326,-0.7086491584777832,0.7086491584777832
3,810,9bf7535efaa468d79ade67c2,4.150028228759766,3.7126736640930176,-0.43735456466674805,0.43735456466674805
3,811,8d32239cdf23c3c8e98efb77,0.8761483430862427,0.7285531759262085,-0.14759516716003418,0.14759516716003418
3,812,79c7949d185f3f1518864cbe,1.600000023841858,2.0860328674316406,0.4860328435897827,0.4860328435897827
3,813,a07f6870a93ace144ff5402f,2.069999933242798,1.523032307624817,-0.546967625617981,0.546967625617981
3,814,f8ae3676c1a657e808a4121c,2.369999885559082,2.5699944496154785,0.19999456405639648,0.19999456405639648
3,815,ca741cb5c612e6575abf84cd,1.2000000476837158,1.0786195993423462,-0.12138044834136963,0.12138044834136963
3,816,28ec33fcbb307c738616535b,0.4099999964237213,0.8279695510864258,0.41796955466270447,0.41796955466270447
3,817,8a1abe94525a4472576de48f,1.2100000381469727,1.5869953632354736,0.376995325088501,0.376995325088501
3,818,3fd751b9e1f16681f077cf18,2.4700000286102295,2.5613996982574463,0.0913996696472168,0.0913996696472168
3,819,3a7e05a310e29266a883c4a0,2.1500000953674316,1.6550090312957764,-0.4949910640716553,0.4949910640716553
3,820,37ff6b7e1d1321a965d6bf91,1.2300000190734863,1.3044657707214355,0.07446575164794922,0.07446575164794922
3,821,8499b5b9a0c92494122313ef,-0.11058971285820007,1.2802250385284424,1.3908147811889648,1.3908147811889648
3,822,ae9c3f172a0207dad5c66a0e,0.5917600393295288,0.9206975698471069,0.3289375305175781,0.3289375305175781
3,823,b89d00a221c01a063e276dbc,1.850000023841858,1.1395914554595947,-0.7104085683822632,0.7104085683822632
3,824,af146b2103ce8edd63c67744,1.2200000286102295,2.092665433883667,0.8726654052734375,0.8726654052734375
3,825,1a725c188da3daad9c0e1e8e,1.8446639776229858,2.447540521621704,0.6028765439987183,0.6028765439987183
3,826,e63b97edb68bf6f90181879b,2.1199872493743896,1.9999053478240967,-0.12008190155029297,0.12008190155029297
3,827,707d697246ccc45a842c0080,4.1191864013671875,3.5804085731506348,-0.5387778282165527,0.5387778282165527
3,828,50fd938068fd266b15bd4bbb,1.5399999618530273,1.802276611328125,0.26227664947509766,0.26227664947509766
3,829,29e8c26e8c2a77a9ae5589bf,3.494849920272827,4.111317157745361,0.6164672374725342,0.6164672374725342
3,830,cf95c26f35f752c9ab6625e9,1.9900000095367432,1.7425285577774048,-0.24747145175933838,0.24747145175933838
3,831,a5d0c793e79d54c53d3142ab,1.4500000476837158,1.5373790264129639,0.08737897872924805,0.08737897872924805
3,832,bdc661ba50a766388e5861b5,1.3767507076263428,1.5811052322387695,0.20435452461242676,0.20435452461242676
3,833,d970b2d00bd7246a6db6dcc2,2.559999942779541,2.5510499477386475,-0.008949995040893555,0.008949995040893555
3,834,c4ef0a9c844ca82842ad229b,0.9800000190734863,1.2018766403198242,0.2218766212463379,0.2218766212463379
3,835,5d45a1da82d061e92a1678b6,4.2924299240112305,2.191368579864502,-2.1010613441467285,2.1010613441467285
3,836,75287b5ece597df033e02ecb,1.8300000429153442,2.065427780151367,0.23542773723602295,0.23542773723602295
3,837,315a3b75db54b7157ea1824d,0.6800000071525574,1.8101110458374023,1.1301109790802002,1.1301109790802002
3,838,52f93b3c2e3bb5ee93c29912,1.8761483430862427,1.2838466167449951,-0.5923017263412476,0.5923017263412476
3,839,a2a3eb6ac2ef1bf4b1878c4b,1.991399884223938,1.7129946947097778,-0.27840518951416016,0.27840518951416016
3,840,791455afb3522d1f12662c95,2.7212464809417725,2.3818061351776123,-0.33944034576416016,0.33944034576416016
3,841,0bd79384919e720c97a861e9,0.9700000286102295,0.955664873123169,-0.014335155487060547,0.014335155487060547
3,842,29c8f93be517ae3344e80250,2.9281179904937744,3.56278920173645,0.6346712112426758,0.6346712112426758
3,843,364eba2a326f0adb47b3e8e3,1.559999942779541,1.5322508811950684,-0.027749061584472656,0.027749061584472656
3,844,1d8c09541c000af5840607b5,3.07572078704834,4.091699123382568,1.0159783363342285,1.0159783363342285
3,845,3f1b5fc71edecc2ca9d2e276,0.102372907102108,1.1044118404388428,1.0020389556884766,1.0020389556884766
3,846,3a3cdafbb71bf99e968e0bf6,1.0499999523162842,1.1281909942626953,0.07819104194641113,0.07819104194641113
3,847,486b510be2c33ce4f71af6f5,3.32790207862854,2.2443177700042725,-1.0835843086242676,1.0835843086242676
3,848,162c88d9a62688d54ea04582,0.9200000166893005,1.2275049686431885,0.30750495195388794,0.30750495195388794
3,849,1ddbc4621673214857f52d7b,0.102372907102108,1.1058706045150757,1.0034977197647095,1.0034977197647095
3,850,7623f21d25d15613e1163fea,0.6600000262260437,1.2624499797821045,0.6024499535560608,0.6024499535560608
3,851,3d8db9c7455884f4ae1b25f6,3.3233063220977783,3.1312389373779297,-0.19206738471984863,0.19206738471984863
3,852,7d1f076f5389bf91b13137cf,-0.4313637614250183,0.7595134973526001,1.1908771991729736,1.1908771991729736
3,853,eb1383ddd4f0d5948acfa1c5,2.797299861907959,2.852540969848633,0.05524110794067383,0.05524110794067383
3,854,4ed916e9152e01b759a88276,2.7923057079315186,2.9183502197265625,0.12604451179504395,0.12604451179504395
3,855,3bd0259cdc4e1a57b80c1397,0.9900000095367432,1.630942702293396,0.6409426927566528,0.6409426927566528
3,856,a6bc87cd482cef21fa7e2b7e,3.2867891788482666,3.2594451904296875,-0.0273439884185791,0.0273439884185791
3,857,98eb8cc55ac80cbc87f0cd88,2.4800000190734863,2.0355544090270996,-0.4444456100463867,0.4444456100463867
3,858,d7fa14a5381adc81184de16d,1.6575772762298584,1.2431576251983643,-0.41441965103149414,0.41441965103149414
3,859,9bde4a4f06e24eb33fcb064c,2.91538405418396,3.037271022796631,0.1218869686126709,0.1218869686126709
3,860,11d223cedf4ea1d4f8bd26be,3.7212464809417725,2.8267345428466797,-0.8945119380950928,0.8945119380950928
3,861,c852b831955a35b0c98a5e19,2.190000057220459,2.1064934730529785,-0.08350658416748047,0.08350658416748047
3,862,19093053194bc0d1672c0106,1.2100000381469727,1.1043405532836914,-0.10565948486328125,0.10565948486328125
3,863,3c6d8382d6bddc706860a202,0.7799999713897705,1.385413646697998,0.6054136753082275,0.6054136753082275
3,864,1ba0cb7349135eed0051af62,1.4900000095367432,1.6057627201080322,0.11576271057128906,0.11576271057128906
3,865,c38938a036a1b43136708f0a,1.3899999856948853,1.7501558065414429,0.3601558208465576,0.3601558208465576
3,866,465640e29ac32f8f1998eb4f,2.1600000858306885,2.344296932220459,0.1842968463897705,0.1842968463897705
3,867,cc7bd16e569738708341c8d0,0.8999999761581421,1.1234188079833984,0.22341883182525635,0.22341883182525635
3,868,3088656861c7a362982ac89d,1.7400000095367432,2.028298854827881,0.2882988452911377,0.2882988452911377
3,869,9e63bfdad6cafb6c9644fe60,1.2200000286102295,1.0752497911453247,-0.14475023746490479,0.14475023746490479
3,870,6e621e6204279e9120c2a995,3.397939920425415,4.350498676300049,0.9525587558746338,0.9525587558746338
3,871,42f0e4c3c0ae627310481315,1.6100000143051147,2.1884520053863525,0.5784519910812378,0.5784519910812378
3,872,eac15c5c51e579c10931f226,3.522878646850586,2.6963722705841064,-0.8265063762664795,0.8265063762664795
3,873,67dfb629be25ec68aa1ed800,1.7000000476837158,1.9076530933380127,0.20765304565429688,0.20765304565429688
3,874,3df9220d3f15fc5cc5919358,1.92081880569458,1.3276554346084595,-0.5931633710861206,0.5931633710861206
3,875,d22b61dfb707eead2467206e,0.949999988079071,0.6136453151702881,-0.33635467290878296,0.33635467290878296
3,876,4665d0e69d7e8f58d654ea24,0.9599999785423279,0.751075267791748,-0.20892471075057983,0.20892471075057983
3,877,313d396eb428bf886af89fa3,2.180000066757202,1.6107109785079956,-0.5692890882492065,0.5692890882492065
3,878,151198e9541de86127ad0d83,3.5316526889801025,2.6274375915527344,-0.9042150974273682,0.9042150974273682
3,879,d7349dfd1a8595342c67d580,0.7200000286102295,0.5243197679519653,-0.19568026065826416,0.19568026065826416
3,880,560ddede1b388cbfad38678e,0.9200000166893005,0.9735163450241089,0.05351632833480835,0.05351632833480835
3,881,00fdc20b5d74350c8418bc1e,2.537601947784424,2.328242540359497,-0.20935940742492676,0.20935940742492676
3,882,ede5cef40d86d5bce0353f9e,0.9355419874191284,0.46082156896591187,-0.47472041845321655,0.47472041845321655
3,883,8b0be8ae1c1d564494090929,4.0,3.8157410621643066,-0.18425893783569336,0.18425893783569336
3,884,9e1cacad904f3af3f48628d7,1.0499999523162842,1.2539713382720947,0.20397138595581055,0.20397138595581055
3,885,2b17dacf66385bcabb008513,3.5638372898101807,2.5480968952178955,-1.0157403945922852,1.0157403945922852
3,886,a8f75770bbcb79fdbff25f34,2.559999942779541,1.88417649269104,-0.675823450088501,0.675823450088501
3,887,acf4c5ffbd6899b2f9f8693f,0.6600000262260437,0.8348107933998108,0.1748107671737671,0.1748107671737671
3,888,4d70f8cc04cdfd8d0a13eef6,1.3899999856948853,1.7635844945907593,0.373584508895874,0.373584508895874
3,889,ca9b6d59e8231cf3083a5350,2.819999933242798,2.4765491485595703,-0.34345078468322754,0.34345078468322754
3,890,944fa0cf7eb2a74f34f8d2b4,2.049999952316284,1.8815269470214844,-0.1684730052947998,0.1684730052947998
3,891,12f80dea57242da239a87920,0.3100000023841858,0.7900276184082031,0.48002761602401733,0.48002761602401733
3,892,3e2e132056cc3a78a195f95a,1.6575772762298584,1.2431576251983643,-0.41441965103149414,0.41441965103149414
3,893,0378119b37dd9712b8048b5d,3.0399999618530273,2.4672389030456543,-0.572761058807373,0.572761058807373
3,894,2ad8f8688f486782a2d7717b,1.8200000524520874,1.570157766342163,-0.24984228610992432,0.24984228610992432
3,895,4331145a951b2e185bd91183,0.6700000166893005,1.2069611549377441,0.5369611382484436,0.5369611382484436
3,896,2e1c4701280de2d0d92abdaa,1.4199999570846558,0.8952641487121582,-0.5247358083724976,0.5247358083724976
3,897,aba9f7006a3573735ebdb559,1.690000057220459,1.3790452480316162,-0.3109548091888428,0.3109548091888428
3,898,4ffe76f3cd7c88e833af2aff,1.940000057220459,1.8574328422546387,-0.08256721496582031,0.08256721496582031
3,899,36710a3a9c662c3b88a7a269,3.4281513690948486,3.3038828372955322,-0.1242685317993164,0.1242685317993164
3,900,d91f9cf6df3b92e58bf3743b,0.9599999785423279,1.3522264957427979,0.39222651720046997,0.39222651720046997
3,901,cf7ab491b4aa95d076d88879,3.07572078704834,2.3701467514038086,-0.7055740356445312,0.7055740356445312
3,902,efef2c142d900c85546c7ab6,0.8999999761581421,1.099277138710022,0.19927716255187988,0.19927716255187988
3,903,0a8d99920243e00b8466223b,1.3899999856948853,0.6313309669494629,-0.7586690187454224,0.7586690187454224
3,904,6158a54866fb78c748c9d19c,2.2200000286102295,1.5972503423690796,-0.6227496862411499,0.6227496862411499
3,905,f2cf2e6b35c8e7f855ce0e42,0.9599999785423279,1.0284507274627686,0.06845074892044067,0.06845074892044067
3,906,df7f5ed7330ba6a66fd1e7c7,2.5,2.371772527694702,-0.12822747230529785,0.12822747230529785
3,907,560ae604f215434e9b1a586e,0.2619611620903015,1.2802250385284424,1.018263816833496,1.018263816833496
3,908,42b882e20c9835ab65042cd2,3.309999942779541,3.1685869693756104,-0.14141297340393066,0.14141297340393066
3,909,7c15e046732b63e2c4311187,2.7166988849639893,3.2285900115966797,0.5118911266326904,0.5118911266326904
3,910,b9987e6e9496629847335603,0.23000000417232513,1.1853550672531128,0.9553550481796265,0.9553550481796265
3,911,be6255e6bead85dd31cee115,0.9599999785423279,1.8769372701644897,0.9169372916221619,0.9169372916221619
3,912,39877d011dcb0521d4cbc6c5,3.759999990463257,2.6729462146759033,-1.0870537757873535,1.0870537757873535
3,913,f9734d3a07932ff22a752752,1.1200000047683716,1.4739744663238525,0.35397446155548096,0.35397446155548096
3,914,fa3fc5a5659d9b30ab6b8622,0.09000000357627869,0.8117209672927856,0.7217209339141846,0.7217209339141846
3,915,e36835430bf75bddcf6d2bd6,0.8299999833106995,1.365157961845398,0.5351579785346985,0.5351579785346985
3,916,5b5d3135d617e60f5da1e9b7,1.25,1.306975245475769,0.05697524547576904,0.05697524547576904
3,917,7c03f884699d11381a39cb5d,1.6100000143051147,1.8991880416870117,0.289188027381897,0.289188027381897
3,918,587e96cbdb712acb1d1ca91a,4.15490198135376,3.595540761947632,-0.5593612194061279,0.5593612194061279
3,919,eddb096e86be9e8aa15af9f5,1.045757532119751,0.7385610342025757,-0.3071964979171753,0.3071964979171753
3,920,7311ebb66b1ed294311a0d38,0.25999999046325684,1.4395270347595215,1.1795270442962646,1.1795270442962646
3,921,453d9d68bf72ef44a158b175,1.0800000429153442,1.421269178390503,0.3412691354751587,0.3412691354751587
3,922,50f33a521e02f228bbb9b624,0.6600000262260437,1.3694508075714111,0.7094507813453674,0.7094507813453674
3,923,3be0f23d40f4c28feb813f63,2.187086582183838,1.7805731296539307,-0.4065134525299072,0.4065134525299072
3,924,631b125ee8464dd984c9a16c,5.623423099517822,4.46396017074585,-1.1594629287719727,1.1594629287719727
3,925,99ce2390b832030f8347f8f2,3.0409586429595947,2.6730403900146484,-0.3679182529449463,0.3679182529449463
3,926,b2e7a4709f441bc64d58f108,0.699999988079071,1.3660056591033936,0.6660056710243225,0.6660056710243225
3,927,186a521a4a9ae70464a89f9b,2.193819999694824,1.027862787246704,-1.1659572124481201,1.1659572124481201
3,928,d2a43bbe8ce68ff040c3f688,1.6575772762298584,1.688065767288208,0.03048849105834961,0.03048849105834961
3,929,6d17cf21b6844b727db0fdbe,2.3399999141693115,2.2818098068237305,-0.058190107345581055,0.058190107345581055
3,930,9b4870f5b17e229413d60472,1.7300000190734863,0.9028177261352539,-0.8271822929382324,0.8271822929382324
3,931,114b7f8cb9040cf1be26c880,1.5499999523162842,2.0032525062561035,0.45325255393981934,0.45325255393981934
3,932,73a811fa6e85f03eb3aa8c3a,2.0399999618530273,2.7001185417175293,0.660118579864502,0.660118579864502
3,933,dd1d6e1b18e590e954439609,1.2699999809265137,1.7016714811325073,0.43167150020599365,0.43167150020599365
3,934,ed692a805d8abda8d643a747,2.5799999237060547,2.8624608516693115,0.28246092796325684,0.28246092796325684
3,935,44b10a6a5d78fdcc3980d04d,1.0043648481369019,0.9972221851348877,-0.00714266300201416,0.00714266300201416
3,936,aee76e83a93aef9fe773fd93,0.8239087462425232,1.1859314441680908,0.3620226979255676,0.3620226979255676
3,937,645bd8eeccfd2a17687c3cad,0.3799999952316284,0.9501103162765503,0.5701103210449219,0.5701103210449219
3,938,24c394b72ca99cf552b981d2,0.9300000071525574,0.7208352088928223,-0.2091647982597351,0.2091647982597351
3,939,f2964cc74d9c62b0f6d75991,4.455932140350342,3.1791090965270996,-1.2768230438232422,1.2768230438232422
3,940,1872ad459c74ed9653068013,2.92081880569458,2.262404203414917,-0.6584146022796631,0.6584146022796631
3,941,0b1103bee5466f42c8d5443c,0.3010300099849701,0.31135377287864685,0.010323762893676758,0.010323762893676758
3,942,e74b6e41e392192d1d472b98,1.8200000524520874,1.306882619857788,-0.5131174325942993,0.5131174325942993
3,943,e7c26ae4405614ad9f0e9f67,3.124938726425171,3.2831602096557617,0.15822148323059082,0.15822148323059082
3,944,9ab60bededdde1c530004578,0.9244530200958252,0.6591653823852539,-0.2652876377105713,0.2652876377105713
3,945,d5dcb8f69f1e488a71d68b15,1.8300000429153442,2.328150510787964,0.49815046787261963,0.49815046787261963
3,946,41c915c1b61f27b5de8518ec,4.481485843658447,4.067057132720947,-0.4144287109375,0.4144287109375
3,947,9b86e1e90d4a0f141585cb05,4.301030158996582,3.8091065883636475,-0.49192357063293457,0.49192357063293457
3,948,fc0d1658187b0aa43c7827eb,1.3767507076263428,1.714802622795105,0.3380519151687622,0.3380519151687622
3,949,725c157bb1f500d8f7773c17,1.8300000429153442,1.7636613845825195,-0.06633865833282471,0.06633865833282471
3,950,014e13dc630ad2c24124ca60,3.0799999237060547,2.6509976387023926,-0.4290022850036621,0.4290022850036621
3,951,3539d01c3feebc3920c3cee7,1.3200000524520874,1.443982720375061,0.12398266792297363,0.12398266792297363
3,952,b722d0c7e1235d378309602e,4.849857807159424,3.435556411743164,-1.4143013954162598,1.4143013954162598
3,953,0b410cd2681d2f2767f44dd0,2.619999885559082,0.9591364860534668,-1.6608633995056152,1.6608633995056152
3,954,325a1aed7b3a67bacdd83807,0.7099999785423279,1.249287724494934,0.5392877459526062,0.5392877459526062
3,955,146889939d0b3d97b0415c83,0.9913998246192932,1.0434575080871582,0.05205768346786499,0.05205768346786499
3,956,d2ba6696c467eb5d2f02d6e1,1.5638374090194702,1.3718152046203613,-0.1920222043991089,0.1920222043991089
3,957,170e143a1d1357b08a9f0875,0.25999999046325684,0.7795447707176208,0.519544780254364,0.519544780254364
3,958,5e62f9d9f854c0f57bb197be,0.20760831236839294,1.0527369976043701,0.8451286554336548,0.8451286554336548
3,959,202d68bfa77671c1a8c37ff9,0.8700000047683716,1.6888296604156494,0.8188296556472778,0.8188296556472778
3,960,ee96e9c3c672b08cf03d1d38,1.4600000381469727,2.175333261489868,0.7153332233428955,0.7153332233428955
3,961,6c5d6ebbf92a39d40aa891f3,2.0,0.939213752746582,-1.060786247253418,1.060786247253418
3,962,e594e964919eb1e5d2ee3046,0.20760831236839294,1.0527369976043701,0.8451286554336548,0.8451286554336548
3,963,6cadfe2674ffabae45e2e6db,4.922026634216309,4.3417181968688965,-0.5803084373474121,0.5803084373474121
3,964,c9e2799e89c55a62c7f4e3fb,1.7100000381469727,0.8735979199409485,-0.8364021182060242,0.8364021182060242
3,965,3dac13acd20390915b9db7a4,0.0,2.144402503967285,2.144402503967285,2.144402503967285
3,966,168c7798cd01dfdddb8c469b,0.7699999809265137,0.6610960960388184,-0.10890388488769531,0.10890388488769531
3,967,c12a5ae48a712a0cc0b892b7,1.4700000286102295,1.533882737159729,0.06388270854949951,0.06388270854949951
3,968,7cebb1410dc6c85f68223c9b,2.096909999847412,1.3018747568130493,-0.7950352430343628,0.7950352430343628
3,969,2fef991ce7c1f440d0bdf1c3,-1.2552725076675415,3.653412342071533,4.908684730529785,4.908684730529785
3,970,c7b01f9677467443d27a3a9a,3.9586071968078613,4.079661846160889,0.12105464935302734,0.12105464935302734
3,971,8b74c4e82045522e9880796c,3.2342605590820312,2.9901885986328125,-0.24407196044921875,0.24407196044921875
3,972,13b5979d834a5919334647d7,0.3199999928474426,1.2047700881958008,0.8847700953483582,0.8847700953483582
3,973,7c00d9e80329ad370d793eb8,1.1330804824829102,1.7780780792236328,0.6449975967407227,0.6449975967407227
3,974,1b0fc7180f23b347a6c907ce,2.8605411052703857,2.85194730758667,-0.00859379768371582,0.00859379768371582
3,975,397bf1e5e958ad63deb31225,1.3411622047424316,2.3743247985839844,1.0331625938415527,1.0331625938415527
3,976,b10c501c01507f34c74946e4,1.25,2.675112724304199,1.4251127243041992,1.4251127243041992
3,977,bb734b6cca19a799debef0f4,1.3700000047683716,1.299170970916748,-0.07082903385162354,0.07082903385162354
3,978,bab149057e24fb83da6d334a,4.7473978996276855,3.16921067237854,-1.5781872272491455,1.5781872272491455
3,979,2f516a88491f910eec949887,1.399999976158142,1.6722285747528076,0.2722285985946655,0.2722285985946655
3,980,58cfec483d87c1ecbe40a94c,1.7400000095367432,1.5841851234436035,-0.15581488609313965,0.15581488609313965
3,981,ad054c5d2bc6498491626157,0.7300000190734863,1.0612316131591797,0.33123159408569336,0.33123159408569336
3,982,3c28de1e823a1c165282475c,2.2699999809265137,1.3484822511672974,-0.9215177297592163,0.9215177297592163
3,983,5a9319c1423b99e333e3d4b9,2.086186170578003,2.050384998321533,-0.03580117225646973,0.03580117225646973
3,984,873c1a86c055d8c33d8e6fb5,1.1870867013931274,0.9484884738922119,-0.23859822750091553,0.23859822750091553
3,985,863110f57de7f73c5c548968,1.090000033378601,1.2194079160690308,0.1294078826904297,0.1294078826904297
3,986,f76197a4725b033bf41c1987,0.800000011920929,1.0862761735916138,0.2862761616706848,0.2862761616706848
3,987,e902ce1a433a3c9060c6d586,3.585026741027832,3.674819231033325,0.08979249000549316,0.08979249000549316
3,988,17f594f05e9e1c1bc3c48940,0.5058454275131226,0.8859978318214417,0.3801524043083191,0.3801524043083191
3,989,b77b85899a820c17bb55e5e8,0.20760831236839294,1.0527369976043701,0.8451286554336548,0.8451286554336548
3,990,f2a5d220d924f004bb9dad48,0.7670038938522339,0.9593222141265869,0.19231832027435303,0.19231832027435303
3,991,9fef03a1e24d2b1cb145e517,1.9600000381469727,2.170088291168213,0.21008825302124023,0.21008825302124023
3,992,a81809910938a7e38b92734c,0.6100000143051147,2.095205783843994,1.4852057695388794,1.4852057695388794
3,993,bb028fd06186a58b000c9db2,2.797884225845337,3.172658920288086,0.374774694442749,0.374774694442749
3,994,9ab98a7476878bbeed2a04b8,0.3400000035762787,0.7068604230880737,0.36686041951179504,0.36686041951179504
3,995,38d08a414a83bb5826bf94a1,0.6299999952316284,0.5152105093002319,-0.11478948593139648,0.11478948593139648
3,996,07752d2c3fbd6e5c83b31711,3.1487417221069336,2.3176639080047607,-0.8310778141021729,0.8310778141021729
3,997,e6ae3bf860ff2879132145fa,0.36051350831985474,0.2492816150188446,-0.11123189330101013,0.11123189330101013
3,998,71adb694312141674e6c5c03,4.929962158203125,4.141615390777588,-0.7883467674255371,0.7883467674255371
3,999,9d514f5c1fe1d9e8b5c689c9,1.909999966621399,1.81436026096344,-0.09563970565795898,0.09563970565795898
3,1000,9ddf0eea563d064a4678c851,1.2000000476837158,1.5114988088607788,0.311498761177063,0.311498761177063
3,1001,cb7208bbba6d6951bdde9216,1.7400000095367432,1.5417827367782593,-0.1982172727584839,0.1982172727584839
3,1002,8a77828357c34b6e5a0ce805,2.849857807159424,2.872579336166382,0.022721529006958008,0.022721529006958008
3,1003,9b78fac2487a67198619d6ca,1.6100000143051147,2.0500826835632324,0.4400826692581177,0.4400826692581177
3,1004,df36747199d46e5fb7779097,1.9299999475479126,2.480870246887207,0.5508702993392944,0.5508702993392944
3,1005,4d94be91e1b4f010173505b5,2.9268929958343506,3.0801424980163574,0.15324950218200684,0.15324950218200684
3,1006,28af91f5fbfb44bbd9b018d2,2.7708303928375244,2.5979127883911133,-0.17291760444641113,0.17291760444641113
3,1007,c1a344127d17560eeea9cfcc,1.4600000381469727,1.2960971593856812,-0.1639028787612915,0.1639028787612915
3,1008,665ac2db088aa74f95c1d7da,1.614393711090088,2.128939390182495,0.5145456790924072,0.5145456790924072
3,1009,2e7fb51c657b7d7a9ae3a833,3.92081880569458,3.1682252883911133,-0.7525935173034668,0.7525935173034668
3,1010,3fbf01f73339aed6869a164e,1.1699999570846558,0.9477846622467041,-0.22221529483795166,0.22221529483795166
3,1011,34fd032964dd5ed6413dfd1d,0.36000001430511475,1.0388531684875488,0.6788531541824341,0.6788531541824341
3,1012,e901193a608f52883d612ea3,1.6299999952316284,1.1098713874816895,-0.520128607749939,0.520128607749939
3,1013,1ef15e3448232d0abcc9be4b,2.1611509323120117,1.9303232431411743,-0.2308276891708374,0.2308276891708374
3,1014,0890568fa19a28aa4faa645b,3.182434558868408,3.1432642936706543,-0.039170265197753906,0.039170265197753906
3,1015,db53f0722e5edbb2ccac9f26,3.838632106781006,2.558317184448242,-1.2803149223327637,1.2803149223327637
3,1016,7917cdcdccf8a4e077be1af6,1.649999976158142,0.814740002155304,-0.8352599740028381,0.8352599740028381
3,1017,958f6693496fd48978a6091a,2.4100000858306885,1.4674978256225586,-0.9425022602081299,0.9425022602081299
3,1018,cf912e81f4e6a241ee80043b,2.5575201511383057,1.9637389183044434,-0.5937812328338623,0.5937812328338623
3,1019,16fe9b0f04534a99e52fc43d,0.3400000035762787,1.8539741039276123,1.5139740705490112,1.5139740705490112
3,1020,67479c169e359af05ea30e9d,1.3362990617752075,1.3987090587615967,0.06240999698638916,0.06240999698638916
3,1021,e20d00dd13f73a8ecb3fcd96,0.9800000190734863,1.1002817153930664,0.12028169631958008,0.12028169631958008
3,1022,a5e36c28478ad379d97256da,1.7200000286102295,1.4387006759643555,-0.281299352645874,0.281299352645874
3,1023,1d873b600643719f78e4f920,0.5199999809265137,0.8385846614837646,0.318584680557251,0.318584680557251
3,1024,532a7550d31f1563c7722ad7,3.886056661605835,3.6949462890625,-0.19111037254333496,0.19111037254333496
3,1025,fa1afabaf0fbbde139a19b51,1.899999976158142,1.8664977550506592,-0.03350222110748291,0.03350222110748291
3,1026,2d6a3b5377a10206f810f5e5,1.9586073160171509,1.7676870822906494,-0.19092023372650146,0.19092023372650146
3,1027,a6e3e9e465d0f57e1cce38cb,0.6816583871841431,1.5615572929382324,0.8798989057540894,0.8798989057540894
3,1028,fe0291e2915c9c89c8834cd0,2.886056661605835,0.43173277378082275,-2.4543237686157227,2.4543237686157227
3,1029,8611fbc58e1f81a64fbe97fd,2.1804561614990234,1.6264703273773193,-0.5539858341217041,0.5539858341217041
3,1030,fa3f4012657e0cc4e3ab164f,1.7599999904632568,1.7294418811798096,-0.030558109283447266,0.030558109283447266
3,1031,325352807888c4bf95c30901,2.109999895095825,2.058368682861328,-0.05163121223449707,0.05163121223449707
3,1032,0e36ab842ba9264cb615d7ad,1.1299999952316284,1.2563962936401367,0.1263962984085083,0.1263962984085083
3,1033,28e1ec08691ce4b46ab25835,0.7099999785423279,1.2404580116271973,0.5304580330848694,0.5304580330848694
3,1034,a8597377f76d05ddbe0f3dad,2.7695510387420654,2.8672618865966797,0.09771084785461426,0.09771084785461426
3,1035,3d2a32baf92f93516052f1c3,1.0700000524520874,1.3433911800384521,0.27339112758636475,0.27339112758636475
3,1036,6b324fb50120a3c78dabbf40,0.7599999904632568,0.6944566965103149,-0.0655432939529419,0.0655432939529419
3,1037,5c2f04b98f54ee5b52e49d11,0.8239087462425232,-0.04459037631750107,-0.8684991002082825,0.8684991002082825
3,1038,ee0c5a10563a6844d79965c2,1.4800000190734863,1.5754913091659546,0.09549129009246826,0.09549129009246826
3,1039,a414ae405ab4648ef256ae60,1.7400000095367432,1.8631365299224854,0.12313652038574219,0.12313652038574219
3,1040,c80355284c89fc26ea379592,1.0,1.6873478889465332,0.6873478889465332,0.6873478889465332
3,1041,0701f5500c3dc6535c37d432,2.1700000762939453,0.9809885025024414,-1.189011573791504,1.189011573791504
3,1042,ffd1599e41e890c9402630f5,0.4099999964237213,0.8272044658660889,0.41720446944236755,0.41720446944236755
3,1043,d240de6031f11c7de2700a58,2.7695510387420654,2.1737327575683594,-0.595818281173706,0.595818281173706
3,1044,49813be4681ebab1cfcb4c67,2.431798219680786,2.3925576210021973,-0.03924059867858887,0.03924059867858887
3,1045,b31844fde1d6dbf848e690de,1.6575772762298584,4.092061519622803,2.4344842433929443,2.4344842433929443
3,1046,ce73a63d9d0e40fc9c29dbc9,3.737548828125,2.8932063579559326,-0.8443424701690674,0.8443424701690674
3,1047,86cb8938110d70b7efbb514d,1.5917600393295288,1.8417701721191406,0.2500101327896118,0.2500101327896118
3,1048,e8741343d94b0edc9dfbae00,1.5199999809265137,1.6361243724822998,0.11612439155578613,0.11612439155578613
3,1049,276ed34ac7461e3cb0fb6e12,1.440000057220459,1.507767677307129,0.06776762008666992,0.06776762008666992
3,1050,7b3f501276e964ab2c65f73d,2.859999895095825,3.1354241371154785,0.2754242420196533,0.2754242420196533
3,1051,adfbe7462d202754bda9d298,1.409999966621399,1.0243620872497559,-0.38563787937164307,0.38563787937164307
3,1052,92fb12d6fc813a47085e5673,2.2300000190734863,1.894423484802246,-0.33557653427124023,0.33557653427124023
3,1053,6cec431031e2627bcd231697,1.0199999809265137,1.7121210098266602,0.6921210289001465,0.6921210289001465
3,1054,6c2f5e9460e6b3b65b311cd2,0.10999999940395355,0.4313872158527374,0.32138723134994507,0.32138723134994507
3,1055,0b999f4fa924cb7ae6bb4672,1.340000033378601,1.600144863128662,0.26014482975006104,0.26014482975006104
3,1056,99cbda7e727774878a0e6840,1.25,1.3625190258026123,0.1125190258026123,0.1125190258026123
3,1057,d1b9f8f8271de50af72fba46,4.677780628204346,1.9804351329803467,-2.697345495223999,2.697345495223999
3,1058,630c32167e430568683705de,4.638272285461426,4.772749423980713,0.1344771385192871,0.1344771385192871
3,1059,6b216b61b047686de97c2cfa,3.397939920425415,2.505894184112549,-0.8920457363128662,0.8920457363128662
3,1060,d97b1820b207ad8d6d458c0d,2.2340831756591797,2.178579330444336,-0.05550384521484375,0.05550384521484375
3,1061,00f51ed959204370245c8c00,1.9900000095367432,2.0862021446228027,0.09620213508605957,0.09620213508605957
3,1062,50a58f60a32332be2252ea7a,1.6111416816711426,1.9967007637023926,0.38555908203125,0.38555908203125
3,1063,331d0f74ca0d40d3509abb11,2.7798919677734375,3.2427873611450195,0.46289539337158203,0.46289539337158203
3,1064,5db9788a1e4be224f725ce07,0.8600000143051147,0.8843300342559814,0.0243300199508667,0.0243300199508667
3,1065,746b5b2743af8bdd02eba9b9,0.6399999856948853,0.4036893844604492,-0.23631060123443604,0.23631060123443604
3,1066,a03085659f246dfc01780e45,2.92081880569458,4.0064377784729,1.0856189727783203,1.0856189727783203
3,1067,4d329a38189825b3071ada0d,2.299999952316284,1.116323709487915,-1.1836762428283691,1.1836762428283691
3,1068,34b3ddf05ba3a3aa754d3991,2.970616340637207,2.481658458709717,-0.48895788192749023,0.48895788192749023
3,1069,b96aeb68da42109b0a30cf1a,2.096909999847412,1.3018747568130493,-0.7950352430343628,0.7950352430343628
3,1070,bfb38afad05fc8eae468fef5,2.740000009536743,3.140854835510254,0.40085482597351074,0.40085482597351074
3,1071,5239cdd0b00d91078fc92005,2.7569620609283447,2.9094655513763428,0.15250349044799805,0.15250349044799805
3,1072,42117c96ffcbcdcd9e67ce1d,1.7400000095367432,1.9838612079620361,0.24386119842529297,0.24386119842529297
3,1073,157926f017c94e572b1f1fd1,3.477555751800537,3.4067907333374023,-0.07076501846313477,0.07076501846313477
3,1074,898d9d1b721c5ab3f25c0781,1.2300000190734863,1.5939431190490723,0.36394309997558594,0.36394309997558594
3,1075,9977fadb5f64a3f7e844894f,1.5199999809265137,1.649787187576294,0.12978720664978027,0.12978720664978027
3,1076,6a6c19093d9a3bb87085265d,2.130000114440918,0.717602014541626,-1.412398099899292,1.412398099899292
3,1077,017793f3c0e6887b22f7e897,1.7924360036849976,1.1468379497528076,-0.6455980539321899,0.6455980539321899
3,1078,a9b127c7020ce7366c4715b3,3.853872060775757,3.9134340286254883,0.059561967849731445,0.059561967849731445
3,1079,31965dcf48226a2fd1f8e55b,2.009999990463257,2.323699712753296,0.31369972229003906,0.31369972229003906
3,1080,7387ba618e7d45a697be2d89,1.9299999475479126,2.095165967941284,0.16516602039337158,0.16516602039337158
3,1081,7c9f23475afbffabb05bf298,1.399999976158142,1.4268333911895752,0.026833415031433105,0.026833415031433105
3,1082,fc0e4aab40a5b5eab4f458fd,0.8500000238418579,1.1955945491790771,0.34559452533721924,0.34559452533721924
3,1083,9792fbd46a7e930a3048b0a4,1.7359414100646973,2.380988597869873,0.6450471878051758,0.6450471878051758
3,1084,90bb074bc99a9f8c59b4dbb8,0.8500000238418579,2.043631076812744,1.1936310529708862,1.1936310529708862
3,1085,03682001f2dc4976372ee915,1.0,1.2693475484848022,0.26934754848480225,0.26934754848480225
3,1086,6cbd006e85e6bd68e7155a92,2.6968040466308594,2.3433072566986084,-0.353496789932251,0.353496789932251
3,1087,01b41fd455a8e211070cf482,3.05387544631958,3.064309597015381,0.010434150695800781,0.010434150695800781
3,1088,f6f8c1ee94f37fe7e95eff83,3.268411159515381,3.2541661262512207,-0.014245033264160156,0.014245033264160156
4,0,bc0146fac4cf4ec6e2d9c169,1.8600000143051147,2.0106711387634277,0.150671124458313,0.150671124458313
4,1,deef5b72965fd8d0a77e0065,0.7900000214576721,0.6509497761726379,-0.13905024528503418,0.13905024528503418
4,2,8596c9967316acd0bc7826ce,1.809999942779541,1.9820598363876343,0.17205989360809326,0.17205989360809326
4,3,eb664ee5127b09ceb2bad297,2.009999990463257,2.0118331909179688,0.001833200454711914,0.001833200454711914
4,4,f9bff837e01bebcc09aefb64,0.8700000047683716,1.6524485349655151,0.7824485301971436,0.7824485301971436
4,5,62db161d2c388bd01a2c61cf,1.709874153137207,2.1933488845825195,0.4834747314453125,0.4834747314453125
4,6,85a8f70f7aff3c114a0e3d7d,1.7200000286102295,0.5256481766700745,-1.1943519115447998,1.1943519115447998
4,7,ed3c03eb721d398e55f43e18,2.3300325870513916,4.260324001312256,1.9302914142608643,1.9302914142608643
4,8,8501eaf518af78130e315c3b,0.25,0.6249762773513794,0.3749762773513794,0.3749762773513794
4,9,46f363ae15f91fa79463b760,1.4089354276657104,2.230534076690674,0.8215986490249634,0.8215986490249634
4,10,b8eee05989167acbb1addb41,0.3100000023841858,1.2503429651260376,0.9403429627418518,0.9403429627418518
4,11,fa885dc53e1b785d2288ea21,1.4900000095367432,0.6912153363227844,-0.7987846732139587,0.7987846732139587
4,12,e5cd6cf40e6bc38aa2cc56b4,2.2922251224517822,2.368741035461426,0.07651591300964355,0.07651591300964355
4,13,fd3cb5e907e449c305a1b3ac,1.2999999523162842,1.147648811340332,-0.15235114097595215,0.15235114097595215
4,14,620a93126600eecbd709675f,3.267606258392334,3.4266786575317383,0.1590723991394043,0.1590723991394043
4,15,9b5c4b90ebccd3b2eb62ec3b,1.2999999523162842,1.1627542972564697,-0.13724565505981445,0.13724565505981445
4,16,7c6117f85bfd6602fe1ceb25,1.7999999523162842,1.9066561460494995,0.10665619373321533,0.10665619373321533
4,17,5e7a4415968d55ac4df0c26a,0.7300000190734863,1.2901517152786255,0.5601516962051392,0.5601516962051392
4,18,f5d436db20f067a8a69b921f,2.860121011734009,2.8277664184570312,-0.03235459327697754,0.03235459327697754
4,19,fc45999084f64975973a8f49,1.1299999952316284,1.4158533811569214,0.28585338592529297,0.28585338592529297
4,20,9b8e81ed47f63907a368f00d,3.1739251613616943,4.093866348266602,0.9199411869049072,0.9199411869049072
4,21,37ef5a4c4c53b13dc2684b11,0.7200000286102295,0.680102527141571,-0.03989750146865845,0.03989750146865845
4,22,f0e767739e2fe000583a33f4,1.3899999856948853,1.666306495666504,0.27630650997161865,0.27630650997161865
4,23,04a598bef92756443c6eb906,2.9913997650146484,3.2883219718933105,0.2969222068786621,0.2969222068786621
4,24,ba462b28589149c260ce0a22,1.9900000095367432,2.9535861015319824,0.9635860919952393,0.9635860919952393
4,25,cf92c61d6f21f469b023289e,4.638272285461426,3.5167064666748047,-1.121565818786621,1.121565818786621
4,26,269db883afe8407e454eb7de,0.9900000095367432,2.106821060180664,1.116821050643921,1.116821050643921
4,27,47c19391de13917f19d0c825,3.8499999046325684,3.888728618621826,0.03872871398925781,0.03872871398925781
4,28,d48a8b128f5b23336a53d270,0.3199999928474426,0.7881576418876648,0.46815764904022217,0.46815764904022217
4,29,828974d48322f169b3c0dbd7,2.0399999618530273,0.6798661351203918,-1.3601338863372803,1.3601338863372803
4,30,21be615a92e52931cf3d3949,3.3565473556518555,3.4838056564331055,0.12725830078125,0.12725830078125
4,31,c0db64322f149a4988c7da5d,0.5,2.242567539215088,1.742567539215088,1.742567539215088
4,32,412f0020d35955ca0e41f915,1.6299999952316284,2.0195982456207275,0.3895982503890991,0.3895982503890991
4,33,398e91e4a835df15a9cf93ce,0.2218487560749054,0.6165373921394348,0.3946886360645294,0.3946886360645294
4,34,b60eba252b766c8591913400,2.3299999237060547,1.1480883359909058,-1.181911587715149,1.181911587715149
4,35,d1857b17bce800d0d5ddb2f1,0.5699999928474426,1.1235264539718628,0.5535264611244202,0.5535264611244202
4,36,e597a6a2b45062a180602cf1,0.3665315508842468,1.737439513206482,1.3709080219268799,1.3709080219268799
4,37,948b768fdd148c394b344111,4.638272285461426,3.477557897567749,-1.1607143878936768,1.1607143878936768
4,38,04f47fe69277fb7f7c5edd52,1.6799999475479126,2.0200090408325195,0.34000909328460693,0.34000909328460693
4,39,57cf73496f071052d221f707,1.8300000429153442,2.0655319690704346,0.23553192615509033,0.23553192615509033
4,40,e651c211ff704f385011a14b,2.8419559001922607,3.209913969039917,0.36795806884765625,0.36795806884765625
4,41,190a1c43f8ad1016c310bf24,1.4600000381469727,1.6293402910232544,0.16934025287628174,0.16934025287628174
4,42,102149be8469198989d3e193,1.7599999904632568,1.5792168378829956,-0.18078315258026123,0.18078315258026123
4,43,ab6268a5f65922678f2feb98,1.5,1.9303113222122192,0.43031132221221924,0.43031132221221924
4,44,354c820baed5694743661cc6,0.11350927501916885,0.8328857421875,0.7193764448165894,0.7193764448165894
4,45,4c7f7c328d78d14de99a80dc,3.910224199295044,2.3540403842926025,-1.5561838150024414,1.5561838150024414
4,46,64997cd0504ed5903b9e80b8,3.7695510387420654,3.3702094554901123,-0.3993415832519531,0.3993415832519531
4,47,07a24cf47e48c97e74848639,1.090000033378601,1.8079863786697388,0.7179863452911377,0.7179863452911377
4,48,d12d478369fba66e6dc17f91,1.590000033378601,1.4795678853988647,-0.11043214797973633,0.11043214797973633
4,49,f30f6cd99968e9e4ba99a477,3.739928722381592,2.814209222793579,-0.9257194995880127,0.9257194995880127
4,50,9090d8c899e0996b356cea46,4.1674909591674805,4.064352035522461,-0.10313892364501953,0.10313892364501953
4,51,d8e2bfea8f4e5baa6fb3d47e,3.9586071968078613,3.7760050296783447,-0.1826021671295166,0.1826021671295166
4,52,675a846064476b1929ea33ec,0.18243463337421417,2.488992214202881,2.3065576553344727,2.3065576553344727
4,53,ae6e83432ad2f196fd28c25d,1.287813425064087,0.5141435265541077,-0.7736698985099792,0.7736698985099792
4,54,a1b1e161a4b6e0a21ca26570,3.585026741027832,2.6175975799560547,-0.9674291610717773,0.9674291610717773
4,55,7a0b790ae81f13944be73974,1.8600000143051147,1.4718636274337769,-0.3881363868713379,0.3881363868713379
4,56,b5078f964a94625f17d77c1b,1.0800000429153442,2.1812968254089355,1.1012967824935913,1.1012967824935913
4,57,d84eb3859c380cb0f063f599,1.149999976158142,1.1975504159927368,0.04755043983459473,0.04755043983459473
4,58,19380ef627d97e7f49971f03,1.4800000190734863,1.706296682357788,0.22629666328430176,0.22629666328430176
4,59,e0db9e555d5554b88cf091d0,1.659999966621399,4.343672275543213,2.6836724281311035,2.6836724281311035
4,60,4fa550b24516a9198b815869,2.0,2.0432848930358887,0.04328489303588867,0.04328489303588867
4,61,f7bac0f5fe98416f70155cfc,3.823908805847168,3.904711961746216,0.08080315589904785,0.08080315589904785
4,62,6fe8c61532ffa0281edfda93,3.4202163219451904,3.7508981227874756,0.33068180084228516,0.33068180084228516
4,63,656c1d0f7e6c899771407aed,2.698970079421997,3.6048007011413574,0.9058306217193604,0.9058306217193604
4,64,8c14eecda2e8894724ce33df,3.612610101699829,1.748748540878296,-1.8638615608215332,1.8638615608215332
4,65,9c0729ca79faa6d6e78034b1,1.7899999618530273,0.8711110353469849,-0.9188889265060425,0.9188889265060425
4,66,00feebcca616059a014d9621,3.069999933242798,4.327926158905029,1.2579262256622314,1.2579262256622314
4,67,6708e8851cf47c9a83a9ffd9,1.8700000047683716,2.422497510910034,0.5524975061416626,0.5524975061416626
4,68,e47081b38e79bf4521845ede,1.940000057220459,4.072029113769531,2.1320290565490723,2.1320290565490723
4,69,3220fc10994bb414035d1c23,3.9700000286102295,2.185676097869873,-1.7843239307403564,1.7843239307403564
4,70,a93b26f171eb5ddffa187d07,2.009999990463257,1.642461895942688,-0.36753809452056885,0.36753809452056885
4,71,2f8369a5534b1679d75bb4e6,0.7400000095367432,0.5291129946708679,-0.21088701486587524,0.21088701486587524
4,72,3230ed66c832b03c1a1d7253,1.0499999523162842,1.428951621055603,0.37895166873931885,0.37895166873931885
4,73,dd2e66dc68b603695e00e45a,1.090000033378601,0.8341966271400452,-0.2558034062385559,0.2558034062385559
4,74,68e5dbc52df23f9fc23a0451,3.740000009536743,3.8061366081237793,0.06613659858703613,0.06613659858703613
4,75,6385171f4fd0e533f5de4092,4.878330707550049,3.874516248703003,-1.003814458847046,1.003814458847046
4,76,8b2b7d6e4fb01b4b067a3765,0.5258809328079224,2.2862415313720703,1.760360598564148,1.760360598564148
4,77,65e4ea621ea77a4e6249741c,1.148741602897644,1.5959573984146118,0.4472157955169678,0.4472157955169678
4,78,27b98626333d0421c06caf57,1.1200000047683716,0.4279159605503082,-0.6920840740203857,0.6920840740203857
4,79,4f609fb5e1757ef086254b5a,2.609999895095825,2.7966694831848145,0.18666958808898926,0.18666958808898926
4,80,a429738ec1c66547cce85cc7,1.2599999904632568,1.811673641204834,0.5516736507415771,0.5516736507415771
4,81,79bc1a5cb38e481fabffe0e3,0.6100000143051147,1.7167298793792725,1.1067298650741577,1.1067298650741577
4,82,649386804881412e8464bda7,3.2200000286102295,3.078049659729004,-0.14195036888122559,0.14195036888122559
4,83,58414cdd1bf5ab558019f225,1.4900000095367432,1.9168626070022583,0.42686259746551514,0.42686259746551514
4,84,94f7cd91859e81e76df269f3,0.3979400098323822,0.561445415019989,0.1635054051876068,0.1635054051876068
4,85,0f0869f3b6ed5786c864ae95,2.5799999237060547,3.564640522003174,0.9846405982971191,0.9846405982971191
4,86,94fa6452c642f1bd099f38ce,2.509999990463257,2.413769245147705,-0.09623074531555176,0.09623074531555176
4,87,b0115745a30bb94e488931c1,1.7100000381469727,1.5673500299453735,-0.14265000820159912,0.14265000820159912
4,88,a6b6ba181d5eb6a872d69e74,0.8239087462425232,1.4368399381637573,0.6129311919212341,0.6129311919212341
4,89,8caee1ec347e6efe345fc311,0.6299999952316284,0.800642192363739,0.1706421971321106,0.1706421971321106
4,90,8ca3f5a101563af9206d6f47,1.7999999523162842,2.233055591583252,0.4330556392669678,0.4330556392669678
4,91,435e18c6208f50ecc5ce1995,2.380000114440918,1.4066439867019653,-0.9733561277389526,0.9733561277389526
4,92,ff2202d3d8043214b362e77a,3.6575772762298584,3.8807778358459473,0.22320055961608887,0.22320055961608887
4,93,7a98aa8b6104860ad4269f6c,1.6505149602890015,1.002362847328186,-0.6481521129608154,0.6481521129608154
4,94,e7e9a405243b9568d3098611,1.840000033378601,1.9649053812026978,0.12490534782409668,0.12490534782409668
4,95,865a33e28e0f67fd9b37988c,0.7699999809265137,1.4558426141738892,0.6858426332473755,0.6858426332473755
4,96,fb2a6c864d60e5d7ba25e582,2.309999942779541,1.1290820837020874,-1.1809178590774536,1.1809178590774536
4,97,0506334e1af1e7033d7bc8c4,0.2199999988079071,0.9738842844963074,0.7538843154907227,0.7538843154907227
4,98,df1f2e27e3d1988c95db1eac,3.9281179904937744,5.851627349853516,1.9235093593597412,1.9235093593597412
4,99,8b331e08230b7611754d920d,0.07000000029802322,1.2946878671646118,1.2246878147125244,1.2246878147125244
4,100,5f0da78aefc477092f969fe4,1.4900000095367432,0.716844379901886,-0.7731556296348572,0.7731556296348572
4,101,fea4e2fc5fef4ed003b54da4,3.740000009536743,4.251619338989258,0.5116193294525146,0.5116193294525146
4,102,5a49431a5e4eebc07e394757,4.229147911071777,4.005725383758545,-0.22342252731323242,0.22342252731323242
4,103,c8f6951a858314d2e9717c5e,1.3200000524520874,0.7457441687583923,-0.5742558836936951,0.5742558836936951
4,104,0a9066f09fafc617f9c4e232,2.299999952316284,1.699863076210022,-0.6001368761062622,0.6001368761062622
4,105,ac14924b7fa8093179a8de4b,1.440000057220459,1.5464178323745728,0.10641777515411377,0.10641777515411377
4,106,e352e6c33a63274b3f5ca316,2.130000114440918,2.373337745666504,0.24333763122558594,0.24333763122558594
4,107,57f1e98ecf50c33566180263,4.721246242523193,3.0196218490600586,-1.7016243934631348,1.7016243934631348
4,108,8ddabe2329bb82988f6c691e,1.75,1.8876692056655884,0.13766920566558838,0.13766920566558838
4,109,dad1d2f1f860fba90dc43d3e,0.7447274923324585,0.7979527711868286,0.05322527885437012,0.05322527885437012
4,110,32262c4167c4ec091a434df3,4.2404608726501465,4.398380279541016,0.15791940689086914,0.15791940689086914
4,111,899abef91516983b0efd72dd,-3.6674530506134033,-1.9758092164993286,1.6916438341140747,1.6916438341140747
4,112,d42f71b3f8ad8d28c52742b4,1.399999976158142,1.0879639387130737,-0.31203603744506836,0.31203603744506836
4,113,56416a891cfbd0afe4f3ea13,1.7400000095367432,1.3056710958480835,-0.43432891368865967,0.43432891368865967
4,114,694fb9b726650faa847e8d40,3.552841901779175,4.156378269195557,0.6035363674163818,0.6035363674163818
4,115,c1e45804cd6e1e305b726336,0.7099999785423279,1.1520795822143555,0.4420796036720276,0.4420796036720276
4,116,20f25c87db351d7822e271f5,1.1799999475479126,2.0255656242370605,0.845565676689148,0.845565676689148
4,117,7a9ddec28f2cbabf497c6c1b,0.8999999761581421,1.164757251739502,0.26475727558135986,0.26475727558135986
4,118,3f5f04456429e206356ac0dd,1.850000023841858,1.8415623903274536,-0.008437633514404297,0.008437633514404297
4,119,bb61c38a1b59e6a8bece0215,1.0800000429153442,0.5200420618057251,-0.5599579811096191,0.5599579811096191
4,120,0901e655c650e5f2a802c355,0.550000011920929,0.6000330448150635,0.05003303289413452,0.05003303289413452
4,121,c78e3fe675206b79f751c0a0,1.4700000286102295,1.5093284845352173,0.03932845592498779,0.03932845592498779
4,122,5b671d8e1ef2d9c36ee031c2,1.3799999952316284,0.9360457062721252,-0.4439542889595032,0.4439542889595032
4,123,07f0d00e8ff76eff9535f62f,2.863279342651367,2.718047618865967,-0.1452317237854004,0.1452317237854004
4,124,72eeec3961f81292e8206626,0.36051350831985474,0.18351620435714722,-0.17699730396270752,0.17699730396270752
4,125,a29b09784e6df491d9df948d,3.25,2.6993870735168457,-0.5506129264831543,0.5506129264831543
4,126,9cb4ec2268b50b011908ed6e,3.096909999847412,2.1255135536193848,-0.9713964462280273,0.9713964462280273
4,127,7e5862776a643e16072724b4,-1.3424227237701416,0.16577653586864471,1.5081992149353027,1.5081992149353027
4,128,01a5b58507da1078b4ebe857,1.5099999904632568,1.8458411693572998,0.33584117889404297,0.33584117889404297
4,129,142ef6457eb2b209117f9e18,0.949999988079071,0.9333992004394531,-0.01660078763961792,0.01660078763961792
4,130,3fa777156c7374661e7cb603,1.4500000476837158,1.0624947547912598,-0.38750529289245605,0.38750529289245605
4,131,d6628d2a179f22503a65395d,1.6399999856948853,1.13923978805542,-0.5007601976394653,0.5007601976394653
4,132,5d9cc3afc706f6b79f252f23,3.585026741027832,2.2267861366271973,-1.3582406044006348,1.3582406044006348
4,133,08c34d6d02550518c26e5487,0.9625735282897949,1.524147391319275,0.56157386302948,0.56157386302948
4,134,f39ee2a21d05c2d18d423112,2.301029920578003,1.9578617811203003,-0.34316813945770264,0.34316813945770264
4,135,ce5f80301c906c591f7cd998,1.25,1.0952976942062378,-0.1547023057937622,0.1547023057937622
4,136,46a91d85b13b9e7736b82352,0.6800000071525574,0.7627888321876526,0.08278882503509521,0.08278882503509521
4,137,2c128732b0d62d2d11d6907a,1.3300000429153442,1.2190147638320923,-0.11098527908325195,0.11098527908325195
4,138,908db7c8af721d799cb39aa4,0.8299999833106995,1.119747281074524,0.28974729776382446,0.28974729776382446
4,139,fa1b1ede30d96bb711083f52,3.9586071968078613,3.5562925338745117,-0.4023146629333496,0.4023146629333496
4,140,99c234f252ebd76db26ab55c,1.8664610385894775,1.6537442207336426,-0.21271681785583496,0.21271681785583496
4,141,eeeb0433e55b6b89165750bd,1.5099999904632568,1.574358582496643,0.06435859203338623,0.06435859203338623
4,142,db5e7915f54c03bbd750db44,2.4800000190734863,2.8168458938598633,0.33684587478637695,0.33684587478637695
4,143,0639b7be7656e9ea4aa4ee01,2.6600000858306885,2.026590585708618,-0.6334095001220703,0.6334095001220703
4,144,9c3f955567a32b049b6b5a92,1.6199697256088257,3.3396759033203125,1.7197061777114868,1.7197061777114868
4,145,a7963b6448078e7ac7997703,1.850000023841858,1.5843392610549927,-0.26566076278686523,0.26566076278686523
4,146,48de20f708244b1b9da64531,1.5399999618530273,1.4198938608169556,-0.12010610103607178,0.12010610103607178
4,147,1ab944163fafb73f24b0eebd,1.309999942779541,0.846337616443634,-0.463662326335907,0.463662326335907
4,148,c4ee3997c9e237d2327b1b03,2.3799681663513184,3.340362071990967,0.9603939056396484,0.9603939056396484
4,149,f5f1440fa90365fc86aaff3d,0.7400000095367432,0.5144427418708801,-0.22555726766586304,0.22555726766586304
4,150,5e9fb7030268f501314a4787,4.828788757324219,1.868601679801941,-2.9601869583129883,2.9601869583129883
4,151,cf24f9acbca609809002dbe2,0.9300000071525574,0.7163125872612,-0.21368741989135742,0.21368741989135742
4,152,188d5c75fea8a86b52417e0a,2.2598347663879395,1.8189834356307983,-0.4408513307571411,0.4408513307571411
4,153,7ef1d2f401557d770a97133c,1.2699999809265137,1.2300291061401367,-0.03997087478637695,0.03997087478637695
4,154,3d1816197b40d3c5b46a21af,2.0399999618530273,1.8740506172180176,-0.16594934463500977,0.16594934463500977
4,155,d9ad73011c027986575fb097,2.4100000858306885,1.989028811454773,-0.4209712743759155,0.4209712743759155
4,156,1ef93c913b460feb2f790038,1.6575772762298584,1.2563420534133911,-0.4012352228164673,0.4012352228164673
4,157,7c79def2765ebc81a24200b3,0.46000000834465027,0.7958279848098755,0.3358279764652252,0.3358279764652252
4,158,b3d6539e8e7b9adb95ef891b,2.109999895095825,1.7338312864303589,-0.3761686086654663,0.3761686086654663
4,159,6859964788082acad796d74d,4.267606258392334,4.052160739898682,-0.21544551849365234,0.21544551849365234
4,160,dc08a81491ca5be65d009489,1.600000023841858,1.4325419664382935,-0.16745805740356445,0.16745805740356445
4,161,3be530a42fbe8b96a9f37af3,2.886056661605835,2.810091733932495,-0.07596492767333984,0.07596492767333984
4,162,c596eb1537b10c56088bb0d9,2.319999933242798,2.171773910522461,-0.14822602272033691,0.14822602272033691
4,163,ccb7f8fc864b44181ba86446,2.8399999141693115,0.7221456170082092,-2.117854356765747,2.117854356765747
4,164,2553b7b72236ca0127e613bf,3.698970079421997,2.3291966915130615,-1.3697733879089355,1.3697733879089355
4,165,09f9121f18e9606ee26b6040,0.8500000238418579,0.571610152721405,-0.2783898711204529,0.2783898711204529
4,166,fb91f3551bd6719299426e63,1.059999942779541,1.4604517221450806,0.40045177936553955,0.40045177936553955
4,167,91b73fa6f3c8bce9da0dc939,3.853872060775757,4.027307033538818,0.17343497276306152,0.17343497276306152
4,168,5f7ebb8c5a698ba810598511,3.5999999046325684,3.4024085998535156,-0.19759130477905273,0.19759130477905273
4,169,b66375a79d8f9d110468aeb8,1.045757532119751,0.9266983866691589,-0.11905914545059204,0.11905914545059204
4,170,8fa4f4dee43f1ac5dd86e371,2.7300000190734863,2.757497787475586,0.02749776840209961,0.02749776840209961
4,171,8b6775cbb50674ceb40b7582,3.1281509399414062,3.6027402877807617,0.47458934783935547,0.47458934783935547
4,172,659a663de462726b001802a0,0.6989700198173523,0.6529557704925537,-0.046014249324798584,0.046014249324798584
4,173,057d7dcd793c25a63688896b,1.4299999475479126,1.8274563550949097,0.39745640754699707,0.39745640754699707
4,174,3a001ae3504199571f955b62,1.0499999523162842,1.0789278745651245,0.028927922248840332,0.028927922248840332
4,175,a2c892056fc033824f640353,1.4700000286102295,1.450499415397644,-0.01950061321258545,0.01950061321258545
4,176,da06b04423f5625e20f1ece3,0.2958800196647644,0.7370561957359314,0.441176176071167,0.441176176071167
4,177,63714841b43f43306692ee4e,2.4202163219451904,2.9929146766662598,0.5726983547210693,0.5726983547210693
4,178,13a11f7f8e30f8f411d159ed,2.8761484622955322,2.3434104919433594,-0.5327379703521729,0.5327379703521729
4,179,e8469f93c282295b9cbe7b23,4.0,1.17806875705719,-2.8219313621520996,2.8219313621520996
4,180,e20adbe186dd86d03358b5c9,3.2441251277923584,2.594912528991699,-0.6492125988006592,0.6492125988006592
4,181,e74f7a2d91065488ad40703b,3.795880079269409,3.710824966430664,-0.08505511283874512,0.08505511283874512
4,182,5425e23687d68ea8985be23d,0.7599999904632568,0.5516744256019592,-0.2083255648612976,0.2083255648612976
4,183,acc0ba8ba757baf16c936edf,1.5499999523162842,1.9961045980453491,0.44610464572906494,0.44610464572906494
4,184,245ded6e7193e40d43bfc1e1,1.659999966621399,3.2592358589172363,1.5992358922958374,1.5992358922958374
4,185,8e18283870b451c7fdeb8a5f,3.8477115631103516,4.25088357925415,0.40317201614379883,0.40317201614379883
4,186,402ba938c19c03db27997500,2.450000047683716,2.269306182861328,-0.1806938648223877,0.1806938648223877
4,187,7f776f6009d6978ec28786f6,2.0276119709014893,1.7968522310256958,-0.23075973987579346,0.23075973987579346
4,188,7e1a9cc4626fab18c6600ec3,2.0299999713897705,0.9552308917045593,-1.0747690200805664,1.0747690200805664
4,189,b1030c546fc57abf6f3054f2,1.6699999570846558,1.6829952001571655,0.012995243072509766,0.012995243072509766
4,190,61464c56c59ff22c2e7f881b,0.9100000262260437,1.1242399215698242,0.21423989534378052,0.21423989534378052
4,191,a272c1c5ff188a602d200be7,0.7799999713897705,1.0873953104019165,0.307395339012146,0.307395339012146
4,192,0c0d19a7a35956d1a6ef57c7,1.9100948572158813,2.6335957050323486,0.7235008478164673,0.7235008478164673
4,193,1ec9314fbe66274fca6ec92f,4.180456161499023,3.9540300369262695,-0.2264261245727539,0.2264261245727539
4,194,b6a37b88ee00972cd1e2449e,3.4685211181640625,3.920336961746216,0.4518158435821533,0.4518158435821533
4,195,4024faa383a4a5f6a5af8de3,0.25999999046325684,1.852779746055603,1.5927797555923462,1.5927797555923462
4,196,5d073c4161c6b16cce0c61d5,2.908151388168335,3.270198345184326,0.3620469570159912,0.3620469570159912
4,197,643bac0dc46b56c2f9396ff3,0.4282911717891693,0.540237307548523,0.11194613575935364,0.11194613575935364
4,198,1a1ad4523aedea5d75268cdc,1.659999966621399,1.9298555850982666,0.2698556184768677,0.2698556184768677
4,199,c57ab0f6c5ad044c050542f3,0.5600000023841858,1.0104875564575195,0.45048755407333374,0.45048755407333374
4,200,5ce0b5419ebc899959d800df,4.031517028808594,3.801664352416992,-0.22985267639160156,0.22985267639160156
4,201,9a6b89d86b24a47122bacaf3,1.6799999475479126,1.5398927927017212,-0.1401071548461914,0.1401071548461914
4,202,3a69a21800475ed77eecfac2,1.2699999809265137,0.8093742728233337,-0.46062570810317993,0.46062570810317993
4,203,bd8b0a49ca22f4c105a804f8,0.8700000047683716,0.5030673146247864,-0.3669326901435852,0.3669326901435852
4,204,09928ea9d15e738fd5a5597d,2.6499459743499756,3.486384391784668,0.8364384174346924,0.8364384174346924
4,205,8fb2070c977d48f5b4125279,3.6575772762298584,3.8988654613494873,0.2412881851196289,0.2412881851196289
4,206,1cb17ea6ec8ac982132977ab,-1.920644998550415,0.13295325636863708,2.053598165512085,2.053598165512085
4,207,bcee2d82290f506ea01dbc38,1.1200000047683716,1.0622881650924683,-0.05771183967590332,0.05771183967590332
4,208,0f4f6c4abec949b37168691d,3.45644474029541,3.947401523590088,0.49095678329467773,0.49095678329467773
4,209,f6869ee7cf82db329d5a93b8,3.880000114440918,2.2508678436279297,-1.6291322708129883,1.6291322708129883
4,210,5dc9bd9f8f365357a179e179,1.5064024925231934,0.9401955008506775,-0.5662069916725159,0.5662069916725159
4,211,4e330523af43c56043f18803,1.149999976158142,1.789734125137329,0.639734148979187,0.639734148979187
4,212,df8e6a69b078443b5c807d64,0.36754271388053894,1.9427822828292847,1.5752395391464233,1.5752395391464233
4,213,3e5ce1746f60068ec6c1a4dc,2.93743896484375,2.8148908615112305,-0.12254810333251953,0.12254810333251953
4,214,0e3f6db3d1ada401613395d8,1.6777807474136353,2.6514148712158203,0.9736341238021851,0.9736341238021851
4,215,6ef51f4e8c45258e2d11937a,4.387216091156006,3.479123592376709,-0.9080924987792969,0.9080924987792969
4,216,07abd6ee0144383d0cd9ce82,1.1739251613616943,0.8745113015174866,-0.29941385984420776,0.29941385984420776
4,217,3d5c5e9061bc6b508087d5d6,2.185086727142334,1.0993964672088623,-1.0856902599334717,1.0856902599334717
4,218,ea164aa249370adfe24204ba,1.3799999952316284,1.558538556098938,0.17853856086730957,0.17853856086730957
4,219,bf548627fef96638a4c8b53e,1.340000033378601,1.7574713230133057,0.4174712896347046,0.4174712896347046
4,220,75386788bc56205ea9096158,2.995678663253784,3.143836736679077,0.14815807342529297,0.14815807342529297
4,221,ea920d286463a805ac830df2,4.107905387878418,4.214719772338867,0.10681438446044922,0.10681438446044922
4,222,5d46d55781c9d5e71fcc8044,1.840000033378601,1.768454670906067,-0.07154536247253418,0.07154536247253418
4,223,b28db205e83832fc3af482f5,1.1399999856948853,1.4739165306091309,0.3339165449142456,0.3339165449142456
4,224,0c6dc5cbbc1d7fb4dd204460,2.795880079269409,2.636258602142334,-0.1596214771270752,0.1596214771270752
4,225,3b3779b4bd9e95aa89d5c2b4,1.0700000524520874,1.5444762706756592,0.4744762182235718,0.4744762182235718
4,226,ecb1d88ae1c096a9c26646f5,3.522878646850586,2.389972686767578,-1.1329059600830078,1.1329059600830078
4,227,fd0e87cab97f86ec3170b282,2.0199999809265137,0.8633991479873657,-1.156600832939148,1.156600832939148
4,228,6bcdf3d1e398c836c8fd9804,4.585026741027832,4.508593559265137,-0.07643318176269531,0.07643318176269531
4,229,96a07b8a4ea102d3b1f099d8,2.4600000381469727,2.3748624324798584,-0.08513760566711426,0.08513760566711426
4,230,4918ed75ecfd1b9173356408,1.6699999570846558,1.8500865697860718,0.18008661270141602,0.18008661270141602
4,231,d445306858b0738c19f30e9c,1.2839967012405396,1.008954644203186,-0.2750420570373535,0.2750420570373535
4,232,ed326b721e60d75a5daa7966,2.0799999237060547,1.9859873056411743,-0.09401261806488037,0.09401261806488037
4,233,5736740649471eee7dc887b1,1.690000057220459,1.1213374137878418,-0.5686626434326172,0.5686626434326172
4,234,f16b2dfdf2f8162c5e9119b0,0.6542996168136597,2.8987598419189453,2.244460105895996,2.244460105895996
4,235,b90c6db16bcf0cd6c2b88ea1,2.8761484622955322,2.3129971027374268,-0.5631513595581055,0.5631513595581055
4,236,f713d7e4f75326f7d975a836,3.795880079269409,3.707885265350342,-0.08799481391906738,0.08799481391906738
4,237,a233b822c995826fec21dd5d,0.9300000071525574,1.7085635662078857,0.7785635590553284,0.7785635590553284
4,238,3fba70af363db13b7f1d2ac7,3.744727611541748,3.920476198196411,0.17574858665466309,0.17574858665466309
4,239,7a14fde295eaa9f806ccc28c,2.770890951156616,2.9863498210906982,0.21545886993408203,0.21545886993408203
4,240,2323af895e74b6b63f36f2f6,3.187086582183838,2.701406955718994,-0.48567962646484375,0.48567962646484375
4,241,9ed4a3276a177c8080221fd3,1.4814860820770264,1.8748036623001099,0.3933175802230835,0.3933175802230835
4,242,389eda80463ae96db4b96fd3,1.4700000286102295,1.6521168947219849,0.18211686611175537,0.18211686611175537
4,243,4864a3212d5c3fd2305defea,0.9800000190734863,0.8386064171791077,-0.14139360189437866,0.14139360189437866
4,244,afd5429adf48fb86298dba8a,1.5299999713897705,1.5530627965927124,0.023062825202941895,0.023062825202941895
4,245,caeafe3ef9c92132c55135cd,2.509999990463257,2.867295742034912,0.3572957515716553,0.3572957515716553
4,246,b66126dc4f6e5152a50dc6af,0.949999988079071,1.091556429862976,0.14155644178390503,0.14155644178390503
4,247,4ecebdb7fd25516c93777f85,1.5499999523162842,1.7868636846542358,0.23686373233795166,0.23686373233795166
4,248,b599c1b6bcaef6ac2786b151,2.490000009536743,2.757781505584717,0.26778149604797363,0.26778149604797363
4,249,615ac135680200a7bf55688a,1.8200000524520874,3.4807991981506348,1.6607991456985474,1.6607991456985474
4,250,7afad8e3c1845dfbe5f2aab5,1.2200000286102295,1.3899469375610352,0.16994690895080566,0.16994690895080566
4,251,58797d9f66194edc49410fd9,1.045757532119751,0.9883131384849548,-0.05744439363479614,0.05744439363479614
4,252,0a4858a114c1402c03033ba6,4.550058841705322,3.718614101409912,-0.8314447402954102,0.8314447402954102
4,253,696a8d8d94f18bc4dc9f407b,2.140000104904175,2.131088972091675,-0.0089111328125,0.0089111328125
4,254,a5ebbc24ae860fb7c2fb5624,0.5400000214576721,0.45485642552375793,-0.08514359593391418,0.08514359593391418
4,255,40fd831e4788d35ea12403dc,1.6799999475479126,1.6434022188186646,-0.03659772872924805,0.03659772872924805
4,256,cfb504f8d3ec8521a05630b2,2.140000104904175,1.4057186841964722,-0.7342814207077026,0.7342814207077026
4,257,0d764c90e6ca8041f4c73f2d,1.7100000381469727,1.2449876070022583,-0.46501243114471436,0.46501243114471436
4,258,df95c045ba90affe3a878146,1.4500000476837158,1.659497618675232,0.2094975709915161,0.2094975709915161
4,259,9e6c7eb620c7e7c0ac73f185,2.380000114440918,2.397982358932495,0.01798224449157715,0.01798224449157715
4,260,cd1cee10bb4ef712bfa9a60f,1.090000033378601,1.6409088373184204,0.5509088039398193,0.5509088039398193
4,261,8f4ac4f83206cec988f74640,3.299999952316284,3.0785129070281982,-0.22148704528808594,0.22148704528808594
4,262,b0fbe480de200904d0216159,4.481485843658447,3.633544921875,-0.8479409217834473,0.8479409217834473
4,263,23cfde9b64b5148b9f2373c5,1.6020599603652954,1.3289817571640015,-0.27307820320129395,0.27307820320129395
4,264,055310e261dbe2cad46dd00b,0.7200000286102295,1.0895617008209229,0.36956167221069336,0.36956167221069336
4,265,3c1f19001510422e59860042,1.3061445951461792,2.384542226791382,1.0783976316452026,1.0783976316452026
4,266,68f0f8bc3a86901f5e599e7a,1.149999976158142,0.946049153804779,-0.20395082235336304,0.20395082235336304
4,267,7ab7cc57834f66aa6ee66ea7,0.14000000059604645,0.6357514262199402,0.49575144052505493,0.49575144052505493
4,268,550c5c128b2b7aa0d24ef950,1.809999942779541,1.4175148010253906,-0.3924851417541504,0.3924851417541504
4,269,d49d5437b236ff77e206478c,0.9200000166893005,0.6289206147193909,-0.29107940196990967,0.29107940196990967
4,270,0820507d8d423e97ea364b8e,1.5099999904632568,1.1984479427337646,-0.3115520477294922,0.3115520477294922
4,271,2f10799d9a39d4306f2cb1f3,1.3799999952316284,1.729044795036316,0.3490447998046875,0.3490447998046875
4,272,7c8eb29675badd86e7ab1037,0.7958800196647644,0.7370561957359314,-0.05882382392883301,0.05882382392883301
4,273,f9ba0aa0823aae9cacc29a06,1.8300000429153442,2.279644250869751,0.44964420795440674,0.44964420795440674
4,274,6de6dd75039ce9dee166c3b2,0.9800000190734863,0.8490878939628601,-0.13091212511062622,0.13091212511062622
4,275,a764df136264d664e83bf7bd,1.9665762186050415,2.0584988594055176,0.09192264080047607,0.09192264080047607
4,276,ceb7119458996169cb97e2cf,2.8499999046325684,2.9378762245178223,0.0878763198852539,0.0878763198852539
4,277,63adc5f9ffbea27dffd7ac32,2.511167287826538,3.933678388595581,1.422511100769043,1.422511100769043
4,278,a2ba3b3a369bba9e36b6349b,4.1199870109558105,4.522592544555664,0.4026055335998535,0.4026055335998535
4,279,a3b1f4eaba6d04232e8ffa47,3.6575772762298584,3.9495630264282227,0.29198575019836426,0.29198575019836426
4,280,6947a1c6536c76002ed4f268,0.8299999833106995,1.1984096765518188,0.3684096932411194,0.3684096932411194
4,281,a9b3dabb8ef33692daf6abdc,0.7599999904632568,0.7223008871078491,-0.037699103355407715,0.037699103355407715
4,282,f4148b5733653948d14d011b,0.75,0.9277165532112122,0.17771655321121216,0.17771655321121216
4,283,203c38633cf3bc2645d81ebf,0.4099999964237213,0.08211609721183777,-0.32788389921188354,0.32788389921188354
4,284,d13fe4c6893b60e94c249935,2.869999885559082,2.915905714035034,0.04590582847595215,0.04590582847595215
4,285,c859e4dbd67e947b009a9b3a,3.522878646850586,3.509392738342285,-0.013485908508300781,0.013485908508300781
4,286,b8acc55f8ee345d6efae1756,3.390000104904175,3.026334047317505,-0.3636660575866699,0.3636660575866699
4,287,94c16cc0bf8d5c373a3aaa87,1.159999966621399,1.545232892036438,0.38523292541503906,0.38523292541503906
4,288,15c161f19e89b796902977bc,3.237321376800537,3.338095188140869,0.10077381134033203,0.10077381134033203
4,289,cd2f71f4abb54d449fff402b,2.4800407886505127,3.4050703048706055,0.9250295162200928,0.9250295162200928
4,290,b12c2bd476f2d02c4a1d378b,2.853872060775757,3.6048007011413574,0.7509286403656006,0.7509286403656006
4,291,d227a771ef793a0f701b468e,1.1883753538131714,-0.06980957090854645,-1.2581849098205566,1.2581849098205566
4,292,b437ac4e8f71f8b29dadb14c,3.2466721534729004,3.071366310119629,-0.17530584335327148,0.17530584335327148
4,293,188ef201747f4e383ab46640,0.5,1.1284654140472412,0.6284654140472412,0.6284654140472412
4,294,23ccefaf2e6bf23c2f4ef188,1.850000023841858,0.33117201924324036,-1.51882803440094,1.51882803440094
4,295,fa3e3be7b2d33fb3cb680e3d,1.9500000476837158,2.5919368267059326,0.6419367790222168,0.6419367790222168
4,296,fd1567445d90ac8592f07ee5,1.3600000143051147,1.7657684087753296,0.40576839447021484,0.40576839447021484
4,297,32e3c82f60baa0154365b89a,3.4202163219451904,4.117209434509277,0.6969931125640869,0.6969931125640869
4,298,c3b31159bca635476ebc0100,4.700057029724121,3.9581451416015625,-0.7419118881225586,0.7419118881225586
4,299,2ae2921ad08439b8a0937046,1.6699999570846558,0.898978054523468,-0.7710219025611877,0.7710219025611877
4,300,f4d4d746465fd3a1de04787a,3.823908805847168,3.8249359130859375,0.0010271072387695312,0.0010271072387695312
4,301,ee6fedac3e05a4254f40c9df,1.600000023841858,1.8182995319366455,0.2182995080947876,0.2182995080947876
4,302,0ba863b4e70dfd8a2fa3d829,1.4299999475479126,1.829199194908142,0.3991992473602295,0.3991992473602295
4,303,111afc8ca03947d0ed281200,1.7699999809265137,1.1596596240997314,-0.6103403568267822,0.6103403568267822
4,304,f9c6fb84572a55172923bdd1,1.1299999952316284,0.6691192984580994,-0.46088069677352905,0.46088069677352905
4,305,77b431a5602d2c31f396804b,2.5800442695617676,2.7532973289489746,0.17325305938720703,0.17325305938720703
4,306,02db562975b413bfdd7cc149,3.237321376800537,3.338095188140869,0.10077381134033203,0.10077381134033203
4,307,587f5d396ed9ab487cd0d44b,2.4629368782043457,2.3622117042541504,-0.10072517395019531,0.10072517395019531
4,308,50f2b94ddb6218e7228360a2,0.5686362385749817,1.0120962858200073,0.44346004724502563,0.44346004724502563
4,309,05a3e52e9cac7f213a5b5ce4,2.0999999046325684,0.9664788842201233,-1.1335210800170898,1.1335210800170898
4,310,0059b36757bd816c24934750,1.149999976158142,1.0457030534744263,-0.10429692268371582,0.10429692268371582
4,311,75ee92483a3c3e7ca9f449a4,0.6800000071525574,1.2325843572616577,0.5525843501091003,0.5525843501091003
4,312,f3f6dcb2b20f02592dbfc5c9,3.3575353622436523,3.268533229827881,-0.08900213241577148,0.08900213241577148
4,313,9a7a4382f2f4d79a6c41fe77,1.6200000047683716,1.9865888357162476,0.366588830947876,0.366588830947876
4,314,fec8aa934b34ce4964347f4d,1.9500000476837158,1.8283439874649048,-0.12165606021881104,0.12165606021881104
4,315,e5ed43e16841fa801917e0cd,2.7784698009490967,2.643693447113037,-0.13477635383605957,0.13477635383605957
4,316,43579199e93113f33ab28115,2.2699999809265137,2.00767183303833,-0.2623281478881836,0.2623281478881836
4,317,2d7e44e3f153ef39b03c074d,-4.7075700759887695,-2.008756399154663,2.6988136768341064,2.6988136768341064
4,318,98c50f8ee9be9968ab86aa01,1.148741602897644,0.8905520439147949,-0.2581895589828491,0.2581895589828491
4,319,7a0ff029cbf35631b55af694,2.200000047683716,1.9497689008712769,-0.25023114681243896,0.25023114681243896
4,320,c9bac26c172b769a3ae33ec3,1.1649439334869385,1.3820854425430298,0.2171415090560913,0.2171415090560913
4,321,5e6f25387d181c65c8f1e9dd,2.886056661605835,2.397562026977539,-0.4884946346282959,0.4884946346282959
4,322,a871becf78062b728b863689,1.6299999952316284,1.771823525428772,0.14182353019714355,0.14182353019714355
4,323,a183d5c860b6d5c3057601c6,1.8799999952316284,0.7788876891136169,-1.1011123657226562,1.1011123657226562
4,324,49bb615c688c6b080ddbf462,0.9900000095367432,1.8471506834030151,0.857150673866272,0.857150673866272
4,325,7d4ee51722e4fae0aedf51f9,1.0,0.8366556167602539,-0.1633443832397461,0.1633443832397461
4,326,f3fa2b485c42c19342535521,2.5399999618530273,2.158565044403076,-0.38143491744995117,0.38143491744995117
4,327,6b4805174bfe4444c9f683e3,2.2300000190734863,3.830493211746216,1.6004931926727295,1.6004931926727295
4,328,327e45e99ba2384130b64838,2.4190750122070312,1.7487484216690063,-0.6703265905380249,0.6703265905380249
4,329,dadd6d84a38d1383e4503b22,0.9200000166893005,1.2792109251022339,0.35921090841293335,0.35921090841293335
4,330,d7a60f0db9118ba72c7dd9cf,0.9200000166893005,1.6156615018844604,0.6956614851951599,0.6956614851951599
4,331,45b6c46e2059495ee75e24da,1.9800000190734863,1.1041055917739868,-0.8758944272994995,0.8758944272994995
4,332,446c6471aa7d74e35b12a754,3.129595994949341,2.7926971912384033,-0.3368988037109375,0.3368988037109375
4,333,c19c0d4cba2975ae8a519368,0.41999998688697815,0.5421090722084045,0.12210908532142639,0.12210908532142639
4,334,78e18126fc43379462a24711,2.7200000286102295,1.5145851373672485,-1.205414891242981,1.205414891242981
4,335,287b4ceda57ac058b6a43e51,0.14000000059604645,-0.1259077489376068,-0.26590776443481445,0.26590776443481445
4,336,967ba1d2eb6471fae080f32f,2.069999933242798,3.302354335784912,1.2323544025421143,1.2323544025421143
4,337,eebfd00546234ce1cfcbad55,0.9586073160171509,1.4747164249420166,0.5161091089248657,0.5161091089248657
4,338,f0ffeeb9278c32fb443767c9,0.7447274923324585,0.7979527711868286,0.05322527885437012,0.05322527885437012
4,339,08e0ca64429e8cc7c966e5b2,0.6777806878089905,1.0777496099472046,0.3999689221382141,0.3999689221382141
4,340,77f482430de3c0bb584ba653,0.8899999856948853,0.3419770896434784,-0.5480228662490845,0.5480228662490845
4,341,5797cc844b9ad9404973ef50,0.3799999952316284,0.6629378199577332,0.28293782472610474,0.28293782472610474
4,342,1bea538592e843bfb37ab067,1.059999942779541,0.49058422446250916,-0.5694156885147095,0.5694156885147095
4,343,28393f37e1af9601374664fe,0.5228787660598755,0.4747033417224884,-0.048175424337387085,0.048175424337387085
4,344,5bdfdbe60c5be53c277632b1,1.9199999570846558,1.1404880285263062,-0.7795119285583496,0.7795119285583496
4,345,be82d08bc5bfcd1be6eccff2,0.508638322353363,0.3483213782310486,-0.16031694412231445,0.16031694412231445
4,346,6dd5c89d184839dc51415480,0.6000000238418579,0.9492536187171936,0.3492535948753357,0.3492535948753357
4,347,b5bbfbbc498d268e9e8142a8,3.6003262996673584,3.5016493797302246,-0.09867691993713379,0.09867691993713379
4,348,787294cc688c2bd411a90124,4.269999980926514,2.7002949714660645,-1.5697050094604492,1.5697050094604492
4,349,fe2d1b815d85da0e192202b4,1.850000023841858,1.7209489345550537,-0.1290510892868042,0.1290510892868042
4,350,50c49f2aeecabe68480afe00,0.699999988079071,1.0237761735916138,0.3237761855125427,0.3237761855125427
4,351,164972aedaf63f1c99a58c15,0.9700000286102295,1.417096495628357,0.44709646701812744,0.44709646701812744
4,352,8f12ae0e600835ec39a69872,1.1699999570846558,0.7571936845779419,-0.41280627250671387,0.41280627250671387
4,353,662cbb5497931f450436b5ce,0.3665315508842468,1.737439513206482,1.3709080219268799,1.3709080219268799
4,354,55cebeda17c68e761048f53c,1.940000057220459,1.764765739440918,-0.17523431777954102,0.17523431777954102
4,355,d349d5224febb734c8bbaa8b,4.585026741027832,4.428564071655273,-0.1564626693725586,0.1564626693725586
4,356,7c570227296167c0a96f4372,3.6600000858306885,1.0012871026992798,-2.658712863922119,2.658712863922119
4,357,846dfe8d537b7c6c13c47167,1.1799999475479126,1.7915537357330322,0.6115537881851196,0.6115537881851196
4,358,a48bdcb845821a8ecf950b0c,2.013093948364258,1.974918246269226,-0.03817570209503174,0.03817570209503174
4,359,1a108fa218ac57848b39240f,2.017728805541992,2.1933488845825195,0.17562007904052734,0.17562007904052734
4,360,b3f547430a6cd07bc6641ee8,0.03999999910593033,0.7322781682014465,0.6922781467437744,0.6922781467437744
4,361,09d45c85ede15acaced31290,1.4239710569381714,1.8910397291183472,0.4670686721801758,0.4670686721801758
4,362,9b9d04e72f5e1401e1dbeb62,2.358915328979492,2.2972593307495117,-0.06165599822998047,0.06165599822998047
4,363,6dfa7d72bc9580bcf1f34df2,1.9800000190734863,1.915756344795227,-0.06424367427825928,0.06424367427825928
4,364,124e9f205298c8fe1678ae16,1.2799999713897705,1.466328501701355,0.18632853031158447,0.18632853031158447
4,365,f5a3890ef39fde7f605de3ca,0.6020600199699402,1.5204999446868896,0.9184399247169495,0.9184399247169495
4,366,8981a9bdae93b9e3a2c81f6c,0.9492337107658386,1.1035970449447632,0.15436333417892456,0.15436333417892456
4,367,9c36b78fcdccf32cf032a598,3.050610065460205,2.9135727882385254,-0.1370372772216797,0.1370372772216797
4,368,24c8630897142962d7c2c2b8,3.92081880569458,3.7692341804504395,-0.15158462524414062,0.15158462524414062
4,369,a8a0495c906c1ec544e1600c,1.6200000047683716,1.839060664176941,0.21906065940856934,0.21906065940856934
4,370,59e2da35f60a922f0208acc4,0.3499999940395355,0.7052938342094421,0.3552938401699066,0.3552938401699066
4,371,64f08edc3ffbaa0eef8a8f5a,0.8700000047683716,1.330822229385376,0.4608222246170044,0.4608222246170044
4,372,9aa99504fecb196091220827,1.6200000047683716,1.8342162370681763,0.2142162322998047,0.2142162322998047
4,373,3f007ac12a012d1278df5b22,1.649999976158142,1.2938247919082642,-0.35617518424987793,0.35617518424987793
4,374,a9798ae3800e573d9163db85,1.4471579790115356,1.4382818937301636,-0.00887608528137207,0.00887608528137207
4,375,6e13eae48f2ad203f2f704bc,2.5299999713897705,2.9475061893463135,0.41750621795654297,0.41750621795654297
4,376,dda1c47c372852b3a94e0c6c,1.7200000286102295,1.5703951120376587,-0.1496049165725708,0.1496049165725708
4,377,0ae830b321474d274d9f299e,1.0700000524520874,1.1675798892974854,0.09757983684539795,0.09757983684539795
4,378,8c825c3ea99d772e1db37625,1.2899999618530273,1.7034025192260742,0.4134025573730469,0.4134025573730469
4,379,efcaa46c003e1fb5b3eb8a89,1.3899999856948853,1.5068475008010864,0.11684751510620117,0.11684751510620117
4,380,0db80bbe05b3b79084bf64d3,0.6899999976158142,0.5198940634727478,-0.1701059341430664,0.1701059341430664
4,381,824307556e14b22cbf190d22,1.6020599603652954,2.778167724609375,1.1761077642440796,1.1761077642440796
4,382,d3245c9c22d1c16d03367c1e,0.9700000286102295,1.0572439432144165,0.08724391460418701,0.08724391460418701
4,383,f77e261805e40d5f6824eefd,1.0399999618530273,0.9564017653465271,-0.08359819650650024,0.08359819650650024
4,384,ee9ef66b4708fba02f8af177,2.450000047683716,2.003358840942383,-0.446641206741333,0.446641206741333
4,385,17a67fe7360695be84d104fd,1.9800000190734863,2.3949050903320312,0.4149050712585449,0.4149050712585449
4,386,45eacb3d3cad294277296ad3,1.1001795530319214,0.8724369406700134,-0.22774261236190796,0.22774261236190796
4,387,4f738ba871d76f89bfb85eee,1.4800000190734863,1.803536295890808,0.3235362768173218,0.3235362768173218
4,388,a72e7399ae7874a8d7f424d1,1.4299999475479126,1.073546051979065,-0.35645389556884766,0.35645389556884766
4,389,1c947a5229e43e0c0b3bda98,0.25999999046325684,1.0214840173721313,0.7614840269088745,0.7614840269088745
4,390,4db84aa965dfd4332fb4b569,0.9100000262260437,0.8498448133468628,-0.06015521287918091,0.06015521287918091
4,391,51796492c0590bf9fbaebb48,0.47999998927116394,0.7048898339271545,0.2248898446559906,0.2248898446559906
4,392,2e866250aad9fddb815eff0e,0.8299999833106995,1.4596065282821655,0.6296065449714661,0.6296065449714661
4,393,4d5c0753b8cf84edbb11dab0,2.069999933242798,2.2254674434661865,0.15546751022338867,0.15546751022338867
4,394,f6ad47a2088b98869bbce8aa,1.2599999904632568,1.3008066415786743,0.04080665111541748,0.04080665111541748
4,395,f26515f8e9ef4885cd1c87e6,4.0,3.4723262786865234,-0.5276737213134766,0.5276737213134766
4,396,400e428958ebe29076db1459,3.1881508827209473,3.278723955154419,0.09057307243347168,0.09057307243347168
4,397,5b4a79916136adcfbb0edfae,0.550000011920929,0.5647159218788147,0.014715909957885742,0.014715909957885742
4,398,7159889c12e3b6f3f828ef6f,0.8538719415664673,1.411239743232727,0.5573678016662598,0.5573678016662598
4,399,ee46d01fca7ed5b9cd8ab703,2.0399999618530273,1.6267973184585571,-0.4132026433944702,0.4132026433944702
4,400,d34d7bc898f8a7b666cdc94f,1.6100000143051147,1.3153213262557983,-0.2946786880493164,0.2946786880493164
4,401,387d7cd801ceff53e785caf3,0.9900000095367432,0.4769570529460907,-0.5130429267883301,0.5130429267883301
4,402,60c5e9c13c3e76afc679f0af,1.8538719415664673,2.2174644470214844,0.3635925054550171,0.3635925054550171
4,403,ba1fda7c4b67d19c326ac7b8,1.2699999809265137,0.8697183728218079,-0.4002816081047058,0.4002816081047058
4,404,fd0918dc660335f8854255b2,2.5436339378356934,3.2097842693328857,0.6661503314971924,0.6661503314971924
4,405,4808cddae0c2a301abd42163,1.3200000524520874,1.2968982458114624,-0.023101806640625,0.023101806640625
4,406,8ac1e7c7d605387009b094b7,2.2699999809265137,2.5243124961853027,0.25431251525878906,0.25431251525878906
4,407,8432f5fbf6044474f95efd7e,3.3799681663513184,3.5626492500305176,0.18268108367919922,0.18268108367919922
4,408,258e7df2cfbfc3cdbde16140,2.009999990463257,1.8541147708892822,-0.1558852195739746,0.1558852195739746
4,409,22890c32a4a40d28357ab1a9,1.7999999523162842,2.0058517456054688,0.20585179328918457,0.20585179328918457
4,410,1f8c381221afc0a1fe1ca5d1,1.9700000286102295,1.5398590564727783,-0.43014097213745117,0.43014097213745117
4,411,76cef2c6f8f4321727d63e67,1.5,2.10499906539917,0.6049990653991699,0.6049990653991699
4,412,dd95f90becbead937986029a,1.6439741849899292,1.6125473976135254,-0.03142678737640381,0.03142678737640381
4,413,3d71709f53e091438392745c,0.9100000262260437,1.120867133140564,0.21086710691452026,0.21086710691452026
4,414,d9852c353bba4a2a5e45440e,1.77211332321167,0.9241015911102295,-0.8480117321014404,0.8480117321014404
4,415,3d109036eb60b85439ac8f11,1.649999976158142,2.0998053550720215,0.4498053789138794,0.4498053789138794
4,416,1623a0b1e60f7fc2ba325ab9,1.2300000190734863,1.5169240236282349,0.28692400455474854,0.28692400455474854
4,417,adbefb3ac7512588316686bb,1.9900000095367432,1.7108877897262573,-0.27911221981048584,0.27911221981048584
4,418,461a077bbdd28a37978825e0,0.7721133232116699,0.9661344885826111,0.19402116537094116,0.19402116537094116
4,419,d0924f92d34828cd7d53dcdc,0.8799999952316284,1.5054385662078857,0.6254385709762573,0.6254385709762573
4,420,8529a0d054dee0f66b405376,1.5,1.853716492652893,0.35371649265289307,0.35371649265289307
4,421,2718cf3b028184a171882e60,-1.9190781116485596,0.0727093517780304,1.9917874336242676,1.9917874336242676
4,422,fba67ff0fbde01562c4dfe31,0.7958800196647644,1.118912696838379,0.3230326771736145,0.3230326771736145
4,423,e2eef90b4411c10863723c9d,3.574030637741089,3.0005617141723633,-0.5734689235687256,0.5734689235687256
4,424,a06e1aa85b134e1acb27bab4,1.309999942779541,1.4443507194519043,0.13435077667236328,0.13435077667236328
4,425,cf8eca759f052d4aa9f3d177,2.6099483966827393,3.407174587249756,0.7972261905670166,0.7972261905670166
4,426,3570409af372d2d5a5bb000c,1.2200000286102295,1.8168445825576782,0.5968445539474487,0.5968445539474487
4,427,e3b63b1ffb857f7582d542cb,3.017728805541992,3.6375203132629395,0.6197915077209473,0.6197915077209473
4,428,314f70fb8b9435e8622e5680,4.199999809265137,2.3471460342407227,-1.852853775024414,1.852853775024414
4,429,9bd8137d0204d29c887cb650,2.059999942779541,2.2840089797973633,0.22400903701782227,0.22400903701782227
4,430,c06f8b7308fc04becb392ac0,2.2300000190734863,1.7630695104599,-0.4669305086135864,0.4669305086135864
4,431,c177a0e9b99ed3a167feefb2,-1.920644998550415,0.07833419740200043,1.9989792108535767,1.9989792108535767
4,432,0518c0594523e83299f98955,0.5867002606391907,0.8331403136253357,0.24644005298614502,0.24644005298614502
4,433,d40cb04d4790b08783a5553b,1.899999976158142,1.8626714944839478,-0.037328481674194336,0.037328481674194336
4,434,9fa01457179f696850ebbd8b,3.7695510387420654,3.772683620452881,0.0031325817108154297,0.0031325817108154297
4,435,2157873127c618cb8d2ce2ea,4.070580959320068,3.9389595985412598,-0.1316213607788086,0.1316213607788086
4,436,ac22a83406174e9be8fecc54,2.240000009536743,2.830479621887207,0.5904796123504639,0.5904796123504639
4,437,355b7e5e29cb0ac29f9d1be5,2.359999895095825,1.9395440816879272,-0.42045581340789795,0.42045581340789795
4,438,8ea8e6a0e757662275516f75,1.0499999523162842,0.9474777579307556,-0.10252219438552856,0.10252219438552856
4,439,55bf9e3dfd89554a64dd4c43,2.886056661605835,3.544529438018799,0.6584727764129639,0.6584727764129639
4,440,8b11e245eb31e644a757a9d4,0.36000001430511475,1.5761350393295288,1.216135025024414,1.216135025024414
4,441,53f4636e6d798db278adfaa4,1.440000057220459,1.5014142990112305,0.061414241790771484,0.061414241790771484
4,442,ddafb53fc60908a0e789b8fe,4.1191864013671875,3.897655487060547,-0.22153091430664062,0.22153091430664062
4,443,1f9f8f8c8f8e54f279585ae1,0.8899999856948853,1.107629656791687,0.21762967109680176,0.21762967109680176
4,444,0e0f7c5b46bc32a0f8252892,1.0800000429153442,0.5747573971748352,-0.505242645740509,0.505242645740509
4,445,704eceaa795a40b9d7e9441a,1.0099999904632568,1.002459168434143,-0.0075408220291137695,0.0075408220291137695
4,446,9a5c6c2b71b8483f63ce6b69,1.659999966621399,1.4795538187026978,-0.18044614791870117,0.18044614791870117
4,447,231887a3351b6f68624f99ac,2.8761484622955322,2.2168941497802734,-0.6592543125152588,0.6592543125152588
4,448,171ca28a035e3791da1b79ac,0.6100000143051147,1.1353555917739868,0.5253555774688721,0.5253555774688721
4,449,2c5357613f99bc3fa0bf1710,0.9800000190734863,0.6519584059715271,-0.32804161310195923,0.32804161310195923
4,450,d138fd498a13b6756c3915da,0.6499999761581421,0.4687223732471466,-0.18127760291099548,0.18127760291099548
4,451,fa22500d6f897aa2438d2ac7,1.350000023841858,2.033719301223755,0.683719277381897,0.683719277381897
4,452,54b4301b908093dfad998fe4,2.0799999237060547,1.840894341468811,-0.23910558223724365,0.23910558223724365
4,453,f2daaa5ee3a1820c57679405,2.3439018726348877,1.9685462713241577,-0.37535560131073,0.37535560131073
4,454,f53312975a815f1c75b2a83b,1.8899999856948853,1.8004282712936401,-0.08957171440124512,0.08957171440124512
4,455,5ef176a43e1d36809a0f8043,0.8999999761581421,0.7164862751960754,-0.18351370096206665,0.18351370096206665
4,456,e99b6a638a6dc83587cf978e,3.5799999237060547,2.2888541221618652,-1.2911458015441895,1.2911458015441895
4,457,a34f5f571e611464163bc63c,1.2999999523162842,1.699812650680542,0.3998126983642578,0.3998126983642578
4,458,3a321555620925fbd0c33202,1.309999942779541,1.133057713508606,-0.17694222927093506,0.17694222927093506
4,459,56c7475cf343521d6c731e35,1.7699999809265137,4.383060932159424,2.61306095123291,2.61306095123291
4,460,2e44c656d0f7aa96b8c1747c,4.86012077331543,3.927356243133545,-0.9327645301818848,0.9327645301818848
4,461,92357e5229beb1584beb307e,2.2999889850616455,4.064064979553223,1.7640759944915771,1.7640759944915771
4,462,5cccc9180fd8081d8b188f83,1.659999966621399,1.6751924753189087,0.015192508697509766,0.015192508697509766
4,463,42586a06e1f07957de2e85e8,1.5199999809265137,2.658085346221924,1.1380853652954102,1.1380853652954102
4,464,bb09face3ecde1333047ecb3,4.180456161499023,3.9205737113952637,-0.25988245010375977,0.25988245010375977
4,465,32434756a82c0153c642015e,1.75,1.489639401435852,-0.26036059856414795,0.26036059856414795
4,466,15c54da213547dd4066139d4,2.9788107872009277,3.8821487426757812,0.9033379554748535,0.9033379554748535
4,467,9561771d3001ff64b8aedf3f,0.7400000095367432,0.680915892124176,-0.05908411741256714,0.05908411741256714
4,468,7b2014336c4902e0a41213e3,5.0809221267700195,4.383060932159424,-0.6978611946105957,0.6978611946105957
4,469,9b7b9c14f7148710206f7f9a,1.1100000143051147,1.9456795454025269,0.8356795310974121,0.8356795310974121
4,470,338a0a9c16ccd65e1fcad238,1.0800000429153442,0.9223383069038391,-0.15766173601150513,0.15766173601150513
4,471,7e8ba37205813c713b9f5a26,0.3979400098323822,0.561445415019989,0.1635054051876068,0.1635054051876068
4,472,979589c43bb4a0acae7eff1e,0.29357242584228516,2.7556846141815186,2.4621121883392334,2.4621121883392334
4,473,5b16394fdc4ed226b7e01f99,1.0299999713897705,0.44815483689308167,-0.5818451642990112,0.5818451642990112
4,474,2af8351a712efd01b0cc6319,0.6777806878089905,1.0593929290771484,0.38161224126815796,0.38161224126815796
4,475,4ed867f44eb90f8f7ef0f70a,2.2300000190734863,2.66515851020813,0.43515849113464355,0.43515849113464355
4,476,75e29fffd1f0fec57d4dd2da,0.36000001430511475,1.6015046834945679,1.2415046691894531,1.2415046691894531
4,477,e9ee2488fe81a0ccc276c63c,0.6038006544113159,2.775636911392212,2.1718363761901855,2.1718363761901855
4,478,9ebde448c37d72f51b94137e,0.1249387338757515,1.2647244930267334,1.1397857666015625,1.1397857666015625
4,479,f52aef4e74e97c7f6ff3384d,0.013228265568614006,0.488598495721817,0.47537022829055786,0.47537022829055786
4,480,9d4ee68658d809657c2264cc,0.7400000095367432,1.4542635679244995,0.7142635583877563,0.7142635583877563
4,481,15fa4b83d5634156d743e07b,4.036211967468262,3.4200387001037598,-0.616173267364502,0.616173267364502
4,482,04852c694aa6ba2c595a417d,4.214670181274414,4.679405212402344,0.4647350311279297,0.4647350311279297
4,483,ab8837148f3752c5c416a081,2.992821455001831,3.0960683822631836,0.10324692726135254,0.10324692726135254
4,484,559a78c8ec5efc106d287915,2.975635290145874,2.718047618865967,-0.2575876712799072,0.2575876712799072
4,485,5ec7bc139c5f3dc510f87fb5,2.4452531337738037,2.2294652462005615,-0.2157878875732422,0.2157878875732422
4,486,45995738f640bfe41a59a505,1.600000023841858,2.0899062156677246,0.4899061918258667,0.4899061918258667
4,487,27093a5605b70ed39fbdf071,0.949999988079071,1.5618315935134888,0.6118316054344177,0.6118316054344177
4,488,93d28450198c759269b814d2,1.909999966621399,1.8372116088867188,-0.07278835773468018,0.07278835773468018
4,489,96120ae3271dbf8db2696083,3.1752235889434814,3.157947540283203,-0.01727604866027832,0.01727604866027832
4,490,bdae937b820be3250e656f9d,4.180456161499023,3.8121590614318848,-0.36829710006713867,0.36829710006713867
4,491,4d62ddab400c0dca530e047e,4.236571788787842,3.981365203857422,-0.2552065849304199,0.2552065849304199
4,492,6f3dddbada1c279fd8f5d9eb,0.3700000047683716,0.8728886246681213,0.5028886198997498,0.5028886198997498
4,493,93eb8cddd3ae8b541f5fc173,2.6145875453948975,2.810184955596924,0.19559741020202637,0.19559741020202637
4,494,a3867e1ba70c4df369c719ba,-1.1367205381393433,-1.1349304914474487,0.0017900466918945312,0.0017900466918945312
4,495,1049a62db8bb775644fb038d,1.5700000524520874,0.5822260975837708,-0.9877739548683167,0.9877739548683167
4,496,04277f29c6d76eaf755f5f0e,1.2400000095367432,0.7080089449882507,-0.5319910645484924,0.5319910645484924
4,497,2ea3d49cfbbb492dc64800fa,2.214670181274414,2.0928072929382324,-0.12186288833618164,0.12186288833618164
4,498,0e34bf8443baf5792fc55b07,4.387216091156006,3.6310606002807617,-0.7561554908752441,0.7561554908752441
4,499,dbfffc61cf25ba9ad916fb5e,1.3899999856948853,0.8531474471092224,-0.5368525385856628,0.5368525385856628
4,500,da946b872ed52bb20111a37c,0.6899999976158142,1.6757811307907104,0.9857811331748962,0.9857811331748962
4,501,ccf39957d134ba6eebf4bf38,1.0399999618530273,1.577070713043213,0.5370707511901855,0.5370707511901855
4,502,40ca5ba72b3e3ec80ed7a29a,1.9600000381469727,1.8804075717926025,-0.07959246635437012,0.07959246635437012
4,503,0126e6b8ab73afff6142a6e8,1.292429804801941,1.2561339139938354,-0.03629589080810547,0.03629589080810547
4,504,3d8a20ddd17c19f852408b91,2.4200000762939453,2.0551528930664062,-0.36484718322753906,0.36484718322753906
4,505,8f6d6ea5cfa384871282a825,1.3287886381149292,1.582743763923645,0.2539551258087158,0.2539551258087158
4,506,1d88af3e93c55316c62a1439,0.3979400098323822,0.561445415019989,0.1635054051876068,0.1635054051876068
4,507,1106c578953e130e1f5e8abe,1.292429804801941,1.2561339139938354,-0.03629589080810547,0.03629589080810547
4,508,96b013160c47ae9378b3f0be,1.5199999809265137,1.4781203269958496,-0.04187965393066406,0.04187965393066406
4,509,c6177d32c3e3b597407d9b26,1.6020599603652954,1.3289817571640015,-0.27307820320129395,0.27307820320129395
4,510,692443543204a19bcf8f255e,0.9100000262260437,0.6242096424102783,-0.2857903838157654,0.2857903838157654
4,511,58573113441ab84e741a0606,0.3979400098323822,0.34529909491539,-0.05264091491699219,0.05264091491699219
4,512,b19a6fcc5e3dead1f6a396b2,4.639999866485596,2.3769967555999756,-2.26300311088562,2.26300311088562
4,513,1427e7da9569dd5d28043bff,1.2899999618530273,1.492984414100647,0.20298445224761963,0.20298445224761963
4,514,76f6fd5f07f1df4eb413db82,1.0499999523162842,0.575976550579071,-0.47402340173721313,0.47402340173721313
4,515,31fa32183812116e03990ed4,1.3344190120697021,1.5223313570022583,0.18791234493255615,0.18791234493255615
4,516,f9877a557685690d29fc3377,1.8700000047683716,2.213850975036621,0.3438509702682495,0.3438509702682495
4,517,29efeba2aac5fa73f8e983ba,2.7699999809265137,2.2812795639038086,-0.4887204170227051,0.4887204170227051
4,518,9ab0c1a241bfa9ddb912ab13,4.494850158691406,2.2508678436279297,-2.2439823150634766,2.2439823150634766
4,519,fbc9dd4337d33f2a3ee40935,2.369999885559082,3.7190654277801514,1.3490655422210693,1.3490655422210693
4,520,7857f696d63ca66b301aa7e9,0.6757175326347351,0.8240092396736145,0.1482917070388794,0.1482917070388794
4,521,9d6e2c432c45e22fff971628,1.3700000047683716,0.7190907001495361,-0.6509093046188354,0.6509093046188354
4,522,940676bee71cf0aecb7bbf74,4.301030158996582,3.172111988067627,-1.128918170928955,1.128918170928955
4,523,d06b65131f781b741a8de3da,1.1299999952316284,1.0139135122299194,-0.11608648300170898,0.11608648300170898
4,524,d602be3e2f78c4bf84d26b41,1.8635807037353516,2.607654571533203,0.7440738677978516,0.7440738677978516
4,525,fc4cd837aaf8c887844318b6,3.8315200805664062,3.927452564239502,0.0959324836730957,0.0959324836730957
4,526,0322220c82f53f7461616929,0.9586073160171509,1.4747164249420166,0.5161091089248657,0.5161091089248657
4,527,22f4460cc692466a151b69fe,1.2400000095367432,1.081557273864746,-0.15844273567199707,0.15844273567199707
4,528,d255affe6975ff6a2f7139c8,1.2300000190734863,0.4481816589832306,-0.7818183898925781,0.7818183898925781
4,529,cdc4125fc2270a7c824d4c8f,1.1366771459579468,1.5572547912597656,0.42057764530181885,0.42057764530181885
4,530,ddb1121aee4a860f157d622f,1.559999942779541,1.791871428489685,0.23187148571014404,0.23187148571014404
4,531,36f9ade04ec3d51d0fa1f1d3,0.7300000190734863,1.0790070295333862,0.3490070104598999,0.3490070104598999
4,532,e890277af7f6655d7b4672f9,1.340000033378601,0.9556249976158142,-0.38437503576278687,0.38437503576278687
4,533,7c82bc6d8c16ec2851ef2bc5,2.0299999713897705,2.103578567504883,0.0735785961151123,0.0735785961151123
4,534,a77960ae8eacd6c1c78d09fd,3.364516258239746,2.975520133972168,-0.3889961242675781,0.3889961242675781
4,535,7abb25b5a25e4c9310c233b2,0.30000001192092896,0.7649630904197693,0.46496307849884033,0.46496307849884033
4,536,77e474b21c5f206dd840ea3a,3.1191864013671875,2.533959150314331,-0.5852272510528564,0.5852272510528564
4,537,bd9babac94cd76d6db3716bf,1.9299999475479126,1.7482026815414429,-0.18179726600646973,0.18179726600646973
4,538,f81b07d9107844123f6008cc,2.6800615787506104,2.1871886253356934,-0.492872953414917,0.492872953414917
4,539,204afe2c75e24d22b855bc29,1.4299999475479126,2.13179874420166,0.7017987966537476,0.7017987966537476
4,540,374c3d5f607b5540bb00eb7b,0.9399999976158142,1.4658405780792236,0.5258405804634094,0.5258405804634094
4,541,0ebaba18e13fbb37e679d9f9,3.4762535095214844,3.237481117248535,-0.23877239227294922,0.23877239227294922
4,542,5350c58901962b446831914d,2.522878646850586,2.529423475265503,0.006544828414916992,0.006544828414916992
4,543,3680225f0c42c8a4a6aa3df9,0.9300000071525574,1.589022159576416,0.6590221524238586,0.6590221524238586
4,544,a7f205ff45fedec575771261,1.712198257446289,0.5855632424354553,-1.1266350746154785,1.1266350746154785
4,545,fff00626fc2af9061a35b35a,1.5800000429153442,1.8195472955703735,0.2395472526550293,0.2395472526550293
4,546,ed261139b56b8b725cc7e943,2.0799999237060547,1.6921007633209229,-0.38789916038513184,0.38789916038513184
4,547,c70209f98aca5921daa662f1,1.4814860820770264,2.301459312438965,0.8199732303619385,0.8199732303619385
4,548,543deadd9f7397b9eb64c5b6,0.8799999952316284,1.6383074522018433,0.7583074569702148,0.7583074569702148
4,549,b8fd41b5442a0c7ea496978f,2.152937650680542,1.9331341981887817,-0.21980345249176025,0.21980345249176025
4,550,85a11578d26229b8f911f479,-0.14612802863121033,0.7691431641578674,0.9152711629867554,0.9152711629867554
4,551,ea77ae97547154219c6017b8,2.950000047683716,3.4360153675079346,0.48601531982421875,0.48601531982421875
4,552,e1d4dbfe456e4774437ba28a,0.9900000095367432,1.03020179271698,0.040201783180236816,0.040201783180236816
4,553,30fb9378da04365ec8604ec4,3.6600000858306885,2.8897452354431152,-0.7702548503875732,0.7702548503875732
4,554,ba5bf9b677f531e39d361af9,0.40666306018829346,1.6712852716445923,1.2646222114562988,1.2646222114562988
4,555,c22c1584f5e113b2fe1ee42b,2.440000057220459,2.023198127746582,-0.41680192947387695,0.41680192947387695
4,556,afcbc34c229e268a6539fba8,2.5999999046325684,2.833712577819824,0.23371267318725586,0.23371267318725586
4,557,073417876d2f0b37a9bd16c5,0.5228787660598755,0.4874592125415802,-0.03541955351829529,0.03541955351829529
4,558,567aa1b1901b88c1772c7c29,1.7699999809265137,2.28420090675354,0.5142009258270264,0.5142009258270264
4,559,9ffe7d0dd21ee44c7e184fa1,2.5301780700683594,2.344209909439087,-0.18596816062927246,0.18596816062927246
4,560,457b369914102f68c40ddce8,2.049999952316284,2.129354238510132,0.07935428619384766,0.07935428619384766
4,561,c35d09f9c6d3c36188b078cb,1.6946486234664917,2.0580034255981445,0.36335480213165283,0.36335480213165283
4,562,2feb1ec8b8b8ac317f332fd3,0.5899999737739563,0.5133352875709534,-0.07666468620300293,0.07666468620300293
4,563,6e3d09b5319a4e458860fc07,1.583418846130371,2.2174644470214844,0.6340456008911133,0.6340456008911133
4,564,3ec46c7e6af67ef118d25611,1.1699999570846558,1.1042128801345825,-0.06578707695007324,0.06578707695007324
4,565,7a4436e9591495482df3cfb9,0.27000001072883606,0.1975111961364746,-0.07248881459236145,0.07248881459236145
4,566,d3d26d5056ed2c24d9143993,1.8386319875717163,3.2526540756225586,1.4140220880508423,1.4140220880508423
4,567,e1134024eb9ad06437748863,1.1567672491073608,0.697928249835968,-0.4588389992713928,0.4588389992713928
4,568,6afa3e224c6364477617efb6,1.8700000047683716,2.0979063510894775,0.22790634632110596,0.22790634632110596
4,569,963ccc86272532f184a8309a,1.5,1.1787773370742798,-0.3212226629257202,0.3212226629257202
4,570,09945fdd3e3987c85e873b37,3.67043399810791,3.2402429580688477,-0.4301910400390625,0.4301910400390625
4,571,0e8cd880eef529c32f49e5b8,0.8100000023841858,0.8620341420173645,0.05203413963317871,0.05203413963317871
4,572,378959af26cab69b6ffd17b4,2.200000047683716,2.5709164142608643,0.37091636657714844,0.37091636657714844
4,573,b30b996575716c0843c86ea3,1.6020599603652954,1.9266362190246582,0.3245762586593628,0.3245762586593628
4,574,0e5d20633c6a6274acee61e8,1.6300424337387085,2.374882221221924,0.7448397874832153,0.7448397874832153
4,575,3c371d750d9ea3e37610fb39,1.2407430410385132,1.4368399381637573,0.19609689712524414,0.19609689712524414
4,576,5646b67a4e01fb90e9f1b0cf,1.7400000095367432,1.0415946245193481,-0.698405385017395,0.698405385017395
4,577,b608136a13175c4338ad311e,2.06701922416687,2.058213472366333,-0.00880575180053711,0.00880575180053711
4,578,0d4581e16420d6dd0db12d70,1.0199999809265137,1.6803051233291626,0.6603051424026489,0.6603051424026489
4,579,875ab1755ca48e4c6c6ff469,2.5301780700683594,2.466357707977295,-0.06382036209106445,0.06382036209106445
4,580,e8523a04b11fdf80674ff3c9,1.7400000095367432,1.688909888267517,-0.051090121269226074,0.051090121269226074
4,581,126dc8c3aa3823108e212df1,1.6299999952316284,1.5789958238601685,-0.05100417137145996,0.05100417137145996
4,582,3d19ea5f15501be8d4b6e6b5,2.0799810886383057,2.555121421813965,0.4751403331756592,0.4751403331756592
4,583,f1603b47ddb85ccd4792bc95,2.3260579109191895,2.814786911010742,0.48872900009155273,0.48872900009155273
4,584,0338509626c507290d029073,1.7594507932662964,1.3969100713729858,-0.36254072189331055,0.36254072189331055
4,585,9b79f461376ce0d55588470f,3.239577531814575,3.3343117237091064,0.09473419189453125,0.09473419189453125
4,586,3bcb0069727b9f1843f10042,0.8500000238418579,0.7710701823234558,-0.0789298415184021,0.0789298415184021
4,587,93e6e55471b23764ef240cde,1.399999976158142,1.2166788578033447,-0.18332111835479736,0.18332111835479736
4,588,2782fe2291702b062fb8f03c,0.30000001192092896,1.1030367612838745,0.8030367493629456,0.8030367493629456
4,589,a82ba47f67b08a1373174bd1,0.8805241584777832,2.4561028480529785,1.5755786895751953,1.5755786895751953
4,590,7f2d0aeabe32312336b45876,1.4253904819488525,0.7211675047874451,-0.7042229771614075,0.7042229771614075
4,591,9d97404ee5e93dcfcbcffc6f,1.6100000143051147,2.0548291206359863,0.4448291063308716,0.4448291063308716
4,592,4564c916fa27477a519f37ec,1.6399999856948853,2.073066473007202,0.4330664873123169,0.4330664873123169
4,593,ac6854c1b7dc208adc70dcc1,4.573488712310791,3.875117778778076,-0.6983709335327148,0.6983709335327148
4,594,1b4129750350830e225fee88,1.440000057220459,1.1353574991226196,-0.30464255809783936,0.30464255809783936
4,595,9fa825bc140ca53fe8229f9a,2.319664478302002,2.6373214721679688,0.3176569938659668,0.3176569938659668
4,596,6f58e7883f2646130dce5021,1.3600000143051147,1.5581775903701782,0.19817757606506348,0.19817757606506348
4,597,350b3ae8e6cc9557f9a434c2,1.8799999952316284,2.1470541954040527,0.2670542001724243,0.2670542001724243
4,598,b4756ca838fd5fe9204c4a45,5.141462802886963,3.805849313735962,-1.335613489151001,1.335613489151001
4,599,1d999cd6bac8facd740a2c62,1.4800000190734863,1.8229115009307861,0.3429114818572998,0.3429114818572998
4,600,cf61310af58a0731f540a10b,0.20999999344348907,0.6558031439781189,0.445803165435791,0.445803165435791
4,601,e5178566b353b9f85a92b134,1.4600000381469727,1.4429106712341309,-0.017089366912841797,0.017089366912841797
4,602,bbd2a07d5654b9dba80c5a55,0.6020600199699402,1.380566954612732,0.7785069346427917,0.7785069346427917
4,603,503a9bc3d3b6ee3880360602,2.8399999141693115,3.637932300567627,0.7979323863983154,0.7979323863983154
4,604,684d0b61af06d1dbd5bc2b6f,2.3413209915161133,2.256695032119751,-0.0846259593963623,0.0846259593963623
4,605,cb839593ca633ecb3d95bcb4,2.640000104904175,2.7780039310455322,0.13800382614135742,0.13800382614135742
4,606,e395a640f68216cd255ca664,1.7200000286102295,1.596060872077942,-0.1239391565322876,0.1239391565322876
4,607,334d427a402d9b8e89474f7e,2.315753221511841,2.3826801776885986,0.06692695617675781,0.06692695617675781
4,608,2a08f6c4fd99eb6ef2a8a40a,1.2699999809265137,0.9520143866539001,-0.3179855942726135,0.3179855942726135
4,609,5c3a8ea7671bfefc348e10d0,2.3299999237060547,2.1003739833831787,-0.22962594032287598,0.22962594032287598
4,610,1ab49c8ba513b59dd6eaf87b,1.659999966621399,1.5934535264968872,-0.06654644012451172,0.06654644012451172
4,611,9d30f6e6cdd3c7a41fe5ec0d,2.3429441452026367,1.8954106569290161,-0.4475334882736206,0.4475334882736206
4,612,5bf31ca07141aec6ea256003,2.5199930667877197,2.442883014678955,-0.07711005210876465,0.07711005210876465
4,613,04e8ce18d25ecc923d7d9900,2.739928722381592,2.478745222091675,-0.261183500289917,0.261183500289917
4,614,b20339fdef1510c3f06c36fb,2.430000066757202,2.4068894386291504,-0.023110628128051758,0.023110628128051758
4,615,304d1e83e790f15f6c60bc65,3.1549019813537598,4.548375129699707,1.3934731483459473,1.3934731483459473
4,616,29b3a2d2481a7b749add2b91,1.25,0.7675725817680359,-0.4824274182319641,0.4824274182319641
4,617,19d7af427223d071532777f8,0.9200000166893005,1.174367070198059,0.25436705350875854,0.25436705350875854
4,618,72084369f7bad9cf305f83f2,2.823908805847168,2.3991568088531494,-0.42475199699401855,0.42475199699401855
4,619,a26244c3bcc9c3c98dd682a3,1.8700000047683716,2.0834248065948486,0.21342480182647705,0.21342480182647705
4,620,38bfae721c785851880cc9e7,3.552841901779175,2.451213836669922,-1.101628065109253,1.101628065109253
4,621,38a4f175fb207f1c816817f2,1.9299999475479126,1.5208791494369507,-0.4091207981109619,0.4091207981109619
4,622,558a8f5312ce639d8a68a1c1,2.102372884750366,2.6796746253967285,0.5773017406463623,0.5773017406463623
4,623,524b62250ae4a3330e3b6748,3.2596373558044434,3.404148578643799,0.14451122283935547,0.14451122283935547
4,624,4807bb639f3ef711eeb361e6,2.0799999237060547,1.6689289808273315,-0.41107094287872314,0.41107094287872314
4,625,76bc12467d929b8f733e094b,1.3695721626281738,1.5462216138839722,0.17664945125579834,0.17664945125579834
4,626,13a87160b15817faf811d1bc,4.200659275054932,4.166711807250977,-0.03394746780395508,0.03394746780395508
4,627,8aac70bb966020defe4e089f,1.2799999713897705,1.466240406036377,0.18624043464660645,0.18624043464660645
4,628,1772b5621800e052fe21fb87,2.32790207862854,2.368741035461426,0.04083895683288574,0.04083895683288574
4,629,a4d7c8fab34c70b29a9b10ca,0.18000000715255737,1.4250723123550415,1.245072364807129,1.245072364807129
4,630,27efd67af26e706397439407,1.2100000381469727,1.2304545640945435,0.0204545259475708,0.0204545259475708
4,631,2a5a0e540ce02b4fb80e2411,1.2300000190734863,0.8454765677452087,-0.3845234513282776,0.3845234513282776
4,632,4261fee771a0dc2edc316456,0.949999988079071,1.6335176229476929,0.6835176348686218,0.6835176348686218
4,633,aa26d0d972f0025a01b4b677,3.1366770267486572,2.1814029216766357,-0.9552741050720215,0.9552741050720215
4,634,00b6734ca008dc5d2881db44,1.6200000047683716,1.6629165410995483,0.04291653633117676,0.04291653633117676
4,635,db1fb5d0ad72bb1a4be50803,0.6399999856948853,0.5959839224815369,-0.04401606321334839,0.04401606321334839
4,636,1a061e681313acbbb12aca89,0.5199999809265137,0.16431763768196106,-0.3556823432445526,0.3556823432445526
4,637,7679d13549fc58c4864a4751,2.009999990463257,1.7921172380447388,-0.21788275241851807,0.21788275241851807
4,638,c6e903d32dbea50964013474,1.3439017534255981,2.071105480194092,0.7272037267684937,0.7272037267684937
4,639,2f3d84358db9d40f435c7aa1,1.3010300397872925,2.5862433910369873,1.2852133512496948,1.2852133512496948
4,640,15cdc44ea861861b80f7e853,0.8299999833106995,0.7390216588973999,-0.09097832441329956,0.09097832441329956
4,641,0e275985308c09c1b8f1e1a8,2.2525882720947266,1.6203302145004272,-0.6322580575942993,0.6322580575942993
4,642,bec2ef3b6326a8ab9374b3b4,2.569999933242798,2.8191256523132324,0.24912571907043457,0.24912571907043457
4,643,a71cf93a224bd3fd1c80ca86,4.443697452545166,4.213435173034668,-0.23026227951049805,0.23026227951049805
4,644,bb4efac3f7c5e8288663a4ce,1.659999966621399,1.5914121866226196,-0.0685877799987793,0.0685877799987793
4,645,16d57c54958d65e56a584dcd,0.8538719415664673,0.6824188828468323,-0.171453058719635,0.171453058719635
4,646,2ea44251c72e6a5cc580291c,1.9600000381469727,1.3581573963165283,-0.6018426418304443,0.6018426418304443
4,647,176712128b0b0c8a280af30c,1.6299999952316284,1.722315788269043,0.09231579303741455,0.09231579303741455
4,648,b1f0c075ec773631ed922c70,1.4814860820770264,2.301459312438965,0.8199732303619385,0.8199732303619385
4,649,5fcbe2b3cee5ca0663046bf5,1.1799999475479126,1.5032250881195068,0.32322514057159424,0.32322514057159424
4,650,9d23f43fe50376cc3bdd9e7e,0.3010300099849701,0.20795753598213196,-0.09307247400283813,0.09307247400283813
4,651,d326be8a1204fa63a148d433,1.4900000095367432,1.4202607870101929,-0.06973922252655029,0.06973922252655029
4,652,523bd21c0a4d7a3f90f3c716,1.1200000047683716,1.5755773782730103,0.45557737350463867,0.45557737350463867
4,653,9fd005c27b019dd6d27977fd,1.149999976158142,1.1292611360549927,-0.020738840103149414,0.020738840103149414
4,654,7bd484935087e23127fdfbda,1.899999976158142,1.6697343587875366,-0.23026561737060547,0.23026561737060547
4,655,41df73fb1a21c0ca54567ed3,3.1549019813537598,4.5108842849731445,1.3559823036193848,1.3559823036193848
4,656,d528a42484a74ee3e9729510,1.3700000047683716,1.8477857112884521,0.47778570652008057,0.47778570652008057
4,657,5c52c55f81e3ae076c4f2883,-5.896526336669922,-0.9854001998901367,4.911126136779785,4.911126136779785
4,658,a5ba386dc92351f44a61ee76,0.5600000023841858,1.6376328468322754,1.0776329040527344,1.0776329040527344
4,659,c01c8d2837b91f7a44e96260,0.949999988079071,1.0974653959274292,0.14746540784835815,0.14746540784835815
4,660,8d9813d148f4758373c92b3b,0.5199999809265137,1.7232881784439087,1.203288197517395,1.203288197517395
4,661,bb28ec250ab7801cecf8c968,0.9900000095367432,1.530253291130066,0.5402532815933228,0.5402532815933228
4,662,caa4da771ef9f4c3030327e7,2.7367584705352783,2.492171287536621,-0.24458718299865723,0.24458718299865723
4,663,cd30677c6118427c5bffd489,0.3665315508842468,1.737439513206482,1.3709080219268799,1.3709080219268799
4,664,c935acbedf28a5ed79a622f9,1.0099999904632568,0.46118757128715515,-0.5488123893737793,0.5488123893737793
4,665,73aaba69faebfbc50b9040d1,2.2200000286102295,2.5566718578338623,0.3366718292236328,0.3366718292236328
4,666,e5a96584433210840af20834,1.1399999856948853,1.260749101638794,0.12074911594390869,0.12074911594390869
4,667,62cf442a6c9c5d65c7a16668,2.658151149749756,3.564640522003174,0.906489372253418,0.906489372253418
4,668,2749f89596476d5619fb87d0,1.6699999570846558,0.5446332097053528,-1.1253666877746582,1.1253666877746582
4,669,7a0a84b6b128443f4aa5425f,2.9100000858306885,3.270198345184326,0.3601982593536377,0.3601982593536377
4,670,a67df0c78276a3927c1ef417,0.9586073160171509,1.1008973121643066,0.14228999614715576,0.14228999614715576
4,671,aab97cb9245ef72dc75f2ae1,1.3899999856948853,1.182742953300476,-0.20725703239440918,0.20725703239440918
4,672,97c8909f7c7564956d62c4b0,1.4700000286102295,1.435455083847046,-0.034544944763183594,0.034544944763183594
4,673,98a6b3b5c3e20b46cd7a66eb,4.721246242523193,3.0196218490600586,-1.7016243934631348,1.7016243934631348
4,674,d9b60412b9a6f994855f79fe,2.8433079719543457,2.9049735069274902,0.06166553497314453,0.06166553497314453
4,675,c54ef581221b27f0d37170ba,1.190000057220459,1.2840162515640259,0.0940161943435669,0.0940161943435669
4,676,f9c004474bd1f3bcdd2537b5,1.25,0.7714270949363708,-0.47857290506362915,0.47857290506362915
4,677,9fc731b1e75427fd916a3b66,1.4199999570846558,1.647417426109314,0.2274174690246582,0.2274174690246582
4,678,6ef35871c1c3efaada7c0645,1.9700000286102295,2.013913154602051,0.04391312599182129,0.04391312599182129
4,679,4e2a83d803736b168ff5f008,1.309999942779541,1.2557084560394287,-0.054291486740112305,0.054291486740112305
4,680,fe2f9d1cd5d3ee588842a84f,1.2599999904632568,1.74612295627594,0.4861229658126831,0.4861229658126831
4,681,8223a6d68475ce73a0966b58,1.520987868309021,1.4108680486679077,-0.11011981964111328,0.11011981964111328
4,682,f9bccd29de435ba90b6c97be,2.552841901779175,2.4660863876342773,-0.08675551414489746,0.08675551414489746
4,683,7ce5362f118dcb89fb703a04,4.214670181274414,4.047781944274902,-0.16688823699951172,0.16688823699951172
4,684,15839c03a3be49142becf657,1.9500000476837158,1.6173900365829468,-0.33261001110076904,0.33261001110076904
4,685,10922bf9c9e33bd162f06630,1.4893617630004883,2.1387438774108887,0.6493821144104004,0.6493821144104004
4,686,b3e7712d6fa8f547904946f1,1.4199999570846558,1.6062885522842407,0.18628859519958496,0.18628859519958496
4,687,6c11532f3d8ac37bfa5542fc,2.4700000286102295,1.6639405488967896,-0.8060594797134399,0.8060594797134399
4,688,0b3e958519379ce823e4e326,3.0452752113342285,3.195521354675293,0.15024614334106445,0.15024614334106445
4,689,84d9f1d49518ed4292eff97e,0.38999998569488525,0.9161935448646545,0.5261935591697693,0.5261935591697693
4,690,aa23875a67c6ab32689b4287,-1.037426471710205,1.85630202293396,2.893728494644165,2.893728494644165
4,691,ca05630127b7e0aa6adb25ef,1.6946486234664917,2.1650781631469727,0.47042953968048096,0.47042953968048096
4,692,9d3084798086d545bbf91a9d,2.390000104904175,2.3190059661865234,-0.07099413871765137,0.07099413871765137
4,693,98fb63f76499bac0ba28e814,3.698970079421997,3.889845132827759,0.19087505340576172,0.19087505340576172
4,694,6065f013c502e4d9ae5be10e,0.46000000834465027,1.198205590248108,0.7382055521011353,0.7382055521011353
4,695,58d0bd31d72e3f260da749a1,2.795880079269409,2.4692375659942627,-0.3266425132751465,0.3266425132751465
4,696,995ab330a9647950552d9621,2.2300000190734863,2.1819519996643066,-0.04804801940917969,0.04804801940917969
4,697,0c3540d96c538e8e3e1c0b38,2.4202163219451904,3.7589774131774902,1.3387610912322998,1.3387610912322998
4,698,7c8f0fb2e711bcbe902d43b2,1.1319372653961182,1.2744765281677246,0.14253926277160645,0.14253926277160645
4,699,f153b95f0bc57ce41e3b2090,1.7000000476837158,1.8997739553451538,0.199773907661438,0.199773907661438
4,700,4a0fed9b043454b671955299,0.8700000047683716,0.39771488308906555,-0.47228512167930603,0.47228512167930603
4,701,bcfccdf2183f49ac09b62b7b,1.9299999475479126,2.269690990447998,0.33969104290008545,0.33969104290008545
4,702,257cb38a25846c69f0f31612,1.559999942779541,2.0654802322387695,0.5054802894592285,0.5054802894592285
4,703,2d2cdb4b5f68b328dc24ff60,0.7155992388725281,0.9517461657524109,0.2361469268798828,0.2361469268798828
4,704,9107cc4ab3ab7f4d0bd545e1,4.585026741027832,3.435722589492798,-1.1493041515350342,1.1493041515350342
4,705,8a451a251f65b417222066f7,2.505000352859497,2.2563092708587646,-0.24869108200073242,0.24869108200073242
4,706,9561ce0a425a7ca921a9494a,2.4685211181640625,2.505141019821167,0.03661990165710449,0.03661990165710449
4,707,ceb8e09d6ce33f1d43185969,0.7958800196647644,0.7370561957359314,-0.05882382392883301,0.05882382392883301
4,708,1774efd3d27f1d451e58f91f,1.5428754091262817,1.3765438795089722,-0.16633152961730957,0.16633152961730957
4,709,709c0c472d50c5269075490d,2.311580181121826,1.714455008506775,-0.5971251726150513,0.5971251726150513
4,710,4fab72425b9d4384d9e01275,0.3700000047683716,0.42993250489234924,0.05993250012397766,0.05993250012397766
4,711,bcf452fb3fe141fcf66d332b,0.8999999761581421,0.40917783975601196,-0.4908221364021301,0.4908221364021301
4,712,46ba22c0b2f73bdfefdfb1bf,1.5399999618530273,0.7693118453025818,-0.7706881165504456,0.7706881165504456
4,713,27921ba75e3b80b24480b4db,2.823908805847168,2.4169349670410156,-0.40697383880615234,0.40697383880615234
4,714,ccfe45e751fb168a5c6a7c96,1.3700000047683716,1.5973142385482788,0.22731423377990723,0.22731423377990723
4,715,6f8cba7a86d6728ca5d90dcc,0.6777806878089905,1.0593929290771484,0.38161224126815796,0.38161224126815796
4,716,28c2be92d57a4169a8df545e,2.940000057220459,1.579788088798523,-1.360211968421936,1.360211968421936
4,717,a2f8cd432cb73a57f4675814,2.440000057220459,2.042208671569824,-0.39779138565063477,0.39779138565063477
4,718,7b7e27d483d9c253914f0832,1.5800000429153442,1.643466830253601,0.06346678733825684,0.06346678733825684
4,719,65bff7b58b6f99e913c898d4,0.8600000143051147,1.370650053024292,0.5106500387191772,0.5106500387191772
4,720,6b0de1bb9250522b1630953c,2.930000066757202,2.08807110786438,-0.8419289588928223,0.8419289588928223
4,721,6fc2dfda12445fbc8940d9d8,1.8549827337265015,1.9229966402053833,0.06801390647888184,0.06801390647888184
4,722,0fc52449ca581b54bb07080e,2.240000009536743,2.2917232513427734,0.05172324180603027,0.05172324180603027
4,723,cc0b4d563e36166a7885f70e,3.346787452697754,3.631265640258789,0.28447818756103516,0.28447818756103516
4,724,6f25a07f28b755f53bb2f27e,0.699999988079071,1.0304434299468994,0.33044344186782837,0.33044344186782837
4,725,e8b174895152f2c08d8a2a2d,2.8961963653564453,2.8502354621887207,-0.04596090316772461,0.04596090316772461
4,726,a75ad2cc6515ada2f7bba168,4.568636417388916,2.4109973907470703,-2.1576390266418457,2.1576390266418457
4,727,55f9429c3bc747ede933afe8,2.109999895095825,2.2030019760131836,0.0930020809173584,0.0930020809173584
4,728,5166e4875a52d18c8631ec10,0.7383406758308411,0.7876222729682922,0.04928159713745117,0.04928159713745117
4,729,31e3d6a9c16631cb3f0a5f7b,1.9199999570846558,1.7189449071884155,-0.20105504989624023,0.20105504989624023
4,730,9b771991c7dd47cd4886c6fe,1.5299999713897705,1.6978133916854858,0.16781342029571533,0.16781342029571533
4,731,479ad947e42cdd4f0545bcfe,0.800000011920929,0.9511176943778992,0.15111768245697021,0.15111768245697021
4,732,3d6054992f5ac21bfda68f2a,2.109999895095825,1.8627665042877197,-0.24723339080810547,0.24723339080810547
4,733,1ef8d9c6c644e084c167c50b,0.6600000262260437,0.7375807166099548,0.07758069038391113,0.07758069038391113
4,734,5879487370aeaaea05755aa2,0.8199999928474426,0.9565226435661316,0.13652265071868896,0.13652265071868896
4,735,91615db61efdb59c94bce317,2.619999885559082,2.5326223373413086,-0.08737754821777344,0.08737754821777344
4,736,4ea0a31fa2ca636c4abdd792,1.6020599603652954,1.3289817571640015,-0.27307820320129395,0.27307820320129395
4,737,3069439805be6f6217af6553,3.6635403633117676,2.8897452354431152,-0.7737951278686523,0.7737951278686523
4,738,912fc0ce43d964ddc51769d8,3.200000047683716,3.0047576427459717,-0.19524240493774414,0.19524240493774414
4,739,e098649a63f12cdc2f2a8447,0.6899999976158142,2.115617275238037,1.4256172180175781,1.4256172180175781
4,740,c75cffc31ad6a25d458381aa,2.3260579109191895,2.857419490814209,0.5313615798950195,0.5313615798950195
4,741,aa9ad9d33271db6eaf7db629,1.5100414752960205,1.504907488822937,-0.005133986473083496,0.005133986473083496
4,742,afccab605698a457b5a467d4,1.309999942779541,1.3061600923538208,-0.003839850425720215,0.003839850425720215
4,743,5cf6e98b409129a0753642f8,1.5099999904632568,2.361820697784424,0.851820707321167,0.851820707321167
4,744,763c2b848221a74306efc30a,1.440000057220459,1.8170967102050781,0.37709665298461914,0.37709665298461914
4,745,6daf6bc43ff8d40e5591e041,0.6499999761581421,0.7049199938774109,0.0549200177192688,0.0549200177192688
4,746,083ca7d9b4494f0d8a478d95,1.9586073160171509,1.9543431997299194,-0.004264116287231445,0.004264116287231445
4,747,3df8e4af5b1c052a30ae37a8,3.176090955734253,3.1220943927764893,-0.05399656295776367,0.05399656295776367
4,748,103cc3566cbfcd101e5fbe8a,1.0299999713897705,1.3958321809768677,0.36583220958709717,0.36583220958709717
4,749,04b7932e2dc228cb17c7f5cf,0.3665315508842468,1.5547186136245728,1.1881871223449707,1.1881871223449707
4,750,4d3d94083453ea9092dc566c,2.0799999237060547,2.432783603668213,0.3527836799621582,0.3527836799621582
4,751,5f353035fc82cd2ff0451ce3,2.193819999694824,1.7552403211593628,-0.4385796785354614,0.4385796785354614
4,752,493fc92f755e9338255d1ae9,1.5700000524520874,1.8559025526046753,0.2859025001525879,0.2859025001525879
4,753,9185a909d0ca690f7c6f0058,0.7799999713897705,0.25040000677108765,-0.5295999646186829,0.5295999646186829
4,754,701465891a070cc4044c1d42,1.8193007707595825,2.191436290740967,0.3721355199813843,0.3721355199813843
4,755,13e7e5d98369ed7aa23716e5,1.190000057220459,1.2732962369918823,0.08329617977142334,0.08329617977142334
4,756,20cba24e1a2bb292e8aeb3e5,3.1146388053894043,4.439821720123291,1.3251829147338867,1.3251829147338867
4,757,a765ce8d70135ac0c0fead54,1.9515758752822876,1.6058086156845093,-0.3457672595977783,0.3457672595977783
4,758,f4a84be6299a06e3f2d407bc,0.8100000023841858,0.6786696314811707,-0.13133037090301514,0.13133037090301514
4,759,25665c47e07cf4c8dad70a8e,1.4559319019317627,1.8482248783111572,0.39229297637939453,0.39229297637939453
4,760,d416681a5c8e91d3d0aee163,2.809999942779541,0.7243218421936035,-2.0856781005859375,2.0856781005859375
4,761,69547cc609cd5615dd53d952,3.045757532119751,2.8763175010681152,-0.16944003105163574,0.16944003105163574
4,762,1bdca61007a246569ea36a0e,1.2100000381469727,1.1205015182495117,-0.08949851989746094,0.08949851989746094
4,763,d676d7d38b55261bb9d56c2b,1.9600000381469727,2.3904902935028076,0.43049025535583496,0.43049025535583496
4,764,08c553266fca9c478dbbcea5,0.3499999940395355,1.0873538255691528,0.7373538017272949,0.7373538017272949
4,765,2d6ca5e5402bf64bdca99be7,1.5228787660598755,-0.13031059503555298,-1.6531894207000732,1.6531894207000732
4,766,2c10c617e03217fb42e8be33,2.51855731010437,2.0130746364593506,-0.5054826736450195,0.5054826736450195
4,767,34c9b09c8481b9458435b985,1.659999966621399,2.0598723888397217,0.39987242221832275,0.39987242221832275
4,768,328f0d00ef9315fe785c059b,2.522878646850586,2.220301389694214,-0.30257725715637207,0.30257725715637207
4,769,dcdc05841fde16e3b193e471,3.853872060775757,3.403754472732544,-0.4501175880432129,0.4501175880432129
4,770,d7c8a347f17e200f16834340,1.090000033378601,1.2466570138931274,0.15665698051452637,0.15665698051452637
4,771,d934ffef60b1b1db34725e69,2.778151273727417,3.056122303009033,0.2779710292816162,0.2779710292816162
4,772,eb8a34bd56f915a9872fb94d,1.9401607513427734,1.7562206983566284,-0.18394005298614502,0.18394005298614502
4,773,fafb386d927e1a008df28a41,1.5299999713897705,1.5365906953811646,0.006590723991394043,0.006590723991394043
4,774,c50c4cda3beb1706333c7b39,2.450000047683716,1.9682010412216187,-0.48179900646209717,0.48179900646209717
4,775,6d053724fd3e1208ae919538,0.6100000143051147,1.196531057357788,0.5865310430526733,0.5865310430526733
4,776,4c0a312e1bd8448142590853,1.7699999809265137,1.4306256771087646,-0.339374303817749,0.339374303817749
4,777,fd007ac62c29fb1bd25ae94c,0.800000011920929,1.0993064641952515,0.2993064522743225,0.2993064522743225
4,778,075e56bd7578b9f4dc5b9283,2.200000047683716,1.9977582693099976,-0.20224177837371826,0.20224177837371826
4,779,60c61f21725e29374a095f05,3.4692888259887695,2.491636276245117,-0.9776525497436523,0.9776525497436523
4,780,1a5b1990b4595cd2fc35a97f,2.869666337966919,2.6668038368225098,-0.20286250114440918,0.20286250114440918
4,781,99f9b47f6fb750e719f28b1e,3.096909999847412,2.726006269454956,-0.37090373039245605,0.37090373039245605
4,782,35bf6ce97bf3b79933407f9d,2.0299999713897705,1.1826077699661255,-0.847392201423645,0.847392201423645
4,783,033612ebf5bbc6bad4b819df,1.628731608390808,2.2682182788848877,0.6394866704940796,0.6394866704940796
4,784,5b93267915b0785f02dbc505,0.7400000095367432,0.5558230876922607,-0.18417692184448242,0.18417692184448242
4,785,fe14db951bfb7775fabcd3c2,1.275724172592163,1.141182780265808,-0.13454139232635498,0.13454139232635498
4,786,084c107db1c1dc07a8e65ceb,0.916469156742096,1.1008973121643066,0.1844281554222107,0.1844281554222107
4,787,aff4d3f3afba155b28049076,0.46000000834465027,2.0704050064086914,1.6104049682617188,1.6104049682617188
4,788,3ae658d17b077da678c12967,3.9586071968078613,3.810330390930176,-0.14827680587768555,0.14827680587768555
4,789,c19bbdd9defa8fdbde5b2a4b,3.135786533355713,3.8886232376098633,0.7528367042541504,0.7528367042541504
4,790,5a53b10ed14b3ab1c183b403,2.6600000858306885,2.3198890686035156,-0.34011101722717285,0.34011101722717285
4,791,14c15db8326831e0d498a838,2.0975897312164307,2.1562395095825195,0.05864977836608887,0.05864977836608887
4,792,1fd6b1fd3bf9b443a4f967a5,2.009999990463257,1.7464762926101685,-0.2635236978530884,0.2635236978530884
4,793,67f46cb0940343169f2a08b0,3.759999990463257,2.0033602714538574,-1.7566397190093994,1.7566397190093994
4,794,d192f78a4ba4f8abd9d305af,1.100000023841858,0.69281005859375,-0.4071899652481079,0.4071899652481079
4,795,16ab4fbf0c0770981da26a8f,5.006563663482666,3.7541425228118896,-1.2524211406707764,1.2524211406707764
4,796,85d6d5fc95e195076224d0e1,1.659999966621399,1.635209083557129,-0.02479088306427002,0.02479088306427002
4,797,cdce2e87b8dd79de31a3c250,2.0299999713897705,1.4215039014816284,-0.6084960699081421,0.6084960699081421
4,798,0a0e7e759d9efcaabbdbc93a,2.0799999237060547,2.298232078552246,0.2182321548461914,0.2182321548461914
4,799,fecd79c4c4d94fcbeb90176b,1.3799999952316284,1.3162864446640015,-0.06371355056762695,0.06371355056762695
4,800,801f58c0632e400e7eeec676,1.5299999713897705,1.9912976026535034,0.4612976312637329,0.4612976312637329
4,801,d308ff60245e668041c1e831,0.8239087462425232,1.4368399381637573,0.6129311919212341,0.6129311919212341
4,802,dfdd883aa259d3f69cf063e9,0.508638322353363,0.3483213782310486,-0.16031694412231445,0.16031694412231445
4,803,307bf5049102b2694e1df7dc,0.3010300099849701,0.20795753598213196,-0.09307247400283813,0.09307247400283813
4,804,eb89b82118775e24696f8fd5,2.971971273422241,3.1340126991271973,0.16204142570495605,0.16204142570495605
4,805,aa7390432191d10c3f7b8e59,0.5899999737739563,1.2917207479476929,0.7017207741737366,0.7017207741737366
4,806,e7a3465c9ba1c829a4d9d25e,1.3899999856948853,1.7361395359039307,0.3461395502090454,0.3461395502090454
4,807,3f1a0527d1682da31a3c5d42,-0.009999999776482582,1.0626167058944702,1.072616696357727,1.072616696357727
4,808,caf985ba5bbd35305dcd58a7,3.0,2.7160701751708984,-0.28392982482910156,0.28392982482910156
4,809,69175d1d0f37c74bee12f817,1.9586073160171509,1.450891137123108,-0.507716178894043,0.507716178894043
4,810,d74493ad23df45c3ebb746a3,2.9586071968078613,2.6772594451904297,-0.28134775161743164,0.28134775161743164
4,811,bf8e629372f83929443e8c24,4.07572078704834,3.968303680419922,-0.10741710662841797,0.10741710662841797
4,812,aa88e02bb40f2d9b5b4d4aee,4.214670181274414,4.127136707305908,-0.08753347396850586,0.08753347396850586
4,813,6a8883c6522a3686e4b14538,1.9665762186050415,1.9784959554672241,0.011919736862182617,0.011919736862182617
4,814,99bc3cd2b9965f3b9413fd9f,3.045757532119751,4.046533107757568,1.0007755756378174,1.0007755756378174
4,815,396e8d541b3a32ec95ea9e01,2.301029920578003,1.8075435161590576,-0.4934864044189453,0.4934864044189453
4,816,988415fcc0b61ed2e1424be0,1.149999976158142,1.2377947568893433,0.08779478073120117,0.08779478073120117
4,817,6fa8e504128729eefa92e473,0.9100000262260437,0.8042495250701904,-0.10575050115585327,0.10575050115585327
4,818,014c4c1b7eb16e9e7c74fd05,2.0,1.678646206855774,-0.3213537931442261,0.3213537931442261
4,819,efad8e95ea4246650e92c2bf,2.795880079269409,3.797398567199707,1.0015184879302979,1.0015184879302979
4,820,9e5f37bc2cf26879a56a6479,2.009999990463257,2.2981512546539307,0.28815126419067383,0.28815126419067383
4,821,75fa9abedcf54c98b6fdca7e,3.140000104904175,2.7664413452148438,-0.37355875968933105,0.37355875968933105
4,822,711ab1520c9df9eaba5c9db7,3.1549019813537598,3.2034168243408203,0.04851484298706055,0.04851484298706055
4,823,7226a5f286c61f0e71740590,3.598151683807373,3.4024085998535156,-0.19574308395385742,0.19574308395385742
4,824,3a0f2b8692e397efb958fa4d,1.8239086866378784,0.46022829413414,-1.363680362701416,1.363680362701416
4,825,93c1a4695c6826d343011843,0.508638322353363,0.3483213782310486,-0.16031694412231445,0.16031694412231445
4,826,bfbeb759dccb6b9dda55be43,4.408935546875,4.0368452072143555,-0.37209033966064453,0.37209033966064453
4,827,8616864940721d3067349f12,1.7400000095367432,1.4208018779754639,-0.3191981315612793,0.3191981315612793
4,828,fad5014adbccd5680670dda8,1.350000023841858,0.38715288043022156,-0.962847113609314,0.962847113609314
4,829,8cf1c18a92875a5ec91e8a17,0.27000001072883606,0.28043293952941895,0.010432928800582886,0.010432928800582886
4,830,9e499e6fef3b51f1e1d108fe,3.1944992542266846,3.2897582054138184,0.09525895118713379,0.09525895118713379
4,831,71ba19cb9eb9f3d769c87985,1.4500000476837158,0.5992519855499268,-0.8507480621337891,0.8507480621337891
4,832,57f110e22672dfcf1c908193,1.9649999141693115,1.5482929944992065,-0.416706919670105,0.416706919670105
4,833,bbbe21508b17f4a079b17a57,4.638272285461426,3.477557897567749,-1.1607143878936768,1.1607143878936768
4,834,52ba2fd1fd645b4ec393b468,2.6700000762939453,1.194797396659851,-1.4752026796340942,1.4752026796340942
4,835,56d67c3023bb8abf45f6e45d,0.9399999976158142,1.4460464715957642,0.50604647397995,0.50604647397995
4,836,8a3169b43c8dca1928dedec3,1.1699999570846558,0.5734473466873169,-0.5965526103973389,0.5965526103973389
4,837,7f32c0e061b486d2d79c75c5,0.330032616853714,3.159318208694458,2.8292856216430664,2.8292856216430664
4,838,ab360e58658ced8c9b893a60,0.23000000417232513,0.5157765746116638,0.2857765555381775,0.2857765555381775
4,839,243c245ba05dc4fa1bbdeee8,2.450000047683716,2.48396372795105,0.033963680267333984,0.033963680267333984
4,840,d3c714bf0621afb599fb5387,1.1399999856948853,1.5897750854492188,0.4497750997543335,0.4497750997543335
4,841,d85f5fa1e7139660fc0a88fa,4.136677265167236,4.092487335205078,-0.0441899299621582,0.0441899299621582
4,842,b0a365ed822fa6e01e8f7c72,2.614393711090088,2.810184955596924,0.19579124450683594,0.19579124450683594
4,843,1493921a1b0398c6233eac58,1.809999942779541,1.7180356979370117,-0.0919642448425293,0.0919642448425293
4,844,44321f95b4c63239f80b5e09,2.0299999713897705,1.988860011100769,-0.041139960289001465,0.041139960289001465
4,845,b1c5bd768b2996d735c09a59,3.129595994949341,2.7926971912384033,-0.3368988037109375,0.3368988037109375
4,846,042e0daffe52424ae0a34c1e,2.009999990463257,1.817156434059143,-0.19284355640411377,0.19284355640411377
4,847,560d8530886bb6eb8eecaa36,2.75,2.287048816680908,-0.4629511833190918,0.4629511833190918
4,848,1db07f6f01918b271646ce3d,3.795880079269409,3.867521286010742,0.07164120674133301,0.07164120674133301
4,849,56971881b1de135b0cf7aa90,3.9586071968078613,2.9612812995910645,-0.9973258972167969,0.9973258972167969
4,850,98fd0a11a5dc577be190f153,2.0199999809265137,1.977728247642517,-0.04227173328399658,0.04227173328399658
4,851,3a32c0dcbbd3783e7d03dbf7,1.409999966621399,1.5891793966293335,0.17917943000793457,0.17917943000793457
4,852,1ec2decebced7a26203d1f65,-0.12057393044233322,1.6625466346740723,1.7831205129623413,1.7831205129623413
4,853,8ec07b20cefff52623066eac,1.9600000381469727,3.813335418701172,1.8533353805541992,1.8533353805541992
4,854,a1e0f91160249af82cf7c371,1.1100000143051147,0.9231911301612854,-0.18680888414382935,0.18680888414382935
4,855,97cd472de7747a296f9ba286,4.599999904632568,4.67332124710083,0.07332134246826172,0.07332134246826172
4,856,6d52d4e8c7609157a1005c81,3.2600324153900146,3.3361473083496094,0.07611489295959473,0.07611489295959473
4,857,a52c304b2cc8b537a80019d6,3.7647507190704346,2.607509136199951,-1.1572415828704834,1.1572415828704834
4,858,01618e7832fa488b95893abf,2.58031964302063,2.693603038787842,0.11328339576721191,0.11328339576721191
4,859,b9e93656f609e2ef4f871547,2.886056661605835,2.390878200531006,-0.4951784610748291,0.4951784610748291
4,860,89ebf7463e5391055d7212cd,0.699999988079071,0.8284417986869812,0.12844181060791016,0.12844181060791016
4,861,bdbbac21afe9ea16eab62dbb,1.309999942779541,1.1622868776321411,-0.1477130651473999,0.1477130651473999
4,862,ed71e160284608e36139ea3b,2.2200000286102295,2.0324764251708984,-0.18752360343933105,0.18752360343933105
4,863,44ab9b127d9b06a41272bb4b,0.7400000095367432,0.6545897126197815,-0.08541029691696167,0.08541029691696167
4,864,a311dfa4314ff8bbd5467267,0.46000000834465027,1.3536525964736938,0.8936525583267212,0.8936525583267212
4,865,0a7824d632ba41e5bc9a5d78,0.47999998927116394,0.9921391606330872,0.5121392011642456,0.5121392011642456
4,866,eef6989ba34718d9ae3b9b7c,1.2200000286102295,1.5234806537628174,0.3034806251525879,0.3034806251525879
4,867,685ff050be367c09eaa90587,4.0,3.7760050296783447,-0.22399497032165527,0.22399497032165527
4,868,a4b31935e6f5f3c9e998c9a3,3.07918119430542,3.055293560028076,-0.02388763427734375,0.02388763427734375
4,869,85dba82aaacddd6dc9818cac,1.7700623273849487,3.163757801055908,1.3936954736709595,1.3936954736709595
4,870,86911bcf7b22cc7bffea9d16,1.0199999809265137,0.5884169936180115,-0.4315829873085022,0.4315829873085022
4,871,7c5f8c83ad0a7be8ea127aa9,1.309999942779541,1.266954779624939,-0.04304516315460205,0.04304516315460205
4,872,61cd351973be7dd36df57578,2.4600000381469727,1.6630192995071411,-0.7969807386398315,0.7969807386398315
4,873,417623e921c0c1d9a892a5a2,2.25,2.033508539199829,-0.2164914608001709,0.2164914608001709
4,874,971ea182e16cfd132dfbd121,0.7300000190734863,1.4685124158859253,0.738512396812439,0.738512396812439
4,875,fcd061a6c46ca16e2296058a,0.7447274923324585,0.7979527711868286,0.05322527885437012,0.05322527885437012
4,876,dd9306f385f33a6292015110,1.4814860820770264,2.301459312438965,0.8199732303619385,0.8199732303619385
4,877,71ca54d3c852b65dceadfa16,-1.6434526443481445,-1.5744086503982544,0.06904399394989014,0.06904399394989014
4,878,fc478ededd6b34ebb640f890,1.235824465751648,-0.28058359026908875,-1.516408085823059,1.516408085823059
4,879,550b97b98a67869d639a2d24,0.7900000214576721,1.0739504098892212,0.2839503884315491,0.2839503884315491
4,880,3b19959db7ec8dc23ba04b3c,0.6399999856948853,1.4768471717834473,0.836847186088562,0.836847186088562
4,881,6c5c79a53070b89cbf9aa3e9,1.3700000047683716,1.6232320070266724,0.2532320022583008,0.2532320022583008
4,882,1ec72511b1ccda6e6fccbf03,1.809999942779541,0.5714471936225891,-1.2385528087615967,1.2385528087615967
4,883,60b35278c816bbfb3f5d2910,1.7000000476837158,1.7634140253067017,0.06341397762298584,0.06341397762298584
4,884,46e9a5a851f470b7462a34bf,3.1349947452545166,3.0111923217773438,-0.12380242347717285,0.12380242347717285
4,885,a150edf01cb249f2aadb97b8,3.0835893154144287,2.6640241146087646,-0.41956520080566406,0.41956520080566406
4,886,f17187ebdf7524fcfc9d134f,4.819874286651611,3.860236883163452,-0.9596374034881592,0.9596374034881592
4,887,bfe55de965bac31a8d27af43,3.123782157897949,2.6640241146087646,-0.45975804328918457,0.45975804328918457
4,888,80a4631a2adbd3b203232627,2.9700000286102295,2.289853096008301,-0.6801469326019287,0.6801469326019287
4,889,402d522d866fa10917f1f1e1,3.3575353622436523,3.268533229827881,-0.08900213241577148,0.08900213241577148
4,890,7ac58addef4fef26af8a988e,0.25656864047050476,0.37150105834007263,0.11493241786956787,0.11493241786956787
4,891,81bda0d822252b93af990a78,0.6299999952316284,1.2577089071273804,0.627708911895752,0.627708911895752
4,892,ebd805863c1a7147e5ac77c6,4.853871822357178,4.071586608886719,-0.782285213470459,0.782285213470459
4,893,2fbc8c5069e498d6796d5c7a,3.1549019813537598,1.716567873954773,-1.4383341073989868,1.4383341073989868
4,894,c4d718bf58ca779132263b07,2.664207935333252,2.574026584625244,-0.09018135070800781,0.09018135070800781
4,895,b71065f009120555d9a8c59e,0.6499999761581421,1.676440954208374,1.026440978050232,1.026440978050232
4,896,f59da2dd9fcb8b07f0dad86e,1.659999966621399,1.6062291860580444,-0.05377078056335449,0.05377078056335449
4,897,c3d5e83c6d413509a1b16ac1,1.0700000524520874,1.1371530294418335,0.0671529769897461,0.0671529769897461
4,898,b663455e9839f84bf4cc8db2,2.5,0.9397782683372498,-1.5602216720581055,1.5602216720581055
4,899,bd1301d928994f245f0d2b48,2.049999952316284,2.0782599449157715,0.028259992599487305,0.028259992599487305
4,900,f889e40477d59d47b80e527c,2.9600000381469727,2.3689889907836914,-0.5910110473632812,0.5910110473632812
4,901,d8d834939bd76c5b810173e9,3.050610065460205,2.9135727882385254,-0.1370372772216797,0.1370372772216797
4,902,aa175afcf39ede4e0a667bc3,2.4000000953674316,1.679970145225525,-0.7200299501419067,0.7200299501419067
4,903,f9793ee6661f0726d0baea6a,1.6020599603652954,1.028092384338379,-0.5739675760269165,0.5739675760269165
4,904,e69cc2a7b73e8173372de45b,0.9300000071525574,1.6539390087127686,0.7239390015602112,0.7239390015602112
4,905,695addc6833da69647b9c1f5,1.1699999570846558,0.8521308302879333,-0.3178691267967224,0.3178691267967224
4,906,3e10af0e6ca1b1061627d7a0,1.0199999809265137,1.2048920392990112,0.18489205837249756,0.18489205837249756
4,907,8861546775317181ed9bd9fb,3.390000104904175,0.9418504238128662,-2.4481496810913086,2.4481496810913086
4,908,809f05948fc051da14436c74,4.070580959320068,3.9728822708129883,-0.09769868850708008,0.09769868850708008
4,909,2cb1033156351c1e1f2b92c9,1.1799999475479126,1.0041216611862183,-0.17587828636169434,0.17587828636169434
4,910,85bb4adfba8407cb12778d1d,3.259999990463257,2.9354023933410645,-0.3245975971221924,0.3245975971221924
4,911,7f087da41a08278853dafc66,3.3665316104888916,3.12599515914917,-0.24053645133972168,0.24053645133972168
4,912,6c5b83dc4e0172f84bff1f53,3.346787452697754,3.3579230308532715,0.011135578155517578,0.011135578155517578
4,913,7764bb013bcb22eccee83bc8,1.9600000381469727,1.7982605695724487,-0.16173946857452393,0.16173946857452393
4,914,94dca8c3d8a8ce2aef0e1715,2.7985117435455322,2.758399486541748,-0.04011225700378418,0.04011225700378418
4,915,8141f5e601dfc1b659279be6,1.399999976158142,2.029937267303467,0.6299372911453247,0.6299372911453247
4,916,3b23853c7df1a095acc86717,2.9800000190734863,2.9587526321411133,-0.021247386932373047,0.021247386932373047
4,917,ce40083f487a8d0ff6555c93,3.931814193725586,2.900865316390991,-1.0309488773345947,1.0309488773345947
4,918,40c5aaa354466304a4f8539a,3.619788646697998,3.930746078491211,0.3109574317932129,0.3109574317932129
4,919,4a49473bf05e9634836d7b17,0.8399999737739563,0.8669692873954773,0.026969313621520996,0.026969313621520996
4,920,71355979a118b7a51ad86148,1.2200000286102295,1.0261400938034058,-0.19385993480682373,0.19385993480682373
4,921,f3d7a0fb5fe4be49cedcebbc,0.8999999761581421,1.0363080501556396,0.13630807399749756,0.13630807399749756
4,922,672a88ebcbc10f2622f047cf,0.3400838077068329,0.08174838125705719,-0.2583354115486145,0.2583354115486145
4,923,8ae403ad3cab38f8044fd4a1,1.25,1.6374684572219849,0.38746845722198486,0.38746845722198486
4,924,2c4a12450f07099f051b2493,0.8399999737739563,0.9065553545951843,0.06655538082122803,0.06655538082122803
4,925,6ac0d7169e2400a0444d4fa8,2.4164233207702637,3.0355677604675293,0.6191444396972656,0.6191444396972656
4,926,05ae143d5741bcafa14f6611,2.3499999046325684,1.0051919221878052,-1.3448079824447632,1.3448079824447632
4,927,6a1d5c0b230e63354b9ac1ef,3.431798219680786,3.5311055183410645,0.09930729866027832,0.09930729866027832
4,928,53786c153f979abc44b4c275,1.350000023841858,1.6841599941253662,0.3341599702835083,0.3341599702835083
4,929,eeab5ad7ee143ee597665dc6,1.2999999523162842,1.5239529609680176,0.2239530086517334,0.2239530086517334
4,930,93114dbb0a4db19544567717,1.3700000047683716,1.7935816049575806,0.423581600189209,0.423581600189209
4,931,3a93c644f3539dde3efb5089,1.7999999523162842,1.8860090970993042,0.08600914478302002,0.08600914478302002
4,932,63381709b358a892fffe9063,0.6777806878089905,0.9517461657524109,0.2739654779434204,0.2739654779434204
4,933,18916176c35aa60b8ac1c9e1,1.1799999475479126,0.7800770401954651,-0.3999229073524475,0.3999229073524475
4,934,9b545dcc84a3cc38d470ea5b,5.096909999847412,4.398380279541016,-0.6985297203063965,0.6985297203063965
4,935,8dccbec260f8dec51169f8fe,0.9586073160171509,1.1921950578689575,0.23358774185180664,0.23358774185180664
4,936,f1cde8807eb1c605ba154f68,2.8336684703826904,2.977748155593872,0.14407968521118164,0.14407968521118164
4,937,294da87687b3eca1f267ab84,0.7599999904632568,1.9042223691940308,1.144222378730774,1.144222378730774
4,938,9128562a99313545ab76d3cb,1.4900000095367432,1.5049453973770142,0.014945387840270996,0.014945387840270996
4,939,2205e79eab7d23e564f0cf36,1.221848726272583,-0.28058359026908875,-1.5024323463439941,1.5024323463439941
4,940,ccc0a3869909c0c8f499f652,3.359999895095825,2.1415698528289795,-1.2184300422668457,1.2184300422668457
4,941,99af1110cb1591c879169c4f,2.9534831047058105,2.751438617706299,-0.20204448699951172,0.20204448699951172
4,942,99b70133cd64c9ded5c176ba,3.190000057220459,3.278723955154419,0.08872389793395996,0.08872389793395996
4,943,767b1f07a6cf2c1a6153e008,0.800000011920929,1.125735878944397,0.325735867023468,0.325735867023468
4,944,79d64893b2fffe41ac7af493,1.0499999523162842,1.3805288076400757,0.3305288553237915,0.3305288553237915
4,945,0573978a789e6fca0ff3d701,3.0999999046325684,2.631223201751709,-0.4687767028808594,0.4687767028808594
4,946,b36187a2d248985ba2af7ea1,1.5700000524520874,1.867603063583374,0.2976030111312866,0.2976030111312866
4,947,8ee1c4c07bab5c8436c15b6e,3.267606258392334,3.2578983306884766,-0.009707927703857422,0.009707927703857422
4,948,442f5ba5d4302abafdce589f,0.8899999856948853,1.5758006572723389,0.6858006715774536,0.6858006715774536
4,949,334503145b5aef408530ba7d,2.9000000953674316,1.7966731786727905,-1.1033269166946411,1.1033269166946411
4,950,95f8d04bfbbdaf011296237a,0.46000000834465027,1.177234172821045,0.7172341346740723,0.7172341346740723
4,951,7ff5a84d395a7414b83a325b,1.5199999809265137,1.3216522932052612,-0.19834768772125244,0.19834768772125244
4,952,7d43fb3bc42d307bb4ba20ae,3.612610101699829,1.8372694253921509,-1.7753406763076782,1.7753406763076782
4,953,45d1e551ef7c24d2a81ab15b,0.8299999833106995,1.5318022966384888,0.7018023133277893,0.7018023133277893
4,954,ff07d427314bbd886fb61ace,1.6200000047683716,1.6638672351837158,0.04386723041534424,0.04386723041534424
4,955,0cc6aced27bb2f91a383d233,1.8300000429153442,0.7665613293647766,-1.0634386539459229,1.0634386539459229
4,956,676ea2a3614e2926cca1f1ce,1.390405535697937,2.2641797065734863,0.8737741708755493,0.8737741708755493
4,957,28d350c22fbe2480220b6826,0.019999999552965164,0.9317485690116882,0.9117485880851746,0.9117485880851746
4,958,e3ac3b41c4187d2cf8ff45d9,1.6799999475479126,2.4843077659606934,0.8043078184127808,0.8043078184127808
4,959,0cd70b26944dcc8543a4aae1,1.8200000524520874,1.7056957483291626,-0.1143043041229248,0.1143043041229248
4,960,ef000bb6979518789fcf44e3,4.3665313720703125,4.17978572845459,-0.18674564361572266,0.18674564361572266
4,961,b71dee3b4fbac358e2f02cb3,2.6500000953674316,3.433579921722412,0.7835798263549805,0.7835798263549805
4,962,9f959b55f695dcdea14759b4,2.4700000286102295,2.682328462600708,0.21232843399047852,0.21232843399047852
4,963,55804d434e0c4cd8d9e8f410,3.284832715988159,3.3343117237091064,0.049479007720947266,0.049479007720947266
4,964,daa43f5d1a68454f64d90ee9,1.2100000381469727,1.7177554368972778,0.5077553987503052,0.5077553987503052
4,965,37a3761220bee3ffaab53ed5,2.6700937747955322,3.0072901248931885,0.33719635009765625,0.33719635009765625
4,966,7a6b766d8e7fa0d4115e5f98,1.1299999952316284,0.6478660702705383,-0.4821339249610901,0.4821339249610901
4,967,7f6cca920508f2659cb22111,-0.03999999910593033,1.0795248746871948,1.1195248365402222,1.1195248365402222
4,968,91f0d36d56f5ac2b8141ff9a,1.7699999809265137,2.0528218746185303,0.2828218936920166,0.2828218936920166
4,969,eba96c3dca3a9bb2f185c25b,0.3799999952316284,1.4260174036026,1.0460174083709717,1.0460174083709717
4,970,29cbe4d18b50dafb97fea5b4,0.8600000143051147,1.6209574937820435,0.7609574794769287,0.7609574794769287
4,971,b2c594387009f9a0272e9c7c,0.3700000047683716,1.1062959432601929,0.7362959384918213,0.7362959384918213
4,972,41232f0ea54577036eacf916,1.7599087953567505,1.3969100713729858,-0.36299872398376465,0.36299872398376465
4,973,f405e6c6e613242020d18b26,2.069999933242798,1.6985081434249878,-0.37149178981781006,0.37149178981781006
4,974,d847fb46ad316afb0a41b128,1.8102290630340576,3.2717831134796143,1.4615540504455566,1.4615540504455566
4,975,5e82a9175716b79ce5bb25a2,1.4900000095367432,1.6738293170928955,0.18382930755615234,0.18382930755615234
4,976,fce85d79e52167778badaad1,3.7212464809417725,3.866849422454834,0.14560294151306152,0.14560294151306152
4,977,a8bea06174ebdd74ab55e616,0.9900000095367432,1.4334295988082886,0.4434295892715454,0.4434295892715454
4,978,48d9839b238f700de80a9389,1.4900000095367432,1.9042067527770996,0.41420674324035645,0.41420674324035645
4,979,baa35b3d0d68a2c291a1b7c1,1.8799999952316284,2.240081310272217,0.3600813150405884,0.3600813150405884
4,980,ba00f129ad35e2eafb6e7499,1.590000033378601,1.4644588232040405,-0.12554121017456055,0.12554121017456055
4,981,b88cc3604d84c654bc9ad0ca,-0.14612802863121033,0.7691431641578674,0.9152711629867554,0.9152711629867554
4,982,c4270517118dfa5783d15336,0.8399999737739563,1.2362300157546997,0.3962300419807434,0.3962300419807434
4,983,04e73cb51592323c6336e655,1.1200000047683716,1.5501173734664917,0.4301173686981201,0.4301173686981201
4,984,4777995ddc8fb506eda3f6b2,2.6968040466308594,2.473296642303467,-0.22350740432739258,0.22350740432739258
4,985,8afa8b876c94fed402acb237,1.2182446718215942,0.7005073428153992,-0.5177373290061951,0.5177373290061951
4,986,577e1179a9c7c070fbc8e7c6,2.2899999618530273,2.6700286865234375,0.38002872467041016,0.38002872467041016
4,987,c07898e089f77f12908dcc64,0.8399999737739563,1.1267704963684082,0.2867705225944519,0.2867705225944519
4,988,16c1eceb6f216c2e44f4e55b,1.8799999952316284,2.247114658355713,0.3671146631240845,0.3671146631240845
4,989,126a909edb14a6527eaa8d44,0.7699999809265137,1.4735535383224487,0.7035535573959351,0.7035535573959351
4,990,319d6d44c5de775732c53e15,0.7300000190734863,2.9134440422058105,2.183444023132324,2.183444023132324
4,991,956ba01189a820530ca5c449,1.8894102573394775,2.437251329421997,0.5478410720825195,0.5478410720825195
4,992,7b3022d040c25931ba2e9408,1.690000057220459,1.748065710067749,0.05806565284729004,0.05806565284729004
4,993,ada7da1b63b80a521bfd2365,3.6642072200775146,3.5500922203063965,-0.11411499977111816,0.11411499977111816
4,994,21d51b7bcb7ce8f356c243a3,1.3979400396347046,1.2865339517593384,-0.11140608787536621,0.11140608787536621
4,995,f134039c378b913c42496b6d,1.2599999904632568,1.005945086479187,-0.2540549039840698,0.2540549039840698
4,996,886050611d57b9e55fc29606,0.8199999928474426,0.7502391934394836,-0.06976079940795898,0.06976079940795898
4,997,db74bfe9e9f1b41e96966f5d,2.761953830718994,2.6774656772613525,-0.0844881534576416,0.0844881534576416
4,998,4993ce3a3682c0469f1b3350,0.9200000166893005,1.1598376035690308,0.23983758687973022,0.23983758687973022
4,999,f8976915112540bf32d0b9d2,2.009999990463257,2.42217755317688,0.41217756271362305,0.41217756271362305
4,1000,b234ee7d9d4a521c38c4158a,1.5199999809265137,1.5150911808013916,-0.00490880012512207,0.00490880012512207
4,1001,e7365b7dd8b80c95035d73e6,0.6777806878089905,1.0593929290771484,0.38161224126815796,0.38161224126815796
4,1002,19db25588ce639576a1611ce,1.1366771459579468,1.5572547912597656,0.42057764530181885,0.42057764530181885
4,1003,023267926a58569838a34eac,2.1770923137664795,2.219407558441162,0.04231524467468262,0.04231524467468262
4,1004,5dcd1399cb4691f399add09b,4.221848964691162,2.1619250774383545,-2.0599238872528076,2.0599238872528076
4,1005,e21e60f3dc6af666693fc263,4.638272285461426,3.9495372772216797,-0.6887350082397461,0.6887350082397461
4,1006,9051f00e94d3a3c9847cde19,2.2300000190734863,0.8567656874656677,-1.3732342720031738,1.3732342720031738
4,1007,22d627636c3b4aeb4899a5f6,0.25649023056030273,0.37150105834007263,0.1150108277797699,0.1150108277797699
4,1008,caf0559f9089c3e17ea23b84,4.199999809265137,2.290376663208008,-1.909623146057129,1.909623146057129
4,1009,f495754a428f43b331e887e5,2.180000066757202,1.4415919780731201,-0.738408088684082,0.738408088684082
4,1010,c8e318513f8f41c056684ff0,3.795880079269409,3.8596978187561035,0.06381773948669434,0.06381773948669434
4,1011,4d8dff3d754d70c1398bb5c6,3.130000114440918,3.6027402877807617,0.47274017333984375,0.47274017333984375
4,1012,748d51c1b147a8e1842b2f64,3.219970941543579,2.968477249145508,-0.2514936923980713,0.2514936923980713
4,1013,d4620aba2810dc3053400cb2,4.150000095367432,4.249037265777588,0.09903717041015625,0.09903717041015625
4,1014,fd468bd7ccb7e62f3c09c60e,1.090000033378601,0.6802124977111816,-0.40978753566741943,0.40978753566741943
4,1015,b132f15e209e001ef521c38d,0.7699999809265137,1.7902582883834839,1.0202583074569702,1.0202583074569702
4,1016,caa3b3a39b801524075aef40,3.4814860820770264,1.4946149587631226,-1.9868711233139038,1.9868711233139038
4,1017,5aa9570ad4237f93f94687f0,2.119999885559082,2.1677873134613037,0.04778742790222168,0.04778742790222168
4,1018,ca8290463d2c93147bbc8908,0.9300000071525574,1.1296285390853882,0.1996285319328308,0.1996285319328308
4,1019,3cad97367cb17abc89a5673a,2.559999942779541,3.0390710830688477,0.47907114028930664,0.47907114028930664
4,1020,58470a4c9b59cfd8b7865e11,1.267606258392334,1.3085647821426392,0.040958523750305176,0.040958523750305176
4,1021,f602634493a3837b7d025eab,1.4800000190734863,0.7600224614143372,-0.7199775576591492,0.7199775576591492
4,1022,8b086bf0f5c320909edab3d6,0.9399999976158142,0.749973475933075,-0.19002652168273926,0.19002652168273926
4,1023,a62614ea74d81abf8a7a2ec9,0.5376020073890686,1.3395541906356812,0.8019521832466125,0.8019521832466125
4,1024,861af4daab7555d043a4dbd7,1.1100000143051147,0.31535789370536804,-0.7946420907974243,0.7946420907974243
4,1025,16865b1e3caf32d04042bd16,1.7200000286102295,0.9699497818946838,-0.7500502467155457,0.7500502467155457
4,1026,d85398aab3112eff061eee06,3.548213481903076,2.779740810394287,-0.7684726715087891,0.7684726715087891
4,1027,e855b241186214cdcb785414,2.325016736984253,1.7552403211593628,-0.5697764158248901,0.5697764158248901
4,1028,9c698835321f21d04ca92196,0.9586073160171509,1.4747164249420166,0.5161091089248657,0.5161091089248657
4,1029,25be90d928fe8accc0cac17e,0.11999999731779099,1.2765501737594604,1.1565501689910889,1.1565501689910889
4,1030,4f341cd6eac435f2dea5b8b8,4.585026741027832,4.508593559265137,-0.07643318176269531,0.07643318176269531
4,1031,57580e184e7d8b83abb00815,2.049999952316284,1.7518982887268066,-0.29810166358947754,0.29810166358947754
4,1032,e5a2c8ec09f68d238c709dc0,3.32790207862854,2.48917555809021,-0.8387265205383301,0.8387265205383301
4,1033,ccf9f983aa4d3968d661b92d,3.3665316104888916,3.117579936981201,-0.24895167350769043,0.24895167350769043
4,1034,1bade9525e09b05041235c2b,0.41999998688697815,0.5085027813911438,0.08850279450416565,0.08850279450416565
4,1035,db42fff1ccfce4a4d6b685b3,1.6575772762298584,1.868601679801941,0.21102440357208252,0.21102440357208252
4,1036,10a4de462fa50ec6b0702a98,0.4000000059604645,1.3042086362838745,0.9042086601257324,0.9042086601257324
4,1037,a6f06ad747f1e1ed5a12e6a1,0.9625735282897949,1.6513108015060425,0.6887372732162476,0.6887372732162476
4,1038,9a42878f3f1baf12a5b915e2,-0.14612802863121033,0.7691431641578674,0.9152711629867554,0.9152711629867554
4,1039,4a9a6e375bd8fb4b2cba23d6,3.477121353149414,2.931218147277832,-0.545903205871582,0.545903205871582
4,1040,7c1afd083a8b6e775d575ab3,1.5399999618530273,0.9819089770317078,-0.5580909848213196,0.5580909848213196
4,1041,f526542c1d8c1a53f312cc01,1.3600000143051147,1.2099894285202026,-0.1500105857849121,0.1500105857849121
4,1042,5b418c729f75651410f97ed4,1.9199999570846558,1.7912168502807617,-0.12878310680389404,0.12878310680389404
4,1043,a51597b3721040f4c9b74486,1.6299999952316284,2.0239341259002686,0.39393413066864014,0.39393413066864014
4,1044,8ae0aa17edf3baeea156f6df,4.3098039627075195,4.382176399230957,0.0723724365234375,0.0723724365234375
4,1045,2873002cd1fb47b1c1321a26,0.3665315508842468,1.7507715225219727,1.384239912033081,1.384239912033081
4,1046,777d28b396e01fa457db65b0,1.7000000476837158,1.9357266426086426,0.23572659492492676,0.23572659492492676
4,1047,2a58a2c89e77893f6ad50540,1.3429441452026367,0.6351104378700256,-0.7078337073326111,0.7078337073326111
4,1048,5851fdb11eeeb21a80d08a8c,1.75,1.8753434419631958,0.1253434419631958,0.1253434419631958
4,1049,7d8870b7468fda11821b26ae,3.609999895095825,0.7442201972007751,-2.8657796382904053,2.8657796382904053
4,1050,e3648fe231e83252b5bbdf6a,0.7520267367362976,1.1241416931152344,0.37211495637893677,0.37211495637893677
4,1051,47d85a03ee07debdd263e9f1,0.324221670627594,0.5204033255577087,0.19618165493011475,0.19618165493011475
4,1052,e55464e0495ceb7764f1bee9,2.8691842555999756,2.590975046157837,-0.27820920944213867,0.27820920944213867
4,1053,0077536e56024ccb0591a648,0.9200000166893005,1.8809219598770142,0.9609219431877136,0.9609219431877136
4,1054,308f3d5c9bfb058428d35a85,3.853872060775757,3.815042495727539,-0.03882956504821777,0.03882956504821777
4,1055,cda04e98f1fb7e5c7c223fd9,1.6699999570846558,1.134641170501709,-0.5353587865829468,0.5353587865829468
4,1056,6abf59daf1fd52038ba055b0,2.522878646850586,2.4165024757385254,-0.10637617111206055,0.10637617111206055
4,1057,46215861d66bbc6ef69a61fc,0.800000011920929,0.6170827150344849,-0.1829172968864441,0.1829172968864441
4,1058,680e625c82d760a90ab19038,1.7200000286102295,1.3173142671585083,-0.4026857614517212,0.4026857614517212
4,1059,1496a78f9aa5bd3f0cb7a50c,3.853872060775757,3.5676510334014893,-0.2862210273742676,0.2862210273742676
4,1060,79684dbb08e48d1117deec99,3.6575772762298584,3.854832410812378,0.19725513458251953,0.19725513458251953
4,1061,26bfe3559e01e470bd2f1428,3.2728748321533203,2.96101713180542,-0.3118577003479004,0.3118577003479004
4,1062,a26de42dbff8e5cdadc75022,4.337242126464844,3.9457788467407227,-0.3914632797241211,0.3914632797241211
4,1063,eb545bf94730cb28d95478db,1.2076083421707153,1.4888368844985962,0.28122854232788086,0.28122854232788086
4,1064,2e9453d205aaf5a8ac56607c,2.630000114440918,2.797053813934326,0.1670536994934082,0.1670536994934082
4,1065,ece6c4e06c744961bda7d131,2.9800000190734863,3.0417277812957764,0.06172776222229004,0.06172776222229004
4,1066,d94c8c48d560e2250911d51f,1.1366771459579468,1.5572547912597656,0.42057764530181885,0.42057764530181885
4,1067,89c06d2da6b5f21b80fa174e,2.8326826095581055,2.438933849334717,-0.39374876022338867,0.39374876022338867
4,1068,5b5a73846cdf68c7fd28d08f,2.1600000858306885,2.3031628131866455,0.14316272735595703,0.14316272735595703
4,1069,9d8e7661006a74ab69bdbcb4,4.9430952072143555,2.9279603958129883,-2.015134811401367,2.015134811401367
4,1070,038b2b784122ef68dedbabc5,0.6200000047683716,1.0020962953567505,0.3820962905883789,0.3820962905883789
4,1071,8af33fc33fbb3b999dc011a4,1.7799999713897705,2.244276285171509,0.4642763137817383,0.4642763137817383
4,1072,75dbe6a9c51c606b83dffa82,2.140000104904175,2.0457706451416016,-0.09422945976257324,0.09422945976257324
4,1073,38e7210d49ac277b257c5d5b,2.4000000953674316,1.079797625541687,-1.3202024698257446,1.3202024698257446
4,1074,324533aa7dad5ff2b8ae8a18,0.4300000071525574,1.2317668199539185,0.8017668128013611,0.8017668128013611
4,1075,749a524e267274c161956670,1.059999942779541,0.6666068434715271,-0.3933930993080139,0.3933930993080139
4,1076,30cdc64041bbc15a81f160d9,1.8600000143051147,1.2007471323013306,-0.6592528820037842,0.6592528820037842
4,1077,ae8a80b2d0137cb4ab500a90,1.440000057220459,1.4390450716018677,-0.0009549856185913086,0.0009549856185913086
4,1078,0ef919ccacc5195127b8bafe,0.90068519115448,0.8331403136253357,-0.06754487752914429,0.06754487752914429
4,1079,385db5840b644b6f41ae3a9c,3.4202163219451904,4.117209434509277,0.6969931125640869,0.6969931125640869
4,1080,cea06419041962f337fdf4f6,0.9300000071525574,0.9086211323738098,-0.02137887477874756,0.02137887477874756
4,1081,268c4236722c28627c40fc41,3.1804561614990234,3.743253707885742,0.5627975463867188,0.5627975463867188
4,1082,462c8cc1e0ae310352483327,2.359999895095825,2.567680835723877,0.20768094062805176,0.20768094062805176
4,1083,cdc81e14bb37bae765df3e93,0.7699999809265137,1.192691683769226,0.4226917028427124,0.4226917028427124
4,1084,29fdcbd2e1a69b3f3ba675c3,0.25,0.18862035870552063,-0.06137964129447937,0.06137964129447937
4,1085,20e8a5e3e903ac8a2ab3d628,0.3700000047683716,1.2712005376815796,0.901200532913208,0.901200532913208
4,1086,895283ae34e9fc8637d03cde,1.1399999856948853,1.2098349332809448,0.06983494758605957,0.06983494758605957
4,1087,bbe8f2a73c59fdd715067bab,1.4299999475479126,2.151981830596924,0.7219818830490112,0.7219818830490112
4,1088,56a71c1842337d9a400387ca,2.552841901779175,2.628124713897705,0.07528281211853027,0.07528281211853027
5,0,bdb7460076e5c05653a54bbd,1.0700000524520874,1.609383225440979,0.5393831729888916,0.5393831729888916
5,1,6122f2023de2e000e393fc03,2.009999990463257,1.4775681495666504,-0.5324318408966064,0.5324318408966064
5,2,e3a817644e909d7a0fdb9274,1.850000023841858,1.1727101802825928,-0.6772898435592651,0.6772898435592651
5,3,f297c7546c885e302430f052,1.2300000190734863,0.6892364025115967,-0.5407636165618896,0.5407636165618896
5,4,6c3688deb00edae6647b9481,0.4948500096797943,0.5714289546012878,0.07657894492149353,0.07657894492149353
5,5,6cd9d8f1edf25f7b59b486a0,2.309999942779541,1.4565372467041016,-0.8534626960754395,0.8534626960754395
5,6,c590e56cc33a98d75c047577,1.4800000190734863,1.2779808044433594,-0.20201921463012695,0.20201921463012695
5,7,9f9232760c5c52f2a7aaa93d,-5.041392803192139,0.7193248867988586,5.760717868804932,5.760717868804932
5,8,d22e3d62ae3df3569343f614,0.7200000286102295,1.184974193572998,0.46497416496276855,0.46497416496276855
5,9,91b5e1b404112359e8250753,2.6675615310668945,1.9448087215423584,-0.7227528095245361,0.7227528095245361
5,10,f736f95636e2b13beb2c0d82,0.8799999952316284,1.1719684600830078,0.2919684648513794,0.2919684648513794
5,11,c122ebbb87da477069024df6,1.5466816425323486,1.7616393566131592,0.21495771408081055,0.21495771408081055
5,12,fca1371537e2295b12a764e0,2.5438930988311768,1.6832177639007568,-0.8606753349304199,0.8606753349304199
5,13,f3a5dfca9a6ea06d2c3501e3,1.399999976158142,1.1164438724517822,-0.28355610370635986,0.28355610370635986
5,14,73db47f95b848281c1b3f089,2.4000000953674316,0.9185997843742371,-1.4814002513885498,1.4814002513885498
5,15,4b811357acd84c88770b9d5c,1.497572898864746,1.9990479946136475,0.5014750957489014,0.5014750957489014
5,16,a150232c8423ebf38fda7b54,1.2400000095367432,0.6534734964370728,-0.5865265130996704,0.5865265130996704
5,17,dafe8b19e26513cb83210ed1,2.1700000762939453,1.8084723949432373,-0.361527681350708,0.361527681350708
5,18,66b3b3c612c9b48fd3bef9fb,1.0800000429153442,0.94059157371521,-0.13940846920013428,0.13940846920013428
5,19,f8ab74cc67da6eed403dd719,2.823908805847168,2.7969462871551514,-0.0269625186920166,0.0269625186920166
5,20,71fe97741652d0b2566b8823,1.1938199996948242,3.486297369003296,2.2924773693084717,2.2924773693084717
5,21,da11988cdb100e3b4b82286c,1.409999966621399,0.9668272137641907,-0.44317275285720825,0.44317275285720825
5,22,e968eb12bd6074babfe868bb,1.100000023841858,1.2313402891159058,0.13134026527404785,0.13134026527404785
5,23,9e8be25e62350767c72c492b,0.8538719415664673,0.6953337788581848,-0.15853816270828247,0.15853816270828247
5,24,7e53c7b6626dc47ab871f9da,0.9200000166893005,0.8352193236351013,-0.08478069305419922,0.08478069305419922
5,25,b4cbddd3fbaca901178f0d17,2.259999990463257,2.148602247238159,-0.11139774322509766,0.11139774322509766
5,26,b3799f4d559cb364675da6aa,1.590000033378601,1.3449442386627197,-0.24505579471588135,0.24505579471588135
5,27,61fdf7e9d9c56687826b576b,0.2596372961997986,1.1582772731781006,0.898639976978302,0.898639976978302
5,28,663d4d17b0c2fca73c692942,3.1752235889434814,2.562376022338867,-0.6128475666046143,0.6128475666046143
5,29,d44955b83d2d6ea773bc6efd,1.8799999952316284,1.5233381986618042,-0.3566617965698242,0.3566617965698242
5,30,970411e75b6d60428b412189,3.7695510387420654,3.799142599105835,0.02959156036376953,0.02959156036376953
5,31,94d0d0da10a9dc693423cbf3,0.027797162532806396,0.32439562678337097,0.2965984642505646,0.2965984642505646
5,32,27de94053f6a87e1430f9def,1.690000057220459,1.6732794046401978,-0.01672065258026123,0.01672065258026123
5,33,995fefe83609a84394b2416d,0.6100000143051147,0.9685571789741516,0.35855716466903687,0.35855716466903687
5,34,f0e2512b593f3de8f7768725,1.6490416526794434,1.8727383613586426,0.22369670867919922,0.22369670867919922
5,35,66d35e4884afbee3d8cff835,1.3300000429153442,0.3647654950618744,-0.9652345180511475,0.9652345180511475
5,36,50338fccf1632de0bdbb9bc5,3.419999837875366,0.6964501142501831,-2.7235498428344727,2.7235498428344727
5,37,592385b75d2f59b462d678a6,3.0400052070617676,2.3415656089782715,-0.6984395980834961,0.6984395980834961
5,38,79f8ae0a70e64ac241ac81c8,1.5700000524520874,1.1047415733337402,-0.46525847911834717,0.46525847911834717
5,39,ff606be15f042191c578ee31,0.6200000047683716,0.7546237111091614,0.1346237063407898,0.1346237063407898
5,40,672cc515aec55316c4305636,2.0899999141693115,2.444850206375122,0.35485029220581055,0.35485029220581055
5,41,d07a3cbcf853a4adad8acb10,1.4559319019317627,1.3823758363723755,-0.07355606555938721,0.07355606555938721
5,42,341f0717a5e9b358ba676957,1.2400000095367432,0.6347007155418396,-0.6052992939949036,0.6052992939949036
5,43,5abe497da6e59cb28c540141,0.25,0.6778272986412048,0.42782729864120483,0.42782729864120483
5,44,d7f141b93e43fc5acc9d6ea3,4.991399765014648,3.264103412628174,-1.7272963523864746,1.7272963523864746
5,45,3a8866f237e1c713b6cacb5e,3.602060079574585,1.1546233892440796,-2.447436809539795,2.447436809539795
5,46,35b700bcb97e097b395eb1d8,2.190000057220459,1.9319590330123901,-0.25804102420806885,0.25804102420806885
5,47,e5a7687e973ab4177df20312,2.9000000953674316,1.381588339805603,-1.5184117555618286,1.5184117555618286
5,48,ef00acf50bf20a07aee13ede,0.8600000143051147,0.5691770315170288,-0.29082298278808594,0.29082298278808594
5,49,ff32fd52873d7b6c1c766a00,0.75,0.8850498795509338,0.13504987955093384,0.13504987955093384
5,50,65976e436d6d03759b3df234,1.2999999523162842,0.8738266825675964,-0.42617326974868774,0.42617326974868774
5,51,c115ca5ba080d5e70a88b451,0.6299999952316284,1.257089614868164,0.6270896196365356,0.6270896196365356
5,52,c149603c6d6854b8a392a973,4.301030158996582,3.748699903488159,-0.5523302555084229,0.5523302555084229
5,53,b619d85e96857ae669b199b9,1.0399999618530273,1.5221714973449707,0.48217153549194336,0.48217153549194336
5,54,05d0cb8db6dde697d678bab3,3.2300000190734863,3.247525691986084,0.017525672912597656,0.017525672912597656
5,55,6647ab5d41cee41cf7790ae2,1.309999942779541,1.2950942516326904,-0.014905691146850586,0.014905691146850586
5,56,45dff8b2f4917d996e736741,0.7799999713897705,0.9643908143043518,0.1843908429145813,0.1843908429145813
5,57,6022423fc2a785029af23283,1.940000057220459,1.4278537034988403,-0.5121463537216187,0.5121463537216187
5,58,f5f1aa4224a6cc107026e0e3,0.6307841539382935,0.7496519684791565,0.11886781454086304,0.11886781454086304
5,59,c43c547e6198829168130ed3,0.7212464213371277,1.1850883960723877,0.46384197473526,0.46384197473526
5,60,6adcb5dcb9961d990724cf97,0.3100000023841858,1.1067984104156494,0.7967984080314636,0.7967984080314636
5,61,8acd401686091192e440f2f9,0.3100000023841858,1.6165108680725098,1.3065109252929688,1.3065109252929688
5,62,793a82597f4ea2a0f8185338,1.2899999618530273,0.7238366007804871,-0.5661633610725403,0.5661633610725403
5,63,dfa54fa4259321871b36eaac,3.5883803367614746,2.1954214572906494,-1.3929588794708252,1.3929588794708252
5,64,ed7d0f1f4665bd824a915ef2,1.6799999475479126,2.143821954727173,0.46382200717926025,0.46382200717926025
5,65,8a761cf92acb9fa7f53ab394,0.6899999976158142,0.8381873965263367,0.14818739891052246,0.14818739891052246
5,66,e6eebadf66e7c50b1dd8ebc1,1.9586073160171509,1.0594606399536133,-0.8991466760635376,0.8991466760635376
5,67,04b3c9480d2ebeb0c0ad06a1,3.3200273513793945,2.8486998081207275,-0.471327543258667,0.471327543258667
5,68,0db29a7ba344e9f5880ed66c,3.494849920272827,2.711721658706665,-0.7831282615661621,0.7831282615661621
5,69,26160b8447b9c2557ecfd445,1.1399999856948853,0.16555266082286835,-0.9744473099708557,0.9744473099708557
5,70,d04a974b73d153e0624bec1c,0.6595559120178223,0.6287758946418762,-0.030780017375946045,0.030780017375946045
5,71,7b8f630e3f262aad214bfe1c,2.299999952316284,1.6788767576217651,-0.621123194694519,0.621123194694519
5,72,38ebf5ea778a773d15d68435,2.737548828125,2.236370801925659,-0.5011780261993408,0.5011780261993408
5,73,9e443c894a89edb05cec6344,1.0608303546905518,2.1529223918914795,1.0920920372009277,1.0920920372009277
5,74,f2475380bf9fe04371bdc3e5,1.6299999952316284,1.8857555389404297,0.25575554370880127,0.25575554370880127
5,75,08a7904c2dffeff4b9401bcd,2.4202163219451904,3.015242338180542,0.5950260162353516,0.5950260162353516
5,76,329f7d7fc4b8fe74e3df38e4,0.8100000023841858,0.8201974034309387,0.01019740104675293,0.01019740104675293
5,77,eb9ac553a622ee8aa402db2d,2.009999990463257,2.4532086849212646,0.4432086944580078,0.4432086944580078
5,78,f7c3efdc950125e34018f3aa,3.086186170578003,2.8181135654449463,-0.26807260513305664,0.26807260513305664
5,79,949c10cb49bf1ae025b60a11,3.508151054382324,3.5992538928985596,0.09110283851623535,0.09110283851623535
5,80,edd0494fe345cfdbd773a0af,1.3799999952316284,0.2727195918560028,-1.1072803735733032,1.1072803735733032
5,81,a5f2f16c84e0de13a368d1c5,1.899999976158142,2.0008952617645264,0.10089528560638428,0.10089528560638428
5,82,cf9f80c32b8ad10d63fffa16,4.180456161499023,3.406799077987671,-0.7736570835113525,0.7736570835113525
5,83,2394efccc64e408196ac3361,1.045757532119751,0.8426482081413269,-0.20310932397842407,0.20310932397842407
5,84,4f903dbfec2d5edf43ebf2c8,2.92081880569458,2.47489333152771,-0.4459254741668701,0.4459254741668701
5,85,15343f11669925a9befa15ef,0.9281179904937744,0.8004732728004456,-0.12764471769332886,0.12764471769332886
5,86,ba674457d16c6184c3ca16e9,1.0399999618530273,0.6816521286964417,-0.3583478331565857,0.3583478331565857
5,87,d9bff437eade2605e7c9441e,1.2300000190734863,1.4234944581985474,0.19349443912506104,0.19349443912506104
5,88,131a5e82a8cd9381f97b7acd,0.7099999785423279,1.0999057292938232,0.38990575075149536,0.38990575075149536
5,89,0e1d7d0176646b93b4958554,2.4849212169647217,2.0462045669555664,-0.4387166500091553,0.4387166500091553
5,90,d05a9d525639a2cf58800f06,0.9200000166893005,0.8610896468162537,-0.058910369873046875,0.058910369873046875
5,91,fa5cace02a4351cce418aab4,2.950000047683716,1.9863917827606201,-0.9636082649230957,0.9636082649230957
5,92,5bc9a3213c50c3e8d85fc98b,1.07304048538208,2.1196720600128174,1.0466315746307373,1.0466315746307373
5,93,3b282cff7e4a23795b840763,4.387216091156006,2.7908360958099365,-1.5963799953460693,1.5963799953460693
5,94,b5d64ccf76a3fb7d38e263c6,2.319999933242798,1.9424082040786743,-0.37759172916412354,0.37759172916412354
5,95,cad25953e54218d936b86985,2.2500319480895996,3.5280191898345947,1.2779872417449951,1.2779872417449951
5,96,59bff7da986621b9ef58cf0a,1.8899999856948853,1.8205764293670654,-0.06942355632781982,0.06942355632781982
5,97,024427896e4e3c2e7dbaa1a5,4.853871822357178,3.7834720611572266,-1.0703997611999512,1.0703997611999512
5,98,73d1bec37b3fa2e93a9ce5b4,1.2300000190734863,0.5288211703300476,-0.7011788487434387,0.7011788487434387
5,99,da0b0ce48fb31defc98f8e53,1.059999942779541,1.2560347318649292,0.19603478908538818,0.19603478908538818
5,100,6a5a275d76117d1359cd2410,2.0199999809265137,1.5383689403533936,-0.4816310405731201,0.4816310405731201
5,101,32148b9cd2be3561d2769d4d,1.2182446718215942,0.6738326549530029,-0.5444120168685913,0.5444120168685913
5,102,06c1a67bf7608fa1949c36b2,3.7199997901916504,0.7829042077064514,-2.9370956420898438,2.9370956420898438
5,103,ae5890974d8d7cafca92c1fc,4.739928722381592,3.5923831462860107,-1.147545576095581,1.147545576095581
5,104,7eb171c7ba5d569f24280294,2.301029920578003,1.2344927787780762,-1.0665371417999268,1.0665371417999268
5,105,dd115a3533a65d1bd0b7bb9b,0.550000011920929,0.7835702300071716,0.23357021808624268,0.23357021808624268
5,106,c881429a235268dbe1821729,2.906578302383423,2.6647000312805176,-0.24187827110290527,0.24187827110290527
5,107,5b31d925ebca2464c7620ea5,1.2000000476837158,1.0077389478683472,-0.19226109981536865,0.19226109981536865
5,108,e3b62bd9db1bc70896f5a94b,0.8799999952316284,1.1040889024734497,0.2240889072418213,0.2240889072418213
5,109,a3c854439362550844578bf4,3.2596373558044434,3.221000909805298,-0.03863644599914551,0.03863644599914551
5,110,27285436c532256eb12ea25a,1.2100000381469727,1.0334866046905518,-0.1765134334564209,0.1765134334564209
5,111,891faa2a86746889ba8e2191,1.2182446718215942,1.0644437074661255,-0.15380096435546875,0.15380096435546875
5,112,f13aacc43126ce52c7eeec46,0.699999988079071,1.473875641822815,0.7738756537437439,0.7738756537437439
5,113,16e7d58b1ae57a9b8f9f78a7,1.8700000047683716,2.5462026596069336,0.676202654838562,0.676202654838562
5,114,6d63a3247609334e3cb45886,1.1643093824386597,1.0883702039718628,-0.07593917846679688,0.07593917846679688
5,115,098541692dd282d4609fa356,0.7300000190734863,0.24646343290805817,-0.48353660106658936,0.48353660106658936
5,116,d687e0ffc32cb51e961657c3,3.3499999046325684,3.1817920207977295,-0.16820788383483887,0.16820788383483887
5,117,a0356647ecf03c016e137416,1.1399999856948853,1.3237051963806152,0.18370521068572998,0.18370521068572998
5,118,2dc7d4cb0276d9e3b3980097,4.010016441345215,2.642953872680664,-1.3670625686645508,1.3670625686645508
5,119,43f3c7f7fe60837013ea9dda,2.1600000858306885,0.5140470862388611,-1.6459529399871826,1.6459529399871826
5,120,ee8890eccffbd332d179495d,1.6200000047683716,2.0070149898529053,0.3870149850845337,0.3870149850845337
5,121,9bafd779b83f4d75008cbcbf,2.07572078704834,1.8196451663970947,-0.2560756206512451,0.2560756206512451
5,122,ed06f1224d8fb1fd8f5f3742,1.5199999809265137,1.7181776762008667,0.19817769527435303,0.19817769527435303
5,123,07dfce076c82ffa2fa4f5fe5,3.1500000953674316,3.092639446258545,-0.05736064910888672,0.05736064910888672
5,124,cc81683f9a62226fedadc42d,0.9599999785423279,0.592265784740448,-0.3677341938018799,0.3677341938018799
5,125,a4176fbf02eddd6273d28d48,1.9586073160171509,1.0594606399536133,-0.8991466760635376,0.8991466760635376
5,126,862afbbb77ca84c16f146b8a,1.0299999713897705,0.0026600658893585205,-1.0273399353027344,1.0273399353027344
5,127,0de766d87fead2f6b65c260c,3.1500000953674316,2.9497034549713135,-0.20029664039611816,0.20029664039611816
5,128,64bc59277c31fd6418d5f5e8,3.477121353149414,3.051179885864258,-0.42594146728515625,0.42594146728515625
5,129,fd351091a9bf3a3aabc41976,0.46000000834465027,1.2028700113296509,0.7428699731826782,0.7428699731826782
5,130,404fc90eea1cdef38b4df09f,0.9100949168205261,2.648892641067505,1.738797664642334,1.738797664642334
5,131,c597b1558a5d87924e2e0ab0,4.537601947784424,3.9683406352996826,-0.5692613124847412,0.5692613124847412
5,132,632798caa8a3b452665eb9d0,0.7900000214576721,0.745531439781189,-0.044468581676483154,0.044468581676483154
5,133,fbfeeee218f6378423652509,3.7508015632629395,2.9674813747406006,-0.7833201885223389,0.7833201885223389
5,134,697daafc171efb4295eb6dfa,3.5399999618530273,3.0027785301208496,-0.5372214317321777,0.5372214317321777
5,135,06a31f3e1647b91d35b5a9a0,2.698970079421997,1.6582438945770264,-1.0407261848449707,1.0407261848449707
5,136,b7652caa3dc8745ebb91f639,0.6100000143051147,0.4001695215702057,-0.20983049273490906,0.20983049273490906
5,137,913aa3cef79b4cf5c840112f,4.130768299102783,3.8485796451568604,-0.28218865394592285,0.28218865394592285
5,138,0ff0401dbe1f43c83f715c36,1.409999966621399,1.4053399562835693,-0.00466001033782959,0.00466001033782959
5,139,b0e382720aee83ef86019480,1.0399999618530273,1.1745191812515259,0.13451921939849854,0.13451921939849854
5,140,d71699d4959082ae33f1ab66,2.5799999237060547,2.6462981700897217,0.06629824638366699,0.06629824638366699
5,141,18dc4e725f6a62e05476d9fc,1.2596373558044434,1.4515968561172485,0.19195950031280518,0.19195950031280518
5,142,b2651e14ac8641b6162d93bd,2.698970079421997,3.138779878616333,0.43980979919433594,0.43980979919433594
5,143,9f1ec26c5952a1e9bf3bd946,1.940000057220459,1.720550298690796,-0.21944975852966309,0.21944975852966309
5,144,236703fb1c474b1e944139b5,0.5799999833106995,0.7559916377067566,0.17599165439605713,0.17599165439605713
5,145,e3622ceadbabed73e058c978,4.110000133514404,3.9378302097320557,-0.17216992378234863,0.17216992378234863
5,146,597821894b0fb51bc3b01631,2.2799999713897705,2.632664442062378,0.3526644706726074,0.3526644706726074
5,147,429a3837863f63e561ee734a,3.853872060775757,4.046751499176025,0.19287943840026855,0.19287943840026855
5,148,ba12ba7db0fc435caacaa312,1.600000023841858,0.548041582107544,-1.051958441734314,1.051958441734314
5,149,2865aca18860329284f9356e,1.809999942779541,2.6932504177093506,0.8832504749298096,0.8832504749298096
5,150,e9228b07b93d8f7b3b3b4e35,2.190000057220459,0.9941373467445374,-1.1958627700805664,1.1958627700805664
5,151,569eaa2e804a155db3a52140,-1.2470773458480835,2.0069878101348877,3.2540650367736816,3.2540650367736816
5,152,afa9c4be632f903f512710e0,2.681936740875244,2.3280866146087646,-0.3538501262664795,0.3538501262664795
5,153,2278f0e27eac388babeda045,1.7300000190734863,2.669827699661255,0.9398276805877686,0.9398276805877686
5,154,1c767f236b7a1f66b69bda27,1.149999976158142,0.7059174180030823,-0.4440825581550598,0.4440825581550598
5,155,8ae9b5be455c7096f08dd439,3.198596239089966,1.8043315410614014,-1.3942646980285645,1.3942646980285645
5,156,3d64620a7d77c9474a209ef7,2.3767507076263428,1.6741971969604492,-0.7025535106658936,0.7025535106658936
5,157,b5192de0781085596fa8e4ea,2.0399999618530273,0.8905807137489319,-1.1494193077087402,1.1494193077087402
5,158,bd4ce92fe2ab3e5a4d500aa4,3.0,2.2220516204833984,-0.7779483795166016,0.7779483795166016
5,159,ae7694f55648078b3c706117,2.698970079421997,2.0612330436706543,-0.6377370357513428,0.6377370357513428
5,160,8ff29894ed4baf54797ce4f1,4.0809221267700195,3.718937635421753,-0.3619844913482666,0.3619844913482666
5,161,fe3073c1390478190095736a,1.590000033378601,2.349332094192505,0.7593320608139038,0.7593320608139038
5,162,4c04ec383492973166977928,4.460087776184082,3.9169347286224365,-0.5431530475616455,0.5431530475616455
5,163,056a4478347f17fd3073eb6a,4.318758964538574,3.549572706222534,-0.76918625831604,0.76918625831604
5,164,ef06092f61c1a2900a8c286d,0.7400000095367432,0.357809454202652,-0.3821905553340912,0.3821905553340912
5,165,e186c6ca9f413082bc75afc8,0.6499999761581421,1.2228970527648926,0.5728970766067505,0.5728970766067505
5,166,6b9b3b77ccc969992f948499,0.41999998688697815,0.870656430721283,0.4506564438343048,0.4506564438343048
5,167,736610fe2c84c47e64b79881,1.7400000095367432,1.9401249885559082,0.20012497901916504,0.20012497901916504
5,168,1a4e24658bbf912a63798dc2,0.699999988079071,1.8498508930206299,1.149850845336914,1.149850845336914
5,169,adadb9d732b01f8734bf1f6e,1.9500000476837158,2.122171401977539,0.17217135429382324,0.17217135429382324
5,170,4ced720286d0635d34cae852,0.949999988079071,0.9783632159233093,0.02836322784423828,0.02836322784423828
5,171,ae67a9257570950f8a6e5f20,0.7400000095367432,0.9816334843635559,0.24163347482681274,0.24163347482681274
5,172,56620c84effd3fcffce99e58,1.7400000095367432,1.4846372604370117,-0.25536274909973145,0.25536274909973145
5,173,13674c4cd19452acc60b44e7,4.130005836486816,2.737257242202759,-1.3927485942840576,1.3927485942840576
5,174,9a0e14f6d3c2c59939975264,0.8147695660591125,1.480045199394226,0.6652756333351135,0.6652756333351135
5,175,f945d4241ad8b4744bef07b4,0.14000000059604645,1.5344579219818115,1.3944579362869263,1.3944579362869263
5,176,254c09cfbbc609b952efae17,0.23000000417232513,0.826953113079071,0.5969530940055847,0.5969530940055847
5,177,8ca4c9f8775d801cd8eb14fa,2.2699999809265137,1.9696054458618164,-0.30039453506469727,0.30039453506469727
5,178,aee2558a022678b7b8c86089,1.090000033378601,0.9350926280021667,-0.15490740537643433,0.15490740537643433
5,179,5f297784c1d351b47716491c,4.0,1.8456242084503174,-2.1543757915496826,2.1543757915496826
5,180,4355bbb77760d187b3c28b86,3.1100263595581055,2.4369776248931885,-0.673048734664917,0.673048734664917
5,181,91ce0894789f0f86509ff955,3.7899491786956787,2.61346173286438,-1.1764874458312988,1.1764874458312988
5,182,97b9792057866e47e2ba3420,1.0700000524520874,0.26503047347068787,-0.8049695491790771,0.8049695491790771
5,183,c3d522829336a0c2922dbfef,1.991399884223938,2.5022385120391846,0.5108386278152466,0.5108386278152466
5,184,c8c93dbeb4b85d1a6c63da4c,3.25,1.2080934047698975,-2.0419065952301025,2.0419065952301025
5,185,2bdc53f0bdab599b7c775aa0,3.1432712078094482,2.676828622817993,-0.4664425849914551,0.4664425849914551
5,186,c8a68e904065ba0c9f0e366c,2.0299999713897705,1.5862571001052856,-0.44374287128448486,0.44374287128448486
5,187,01448fadc58368ade8886933,1.3799999952316284,1.8126652240753174,0.43266522884368896,0.43266522884368896
5,188,bd039bddae51fe70b050560f,1.600000023841858,1.4718836545944214,-0.12811636924743652,0.12811636924743652
5,189,f8d0cad635e0652a78c0219f,2.9393022060394287,2.896460771560669,-0.042841434478759766,0.042841434478759766
5,190,4e57721c070af6b1ca47b640,-0.31491878628730774,-0.2980005145072937,0.016918271780014038,0.016918271780014038
5,191,09829cc4f534ed53c1eb58dc,2.430000066757202,2.6383392810821533,0.20833921432495117,0.20833921432495117
5,192,ff99e95fe57df370421dbfb7,1.6020599603652954,1.6180554628372192,0.015995502471923828,0.015995502471923828
5,193,606cb4e2ba340f7cc5c26616,0.9800000190734863,1.1162731647491455,0.13627314567565918,0.13627314567565918
5,194,856b258cc449e29b61919fc7,0.5850266814231873,0.5213263630867004,-0.06370031833648682,0.06370031833648682
5,195,d20d4513227c783671f16ab3,5.318758964538574,2.3831424713134766,-2.9356164932250977,2.9356164932250977
5,196,d432fa7c9dbe1b00df89ede6,3.430000066757202,3.2464916706085205,-0.18350839614868164,0.18350839614868164
5,197,42a176715f175ab6a131a7d1,1.8200000524520874,2.29117751121521,0.47117745876312256,0.47117745876312256
5,198,7c8efe92ab9febf2d60668a3,1.6200000047683716,1.3196227550506592,-0.3003772497177124,0.3003772497177124
5,199,46c8a43a119352aebf25a524,2.150515079498291,2.021812915802002,-0.12870216369628906,0.12870216369628906
5,200,929007cd9e59ad79343313dc,1.2200000286102295,1.2284340858459473,0.008434057235717773,0.008434057235717773
5,201,06fcc53bf0b5e1c9077f0105,1.3700000047683716,1.038901686668396,-0.3310983180999756,0.3310983180999756
5,202,02375b07fc7cfd9b537e36df,4.0087738037109375,4.131743431091309,0.1229696273803711,0.1229696273803711
5,203,4ef77bab855ae2ed2cba67a9,1.0399999618530273,0.43633514642715454,-0.6036648154258728,0.6036648154258728
5,204,abc2ad67b76ff2c359694098,0.7200000286102295,1.5370945930480957,0.8170945644378662,0.8170945644378662
5,205,0d87624277b9fdaf5e0bd3b9,1.6200000047683716,2.045018434524536,0.42501842975616455,0.42501842975616455
5,206,a0c48c8387b484aaf83148b4,1.1699999570846558,0.9296053647994995,-0.24039459228515625,0.24039459228515625
5,207,2710b486a407b764c307f31f,4.886056423187256,3.3685529232025146,-1.5175034999847412,1.5175034999847412
5,208,33f157f876d1fbab56c2c1e4,2.0399999618530273,1.480045199394226,-0.5599547624588013,0.5599547624588013
5,209,4a991df2b86335eb6fdb499a,1.945642352104187,2.334954261779785,0.38931190967559814,0.38931190967559814
5,210,fc7d77d2bef6fcc124838a1d,0.7857615947723389,1.4751336574554443,0.6893720626831055,0.6893720626831055
5,211,926333a2ea868d2557dfdc0e,1.8200000524520874,2.0032660961151123,0.1832660436630249,0.1832660436630249
5,212,763111ed0dee617681569578,1.9500000476837158,1.4796700477600098,-0.47032999992370605,0.47032999992370605
5,213,da1edf8878426b8679ffbc41,1.148741602897644,0.9415582418441772,-0.2071833610534668,0.2071833610534668
5,214,0a8c0489ce3e6bc3f6edf810,2.07572078704834,1.8196451663970947,-0.2560756206512451,0.2560756206512451
5,215,c3411e43c6a69870018626f8,1.3899999856948853,1.8461265563964844,0.4561265707015991,0.4561265707015991
5,216,ee270f984d9dbb2787543546,2.739928722381592,2.342634439468384,-0.397294282913208,0.397294282913208
5,217,0d5fd8bd12527a7e45357035,3.0,2.3025200366973877,-0.6974799633026123,0.6974799633026123
5,218,ed10a19fb6144234aefa7f33,1.4353339672088623,1.6444721221923828,0.2091381549835205,0.2091381549835205
5,219,3a0154d2f07c09a5b682d703,1.008773922920227,0.6730484366416931,-0.33572548627853394,0.33572548627853394
5,220,c31c551b87dfc3021327c4fa,3.7235381603240967,3.343714952468872,-0.3798232078552246,0.3798232078552246
5,221,7908bd6ffa056274f1bb108f,1.9800000190734863,2.5505449771881104,0.570544958114624,0.570544958114624
5,222,c76966d19a4bb4b0f5edd23a,2.07572078704834,1.8196451663970947,-0.2560756206512451,0.2560756206512451
5,223,0d059e54a03fede9de2de27a,1.581188678741455,1.2618374824523926,-0.3193511962890625,0.3193511962890625
5,224,66bc7f328438f1d678b82dfe,2.8446638584136963,3.642287492752075,0.7976236343383789,0.7976236343383789
5,225,1078ebab5b1a5bed5f41a824,0.6399999856948853,0.9524968266487122,0.3124968409538269,0.3124968409538269
5,226,a1d4056100086543f1b43b2f,2.0999999046325684,1.8215070962905884,-0.27849280834198,0.27849280834198
5,227,64dae0b67e207088ae7c3a27,1.9299999475479126,1.920089840888977,-0.009910106658935547,0.009910106658935547
5,228,94ed41dc7f96ff9fe3758662,1.4600000381469727,2.1313154697418213,0.6713154315948486,0.6713154315948486
5,229,12708da5563be44ecac5e216,4.522878646850586,4.170610427856445,-0.3522682189941406,0.3522682189941406
5,230,e1b6973f412c996d9d1ea2fb,1.6989699602127075,1.5411076545715332,-0.15786230564117432,0.15786230564117432
5,231,744dc945a364a935e6f1425b,0.8538719415664673,1.2006323337554932,0.3467603921890259,0.3467603921890259
5,232,a024a0abe653dcd289d923da,0.9399999976158142,1.0320556163787842,0.09205561876296997,0.09205561876296997
5,233,754b019981d565974b5f9df6,1.149999976158142,1.0920617580413818,-0.057938218116760254,0.057938218116760254
5,234,9cd42c178f1d86a3133c0019,1.3699791431427002,2.0308024883270264,0.6608233451843262,0.6608233451843262
5,235,b675ab0c2f88f10f02b67e06,2.009999990463257,1.4485278129577637,-0.5614721775054932,0.5614721775054932
5,236,20191a04f48c1668b5975a14,0.8700000047683716,1.1913973093032837,0.3213973045349121,0.3213973045349121
5,237,ca36ac54c7dd3a4bb6eee997,1.3899999856948853,1.7031054496765137,0.3131054639816284,0.3131054639816284
5,238,857a1a65958144bdb3d73bcf,1.4299999475479126,0.9442428946495056,-0.485757052898407,0.485757052898407
5,239,85c913f74aeeb7f9a56650e8,0.7699999809265137,1.9313982725143433,1.1613982915878296,1.1613982915878296
5,240,a50893823e5663da03b8595b,2.408935308456421,2.817795515060425,0.4088602066040039,0.4088602066040039
5,241,dfb911081f38e3807f6ebf97,0.7599999904632568,0.9417891502380371,0.18178915977478027,0.18178915977478027
5,242,d0478a17ab005dafa792f5ae,2.869999885559082,1.4320168495178223,-1.4379830360412598,1.4379830360412598
5,243,e915b5d8d347bda20d2b2be6,1.0750491619110107,2.0067410469055176,0.9316918849945068,0.9316918849945068
5,244,d752c42bb2147c561da6840b,1.0499999523162842,0.8173217177391052,-0.23267823457717896,0.23267823457717896
5,245,839518f505db4db45073c269,1.6799999475479126,1.9079450368881226,0.22794508934020996,0.22794508934020996
5,246,ead7b7c4921ee7ce5ee25b30,0.7799999713897705,1.123659610748291,0.3436596393585205,0.3436596393585205
5,247,62c9e570f052961dea2ee860,2.0199999809265137,1.684948205947876,-0.3350517749786377,0.3350517749786377
5,248,3495f5ae1e57313146fb53e0,1.3565473556518555,1.5708366632461548,0.21428930759429932,0.21428930759429932
5,249,37a562ef5da2c321ad8fa168,0.8794260621070862,0.7956063151359558,-0.08381974697113037,0.08381974697113037
5,250,8da9e831c10184ced31e2fcc,1.4199999570846558,1.749324917793274,0.32932496070861816,0.32932496070861816
5,251,11f1739cba710834eab703b6,0.3199999928474426,1.101788878440857,0.7817888855934143,0.7817888855934143
5,252,b9767ca051a9b4cac27b2b33,2.2699999809265137,2.516587495803833,0.24658751487731934,0.24658751487731934
5,253,f622caaf4dcc50af1e6d3f7b,2.3565473556518555,1.883504867553711,-0.47304248809814453,0.47304248809814453
5,254,ede5fce1d19538cef2332e3b,1.5299999713897705,1.7024180889129639,0.17241811752319336,0.17241811752319336
5,255,1dc116d122b3828d1387dfce,3.4000000953674316,2.798916816711426,-0.6010832786560059,0.6010832786560059
5,256,9c063afef2f30f05849d9b84,1.1699999570846558,0.9905344843864441,-0.17946547269821167,0.17946547269821167
5,257,bf2ed8e8bfa6c2b447c152f6,1.0299999713897705,1.0318880081176758,0.0018880367279052734,0.0018880367279052734
5,258,88f1d8fde50ba91a404420ea,1.793174147605896,1.8231765031814575,0.030002355575561523,0.030002355575561523
5,259,2b7347fe567bfd2a2e0bf5fb,1.0299999713897705,1.0535857677459717,0.023585796356201172,0.023585796356201172
5,260,037a3f1f6fe40fb16dd07c3d,0.4000000059604645,0.8955221772193909,0.4955221712589264,0.4955221712589264
5,261,bc9409e408938e145fedf84a,3.1549019813537598,3.138779878616333,-0.016122102737426758,0.016122102737426758
5,262,77f92c6b2ad2f8c4f872416b,0.28999999165534973,-0.003549765795469284,-0.2935497462749481,0.2935497462749481
5,263,d3cee0458ed1ca5ebf1083e5,-0.36172783374786377,1.3904304504394531,1.752158284187317,1.752158284187317
5,264,756f13b2e8399c52e6ad2af4,2.009999990463257,2.287719964981079,0.27771997451782227,0.27771997451782227
5,265,8ed342847237096e2fe1fe57,0.7699999809265137,0.7014719247817993,-0.06852805614471436,0.06852805614471436
5,266,928a853f6ea1a45c50e7a961,0.5638373494148254,0.5348449349403381,-0.028992414474487305,0.028992414474487305
5,267,ac753d8ac9b4aca5fcb80e86,2.7300000190734863,0.8468249440193176,-1.8831751346588135,1.8831751346588135
5,268,f516ef8a3772138605ab096a,0.4399999976158142,0.4974522292613983,0.057452231645584106,0.057452231645584106
5,269,cf50e774386d8ff6311382da,2.0999999046325684,1.9743258953094482,-0.12567400932312012,0.12567400932312012
5,270,85077ef40c1f18d9ef8a7d98,2.9100000858306885,1.922124981880188,-0.9878751039505005,0.9878751039505005
5,271,21c8002c93c65612b5b35dd5,1.75,1.1656090021133423,-0.5843909978866577,0.5843909978866577
5,272,d0026f2a4aa7394e215c28f2,2.1700000762939453,1.7577629089355469,-0.41223716735839844,0.41223716735839844
5,273,5f58327c87f5b5e5efd9d0dd,1.350000023841858,1.5652986764907837,0.21529865264892578,0.21529865264892578
5,274,fb641cc7417ae6906b6ce322,0.75,1.2173538208007812,0.46735382080078125,0.46735382080078125
5,275,2609e647d5f40566651e931b,1.7100000381469727,1.275544285774231,-0.4344557523727417,0.4344557523727417
5,276,5a3181573abdaf9c36317162,1.2300000190734863,0.8097789287567139,-0.42022109031677246,0.42022109031677246
5,277,74b31791d3ae2187c1ee4d9a,3.979590654373169,2.0612330436706543,-1.9183576107025146,1.9183576107025146
5,278,464d8ee738116a9e1a3c0b57,0.7200000286102295,0.27776333689689636,-0.44223669171333313,0.44223669171333313
5,279,20bd82eb6860b2f3ad390008,2.4814860820770264,3.0163052082061768,0.5348191261291504,0.5348191261291504
5,280,37aed7dc3bdde251d71adcad,0.47999998927116394,0.9634458422660828,0.4834458529949188,0.4834458529949188
5,281,0997c7bc24839bc3c65b8ff1,0.49000000953674316,1.7456371784210205,1.2556371688842773,1.2556371688842773
5,282,4b346396e9f3fe8afa2473e2,2.619999885559082,2.0508768558502197,-0.5691230297088623,0.5691230297088623
5,283,06c8a3b17c7add1d22630d59,1.9500000476837158,2.0886447429656982,0.13864469528198242,0.13864469528198242
5,284,4f9dd62c773d83ac069c1d3b,1.4600000381469727,1.7647104263305664,0.30471038818359375,0.30471038818359375
5,285,b57a65f8741e2e6f99ec778d,2.540105104446411,2.8627707958221436,0.3226656913757324,0.3226656913757324
5,286,917b202f9ade16bf0e504624,1.6200000047683716,1.4346294403076172,-0.1853705644607544,0.1853705644607544
5,287,7bc4afa9baf90a4dce1bb799,1.2200000286102295,1.4833295345306396,0.26332950592041016,0.26332950592041016
5,288,bf2a84d36ba28beeeb8d18ee,1.090000033378601,0.6562850475311279,-0.43371498584747314,0.43371498584747314
5,289,c4d6099eac339c7c23442186,2.830913543701172,2.0873830318450928,-0.7435305118560791,0.7435305118560791
5,290,78d5fd9ffbb35a9f90d94227,-0.2678685188293457,1.1781679391860962,1.446036458015442,1.446036458015442
5,291,dc6cf6b68e12f1dab9f3ea20,2.369999885559082,2.3937389850616455,0.023739099502563477,0.023739099502563477
5,292,4896260c7aa00780bf4a0e27,0.8199999928474426,0.9700258374214172,0.1500258445739746,0.1500258445739746
5,293,fc735ee40dbc8e06d9fd4de0,1.8300000429153442,1.7038342952728271,-0.1261657476425171,0.1261657476425171
5,294,4698b8f0709344595137912f,1.5099999904632568,1.3335864543914795,-0.17641353607177734,0.17641353607177734
5,295,91ff4a623fca0d75ff528f51,4.886056423187256,3.925522565841675,-0.960533857345581,0.960533857345581
5,296,a191d96faa3b0d6411970304,1.5499999523162842,1.1030845642089844,-0.4469153881072998,0.4469153881072998
5,297,89f9e3966ddd8304b38dcdec,1.5700000524520874,0.18694725632667542,-1.3830528259277344,1.3830528259277344
5,298,8246cc9e75b97216e59c64a7,1.1799999475479126,1.2627050876617432,0.08270514011383057,0.08270514011383057
5,299,602674bdc5fa0dedb8c13c7d,4.481485843658447,4.148773193359375,-0.33271265029907227,0.33271265029907227
5,300,fa7a36f1f660c73c938f1b28,1.340000033378601,1.8929731845855713,0.5529731512069702,0.5529731512069702
5,301,a16ef7898be88153c36e8329,3.823908805847168,3.827730417251587,0.0038216114044189453,0.0038216114044189453
5,302,57c91e048418b87f8b49f421,1.0399999618530273,0.6473184823989868,-0.3926814794540405,0.3926814794540405
5,303,7d640a5ff4102455eb9b5370,2.540356159210205,2.693847417831421,0.15349125862121582,0.15349125862121582
5,304,5ca4ea676b92375693b8ddb6,2.5800442695617676,2.2865405082702637,-0.2935037612915039,0.2935037612915039
5,305,559bd01bd09543bdaf4f8a6b,1.8600000143051147,1.1284043788909912,-0.7315956354141235,0.7315956354141235
5,306,406c36b86cde98edaab9cc54,0.6100000143051147,1.1786293983459473,0.5686293840408325,0.5686293840408325
5,307,91cd99439a5ed796a1580566,1.649999976158142,1.8078382015228271,0.15783822536468506,0.15783822536468506
5,308,f5c4ce7e5c63f40c55dfb3c4,3.853872060775757,3.907562255859375,0.053690195083618164,0.053690195083618164
5,309,e9dd97bf3c5d275ef7a609a5,2.5999999046325684,2.829153299331665,0.22915339469909668,0.22915339469909668
5,310,0e6113ceb78efd77e5e22d92,2.430000066757202,2.7873356342315674,0.35733556747436523,0.35733556747436523
5,311,a965306f9fb97c444d123463,0.25999999046325684,1.17229163646698,0.9122916460037231,0.9122916460037231
5,312,6a1819329e784f0eb93ee1e9,3.2569804191589355,2.6781179904937744,-0.5788624286651611,0.5788624286651611
5,313,04beb818659cb40c46c220e6,1.9299999475479126,0.9905999302864075,-0.9394000172615051,0.9394000172615051
5,314,6e11995e26a076ebcc8de7e6,3.397939920425415,2.754472017288208,-0.643467903137207,0.643467903137207
5,315,a535b68479f9535a304f0c5a,4.267606258392334,4.202950954437256,-0.06465530395507812,0.06465530395507812
5,316,2fc7ae6ac4bf4874b3f765f4,3.049999952316284,1.4466181993484497,-1.6033817529678345,1.6033817529678345
5,317,422e2d7460fadfc806cf1b8a,2.0315170288085938,0.891572117805481,-1.1399449110031128,1.1399449110031128
5,318,46d0fc5f6252ebceb2c7a98e,0.41907501220703125,0.5817274451255798,0.16265243291854858,0.16265243291854858
5,319,7efdabff79223160b976e971,1.1799999475479126,1.0122637748718262,-0.16773617267608643,0.16773617267608643
5,320,4cccf310c83889fa8e6924af,1.7999999523162842,1.8962572813034058,0.09625732898712158,0.09625732898712158
5,321,2848da3eaa84b2630c7a168b,0.6499999761581421,0.3782421946525574,-0.2717577815055847,0.2717577815055847
5,322,e6c15ad2c3863c4715669a2b,1.9700000286102295,0.8150783777236938,-1.1549216508865356,1.1549216508865356
5,323,b219f1068f91e18c5dbf59fe,0.3100000023841858,1.472841739654541,1.162841796875,1.162841796875
5,324,d76aac919120f71d024c8355,4.79587984085083,3.381049156188965,-1.4148306846618652,1.4148306846618652
5,325,1e7f3a5898900aa270222619,1.3200000524520874,1.3600552082061768,0.040055155754089355,0.040055155754089355
5,326,7d817bb378e68ff0eb9c41b5,1.6100000143051147,0.6878696084022522,-0.9221304059028625,0.9221304059028625
5,327,29e547f14b49526c931f321e,0.4000000059604645,1.1818084716796875,0.7818084955215454,0.7818084955215454
5,328,c2568c710e0afec36c288fbd,2.664207935333252,2.4045751094818115,-0.25963282585144043,0.25963282585144043
5,329,eecca5978188b61d462cbfd5,1.409999966621399,1.246685266494751,-0.16331470012664795,0.16331470012664795
5,330,2390b0fe2c293a78b1d5588f,0.8700000047683716,0.9546032547950745,0.08460325002670288,0.08460325002670288
5,331,73fdc38f8b667adb08aa2ea3,3.880000114440918,3.7193939685821533,-0.16060614585876465,0.16060614585876465
5,332,474a1f520e3d81f1e194591c,0.1599999964237213,1.1754333972930908,1.015433430671692,1.015433430671692
5,333,a038efc294c168d7c948204c,0.8100000023841858,1.2000188827514648,0.39001888036727905,0.39001888036727905
5,334,8eb6ea690bc97deabf74f115,1.9788106679916382,1.5714119672775269,-0.40739870071411133,0.40739870071411133
5,335,5d7ab4664c3045037bc9f8f9,1.2200000286102295,1.074021577835083,-0.14597845077514648,0.14597845077514648
5,336,4dc8d7434de2303d551b73e1,2.073657512664795,1.491935133934021,-0.5817223787307739,0.5817223787307739
5,337,28b4baa201f8f98ea17b7008,3.7695510387420654,2.644498586654663,-1.1250524520874023,1.1250524520874023
5,338,70b9673e1c4c97e9e72e3af6,1.0222764015197754,1.185572624206543,0.16329622268676758,0.16329622268676758
5,339,2bbace30195a4eec85e58a54,1.8200000524520874,1.6605454683303833,-0.1594545841217041,0.1594545841217041
5,340,6c25ec2eecb04387b4b56324,1.6799999475479126,1.4521381855010986,-0.22786176204681396,0.22786176204681396
5,341,18c34b7941abd855f6695ef2,2.1600000858306885,1.6588627099990845,-0.501137375831604,0.501137375831604
5,342,6cdfe449d6fe547ab26a9d66,1.4685211181640625,1.2059203386306763,-0.26260077953338623,0.26260077953338623
5,343,28d65becc3a3ffd5945139e5,3.538151979446411,3.0027785301208496,-0.5353734493255615,0.5353734493255615
5,344,f0dc7e2d591f360d7f77aead,3.9586071968078613,3.6480953693389893,-0.31051182746887207,0.31051182746887207
5,345,e9a551117e3f8ad9626b6936,0.9800000190734863,0.5347592830657959,-0.44524073600769043,0.44524073600769043
5,346,e39e7d34293a6226f7d40eed,0.8999999761581421,1.1926108598709106,0.29261088371276855,0.29261088371276855
5,347,3efe6fb0de06006f61736f3d,1.590000033378601,1.5026808977127075,-0.08731913566589355,0.08731913566589355
5,348,65f870daa89171092471bb7b,0.5199999809265137,1.3681761026382446,0.848176121711731,0.848176121711731
5,349,965c97d63a8665458ded74a1,3.284832715988159,2.972013235092163,-0.3128194808959961,0.3128194808959961
5,350,8fd1335ac5ede49a475dcef5,1.2899999618530273,1.2503905296325684,-0.039609432220458984,0.039609432220458984
5,351,0347322b8723b3cb82303f86,4.257275104522705,3.931596040725708,-0.32567906379699707,0.32567906379699707
5,352,e02f752a5cd4a7ef143052ea,1.480172038078308,1.9303808212280273,0.45020878314971924,0.45020878314971924
5,353,3856c0d03963c9025940ed5f,0.2800000011920929,1.680099606513977,1.4000996351242065,1.4000996351242065
5,354,5b0a223874992826a950c9bd,2.0899999141693115,1.778383493423462,-0.3116164207458496,0.3116164207458496
5,355,58e6a2147aa0e55ac23f899f,0.4948500096797943,0.5714289546012878,0.07657894492149353,0.07657894492149353
5,356,fa5099233e0904f4968f4d5e,1.2400000095367432,1.0387084484100342,-0.20129156112670898,0.20129156112670898
5,357,99ca6542f1364c768173a7a4,1.4600000381469727,1.469883918762207,0.009883880615234375,0.009883880615234375
5,358,fdcaabb5db4e43128a99ba1b,1.649999976158142,2.081010103225708,0.4310101270675659,0.4310101270675659
5,359,2b11623ffa326282948b5686,3.795880079269409,3.757305383682251,-0.0385746955871582,0.0385746955871582
5,360,43d44e11317681eb5ea9f800,0.5799999833106995,0.5645574927330017,-0.015442490577697754,0.015442490577697754
5,361,c43015966823e722193755f0,1.3979400396347046,1.2466157674789429,-0.15132427215576172,0.15132427215576172
5,362,fff933cc495a96463267a190,3.4377071857452393,2.8571975231170654,-0.5805096626281738,0.5805096626281738
5,363,7c6e01b341ddf067f770ce9f,2.698970079421997,1.7425060272216797,-0.9564640522003174,0.9564640522003174
5,364,9ce027bfe2c16710fb246d63,1.1699999570846558,1.2996562719345093,0.12965631484985352,0.12965631484985352
5,365,b9e46de6f64db0afb8e38e54,2.2899999618530273,2.35420823097229,0.0642082691192627,0.0642082691192627
5,366,d9b6730aa93551c608ad04fe,0.4000000059604645,0.2853721082210541,-0.1146278977394104,0.1146278977394104
5,367,35d9721f7be2e52cce0688f3,2.950007200241089,2.6144940853118896,-0.3355131149291992,0.3355131149291992
5,368,bf598eb6e32a1e56321360a2,0.1599999964237213,0.7808547616004944,0.6208547353744507,0.6208547353744507
5,369,e7358730815758f6ca1178f2,-0.04139268398284912,0.030865710228681564,0.07225839793682098,0.07225839793682098
5,370,ab74695ffc7aceabf648b472,3.809999942779541,3.5498573780059814,-0.26014256477355957,0.26014256477355957
5,371,14b1956d57022f47315b06c4,0.8538719415664673,1.2205791473388672,0.3667072057723999,0.3667072057723999
5,372,8c87aab0c7f6683775d170c7,1.190000057220459,0.5261655449867249,-0.6638345122337341,0.6638345122337341
5,373,de29cb5c1f81f7df3e0215a5,0.7240311503410339,2.708894729614258,1.984863519668579,1.984863519668579
5,374,4f559200c3088c6fddcdec27,-0.03742649778723717,1.1781679391860962,1.2155944108963013,1.2155944108963013
5,375,fb4982fefc4db80021b5535c,2.698970079421997,2.5299534797668457,-0.16901659965515137,0.16901659965515137
5,376,e40e2ba2f69aeb205baa521d,1.559999942779541,0.7969499230384827,-0.7630500197410583,0.7630500197410583
5,377,002f4a1487b3c7babfbd27fd,4.298431873321533,3.9483182430267334,-0.3501136302947998,0.3501136302947998
5,378,7374653fb2bedad5fe4fdce6,1.911863923072815,0.7988778948783875,-1.1129860877990723,1.1129860877990723
5,379,c7d86f69333a3a9e5b544e32,0.8538719415664673,1.9004898071289062,1.046617865562439,1.046617865562439
5,380,83b52136ea554eff5fcacb25,2.619999885559082,2.391181230545044,-0.22881865501403809,0.22881865501403809
5,381,b4e5155bb05a36aa40547b0d,2.574031114578247,2.8644278049468994,0.29039669036865234,0.29039669036865234
5,382,439d538614c2a5f3e942af80,1.1200000047683716,1.503075122833252,0.38307511806488037,0.38307511806488037
5,383,994f0fff989cae6b89e2ec5a,1.309999942779541,1.0905654430389404,-0.21943449974060059,0.21943449974060059
5,384,c86ee261316f647d97e32db9,3.1549019813537598,3.1426360607147217,-0.012265920639038086,0.012265920639038086
5,385,21e32eab1d1d22f95db71385,0.6499999761581421,1.010388731956482,0.36038875579833984,0.36038875579833984
5,386,af16a4a0ab5a126c25445dcb,2.5999999046325684,2.5454928874969482,-0.05450701713562012,0.05450701713562012
5,387,c1c4e6c77af07c6e02bc10ca,3.522878646850586,2.5312063694000244,-0.9916722774505615,0.9916722774505615
5,388,3e0ca1c0677e4a94253d2561,3.8900840282440186,4.089742660522461,0.19965863227844238,0.19965863227844238
5,389,1eb640c754f0e75abbdc6168,1.4299999475479126,1.7393498420715332,0.3093498945236206,0.3093498945236206
5,390,1e754ffb9c80c28bcda6727a,3.0,2.9479353427886963,-0.05206465721130371,0.05206465721130371
5,391,93a1475d1165083578069521,4.260000228881836,3.931596040725708,-0.32840418815612793,0.32840418815612793
5,392,066ba4a7375a7176a7f41d95,0.6600000262260437,1.0611845254898071,0.4011844992637634,0.4011844992637634
5,393,059635c08b01ff39180a560c,2.9316904544830322,2.686856985092163,-0.24483346939086914,0.24483346939086914
5,394,b127d562a257594ff2e9f071,1.649999976158142,1.381699800491333,-0.2683001756668091,0.2683001756668091
5,395,5f00af55eee7ec7472cda6e1,3.0043647289276123,2.2073140144348145,-0.7970507144927979,0.7970507144927979
5,396,9ee11d001c40eb5970996c86,1.3899999856948853,0.8567160964012146,-0.5332838892936707,0.5332838892936707
5,397,41a434eff6479c7636d3e5ed,1.590000033378601,1.9075226783752441,0.31752264499664307,0.31752264499664307
5,398,8e4ace2695cf3789f2dc79f3,0.7099999785423279,1.2764699459075928,0.5664699673652649,0.5664699673652649
5,399,548a193b74742fbb503efd64,1.9800000190734863,0.7483000159263611,-1.2316999435424805,1.2316999435424805
5,400,68fd1dd40c8f072a441e2b50,3.1191864013671875,3.508812189102173,0.38962578773498535,0.38962578773498535
5,401,cf9092eba93a6001b1fb8211,1.5,1.7937572002410889,0.29375720024108887,0.29375720024108887
5,402,6e6f20955be67d64f9bcd102,0.5199999809265137,1.2721359729766846,0.7521359920501709,0.7521359920501709
5,403,4ec5505fae296b81cf4ce319,2.3299999237060547,0.8614693880081177,-1.468530535697937,1.468530535697937
5,404,c4b7a4aa833d87615e7efa98,2.07572078704834,1.802147388458252,-0.2735733985900879,0.2735733985900879
5,405,07b0ca6a30ba244ac38ecc17,1.5399999618530273,1.792272925376892,0.25227296352386475,0.25227296352386475
5,406,f7c39ce9dbe34db5f47b9f0e,1.4700000286102295,1.3341171741485596,-0.13588285446166992,0.13588285446166992
5,407,742bcf65e11cd732ff438320,3.508638381958008,3.1378870010375977,-0.37075138092041016,0.37075138092041016
5,408,f419dd63a4f526af54f4e988,0.8100000023841858,1.6431758403778076,0.8331758379936218,0.8331758379936218
5,409,d2fdb68cb931dd6dcfb5b50a,1.4600000381469727,0.9783144593238831,-0.4816855788230896,0.4816855788230896
5,410,0f590a3af5db655abe444954,1.840000033378601,0.6663554310798645,-1.1736445426940918,1.1736445426940918
5,411,955675e92d80a882a6e64156,0.44999998807907104,1.4451175928115845,0.9951176047325134,0.9951176047325134
5,412,f107747c0d3aa61cad639e73,1.2644010782241821,1.2636961936950684,-0.0007048845291137695,0.0007048845291137695
5,413,8daf19942a99ff4d9686066d,2.0999999046325684,2.3876969814300537,0.28769707679748535,0.28769707679748535
5,414,a89afbf2e5497a1269c08b9b,0.1599999964237213,0.22031031548976898,0.06031031906604767,0.06031031906604767
5,415,27f9fd07ea093ef34711d782,0.8500000238418579,1.1935372352600098,0.34353721141815186,0.34353721141815186
5,416,20e07f652de231d8868b82e6,1.690000057220459,2.1290035247802734,0.43900346755981445,0.43900346755981445
5,417,45cde16bd033a844beaae0ca,1.1643093824386597,1.0756034851074219,-0.08870589733123779,0.08870589733123779
5,418,c65fbfd68b0f6df9ffc54761,1.7100000381469727,1.834731101989746,0.12473106384277344,0.12473106384277344
5,419,98a06eefe62634678e9b3e1f,0.8899999856948853,1.405599594116211,0.5155996084213257,0.5155996084213257
5,420,476bc2817e6f936a00103ca6,1.0299999713897705,0.8240092396736145,-0.205990731716156,0.205990731716156
5,421,e401518881e14605634e0316,1.2699999809265137,1.0201964378356934,-0.2498035430908203,0.2498035430908203
5,422,4122db94242d253e37573906,3.0409586429595947,2.2102954387664795,-0.8306632041931152,0.8306632041931152
5,423,d15d75e4515e195d2eed46aa,0.30000001192092896,1.5987999439239502,1.298799991607666,1.298799991607666
5,424,2b426ad7cd8c436e83b28d92,1.7000000476837158,1.5632197856903076,-0.1367802619934082,0.1367802619934082
5,425,4a3ed161770d334f75d6afc5,1.0399999618530273,0.9317945241928101,-0.10820543766021729,0.10820543766021729
5,426,a45f2251f9b851c51af03cfa,2.6500000953674316,2.500576972961426,-0.14942312240600586,0.14942312240600586
5,427,9d90871d8fbc82914e0a2224,1.2599999904632568,0.8856815099716187,-0.3743184804916382,0.3743184804916382
5,428,f9c59d60e99337dc232db799,0.28999999165534973,1.1303791999816895,0.8403792381286621,0.8403792381286621
5,429,cb2af521528d19d76a932dab,3.795880079269409,3.896118640899658,0.10023856163024902,0.10023856163024902
5,430,377eae4e9ff9fda1b4b5ce52,1.8700000047683716,2.250379800796509,0.3803797960281372,0.3803797960281372
5,431,72bbeaa784c7f6f79e9ca4ef,1.7000000476837158,2.0185530185699463,0.31855297088623047,0.31855297088623047
5,432,e6648a220c7ed055037d3ede,0.7200000286102295,1.5462987422943115,0.826298713684082,0.826298713684082
5,433,b3d27055f20af25dfdbed379,1.100000023841858,1.280914068222046,0.180914044380188,0.180914044380188
5,434,104abdf89a63b69f26a2718c,0.33000001311302185,1.3723821640014648,1.0423821210861206,1.0423821210861206
5,435,f5086aa2f9c97ed248d0f14a,2.3767507076263428,1.6741971969604492,-0.7025535106658936,0.7025535106658936
5,436,48d4fe2aae158065c4498fde,0.8600000143051147,1.6272932291030884,0.7672932147979736,0.7672932147979736
5,437,266f1e77d4722ab0b6a1f967,1.1799999475479126,1.4912347793579102,0.31123483180999756,0.31123483180999756
5,438,e96ecb9b301ba9fc6efdbe90,0.6899999976158142,1.5355157852172852,0.845515787601471,0.845515787601471
5,439,2d7946021e6411ee0391e3fe,1.6399999856948853,1.7003357410430908,0.060335755348205566,0.060335755348205566
5,440,74240c66c314c65b25beef64,4.142667293548584,3.3095591068267822,-0.8331081867218018,0.8331081867218018
5,441,6710109b2b97c0871b30fe4a,2.4814860820770264,4.266365051269531,1.7848789691925049,1.7848789691925049
5,442,8d287c31698793eb8ab48e4e,1.5638374090194702,1.206291913986206,-0.35754549503326416,0.35754549503326416
5,443,bb8bffde6296007efd4fa82b,0.9399999976158142,1.0732388496398926,0.13323885202407837,0.13323885202407837
5,444,1ff0886e4a2a134328570de8,3.2448878288269043,2.6721065044403076,-0.5727813243865967,0.5727813243865967
5,445,796f488f4818bcd9b3b04f5d,1.6299999952316284,1.680616021156311,0.05061602592468262,0.05061602592468262
5,446,7c3fdcf7ffc47406493892d9,1.0299999713897705,1.0113368034362793,-0.01866316795349121,0.01866316795349121
5,447,630a6b89cf0765577ff13522,1.035520315170288,2.349731206893921,1.3142108917236328,1.3142108917236328
5,448,87dc7a97c48ac0432a2a1eab,-0.05000000074505806,0.1566634625196457,0.20666345953941345,0.20666345953941345
5,449,6dd4d34a094ec80cb1aecc81,2.0199999809265137,1.810271143913269,-0.20972883701324463,0.20972883701324463
5,450,b9cf7f061333edc887923c1e,-0.07000000029802322,-0.6747891902923584,-0.6047891974449158,0.6047891974449158
5,451,201eaf447bb4f1803e1569b8,1.659999966621399,1.5814448595046997,-0.07855510711669922,0.07855510711669922
5,452,922716edf1315a7dbf839f52,0.6399999856948853,0.804113507270813,0.16411352157592773,0.16411352157592773
5,453,73005faed50c7a2aa0d2fccb,2.369999885559082,0.6563504338264465,-1.7136495113372803,1.7136495113372803
5,454,3281aa95b94af4e01c14e2f7,1.0199999809265137,1.3029543161392212,0.2829543352127075,0.2829543352127075
5,455,26857239b89c00b56b934850,4.329999923706055,1.8035048246383667,-2.5264949798583984,2.5264949798583984
5,456,ac6fd848827bd039a5df2228,0.4000000059604645,0.4710197150707245,0.07101970911026001,0.07101970911026001
5,457,bb44fb8a7c5fb11a6f03de3c,1.3300000429153442,0.6303039193153381,-0.6996961236000061,0.6996961236000061
5,458,c5725a2807eae3b0c52f50b7,4.259637355804443,3.662081003189087,-0.5975563526153564,0.5975563526153564
5,459,183a1eabee2f322d7ed003e6,3.930000066757202,2.660231113433838,-1.2697689533233643,1.2697689533233643
5,460,c4e906529781a7af6c180e47,2.359999895095825,1.8985515832901,-0.4614483118057251,0.4614483118057251
5,461,7a01ea8bea9f91d1d15a6137,2.9268929958343506,2.4712469577789307,-0.4556460380554199,0.4556460380554199
5,462,0a4950c76785de0779bde66a,5.059981822967529,3.865449905395508,-1.1945319175720215,1.1945319175720215
5,463,da671adcf7b80c4d7324672e,2.607335090637207,1.7714802026748657,-0.8358548879623413,0.8358548879623413
5,464,daf6e2b43999d8c690c70076,2.3399999141693115,1.5015065670013428,-0.8384933471679688,0.8384933471679688
5,465,564ce78283b1b644c991e2bf,1.2200000286102295,1.3501009941101074,0.13010096549987793,0.13010096549987793
5,466,c50e38922b22d9699107cc8c,2.0299999713897705,1.609208345413208,-0.4207916259765625,0.4207916259765625
5,467,2ec8c5e313c8edfef0ed8272,1.2599999904632568,1.2392641305923462,-0.020735859870910645,0.020735859870910645
5,468,2abd3776450ff9d0140b11c2,4.0,3.6981682777404785,-0.3018317222595215,0.3018317222595215
5,469,cc8f717797c5907210036506,1.2000000476837158,0.9993671774864197,-0.20063287019729614,0.20063287019729614
5,470,b0dec6ed62482ec9ebb94c60,0.8500000238418579,0.8677035570144653,0.017703533172607422,0.017703533172607422
5,471,ba2db9f331aea3e8625a8b2d,2.2200000286102295,1.9633378982543945,-0.25666213035583496,0.25666213035583496
5,472,f949247906eb1660b6e6d733,3.296708583831787,2.7192132472991943,-0.5774953365325928,0.5774953365325928
5,473,09d0f2e4bb62f42aad672813,1.1100000143051147,0.3993891179561615,-0.7106108665466309,0.7106108665466309
5,474,faa3fd86919c30857f2c0f8d,3.8728952407836914,2.909184217453003,-0.9637110233306885,0.9637110233306885
5,475,1093cd7c26ba69a986a16235,2.190000057220459,1.761915683746338,-0.4280843734741211,0.4280843734741211
5,476,c1d75d7f29ca881d88ce5373,1.2699999809265137,0.8222225308418274,-0.4477774500846863,0.4477774500846863
5,477,fa57d9bc0dbfa562aab6a4f0,0.7746907472610474,1.6624640226364136,0.8877732753753662,0.8877732753753662
5,478,26415c5ffdd30e437e27e3f5,1.5199999809265137,1.7084684371948242,0.18846845626831055,0.18846845626831055
5,479,6d803fb1ef50c7eea07e793e,1.1799999475479126,1.046675205230713,-0.1333247423171997,0.1333247423171997
5,480,a1594439292296cb37634c7d,1.2599999904632568,0.3422906696796417,-0.9177093505859375,0.9177093505859375
5,481,9ffe3fcef2ac2ba4bf422127,0.6299999952316284,1.0170578956604004,0.387057900428772,0.387057900428772
5,482,2e29d43c89e9b4c71006925c,0.7099999785423279,0.8199349641799927,0.1099349856376648,0.1099349856376648
5,483,1bef28be9b0477db526c78a7,3.087777853012085,2.6934421062469482,-0.3943357467651367,0.3943357467651367
5,484,e1616182934ccf0667e3d81d,0.5547910928726196,0.5213263630867004,-0.03346472978591919,0.03346472978591919
5,485,6d1214f3a82231e6b2dd5c09,1.4700000286102295,1.5633667707443237,0.09336674213409424,0.09336674213409424
5,486,95209f42616adb7fd0453dae,1.6399999856948853,1.8548898696899414,0.21488988399505615,0.21488988399505615
5,487,77ac2fc1deaca306572b7d3d,0.8899999856948853,0.9470508694648743,0.057050883769989014,0.057050883769989014
5,488,8f80e56e0ba20d7b1ace9a98,3.823908805847168,3.827730417251587,0.0038216114044189453,0.0038216114044189453
5,489,38803b64078559c3706b85e2,0.25999999046325684,0.8796055912971497,0.6196056008338928,0.6196056008338928
5,490,f6f36fa42c7356af5ec8da9f,0.8100000023841858,2.0592005252838135,1.2492005825042725,1.2492005825042725
5,491,593ff707defea1a794e7358f,4.574031352996826,3.536668062210083,-1.0373632907867432,1.0373632907867432
5,492,7b00f3f3aa5556053569e865,0.8700000047683716,0.8489710688591003,-0.02102893590927124,0.02102893590927124
5,493,095bc5168d3e32ef66bdff0c,2.4000000953674316,1.1663146018981934,-1.2336854934692383,1.2336854934692383
5,494,21d07a9c2512d3e845fe8d8e,0.7900000214576721,1.8612523078918457,1.0712523460388184,1.0712523460388184
5,495,e8d64e8f4234f05f6f4da3e3,2.700000047683716,0.7584893703460693,-1.9415106773376465,1.9415106773376465
5,496,c66cd5d3def20d0daa1f2806,2.940000057220459,2.9937937259674072,0.05379366874694824,0.05379366874694824
5,497,7af7011ee49030724abc23ef,1.0691397190093994,1.5421799421310425,0.47304022312164307,0.47304022312164307
5,498,81eaaf79fafc61f8526af937,0.8100000023841858,0.8376396298408508,0.02763962745666504,0.02763962745666504
5,499,17b457a749d6723570d91635,1.2999999523162842,1.4553226232528687,0.15532267093658447,0.15532267093658447
5,500,15bcfbb84d4c656a925f41c9,1.9199999570846558,1.8828552961349487,-0.03714466094970703,0.03714466094970703
5,501,a0726890c2b3d156e0076d00,1.0700000524520874,0.960517942905426,-0.10948210954666138,0.10948210954666138
5,502,e0417dd4743be6f48280b89c,1.340000033378601,1.4560952186584473,0.11609518527984619,0.11609518527984619
5,503,885798400ac5bf221fe68120,0.949999988079071,1.0529804229736328,0.10298043489456177,0.10298043489456177
5,504,05eb0bc041b2273ef571ed1f,1.4814860820770264,2.051725149154663,0.5702390670776367,0.5702390670776367
5,505,114397808fdaec4f6f363ce8,0.8799999952316284,0.6595520973205566,-0.22044789791107178,0.22044789791107178
5,506,2c862fa7dd7f16ffc756a05b,1.7300000190734863,0.3284953534603119,-1.401504635810852,1.401504635810852
5,507,04941f9a06cbf027ca4eae29,4.376750946044922,3.8200013637542725,-0.5567495822906494,0.5567495822906494
5,508,f9ae323e44e1402059afa38c,2.6840295791625977,2.2781903743743896,-0.405839204788208,0.405839204788208
5,509,7b14d051f41bb17ea23e6479,2.3625102043151855,1.977781057357788,-0.38472914695739746,0.38472914695739746
5,510,a1bc800be4e86ac239001dc6,2.130000114440918,1.6848605871200562,-0.4451395273208618,0.4451395273208618
5,511,bf463e899408583f5e1933bf,4.110000133514404,4.1343994140625,0.024399280548095703,0.024399280548095703
5,512,91b6ebe19b04c6e8b3874f84,4.251811981201172,3.682123899459839,-0.569688081741333,0.569688081741333
5,513,ab73fe12fe0fc9f9a21dd2fd,3.0399999618530273,2.157776355743408,-0.8822236061096191,0.8822236061096191
5,514,4449f69eba4dee7435b0c440,2.0299999713897705,2.1541965007781982,0.12419652938842773,0.12419652938842773
5,515,02803c6add2166bc080a2f95,1.7100000381469727,1.2757585048675537,-0.43424153327941895,0.43424153327941895
5,516,5858373b31d478aa43105823,2.3899788856506348,2.1063878536224365,-0.28359103202819824,0.28359103202819824
5,517,235bc930c24088df7949209a,1.840000033378601,0.7801508903503418,-1.0598491430282593,1.0598491430282593
5,518,ef71ed84914e78a8ff49c954,3.9586071968078613,2.904785394668579,-1.0538218021392822,1.0538218021392822
5,519,4687e300d0094f30e77a436c,0.949999988079071,0.9911243319511414,0.04112434387207031,0.04112434387207031
5,520,e55a868b28f830f810fb7851,4.698969841003418,3.1444032192230225,-1.5545666217803955,1.5545666217803955
5,521,7ce1a0247a73c18f9d029d1d,2.142667531967163,3.3239071369171143,1.1812396049499512,1.1812396049499512
5,522,da12e77f9002b0f7f7e93870,1.7999999523162842,1.1415148973464966,-0.6584850549697876,0.6584850549697876
5,523,f6b3dfd90e0343784b881be6,4.346787452697754,1.3711788654327393,-2.9756085872650146,2.9756085872650146
5,524,de4a0de07e9d44e78713b498,0.7245734333992004,2.36365008354187,1.6390767097473145,1.6390767097473145
5,525,2c02b709c785999ae7282901,2.1700000762939453,0.519546389579773,-1.6504536867141724,1.6504536867141724
5,526,51e9add96e88df031a54c879,0.8799999952316284,-0.02684871107339859,-0.9068487286567688,0.9068487286567688
5,527,567e54f8fc88aa749c7bb932,0.6700000166893005,0.9234636425971985,0.25346362590789795,0.25346362590789795
5,528,17a87e645955ee2284b02614,1.5299999713897705,1.4309773445129395,-0.09902262687683105,0.09902262687683105
5,529,9e8c82de9c901ea88686df6b,3.494849920272827,2.7318921089172363,-0.7629578113555908,0.7629578113555908
5,530,d98dec74ee51ef5043027320,2.3372421264648438,1.7794381380081177,-0.5578039884567261,0.5578039884567261
5,531,c177d9dc81a11fa2a393b451,2.1700000762939453,1.6511359214782715,-0.5188641548156738,0.5188641548156738
5,532,50af7d827d66ae388251604a,1.9299999475479126,1.4560714960098267,-0.47392845153808594,0.47392845153808594
5,533,faf5ad72558876f5ab2a29b2,2.0,2.021812915802002,0.021812915802001953,0.021812915802001953
5,534,0d554c04875c805b44c6a31a,1.100000023841858,1.3023924827575684,0.20239245891571045,0.20239245891571045
5,535,d3f326e8c8e00ec59b56124f,2.898653984069824,2.512011766433716,-0.3866422176361084,0.3866422176361084
5,536,74e739880e9f1c3a01011bc4,2.049999952316284,3.5209245681762695,1.4709246158599854,1.4709246158599854
5,537,8afb9628384f165e892764dc,3.301029920578003,3.0341925621032715,-0.26683735847473145,0.26683735847473145
5,538,84dec436b56036dea52e695f,1.840000033378601,1.7802984714508057,-0.05970156192779541,0.05970156192779541
5,539,56c871f5fb433f3d9f130f5f,1.3799999952316284,1.1005785465240479,-0.27942144870758057,0.27942144870758057
5,540,364299845c2248784eb43830,3.92081880569458,3.8072316646575928,-0.1135871410369873,0.1135871410369873
5,541,73b47dc238ad3b1d660fe097,0.9700000286102295,1.1000431776046753,0.1300431489944458,0.1300431489944458
5,542,69bb72a14cf36879b8138c20,2.0,2.2029032707214355,0.20290327072143555,0.20290327072143555
5,543,11d53ca40a557adf67748cfa,0.6899999976158142,0.7456867098808289,0.05568671226501465,0.05568671226501465
5,544,3d63c187b98ed2c95dd72bc2,3.2281510829925537,3.247525691986084,0.019374608993530273,0.019374608993530273
5,545,88a415836f644735f7edfe11,1.0099999904632568,-0.06255264580249786,-1.0725526809692383,1.0725526809692383
5,546,4ba1de12aae08953e6de7eec,1.6989699602127075,1.5411076545715332,-0.15786230564117432,0.15786230564117432
5,547,be79797f74f1fa73dabb8098,0.9900000095367432,1.0667407512664795,0.07674074172973633,0.07674074172973633
5,548,33c6d757bb795142257ba6fc,4.026872158050537,3.521733522415161,-0.505138635635376,0.505138635635376
5,549,73bcc826f44b5011bf5a6df0,2.3625102043151855,2.0407683849334717,-0.32174181938171387,0.32174181938171387
5,550,c83f893b3b81e9fd7a6d5473,3.853872060775757,4.020929336547852,0.16705727577209473,0.16705727577209473
5,551,179f319c894edae20709a356,0.8899999856948853,0.8648390173912048,-0.02516096830368042,0.02516096830368042
5,552,9d4e2905d89dc4bc750faabc,4.585026741027832,4.042372703552246,-0.5426540374755859,0.5426540374755859
5,553,1af603f5992342115077ddf1,1.840000033378601,2.074399709701538,0.234399676322937,0.234399676322937
5,554,3124e26f741de897fce8fc7a,2.2200000286102295,1.8983254432678223,-0.3216745853424072,0.3216745853424072
5,555,e5ec5afffcdbe7d0de40ae79,0.8239087462425232,0.7820910811424255,-0.041817665100097656,0.041817665100097656
5,556,bb610e67d6178e9f869b160e,0.6000000238418579,0.7990370392799377,0.19903701543807983,0.19903701543807983
5,557,649d93f9ac980d2e2c182788,1.2999999523162842,2.0379154682159424,0.7379155158996582,0.7379155158996582
5,558,89e219ced49c142ce0fb649f,2.1700000762939453,2.0061564445495605,-0.16384363174438477,0.16384363174438477
5,559,e28f03ccc3af72002c9510db,2.0315170288085938,0.891572117805481,-1.1399449110031128,1.1399449110031128
5,560,8996130270750a530f1500bf,1.9199999570846558,1.9025404453277588,-0.017459511756896973,0.017459511756896973
5,561,38ba333a51958af0be2416e6,3.1778318881988525,2.864607572555542,-0.31322431564331055,0.31322431564331055
5,562,35b16384a262617874f36fbe,0.9100000262260437,0.9184434413909912,0.00844341516494751,0.00844341516494751
5,563,f8fc6d3bc881293fc486efcc,1.2599999904632568,1.136305809020996,-0.12369418144226074,0.12369418144226074
5,564,e20d7aa25486c3269b1672f5,2.0399999618530273,0.4455926716327667,-1.594407320022583,1.594407320022583
5,565,db46f600c0182bab0c1a4add,0.7099999785423279,0.1911919265985489,-0.5188080668449402,0.5188080668449402
5,566,98a3684a5d57309bc0754abb,2.4636635780334473,2.2516705989837646,-0.21199297904968262,0.21199297904968262
5,567,cebe0c293cd9c82223d68a9c,2.2200000286102295,0.1802205592393875,-2.0397794246673584,2.0397794246673584
5,568,ea33b7eb51b352618fc78b3d,4.619788646697998,3.7984960079193115,-0.8212926387786865,0.8212926387786865
5,569,baa38d486d3425a55081a42d,3.92081880569458,3.8462791442871094,-0.0745396614074707,0.0745396614074707
5,570,fd0750be181e9ea32d3c2e62,1.2006593942642212,3.595041036605835,2.394381523132324,2.394381523132324
5,571,c9dd1d6a8970e41761873c04,3.419987916946411,2.459927558898926,-0.9600603580474854,0.9600603580474854
5,572,d87fe0427109a34fd21b70fa,2.440000057220459,0.9974767565727234,-1.4425232410430908,1.4425232410430908
5,573,1b6739caa078489b3b1aeaf1,1.3200000524520874,1.397261619567871,0.07726156711578369,0.07726156711578369
5,574,d07b8cdb50157775f0513a0f,1.3200000524520874,1.0417914390563965,-0.2782086133956909,0.2782086133956909
5,575,dcff1747bf2cb1633863da0c,3.096909999847412,3.593721628189087,0.4968116283416748,0.4968116283416748
5,576,43aa5bc29d94fea15f73b242,3.809999942779541,2.488450050354004,-1.321549892425537,1.321549892425537
5,577,d19f0107e37faeb43ae73c07,0.33000001311302185,1.1778919696807861,0.8478919267654419,0.8478919267654419
5,578,d56930468aafb04059cc53fb,2.096909999847412,1.9990122318267822,-0.09789776802062988,0.09789776802062988
5,579,1ed82e8673bbad7eb522a2bf,4.568636417388916,3.8068249225616455,-0.7618114948272705,0.7618114948272705
5,580,a6e1dcfaf5ac549db325b2dc,4.176091194152832,3.670602560043335,-0.5054886341094971,0.5054886341094971
5,581,bcf0688a7950e6e329e59f0d,0.7900000214576721,0.3440544307231903,-0.4459455907344818,0.4459455907344818
5,582,5e9a9aae9e635f9d9d6a5693,0.9900000095367432,0.9430138468742371,-0.046986162662506104,0.046986162662506104
5,583,2a12ddc11662071b754cb889,3.0,1.7206960916519165,-1.2793039083480835,1.2793039083480835
5,584,e943eb895a593184e1986461,0.4300000071525574,1.3670849800109863,0.937084972858429,0.937084972858429
5,585,35a8f11ef892d9f5c4dee6bb,3.299999952316284,2.4417505264282227,-0.8582494258880615,0.8582494258880615
5,586,dfd53a1c3da1e94b334df2f2,1.1699999570846558,1.0342376232147217,-0.13576233386993408,0.13576233386993408
5,587,4db534636d11121fe111612d,0.4436975121498108,1.4110991954803467,0.9674016833305359,0.9674016833305359
5,588,f535c80988be87d6572606cb,0.6270880103111267,0.5377277135848999,-0.0893602967262268,0.0893602967262268
5,589,4ab84a0a80ba8e645cbc0e08,0.9700000286102295,0.889303982257843,-0.08069604635238647,0.08069604635238647
5,590,bcd032747348212e7eb795a6,-1.4710040092468262,1.553410530090332,3.024414539337158,3.024414539337158
5,591,0cc6d6f31e86670edf9f69fa,0.3979400098323822,0.3859524428844452,-0.011987566947937012,0.011987566947937012
5,592,3f62920ae5c27ef155742012,1.0199999809265137,-0.01876482367515564,-1.0387648344039917,1.0387648344039917
5,593,f793684037a5655f0f5d19c9,1.2986047267913818,1.21700918674469,-0.0815955400466919,0.0815955400466919
5,594,0e84394d112886b38c6a21ef,0.8569852113723755,0.6805235743522644,-0.17646163702011108,0.17646163702011108
5,595,d690b2c6c639cc759f3b11b4,1.850000023841858,1.5693215131759644,-0.28067851066589355,0.28067851066589355
5,596,c01fd4ef90ac82bbd793df9b,0.8799999952316284,1.1313414573669434,0.25134146213531494,0.25134146213531494
5,597,112cd60a51c9e66d0a20a031,0.4099999964237213,0.8476070165634155,0.4376070201396942,0.4376070201396942
5,598,4974feba20db725c53a14d9f,1.9900000095367432,0.6558544635772705,-1.3341455459594727,1.3341455459594727
5,599,4a86bcf2946da1053c83df83,1.0199999809265137,0.8703673481941223,-0.14963263273239136,0.14963263273239136
5,600,deaa90e5c1ab614f8ecfd38c,3.0999999046325684,3.030722141265869,-0.06927776336669922,0.06927776336669922
5,601,715cc90e56626a10e3553027,4.28399658203125,3.7984960079193115,-0.4855005741119385,0.4855005741119385
5,602,d6e3b5334571aaec0bb3b8e3,1.3882766962051392,1.5518584251403809,0.1635817289352417,0.1635817289352417
5,603,6c38b5c212aded69649db81f,0.36000001430511475,0.6007910370826721,0.24079102277755737,0.24079102277755737
5,604,93b024122fd015acfc95f942,3.3565473556518555,3.4130308628082275,0.05648350715637207,0.05648350715637207
5,605,456d139382a8f9023c0786f8,1.5800000429153442,1.5142643451690674,-0.06573569774627686,0.06573569774627686
5,606,4fbb4c777d2407fd0c0d7016,2.690000057220459,3.0102665424346924,0.3202664852142334,0.3202664852142334
5,607,e6a75d700806c0ceb8ac69cf,1.2799999713897705,1.149167776107788,-0.13083219528198242,0.13083219528198242
5,608,9b97a0439331946406859e79,1.0757206678390503,0.7688547968864441,-0.3068658709526062,0.3068658709526062
5,609,b5eb068414424ec383288601,1.5299999713897705,0.7160089612007141,-0.8139910101890564,0.8139910101890564
5,610,54f4fa912d7c944babab3fe5,1.9500000476837158,2.0156326293945312,0.06563258171081543,0.06563258171081543
5,611,2ab717a982d9cd9c22820840,1.5,1.667844295501709,0.16784429550170898,0.16784429550170898
5,612,0e237562b37d3dc34e9a7b97,1.899999976158142,1.434084177017212,-0.4659157991409302,0.4659157991409302
5,613,ae9a3af8f274370a510d70f8,0.3700000047683716,0.7844598889350891,0.41445988416671753,0.41445988416671753
5,614,479acbb5036fa8371ed6c817,2.319999933242798,1.9320651292800903,-0.3879348039627075,0.3879348039627075
5,615,9e89c3617a1a9cdd917a321c,1.3872160911560059,0.7061925530433655,-0.6810235381126404,0.6810235381126404
5,616,91cc5c60d01c76062e9ccd74,1.4900000095367432,1.3647112846374512,-0.125288724899292,0.125288724899292
5,617,358e0b2ccc80cf36ba5995c3,1.0655015707015991,1.6052896976470947,0.5397881269454956,0.5397881269454956
5,618,b6e716c66f6e00ae2b6c3434,2.5199999809265137,2.735734701156616,0.21573472023010254,0.21573472023010254
5,619,9f87c904a3c61b7b27dab650,1.7599999904632568,1.9708175659179688,0.21081757545471191,0.21081757545471191
5,620,bc2bcde0334a26befbbcbea1,0.15000000596046448,0.9758577942848206,0.8258577585220337,0.8258577585220337
5,621,2ff0339666a33bb134855b52,3.63997483253479,2.6924073696136475,-0.9475674629211426,0.9475674629211426
5,622,d3e856f16eea44f83bd28f94,0.17000000178813934,0.3673364222049713,0.19733642041683197,0.19733642041683197
5,623,fefda7c6486386d0ce1e7fa8,3.0900163650512695,2.5858147144317627,-0.5042016506195068,0.5042016506195068
5,624,000a086c182ac67fdc989cc7,1.7200000286102295,1.4144684076309204,-0.3055316209793091,0.3055316209793091
5,625,ee0e2cbf80c5321f53426487,2.809999942779541,2.111222982406616,-0.6987769603729248,0.6987769603729248
5,626,c0d76e85da99823f6251f659,1.3187587261199951,1.3620522022247314,0.04329347610473633,0.04329347610473633
5,627,1533648777198aaa79d2a295,1.0547900199890137,0.6370787024497986,-0.4177113175392151,0.4177113175392151
5,628,ac94c01be6f9747b50b018a3,0.6117964386940002,0.5714289546012878,-0.0403674840927124,0.0403674840927124
5,629,08f8908fb52b809a1cfec236,1.5499999523162842,1.6255136728286743,0.07551372051239014,0.07551372051239014
5,630,de66696baffdb2e7b7c55500,1.4800000190734863,0.9933047890663147,-0.48669523000717163,0.48669523000717163
5,631,531d3014e422a3fcfbb58594,3.240000009536743,0.704184353351593,-2.535815715789795,2.535815715789795
5,632,f4e847417616db9616f049ac,0.9800000190734863,1.1223580837249756,0.14235806465148926,0.14235806465148926
5,633,c2847f736160a7caf69f0845,1.4317982196807861,2.707509994506836,1.2757117748260498,1.2757117748260498
5,634,666bab302f07c562ce13e055,1.8600000143051147,2.28389048576355,0.42389047145843506,0.42389047145843506
5,635,39ff2713d94b44b0e2810443,1.0499999523162842,1.0864534378051758,0.0364534854888916,0.0364534854888916
5,636,71cf80469e58370b92a24383,0.886056661605835,1.162787914276123,0.2767312526702881,0.2767312526702881
5,637,d73b8546a6fe11e93e7e20c7,3.2448878288269043,3.0122182369232178,-0.23266959190368652,0.23266959190368652
5,638,f828a8e5076ce4e42ee50f26,2.740000009536743,3.162503719329834,0.4225037097930908,0.4225037097930908
5,639,318561924055e7456a92b729,0.30000001192092896,-0.3123135268688202,-0.6123135089874268,0.6123135089874268
5,640,76b527153d1c0285b4d3c751,1.0700000524520874,1.1376205682754517,0.06762051582336426,0.06762051582336426
5,641,6c6253941eba7e894afdfcb9,2.636388063430786,2.8237788677215576,0.18739080429077148,0.18739080429077148
5,642,6ff2610e56d59b8a58e29cff,0.49000000953674316,0.8038460612297058,0.31384605169296265,0.31384605169296265
5,643,27f7c0dc7e658c25788b24e6,0.8999999761581421,1.3040149211883545,0.4040149450302124,0.4040149450302124
5,644,4c53befa73f8eefc76b35ce0,0.9200000166893005,1.133072853088379,0.21307283639907837,0.21307283639907837
5,645,a5029b39dc3ae14834fd4fe5,5.168621063232422,1.7794381380081177,-3.3891830444335938,3.3891830444335938
5,646,5863bac4ff791ec778ce03b3,1.6200000047683716,1.3649559020996094,-0.2550441026687622,0.2550441026687622
5,647,b38e0db7fff1f36cde216c3a,1.3899999856948853,1.6582212448120117,0.26822125911712646,0.26822125911712646
5,648,90b46376d243458b0c953986,1.2599999904632568,1.0598304271697998,-0.20016956329345703,0.20016956329345703
5,649,f71489ae72c76cbf6d98661b,1.0,1.3352218866348267,0.33522188663482666,0.33522188663482666
5,650,345c0476b20bc819784a628e,0.8899999856948853,0.8359362483024597,-0.05406373739242554,0.05406373739242554
5,651,16cc06e36a9e728a0e3b77c3,1.159999966621399,1.23940110206604,0.07940113544464111,0.07940113544464111
5,652,ebc79ebe2fa3ce40c62e55ec,1.25,1.06235671043396,-0.18764328956604004,0.18764328956604004
5,653,4101cc667139c42eaa2a05d3,0.3100000023841858,1.060992956161499,0.7509929537773132,0.7509929537773132
5,654,724a1f56d664b097d66855e9,0.4699999988079071,1.191961407661438,0.7219613790512085,0.7219613790512085
5,655,98837c1163f7d8ceecf0120f,0.7200000286102295,0.8544663786888123,0.13446635007858276,0.13446635007858276
5,656,8727bf022c7563d7eb3a2d32,0.7471469640731812,1.2192250490188599,0.4720780849456787,0.4720780849456787
5,657,4eb0b33fcf8ec1d480e2ee48,1.75,1.303429126739502,-0.44657087326049805,0.44657087326049805
5,658,c23932efec98f3a621c3d3fa,4.1674909591674805,1.6817834377288818,-2.4857075214385986,2.4857075214385986
5,659,c81b3d94b45f1d15ac4fe826,2.1999707221984863,1.7816767692565918,-0.41829395294189453,0.41829395294189453
5,660,6686d458a330eda93ab982a3,1.5,0.6871687769889832,-0.8128312230110168,0.8128312230110168
5,661,def7282023b3a8d9cb81aa5b,2.77211332321167,2.318753480911255,-0.45335984230041504,0.45335984230041504
5,662,20548371e7dfac95a479658a,3.92081880569458,3.5787808895111084,-0.3420379161834717,0.3420379161834717
5,663,e123525d7874efb1cf8a2de3,4.443697452545166,3.541006326675415,-0.902691125869751,0.902691125869751
5,664,1bd8593f5e3b46744b461460,4.107348918914795,4.1343994140625,0.027050495147705078,0.027050495147705078
5,665,00cf487e0a13f39606cf84c0,3.3675427436828613,3.6660728454589844,0.29853010177612305,0.29853010177612305
5,666,30b8b96248d960b66652c475,2.968151330947876,3.2513580322265625,0.2832067012786865,0.2832067012786865
5,667,9a37660cd17d764cc3bac2b1,1.3600000143051147,1.5280410051345825,0.16804099082946777,0.16804099082946777
5,668,611d5dbc409f16d3eba419f9,0.6299999952316284,1.2709085941314697,0.6409085988998413,0.6409085988998413
5,669,26f639c0cc0ee71b2708365e,1.840000033378601,1.6941313743591309,-0.14586865901947021,0.14586865901947021
5,670,57f656757f5e4cca2d80694c,2.1700000762939453,0.7021372318267822,-1.467862844467163,1.467862844467163
5,671,824b1e1b1ce289b33243c4c9,0.8500000238418579,0.9596609473228455,0.10966092348098755,0.10966092348098755
5,672,ba5e3e74d47e7bef878ebefc,1.350000023841858,1.5072009563446045,0.15720093250274658,0.15720093250274658
5,673,a570ecde3e107c823799b47d,3.9586071968078613,3.657853841781616,-0.3007533550262451,0.3007533550262451
5,674,3c3811a80eb497f36568aa3c,1.3979400396347046,2.992565631866455,1.5946255922317505,1.5946255922317505
5,675,bfa42fb56ad16a51efbad895,0.27000001072883606,0.8781049251556396,0.608104944229126,0.608104944229126
5,676,664cecf9f2e5e2d08afe121c,1.399999976158142,1.8873765468597412,0.4873765707015991,0.4873765707015991
5,677,4f8d5db8048363518b8241e9,1.75,0.7683903574943542,-0.9816096425056458,0.9816096425056458
5,678,0a4e122d033a9525ae45a0d1,2.799999952316284,2.901859998703003,0.10186004638671875,0.10186004638671875
5,679,78268f48773a4d7175eb99e4,0.8399999737739563,0.9532482028007507,0.11324822902679443,0.11324822902679443
5,680,2b8c8eb484665902399987dd,1.809999942779541,0.08190277218818665,-1.7280972003936768,1.7280972003936768
5,681,eed6d2d08ef9d319b13eb032,0.46000000834465027,0.7078718543052673,0.24787184596061707,0.24787184596061707
5,682,e1cb80fec038baf8547f377b,1.090000033378601,0.7639461159706116,-0.3260539174079895,0.3260539174079895
5,683,b58c10557abbdd82b189bcca,1.5638374090194702,1.2432894706726074,-0.3205479383468628,0.3205479383468628
5,684,351d0e6b153784d363fc0d28,2.3499999046325684,2.2600996494293213,-0.08990025520324707,0.08990025520324707
5,685,4f4799570b647d6ca0aa0d42,3.6944336891174316,2.45605731010437,-1.2383763790130615,1.2383763790130615
5,686,4972f12fca667d90a95ee8a1,3.355985164642334,2.9753339290618896,-0.38065123558044434,0.38065123558044434
5,687,69a75137f9fbdb198c9838c5,1.2599999904632568,1.220595359802246,-0.03940463066101074,0.03940463066101074
5,688,3671d441d43c27b9eb6624bf,-1.2470773458480835,2.1668407917022705,3.4139180183410645,3.4139180183410645
5,689,69b17f5ba4dfcd3d50a0f4d0,0.5376020073890686,1.545021891593933,1.0074198246002197,1.0074198246002197
5,690,504ea1a2d9b95512206cb738,6.903090000152588,4.948723793029785,-1.9543662071228027,1.9543662071228027
5,691,8076457846e3614c97c89205,1.2000000476837158,0.9755796790122986,-0.22442036867141724,0.22442036867141724
5,692,9f97688c9e6e41b7654319f7,0.43889862298965454,0.7396959662437439,0.30079734325408936,0.30079734325408936
5,693,9e2783434eb899a2430669a4,2.7300000190734863,2.8831899166107178,0.15318989753723145,0.15318989753723145
5,694,4153d5aaa3729c79a9116903,3.148151159286499,2.9497034549713135,-0.19844770431518555,0.19844770431518555
5,695,a4a693240e5f95d95fd07044,1.5099999904632568,1.0146112442016602,-0.4953887462615967,0.4953887462615967
5,696,5f6cccec340f9f485c083c50,0.5600000023841858,1.2728891372680664,0.7128891348838806,0.7128891348838806
5,697,49d89cef64cef7f5d7a9a1a2,1.909999966621399,1.616032361984253,-0.293967604637146,0.293967604637146
5,698,035d9950d3917043b52eefda,4.193819999694824,3.9703662395477295,-0.22345376014709473,0.22345376014709473
5,699,be0e09ed228008cfa88f92e9,2.2100000381469727,1.6773951053619385,-0.5326049327850342,0.5326049327850342
5,700,56c502dcd5b5111f30909ba3,3.744727611541748,3.857008218765259,0.11228060722351074,0.11228060722351074
5,701,41fa65cdafb6bcf9603274ac,0.6700000166893005,1.3584712743759155,0.688471257686615,0.688471257686615
5,702,3aba4abc464a38301fd4dbc9,0.6399999856948853,1.0710971355438232,0.431097149848938,0.431097149848938
5,703,d6362935cb73c05bf34b687c,1.7699999809265137,1.681182622909546,-0.08881735801696777,0.08881735801696777
5,704,2092e15c686fda3feb32e0dd,0.9200000166893005,0.9423450231552124,0.022345006465911865,0.022345006465911865
5,705,770163b1dabacc2e6db2c647,1.1299999952316284,1.1938560009002686,0.06385600566864014,0.06385600566864014
5,706,96e40738aaef8a2f488f0161,0.9200000166893005,1.3315621614456177,0.41156214475631714,0.41156214475631714
5,707,9f2dd29ea6da7569f1648a0a,3.119999885559082,2.761216878890991,-0.3587830066680908,0.3587830066680908
5,708,f8a628e7d3d3445dfa0e3865,1.340000033378601,1.6066603660583496,0.26666033267974854,0.26666033267974854
5,709,4304d44a3eb3c0e9db39d954,0.7399286031723022,1.0576825141906738,0.3177539110183716,0.3177539110183716
5,710,ca56746fd7366eff9141f139,0.4412914216518402,0.012456860393285751,-0.42883455753326416,0.42883455753326416
5,711,f9dee447a68a7d3ee4962770,2.180000066757202,2.56634521484375,0.38634514808654785,0.38634514808654785
5,712,6f2fd058d6105822d2c4e0d4,3.207608222961426,2.0828144550323486,-1.1247937679290771,1.1247937679290771
5,713,3fc30c87f256d0871c076644,2.2300000190734863,1.9268038272857666,-0.3031961917877197,0.3031961917877197
5,714,a039ddfa58b4c8964a5ed6c5,4.229147911071777,3.789128065109253,-0.4400198459625244,0.4400198459625244
5,715,e296e4ac8d737c18430b51f6,0.7099999785423279,0.4752953350543976,-0.2347046434879303,0.2347046434879303
5,716,abf167519718d43f5ce942e4,0.7594507336616516,1.3952336311340332,0.6357828974723816,0.6357828974723816
5,717,d8592829cf9da91f3df52827,1.8600000143051147,1.1788455247879028,-0.6811544895172119,0.6811544895172119
5,718,fc7e80e57aa734ac91a5dff2,1.9817572832107544,1.917924165725708,-0.06383311748504639,0.06383311748504639
5,719,bf79dd6dc1a1cbd57c8930e1,3.7100000381469727,3.2570996284484863,-0.45290040969848633,0.45290040969848633
5,720,7d855d70a535ec8433aaf62e,3.4800000190734863,3.3383476734161377,-0.14165234565734863,0.14165234565734863
5,721,99bbbc81eb0cf235ed31bf4c,1.4331649541854858,2.4688594341278076,1.0356944799423218,1.0356944799423218
5,722,5ec0cb212d057713ac65b3e7,2.920095443725586,2.561922788619995,-0.3581726551055908,0.3581726551055908
5,723,e557e68daffb75915dc16cf3,1.721246361732483,1.4133491516113281,-0.3078972101211548,0.3078972101211548
5,724,c8e16c21b0744214d32274d7,1.8700000047683716,1.4730076789855957,-0.3969923257827759,0.3969923257827759
5,725,5aa25ec705952f1fad5ef25d,2.3767507076263428,1.6741971969604492,-0.7025535106658936,0.7025535106658936
5,726,93fba6df0cb631140872ffc1,0.9399999976158142,0.9466286301612854,0.006628632545471191,0.006628632545471191
5,727,0a353ea7ea954b9329ec94cf,1.5399999618530273,1.0025973320007324,-0.5374026298522949,0.5374026298522949
5,728,a0c3c595733548593c71490d,0.7900000214576721,1.0980159044265747,0.3080158829689026,0.3080158829689026
5,729,bed39761e14387306a81fb4e,3.823908805847168,3.203707456588745,-0.6202013492584229,0.6202013492584229
5,730,53c83901907027cff0e55fa1,1.086186170578003,1.153497576713562,0.06731140613555908,0.06731140613555908
5,731,93decd6fd5efaa3c9e040e23,2.0399999618530273,2.023996114730835,-0.016003847122192383,0.016003847122192383
5,732,e1b3d8b763116b852ebfabbf,4.275723934173584,2.6780707836151123,-1.5976531505584717,1.5976531505584717
5,733,3734571b8528b67948414904,1.5299999713897705,1.4456572532653809,-0.08434271812438965,0.08434271812438965
5,734,34fc54ec0a21b596e266c457,2.509999990463257,2.3495757579803467,-0.16042423248291016,0.16042423248291016
5,735,59dad9d0e6da1127ae0464d1,2.4700000286102295,1.8991947174072266,-0.5708053112030029,0.5708053112030029
5,736,d68f4a1f40e3b39c444366b8,3.795880079269409,3.5027034282684326,-0.29317665100097656,0.29317665100097656
5,737,72a3e835cc255e1d4b8282bc,2.238447904586792,2.8675827980041504,0.6291348934173584,0.6291348934173584
5,738,1a2f3862819aca703c2fc3d4,1.5671520233154297,1.6444721221923828,0.07732009887695312,0.07732009887695312
5,739,d867a01192835adac4e14b70,3.096909999847412,2.497894763946533,-0.5990152359008789,0.5990152359008789
5,740,4447909a78d9a971dc6dd8ea,2.0315170288085938,0.891572117805481,-1.1399449110031128,1.1399449110031128
5,741,6f72a6599a41bb8bbd30d8f5,2.940000057220459,1.8230347633361816,-1.1169652938842773,1.1169652938842773
5,742,1adfee80650a5900cde57825,3.259999990463257,3.7888357639312744,0.5288357734680176,0.5288357734680176
5,743,454e893d111829af72165845,0.10999999940395355,1.8230295181274414,1.7130295038223267,1.7130295038223267
5,744,e35ab9e40c28969ed199a722,1.793174147605896,1.8231765031814575,0.030002355575561523,0.030002355575561523
5,745,11917fc37a61acd22ae2b910,4.059999942779541,2.4472897052764893,-1.6127102375030518,1.6127102375030518
5,746,3f11fff1c94d223959aeb2c3,3.017728805541992,1.5785789489746094,-1.4391498565673828,1.4391498565673828
5,747,c6e956059c283aa392b61bc7,1.5099999904632568,1.9853155612945557,0.47531557083129883,0.47531557083129883
5,748,f21a095ce46a47dc89b708cd,0.6100000143051147,1.1857050657272339,0.5757050514221191,0.5757050514221191
5,749,644e18d225dc17422c5c6d5e,2.7695510387420654,2.8692750930786133,0.09972405433654785,0.09972405433654785
5,750,ce2f756da47bacae98557ae7,2.4814860820770264,4.266365051269531,1.7848789691925049,1.7848789691925049
5,751,227bc90f385ad750aaa09a3d,1.9600000381469727,1.5977306365966797,-0.36226940155029297,0.36226940155029297
5,752,d99ce5810cd80fb9806314fd,2.408935308456421,2.2941417694091797,-0.11479353904724121,0.11479353904724121
5,753,b6284eba91bb1a5dc473c706,4.300000190734863,3.9483182430267334,-0.3516819477081299,0.3516819477081299
5,754,6ba28726d38fbd75b4822f69,1.0399999618530273,1.422119379043579,0.38211941719055176,0.38211941719055176
5,755,23053c544d46c20e18759358,2.9700000286102295,3.2513580322265625,0.281358003616333,0.281358003616333
5,756,6aeaa420cadabbf919be58ab,2.636388063430786,2.8237788677215576,0.18739080429077148,0.18739080429077148
5,757,6b8da3c791e0503b7eb62731,1.886056661605835,0.5732634663581848,-1.312793254852295,1.312793254852295
5,758,75324b46d4667adc418f9534,-4.698100566864014,1.156261920928955,5.854362487792969,5.854362487792969
5,759,e52fb765d60392674431a9ba,2.4000000953674316,2.235862970352173,-0.1641371250152588,0.1641371250152588
5,760,8d8cfdff34672efb3677e062,2.698970079421997,2.5299534797668457,-0.16901659965515137,0.16901659965515137
5,761,005d819ad04ac7963c85291c,-1.4710040092468262,1.7548682689666748,3.225872278213501,3.225872278213501
5,762,f4ab49c2fd844eee32d7f3a7,4.387216091156006,2.542421340942383,-1.844794750213623,1.844794750213623
5,763,c87adc499bddc66a6ed90618,1.6299999952316284,1.9059007167816162,0.2759007215499878,0.2759007215499878
5,764,b286b64f5a3c91196384dd6d,2.009999990463257,2.130571126937866,0.12057113647460938,0.12057113647460938
5,765,1bd519bb005c2594adb381a9,0.15000000596046448,0.31854891777038574,0.16854891180992126,0.16854891180992126
5,766,fc0b4d18abb254f17b7c5ceb,2.698970079421997,3.1426360607147217,0.4436659812927246,0.4436659812927246
5,767,d18887ccf6849a59fcdf7210,0.8569852113723755,0.6672073602676392,-0.18977785110473633,0.18977785110473633
5,768,eec7bb7d19c84ad16bedc8fa,1.6299999952316284,0.9881210923194885,-0.6418789029121399,0.6418789029121399
5,769,3461b70117faccd9d5e4c178,2.890000104904175,1.6483254432678223,-1.2416746616363525,1.2416746616363525
5,770,f9d2d9df56292a6f3bc9830a,2.069999933242798,2.2855169773101807,0.2155170440673828,0.2155170440673828
5,771,7a3449914b0201da93bf586f,2.369999885559082,1.4570319652557373,-0.9129679203033447,0.9129679203033447
5,772,aded2b2565d44aaee6568edb,0.5543957948684692,0.5563943982124329,0.001998603343963623,0.001998603343963623
5,773,410fe15a38956d62cd8f6032,2.2799999713897705,1.3263590335845947,-0.9536409378051758,0.9536409378051758
5,774,75e0f3e8ab4f8658e32f5542,3.8399999141693115,3.5481367111206055,-0.29186320304870605,0.29186320304870605
5,775,301ae0be54f331077c2252af,2.25,0.7096457481384277,-1.5403542518615723,1.5403542518615723
5,776,c5afb9a3467cfa786027657f,0.6800000071525574,1.3513617515563965,0.6713617444038391,0.6713617444038391
5,777,e9525462c29f1b511950d910,2.259999990463257,1.3051810264587402,-0.9548189640045166,0.9548189640045166
5,778,3b5c188c71967405260c3108,1.214670181274414,1.3786215782165527,0.16395139694213867,0.16395139694213867
5,779,47889c53a9419bb8d7e2dd18,1.4921441078186035,1.9577558040618896,0.46561169624328613,0.46561169624328613
5,780,e0e60303ec282101d48c3fc3,1.087358832359314,1.426905870437622,0.3395470380783081,0.3395470380783081
5,781,30fc82e2898f2727a9354a3e,0.8761483430862427,0.5655844807624817,-0.310563862323761,0.310563862323761
5,782,981c96176f546032a5fb8ca2,1.6699999570846558,0.8717841506004333,-0.7982158064842224,0.7982158064842224
5,783,a7622ca0fb41231a77096476,0.9100000262260437,1.0292961597442627,0.119296133518219,0.119296133518219
5,784,169890ee3dd83e167d488818,1.5099999904632568,1.2792775630950928,-0.23072242736816406,0.23072242736816406
5,785,765832266ebd58db97d2a765,0.36000001430511475,0.960536777973175,0.6005367636680603,0.6005367636680603
5,786,41f2837a539f99e975df297a,2.804100275039673,3.2630693912506104,0.4589691162109375,0.4589691162109375
5,787,9567eb929c2a1dbe7525ee6e,2.2300000190734863,1.6881376504898071,-0.5418623685836792,0.5418623685836792
5,788,2b6797bcfbdf645deeacdeec,2.680000066757202,1.6942476034164429,-0.9857524633407593,0.9857524633407593
5,789,a98991e3f2ddc10462c9e0a8,0.27000001072883606,0.5839428901672363,0.31394287943840027,0.31394287943840027
5,790,c52473584126a21b107a6741,1.840000033378601,1.0088715553283691,-0.8311284780502319,0.8311284780502319
5,791,bc25795d9840e7b3c891eea2,0.7099999785423279,1.2255069017410278,0.5155069231987,0.5155069231987
5,792,8933795f9e7f6ff38b615dd0,4.739928722381592,2.989393949508667,-1.7505347728729248,1.7505347728729248
5,793,7584f41d7af6472efa657eb4,1.7000000476837158,0.5918851494789124,-1.1081149578094482,1.1081149578094482
5,794,6a94eb7a6002319c8718efd7,2.450016498565674,2.8682239055633545,0.41820740699768066,0.41820740699768066
5,795,d585f8d205f15d70c24cc928,0.6989700198173523,0.619807779788971,-0.07916224002838135,0.07916224002838135
5,796,58e9bef87bac5688492e41c2,4.663540363311768,2.741469621658325,-1.9220707416534424,1.9220707416534424
5,797,208fb14999a226171b0de307,0.4000000059604645,1.005417823791504,0.6054178476333618,0.6054178476333618
5,798,0ac3a7112009a907c202736d,1.480172038078308,1.9303808212280273,0.45020878314971924,0.45020878314971924
5,799,f1c604258275b85c18d7840a,1.559999942779541,1.5853443145751953,0.025344371795654297,0.025344371795654297
5,800,c6181b358106e8901fa96a0d,2.377878427505493,1.7069733142852783,-0.6709051132202148,0.6709051132202148
5,801,2b555c42d21cc409d7652b49,0.9800000190734863,1.3277114629745483,0.347711443901062,0.347711443901062
5,802,5bf49e22d32204b675e470d5,1.399999976158142,1.3363898992538452,-0.06361007690429688,0.06361007690429688
5,803,6f5250e65f27b281609d7c9a,0.6989700198173523,1.6213661432266235,0.9223961234092712,0.9223961234092712
5,804,d4834b3a07214b11b28fcc61,1.7000000476837158,1.4431328773498535,-0.2568671703338623,0.2568671703338623
5,805,6690c9cdb7432b4675e1aca2,2.069999933242798,1.5921931266784668,-0.47780680656433105,0.47780680656433105
5,806,958cdf33a4eec53c80e23d8a,1.148741602897644,0.9415582418441772,-0.2071833610534668,0.2071833610534668
5,807,2572de3de4327c485d1ca8f9,4.0809221267700195,4.124298572540283,0.04337644577026367,0.04337644577026367
5,808,c135724515e13448d782d189,2.559999942779541,0.605733335018158,-1.9542665481567383,1.9542665481567383
5,809,fce1a67372bbf34e6f030a10,1.6497520208358765,1.8727383613586426,0.2229863405227661,0.2229863405227661
5,810,58c56a8b32692b6fdc3b1642,2.25,2.2427260875701904,-0.00727391242980957,0.00727391242980957
5,811,893fb56f5d0251beb4b8cabf,3.2899672985076904,2.5326530933380127,-0.7573142051696777,0.7573142051696777
5,812,c2ff20b0cfea7d93c4b62ecc,1.909999966621399,1.1251137256622314,-0.7848862409591675,0.7848862409591675
5,813,e8e027e5844ade832509fc9b,1.2899999618530273,1.306410312652588,0.016410350799560547,0.016410350799560547
5,814,a224d9c6b3241ec457ab7d37,2.664207935333252,1.8330018520355225,-0.8312060832977295,0.8312060832977295
5,815,4d55c2b3b26549456ca12de1,2.8499999046325684,3.0177934169769287,0.16779351234436035,0.16779351234436035
5,816,2fa0a9ed9353102221458252,2.6600000858306885,2.738858461380005,0.0788583755493164,0.0788583755493164
5,817,45747069ec17ed088ddb764b,1.8300000429153442,1.6143478155136108,-0.2156522274017334,0.2156522274017334
5,818,2bcf341b08611e82b98bf534,4.452225208282471,3.3641788959503174,-1.0880463123321533,1.0880463123321533
5,819,c69bd6e7240447243c39c74f,0.3499999940395355,1.3785972595214844,1.0285972356796265,1.0285972356796265
5,820,5b096334f5cb16ca2df49b3a,1.350000023841858,1.5189235210418701,0.1689234972000122,0.1689234972000122
5,821,be917fa08f0ca863a0484a69,1.9100948572158813,2.890148639678955,0.9800537824630737,0.9800537824630737
5,822,f2b978e2d02dae81648992e2,0.029999999329447746,0.019224252551794052,-0.010775746777653694,0.010775746777653694
5,823,bff5aec39005ae6586f83bfc,2.9520764350891113,2.5788824558258057,-0.37319397926330566,0.37319397926330566
5,824,47521a74dbdfcd3cee84409a,0.5543180108070374,0.5563943982124329,0.002076387405395508,0.002076387405395508
5,825,291abeb4b41e87c8d03c1128,1.3565473556518555,1.5708366632461548,0.21428930759429932,0.21428930759429932
5,826,be864d91862b7280b3304c66,0.83366858959198,1.48774254322052,0.65407395362854,0.65407395362854
5,827,0d7c686b5ee8cdc9fb601913,0.6100000143051147,0.9730296730995178,0.3630296587944031,0.3630296587944031
5,828,b95dcf4a0da6a629fa58a31f,1.7799999713897705,0.6490896940231323,-1.1309102773666382,1.1309102773666382
5,829,6cd4fdbe8b2d396e71cb0b67,3.929962158203125,2.176990270614624,-1.752971887588501,1.752971887588501
5,830,85985dad3642b90781a47007,2.119999885559082,2.1230111122131348,0.0030112266540527344,0.0030112266540527344
5,831,335191b9189ddabd9d10c1d1,1.100000023841858,0.840460479259491,-0.25953954458236694,0.25953954458236694
5,832,4e1ef708bbde681de9787705,2.009999990463257,2.562324285507202,0.5523242950439453,0.5523242950439453
5,833,8f315c9d337a10e571725bd3,2.140000104904175,1.9521071910858154,-0.18789291381835938,0.18789291381835938
5,834,63f664568ac313a15205dcea,2.130768299102783,1.6155939102172852,-0.515174388885498,0.515174388885498
5,835,39af20392df834d7cab9ce0a,2.346787452697754,3.272200584411621,0.9254131317138672,0.9254131317138672
5,836,ca7b9368240691475a2fdd30,0.8500000238418579,1.225454568862915,0.37545454502105713,0.37545454502105713
5,837,c608e0ca6b3f2e90af47888b,2.630000114440918,1.6677860021591187,-0.9622141122817993,0.9622141122817993
5,838,f582e330b5ae47b96bcc1161,1.899999976158142,1.4673683643341064,-0.43263161182403564,0.43263161182403564
5,839,b4bb28e855986d1e47b97a1c,0.6800000071525574,0.1587369740009308,-0.5212630033493042,0.5212630033493042
5,840,cd6e9124134ccb70606b5ce8,2.75,2.930330276489258,0.1803302764892578,0.1803302764892578
5,841,42f9b3f70098b71ecdace0e5,0.8600000143051147,1.2332773208618164,0.37327730655670166,0.37327730655670166
5,842,8a1a35ba766eefea1a2adb0e,2.0999999046325684,2.335585594177246,0.23558568954467773,0.23558568954467773
5,843,376761ac9d89d775187ae755,1.649999976158142,1.7018014192581177,0.051801443099975586,0.051801443099975586
5,844,86d681bd765c1748ea93a209,2.509999990463257,1.620909571647644,-0.8890904188156128,0.8890904188156128
5,845,16a2c1e20f8c629a3281d7b8,2.2699999809265137,2.1016669273376465,-0.1683330535888672,0.1683330535888672
5,846,725ceecde7f6a16ff22c9f2b,0.019999999552965164,0.10834735631942749,0.08834736049175262,0.08834736049175262
5,847,3ad92a5024c1e9fe41687f86,1.6840296983718872,1.6525057554244995,-0.031523942947387695,0.031523942947387695
5,848,4713801da0e3895ead7e420c,1.9600000381469727,1.3065550327301025,-0.6534450054168701,0.6534450054168701
5,849,387e6786d0f23313b737d942,0.8500000238418579,0.43462225794792175,-0.41537776589393616,0.41537776589393616
5,850,9703d452e114d63396c0ed18,2.049999952316284,2.003802537918091,-0.04619741439819336,0.04619741439819336
5,851,48757f94370552ca1e4c87e4,1.5499999523162842,1.8893804550170898,0.33938050270080566,0.33938050270080566
5,852,29621a1e438ef446abafdfff,1.75,1.649430274963379,-0.1005697250366211,0.1005697250366211
5,853,c6d24335fa11514a9850f1d7,0.7600130438804626,1.3952336311340332,0.6352205872535706,0.6352205872535706
5,854,66144cd7e8d28b57d67bbd83,0.8700000047683716,1.6345911026000977,0.7645910978317261,0.7645910978317261
5,855,19d66d3ac41147ff5b711475,1.9299999475479126,1.715301513671875,-0.2146984338760376,0.2146984338760376
5,856,7f350e6e669cd255e99b600e,3.509999990463257,3.5992538928985596,0.08925390243530273,0.08925390243530273
5,857,ec316e08280f5ffb854a333c,3.75,3.444424629211426,-0.3055753707885742,0.3055753707885742
5,858,69570b37c36b2c9420685a45,3.045757532119751,2.801173448562622,-0.2445840835571289,0.2445840835571289
5,859,b44d692fc7e071fb3acc4ca0,1.8600000143051147,1.4790825843811035,-0.38091742992401123,0.38091742992401123
5,860,9c71d86b5ca5f0349c09cc49,1.190000057220459,1.0442144870758057,-0.14578557014465332,0.14578557014465332
5,861,9954d26c7fb5a7447537966f,3.211831569671631,2.764317512512207,-0.44751405715942383,0.44751405715942383
5,862,83abbe763dacaa0bed56afeb,2.4600000381469727,1.8507908582687378,-0.6092091798782349,0.6092091798782349
5,863,e935bd017461826c594a5624,1.9244530200958252,0.8949534296989441,-1.0294995307922363,1.0294995307922363
5,864,18689529c55a3dde39f2b51d,4.318758964538574,3.7346723079681396,-0.5840866565704346,0.5840866565704346
5,865,4381566e98db52b5052e3130,1.0099999904632568,1.224543571472168,0.21454358100891113,0.21454358100891113
5,866,7eccc8e8d50ba9017adc6449,4.0,3.9475066661834717,-0.05249333381652832,0.05249333381652832
5,867,65c8d7658894834405d3a911,1.1791419982910156,1.124691367149353,-0.0544506311416626,0.0544506311416626
5,868,19ebba89c44824188762b1c2,4.408935546875,1.8035048246383667,-2.6054306030273438,2.6054306030273438
5,869,7b76cae1b882ca313058f760,1.2000000476837158,1.662886381149292,0.46288633346557617,0.46288633346557617
5,870,15147f7ce72063e10340b0d2,0.30000001192092896,1.3153679370880127,1.0153679847717285,1.0153679847717285
5,871,f5742109180c053dd18a0467,1.4700000286102295,1.4267938137054443,-0.043206214904785156,0.043206214904785156
5,872,e9f8056b2571c5d2240fd049,2.0199999809265137,2.0744788646698,0.05447888374328613,0.05447888374328613
5,873,5807e23b1463dd4ae1666f6a,1.4600000381469727,1.9414454698562622,0.48144543170928955,0.48144543170928955
5,874,dcdcabd882be2a9e851b8a37,0.8799999952316284,0.8980055451393127,0.018005549907684326,0.018005549907684326
5,875,cb22d12a97b6a5d25db04dd6,2.309999942779541,1.3670954704284668,-0.9429044723510742,0.9429044723510742
5,876,3254f00cc9a4a04e8182848c,2.2100000381469727,2.657777786254883,0.44777774810791016,0.44777774810791016
5,877,e71b87412c2a7275da54ae4c,0.5,0.9538150429725647,0.4538150429725647,0.4538150429725647
5,878,499fa75494ef47f323509a03,2.1500000953674316,1.8251631259918213,-0.32483696937561035,0.32483696937561035
5,879,9dae14af1d21c20bd3dc7553,1.0199999809265137,1.0184698104858398,-0.0015301704406738281,0.0015301704406738281
5,880,7288602c311ac3805c595c66,4.0,3.9301812648773193,-0.06981873512268066,0.06981873512268066
5,881,e8b0b4084c0cee3d94d0bd03,4.585026741027832,3.994710683822632,-0.5903160572052002,0.5903160572052002
5,882,d9fc6c31a90dd46c99eb09d9,1.4151333570480347,1.3734819889068604,-0.041651368141174316,0.041651368141174316
5,883,60718e161c77a757372356f3,4.443697452545166,3.460644483566284,-0.9830529689788818,0.9830529689788818
5,884,9ba0081a6013540c3d9f0ff9,2.3499999046325684,3.272200584411621,0.9222006797790527,0.9222006797790527
5,885,7d0d68ca9c4207bc639ab3e1,2.6382720470428467,2.1564438343048096,-0.4818282127380371,0.4818282127380371
5,886,e81be3ca4526f04ca0e35efb,0.4288737177848816,0.9373779892921448,0.5085042715072632,0.5085042715072632
5,887,7d4947cf3738892e95c9ea24,3.886056661605835,4.1407880783081055,0.2547314167022705,0.2547314167022705
5,888,2ecb18193d768957f9dafcdc,1.1799999475479126,1.5744519233703613,0.39445197582244873,0.39445197582244873
5,889,7eeaf3101d0c6f60cb25a704,1.2999999523162842,0.1835901141166687,-1.1164097785949707,1.1164097785949707
5,890,411df053935495e04433c39e,1.059999942779541,1.543480396270752,0.48348045349121094,0.48348045349121094
5,891,a75e1ffa95d2ea91ae0e96d1,3.096909999847412,2.6449501514434814,-0.45195984840393066,0.45195984840393066
5,892,a73f993c9cd3a2c9bdbdafba,1.9600000381469727,2.4799463748931885,0.5199463367462158,0.5199463367462158
5,893,27dfd79b090df7b1a40a7611,2.1500000953674316,1.4918999671936035,-0.6581001281738281,0.6581001281738281
5,894,a9cff8120b0c64a2b0d69b27,1.1299999952316284,1.1222169399261475,-0.007783055305480957,0.007783055305480957
5,895,7978d3800a11bb4de7fa317e,0.9900000095367432,2.011234998703003,1.0212349891662598,1.0212349891662598
5,896,7b7cacc9d0cf9fc71640d4b6,1.1699999570846558,1.1886334419250488,0.018633484840393066,0.018633484840393066
5,897,d2dcaf92034547f0ca40b37f,2.3372421264648438,2.2516705989837646,-0.0855715274810791,0.0855715274810791
5,898,f4f9f9a8864301bf29d9e346,1.3872160911560059,0.7061925530433655,-0.6810235381126404,0.6810235381126404
5,899,24edbd235cf3152d42934532,3.0900163650512695,2.9582788944244385,-0.13173747062683105,0.13173747062683105
5,900,4944ffb96ecd68f667850aec,1.8468947410583496,1.5708366632461548,-0.2760580778121948,0.2760580778121948
5,901,ecd9a7ccac7887b6431fc888,2.1700000762939453,1.6385583877563477,-0.5314416885375977,0.5314416885375977
5,902,a3d8da46af088f22291b69e0,0.5850266814231873,0.5213263630867004,-0.06370031833648682,0.06370031833648682
5,903,a51eb9d35ebf42a374618d70,5.209996700286865,4.596792697906494,-0.6132040023803711,0.6132040023803711
5,904,b01db46e4177bb731f69d8f1,1.5199999809265137,1.3814738988876343,-0.1385260820388794,0.1385260820388794
5,905,b7f5705e3e3af23f81e0d186,2.799999952316284,0.7972967028617859,-2.0027031898498535,2.0027031898498535
5,906,94ce2d417f5f77ba9470f9e8,0.23000000417232513,0.690362274646759,0.4603622555732727,0.4603622555732727
5,907,ae2988ab368e1d05641cfd70,2.309999942779541,1.80018150806427,-0.509818434715271,0.509818434715271
5,908,613749d81156ed20b235c339,3.293370485305786,1.7895954847335815,-1.5037750005722046,1.5037750005722046
5,909,e71585ae15c0656168c6cc2f,0.7300000190734863,0.6382856369018555,-0.09171438217163086,0.09171438217163086
5,910,790abec306a057fa4dd45296,3.059999942779541,2.4599883556365967,-0.6000115871429443,0.6000115871429443
5,911,fc31a8b6c84d3e010943b9d1,1.0299999713897705,0.7824832797050476,-0.2475166916847229,0.2475166916847229
5,912,f5a2102928f9695fcb049fe3,1.6200000047683716,1.5829612016677856,-0.03703880310058594,0.03703880310058594
5,913,3a07fae7a67b89cccb484a76,0.18000000715255737,0.44896039366722107,0.2689603865146637,0.2689603865146637
5,914,ecdb678dd8c921f44e20b53a,0.18000000715255737,1.1068694591522217,0.9268694519996643,0.9268694519996643
5,915,18ff18da122362ded7b91567,1.440000057220459,1.6367756128311157,0.19677555561065674,0.19677555561065674
5,916,95c68d2f945ea6d6c518e789,2.346787452697754,2.259077548980713,-0.08770990371704102,0.08770990371704102
5,917,6a9254f0d7236281f35722ce,1.6100000143051147,1.4914606809616089,-0.11853933334350586,0.11853933334350586
5,918,0afbcb60e267e569e5bace5d,1.2999999523162842,0.9813380837440491,-0.3186618685722351,0.3186618685722351
5,919,3dab2bcfe1f664f3ed442041,1.5099999904632568,1.769497036933899,0.2594970464706421,0.2594970464706421
5,920,85ce5f1b75dc317aa3db668f,1.059999942779541,0.9769001603126526,-0.08309978246688843,0.08309978246688843
5,921,fb080a735e8e0a1ec39a9402,2.4202163219451904,2.9956977367401123,0.5754814147949219,0.5754814147949219
5,922,4a09a6bc9b4620a718b7ca7e,2.0999999046325684,2.0929770469665527,-0.007022857666015625,0.007022857666015625
5,923,836025bf9033107707cf47d5,0.8674201369285583,1.962920904159546,1.0955007076263428,1.0955007076263428
5,924,e458284a0af4695caa21adc0,1.5299999713897705,1.515106439590454,-0.014893531799316406,0.014893531799316406
5,925,1520546a0e32a1d96d55ec53,2.0799999237060547,1.8678431510925293,-0.2121567726135254,0.2121567726135254
5,926,ddadbf77de5306803937900f,2.379641056060791,1.8975601196289062,-0.48208093643188477,0.48208093643188477
5,927,255487838beb2f18dcb5c3b6,4.853871822357178,3.9256675243377686,-0.9282042980194092,0.9282042980194092
5,928,3c661bb0be1050cfe5d8d0db,2.509999990463257,1.8320083618164062,-0.6779916286468506,0.6779916286468506
5,929,2df8225a207513ee14437c96,2.109999895095825,1.8887624740600586,-0.2212374210357666,0.2212374210357666
5,930,27de94811dea5a5804edd484,2.4993977546691895,1.4626476764678955,-1.036750078201294,1.036750078201294
5,931,86e3e5ad3e5df71f6ec17ebb,1.4900000095367432,2.1886627674102783,0.6986627578735352,0.6986627578735352
5,932,d5aebf04c9735c555c83fc6b,2.3399999141693115,1.7746005058288574,-0.5653994083404541,0.5653994083404541
5,933,6c720945f41d4c3a6ae81713,1.5299999713897705,1.4930946826934814,-0.03690528869628906,0.03690528869628906
5,934,71030b083ba3047d8f3f3f42,1.1799999475479126,0.8658157587051392,-0.31418418884277344,0.31418418884277344
5,935,b235691c1fb263b82cdf89ff,1.6575772762298584,1.719840407371521,0.0622631311416626,0.0622631311416626
5,936,64a2b57ae815cf9ceaa24f1d,1.2599999904632568,1.3505580425262451,0.09055805206298828,0.09055805206298828
5,937,a8580a741eb48bd23bbba909,2.0999999046325684,1.6668264865875244,-0.43317341804504395,0.43317341804504395
5,938,8bbe399e8be2463b650048a4,1.340000033378601,0.5037168860435486,-0.8362831473350525,0.8362831473350525
5,939,033e36621b41a63c20b413b0,4.11539363861084,3.8441812992095947,-0.2712123394012451,0.2712123394012451
5,940,6e738457df166f25c92273c2,1.8300000429153442,1.2318834066390991,-0.5981166362762451,0.5981166362762451
5,941,5628a2c3911ed00208be48cd,1.8300000429153442,1.5615861415863037,-0.2684139013290405,0.2684139013290405
5,942,93af897537136c87452fe04a,1.0700000524520874,0.9611619114875793,-0.10883814096450806,0.10883814096450806
5,943,5b4ac0f050c8023da74be597,3.0222764015197754,3.44396710395813,0.4216907024383545,0.4216907024383545
5,944,c1f393cf397387250431c273,4.2132487297058105,3.6071083545684814,-0.6061403751373291,0.6061403751373291
5,945,05d0ea3253642b680a0da54b,0.9507820010185242,0.5853590369224548,-0.36542296409606934,0.36542296409606934
5,946,50bf1728ff63647970698822,2.314258337020874,1.9086614847183228,-0.40559685230255127,0.40559685230255127
5,947,3afa4ccf8c530025aee572dd,1.559999942779541,2.013836622238159,0.45383667945861816,0.45383667945861816
5,948,24faf8bba2d7bfec82de5df5,0.8299999833106995,1.054382085800171,0.22438210248947144,0.22438210248947144
5,949,b00cb3a5eabaacd6dc19ea3a,2.698970079421997,3.640341281890869,0.9413712024688721,0.9413712024688721
5,950,de574b664bac39c2236c5301,2.1500000953674316,1.880453109741211,-0.2695469856262207,0.2695469856262207
5,951,2743334b137734fbd497184b,1.0123337507247925,2.4186508655548096,1.406317114830017,1.406317114830017
5,952,eb42c41392ec5fa37ba3f732,2.130000114440918,1.8907711505889893,-0.2392289638519287,0.2392289638519287
5,953,96ed1f376c1b9dc8f2b1b269,2.0799999237060547,2.1849682331085205,0.10496830940246582,0.10496830940246582
5,954,5c311d49a09ddd1ab36a1fdd,1.443697452545166,1.7351820468902588,0.2914845943450928,0.2914845943450928
5,955,54c46a09aac59445167d8f0c,1.2799999713897705,1.4584699869155884,0.17847001552581787,0.17847001552581787
5,956,dbe34fc5f10ee50968941966,1.399999976158142,0.773466944694519,-0.626533031463623,0.626533031463623
5,957,c827a807e3aeeaabc36bae1d,0.36000001430511475,0.8931775689125061,0.5331775546073914,0.5331775546073914
5,958,17ee6ff892de622b10d7b100,1.6699999570846558,1.6691884994506836,-0.000811457633972168,0.000811457633972168
5,959,1ce8685ac45409c9795d64d6,2.430000066757202,3.2412679195404053,0.8112678527832031,0.8112678527832031
5,960,7e1b1ddde6ad7cc73e6ba5c3,4.193819999694824,3.9836323261260986,-0.21018767356872559,0.21018767356872559
5,961,fcbae41d2abd1604630bffde,2.408935308456421,2.817795515060425,0.4088602066040039,0.4088602066040039
5,962,d3c3e527af77eda0f3f06e5d,1.148741602897644,0.9415582418441772,-0.2071833610534668,0.2071833610534668
5,963,e3b35313e23b6d138ce34032,2.200000047683716,2.5561063289642334,0.3561062812805176,0.3561062812805176
5,964,e47c402c704d7b7569886e15,3.0900163650512695,2.526224374771118,-0.5637919902801514,0.5637919902801514
5,965,934154627eff29bdadb5dd5d,1.4299999475479126,0.7909196019172668,-0.6390803456306458,0.6390803456306458
5,966,e1e9288ab43c56b53acc6952,0.8239087462425232,0.7820910811424255,-0.041817665100097656,0.041817665100097656
5,967,c5e0f946a51502eb84d5495f,3.101823568344116,2.907589912414551,-0.19423365592956543,0.19423365592956543
5,968,e9ae2fbb0f9137eef5fabdf9,0.8700000047683716,0.8505626916885376,-0.019437313079833984,0.019437313079833984
5,969,141aa874790549eb35ffea26,4.036211967468262,3.799142599105835,-0.23706936836242676,0.23706936836242676
5,970,f8d7b86843cd5f18d55bd63d,2.4321506023406982,1.489297866821289,-0.9428527355194092,0.9428527355194092
5,971,e5fc130288cdb07696d5e101,1.940000057220459,1.5928325653076172,-0.3471674919128418,0.3471674919128418
5,972,74f13984551e0313ddc6d905,1.9299999475479126,2.233429193496704,0.3034292459487915,0.3034292459487915
5,973,90a80ead03920449eedb62d6,3.2799999713897705,1.6241538524627686,-1.655846118927002,1.655846118927002
5,974,17d0968c4f2f2325a2de318e,0.3700000047683716,0.7922613024711609,0.4222612977027893,0.4222612977027893
5,975,92cf5dea43360368f0c734ab,2.4700000286102295,2.401296854019165,-0.06870317459106445,0.06870317459106445
5,976,9e1935a9dd21be377a760bf5,0.20102083683013916,0.5817274451255798,0.3807066082954407,0.3807066082954407
5,977,caf463d585a2e89b154ded64,1.5499999523162842,0.5730220675468445,-0.9769778847694397,0.9769778847694397
5,978,3e5ca55dd9b19b471eff5435,1.2899999618530273,1.7390515804290771,0.4490516185760498,0.4490516185760498
5,979,331c1c3b10e47b1d730d5efb,2.7300000190734863,0.5405542254447937,-2.189445734024048,2.189445734024048
5,980,c91f3b57daad2bdd8082294a,1.3300000429153442,1.4592523574829102,0.12925231456756592,0.12925231456756592
5,981,d59b77aa730a8dcb931e672a,0.7200000286102295,0.9991453289985657,0.2791453003883362,0.2791453003883362
5,982,e0420564df8c123858f953e4,2.8728952407836914,1.7661890983581543,-1.106706142425537,1.106706142425537
5,983,e67b5fbd3f0aa8c27f2ccb3e,1.3872160911560059,0.7061925530433655,-0.6810235381126404,0.6810235381126404
5,984,8ce5ad44326eccf9256d0282,1.8300000429153442,0.6993791460990906,-1.1306209564208984,1.1306209564208984
5,985,8d5137546cab165d72eb197a,1.4900000095367432,0.9872512221336365,-0.5027487874031067,0.5027487874031067
5,986,709ece9f9f64eeb21b655647,0.4223933219909668,0.3615446388721466,-0.06084868311882019,0.06084868311882019
5,987,8666899a41e61597ea3d3bce,1.9500000476837158,1.5373847484588623,-0.4126152992248535,0.4126152992248535
5,988,7fefa18ed3521fe81032d5c0,1.2596373558044434,2.858381986618042,1.5987446308135986,1.5987446308135986
5,989,bbd713c8ec22a4641b74732c,1.9393022060394287,1.4788473844528198,-0.4604548215866089,0.4604548215866089
5,990,3bbbbd8f5c835360df267bb5,3.609999895095825,2.051725149154663,-1.558274745941162,1.558274745941162
5,991,cdef191d4b844e958eed770f,0.6800000071525574,0.7939385771751404,0.11393857002258301,0.11393857002258301
5,992,3a833e2cf24665914b8c7aef,2.494849920272827,1.6293084621429443,-0.8655414581298828,0.8655414581298828
5,993,17f7bd2a48de40bb976bae6e,2.508638381958008,1.8185511827468872,-0.6900871992111206,0.6900871992111206
5,994,7dcbce3c188c127bac61ef8f,4.443697452545166,3.6317756175994873,-0.8119218349456787,0.8119218349456787
5,995,b113e156d0130f7835215a50,0.9253904223442078,0.9594278931617737,0.03403747081756592,0.03403747081756592
5,996,fb3296ff4c6a44da27cae1d6,1.8996294736862183,2.1802871227264404,0.28065764904022217,0.28065764904022217
5,997,632e3f6620cc90cd4ab8aa3b,0.36000001430511475,0.482669860124588,0.12266984581947327,0.12266984581947327
5,998,ec67353557acc09df401db89,1.0299999713897705,0.7924625277519226,-0.2375374436378479,0.2375374436378479
5,999,37be900cc437f4f1116c02ea,1.1511871814727783,1.796077013015747,0.6448898315429688,0.6448898315429688
5,1000,6c11899405e65264651f7be2,2.4700000286102295,1.6304274797439575,-0.839572548866272,0.839572548866272
5,1001,a3de476d79c66f6619146d76,3.574031352996826,3.1383016109466553,-0.4357297420501709,0.4357297420501709
5,1002,01cde98786e547adff520db5,1.8996294736862183,2.255767345428467,0.35613787174224854,0.35613787174224854
5,1003,0a84985136fbc33d9991a6bc,3.7695510387420654,3.7569501399993896,-0.012600898742675781,0.012600898742675781
5,1004,d7dfe095ad692ed733730bf9,2.1045775413513184,1.875767469406128,-0.22881007194519043,0.22881007194519043
5,1005,2c75843a2fb89960fcc20447,3.72296404838562,3.239659547805786,-0.483304500579834,0.483304500579834
5,1006,1ce7d4820cdaecb2af8148d8,4.251811981201172,3.6796302795410156,-0.5721817016601562,0.5721817016601562
5,1007,f60fba680fa2f094bd1e956e,2.109999895095825,2.08648419380188,-0.023515701293945312,0.023515701293945312
5,1008,fd4dbc107442c50718006f50,2.311580181121826,1.7398583889007568,-0.5717217922210693,0.5717217922210693
5,1009,972a0108cfa0bf50cbbf93cc,0.30000001192092896,1.3334012031555176,1.0334012508392334,1.0334012508392334
5,1010,e40238ec25351034c4b063e3,3.397939920425415,2.8103766441345215,-0.5875632762908936,0.5875632762908936
5,1011,a8b333c0afe5d8f369086f37,0.6989700198173523,1.6018924713134766,0.9029224514961243,0.9029224514961243
5,1012,2d107ddf3a3e7aca42f6858c,4.2441253662109375,3.5540761947631836,-0.6900491714477539,0.6900491714477539
5,1013,946fa7bd99b1dd493bdf194d,1.7400000095367432,1.3860769271850586,-0.35392308235168457,0.35392308235168457
5,1014,8bdb9e27b21b3ba7d9ff62cb,0.5699999928474426,0.8977723121643066,0.327772319316864,0.327772319316864
5,1015,962fa74e519d0f5a6fdd5662,1.8538719415664673,1.2618374824523926,-0.5920344591140747,0.5920344591140747
5,1016,b472350eab7baae6c58f6179,3.9601893424987793,2.445556640625,-1.5146327018737793,1.5146327018737793
5,1017,6291a3b345d8fbe3a4c05caa,0.8239087462425232,0.7820910811424255,-0.041817665100097656,0.041817665100097656
5,1018,24a6e1b9ccfbb3bbda192ced,1.0,1.284563660621643,0.28456366062164307,0.28456366062164307
5,1019,6b415050025de7ff7857dbfe,4.778151035308838,2.5195395946502686,-2.2586114406585693,2.2586114406585693
5,1020,93d0dad0e536474806bf36d2,1.690000057220459,1.3362643718719482,-0.35373568534851074,0.35373568534851074
5,1021,82088581756a0ea078f655b8,0.5899999737739563,1.0506889820098877,0.4606890082359314,0.4606890082359314
5,1022,4c806cfca45e007fbb7969f0,0.6499999761581421,0.7515122294425964,0.10151225328445435,0.10151225328445435
5,1023,575a2e8adfa25c6b88a019f4,2.1999707221984863,1.8687317371368408,-0.3312389850616455,0.3312389850616455
5,1024,2e1cb6884ac457e7ecca21f1,2.3499999046325684,2.598498821258545,0.24849891662597656,0.24849891662597656
5,1025,726a7e993c1372744158ddcd,1.4500000476837158,1.590345859527588,0.14034581184387207,0.14034581184387207
5,1026,57da14fa50dc9ca8fe2faa8d,0.9599999785423279,1.127366542816162,0.16736656427383423,0.16736656427383423
5,1027,b15181bd392f4b31c45480b5,2.4164233207702637,1.8114093542099,-0.6050139665603638,0.6050139665603638
5,1028,12c585a6a43e373c8a1345b6,2.7300000190734863,0.6517724394798279,-2.0782275199890137,2.0782275199890137
5,1029,0e1d0c1cb218347fb513b6c8,4.179995536804199,3.34482479095459,-0.8351707458496094,0.8351707458496094
5,1030,494a6150002472eca0b3da97,2.32790207862854,2.7195513248443604,0.3916492462158203,0.3916492462158203
5,1031,ad8652d249ef57c42166e517,3.698970079421997,3.284494161605835,-0.4144759178161621,0.4144759178161621
5,1032,4b88496b79013949049ded15,3.454692840576172,3.2109861373901367,-0.24370670318603516,0.24370670318603516
5,1033,ddc50e02ce5aebaa882b8203,-0.8129133582115173,1.8637763261795044,2.676689624786377,2.676689624786377
5,1034,db6357744d41bb76f786be78,4.036211967468262,3.5133421421051025,-0.5228698253631592,0.5228698253631592
5,1035,d7b9c0cbac6976c828eee23d,2.6382720470428467,2.1564438343048096,-0.4818282127380371,0.4818282127380371
5,1036,1fd180bac65eeadaf8b9b244,0.7699999809265137,0.9165180921554565,0.14651811122894287,0.14651811122894287
5,1037,8de8b11a7db6ebc637053713,4.275723934173584,2.41557240486145,-1.8601515293121338,1.8601515293121338
5,1038,78cff929e4df072921cb30fb,1.9900000095367432,2.182271718978882,0.19227170944213867,0.19227170944213867
5,1039,79cb0b7f4120c8ca20903010,1.9700000286102295,2.130990743637085,0.16099071502685547,0.16099071502685547
5,1040,c125710180cc8038b12ca8e7,1.5406075716018677,1.426905870437622,-0.1137017011642456,0.1137017011642456
5,1041,b9871e0b3d9762a3cb7250d6,2.0799999237060547,2.3988163471221924,0.3188164234161377,0.3188164234161377
5,1042,83eba4c3b835b1517f530c2b,1.840000033378601,1.417465090751648,-0.4225349426269531,0.4225349426269531
5,1043,6a0bdc1dcebe641d32d704a1,2.919316053390503,2.518968343734741,-0.4003477096557617,0.4003477096557617
5,1044,6019412aa8e6d6aa688bcb51,0.3799999952316284,1.3581576347351074,0.978157639503479,0.978157639503479
5,1045,62fa831e6acad3ea837a7565,1.5199999809265137,1.0036402940750122,-0.5163596868515015,0.5163596868515015
5,1046,345679ea916f2362217e5a3a,3.4762535095214844,3.679429292678833,0.20317578315734863,0.20317578315734863
5,1047,914d01e7c54e23e7af11746f,2.559999942779541,1.8526840209960938,-0.7073159217834473,0.7073159217834473
5,1048,4b1eea30be914c13a412292a,1.190000057220459,1.0893123149871826,-0.10068774223327637,0.10068774223327637
5,1049,5684d407eeab66378c2bb46c,1.059999942779541,1.6282539367675781,0.5682539939880371,0.5682539939880371
5,1050,88e95263ea343bcf1897cda7,1.0499999523162842,0.8717905879020691,-0.1782093644142151,0.1782093644142151
5,1051,8d43a90c8911f03a5474fbba,1.8600000143051147,1.789841890335083,-0.07015812397003174,0.07015812397003174
5,1052,16558c7dd3adb855af786d76,2.596879482269287,3.1406919956207275,0.5438125133514404,0.5438125133514404
5,1053,8c1b72e43bd4470868fe15c5,1.9299999475479126,1.7388972043991089,-0.1911027431488037,0.1911027431488037
5,1054,2acbbb72f657c2cc77d25955,0.1899999976158142,1.4686322212219238,1.2786321640014648,1.2786321640014648
5,1055,9ce1b47a0f7835811c48a4fe,3.101823568344116,2.907589912414551,-0.19423365592956543,0.19423365592956543
5,1056,d6538f2a9f9432befe464c1c,2.0879552364349365,2.171823740005493,0.08386850357055664,0.08386850357055664
5,1057,71521197eaf71fa22a9dabf2,2.187086582183838,1.998042106628418,-0.18904447555541992,0.18904447555541992
5,1058,dbd42315fd6092712dd96fae,1.5399999618530273,1.356487512588501,-0.18351244926452637,0.18351244926452637
5,1059,2eec2aa28d6c40d9e0d63d61,1.059999942779541,1.3349108695983887,0.27491092681884766,0.27491092681884766
5,1060,77a92251c04ad0644a017065,2.3499999046325684,2.1080687046051025,-0.24193120002746582,0.24193120002746582
5,1061,8c2d983729e899c6248ee11b,0.8538719415664673,1.8480961322784424,0.9942241907119751,0.9942241907119751
5,1062,04f4ee3ebfb4cb0ee1f49637,4.318758964538574,4.020423889160156,-0.29833507537841797,0.29833507537841797
5,1063,b4ac85cf22cec270f037c466,1.0700000524520874,1.0210357904434204,-0.04896426200866699,0.04896426200866699
5,1064,a0f23fb0a7f3096b748e1eea,1.9200233221054077,1.5269414186477661,-0.3930819034576416,0.3930819034576416
5,1065,f00d1d6efc8dbe1ae730835e,2.7735400199890137,2.47489333152771,-0.2986466884613037,0.2986466884613037
5,1066,81d22625e323f124a0ee7732,3.966576337814331,3.8185174465179443,-0.14805889129638672,0.14805889129638672
5,1067,b2f392296052076a1e366833,0.11999999731779099,0.5299249291419983,0.4099249243736267,0.4099249243736267
5,1068,7d4fe20817809365bdbb69f1,2.240000009536743,1.8335561752319336,-0.40644383430480957,0.40644383430480957
5,1069,528b5aeb07a66fa2ead5d62a,0.47999998927116394,0.18053804337978363,-0.2994619607925415,0.2994619607925415
5,1070,caf619b6b10acc5e8a2afb4d,1.0307401418685913,1.9004898071289062,0.8697496652603149,0.8697496652603149
5,1071,0db7719888f1b9ef0a8e4e2c,1.399999976158142,1.1951563358306885,-0.2048436403274536,0.2048436403274536
5,1072,78f6514e109a1af93833460e,1.6020599603652954,1.2046360969543457,-0.3974238634109497,0.3974238634109497
5,1073,f512852dc020435dbda6d7f9,2.9102911949157715,2.6739003658294678,-0.2363908290863037,0.2363908290863037
5,1074,fa5d7f7d021c6218de409610,1.1549019813537598,1.1829099655151367,0.028007984161376953,0.028007984161376953
5,1075,35dfb81603dabd58eaf07d81,0.9200000166893005,1.2189699411392212,0.29896992444992065,0.29896992444992065
5,1076,eb2202855bd4e05500e1e794,2.049999952316284,1.8068956136703491,-0.24310433864593506,0.24310433864593506
5,1077,5f767a9296e2283c6f7acb0d,3.7081518173217773,3.2570996284484863,-0.451052188873291,0.451052188873291
5,1078,1975c6dba18bfa380301f17c,0.2800000011920929,1.1210213899612427,0.8410214185714722,0.8410214185714722
5,1079,d60edca848e2f858053f0201,1.0099999904632568,1.127856731414795,0.11785674095153809,0.11785674095153809
5,1080,a9b254faa1cd46f0dd13b11f,3.211831569671631,2.764317512512207,-0.44751405715942383,0.44751405715942383
5,1081,2283820fba8f406fbf09516f,0.8500000238418579,0.7093027234077454,-0.14069730043411255,0.14069730043411255
5,1082,bceee207b5e1789a9a491d5d,1.497572898864746,1.9990479946136475,0.5014750957489014,0.5014750957489014
5,1083,5a6e1690ce206351ec5dfc17,2.130000114440918,1.4516379833221436,-0.6783621311187744,0.6783621311187744
5,1084,0dc33769001a6448086a6a08,4.187086582183838,3.7435989379882812,-0.44348764419555664,0.44348764419555664
5,1085,1e99bc8fc008f1f60f7edf16,2.200000047683716,2.3380863666534424,0.13808631896972656,0.13808631896972656
5,1086,badf0c61d7a056d25f79eb38,3.630000114440918,3.4586172103881836,-0.17138290405273438,0.17138290405273438
5,1087,b9a2447caccd8a17bfbd0af2,0.0969100147485733,1.324375033378601,1.227465033531189,1.227465033531189
5,1088,107035eb2f4fce93a26e08ef,0.4282911717891693,0.4640674293041229,0.03577625751495361,0.03577625751495361
