run,source_row,sample_id,y_true,y_pred,error,abs_error
1,0,042e0daffe52424ae0a34c1e,2.009999990463257,1.5248737335205078,-0.485126256942749,0.485126256942749
1,1,7288602c311ac3805c595c66,4.0,4.111001491546631,0.11100149154663086,0.11100149154663086
1,2,22dda5330b1a6a57c149691f,1.4500000476837158,1.448903203010559,-0.0010968446731567383,0.0010968446731567383
1,3,560d8530886bb6eb8eecaa36,2.75,2.105675220489502,-0.644324779510498,0.644324779510498
1,4,1db07f6f01918b271646ce3d,3.795880079269409,3.8273684978485107,0.03148841857910156,0.03148841857910156
1,5,e8b0b4084c0cee3d94d0bd03,4.585026741027832,4.3079094886779785,-0.2771172523498535,0.2771172523498535
1,6,fa33ebca9321c048c1c7d085,1.2100000381469727,1.5179429054260254,0.30794286727905273,0.30794286727905273
1,7,d9fc6c31a90dd46c99eb09d9,1.4151333570480347,1.6703537702560425,0.2552204132080078,0.2552204132080078
1,8,30cb32b0cb4fcddaf2b6e598,4.524328708648682,2.9073069095611572,-1.6170217990875244,1.6170217990875244
1,9,11c3517241c01b71a99050cd,2.583359479904175,2.4719955921173096,-0.11136388778686523,0.11136388778686523
1,10,60718e161c77a757372356f3,4.443697452545166,3.99821400642395,-0.4454834461212158,0.4454834461212158
1,11,786b1f1c7b13afd0603207fb,0.5899999737739563,0.5697361826896667,-0.02026379108428955,0.02026379108428955
1,12,a3c1a3bfeb182631996c6c7b,0.5951662659645081,1.545184850692749,0.950018584728241,0.950018584728241
1,13,9d64406d5bacd57febd56c0d,4.2500319480896,4.189761161804199,-0.06027078628540039,0.06027078628540039
1,14,d7349dfd1a8595342c67d580,0.7200000286102295,1.2840383052825928,0.5640382766723633,0.5640382766723633
1,15,9ba0081a6013540c3d9f0ff9,2.3499999046325684,3.340583086013794,0.9905831813812256,0.9905831813812256
1,16,56971881b1de135b0cf7aa90,3.9586071968078613,3.216552257537842,-0.7420549392700195,0.7420549392700195
1,17,d1c2b1812ba56f894d03e326,2.3216638565063477,2.0984299182891846,-0.22323393821716309,0.22323393821716309
1,18,7d0d68ca9c4207bc639ab3e1,2.6382720470428467,2.1734113693237305,-0.4648606777191162,0.4648606777191162
1,19,b3c536dd5b50cf478ec78b59,1.840000033378601,1.6625678539276123,-0.17743217945098877,0.17743217945098877
1,20,98fd0a11a5dc577be190f153,2.0199999809265137,1.8424556255340576,-0.17754435539245605,0.17754435539245605
1,21,fc2c80a57fa157fab2f0ebef,0.7695510983467102,1.0021648406982422,0.23261374235153198,0.23261374235153198
1,22,3a32c0dcbbd3783e7d03dbf7,1.409999966621399,1.4068870544433594,-0.0031129121780395508,0.0031129121780395508
1,23,01b2f4eb4caf2c46e988a968,2.562685489654541,2.6262176036834717,0.06353211402893066,0.06353211402893066
1,24,560ddede1b388cbfad38678e,0.9200000166893005,1.2300187349319458,0.31001871824264526,0.31001871824264526
1,25,39b98ba8462352492150ec79,0.7799999713897705,0.6800724864006042,-0.09992748498916626,0.09992748498916626
1,26,59aa53e91ff52125a693a78a,2.190000057220459,2.273737668991089,0.08373761177062988,0.08373761177062988
1,27,1ec2decebced7a26203d1f65,-0.12057393044233322,1.7219586372375488,1.8425325155258179,1.8425325155258179
1,28,8ec07b20cefff52623066eac,1.9600000381469727,2.2595980167388916,0.29959797859191895,0.29959797859191895
1,29,a1e0f91160249af82cf7c371,1.1100000143051147,1.0766150951385498,-0.03338491916656494,0.03338491916656494
1,30,aea0d6a5d13315a31c738d18,1.5466816425323486,0.9994125962257385,-0.5472690463066101,0.5472690463066101
1,31,e81be3ca4526f04ca0e35efb,0.4288737177848816,1.1342005729675293,0.7053268551826477,0.7053268551826477
1,32,97cd472de7747a296f9ba286,4.599999904632568,4.682249546051025,0.08224964141845703,0.08224964141845703
1,33,4facacf42b56b5dfffffa10f,1.3036435842514038,1.259953260421753,-0.04369032382965088,0.04369032382965088
1,34,5e1012d05f4746a40aa3dbbe,1.6020599603652954,1.7065826654434204,0.104522705078125,0.104522705078125
1,35,6d52d4e8c7609157a1005c81,3.2600324153900146,3.3713834285736084,0.11135101318359375,0.11135101318359375
1,36,a52c304b2cc8b537a80019d6,3.7647507190704346,3.0289978981018066,-0.7357528209686279,0.7357528209686279
1,37,0b266dd0fb9d7267d577e23c,2.397939920425415,2.265709638595581,-0.13223028182983398,0.13223028182983398
1,38,01618e7832fa488b95893abf,2.58031964302063,2.6497228145599365,0.06940317153930664,0.06940317153930664
1,39,d9cd4e7b20278d3356a0a0d4,2.0399999618530273,1.8286510705947876,-0.21134889125823975,0.21134889125823975
1,40,046f5db64834318caf898f35,2.295849561691284,1.6203161478042603,-0.6755334138870239,0.6755334138870239
1,41,7d4947cf3738892e95c9ea24,3.886056661605835,4.375187873840332,0.48913121223449707,0.48913121223449707
1,42,b9e93656f609e2ef4f871547,2.886056661605835,2.799215078353882,-0.08684158325195312,0.08684158325195312
1,43,89ebf7463e5391055d7212cd,0.699999988079071,0.8925886750221252,0.1925886869430542,0.1925886869430542
1,44,2ecb18193d768957f9dafcdc,1.1799999475479126,1.5029630661010742,0.3229631185531616,0.3229631185531616
1,45,7eeaf3101d0c6f60cb25a704,1.2999999523162842,1.346980333328247,0.04698038101196289,0.04698038101196289
1,46,411df053935495e04433c39e,1.059999942779541,1.7046270370483398,0.6446270942687988,0.6446270942687988
1,47,bdbbac21afe9ea16eab62dbb,1.309999942779541,0.9285810589790344,-0.3814188838005066,0.3814188838005066
1,48,ed71e160284608e36139ea3b,2.2200000286102295,1.676814317703247,-0.5431857109069824,0.5431857109069824
1,49,a75e1ffa95d2ea91ae0e96d1,3.096909999847412,2.751042604446411,-0.345867395401001,0.345867395401001
1,50,44ab9b127d9b06a41272bb4b,0.7400000095367432,0.853698194026947,0.11369818449020386,0.11369818449020386
1,51,a311dfa4314ff8bbd5467267,0.46000000834465027,0.7317917943000793,0.2717917859554291,0.2717917859554291
1,52,8040203a2f4af592a511b93f,3.004672050476074,3.4282848834991455,0.4236128330230713,0.4236128330230713
1,53,a73f993c9cd3a2c9bdbdafba,1.9600000381469727,2.092874765396118,0.1328747272491455,0.1328747272491455
1,54,00fdc20b5d74350c8418bc1e,2.537601947784424,2.6663315296173096,0.12872958183288574,0.12872958183288574
1,55,ede5cef40d86d5bce0353f9e,0.9355419874191284,0.37567248940467834,-0.5598695278167725,0.5598695278167725
1,56,27dfd79b090df7b1a40a7611,2.1500000953674316,1.2008287906646729,-0.9491713047027588,0.9491713047027588
1,57,a9cff8120b0c64a2b0d69b27,1.1299999952316284,0.8130164742469788,-0.31698352098464966,0.31698352098464966
1,58,0a7824d632ba41e5bc9a5d78,0.47999998927116394,0.7693446278572083,0.2893446385860443,0.2893446385860443
1,59,8b0be8ae1c1d564494090929,4.0,3.971278429031372,-0.02872157096862793,0.02872157096862793
1,60,7978d3800a11bb4de7fa317e,0.9900000095367432,1.624529480934143,0.6345294713973999,0.6345294713973999
1,61,9e1cacad904f3af3f48628d7,1.0499999523162842,1.0359199047088623,-0.014080047607421875,0.014080047607421875
1,62,2b17dacf66385bcabb008513,3.5638372898101807,2.9957849979400635,-0.5680522918701172,0.5680522918701172
1,63,eef6989ba34718d9ae3b9b7c,1.2200000286102295,1.155742883682251,-0.06425714492797852,0.06425714492797852
1,64,7a2b657b3686f32c763a40fd,2.759999990463257,2.278074026107788,-0.48192596435546875,0.48192596435546875
1,65,685ff050be367c09eaa90587,4.0,3.8685667514801025,-0.13143324851989746,0.13143324851989746
1,66,c72ea56829827af9219c963c,2.200000047683716,2.456010103225708,0.2560100555419922,0.2560100555419922
1,67,a4b31935e6f5f3c9e998c9a3,3.07918119430542,3.0617594718933105,-0.017421722412109375,0.017421722412109375
1,68,7b7cacc9d0cf9fc71640d4b6,1.1699999570846558,0.9494820237159729,-0.22051793336868286,0.22051793336868286
1,69,24ff6eba35bf7bd2149945a8,1.7819342613220215,2.004896640777588,0.2229623794555664,0.2229623794555664
1,70,85dba82aaacddd6dc9818cac,1.7700623273849487,2.823552370071411,1.0534900426864624,1.0534900426864624
1,71,86911bcf7b22cc7bffea9d16,1.0199999809265137,1.0275063514709473,0.007506370544433594,0.007506370544433594
1,72,a8f75770bbcb79fdbff25f34,2.559999942779541,2.041412591934204,-0.5185873508453369,0.5185873508453369
1,73,d2dcaf92034547f0ca40b37f,2.3372421264648438,2.384577989578247,0.04733586311340332,0.04733586311340332
1,74,7c5f8c83ad0a7be8ea127aa9,1.309999942779541,1.3647441864013672,0.05474424362182617,0.05474424362182617
1,75,7ab4ba7a9e747a5e26f172cd,0.886056661605835,0.9388125538825989,0.052755892276763916,0.052755892276763916
1,76,61cd351973be7dd36df57578,2.4600000381469727,1.5952357053756714,-0.8647643327713013,0.8647643327713013
1,77,acf4c5ffbd6899b2f9f8693f,0.6600000262260437,0.6213570237159729,-0.0386430025100708,0.0386430025100708
1,78,55ce5a87ee80e29f3acc7380,0.9700000286102295,0.2905275523662567,-0.6794724464416504,0.6794724464416504
1,79,f4f9f9a8864301bf29d9e346,1.3872160911560059,1.3737289905548096,-0.013487100601196289,0.013487100601196289
1,80,4d70f8cc04cdfd8d0a13eef6,1.3899999856948853,1.6122655868530273,0.2222656011581421,0.2222656011581421
1,81,ca9b6d59e8231cf3083a5350,2.819999933242798,2.753769636154175,-0.06623029708862305,0.06623029708862305
1,82,944fa0cf7eb2a74f34f8d2b4,2.049999952316284,1.355562686920166,-0.6944372653961182,0.6944372653961182
1,83,417623e921c0c1d9a892a5a2,2.25,1.6878429651260376,-0.5621570348739624,0.5621570348739624
1,84,24edbd235cf3152d42934532,3.0900163650512695,3.2294321060180664,0.13941574096679688,0.13941574096679688
1,85,12f80dea57242da239a87920,0.3100000023841858,1.2601908445358276,0.9501908421516418,0.9501908421516418
1,86,ab3349087e4e5c76eb3160b2,4.055517196655273,3.7182600498199463,-0.33725714683532715,0.33725714683532715
1,87,971ea182e16cfd132dfbd121,0.7300000190734863,0.3738258481025696,-0.35617417097091675,0.35617417097091675
1,88,4944ffb96ecd68f667850aec,1.8468947410583496,1.5242503881454468,-0.32264435291290283,0.32264435291290283
1,89,c7d10a5ec04ee6e4550ed08c,1.190000057220459,1.8241562843322754,0.6341562271118164,0.6341562271118164
1,90,ecd9a7ccac7887b6431fc888,2.1700000762939453,1.5276100635528564,-0.6423900127410889,0.6423900127410889
1,91,e62a6a0b64308cdbd6fa9360,0.46000000834465027,0.9848228096961975,0.5248228311538696,0.5248228311538696
1,92,fcd061a6c46ca16e2296058a,0.7447274923324585,0.7326017022132874,-0.012125790119171143,0.012125790119171143
1,93,311fe8dae2e68ea0705b7b8e,3.2700257301330566,3.4696767330169678,0.19965100288391113,0.19965100288391113
1,94,f1e65b236e3430440f1ca144,1.2000000476837158,0.9338825941085815,-0.2661174535751343,0.2661174535751343
1,95,dd9306f385f33a6292015110,1.4814860820770264,1.8326261043548584,0.35114002227783203,0.35114002227783203
1,96,71ca54d3c852b65dceadfa16,-1.6434526443481445,-1.61658775806427,0.02686488628387451,0.02686488628387451
1,97,fc478ededd6b34ebb640f890,1.235824465751648,0.6248581409454346,-0.6109663248062134,0.6109663248062134
1,98,550b97b98a67869d639a2d24,0.7900000214576721,0.9703236222267151,0.18032360076904297,0.18032360076904297
1,99,93f01594c9f6ee7ac38e834e,1.0,0.5864788889884949,-0.4135211110115051,0.4135211110115051
1,100,3e2e132056cc3a78a195f95a,1.6575772762298584,1.4029359817504883,-0.2546412944793701,0.2546412944793701
1,101,a3d8da46af088f22291b69e0,0.5850266814231873,0.5965238809585571,0.011497199535369873,0.011497199535369873
1,102,a51eb9d35ebf42a374618d70,5.209996700286865,4.5796732902526855,-0.6303234100341797,0.6303234100341797
1,103,0378119b37dd9712b8048b5d,3.0399999618530273,2.026576280593872,-1.0134236812591553,1.0134236812591553
1,104,2ad8f8688f486782a2d7717b,1.8200000524520874,1.453774333000183,-0.3662257194519043,0.3662257194519043
1,105,4331145a951b2e185bd91183,0.6700000166893005,1.376230001449585,0.7062299847602844,0.7062299847602844
1,106,3b19959db7ec8dc23ba04b3c,0.6399999856948853,0.7852574586868286,0.14525747299194336,0.14525747299194336
1,107,b01db46e4177bb731f69d8f1,1.5199999809265137,1.5258128643035889,0.005812883377075195,0.005812883377075195
1,108,b5146a79c6f5ddc865fb5060,4.200659275054932,4.2345757484436035,0.033916473388671875,0.033916473388671875
1,109,e4e7ee99e3a70dbe8aa373bb,1.2699999809265137,1.071990728378296,-0.19800925254821777,0.19800925254821777
1,110,7e561575e36aba512c57bbea,1.0800000429153442,1.4836757183074951,0.4036756753921509,0.4036756753921509
1,111,e0070c3433fdf53c5e2bb527,0.8799999952316284,1.3922455310821533,0.5122455358505249,0.5122455358505249
1,112,b7f5705e3e3af23f81e0d186,2.799999952316284,1.7729241847991943,-1.0270757675170898,1.0270757675170898
1,113,2e1c4701280de2d0d92abdaa,1.4199999570846558,1.7818987369537354,0.3618987798690796,0.3618987798690796
1,114,aba9f7006a3573735ebdb559,1.690000057220459,1.568769931793213,-0.1212301254272461,0.1212301254272461
1,115,94ce2d417f5f77ba9470f9e8,0.23000000417232513,0.21059434115886688,-0.019405663013458252,0.019405663013458252
1,116,4ffe76f3cd7c88e833af2aff,1.940000057220459,1.5113991498947144,-0.42860090732574463,0.42860090732574463
1,117,ae2988ab368e1d05641cfd70,2.309999942779541,1.7990999221801758,-0.5109000205993652,0.5109000205993652
1,118,04160f170563ca12d65e23c5,0.8100000023841858,0.7058644890785217,-0.10413551330566406,0.10413551330566406
1,119,473feb2baf1839888877ff6f,1.190000057220459,0.9153857231140137,-0.2746143341064453,0.2746143341064453
1,120,36710a3a9c662c3b88a7a269,3.4281513690948486,3.4943606853485107,0.06620931625366211,0.06620931625366211
1,121,6c5c79a53070b89cbf9aa3e9,1.3700000047683716,1.4574798345565796,0.08747982978820801,0.08747982978820801
1,122,613749d81156ed20b235c339,3.293370485305786,1.5136735439300537,-1.7796969413757324,1.7796969413757324
1,123,1ec72511b1ccda6e6fccbf03,1.809999942779541,0.9662860035896301,-0.8437139391899109,0.8437139391899109
1,124,d91f9cf6df3b92e58bf3743b,0.9599999785423279,1.4163877964019775,0.45638781785964966,0.45638781785964966
1,125,60b35278c816bbfb3f5d2910,1.7000000476837158,2.2698192596435547,0.5698192119598389,0.5698192119598389
1,126,c6cd641f3ac09bc64c95e2a4,0.6197887659072876,1.9615294933319092,1.3417407274246216,1.3417407274246216
1,127,81fc40ab32c61fcff964eda9,1.0700000524520874,1.1819298267364502,0.11192977428436279,0.11192977428436279
1,128,46e9a5a851f470b7462a34bf,3.1349947452545166,3.315916061401367,0.18092131614685059,0.18092131614685059
1,129,abc9cb726e0bf79be11e9f70,3.0299999713897705,1.751347303390503,-1.2786526679992676,1.2786526679992676
1,130,fc8a2b373aba7433c4e86bcc,1.5199999809265137,1.7454890012741089,0.22548902034759521,0.22548902034759521
1,131,9fe3a2ab172e43cd4d6aa424,7.677780628204346,6.036307334899902,-1.6414732933044434,1.6414732933044434
1,132,6e3c22ada30b9621df5e3458,2.060480833053589,1.7715699672698975,-0.2889108657836914,0.2889108657836914
1,133,bad0c80913789f52148765cb,2.309999942779541,1.324602723121643,-0.985397219657898,0.985397219657898
1,134,7cfabae3d278ffa86ee21a88,4.251811981201172,3.565924882888794,-0.6858870983123779,0.6858870983123779
1,135,cf7ab491b4aa95d076d88879,3.07572078704834,2.852745294570923,-0.222975492477417,0.222975492477417
1,136,e71585ae15c0656168c6cc2f,0.7300000190734863,0.5369662642478943,-0.19303375482559204,0.19303375482559204
1,137,790abec306a057fa4dd45296,3.059999942779541,2.2033560276031494,-0.8566439151763916,0.8566439151763916
1,138,a150edf01cb249f2aadb97b8,3.0835893154144287,2.827741861343384,-0.2558474540710449,0.2558474540710449
1,139,a3d63e7a0d3bde870711ebaf,-1.1461280584335327,-0.9280399680137634,0.2180880904197693,0.2180880904197693
1,140,fc31a8b6c84d3e010943b9d1,1.0299999713897705,1.053637981414795,0.023638010025024414,0.023638010025024414
1,141,f17187ebdf7524fcfc9d134f,4.819874286651611,4.271318435668945,-0.548555850982666,0.548555850982666
1,142,783302e9f91f1570a962b0d8,1.2799999713897705,1.3354663848876953,0.055466413497924805,0.055466413497924805
1,143,c8b53cad2eda024105ffb936,1.399999976158142,1.2310349941253662,-0.16896498203277588,0.16896498203277588
1,144,f5a2102928f9695fcb049fe3,1.6200000047683716,1.8225250244140625,0.20252501964569092,0.20252501964569092
1,145,7509be868cb8a20fd5b267d0,0.38999998569488525,1.1586583852767944,0.7686583995819092,0.7686583995819092
1,146,321d117a6635d0cfc9970b98,3.0299999713897705,1.2886805534362793,-1.7413194179534912,1.7413194179534912
1,147,bfe55de965bac31a8d27af43,3.123782157897949,2.827741861343384,-0.29604029655456543,0.29604029655456543
1,148,80a4631a2adbd3b203232627,2.9700000286102295,2.1635935306549072,-0.8064064979553223,0.8064064979553223
1,149,402d522d866fa10917f1f1e1,3.3575353622436523,3.3126981258392334,-0.044837236404418945,0.044837236404418945
1,150,7ac58addef4fef26af8a988e,0.25656864047050476,0.8308334946632385,0.5742648839950562,0.5742648839950562
1,151,81bda0d822252b93af990a78,0.6299999952316284,0.530796468257904,-0.09920352697372437,0.09920352697372437
1,152,3c03d645558ec8368be457a0,2.240000009536743,2.1795551776885986,-0.06044483184814453,0.06044483184814453
1,153,efef2c142d900c85546c7ab6,0.8999999761581421,1.3012245893478394,0.40122461318969727,0.40122461318969727
1,154,3a07fae7a67b89cccb484a76,0.18000000715255737,0.40340083837509155,0.22340083122253418,0.22340083122253418
1,155,ecdb678dd8c921f44e20b53a,0.18000000715255737,1.8094499111175537,1.6294498443603516,1.6294498443603516
1,156,ebd805863c1a7147e5ac77c6,4.853871822357178,4.111349582672119,-0.7425222396850586,0.7425222396850586
1,157,2fbc8c5069e498d6796d5c7a,3.1549019813537598,2.3564112186431885,-0.7984907627105713,0.7984907627105713
1,158,18ff18da122362ded7b91567,1.440000057220459,1.5626384019851685,0.12263834476470947,0.12263834476470947
1,159,95c68d2f945ea6d6c518e789,2.346787452697754,2.4955010414123535,0.1487135887145996,0.1487135887145996
1,160,0a8d99920243e00b8466223b,1.3899999856948853,0.8033665418624878,-0.5866334438323975,0.5866334438323975
1,161,6158a54866fb78c748c9d19c,2.2200000286102295,1.6613889932632446,-0.5586110353469849,0.5586110353469849
1,162,c4d718bf58ca779132263b07,2.664207935333252,3.5029661655426025,0.8387582302093506,0.8387582302093506
1,163,6a9254f0d7236281f35722ce,1.6100000143051147,1.6823761463165283,0.07237613201141357,0.07237613201141357
1,164,a30d99e0a57da5a37c0a82ef,0.7340524196624756,1.0900452136993408,0.35599279403686523,0.35599279403686523
1,165,b71065f009120555d9a8c59e,0.6499999761581421,1.13465416431427,0.48465418815612793,0.48465418815612793
1,166,f59da2dd9fcb8b07f0dad86e,1.659999966621399,1.0142426490783691,-0.6457573175430298,0.6457573175430298
1,167,f2cf2e6b35c8e7f855ce0e42,0.9599999785423279,1.2744107246398926,0.3144107460975647,0.3144107460975647
1,168,0afbcb60e267e569e5bace5d,1.2999999523162842,1.074134349822998,-0.22586560249328613,0.22586560249328613
1,169,7b2168cfc39dc01da5714ab2,4.193819999694824,4.317234516143799,0.12341451644897461,0.12341451644897461
1,170,db190ef0f80c22f590784691,1.350000023841858,1.4272304773330688,0.07723045349121094,0.07723045349121094
1,171,3dab2bcfe1f664f3ed442041,1.5099999904632568,1.8475881814956665,0.33758819103240967,0.33758819103240967
1,172,55203cea3cd60f29f459f12b,2.4000000953674316,2.1050689220428467,-0.29493117332458496,0.29493117332458496
1,173,c3d5e83c6d413509a1b16ac1,1.0700000524520874,1.2522015571594238,0.18220150470733643,0.18220150470733643
1,174,85ce5f1b75dc317aa3db668f,1.059999942779541,0.6111233234405518,-0.44887661933898926,0.44887661933898926
1,175,b663455e9839f84bf4cc8db2,2.5,1.722470760345459,-0.777529239654541,0.777529239654541
1,176,66b13cb6b603e057048e52e7,0.5799999833106995,0.8661686778068542,0.2861686944961548,0.2861686944961548
1,177,df7f5ed7330ba6a66fd1e7c7,2.5,1.9534761905670166,-0.5465238094329834,0.5465238094329834
1,178,bd1301d928994f245f0d2b48,2.049999952316284,1.869225263595581,-0.18077468872070312,0.18077468872070312
1,179,e46efa838dbbf96883da6056,2.299999952316284,2.1756198406219482,-0.12438011169433594,0.12438011169433594
1,180,fb080a735e8e0a1ec39a9402,2.4202163219451904,2.194617509841919,-0.22559881210327148,0.22559881210327148
1,181,f889e40477d59d47b80e527c,2.9600000381469727,2.175981283187866,-0.7840187549591064,0.7840187549591064
1,182,d911176cf8623432b577f13e,0.8299999833106995,0.6830893158912659,-0.1469106674194336,0.1469106674194336
1,183,1f83b30c1204b73eb78abdd8,2.508638381958008,3.3941128253936768,0.885474443435669,0.885474443435669
1,184,d8d834939bd76c5b810173e9,3.050610065460205,3.052954912185669,0.002344846725463867,0.002344846725463867
1,185,7a9436de412cc576c2f94da3,3.0799999237060547,0.9830110669136047,-2.0969889163970947,2.0969889163970947
1,186,aa175afcf39ede4e0a667bc3,2.4000000953674316,2.5242245197296143,0.12422442436218262,0.12422442436218262
1,187,9d382e2d36604bd1d9a84bca,1.2799999713897705,1.3225746154785156,0.04257464408874512,0.04257464408874512
1,188,6ed8c54e48bb698a9053a7f3,0.793174147605896,0.8964939713478088,0.10331982374191284,0.10331982374191284
1,189,f9793ee6661f0726d0baea6a,1.6020599603652954,1.37746262550354,-0.22459733486175537,0.22459733486175537
1,190,e69cc2a7b73e8173372de45b,0.9300000071525574,1.5746408700942993,0.6446408629417419,0.6446408629417419
1,191,695addc6833da69647b9c1f5,1.1699999570846558,1.3295657634735107,0.15956580638885498,0.15956580638885498
1,192,3e10af0e6ca1b1061627d7a0,1.0199999809265137,1.3340442180633545,0.3140442371368408,0.3140442371368408
1,193,4a09a6bc9b4620a718b7ca7e,2.0999999046325684,1.8355708122253418,-0.26442909240722656,0.26442909240722656
1,194,8861546775317181ed9bd9fb,3.390000104904175,3.1792402267456055,-0.21075987815856934,0.21075987815856934
1,195,809f05948fc051da14436c74,4.070580959320068,3.8806803226470947,-0.18990063667297363,0.18990063667297363
1,196,836025bf9033107707cf47d5,0.8674201369285583,2.3125827312469482,1.4451625347137451,1.4451625347137451
1,197,2cb1033156351c1e1f2b92c9,1.1799999475479126,1.3010764122009277,0.12107646465301514,0.12107646465301514
1,198,827ed433c51351df0162d722,2.1153934001922607,2.3260748386383057,0.21068143844604492,0.21068143844604492
1,199,08a1be0bdbdc4190d2da4eca,1.1699999570846558,1.0852484703063965,-0.08475148677825928,0.08475148677825928
1,200,560ae604f215434e9b1a586e,0.2619611620903015,0.8273661136627197,0.5654049515724182,0.5654049515724182
1,201,cecc0b191d205898f0c9f617,1.9600000381469727,1.787104845046997,-0.17289519309997559,0.17289519309997559
1,202,e458284a0af4695caa21adc0,1.5299999713897705,1.5976488590240479,0.06764888763427734,0.06764888763427734
1,203,abc374e9223a385e21e55c88,-0.5646660923957825,-0.09411008656024933,0.47055602073669434,0.47055602073669434
1,204,85bb4adfba8407cb12778d1d,3.259999990463257,2.423800468444824,-0.8361995220184326,0.8361995220184326
1,205,a55abf6f3d24a9d95f5ad225,1.2400000095367432,1.0140807628631592,-0.22591924667358398,0.22591924667358398
1,206,0ac08a7bf35867cd5ea96135,2.2644011974334717,2.2448198795318604,-0.019581317901611328,0.019581317901611328
1,207,e81676b3cb26759d2160c755,1.409999966621399,1.3579038381576538,-0.05209612846374512,0.05209612846374512
1,208,e6004b922884048fae77bd1a,1.4913617372512817,1.7800179719924927,0.28865623474121094,0.28865623474121094
1,209,c8aaad5de16f097c8efef4c4,2.119999885559082,0.8361734747886658,-1.2838263511657715,1.2838263511657715
1,210,043b20650b3cc1becaa6f376,1.2699999809265137,1.0118894577026367,-0.25811052322387695,0.25811052322387695
1,211,1520546a0e32a1d96d55ec53,2.0799999237060547,2.009387731552124,-0.07061219215393066,0.07061219215393066
1,212,a9123f639d0adc6811a2f405,1.6399999856948853,1.4715359210968018,-0.1684640645980835,0.1684640645980835
1,213,2b279fe85e8f77116465f854,2.5142786502838135,2.365546464920044,-0.14873218536376953,0.14873218536376953
1,214,42b882e20c9835ab65042cd2,3.309999942779541,3.3969109058380127,0.08691096305847168,0.08691096305847168
1,215,7c15e046732b63e2c4311187,2.7166988849639893,2.8309223651885986,0.11422348022460938,0.11422348022460938
1,216,a86acd22b7c9f729ccc725b2,3.4134128093719482,2.342741012573242,-1.070671796798706,1.070671796798706
1,217,ddadbf77de5306803937900f,2.379641056060791,1.1836295127868652,-1.1960115432739258,1.1960115432739258
1,218,c408050e759878d8e2e577f3,0.75,1.5341408252716064,0.7841408252716064,0.7841408252716064
1,219,1fe4d06521184f01894a8a09,1.5606672763824463,2.0752713680267334,0.5146040916442871,0.5146040916442871
1,220,255487838beb2f18dcb5c3b6,4.853871822357178,4.157646656036377,-0.6962251663208008,0.6962251663208008
1,221,b9987e6e9496629847335603,0.23000000417232513,0.9876205325126648,0.7576205134391785,0.7576205134391785
1,222,e4d12e2913fb02941e22e27c,1.1200000047683716,0.9480031132698059,-0.17199689149856567,0.17199689149856567
1,223,c34b96c24451c82816329357,3.387216091156006,3.8745248317718506,0.4873087406158447,0.4873087406158447
1,224,38e62ee47a04ae38be267c43,2.25,2.7813737392425537,0.5313737392425537,0.5313737392425537
1,225,be6255e6bead85dd31cee115,0.9599999785423279,1.8590927124023438,0.8990927338600159,0.8990927338600159
1,226,2dd0eea0053b6e64ae3cf5b0,0.8500000238418579,0.6341199278831482,-0.21588009595870972,0.21588009595870972
1,227,81959aac7be427d1e92958ce,1.75,1.9200416803359985,0.17004168033599854,0.17004168033599854
1,228,7f087da41a08278853dafc66,3.3665316104888916,3.257633924484253,-0.10889768600463867,0.10889768600463867
1,229,6414cc639dad29c3b6f63d2d,0.949999988079071,0.8431987762451172,-0.10680121183395386,0.10680121183395386
1,230,6c5b83dc4e0172f84bff1f53,3.346787452697754,3.0249927043914795,-0.3217947483062744,0.3217947483062744
1,231,7764bb013bcb22eccee83bc8,1.9600000381469727,1.5543849468231201,-0.40561509132385254,0.40561509132385254
1,232,94dca8c3d8a8ce2aef0e1715,2.7985117435455322,2.8972795009613037,0.09876775741577148,0.09876775741577148
1,233,39877d011dcb0521d4cbc6c5,3.759999990463257,3.649334192276001,-0.11066579818725586,0.11066579818725586
1,234,9ff9492e95d6ce9ee5cd382f,2.450000047683716,2.103548765182495,-0.3464512825012207,0.3464512825012207
1,235,af0f6c6d33b3cdca9933be7a,2.665546178817749,2.627377510070801,-0.03816866874694824,0.03816866874694824
1,236,f0404db96b162a591503977c,1.3300000429153442,1.4019778966903687,0.07197785377502441,0.07197785377502441
1,237,fd2c32571fe88d2eb9e33dd8,1.4700000286102295,1.8043053150177002,0.3343052864074707,0.3343052864074707
1,238,8141f5e601dfc1b659279be6,1.399999976158142,1.3074560165405273,-0.09254395961761475,0.09254395961761475
1,239,f9734d3a07932ff22a752752,1.1200000047683716,1.5342555046081543,0.4142554998397827,0.4142554998397827
1,240,20c5a8ee23a6b6dc21327ae0,1.1643093824386597,1.0812090635299683,-0.0831003189086914,0.0831003189086914
1,241,da790f19dbdf3dd6bce19c96,0.8538719415664673,0.9208561778068542,0.06698423624038696,0.06698423624038696
1,242,d9fcbfc82178640d3a3d3a8f,2.009999990463257,2.0829899311065674,0.07298994064331055,0.07298994064331055
1,243,2cc4a092a006e29689fa3961,0.8999999761581421,0.7373499274253845,-0.16265004873275757,0.16265004873275757
1,244,fa3fc5a5659d9b30ab6b8622,0.09000000357627869,0.5477238893508911,0.4577238857746124,0.4577238857746124
1,245,b46fb9b9bc809f1942dcd1ac,0.324221670627594,1.1771907806396484,0.8529691100120544,0.8529691100120544
1,246,3c661bb0be1050cfe5d8d0db,2.509999990463257,2.185457944869995,-0.3245420455932617,0.3245420455932617
1,247,2df8225a207513ee14437c96,2.109999895095825,1.8863595724105835,-0.2236403226852417,0.2236403226852417
1,248,b1561ae311d36fa3c6a47303,1.4299999475479126,1.828094720840454,0.3980947732925415,0.3980947732925415
1,249,27de94811dea5a5804edd484,2.4993977546691895,2.122979164123535,-0.3764185905456543,0.3764185905456543
1,250,86e3e5ad3e5df71f6ec17ebb,1.4900000095367432,1.459226369857788,-0.030773639678955078,0.030773639678955078
1,251,c0010e6ada1a947d42cdb1a1,1.5,1.3214526176452637,-0.17854738235473633,0.17854738235473633
1,252,3b23853c7df1a095acc86717,2.9800000190734863,3.0772759914398193,0.09727597236633301,0.09727597236633301
1,253,36e7fe64bf2e3f1dfbffeedb,1.1299999952316284,1.39701509475708,0.26701509952545166,0.26701509952545166
1,254,4c6978b216b815b596e216e2,0.7400000095367432,0.6048006415367126,-0.13519936800003052,0.13519936800003052
1,255,d5aebf04c9735c555c83fc6b,2.3399999141693115,1.9886038303375244,-0.3513960838317871,0.3513960838317871
1,256,b38440e42ed2092efb08575b,1.9600000381469727,1.8157663345336914,-0.14423370361328125,0.14423370361328125
1,257,6c720945f41d4c3a6ae81713,1.5299999713897705,1.6511597633361816,0.12115979194641113,0.12115979194641113
1,258,ce40083f487a8d0ff6555c93,3.931814193725586,3.003337860107422,-0.9284763336181641,0.9284763336181641
1,259,71030b083ba3047d8f3f3f42,1.1799999475479126,0.7633848786354065,-0.4166150689125061,0.4166150689125061
1,260,4ab685e1e122744c3e971615,2.568636178970337,4.231570720672607,1.6629345417022705,1.6629345417022705
1,261,e36835430bf75bddcf6d2bd6,0.8299999833106995,0.9317733645439148,0.10177338123321533,0.10177338123321533
1,262,40c5aaa354466304a4f8539a,3.619788646697998,3.922250270843506,0.3024616241455078,0.3024616241455078
1,263,b235691c1fb263b82cdf89ff,1.6575772762298584,1.7715420722961426,0.11396479606628418,0.11396479606628418
1,264,64a2b57ae815cf9ceaa24f1d,1.2599999904632568,1.4555118083953857,0.1955118179321289,0.1955118179321289
1,265,4a49473bf05e9634836d7b17,0.8399999737739563,0.7203355431556702,-0.11966443061828613,0.11966443061828613
1,266,f02c8e13696ad15cdb7e7aaf,0.9100000262260437,1.2667272090911865,0.3567271828651428,0.3567271828651428
1,267,71355979a118b7a51ad86148,1.2200000286102295,1.7757209539413452,0.5557209253311157,0.5557209253311157
1,268,06df7924bf15e4cd4635c01c,3.119999885559082,2.964933156967163,-0.15506672859191895,0.15506672859191895
1,269,5a2d3dc6d3a0928615bafda8,2.0043647289276123,1.7873804569244385,-0.21698427200317383,0.21698427200317383
1,270,aa6815a86b4db1536bff5cc6,0.8100000023841858,0.8562991619110107,0.04629915952682495,0.04629915952682495
1,271,a8580a741eb48bd23bbba909,2.0999999046325684,1.9546887874603271,-0.1453111171722412,0.1453111171722412
1,272,588b9fdb6da61fd59d4dc9f5,3.0,1.569434404373169,-1.430565595626831,1.430565595626831
1,273,c3a112d16b2c68893a30cf32,2.1700000762939453,2.2917840480804443,0.12178397178649902,0.12178397178649902
1,274,f3d7a0fb5fe4be49cedcebbc,0.8999999761581421,0.5895265936851501,-0.31047338247299194,0.31047338247299194
1,275,672a88ebcbc10f2622f047cf,0.3400838077068329,0.31384626030921936,-0.026237547397613525,0.026237547397613525
1,276,8ae403ad3cab38f8044fd4a1,1.25,1.8311140537261963,0.5811140537261963,0.5811140537261963
1,277,5b5d3135d617e60f5da1e9b7,1.25,1.1959267854690552,-0.054073214530944824,0.054073214530944824
1,278,010b8ae2725d42f3e23b08f6,2.665546178817749,2.5681145191192627,-0.09743165969848633,0.09743165969848633
1,279,8bbe399e8be2463b650048a4,1.340000033378601,1.1634581089019775,-0.17654192447662354,0.17654192447662354
1,280,2c4a12450f07099f051b2493,0.8399999737739563,1.0263012647628784,0.18630129098892212,0.18630129098892212
1,281,6ac0d7169e2400a0444d4fa8,2.4164233207702637,3.166430711746216,0.7500073909759521,0.7500073909759521
1,282,6544eb59a1b8ac71b19ac86e,1.5399999618530273,1.6880953311920166,0.14809536933898926,0.14809536933898926
1,283,05ae143d5741bcafa14f6611,2.3499999046325684,1.278433084487915,-1.0715668201446533,1.0715668201446533
1,284,1f2ad4d3ec1563471e83326a,1.3300000429153442,1.5311115980148315,0.2011115550994873,0.2011115550994873
1,285,ef777be2a0e1c13153b7db26,0.8199999928474426,0.808405876159668,-0.011594116687774658,0.011594116687774658
1,286,6a1d5c0b230e63354b9ac1ef,3.431798219680786,3.2362477779388428,-0.19555044174194336,0.19555044174194336
1,287,033e36621b41a63c20b413b0,4.11539363861084,3.7054431438446045,-0.40995049476623535,0.40995049476623535
1,288,5a60799fd6dd13d7f0b48a3a,3.4559319019317627,2.615891933441162,-0.8400399684906006,0.8400399684906006
1,289,49a50783cdb86c06d943da61,3.32790207862854,3.6515066623687744,0.3236045837402344,0.3236045837402344
1,290,9a5760012f3b987434561e37,1.090000033378601,1.0794403553009033,-0.010559678077697754,0.010559678077697754
1,291,6f0e0712bc4ad5e5984c0f99,1.0985417366027832,1.170135259628296,0.0715935230255127,0.0715935230255127
1,292,7c03f884699d11381a39cb5d,1.6100000143051147,1.9915990829467773,0.3815990686416626,0.3815990686416626
1,293,220157b654f1a8dafe342c0a,3.218151330947876,3.6024057865142822,0.38425445556640625,0.38425445556640625
1,294,587e96cbdb712acb1d1ca91a,4.15490198135376,4.313629627227783,0.15872764587402344,0.15872764587402344
1,295,6e738457df166f25c92273c2,1.8300000429153442,1.68433678150177,-0.14566326141357422,0.14566326141357422
1,296,5628a2c3911ed00208be48cd,1.8300000429153442,1.4914882183074951,-0.3385118246078491,0.3385118246078491
1,297,977faba15781b9a235db7a9a,1.5199999809265137,1.8141615390777588,0.2941615581512451,0.2941615581512451
1,298,93af897537136c87452fe04a,1.0700000524520874,1.3633910417556763,0.29339098930358887,0.29339098930358887
1,299,5b4ac0f050c8023da74be597,3.0222764015197754,2.931304931640625,-0.09097146987915039,0.09097146987915039
1,300,c1f393cf397387250431c273,4.2132487297058105,3.868008613586426,-0.34524011611938477,0.34524011611938477
1,301,eddb096e86be9e8aa15af9f5,1.045757532119751,1.0471915006637573,0.0014339685440063477,0.0014339685440063477
1,302,7311ebb66b1ed294311a0d38,0.25999999046325684,0.9459436535835266,0.6859436631202698,0.6859436631202698
1,303,453d9d68bf72ef44a158b175,1.0800000429153442,1.0072938203811646,-0.07270622253417969,0.07270622253417969
1,304,53786c153f979abc44b4c275,1.350000023841858,1.7982990741729736,0.4482990503311157,0.4482990503311157
1,305,05d0ea3253642b680a0da54b,0.9507820010185242,0.8967912197113037,-0.05399078130722046,0.05399078130722046
1,306,188096affed836033e4a6119,0.9300000071525574,1.32481050491333,0.3948104977607727,0.3948104977607727
1,307,50f33a521e02f228bbb9b624,0.6600000262260437,0.37530797719955444,-0.28469204902648926,0.28469204902648926
1,308,3be0f23d40f4c28feb813f63,2.187086582183838,1.8231532573699951,-0.3639333248138428,0.3639333248138428
1,309,eeab5ad7ee143ee597665dc6,1.2999999523162842,1.3527562618255615,0.052756309509277344,0.052756309509277344
1,310,50bf1728ff63647970698822,2.314258337020874,2.33203387260437,0.017775535583496094,0.017775535583496094
1,311,00d6421ae3a9e527cd04f342,0.537901759147644,0.8717147707939148,0.33381301164627075,0.33381301164627075
1,312,0c681f585145159081bce925,0.8399999737739563,1.2477983236312866,0.4077983498573303,0.4077983498573303
1,313,97e7f8e36b611930348489ce,0.8199999928474426,0.7302113175392151,-0.08978867530822754,0.08978867530822754
1,314,84c1a6fe28e47dbe24de88c3,0.3979400098323822,1.0733072757720947,0.6753672361373901,0.6753672361373901
1,315,9990d56f686f9193654e1ed1,2.859999895095825,1.9742810726165771,-0.885718822479248,0.885718822479248
1,316,3afa4ccf8c530025aee572dd,1.559999942779541,2.004960298538208,0.444960355758667,0.444960355758667
1,317,93114dbb0a4db19544567717,1.3700000047683716,1.5159010887145996,0.14590108394622803,0.14590108394622803
1,318,75c5020756a36100b9dd2b20,1.8600000143051147,1.4403741359710693,-0.4196258783340454,0.4196258783340454
1,319,10e3908273ef3e4c0d217284,2.1500000953674316,2.176497220993042,0.02649712562561035,0.02649712562561035
1,320,24faf8bba2d7bfec82de5df5,0.8299999833106995,0.6523743271827698,-0.1776256561279297,0.1776256561279297
1,321,631b125ee8464dd984c9a16c,5.623423099517822,2.6108899116516113,-3.012533187866211,3.012533187866211
1,322,3a93c644f3539dde3efb5089,1.7999999523162842,1.2067275047302246,-0.5932724475860596,0.5932724475860596
1,323,63381709b358a892fffe9063,0.6777806878089905,0.6941573619842529,0.01637667417526245,0.01637667417526245
1,324,1968c0fd1526ca00c7aceb6d,1.6100000143051147,1.2185648679733276,-0.3914351463317871,0.3914351463317871
1,325,b00cb3a5eabaacd6dc19ea3a,2.698970079421997,3.694157361984253,0.9951872825622559,0.9951872825622559
1,326,a6d2487cf65bc8b0b9fce147,2.009999990463257,2.152331590652466,0.14233160018920898,0.14233160018920898
1,327,18916176c35aa60b8ac1c9e1,1.1799999475479126,1.5573939085006714,0.3773939609527588,0.3773939609527588
1,328,f79ee35c3c31a95c165745f7,0.75,1.8038973808288574,1.0538973808288574,1.0538973808288574
1,329,b5def7ad99b43caea514a980,0.3400000035762787,1.219393253326416,0.8793932199478149,0.8793932199478149
1,330,99ce2390b832030f8347f8f2,3.0409586429595947,3.0439789295196533,0.0030202865600585938,0.0030202865600585938
1,331,f8401b6fbfbc3fad2d4a3426,-0.014529475010931492,-0.333273321390152,-0.31874385476112366,0.31874385476112366
1,332,ad64b6a9c7e14d88fe6e8cff,0.5099999904632568,0.6464937329292297,0.1364937424659729,0.1364937424659729
1,333,9b545dcc84a3cc38d470ea5b,5.096909999847412,4.400256633758545,-0.6966533660888672,0.6966533660888672
1,334,8dccbec260f8dec51169f8fe,0.9586073160171509,1.0707499980926514,0.11214268207550049,0.11214268207550049
1,335,8c4e8f15134fafe23ae02a55,1.940000057220459,1.1329940557479858,-0.8070060014724731,0.8070060014724731
1,336,7b2c624201a93f3732138882,2.0,1.5392059087753296,-0.4607940912246704,0.4607940912246704
1,337,95e55109a9e16081f14c8665,1.309999942779541,1.0097312927246094,-0.30026865005493164,0.30026865005493164
1,338,d6ae3d36bd9f08b3b4972cfa,4.045757293701172,3.9213430881500244,-0.12441420555114746,0.12441420555114746
1,339,d0ce916bbb23146ccf312ca8,2.5999999046325684,1.9546148777008057,-0.6453850269317627,0.6453850269317627
1,340,d31ffd84140e77a8d8283f59,2.130000114440918,2.2641499042510986,0.13414978981018066,0.13414978981018066
1,341,de574b664bac39c2236c5301,2.1500000953674316,2.207875967025757,0.057875871658325195,0.057875871658325195
1,342,f1cde8807eb1c605ba154f68,2.8336684703826904,3.2421042919158936,0.4084358215332031,0.4084358215332031
1,343,294da87687b3eca1f267ab84,0.7599999904632568,1.553885579109192,0.7938855886459351,0.7938855886459351
1,344,fcc87bbcd8bea38b2f3eb170,4.522878646850586,2.1764957904815674,-2.3463828563690186,2.3463828563690186
1,345,9128562a99313545ab76d3cb,1.4900000095367432,1.4476605653762817,-0.042339444160461426,0.042339444160461426
1,346,d5d10762bb63c6d7cefd5397,1.443697452545166,2.143122434616089,0.6994249820709229,0.6994249820709229
1,347,5ce524803f98415b1702bda4,2.609999895095825,1.8622866868972778,-0.7477132081985474,0.7477132081985474
1,348,2743334b137734fbd497184b,1.0123337507247925,2.8188769817352295,1.806543231010437,1.806543231010437
1,349,b2e7a4709f441bc64d58f108,0.699999988079071,1.0213624238967896,0.3213624358177185,0.3213624358177185
1,350,ed4beb79e66bfaede95e0156,1.659999966621399,1.393563985824585,-0.26643598079681396,0.26643598079681396
1,351,ae6d712005899ae9242ef11a,1.2911986112594604,2.465242385864258,1.1740437746047974,1.1740437746047974
1,352,cd879731fe05d7ea3440cfb9,2.3499999046325684,2.3446598052978516,-0.005340099334716797,0.005340099334716797
1,353,eb42c41392ec5fa37ba3f732,2.130000114440918,1.664008378982544,-0.465991735458374,0.465991735458374
1,354,186a521a4a9ae70464a89f9b,2.193819999694824,2.007920503616333,-0.1858994960784912,0.1858994960784912
1,355,96ed1f376c1b9dc8f2b1b269,2.0799999237060547,2.1534464359283447,0.07344651222229004,0.07344651222229004
1,356,d2a43bbe8ce68ff040c3f688,1.6575772762298584,1.8899396657943726,0.23236238956451416,0.23236238956451416
1,357,6d17cf21b6844b727db0fdbe,2.3399999141693115,2.427760601043701,0.08776068687438965,0.08776068687438965
1,358,9b4870f5b17e229413d60472,1.7300000190734863,0.7292541861534119,-1.0007457733154297,1.0007457733154297
1,359,114b7f8cb9040cf1be26c880,1.5499999523162842,1.1898913383483887,-0.3601086139678955,0.3601086139678955
1,360,73a811fa6e85f03eb3aa8c3a,2.0399999618530273,2.6811447143554688,0.6411447525024414,0.6411447525024414
1,361,dd1d6e1b18e590e954439609,1.2699999809265137,1.359478235244751,0.0894782543182373,0.0894782543182373
1,362,ed692a805d8abda8d643a747,2.5799999237060547,2.68164324760437,0.10164332389831543,0.10164332389831543
1,363,627f6393d6741ddc0325d0e3,3.7878124713897705,3.7711288928985596,-0.016683578491210938,0.016683578491210938
1,364,44b10a6a5d78fdcc3980d04d,1.0043648481369019,1.0658025741577148,0.06143772602081299,0.06143772602081299
1,365,6cf831edec5c591b3199f3ed,0.5944828987121582,1.545184850692749,0.9507019519805908,0.9507019519805908
1,366,aee76e83a93aef9fe773fd93,0.8239087462425232,1.2943304777145386,0.4704217314720154,0.4704217314720154
1,367,645bd8eeccfd2a17687c3cad,0.3799999952316284,1.1294960975646973,0.7494961023330688,0.7494961023330688
1,368,5c311d49a09ddd1ab36a1fdd,1.443697452545166,1.8526328802108765,0.40893542766571045,0.40893542766571045
1,369,2205e79eab7d23e564f0cf36,1.221848726272583,0.6248581409454346,-0.5969905853271484,0.5969905853271484
1,370,ccc0a3869909c0c8f499f652,3.359999895095825,2.567878007888794,-0.7921218872070312,0.7921218872070312
1,371,99af1110cb1591c879169c4f,2.9534831047058105,2.862645387649536,-0.09083771705627441,0.09083771705627441
1,372,24c394b72ca99cf552b981d2,0.9300000071525574,0.7922948598861694,-0.13770514726638794,0.13770514726638794
1,373,f2964cc74d9c62b0f6d75991,4.455932140350342,3.333571672439575,-1.1223604679107666,1.1223604679107666
1,374,8288f0b738fb30eff04968e5,0.9200000166893005,1.5936353206634521,0.6736353039741516,0.6736353039741516
1,375,99b70133cd64c9ded5c176ba,3.190000057220459,3.24111008644104,0.051110029220581055,0.051110029220581055
1,376,767b1f07a6cf2c1a6153e008,0.800000011920929,1.0739209651947021,0.2739209532737732,0.2739209532737732
1,377,5898a331ba17671bf884bc8b,3.9981493949890137,4.034962177276611,0.036812782287597656,0.036812782287597656
1,378,54c46a09aac59445167d8f0c,1.2799999713897705,2.1289947032928467,0.8489947319030762,0.8489947319030762
1,379,dbe34fc5f10ee50968941966,1.399999976158142,0.655543327331543,-0.7444566488265991,0.7444566488265991
1,380,79d64893b2fffe41ac7af493,1.0499999523162842,1.0930862426757812,0.04308629035949707,0.04308629035949707
1,381,9e7542906f4ce38486b050f6,0.9399999976158142,0.45698606967926025,-0.48301392793655396,0.48301392793655396
1,382,b669f89876ed563cd9a31bf9,2.197910785675049,0.5303397178649902,-1.6675710678100586,1.6675710678100586
1,383,c18a96c35f932187273fc1b5,3.397939920425415,3.9916393756866455,0.5936994552612305,0.5936994552612305
1,384,49c372e97e2548b4e217341d,1.8600000143051147,1.2330474853515625,-0.6269525289535522,0.6269525289535522
1,385,f3f5300be7611dfa9d0206ed,1.1799999475479126,1.0163241624832153,-0.16367578506469727,0.16367578506469727
1,386,626f07c5d703095f540cfcbc,0.5799999833106995,1.209240436553955,0.6292404532432556,0.6292404532432556
1,387,0573978a789e6fca0ff3d701,3.0999999046325684,2.3914740085601807,-0.7085258960723877,0.7085258960723877
1,388,ec2347085fb7c7abbaa84479,3.0,2.3195414543151855,-0.6804585456848145,0.6804585456848145
1,389,a93085b7f2293b843403f4fb,2.07572078704834,1.3199756145477295,-0.7557451725006104,0.7557451725006104
1,390,68832ed87890b0fcfe71ccc9,1.3200000524520874,1.1786179542541504,-0.141382098197937,0.141382098197937
1,391,b36187a2d248985ba2af7ea1,1.5700000524520874,1.250835657119751,-0.3191643953323364,0.3191643953323364
1,392,6cb596b79deaab27db6456bb,2.0799999237060547,1.957002878189087,-0.12299704551696777,0.12299704551696777
1,393,8ee1c4c07bab5c8436c15b6e,3.267606258392334,3.292996644973755,0.0253903865814209,0.0253903865814209
1,394,442f5ba5d4302abafdce589f,0.8899999856948853,1.056746006011963,0.16674602031707764,0.16674602031707764
1,395,1872ad459c74ed9653068013,2.92081880569458,2.494703531265259,-0.4261152744293213,0.4261152744293213
1,396,0b1103bee5466f42c8d5443c,0.3010300099849701,0.3105977773666382,0.00956776738166809,0.00956776738166809
1,397,e74b6e41e392192d1d472b98,1.8200000524520874,1.3668808937072754,-0.453119158744812,0.453119158744812
1,398,e7c26ae4405614ad9f0e9f67,3.124938726425171,3.13580060005188,0.010861873626708984,0.010861873626708984
1,399,9ab60bededdde1c530004578,0.9244530200958252,0.7873722314834595,-0.13708078861236572,0.13708078861236572
1,400,d5dcb8f69f1e488a71d68b15,1.8300000429153442,2.6166012287139893,0.786601185798645,0.786601185798645
1,401,42c80027dd091352e1be84a5,0.8538719415664673,1.1394476890563965,0.2855757474899292,0.2855757474899292
1,402,d0088dfc3fde1601d4a3c682,0.7599999904632568,1.0028902292251587,0.24289023876190186,0.24289023876190186
1,403,41c915c1b61f27b5de8518ec,4.481485843658447,3.5510666370391846,-0.9304192066192627,0.9304192066192627
1,404,ef7b3f591babd18e4dfa5696,2.4800000190734863,2.398200273513794,-0.08179974555969238,0.08179974555969238
1,405,2145bf6d63899d34dea563c4,2.5798003673553467,2.672816514968872,0.09301614761352539,0.09301614761352539
1,406,5bae492338792cdcd8dfb180,1.4461169242858887,2.7786810398101807,1.332564115524292,1.332564115524292
1,407,9b86e1e90d4a0f141585cb05,4.301030158996582,4.087087154388428,-0.2139430046081543,0.2139430046081543
1,408,334503145b5aef408530ba7d,2.9000000953674316,1.2331814765930176,-1.666818618774414,1.666818618774414
1,409,070a809c1c10581eafac6f07,2.5299999713897705,2.056267738342285,-0.47373223304748535,0.47373223304748535
1,410,79458cb3e2ac53d49450215e,0.8399999737739563,0.6761110424995422,-0.16388893127441406,0.16388893127441406
1,411,5080541faa36d35e12a7e811,2.7899999618530273,1.8049378395080566,-0.9850621223449707,0.9850621223449707
1,412,fc0d1658187b0aa43c7827eb,1.3767507076263428,1.4263806343078613,0.049629926681518555,0.049629926681518555
1,413,c827a807e3aeeaabc36bae1d,0.36000001430511475,1.18260657787323,0.8226065635681152,0.8226065635681152
1,414,4cb5501166e7357615703b57,1.8799999952316284,1.4319863319396973,-0.44801366329193115,0.44801366329193115
1,415,725c157bb1f500d8f7773c17,1.8300000429153442,2.102750062942505,0.27275002002716064,0.27275002002716064
1,416,17ee6ff892de622b10d7b100,1.6699999570846558,1.819441795349121,0.14944183826446533,0.14944183826446533
1,417,9d03b21536cccc6590c7fb56,0.36000001430511475,0.8852755427360535,0.5252755284309387,0.5252755284309387
1,418,deed0fd09124169e7143b6b1,0.6968039274215698,0.4268650412559509,-0.2699388861656189,0.2699388861656189
1,419,014e13dc630ad2c24124ca60,3.0799999237060547,2.6842734813690186,-0.39572644233703613,0.39572644233703613
1,420,1ce8685ac45409c9795d64d6,2.430000066757202,2.98462176322937,0.554621696472168,0.554621696472168
1,421,105c9f997cd24649f2dce42d,3.431798219680786,3.3656091690063477,-0.06618905067443848,0.06618905067443848
1,422,95f8d04bfbbdaf011296237a,0.46000000834465027,1.0901100635528564,0.6301100254058838,0.6301100254058838
1,423,3539d01c3feebc3920c3cee7,1.3200000524520874,1.16629958152771,-0.15370047092437744,0.15370047092437744
1,424,f5f90610d3baf2e43889c7ef,2.0299999713897705,1.8450236320495605,-0.18497633934020996,0.18497633934020996
1,425,d7a6d1a979ea730f3c26cfc9,1.1100000143051147,1.225281834602356,0.11528182029724121,0.11528182029724121
1,426,835ab8db3a0c591c02270905,3.6199698448181152,2.455101728439331,-1.1648681163787842,1.1648681163787842
1,427,7be3b909941fe9f95c6ce855,2.431798219680786,2.5840821266174316,0.1522839069366455,0.1522839069366455
1,428,1be4d04fbb9bab368f2fcbe1,2.2100000381469727,2.8561713695526123,0.6461713314056396,0.6461713314056396
1,429,786544cacb4375bd212388f2,1.7200000286102295,2.072718620300293,0.3527185916900635,0.3527185916900635
1,430,b722d0c7e1235d378309602e,4.849857807159424,3.622143507003784,-1.2277143001556396,1.2277143001556396
1,431,c2ea7b4042b5b4931ac1e012,2.869999885559082,2.4696528911590576,-0.4003469944000244,0.4003469944000244
1,432,67d8f6c063b517807dddea27,2.128018617630005,2.1760342121124268,0.048015594482421875,0.048015594482421875
1,433,7e1b1ddde6ad7cc73e6ba5c3,4.193819999694824,4.1243815422058105,-0.06943845748901367,0.06943845748901367
1,434,ebd2235c5404f4c0eb13da87,1.440000057220459,1.2281373739242554,-0.2118626832962036,0.2118626832962036
1,435,9378cbce4adfce1b84df8b37,0.8199999928474426,1.3049098253250122,0.4849098324775696,0.4849098324775696
1,436,0b410cd2681d2f2767f44dd0,2.619999885559082,1.650177001953125,-0.969822883605957,0.969822883605957
1,437,b2fe9e41f81066ab05ccdccd,3.9586071968078613,4.009448528289795,0.050841331481933594,0.050841331481933594
1,438,7ff5a84d395a7414b83a325b,1.5199999809265137,1.591172456741333,0.07117247581481934,0.07117247581481934
1,439,fcbae41d2abd1604630bffde,2.408935308456421,2.3568263053894043,-0.0521090030670166,0.0521090030670166
1,440,7d43fb3bc42d307bb4ba20ae,3.612610101699829,3.0301401615142822,-0.5824699401855469,0.5824699401855469
1,441,325a1aed7b3a67bacdd83807,0.7099999785423279,1.2301229238510132,0.5201229453086853,0.5201229453086853
1,442,45d1e551ef7c24d2a81ab15b,0.8299999833106995,1.284278154373169,0.4542781710624695,0.4542781710624695
1,443,2a609cd19bb361e49f1e4153,2.6575772762298584,2.949688196182251,0.2921109199523926,0.2921109199523926
1,444,146889939d0b3d97b0415c83,0.9913998246192932,0.8689775466918945,-0.12242227792739868,0.12242227792739868
1,445,d2ba6696c467eb5d2f02d6e1,1.5638374090194702,1.583024263381958,0.019186854362487793,0.019186854362487793
1,446,d3c3e527af77eda0f3f06e5d,1.148741602897644,1.2617502212524414,0.11300861835479736,0.11300861835479736
1,447,ff07d427314bbd886fb61ace,1.6200000047683716,1.6619954109191895,0.04199540615081787,0.04199540615081787
1,448,61c7e7fb9abea671947fde38,1.600000023841858,2.154447078704834,0.5544470548629761,0.5544470548629761
1,449,0cc6aced27bb2f91a383d233,1.8300000429153442,0.9956011176109314,-0.8343989253044128,0.8343989253044128
1,450,676ea2a3614e2926cca1f1ce,1.390405535697937,2.425755262374878,1.035349726676941,1.035349726676941
1,451,170e143a1d1357b08a9f0875,0.25999999046325684,0.6207140684127808,0.3607140779495239,0.3607140779495239
1,452,e3b35313e23b6d138ce34032,2.200000047683716,2.5990865230560303,0.39908647537231445,0.39908647537231445
1,453,5e62f9d9f854c0f57bb197be,0.20760831236839294,0.787982165813446,0.5803738832473755,0.5803738832473755
1,454,91effb444766304601a69357,1.149999976158142,0.8406460881233215,-0.30935388803482056,0.30935388803482056
1,455,e47c402c704d7b7569886e15,3.0900163650512695,3.016448736190796,-0.07356762886047363,0.07356762886047363
1,456,28d350c22fbe2480220b6826,0.019999999552965164,0.4960373044013977,0.47603729367256165,0.47603729367256165
1,457,934154627eff29bdadb5dd5d,1.4299999475479126,1.0196925401687622,-0.4103074073791504,0.4103074073791504
1,458,202d68bfa77671c1a8c37ff9,0.8700000047683716,1.374825358390808,0.5048253536224365,0.5048253536224365
1,459,ee96e9c3c672b08cf03d1d38,1.4600000381469727,1.4286582469940186,-0.0313417911529541,0.0313417911529541
1,460,0ad7be50dd4f09d45fadef58,1.9700000286102295,2.036719560623169,0.06671953201293945,0.06671953201293945
1,461,6c5d6ebbf92a39d40aa891f3,2.0,1.067698359489441,-0.9323016405105591,0.9323016405105591
1,462,fa1e8632f61a36fff12af1d1,2.4353339672088623,2.4612631797790527,0.02592921257019043,0.02592921257019043
1,463,e594e964919eb1e5d2ee3046,0.20760831236839294,0.787982165813446,0.5803738832473755,0.5803738832473755
1,464,6cadfe2674ffabae45e2e6db,4.922026634216309,3.8000457286834717,-1.121980905532837,1.121980905532837
1,465,c9e2799e89c55a62c7f4e3fb,1.7100000381469727,1.2527637481689453,-0.45723628997802734,0.45723628997802734
1,466,3dac13acd20390915b9db7a4,0.0,2.462811231613159,2.462811231613159,2.462811231613159
1,467,e3ac3b41c4187d2cf8ff45d9,1.6799999475479126,2.43284273147583,0.7528427839279175,0.7528427839279175
1,468,0cd70b26944dcc8543a4aae1,1.8200000524520874,1.2498822212219238,-0.5701178312301636,0.5701178312301636
1,469,168c7798cd01dfdddb8c469b,0.7699999809265137,0.9809638857841492,0.2109639048576355,0.2109639048576355
1,470,2c5ae31a4f4267dac9e001d0,1.5376019477844238,3.015106201171875,1.4775042533874512,1.4775042533874512
1,471,d4a20e2c4e76c58f00ae39c2,1.5800000429153442,1.1272778511047363,-0.4527221918106079,0.4527221918106079
1,472,390305755e7a4a4368817271,1.0409586429595947,4.110298156738281,3.0693395137786865,3.0693395137786865
1,473,e1e9288ab43c56b53acc6952,0.8239087462425232,0.8383994102478027,0.014490664005279541,0.014490664005279541
1,474,ef000bb6979518789fcf44e3,4.3665313720703125,4.097297191619873,-0.26923418045043945,0.26923418045043945
1,475,c12a5ae48a712a0cc0b892b7,1.4700000286102295,1.284183144569397,-0.18581688404083252,0.18581688404083252
1,476,c5e0f946a51502eb84d5495f,3.101823568344116,3.0780441761016846,-0.02377939224243164,0.02377939224243164
1,477,e9ae2fbb0f9137eef5fabdf9,0.8700000047683716,1.2214337587356567,0.35143375396728516,0.35143375396728516
1,478,7cebb1410dc6c85f68223c9b,2.096909999847412,1.914050817489624,-0.18285918235778809,0.18285918235778809
1,479,b71dee3b4fbac358e2f02cb3,2.6500000953674316,3.1228830814361572,0.4728829860687256,0.4728829860687256
1,480,e0b5db7e1a2ffff1434a0f1f,1.399999976158142,1.746812343597412,0.34681236743927,0.34681236743927
1,481,6c0b47135fd2d83c96307e5e,2.4600000381469727,1.7592957019805908,-0.7007043361663818,0.7007043361663818
1,482,2fef991ce7c1f440d0bdf1c3,-1.2552725076675415,3.9997174739837646,5.254990100860596,5.254990100860596
1,483,141aa874790549eb35ffea26,4.036211967468262,3.7036283016204834,-0.3325836658477783,0.3325836658477783
1,484,8803c4a9ee52d8578533e93a,1.3700000047683716,1.5103216171264648,0.14032161235809326,0.14032161235809326
1,485,a0afc7ea742ffc1c2829ab35,1.9299999475479126,1.5766587257385254,-0.3533412218093872,0.3533412218093872
1,486,c7b01f9677467443d27a3a9a,3.9586071968078613,4.123363971710205,0.16475677490234375,0.16475677490234375
1,487,f8d7b86843cd5f18d55bd63d,2.4321506023406982,1.4925854206085205,-0.9395651817321777,0.9395651817321777
1,488,8b74c4e82045522e9880796c,3.2342605590820312,3.1759679317474365,-0.05829262733459473,0.05829262733459473
1,489,9f959b55f695dcdea14759b4,2.4700000286102295,4.007450580596924,1.5374505519866943,1.5374505519866943
1,490,13b5979d834a5919334647d7,0.3199999928474426,1.097280502319336,0.7772805094718933,0.7772805094718933
1,491,65018b0ed44a7cd0bfd07f2d,2.856985092163086,3.1050617694854736,0.2480766773223877,0.2480766773223877
1,492,e5fc130288cdb07696d5e101,1.940000057220459,1.835710048675537,-0.10429000854492188,0.10429000854492188
1,493,74f13984551e0313ddc6d905,1.9299999475479126,1.7986624240875244,-0.13133752346038818,0.13133752346038818
1,494,90a80ead03920449eedb62d6,3.2799999713897705,1.8959293365478516,-1.384070634841919,1.384070634841919
1,495,7c00d9e80329ad370d793eb8,1.1330804824829102,0.613806426525116,-0.5192740559577942,0.5192740559577942
1,496,55804d434e0c4cd8d9e8f410,3.284832715988159,3.3122875690460205,0.027454853057861328,0.027454853057861328
1,497,acbf533c9903742f9f48a724,1.6100000143051147,1.584836721420288,-0.02516329288482666,0.02516329288482666
1,498,1b0fc7180f23b347a6c907ce,2.8605411052703857,2.945291757583618,0.08475065231323242,0.08475065231323242
1,499,17d0968c4f2f2325a2de318e,0.3700000047683716,1.1668047904968262,0.7968047857284546,0.7968047857284546
1,500,37f7a12ddf8041050d7f58bc,1.5355104207992554,2.2518470287323,0.7163366079330444,0.7163366079330444
1,501,daa43f5d1a68454f64d90ee9,1.2100000381469727,1.4327149391174316,0.22271490097045898,0.22271490097045898
1,502,c011a9e82cf37058a9c24de2,2.4461169242858887,3.1657662391662598,0.7196493148803711,0.7196493148803711
1,503,37a3761220bee3ffaab53ed5,2.6700937747955322,3.091895580291748,0.4218018054962158,0.4218018054962158
1,504,92cf5dea43360368f0c734ab,2.4700000286102295,2.1735050678253174,-0.2964949607849121,0.2964949607849121
1,505,be8e64c551e10274e2eedd2c,1.5099999904632568,1.783579707145691,0.2735797166824341,0.2735797166824341
1,506,397bf1e5e958ad63deb31225,1.3411622047424316,2.0852506160736084,0.7440884113311768,0.7440884113311768
1,507,e19195c5f756bcf4a55b79f8,2.0043647289276123,1.9105221033096313,-0.09384262561798096,0.09384262561798096
1,508,ce3516d3199d5f73e27b9030,4.387216091156006,2.93315052986145,-1.4540655612945557,1.4540655612945557
1,509,7a6b766d8e7fa0d4115e5f98,1.1299999952316284,1.6898810863494873,0.5598810911178589,0.5598810911178589
1,510,9e1935a9dd21be377a760bf5,0.20102083683013916,0.49825161695480347,0.2972307801246643,0.2972307801246643
1,511,453b68312e86627d78cf6628,1.8191360235214233,1.6301486492156982,-0.1889873743057251,0.1889873743057251
1,512,b10c501c01507f34c74946e4,1.25,2.2989161014556885,1.0489161014556885,1.0489161014556885
1,513,caf463d585a2e89b154ded64,1.5499999523162842,1.172516942024231,-0.3774830102920532,0.3774830102920532
1,514,bb734b6cca19a799debef0f4,1.3700000047683716,1.1005455255508423,-0.2694544792175293,0.2694544792175293
1,515,3e5ca55dd9b19b471eff5435,1.2899999618530273,1.4821414947509766,0.19214153289794922,0.19214153289794922
1,516,7f6cca920508f2659cb22111,-0.03999999910593033,1.1653856039047241,1.2053855657577515,1.2053855657577515
1,517,c9e283df08ce45fa9053edce,2.200000047683716,2.5489957332611084,0.3489956855773926,0.3489956855773926
1,518,331c1c3b10e47b1d730d5efb,2.7300000190734863,1.5647907257080078,-1.1652092933654785,1.1652092933654785
1,519,38c1c45cd2f229044e244a62,2.4300410747528076,3.1773786544799805,0.7473375797271729,0.7473375797271729
1,520,6c953804679468a54427105a,1.3010300397872925,1.290114402770996,-0.010915637016296387,0.010915637016296387
1,521,bab149057e24fb83da6d334a,4.7473978996276855,3.422450065612793,-1.3249478340148926,1.3249478340148926
1,522,2f516a88491f910eec949887,1.399999976158142,1.0229792594909668,-0.3770207166671753,0.3770207166671753
1,523,58cfec483d87c1ecbe40a94c,1.7400000095367432,1.1302646398544312,-0.609735369682312,0.609735369682312
1,524,c91f3b57daad2bdd8082294a,1.3300000429153442,1.410090446472168,0.08009040355682373,0.08009040355682373
1,525,ad054c5d2bc6498491626157,0.7300000190734863,1.5840208530426025,0.8540208339691162,0.8540208339691162
1,526,2344798c8e693c59a90c1754,1.1100000143051147,0.8552361130714417,-0.2547639012336731,0.2547639012336731
1,527,3c28de1e823a1c165282475c,2.2699999809265137,1.6284147500991821,-0.6415852308273315,0.6415852308273315
1,528,ab130737e1e7cff9805007a3,1.2400000095367432,2.6054675579071045,1.3654675483703613,1.3654675483703613
1,529,ee42603c541b36205d389ada,5.958607196807861,3.6087918281555176,-2.3498153686523438,2.3498153686523438
1,530,d59b77aa730a8dcb931e672a,0.7200000286102295,1.6129755973815918,0.8929755687713623,0.8929755687713623
1,531,db5a3a65546e51823f6094aa,1.6399999856948853,0.6751925349235535,-0.9648074507713318,0.9648074507713318
1,532,a4a13ba500c7086b501c5de7,0.6600000262260437,0.8714185357093811,0.2114185094833374,0.2114185094833374
1,533,91f0d36d56f5ac2b8141ff9a,1.7699999809265137,1.4247150421142578,-0.34528493881225586,0.34528493881225586
1,534,de13a991aee6e62572e772b1,2.428291082382202,2.277831554412842,-0.15045952796936035,0.15045952796936035
1,535,eba96c3dca3a9bb2f185c25b,0.3799999952316284,0.9037079215049744,0.523707926273346,0.523707926273346
1,536,29cbe4d18b50dafb97fea5b4,0.8600000143051147,1.0716348886489868,0.21163487434387207,0.21163487434387207
1,537,5a9319c1423b99e333e3d4b9,2.086186170578003,2.1657330989837646,0.07954692840576172,0.07954692840576172
1,538,e0420564df8c123858f953e4,2.8728952407836914,2.0637872219085693,-0.8091080188751221,0.8091080188751221
1,539,793a0d2c5e60ff2e46574f69,2.869666337966919,2.727078437805176,-0.14258790016174316,0.14258790016174316
1,540,b2c594387009f9a0272e9c7c,0.3700000047683716,0.8977965712547302,0.5277965664863586,0.5277965664863586
1,541,873c1a86c055d8c33d8e6fb5,1.1870867013931274,1.5273876190185547,0.34030091762542725,0.34030091762542725
1,542,569481a4f1488acaf3547448,-0.7481880187988281,1.110350489616394,1.8585385084152222,1.8585385084152222
1,543,863110f57de7f73c5c548968,1.090000033378601,0.613028883934021,-0.4769711494445801,0.4769711494445801
1,544,79dfe2126d1547086e61f73a,1.1799999475479126,1.4908599853515625,0.3108600378036499,0.3108600378036499
1,545,e67b5fbd3f0aa8c27f2ccb3e,1.3872160911560059,1.3737289905548096,-0.013487100601196289,0.013487100601196289
1,546,1c941aba86a642e30a328895,1.6100000143051147,1.679907202720642,0.06990718841552734,0.06990718841552734
1,547,41232f0ea54577036eacf916,1.7599087953567505,1.8347015380859375,0.07479274272918701,0.07479274272918701
1,548,8ce5ad44326eccf9256d0282,1.8300000429153442,1.8087010383605957,-0.021299004554748535,0.021299004554748535
1,549,757f0e6944054f79ef6ae332,1.5423001050949097,1.0851651430130005,-0.4571349620819092,0.4571349620819092
1,550,b7ff2e85bc0a35d8329201e1,3.6575772762298584,4.102174758911133,0.4445974826812744,0.4445974826812744
1,551,36cf8ce3d28cd781fb9b4652,1.5017441511154175,2.851430892944336,1.3496867418289185,1.3496867418289185
1,552,8d5137546cab165d72eb197a,1.4900000095367432,1.791214942932129,0.30121493339538574,0.30121493339538574
1,553,f76197a4725b033bf41c1987,0.800000011920929,1.0879144668579102,0.2879144549369812,0.2879144549369812
1,554,2c071c28b7f7b5770dbf9792,2.679853677749634,2.4452974796295166,-0.2345561981201172,0.2345561981201172
1,555,709ece9f9f64eeb21b655647,0.4223933219909668,0.816830039024353,0.39443671703338623,0.39443671703338623
1,556,2ce107d6844941c9fa8fabe8,0.9300000071525574,0.8714249134063721,-0.0585750937461853,0.0585750937461853
1,557,d588b1235c2442247186941b,1.850000023841858,1.6216751337051392,-0.22832489013671875,0.22832489013671875
1,558,8666899a41e61597ea3d3bce,1.9500000476837158,1.5732667446136475,-0.37673330307006836,0.37673330307006836
1,559,f405e6c6e613242020d18b26,2.069999933242798,2.119709014892578,0.04970908164978027,0.04970908164978027
1,560,d847fb46ad316afb0a41b128,1.8102290630340576,2.716153383255005,0.9059243202209473,0.9059243202209473
1,561,52b5a9b16061a46be001a465,0.6200000047683716,1.2129485607147217,0.5929485559463501,0.5929485559463501
1,562,e902ce1a433a3c9060c6d586,3.585026741027832,4.429930210113525,0.8449034690856934,0.8449034690856934
1,563,9825705c11b5d0dcf724e20d,2.568636178970337,2.703556776046753,0.13492059707641602,0.13492059707641602
1,564,284773c808f9e3a2d24d4cda,2.522878646850586,2.752537250518799,0.2296586036682129,0.2296586036682129
1,565,17f594f05e9e1c1bc3c48940,0.5058454275131226,0.8463487029075623,0.3405032753944397,0.3405032753944397
1,566,b9e2645596e2f3c134bf3c28,2.3949999809265137,1.8705437183380127,-0.524456262588501,0.524456262588501
1,567,3f173982c5455077f22e6b3d,3.4814860820770264,4.065723896026611,0.584237813949585,0.584237813949585
1,568,0be5998612f6321128643ba9,0.8600000143051147,0.598078727722168,-0.2619212865829468,0.2619212865829468
1,569,33e9c2eb1c86d158a702acdc,0.547523558139801,1.5796926021575928,1.0321691036224365,1.0321691036224365
1,570,5eaeba8b2234387f2e216804,3.096909999847412,2.9084372520446777,-0.18847274780273438,0.18847274780273438
1,571,7fefa18ed3521fe81032d5c0,1.2596373558044434,1.6417559385299683,0.3821185827255249,0.3821185827255249
1,572,b77b85899a820c17bb55e5e8,0.20760831236839294,0.787982165813446,0.5803738832473755,0.5803738832473755
1,573,bbd713c8ec22a4641b74732c,1.9393022060394287,1.5979313850402832,-0.3413708209991455,0.3413708209991455
1,574,3bbbbd8f5c835360df267bb5,3.609999895095825,1.394268274307251,-2.215731620788574,2.215731620788574
1,575,5e82a9175716b79ce5bb25a2,1.4900000095367432,1.6675528287887573,0.17755281925201416,0.17755281925201416
1,576,fce85d79e52167778badaad1,3.7212464809417725,3.9093806743621826,0.18813419342041016,0.18813419342041016
1,577,072850714e0c83f45076e17f,0.46000000834465027,0.8151170611381531,0.3551170527935028,0.3551170527935028
1,578,472076c95d96cd518e1fa1af,1.100000023841858,1.1151175498962402,0.015117526054382324,0.015117526054382324
1,579,f2a5d220d924f004bb9dad48,0.7670038938522339,0.916584312915802,0.14958041906356812,0.14958041906356812
1,580,9fef03a1e24d2b1cb145e517,1.9600000381469727,1.72621750831604,-0.23378252983093262,0.23378252983093262
1,581,a8bea06174ebdd74ab55e616,0.9900000095367432,0.9361193180084229,-0.05388069152832031,0.05388069152832031
1,582,a81809910938a7e38b92734c,0.6100000143051147,1.1006836891174316,0.4906836748123169,0.4906836748123169
1,583,bb028fd06186a58b000c9db2,2.797884225845337,2.9253897666931152,0.12750554084777832,0.12750554084777832
1,584,d7f031da173daf48beb253f1,1.5228787660598755,1.9668211936950684,0.44394242763519287,0.44394242763519287
1,585,48d9839b238f700de80a9389,1.4900000095367432,1.7994968891143799,0.3094968795776367,0.3094968795776367
1,586,55241b044d8384a933a5f0bd,0.5686362385749817,0.6524353623390198,0.08379912376403809,0.08379912376403809
1,587,dcedcc30006f6fd690b0bf56,-0.004321373999118805,2.0676772594451904,2.0719985961914062,2.0719985961914062
1,588,baa35b3d0d68a2c291a1b7c1,1.8799999952316284,2.1876699924468994,0.307669997215271,0.307669997215271
1,589,9ab98a7476878bbeed2a04b8,0.3400000035762787,1.4843354225158691,1.144335389137268,1.144335389137268
1,590,ba00f129ad35e2eafb6e7499,1.590000033378601,1.5593478679656982,-0.030652165412902832,0.030652165412902832
1,591,296dc0ca37a6891f5e48f182,1.5228787660598755,2.143476724624634,0.6205979585647583,0.6205979585647583
1,592,b4f6ef8dc5304b0ddc779fdb,1.25,1.4262768030166626,0.1762768030166626,0.1762768030166626
1,593,ed009a952be6506e43168129,3.2899999618530273,3.3636419773101807,0.07364201545715332,0.07364201545715332
1,594,cdef191d4b844e958eed770f,0.6800000071525574,0.9281409382820129,0.24814093112945557,0.24814093112945557
1,595,b88cc3604d84c654bc9ad0ca,-0.14612802863121033,0.21653999388217926,0.3626680374145508,0.3626680374145508
1,596,3a833e2cf24665914b8c7aef,2.494849920272827,1.6972920894622803,-0.7975578308105469,0.7975578308105469
1,597,a8435f6552c819e938da85c7,0.3700000047683716,1.1641709804534912,0.7941709756851196,0.7941709756851196
1,598,412ed7e036947bda3dfc2ba8,1.1100000143051147,1.1707167625427246,0.06071674823760986,0.06071674823760986
1,599,17f7bd2a48de40bb976bae6e,2.508638381958008,2.917996644973755,0.40935826301574707,0.40935826301574707
1,600,93e1e83c51cbe0a37e682808,3.9586071968078613,3.9093806743621826,-0.04922652244567871,0.04922652244567871
1,601,7e6f9bf330776837f106a414,3.7695510387420654,3.2798774242401123,-0.4896736145019531,0.4896736145019531
1,602,38d08a414a83bb5826bf94a1,0.6299999952316284,0.8660035133361816,0.23600351810455322,0.23600351810455322
1,603,d3fdaef9facd2de76862d9d0,1.9299999475479126,1.9237076044082642,-0.0062923431396484375,0.0062923431396484375
1,604,8f279d86fc8f55b70a0048c3,2.9800000190734863,2.8892436027526855,-0.09075641632080078,0.09075641632080078
1,605,7dcbce3c188c127bac61ef8f,4.443697452545166,4.070796012878418,-0.37290143966674805,0.37290143966674805
1,606,3c555506b666506433dbf00b,0.08354604989290237,0.9995649456977844,0.9160189032554626,0.9160189032554626
1,607,b113e156d0130f7835215a50,0.9253904223442078,1.160478115081787,0.23508769273757935,0.23508769273757935
1,608,27bea141fe8cdb312c3b1ce8,1.6699999570846558,2.300956964492798,0.6309570074081421,0.6309570074081421
1,609,99898e86786f222f9a69550e,2.8664610385894775,2.532275915145874,-0.3341851234436035,0.3341851234436035
1,610,c4270517118dfa5783d15336,0.8399999737739563,1.0649652481079102,0.22496527433395386,0.22496527433395386
1,611,07752d2c3fbd6e5c83b31711,3.1487417221069336,2.8356096744537354,-0.31313204765319824,0.31313204765319824
1,612,fb3296ff4c6a44da27cae1d6,1.8996294736862183,2.220264434814453,0.32063496112823486,0.32063496112823486
1,613,db0a47c1f273f29c268fa29a,3.1600000858306885,2.1889290809631348,-0.9710710048675537,0.9710710048675537
1,614,ecae9a2685303bb7ea003286,2.7695510387420654,2.682741641998291,-0.08680939674377441,0.08680939674377441
1,615,04e73cb51592323c6336e655,1.1200000047683716,1.6491305828094482,0.5291305780410767,0.5291305780410767
1,616,4777995ddc8fb506eda3f6b2,2.6968040466308594,1.817817211151123,-0.8789868354797363,0.8789868354797363
1,617,eb74b9575ce985cf77430698,0.5299999713897705,0.9308384656906128,0.4008384943008423,0.4008384943008423
1,618,8afa8b876c94fed402acb237,1.2182446718215942,0.8715993762016296,-0.3466452956199646,0.3466452956199646
1,619,e6ae3bf860ff2879132145fa,0.36051350831985474,0.536685049533844,0.17617154121398926,0.17617154121398926
1,620,f5c270d63d8d5d0766a4c710,6.663540363311768,3.537724256515503,-3.1258161067962646,3.1258161067962646
1,621,3a02af29bcc3356a298e318b,1.3600000143051147,0.9917839169502258,-0.3682160973548889,0.3682160973548889
1,622,71adb694312141674e6c5c03,4.929962158203125,4.455935955047607,-0.4740262031555176,0.4740262031555176
1,623,577e1179a9c7c070fbc8e7c6,2.2899999618530273,2.400198221206665,0.1101982593536377,0.1101982593536377
1,624,632e3f6620cc90cd4ab8aa3b,0.36000001430511475,0.7435336112976074,0.3835335969924927,0.3835335969924927
1,625,ec67353557acc09df401db89,1.0299999713897705,0.9793038964271545,-0.05069607496261597,0.05069607496261597
1,626,0631da832f61d2484288e05f,1.9700000286102295,1.921404480934143,-0.048595547676086426,0.048595547676086426
1,627,37be900cc437f4f1116c02ea,1.1511871814727783,1.4576265811920166,0.3064393997192383,0.3064393997192383
1,628,c07898e089f77f12908dcc64,0.8399999737739563,0.8595213294029236,0.019521355628967285,0.019521355628967285
1,629,9d514f5c1fe1d9e8b5c689c9,1.909999966621399,2.5606791973114014,0.6506792306900024,0.6506792306900024
1,630,16c1eceb6f216c2e44f4e55b,1.8799999952316284,2.0355679988861084,0.15556800365447998,0.15556800365447998
1,631,9ddf0eea563d064a4678c851,1.2000000476837158,1.3715484142303467,0.17154836654663086,0.17154836654663086
1,632,a5bb22872bc94a83a97682d4,2.2699999809265137,1.7911559343338013,-0.4788440465927124,0.4788440465927124
1,633,cb7208bbba6d6951bdde9216,1.7400000095367432,1.522058129310608,-0.21794188022613525,0.21794188022613525
1,634,daa3b7adafcb8ff250ef6fbe,4.602059841156006,3.414909601211548,-1.187150239944458,1.187150239944458
1,635,6c11899405e65264651f7be2,2.4700000286102295,2.3275394439697266,-0.14246058464050293,0.14246058464050293
1,636,977f80b390da8e42dae477b6,1.309999942779541,0.8185909986495972,-0.49140894412994385,0.49140894412994385
1,637,4bcd09b0cacc85df178d806a,2.369999885559082,1.6333062648773193,-0.7366936206817627,0.7366936206817627
1,638,a3de476d79c66f6619146d76,3.574031352996826,3.2943012714385986,-0.27973008155822754,0.27973008155822754
1,639,8a77828357c34b6e5a0ce805,2.849857807159424,2.908365249633789,0.058507442474365234,0.058507442474365234
1,640,126a909edb14a6527eaa8d44,0.7699999809265137,1.0714149475097656,0.30141496658325195,0.30141496658325195
1,641,01cde98786e547adff520db5,1.8996294736862183,2.273144006729126,0.3735145330429077,0.3735145330429077
1,642,319d6d44c5de775732c53e15,0.7300000190734863,1.6420376300811768,0.9120376110076904,0.9120376110076904
1,643,9b78fac2487a67198619d6ca,1.6100000143051147,2.2715916633605957,0.661591649055481,0.661591649055481
1,644,4f2f039c0d0c4bd58a020d68,5.619788646697998,2.7028613090515137,-2.9169273376464844,2.9169273376464844
1,645,df36747199d46e5fb7779097,1.9299999475479126,1.793050765991211,-0.13694918155670166,0.13694918155670166
1,646,88f5b9a9a7abddd83ebe6057,4.481485843658447,4.115053653717041,-0.36643218994140625,0.36643218994140625
1,647,d1aed54bba74cf4969eb5b8b,6.192464828491211,2.5846972465515137,-3.6077675819396973,3.6077675819396973
1,648,956ba01189a820530ca5c449,1.8894102573394775,2.2031843662261963,0.31377410888671875,0.31377410888671875
1,649,109f8487b02c1b37a6fa129a,0.9800000190734863,1.302344560623169,0.3223445415496826,0.3223445415496826
1,650,7b3022d040c25931ba2e9408,1.690000057220459,2.0066826343536377,0.3166825771331787,0.3166825771331787
1,651,0a84985136fbc33d9991a6bc,3.7695510387420654,4.140247821807861,0.3706967830657959,0.3706967830657959
1,652,b91d548c15c79df6483215e8,1.3767507076263428,1.46101713180542,0.08426642417907715,0.08426642417907715
1,653,d7dfe095ad692ed733730bf9,2.1045775413513184,1.7952923774719238,-0.30928516387939453,0.30928516387939453
1,654,4d94be91e1b4f010173505b5,2.9268929958343506,3.3663864135742188,0.43949341773986816,0.43949341773986816
1,655,2c75843a2fb89960fcc20447,3.72296404838562,3.4730303287506104,-0.24993371963500977,0.24993371963500977
1,656,1ce7d4820cdaecb2af8148d8,4.251811981201172,4.342155933380127,0.09034395217895508,0.09034395217895508
1,657,f60fba680fa2f094bd1e956e,2.109999895095825,2.421140432357788,0.3111405372619629,0.3111405372619629
1,658,bd745fce14bb9fed067525c7,2.086186170578003,1.856458067893982,-0.229728102684021,0.229728102684021
1,659,ada7da1b63b80a521bfd2365,3.6642072200775146,3.572497606277466,-0.09170961380004883,0.09170961380004883
1,660,fd4dbc107442c50718006f50,2.311580181121826,2.2451775074005127,-0.06640267372131348,0.06640267372131348
1,661,28af91f5fbfb44bbd9b018d2,2.7708303928375244,2.5848405361175537,-0.1859898567199707,0.1859898567199707
1,662,21d51b7bcb7ce8f356c243a3,1.3979400396347046,1.3368589878082275,-0.06108105182647705,0.06108105182647705
1,663,972a0108cfa0bf50cbbf93cc,0.30000001192092896,0.5514763593673706,0.25147634744644165,0.25147634744644165
1,664,d0390910b43defb8482766ce,4.045757293701172,2.607196807861328,-1.4385604858398438,1.4385604858398438
1,665,05eb6b1e5343ab5bb9b98bd1,4.0900163650512695,3.4581329822540283,-0.6318833827972412,0.6318833827972412
1,666,f134039c378b913c42496b6d,1.2599999904632568,1.1041970252990723,-0.15580296516418457,0.15580296516418457
1,667,e7f6dfca0ce0d53f91fa1e03,1.2899999618530273,1.5225481986999512,0.23254823684692383,0.23254823684692383
1,668,f025b7b186fe12ef598cd3fb,2.309999942779541,2.762207269668579,0.4522073268890381,0.4522073268890381
1,669,e40238ec25351034c4b063e3,3.397939920425415,2.8936991691589355,-0.5042407512664795,0.5042407512664795
1,670,95b7a3e81fb88ec2d1ea70c3,1.2100000381469727,1.2491252422332764,0.03912520408630371,0.03912520408630371
1,671,a8b333c0afe5d8f369086f37,0.6989700198173523,1.5922160148620605,0.8932459950447083,0.8932459950447083
1,672,2d107ddf3a3e7aca42f6858c,4.2441253662109375,3.8939037322998047,-0.3502216339111328,0.3502216339111328
1,673,73f71a56b9d0e4e163e0a00f,1.6399999856948853,1.5090817213058472,-0.13091826438903809,0.13091826438903809
1,674,886050611d57b9e55fc29606,0.8199999928474426,0.7766374945640564,-0.04336249828338623,0.04336249828338623
1,675,c1a344127d17560eeea9cfcc,1.4600000381469727,1.4202487468719482,-0.039751291275024414,0.039751291275024414
1,676,665ac2db088aa74f95c1d7da,1.614393711090088,1.5415581464767456,-0.07283556461334229,0.07283556461334229
1,677,db74bfe9e9f1b41e96966f5d,2.761953830718994,2.614741325378418,-0.14721250534057617,0.14721250534057617
1,678,2e7fb51c657b7d7a9ae3a833,3.92081880569458,2.918450117111206,-1.002368688583374,1.002368688583374
1,679,946fa7bd99b1dd493bdf194d,1.7400000095367432,1.0427227020263672,-0.697277307510376,0.697277307510376
1,680,8bdb9e27b21b3ba7d9ff62cb,0.5699999928474426,0.5804640650749207,0.010464072227478027,0.010464072227478027
1,681,3fbf01f73339aed6869a164e,1.1699999570846558,1.4576537609100342,0.2876538038253784,0.2876538038253784
1,682,962fa74e519d0f5a6fdd5662,1.8538719415664673,1.5261529684066772,-0.32771897315979004,0.32771897315979004
1,683,d282acb27024c1c440855b6e,2.698970079421997,2.494703531265259,-0.20426654815673828,0.20426654815673828
1,684,4993ce3a3682c0469f1b3350,0.9200000166893005,0.7946485877037048,-0.1253514289855957,0.1253514289855957
1,685,b472350eab7baae6c58f6179,3.9601893424987793,2.9143710136413574,-1.0458183288574219,1.0458183288574219
1,686,6291a3b345d8fbe3a4c05caa,0.8239087462425232,0.8383994102478027,0.014490664005279541,0.014490664005279541
1,687,b1f8408a7fec0b9450d29e7c,1.3872160911560059,0.6120539307594299,-0.7751621603965759,0.7751621603965759
1,688,f825dcb05aff68f1be2d0ca9,2.7569620609283447,2.8711397647857666,0.11417770385742188,0.11417770385742188
1,689,34fd032964dd5ed6413dfd1d,0.36000001430511475,0.6066845059394836,0.2466844916343689,0.2466844916343689
1,690,afcbec96bb891fe61ea2d429,0.6100000143051147,0.49214500188827515,-0.1178550124168396,0.1178550124168396
1,691,a7a34c8ad13a50498551000b,1.5700000524520874,0.5375334620475769,-1.0324666500091553,1.0324666500091553
1,692,f8976915112540bf32d0b9d2,2.009999990463257,1.7532933950424194,-0.2567065954208374,0.2567065954208374
1,693,b234ee7d9d4a521c38c4158a,1.5199999809265137,0.827890932559967,-0.6921090483665466,0.6921090483665466
1,694,e901193a608f52883d612ea3,1.6299999952316284,1.5312185287475586,-0.09878146648406982,0.09878146648406982
1,695,a5f0cf06cb29bc51e236666d,4.585026741027832,4.202535152435303,-0.3824915885925293,0.3824915885925293
1,696,24a6e1b9ccfbb3bbda192ced,1.0,1.655991554260254,0.6559915542602539,0.6559915542602539
1,697,1ef15e3448232d0abcc9be4b,2.1611509323120117,2.4211981296539307,0.26004719734191895,0.26004719734191895
1,698,0890568fa19a28aa4faa645b,3.182434558868408,3.203556776046753,0.021122217178344727,0.021122217178344727
1,699,6b415050025de7ff7857dbfe,4.778151035308838,2.741326332092285,-2.0368247032165527,2.0368247032165527
1,700,db53f0722e5edbb2ccac9f26,3.838632106781006,3.7219200134277344,-0.11671209335327148,0.11671209335327148
1,701,61a7f382ee84a7316fad067f,1.4900000095367432,1.6694540977478027,0.17945408821105957,0.17945408821105957
1,702,dc01f91a04c309e698cf8122,1.5499999523162842,1.0416624546051025,-0.5083374977111816,0.5083374977111816
1,703,938a390af04da2b8e843a89e,4.498940944671631,4.943382740020752,0.4444417953491211,0.4444417953491211
1,704,55aaf1afc4637d3c4f418139,1.3799680471420288,1.8210519552230835,0.4410839080810547,0.4410839080810547
1,705,e7365b7dd8b80c95035d73e6,0.6777806878089905,0.6248497366905212,-0.05293095111846924,0.05293095111846924
1,706,19db25588ce639576a1611ce,1.1366771459579468,1.1634702682495117,0.02679312229156494,0.02679312229156494
1,707,4465f83a79ec5cb672b60764,1.899999976158142,2.1043076515197754,0.2043076753616333,0.2043076753616333
1,708,7917cdcdccf8a4e077be1af6,1.649999976158142,0.8117357492446899,-0.8382642269134521,0.8382642269134521
1,709,023267926a58569838a34eac,2.1770923137664795,1.9692044258117676,-0.20788788795471191,0.20788788795471191
1,710,dde16c85633a610aa9551dfd,1.7300000190734863,1.9647963047027588,0.23479628562927246,0.23479628562927246
1,711,958f6693496fd48978a6091a,2.4100000858306885,1.4982473850250244,-0.9117527008056641,0.9117527008056641
1,712,5dcd1399cb4691f399add09b,4.221848964691162,1.6358158588409424,-2.5860331058502197,2.5860331058502197
1,713,8b98ffef8e1bf4c96ccf1c25,1.0499999523162842,1.137668251991272,0.08766829967498779,0.08766829967498779
1,714,9927f61afde4978cc61d2397,2.7300000190734863,2.190769672393799,-0.5392303466796875,0.5392303466796875
1,715,e21e60f3dc6af666693fc263,4.638272285461426,3.918431520462036,-0.7198407649993896,0.7198407649993896
1,716,cf912e81f4e6a241ee80043b,2.5575201511383057,2.065018653869629,-0.49250149726867676,0.49250149726867676
1,717,017a0be66913543a4b227ccf,3.7100000381469727,3.8191702365875244,0.10917019844055176,0.10917019844055176
1,718,93d0dad0e536474806bf36d2,1.690000057220459,1.3399887084960938,-0.35001134872436523,0.35001134872436523
1,719,82088581756a0ea078f655b8,0.5899999737739563,0.702427089214325,0.11242711544036865,0.11242711544036865
1,720,3c94219713efeefcaf0fbf7e,1.7100000381469727,0.5876225829124451,-1.1223773956298828,1.1223773956298828
1,721,9051f00e94d3a3c9847cde19,2.2300000190734863,0.7357288002967834,-1.4942712783813477,1.4942712783813477
1,722,22d627636c3b4aeb4899a5f6,0.25649023056030273,0.8308334946632385,0.5743432641029358,0.5743432641029358
1,723,caf0559f9089c3e17ea23b84,4.199999809265137,2.884526014328003,-1.3154737949371338,1.3154737949371338
1,724,1273a03259bea4efdf364d6e,1.86433744430542,2.2339670658111572,0.3696296215057373,0.3696296215057373
1,725,47509d5c11f12dd53a1e79c7,3.176091194152832,3.2034943103790283,0.02740311622619629,0.02740311622619629
1,726,4c806cfca45e007fbb7969f0,0.6499999761581421,0.7629391551017761,0.11293917894363403,0.11293917894363403
1,727,575a2e8adfa25c6b88a019f4,2.1999707221984863,2.366631507873535,0.16666078567504883,0.16666078567504883
1,728,f495754a428f43b331e887e5,2.180000066757202,1.6448932886123657,-0.5351067781448364,0.5351067781448364
1,729,313a6dfc775ad8d5688f9ed6,3.698970079421997,3.9776575565338135,0.2786874771118164,0.2786874771118164
1,730,aee18833fa12a8adcffa6140,0.8100000023841858,0.8536255955696106,0.043625593185424805,0.043625593185424805
1,731,16fe9b0f04534a99e52fc43d,0.3400000035762787,0.9291879534721375,0.5891879796981812,0.5891879796981812
1,732,2e1cb6884ac457e7ecca21f1,2.3499999046325684,2.3404150009155273,-0.009584903717041016,0.009584903717041016
1,733,c8e318513f8f41c056684ff0,3.795880079269409,3.7182600498199463,-0.07762002944946289,0.07762002944946289
1,734,67479c169e359af05ea30e9d,1.3362990617752075,1.078322410583496,-0.2579766511917114,0.2579766511917114
1,735,4d8dff3d754d70c1398bb5c6,3.130000114440918,3.183319330215454,0.05331921577453613,0.05331921577453613
1,736,af0127b2bbcdef7f75657114,1.7200000286102295,1.3410102128982544,-0.3789898157119751,0.3789898157119751
1,737,e20d00dd13f73a8ecb3fcd96,0.9800000190734863,1.014663815498352,0.03466379642486572,0.03466379642486572
1,738,a5e36c28478ad379d97256da,1.7200000286102295,1.369423508644104,-0.3505765199661255,0.3505765199661255
1,739,1d873b600643719f78e4f920,0.5199999809265137,1.0811947584152222,0.5611947774887085,0.5611947774887085
1,740,0e318c180f8b757440640262,0.1580151915550232,0.512943685054779,0.35492849349975586,0.35492849349975586
1,741,62819e18bf642c461bb66af4,1.0564419031143188,1.1026926040649414,0.04625070095062256,0.04625070095062256
1,742,9ab2b28609270113b4a1994a,1.3565473556518555,1.1015137434005737,-0.25503361225128174,0.25503361225128174
1,743,748d51c1b147a8e1842b2f64,3.219970941543579,2.9987952709198,-0.2211756706237793,0.2211756706237793
1,744,d13fa7dca9442c4456a7d226,1.0700000524520874,1.0709730386734009,0.0009729862213134766,0.0009729862213134766
1,745,2ece18a9971e202ea5b6c506,0.07572071254253387,0.16200600564479828,0.0862852931022644,0.0862852931022644
1,746,532a7550d31f1563c7722ad7,3.886056661605835,3.8453943729400635,-0.040662288665771484,0.040662288665771484
1,747,fa1afabaf0fbbde139a19b51,1.899999976158142,1.9441187381744385,0.04411876201629639,0.04411876201629639
1,748,d738b4f75073dbe3c00eb6fa,2.0,2.175856828689575,0.1758568286895752,0.1758568286895752
1,749,93638a410f965605b96ddc5b,0.6299999952316284,0.6043400764465332,-0.025659918785095215,0.025659918785095215
1,750,43969c8151b001f7dbae82dd,0.7400000095367432,0.8681871294975281,0.1281871199607849,0.1281871199607849
1,751,d4620aba2810dc3053400cb2,4.150000095367432,2.9969818592071533,-1.1530182361602783,1.1530182361602783
1,752,6a76be8ba09b0b7e24609b86,0.715569257736206,1.5365118980407715,0.8209426403045654,0.8209426403045654
1,753,54ba4b320a781331c05f3738,1.8386319875717163,1.5108296871185303,-0.32780230045318604,0.32780230045318604
1,754,fd468bd7ccb7e62f3c09c60e,1.090000033378601,1.4254637956619263,0.3354637622833252,0.3354637622833252
1,755,b132f15e209e001ef521c38d,0.7699999809265137,1.16522216796875,0.39522218704223633,0.39522218704223633
1,756,b8a9cbd7f2b52503b85345bc,2.049999952316284,0.9064818024635315,-1.1435182094573975,1.1435182094573975
1,757,a6df8bc27afeffb9eb1af39d,3.6439740657806396,1.594383716583252,-2.0495903491973877,2.0495903491973877
1,758,726a7e993c1372744158ddcd,1.4500000476837158,0.7670068144798279,-0.6829932332038879,0.6829932332038879
1,759,c930a48282d059591e2d1a32,2.869666337966919,1.9969727993011475,-0.8726935386657715,0.8726935386657715
1,760,c820549dee0b6a95ced86ae9,3.7695510387420654,3.704822540283203,-0.0647284984588623,0.0647284984588623
1,761,9379e7ac4e8c3c053f3cfdba,3.6635403633117676,2.6730258464813232,-0.9905145168304443,0.9905145168304443
1,762,caa3b3a39b801524075aef40,3.4814860820770264,1.578295350074768,-1.9031907320022583,1.9031907320022583
1,763,57da14fa50dc9ca8fe2faa8d,0.9599999785423279,0.6847585439682007,-0.2752414345741272,0.2752414345741272
1,764,6c04547b5ffd5cc29e78c77b,2.0399999618530273,2.2426578998565674,0.20265793800354004,0.20265793800354004
1,765,2d6a3b5377a10206f810f5e5,1.9586073160171509,1.5738047361373901,-0.38480257987976074,0.38480257987976074
1,766,b15181bd392f4b31c45480b5,2.4164233207702637,1.1919803619384766,-1.224442958831787,1.224442958831787
1,767,a6e3e9e465d0f57e1cce38cb,0.6816583871841431,0.9239075779914856,0.24224919080734253,0.24224919080734253
1,768,fe0291e2915c9c89c8834cd0,2.886056661605835,1.1892735958099365,-1.6967830657958984,1.6967830657958984
1,769,535bc8260c342945ca173e45,3.737548828125,3.5279324054718018,-0.20961642265319824,0.20961642265319824
1,770,5aa9570ad4237f93f94687f0,2.119999885559082,2.037396192550659,-0.08260369300842285,0.08260369300842285
1,771,48480b1e5aae4f87c02ca8c7,0.7958800196647644,1.6244635581970215,0.8285835385322571,0.8285835385322571
1,772,ca8290463d2c93147bbc8908,0.9300000071525574,1.4203310012817383,0.4903309941291809,0.4903309941291809
1,773,12c585a6a43e373c8a1345b6,2.7300000190734863,1.1993598937988281,-1.5306401252746582,1.5306401252746582
1,774,0e1d0c1cb218347fb513b6c8,4.179995536804199,3.6979992389678955,-0.4819962978363037,0.4819962978363037
1,775,3cad97367cb17abc89a5673a,2.559999942779541,2.9232120513916016,0.36321210861206055,0.36321210861206055
1,776,58470a4c9b59cfd8b7865e11,1.267606258392334,3.0736429691314697,1.8060367107391357,1.8060367107391357
1,777,8611fbc58e1f81a64fbe97fd,2.1804561614990234,2.2981066703796387,0.11765050888061523,0.11765050888061523
1,778,f4a4dd58004673f03a011b65,1.3700000047683716,1.657344102859497,0.2873440980911255,0.2873440980911255
1,779,362a58d198c77c57b277e444,0.11999999731779099,1.9812593460083008,1.8612593412399292,1.8612593412399292
1,780,fa3f4012657e0cc4e3ab164f,1.7599999904632568,1.3416557312011719,-0.41834425926208496,0.41834425926208496
1,781,494a6150002472eca0b3da97,2.32790207862854,2.309443712234497,-0.01845836639404297,0.01845836639404297
1,782,f602634493a3837b7d025eab,1.4800000190734863,1.671665906906128,0.1916658878326416,0.1916658878326416
1,783,8b086bf0f5c320909edab3d6,0.9399999976158142,0.8410965800285339,-0.09890341758728027,0.09890341758728027
1,784,d385a55ee724a1ccb6643572,2.431798219680786,2.878335475921631,0.4465372562408447,0.4465372562408447
1,785,851edd7ff2ef88f3f7f6d026,0.949999988079071,1.267002820968628,0.3170028328895569,0.3170028328895569
1,786,0881654ae463b3d9e562f1c3,3.619788646697998,2.414069890975952,-1.205718755722046,1.205718755722046
1,787,e8b6a59495d4360f9c8cf10d,1.0800000429153442,2.0608062744140625,0.9808062314987183,0.9808062314987183
1,788,325352807888c4bf95c30901,2.109999895095825,2.185673952102661,0.07567405700683594,0.07567405700683594
1,789,a62614ea74d81abf8a7a2ec9,0.5376020073890686,0.16542795300483704,-0.37217405438423157,0.37217405438423157
1,790,8f712f4bbb2897008cc39944,2.569999933242798,2.0362255573272705,-0.5337743759155273,0.5337743759155273
1,791,0e36ab842ba9264cb615d7ad,1.1299999952316284,1.439723014831543,0.30972301959991455,0.30972301959991455
1,792,ef7141d09069cc19fcbe7944,1.5099999904632568,1.2967967987060547,-0.21320319175720215,0.21320319175720215
1,793,ad8652d249ef57c42166e517,3.698970079421997,3.58870792388916,-0.11026215553283691,0.11026215553283691
1,794,861af4daab7555d043a4dbd7,1.1100000143051147,0.7713540196418762,-0.3386459946632385,0.3386459946632385
1,795,4b88496b79013949049ded15,3.454692840576172,3.5001485347747803,0.0454556941986084,0.0454556941986084
1,796,16865b1e3caf32d04042bd16,1.7200000286102295,1.4047694206237793,-0.3152306079864502,0.3152306079864502
1,797,d1d5d8883fe445a56d88d8fb,3.0409586429595947,3.099717378616333,0.05875873565673828,0.05875873565673828
1,798,d85398aab3112eff061eee06,3.548213481903076,3.149500608444214,-0.3987128734588623,0.3987128734588623
1,799,e855b241186214cdcb785414,2.325016736984253,1.6198314428329468,-0.7051852941513062,0.7051852941513062
1,800,f263aa7894e0f86c380d8859,1.3979400396347046,1.3530234098434448,-0.044916629791259766,0.044916629791259766
1,801,9c698835321f21d04ca92196,0.9586073160171509,1.1332180500030518,0.17461073398590088,0.17461073398590088
1,802,181080702729b29fb43b2857,1.909999966621399,1.6412851810455322,-0.2687147855758667,0.2687147855758667
1,803,25be90d928fe8accc0cac17e,0.11999999731779099,0.6265129446983337,0.5065129399299622,0.5065129399299622
1,804,3d00aed9d36b175a59a2fd37,1.100000023841858,0.7002806067466736,-0.3997194170951843,0.3997194170951843
1,805,3f0054c52d0e99e95e1ea0a5,1.0800000429153442,1.803619384765625,0.7236193418502808,0.7236193418502808
1,806,4f341cd6eac435f2dea5b8b8,4.585026741027832,4.339076042175293,-0.24595069885253906,0.24595069885253906
1,807,a8fd9301e87dd702d7c67dad,1.659999966621399,2.2286887168884277,0.5686887502670288,0.5686887502670288
1,808,ddc50e02ce5aebaa882b8203,-0.8129133582115173,2.2007601261138916,3.0136735439300537,3.0136735439300537
1,809,db6357744d41bb76f786be78,4.036211967468262,3.850666046142578,-0.1855459213256836,0.1855459213256836
1,810,7e0b5f7793468d55cb94ae51,3.4685211181640625,3.457642078399658,-0.010879039764404297,0.010879039764404297
1,811,28e1ec08691ce4b46ab25835,0.7099999785423279,1.1816065311431885,0.4716065526008606,0.4716065526008606
1,812,a8597377f76d05ddbe0f3dad,2.7695510387420654,2.934661626815796,0.16511058807373047,0.16511058807373047
1,813,d7b9c0cbac6976c828eee23d,2.6382720470428467,2.1734113693237305,-0.4648606777191162,0.4648606777191162
1,814,1fd180bac65eeadaf8b9b244,0.7699999809265137,0.9226711988449097,0.152671217918396,0.152671217918396
1,815,8de8b11a7db6ebc637053713,4.275723934173584,3.9415078163146973,-0.3342161178588867,0.3342161178588867
1,816,57580e184e7d8b83abb00815,2.049999952316284,2.3193347454071045,0.2693347930908203,0.2693347930908203
1,817,78cff929e4df072921cb30fb,1.9900000095367432,2.7728512287139893,0.7828512191772461,0.7828512191772461
1,818,b4491fefebcf7f2d94dcbfb5,3.430000066757202,3.6965246200561523,0.2665245532989502,0.2665245532989502
1,819,3d2a32baf92f93516052f1c3,1.0700000524520874,0.9892788529396057,-0.08072119951248169,0.08072119951248169
1,820,c55eee5f8761053ebc2f3f30,1.590000033378601,1.3718231916427612,-0.21817684173583984,0.21817684173583984
1,821,6b723ab1d75d39d0413804ff,2.0299999713897705,1.9817612171173096,-0.04823875427246094,0.04823875427246094
1,822,54388d74d36325fe55cc25d8,4.268411159515381,4.37341833114624,0.10500717163085938,0.10500717163085938
1,823,f804249b898eb8ae3cb63013,2.5301780700683594,2.3439836502075195,-0.18619441986083984,0.18619441986083984
1,824,6b324fb50120a3c78dabbf40,0.7599999904632568,0.8176458477973938,0.05764585733413696,0.05764585733413696
1,825,5c2f04b98f54ee5b52e49d11,0.8239087462425232,0.0840136855840683,-0.7398950457572937,0.7398950457572937
1,826,79cb0b7f4120c8ca20903010,1.9700000286102295,2.061535596847534,0.09153556823730469,0.09153556823730469
1,827,62c6b636b5360d87630d0db5,2.2596373558044434,2.0576322078704834,-0.20200514793395996,0.20200514793395996
1,828,e5a2c8ec09f68d238c709dc0,3.32790207862854,3.2793009281158447,-0.04860115051269531,0.04860115051269531
1,829,ee0c5a10563a6844d79965c2,1.4800000190734863,1.6367225646972656,0.1567225456237793,0.1567225456237793
1,830,a414ae405ab4648ef256ae60,1.7400000095367432,1.6157610416412354,-0.12423896789550781,0.12423896789550781
1,831,ec1fb43082ec3af9462db3de,1.2699999809265137,0.9279718399047852,-0.3420281410217285,0.3420281410217285
1,832,c125710180cc8038b12ca8e7,1.5406075716018677,1.7893812656402588,0.2487736940383911,0.2487736940383911
1,833,ccf9f983aa4d3968d661b92d,3.3665316104888916,3.3753559589385986,0.008824348449707031,0.008824348449707031
1,834,b9871e0b3d9762a3cb7250d6,2.0799999237060547,1.9948334693908691,-0.08516645431518555,0.08516645431518555
1,835,83eba4c3b835b1517f530c2b,1.840000033378601,1.7306749820709229,-0.10932505130767822,0.10932505130767822
1,836,2f1a6b2396999d98c5014a87,1.1299999952316284,1.5122599601745605,0.38225996494293213,0.38225996494293213
1,837,1bade9525e09b05041235c2b,0.41999998688697815,0.1764695644378662,-0.24353042244911194,0.24353042244911194
1,838,db42fff1ccfce4a4d6b685b3,1.6575772762298584,5.299186706542969,3.6416094303131104,3.6416094303131104
1,839,10a4de462fa50ec6b0702a98,0.4000000059604645,1.5133355855941772,1.1133356094360352,1.1133356094360352
1,840,c80355284c89fc26ea379592,1.0,1.2895160913467407,0.2895160913467407,0.2895160913467407
1,841,bf32b410471b5c24146a2444,1.309999942779541,1.7661519050598145,0.45615196228027344,0.45615196228027344
1,842,a6f06ad747f1e1ed5a12e6a1,0.9625735282897949,1.0336664915084839,0.07109296321868896,0.07109296321868896
1,843,d90902783dc5fc7a1ef9b252,-5.676693439483643,-3.4899208545684814,2.186772584915161,2.186772584915161
1,844,c8050f3b801347f64f375325,0.5099999904632568,0.5269227027893066,0.016922712326049805,0.016922712326049805
1,845,0701f5500c3dc6535c37d432,2.1700000762939453,1.4967193603515625,-0.6732807159423828,0.6732807159423828
1,846,ffd1599e41e890c9402630f5,0.4099999964237213,1.4050016403198242,0.9950016736984253,0.9950016736984253
1,847,d240de6031f11c7de2700a58,2.7695510387420654,2.4281318187713623,-0.3414192199707031,0.3414192199707031
1,848,4d5903a1402c91cffc14764c,2.4600000381469727,2.256652355194092,-0.20334768295288086,0.20334768295288086
1,849,6a0bdc1dcebe641d32d704a1,2.919316053390503,2.7050862312316895,-0.21422982215881348,0.21422982215881348
1,850,5fb257bce5c82f43dff84349,2.2699999809265137,2.5750415325164795,0.3050415515899658,0.3050415515899658
1,851,49813be4681ebab1cfcb4c67,2.431798219680786,2.651174306869507,0.2193760871887207,0.2193760871887207
1,852,63115832e455926d835d2a3d,1.3010300397872925,1.290114402770996,-0.010915637016296387,0.010915637016296387
1,853,8657ad6ff2ab79f15feff526,2.0799999237060547,2.170705795288086,0.09070587158203125,0.09070587158203125
1,854,9a42878f3f1baf12a5b915e2,-0.14612802863121033,0.21653999388217926,0.3626680374145508,0.3626680374145508
1,855,4a9a6e375bd8fb4b2cba23d6,3.477121353149414,2.661888360977173,-0.8152329921722412,0.8152329921722412
1,856,6019412aa8e6d6aa688bcb51,0.3799999952316284,1.3972088098526,1.0172088146209717,1.0172088146209717
1,857,487dbaa7ff1b761f761eb2ef,2.124938726425171,2.1364004611968994,0.011461734771728516,0.011461734771728516
1,858,ac1dca505a8f1fdac3443b5f,3.6439740657806396,1.4307001829147339,-2.2132740020751953,2.2132740020751953
1,859,0c46f6a911b7b9b5b6f92e11,1.0499999523162842,1.118149757385254,0.06814980506896973,0.06814980506896973
1,860,62fa831e6acad3ea837a7565,1.5199999809265137,1.3119733333587646,-0.20802664756774902,0.20802664756774902
1,861,2709713418f34692bcd8dc3a,1.0299999713897705,0.5521793961524963,-0.47782057523727417,0.47782057523727417
1,862,7c1afd083a8b6e775d575ab3,1.5399999618530273,0.43130600452423096,-1.1086939573287964,1.1086939573287964
1,863,b31844fde1d6dbf848e690de,1.6575772762298584,3.627012252807617,1.9694349765777588,1.9694349765777588
1,864,f526542c1d8c1a53f312cc01,1.3600000143051147,2.191560983657837,0.8315609693527222,0.8315609693527222
1,865,70eb530a7b2fb7b71558463a,2.6700000762939453,1.3573038578033447,-1.3126962184906006,1.3126962184906006
1,866,345679ea916f2362217e5a3a,3.4762535095214844,3.7054593563079834,0.22920584678649902,0.22920584678649902
1,867,ce73a63d9d0e40fc9c29dbc9,3.737548828125,2.8550496101379395,-0.8824992179870605,0.8824992179870605
1,868,4df8895d6495d1ec5a22c78d,2.4700000286102295,1.6583001613616943,-0.8116998672485352,0.8116998672485352
1,869,5b418c729f75651410f97ed4,1.9199999570846558,0.9799334406852722,-0.9400665163993835,0.9400665163993835
1,870,a51597b3721040f4c9b74486,1.6299999952316284,1.540972113609314,-0.08902788162231445,0.08902788162231445
1,871,86cb8938110d70b7efbb514d,1.5917600393295288,1.558290958404541,-0.03346908092498779,0.03346908092498779
1,872,914d01e7c54e23e7af11746f,2.559999942779541,1.920854091644287,-0.6391458511352539,0.6391458511352539
1,873,e8741343d94b0edc9dfbae00,1.5199999809265137,1.6779143810272217,0.157914400100708,0.157914400100708
1,874,276ed34ac7461e3cb0fb6e12,1.440000057220459,1.711482048034668,0.271481990814209,0.271481990814209
1,875,8ae0aa17edf3baeea156f6df,4.3098039627075195,4.407925605773926,0.09812164306640625,0.09812164306640625
1,876,7b3f501276e964ab2c65f73d,2.859999895095825,2.840039014816284,-0.019960880279541016,0.019960880279541016
1,877,5153899195b2e87682e61c4f,1.090000033378601,0.947225034236908,-0.14277499914169312,0.14277499914169312
1,878,adfbe7462d202754bda9d298,1.409999966621399,1.1400467157363892,-0.26995325088500977,0.26995325088500977
1,879,92fb12d6fc813a47085e5673,2.2300000190734863,1.466383934020996,-0.7636160850524902,0.7636160850524902
1,880,f1253b5953ff769893df31d6,1.4199999570846558,1.7989897727966309,0.3789898157119751,0.3789898157119751
1,881,6cec431031e2627bcd231697,1.0199999809265137,0.8874742984771729,-0.13252568244934082,0.13252568244934082
1,882,f5612bf9d421ba6e3cdea43e,2.23419189453125,2.306547164916992,0.07235527038574219,0.07235527038574219
1,883,2873002cd1fb47b1c1321a26,0.3665315508842468,0.7887385487556458,0.4222069978713989,0.4222069978713989
1,884,4b1eea30be914c13a412292a,1.190000057220459,1.3671436309814453,0.17714357376098633,0.17714357376098633
1,885,5684d407eeab66378c2bb46c,1.059999942779541,1.2902445793151855,0.23024463653564453,0.23024463653564453
1,886,d8bdd907415fdce65a60a546,0.46000000834465027,0.8384599089622498,0.3784599006175995,0.3784599006175995
1,887,88e95263ea343bcf1897cda7,1.0499999523162842,0.4359185993671417,-0.6140813827514648,0.6140813827514648
1,888,777d28b396e01fa457db65b0,1.7000000476837158,1.6704561710357666,-0.02954387664794922,0.02954387664794922
1,889,8d43a90c8911f03a5474fbba,1.8600000143051147,1.8809750080108643,0.02097499370574951,0.02097499370574951
1,890,6c2f5e9460e6b3b65b311cd2,0.10999999940395355,0.6498287320137024,0.5398287177085876,0.5398287177085876
1,891,2a58a2c89e77893f6ad50540,1.3429441452026367,1.0346146821975708,-0.3083294630050659,0.3083294630050659
1,892,0b999f4fa924cb7ae6bb4672,1.340000033378601,1.2094556093215942,-0.13054442405700684,0.13054442405700684
1,893,d07618628a81aae40fac4f30,3.7235381603240967,3.682835578918457,-0.04070258140563965,0.04070258140563965
1,894,1956c1f8f0b6186a5cf5c37b,0.7699999809265137,1.2590067386627197,0.48900675773620605,0.48900675773620605
1,895,a66c3a9ad860437ac732748c,1.809999942779541,1.5196126699447632,-0.29038727283477783,0.29038727283477783
1,896,5851fdb11eeeb21a80d08a8c,1.75,1.5033552646636963,-0.2466447353363037,0.2466447353363037
1,897,e0d65d050a3467839e88f7fc,0.7400000095367432,0.42998284101486206,-0.3100171685218811,0.3100171685218811
1,898,3c8447c150ee46c183415ead,3.7695510387420654,4.1316237449646,0.3620727062225342,0.3620727062225342
1,899,7d8870b7468fda11821b26ae,3.609999895095825,2.591843366622925,-1.0181565284729004,1.0181565284729004
1,900,c1411413621ec89ca2b79b36,2.840132236480713,2.220710515975952,-0.6194217205047607,0.6194217205047607
1,901,16558c7dd3adb855af786d76,2.596879482269287,2.418729066848755,-0.17815041542053223,0.17815041542053223
1,902,992342dfe58179cecdc58115,1.5099999904632568,1.5097322463989258,-0.0002677440643310547,0.0002677440643310547
1,903,3ba9f25d6e6a09e38caebacd,2.050610065460205,2.2095441818237305,0.1589341163635254,0.1589341163635254
1,904,99cbda7e727774878a0e6840,1.25,0.2914254665374756,-0.9585745334625244,0.9585745334625244
1,905,8fed400a2c17d24fb43aa80f,0.5850266814231873,0.9545819163322449,0.3695552349090576,0.3695552349090576
1,906,e3648fe231e83252b5bbdf6a,0.7520267367362976,0.9845567345619202,0.23252999782562256,0.23252999782562256
1,907,2f6f7f5356567f224d96c11f,3.0199999809265137,2.7463109493255615,-0.27368903160095215,0.27368903160095215
1,908,d1b9f8f8271de50af72fba46,4.677780628204346,2.0831215381622314,-2.5946590900421143,2.5946590900421143
1,909,04f21bcbe2b4aafb127f8a0b,0.9700000286102295,0.9412793517112732,-0.0287206768989563,0.0287206768989563
1,910,0f223bb465cfa22b5acc344c,0.7695510983467102,1.0021648406982422,0.23261374235153198,0.23261374235153198
1,911,47d85a03ee07debdd263e9f1,0.324221670627594,0.6095325946807861,0.28531092405319214,0.28531092405319214
1,912,8c1b72e43bd4470868fe15c5,1.9299999475479126,1.3965814113616943,-0.5334185361862183,0.5334185361862183
1,913,aa8982e63d0aeb4efa72dc88,0.949999988079071,1.1380796432495117,0.18807965517044067,0.18807965517044067
1,914,0d41715b9f705ce15fd35379,2.25,2.2276837825775146,-0.02231621742248535,0.02231621742248535
1,915,630c32167e430568683705de,4.638272285461426,4.438683986663818,-0.19958829879760742,0.19958829879760742
1,916,2acbbb72f657c2cc77d25955,0.1899999976158142,0.6818918585777283,0.49189186096191406,0.49189186096191406
1,917,9ce1b47a0f7835811c48a4fe,3.101823568344116,3.0780441761016846,-0.02377939224243164,0.02377939224243164
1,918,d6538f2a9f9432befe464c1c,2.0879552364349365,2.36623477935791,0.27827954292297363,0.27827954292297363
1,919,e55464e0495ceb7764f1bee9,2.8691842555999756,2.52132248878479,-0.34786176681518555,0.34786176681518555
1,920,6b216b61b047686de97c2cfa,3.397939920425415,2.775740623474121,-0.622199296951294,0.622199296951294
1,921,71521197eaf71fa22a9dabf2,2.187086582183838,2.4810330867767334,0.2939465045928955,0.2939465045928955
1,922,fe785586d77cd1edd073ed1a,1.7599999904632568,1.1887075901031494,-0.5712924003601074,0.5712924003601074
1,923,dbd42315fd6092712dd96fae,1.5399999618530273,1.4817895889282227,-0.05821037292480469,0.05821037292480469
1,924,6618c1cf1065b04bc15e162d,3.0299999713897705,2.4563777446746826,-0.5736222267150879,0.5736222267150879
1,925,0077536e56024ccb0591a648,0.9200000166893005,1.662634015083313,0.7426339983940125,0.7426339983940125
1,926,d97b1820b207ad8d6d458c0d,2.2340831756591797,2.4155056476593018,0.18142247200012207,0.18142247200012207
1,927,00f51ed959204370245c8c00,1.9900000095367432,1.8244363069534302,-0.165563702583313,0.165563702583313
1,928,509c77de7762fe757a558aeb,0.4699999988079071,2.360687017440796,1.8906869888305664,1.8906869888305664
1,929,57f93db9e9e862851f18e1f9,3.2899999618530273,2.563311815261841,-0.7266881465911865,0.7266881465911865
1,930,50a58f60a32332be2252ea7a,1.6111416816711426,1.143737554550171,-0.4674041271209717,0.4674041271209717
1,931,331d0f74ca0d40d3509abb11,2.7798919677734375,3.5469138622283936,0.767021894454956,0.767021894454956
1,932,308f3d5c9bfb058428d35a85,3.853872060775757,4.09282112121582,0.23894906044006348,0.23894906044006348
1,933,cda04e98f1fb7e5c7c223fd9,1.6699999570846558,1.7257978916168213,0.05579793453216553,0.05579793453216553
1,934,3387bd4c6737d599dcadc14f,2.200000047683716,2.0416829586029053,-0.15831708908081055,0.15831708908081055
1,935,2eec2aa28d6c40d9e0d63d61,1.059999942779541,0.5288175344467163,-0.5311824083328247,0.5311824083328247
1,936,6abf59daf1fd52038ba055b0,2.522878646850586,2.394508123397827,-0.1283705234527588,0.1283705234527588
1,937,77a92251c04ad0644a017065,2.3499999046325684,2.326807975769043,-0.02319192886352539,0.02319192886352539
1,938,6911407a66e15d1ab70ce183,1.3300000429153442,1.1701714992523193,-0.1598285436630249,0.1598285436630249
1,939,5db9788a1e4be224f725ce07,0.8600000143051147,1.0922560691833496,0.23225605487823486,0.23225605487823486
1,940,8c2d983729e899c6248ee11b,0.8538719415664673,1.4207899570465088,0.5669180154800415,0.5669180154800415
1,941,869e075d2efbb2fd179e89f4,1.568636178970337,1.5083227157592773,-0.06031346321105957,0.06031346321105957
1,942,746b5b2743af8bdd02eba9b9,0.6399999856948853,1.0846631526947021,0.4446631669998169,0.4446631669998169
1,943,b04e0efeb792cb8075d6d752,3.209996461868286,2.277589797973633,-0.9324066638946533,0.9324066638946533
1,944,04f4ee3ebfb4cb0ee1f49637,4.318758964538574,4.554157733917236,0.2353987693786621,0.2353987693786621
1,945,3cac2917630fdf023bd92484,3.7695510387420654,3.7211735248565674,-0.04837751388549805,0.04837751388549805
1,946,716086ba9d5954eb070ed07d,0.8500000238418579,0.3608778119087219,-0.489122211933136,0.489122211933136
1,947,b4ac85cf22cec270f037c466,1.0700000524520874,1.592360258102417,0.5223602056503296,0.5223602056503296
1,948,a03085659f246dfc01780e45,2.92081880569458,3.9904839992523193,1.0696651935577393,1.0696651935577393
1,949,bb615d5225210263e56d7187,3.585026741027832,3.7897789478302,0.20475220680236816,0.20475220680236816
1,950,a0f23fb0a7f3096b748e1eea,1.9200233221054077,1.6931878328323364,-0.2268354892730713,0.2268354892730713
1,951,f00d1d6efc8dbe1ae730835e,2.7735400199890137,2.8608756065368652,0.08733558654785156,0.08733558654785156
1,952,4d329a38189825b3071ada0d,2.299999952316284,1.1644694805145264,-1.1355304718017578,1.1355304718017578
1,953,64ca3e506c5108f1c807f6d3,2.6441867351531982,2.9035308361053467,0.25934410095214844,0.25934410095214844
1,954,d6790c9f87e39b9b41c3114e,0.9700000286102295,0.9605827927589417,-0.009417235851287842,0.009417235851287842
1,955,54ee29030c0aa204eb8bb04f,1.6382721662521362,1.6119396686553955,-0.026332497596740723,0.026332497596740723
1,956,845e6eed695ac9fd2b9d4b94,2.8210229873657227,2.84352970123291,0.0225067138671875,0.0225067138671875
1,957,46215861d66bbc6ef69a61fc,0.800000011920929,0.38801729679107666,-0.4119827151298523,0.4119827151298523
1,958,71a31eec80b94414f770c940,0.9599999785423279,1.192441463470459,0.2324414849281311,0.2324414849281311
1,959,680e625c82d760a90ab19038,1.7200000286102295,1.7883732318878174,0.06837320327758789,0.06837320327758789
1,960,5a8ea911af2e61486ae48a93,4.430041313171387,4.322976589202881,-0.10706472396850586,0.10706472396850586
1,961,1d1691ab0b11ef51650a869c,2.113509178161621,2.082094669342041,-0.03141450881958008,0.03141450881958008
1,962,1496a78f9aa5bd3f0cb7a50c,3.853872060775757,3.7304327487945557,-0.12343931198120117,0.12343931198120117
1,963,2153e86c13d9027b6f551c73,2.515700101852417,2.63040828704834,0.11470818519592285,0.11470818519592285
1,964,3236de4a45622710596c7471,0.8500000238418579,0.5961583256721497,-0.25384169816970825,0.25384169816970825
1,965,81d22625e323f124a0ee7732,3.966576337814331,4.361364364624023,0.3947880268096924,0.3947880268096924
1,966,b2f392296052076a1e366833,0.11999999731779099,1.3076159954071045,1.187615990638733,1.187615990638733
1,967,8f544f8939fa1f952b469711,2.060480833053589,1.84700608253479,-0.21347475051879883,0.21347475051879883
1,968,34b3ddf05ba3a3aa754d3991,2.970616340637207,2.8207457065582275,-0.1498706340789795,0.1498706340789795
1,969,b96aeb68da42109b0a30cf1a,2.096909999847412,1.914050817489624,-0.18285918235778809,0.18285918235778809
1,970,cc4ba32db8257baabad2192c,1.4715476036071777,1.6301486492156982,0.1586010456085205,0.1586010456085205
1,971,7d4fe20817809365bdbb69f1,2.240000009536743,1.964357852935791,-0.27564215660095215,0.27564215660095215
1,972,bfb38afad05fc8eae468fef5,2.740000009536743,2.8949103355407715,0.15491032600402832,0.15491032600402832
1,973,79684dbb08e48d1117deec99,3.6575772762298584,3.9837281703948975,0.32615089416503906,0.32615089416503906
1,974,26bfe3559e01e470bd2f1428,3.2728748321533203,3.4349958896636963,0.16212105751037598,0.16212105751037598
1,975,089a40064ff2cf39f717ea8f,0.3799999952316284,1.014130711555481,0.6341307163238525,0.6341307163238525
1,976,a26de42dbff8e5cdadc75022,4.337242126464844,4.0296173095703125,-0.30762481689453125,0.30762481689453125
1,977,048ff91af34f4114224c2624,4.236571788787842,3.7920167446136475,-0.44455504417419434,0.44455504417419434
1,978,528b5aeb07a66fa2ead5d62a,0.47999998927116394,0.6093456149101257,0.1293456256389618,0.1293456256389618
1,979,37880df5bf80c5297eb97166,3.956244945526123,3.189911127090454,-0.766333818435669,0.766333818435669
1,980,eb545bf94730cb28d95478db,1.2076083421707153,1.1015137434005737,-0.1060945987701416,0.1060945987701416
1,981,caf619b6b10acc5e8a2afb4d,1.0307401418685913,0.8319892287254333,-0.19875091314315796,0.19875091314315796
1,982,2e9453d205aaf5a8ac56607c,2.630000114440918,2.233020305633545,-0.39697980880737305,0.39697980880737305
1,983,0db7719888f1b9ef0a8e4e2c,1.399999976158142,1.3076567649841309,-0.09234321117401123,0.09234321117401123
1,984,7af3ac574deec4dec7bd8cb4,1.350000023841858,0.9911746382713318,-0.3588253855705261,0.3588253855705261
1,985,ece6c4e06c744961bda7d131,2.9800000190734863,2.27929949760437,-0.7007005214691162,0.7007005214691162
1,986,328f653cf56993ba2b4908e3,0.75,0.8758513331413269,0.1258513331413269,0.1258513331413269
1,987,5239cdd0b00d91078fc92005,2.7569620609283447,3.22344708442688,0.46648502349853516,0.46648502349853516
1,988,d94c8c48d560e2250911d51f,1.1366771459579468,1.1634702682495117,0.02679312229156494,0.02679312229156494
1,989,89c06d2da6b5f21b80fa174e,2.8326826095581055,2.5687057971954346,-0.2639768123626709,0.2639768123626709
1,990,a420790c7bdaca6c773370e9,0.699999988079071,0.8136207461357117,0.11362075805664062,0.11362075805664062
1,991,78f6514e109a1af93833460e,1.6020599603652954,1.5095131397247314,-0.09254682064056396,0.09254682064056396
1,992,3b1e336bca1a5f8eef23c5c7,1.0700000524520874,0.9817679524421692,-0.08823210000991821,0.08823210000991821
1,993,084e35325ff4db54e24dc9ec,3.9586071968078613,3.964764356613159,0.0061571598052978516,0.0061571598052978516
1,994,5b5a73846cdf68c7fd28d08f,2.1600000858306885,2.0467758178710938,-0.11322426795959473,0.11322426795959473
1,995,9d8e7661006a74ab69bdbcb4,4.9430952072143555,2.4331579208374023,-2.509937286376953,2.509937286376953
1,996,dbb18fb174e87b9194c1f8fd,2.794119358062744,1.2668700218200684,-1.5272493362426758,1.5272493362426758
1,997,038b2b784122ef68dedbabc5,0.6200000047683716,0.8366485238075256,0.21664851903915405,0.21664851903915405
1,998,8af33fc33fbb3b999dc011a4,1.7799999713897705,1.618491768836975,-0.1615082025527954,0.1615082025527954
1,999,5723808473198bbb2357911a,2.009999990463257,1.8538777828216553,-0.15612220764160156,0.15612220764160156
1,1000,f512852dc020435dbda6d7f9,2.9102911949157715,3.005012035369873,0.09472084045410156,0.09472084045410156
1,1001,fa5d7f7d021c6218de409610,1.1549019813537598,1.0300006866455078,-0.12490129470825195,0.12490129470825195
1,1002,75dbe6a9c51c606b83dffa82,2.140000104904175,1.242891550064087,-0.8971085548400879,0.8971085548400879
1,1003,3687944b56109621603d59b5,0.9399999976158142,2.0405070781707764,1.1005070209503174,1.1005070209503174
1,1004,38e7210d49ac277b257c5d5b,2.4000000953674316,1.1178703308105469,-1.2821297645568848,1.2821297645568848
1,1005,35dfb81603dabd58eaf07d81,0.9200000166893005,1.3378071784973145,0.4178071618080139,0.4178071618080139
1,1006,47ca6cacd35ae4e4378a0deb,0.4099999964237213,0.9421834349632263,0.5321834087371826,0.5321834087371826
1,1007,32dde5915203a7f2aa665fe5,3.5199999809265137,2.2616565227508545,-1.2583434581756592,1.2583434581756592
1,1008,a466faa10452a0ed97725f93,1.8200000524520874,1.393373727798462,-0.4266263246536255,0.4266263246536255
1,1009,eb2202855bd4e05500e1e794,2.049999952316284,1.9319448471069336,-0.11805510520935059,0.11805510520935059
1,1010,3adf08d13c6053f7fcec136a,2.950000047683716,2.033989191055298,-0.916010856628418,0.916010856628418
1,1011,5f767a9296e2283c6f7acb0d,3.7081518173217773,3.7725183963775635,0.06436657905578613,0.06436657905578613
1,1012,fba1003aa834c7c23e436be2,2.8761484622955322,3.2837979793548584,0.40764951705932617,0.40764951705932617
1,1013,c145489744a0fa8470b3843a,0.9112115502357483,1.1128108501434326,0.20159929990768433,0.20159929990768433
1,1014,d9ac5e0a7490bbd8ec155864,1.100000023841858,0.9734578728675842,-0.12654215097427368,0.12654215097427368
1,1015,42117c96ffcbcdcd9e67ce1d,1.7400000095367432,1.7147715091705322,-0.025228500366210938,0.025228500366210938
1,1016,9033069118ebfe890452a0d7,1.5199999809265137,1.1031603813171387,-0.416839599609375,0.416839599609375
1,1017,0c5c5d153c4bee1667facfe2,1.4299999475479126,1.3621162176132202,-0.06788372993469238,0.06788372993469238
1,1018,1975c6dba18bfa380301f17c,0.2800000011920929,0.35678839683532715,0.07678839564323425,0.07678839564323425
1,1019,324533aa7dad5ff2b8ae8a18,0.4300000071525574,0.9844768643379211,0.5544768571853638,0.5544768571853638
1,1020,d60edca848e2f858053f0201,1.0099999904632568,1.0523197650909424,0.04231977462768555,0.04231977462768555
1,1021,6452ec97efea8ac67089573b,4.0,4.034962177276611,0.03496217727661133,0.03496217727661133
1,1022,a9b254faa1cd46f0dd13b11f,3.211831569671631,3.1407833099365234,-0.07104825973510742,0.07104825973510742
1,1023,157926f017c94e572b1f1fd1,3.477555751800537,3.7711093425750732,0.29355359077453613,0.29355359077453613
1,1024,898d9d1b721c5ab3f25c0781,1.2300000190734863,1.697129487991333,0.4671294689178467,0.4671294689178467
1,1025,83ba265008af5c6fdb18c27e,1.3600000143051147,1.673296332359314,0.3132963180541992,0.3132963180541992
1,1026,749a524e267274c161956670,1.059999942779541,0.8633535504341125,-0.19664639234542847,0.19664639234542847
1,1027,df4c56df0b34f0b2b5b1c8df,1.6299999952316284,1.487183690071106,-0.14281630516052246,0.14281630516052246
1,1028,2283820fba8f406fbf09516f,0.8500000238418579,1.2510597705841064,0.40105974674224854,0.40105974674224854
1,1029,15d09d7fa7bd2acd34027caf,1.809999942779541,1.3326740264892578,-0.4773259162902832,0.4773259162902832
1,1030,471521686f12ed80af80c286,4.17587423324585,3.6202805042266846,-0.555593729019165,0.555593729019165
1,1031,9977fadb5f64a3f7e844894f,1.5199999809265137,1.2862482070922852,-0.23375177383422852,0.23375177383422852
1,1032,30cdc64041bbc15a81f160d9,1.8600000143051147,1.6328425407409668,-0.22715747356414795,0.22715747356414795
1,1033,6a6c19093d9a3bb87085265d,2.130000114440918,0.4162192940711975,-1.7137808799743652,1.7137808799743652
1,1034,017793f3c0e6887b22f7e897,1.7924360036849976,1.252394437789917,-0.5400415658950806,0.5400415658950806
1,1035,ff77f54316ad54ea5425a30c,1.0299999713897705,0.9050409197807312,-0.1249590516090393,0.1249590516090393
1,1036,c816c25114aee04a6bb3e545,1.600000023841858,1.5314096212387085,-0.06859040260314941,0.06859040260314941
1,1037,14ab1ce63de5c99978029f09,-0.892094612121582,-1.522216558456421,-0.6301219463348389,0.6301219463348389
1,1038,a9b127c7020ce7366c4715b3,3.853872060775757,3.9593279361724854,0.10545587539672852,0.10545587539672852
1,1039,31965dcf48226a2fd1f8e55b,2.009999990463257,1.851485252380371,-0.15851473808288574,0.15851473808288574
1,1040,b90369150b59bbb3468217f8,1.6439741849899292,1.9475603103637695,0.30358612537384033,0.30358612537384033
1,1041,67eed5bf16f8b9e916c020bc,2.059999942779541,2.2726616859436035,0.2126617431640625,0.2126617431640625
1,1042,ae8a80b2d0137cb4ab500a90,1.440000057220459,1.6847115755081177,0.2447115182876587,0.2447115182876587
1,1043,edc88134df8ab4c6ee9015de,0.3565473258495331,0.3605058789253235,0.003958553075790405,0.003958553075790405
1,1044,b69b3670bf92fce74e2e82be,1.7200000286102295,1.5122807025909424,-0.2077193260192871,0.2077193260192871
1,1045,dd406b40dd6d5681cd82269e,1.6439741849899292,1.8962186574935913,0.2522444725036621,0.2522444725036621
1,1046,23cc20f58536e60dd021ea34,0.6399999856948853,1.1378014087677002,0.49780142307281494,0.49780142307281494
1,1047,60e163a5ab972841bf3eb03a,3.180000066757202,2.701188325881958,-0.47881174087524414,0.47881174087524414
1,1048,7387ba618e7d45a697be2d89,1.9299999475479126,2.01928973197937,0.08928978443145752,0.08928978443145752
1,1049,a81c2b88c2e9abc2cc4e85c2,0.7599999904632568,0.8328577876091003,0.0728577971458435,0.0728577971458435
1,1050,bceee207b5e1789a9a491d5d,1.497572898864746,1.5415397882461548,0.04396688938140869,0.04396688938140869
1,1051,5a6e1690ce206351ec5dfc17,2.130000114440918,1.81197988986969,-0.318020224571228,0.318020224571228
1,1052,0ef919ccacc5195127b8bafe,0.90068519115448,0.6079326868057251,-0.2927525043487549,0.2927525043487549
1,1053,a4cad0b733ed2d0e749c9a24,3.2006595134735107,3.204345464706421,0.0036859512329101562,0.0036859512329101562
1,1054,385db5840b644b6f41ae3a9c,3.4202163219451904,3.4930903911590576,0.07287406921386719,0.07287406921386719
1,1055,cea06419041962f337fdf4f6,0.9300000071525574,1.0909168720245361,0.16091686487197876,0.16091686487197876
1,1056,268c4236722c28627c40fc41,3.1804561614990234,3.8534324169158936,0.6729762554168701,0.6729762554168701
1,1057,e45579e0c1718883d844ee58,1.2300000190734863,0.8038049936294556,-0.42619502544403076,0.42619502544403076
1,1058,f991ddb6e52398d902a522ef,1.159999966621399,0.8193311095237732,-0.34066885709762573,0.34066885709762573
1,1059,c80911e1f50376eef5929541,2.0199999809265137,1.4829165935516357,-0.5370833873748779,0.5370833873748779
1,1060,0dc33769001a6448086a6a08,4.187086582183838,3.716665506362915,-0.47042107582092285,0.47042107582092285
1,1061,462c8cc1e0ae310352483327,2.359999895095825,2.025378942489624,-0.33462095260620117,0.33462095260620117
1,1062,58c3add8819b80375f836c82,0.8700000047683716,0.5760207772254944,-0.2939792275428772,0.2939792275428772
1,1063,acce80bd21b3cfe01083a148,1.340000033378601,1.1191080808639526,-0.22089195251464844,0.22089195251464844
1,1064,1e99bc8fc008f1f60f7edf16,2.200000047683716,1.7865326404571533,-0.4134674072265625,0.4134674072265625
1,1065,9ae94ea7ee12954fb55f4941,1.190000057220459,0.9917873740196228,-0.19821268320083618,0.19821268320083618
1,1066,7c9f23475afbffabb05bf298,1.399999976158142,1.3732645511627197,-0.026735424995422363,0.026735424995422363
1,1067,fc0e4aab40a5b5eab4f458fd,0.8500000238418579,0.5984031558036804,-0.2515968680381775,0.2515968680381775
1,1068,9792fbd46a7e930a3048b0a4,1.7359414100646973,3.050017833709717,1.3140764236450195,1.3140764236450195
1,1069,90bb074bc99a9f8c59b4dbb8,0.8500000238418579,1.1063461303710938,0.25634610652923584,0.25634610652923584
1,1070,cdc81e14bb37bae765df3e93,0.7699999809265137,1.1323951482772827,0.36239516735076904,0.36239516735076904
1,1071,9eeb593d744b5c81f43c6d97,3.73002028465271,4.2775397300720215,0.5475194454193115,0.5475194454193115
1,1072,badf0c61d7a056d25f79eb38,3.630000114440918,3.6428797245025635,0.012879610061645508,0.012879610061645508
1,1073,bd4c86eeef4828d1d50812ed,1.2699999809265137,1.5739812850952148,0.30398130416870117,0.30398130416870117
1,1074,446dfd5be5667c1165ee0fde,2.0,1.3856440782546997,-0.6143559217453003,0.6143559217453003
1,1075,29fdcbd2e1a69b3f3ba675c3,0.25,0.7026579976081848,0.4526579976081848,0.4526579976081848
1,1076,20e8a5e3e903ac8a2ab3d628,0.3700000047683716,1.38097083568573,1.0109708309173584,1.0109708309173584
1,1077,b9a2447caccd8a17bfbd0af2,0.0969100147485733,1.2832026481628418,1.1862926483154297,1.1862926483154297
1,1078,03682001f2dc4976372ee915,1.0,1.5556503534317017,0.5556503534317017,0.5556503534317017
1,1079,6cbd006e85e6bd68e7155a92,2.6968040466308594,2.7098236083984375,0.013019561767578125,0.013019561767578125
1,1080,895283ae34e9fc8637d03cde,1.1399999856948853,1.2620534896850586,0.12205350399017334,0.12205350399017334
1,1081,d6fefb04fc5c130fdb66580f,2.259999990463257,2.1052186489105225,-0.15478134155273438,0.15478134155273438
1,1082,c2dc71046fa3c1d815ea463f,4.823908805847168,3.972383737564087,-0.851525068283081,0.851525068283081
1,1083,bbe8f2a73c59fdd715067bab,1.4299999475479126,1.8430379629135132,0.4130380153656006,0.4130380153656006
1,1084,59ea13851e290762fefbb23e,4.602059841156006,4.185899257659912,-0.41616058349609375,0.41616058349609375
1,1085,01b41fd455a8e211070cf482,3.05387544631958,3.2281110286712646,0.17423558235168457,0.17423558235168457
1,1086,5b09a44df00b394103aace49,2.880000114440918,2.8868367671966553,0.006836652755737305,0.006836652755737305
1,1087,f6f8c1ee94f37fe7e95eff83,3.268411159515381,3.298743963241577,0.03033280372619629,0.03033280372619629
1,1088,107035eb2f4fce93a26e08ef,0.4282911717891693,0.6344918608665466,0.20620068907737732,0.20620068907737732
1,1089,56a71c1842337d9a400387ca,2.552841901779175,2.683725595474243,0.13088369369506836,0.13088369369506836
2,0,6737cba7192b553f09248c68,0.800000011920929,1.1240040063858032,0.32400399446487427,0.32400399446487427
2,1,8d20217d86a41b601ca851dd,0.5686362385749817,0.5551040768623352,-0.013532161712646484,0.013532161712646484
2,2,5b4ac0f050c8023da74be597,3.0222764015197754,3.3319809436798096,0.3097045421600342,0.3097045421600342
2,3,2bad21bca08707cb2ed449a7,0.41999998688697815,0.6315337419509888,0.21153375506401062,0.21153375506401062
2,4,ae5cf96ee971ddb10b5a0e20,2.700000047683716,2.3417935371398926,-0.35820651054382324,0.35820651054382324
2,5,13a87160b15817faf811d1bc,4.200659275054932,4.155918598175049,-0.04474067687988281,0.04474067687988281
2,6,e935bd017461826c594a5624,1.9244530200958252,1.4230462312698364,-0.5014067888259888,0.5014067888259888
2,7,5bf31ca07141aec6ea256003,2.5199930667877197,1.916379451751709,-0.6036136150360107,0.6036136150360107
2,8,43969c8151b001f7dbae82dd,0.7400000095367432,0.9182395339012146,0.17823952436447144,0.17823952436447144
2,9,a3f7390688e202d156cef000,1.25,2.0084803104400635,0.7584803104400635,0.7584803104400635
2,10,4713801da0e3895ead7e420c,1.9600000381469727,1.6183100938796997,-0.34168994426727295,0.34168994426727295
2,11,fd3cb5e907e449c305a1b3ac,1.2999999523162842,1.2766075134277344,-0.023392438888549805,0.023392438888549805
2,12,181080702729b29fb43b2857,1.909999966621399,1.503919243812561,-0.4060807228088379,0.4060807228088379
2,13,b60eba252b766c8591913400,2.3299999237060547,1.4590808153152466,-0.8709191083908081,0.8709191083908081
2,14,026fe51137edc1090bdc22c2,0.4718487560749054,0.5204475522041321,0.048598796129226685,0.048598796129226685
2,15,92465ed15ef75542d2948491,3.1854302883148193,2.7304112911224365,-0.4550189971923828,0.4550189971923828
2,16,387d7cd801ceff53e785caf3,0.9900000095367432,0.7768317461013794,-0.21316826343536377,0.21316826343536377
2,17,89ebf7463e5391055d7212cd,0.699999988079071,0.609981119632721,-0.0900188684463501,0.0900188684463501
2,18,c280e5ae814a8d86f93aab91,0.9200000166893005,1.8793261051177979,0.9593260884284973,0.9593260884284973
2,19,69a75137f9fbdb198c9838c5,1.2599999904632568,0.8719223141670227,-0.38807767629623413,0.38807767629623413
2,20,055310e261dbe2cad46dd00b,0.7200000286102295,1.2566252946853638,0.5366252660751343,0.5366252660751343
2,21,baaeefc643122e7b979defee,1.568636178970337,1.4958715438842773,-0.07276463508605957,0.07276463508605957
2,22,4f0d6a8f48e8a3b364ff1078,1.5850266218185425,1.5432058572769165,-0.04182076454162598,0.04182076454162598
2,23,5a49431a5e4eebc07e394757,4.229147911071777,4.00492525100708,-0.22422266006469727,0.22422266006469727
2,24,d52010fd894690accb5dad9b,1.440000057220459,2.2887327671051025,0.8487327098846436,0.8487327098846436
2,25,5faa5491c7eee170b1d8690b,2.1700000762939453,1.9462635517120361,-0.22373652458190918,0.22373652458190918
2,26,26b8e62c2efda2f9bc289150,0.8799999952316284,1.5729634761810303,0.6929634809494019,0.6929634809494019
2,27,c52daf1d0c926b98f17cece8,1.340000033378601,2.619725465774536,1.279725432395935,1.279725432395935
2,28,a7bb9de0dbd91e909a084700,2.059999942779541,0.9614058136940002,-1.0985941886901855,1.0985941886901855
2,29,29e8c26e8c2a77a9ae5589bf,3.494849920272827,4.274085521697998,0.7792356014251709,0.7792356014251709
2,30,c182e3d68e4e0922ff9e65b1,2.931364059448242,2.934823751449585,0.0034596920013427734,0.0034596920013427734
2,31,a150edf01cb249f2aadb97b8,3.0835893154144287,3.1245007514953613,0.04091143608093262,0.04091143608093262
2,32,99cbda7e727774878a0e6840,1.25,1.2063368558883667,-0.0436631441116333,0.0436631441116333
2,33,7dcbce3c188c127bac61ef8f,4.443697452545166,3.8120779991149902,-0.6316194534301758,0.6316194534301758
2,34,38e62ee47a04ae38be267c43,2.25,2.477144241333008,0.2271442413330078,0.2271442413330078
2,35,362aa61f4f2f01b8e4761a59,1.6252516508102417,2.023089647293091,0.3978379964828491,0.3978379964828491
2,36,e986f16eef9d1fd12c669511,1.850000023841858,2.1839678287506104,0.33396780490875244,0.33396780490875244
2,37,7e7d7c05d181fc0af2e0ef25,3.8436527252197266,3.9295618534088135,0.08590912818908691,0.08590912818908691
2,38,cc2a8ff9e5d7316248d66b50,1.659999966621399,1.3943042755126953,-0.2656956911087036,0.2656956911087036
2,39,f6887aef39e1ea3c77e0ff2e,0.588759183883667,1.2289690971374512,0.6402099132537842,0.6402099132537842
2,40,a90a7439d2deb24bbc886a42,3.8299999237060547,3.2448527812957764,-0.5851471424102783,0.5851471424102783
2,41,f9793ee6661f0726d0baea6a,1.6020599603652954,1.3254714012145996,-0.2765885591506958,0.2765885591506958
2,42,c52473584126a21b107a6741,1.840000033378601,0.8782036304473877,-0.9617964029312134,0.9617964029312134
2,43,10d176a698c96e07e4a909b6,1.0652996301651,3.0427026748657227,1.9774030447006226,1.9774030447006226
2,44,9af28847f2487426b55c8047,0.5199999809265137,1.6346828937530518,1.114682912826538,1.114682912826538
2,45,749902e2c59ea7da0884c5aa,4.15490198135376,4.007498264312744,-0.14740371704101562,0.14740371704101562
2,46,15bcfbb84d4c656a925f41c9,1.9199999570846558,1.5961401462554932,-0.3238598108291626,0.3238598108291626
2,47,ce73a63d9d0e40fc9c29dbc9,3.737548828125,2.8874619007110596,-0.8500869274139404,0.8500869274139404
2,48,652b90c53625213d75ab9fef,1.059999942779541,1.1178534030914307,0.05785346031188965,0.05785346031188965
2,49,2ff0339666a33bb134855b52,3.63997483253479,3.065418243408203,-0.5745565891265869,0.5745565891265869
2,50,7f386f0ff3e98141ce979863,2.0,1.9991772174835205,-0.0008227825164794922,0.0008227825164794922
2,51,2eacb72aacbedec8c0fa200e,0.949999988079071,1.613602638244629,0.6636026501655579,0.6636026501655579
2,52,f419dd63a4f526af54f4e988,0.8100000023841858,1.1994671821594238,0.38946717977523804,0.38946717977523804
2,53,1c947a5229e43e0c0b3bda98,0.25999999046325684,1.2037206888198853,0.9437206983566284,0.9437206983566284
2,54,8c787dad03c49bf8116d0a34,0.9599999785423279,1.5172927379608154,0.5572927594184875,0.5572927594184875
2,55,ef8744144072557c0680820d,0.9599999785423279,1.3774960041046143,0.4174960255622864,0.4174960255622864
2,56,7a44bb919dc73cd1aee1f92c,1.3700000047683716,1.625230312347412,0.2552303075790405,0.2552303075790405
2,57,93caa5ebc3734454d016ec63,2.369999885559082,1.6452136039733887,-0.7247862815856934,0.7247862815856934
2,58,d1daec8726a3fbe80d3cb099,1.8761483430862427,0.35745346546173096,-1.5186948776245117,1.5186948776245117
2,59,0904ee61e0c06eb08af6a9a7,0.886056661605835,0.9606238007545471,0.07456713914871216,0.07456713914871216
2,60,9fa01457179f696850ebbd8b,3.7695510387420654,3.6649281978607178,-0.10462284088134766,0.10462284088134766
2,61,8d487a3b14500ddb00863176,1.6699999570846558,1.3337037563323975,-0.3362962007522583,0.3362962007522583
2,62,a6e1dcfaf5ac549db325b2dc,4.176091194152832,3.692091941833496,-0.48399925231933594,0.48399925231933594
2,63,5863bac4ff791ec778ce03b3,1.6200000047683716,1.465813159942627,-0.15418684482574463,0.15418684482574463
2,64,4f1981b89380909954a7c8ce,1.8759524822235107,3.163814067840576,1.2878615856170654,1.2878615856170654
2,65,c4270517118dfa5783d15336,0.8399999737739563,1.0073676109313965,0.16736763715744019,0.16736763715744019
2,66,b8042fe2da267956c745b1dd,3.9871628284454346,3.89485764503479,-0.09230518341064453,0.09230518341064453
2,67,5a0a13216b28d3e1538ae466,3.0048036575317383,3.2353286743164062,0.23052501678466797,0.23052501678466797
2,68,2a5a0e540ce02b4fb80e2411,1.2300000190734863,1.7778480052947998,0.5478479862213135,0.5478479862213135
2,69,7e5c24b273da903007f93a21,4.823908805847168,4.770458221435547,-0.053450584411621094,0.053450584411621094
2,70,a51eb9d35ebf42a374618d70,5.209996700286865,4.59069299697876,-0.6193037033081055,0.6193037033081055
2,71,4261fee771a0dc2edc316456,0.949999988079071,1.8728965520858765,0.9228965640068054,0.9228965640068054
2,72,e0d65d050a3467839e88f7fc,0.7400000095367432,0.7965351939201355,0.056535184383392334,0.056535184383392334
2,73,bf79dd6dc1a1cbd57c8930e1,3.7100000381469727,3.6242659091949463,-0.08573412895202637,0.08573412895202637
2,74,213ef2752dc3e9ec63af9655,0.481486052274704,1.9843852519989014,1.502899169921875,1.502899169921875
2,75,3a9cd595e655e9d930fd6480,3.428291082382202,3.3382222652435303,-0.09006881713867188,0.09006881713867188
2,76,0c46f6a911b7b9b5b6f92e11,1.0499999523162842,1.3143144845962524,0.26431453227996826,0.26431453227996826
2,77,ef71ed84914e78a8ff49c954,3.9586071968078613,3.1891229152679443,-0.769484281539917,0.769484281539917
2,78,0b44dcdd2e54a7cd2b2fb9a6,2.140021562576294,2.3207955360412598,0.18077397346496582,0.18077397346496582
2,79,9f5de87fff5f133ef1c4bf24,1.940000057220459,1.4735734462738037,-0.4664266109466553,0.4664266109466553
2,80,db6357744d41bb76f786be78,4.036211967468262,3.5771615505218506,-0.45905041694641113,0.45905041694641113
2,81,19f2d9d014b6e91800b58810,0.49000000953674316,1.197862148284912,0.707862138748169,0.707862138748169
2,82,06029ec03f470566d5cb2bd6,1.9299999475479126,1.1815354824066162,-0.7484644651412964,0.7484644651412964
2,83,706e8d524b607c877af33c2e,3.508638381958008,3.316880464553833,-0.1917579174041748,0.1917579174041748
2,84,684d0b61af06d1dbd5bc2b6f,2.3413209915161133,2.7687900066375732,0.42746901512145996,0.42746901512145996
2,85,6f3dddbada1c279fd8f5d9eb,0.3700000047683716,0.5221584439277649,0.1521584391593933,0.1521584391593933
2,86,72cb26c1291a63eb5ee81a10,0.5,0.7215123772621155,0.22151237726211548,0.22151237726211548
2,87,b03c4851b31cf666d5ce072b,0.3400000035762787,1.0158464908599854,0.6758464574813843,0.6758464574813843
2,88,5d46d55781c9d5e71fcc8044,1.840000033378601,2.09456205368042,0.25456202030181885,0.25456202030181885
2,89,9598bf6d11407f653bf14534,4.619788646697998,4.295717239379883,-0.32407140731811523,0.32407140731811523
2,90,a3c854439362550844578bf4,3.2596373558044434,3.215101957321167,-0.04453539848327637,0.04453539848327637
2,91,3aba4abc464a38301fd4dbc9,0.6399999856948853,1.3530428409576416,0.7130428552627563,0.7130428552627563
2,92,021107770400f525a31e6563,0.5299999713897705,0.7439177632331848,0.2139177918434143,0.2139177918434143
2,93,a52c304b2cc8b537a80019d6,3.7647507190704346,2.7305209636688232,-1.0342297554016113,1.0342297554016113
2,94,291f9badbd2aff428e5a4ec8,2.7166988849639893,2.722485065460205,0.00578618049621582,0.00578618049621582
2,95,05a3e52e9cac7f213a5b5ce4,2.0999999046325684,1.6159400939941406,-0.48405981063842773,0.48405981063842773
2,96,7e8ba37205813c713b9f5a26,0.3979400098323822,0.6976677775382996,0.29972776770591736,0.29972776770591736
2,97,73db47f95b848281c1b3f089,2.4000000953674316,1.9686648845672607,-0.4313352108001709,0.4313352108001709
2,98,be35b824134e1a1f3990bb1f,1.0700000524520874,0.9765697121620178,-0.09343034029006958,0.09343034029006958
2,99,6fe8c61532ffa0281edfda93,3.4202163219451904,3.4429075717926025,0.02269124984741211,0.02269124984741211
2,100,08c34d6d02550518c26e5487,0.9625735282897949,1.8278368711471558,0.8652633428573608,0.8652633428573608
2,101,6a94eb7a6002319c8718efd7,2.450016498565674,2.4357540607452393,-0.01426243782043457,0.01426243782043457
2,102,c6e956059c283aa392b61bc7,1.5099999904632568,1.4543123245239258,-0.055687665939331055,0.055687665939331055
2,103,386e7e55b927329c1f212a31,0.3799999952316284,1.420116662979126,1.0401166677474976,1.0401166677474976
2,104,fd351091a9bf3a3aabc41976,0.46000000834465027,1.1676435470581055,0.7076435089111328,0.7076435089111328
2,105,d90902783dc5fc7a1ef9b252,-5.676693439483643,-0.9472670555114746,4.729426383972168,4.729426383972168
2,106,be8e64c551e10274e2eedd2c,1.5099999904632568,1.3200830221176147,-0.1899169683456421,0.1899169683456421
2,107,7679d13549fc58c4864a4751,2.009999990463257,1.6554888486862183,-0.3545111417770386,0.3545111417770386
2,108,a2ff0520bba3883ccfec2cfa,4.744727611541748,3.5749752521514893,-1.1697523593902588,1.1697523593902588
2,109,505774e1071fc004b1e20a39,0.9300000071525574,0.9379240274429321,0.007924020290374756,0.007924020290374756
2,110,33c6d757bb795142257ba6fc,4.026872158050537,4.023098945617676,-0.003773212432861328,0.003773212432861328
2,111,da20208b6d4b728419346819,1.409999966621399,1.3331975936889648,-0.07680237293243408,0.07680237293243408
2,112,e1e9288ab43c56b53acc6952,0.8239087462425232,0.8573147654533386,0.03340601921081543,0.03340601921081543
2,113,04277f29c6d76eaf755f5f0e,1.2400000095367432,1.3552026748657227,0.11520266532897949,0.11520266532897949
2,114,0a3ecdd4fb993f91414af0d1,1.8601208925247192,1.805694818496704,-0.05442607402801514,0.05442607402801514
2,115,6e3d09b5319a4e458860fc07,1.583418846130371,1.9752252101898193,0.39180636405944824,0.39180636405944824
2,116,e859804497570b6bcfa185b6,0.25999999046325684,0.7921223640441895,0.5321223735809326,0.5321223735809326
2,117,d60edca848e2f858053f0201,1.0099999904632568,1.2052165269851685,0.19521653652191162,0.19521653652191162
2,118,6c25ec2eecb04387b4b56324,1.6799999475479126,1.5544679164886475,-0.12553203105926514,0.12553203105926514
2,119,57e8f425b5a62a9fe22aa2fa,3.795880079269409,3.9720728397369385,0.1761927604675293,0.1761927604675293
2,120,e877697aeab731bd02687101,3.7367584705352783,3.113063335418701,-0.6236951351165771,0.6236951351165771
2,121,c8f6951a858314d2e9717c5e,1.3200000524520874,1.3178341388702393,-0.0021659135818481445,0.0021659135818481445
2,122,2ccd4facf9e293425495bdca,1.3700000047683716,1.0902540683746338,-0.2797459363937378,0.2797459363937378
2,123,9b9bdef8bed1f51db51beab9,2.9800000190734863,2.671793222427368,-0.30820679664611816,0.30820679664611816
2,124,98837c1163f7d8ceecf0120f,0.7200000286102295,1.8214422464370728,1.1014422178268433,1.1014422178268433
2,125,64f08edc3ffbaa0eef8a8f5a,0.8700000047683716,0.5760200023651123,-0.2939800024032593,0.2939800024032593
2,126,72bed0852aa19bbc9f8a7e39,2.380000114440918,1.4501436948776245,-0.9298564195632935,0.9298564195632935
2,127,53b403e54c844a6533345f35,1.5399999618530273,1.4354937076568604,-0.10450625419616699,0.10450625419616699
2,128,d67fbb07a8ec398402a94e85,0.9900000095367432,1.4322659969329834,0.44226598739624023,0.44226598739624023
2,129,2c10c617e03217fb42e8be33,2.51855731010437,2.6183876991271973,0.09983038902282715,0.09983038902282715
2,130,194b5330d144c2a2653dbd46,0.324221670627594,1.2519575357437134,0.9277358651161194,0.9277358651161194
2,131,65ccc75887304ab1da43351e,0.6352614164352417,2.007270574569702,1.3720091581344604,1.3720091581344604
2,132,bf32b410471b5c24146a2444,1.309999942779541,1.574613332748413,0.26461338996887207,0.26461338996887207
2,133,d97b1820b207ad8d6d458c0d,2.2340831756591797,2.6121459007263184,0.37806272506713867,0.37806272506713867
2,134,f8de8ebd3ee4f21b5ae2512a,1.5099999904632568,0.7739070057868958,-0.7360929846763611,0.7360929846763611
2,135,7d640a5ff4102455eb9b5370,2.540356159210205,2.885483980178833,0.34512782096862793,0.34512782096862793
2,136,28b4baa201f8f98ea17b7008,3.7695510387420654,3.000652551651001,-0.7688984870910645,0.7688984870910645
2,137,9d9509e671f42549bc6dde06,4.568636417388916,4.434607982635498,-0.13402843475341797,0.13402843475341797
2,138,94dac7aec7b1d7465a5a9013,1.7699999809265137,1.870357632637024,0.10035765171051025,0.10035765171051025
2,139,0d7f3c2d4e6946dbf4763113,3.8004276752471924,3.18027663230896,-0.6201510429382324,0.6201510429382324
2,140,e20d00dd13f73a8ecb3fcd96,0.9800000190734863,0.9329773783683777,-0.04702264070510864,0.04702264070510864
2,141,1866b408e9920de00bf763f0,4.534616947174072,4.212625026702881,-0.3219919204711914,0.3219919204711914
2,142,ce5f80301c906c591f7cd998,1.25,1.5045385360717773,0.25453853607177734,0.25453853607177734
2,143,fbc9dd4337d33f2a3ee40935,2.369999885559082,3.673759698867798,1.3037598133087158,1.3037598133087158
2,144,96b013160c47ae9378b3f0be,1.5199999809265137,0.833997368812561,-0.6860026121139526,0.6860026121139526
2,145,9173fcb38593403450c42b20,2.2699999809265137,2.175732374191284,-0.09426760673522949,0.09426760673522949
2,146,876a00a02708d0f987c37e33,1.2100000381469727,1.1061711311340332,-0.10382890701293945,0.10382890701293945
2,147,737bcb94208e8833d70510c4,2.8181564807891846,2.472249746322632,-0.34590673446655273,0.34590673446655273
2,148,c22c1584f5e113b2fe1ee42b,2.440000057220459,2.0137531757354736,-0.42624688148498535,0.42624688148498535
2,149,d2357ac2d8e4218d12103f16,1.6056972742080688,2.98667049407959,1.380973219871521,1.380973219871521
2,150,6f327a6a54a657ce28bf77ba,1.721246361732483,1.5115809440612793,-0.2096654176712036,0.2096654176712036
2,151,97cd472de7747a296f9ba286,4.599999904632568,4.504326343536377,-0.0956735610961914,0.0956735610961914
2,152,1a1ad4523aedea5d75268cdc,1.659999966621399,1.9370628595352173,0.27706289291381836,0.27706289291381836
2,153,c59a89a9b047f35a83050a1c,0.3100000023841858,0.973895251750946,0.6638952493667603,0.6638952493667603
2,154,084c107db1c1dc07a8e65ceb,0.916469156742096,1.1432113647460938,0.2267422080039978,0.2267422080039978
2,155,d7d44b8d04f0391b26895008,0.25,0.6208581924438477,0.37085819244384766,0.37085819244384766
2,156,ebd805863c1a7147e5ac77c6,4.853871822357178,4.035114765167236,-0.8187570571899414,0.8187570571899414
2,157,b71065f009120555d9a8c59e,0.6499999761581421,0.9200479388237,0.27004796266555786,0.27004796266555786
2,158,7d4fe20817809365bdbb69f1,2.240000009536743,2.410797357559204,0.17079734802246094,0.17079734802246094
2,159,71cf80469e58370b92a24383,0.886056661605835,1.363361120223999,0.47730445861816406,0.47730445861816406
2,160,d196d9307cd11666fc378432,1.6989699602127075,2.6060986518859863,0.9071286916732788,0.9071286916732788
2,161,53600e31b67ea97dc1f11cec,1.2695510387420654,1.7397838830947876,0.47023284435272217,0.47023284435272217
2,162,c81b3d94b45f1d15ac4fe826,2.1999707221984863,2.1926896572113037,-0.007281064987182617,0.007281064987182617
2,163,aed2bb330573cd92cecdbb32,2.113509178161621,1.9886319637298584,-0.1248772144317627,0.1248772144317627
2,164,cc23b188e89228f9853734cc,2.430000066757202,2.414090394973755,-0.015909671783447266,0.015909671783447266
2,165,bf7ee1ba79d6d9e28dc14521,2.25,2.4661927223205566,0.21619272232055664,0.21619272232055664
2,166,1ec72511b1ccda6e6fccbf03,1.809999942779541,0.9217655062675476,-0.8882344365119934,0.8882344365119934
2,167,aa9ad9d33271db6eaf7db629,1.5100414752960205,2.1747217178344727,0.6646802425384521,0.6646802425384521
2,168,183ac622ab35e3eae0f02dd1,1.4500000476837158,1.3504524230957031,-0.0995476245880127,0.0995476245880127
2,169,a355541e1af79b285dd24d77,2.359999895095825,2.001070261001587,-0.3589296340942383,0.3589296340942383
2,170,8d32239cdf23c3c8e98efb77,0.8761483430862427,1.273411512374878,0.39726316928863525,0.39726316928863525
2,171,2ecd8eab910951c133609530,1.7958799600601196,1.4487990140914917,-0.34708094596862793,0.34708094596862793
2,172,65543f9286e8911e550162fd,0.550000011920929,1.4081085920333862,0.8581085801124573,0.8581085801124573
2,173,7a0373e8b14bbbe5eb8f6775,2.8181564807891846,2.472249746322632,-0.34590673446655273,0.34590673446655273
2,174,6c38b5c212aded69649db81f,0.36000001430511475,0.18756471574306488,-0.17243529856204987,0.17243529856204987
2,175,46215861d66bbc6ef69a61fc,0.800000011920929,0.24688629806041718,-0.5531136989593506,0.5531136989593506
2,176,b127d562a257594ff2e9f071,1.649999976158142,0.5592504739761353,-1.0907495021820068,1.0907495021820068
2,177,788c8baebeb5bdc50e6148d5,3.2403321266174316,4.011002540588379,0.7706704139709473,0.7706704139709473
2,178,048ff91af34f4114224c2624,4.236571788787842,3.6738812923431396,-0.5626904964447021,0.5626904964447021
2,179,d381ab5a775f15b31a0622fa,0.9100000262260437,1.0379903316497803,0.12799030542373657,0.12799030542373657
2,180,9d23f43fe50376cc3bdd9e7e,0.3010300099849701,0.5976117849349976,0.29658177495002747,0.29658177495002747
2,181,1952f05ec424d5c9c74ce0f1,1.8200000524520874,2.1189825534820557,0.29898250102996826,0.29898250102996826
2,182,c043e24e5d4e548bb79b7127,1.2599999904632568,1.2416950464248657,-0.018304944038391113,0.018304944038391113
2,183,a48bdcb845821a8ecf950b0c,2.013093948364258,2.297327756881714,0.28423380851745605,0.28423380851745605
2,184,1078ebab5b1a5bed5f41a824,0.6399999856948853,0.9291214346885681,0.28912144899368286,0.28912144899368286
2,185,561848edffe50ce4b0f2b029,1.090000033378601,1.0867393016815186,-0.0032607316970825195,0.0032607316970825195
2,186,17f594f05e9e1c1bc3c48940,0.5058454275131226,1.2865370512008667,0.7806916236877441,0.7806916236877441
2,187,dbc64fe43c8723c5accdc025,4.508638381958008,3.444711446762085,-1.0639269351959229,1.0639269351959229
2,188,b8eee05989167acbb1addb41,0.3100000023841858,0.5258578658103943,0.2158578634262085,0.2158578634262085
2,189,7387ba618e7d45a697be2d89,1.9299999475479126,1.917477011680603,-0.01252293586730957,0.01252293586730957
2,190,e28f03ccc3af72002c9510db,2.0315170288085938,1.9423868656158447,-0.08913016319274902,0.08913016319274902
2,191,2344798c8e693c59a90c1754,1.1100000143051147,0.5429511666297913,-0.5670488476753235,0.5670488476753235
2,192,d04a974b73d153e0624bec1c,0.6595559120178223,1.1206721067428589,0.4611161947250366,0.4611161947250366
2,193,24a8d0658a64d775b08b1a94,0.4099999964237213,0.31348270177841187,-0.09651729464530945,0.09651729464530945
2,194,1872ad459c74ed9653068013,2.92081880569458,2.708399534225464,-0.2124192714691162,0.2124192714691162
2,195,04b7932e2dc228cb17c7f5cf,0.3665315508842468,1.5558202266693115,1.18928861618042,1.18928861618042
2,196,e0420564df8c123858f953e4,2.8728952407836914,2.047011613845825,-0.8258836269378662,0.8258836269378662
2,197,676ea2a3614e2926cca1f1ce,1.390405535697937,1.9166127443313599,0.5262072086334229,0.5262072086334229
2,198,5898a331ba17671bf884bc8b,3.9981493949890137,3.89485764503479,-0.10329174995422363,0.10329174995422363
2,199,1aae782effd0910299d947e3,2.1500000953674316,1.3810487985610962,-0.7689512968063354,0.7689512968063354
2,200,8b7571ace798231cbb767b3b,0.6200000047683716,0.7794696688652039,0.15946966409683228,0.15946966409683228
2,201,cea3f0c1867603bd60438f13,0.949999988079071,0.7950266003608704,-0.15497338771820068,0.15497338771820068
2,202,9b4870f5b17e229413d60472,1.7300000190734863,1.0839414596557617,-0.6460585594177246,0.6460585594177246
2,203,b8fd41b5442a0c7ea496978f,2.152937650680542,3.0828609466552734,0.9299232959747314,0.9299232959747314
2,204,42f9b3f70098b71ecdace0e5,0.8600000143051147,1.3573663234710693,0.4973663091659546,0.4973663091659546
2,205,78cff929e4df072921cb30fb,1.9900000095367432,2.9501304626464844,0.9601304531097412,0.9601304531097412
2,206,73a9879c3bd5c59924e552e2,1.787812352180481,1.5451836585998535,-0.24262869358062744,0.24262869358062744
2,207,9ab2b28609270113b4a1994a,1.3565473556518555,1.363361120223999,0.006813764572143555,0.006813764572143555
2,208,71c2753f3bbd47ffe47a20d3,2.086186170578003,2.178755521774292,0.09256935119628906,0.09256935119628906
2,209,9bafd779b83f4d75008cbcbf,2.07572078704834,2.2211616039276123,0.14544081687927246,0.14544081687927246
2,210,3e5ca55dd9b19b471eff5435,1.2899999618530273,1.7228957414627075,0.4328957796096802,0.4328957796096802
2,211,857a1a65958144bdb3d73bcf,1.4299999475479126,1.3612266778945923,-0.06877326965332031,0.06877326965332031
2,212,fafbbf1f91e5ba109d40c447,0.20000000298023224,0.5137286186218262,0.3137286305427551,0.3137286305427551
2,213,3c28de1e823a1c165282475c,2.2699999809265137,1.926025390625,-0.34397459030151367,0.34397459030151367
2,214,7e91949728f4bddce2b4507d,1.3700000047683716,1.7194042205810547,0.3494042158126831,0.3494042158126831
2,215,dfd53a1c3da1e94b334df2f2,1.1699999570846558,1.2207996845245361,0.05079972743988037,0.05079972743988037
2,216,5f5d3da4259c7a7cb6778fef,3.7367584705352783,3.178438425064087,-0.5583200454711914,0.5583200454711914
2,217,6193872800e9949862b8546a,0.9900000095367432,1.326775312423706,0.3367753028869629,0.3367753028869629
2,218,eb8d1c68ddfe3f99f6871dc8,3.9700000286102295,3.50862717628479,-0.46137285232543945,0.46137285232543945
2,219,eb3fc5699653272f06b3edf7,2.0,1.4803991317749023,-0.5196008682250977,0.5196008682250977
2,220,9ab00dd86042840245c213af,2.4200000762939453,2.0214102268218994,-0.3985898494720459,0.3985898494720459
2,221,05bd27daeaa0ce3a28d67a2a,1.909999966621399,2.2869439125061035,0.3769439458847046,0.3769439458847046
2,222,a3defb8789eb9886e2843019,0.8600000143051147,1.0908069610595703,0.23080694675445557,0.23080694675445557
2,223,105c9f997cd24649f2dce42d,3.431798219680786,3.2875120639801025,-0.1442861557006836,0.1442861557006836
2,224,f14cb80b79b6f6dc03d8b881,1.059999942779541,0.829800009727478,-0.230199933052063,0.230199933052063
2,225,30b8b96248d960b66652c475,2.968151330947876,2.978685140609741,0.010533809661865234,0.010533809661865234
2,226,1b4129750350830e225fee88,1.440000057220459,0.8325116634368896,-0.6074883937835693,0.6074883937835693
2,227,801f58c0632e400e7eeec676,1.5299999713897705,0.9083369374275208,-0.6216630339622498,0.6216630339622498
2,228,2f10799d9a39d4306f2cb1f3,1.3799999952316284,1.7372941970825195,0.3572942018508911,0.3572942018508911
2,229,61c1f0d19d2bacb34f346350,2.158015251159668,1.2825995683670044,-0.8754156827926636,0.8754156827926636
2,230,db1f9f5afa1994ca1fd731cb,2.9871628284454346,2.9712917804718018,-0.015871047973632812,0.015871047973632812
2,231,f28f82fb2a73345346fb8d3f,2.7621512413024902,3.3689768314361572,0.606825590133667,0.606825590133667
2,232,e7e9a405243b9568d3098611,1.840000033378601,2.0713374614715576,0.23133742809295654,0.23133742809295654
2,233,d22b61dfb707eead2467206e,0.949999988079071,1.2617597579956055,0.3117597699165344,0.3117597699165344
2,234,c34b96c24451c82816329357,3.387216091156006,3.6983284950256348,0.3111124038696289,0.3111124038696289
2,235,85dba82aaacddd6dc9818cac,1.7700623273849487,2.6410043239593506,0.8709419965744019,0.8709419965744019
2,236,b0115745a30bb94e488931c1,1.7100000381469727,1.7657175064086914,0.05571746826171875,0.05571746826171875
2,237,98fd0a11a5dc577be190f153,2.0199999809265137,1.9780089855194092,-0.04199099540710449,0.04199099540710449
2,238,47889c53a9419bb8d7e2dd18,1.4921441078186035,2.9470269680023193,1.4548828601837158,1.4548828601837158
2,239,8ee1c4c07bab5c8436c15b6e,3.267606258392334,3.11881422996521,-0.14879202842712402,0.14879202842712402
2,240,75324b46d4667adc418f9534,-4.698100566864014,-0.4936750531196594,4.20442533493042,4.20442533493042
2,241,2e1c4701280de2d0d92abdaa,1.4199999570846558,1.734662652015686,0.3146626949310303,0.3146626949310303
2,242,a8d6b537f92b6e1a362aca1c,2.903090000152588,2.5515782833099365,-0.35151171684265137,0.35151171684265137
2,243,fd425a6c28f4354d41b41361,2.680000066757202,2.0661942958831787,-0.6138057708740234,0.6138057708740234
2,244,6ed8c54e48bb698a9053a7f3,0.793174147605896,1.073033332824707,0.27985918521881104,0.27985918521881104
2,245,3d2a32baf92f93516052f1c3,1.0700000524520874,0.7886176705360413,-0.28138238191604614,0.28138238191604614
2,246,a64c2839b63dfac1cfa06aed,1.7799999713897705,1.5374265909194946,-0.24257338047027588,0.24257338047027588
2,247,0573978a789e6fca0ff3d701,3.0999999046325684,3.3802430629730225,0.2802431583404541,0.2802431583404541
2,248,cdc81e14bb37bae765df3e93,0.7699999809265137,0.9794619679450989,0.2094619870185852,0.2094619870185852
2,249,8ae403ad3cab38f8044fd4a1,1.25,1.8063987493515015,0.5563987493515015,0.5563987493515015
2,250,ff77f54316ad54ea5425a30c,1.0299999713897705,0.8186455368995667,-0.21135443449020386,0.21135443449020386
2,251,7958e72db627889b874300e9,0.2924298346042633,1.5568890571594238,1.264459252357483,1.264459252357483
2,252,b234ee7d9d4a521c38c4158a,1.5199999809265137,1.3880133628845215,-0.1319866180419922,0.1319866180419922
2,253,d9852c353bba4a2a5e45440e,1.77211332321167,1.408559799194336,-0.363553524017334,0.363553524017334
2,254,8b6775cbb50674ceb40b7582,3.1281509399414062,3.0441365242004395,-0.0840144157409668,0.0840144157409668
2,255,2390b0fe2c293a78b1d5588f,0.8700000047683716,0.7885101437568665,-0.08148986101150513,0.08148986101150513
2,256,06a8075a9803d146ce5b4c10,1.2100000381469727,2.0859158039093018,0.8759157657623291,0.8759157657623291
2,257,6dd131a4a11d700ffd4099cc,3.2266199588775635,2.679633855819702,-0.5469861030578613,0.5469861030578613
2,258,28af91f5fbfb44bbd9b018d2,2.7708303928375244,2.738816022872925,-0.03201436996459961,0.03201436996459961
2,259,c8fcc915465e8d5c01bd8370,1.5099073648452759,1.3707633018493652,-0.13914406299591064,0.13914406299591064
2,260,15ba2292399c5fcb721bbcef,2.397939920425415,2.1359543800354004,-0.26198554039001465,0.26198554039001465
2,261,3f1b5fc71edecc2ca9d2e276,0.102372907102108,0.6646615862846375,0.5622887015342712,0.5622887015342712
2,262,49a50783cdb86c06d943da61,3.32790207862854,3.6625659465789795,0.33466386795043945,0.33466386795043945
2,263,6bf4e7d10ec3c741c971e933,0.3499999940395355,0.7170175909996033,0.36701759696006775,0.36701759696006775
2,264,8c0441f8fac9436ab432c06c,2.4100000858306885,2.1645314693450928,-0.2454686164855957,0.2454686164855957
2,265,ef9527ba07c26b056c0c69f0,3.296708583831787,3.255324125289917,-0.04138445854187012,0.04138445854187012
2,266,763111ed0dee617681569578,1.9500000476837158,2.2632896900177,0.3132896423339844,0.3132896423339844
2,267,08d0e72fc7daa14903b355b0,3.124938726425171,3.1052749156951904,-0.01966381072998047,0.01966381072998047
2,268,2d107ddf3a3e7aca42f6858c,4.2441253662109375,3.746615171432495,-0.4975101947784424,0.4975101947784424
2,269,aee18833fa12a8adcffa6140,0.8100000023841858,0.8938831090927124,0.08388310670852661,0.08388310670852661
2,270,fa5d7f7d021c6218de409610,1.1549019813537598,1.3028159141540527,0.14791393280029297,0.14791393280029297
2,271,8f279d86fc8f55b70a0048c3,2.9800000190734863,2.453904390335083,-0.5260956287384033,0.5260956287384033
2,272,fc4e99fa1ea1266e9cc675be,2.3499999046325684,2.400787591934204,0.05078768730163574,0.05078768730163574
2,273,769e5e60a209aa0920fc5185,2.309999942779541,2.132913827896118,-0.17708611488342285,0.17708611488342285
2,274,86fd8f4c3d791c10c12bd310,2.314258337020874,2.3694307804107666,0.05517244338989258,0.05517244338989258
2,275,4e3cc2a0d2e58fe2d8e3aeaf,3.3004887104034424,3.9073240756988525,0.6068353652954102,0.6068353652954102
2,276,d66d5695bc54266717665e4d,3.1346988677978516,3.3341867923736572,0.19948792457580566,0.19948792457580566
2,277,5f58327c87f5b5e5efd9d0dd,1.350000023841858,1.2942969799041748,-0.055703043937683105,0.055703043937683105
2,278,46cfe6d75a1bb19cf5ab10c1,2.700000047683716,3.2446141242980957,0.5446140766143799,0.5446140766143799
2,279,47f4b27e0d8ac300a56e4faa,2.5000381469726562,2.448413133621216,-0.05162501335144043,0.05162501335144043
2,280,f8ae3676c1a657e808a4121c,2.369999885559082,2.2384588718414307,-0.13154101371765137,0.13154101371765137
2,281,462b3f1e6b5e9be1ba23f8b2,2.7869250774383545,2.780050754547119,-0.0068743228912353516,0.0068743228912353516
2,282,e577e8b06f69c6119278ddbb,0.8700000047683716,1.0350959300994873,0.16509592533111572,0.16509592533111572
2,283,37880df5bf80c5297eb97166,3.956244945526123,3.026470184326172,-0.9297747611999512,0.9297747611999512
2,284,a1e0f91160249af82cf7c371,1.1100000143051147,1.1743781566619873,0.06437814235687256,0.06437814235687256
2,285,20b89cd6568fd6eb8a2a5228,3.0799999237060547,2.045302152633667,-1.0346977710723877,1.0346977710723877
2,286,6385171f4fd0e533f5de4092,4.878330707550049,4.185619831085205,-0.6927108764648438,0.6927108764648438
2,287,1f8ded1a1ac17de772db2716,3.0705809593200684,2.9959254264831543,-0.07465553283691406,0.07465553283691406
2,288,cb22d12a97b6a5d25db04dd6,2.309999942779541,1.0693856477737427,-1.2406142950057983,1.2406142950057983
2,289,ad5d095b86142f296d17654f,2.309999942779541,2.117725372314453,-0.1922745704650879,0.1922745704650879
2,290,7b3fcbe1812cc828f0f9072e,0.8500000238418579,1.4335429668426514,0.5835429430007935,0.5835429430007935
2,291,a085e4b396e1d8b47c9862ac,4.100015640258789,3.7804508209228516,-0.3195648193359375,0.3195648193359375
2,292,584ddd4f4acc0df42a783d44,0.41999998688697815,0.6688867211341858,0.24888673424720764,0.24888673424720764
2,293,3af3a1f7ae139491afa51169,0.5099999904632568,0.6491867899894714,0.1391867995262146,0.1391867995262146
2,294,7c79def2765ebc81a24200b3,0.46000000834465027,0.4830262064933777,0.023026198148727417,0.023026198148727417
2,295,d9b6730aa93551c608ad04fe,0.4000000059604645,0.7062709927558899,0.3062709867954254,0.3062709867954254
2,296,51a50936ef7d64783e5bab66,2.630000114440918,3.610227584838867,0.9802274703979492,0.9802274703979492
2,297,f43486d89e34398da6a85b20,0.5899999737739563,0.8476642966270447,0.2576643228530884,0.2576643228530884
2,298,c51815eedb5cf5269db7fae9,2.180000066757202,2.0285403728485107,-0.1514596939086914,0.1514596939086914
2,299,da06b04423f5625e20f1ece3,0.2958800196647644,0.7235956788063049,0.4277156591415405,0.4277156591415405
2,300,427fe390eab32f531a398a10,2.091515064239502,3.646406888961792,1.55489182472229,1.55489182472229
2,301,58c67db16e86517232d47566,0.9300000071525574,1.2158329486846924,0.285832941532135,0.285832941532135
2,302,6c4e8f1b2ef5a8a2317fdcb6,4.0,2.738940715789795,-1.261059284210205,1.261059284210205
2,303,16c1fe17f398142d1ea3a0bb,1.5099999904632568,1.601457118988037,0.09145712852478027,0.09145712852478027
2,304,69a6d8ce636e1d6196dec679,0.6307841539382935,1.3751962184906006,0.7444120645523071,0.7444120645523071
2,305,7a3449914b0201da93bf586f,2.369999885559082,1.3215763568878174,-1.0484235286712646,1.0484235286712646
2,306,4fa550b24516a9198b815869,2.0,2.2697503566741943,0.26975035667419434,0.26975035667419434
2,307,6cdfe449d6fe547ab26a9d66,1.4685211181640625,1.4912049770355225,0.02268385887145996,0.02268385887145996
2,308,75e0f3e8ab4f8658e32f5542,3.8399999141693115,3.7095110416412354,-0.13048887252807617,0.13048887252807617
2,309,9128562a99313545ab76d3cb,1.4900000095367432,1.556725025177002,0.06672501564025879,0.06672501564025879
2,310,b5a4ed89c0e228473098793a,1.559999942779541,0.7018411159515381,-0.8581588268280029,0.8581588268280029
2,311,35d9721f7be2e52cce0688f3,2.950007200241089,2.701817274093628,-0.24818992614746094,0.24818992614746094
2,312,255ba2391f6417c8cb3a7ed2,1.5199999809265137,1.4231747388839722,-0.0968252420425415,0.0968252420425415
2,313,46df848c7bdc3e5ccf45fe81,2.3299999237060547,1.9422969818115234,-0.38770294189453125,0.38770294189453125
2,314,d98dec74ee51ef5043027320,2.3372421264648438,2.832467794418335,0.4952256679534912,0.4952256679534912
2,315,897b4865b20728f298d35928,2.109999895095825,2.5432918071746826,0.4332919120788574,0.4332919120788574
2,316,c6dbe88edb96f853e36cff49,2.440000057220459,1.0041844844818115,-1.4358155727386475,1.4358155727386475
2,317,a09423b84cc19cdf377d5406,2.630000114440918,2.4792861938476562,-0.15071392059326172,0.15071392059326172
2,318,559a78c8ec5efc106d287915,2.975635290145874,2.872925281524658,-0.10271000862121582,0.10271000862121582
2,319,0a7a122bb96852a8f4f8e0c0,0.6345120072364807,2.007270574569702,1.3727586269378662,1.3727586269378662
2,320,4fe2e0ea29cbc636a8538379,3.522878646850586,3.7293946743011475,0.20651602745056152,0.20651602745056152
2,321,3ec257c1f8675c2bc9ba9bc3,3.990000009536743,3.8939356803894043,-0.09606432914733887,0.09606432914733887
2,322,6647ab5d41cee41cf7790ae2,1.309999942779541,1.0763330459594727,-0.23366689682006836,0.23366689682006836
2,323,afccab605698a457b5a467d4,1.309999942779541,0.8225017189979553,-0.4874982237815857,0.4874982237815857
2,324,69a368dd4ed0f6acff2f2ccd,3.3767507076263428,3.5550973415374756,0.1783466339111328,0.1783466339111328
2,325,c408050e759878d8e2e577f3,0.75,1.239128828048706,0.48912882804870605,0.48912882804870605
2,326,6adcb5dcb9961d990724cf97,0.3100000023841858,0.6713650822639465,0.36136507987976074,0.36136507987976074
2,327,71fe97741652d0b2566b8823,1.1938199996948242,3.2608253955841064,2.0670053958892822,2.0670053958892822
2,328,9d4e2905d89dc4bc750faabc,4.585026741027832,4.048110485076904,-0.5369162559509277,0.5369162559509277
2,329,3461b70117faccd9d5e4c178,2.890000104904175,1.6792306900024414,-1.2107694149017334,1.2107694149017334
2,330,bcc2957265900c7d5d0ae1d6,1.9800000190734863,0.9669638276100159,-1.0130362510681152,1.0130362510681152
2,331,1975c6dba18bfa380301f17c,0.2800000011920929,0.4445222020149231,0.1645222008228302,0.1645222008228302
2,332,392ca752973ab1349debc0d6,1.7799999713897705,1.7530438899993896,-0.02695608139038086,0.02695608139038086
2,333,47d8928dafaf610fc27fe1aa,2.559999942779541,1.836558222770691,-0.7234417200088501,0.7234417200088501
2,334,9b86e1e90d4a0f141585cb05,4.301030158996582,4.014435291290283,-0.28659486770629883,0.28659486770629883
2,335,c3d522829336a0c2922dbfef,1.991399884223938,2.6346747875213623,0.6432749032974243,0.6432749032974243
2,336,0f0869f3b6ed5786c864ae95,2.5799999237060547,3.2472171783447266,0.6672172546386719,0.6672172546386719
2,337,c19bbdd9defa8fdbde5b2a4b,3.135786533355713,4.192650318145752,1.056863784790039,1.056863784790039
2,338,d073584bd20540bb79c22273,2.039529323577881,2.037055253982544,-0.002474069595336914,0.002474069595336914
2,339,90798f1bbd90365eaca6a31d,1.2899999618530273,1.94149649143219,0.6514965295791626,0.6514965295791626
2,340,479ad947e42cdd4f0545bcfe,0.800000011920929,0.386252224445343,-0.41374778747558594,0.41374778747558594
2,341,e8792769f8b3fb50206c6b91,2.568636178970337,1.989259958267212,-0.579376220703125,0.579376220703125
2,342,1935c7cf06ca9a783ab737f2,2.2699999809265137,2.366051435470581,0.09605145454406738,0.09605145454406738
2,343,468f433d2affab93e9f39257,2.0809218883514404,1.7959709167480469,-0.28495097160339355,0.28495097160339355
2,344,8b3eab582e2b1c35c3553aa3,0.8100000023841858,0.9265315532684326,0.11653155088424683,0.11653155088424683
2,345,7a1fbb0de6ef3de9dcc442d7,1.0,1.0755846500396729,0.07558465003967285,0.07558465003967285
2,346,082bf0a35f663a6f872884cd,0.8399999737739563,1.3276859521865845,0.4876859784126282,0.4876859784126282
2,347,bb2df6fb32f0b29f656f98cf,-0.11999999731779099,0.8259776830673218,0.9459776878356934,0.9459776878356934
2,348,a9cff8120b0c64a2b0d69b27,1.1299999952316284,1.0100736618041992,-0.1199263334274292,0.1199263334274292
2,349,e51ec347768207a53db063d0,3.552841901779175,3.410412549972534,-0.14242935180664062,0.14242935180664062
2,350,19246d01e069737410a233d0,-0.03999999910593033,0.9549999833106995,0.9950000047683716,0.9950000047683716
2,351,a466faa10452a0ed97725f93,1.8200000524520874,1.634496808052063,-0.18550324440002441,0.18550324440002441
2,352,04a1375066dde67412bc03c4,2.4134128093719482,2.069563150405884,-0.34384965896606445,0.34384965896606445
2,353,9ded290e4e869cd35a674246,1.1799999475479126,1.2829097509384155,0.10290980339050293,0.10290980339050293
2,354,60b35278c816bbfb3f5d2910,1.7000000476837158,1.865329623222351,0.16532957553863525,0.16532957553863525
2,355,59571b63371921aaa1304d5d,2.0,1.745219111442566,-0.2547808885574341,0.2547808885574341
2,356,9bf7535efaa468d79ade67c2,4.150028228759766,4.262743949890137,0.1127157211303711,0.1127157211303711
2,357,2cd878e9f602bde7f0fb5edc,1.899999976158142,1.967421531677246,0.067421555519104,0.067421555519104
2,358,3cad97367cb17abc89a5673a,2.559999942779541,2.802469491958618,0.24246954917907715,0.24246954917907715
2,359,6eaf725c9c28d25d489c1ea0,2.698970079421997,3.0158464908599854,0.3168764114379883,0.3168764114379883
2,360,739c9f66e0fa6e7217ec5a5a,1.2695510387420654,0.8290102481842041,-0.44054079055786133,0.44054079055786133
2,361,ecd9a7ccac7887b6431fc888,2.1700000762939453,1.7649884223937988,-0.4050116539001465,0.4050116539001465
2,362,6d1214f3a82231e6b2dd5c09,1.4700000286102295,1.507803201675415,0.03780317306518555,0.03780317306518555
2,363,edc88134df8ab4c6ee9015de,0.3565473258495331,0.6642876267433167,0.30774030089378357,0.30774030089378357
2,364,de13df92fc50a45c55abebca,1.3300000429153442,2.458359479904175,1.1283594369888306,1.1283594369888306
2,365,64bc59277c31fd6418d5f5e8,3.477121353149414,3.241269588470459,-0.23585176467895508,0.23585176467895508
2,366,5744781c5ec7404bb2a4aaf6,1.690000057220459,2.0130198001861572,0.32301974296569824,0.32301974296569824
2,367,5a333e74760cf3a45c7e2deb,0.5883802771568298,1.278109073638916,0.6897287964820862,0.6897287964820862
2,368,79bc1a5cb38e481fabffe0e3,0.6100000143051147,1.3200583457946777,0.710058331489563,0.710058331489563
2,369,5621afd0ed16b14fef06b72d,1.0399999618530273,0.7574513554573059,-0.28254860639572144,0.28254860639572144
2,370,a6f06ad747f1e1ed5a12e6a1,0.9625735282897949,1.6035988330841064,0.6410253047943115,0.6410253047943115
2,371,78f6514e109a1af93833460e,1.6020599603652954,1.3130948543548584,-0.288965106010437,0.288965106010437
2,372,145e493fc2b492da4db4c1d7,2.7212464809417725,1.6706054210662842,-1.0506410598754883,1.0506410598754883
2,373,5c3a8ea7671bfefc348e10d0,2.3299999237060547,1.909527063369751,-0.4204728603363037,0.4204728603363037
2,374,b19a6fcc5e3dead1f6a396b2,4.639999866485596,4.227821350097656,-0.41217851638793945,0.41217851638793945
2,375,11a66d232e3b162de94cfb3a,2.7878124713897705,2.828319787979126,0.04050731658935547,0.04050731658935547
2,376,357f5487dafc130010db899e,2.0299999713897705,2.2597479820251465,0.22974801063537598,0.22974801063537598
2,377,6a0bdc1dcebe641d32d704a1,2.919316053390503,2.901130437850952,-0.01818561553955078,0.01818561553955078
2,378,de66696baffdb2e7b7c55500,1.4800000190734863,1.1652096509933472,-0.31479036808013916,0.31479036808013916
2,379,cbc13e88cbb27728027685c4,2.739928722381592,2.775329351425171,0.0354006290435791,0.0354006290435791
2,380,bd4ce92fe2ab3e5a4d500aa4,3.0,2.6731388568878174,-0.3268611431121826,0.3268611431121826
2,381,24a6e1b9ccfbb3bbda192ced,1.0,0.8220399022102356,-0.1779600977897644,0.1779600977897644
2,382,dbfffc61cf25ba9ad916fb5e,1.3899999856948853,1.2073345184326172,-0.18266546726226807,0.18266546726226807
2,383,7a88d8d5a5ca3a6c21f56325,3.698970079421997,4.04912805557251,0.3501579761505127,0.3501579761505127
2,384,a4a13ba500c7086b501c5de7,0.6600000262260437,1.0146145820617676,0.3546145558357239,0.3546145558357239
2,385,5378731687952e16355df55d,4.269999980926514,4.215098857879639,-0.054901123046875,0.054901123046875
2,386,338d3aeddbde9f7d6523de3d,2.698970079421997,2.4724338054656982,-0.22653627395629883,0.22653627395629883
2,387,0eba0ce7ae69b3b16010e4dd,2.049999952316284,2.2479946613311768,0.19799470901489258,0.19799470901489258
2,388,c2568c710e0afec36c288fbd,2.664207935333252,2.4287445545196533,-0.23546338081359863,0.23546338081359863
2,389,eb1d0cb29c38700fa43e7664,0.9700000286102295,1.0051403045654297,0.035140275955200195,0.035140275955200195
2,390,2b8c8eb484665902399987dd,1.809999942779541,1.7774710655212402,-0.03252887725830078,0.03252887725830078
2,391,0d764c90e6ca8041f4c73f2d,1.7100000381469727,1.4349188804626465,-0.27508115768432617,0.27508115768432617
2,392,02f7d2a390ac5cd29dffe695,1.886056661605835,2.1538872718811035,0.26783061027526855,0.26783061027526855
2,393,f134039c378b913c42496b6d,1.2599999904632568,0.7705606818199158,-0.48943930864334106,0.48943930864334106
2,394,27093a5605b70ed39fbdf071,0.949999988079071,1.8409596681594849,0.8909596800804138,0.8909596800804138
2,395,b3cd59f653af36bf1bcf06f5,0.05000000074505806,0.7736454606056213,0.7236454486846924,0.7236454486846924
2,396,04a456ab7512ba3628a1e4e7,1.0800000429153442,1.103424310684204,0.023424267768859863,0.023424267768859863
2,397,3bc06668f90ffdd0fd50e02e,4.221848964691162,3.898613691329956,-0.32323527336120605,0.32323527336120605
2,398,9dc9881b0b8884a14640e5c3,0.7099999785423279,1.2647452354431152,0.5547452569007874,0.5547452569007874
2,399,54a62065a95f05ef2d633352,1.3200000524520874,1.6827609539031982,0.36276090145111084,0.36276090145111084
2,400,1a32141ed2bebdc3c5a87b6c,1.559999942779541,1.0810497999191284,-0.4789501428604126,0.4789501428604126
2,401,7af7011ee49030724abc23ef,1.0691397190093994,1.577768087387085,0.5086283683776855,0.5086283683776855
2,402,46c8a43a119352aebf25a524,2.150515079498291,1.9759690761566162,-0.1745460033416748,0.1745460033416748
2,403,6c11899405e65264651f7be2,2.4700000286102295,2.1860077381134033,-0.28399229049682617,0.28399229049682617
2,404,bf73ced09ac7a39119788635,3.4881513118743896,3.274897336959839,-0.21325397491455078,0.21325397491455078
2,405,86faa09c2ef85f427d258d03,1.5,1.8196978569030762,0.31969785690307617,0.31969785690307617
2,406,784d4cf92e6ccc0f6aabc6cc,1.5700000524520874,1.2922471761703491,-0.2777528762817383,0.2777528762817383
2,407,92ab4ebd4633c4a289c0ca2a,1.600000023841858,1.514369249343872,-0.08563077449798584,0.08563077449798584
2,408,84c1a6fe28e47dbe24de88c3,0.3979400098323822,1.5460186004638672,1.1480785608291626,1.1480785608291626
2,409,082ef3f69d9bbc78991b3774,1.2699999809265137,1.4894169569015503,0.21941697597503662,0.21941697597503662
2,410,8d5f855f87dfd0b69b5679bb,2.809999942779541,1.6444998979568481,-1.1655000448226929,1.1655000448226929
2,411,9a5c6c2b71b8483f63ce6b69,1.659999966621399,1.315821886062622,-0.34417808055877686,0.34417808055877686
2,412,3230ed66c832b03c1a1d7253,1.0499999523162842,1.1650023460388184,0.11500239372253418,0.11500239372253418
2,413,b19b959a07ecd652f6915533,2.119999885559082,2.70511794090271,0.5851180553436279,0.5851180553436279
2,414,5a9105a21f623e2dc831a97b,0.5199999809265137,0.46600550413131714,-0.05399447679519653,0.05399447679519653
2,415,e6648a220c7ed055037d3ede,0.7200000286102295,0.9753487706184387,0.25534874200820923,0.25534874200820923
2,416,9658da798b7e67d16b428bab,1.3979400396347046,3.131153106689453,1.7332130670547485,1.7332130670547485
2,417,9107cc4ab3ab7f4d0bd545e1,4.585026741027832,3.530705213546753,-1.054321527481079,1.054321527481079
2,418,db752c35e7995b06192a97ea,0.38999998569488525,0.6823917627334595,0.2923917770385742,0.2923917770385742
2,419,90c54d44da225d9c56882438,1.0499999523162842,1.6758828163146973,0.6258828639984131,0.6258828639984131
2,420,3c723d2c9846c451702bdb54,1.9500000476837158,2.4148104190826416,0.4648103713989258,0.4648103713989258
2,421,7a85a78347fe3442f01fe26f,0.8299999833106995,0.9396654963493347,0.10966551303863525,0.10966551303863525
2,422,1a59ce268b85b16a8790222b,3.2200000286102295,3.464772939682007,0.24477291107177734,0.24477291107177734
2,423,3a2762385b5e509d91c10eb0,1.5700000524520874,1.5192790031433105,-0.050721049308776855,0.050721049308776855
2,424,dbe34fc5f10ee50968941966,1.399999976158142,0.8589963316917419,-0.5410036444664001,0.5410036444664001
2,425,63f664568ac313a15205dcea,2.130768299102783,1.8519848585128784,-0.2787834405899048,0.2787834405899048
2,426,58ebdc9baa8b528fb584e79b,2.059999942779541,1.4639701843261719,-0.5960297584533691,0.5960297584533691
2,427,0bd79384919e720c97a861e9,0.9700000286102295,0.7334084510803223,-0.23659157752990723,0.23659157752990723
2,428,f17187ebdf7524fcfc9d134f,4.819874286651611,4.313024044036865,-0.5068502426147461,0.5068502426147461
2,429,451d91561dd06452ab32529e,1.2799999713897705,1.3045706748962402,0.024570703506469727,0.024570703506469727
2,430,8b98ffef8e1bf4c96ccf1c25,1.0499999523162842,1.1199651956558228,0.06996524333953857,0.06996524333953857
2,431,c2847f736160a7caf69f0845,1.4317982196807861,1.2645015716552734,-0.1672966480255127,0.1672966480255127
2,432,9a16450ef4cf39ee4ab65e49,1.809999942779541,2.3823294639587402,0.5723295211791992,0.5723295211791992
2,433,b792949f37da6d1edc53e4f7,2.3767507076263428,2.1788721084594727,-0.19787859916687012,0.19787859916687012
2,434,79d64893b2fffe41ac7af493,1.0499999523162842,0.9153032898902893,-0.13469666242599487,0.13469666242599487
2,435,135e27a6710109ff9c2b5e13,1.1299999952316284,1.0716277360916138,-0.05837225914001465,0.05837225914001465
2,436,493a7313bd964854dabca50d,1.340000033378601,1.0877444744110107,-0.25225555896759033,0.25225555896759033
2,437,1bdca61007a246569ea36a0e,1.2100000381469727,1.3827080726623535,0.17270803451538086,0.17270803451538086
2,438,6ef51f4e8c45258e2d11937a,4.387216091156006,3.878678560256958,-0.5085375308990479,0.5085375308990479
2,439,1b4c649bb510e7e89e244979,2.430000066757202,2.8203485012054443,0.3903484344482422,0.3903484344482422
2,440,a17f9927f49ec3c592169b30,1.5934598445892334,1.541820764541626,-0.05163908004760742,0.05163908004760742
2,441,da1edf8878426b8679ffbc41,1.148741602897644,1.295707106590271,0.14696550369262695,0.14696550369262695
2,442,7b2168cfc39dc01da5714ab2,4.193819999694824,4.250638484954834,0.056818485260009766,0.056818485260009766
2,443,fb4982fefc4db80021b5535c,2.698970079421997,2.711256742477417,0.012286663055419922,0.012286663055419922
2,444,28416c65a20e141f352d3b77,1.809999942779541,1.227682113647461,-0.5823178291320801,0.5823178291320801
2,445,345679ea916f2362217e5a3a,3.4762535095214844,3.5288631916046143,0.05260968208312988,0.05260968208312988
2,446,1c5d208e49aee074b8da7c7f,1.9500000476837158,2.1735663414001465,0.22356629371643066,0.22356629371643066
2,447,f9c6fb84572a55172923bdd1,1.1299999952316284,1.2642154693603516,0.13421547412872314,0.13421547412872314
2,448,f39ee2a21d05c2d18d423112,2.301029920578003,2.037128210067749,-0.2639017105102539,0.2639017105102539
2,449,ffd1599e41e890c9402630f5,0.4099999964237213,0.7603452801704407,0.35034528374671936,0.35034528374671936
2,450,99e22ea12f96de0cd968e99d,2.140000104904175,1.5513032674789429,-0.5886968374252319,0.5886968374252319
2,451,2c94429d11480e2117a10281,2.109999895095825,2.086463212966919,-0.02353668212890625,0.02353668212890625
2,452,948b940480f3ffb33e5b20fa,1.5700000524520874,1.8625844717025757,0.2925844192504883,0.2925844192504883
2,453,77b431a5602d2c31f396804b,2.5800442695617676,2.538342237472534,-0.0417020320892334,0.0417020320892334
2,454,3b23853c7df1a095acc86717,2.9800000190734863,2.9729344844818115,-0.007065534591674805,0.007065534591674805
2,455,400df5fc87a7a651e3129f66,0.36000001430511475,0.7293530106544495,0.3693529963493347,0.3693529963493347
2,456,cea06419041962f337fdf4f6,0.9300000071525574,1.1035735607147217,0.1735735535621643,0.1735735535621643
2,457,569481a4f1488acaf3547448,-0.7481880187988281,1.0315265655517578,1.779714584350586,1.779714584350586
2,458,44321f95b4c63239f80b5e09,2.0299999713897705,1.6564515829086304,-0.37354838848114014,0.37354838848114014
2,459,8bdb9e27b21b3ba7d9ff62cb,0.5699999928474426,0.7549651265144348,0.1849651336669922,0.1849651336669922
2,460,164972aedaf63f1c99a58c15,0.9700000286102295,0.9870869517326355,0.017086923122406006,0.017086923122406006
2,461,0a8d99920243e00b8466223b,1.3899999856948853,0.8074191808700562,-0.5825808048248291,0.5825808048248291
2,462,ac6854c1b7dc208adc70dcc1,4.573488712310791,3.9771578311920166,-0.5963308811187744,0.5963308811187744
2,463,142ef6457eb2b209117f9e18,0.949999988079071,1.033779501914978,0.08377951383590698,0.08377951383590698
2,464,0a4e122d033a9525ae45a0d1,2.799999952316284,2.4627912044525146,-0.33720874786376953,0.33720874786376953
2,465,4b25ee01a83d0ff5de8ecaf5,1.4500000476837158,1.8668756484985352,0.41687560081481934,0.41687560081481934
2,466,92fb12d6fc813a47085e5673,2.2300000190734863,1.5651096105575562,-0.6648904085159302,0.6648904085159302
2,467,58010a9bf471f229d778e958,3.51855731010437,3.442944288253784,-0.07561302185058594,0.07561302185058594
2,468,439d538614c2a5f3e942af80,1.1200000047683716,1.5783262252807617,0.45832622051239014,0.45832622051239014
2,469,9561ce0a425a7ca921a9494a,2.4685211181640625,3.1032516956329346,0.6347305774688721,0.6347305774688721
2,470,118fbc3e231f33dbc40775a1,3.886056661605835,3.9524848461151123,0.06642818450927734,0.06642818450927734
2,471,b69fa83b888960c3713abe34,1.8799999952316284,1.089883804321289,-0.7901161909103394,0.7901161909103394
2,472,a8bea06174ebdd74ab55e616,0.9900000095367432,1.3313167095184326,0.34131669998168945,0.34131669998168945
2,473,d0478a17ab005dafa792f5ae,2.869999885559082,0.7751078009605408,-2.0948920249938965,2.0948920249938965
2,474,eac15c5c51e579c10931f226,3.522878646850586,3.5391993522644043,0.01632070541381836,0.01632070541381836
2,475,0a8492ef60266f7f5bb9f1b1,1.409999966621399,1.0977715253829956,-0.3122284412384033,0.3122284412384033
2,476,2e32b971c755b9c9e4d9ab09,0.550000011920929,0.8709589242935181,0.3209589123725891,0.3209589123725891
2,477,f107747c0d3aa61cad639e73,1.2644010782241821,1.7554246187210083,0.49102354049682617,0.49102354049682617
2,478,5105410466cb48a5f31ec5a3,1.809999942779541,2.2210216522216797,0.41102170944213867,0.41102170944213867
2,479,6d17cf21b6844b727db0fdbe,2.3399999141693115,2.4340972900390625,0.09409737586975098,0.09409737586975098
2,480,3a69a21800475ed77eecfac2,1.2699999809265137,1.867109775543213,0.5971097946166992,0.5971097946166992
2,481,ed326b721e60d75a5daa7966,2.0799999237060547,1.1832447052001953,-0.8967552185058594,0.8967552185058594
2,482,aa0157ab8fe96366102dbcbd,0.9599999785423279,1.151538372039795,0.19153839349746704,0.19153839349746704
2,483,587e96cbdb712acb1d1ca91a,4.15490198135376,3.9807026386260986,-0.17419934272766113,0.17419934272766113
2,484,f532c7948a6cd18b99ab5534,1.5622494220733643,1.3781225681304932,-0.1841268539428711,0.1841268539428711
2,485,06c777700bd50f9ab22b7d54,2.0799999237060547,1.7657794952392578,-0.3142204284667969,0.3142204284667969
2,486,36ccd71d65eb826aaef281cc,2.259999990463257,1.83058762550354,-0.4294123649597168,0.4294123649597168
2,487,691d8896b95c57955bf2dc66,0.9399999976158142,1.481802225112915,0.5418022274971008,0.5418022274971008
2,488,135dc65595fb63fc67e76058,3.069999933242798,1.810655117034912,-1.2593448162078857,1.2593448162078857
2,489,4fd9d58b002ca4839f6d91b6,0.9399999976158142,1.5701453685760498,0.6301453709602356,0.6301453709602356
2,490,c891b15ab2d4b307ce8e24e7,0.027797162532806396,1.413474678993225,1.3856775760650635,1.3856775760650635
2,491,1f8c381221afc0a1fe1ca5d1,1.9700000286102295,1.8390800952911377,-0.1309199333190918,0.1309199333190918
2,492,87e9a55ca3d74a28c9fb6486,3.5477027893066406,3.6974377632141113,0.1497349739074707,0.1497349739074707
2,493,891faa2a86746889ba8e2191,1.2182446718215942,1.3208348751068115,0.10259020328521729,0.10259020328521729
2,494,22ece9e7bf86c0ccc929134f,3.0999999046325684,3.1958274841308594,0.09582757949829102,0.09582757949829102
2,495,37c2b344f7133db1e2fe9b33,0.9300000071525574,1.831228256225586,0.9012282490730286,0.9012282490730286
2,496,ebbcd4b8b85d8c2c332d4126,-0.8864907026290894,0.9290145635604858,1.8155052661895752,1.8155052661895752
2,497,e901ef7d90da37ceb5b8ee4d,1.9900000095367432,1.9643497467041016,-0.0256502628326416,0.0256502628326416
2,498,7f2d0aeabe32312336b45876,1.4253904819488525,1.1584298610687256,-0.26696062088012695,0.26696062088012695
2,499,81eaaf79fafc61f8526af937,0.8100000023841858,1.0619466304779053,0.2519466280937195,0.2519466280937195
2,500,a4be5e18299bc008b6f494d9,0.6399999856948853,1.2869343757629395,0.6469343900680542,0.6469343900680542
2,501,1b66f96ad4b6bba8c7709c91,3.92081880569458,3.904686212539673,-0.016132593154907227,0.016132593154907227
2,502,dd7b98ec6df001c6c02ac6fb,1.3300000429153442,1.761319637298584,0.43131959438323975,0.43131959438323975
2,503,51e9add96e88df031a54c879,0.8799999952316284,0.7041646838188171,-0.17583531141281128,0.17583531141281128
2,504,3a563aaf72221b6db88a20f8,1.5482136011123657,1.741679310798645,0.1934657096862793,0.1934657096862793
2,505,ae6e83432ad2f196fd28c25d,1.287813425064087,0.9147630929946899,-0.373050332069397,0.373050332069397
2,506,35710d3b61ff0e9bdd78f895,0.949999988079071,1.2097358703613281,0.2597358822822571,0.2597358822822571
2,507,7d9c5581d9e3cbc94293e05f,1.7899999618530273,2.017803430557251,0.22780346870422363,0.22780346870422363
2,508,def7282023b3a8d9cb81aa5b,2.77211332321167,2.8233296871185303,0.05121636390686035,0.05121636390686035
2,509,d240de6031f11c7de2700a58,2.7695510387420654,2.5390777587890625,-0.23047327995300293,0.23047327995300293
2,510,fd2a13cff961f558fddcd19b,0.9399999976158142,1.2510887384414673,0.3110887408256531,0.3110887408256531
2,511,8fe93fe1608c17053ecce2fc,0.9599999785423279,1.511665940284729,0.5516659617424011,0.5516659617424011
2,512,50e8083bbd98674ef449f0d6,2.113509178161621,2.1332128047943115,0.01970362663269043,0.01970362663269043
2,513,3c6797c743cdcf7207fd55c3,2.617982864379883,3.7219173908233643,1.1039345264434814,1.1039345264434814
2,514,b6552cd5921d223423762019,3.50445556640625,3.4740664958953857,-0.030389070510864258,0.030389070510864258
2,515,e20d7aa25486c3269b1672f5,2.0399999618530273,0.9180859923362732,-1.1219139099121094,1.1219139099121094
2,516,a7963b6448078e7ac7997703,1.850000023841858,0.8876035809516907,-0.9623964428901672,0.9623964428901672
2,517,76f6fd5f07f1df4eb413db82,1.0499999523162842,1.1154289245605469,0.0654289722442627,0.0654289722442627
2,518,04a598bef92756443c6eb906,2.9913997650146484,3.2764744758605957,0.28507471084594727,0.28507471084594727
2,519,04941f9a06cbf027ca4eae29,4.376750946044922,3.8230350017547607,-0.5537159442901611,0.5537159442901611
2,520,a183d5c860b6d5c3057601c6,1.8799999952316284,1.6365958452224731,-0.24340415000915527,0.24340415000915527
2,521,cd8bccd67e0983c514c5517d,3.60554838180542,1.5370500087738037,-2.068498373031616,2.068498373031616
2,522,ad678052cffbea4e45426d27,3.795880079269409,3.8165206909179688,0.02064061164855957,0.02064061164855957
2,523,8657ad6ff2ab79f15feff526,2.0799999237060547,2.373041868209839,0.2930419445037842,0.2930419445037842
2,524,5736740649471eee7dc887b1,1.690000057220459,1.265649676322937,-0.424350380897522,0.424350380897522
2,525,e18eadc994a13c8ff93ab387,1.0199999809265137,1.578111171722412,0.5581111907958984,0.5581111907958984
2,526,204afe2c75e24d22b855bc29,1.4299999475479126,1.9288595914840698,0.4988596439361572,0.4988596439361572
2,527,08c553266fca9c478dbbcea5,0.3499999940395355,0.9516989588737488,0.6016989946365356,0.6016989946365356
2,528,fc45999084f64975973a8f49,1.1299999952316284,0.8907692432403564,-0.23923075199127197,0.23923075199127197
2,529,ea93a5de127f26c8bb5f6418,1.7100000381469727,1.7139697074890137,0.003969669342041016,0.003969669342041016
2,530,0d8d5dd8093eb7fd8d942306,0.6197887659072876,0.5397887825965881,-0.07999998331069946,0.07999998331069946
2,531,1520546a0e32a1d96d55ec53,2.0799999237060547,2.0154759883880615,-0.06452393531799316,0.06452393531799316
2,532,ba00f129ad35e2eafb6e7499,1.590000033378601,1.6336978673934937,0.04369783401489258,0.04369783401489258
2,533,0c3071c0bd6c6f412cf16280,1.0,0.5363522171974182,-0.4636477828025818,0.4636477828025818
2,534,a755ccfacd75f2c192027be6,1.599980354309082,2.18337082862854,0.583390474319458,0.583390474319458
2,535,8ce5ad44326eccf9256d0282,1.8300000429153442,1.575061559677124,-0.2549384832382202,0.2549384832382202
2,536,6ba28726d38fbd75b4822f69,1.0399999618530273,2.0370774269104004,0.997077465057373,0.997077465057373
2,537,708f93dc68bdb96e6d9dd85c,3.619788646697998,3.8664371967315674,0.24664855003356934,0.24664855003356934
2,538,7984e5fc2bd2e2fcfa257f8d,0.7900000214576721,1.2123063802719116,0.4223063588142395,0.4223063588142395
2,539,37ff6b7e1d1321a965d6bf91,1.2300000190734863,1.3258545398712158,0.09585452079772949,0.09585452079772949
2,540,53f4636e6d798db278adfaa4,1.440000057220459,1.6031591892242432,0.16315913200378418,0.16315913200378418
2,541,ea215b9c1541d6ee3150208e,3.778151273727417,3.4506750106811523,-0.32747626304626465,0.32747626304626465
2,542,429a3837863f63e561ee734a,3.853872060775757,4.198300838470459,0.34442877769470215,0.34442877769470215
2,543,88a415836f644735f7edfe11,1.0099999904632568,0.6769631505012512,-0.3330368399620056,0.3330368399620056
2,544,daf6e2b43999d8c690c70076,2.3399999141693115,1.0192854404449463,-1.3207144737243652,1.3207144737243652
2,545,79dfe2126d1547086e61f73a,1.1799999475479126,1.5161775350570679,0.3361775875091553,0.3361775875091553
2,546,9700bd03894350cae38bc91d,1.3879400491714478,0.6418765187263489,-0.7460635304450989,0.7460635304450989
2,547,692789c61acb5f001ed0e468,2.3767507076263428,2.183539628982544,-0.19321107864379883,0.19321107864379883
2,548,f1603b47ddb85ccd4792bc95,2.3260579109191895,2.4487245082855225,0.12266659736633301,0.12266659736633301
2,549,41f52da09819a824de391a6b,4.327902317047119,4.027078151702881,-0.3008241653442383,0.3008241653442383
2,550,9fa53b8ffc7722eed1e81c74,2.6575772762298584,3.6844735145568848,1.0268962383270264,1.0268962383270264
2,551,28d65becc3a3ffd5945139e5,3.538151979446411,3.387907028198242,-0.15024495124816895,0.15024495124816895
2,552,bcee2d82290f506ea01dbc38,1.1200000047683716,1.2770178318023682,0.15701782703399658,0.15701782703399658
2,553,4e835bcfcb80c9d4942ad7f9,0.8100000023841858,0.9204924702644348,0.11049246788024902,0.11049246788024902
2,554,e401518881e14605634e0316,1.2699999809265137,1.0037153959274292,-0.2662845849990845,0.2662845849990845
2,555,b6e5a431f4f8ccb281110105,0.4399999976158142,0.3083440661430359,-0.13165593147277832,0.13165593147277832
2,556,64ca3e506c5108f1c807f6d3,2.6441867351531982,2.9011809825897217,0.25699424743652344,0.25699424743652344
2,557,a6e3e9e465d0f57e1cce38cb,0.6816583871841431,1.6591696739196777,0.9775112867355347,0.9775112867355347
2,558,d4834b3a07214b11b28fcc61,1.7000000476837158,1.3567464351654053,-0.34325361251831055,0.34325361251831055
2,559,95b7a3e81fb88ec2d1ea70c3,1.2100000381469727,1.5066434144973755,0.29664337635040283,0.29664337635040283
2,560,0378119b37dd9712b8048b5d,3.0399999618530273,1.7678934335708618,-1.2721065282821655,1.2721065282821655
2,561,f9c004474bd1f3bcdd2537b5,1.25,1.2149277925491333,-0.0350722074508667,0.0350722074508667
2,562,3f13547182b4732570a062de,1.149999976158142,1.9643714427947998,0.8143714666366577,0.8143714666366577
2,563,468d3bc75a1a457e1d53725e,2.193819999694824,2.1844606399536133,-0.009359359741210938,0.009359359741210938
2,564,56eacb3bd0a9808b28bb503d,1.059999942779541,2.1378676891326904,1.0778677463531494,1.0778677463531494
2,565,73f71a56b9d0e4e163e0a00f,1.6399999856948853,1.71266508102417,0.07266509532928467,0.07266509532928467
2,566,09f9f2147fae58a2f458967c,1.25,0.851102888584137,-0.39889711141586304,0.39889711141586304
2,567,5f297784c1d351b47716491c,4.0,2.344095468521118,-1.6559045314788818,1.6559045314788818
2,568,420a43389ac6338d7915c5ba,1.5399999618530273,1.7227637767791748,0.18276381492614746,0.18276381492614746
2,569,b4946a70965fbbff72a7f311,2.698970079421997,2.4021480083465576,-0.29682207107543945,0.29682207107543945
2,570,52b5a9b16061a46be001a465,0.6200000047683716,1.4387457370758057,0.8187457323074341,0.8187457323074341
2,571,e1728599c8c14711515e758e,1.6799999475479126,1.8640704154968262,0.18407046794891357,0.18407046794891357
2,572,2bcf341b08611e82b98bf534,4.452225208282471,3.457357406616211,-0.9948678016662598,0.9948678016662598
2,573,54c46a09aac59445167d8f0c,1.2799999713897705,1.7322787046432495,0.452278733253479,0.452278733253479
2,574,04e73cb51592323c6336e655,1.1200000047683716,2.0240519046783447,0.9040518999099731,0.9040518999099731
2,575,059635c08b01ff39180a560c,2.9316904544830322,2.90230393409729,-0.029386520385742188,0.029386520385742188
2,576,5b671d8e1ef2d9c36ee031c2,1.3799999952316284,0.7964933514595032,-0.5835066437721252,0.5835066437721252
2,577,ab65ae81ae74714e681de6b9,1.3415427207946777,1.5983285903930664,0.25678586959838867,0.25678586959838867
2,578,ca741cb5c612e6575abf84cd,1.2000000476837158,1.1540117263793945,-0.04598832130432129,0.04598832130432129
2,579,c50e38922b22d9699107cc8c,2.0299999713897705,1.9309587478637695,-0.09904122352600098,0.09904122352600098
2,580,7917cdcdccf8a4e077be1af6,1.649999976158142,0.8625161051750183,-0.7874838709831238,0.7874838709831238
2,581,17f7bd2a48de40bb976bae6e,2.508638381958008,2.3298895359039307,-0.17874884605407715,0.17874884605407715
2,582,f2b978e2d02dae81648992e2,0.029999999329447746,0.6122741103172302,0.5822741389274597,0.5822741389274597
2,583,3a7009041ba32e477c00de59,1.590000033378601,1.1246737241744995,-0.46532630920410156,0.46532630920410156
2,584,533e7fe57982ee3ef2e7e4bc,0.9746941328048706,1.1379539966583252,0.1632598638534546,0.1632598638534546
2,585,50b3c8674222cdcfd67b3495,2.700000047683716,2.993614435195923,0.29361438751220703,0.29361438751220703
2,586,e446a4f5fca0c0cf4aa58e1d,2.9200000762939453,2.5264394283294678,-0.39356064796447754,0.39356064796447754
2,587,23cfde9b64b5148b9f2373c5,1.6020599603652954,1.5660173892974854,-0.03604257106781006,0.03604257106781006
2,588,2848da3eaa84b2630c7a168b,0.6499999761581421,1.1193841695785522,0.46938419342041016,0.46938419342041016
2,589,9ab0c1a241bfa9ddb912ab13,4.494850158691406,4.0272088050842285,-0.46764135360717773,0.46764135360717773
2,590,7a9436de412cc576c2f94da3,3.0799999237060547,1.4657690525054932,-1.6142308712005615,1.6142308712005615
2,591,c38f4d72e2d276c13990ce74,3.5477027893066406,2.860853433609009,-0.6868493556976318,0.6868493556976318
2,592,2a12ddc11662071b754cb889,3.0,2.143982410430908,-0.8560175895690918,0.8560175895690918
2,593,042e0daffe52424ae0a34c1e,2.009999990463257,2.4053571224212646,0.3953571319580078,0.3953571319580078
2,594,118c325d0dcf086f06aa7248,2.102372884750366,2.1689438819885254,0.06657099723815918,0.06657099723815918
2,595,a7dbf8c16b1de52ac95ab0b5,1.384049892425537,2.3399863243103027,0.9559364318847656,0.9559364318847656
2,596,7e561575e36aba512c57bbea,1.0800000429153442,1.5490963459014893,0.469096302986145,0.469096302986145
2,597,f1cde8807eb1c605ba154f68,2.8336684703826904,3.2696149349212646,0.4359464645385742,0.4359464645385742
2,598,55bf9e3dfd89554a64dd4c43,2.886056661605835,3.834373712539673,0.9483170509338379,0.9483170509338379
2,599,000a086c182ac67fdc989cc7,1.7200000286102295,1.1769824028015137,-0.5430176258087158,0.5430176258087158
2,600,8f4d573b2d72b68ea6668524,0.949999988079071,0.558021068572998,-0.391978919506073,0.391978919506073
2,601,b06b4a8b15157a8f3d395ba0,1.1299999952316284,1.0293302536010742,-0.1006697416305542,0.1006697416305542
2,602,763c2b848221a74306efc30a,1.440000057220459,1.6630322933197021,0.22303223609924316,0.22303223609924316
2,603,5b4a79916136adcfbb0edfae,0.550000011920929,0.5071057677268982,-0.04289424419403076,0.04289424419403076
2,604,abd5a95c3082969a30782bc3,8.0,2.3556606769561768,-5.644339561462402,5.644339561462402
2,605,645e5efebfbdcaccf19e62a3,1.879426121711731,2.5768749713897705,0.6974488496780396,0.6974488496780396
2,606,f7f7407cae0ff65c1e5279e4,0.9599999785423279,1.2223011255264282,0.26230114698410034,0.26230114698410034
2,607,31965dcf48226a2fd1f8e55b,2.009999990463257,1.9148434400558472,-0.09515655040740967,0.09515655040740967
2,608,d55baf850de1521593495c6a,1.559999942779541,1.2544960975646973,-0.30550384521484375,0.30550384521484375
2,609,929007cd9e59ad79343313dc,1.2200000286102295,1.3584070205688477,0.13840699195861816,0.13840699195861816
2,610,b113e156d0130f7835215a50,0.9253904223442078,1.0038948059082031,0.07850438356399536,0.07850438356399536
2,611,651129c06143327d989613b7,2.049999952316284,2.0597000122070312,0.00970005989074707,0.00970005989074707
2,612,c7404eb57aa19b320a880f4b,1.399999976158142,1.0487185716629028,-0.35128140449523926,0.35128140449523926
2,613,eb0b37bef3fc021d81bdf834,2.0399999618530273,1.2957355976104736,-0.7442643642425537,0.7442643642425537
2,614,8666899a41e61597ea3d3bce,1.9500000476837158,1.7482463121414185,-0.20175373554229736,0.20175373554229736
2,615,b77b85899a820c17bb55e5e8,0.20760831236839294,0.42211663722991943,0.2145083248615265,0.2145083248615265
2,616,e55a868b28f830f810fb7851,4.698969841003418,3.6548616886138916,-1.0441081523895264,1.0441081523895264
2,617,adbefb3ac7512588316686bb,1.9900000095367432,2.310302972793579,0.32030296325683594,0.32030296325683594
2,618,94d0d0da10a9dc693423cbf3,0.027797162532806396,1.2254587411880493,1.1976616382598877,1.1976616382598877
2,619,e901193a608f52883d612ea3,1.6299999952316284,1.1549568176269531,-0.4750431776046753,0.4750431776046753
2,620,7d24bf28afbaba43302ca470,1.7899999618530273,1.5801470279693604,-0.209852933883667,0.209852933883667
2,621,d416681a5c8e91d3d0aee163,2.809999942779541,1.6474254131317139,-1.1625745296478271,1.1625745296478271
2,622,45ac7c3071dc814e39da1b81,2.049999952316284,1.364069938659668,-0.6859300136566162,0.6859300136566162
2,623,e19195c5f756bcf4a55b79f8,2.0043647289276123,1.1462421417236328,-0.8581225872039795,0.8581225872039795
2,624,474a1f520e3d81f1e194591c,0.1599999964237213,0.9677197337150574,0.8077197074890137,0.8077197074890137
2,625,e0e60303ec282101d48c3fc3,1.087358832359314,1.655709981918335,0.568351149559021,0.568351149559021
2,626,5823e1c0d5136bef8cf0b135,0.15000000596046448,0.2180257886648178,0.06802578270435333,0.06802578270435333
2,627,bbe8f2a73c59fdd715067bab,1.4299999475479126,2.105971097946167,0.6759711503982544,0.6759711503982544
2,628,9b78fac2487a67198619d6ca,1.6100000143051147,1.9679555892944336,0.35795557498931885,0.35795557498931885
2,629,550a13b4b77f965b7083cd1d,1.9360682964324951,4.097982883453369,2.161914587020874,2.161914587020874
2,630,fd2c32571fe88d2eb9e33dd8,1.4700000286102295,1.673583984375,0.2035839557647705,0.2035839557647705
2,631,8246cc9e75b97216e59c64a7,1.1799999475479126,1.121347427368164,-0.058652520179748535,0.058652520179748535
2,632,f4e847417616db9616f049ac,0.9800000190734863,0.7753142714500427,-0.2046857476234436,0.2046857476234436
2,633,bf8e629372f83929443e8c24,4.07572078704834,4.005131244659424,-0.07058954238891602,0.07058954238891602
2,634,647aefd9dacd8cf881397f53,2.2200000286102295,1.5497193336486816,-0.6702806949615479,0.6702806949615479
2,635,3856c0d03963c9025940ed5f,0.2800000011920929,1.1787605285644531,0.8987605571746826,0.8987605571746826
2,636,f404ad95945905e8d906fa02,0.1530446708202362,0.6060451865196228,0.4530005156993866,0.4530005156993866
2,637,b90c6db16bcf0cd6c2b88ea1,2.8761484622955322,2.7716286182403564,-0.10451984405517578,0.10451984405517578
2,638,d5572a251e4fb5175bf23dae,3.314258337020874,3.201383113861084,-0.11287522315979004,0.11287522315979004
2,639,4a7ab1d8e227d1330ab76451,2.569999933242798,3.0482945442199707,0.47829461097717285,0.47829461097717285
2,640,7af3ac574deec4dec7bd8cb4,1.350000023841858,1.286520004272461,-0.06348001956939697,0.06348001956939697
2,641,bd9d5d9be3d92c842c438b86,1.3084596395492554,2.2156145572662354,0.90715491771698,0.90715491771698
2,642,2e29d43c89e9b4c71006925c,0.7099999785423279,0.48360902070999146,-0.22639095783233643,0.22639095783233643
2,643,55203cea3cd60f29f459f12b,2.4000000953674316,1.9492554664611816,-0.45074462890625,0.45074462890625
2,644,578ff594dc28c0dc197112f7,1.2799999713897705,1.3250458240509033,0.04504585266113281,0.04504585266113281
2,645,d06b65131f781b741a8de3da,1.1299999952316284,0.8567543625831604,-0.273245632648468,0.273245632648468
2,646,c135724515e13448d782d189,2.559999942779541,1.8490291833877563,-0.7109707593917847,0.7109707593917847
2,647,22f4460cc692466a151b69fe,1.2400000095367432,1.5270166397094727,0.2870166301727295,0.2870166301727295
2,648,9c3f955567a32b049b6b5a92,1.6199697256088257,3.0659377574920654,1.4459680318832397,1.4459680318832397
2,649,01bff20a37059520630b2a81,1.6299999952316284,1.5464338064193726,-0.08356618881225586,0.08356618881225586
2,650,e67b5fbd3f0aa8c27f2ccb3e,1.3872160911560059,1.3542448282241821,-0.03297126293182373,0.03297126293182373
2,651,276ed34ac7461e3cb0fb6e12,1.440000057220459,1.6073664426803589,0.1673663854598999,0.1673663854598999
2,652,c95f4de245f14188bba6b169,1.6200000047683716,1.8495534658432007,0.2295534610748291,0.2295534610748291
2,653,db30207a9122fb649db26f90,1.4299999475479126,1.5896364450454712,0.1596364974975586,0.1596364974975586
2,654,762e85c516ead3ad96d5ba73,1.4500000476837158,0.68330317735672,-0.7666968703269958,0.7666968703269958
2,655,75287b5ece597df033e02ecb,1.8300000429153442,2.024437665939331,0.19443762302398682,0.19443762302398682
2,656,dca6b4a94a06b25be2c9351f,2.5100414752960205,3.2054390907287598,0.6953976154327393,0.6953976154327393
2,657,0ceb0a733958240b44a2bf01,0.5600000023841858,0.8130285739898682,0.2530285716056824,0.2530285716056824
2,658,cb839593ca633ecb3d95bcb4,2.640000104904175,2.474630355834961,-0.16536974906921387,0.16536974906921387
2,659,719883b846af722cee35d121,0.8299999833106995,0.6169115900993347,-0.21308839321136475,0.21308839321136475
2,660,2f03183edfd38e744176d606,1.9299999475479126,1.4552925825119019,-0.47470736503601074,0.47470736503601074
2,661,c8eb1ea2b3466f00e459a1d9,0.5228787660598755,1.725878357887268,1.2029995918273926,1.2029995918273926
2,662,a9ac4516cfd5ba329b177f81,1.53786039352417,1.1297694444656372,-0.4080909490585327,0.4080909490585327
2,663,0d956193977b1eddae82f4cb,0.4699999988079071,1.2126160860061646,0.7426160573959351,0.7426160573959351
2,664,5ec0cb212d057713ac65b3e7,2.920095443725586,2.77242112159729,-0.1476743221282959,0.1476743221282959
2,665,d6538f2a9f9432befe464c1c,2.0879552364349365,2.567186117172241,0.4792308807373047,0.4792308807373047
2,666,f5e726a47af8d2e8359bc502,2.609999895095825,1.4961442947387695,-1.1138556003570557,1.1138556003570557
2,667,ab1c68d9da55ed484a1dcacd,1.1399999856948853,1.8245337009429932,0.6845337152481079,0.6845337152481079
2,668,cf912e81f4e6a241ee80043b,2.5575201511383057,2.187331199645996,-0.37018895149230957,0.37018895149230957
2,669,f2964cc74d9c62b0f6d75991,4.455932140350342,3.865710496902466,-0.590221643447876,0.590221643447876
2,670,220157b654f1a8dafe342c0a,3.218151330947876,3.464772939682007,0.24662160873413086,0.24662160873413086
2,671,cfa1402763e66ac80dff515e,1.7958799600601196,1.3130948543548584,-0.48278510570526123,0.48278510570526123
2,672,7623f21d25d15613e1163fea,0.6600000262260437,1.2591801881790161,0.5991801619529724,0.5991801619529724
2,673,8d0ec4456f8e2e3684caa784,3.119999885559082,2.784330368041992,-0.33566951751708984,0.33566951751708984
2,674,93d28450198c759269b814d2,1.909999966621399,2.022002696990967,0.11200273036956787,0.11200273036956787
2,675,62db161d2c388bd01a2c61cf,1.709874153137207,2.1388821601867676,0.42900800704956055,0.42900800704956055
2,676,873fb94addb6c82fbca90389,3.640000104904175,3.187565326690674,-0.452434778213501,0.452434778213501
2,677,486b510be2c33ce4f71af6f5,3.32790207862854,3.0782930850982666,-0.24960899353027344,0.24960899353027344
2,678,8a3169b43c8dca1928dedec3,1.1699999570846558,0.6367712020874023,-0.5332287549972534,0.5332287549972534
2,679,0ce788808d4228e29ca2ae90,1.559999942779541,1.8838469982147217,0.32384705543518066,0.32384705543518066
2,680,4c0d007d1f5f9de4712ad281,0.8600000143051147,1.1661181449890137,0.3061181306838989,0.3061181306838989
2,681,f72b330afb6288b983f22400,2.0199999809265137,1.5646190643310547,-0.455380916595459,0.455380916595459
2,682,bf2ed8e8bfa6c2b447c152f6,1.0299999713897705,1.996825933456421,0.9668259620666504,0.9668259620666504
2,683,9e63bfdad6cafb6c9644fe60,1.2200000286102295,0.3363801836967468,-0.8836198449134827,0.8836198449134827
2,684,c852b831955a35b0c98a5e19,2.190000057220459,1.3950443267822266,-0.7949557304382324,0.7949557304382324
2,685,f53312975a815f1c75b2a83b,1.8899999856948853,1.7429379224777222,-0.14706206321716309,0.14706206321716309
2,686,e5cd6cf40e6bc38aa2cc56b4,2.2922251224517822,2.2704389095306396,-0.021786212921142578,0.021786212921142578
2,687,ff26c8d091b37b2fa70b7b53,0.6197887659072876,0.9863893389701843,0.36660057306289673,0.36660057306289673
2,688,d45332ba558c501417f9b1a1,1.649999976158142,1.7579172849655151,0.10791730880737305,0.10791730880737305
2,689,c1e45804cd6e1e305b726336,0.7099999785423279,1.01234769821167,0.30234771966934204,0.30234771966934204
2,690,3d4aca2b7a0d1ac9b3f91b47,1.193367838859558,1.4092557430267334,0.2158879041671753,0.2158879041671753
2,691,4a9388d0b09071b80082b6a7,1.229148030281067,1.2816402912139893,0.05249226093292236,0.05249226093292236
2,692,a93b26f171eb5ddffa187d07,2.009999990463257,1.5920534133911133,-0.41794657707214355,0.41794657707214355
2,693,6f5250e65f27b281609d7c9a,0.6989700198173523,1.3983062505722046,0.6993362307548523,0.6993362307548523
2,694,81fc40ab32c61fcff964eda9,1.0700000524520874,0.9727117419242859,-0.09728831052780151,0.09728831052780151
2,695,0c7ca35c168c99404a5af5b0,1.409999966621399,0.8684751391410828,-0.5415248274803162,0.5415248274803162
2,696,b64a9950dd9adeede1423b69,0.7212464213371277,1.119173526763916,0.39792710542678833,0.39792710542678833
2,697,c23932efec98f3a621c3d3fa,4.1674909591674805,2.0163400173187256,-2.151150941848755,2.151150941848755
2,698,cb2c78ddbd57d5e17488d82b,2.180000066757202,1.7778840065002441,-0.402116060256958,0.402116060256958
2,699,f3a5dfca9a6ea06d2c3501e3,1.399999976158142,1.2228753566741943,-0.17712461948394775,0.17712461948394775
2,700,1e63da5d728cb52e3972dc41,1.059999942779541,0.6897512674331665,-0.3702486753463745,0.3702486753463745
2,701,b4bb28e855986d1e47b97a1c,0.6800000071525574,0.14835627377033234,-0.5316437482833862,0.5316437482833862
2,702,4d5c0753b8cf84edbb11dab0,2.069999933242798,1.9881131649017334,-0.08188676834106445,0.08188676834106445
2,703,d7c45dcad7629e48d5798e3b,1.059999942779541,1.1966105699539185,0.13661062717437744,0.13661062717437744
2,704,0d5fd8bd12527a7e45357035,3.0,2.4439313411712646,-0.5560686588287354,0.5560686588287354
2,705,075e56bd7578b9f4dc5b9283,2.200000047683716,1.2924041748046875,-0.9075958728790283,0.9075958728790283
2,706,4e1b4707a8e6e699ec40ea4d,1.159999966621399,1.3200433254241943,0.1600433588027954,0.1600433588027954
2,707,d04563dcdf80965e4b4afd6a,3.5000381469726562,2.647808313369751,-0.8522298336029053,0.8522298336029053
2,708,64dfc3bea95e63d631fa09e6,1.0099999904632568,0.5767362117767334,-0.43326377868652344,0.43326377868652344
2,709,7c073955e58e9219f2983313,1.690000057220459,1.6672505140304565,-0.02274954319000244,0.02274954319000244
2,710,b50da861ef298a83d5c38c2d,0.44999998807907104,0.6492854952812195,0.19928550720214844,0.19928550720214844
2,711,a420790c7bdaca6c773370e9,0.699999988079071,1.2912275791168213,0.5912275910377502,0.5912275910377502
2,712,4fdd262a17dc261fa199a3e7,0.8199999928474426,0.9837629199028015,0.1637629270553589,0.1637629270553589
2,713,98d67416b69ccb4b29ba27f4,1.7151182889938354,1.6083850860595703,-0.10673320293426514,0.10673320293426514
2,714,86d681bd765c1748ea93a209,2.509999990463257,2.1466288566589355,-0.3633711338043213,0.3633711338043213
2,715,4f3102ed1cf7248f03e637f5,1.1739251613616943,2.0837502479553223,0.9098250865936279,0.9098250865936279
2,716,4dad48a7e7871ef13872fa44,0.019999999552965164,0.6044843792915344,0.5844843983650208,0.5844843983650208
2,717,78268f48773a4d7175eb99e4,0.8399999737739563,1.5237634181976318,0.6837634444236755,0.6837634444236755
2,718,972a0108cfa0bf50cbbf93cc,0.30000001192092896,0.4476906657218933,0.14769065380096436,0.14769065380096436
2,719,97049a5e5790e094fd16c052,1.2599999904632568,1.9255475997924805,0.6655476093292236,0.6655476093292236
2,720,6b5ad5aafb6feff2af857450,1.809999942779541,1.794933795928955,-0.015066146850585938,0.015066146850585938
2,721,0f285a872fc8d419f295e7f5,1.053547739982605,1.4026397466659546,0.3490920066833496,0.3490920066833496
2,722,7d1f076f5389bf91b13137cf,-0.4313637614250183,0.5204475522041321,0.9518113136291504,0.9518113136291504
2,723,1623a0b1e60f7fc2ba325ab9,1.2300000190734863,1.357893943786621,0.12789392471313477,0.12789392471313477
2,724,558a8f5312ce639d8a68a1c1,2.102372884750366,2.8537089824676514,0.7513360977172852,0.7513360977172852
2,725,373a48729ca0d27a92273d48,0.08354604989290237,1.780956745147705,1.6974107027053833,1.6974107027053833
2,726,2cb1033156351c1e1f2b92c9,1.1799999475479126,1.19926118850708,0.01926124095916748,0.01926124095916748
2,727,d588b1235c2442247186941b,1.850000023841858,1.3060721158981323,-0.5439279079437256,0.5439279079437256
2,728,64dae0b67e207088ae7c3a27,1.9299999475479126,2.1476829051971436,0.21768295764923096,0.21768295764923096
2,729,07f0d00e8ff76eff9535f62f,2.863279342651367,2.872925281524658,0.009645938873291016,0.009645938873291016
2,730,fc0e4aab40a5b5eab4f458fd,0.8500000238418579,1.067613124847412,0.2176131010055542,0.2176131010055542
2,731,3495f5ae1e57313146fb53e0,1.3565473556518555,1.4930002689361572,0.13645291328430176,0.13645291328430176
2,732,e6569ae0d1ac6d044e321e07,0.2846932113170624,2.2952377796173096,2.010544538497925,2.010544538497925
2,733,20fbd002731c49e7eb47f6d3,2.2300000190734863,1.9038910865783691,-0.3261089324951172,0.3261089324951172
2,734,a5fcf179b5cd3b217c762fa8,1.059999942779541,1.0489110946655273,-0.011088848114013672,0.011088848114013672
2,735,61c7e7fb9abea671947fde38,1.600000023841858,1.885082483291626,0.28508245944976807,0.28508245944976807
2,736,22d04831047cdca8a9d6f102,4.200659275054932,4.220134258270264,0.01947498321533203,0.01947498321533203
2,737,ecf5a8a1e7d2918e89aa96f1,1.5399999618530273,2.0880813598632812,0.5480813980102539,0.5480813980102539
2,738,70f54d21779b5dcd235ea8d1,1.9244530200958252,2.7376763820648193,0.8132233619689941,0.8132233619689941
2,739,7743140934a474cc4f12dcbf,2.0399999618530273,2.125699520111084,0.08569955825805664,0.08569955825805664
2,740,8f2e0def933a8a16fb83dd87,2.319999933242798,2.242357015609741,-0.07764291763305664,0.07764291763305664
2,741,45dff8b2f4917d996e736741,0.7799999713897705,1.4054837226867676,0.6254837512969971,0.6254837512969971
2,742,47d85a03ee07debdd263e9f1,0.324221670627594,1.3880584239959717,1.0638368129730225,1.0638368129730225
2,743,0c8d5bb18e8e1e09cb72b506,2.069999933242798,1.3728511333465576,-0.6971487998962402,0.6971487998962402
2,744,4f2f039c0d0c4bd58a020d68,5.619788646697998,3.2721002101898193,-2.3476884365081787,2.3476884365081787
2,745,f51d4069f41da3e7a63bf432,4.269999980926514,4.177490234375,-0.09250974655151367,0.09250974655151367
2,746,631b125ee8464dd984c9a16c,5.623423099517822,4.776830196380615,-0.846592903137207,0.846592903137207
2,747,bb610e67d6178e9f869b160e,0.6000000238418579,0.7697499990463257,0.16974997520446777,0.16974997520446777
2,748,bbd713c8ec22a4641b74732c,1.9393022060394287,2.09727144241333,0.15796923637390137,0.15796923637390137
2,749,4fb4cd9144e254a809b4cc00,1.0099999904632568,1.1811845302581787,0.17118453979492188,0.17118453979492188
2,750,02375b07fc7cfd9b537e36df,4.0087738037109375,4.23536491394043,0.2265911102294922,0.2265911102294922
2,751,c65e5f72371a1e766b428381,1.7000000476837158,1.8577831983566284,0.1577831506729126,0.1577831506729126
2,752,057d7dcd793c25a63688896b,1.4299999475479126,1.3560914993286133,-0.07390844821929932,0.07390844821929932
2,753,26857239b89c00b56b934850,4.329999923706055,4.430637359619141,0.10063743591308594,0.10063743591308594
2,754,62417fae9db07462ef050122,2.509999990463257,2.430467367172241,-0.07953262329101562,0.07953262329101562
2,755,68832ed87890b0fcfe71ccc9,1.3200000524520874,2.01175856590271,0.6917585134506226,0.6917585134506226
2,756,d30cc8228c75563413f6b87e,0.8999999761581421,0.7765946984291077,-0.12340527772903442,0.12340527772903442
2,757,0f4f6c4abec949b37168691d,3.45644474029541,2.52494215965271,-0.9315025806427002,0.9315025806427002
2,758,8ae2042f9757a860048f9288,1.2835954427719116,1.5033063888549805,0.21971094608306885,0.21971094608306885
2,759,d7fa14a5381adc81184de16d,1.6575772762298584,1.5794975757598877,-0.0780797004699707,0.0780797004699707
2,760,334d427a402d9b8e89474f7e,2.315753221511841,2.459524154663086,0.14377093315124512,0.14377093315124512
2,761,2b11623ffa326282948b5686,3.795880079269409,3.877117872238159,0.08123779296875,0.08123779296875
2,762,bb9476a728eb6c6c4ea65b6c,2.5140421390533447,2.632993459701538,0.11895132064819336,0.11895132064819336
2,763,ce19702a86d28d39dcfb63e1,2.5300307273864746,2.9263453483581543,0.3963146209716797,0.3963146209716797
2,764,0e318c180f8b757440640262,0.1580151915550232,0.5369182825088501,0.3789030909538269,0.3789030909538269
2,765,da12e77f9002b0f7f7e93870,1.7999999523162842,1.1828689575195312,-0.6171309947967529,0.6171309947967529
2,766,bd8b0a49ca22f4c105a804f8,0.8700000047683716,1.5938715934753418,0.7238715887069702,0.7238715887069702
2,767,4b3c8732a2b6686888db5ec2,0.699999988079071,0.5654723048210144,-0.13452768325805664,0.13452768325805664
2,768,b9c02ddcc8c6db8fa6c45703,1.7300000190734863,1.5052716732025146,-0.22472834587097168,0.22472834587097168
2,769,8ae0aa17edf3baeea156f6df,4.3098039627075195,4.315257549285889,0.005453586578369141,0.005453586578369141
2,770,5723808473198bbb2357911a,2.009999990463257,2.204028606414795,0.19402861595153809,0.19402861595153809
2,771,c8f4f97cad79c7997f2007c0,2.4685211181640625,1.4816478490829468,-0.9868732690811157,0.9868732690811157
2,772,eecca5978188b61d462cbfd5,1.409999966621399,1.21378493309021,-0.19621503353118896,0.19621503353118896
2,773,402ba938c19c03db27997500,2.450000047683716,1.9934589862823486,-0.4565410614013672,0.4565410614013672
2,774,59ea13851e290762fefbb23e,4.602059841156006,4.430368423461914,-0.1716914176940918,0.1716914176940918
2,775,74b31791d3ae2187c1ee4d9a,3.979590654373169,2.686699151992798,-1.292891502380371,1.292891502380371
2,776,630c32167e430568683705de,4.638272285461426,4.7641825675964355,0.12591028213500977,0.12591028213500977
2,777,2c862fa7dd7f16ffc756a05b,1.7300000190734863,1.3030004501342773,-0.426999568939209,0.426999568939209
2,778,1dc116d122b3828d1387dfce,3.4000000953674316,2.8359901905059814,-0.5640099048614502,0.5640099048614502
2,779,4c2595621cb4fa33a1dd6db6,1.8700000047683716,2.0257694721221924,0.1557694673538208,0.1557694673538208
2,780,0c5c5d153c4bee1667facfe2,1.4299999475479126,1.3946290016174316,-0.03537094593048096,0.03537094593048096
2,781,fe2b7286f83a141230f03873,1.4600000381469727,2.162546157836914,0.7025461196899414,0.7025461196899414
2,782,6e97750a175c0c7ad8cd334e,0.9800000190734863,1.027890920639038,0.04789090156555176,0.04789090156555176
2,783,cb2af521528d19d76a932dab,3.795880079269409,4.258668899536133,0.46278882026672363,0.46278882026672363
2,784,d68bf0d7fe52041b3dc5b2ac,0.1599999964237213,0.9941614270210266,0.8341614007949829,0.8341614007949829
2,785,9226c847e48289f8811a8946,0.4099999964237213,1.3436793088912964,0.9336793422698975,0.9336793422698975
2,786,388519cb13b61f12cac2395f,2.869666337966919,2.625356435775757,-0.2443099021911621,0.2443099021911621
2,787,b9e93656f609e2ef4f871547,2.886056661605835,2.603137969970703,-0.28291869163513184,0.28291869163513184
2,788,85a11578d26229b8f911f479,-0.14612802863121033,0.2054390162229538,0.35156702995300293,0.35156702995300293
2,789,1a6873e51c2a07067aa548ef,4.148741722106934,4.155918598175049,0.007176876068115234,0.007176876068115234
2,790,d690b2c6c639cc759f3b11b4,1.850000023841858,1.2725062370300293,-0.5774937868118286,0.5774937868118286
2,791,28e1ec08691ce4b46ab25835,0.7099999785423279,1.1222431659698486,0.41224318742752075,0.41224318742752075
2,792,fff13bffedbdb50dcae54346,1.7599999904632568,2.309788465499878,0.5497884750366211,0.5497884750366211
2,793,641afa27dca1b6164461f114,2.4700000286102295,1.7410544157028198,-0.7289456129074097,0.7289456129074097
2,794,63adc5f9ffbea27dffd7ac32,2.511167287826538,2.518237829208374,0.0070705413818359375,0.0070705413818359375
2,795,8f8433270b783f04d44caab9,0.5326386094093323,2.0424540042877197,1.5098154544830322,1.5098154544830322
2,796,5628a2c3911ed00208be48cd,1.8300000429153442,1.3846322298049927,-0.44536781311035156,0.44536781311035156
2,797,5c8a9974fa27f72e96823c96,2.390000104904175,2.851425886154175,0.46142578125,0.46142578125
2,798,3570409af372d2d5a5bb000c,1.2200000286102295,0.9101899862289429,-0.3098100423812866,0.3098100423812866
2,799,5239cdd0b00d91078fc92005,2.7569620609283447,3.1461808681488037,0.389218807220459,0.389218807220459
2,800,95eccd8cf2aad777db86511e,2.4000000953674316,2.1351840496063232,-0.2648160457611084,0.2648160457611084
2,801,7079aad7ec96cfa545866af0,1.8700000047683716,1.214048147201538,-0.6559518575668335,0.6559518575668335
2,802,445a5b5dd5ad45bb8e6ee6ac,1.5228787660598755,3.113154172897339,1.5902754068374634,1.5902754068374634
2,803,ba5bf9b677f531e39d361af9,0.40666306018829346,0.07151637971401215,-0.3351466655731201,0.3351466655731201
2,804,7581d1b922594840bf5e64be,1.6200000047683716,1.2098267078399658,-0.41017329692840576,0.41017329692840576
2,805,7a98aa8b6104860ad4269f6c,1.6505149602890015,1.2281842231750488,-0.42233073711395264,0.42233073711395264
2,806,dafe8b19e26513cb83210ed1,2.1700000762939453,2.381258487701416,0.2112584114074707,0.2112584114074707
2,807,0073db6f37b8b212e91d7e00,1.0800000429153442,0.9930115342140198,-0.08698850870132446,0.08698850870132446
2,808,eb42c41392ec5fa37ba3f732,2.130000114440918,1.6824347972869873,-0.44756531715393066,0.44756531715393066
2,809,b65cbc38b855add9e0803a16,1.045757532119751,1.4040085077285767,0.3582509756088257,0.3582509756088257
2,810,85de89d030ec2a84254348d2,1.7599999904632568,1.9054349660873413,0.14543497562408447,0.14543497562408447
2,811,c191fcd20bd3e01a0857ebd6,3.0222764015197754,3.265204906463623,0.24292850494384766,0.24292850494384766
2,812,aa175afcf39ede4e0a667bc3,2.4000000953674316,2.457644462585449,0.05764436721801758,0.05764436721801758
2,813,7442a9fd759d4ba1ec4897f0,0.7300000190734863,1.5741338729858398,0.8441338539123535,0.8441338539123535
2,814,08e0ca64429e8cc7c966e5b2,0.6777806878089905,0.7064509391784668,0.02867025136947632,0.02867025136947632
2,815,eb9ac553a622ee8aa402db2d,2.009999990463257,2.352147340774536,0.3421473503112793,0.3421473503112793
2,816,9d8228b68cca2475e5fa926b,1.9800000190734863,2.042027711868286,0.062027692794799805,0.062027692794799805
2,817,9e8c82de9c901ea88686df6b,3.494849920272827,3.554117441177368,0.059267520904541016,0.059267520904541016
2,818,36edebd42aa46875ba5c4dc0,1.9199999570846558,2.2185144424438477,0.2985144853591919,0.2985144853591919
2,819,c8c93dbeb4b85d1a6c63da4c,3.25,1.3764245510101318,-1.8735754489898682,1.8735754489898682
2,820,69570b37c36b2c9420685a45,3.045757532119751,3.2472493648529053,0.2014918327331543,0.2014918327331543
2,821,79c7949d185f3f1518864cbe,1.600000023841858,1.4306563138961792,-0.1693437099456787,0.1693437099456787
2,822,a71cf93a224bd3fd1c80ca86,4.443697452545166,4.41696834564209,-0.026729106903076172,0.026729106903076172
2,823,70e7d5157ead12742a7298b0,0.25806093215942383,1.6085885763168335,1.3505276441574097,1.3505276441574097
2,824,71eafc1976d92e94e313250c,2.617982864379883,3.7219173908233643,1.1039345264434814,1.1039345264434814
2,825,27d358d0d5009352bf78ce82,2.4685211181640625,2.5112926959991455,0.04277157783508301,0.04277157783508301
2,826,aa6815a86b4db1536bff5cc6,0.8100000023841858,1.1190950870513916,0.3090950846672058,0.3090950846672058
2,827,20430798a35c71c2b0a60ece,1.149999976158142,1.0736420154571533,-0.07635796070098877,0.07635796070098877
2,828,a0afc7ea742ffc1c2829ab35,1.9299999475479126,1.928505539894104,-0.0014944076538085938,0.0014944076538085938
2,829,a26d5292106031665c495521,0.9200000166893005,1.1168406009674072,0.1968405842781067,0.1968405842781067
2,830,a6ca45d494dea5e24c3744e6,3.3565473556518555,3.1755290031433105,-0.18101835250854492,0.18101835250854492
2,831,843f34f3909b6b29b0bd9c8e,0.75,0.9340260028839111,0.18402600288391113,0.18402600288391113
2,832,49813be4681ebab1cfcb4c67,2.431798219680786,2.7801148891448975,0.34831666946411133,0.34831666946411133
2,833,fe6d06f42936b9eeaf98b082,1.8300000429153442,1.7963135242462158,-0.03368651866912842,0.03368651866912842
2,834,3c661bb0be1050cfe5d8d0db,2.509999990463257,2.085981845855713,-0.42401814460754395,0.42401814460754395
2,835,9933eeba7664b38d67392652,3.0655014514923096,2.6844897270202637,-0.3810117244720459,0.3810117244720459
2,836,58d63ea1f80e5d31407fb94e,2.5934598445892334,1.7000160217285156,-0.8934438228607178,0.8934438228607178
2,837,b46fb9b9bc809f1942dcd1ac,0.324221670627594,1.765312910079956,1.4410912990570068,1.4410912990570068
2,838,84f91061e903c4fad2e0908c,2.806875467300415,3.8685104846954346,1.0616350173950195,1.0616350173950195
2,839,2d02f233eadcfa0b7aa1bc64,0.9800000190734863,0.8593350052833557,-0.12066501379013062,0.12066501379013062
2,840,49c372e97e2548b4e217341d,1.8600000143051147,1.3657325506210327,-0.49426746368408203,0.49426746368408203
2,841,3a93c644f3539dde3efb5089,1.7999999523162842,0.605552613735199,-1.1944472789764404,1.1944472789764404
2,842,54e8584f33870f6407c66eee,1.7100000381469727,1.2882697582244873,-0.42173027992248535,0.42173027992248535
2,843,0b1160f9f3aa769718671e30,0.508638322353363,0.4437883496284485,-0.06484997272491455,0.06484997272491455
2,844,4b88496b79013949049ded15,3.454692840576172,2.8563122749328613,-0.5983805656433105,0.5983805656433105
2,845,e5ed43e16841fa801917e0cd,2.7784698009490967,2.667233943939209,-0.1112358570098877,0.1112358570098877
2,846,574b85e67a65611c9bb9f2b3,1.9800000190734863,2.9154934883117676,0.9354934692382812,0.9354934692382812
2,847,6ac2d18c8bcba47e636dc318,3.1432712078094482,3.20341157913208,0.060140371322631836,0.060140371322631836
2,848,0e0f7c5b46bc32a0f8252892,1.0800000429153442,1.0650634765625,-0.014936566352844238,0.014936566352844238
2,849,abf167519718d43f5ce942e4,0.7594507336616516,1.1404074430465698,0.3809567093849182,0.3809567093849182
2,850,82391ba1bf58fa5afe573f65,1.4600000381469727,1.256162405014038,-0.20383763313293457,0.20383763313293457
2,851,3d80541e4bfa460c10b9d894,4.187086582183838,2.732748508453369,-1.4543380737304688,1.4543380737304688
2,852,c49f7e980e0814f48230bf13,2.0999999046325684,1.9784400463104248,-0.12155985832214355,0.12155985832214355
2,853,43388ce275f41240cc33b23c,2.973403215408325,2.614840269088745,-0.3585629463195801,0.3585629463195801
2,854,cfb504f8d3ec8521a05630b2,2.140000104904175,0.8404101729393005,-1.2995898723602295,1.2995898723602295
2,855,c623fcc60fceeafd32bad842,3.069999933242798,2.0362775325775146,-1.0337224006652832,1.0337224006652832
2,856,009d1218a16e9c47fc4eabe5,1.190000057220459,1.0806221961975098,-0.10937786102294922,0.10937786102294922
2,857,c55d03a9f8429626243d59ec,-0.15000000596046448,0.693991482257843,0.8439915180206299,0.8439915180206299
2,858,f828a8e5076ce4e42ee50f26,2.740000009536743,3.3166167736053467,0.5766167640686035,0.5766167640686035
2,859,6b9b3b77ccc969992f948499,0.41999998688697815,1.1325063705444336,0.7125064134597778,0.7125064134597778
2,860,a16ef7898be88153c36e8329,3.823908805847168,3.8580899238586426,0.03418111801147461,0.03418111801147461
2,861,f825dcb05aff68f1be2d0ca9,2.7569620609283447,3.021897554397583,0.2649354934692383,0.2649354934692383
2,862,9e499e6fef3b51f1e1d108fe,3.1944992542266846,3.6350412368774414,0.44054198265075684,0.44054198265075684
2,863,e2fe0551198efd2b41b5ac06,1.7695510387420654,2.1770682334899902,0.4075171947479248,0.4075171947479248
2,864,e3622ceadbabed73e058c978,4.110000133514404,3.8431296348571777,-0.26687049865722656,0.26687049865722656
2,865,fe3073c1390478190095736a,1.590000033378601,1.8707060813903809,0.2807060480117798,0.2807060480117798
2,866,ca36ac54c7dd3a4bb6eee997,1.3899999856948853,1.8626224994659424,0.47262251377105713,0.47262251377105713
2,867,7c8efe92ab9febf2d60668a3,1.6200000047683716,1.5125336647033691,-0.10746634006500244,0.10746634006500244
2,868,c1f393cf397387250431c273,4.2132487297058105,4.012826442718506,-0.2004222869873047,0.2004222869873047
2,869,7437605ba6ea9bf4eb085c6a,1.1980135440826416,1.5657612085342407,0.3677476644515991,0.3677476644515991
2,870,76dc8d0ea3737810e552ffae,0.7599999904632568,0.9955711960792542,0.23557120561599731,0.23557120561599731
2,871,ba25c38e455f1c521f6b42ab,3.555955171585083,3.539268732070923,-0.016686439514160156,0.016686439514160156
2,872,824b1e1b1ce289b33243c4c9,0.8500000238418579,0.8458812832832336,-0.004118740558624268,0.004118740558624268
2,873,a3867e1ba70c4df369c719ba,-1.1367205381393433,-0.2361472100019455,0.9005733132362366,0.9005733132362366
2,874,d948d29e2bbb90f991cfa5b6,1.4500000476837158,2.660922050476074,1.2109220027923584,1.2109220027923584
2,875,db46f600c0182bab0c1a4add,0.7099999785423279,0.8540089726448059,0.14400899410247803,0.14400899410247803
2,876,f15458dbe65e14a088eb5bfc,4.598869800567627,2.496121883392334,-2.102747917175293,2.102747917175293
2,877,d07b8cdb50157775f0513a0f,1.3200000524520874,1.1656728982925415,-0.1543271541595459,0.1543271541595459
2,878,ac14924b7fa8093179a8de4b,1.440000057220459,1.374577522277832,-0.06542253494262695,0.06542253494262695
2,879,f95e6a78ce8a07c6484c216a,2.0,2.0357046127319336,0.035704612731933594,0.035704612731933594
2,880,a3131c1dc374ccbf045bee30,4.585026741027832,4.396176815032959,-0.18884992599487305,0.18884992599487305
2,881,6ac0d7169e2400a0444d4fa8,2.4164233207702637,2.8085579872131348,0.3921346664428711,0.3921346664428711
2,882,b8093de656fa6d306ab1dce6,1.9299999475479126,1.2533771991729736,-0.676622748374939,0.676622748374939
2,883,fb641cc7417ae6906b6ce322,0.75,1.0262272357940674,0.2762272357940674,0.2762272357940674
2,884,095efc0ae8da6736a4e9874a,2.9412786960601807,2.8046188354492188,-0.13665986061096191,0.13665986061096191
2,885,e3648fe231e83252b5bbdf6a,0.7520267367362976,1.0756006240844727,0.32357388734817505,0.32357388734817505
2,886,d282acb27024c1c440855b6e,2.698970079421997,2.4021480083465576,-0.29682207107543945,0.29682207107543945
2,887,761f77779453e7e590068e0b,1.5,1.1367371082305908,-0.3632628917694092,0.3632628917694092
2,888,644e18d225dc17422c5c6d5e,2.7695510387420654,3.4447238445281982,0.6751728057861328,0.6751728057861328
2,889,131feb7d90744d89099da821,2.140000104904175,2.299612283706665,0.15961217880249023,0.15961217880249023
2,890,e7a3465c9ba1c829a4d9d25e,1.3899999856948853,1.3036634922027588,-0.08633649349212646,0.08633649349212646
2,891,476bc2817e6f936a00103ca6,1.0299999713897705,0.89084392786026,-0.1391560435295105,0.1391560435295105
2,892,093292522b6755b770226faf,1.8200000524520874,2.5449306964874268,0.7249306440353394,0.7249306440353394
2,893,9e7a01758d9726370224a410,0.27000001072883606,0.5490663647651672,0.2790663540363312,0.2790663540363312
2,894,56620c84effd3fcffce99e58,1.7400000095367432,1.4318286180496216,-0.3081713914871216,0.3081713914871216
2,895,e7365b7dd8b80c95035d73e6,0.6777806878089905,0.6463294625282288,-0.03145122528076172,0.03145122528076172
2,896,9786d9c668204eb3f58fbece,1.0700000524520874,1.5398914813995361,0.46989142894744873,0.46989142894744873
2,897,a50893823e5663da03b8595b,2.408935308456421,2.340106248855591,-0.06882905960083008,0.06882905960083008
2,898,3ad92a5024c1e9fe41687f86,1.6840296983718872,1.8426299095153809,0.15860021114349365,0.15860021114349365
2,899,d85398aab3112eff061eee06,3.548213481903076,3.2674379348754883,-0.2807755470275879,0.2807755470275879
2,900,a039ddfa58b4c8964a5ed6c5,4.229147911071777,4.148120880126953,-0.08102703094482422,0.08102703094482422
2,901,2d2473034485033608adf619,1.0255573987960815,1.2760045528411865,0.250447154045105,0.250447154045105
2,902,27f9fd07ea093ef34711d782,0.8500000238418579,1.3241428136825562,0.47414278984069824,0.47414278984069824
2,903,e9a551117e3f8ad9626b6936,0.9800000190734863,1.5524054765701294,0.5724054574966431,0.5724054574966431
2,904,7464e12c6a35536e97c00684,1.9299999475479126,2.3162038326263428,0.3862038850784302,0.3862038850784302
2,905,621182b067c9c2ed3f2d987f,2.609999895095825,1.9119595289230347,-0.6980403661727905,0.6980403661727905
2,906,69838827da468d17eaa6de71,0.9399999976158142,1.5369114875793457,0.5969114899635315,0.5969114899635315
2,907,ee268999222a9933d590d8e3,1.4800000190734863,2.1124074459075928,0.6324074268341064,0.6324074268341064
2,908,f516ef8a3772138605ab096a,0.4399999976158142,1.1243131160736084,0.6843131184577942,0.6843131184577942
2,909,fc9dbbec014f743ca0b5a028,0.6777806878089905,0.6915825009346008,0.013801813125610352,0.013801813125610352
2,910,6122f2023de2e000e393fc03,2.009999990463257,1.922674298286438,-0.08732569217681885,0.08732569217681885
2,911,00d6421ae3a9e527cd04f342,0.537901759147644,0.9762532114982605,0.43835145235061646,0.43835145235061646
2,912,e4b3bbc9b2793b68d3b92795,1.275724172592163,1.839608907699585,0.5638847351074219,0.5638847351074219
2,913,632798caa8a3b452665eb9d0,0.7900000214576721,0.8459630608558655,0.05596303939819336,0.05596303939819336
2,914,dcedcc30006f6fd690b0bf56,-0.004321373999118805,2.2655179500579834,2.269839286804199,2.269839286804199
2,915,9e6c7eb620c7e7c0ac73f185,2.380000114440918,1.945122241973877,-0.434877872467041,0.434877872467041
2,916,a386ac7ff253e6747a1b0cd5,2.849857807159424,2.569169282913208,-0.2806885242462158,0.2806885242462158
2,917,2b7347fe567bfd2a2e0bf5fb,1.0299999713897705,1.2100504636764526,0.18005049228668213,0.18005049228668213
2,918,9fa825bc140ca53fe8229f9a,2.319664478302002,2.17376971244812,-0.14589476585388184,0.14589476585388184
2,919,99262404fa5642632bf34cb5,2.585026741027832,2.817680597305298,0.23265385627746582,0.23265385627746582
2,920,1703e0805d369a63e0cc4d5f,1.690000057220459,1.7619701623916626,0.07197010517120361,0.07197010517120361
2,921,fa33ebca9321c048c1c7d085,1.2100000381469727,1.5678868293762207,0.35788679122924805,0.35788679122924805
2,922,760a131fa9b932af690023b3,2.390000104904175,1.3316597938537598,-1.058340311050415,1.058340311050415
2,923,2c30ee09b00abc1d9c027b7b,1.7200000286102295,0.723859429359436,-0.9961405992507935,0.9961405992507935
2,924,cc4ba32db8257baabad2192c,1.4715476036071777,1.7778270244598389,0.30627942085266113,0.30627942085266113
2,925,28abcfc2cf46493dd2e08483,2.318758726119995,2.36277174949646,0.044013023376464844,0.044013023376464844
2,926,516bce7a59f8cc76366498ff,1.850000023841858,1.9788188934326172,0.12881886959075928,0.12881886959075928
2,927,8fa4f4dee43f1ac5dd86e371,2.7300000190734863,2.744752883911133,0.014752864837646484,0.014752864837646484
2,928,ad8652d249ef57c42166e517,3.698970079421997,3.503502130508423,-0.19546794891357422,0.19546794891357422
2,929,984d08c86e90f6ba08181fba,0.7200000286102295,0.9112856984138489,0.19128566980361938,0.19128566980361938
2,930,1437413eaf645afc755ce939,1.5499999523162842,1.746396541595459,0.1963965892791748,0.1963965892791748
2,931,d20d4513227c783671f16ab3,5.318758964538574,2.8639652729034424,-2.454793691635132,2.454793691635132
2,932,e6638b0d91e269e17bd2b028,2.0899999141693115,1.9485924243927002,-0.14140748977661133,0.14140748977661133
2,933,e2266610b11c8b7482f2c569,4.318758964538574,4.174565315246582,-0.1441936492919922,0.1441936492919922
2,934,85ce5f1b75dc317aa3db668f,1.059999942779541,0.15413469076156616,-0.9058652520179749,0.9058652520179749
2,935,c2ff20b0cfea7d93c4b62ecc,1.909999966621399,1.4553272724151611,-0.4546726942062378,0.4546726942062378
2,936,170e143a1d1357b08a9f0875,0.25999999046325684,0.724714457988739,0.4647144675254822,0.4647144675254822
2,937,2af8351a712efd01b0cc6319,0.6777806878089905,0.6463294625282288,-0.03145122528076172,0.03145122528076172
2,938,ff65e47989ae4705de34b0c9,1.366531491279602,1.250213384628296,-0.11631810665130615,0.11631810665130615
2,939,8c825c3ea99d772e1db37625,1.2899999618530273,2.1626808643341064,0.8726809024810791,0.8726809024810791
2,940,7e5862776a643e16072724b4,-1.3424227237701416,0.13664506375789642,1.4790678024291992,1.4790678024291992
2,941,64c23a2cde366db6eb83ce89,2.7471470832824707,2.6682932376861572,-0.07885384559631348,0.07885384559631348
2,942,55241b044d8384a933a5f0bd,0.5686362385749817,0.5551040768623352,-0.013532161712646484,0.013532161712646484
2,943,a77960ae8eacd6c1c78d09fd,3.364516258239746,3.264232635498047,-0.10028362274169922,0.10028362274169922
2,944,5c38ef95a607fe15b2397f08,1.7099653482437134,1.7808246612548828,0.07085931301116943,0.07085931301116943
2,945,bd039bddae51fe70b050560f,1.600000023841858,1.703906774520874,0.10390675067901611,0.10390675067901611
2,946,4101cc667139c42eaa2a05d3,0.3100000023841858,0.8615365624427795,0.5515365600585938,0.5515365600585938
2,947,1a108fa218ac57848b39240f,2.017728805541992,2.1388821601867676,0.12115335464477539,0.12115335464477539
2,948,550c5c128b2b7aa0d24ef950,1.809999942779541,1.417109727859497,-0.39289021492004395,0.39289021492004395
2,949,a743d26b09fe1c3ef9925513,4.236571788787842,4.1695780754089355,-0.06699371337890625,0.06699371337890625
2,950,649386804881412e8464bda7,3.2200000286102295,3.3471155166625977,0.12711548805236816,0.12711548805236816
2,951,a62614ea74d81abf8a7a2ec9,0.5376020073890686,0.5166985988616943,-0.020903408527374268,0.020903408527374268
2,952,7c2173a245bb56fe393122d6,3.0377886295318604,3.263963460922241,0.22617483139038086,0.22617483139038086
2,953,01d83054eaa33e71bd5e4f62,2.113509178161621,1.9886319637298584,-0.1248772144317627,0.1248772144317627
2,954,7b7cacc9d0cf9fc71640d4b6,1.1699999570846558,0.9154229760169983,-0.25457698106765747,0.25457698106765747
2,955,b8acc55f8ee345d6efae1756,3.390000104904175,2.9593474864959717,-0.4306526184082031,0.4306526184082031
2,956,93e1e83c51cbe0a37e682808,3.9586071968078613,3.7308952808380127,-0.22771191596984863,0.22771191596984863
2,957,3815a66c0ab1c50a71b7fc11,1.2276782989501953,1.5717763900756836,0.3440980911254883,0.3440980911254883
2,958,bd1fe8d6feec2ee96697ee21,0.4893209636211395,0.9075776934623718,0.4182567298412323,0.4182567298412323
2,959,3b3082b5c3b0ddac8ca9943d,0.47999998927116394,0.8016605973243713,0.3216606080532074,0.3216606080532074
2,960,d3c3e527af77eda0f3f06e5d,1.148741602897644,1.295707106590271,0.14696550369262695,0.14696550369262695
2,961,d9e16c9d029520e34fdac679,1.8700000047683716,1.2650418281555176,-0.604958176612854,0.604958176612854
2,962,61464c56c59ff22c2e7f881b,0.9100000262260437,0.9233412146568298,0.013341188430786133,0.013341188430786133
2,963,43c06c901dd0c1b87e750b0f,4.522878646850586,4.073237895965576,-0.44964075088500977,0.44964075088500977
2,964,f2173e459c79294fddf81b18,1.3157532215118408,3.032498359680176,1.716745138168335,1.716745138168335
2,965,b27e2887a86f4ebc8a2a477e,2.267606258392334,2.295182466506958,0.027576208114624023,0.027576208114624023
2,966,3a02af29bcc3356a298e318b,1.3600000143051147,0.6185171008110046,-0.7414829134941101,0.7414829134941101
2,967,58573113441ab84e741a0606,0.3979400098323822,0.6770264506340027,0.2790864408016205,0.2790864408016205
2,968,d4a20e2c4e76c58f00ae39c2,1.5800000429153442,0.8923783898353577,-0.6876216530799866,0.6876216530799866
2,969,000ca7bd9631e51d1d253699,2.0,2.2795965671539307,0.27959656715393066,0.27959656715393066
2,970,39f9892dda3258ef64577106,1.003926396369934,1.3552327156066895,0.35130631923675537,0.35130631923675537
2,971,d83f7cdcca464aa48a97636f,0.7471469640731812,1.2330927848815918,0.48594582080841064,0.48594582080841064
2,972,5b93267915b0785f02dbc505,0.7400000095367432,0.7753084301948547,0.03530842065811157,0.03530842065811157
2,973,cf95c26f35f752c9ab6625e9,1.9900000095367432,1.5651301145553589,-0.4248698949813843,0.4248698949813843
2,974,9927f61afde4978cc61d2397,2.7300000190734863,2.2191030979156494,-0.5108969211578369,0.5108969211578369
2,975,67beddd28463feefaf96df2d,0.6020600199699402,1.2035982608795166,0.6015382409095764,0.6015382409095764
2,976,99acc7a3768e856760faa8aa,0.8538719415664673,0.8275946378707886,-0.02627730369567871,0.02627730369567871
2,977,dd115a3533a65d1bd0b7bb9b,0.550000011920929,0.8276690244674683,0.2776690125465393,0.2776690125465393
2,978,31b951bdc15bde8237e2d542,0.5799999833106995,0.7707440257072449,0.1907440423965454,0.1907440423965454
2,979,e71585ae15c0656168c6cc2f,0.7300000190734863,0.28953665494918823,-0.4404633641242981,0.4404633641242981
2,980,645a37b815ed67fe9b9217eb,1.409999966621399,0.7298881411552429,-0.680111825466156,0.680111825466156
2,981,a55abf6f3d24a9d95f5ad225,1.2400000095367432,0.8989860415458679,-0.34101396799087524,0.34101396799087524
2,982,205c77b2140330d181dee902,1.6200000047683716,1.6570422649383545,0.03704226016998291,0.03704226016998291
2,983,a5f84435fc3b710a2d4d326e,3.380211353302002,2.2605321407318115,-1.1196792125701904,1.1196792125701904
2,984,c46ffa259cb0e9570b41b8bc,1.7599999904632568,2.2847514152526855,0.5247514247894287,0.5247514247894287
2,985,1b6739caa078489b3b1aeaf1,1.3200000524520874,0.9906613230705261,-0.3293387293815613,0.3293387293815613
2,986,377eae4e9ff9fda1b4b5ce52,1.8700000047683716,1.4710743427276611,-0.39892566204071045,0.39892566204071045
2,987,f4148b5733653948d14d011b,0.75,1.7142242193222046,0.9642242193222046,0.9642242193222046
2,988,2801399ed4d8fd47389cfa27,2.380000114440918,2.7550859451293945,0.37508583068847656,0.37508583068847656
2,989,30962527f0defecf51edfc4c,3.537601947784424,3.5774853229522705,0.03988337516784668,0.03988337516784668
2,990,b845240a63339a0c3896c621,2.886056661605835,2.850205898284912,-0.03585076332092285,0.03585076332092285
2,991,b5b92ff369d85066d862c68d,1.809999942779541,1.6900734901428223,-0.11992645263671875,0.11992645263671875
2,992,c71e1f27efca9740871481b3,1.840000033378601,2.117445707321167,0.2774456739425659,0.2774456739425659
2,993,f1dedb78164c538d5de00e3c,1.8300000429153442,1.4765126705169678,-0.35348737239837646,0.35348737239837646
2,994,91effb444766304601a69357,1.149999976158142,0.5666252374649048,-0.5833747386932373,0.5833747386932373
2,995,50713fea837175eb99cadd19,1.366531491279602,1.250213384628296,-0.11631810665130615,0.11631810665130615
2,996,a21adfe5b4c50a1bc6f59646,2.2699999809265137,1.8075752258300781,-0.46242475509643555,0.46242475509643555
2,997,95534222d13bb38a8bbafa2c,0.28999999165534973,1.5408892631530762,1.2508893013000488,1.2508893013000488
2,998,0e237562b37d3dc34e9a7b97,1.899999976158142,1.8778753280639648,-0.022124648094177246,0.022124648094177246
2,999,03b288f0fac8bbaea07fe477,2.9788107872009277,2.975501775741577,-0.003309011459350586,0.003309011459350586
2,1000,2710b486a407b764c307f31f,4.886056423187256,3.9390056133270264,-0.9470508098602295,0.9470508098602295
2,1001,95b94798506d141b9b60e18f,0.8299999833106995,1.3566265106201172,0.5266265273094177,0.5266265273094177
2,1002,7c6e01b341ddf067f770ce9f,2.698970079421997,2.641024112701416,-0.057945966720581055,0.057945966720581055
2,1003,3930a5ebf079d5ee6d78c654,0.41999998688697815,1.2583138942718506,0.8383139371871948,0.8383139371871948
2,1004,d349d5224febb734c8bbaa8b,4.585026741027832,4.025920391082764,-0.5591063499450684,0.5591063499450684
2,1005,afcd23f4e41b0f24b356b28d,3.2899672985076904,2.953317403793335,-0.33664989471435547,0.33664989471435547
2,1006,c85a225801f29175193c34f5,2.0999999046325684,1.7722244262695312,-0.3277754783630371,0.3277754783630371
2,1007,895283ae34e9fc8637d03cde,1.1399999856948853,1.383996844291687,0.24399685859680176,0.24399685859680176
2,1008,7c883450d88a0c66ddf081c3,1.9199999570846558,2.3284621238708496,0.40846216678619385,0.40846216678619385
2,1009,97b9792057866e47e2ba3420,1.0700000524520874,1.3419485092163086,0.2719484567642212,0.2719484567642212
2,1010,d18887ccf6849a59fcdf7210,0.8569852113723755,1.1651611328125,0.3081759214401245,0.3081759214401245
2,1011,2fef991ce7c1f440d0bdf1c3,-1.2552725076675415,3.916985273361206,5.172257900238037,5.172257900238037
2,1012,965c97d63a8665458ded74a1,3.284832715988159,3.262321949005127,-0.022510766983032227,0.022510766983032227
2,1013,28c26d808ba82a98a198af79,0.9200000166893005,1.1331238746643066,0.2131238579750061,0.2131238579750061
2,1014,83e0a1251a84cb8956863d78,1.3899999856948853,1.5256431102752686,0.1356431245803833,0.1356431245803833
2,1015,0322220c82f53f7461616929,0.9586073160171509,0.9917768836021423,0.033169567584991455,0.033169567584991455
2,1016,9ddec9aebebe307539188b92,2.431798219680786,2.8843538761138916,0.45255565643310547,0.45255565643310547
2,1017,606cb4e2ba340f7cc5c26616,0.9800000190734863,1.3948688507080078,0.4148688316345215,0.4148688316345215
2,1018,a66c3a9ad860437ac732748c,1.809999942779541,1.6850239038467407,-0.12497603893280029,0.12497603893280029
2,1019,355142b1cc5797414b2b2799,2.1500000953674316,2.422051191329956,0.2720510959625244,0.2720510959625244
2,1020,fb2ffd6ce87881475f3887c1,1.899999976158142,1.5628852844238281,-0.33711469173431396,0.33711469173431396
2,1021,fe6d269f9c7eb581c33ee2f1,1.8761483430862427,0.18834902346134186,-1.687799334526062,1.687799334526062
2,1022,dbd3c14d4b16726471bb30b6,3.3857357501983643,2.1275389194488525,-1.2581968307495117,1.2581968307495117
2,1023,b12c2bd476f2d02c4a1d378b,2.853872060775757,2.734395742416382,-0.119476318359375,0.119476318359375
2,1024,fda6b246e79c22fadcda709f,0.9300000071525574,1.1647982597351074,0.23479825258255005,0.23479825258255005
2,1025,b15181bd392f4b31c45480b5,2.4164233207702637,2.3121933937072754,-0.10422992706298828,0.10422992706298828
2,1026,d9bff437eade2605e7c9441e,1.2300000190734863,1.313947319984436,0.08394730091094971,0.08394730091094971
2,1027,b30b996575716c0843c86ea3,1.6020599603652954,1.8181532621383667,0.2160933017730713,0.2160933017730713
2,1028,da50821e94e164b33bd969cf,-4.274158000946045,-1.8089408874511719,2.465217113494873,2.465217113494873
2,1029,d40c6b1fb07425c3fe154710,1.7400000095367432,1.9151275157928467,0.17512750625610352,0.17512750625610352
2,1030,d91a2fa52619ae4d8f9f7817,1.100000023841858,1.0816619396209717,-0.01833808422088623,0.01833808422088623
2,1031,7f6cca920508f2659cb22111,-0.03999999910593033,1.0763942003250122,1.1163941621780396,1.1163941621780396
2,1032,ef7141d09069cc19fcbe7944,1.5099999904632568,1.4472005367279053,-0.06279945373535156,0.06279945373535156
2,1033,f996758881a25421f2a6b3d4,1.1799999475479126,0.7071747779846191,-0.47282516956329346,0.47282516956329346
2,1034,4ccb1cdfc0389505020ebab3,2.8327155113220215,2.960289716720581,0.12757420539855957,0.12757420539855957
2,1035,1cb287170f8fda3dc6861936,3.087777853012085,2.965618371963501,-0.12215948104858398,0.12215948104858398
2,1036,ff8707161428652143bd06f2,2.6600000858306885,2.403181552886963,-0.2568185329437256,0.2568185329437256
2,1037,be56bd97358da21b6b8ed189,1.9700000286102295,1.4917736053466797,-0.4782264232635498,0.4782264232635498
2,1038,8daf19942a99ff4d9686066d,2.0999999046325684,2.0696818828582764,-0.030318021774291992,0.030318021774291992
2,1039,8270714b1ed026a1298c2f82,3.6575772762298584,3.9119014739990234,0.25432419776916504,0.25432419776916504
2,1040,51796492c0590bf9fbaebb48,0.47999998927116394,0.6729055643081665,0.19290557503700256,0.19290557503700256
2,1041,2f3d84358db9d40f435c7aa1,1.3010300397872925,2.4527621269226074,1.151732087135315,1.151732087135315
2,1042,b6101b3d41a75f16fab1d573,1.3899999856948853,1.4347138404846191,0.04471385478973389,0.04471385478973389
2,1043,3a5f7e704a3f248798a4cf30,0.7099999785423279,1.034825086593628,0.32482510805130005,0.32482510805130005
2,1044,329f7d7fc4b8fe74e3df38e4,0.8100000023841858,0.46874696016311646,-0.34125304222106934,0.34125304222106934
2,1045,2d22800d400cfb3e77823e51,3.8659825325012207,2.139256238937378,-1.7267262935638428,1.7267262935638428
2,1046,9eeb593d744b5c81f43c6d97,3.73002028465271,4.015759468078613,0.2857391834259033,0.2857391834259033
2,1047,2180b46bc5ebef8d834ab1a0,1.5,2.1305696964263916,0.6305696964263916,0.6305696964263916
2,1048,501b7eed64d57971fa47bb74,2.240000009536743,1.5899467468261719,-0.6500532627105713,0.6500532627105713
2,1049,f7bca25b46d600ff35eb3c68,0.9700000286102295,0.8566812872886658,-0.11331874132156372,0.11331874132156372
2,1050,d432fa7c9dbe1b00df89ede6,3.430000066757202,2.710474729537964,-0.7195253372192383,0.7195253372192383
2,1051,af0f6c6d33b3cdca9933be7a,2.665546178817749,2.501953125,-0.16359305381774902,0.16359305381774902
2,1052,1d88af3e93c55316c62a1439,0.3979400098323822,0.6976677775382996,0.29972776770591736,0.29972776770591736
2,1053,734bdafabcd698368b4bec97,1.0099999904632568,1.096421480178833,0.08642148971557617,0.08642148971557617
2,1054,e273c624e391e283610c0904,2.7381510734558105,3.3747928142547607,0.6366417407989502,0.6366417407989502
2,1055,7c7f22afbaf174747f72192c,2.0299999713897705,1.5975970029830933,-0.43240296840667725,0.43240296840667725
2,1056,6c5c79a53070b89cbf9aa3e9,1.3700000047683716,1.4778081178665161,0.10780811309814453,0.10780811309814453
2,1057,6da7def9e9356f7bd753ca30,0.8700000047683716,0.9077274203300476,0.037727415561676025,0.037727415561676025
2,1058,786544cacb4375bd212388f2,1.7200000286102295,1.2643992900848389,-0.4556007385253906,0.4556007385253906
2,1059,9cd42c178f1d86a3133c0019,1.3699791431427002,2.253624439239502,0.8836452960968018,0.8836452960968018
2,1060,6cd1d899843fcb3691fa8414,2.8399999141693115,1.4897414445877075,-1.350258469581604,1.350258469581604
2,1061,528b5aeb07a66fa2ead5d62a,0.47999998927116394,0.46485310792922974,-0.015146881341934204,0.015146881341934204
2,1062,32761d964ccf4a660624ae7d,1.6699999570846558,1.7725142240524292,0.10251426696777344,0.10251426696777344
2,1063,4c0a312e1bd8448142590853,1.7699999809265137,1.5054211616516113,-0.26457881927490234,0.26457881927490234
2,1064,34fc54ec0a21b596e266c457,2.509999990463257,2.408189058303833,-0.10181093215942383,0.10181093215942383
2,1065,71adb694312141674e6c5c03,4.929962158203125,4.22813081741333,-0.7018313407897949,0.7018313407897949
2,1066,475df20f09a314210450abfb,3.4164233207702637,2.262605905532837,-1.1538174152374268,1.1538174152374268
2,1067,47f99cb4a6ad8685bf09cf2c,2.397939920425415,2.2132861614227295,-0.18465375900268555,0.18465375900268555
2,1068,feae395fb871a1d848181ded,0.7400000095367432,1.2944912910461426,0.5544912815093994,0.5544912815093994
2,1069,400e428958ebe29076db1459,3.1881508827209473,3.4109838008880615,0.22283291816711426,0.22283291816711426
2,1070,e285bb0856fd60b83510b7af,0.2518119812011719,1.499631404876709,1.247819423675537,1.247819423675537
2,1071,d24a5395c838794d375a35c5,2.0399999618530273,2.3868534564971924,0.34685349464416504,0.34685349464416504
2,1072,a06e1aa85b134e1acb27bab4,1.309999942779541,2.1729896068573,0.8629896640777588,0.8629896640777588
2,1073,f3fa2b485c42c19342535521,2.5399999618530273,2.037853956222534,-0.5021460056304932,0.5021460056304932
2,1074,e13c2a1e26e15dc4a281c3f6,1.3700000047683716,0.5641606450080872,-0.8058393597602844,0.8058393597602844
2,1075,0518c0594523e83299f98955,0.5867002606391907,0.6548053622245789,0.06810510158538818,0.06810510158538818
2,1076,a81e89543d34d25b59e9a8da,4.275723934173584,4.1690592765808105,-0.10666465759277344,0.10666465759277344
2,1077,6a02e6ffdb3e0f30cd092f19,1.5199999809265137,1.7229769229888916,0.20297694206237793,0.20297694206237793
2,1078,04e8b2b1ebad406de035823d,2.8004276752471924,3.047078847885132,0.24665117263793945,0.24665117263793945
2,1079,2924c3e6a2aa082858835051,0.18000000715255737,1.3420281410217285,1.1620280742645264,1.1620280742645264
2,1080,d0026f2a4aa7394e215c28f2,2.1700000762939453,1.5377495288848877,-0.6322505474090576,0.6322505474090576
2,1081,65c8d7658894834405d3a911,1.1791419982910156,1.5557951927185059,0.37665319442749023,0.37665319442749023
2,1082,97727fa01ca086a80a1f50c4,4.410050392150879,3.4281301498413086,-0.9819202423095703,0.9819202423095703
2,1083,351f359f480cb5ba26b5719a,1.0399999618530273,1.6130142211914062,0.5730142593383789,0.5730142593383789
2,1084,109900276753db8e9fcb0ef5,2.259999990463257,2.111381769180298,-0.14861822128295898,0.14861822128295898
2,1085,c79dcf67973453e5cf6bef5b,1.75,0.9817438721656799,-0.7682561278343201,0.7682561278343201
2,1086,3d5c5e9061bc6b508087d5d6,2.185086727142334,-0.37474656105041504,-2.559833288192749,2.559833288192749
2,1087,24edbd235cf3152d42934532,3.0900163650512695,3.044283866882324,-0.04573249816894531,0.04573249816894531
2,1088,20f25c87db351d7822e271f5,1.1799999475479126,1.3243948221206665,0.1443948745727539,0.1443948745727539
2,1089,e66100c943bbc81ff448a1af,3.6635403633117676,3.5564985275268555,-0.10704183578491211,0.10704183578491211
3,0,763c2b848221a74306efc30a,1.440000057220459,1.4124139547348022,-0.02758610248565674,0.02758610248565674
3,1,f1e65b236e3430440f1ca144,1.2000000476837158,0.5024502873420715,-0.6975497603416443,0.6975497603416443
3,2,6e13eae48f2ad203f2f704bc,2.5299999713897705,1.6086106300354004,-0.9213893413543701,0.9213893413543701
3,3,62fc747627bcb4bceb98025c,1.238072156906128,0.7224025130271912,-0.5156696438789368,0.5156696438789368
3,4,e836b665b3afe1271b848452,1.690000057220459,1.7873542308807373,0.09735417366027832,0.09735417366027832
3,5,4122db94242d253e37573906,3.0409586429595947,2.1991097927093506,-0.8418488502502441,0.8418488502502441
3,6,1cb287170f8fda3dc6861936,3.087777853012085,3.2991602420806885,0.21138238906860352,0.21138238906860352
3,7,e123525d7874efb1cf8a2de3,4.443697452545166,4.520270824432373,0.07657337188720703,0.07657337188720703
3,8,9f4662ab10aeeb70a0737201,0.9900000095367432,1.382051706314087,0.39205169677734375,0.39205169677734375
3,9,59bff7da986621b9ef58cf0a,1.8899999856948853,1.5324290990829468,-0.3575708866119385,0.3575708866119385
3,10,03638e7b8dd538e280bbec58,0.20999999344348907,0.746416449546814,0.5364164710044861,0.5364164710044861
3,11,7091310b1aaa58cfbaab2bb0,1.840000033378601,2.0674571990966797,0.2274571657180786,0.2274571657180786
3,12,ffa753eb7486037194437113,0.6020600199699402,1.0038141012191772,0.40175408124923706,0.40175408124923706
3,13,a52c304b2cc8b537a80019d6,3.7647507190704346,3.069073438644409,-0.6956772804260254,0.6956772804260254
3,14,f00d1d6efc8dbe1ae730835e,2.7735400199890137,3.026742696762085,0.2532026767730713,0.2532026767730713
3,15,d687e0ffc32cb51e961657c3,3.3499999046325684,3.3249423503875732,-0.025057554244995117,0.025057554244995117
3,16,0a353ea7ea954b9329ec94cf,1.5399999618530273,0.7299402356147766,-0.8100597262382507,0.8100597262382507
3,17,ca8fcc53d0bdd64024741990,3.359999895095825,2.5082168579101562,-0.851783037185669,0.851783037185669
3,18,19d66d3ac41147ff5b711475,1.9299999475479126,2.740854501724243,0.8108545541763306,0.8108545541763306
3,19,2b17dacf66385bcabb008513,3.5638372898101807,3.0742692947387695,-0.48956799507141113,0.48956799507141113
3,20,b36c79b6213d30b5e0994e69,2.2441251277923584,2.5689821243286133,0.3248569965362549,0.3248569965362549
3,21,5a0a13216b28d3e1538ae466,3.0048036575317383,3.1358554363250732,0.13105177879333496,0.13105177879333496
3,22,68fd1dd40c8f072a441e2b50,3.1191864013671875,3.654127836227417,0.5349414348602295,0.5349414348602295
3,23,976f6faebb71385477d52671,2.737548828125,2.752199172973633,0.014650344848632812,0.014650344848632812
3,24,abc374e9223a385e21e55c88,-0.5646660923957825,0.4787312150001526,1.043397307395935,1.043397307395935
3,25,615ffc23af7203af22acf7ea,3.585026741027832,3.7795794010162354,0.19455265998840332,0.19455265998840332
3,26,c38f4d72e2d276c13990ce74,3.5477027893066406,2.907078981399536,-0.6406238079071045,0.6406238079071045
3,27,9d8228b68cca2475e5fa926b,1.9800000190734863,1.9307574033737183,-0.049242615699768066,0.049242615699768066
3,28,2c347e2429196f02a01de7f3,4.92081880569458,4.393951892852783,-0.5268669128417969,0.5268669128417969
3,29,6618c1cf1065b04bc15e162d,3.0299999713897705,3.0579826831817627,0.027982711791992188,0.027982711791992188
3,30,eb1383ddd4f0d5948acfa1c5,2.797299861907959,2.850147008895874,0.05284714698791504,0.05284714698791504
3,31,20b89cd6568fd6eb8a2a5228,3.0799999237060547,2.343576669692993,-0.7364232540130615,0.7364232540130615
3,32,49a50783cdb86c06d943da61,3.32790207862854,3.4704129695892334,0.14251089096069336,0.14251089096069336
3,33,915a4a7bc36e7c06eefcdde8,0.550000011920929,1.0304514169692993,0.48045140504837036,0.48045140504837036
3,34,876a00a02708d0f987c37e33,1.2100000381469727,0.8621021509170532,-0.34789788722991943,0.34789788722991943
3,35,1ef8d9c6c644e084c167c50b,0.6600000262260437,0.8331231474876404,0.17312312126159668,0.17312312126159668
3,36,d9e16c9d029520e34fdac679,1.8700000047683716,1.0705054998397827,-0.7994945049285889,0.7994945049285889
3,37,196017ed620d335c0d0fb6e5,0.6000000238418579,1.2307547330856323,0.6307547092437744,0.6307547092437744
3,38,1021b15fb66a9eda3dae14ce,0.9900000095367432,1.1610444784164429,0.1710444688796997,0.1710444688796997
3,39,eb9ac553a622ee8aa402db2d,2.009999990463257,2.260503053665161,0.2505030632019043,0.2505030632019043
3,40,0b44dcdd2e54a7cd2b2fb9a6,2.140021562576294,2.2944681644439697,0.15444660186767578,0.15444660186767578
3,41,bceee207b5e1789a9a491d5d,1.497572898864746,2.3377320766448975,0.8401591777801514,0.8401591777801514
3,42,af0127b2bbcdef7f75657114,1.7200000286102295,1.6430093050003052,-0.07699072360992432,0.07699072360992432
3,43,e458284a0af4695caa21adc0,1.5299999713897705,1.521187663078308,-0.008812308311462402,0.008812308311462402
3,44,3281aa95b94af4e01c14e2f7,1.0199999809265137,0.6478893756866455,-0.37211060523986816,0.37211060523986816
3,45,48480b1e5aae4f87c02ca8c7,0.7958800196647644,1.615700602531433,0.8198205828666687,0.8198205828666687
3,46,5d45a1da82d061e92a1678b6,4.2924299240112305,2.5394816398620605,-1.75294828414917,1.75294828414917
3,47,9baf3bb3b019964e6d80a7f4,4.360015869140625,3.4512178897857666,-0.9087979793548584,0.9087979793548584
3,48,dbe34fc5f10ee50968941966,1.399999976158142,0.8977939486503601,-0.502206027507782,0.502206027507782
3,49,50af7d827d66ae388251604a,1.9299999475479126,2.05053448677063,0.12053453922271729,0.12053453922271729
3,50,7f350e6e669cd255e99b600e,3.509999990463257,3.379873514175415,-0.1301264762878418,0.1301264762878418
3,51,07a24cf47e48c97e74848639,1.090000033378601,2.106046438217163,1.016046404838562,1.016046404838562
3,52,edc3fb0f950532f21d90ec8e,1.77211332321167,1.9809726476669312,0.20885932445526123,0.20885932445526123
3,53,6cadfe2674ffabae45e2e6db,4.922026634216309,3.5065319538116455,-1.415494680404663,1.415494680404663
3,54,3be530a42fbe8b96a9f37af3,2.886056661605835,2.8034520149230957,-0.08260464668273926,0.08260464668273926
3,55,edc88134df8ab4c6ee9015de,0.3565473258495331,0.3593050241470337,0.0027576982975006104,0.0027576982975006104
3,56,179f319c894edae20709a356,0.8899999856948853,1.1281923055648804,0.23819231986999512,0.23819231986999512
3,57,8ea8e6a0e757662275516f75,1.0499999523162842,1.037861943244934,-0.012138009071350098,0.012138009071350098
3,58,b725237b5404b0ca7a4539b0,1.0099999904632568,1.0479742288589478,0.03797423839569092,0.03797423839569092
3,59,3b1e336bca1a5f8eef23c5c7,1.0700000524520874,0.879590630531311,-0.19040942192077637,0.19040942192077637
3,60,46cd486447305e5c0b4ccefb,1.325555682182312,1.2982677221298218,-0.027287960052490234,0.027287960052490234
3,61,32e3c82f60baa0154365b89a,3.4202163219451904,3.8905086517333984,0.470292329788208,0.470292329788208
3,62,e557e68daffb75915dc16cf3,1.721246361732483,1.346535563468933,-0.3747107982635498,0.3747107982635498
3,63,ea77ae97547154219c6017b8,2.950000047683716,2.846496820449829,-0.10350322723388672,0.10350322723388672
3,64,551bc8cb057fb6f6c6e13a91,0.25999999046325684,0.9273613095283508,0.667361319065094,0.667361319065094
3,65,0b410cd2681d2f2767f44dd0,2.619999885559082,1.9520694017410278,-0.6679304838180542,0.6679304838180542
3,66,706e8d524b607c877af33c2e,3.508638381958008,3.6579079627990723,0.14926958084106445,0.14926958084106445
3,67,08add3f439f42455342b8e08,1.6575772762298584,3.7172601222991943,2.059682846069336,2.059682846069336
3,68,b0a365ed822fa6e01e8f7c72,2.614393711090088,2.7405478954315186,0.12615418434143066,0.12615418434143066
3,69,65e4ea621ea77a4e6249741c,1.148741602897644,0.9091325402259827,-0.23960906267166138,0.23960906267166138
3,70,1cf78e8604220e830f822e09,2.4100000858306885,1.9304558038711548,-0.4795442819595337,0.4795442819595337
3,71,5ce0b5419ebc899959d800df,4.031517028808594,3.963738203048706,-0.0677788257598877,0.0677788257598877
3,72,8eb6ea690bc97deabf74f115,1.9788106679916382,1.9646357297897339,-0.014174938201904297,0.014174938201904297
3,73,55cebeda17c68e761048f53c,1.940000057220459,1.4564781188964844,-0.4835219383239746,0.4835219383239746
3,74,ddb1121aee4a860f157d622f,1.559999942779541,1.1746981143951416,-0.3853018283843994,0.3853018283843994
3,75,476bc2817e6f936a00103ca6,1.0299999713897705,0.7178040146827698,-0.31219595670700073,0.31219595670700073
3,76,9ce1b47a0f7835811c48a4fe,3.101823568344116,3.2218618392944336,0.12003827095031738,0.12003827095031738
3,77,87e900ac69c862ac7110e57f,1.9586073160171509,1.8613866567611694,-0.09722065925598145,0.09722065925598145
3,78,9c698835321f21d04ca92196,0.9586073160171509,1.3567057847976685,0.3980984687805176,0.3980984687805176
3,79,b8a9cbd7f2b52503b85345bc,2.049999952316284,1.176741600036621,-0.8732583522796631,0.8732583522796631
3,80,35c794dbeb9919e215931110,1.1100000143051147,0.9536421895027161,-0.15635782480239868,0.15635782480239868
3,81,cc81683f9a62226fedadc42d,0.9599999785423279,0.6696811318397522,-0.2903188467025757,0.2903188467025757
3,82,8582487aba76a5acca8d09de,0.11999999731779099,0.7428526878356934,0.6228526830673218,0.6228526830673218
3,83,2d107ddf3a3e7aca42f6858c,4.2441253662109375,3.545184850692749,-0.6989405155181885,0.6989405155181885
3,84,1e8a1ca0942727a71fbcd19d,1.399999976158142,1.1590784788131714,-0.2409214973449707,0.2409214973449707
3,85,9a37660cd17d764cc3bac2b1,1.3600000143051147,1.3338019847869873,-0.02619802951812744,0.02619802951812744
3,86,54f4fa912d7c944babab3fe5,1.9500000476837158,2.130498170852661,0.1804981231689453,0.1804981231689453
3,87,2113b332f0f682ea39286a27,0.9300000071525574,1.8673404455184937,0.9373404383659363,0.9373404383659363
3,88,d1c2b1812ba56f894d03e326,2.3216638565063477,2.080047845840454,-0.24161601066589355,0.24161601066589355
3,89,fba67ff0fbde01562c4dfe31,0.7958800196647644,0.07680077850818634,-0.7190792560577393,0.7190792560577393
3,90,e26d69d4575b25a6f19ca59e,1.1200000047683716,1.3497689962387085,0.22976899147033691,0.22976899147033691
3,91,e901193a608f52883d612ea3,1.6299999952316284,1.483053207397461,-0.14694678783416748,0.14694678783416748
3,92,46215861d66bbc6ef69a61fc,0.800000011920929,1.245460867881775,0.44546085596084595,0.44546085596084595
3,93,8afb9628384f165e892764dc,3.301029920578003,2.9329240322113037,-0.3681058883666992,0.3681058883666992
3,94,ef1de9bbd945f015b9d186e5,4.376750946044922,3.7214903831481934,-0.6552605628967285,0.6552605628967285
3,95,0b3bf6cd14dd2877a4ba6cc0,1.090000033378601,2.0416502952575684,0.9516502618789673,0.9516502618789673
3,96,a3519611b362917d726e0fb7,0.4605475068092346,2.79302978515625,2.33248233795166,2.33248233795166
3,97,6da7def9e9356f7bd753ca30,0.8700000047683716,0.6142573356628418,-0.2557426691055298,0.2557426691055298
3,98,43172cd1afa2295f638101d2,1.909999966621399,2.2674434185028076,0.3574434518814087,0.3574434518814087
3,99,2c400c8d476830edef8e0bf6,2.009999990463257,1.6681095361709595,-0.34189045429229736,0.34189045429229736
3,100,3f11fff1c94d223959aeb2c3,3.017728805541992,1.9456301927566528,-1.0720986127853394,1.0720986127853394
3,101,0682fc5e94a30f98281c99a7,0.20999999344348907,1.0399693250656128,0.8299693465232849,0.8299693465232849
3,102,574b85e67a65611c9bb9f2b3,1.9800000190734863,2.6964566707611084,0.7164566516876221,0.7164566516876221
3,103,91b5e1b404112359e8250753,2.6675615310668945,2.1025326251983643,-0.5650289058685303,0.5650289058685303
3,104,707fc009484a4cbd9c4eeafc,2.6964261531829834,2.693934917449951,-0.0024912357330322266,0.0024912357330322266
3,105,e5c35843309a3bf5b9840acd,-5.127104759216309,-4.899631977081299,0.22747278213500977,0.22747278213500977
3,106,79b6ad2adc74ac0e8f49ff2c,2.9698052406311035,2.8628056049346924,-0.10699963569641113,0.10699963569641113
3,107,b6101b3d41a75f16fab1d573,1.3899999856948853,1.5730034112930298,0.18300342559814453,0.18300342559814453
3,108,de8096bf50bae15695e52c0e,-0.009999999776482582,0.49202436208724976,0.5020243525505066,0.5020243525505066
3,109,16fe9b0f04534a99e52fc43d,0.3400000035762787,1.480988621711731,1.1409885883331299,1.1409885883331299
3,110,d738b4f75073dbe3c00eb6fa,2.0,2.200777292251587,0.20077729225158691,0.20077729225158691
3,111,9ff5fffc2e2eb41ee4d03e1a,0.9399999976158142,1.1324974298477173,0.19249743223190308,0.19249743223190308
3,112,0d956193977b1eddae82f4cb,0.4699999988079071,0.8531137108802795,0.38311371207237244,0.38311371207237244
3,113,055310e261dbe2cad46dd00b,0.7200000286102295,1.1567137241363525,0.43671369552612305,0.43671369552612305
3,114,0979de8c078eafc517c844ef,3.869999885559082,3.113457441329956,-0.756542444229126,0.756542444229126
3,115,c3734cf3853299491fef2879,2.70465350151062,3.182882070541382,0.4782285690307617,0.4782285690307617
3,116,1055ee3678db150ede2fbb1c,3.268411159515381,3.255380630493164,-0.013030529022216797,0.013030529022216797
3,117,4304d44a3eb3c0e9db39d954,0.7399286031723022,0.9979497790336609,0.25802117586135864,0.25802117586135864
3,118,6d944f32a027345175c90fa4,4.0087738037109375,3.9636924266815186,-0.045081377029418945,0.045081377029418945
3,119,3b19959db7ec8dc23ba04b3c,0.6399999856948853,1.0280119180679321,0.3880119323730469,0.3880119323730469
3,120,e52ca26428eb950a242bc972,4.638272285461426,4.190724849700928,-0.44754743576049805,0.44754743576049805
3,121,5378731687952e16355df55d,4.269999980926514,4.19163703918457,-0.07836294174194336,0.07836294174194336
3,122,6c720945f41d4c3a6ae81713,1.5299999713897705,1.6743839979171753,0.14438402652740479,0.14438402652740479
3,123,392ca752973ab1349debc0d6,1.7799999713897705,1.926107406616211,0.14610743522644043,0.14610743522644043
3,124,577e1179a9c7c070fbc8e7c6,2.2899999618530273,2.776336431503296,0.48633646965026855,0.48633646965026855
3,125,50e8083bbd98674ef449f0d6,2.113509178161621,2.126912832260132,0.013403654098510742,0.013403654098510742
3,126,01448fadc58368ade8886933,1.3799999952316284,1.4021211862564087,0.022121191024780273,0.022121191024780273
3,127,962fa74e519d0f5a6fdd5662,1.8538719415664673,1.627609372138977,-0.22626256942749023,0.22626256942749023
3,128,7c8f0fb2e711bcbe902d43b2,1.1319372653961182,1.647948980331421,0.5160117149353027,0.5160117149353027
3,129,27f7c0dc7e658c25788b24e6,0.8999999761581421,1.0428386926651,0.142838716506958,0.142838716506958
3,130,a9b127c7020ce7366c4715b3,3.853872060775757,3.773371458053589,-0.08050060272216797,0.08050060272216797
3,131,30bfd69490a08007d18de4ef,1.8799999952316284,2.0958120822906494,0.215812087059021,0.215812087059021
3,132,63e543730430de849bad26c3,1.2599999904632568,1.2277802228927612,-0.032219767570495605,0.032219767570495605
3,133,a4d7c8fab34c70b29a9b10ca,0.18000000715255737,0.5377722382545471,0.35777223110198975,0.35777223110198975
3,134,070a809c1c10581eafac6f07,2.5299999713897705,1.9408756494522095,-0.589124321937561,0.589124321937561
3,135,7ef1d2f401557d770a97133c,1.2699999809265137,1.583038330078125,0.31303834915161133,0.31303834915161133
3,136,9b045685b36dd8d655658305,2.4200000762939453,2.2413313388824463,-0.17866873741149902,0.17866873741149902
3,137,c3411e43c6a69870018626f8,1.3899999856948853,1.4249417781829834,0.034941792488098145,0.034941792488098145
3,138,2d805c2eacc1578d9e088d39,2.301029920578003,2.2264046669006348,-0.07462525367736816,0.07462525367736816
3,139,d8f68d95eb162a96812ae9f4,1.46040940284729,2.176534414291382,0.7161250114440918,0.7161250114440918
3,140,1a4589e466eaa6fff21d7e0a,3.9200000762939453,3.2012062072753906,-0.7187938690185547,0.7187938690185547
3,141,793a82597f4ea2a0f8185338,1.2899999618530273,0.7503182291984558,-0.5396817326545715,0.5396817326545715
3,142,cf82584f8d8346bdeb02d89a,0.4099999964237213,1.0286298990249634,0.6186299324035645,0.6186299324035645
3,143,9c25021f47a06d06d70e6b1a,1.1799999475479126,0.820030152797699,-0.3599697947502136,0.3599697947502136
3,144,b53cae3c680fb87170d480de,1.1850868463516235,1.3068195581436157,0.12173271179199219,0.12173271179199219
3,145,57f6430b43eff1c622798f03,0.7400000095367432,0.934208869934082,0.19420886039733887,0.19420886039733887
3,146,99cbda7e727774878a0e6840,1.25,0.8315001130104065,-0.4184998869895935,0.4184998869895935
3,147,f5842b9d3e08cc4a458f0483,3.602060079574585,4.245433330535889,0.6433732509613037,0.6433732509613037
3,148,338a0a9c16ccd65e1fcad238,1.0800000429153442,1.2452855110168457,0.16528546810150146,0.16528546810150146
3,149,e63b97edb68bf6f90181879b,2.1199872493743896,1.9757987260818481,-0.1441885232925415,0.1441885232925415
3,150,a06e1aa85b134e1acb27bab4,1.309999942779541,2.47566294670105,1.1656630039215088,1.1656630039215088
3,151,c1eac049fe64638e3af0ac69,1.7699999809265137,1.718554139137268,-0.051445841789245605,0.051445841789245605
3,152,e3acae43550a7f0c75751b48,0.9599999785423279,1.1609965562820435,0.20099657773971558,0.20099657773971558
3,153,05a3e52e9cac7f213a5b5ce4,2.0999999046325684,1.72556471824646,-0.3744351863861084,0.3744351863861084
3,154,07abd6ee0144383d0cd9ce82,1.1739251613616943,1.0165821313858032,-0.1573430299758911,0.1573430299758911
3,155,2e44c656d0f7aa96b8c1747c,4.86012077331543,5.084959506988525,0.2248387336730957,0.2248387336730957
3,156,9a6b89d86b24a47122bacaf3,1.6799999475479126,1.5652233362197876,-0.114776611328125,0.114776611328125
3,157,a7dbf8c16b1de52ac95ab0b5,1.384049892425537,2.883307695388794,1.4992578029632568,1.4992578029632568
3,158,54c86b90b4b608867ad21d85,0.9208187460899353,0.3751903772354126,-0.5456283688545227,0.5456283688545227
3,159,e6d3887a16cf18975be255dd,3.0799999237060547,2.942478895187378,-0.13752102851867676,0.13752102851867676
3,160,861cc195334148ebd8a54c62,3.7212464809417725,2.7085866928100586,-1.0126597881317139,1.0126597881317139
3,161,4024faa383a4a5f6a5af8de3,0.25999999046325684,1.7375187873840332,1.4775187969207764,1.4775187969207764
3,162,3bbbbd8f5c835360df267bb5,3.609999895095825,1.4410215616226196,-2.168978214263916,2.168978214263916
3,163,7e8ba37205813c713b9f5a26,0.3979400098323822,0.5215380787849426,0.12359806895256042,0.12359806895256042
3,164,d4a20e2c4e76c58f00ae39c2,1.5800000429153442,1.0565053224563599,-0.5234947204589844,0.5234947204589844
3,165,b8370428d2f8ba833a59ef81,1.0846002101898193,1.845497488975525,0.7608972787857056,0.7608972787857056
3,166,26b8e62c2efda2f9bc289150,0.8799999952316284,2.4326298236846924,1.552629828453064,1.552629828453064
3,167,2c4e5d91e7880fb4e2013427,3.180000066757202,2.7662367820739746,-0.41376328468322754,0.41376328468322754
3,168,93e6e55471b23764ef240cde,1.399999976158142,1.4633407592773438,0.06334078311920166,0.06334078311920166
3,169,4ba1de12aae08953e6de7eec,1.6989699602127075,1.7594965696334839,0.06052660942077637,0.06052660942077637
3,170,fc4e99fa1ea1266e9cc675be,2.3499999046325684,2.5878334045410156,0.23783349990844727,0.23783349990844727
3,171,b437ac4e8f71f8b29dadb14c,3.2466721534729004,3.0847408771514893,-0.16193127632141113,0.16193127632141113
3,172,2cc4a092a006e29689fa3961,0.8999999761581421,0.8991416692733765,-0.000858306884765625,0.000858306884765625
3,173,c6e956059c283aa392b61bc7,1.5099999904632568,1.234188437461853,-0.2758115530014038,0.2758115530014038
3,174,b113e156d0130f7835215a50,0.9253904223442078,1.405136227607727,0.4797458052635193,0.4797458052635193
3,175,8e18283870b451c7fdeb8a5f,3.8477115631103516,4.12502908706665,0.27731752395629883,0.27731752395629883
3,176,9d58c78057afca0c0bae32b3,1.309999942779541,0.9007466435432434,-0.4092532992362976,0.4092532992362976
3,177,10ddf00c9065d8a2f2ec8eee,2.5051004886627197,2.639356851577759,0.13425636291503906,0.13425636291503906
3,178,8af33fc33fbb3b999dc011a4,1.7799999713897705,1.8118623495101929,0.03186237812042236,0.03186237812042236
3,179,ae2e86551eeceeae49e8071e,0.15000000596046448,0.9958047270774841,0.8458046913146973,0.8458046913146973
3,180,f3f6dcb2b20f02592dbfc5c9,3.3575353622436523,3.348388433456421,-0.009146928787231445,0.009146928787231445
3,181,aa41c4de8468fe81c1ad494d,0.3799999952316284,0.9130005836486816,0.5330005884170532,0.5330005884170532
3,182,3cf347e46d9141b5c1275201,1.6799999475479126,2.1487786769866943,0.46877872943878174,0.46877872943878174
3,183,ba3cac314d25a4d4c5abbc5f,2.3372421264648438,3.205947160720825,0.8687050342559814,0.8687050342559814
3,184,856b258cc449e29b61919fc7,0.5850266814231873,0.6821078658103943,0.09708118438720703,0.09708118438720703
3,185,9b4870f5b17e229413d60472,1.7300000190734863,0.8003188967704773,-0.929681122303009,0.929681122303009
3,186,7a14fde295eaa9f806ccc28c,2.770890951156616,2.769000768661499,-0.0018901824951171875,0.0018901824951171875
3,187,1bd519bb005c2594adb381a9,0.15000000596046448,0.6227204203605652,0.4727204144001007,0.4727204144001007
3,188,bc2bcde0334a26befbbcbea1,0.15000000596046448,0.9491743445396423,0.7991743087768555,0.7991743087768555
3,189,5736740649471eee7dc887b1,1.690000057220459,1.4225374460220337,-0.2674626111984253,0.2674626111984253
3,190,082ef3f69d9bbc78991b3774,1.2699999809265137,1.3025643825531006,0.032564401626586914,0.032564401626586914
3,191,63115832e455926d835d2a3d,1.3010300397872925,1.2971798181533813,-0.003850221633911133,0.003850221633911133
3,192,9b3387700845348fafb39898,1.6699999570846558,1.4612869024276733,-0.20871305465698242,0.20871305465698242
3,193,b8acc55f8ee345d6efae1756,3.390000104904175,2.9593472480773926,-0.4306528568267822,0.4306528568267822
3,194,a414ae405ab4648ef256ae60,1.7400000095367432,1.7577131986618042,0.017713189125061035,0.017713189125061035
3,195,fd540089ea8fb37d97d430cc,3.056011199951172,3.033745527267456,-0.02226567268371582,0.02226567268371582
3,196,324533aa7dad5ff2b8ae8a18,0.4300000071525574,1.6780725717544556,1.248072624206543,1.248072624206543
3,197,3069439805be6f6217af6553,3.6635403633117676,3.6482861042022705,-0.01525425910949707,0.01525425910949707
3,198,9ab98a7476878bbeed2a04b8,0.3400000035762787,1.544154167175293,1.204154133796692,1.204154133796692
3,199,183a1eabee2f322d7ed003e6,3.930000066757202,3.051945686340332,-0.8780543804168701,0.8780543804168701
3,200,472076c95d96cd518e1fa1af,1.100000023841858,0.9609860777854919,-0.13901394605636597,0.13901394605636597
3,201,d416681a5c8e91d3d0aee163,2.809999942779541,2.9189159870147705,0.10891604423522949,0.10891604423522949
3,202,ad8770975db2aafe4457f669,1.0299999713897705,1.0660048723220825,0.03600490093231201,0.03600490093231201
3,203,a9b254faa1cd46f0dd13b11f,3.211831569671631,3.2068190574645996,-0.00501251220703125,0.00501251220703125
3,204,98d4c472ff2c0863fd516913,0.8799999952316284,0.8972548842430115,0.017254889011383057,0.017254889011383057
3,205,aaacbd371931289fbf057cc8,0.949999988079071,0.6995900273323059,-0.25040996074676514,0.25040996074676514
3,206,8353524e22696b6a599f25be,0.036212172359228134,1.3644136190414429,1.328201413154602,1.328201413154602
3,207,a73f993c9cd3a2c9bdbdafba,1.9600000381469727,1.8860160112380981,-0.07398402690887451,0.07398402690887451
3,208,06029ec03f470566d5cb2bd6,1.9299999475479126,1.6304365396499634,-0.2995634078979492,0.2995634078979492
3,209,20cba24e1a2bb292e8aeb3e5,3.1146388053894043,5.387150287628174,2.2725114822387695,2.2725114822387695
3,210,a6d2487cf65bc8b0b9fce147,2.009999990463257,2.12514328956604,0.1151432991027832,0.1151432991027832
3,211,558a8f5312ce639d8a68a1c1,2.102372884750366,2.6324045658111572,0.530031681060791,0.530031681060791
3,212,839518f505db4db45073c269,1.6799999475479126,1.617967128753662,-0.06203281879425049,0.06203281879425049
3,213,9d3084798086d545bbf91a9d,2.390000104904175,1.8090811967849731,-0.5809189081192017,0.5809189081192017
3,214,26f639c0cc0ee71b2708365e,1.840000033378601,2.1798126697540283,0.33981263637542725,0.33981263637542725
3,215,e4ecee0b9e96af97bce9c3a5,1.8446639776229858,2.618651866912842,0.773987889289856,0.773987889289856
3,216,58f53ab387a4ae38ad9e4803,4.207608222961426,4.125594615936279,-0.08201360702514648,0.08201360702514648
3,217,ba00f129ad35e2eafb6e7499,1.590000033378601,1.5094186067581177,-0.0805814266204834,0.0805814266204834
3,218,158d17f3188f43b23f684c24,1.6299999952316284,1.6354197263717651,0.005419731140136719,0.005419731140136719
3,219,7afad8e3c1845dfbe5f2aab5,1.2200000286102295,0.9932911992073059,-0.22670882940292358,0.22670882940292358
3,220,7e4879c51cb2953f07d7349b,1.6200000047683716,1.0249238014221191,-0.5950762033462524,0.5950762033462524
3,221,28d350c22fbe2480220b6826,0.019999999552965164,0.7512534260749817,0.731253445148468,0.731253445148468
3,222,946fa7bd99b1dd493bdf194d,1.7400000095367432,0.924669623374939,-0.8153303861618042,0.8153303861618042
3,223,98def978dbbf506f59ebba78,1.2142912149429321,2.0862996578216553,0.8720084428787231,0.8720084428787231
3,224,506af17d20e3dd713589f9b0,1.4199999570846558,1.0028057098388672,-0.4171942472457886,0.4171942472457886
3,225,a1a68595e4d2eccb31c80072,0.7699999809265137,1.0836559534072876,0.3136559724807739,0.3136559724807739
3,226,503cbe4d559ad346b01dc392,2.7000932693481445,2.665003538131714,-0.035089731216430664,0.035089731216430664
3,227,56a4ee0b402ccb0f2ea5e670,1.809999942779541,2.6495628356933594,0.8395628929138184,0.8395628929138184
3,228,9fa01457179f696850ebbd8b,3.7695510387420654,3.649449348449707,-0.1201016902923584,0.1201016902923584
3,229,f4ab49c2fd844eee32d7f3a7,4.387216091156006,4.334228992462158,-0.052987098693847656,0.052987098693847656
3,230,659a663de462726b001802a0,0.6989700198173523,0.7034233212471008,0.004453301429748535,0.004453301429748535
3,231,796f488f4818bcd9b3b04f5d,1.6299999952316284,1.509744644165039,-0.12025535106658936,0.12025535106658936
3,232,7539d536b2977efa97e680d9,1.5800000429153442,2.125016450881958,0.5450164079666138,0.5450164079666138
3,233,ddf178714ea47188cb573f05,0.7200000286102295,1.0951730012893677,0.3751729726791382,0.3751729726791382
3,234,12c585a6a43e373c8a1345b6,2.7300000190734863,1.0095294713974,-1.7204705476760864,1.7204705476760864
3,235,46df848c7bdc3e5ccf45fe81,2.3299999237060547,2.0324044227600098,-0.2975955009460449,0.2975955009460449
3,236,06b71330098963c0b37b70de,4.534616947174072,3.5735995769500732,-0.961017370223999,0.961017370223999
3,237,50713fea837175eb99cadd19,1.366531491279602,1.403663992881775,0.03713250160217285,0.03713250160217285
3,238,21c8002c93c65612b5b35dd5,1.75,2.426124334335327,0.6761243343353271,0.6761243343353271
3,239,27bea141fe8cdb312c3b1ce8,1.6699999570846558,1.4711518287658691,-0.19884812831878662,0.19884812831878662
3,240,7568fa26c7b2e22f61f34030,0.9100000262260437,0.8880303502082825,-0.02196967601776123,0.02196967601776123
3,241,248d3d1e23edde2519751686,3.1163384914398193,3.3863189220428467,0.26998043060302734,0.26998043060302734
3,242,08a1caa964154226dfb1a28f,2.119999885559082,2.5166714191436768,0.3966715335845947,0.3966715335845947
3,243,087faf6f2f3192a6c0070c1f,2.880354881286621,2.828514814376831,-0.05184006690979004,0.05184006690979004
3,244,d9bff437eade2605e7c9441e,1.2300000190734863,1.1777681112289429,-0.05223190784454346,0.05223190784454346
3,245,e31c930994f63e61a0baef5e,3.853872060775757,3.7831008434295654,-0.0707712173461914,0.0707712173461914
3,246,c8afa8cdf86fab283fc2f8d4,1.5700000524520874,1.381597638130188,-0.18840241432189941,0.18840241432189941
3,247,543deadd9f7397b9eb64c5b6,0.8799999952316284,1.1755238771438599,0.29552388191223145,0.29552388191223145
3,248,1b4129750350830e225fee88,1.440000057220459,1.3434330224990845,-0.09656703472137451,0.09656703472137451
3,249,b9e2645596e2f3c134bf3c28,2.3949999809265137,1.8950880765914917,-0.499911904335022,0.499911904335022
3,250,ece6c4e06c744961bda7d131,2.9800000190734863,3.275503635406494,0.2955036163330078,0.2955036163330078
3,251,29621a1e438ef446abafdfff,1.75,2.359046459197998,0.609046459197998,0.609046459197998
3,252,e1134024eb9ad06437748863,1.1567672491073608,1.0528370141983032,-0.10393023490905762,0.10393023490905762
3,253,73571e896b9fde7e67845bd5,0.5199999809265137,0.4765145778656006,-0.043485403060913086,0.043485403060913086
3,254,e5b84ec802d72a41ca280b31,3.698970079421997,3.5938541889190674,-0.10511589050292969,0.10511589050292969
3,255,0f057c83bc847639a2308e78,1.4299999475479126,0.8831878900527954,-0.5468120574951172,0.5468120574951172
3,256,9bf7535efaa468d79ade67c2,4.150028228759766,4.3570661544799805,0.20703792572021484,0.20703792572021484
3,257,783302e9f91f1570a962b0d8,1.2799999713897705,2.008399248123169,0.7283992767333984,0.7283992767333984
3,258,55ce5a87ee80e29f3acc7380,0.9700000286102295,0.737771213054657,-0.2322288155555725,0.2322288155555725
3,259,b78e1b4f3130451b4566541d,2.390000104904175,2.3019254207611084,-0.0880746841430664,0.0880746841430664
3,260,5dcd1399cb4691f399add09b,4.221848964691162,2.387904405593872,-1.83394455909729,1.83394455909729
3,261,2848da3eaa84b2630c7a168b,0.6499999761581421,0.5327507257461548,-0.1172492504119873,0.1172492504119873
3,262,1f83b30c1204b73eb78abdd8,2.508638381958008,2.656061887741089,0.14742350578308105,0.14742350578308105
3,263,fb91f3551bd6719299426e63,1.059999942779541,1.789263367652893,0.729263424873352,0.729263424873352
3,264,bb610e67d6178e9f869b160e,0.6000000238418579,0.7845647931098938,0.1845647692680359,0.1845647692680359
3,265,f1b23e92a5b0f3f7a75d7997,1.0299632549285889,1.6253989934921265,0.5954357385635376,0.5954357385635376
3,266,012d4add0ce651ac2a68b2bf,1.0700000524520874,1.602272868156433,0.5322728157043457,0.5322728157043457
3,267,20f25c87db351d7822e271f5,1.1799999475479126,1.3525229692459106,0.17252302169799805,0.17252302169799805
3,268,a3c854439362550844578bf4,3.2596373558044434,3.424705743789673,0.1650683879852295,0.1650683879852295
3,269,4dc8d7434de2303d551b73e1,2.073657512664795,2.003056287765503,-0.07060122489929199,0.07060122489929199
3,270,73d1bec37b3fa2e93a9ce5b4,1.2300000190734863,1.0935293436050415,-0.13647067546844482,0.13647067546844482
3,271,fae4385393af683e307e4d97,5.210000038146973,4.423407077789307,-0.786592960357666,0.786592960357666
3,272,3db2c9e5c01f7c7ce64e8c11,2.3299999237060547,1.7361253499984741,-0.5938745737075806,0.5938745737075806
3,273,ad64b6a9c7e14d88fe6e8cff,0.5099999904632568,0.6078331470489502,0.09783315658569336,0.09783315658569336
3,274,9ce44c6e530d974673ef6eca,1.92081880569458,1.5938221216201782,-0.32699668407440186,0.32699668407440186
3,275,769e5e60a209aa0920fc5185,2.309999942779541,1.9775556325912476,-0.33244431018829346,0.33244431018829346
3,276,cbfe3c961518189b684a1cdd,3.92081880569458,3.5230824947357178,-0.3977363109588623,0.3977363109588623
3,277,1952f05ec424d5c9c74ce0f1,1.8200000524520874,2.1141464710235596,0.29414641857147217,0.29414641857147217
3,278,dde16c85633a610aa9551dfd,1.7300000190734863,1.8693426847457886,0.13934266567230225,0.13934266567230225
3,279,7ab7cc57834f66aa6ee66ea7,0.14000000059604645,1.3462942838668823,1.206294298171997,1.206294298171997
3,280,165fb974514fb8c7589790cf,0.7471469640731812,1.1076765060424805,0.3605295419692993,0.3605295419692993
3,281,032d21150130a34e52638a25,1.7699999809265137,1.2780853509902954,-0.49191462993621826,0.49191462993621826
3,282,93decd6fd5efaa3c9e040e23,2.0399999618530273,2.0981996059417725,0.05819964408874512,0.05819964408874512
3,283,89d94eca68be181709a6fa01,3.301029920578003,2.67488694190979,-0.6261429786682129,0.6261429786682129
3,284,9061cc68c46eec99b1e31d72,0.2800000011920929,0.4745585322380066,0.1945585310459137,0.1945585310459137
3,285,641fb8a05091e5aee467343a,3.823908805847168,4.493821144104004,0.6699123382568359,0.6699123382568359
3,286,d91f9cf6df3b92e58bf3743b,0.9599999785423279,0.9899250864982605,0.029925107955932617,0.029925107955932617
3,287,ed8eb0c322b780e9f7bc352c,0.11999999731779099,1.1830192804336548,1.0630192756652832,1.0630192756652832
3,288,d15d75e4515e195d2eed46aa,0.30000001192092896,0.26133838295936584,-0.03866162896156311,0.03866162896156311
3,289,0cd70b26944dcc8543a4aae1,1.8200000524520874,1.4692844152450562,-0.35071563720703125,0.35071563720703125
3,290,ac14924b7fa8093179a8de4b,1.440000057220459,1.209726333618164,-0.23027372360229492,0.23027372360229492
3,291,16d57c54958d65e56a584dcd,0.8538719415664673,0.9259361624717712,0.07206422090530396,0.07206422090530396
3,292,4497fc7a5e896e64e71164b8,1.2400000095367432,1.390940546989441,0.15094053745269775,0.15094053745269775
3,293,60c61f21725e29374a095f05,3.4692888259887695,2.6759209632873535,-0.793367862701416,0.793367862701416
3,294,9e8e378f6f4d43fd9c732941,1.8200000524520874,1.4705017805099487,-0.34949827194213867,0.34949827194213867
3,295,cdd108482a8cab0043efc644,0.9619364738464355,0.9146411418914795,-0.047295331954956055,0.047295331954956055
3,296,183ac622ab35e3eae0f02dd1,1.4500000476837158,1.603685736656189,0.15368568897247314,0.15368568897247314
3,297,2553b7b72236ca0127e613bf,3.698970079421997,2.240976095199585,-1.457993984222412,1.457993984222412
3,298,2092e15c686fda3feb32e0dd,0.9200000166893005,0.8393804430961609,-0.08061957359313965,0.08061957359313965
3,299,b9767ca051a9b4cac27b2b33,2.2699999809265137,2.4120776653289795,0.14207768440246582,0.14207768440246582
3,300,7c699592cd58ff1d17a46db9,1.221848726272583,1.0680407285690308,-0.15380799770355225,0.15380799770355225
3,301,c280e5ae814a8d86f93aab91,0.9200000166893005,1.3404728174209595,0.42047280073165894,0.42047280073165894
3,302,9d30f6e6cdd3c7a41fe5ec0d,2.3429441452026367,2.202134132385254,-0.1408100128173828,0.1408100128173828
3,303,6b5ad5aafb6feff2af857450,1.809999942779541,2.357579469680786,0.5475795269012451,0.5475795269012451
3,304,15c161f19e89b796902977bc,3.237321376800537,3.213423490524292,-0.023897886276245117,0.023897886276245117
3,305,2710b486a407b764c307f31f,4.886056423187256,3.858253240585327,-1.0278031826019287,1.0278031826019287
3,306,2d2473034485033608adf619,1.0255573987960815,1.284604549407959,0.25904715061187744,0.25904715061187744
3,307,5bf31ca07141aec6ea256003,2.5199930667877197,1.9432536363601685,-0.5767394304275513,0.5767394304275513
3,308,a6b0b8d7f40d638d945bf309,2.880000114440918,1.251251459121704,-1.6287486553192139,1.6287486553192139
3,309,6c38b5c212aded69649db81f,0.36000001430511475,0.31762245297431946,-0.04237756133079529,0.04237756133079529
3,310,2e32b971c755b9c9e4d9ab09,0.550000011920929,0.20522122085094452,-0.34477877616882324,0.34477877616882324
3,311,5ef176a43e1d36809a0f8043,0.8999999761581421,2.8468048572540283,1.9468048810958862,1.9468048810958862
3,312,d7f141b93e43fc5acc9d6ea3,4.991399765014648,3.4391376972198486,-1.5522620677947998,1.5522620677947998
3,313,b20339fdef1510c3f06c36fb,2.430000066757202,2.362464189529419,-0.0675358772277832,0.0675358772277832
3,314,8e92e0f3fd4bec451afeb412,4.823908805847168,4.0072922706604,-0.8166165351867676,0.8166165351867676
3,315,b7c68cb6d9ce941d843f6847,1.2899999618530273,1.2470587491989136,-0.04294121265411377,0.04294121265411377
3,316,ca36ac54c7dd3a4bb6eee997,1.3899999856948853,1.7107948064804077,0.32079482078552246,0.32079482078552246
3,317,60e2f911ecc2f7a2b7dbf373,1.0,1.0548065900802612,0.05480659008026123,0.05480659008026123
3,318,8b74c4e82045522e9880796c,3.2342605590820312,3.5714621543884277,0.3372015953063965,0.3372015953063965
3,319,364299845c2248784eb43830,3.92081880569458,4.070667743682861,0.14984893798828125,0.14984893798828125
3,320,ecf733b161b8e267466e3de8,2.0,1.8495854139328003,-0.1504145860671997,0.1504145860671997
3,321,4381566e98db52b5052e3130,1.0099999904632568,0.9643834233283997,-0.04561656713485718,0.04561656713485718
3,322,bd9d5d9be3d92c842c438b86,1.3084596395492554,1.7836841344833374,0.47522449493408203,0.47522449493408203
3,323,d8d0f20189f1e49730d53c79,1.200928807258606,1.1484284400939941,-0.052500367164611816,0.052500367164611816
3,324,e36835430bf75bddcf6d2bd6,0.8299999833106995,1.1269294023513794,0.29692941904067993,0.29692941904067993
3,325,524b62250ae4a3330e3b6748,3.2596373558044434,3.114093780517578,-0.14554357528686523,0.14554357528686523
3,326,b4e5155bb05a36aa40547b0d,2.574031114578247,3.29191517829895,0.7178840637207031,0.7178840637207031
3,327,b9e46de6f64db0afb8e38e54,2.2899999618530273,2.48313307762146,0.19313311576843262,0.19313311576843262
3,328,52b0e9aa152b79a43af6ad9c,4.207608222961426,3.6439173221588135,-0.5636909008026123,0.5636909008026123
3,329,785367ef83d372310d3f5919,1.096909999847412,0.7585099339485168,-0.33840006589889526,0.33840006589889526
3,330,3f173982c5455077f22e6b3d,3.4814860820770264,3.8033576011657715,0.3218715190887451,0.3218715190887451
3,331,08c34d6d02550518c26e5487,0.9625735282897949,1.4310635328292847,0.46849000453948975,0.46849000453948975
3,332,6e97750a175c0c7ad8cd334e,0.9800000190734863,0.5728273987770081,-0.40717262029647827,0.40717262029647827
3,333,dc6cf6b68e12f1dab9f3ea20,2.369999885559082,2.5436325073242188,0.17363262176513672,0.17363262176513672
3,334,643bac0dc46b56c2f9396ff3,0.4282911717891693,0.49339085817337036,0.06509968638420105,0.06509968638420105
3,335,a4a693240e5f95d95fd07044,1.5099999904632568,1.0306565761566162,-0.4793434143066406,0.4793434143066406
3,336,1cd3baa22a9fd7e44d86412f,2.0,2.0171396732330322,0.017139673233032227,0.017139673233032227
3,337,24ff6eba35bf7bd2149945a8,1.7819342613220215,2.1311542987823486,0.34922003746032715,0.34922003746032715
3,338,f3d7a0fb5fe4be49cedcebbc,0.8999999761581421,0.6546930074691772,-0.24530696868896484,0.24530696868896484
3,339,6a268dcafdb2e79d0aa4a34c,2.0489985942840576,1.9181584119796753,-0.13084018230438232,0.13084018230438232
3,340,dbd42315fd6092712dd96fae,1.5399999618530273,1.5790623426437378,0.03906238079071045,0.03906238079071045
3,341,f8f391171c6c4395c6e28a8e,0.8799999952316284,0.6083326935768127,-0.2716673016548157,0.2716673016548157
3,342,1d88af3e93c55316c62a1439,0.3979400098323822,0.5215380787849426,0.12359806895256042,0.12359806895256042
3,343,e3622ceadbabed73e058c978,4.110000133514404,3.91188645362854,-0.19811367988586426,0.19811367988586426
3,344,cd6b3de119a7c69516a7fc0a,3.1600193977355957,3.4687230587005615,0.3087036609649658,0.3087036609649658
3,345,bd1b800a5d1463322c66bd3b,-0.05999999865889549,0.5330275893211365,0.5930275917053223,0.5930275917053223
3,346,3f0054c52d0e99e95e1ea0a5,1.0800000429153442,1.6815816164016724,0.6015815734863281,0.6015815734863281
3,347,caf463d585a2e89b154ded64,1.5499999523162842,1.4698766469955444,-0.08012330532073975,0.08012330532073975
3,348,7743140934a474cc4f12dcbf,2.0399999618530273,2.451084852218628,0.4110848903656006,0.4110848903656006
3,349,eb8a34bd56f915a9872fb94d,1.9401607513427734,1.7845155000686646,-0.1556452512741089,0.1556452512741089
3,350,a4962d3e35cada31a6e3cf46,1.0399999618530273,0.9200302958488464,-0.11996966600418091,0.11996966600418091
3,351,a150edf01cb249f2aadb97b8,3.0835893154144287,3.157925844192505,0.07433652877807617,0.07433652877807617
3,352,2bad21bca08707cb2ed449a7,0.41999998688697815,0.8346752524375916,0.4146752655506134,0.4146752655506134
3,353,186f77ce36f142b4186b51b4,2.299999952316284,0.8821160197257996,-1.4178838729858398,1.4178838729858398
3,354,7917cdcdccf8a4e077be1af6,1.649999976158142,0.7419211268424988,-0.9080788493156433,0.9080788493156433
3,355,f9bccd29de435ba90b6c97be,2.552841901779175,2.609797239303589,0.05695533752441406,0.05695533752441406
3,356,e9f8056b2571c5d2240fd049,2.0199999809265137,2.2201125621795654,0.20011258125305176,0.20011258125305176
3,357,04160f170563ca12d65e23c5,0.8100000023841858,0.37479835748672485,-0.43520164489746094,0.43520164489746094
3,358,06c1a67bf7608fa1949c36b2,3.7199997901916504,3.2391984462738037,-0.4808013439178467,0.4808013439178467
3,359,84dec436b56036dea52e695f,1.840000033378601,0.9327911734580994,-0.9072088599205017,0.9072088599205017
3,360,1093cd7c26ba69a986a16235,2.190000057220459,2.0697073936462402,-0.12029266357421875,0.12029266357421875
3,361,4944ffb96ecd68f667850aec,1.8468947410583496,1.731872797012329,-0.11502194404602051,0.11502194404602051
3,362,5e9a9aae9e635f9d9d6a5693,0.9900000095367432,1.6157177686691284,0.6257177591323853,0.6257177591323853
3,363,457b369914102f68c40ddce8,2.049999952316284,1.94953191280365,-0.10046803951263428,0.10046803951263428
3,364,14ab1ce63de5c99978029f09,-0.892094612121582,-0.9891322255134583,-0.09703761339187622,0.09703761339187622
3,365,2375aa4638e93f294cdf5b4d,3.552841901779175,3.5609564781188965,0.00811457633972168,0.00811457633972168
3,366,cd879731fe05d7ea3440cfb9,2.3499999046325684,2.564075231552124,0.21407532691955566,0.21407532691955566
3,367,5744781c5ec7404bb2a4aaf6,1.690000057220459,1.839053750038147,0.149053692817688,0.149053692817688
3,368,a2ba3b3a369bba9e36b6349b,4.1199870109558105,4.39786958694458,0.27788257598876953,0.27788257598876953
3,369,94fa6452c642f1bd099f38ce,2.509999990463257,2.429888963699341,-0.08011102676391602,0.08011102676391602
3,370,31fa32183812116e03990ed4,1.3344190120697021,2.1457765102386475,0.8113574981689453,0.8113574981689453
3,371,6a94eb7a6002319c8718efd7,2.450016498565674,2.724026679992676,0.27401018142700195,0.27401018142700195
3,372,ed261139b56b8b725cc7e943,2.0799999237060547,2.470435380935669,0.39043545722961426,0.39043545722961426
3,373,739c9f66e0fa6e7217ec5a5a,1.2695510387420654,0.7071031332015991,-0.5624479055404663,0.5624479055404663
3,374,971ea182e16cfd132dfbd121,0.7300000190734863,0.6747205853462219,-0.055279433727264404,0.055279433727264404
3,375,0e1d7d0176646b93b4958554,2.4849212169647217,0.9682790637016296,-1.5166420936584473,1.5166420936584473
3,376,5e7a435d7dce6b99e7a8fd27,0.102372907102108,0.7857332825660706,0.6833603978157043,0.6833603978157043
3,377,b1561ae311d36fa3c6a47303,1.4299999475479126,1.6108038425445557,0.18080389499664307,0.18080389499664307
3,378,4ee8cf3d7e92f61a45ee68d5,1.8494850397109985,1.725398063659668,-0.12408697605133057,0.12408697605133057
3,379,3846edd0236ea77c66554094,1.669586181640625,1.683143973350525,0.013557791709899902,0.013557791709899902
3,380,aea0d6a5d13315a31c738d18,1.5466816425323486,1.0632933378219604,-0.4833883047103882,0.4833883047103882
3,381,cb81f8a27e63ffd6edf5a861,1.309999942779541,1.704270362854004,0.3942704200744629,0.3942704200744629
3,382,7abb25b5a25e4c9310c233b2,0.30000001192092896,0.19731278717517853,-0.10268722474575043,0.10268722474575043
3,383,7b80624109801ceeab6446f3,2.9586071968078613,2.54679274559021,-0.41181445121765137,0.41181445121765137
3,384,ad054c5d2bc6498491626157,0.7300000190734863,1.5964915752410889,0.8664915561676025,0.8664915561676025
3,385,59dad9d0e6da1127ae0464d1,2.4700000286102295,2.445401906967163,-0.024598121643066406,0.024598121643066406
3,386,e5a96584433210840af20834,1.1399999856948853,1.510827898979187,0.37082791328430176,0.37082791328430176
3,387,32761d964ccf4a660624ae7d,1.6699999570846558,1.574970006942749,-0.09502995014190674,0.09502995014190674
3,388,7340ba00a99f7451f77d8483,0.7900000214576721,0.7686412930488586,-0.021358728408813477,0.021358728408813477
3,389,042e0daffe52424ae0a34c1e,2.009999990463257,1.8445662260055542,-0.16543376445770264,0.16543376445770264
3,390,b54f7450dc72743587a9c3e6,1.4199999570846558,1.3265689611434937,-0.09343099594116211,0.09343099594116211
3,391,218e8c1eca098c886cdd1f85,0.9800000190734863,1.0614486932754517,0.08144867420196533,0.08144867420196533
3,392,a7423cebc854a07098e67e65,2.369999885559082,2.214496374130249,-0.155503511428833,0.155503511428833
3,393,b3799f4d559cb364675da6aa,1.590000033378601,0.8586621880531311,-0.73133784532547,0.73133784532547
3,394,e20adbe186dd86d03358b5c9,3.2441251277923584,2.821253776550293,-0.42287135124206543,0.42287135124206543
3,395,977faba15781b9a235db7a9a,1.5199999809265137,1.538908839225769,0.01890885829925537,0.01890885829925537
3,396,28416c65a20e141f352d3b77,1.809999942779541,1.449816107749939,-0.36018383502960205,0.36018383502960205
3,397,6a45b13d688c14e1399f7341,0.44999998807907104,0.5791633725166321,0.12916338443756104,0.12916338443756104
3,398,c5bdcdc9bc8e3787f4b566b2,0.7200000286102295,0.8458297848701477,0.1258297562599182,0.1258297562599182
3,399,48d9839b238f700de80a9389,1.4900000095367432,1.559423804283142,0.06942379474639893,0.06942379474639893
3,400,b135abd0aa08b46a5f654792,0.0,0.8865746259689331,0.8865746259689331,0.8865746259689331
3,401,8a68bbbff148c565ddc356af,2.3499999046325684,1.5519942045211792,-0.7980057001113892,0.7980057001113892
3,402,e6648a220c7ed055037d3ede,0.7200000286102295,0.5947788953781128,-0.1252211332321167,0.1252211332321167
3,403,d67fbb07a8ec398402a94e85,0.9900000095367432,0.8954382538795471,-0.09456175565719604,0.09456175565719604
3,404,ce650de9ee7aaa30f4d06775,2.395413875579834,2.973559617996216,0.5781457424163818,0.5781457424163818
3,405,2153e86c13d9027b6f551c73,2.515700101852417,2.572636365890503,0.05693626403808594,0.05693626403808594
3,406,410ac7cd4a6b694408f1f7b0,0.4000000059604645,1.3613382577896118,0.9613382816314697,0.9613382816314697
3,407,2238c62a4f11d214676fb275,1.8899999856948853,2.1386609077453613,0.24866092205047607,0.24866092205047607
3,408,94059e5dacc2b4ca899154b2,1.2799999713897705,0.855227530002594,-0.4247724413871765,0.4247724413871765
3,409,eb89b82118775e24696f8fd5,2.971971273422241,3.2050817012786865,0.2331104278564453,0.2331104278564453
3,410,b38fc531193a3e9c7274b381,1.5700000524520874,0.6420595049858093,-0.9279405474662781,0.9279405474662781
3,411,32262c4167c4ec091a434df3,4.2404608726501465,3.8651835918426514,-0.3752772808074951,0.3752772808074951
3,412,a3d63e7a0d3bde870711ebaf,-1.1461280584335327,-0.8608306050300598,0.2852974534034729,0.2852974534034729
3,413,746b5b2743af8bdd02eba9b9,0.6399999856948853,1.2006486654281616,0.5606486797332764,0.5606486797332764
3,414,5f6cccec340f9f485c083c50,0.5600000023841858,0.6796398758888245,0.11963987350463867,0.11963987350463867
3,415,8657ad6ff2ab79f15feff526,2.0799999237060547,2.2302937507629395,0.15029382705688477,0.15029382705688477
3,416,94ce2d417f5f77ba9470f9e8,0.23000000417232513,0.7114859819412231,0.4814859628677368,0.4814859628677368
3,417,0d41715b9f705ce15fd35379,2.25,2.2090871334075928,-0.04091286659240723,0.04091286659240723
3,418,a965306f9fb97c444d123463,0.25999999046325684,1.2968088388442993,1.0368088483810425,1.0368088483810425
3,419,337a2df5e35879038e081185,1.0299999713897705,0.8961530923843384,-0.13384687900543213,0.13384687900543213
3,420,cd6e9124134ccb70606b5ce8,2.75,2.6918559074401855,-0.05814409255981445,0.05814409255981445
3,421,236703fb1c474b1e944139b5,0.5799999833106995,0.6291545033454895,0.04915452003479004,0.04915452003479004
3,422,0631da832f61d2484288e05f,1.9700000286102295,2.1454355716705322,0.17543554306030273,0.17543554306030273
3,423,da671adcf7b80c4d7324672e,2.607335090637207,2.0188682079315186,-0.5884668827056885,0.5884668827056885
3,424,645a37b815ed67fe9b9217eb,1.409999966621399,1.2228628396987915,-0.18713712692260742,0.18713712692260742
3,425,c38938a036a1b43136708f0a,1.3899999856948853,2.3086650371551514,0.9186650514602661,0.9186650514602661
3,426,114397808fdaec4f6f363ce8,0.8799999952316284,1.056559443473816,0.1765594482421875,0.1765594482421875
3,427,ede5cef40d86d5bce0353f9e,0.9355419874191284,0.4586355686187744,-0.476906418800354,0.476906418800354
3,428,f5f90610d3baf2e43889c7ef,2.0299999713897705,2.1478235721588135,0.11782360076904297,0.11782360076904297
3,429,a0c3c595733548593c71490d,0.7900000214576721,0.8939749598503113,0.10397493839263916,0.10397493839263916
3,430,ff8707161428652143bd06f2,2.6600000858306885,2.5135552883148193,-0.14644479751586914,0.14644479751586914
3,431,5d7ab4664c3045037bc9f8f9,1.2200000286102295,1.0254185199737549,-0.1945815086364746,0.1945815086364746
3,432,69838827da468d17eaa6de71,0.9399999976158142,1.6903477907180786,0.7503477931022644,0.7503477931022644
3,433,70a2d0d3a6422928db9a9aef,0.9208187460899353,0.07680077850818634,-0.8440179824829102,0.8440179824829102
3,434,3e157994eb541c69118d8e06,1.149999976158142,1.5006059408187866,0.35060596466064453,0.35060596466064453
3,435,bcf0688a7950e6e329e59f0d,0.7900000214576721,0.7168206572532654,-0.07317936420440674,0.07317936420440674
3,436,5f7ebb8c5a698ba810598511,3.5999999046325684,3.310180187225342,-0.28981971740722656,0.28981971740722656
3,437,7979eda9566ceffad622447c,2.0,2.5497167110443115,0.5497167110443115,0.5497167110443115
3,438,cbd1b16672a36e63f77a5ca2,0.21112488210201263,1.105566382408142,0.8944414854049683,0.8944414854049683
3,439,c4ee3997c9e237d2327b1b03,2.3799681663513184,3.262428045272827,0.8824598789215088,0.8824598789215088
3,440,5bd27cfeb3c732490c794572,1.0299999713897705,1.801653265953064,0.7716532945632935,0.7716532945632935
3,441,04beb818659cb40c46c220e6,1.9299999475479126,1.0661529302597046,-0.863847017288208,0.863847017288208
3,442,7c79def2765ebc81a24200b3,0.46000000834465027,0.30648714303970337,-0.1535128653049469,0.1535128653049469
3,443,47ca6cacd35ae4e4378a0deb,0.4099999964237213,0.5326768755912781,0.12267687916755676,0.12267687916755676
3,444,eba96c3dca3a9bb2f185c25b,0.3799999952316284,0.7961854934692383,0.41618549823760986,0.41618549823760986
3,445,d5d10762bb63c6d7cefd5397,1.443697452545166,1.765835165977478,0.322137713432312,0.322137713432312
3,446,0c7ca35c168c99404a5af5b0,1.409999966621399,0.8888407945632935,-0.5211591720581055,0.5211591720581055
3,447,e0b744cfe486cd285a5ff42b,1.0399999618530273,1.5357699394226074,0.4957699775695801,0.4957699775695801
3,448,d84eb3859c380cb0f063f599,1.149999976158142,1.9995704889297485,0.8495705127716064,0.8495705127716064
3,449,dc01f91a04c309e698cf8122,1.5499999523162842,1.1348803043365479,-0.41511964797973633,0.41511964797973633
3,450,7984e5fc2bd2e2fcfa257f8d,0.7900000214576721,1.0244470834732056,0.23444706201553345,0.23444706201553345
3,451,b8042fe2da267956c745b1dd,3.9871628284454346,3.8447563648223877,-0.14240646362304688,0.14240646362304688
3,452,162f83ebb46eecc0ec59ee0a,1.886056661605835,2.4140613079071045,0.5280046463012695,0.5280046463012695
3,453,0820507d8d423e97ea364b8e,1.5099999904632568,1.603139042854309,0.09313905239105225,0.09313905239105225
3,454,d45332ba558c501417f9b1a1,1.649999976158142,2.094153642654419,0.44415366649627686,0.44415366649627686
3,455,f804249b898eb8ae3cb63013,2.5301780700683594,2.420241594314575,-0.10993647575378418,0.10993647575378418
3,456,3a833e2cf24665914b8c7aef,2.494849920272827,1.3760379552841187,-1.1188119649887085,1.1188119649887085
3,457,756f922815624bf5e97ea636,0.8600000143051147,1.9155668020248413,1.0555667877197266,1.0555667877197266
3,458,7a5c990178096198801f56a7,1.7300000190734863,1.850279450416565,0.12027943134307861,0.12027943134307861
3,459,760a131fa9b932af690023b3,2.390000104904175,1.5850619077682495,-0.8049381971359253,0.8049381971359253
3,460,4c04ec383492973166977928,4.460087776184082,3.586097478866577,-0.8739902973175049,0.8739902973175049
3,461,99bc3cd2b9965f3b9413fd9f,3.045757532119751,3.868873357772827,0.8231158256530762,0.8231158256530762
3,462,56c7475cf343521d6c731e35,1.7699999809265137,4.296119689941406,2.5261197090148926,2.5261197090148926
3,463,c4ef0a9c844ca82842ad229b,0.9800000190734863,0.793167233467102,-0.18683278560638428,0.18683278560638428
3,464,3ae658d17b077da678c12967,3.9586071968078613,3.601078748703003,-0.3575284481048584,0.3575284481048584
3,465,eb1e2f4039d905eb5f411439,3.0899999141693115,3.2991602420806885,0.20916032791137695,0.20916032791137695
3,466,22f4460cc692466a151b69fe,1.2400000095367432,1.5379550457000732,0.2979550361633301,0.2979550361633301
3,467,278927a542d5033bb648a446,1.5,1.6021579504013062,0.10215795040130615,0.10215795040130615
3,468,35be7761147cb5e4ca8f1b03,0.5850266814231873,0.6438028216362,0.058776140213012695,0.058776140213012695
3,469,ab48727b817927048744dd23,3.0299999713897705,3.690276622772217,0.6602766513824463,0.6602766513824463
3,470,84fb4a402031392220023542,1.1799999475479126,1.3843413591384888,0.20434141159057617,0.20434141159057617
3,471,8fb2070c977d48f5b4125279,3.6575772762298584,3.92250657081604,0.26492929458618164,0.26492929458618164
3,472,44321f95b4c63239f80b5e09,2.0299999713897705,1.7141417264938354,-0.31585824489593506,0.31585824489593506
3,473,258e7df2cfbfc3cdbde16140,2.009999990463257,2.3933136463165283,0.3833136558532715,0.3833136558532715
3,474,a4176fbf02eddd6273d28d48,1.9586073160171509,2.2444303035736084,0.2858229875564575,0.2858229875564575
3,475,13a11f7f8e30f8f411d159ed,2.8761484622955322,3.00307559967041,0.12692713737487793,0.12692713737487793
3,476,2c862fa7dd7f16ffc756a05b,1.7300000190734863,1.400521993637085,-0.32947802543640137,0.32947802543640137
3,477,6c11532f3d8ac37bfa5542fc,2.4700000286102295,2.1223652362823486,-0.34763479232788086,0.34763479232788086
3,478,ee6929d6e228c42b9e267b9f,-1.1367205381393433,-0.8818547129631042,0.254865825176239,0.254865825176239
3,479,ae9a3af8f274370a510d70f8,0.3700000047683716,0.08339311182498932,-0.28660690784454346,0.28660690784454346
3,480,8ae0aa17edf3baeea156f6df,4.3098039627075195,4.3951735496521,0.08536958694458008,0.08536958694458008
3,481,b0dec6ed62482ec9ebb94c60,0.8500000238418579,0.44370758533477783,-0.4062924385070801,0.4062924385070801
3,482,412ed7e036947bda3dfc2ba8,1.1100000143051147,1.1734797954559326,0.06347978115081787,0.06347978115081787
3,483,66144cd7e8d28b57d67bbd83,0.8700000047683716,1.0418914556503296,0.171891450881958,0.171891450881958
3,484,98fd0a11a5dc577be190f153,2.0199999809265137,2.118748664855957,0.09874868392944336,0.09874868392944336
3,485,40910e53f2ac795592ea2a7a,1.600000023841858,1.2417958974838257,-0.3582041263580322,0.3582041263580322
3,486,075e56bd7578b9f4dc5b9283,2.200000047683716,1.2680391073226929,-0.931960940361023,0.931960940361023
3,487,4fb4cd9144e254a809b4cc00,1.0099999904632568,1.2452055215835571,0.2352055311203003,0.2352055311203003
3,488,6afa3e224c6364477617efb6,1.8700000047683716,2.1694865226745605,0.29948651790618896,0.29948651790618896
3,489,1c947a5229e43e0c0b3bda98,0.25999999046325684,2.2204434871673584,1.9604434967041016,1.9604434967041016
3,490,1189640afceecf4ab8429bd2,2.490000009536743,2.494354724884033,0.004354715347290039,0.004354715347290039
3,491,146a85ff0bd810154712c99a,2.5399999618530273,2.3750882148742676,-0.16491174697875977,0.16491174697875977
3,492,92cf5dea43360368f0c734ab,2.4700000286102295,2.848510503768921,0.3785104751586914,0.3785104751586914
3,493,d445306858b0738c19f30e9c,1.2839967012405396,1.1312798261642456,-0.15271687507629395,0.15271687507629395
3,494,3539d01c3feebc3920c3cee7,1.3200000524520874,1.3751295804977417,0.0551295280456543,0.0551295280456543
3,495,deed0fd09124169e7143b6b1,0.6968039274215698,0.7206173539161682,0.02381342649459839,0.02381342649459839
3,496,d5572a251e4fb5175bf23dae,3.314258337020874,3.311199426651001,-0.003058910369873047,0.003058910369873047
3,497,3c723d2c9846c451702bdb54,1.9500000476837158,2.247437000274658,0.2974369525909424,0.2974369525909424
3,498,f39ee2a21d05c2d18d423112,2.301029920578003,1.9591408967971802,-0.34188902378082275,0.34188902378082275
3,499,46d0fc5f6252ebceb2c7a98e,0.41907501220703125,0.2674860954284668,-0.15158891677856445,0.15158891677856445
3,500,cf8eca759f052d4aa9f3d177,2.6099483966827393,3.4443776607513428,0.8344292640686035,0.8344292640686035
3,501,1ab944163fafb73f24b0eebd,1.309999942779541,1.3907173871994019,0.08071744441986084,0.08071744441986084
3,502,7d9c5581d9e3cbc94293e05f,1.7899999618530273,2.2449707984924316,0.4549708366394043,0.4549708366394043
3,503,1e0f60649b3eae8969ba473b,1.659999966621399,1.3854777812957764,-0.27452218532562256,0.27452218532562256
3,504,ecdb678dd8c921f44e20b53a,0.18000000715255737,1.597192406654358,1.4171924591064453,1.4171924591064453
3,505,8ac1e7c7d605387009b094b7,2.2699999809265137,2.081172227859497,-0.1888277530670166,0.1888277530670166
3,506,89d84dad97396c88e90232d1,4.721246242523193,4.302795886993408,-0.41845035552978516,0.41845035552978516
3,507,e51ec347768207a53db063d0,3.552841901779175,3.579115152359009,0.026273250579833984,0.026273250579833984
3,508,90dc6fdd6de517d1e1a05df8,0.47999998927116394,1.546343207359314,1.0663431882858276,1.0663431882858276
3,509,d9fcbfc82178640d3a3d3a8f,2.009999990463257,2.3795676231384277,0.3695676326751709,0.3695676326751709
3,510,ea33b7eb51b352618fc78b3d,4.619788646697998,4.033191204071045,-0.5865974426269531,0.5865974426269531
3,511,55768550738b5058a42bca59,1.4700000286102295,1.362585425376892,-0.1074146032333374,0.1074146032333374
3,512,449f0c6b4c28650c79026465,0.9599999785423279,1.2111886739730835,0.2511886954307556,0.2511886954307556
3,513,cafbaa5d27cf5696e9e35c33,0.8999999761581421,1.3585182428359985,0.45851826667785645,0.45851826667785645
3,514,d01613d611972153cca73caf,0.9546770453453064,1.0308783054351807,0.07620126008987427,0.07620126008987427
3,515,2a609cd19bb361e49f1e4153,2.6575772762298584,3.0095274448394775,0.35195016860961914,0.35195016860961914
3,516,f8a628e7d3d3445dfa0e3865,1.340000033378601,1.665183424949646,0.3251833915710449,0.3251833915710449
3,517,3f1b5fc71edecc2ca9d2e276,0.102372907102108,0.8832342028617859,0.7808613181114197,0.7808613181114197
3,518,ad678052cffbea4e45426d27,3.795880079269409,3.696385383605957,-0.09949469566345215,0.09949469566345215
3,519,3f1e78f63a0ef1fc76fe27b6,0.8664610981941223,1.1992281675338745,0.3327670693397522,0.3327670693397522
3,520,5ec8f83639490516a1372b66,1.0399999618530273,1.4739513397216797,0.43395137786865234,0.43395137786865234
3,521,ee66beccdd7c92e120aef2fa,0.23999999463558197,0.22799895703792572,-0.01200103759765625,0.01200103759765625
3,522,873fb94addb6c82fbca90389,3.640000104904175,2.787925958633423,-0.852074146270752,0.852074146270752
3,523,c9b358756c1e76e3b38be33f,0.5299999713897705,0.6688149571418762,0.1388149857521057,0.1388149857521057
3,524,cf92c61d6f21f469b023289e,4.638272285461426,3.7288920879364014,-0.9093801975250244,0.9093801975250244
3,525,ec67353557acc09df401db89,1.0299999713897705,1.0520637035369873,0.022063732147216797,0.022063732147216797
3,526,e07ba31f589a5a924fcb874b,0.8199999928474426,1.4234039783477783,0.6034039855003357,0.6034039855003357
3,527,aed2bb330573cd92cecdbb32,2.113509178161621,2.051513433456421,-0.061995744705200195,0.061995744705200195
3,528,8288f0b738fb30eff04968e5,0.9200000166893005,1.2374016046524048,0.31740158796310425,0.31740158796310425
3,529,b93a947007986a4840fd4f8c,1.0499999523162842,0.9356154799461365,-0.1143844723701477,0.1143844723701477
3,530,390305755e7a4a4368817271,1.0409586429595947,3.981287717819214,2.940329074859619,2.940329074859619
3,531,90e83ebcbe776cb380f15fa8,0.7699999809265137,0.9072795510292053,0.13727957010269165,0.13727957010269165
3,532,7c1afd083a8b6e775d575ab3,1.5399999618530273,0.7778984904289246,-0.7621014714241028,0.7621014714241028
3,533,cdce2e87b8dd79de31a3c250,2.0299999713897705,2.241745710372925,0.2117457389831543,0.2117457389831543
3,534,f5f1440fa90365fc86aaff3d,0.7400000095367432,1.0396780967712402,0.29967808723449707,0.29967808723449707
3,535,0a4e122d033a9525ae45a0d1,2.799999952316284,2.963578939437866,0.16357898712158203,0.16357898712158203
3,536,6738c8c7ccf2c694809a4dca,0.7099999785423279,1.4385355710983276,0.7285355925559998,0.7285355925559998
3,537,c177d9dc81a11fa2a393b451,2.1700000762939453,2.1823301315307617,0.012330055236816406,0.012330055236816406
3,538,462b3f1e6b5e9be1ba23f8b2,2.7869250774383545,2.5809414386749268,-0.20598363876342773,0.20598363876342773
3,539,1703e0805d369a63e0cc4d5f,1.690000057220459,1.6947685480117798,0.004768490791320801,0.004768490791320801
3,540,4193d25e063c072d573fd38f,4.6575775146484375,2.060622453689575,-2.5969550609588623,2.5969550609588623
3,541,ff2202d3d8043214b362e77a,3.6575772762298584,3.6904635429382324,0.03288626670837402,0.03288626670837402
3,542,afcd23f4e41b0f24b356b28d,3.2899672985076904,2.873487710952759,-0.41647958755493164,0.41647958755493164
3,543,550c5c128b2b7aa0d24ef950,1.809999942779541,1.7249248027801514,-0.08507513999938965,0.08507513999938965
3,544,d83f7cdcca464aa48a97636f,0.7471469640731812,1.405100703239441,0.6579537391662598,0.6579537391662598
3,545,a262013016639f560dd22993,3.698970079421997,3.865635395050049,0.16666531562805176,0.16666531562805176
3,546,a0213ec626ed5438c272db68,2.795880079269409,2.3962833881378174,-0.3995966911315918,0.3995966911315918
3,547,26857239b89c00b56b934850,4.329999923706055,4.405904293060303,0.07590436935424805,0.07590436935424805
3,548,06a8075a9803d146ce5b4c10,1.2100000381469727,1.9887486696243286,0.778748631477356,0.778748631477356
3,549,ca741cb5c612e6575abf84cd,1.2000000476837158,1.825792670249939,0.6257926225662231,0.6257926225662231
3,550,7c03f884699d11381a39cb5d,1.6100000143051147,1.8342161178588867,0.22421610355377197,0.22421610355377197
3,551,4e2d49c3e2f2eef3263a7600,2.8013429641723633,2.519524097442627,-0.28181886672973633,0.28181886672973633
3,552,82c35418ab5a598da9f9fc7c,1.0700000524520874,1.1475378274917603,0.07753777503967285,0.07753777503967285
3,553,3a69a21800475ed77eecfac2,1.2699999809265137,1.1293654441833496,-0.14063453674316406,0.14063453674316406
3,554,04f47fe69277fb7f7c5edd52,1.6799999475479126,1.4272658824920654,-0.25273406505584717,0.25273406505584717
3,555,b92da58e651f4a7754c4cc98,1.4900000095367432,1.6615530252456665,0.17155301570892334,0.17155301570892334
3,556,f8ab74cc67da6eed403dd719,2.823908805847168,2.9915096759796143,0.1676008701324463,0.1676008701324463
3,557,fcb0c5fe903fc7ab37982196,1.3899999856948853,1.4263560771942139,0.03635609149932861,0.03635609149932861
3,558,3d8db9c7455884f4ae1b25f6,3.3233063220977783,3.3708579540252686,0.047551631927490234,0.047551631927490234
3,559,64bc59277c31fd6418d5f5e8,3.477121353149414,3.269909143447876,-0.20721220970153809,0.20721220970153809
3,560,126dc8c3aa3823108e212df1,1.6299999952316284,1.0336676836013794,-0.596332311630249,0.596332311630249
3,561,2bcf341b08611e82b98bf534,4.452225208282471,3.4324748516082764,-1.0197503566741943,1.0197503566741943
3,562,a6b6ba181d5eb6a872d69e74,0.8239087462425232,0.8607437610626221,0.03683501482009888,0.03683501482009888
3,563,0ef919ccacc5195127b8bafe,0.90068519115448,0.5731572508811951,-0.3275279402732849,0.3275279402732849
3,564,b0707eb476dba45a7211ec3d,2.214670181274414,1.605664849281311,-0.609005331993103,0.609005331993103
3,565,53d476846b8c7cf4fc8bee4f,0.5800442695617676,0.9312853217124939,0.3512410521507263,0.3512410521507263
3,566,26e2424113f5b5c48a5a2a27,2.7827155590057373,1.3891640901565552,-1.3935514688491821,1.3935514688491821
3,567,78d5fd9ffbb35a9f90d94227,-0.2678685188293457,0.03458801284432411,0.3024565279483795,0.3024565279483795
3,568,4f609fb5e1757ef086254b5a,2.609999895095825,2.389101982116699,-0.22089791297912598,0.22089791297912598
3,569,ed71e160284608e36139ea3b,2.2200000286102295,1.7661904096603394,-0.45380961894989014,0.45380961894989014
3,570,a0afc7ea742ffc1c2829ab35,1.9299999475479126,1.7925373315811157,-0.13746261596679688,0.13746261596679688
3,571,02002949c087090d76afbde1,1.4800000190734863,1.7169376611709595,0.23693764209747314,0.23693764209747314
3,572,e0e60303ec282101d48c3fc3,1.087358832359314,1.6058193445205688,0.5184605121612549,0.5184605121612549
3,573,7d855d70a535ec8433aaf62e,3.4800000190734863,3.3398430347442627,-0.14015698432922363,0.14015698432922363
3,574,df4c56df0b34f0b2b5b1c8df,1.6299999952316284,1.7591606378555298,0.12916064262390137,0.12916064262390137
3,575,4ffe76f3cd7c88e833af2aff,1.940000057220459,1.908490777015686,-0.03150928020477295,0.03150928020477295
3,576,51c30f432efa916756a9ad3d,4.12493896484375,3.7362260818481445,-0.38871288299560547,0.38871288299560547
3,577,468d3bc75a1a457e1d53725e,2.193819999694824,2.35048770904541,0.15666770935058594,0.15666770935058594
3,578,fcc87bbcd8bea38b2f3eb170,4.522878646850586,1.8387898206710815,-2.684088706970215,2.684088706970215
3,579,ae41b2cfb20eeb5f884147d7,2.130000114440918,2.7482194900512695,0.6182193756103516,0.6182193756103516
3,580,824307556e14b22cbf190d22,1.6020599603652954,2.629748582839966,1.0276886224746704,1.0276886224746704
3,581,4c0d007d1f5f9de4712ad281,0.8600000143051147,0.8072473406791687,-0.052752673625946045,0.052752673625946045
3,582,76a18e9d45450b6b2f302abd,2.819999933242798,1.9227347373962402,-0.8972651958465576,0.8972651958465576
3,583,8c4e8f15134fafe23ae02a55,1.940000057220459,1.897613525390625,-0.042386531829833984,0.042386531829833984
3,584,770163b1dabacc2e6db2c647,1.1299999952316284,0.7813836932182312,-0.3486163020133972,0.3486163020133972
3,585,679e27188a25f2c9c7f1658e,0.5686362385749817,0.5296642184257507,-0.03897202014923096,0.03897202014923096
3,586,62cf442a6c9c5d65c7a16668,2.658151149749756,2.5910561084747314,-0.06709504127502441,0.06709504127502441
3,587,b1c5bd768b2996d735c09a59,3.129595994949341,3.1516008377075195,0.02200484275817871,0.02200484275817871
3,588,6a6c19093d9a3bb87085265d,2.130000114440918,0.8091267943382263,-1.3208732604980469,1.3208732604980469
3,589,adc24614e2b3430c25259fa7,2.92081880569458,4.030535697937012,1.1097168922424316,1.1097168922424316
3,590,db752c35e7995b06192a97ea,0.38999998569488525,0.6871597170829773,0.29715973138809204,0.29715973138809204
3,591,c19c0d4cba2975ae8a519368,0.41999998688697815,0.8618361353874207,0.4418361485004425,0.4418361485004425
3,592,68832ed87890b0fcfe71ccc9,1.3200000524520874,1.2777868509292603,-0.04221320152282715,0.04221320152282715
3,593,d98dec74ee51ef5043027320,2.3372421264648438,3.503377676010132,1.166135549545288,1.166135549545288
3,594,2bbace30195a4eec85e58a54,1.8200000524520874,1.8495362997055054,0.02953624725341797,0.02953624725341797
3,595,18916176c35aa60b8ac1c9e1,1.1799999475479126,1.1188608407974243,-0.06113910675048828,0.06113910675048828
3,596,4b7b3290484244d6282f35b2,-3.067943811416626,-0.08345870673656464,2.984485149383545,2.984485149383545
3,597,8872d98550487357fde5be0f,2.119999885559082,2.126586437225342,0.006586551666259766,0.006586551666259766
3,598,8e755c696c770e33c984f003,3.2899999618530273,3.086172342300415,-0.2038276195526123,0.2038276195526123
3,599,d446555c1c53f4cb5ce92166,3.200000047683716,2.675684690475464,-0.524315357208252,0.524315357208252
3,600,6a02e6ffdb3e0f30cd092f19,1.5199999809265137,1.8076807260513306,0.2876807451248169,0.2876807451248169
3,601,4447909a78d9a971dc6dd8ea,2.0315170288085938,2.0690948963165283,0.03757786750793457,0.03757786750793457
3,602,970411e75b6d60428b412189,3.7695510387420654,3.8059632778167725,0.03641223907470703,0.03641223907470703
3,603,0e275985308c09c1b8f1e1a8,2.2525882720947266,1.5369268655776978,-0.7156614065170288,0.7156614065170288
3,604,6dd4d34a094ec80cb1aecc81,2.0199999809265137,1.6866706609725952,-0.33332931995391846,0.33332931995391846
3,605,4f4799570b647d6ca0aa0d42,3.6944336891174316,1.1699122190475464,-2.5245213508605957,2.5245213508605957
3,606,ee8890eccffbd332d179495d,1.6200000047683716,2.1366708278656006,0.516670823097229,0.516670823097229
3,607,676ea2a3614e2926cca1f1ce,1.390405535697937,2.118933916091919,0.7285283803939819,0.7285283803939819
3,608,7d640a5ff4102455eb9b5370,2.540356159210205,2.9205334186553955,0.38017725944519043,0.38017725944519043
3,609,b722d0c7e1235d378309602e,4.849857807159424,3.054300546646118,-1.7955572605133057,1.7955572605133057
3,610,19f67b02adfcd4875a52f59a,2.6575772762298584,2.8777358531951904,0.22015857696533203,0.22015857696533203
3,611,1d999cd6bac8facd740a2c62,1.4800000190734863,1.7768042087554932,0.29680418968200684,0.29680418968200684
3,612,fb641cc7417ae6906b6ce322,0.75,0.959530770778656,0.209530770778656,0.209530770778656
3,613,397bf1e5e958ad63deb31225,1.3411622047424316,2.4657554626464844,1.1245932579040527,1.1245932579040527
3,614,a8423e0b6df4c039d07b062d,2.240000009536743,1.5548516511917114,-0.6851483583450317,0.6851483583450317
3,615,0077536e56024ccb0591a648,0.9200000166893005,1.851669430732727,0.9316694140434265,0.9316694140434265
3,616,94ed41dc7f96ff9fe3758662,1.4600000381469727,1.6449124813079834,0.18491244316101074,0.18491244316101074
3,617,ea215b9c1541d6ee3150208e,3.778151273727417,3.425905227661133,-0.3522460460662842,0.3522460460662842
3,618,f459c797505972326e3736ad,2.698970079421997,3.3084757328033447,0.6095056533813477,0.6095056533813477
3,619,49bb615c688c6b080ddbf462,0.9900000095367432,1.1792114973068237,0.18921148777008057,0.18921148777008057
3,620,1ab49c8ba513b59dd6eaf87b,1.659999966621399,1.3084607124328613,-0.3515392541885376,0.3515392541885376
3,621,58e362b7781dae1f3017d753,3.1547467708587646,1.1927838325500488,-1.9619629383087158,1.9619629383087158
3,622,329133e5d0d3f217174a9b1a,2.9586071968078613,3.4981088638305664,0.5395016670227051,0.5395016670227051
3,623,29fdcbd2e1a69b3f3ba675c3,0.25,0.3251987099647522,0.0751987099647522,0.0751987099647522
3,624,38862fe8104ff8820de47e56,-0.15228834748268127,1.6703777313232422,1.822666049003601,1.822666049003601
3,625,6452ec97efea8ac67089573b,4.0,3.8447563648223877,-0.1552436351776123,0.1552436351776123
3,626,9b97a0439331946406859e79,1.0757206678390503,1.2574857473373413,0.18176507949829102,0.18176507949829102
3,627,9ffe3fcef2ac2ba4bf422127,0.6299999952316284,1.2412563562393188,0.6112563610076904,0.6112563610076904
3,628,89bbb645c6f0467d71b4a84c,4.549750804901123,2.6455442905426025,-1.9042065143585205,1.9042065143585205
3,629,3b3779b4bd9e95aa89d5c2b4,1.0700000524520874,1.2861372232437134,0.21613717079162598,0.21613717079162598
3,630,4d70f8cc04cdfd8d0a13eef6,1.3899999856948853,1.609081506729126,0.21908152103424072,0.21908152103424072
3,631,ac6fd848827bd039a5df2228,0.4000000059604645,1.2722994089126587,0.8722994327545166,0.8722994327545166
3,632,386e7e55b927329c1f212a31,0.3799999952316284,1.3053544759750366,0.9253544807434082,0.9253544807434082
3,633,0334600f2974e4215cca0d09,1.7899999618530273,2.0701663494110107,0.2801663875579834,0.2801663875579834
3,634,df8239168a6d8e5fe8d77047,1.9199999570846558,2.1288106441497803,0.2088106870651245,0.2088106870651245
3,635,68f0f8bc3a86901f5e599e7a,1.149999976158142,1.54765784740448,0.3976578712463379,0.3976578712463379
3,636,d7349dfd1a8595342c67d580,0.7200000286102295,1.113527536392212,0.3935275077819824,0.3935275077819824
3,637,f713d7e4f75326f7d975a836,3.795880079269409,3.728806495666504,-0.06707358360290527,0.06707358360290527
3,638,d76f2e10a2de91d1f7a9e54d,4.537601947784424,4.17666482925415,-0.36093711853027344,0.36093711853027344
3,639,84f91061e903c4fad2e0908c,2.806875467300415,3.8186163902282715,1.0117409229278564,1.0117409229278564
3,640,c43015966823e722193755f0,1.3979400396347046,1.4532958269119263,0.05535578727722168,0.05535578727722168
3,641,f1cde8807eb1c605ba154f68,2.8336684703826904,3.165773630142212,0.3321051597595215,0.3321051597595215
3,642,465640e29ac32f8f1998eb4f,2.1600000858306885,1.9088078737258911,-0.25119221210479736,0.25119221210479736
3,643,1d416a6cde1d547edf0dd1ae,1.0399999618530273,0.7645339369773865,-0.27546602487564087,0.27546602487564087
3,644,e0db9e555d5554b88cf091d0,1.659999966621399,3.364043712615967,1.7040437459945679,1.7040437459945679
3,645,aeddfb7490263e95bb435a5b,1.8300000429153442,1.7115328311920166,-0.11846721172332764,0.11846721172332764
3,646,7159889c12e3b6f3f828ef6f,0.8538719415664673,1.3833154439926147,0.5294435024261475,0.5294435024261475
3,647,1d32c50e743a2f379cb8c377,3.630784034729004,3.5588226318359375,-0.0719614028930664,0.0719614028930664
3,648,188ef201747f4e383ab46640,0.5,1.0225416421890259,0.5225416421890259,0.5225416421890259
3,649,584ddd4f4acc0df42a783d44,0.41999998688697815,0.9881753325462341,0.5681753158569336,0.5681753158569336
3,650,8ab19595f6887dae01b9f7f5,-0.4313637614250183,0.48175209760665894,0.9131158590316772,0.9131158590316772
3,651,ec2571dd3b81c4e6f2e4117c,2.0826871395111084,2.2349042892456055,0.15221714973449707,0.15221714973449707
3,652,738587875f6802e5d6cc186d,3.6777806282043457,3.7255032062530518,0.047722578048706055,0.047722578048706055
3,653,b65be11c45e7124aac2e343c,1.6382721662521362,2.0495645999908447,0.4112924337387085,0.4112924337387085
3,654,b3f547430a6cd07bc6641ee8,0.03999999910593033,0.7185291647911072,0.6785291433334351,0.6785291433334351
3,655,257cb38a25846c69f0f31612,1.559999942779541,1.8919260501861572,0.3319261074066162,0.3319261074066162
3,656,3c03d645558ec8368be457a0,2.240000009536743,2.435349225997925,0.19534921646118164,0.19534921646118164
3,657,749902e2c59ea7da0884c5aa,4.15490198135376,3.8554441928863525,-0.2994577884674072,0.2994577884674072
3,658,3a7e05a310e29266a883c4a0,2.1500000953674316,1.7497223615646362,-0.4002777338027954,0.4002777338027954
3,659,a6f06ad747f1e1ed5a12e6a1,0.9625735282897949,1.389959454536438,0.42738592624664307,0.42738592624664307
3,660,a2c892056fc033824f640353,1.4700000286102295,1.5117424726486206,0.04174244403839111,0.04174244403839111
3,661,f5e726a47af8d2e8359bc502,2.609999895095825,1.1623679399490356,-1.4476319551467896,1.4476319551467896
3,662,e8b0b4084c0cee3d94d0bd03,4.585026741027832,3.9223058223724365,-0.6627209186553955,0.6627209186553955
3,663,0db80bbe05b3b79084bf64d3,0.6899999976158142,0.8563447594642639,0.1663447618484497,0.1663447618484497
3,664,fe3073c1390478190095736a,1.590000033378601,2.0530648231506348,0.4630647897720337,0.4630647897720337
3,665,8b8b9cd550b53ad8200eb920,2.009999990463257,0.8666424751281738,-1.143357515335083,1.143357515335083
3,666,1078ebab5b1a5bed5f41a824,0.6399999856948853,1.0397289991378784,0.39972901344299316,0.39972901344299316
3,667,8076457846e3614c97c89205,1.2000000476837158,1.0321133136749268,-0.16788673400878906,0.16788673400878906
3,668,d084cb7c0e49dfd207bb1666,0.9200000166893005,1.2311177253723145,0.3111177086830139,0.3111177086830139
3,669,2ccd4facf9e293425495bdca,1.3700000047683716,1.2007771730422974,-0.16922283172607422,0.16922283172607422
3,670,2f21553ff98c0d76893279a2,2.346787452697754,3.9637553691864014,1.6169679164886475,1.6169679164886475
3,671,b3e7712d6fa8f547904946f1,1.4199999570846558,0.9291725754737854,-0.49082738161087036,0.49082738161087036
3,672,7a0b790ae81f13944be73974,1.8600000143051147,1.9166829586029053,0.05668294429779053,0.05668294429779053
3,673,1bd8593f5e3b46744b461460,4.107348918914795,4.101902484893799,-0.005446434020996094,0.005446434020996094
3,674,fcb1bd31c934fe150547cdf7,0.7900000214576721,1.5125001668930054,0.7225001454353333,0.7225001454353333
3,675,a8af777369d09a988ccc96da,1.9700000286102295,2.1116106510162354,0.14161062240600586,0.14161062240600586
3,676,43969c8151b001f7dbae82dd,0.7400000095367432,1.4987118244171143,0.7587118148803711,0.7587118148803711
3,677,e62a6a0b64308cdbd6fa9360,0.46000000834465027,0.9172530770301819,0.4572530686855316,0.4572530686855316
3,678,55fc2b0a15f08ccff7c486f9,1.2699999809265137,0.6169971227645874,-0.6530028581619263,0.6530028581619263
3,679,b234ee7d9d4a521c38c4158a,1.5199999809265137,1.193655252456665,-0.32634472846984863,0.32634472846984863
3,680,fce85d79e52167778badaad1,3.7212464809417725,3.816131591796875,0.09488511085510254,0.09488511085510254
3,681,f43a0f40d867a0407057a136,2.8399999141693115,2.5227949619293213,-0.31720495223999023,0.31720495223999023
3,682,a8e5c3ad919c32a8de199925,0.8700000047683716,0.5634397268295288,-0.3065602779388428,0.3065602779388428
3,683,d196d9307cd11666fc378432,1.6989699602127075,2.373892307281494,0.6749223470687866,0.6749223470687866
3,684,3680225f0c42c8a4a6aa3df9,0.9300000071525574,1.5635288953781128,0.6335288882255554,0.6335288882255554
3,685,f73dbd2aa5b43f4407f7df8c,1.4700000286102295,1.411186933517456,-0.05881309509277344,0.05881309509277344
3,686,891f1e51f8f7707c40d0ca96,1.5499999523162842,2.0152506828308105,0.46525073051452637,0.46525073051452637
3,687,e5fc130288cdb07696d5e101,1.940000057220459,1.9506522417068481,0.01065218448638916,0.01065218448638916
3,688,b2e7a4709f441bc64d58f108,0.699999988079071,0.7930439710617065,0.0930439829826355,0.0930439829826355
3,689,3254f00cc9a4a04e8182848c,2.2100000381469727,2.487413167953491,0.27741312980651855,0.27741312980651855
3,690,4a1748a554ba7f3aa63f21ba,3.823908805847168,3.14160418510437,-0.6823046207427979,0.6823046207427979
3,691,22ece9e7bf86c0ccc929134f,3.0999999046325684,2.9602293968200684,-0.1397705078125,0.1397705078125
3,692,6b216b61b047686de97c2cfa,3.397939920425415,4.114528179168701,0.7165882587432861,0.7165882587432861
3,693,3ba9f25d6e6a09e38caebacd,2.050610065460205,2.198777914047241,0.14816784858703613,0.14816784858703613
3,694,6dd5c89d184839dc51415480,0.6000000238418579,1.3027654886245728,0.7027654647827148,0.7027654647827148
3,695,37b6df11458af10dc2fa0374,4.3665313720703125,4.100546360015869,-0.26598501205444336,0.26598501205444336
3,696,464d8ee738116a9e1a3c0b57,0.7200000286102295,0.6135666370391846,-0.10643339157104492,0.10643339157104492
3,697,db5a3a65546e51823f6094aa,1.6399999856948853,1.4993873834609985,-0.14061260223388672,0.14061260223388672
3,698,9561ce0a425a7ca921a9494a,2.4685211181640625,2.9395806789398193,0.47105956077575684,0.47105956077575684
3,699,fcd061a6c46ca16e2296058a,0.7447274923324585,0.3441479206085205,-0.400579571723938,0.400579571723938
3,700,709ece9f9f64eeb21b655647,0.4223933219909668,0.47449976205825806,0.05210644006729126,0.05210644006729126
3,701,71c2753f3bbd47ffe47a20d3,2.086186170578003,2.5914523601531982,0.5052661895751953,0.5052661895751953
3,702,6a2964072f37e5c4de616f37,1.6020599603652954,1.5639457702636719,-0.038114190101623535,0.038114190101623535
3,703,bb734b6cca19a799debef0f4,1.3700000047683716,1.1979082822799683,-0.17209172248840332,0.17209172248840332
3,704,7fdb6a849162ff8883a64841,-1.6414741277694702,-1.5877736806869507,0.05370044708251953,0.05370044708251953
3,705,fe2f9d1cd5d3ee588842a84f,1.2599999904632568,1.3851536512374878,0.12515366077423096,0.12515366077423096
3,706,18dc4e725f6a62e05476d9fc,1.2596373558044434,1.3742097616195679,0.11457240581512451,0.11457240581512451
3,707,d59b77aa730a8dcb931e672a,0.7200000286102295,0.7371300458908081,0.017130017280578613,0.017130017280578613
3,708,c19d16ffe765081a9dd616a9,2.7695510387420654,2.5156004428863525,-0.2539505958557129,0.2539505958557129
3,709,ab769899fe69636857337cdc,0.4699999988079071,0.689435601234436,0.21943560242652893,0.21943560242652893
3,710,6d17cf21b6844b727db0fdbe,2.3399999141693115,2.5576207637786865,0.217620849609375,0.217620849609375
3,711,76bc12467d929b8f733e094b,1.3695721626281738,1.7503365278244019,0.380764365196228,0.380764365196228
3,712,43c1eb2fce3b27836b5c0b1b,1.1399999856948853,1.0095795392990112,-0.13042044639587402,0.13042044639587402
3,713,2865aca18860329284f9356e,1.809999942779541,1.4176479578018188,-0.39235198497772217,0.39235198497772217
3,714,c2847f736160a7caf69f0845,1.4317982196807861,2.821741819381714,1.3899435997009277,1.3899435997009277
3,715,69b17f5ba4dfcd3d50a0f4d0,0.5376020073890686,1.574398398399353,1.0367963314056396,1.0367963314056396
3,716,13e37d627962d8c1d7466b66,4.079999923706055,4.105817794799805,0.02581787109375,0.02581787109375
3,717,ec882e01e9458bb52ff0a65a,1.169411301612854,1.1633232831954956,-0.0060880184173583984,0.0060880184173583984
3,718,3e0ca1c0677e4a94253d2561,3.8900840282440186,4.102279186248779,0.21219515800476074,0.21219515800476074
3,719,664cecf9f2e5e2d08afe121c,1.399999976158142,2.056981086730957,0.6569811105728149,0.6569811105728149
3,720,5db3686826bc98831b9d262d,3.4559319019317627,3.074918508529663,-0.3810133934020996,0.3810133934020996
3,721,d8e2bfea8f4e5baa6fb3d47e,3.9586071968078613,3.7831008434295654,-0.1755063533782959,0.1755063533782959
3,722,aee2558a022678b7b8c86089,1.090000033378601,0.9245328307151794,-0.16546720266342163,0.16546720266342163
3,723,65c8d7658894834405d3a911,1.1791419982910156,1.892314076423645,0.7131720781326294,0.7131720781326294
3,724,3570409af372d2d5a5bb000c,1.2200000286102295,1.1361191272735596,-0.08388090133666992,0.08388090133666992
3,725,3c55b6ae5bef747648316f55,0.12999999523162842,0.5375077724456787,0.4075077772140503,0.4075077772140503
3,726,da2cec0b272dd8c9dbd5a858,1.6020599603652954,1.7777096033096313,0.17564964294433594,0.17564964294433594
3,727,cdb23a3108a06f24412034b5,1.931814193725586,2.0478758811950684,0.11606168746948242,0.11606168746948242
3,728,4d9db61f4d32dedde88e9604,0.6989700198173523,0.872225284576416,0.17325526475906372,0.17325526475906372
3,729,47ca938b527373338ec26ccb,2.2200000286102295,1.9608923196792603,-0.25910770893096924,0.25910770893096924
3,730,9379e7ac4e8c3c053f3cfdba,3.6635403633117676,2.52193546295166,-1.1416049003601074,1.1416049003601074
3,731,0e43592faa9f0280dd646250,1.6100000143051147,1.3481115102767944,-0.2618885040283203,0.2618885040283203
3,732,6c5c79a53070b89cbf9aa3e9,1.3700000047683716,1.7860876321792603,0.41608762741088867,0.41608762741088867
3,733,7b5aaf72503bae73f7051a39,0.5,1.8292888402938843,1.3292888402938843,1.3292888402938843
3,734,cea3f0c1867603bd60438f13,0.949999988079071,1.56584894657135,0.615848958492279,0.615848958492279
3,735,bbe8f2a73c59fdd715067bab,1.4299999475479126,2.0721561908721924,0.6421562433242798,0.6421562433242798
3,736,830b39dd5993214291dca64d,1.0390537977218628,3.2556369304656982,2.216583251953125,2.216583251953125
3,737,7d9aebdadb9573d8647923d0,1.2000000476837158,1.3712197542190552,0.17121970653533936,0.17121970653533936
3,738,ea881b4875cbcc6f25849853,4.570000171661377,3.275900363922119,-1.2940998077392578,1.2940998077392578
3,739,be56bd97358da21b6b8ed189,1.9700000286102295,1.342753291130066,-0.6272467374801636,0.6272467374801636
3,740,f516ef8a3772138605ab096a,0.4399999976158142,0.5968635678291321,0.15686357021331787,0.15686357021331787
3,741,5d9cc3afc706f6b79f252f23,3.585026741027832,3.5096194744110107,-0.07540726661682129,0.07540726661682129
3,742,7c5f8c83ad0a7be8ea127aa9,1.309999942779541,1.716347336769104,0.406347393989563,0.406347393989563
3,743,c0d76e85da99823f6251f659,1.3187587261199951,0.8772525191307068,-0.44150620698928833,0.44150620698928833
3,744,40ca5ba72b3e3ec80ed7a29a,1.9600000381469727,1.3903127908706665,-0.5696872472763062,0.5696872472763062
3,745,56971881b1de135b0cf7aa90,3.9586071968078613,3.256779909133911,-0.7018272876739502,0.7018272876739502
3,746,0901e655c650e5f2a802c355,0.550000011920929,0.7243101000785828,0.1743100881576538,0.1743100881576538
3,747,ed7d0f1f4665bd824a915ef2,1.6799999475479126,1.7802890539169312,0.10028910636901855,0.10028910636901855
3,748,7447d78e8f9c4cd61b7535be,3.92081880569458,3.667367696762085,-0.2534511089324951,0.2534511089324951
3,749,3dab2bcfe1f664f3ed442041,1.5099999904632568,1.9517875909805298,0.44178760051727295,0.44178760051727295
3,750,111afc8ca03947d0ed281200,1.7699999809265137,1.5743120908737183,-0.1956878900527954,0.1956878900527954
3,751,f7f80e537542a898b267be8d,4.327902317047119,4.066097259521484,-0.26180505752563477,0.26180505752563477
3,752,230927f9565992900a52f995,2.7569620609283447,2.9437754154205322,0.1868133544921875,0.1868133544921875
3,753,531d3014e422a3fcfbb58594,3.240000009536743,1.0563615560531616,-2.183638572692871,2.183638572692871
3,754,5166e4875a52d18c8631ec10,0.7383406758308411,0.7130336761474609,-0.025306999683380127,0.025306999683380127
3,755,a2f8cd432cb73a57f4675814,2.440000057220459,2.291581869125366,-0.14841818809509277,0.14841818809509277
3,756,e418936793a3fe53676811eb,2.0749998092651367,2.4286983013153076,0.3536984920501709,0.3536984920501709
3,757,7bc4afa9baf90a4dce1bb799,1.2200000286102295,1.3707633018493652,0.15076327323913574,0.15076327323913574
3,758,0126e6b8ab73afff6142a6e8,1.292429804801941,1.0988479852676392,-0.19358181953430176,0.19358181953430176
3,759,2ece18a9971e202ea5b6c506,0.07572071254253387,0.32070761919021606,0.2449869066476822,0.2449869066476822
3,760,5326e0d20a68ce6af59ea06a,3.2531063556671143,2.9547207355499268,-0.2983856201171875,0.2983856201171875
3,761,bd1301d928994f245f0d2b48,2.049999952316284,1.9442118406295776,-0.10578811168670654,0.10578811168670654
3,762,7a0373e8b14bbbe5eb8f6775,2.8181564807891846,2.5601325035095215,-0.2580239772796631,0.2580239772796631
3,763,46a91d85b13b9e7736b82352,0.6800000071525574,0.990959107875824,0.3109591007232666,0.3109591007232666
3,764,71c885ad8b4dd00df449f6f5,2.275724172592163,2.0337605476379395,-0.24196362495422363,0.24196362495422363
3,765,692789c61acb5f001ed0e468,2.3767507076263428,2.124572992324829,-0.25217771530151367,0.25217771530151367
3,766,c5be23c7010b682264375c7d,0.24176959693431854,0.1340896338224411,-0.10767996311187744,0.10767996311187744
3,767,8bbe399e8be2463b650048a4,1.340000033378601,1.6795984506607056,0.3395984172821045,0.3395984172821045
3,768,780f019476f95416734ff38d,2.430000066757202,2.504878282546997,0.07487821578979492,0.07487821578979492
3,769,05bd27daeaa0ce3a28d67a2a,1.909999966621399,2.0308713912963867,0.12087142467498779,0.12087142467498779
3,770,886050611d57b9e55fc29606,0.8199999928474426,0.5459691286087036,-0.274030864238739,0.274030864238739
3,771,9d6e2c432c45e22fff971628,1.3700000047683716,0.8038429021835327,-0.5661571025848389,0.5661571025848389
3,772,a46270dc452a84e708d44379,2.059999942779541,2.0229084491729736,-0.03709149360656738,0.03709149360656738
3,773,01a5b58507da1078b4ebe857,1.5099999904632568,2.0494816303253174,0.5394816398620605,0.5394816398620605
3,774,f9c6fb84572a55172923bdd1,1.1299999952316284,0.9067460298538208,-0.22325396537780762,0.22325396537780762
3,775,f16afa319330f41769054e64,2.009999990463257,1.9689832925796509,-0.04101669788360596,0.04101669788360596
3,776,59c5830e5d6a714f1c423112,2.522878646850586,2.639356851577759,0.11647820472717285,0.11647820472717285
3,777,1c941aba86a642e30a328895,1.6100000143051147,1.4418267011642456,-0.16817331314086914,0.16817331314086914
3,778,e0070c3433fdf53c5e2bb527,0.8799999952316284,1.1802738904953003,0.3002738952636719,0.3002738952636719
3,779,57580e184e7d8b83abb00815,2.049999952316284,1.785894513130188,-0.2641054391860962,0.2641054391860962
3,780,af146b2103ce8edd63c67744,1.2200000286102295,1.708026647567749,0.48802661895751953,0.48802661895751953
3,781,5e9fb7030268f501314a4787,4.828788757324219,1.4832584857940674,-3.3455302715301514,3.3455302715301514
3,782,47521a74dbdfcd3cee84409a,0.5543180108070374,0.4596862196922302,-0.09463179111480713,0.09463179111480713
3,783,7b2168cfc39dc01da5714ab2,4.193819999694824,4.13230562210083,-0.06151437759399414,0.06151437759399414
3,784,1a5b1990b4595cd2fc35a97f,2.869666337966919,2.8366944789886475,-0.032971858978271484,0.032971858978271484
3,785,181080702729b29fb43b2857,1.909999966621399,1.8771775960922241,-0.032822370529174805,0.032822370529174805
3,786,e4b6b2ad4f29a456829354e6,2.857037305831909,2.722097635269165,-0.13493967056274414,0.13493967056274414
3,787,3ec46c7e6af67ef118d25611,1.1699999570846558,1.931635856628418,0.7616358995437622,0.7616358995437622
3,788,15cdc44ea861861b80f7e853,0.8299999833106995,0.7548335194587708,-0.07516646385192871,0.07516646385192871
3,789,4dad48a7e7871ef13872fa44,0.019999999552965164,0.7401596903800964,0.7201597094535828,0.7201597094535828
3,790,ad5d095b86142f296d17654f,2.309999942779541,2.383615732192993,0.07361578941345215,0.07361578941345215
3,791,4d699d7b1739124b46577279,-5.155335903167725,-2.5305449962615967,2.624790906906128,2.624790906906128
3,792,8ec07b20cefff52623066eac,1.9600000381469727,2.3149495124816895,0.3549494743347168,0.3549494743347168
3,793,2801399ed4d8fd47389cfa27,2.380000114440918,3.10333514213562,0.7233350276947021,0.7233350276947021
3,794,99262404fa5642632bf34cb5,2.585026741027832,2.6834938526153564,0.09846711158752441,0.09846711158752441
3,795,5a9319c1423b99e333e3d4b9,2.086186170578003,2.2019951343536377,0.11580896377563477,0.11580896377563477
3,796,5858373b31d478aa43105823,2.3899788856506348,2.25545334815979,-0.13452553749084473,0.13452553749084473
3,797,69a368dd4ed0f6acff2f2ccd,3.3767507076263428,3.6469547748565674,0.2702040672302246,0.2702040672302246
3,798,4ebd05844e932dcf93315a83,1.148741602897644,1.1042038202285767,-0.04453778266906738,0.04453778266906738
3,799,6b34e19aa9e64c711477fe2a,0.6382721662521362,0.5046494603157043,-0.13362270593643188,0.13362270593643188
3,800,0b1103bee5466f42c8d5443c,0.3010300099849701,0.3921707570552826,0.0911407470703125,0.0911407470703125
3,801,fafb386d927e1a008df28a41,1.5299999713897705,1.5618149042129517,0.03181493282318115,0.03181493282318115
3,802,baaeefc643122e7b979defee,1.568636178970337,1.4122728109359741,-0.1563633680343628,0.1563633680343628
3,803,92465ed15ef75542d2948491,3.1854302883148193,3.5046896934509277,0.3192594051361084,0.3192594051361084
3,804,9bf56bbfa9443fef46df48c3,3.2867891788482666,3.119985580444336,-0.16680359840393066,0.16680359840393066
3,805,a88fc904cd7eb2b930d41048,2.190000057220459,1.824089527130127,-0.36591053009033203,0.36591053009033203
3,806,32148b9cd2be3561d2769d4d,1.2182446718215942,0.7570940852165222,-0.461150586605072,0.461150586605072
3,807,7c34fca7eba930b0f47db6ac,0.9393021464347839,1.2109426259994507,0.27164047956466675,0.27164047956466675
3,808,27093a5605b70ed39fbdf071,0.949999988079071,1.6221492290496826,0.6721492409706116,0.6721492409706116
3,809,d24a5395c838794d375a35c5,2.0399999618530273,2.81479811668396,0.7747981548309326,0.7747981548309326
3,810,385db5840b644b6f41ae3a9c,3.4202163219451904,3.8905086517333984,0.470292329788208,0.470292329788208
3,811,5f0da78aefc477092f969fe4,1.4900000095367432,0.6505574584007263,-0.8394425511360168,0.8394425511360168
3,812,20eb915811a4044debd391dc,2.1700000762939453,2.7341363430023193,0.564136266708374,0.564136266708374
3,813,f37070bb5b4f0e893afc1655,1.090000033378601,1.6376711130142212,0.5476710796356201,0.5476710796356201
3,814,42eedbf1961d18915a3e35d2,4.337242126464844,3.647355556488037,-0.6898865699768066,0.6898865699768066
3,815,b027aef6b6487d109480fa10,3.92081880569458,3.49356746673584,-0.42725133895874023,0.42725133895874023
3,816,033612ebf5bbc6bad4b819df,1.628731608390808,2.151245594024658,0.5225139856338501,0.5225139856338501
3,817,6b324fb50120a3c78dabbf40,0.7599999904632568,0.8049256801605225,0.044925689697265625,0.044925689697265625
3,818,04f4ee3ebfb4cb0ee1f49637,4.318758964538574,4.139919757843018,-0.17883920669555664,0.17883920669555664
3,819,64dcd42928984082a0957d87,1.2999999523162842,1.44315767288208,0.1431577205657959,0.1431577205657959
3,820,25665c47e07cf4c8dad70a8e,1.4559319019317627,1.9769760370254517,0.521044135093689,0.521044135093689
3,821,d6fefb04fc5c130fdb66580f,2.259999990463257,2.346637487411499,0.08663749694824219,0.08663749694824219
3,822,c2ea7b4042b5b4931ac1e012,2.869999885559082,2.8237860202789307,-0.04621386528015137,0.04621386528015137
3,823,1a725c188da3daad9c0e1e8e,1.8446639776229858,2.6373398303985596,0.7926758527755737,0.7926758527755737
3,824,0fa159fb0fb96808f8eda2f0,2.1700000762939453,1.8306398391723633,-0.33936023712158203,0.33936023712158203
3,825,242179124bad3936279f3838,2.359999895095825,1.622926115989685,-0.7370737791061401,0.7370737791061401
3,826,fe12efb2e42280ec3706fed4,3.450000047683716,3.088956117630005,-0.36104393005371094,0.36104393005371094
3,827,972a0108cfa0bf50cbbf93cc,0.30000001192092896,0.1520710438489914,-0.14792896807193756,0.14792896807193756
3,828,2f3d84358db9d40f435c7aa1,1.3010300397872925,2.344064474105835,1.0430344343185425,1.0430344343185425
3,829,bf32b410471b5c24146a2444,1.309999942779541,1.3352465629577637,0.025246620178222656,0.025246620178222656
3,830,c52daf1d0c926b98f17cece8,1.340000033378601,1.68588387966156,0.345883846282959,0.345883846282959
3,831,e1728599c8c14711515e758e,1.6799999475479126,2.1016361713409424,0.4216362237930298,0.4216362237930298
3,832,678b1c69ce22f6e5bc41aeb4,2.838632106781006,3.062051296234131,0.223419189453125,0.223419189453125
3,833,4a86bcf2946da1053c83df83,1.0199999809265137,0.9906715750694275,-0.02932840585708618,0.02932840585708618
3,834,64dfc3bea95e63d631fa09e6,1.0099999904632568,0.7765317559242249,-0.23346823453903198,0.23346823453903198
3,835,71930882046ff9f68dc65bed,0.05060999467968941,0.9179141521453857,0.8673041462898254,0.8673041462898254
3,836,91615db61efdb59c94bce317,2.619999885559082,2.8673975467681885,0.24739766120910645,0.24739766120910645
3,837,28649b1da62a3e6b0a82fb1c,1.2400000095367432,1.8109267950057983,0.5709267854690552,0.5709267854690552
3,838,40428d4b867e0d4aded2b3ad,-1.4487062692642212,0.9634173512458801,2.412123680114746,2.412123680114746
3,839,8d21b151707755136341f3ac,1.809999942779541,2.065868377685547,0.25586843490600586,0.25586843490600586
3,840,c590e56cc33a98d75c047577,1.4800000190734863,1.6358089447021484,0.1558089256286621,0.1558089256286621
3,841,a8e33c64198a5e55fd2a701f,2.180000066757202,2.3442394733428955,0.16423940658569336,0.16423940658569336
3,842,d585f8d205f15d70c24cc928,0.6989700198173523,0.872225284576416,0.17325526475906372,0.17325526475906372
3,843,16cc06e36a9e728a0e3b77c3,1.159999966621399,1.0345491170883179,-0.12545084953308105,0.12545084953308105
3,844,63f664568ac313a15205dcea,2.130768299102783,2.1268599033355713,-0.003908395767211914,0.003908395767211914
3,845,3a321555620925fbd0c33202,1.309999942779541,1.1955381631851196,-0.11446177959442139,0.11446177959442139
3,846,95b7a3e81fb88ec2d1ea70c3,1.2100000381469727,1.6642705202102661,0.45427048206329346,0.45427048206329346
3,847,dad1d2f1f860fba90dc43d3e,0.7447274923324585,0.3441479206085205,-0.400579571723938,0.400579571723938
3,848,37ff6b7e1d1321a965d6bf91,1.2300000190734863,1.6494698524475098,0.41946983337402344,0.41946983337402344
3,849,7d43fb3bc42d307bb4ba20ae,3.612610101699829,1.9734207391738892,-1.63918936252594,1.63918936252594
3,850,d948d29e2bbb90f991cfa5b6,1.4500000476837158,2.5322186946868896,1.0822186470031738,1.0822186470031738
3,851,40cb54813f58b8d253c6d65c,2.7799999713897705,2.365058183670044,-0.41494178771972656,0.41494178771972656
3,852,dd7b98ec6df001c6c02ac6fb,1.3300000429153442,1.8702751398086548,0.5402750968933105,0.5402750968933105
3,853,c69bd6e7240447243c39c74f,0.3499999940395355,1.3221346139907837,0.9721345901489258,0.9721345901489258
3,854,15ba2292399c5fcb721bbcef,2.397939920425415,2.4704651832580566,0.0725252628326416,0.0725252628326416
3,855,b89d00a221c01a063e276dbc,1.850000023841858,1.2952710390090942,-0.5547289848327637,0.5547289848327637
3,856,701465891a070cc4044c1d42,1.8193007707595825,2.3424293994903564,0.5231286287307739,0.5231286287307739
3,857,76e717ff45938a4f49a43088,0.3979400098323822,0.5503336787223816,0.1523936688899994,0.1523936688899994
3,858,41fa65cdafb6bcf9603274ac,0.6700000166893005,1.2647682428359985,0.594768226146698,0.594768226146698
3,859,930505686eae60d7262c5b19,2.8130435943603516,2.038325071334839,-0.7747185230255127,0.7747185230255127
3,860,b2651e14ac8641b6162d93bd,2.698970079421997,3.33178448677063,0.6328144073486328,0.6328144073486328
3,861,3d2a32baf92f93516052f1c3,1.0700000524520874,0.7503208518028259,-0.3196792006492615,0.3196792006492615
3,862,0d5fd8bd12527a7e45357035,3.0,2.4135310649871826,-0.5864689350128174,0.5864689350128174
3,863,8f80e56e0ba20d7b1ace9a98,3.823908805847168,3.8261330127716064,0.0022242069244384766,0.0022242069244384766
3,864,4502e4025aee9cb653a2af31,2.4814860820770264,2.626706838607788,0.14522075653076172,0.14522075653076172
3,865,0aa9e7b1cec581c6664b9830,1.350000023841858,1.3793948888778687,0.029394865036010742,0.029394865036010742
3,866,b0115745a30bb94e488931c1,1.7100000381469727,1.9386889934539795,0.22868895530700684,0.22868895530700684
3,867,9ce027bfe2c16710fb246d63,1.1699999570846558,2.591261148452759,1.421261191368103,1.421261191368103
3,868,f10fdd070da324492bb7df2b,0.7699999809265137,1.2041865587234497,0.43418657779693604,0.43418657779693604
3,869,dd6a846757a0b448b291a8d7,0.6200000047683716,1.5017637014389038,0.8817636966705322,0.8817636966705322
3,870,95534222d13bb38a8bbafa2c,0.28999999165534973,1.8590816259384155,1.5690816640853882,1.5690816640853882
3,871,5fcbe2b3cee5ca0663046bf5,1.1799999475479126,1.9386814832687378,0.7586815357208252,0.7586815357208252
3,872,c01c8d2837b91f7a44e96260,0.949999988079071,0.9139425754547119,-0.03605741262435913,0.03605741262435913
3,873,9d4ee68658d809657c2264cc,0.7400000095367432,1.2353612184524536,0.49536120891571045,0.49536120891571045
3,874,71030b083ba3047d8f3f3f42,1.1799999475479126,1.1288267374038696,-0.05117321014404297,0.05117321014404297
3,875,97c8909f7c7564956d62c4b0,1.4700000286102295,1.3074697256088257,-0.1625303030014038,0.1625303030014038
3,876,28393f37e1af9601374664fe,0.5228787660598755,0.9086423516273499,0.38576358556747437,0.38576358556747437
3,877,f2475380bf9fe04371bdc3e5,1.6299999952316284,2.262341260910034,0.6323412656784058,0.6323412656784058
3,878,9561771d3001ff64b8aedf3f,0.7400000095367432,1.7343884706497192,0.9943884611129761,0.9943884611129761
3,879,255487838beb2f18dcb5c3b6,4.853871822357178,4.00394344329834,-0.8499283790588379,0.8499283790588379
3,880,44e4f8def6f9fb4ce840c99b,0.6200000047683716,1.8490939140319824,1.2290939092636108,1.2290939092636108
3,881,8949385ee61be76643bdfdb9,4.95000696182251,4.5141401290893555,-0.4358668327331543,0.4358668327331543
3,882,ba674457d16c6184c3ca16e9,1.0399999618530273,0.652304470539093,-0.3876954913139343,0.3876954913139343
3,883,ef340fc5815a5d1a87265be7,0.4300000071525574,0.7195722460746765,0.28957223892211914,0.28957223892211914
3,884,0be95bab60018920d4396877,1.9048306941986084,2.0838005542755127,0.1789698600769043,0.1789698600769043
3,885,131feb7d90744d89099da821,2.140000104904175,2.3354508876800537,0.1954507827758789,0.1954507827758789
3,886,b8fd41b5442a0c7ea496978f,2.152937650680542,2.906444787979126,0.753507137298584,0.753507137298584
3,887,6f0e0712bc4ad5e5984c0f99,1.0985417366027832,2.1795694828033447,1.0810277462005615,1.0810277462005615
3,888,01ddc52b6ee64384e55f8cd5,2.7708990573883057,2.54679274559021,-0.2241063117980957,0.2241063117980957
3,889,57c91e048418b87f8b49f421,1.0399999618530273,0.5298883318901062,-0.5101116299629211,0.5101116299629211
3,890,989242490e27a8b9899248dc,1.2999999523162842,1.241039752960205,-0.0589601993560791,0.0589601993560791
3,891,2626025329f5ff3125b43ecc,1.899999976158142,2.087324857711792,0.1873248815536499,0.1873248815536499
3,892,e06c30c4f48a7b9989c900e1,1.3600000143051147,1.0853275060653687,-0.2746725082397461,0.2746725082397461
3,893,06a31f3e1647b91d35b5a9a0,2.698970079421997,2.5006589889526367,-0.19831109046936035,0.19831109046936035
3,894,4facacf42b56b5dfffffa10f,1.3036435842514038,2.0862996578216553,0.7826560735702515,0.7826560735702515
3,895,5dc9bd9f8f365357a179e179,1.5064024925231934,1.1294665336608887,-0.3769359588623047,0.3769359588623047
3,896,c31c551b87dfc3021327c4fa,3.7235381603240967,3.7306666374206543,0.007128477096557617,0.007128477096557617
3,897,f2964cc74d9c62b0f6d75991,4.455932140350342,3.9151484966278076,-0.5407836437225342,0.5407836437225342
3,898,75e29fffd1f0fec57d4dd2da,0.36000001430511475,1.7265477180480957,1.366547703742981,1.366547703742981
3,899,ebd805863c1a7147e5ac77c6,4.853871822357178,4.01129674911499,-0.8425750732421875,0.8425750732421875
3,900,3fba70af363db13b7f1d2ac7,3.744727611541748,3.7454020977020264,0.0006744861602783203,0.0006744861602783203
3,901,ed009a952be6506e43168129,3.2899999618530273,3.2397677898406982,-0.0502321720123291,0.0502321720123291
3,902,e3a817644e909d7a0fdb9274,1.850000023841858,0.917209804058075,-0.932790219783783,0.932790219783783
3,903,a565736d8ab335a0c1d82e9e,3.3124711513519287,3.1628880500793457,-0.149583101272583,0.149583101272583
3,904,fbac6640e67251648254508e,1.3700000047683716,0.8948165774345398,-0.4751834273338318,0.4751834273338318
3,905,4a09a6bc9b4620a718b7ca7e,2.0999999046325684,1.7181787490844727,-0.3818211555480957,0.3818211555480957
3,906,f5a2102928f9695fcb049fe3,1.6200000047683716,1.496381402015686,-0.12361860275268555,0.12361860275268555
3,907,396e8d541b3a32ec95ea9e01,2.301029920578003,1.6430994272232056,-0.6579304933547974,0.6579304933547974
3,908,128fb4b94e2995cc61ab983c,2.795880079269409,2.559161424636841,-0.23671865463256836,0.23671865463256836
3,909,804a2bd1c443b0799a9ae9aa,1.160195231437683,2.1795694828033447,1.0193742513656616,1.0193742513656616
3,910,96ed1f376c1b9dc8f2b1b269,2.0799999237060547,2.093613386154175,0.013613462448120117,0.013613462448120117
3,911,f1253b5953ff769893df31d6,1.4199999570846558,1.4630545377731323,0.04305458068847656,0.04305458068847656
3,912,8501eaf518af78130e315c3b,0.25,1.3648008108139038,1.1148008108139038,1.1148008108139038
3,913,da798a45d0c5ba7960842744,0.7918462157249451,0.1505448818206787,-0.6413013339042664,0.6413013339042664
3,914,2f504eee9839eaac848ea9c4,0.8457282185554504,0.831743061542511,-0.013985157012939453,0.013985157012939453
3,915,4ea0a31fa2ca636c4abdd792,1.6020599603652954,1.6297498941421509,0.02768993377685547,0.02768993377685547
3,916,b4190f7771687f39bc4ed91a,4.107905387878418,3.801603078842163,-0.3063023090362549,0.3063023090362549
3,917,aa9ad9d33271db6eaf7db629,1.5100414752960205,1.5098198652267456,-0.00022161006927490234,0.00022161006927490234
3,918,f2a5d220d924f004bb9dad48,0.7670038938522339,1.018734097480774,0.25173020362854004,0.25173020362854004
3,919,fe2d1b815d85da0e192202b4,1.850000023841858,1.1167398691177368,-0.7332601547241211,0.7332601547241211
3,920,82e04cd2deb413ad09634d67,1.2799999713897705,1.4523242712020874,0.1723242998123169,0.1723242998123169
3,921,52925f22e229a53fa89fa708,1.9199999570846558,1.7228606939315796,-0.19713926315307617,0.19713926315307617
3,922,e6d210429e96b93379684caa,4.823908805847168,4.67887020111084,-0.14503860473632812,0.14503860473632812
3,923,ddee1cc99cb39afac2d46235,1.214670181274414,1.342911958694458,0.12824177742004395,0.12824177742004395
3,924,3c28de1e823a1c165282475c,2.2699999809265137,1.5285165309906006,-0.7414834499359131,0.7414834499359131
3,925,64845fd8add2531b95f96ed7,2.3560540676116943,0.9504980444908142,-1.4055559635162354,1.4055559635162354
3,926,24ac7c7c5593993ad194d258,2.390000104904175,2.0201427936553955,-0.3698573112487793,0.3698573112487793
3,927,fa54dfe62d0d40c016442f02,0.9300000071525574,0.30652928352355957,-0.6234707236289978,0.6234707236289978
3,928,9d8e7661006a74ab69bdbcb4,4.9430952072143555,2.8782832622528076,-2.064811944961548,2.064811944961548
3,929,febb64f1025dda29e3fa9108,0.6307841539382935,0.6120304465293884,-0.01875370740890503,0.01875370740890503
3,930,ca1f209cbb0d1e34aa770704,2.7367584705352783,2.766145944595337,0.029387474060058594,0.029387474060058594
3,931,fc7d77d2bef6fcc124838a1d,0.7857615947723389,2.1606292724609375,1.3748676776885986,1.3748676776885986
3,932,d91850f09b3a89fa02d0b393,2.720104932785034,2.2725064754486084,-0.4475984573364258,0.4475984573364258
3,933,3277fb8e2f53d82bd75845b5,0.9599999785423279,1.288211703300476,0.3282117247581482,0.3282117247581482
3,934,5a3873057329d0fe5c73dc4f,0.46000000834465027,0.7346135973930359,0.2746135890483856,0.2746135890483856
3,935,d54198b82629bea376a49900,1.809999942779541,1.7097033262252808,-0.10029661655426025,0.10029661655426025
3,936,6e0b3f0584ab81147b018a0c,2.1600000858306885,1.1801639795303345,-0.979836106300354,0.979836106300354
3,937,fc00ea17ae9a91e159be76fc,2.823908805847168,2.9578235149383545,0.13391470909118652,0.13391470909118652
3,938,73b47dc238ad3b1d660fe097,0.9700000286102295,1.0659458637237549,0.09594583511352539,0.09594583511352539
3,939,754b019981d565974b5f9df6,1.149999976158142,1.3859679698944092,0.2359679937362671,0.2359679937362671
3,940,45ea66378195ebdc75efb941,3.190000057220459,2.1763954162597656,-1.0136046409606934,1.0136046409606934
3,941,04e73cb51592323c6336e655,1.1200000047683716,0.9959794878959656,-0.124020516872406,0.124020516872406
3,942,da3227b67455b60285d9ea9b,0.6600000262260437,0.34024760127067566,-0.31975242495536804,0.31975242495536804
3,943,1493921a1b0398c6233eac58,1.809999942779541,1.974053978919983,0.1640540361404419,0.1640540361404419
3,944,cfcaeaa7243eda26781e8e33,1.991399884223938,2.962754249572754,0.9713543653488159,0.9713543653488159
3,945,16c1eceb6f216c2e44f4e55b,1.8799999952316284,2.0452888011932373,0.1652888059616089,0.1652888059616089
3,946,18ff18da122362ded7b91567,1.440000057220459,1.5260170698165894,0.08601701259613037,0.08601701259613037
3,947,8a451a251f65b417222066f7,2.505000352859497,2.0773861408233643,-0.4276142120361328,0.4276142120361328
3,948,98a6b3b5c3e20b46cd7a66eb,4.721246242523193,4.706005096435547,-0.015241146087646484,0.015241146087646484
3,949,0c3540d96c538e8e3e1c0b38,2.4202163219451904,3.115994691848755,0.6957783699035645,0.6957783699035645
3,950,a085e4b396e1d8b47c9862ac,4.100015640258789,3.9194700717926025,-0.18054556846618652,0.18054556846618652
3,951,d7b9c0cbac6976c828eee23d,2.6382720470428467,2.5186898708343506,-0.1195821762084961,0.1195821762084961
3,952,d3cc2bd5e4d6f33c303f9d17,1.5499999523162842,2.356631278991699,0.806631326675415,0.806631326675415
3,953,f4d606cb8bba709d2613ad64,0.7300000190734863,1.2940031290054321,0.5640031099319458,0.5640031099319458
3,954,d1daec8726a3fbe80d3cb099,1.8761483430862427,2.0589802265167236,0.18283188343048096,0.18283188343048096
3,955,8f4818aea3ef26593695caa1,0.18000000715255737,0.8247165083885193,0.6447165012359619,0.6447165012359619
3,956,1676bf01c7789e5e46519d1b,2.0222764015197754,2.4848883152008057,0.4626119136810303,0.4626119136810303
3,957,231e1d440d102af23a186081,2.096909999847412,2.2410800457000732,0.14417004585266113,0.14417004585266113
3,958,57e8f425b5a62a9fe22aa2fa,3.795880079269409,3.728806495666504,-0.06707358360290527,0.06707358360290527
3,959,7c00d9e80329ad370d793eb8,1.1330804824829102,0.7239825129508972,-0.40909796953201294,0.40909796953201294
3,960,8dccbec260f8dec51169f8fe,0.9586073160171509,1.5500426292419434,0.5914353132247925,0.5914353132247925
3,961,5dbb15d1c8c034759cc385f1,0.4099999964237213,1.2088755369186401,0.7988755702972412,0.7988755702972412
3,962,a973a50fb36e02a7885e82ec,1.309999942779541,1.151018738746643,-0.15898120403289795,0.15898120403289795
3,963,c8a68e904065ba0c9f0e366c,2.0299999713897705,2.0917985439300537,0.0617985725402832,0.0617985725402832
3,964,2a12ddc11662071b754cb889,3.0,4.083807468414307,1.0838074684143066,1.0838074684143066
3,965,37c2b344f7133db1e2fe9b33,0.9300000071525574,1.6248385906219482,0.6948385834693909,0.6948385834693909
3,966,3e5ce1746f60068ec6c1a4dc,2.93743896484375,2.8009631633758545,-0.1364758014678955,0.1364758014678955
3,967,bc0146fac4cf4ec6e2d9c169,1.8600000143051147,2.052366018295288,0.19236600399017334,0.19236600399017334
3,968,d44da15aa60d309d9c119bbe,0.5099999904632568,0.6800022125244141,0.17000222206115723,0.17000222206115723
3,969,f297c7546c885e302430f052,1.2300000190734863,0.968366801738739,-0.2616332173347473,0.2616332173347473
3,970,7f25c038b02d5a1c522274a9,2.440000057220459,1.400168776512146,-1.039831280708313,1.039831280708313
3,971,55bf9e3dfd89554a64dd4c43,2.886056661605835,3.556504487991333,0.670447826385498,0.670447826385498
3,972,ed3c03eb721d398e55f43e18,2.3300325870513916,4.2359137535095215,1.9058811664581299,1.9058811664581299
3,973,55b39fa551974d6f008ff4be,1.4299999475479126,1.5078812837600708,0.0778813362121582,0.0778813362121582
3,974,7a9ddec28f2cbabf497c6c1b,0.8999999761581421,1.2556794881820679,0.3556795120239258,0.3556795120239258
3,975,4d5656c662e67fb9132455a6,0.46000000834465027,0.9967840313911438,0.5367840528488159,0.5367840528488159
3,976,f535c80988be87d6572606cb,0.6270880103111267,0.562599778175354,-0.0644882321357727,0.0644882321357727
3,977,504ea1a2d9b95512206cb738,6.903090000152588,1.6093672513961792,-5.293722629547119,5.293722629547119
3,978,e5ed43e16841fa801917e0cd,2.7784698009490967,2.744870901107788,-0.033598899841308594,0.033598899841308594
3,979,377eae4e9ff9fda1b4b5ce52,1.8700000047683716,1.7605130672454834,-0.10948693752288818,0.10948693752288818
3,980,c3231b9d0caf3b3c34e4011d,-0.22530928254127502,0.918838620185852,1.1441478729248047,1.1441478729248047
3,981,7243daafd68f6f70d25c1f9f,3.0879549980163574,2.950319528579712,-0.1376354694366455,0.1376354694366455
3,982,56c871f5fb433f3d9f130f5f,1.3799999952316284,0.9436488151550293,-0.4363511800765991,0.4363511800765991
3,983,560ddede1b388cbfad38678e,0.9200000166893005,0.8757216334342957,-0.04427838325500488,0.04427838325500488
3,984,ac6854c1b7dc208adc70dcc1,4.573488712310791,3.0124523639678955,-1.5610363483428955,1.5610363483428955
3,985,85ce5f1b75dc317aa3db668f,1.059999942779541,0.6551717519760132,-0.40482819080352783,0.40482819080352783
3,986,fa5099233e0904f4968f4d5e,1.2400000095367432,1.157671570777893,-0.0823284387588501,0.0823284387588501
3,987,790abec306a057fa4dd45296,3.059999942779541,2.640718460083008,-0.4192814826965332,0.4192814826965332
3,988,f4e847417616db9616f049ac,0.9800000190734863,0.6359687447547913,-0.34403127431869507,0.34403127431869507
3,989,73a19f48854fca36207f20ee,1.8700000047683716,1.5074268579483032,-0.36257314682006836,0.36257314682006836
3,990,a5432d6b4776ee83c76142a4,3.8000001907348633,3.8967106342315674,0.0967104434967041,0.0967104434967041
3,991,99acc7a3768e856760faa8aa,0.8538719415664673,0.5476824045181274,-0.30618953704833984,0.30618953704833984
3,992,a17f9927f49ec3c592169b30,1.5934598445892334,1.658145546913147,0.06468570232391357,0.06468570232391357
3,993,aef23cebcb4271631bb30753,0.6299999952316284,1.0730249881744385,0.44302499294281006,0.44302499294281006
3,994,6cf831edec5c591b3199f3ed,0.5944828987121582,0.618668794631958,0.024185895919799805,0.024185895919799805
3,995,726e3a1ce06c3f891688cbfe,1.690000057220459,1.4385915994644165,-0.2514084577560425,0.2514084577560425
3,996,a5e2b656fedd7137adc8bd99,1.659999966621399,1.22323477268219,-0.436765193939209,0.436765193939209
3,997,f9be31e1493838e9a5675c14,0.44999998807907104,0.4845101833343506,0.03451019525527954,0.03451019525527954
3,998,9fa825bc140ca53fe8229f9a,2.319664478302002,2.4590609073638916,0.13939642906188965,0.13939642906188965
3,999,d57b8eacae01c39a84b98864,3.010016441345215,2.95143723487854,-0.058579206466674805,0.058579206466674805
3,1000,3a2762385b5e509d91c10eb0,1.5700000524520874,1.6670031547546387,0.09700310230255127,0.09700310230255127
3,1001,1af603f5992342115077ddf1,1.840000033378601,1.7208319902420044,-0.11916804313659668,0.11916804313659668
3,1002,09945fdd3e3987c85e873b37,3.67043399810791,3.6428842544555664,-0.02754974365234375,0.02754974365234375
3,1003,17625899e58e385240eac184,1.0800000429153442,2.07839035987854,0.9983903169631958,0.9983903169631958
3,1004,27af28cc50603fd8afb1be4e,1.7400000095367432,2.1375365257263184,0.3975365161895752,0.3975365161895752
3,1005,6e36326c8ccc3e7f8f0de84f,1.5376019477844238,1.4896124601364136,-0.047989487648010254,0.047989487648010254
3,1006,2c75843a2fb89960fcc20447,3.72296404838562,3.5672667026519775,-0.15569734573364258,0.15569734573364258
3,1007,ed044f70847f0e0637a10287,4.3665313720703125,3.633744955062866,-0.7327864170074463,0.7327864170074463
3,1008,68e5dbc52df23f9fc23a0451,3.740000009536743,3.466691732406616,-0.27330827713012695,0.27330827713012695
3,1009,a6df8bc27afeffb9eb1af39d,3.6439740657806396,1.566989779472351,-2.076984405517578,2.076984405517578
3,1010,c3a9459daf277bd66a819781,4.4202165603637695,4.254510879516602,-0.16570568084716797,0.16570568084716797
3,1011,f3fa2b485c42c19342535521,2.5399999618530273,2.02201509475708,-0.5179848670959473,0.5179848670959473
3,1012,6dd131a4a11d700ffd4099cc,3.2266199588775635,2.8753764629364014,-0.3512434959411621,0.3512434959411621
3,1013,8ff29894ed4baf54797ce4f1,4.0809221267700195,4.201595783233643,0.12067365646362305,0.12067365646362305
3,1014,066ba4a7375a7176a7f41d95,0.6600000262260437,1.294270396232605,0.6342703700065613,0.6342703700065613
3,1015,8b0d347c4cab90f3e0235b3c,1.8200000524520874,1.5843571424484253,-0.2356429100036621,0.2356429100036621
3,1016,caf0559f9089c3e17ea23b84,4.199999809265137,2.984309196472168,-1.2156906127929688,1.2156906127929688
3,1017,e855b241186214cdcb785414,2.325016736984253,2.2365453243255615,-0.0884714126586914,0.0884714126586914
3,1018,91b6ebe19b04c6e8b3874f84,4.251811981201172,3.7036263942718506,-0.5481855869293213,0.5481855869293213
3,1019,f405e6c6e613242020d18b26,2.069999933242798,1.8844168186187744,-0.18558311462402344,0.18558311462402344
3,1020,781963cac007b177c45b46c0,2.569999933242798,2.882767915725708,0.31276798248291016,0.31276798248291016
3,1021,b599c1b6bcaef6ac2786b151,2.490000009536743,2.3213021755218506,-0.16869783401489258,0.16869783401489258
3,1022,c46ffa259cb0e9570b41b8bc,1.7599999904632568,1.752724528312683,-0.0072754621505737305,0.0072754621505737305
3,1023,bad0c80913789f52148765cb,2.309999942779541,1.2859445810317993,-1.0240553617477417,1.0240553617477417
3,1024,9072e096fe64d15d777f469a,1.2899999618530273,1.5334891080856323,0.24348914623260498,0.24348914623260498
3,1025,a34f5f571e611464163bc63c,1.2999999523162842,1.3307015895843506,0.030701637268066406,0.030701637268066406
3,1026,ae4850374fed95eceee3a919,0.8899999856948853,1.0920939445495605,0.2020939588546753,0.2020939588546753
3,1027,d2dcaf92034547f0ca40b37f,2.3372421264648438,2.5486772060394287,0.21143507957458496,0.21143507957458496
3,1028,199bbb51079babf9cae57ec9,1.6989699602127075,1.2888506650924683,-0.41011929512023926,0.41011929512023926
3,1029,db0a47c1f273f29c268fa29a,3.1600000858306885,2.1039321422576904,-1.056067943572998,1.056067943572998
3,1030,0639b7be7656e9ea4aa4ee01,2.6600000858306885,1.1721171140670776,-1.4878829717636108,1.4878829717636108
3,1031,e915b5d8d347bda20d2b2be6,1.0750491619110107,2.8885457515716553,1.8134965896606445,1.8134965896606445
3,1032,6859964788082acad796d74d,4.267606258392334,4.121126651763916,-0.14647960662841797,0.14647960662841797
3,1033,bab5483f913c168627b51def,3.739928722381592,3.6174046993255615,-0.12252402305603027,0.12252402305603027
3,1034,2382c19087b0c2ad07d47f93,0.7599999904632568,1.0928572416305542,0.33285725116729736,0.33285725116729736
3,1035,ed4e961a73305823234315d0,2.7212464809417725,2.40885329246521,-0.3123931884765625,0.3123931884765625
3,1036,eafb543317568425845dfc4e,3.490000009536743,3.4122328758239746,-0.07776713371276855,0.07776713371276855
3,1037,509d91b52ac9daed33a6b8aa,0.7699999809265137,0.6033430695533752,-0.16665691137313843,0.16665691137313843
3,1038,631f8d40da29e612bfba4950,1.4700000286102295,1.6241260766983032,0.15412604808807373,0.15412604808807373
3,1039,648a8bd173f534aba6aa29a5,1.2502636909484863,1.6662217378616333,0.415958046913147,0.415958046913147
3,1040,a69df787348eac1cf206b5c3,2.778151273727417,3.04795241355896,0.26980113983154297,0.26980113983154297
3,1041,046d0eecef06f6691d6810dc,0.8799999952316284,1.0204451084136963,0.14044511318206787,0.14044511318206787
3,1042,72eeec3961f81292e8206626,0.36051350831985474,0.3666673004627228,0.006153792142868042,0.006153792142868042
3,1043,03e131b808949ff6928cc6aa,2.791290044784546,2.751683473587036,-0.039606571197509766,0.039606571197509766
3,1044,3ad3cc735a1e9a4f9eecd813,2.0199999809265137,0.761461079120636,-1.2585389614105225,1.2585389614105225
3,1045,76dc8d0ea3737810e552ffae,0.7599999904632568,0.9457691311836243,0.18576914072036743,0.18576914072036743
3,1046,c27b064487a529ac423eabfb,4.107905387878418,3.6667540073394775,-0.44115138053894043,0.44115138053894043
3,1047,9ddec9aebebe307539188b92,2.431798219680786,2.8397622108459473,0.40796399116516113,0.40796399116516113
3,1048,3e6eeeb0201e3f9ba8b2c4e5,1.9600000381469727,2.291165590286255,0.3311655521392822,0.3311655521392822
3,1049,fc0b4d18abb254f17b7c5ceb,2.698970079421997,3.3339931964874268,0.6350231170654297,0.6350231170654297
3,1050,543c03739c8edcfc62830c0b,1.159999966621399,1.0424550771713257,-0.11754488945007324,0.11754488945007324
3,1051,88e95263ea343bcf1897cda7,1.0499999523162842,0.7308253645896912,-0.319174587726593,0.319174587726593
3,1052,3d19ea5f15501be8d4b6e6b5,2.0799810886383057,2.1628270149230957,0.08284592628479004,0.08284592628479004
3,1053,ca885c0e4db715bce3c4b2da,4.036211967468262,3.701124429702759,-0.33508753776550293,0.33508753776550293
3,1054,fefda7c6486386d0ce1e7fa8,3.0900163650512695,3.159856081008911,0.0698397159576416,0.0698397159576416
3,1055,bd3c36401007ea4381937782,1.190000057220459,1.2722138166427612,0.08221375942230225,0.08221375942230225
3,1056,49248c2a706e1b05f831112a,2.0799999237060547,2.1604018211364746,0.08040189743041992,0.08040189743041992
3,1057,f6af67454a197a6fd84f591f,0.7699999809265137,1.0435453653335571,0.27354538440704346,0.27354538440704346
3,1058,ea213dfb0820d12c201bee9f,1.1200000047683716,1.171917200088501,0.051917195320129395,0.051917195320129395
3,1059,3a3cdafbb71bf99e968e0bf6,1.0499999523162842,1.0409318208694458,-0.009068131446838379,0.009068131446838379
3,1060,68ca1d80ba214fc640aff95e,0.8356471657752991,0.6749226450920105,-0.16072452068328857,0.16072452068328857
3,1061,5b5a73846cdf68c7fd28d08f,2.1600000858306885,2.188230037689209,0.028229951858520508,0.028229951858520508
3,1062,bab149057e24fb83da6d334a,4.7473978996276855,3.1366283893585205,-1.610769510269165,1.610769510269165
3,1063,8a1abe94525a4472576de48f,1.2100000381469727,1.0672686100006104,-0.1427314281463623,0.1427314281463623
3,1064,0db7719888f1b9ef0a8e4e2c,1.399999976158142,1.2093008756637573,-0.19069910049438477,0.19069910049438477
3,1065,54b17e16b31c694f191deda5,4.086185932159424,3.745972156524658,-0.3402137756347656,0.3402137756347656
3,1066,00feebcca616059a014d9621,3.069999933242798,3.907822370529175,0.837822437286377,0.837822437286377
3,1067,2f1fe7914e6b91bf85060663,3.259999990463257,2.5070762634277344,-0.7529237270355225,0.7529237270355225
3,1068,a51eb9d35ebf42a374618d70,5.209996700286865,4.568599700927734,-0.6413969993591309,0.6413969993591309
3,1069,744dc945a364a935e6f1425b,0.8538719415664673,1.674160122871399,0.8202881813049316,0.8202881813049316
3,1070,4a3ed161770d334f75d6afc5,1.0399999618530273,0.8027992844581604,-0.23720067739486694,0.23720067739486694
3,1071,6f327a6a54a657ce28bf77ba,1.721246361732483,1.3110038042068481,-0.41024255752563477,0.41024255752563477
3,1072,d6ae3d36bd9f08b3b4972cfa,4.045757293701172,3.7141497135162354,-0.3316075801849365,0.3316075801849365
3,1073,3f1a0527d1682da31a3c5d42,-0.009999999776482582,0.8928835391998291,0.9028835296630859,0.9028835296630859
3,1074,505774e1071fc004b1e20a39,0.9300000071525574,0.7881656289100647,-0.14183437824249268,0.14183437824249268
3,1075,43d702be2090513a007082e1,2.317854881286621,2.478738784790039,0.16088390350341797,0.16088390350341797
3,1076,e4031919bd0b09696bce2327,1.9700000286102295,1.9212565422058105,-0.048743486404418945,0.048743486404418945
3,1077,560ae604f215434e9b1a586e,0.2619611620903015,0.08468768000602722,-0.1772734820842743,0.1772734820842743
3,1078,c816c25114aee04a6bb3e545,1.600000023841858,1.5885838270187378,-0.011416196823120117,0.011416196823120117
3,1079,6b63ea17a43ec03d8e323317,3.92081880569458,3.9583966732025146,0.03757786750793457,0.03757786750793457
3,1080,535bc8260c342945ca173e45,3.737548828125,2.8216397762298584,-0.9159090518951416,0.9159090518951416
3,1081,52b5a9b16061a46be001a465,0.6200000047683716,1.028504729270935,0.4085047245025635,0.4085047245025635
3,1082,4ea002283b7fe81c7c2bf921,2.0299999713897705,2.3504385948181152,0.3204386234283447,0.3204386234283447
3,1083,43aa5bc29d94fea15f73b242,3.809999942779541,2.9341747760772705,-0.8758251667022705,0.8758251667022705
3,1084,875c8f0a1eb63c94daf71604,-0.009999999776482582,0.40810155868530273,0.41810154914855957,0.41810154914855957
3,1085,a21adfe5b4c50a1bc6f59646,2.2699999809265137,1.0710914134979248,-1.1989085674285889,1.1989085674285889
3,1086,bb2875055508232388a5bf83,0.03999999910593033,0.8130301833152771,0.773030161857605,0.773030161857605
3,1087,5b0a223874992826a950c9bd,2.0899999141693115,2.5511300563812256,0.46113014221191406,0.46113014221191406
3,1088,5ca4ea676b92375693b8ddb6,2.5800442695617676,2.6707682609558105,0.09072399139404297,0.09072399139404297
3,1089,a90a7439d2deb24bbc886a42,3.8299999237060547,2.837463140487671,-0.9925367832183838,0.9925367832183838
4,0,59571b63371921aaa1304d5d,2.0,3.2723259925842285,1.2723259925842285,1.2723259925842285
4,1,d970b2d00bd7246a6db6dcc2,2.559999942779541,1.418678641319275,-1.1413213014602661,1.1413213014602661
4,2,d06b65131f781b741a8de3da,1.1299999952316284,0.74205482006073,-0.38794517517089844,0.38794517517089844
4,3,471521686f12ed80af80c286,4.17587423324585,3.856030225753784,-0.31984400749206543,0.31984400749206543
4,4,93b82deb34fb1f8903514d8f,1.149999976158142,0.6631733775138855,-0.4868265986442566,0.4868265986442566
4,5,59baabbae7ee84fbdcc0dfc7,1.4199999570846558,1.388715386390686,-0.03128457069396973,0.03128457069396973
4,6,c23932efec98f3a621c3d3fa,4.1674909591674805,1.9840079545974731,-2.183483123779297,2.183483123779297
4,7,67feb968c37a4214ef55eeba,2.950007200241089,3.0878281593322754,0.13782095909118652,0.13782095909118652
4,8,0234071281970b7b7d829d02,1.9800000190734863,2.2001378536224365,0.2201378345489502,0.2201378345489502
4,9,334d427a402d9b8e89474f7e,2.315753221511841,2.2901620864868164,-0.025591135025024414,0.025591135025024414
4,10,fce85d79e52167778badaad1,3.7212464809417725,3.924604654312134,0.20335817337036133,0.20335817337036133
4,11,7afad8e3c1845dfbe5f2aab5,1.2200000286102295,0.6981160044670105,-0.521884024143219,0.521884024143219
4,12,1b4c649bb510e7e89e244979,2.430000066757202,1.5861958265304565,-0.8438042402267456,0.8438042402267456
4,13,0d4581e16420d6dd0db12d70,1.0199999809265137,1.1987906694412231,0.17879068851470947,0.17879068851470947
4,14,aff8ed0b50d78b4e761318f6,1.1200000047683716,1.2254526615142822,0.10545265674591064,0.10545265674591064
4,15,412c203f5bfc8c6fa3f8f316,0.18708664178848267,-0.026263918727636337,-0.2133505642414093,0.2133505642414093
4,16,42b882e20c9835ab65042cd2,3.309999942779541,3.2770237922668457,-0.03297615051269531,0.03297615051269531
4,17,7afa663d7715757bd37a2446,2.2494916915893555,2.1141207218170166,-0.13537096977233887,0.13537096977233887
4,18,f996758881a25421f2a6b3d4,1.1799999475479126,0.3423096835613251,-0.8376902341842651,0.8376902341842651
4,19,a743d26b09fe1c3ef9925513,4.236571788787842,4.408553123474121,0.1719813346862793,0.1719813346862793
4,20,a98991e3f2ddc10462c9e0a8,0.27000001072883606,0.802947998046875,0.5329480171203613,0.5329480171203613
4,21,7d855d70a535ec8433aaf62e,3.4800000190734863,3.47560977935791,-0.004390239715576172,0.004390239715576172
4,22,109900276753db8e9fcb0ef5,2.259999990463257,2.025186538696289,-0.23481345176696777,0.23481345176696777
4,23,9ba0081a6013540c3d9f0ff9,2.3499999046325684,3.2422196865081787,0.8922197818756104,0.8922197818756104
4,24,a46270dc452a84e708d44379,2.059999942779541,1.951274037361145,-0.108725905418396,0.108725905418396
4,25,b8bc424c8a3c25474f9ec518,4.214670181274414,3.914494752883911,-0.30017542839050293,0.30017542839050293
4,26,a0789f4aeadeffb37b0c371e,1.5199999809265137,1.4996213912963867,-0.020378589630126953,0.020378589630126953
4,27,c8aaad5de16f097c8efef4c4,2.119999885559082,0.7854482531547546,-1.3345515727996826,1.3345515727996826
4,28,30b373f6248c056e2e55385e,0.6899999976158142,0.2234315723180771,-0.4665684103965759,0.4665684103965759
4,29,9e63bfdad6cafb6c9644fe60,1.2200000286102295,0.39801329374313354,-0.821986734867096,0.821986734867096
4,30,0e1d0c1cb218347fb513b6c8,4.179995536804199,4.009602069854736,-0.1703934669494629,0.1703934669494629
4,31,2dc7d4cb0276d9e3b3980097,4.010016441345215,3.051313638687134,-0.958702802658081,0.958702802658081
4,32,f25391bf5104c29d91a83768,1.659999966621399,1.0085612535476685,-0.6514387130737305,0.6514387130737305
4,33,1684277582d5bea6a69f6afd,0.6819366812705994,1.0333911180496216,0.3514544367790222,0.3514544367790222
4,34,fbcf4f17658aaea910d940a6,1.5099999904632568,1.1044671535491943,-0.4055328369140625,0.4055328369140625
4,35,b6986b94a8893015f4fe8076,0.8239087462425232,0.7017964720726013,-0.12211227416992188,0.12211227416992188
4,36,255ba2391f6417c8cb3a7ed2,1.5199999809265137,1.8400801420211792,0.3200801610946655,0.3200801610946655
4,37,eda1316f5f984a68821d2d91,1.7599999904632568,1.2370234727859497,-0.5229765176773071,0.5229765176773071
4,38,f76a8df4458d608c6d78e719,1.9700000286102295,1.593695044517517,-0.3763049840927124,0.3763049840927124
4,39,b85cb9caf5f26a3081aef197,1.0099999904632568,0.7783485054969788,-0.23165148496627808,0.23165148496627808
4,40,9ffe7d0dd21ee44c7e184fa1,2.5301780700683594,2.607241630554199,0.07706356048583984,0.07706356048583984
4,41,3578cf6d2e0981382b7aeaa8,2.7571091651916504,2.716731309890747,-0.04037785530090332,0.04037785530090332
4,42,b127d562a257594ff2e9f071,1.649999976158142,0.6790173053741455,-0.9709826707839966,0.9709826707839966
4,43,fafb386d927e1a008df28a41,1.5299999713897705,1.3486131429672241,-0.1813868284225464,0.1813868284225464
4,44,cf24f9acbca609809002dbe2,0.9300000071525574,1.2942373752593994,0.36423736810684204,0.36423736810684204
4,45,4ec5505fae296b81cf4ce319,2.3299999237060547,2.237657070159912,-0.09234285354614258,0.09234285354614258
4,46,b71dee3b4fbac358e2f02cb3,2.6500000953674316,3.479081392288208,0.8290812969207764,0.8290812969207764
4,47,e577e8b06f69c6119278ddbb,0.8700000047683716,0.7801039814949036,-0.08989602327346802,0.08989602327346802
4,48,2b555c42d21cc409d7652b49,0.9800000190734863,1.536915898323059,0.5569158792495728,0.5569158792495728
4,49,f8d7b86843cd5f18d55bd63d,2.4321506023406982,1.3911820650100708,-1.0409685373306274,1.0409685373306274
4,50,33e9c2eb1c86d158a702acdc,0.547523558139801,1.1871575117111206,0.6396339535713196,0.6396339535713196
4,51,e5a7f0bb2382eedc7c677382,1.4600000381469727,1.3546043634414673,-0.10539567470550537,0.10539567470550537
4,52,f5742109180c053dd18a0467,1.4700000286102295,1.3068615198135376,-0.1631385087966919,0.1631385087966919
4,53,7c03f884699d11381a39cb5d,1.6100000143051147,1.5476815700531006,-0.06231844425201416,0.06231844425201416
4,54,6e36326c8ccc3e7f8f0de84f,1.5376019477844238,1.6937404870986938,0.15613853931427002,0.15613853931427002
4,55,92c9cf1a379b4b35d864380c,1.5199999809265137,1.259850263595581,-0.2601497173309326,0.2601497173309326
4,56,58e6a2147aa0e55ac23f899f,0.4948500096797943,0.539971113204956,0.04512110352516174,0.04512110352516174
4,57,929007cd9e59ad79343313dc,1.2200000286102295,0.9606438279151917,-0.25935620069503784,0.25935620069503784
4,58,0820507d8d423e97ea364b8e,1.5099999904632568,1.688231110572815,0.1782311201095581,0.1782311201095581
4,59,fd468bd7ccb7e62f3c09c60e,1.090000033378601,1.3521169424057007,0.2621169090270996,0.2621169090270996
4,60,0dc33769001a6448086a6a08,4.187086582183838,3.9088618755340576,-0.2782247066497803,0.2782247066497803
4,61,aab97cb9245ef72dc75f2ae1,1.3899999856948853,0.5122367739677429,-0.8777632117271423,0.8777632117271423
4,62,3387bd4c6737d599dcadc14f,2.200000047683716,1.707700252532959,-0.49229979515075684,0.49229979515075684
4,63,e72234e43b87f47828203663,0.5400000214576721,0.5430591702461243,0.0030591487884521484,0.0030591487884521484
4,64,135e27a6710109ff9c2b5e13,1.1299999952316284,0.8002614378929138,-0.3297385573387146,0.3297385573387146
4,65,6690c9cdb7432b4675e1aca2,2.069999933242798,1.9954763650894165,-0.07452356815338135,0.07452356815338135
4,66,4a3ac955702a995dbc4a10b3,3.359999895095825,3.2830491065979004,-0.0769507884979248,0.0769507884979248
4,67,18916176c35aa60b8ac1c9e1,1.1799999475479126,0.9862555861473083,-0.19374436140060425,0.19374436140060425
4,68,0d87624277b9fdaf5e0bd3b9,1.6200000047683716,1.9810582399368286,0.36105823516845703,0.36105823516845703
4,69,a6a3de8366c02770840852ca,0.3565473258495331,0.6689581871032715,0.3124108612537384,0.3124108612537384
4,70,9561ce0a425a7ca921a9494a,2.4685211181640625,2.687286853790283,0.2187657356262207,0.2187657356262207
4,71,2113b332f0f682ea39286a27,0.9300000071525574,1.6886540651321411,0.7586540579795837,0.7586540579795837
4,72,c6dbe88edb96f853e36cff49,2.440000057220459,1.0667988061904907,-1.3732012510299683,1.3732012510299683
4,73,ccfe45e751fb168a5c6a7c96,1.3700000047683716,1.6571295261383057,0.2871295213699341,0.2871295213699341
4,74,72d7147112d3e734204d586c,2.664207935333252,2.6786231994628906,0.014415264129638672,0.014415264129638672
4,75,9d8228b68cca2475e5fa926b,1.9800000190734863,1.706903100013733,-0.2730969190597534,0.2730969190597534
4,76,291abeb4b41e87c8d03c1128,1.3565473556518555,2.4210877418518066,1.0645403861999512,1.0645403861999512
4,77,4ec520756e07c1dca47a5d19,2.744727611541748,1.8502317667007446,-0.8944958448410034,0.8944958448410034
4,78,8fb2070c977d48f5b4125279,3.6575772762298584,4.112342357635498,0.45476508140563965,0.45476508140563965
4,79,3b1e336bca1a5f8eef23c5c7,1.0700000524520874,1.229912281036377,0.15991222858428955,0.15991222858428955
4,80,7958e72db627889b874300e9,0.2924298346042633,0.6875602602958679,0.3951304256916046,0.3951304256916046
4,81,98dfd9a090a6c1234eb2a5d8,0.7799999713897705,1.32175874710083,0.5417587757110596,0.5417587757110596
4,82,2f10799d9a39d4306f2cb1f3,1.3799999952316284,1.7473617792129517,0.36736178398132324,0.36736178398132324
4,83,0d8d5dd8093eb7fd8d942306,0.6197887659072876,0.5995502471923828,-0.020238518714904785,0.020238518714904785
4,84,9b0e702b71a313034db91e6d,2.0,1.523967981338501,-0.476032018661499,0.476032018661499
4,85,e55464e0495ceb7764f1bee9,2.8691842555999756,2.8874003887176514,0.01821613311767578,0.01821613311767578
4,86,176712128b0b0c8a280af30c,1.6299999952316284,1.75693678855896,0.12693679332733154,0.12693679332733154
4,87,adbefb3ac7512588316686bb,1.9900000095367432,2.1093497276306152,0.11934971809387207,0.11934971809387207
4,88,39af20392df834d7cab9ce0a,2.346787452697754,3.2422196865081787,0.8954322338104248,0.8954322338104248
4,89,10dac2a3e40b5177dd43b626,0.9800000190734863,0.7454354763031006,-0.23456454277038574,0.23456454277038574
4,90,d67fbb07a8ec398402a94e85,0.9900000095367432,1.1497381925582886,0.1597381830215454,0.1597381830215454
4,91,f39ee2a21d05c2d18d423112,2.301029920578003,1.7269736528396606,-0.5740562677383423,0.5740562677383423
4,92,641afa27dca1b6164461f114,2.4700000286102295,2.0002388954162598,-0.4697611331939697,0.4697611331939697
4,93,8f1d410ea219f95f3138d5be,1.761439323425293,-0.7186053395271301,-2.4800446033477783,2.4800446033477783
4,94,51c0a7550078e905ff444964,2.740000009536743,1.410629153251648,-1.3293708562850952,1.3293708562850952
4,95,d60edca848e2f858053f0201,1.0099999904632568,1.0007821321487427,-0.00921785831451416,0.00921785831451416
4,96,77f92c6b2ad2f8c4f872416b,0.28999999165534973,-0.01644774153828621,-0.30644774436950684,0.30644774436950684
4,97,e902ce1a433a3c9060c6d586,3.585026741027832,4.252741813659668,0.6677150726318359,0.6677150726318359
4,98,1520546a0e32a1d96d55ec53,2.0799999237060547,2.156944751739502,0.07694482803344727,0.07694482803344727
4,99,162c88d9a62688d54ea04582,0.9200000166893005,0.7600309252738953,-0.15996909141540527,0.15996909141540527
4,100,3dab2bcfe1f664f3ed442041,1.5099999904632568,1.6798409223556519,0.16984093189239502,0.16984093189239502
4,101,dc50efa6c2477a82990cbaea,0.508638322353363,0.36018988490104675,-0.14844843745231628,0.14844843745231628
4,102,7af7011ee49030724abc23ef,1.0691397190093994,1.3566111326217651,0.2874714136123657,0.2874714136123657
4,103,04a456ab7512ba3628a1e4e7,1.0800000429153442,0.7723801732063293,-0.3076198697090149,0.3076198697090149
4,104,62ae579aa180803c566156a7,0.7200000286102295,1.1693729162216187,0.44937288761138916,0.44937288761138916
4,105,a3519611b362917d726e0fb7,0.4605475068092346,2.726902484893799,2.266355037689209,2.266355037689209
4,106,9090d8c899e0996b356cea46,4.1674909591674805,3.9918322563171387,-0.1756587028503418,0.1756587028503418
4,107,29fdcbd2e1a69b3f3ba675c3,0.25,0.6004049181938171,0.35040491819381714,0.35040491819381714
4,108,412ed7e036947bda3dfc2ba8,1.1100000143051147,0.8250306248664856,-0.28496938943862915,0.28496938943862915
4,109,85e10665c08cba294a3a9211,0.46000000834465027,0.2539193034172058,-0.20608070492744446,0.20608070492744446
4,110,095bc5168d3e32ef66bdff0c,2.4000000953674316,1.0180346965789795,-1.3819653987884521,1.3819653987884521
4,111,a52c304b2cc8b537a80019d6,3.7647507190704346,2.882065534591675,-0.8826851844787598,0.8826851844787598
4,112,4ba1de12aae08953e6de7eec,1.6989699602127075,1.5527565479278564,-0.14621341228485107,0.14621341228485107
4,113,9dc9881b0b8884a14640e5c3,0.7099999785423279,1.4857388734817505,0.7757388949394226,0.7757388949394226
4,114,c6edd741999b4391385ae9a5,1.649945855140686,2.4928457736968994,0.8428999185562134,0.8428999185562134
4,115,5646b67a4e01fb90e9f1b0cf,1.7400000095367432,1.2491670846939087,-0.4908329248428345,0.4908329248428345
4,116,0a4858a114c1402c03033ba6,4.550058841705322,3.109221935272217,-1.4408369064331055,1.4408369064331055
4,117,d227a771ef793a0f701b468e,1.1883753538131714,1.3931682109832764,0.20479285717010498,0.20479285717010498
4,118,06c8a3b17c7add1d22630d59,1.9500000476837158,2.419191837310791,0.4691917896270752,0.4691917896270752
4,119,8076457846e3614c97c89205,1.2000000476837158,1.0637646913528442,-0.13623535633087158,0.13623535633087158
4,120,109f8487b02c1b37a6fa129a,0.9800000190734863,1.8285597562789917,0.8485597372055054,0.8485597372055054
4,121,e3648fe231e83252b5bbdf6a,0.7520267367362976,0.9060577750205994,0.15403103828430176,0.15403103828430176
4,122,27093a5605b70ed39fbdf071,0.949999988079071,1.1717811822891235,0.2217811942100525,0.2217811942100525
4,123,627f6393d6741ddc0325d0e3,3.7878124713897705,3.6902098655700684,-0.09760260581970215,0.09760260581970215
4,124,b725237b5404b0ca7a4539b0,1.0099999904632568,0.7434596419334412,-0.2665403485298157,0.2665403485298157
4,125,301ae0be54f331077c2252af,2.25,1.3883801698684692,-0.8616198301315308,0.8616198301315308
4,126,5c6b888ada47eb8dd1f727b0,1.2200000286102295,1.2213507890701294,0.0013507604598999023,0.0013507604598999023
4,127,3522a99d988f39da1753542a,1.2599999904632568,1.1905709505081177,-0.06942903995513916,0.06942903995513916
4,128,47ca6cacd35ae4e4378a0deb,0.4099999964237213,1.15682852268219,0.746828556060791,0.746828556060791
4,129,a9b127c7020ce7366c4715b3,3.853872060775757,3.5214123725891113,-0.3324596881866455,0.3324596881866455
4,130,68e1f7bf672f0a4e01f90974,4.070580959320068,3.283522605895996,-0.7870583534240723,0.7870583534240723
4,131,24a8d0658a64d775b08b1a94,0.4099999964237213,0.18148373067378998,-0.22851626574993134,0.22851626574993134
4,132,830603425c6c0662f4d1427d,1.0099999904632568,0.8861257433891296,-0.1238742470741272,0.1238742470741272
4,133,b2b221431a5a6ebd34c63e8b,2.0999999046325684,2.3624119758605957,0.26241207122802734,0.26241207122802734
4,134,43aa5bc29d94fea15f73b242,3.809999942779541,3.3806729316711426,-0.42932701110839844,0.42932701110839844
4,135,d7fa14a5381adc81184de16d,1.6575772762298584,1.4495409727096558,-0.20803630352020264,0.20803630352020264
4,136,8a02d0464b9697aa3eb53b00,1.7999999523162842,1.9426809549331665,0.14268100261688232,0.14268100261688232
4,137,d83f7cdcca464aa48a97636f,0.7471469640731812,1.2078582048416138,0.4607112407684326,0.4607112407684326
4,138,d383e2941ac9e33903fa38ba,1.059999942779541,0.8633032441139221,-0.1966966986656189,0.1966966986656189
4,139,27ce8bc466acae2d778a824c,1.6100000143051147,1.1120061874389648,-0.4979938268661499,0.4979938268661499
4,140,abf167519718d43f5ce942e4,0.7594507336616516,0.7781004309654236,0.018649697303771973,0.018649697303771973
4,141,99af1110cb1591c879169c4f,2.9534831047058105,2.8776438236236572,-0.07583928108215332,0.07583928108215332
4,142,7c5f8c83ad0a7be8ea127aa9,1.309999942779541,1.438387155532837,0.1283872127532959,0.1283872127532959
4,143,f0ffeeb9278c32fb443767c9,0.7447274923324585,0.5324764251708984,-0.21225106716156006,0.21225106716156006
4,144,23e9e474d25b6febca727a1e,0.23999999463558197,0.5657904744148254,0.3257904648780823,0.3257904648780823
4,145,77a92251c04ad0644a017065,2.3499999046325684,2.4020674228668213,0.05206751823425293,0.05206751823425293
4,146,c2312baaf616973b0c8248a1,2.9712936878204346,2.8001937866210938,-0.17109990119934082,0.17109990119934082
4,147,79cb0b7f4120c8ca20903010,1.9700000286102295,1.8265079259872437,-0.14349210262298584,0.14349210262298584
4,148,7679d13549fc58c4864a4751,2.009999990463257,1.8837310075759888,-0.12626898288726807,0.12626898288726807
4,149,5eca291a9ab66729d3106eda,1.0800000429153442,1.1667120456695557,0.08671200275421143,0.08671200275421143
4,150,3088656861c7a362982ac89d,1.7400000095367432,1.8051561117172241,0.06515610218048096,0.06515610218048096
4,151,cb2af521528d19d76a932dab,3.795880079269409,3.989448070526123,0.19356799125671387,0.19356799125671387
4,152,5c08e860da2bd75d1da7eddf,3.266000747680664,2.8843741416931152,-0.38162660598754883,0.38162660598754883
4,153,d19f0107e37faeb43ae73c07,0.33000001311302185,0.47719892859458923,0.14719891548156738,0.14719891548156738
4,154,cc2a8ff9e5d7316248d66b50,1.659999966621399,1.4202405214309692,-0.2397594451904297,0.2397594451904297
4,155,16c1eceb6f216c2e44f4e55b,1.8799999952316284,2.0289154052734375,0.14891541004180908,0.14891541004180908
4,156,9b8e81ed47f63907a368f00d,3.1739251613616943,3.3591208457946777,0.1851956844329834,0.1851956844329834
4,157,3d1816197b40d3c5b46a21af,2.0399999618530273,1.8562473058700562,-0.1837526559829712,0.1837526559829712
4,158,a2f8cd432cb73a57f4675814,2.440000057220459,2.3603124618530273,-0.07968759536743164,0.07968759536743164
4,159,23894b35a991ff742e186baa,1.450927495956421,2.1920785903930664,0.7411510944366455,0.7411510944366455
4,160,62db161d2c388bd01a2c61cf,1.709874153137207,2.0213029384613037,0.3114287853240967,0.3114287853240967
4,161,593ff707defea1a794e7358f,4.574031352996826,3.7461092472076416,-0.8279221057891846,0.8279221057891846
4,162,5f00af55eee7ec7472cda6e1,3.0043647289276123,2.5432088375091553,-0.46115589141845703,0.46115589141845703
4,163,11f1739cba710834eab703b6,0.3199999928474426,0.627722442150116,0.30772244930267334,0.30772244930267334
4,164,725ceecde7f6a16ff22c9f2b,0.019999999552965164,0.3651925027370453,0.34519249200820923,0.34519249200820923
4,165,2710b486a407b764c307f31f,4.886056423187256,3.9097044467926025,-0.9763519763946533,0.9763519763946533
4,166,60718e161c77a757372356f3,4.443697452545166,3.833263397216797,-0.6104340553283691,0.6104340553283691
4,167,a3131c1dc374ccbf045bee30,4.585026741027832,4.270727157592773,-0.3142995834350586,0.3142995834350586
4,168,0f057c83bc847639a2308e78,1.4299999475479126,0.9732466340065002,-0.45675331354141235,0.45675331354141235
4,169,ece6c4e06c744961bda7d131,2.9800000190734863,3.1589303016662598,0.17893028259277344,0.17893028259277344
4,170,126dc8c3aa3823108e212df1,1.6299999952316284,0.9276049733161926,-0.7023950219154358,0.7023950219154358
4,171,d9cd4e7b20278d3356a0a0d4,2.0399999618530273,1.9866031408309937,-0.05339682102203369,0.05339682102203369
4,172,9bf7535efaa468d79ade67c2,4.150028228759766,4.4555535316467285,0.3055253028869629,0.3055253028869629
4,173,4e2d49c3e2f2eef3263a7600,2.8013429641723633,1.4805959463119507,-1.3207470178604126,1.3207470178604126
4,174,fc8a2b373aba7433c4e86bcc,1.5199999809265137,1.8279975652694702,0.30799758434295654,0.30799758434295654
4,175,d585f8d205f15d70c24cc928,0.6989700198173523,0.6437945365905762,-0.05517548322677612,0.05517548322677612
4,176,3d63c187b98ed2c95dd72bc2,3.2281510829925537,3.2010796070098877,-0.027071475982666016,0.027071475982666016
4,177,5a1cd8e2885199c05a9eee2e,1.0199999809265137,0.21771518886089325,-0.8022847771644592,0.8022847771644592
4,178,5fb257bce5c82f43dff84349,2.2699999809265137,2.3542561531066895,0.08425617218017578,0.08425617218017578
4,179,2c9948eac238889b397fa7d7,1.1399999856948853,0.9332576394081116,-0.20674234628677368,0.20674234628677368
4,180,ea03678a5dfe3d8cca7b247a,0.8999999761581421,0.39335766434669495,-0.5066423416137695,0.5066423416137695
4,181,3c3811a80eb497f36568aa3c,1.3979400396347046,3.1798667907714844,1.7819267511367798,1.7819267511367798
4,182,08c34d6d02550518c26e5487,0.9625735282897949,1.1684285402297974,0.20585501194000244,0.20585501194000244
4,183,b9871e0b3d9762a3cb7250d6,2.0799999237060547,1.9855502843856812,-0.09444963932037354,0.09444963932037354
4,184,5007e390d7980902c8f044d3,0.9900000095367432,0.9832454323768616,-0.006754577159881592,0.006754577159881592
4,185,15839c03a3be49142becf657,1.9500000476837158,2.106236457824707,0.1562364101409912,0.1562364101409912
4,186,f134039c378b913c42496b6d,1.2599999904632568,0.6749750971794128,-0.585024893283844,0.585024893283844
4,187,ee0c5a10563a6844d79965c2,1.4800000190734863,1.5794941186904907,0.0994940996170044,0.0994940996170044
4,188,5c38ef95a607fe15b2397f08,1.7099653482437134,2.1154847145080566,0.40551936626434326,0.40551936626434326
4,189,40428d4b867e0d4aded2b3ad,-1.4487062692642212,0.9032396674156189,2.3519458770751953,2.3519458770751953
4,190,5105410466cb48a5f31ec5a3,1.809999942779541,1.9761956930160522,0.16619575023651123,0.16619575023651123
4,191,ed3c03eb721d398e55f43e18,2.3300325870513916,4.250500679016113,1.9204680919647217,1.9204680919647217
4,192,48de20f708244b1b9da64531,1.5399999618530273,1.4897373914718628,-0.05026257038116455,0.05026257038116455
4,193,f516ef8a3772138605ab096a,0.4399999976158142,0.6666963696479797,0.22669637203216553,0.22669637203216553
4,194,630c32167e430568683705de,4.638272285461426,4.167389392852783,-0.4708828926086426,0.4708828926086426
4,195,05e7811b671c6f56441bc806,2.0999999046325684,1.8429566621780396,-0.2570432424545288,0.2570432424545288
4,196,55f9429c3bc747ede933afe8,2.109999895095825,1.583136796951294,-0.5268630981445312,0.5268630981445312
4,197,7979eda9566ceffad622447c,2.0,4.5529704093933105,2.5529704093933105,2.5529704093933105
4,198,e8741343d94b0edc9dfbae00,1.5199999809265137,2.0913751125335693,0.5713751316070557,0.5713751316070557
4,199,febb64f1025dda29e3fa9108,0.6307841539382935,0.6020089387893677,-0.02877521514892578,0.02877521514892578
4,200,070a809c1c10581eafac6f07,2.5299999713897705,2.783298969268799,0.2532989978790283,0.2532989978790283
4,201,126180bd52e9eb3fe67a1c1c,3.1232049465179443,3.194039821624756,0.07083487510681152,0.07083487510681152
4,202,988415fcc0b61ed2e1424be0,1.149999976158142,1.152779459953308,0.0027794837951660156,0.0027794837951660156
4,203,6e738457df166f25c92273c2,1.8300000429153442,1.4344903230667114,-0.3955097198486328,0.3955097198486328
4,204,ff26c8d091b37b2fa70b7b53,0.6197887659072876,1.2248319387435913,0.6050431728363037,0.6050431728363037
4,205,9ab2b28609270113b4a1994a,1.3565473556518555,1.015468716621399,-0.34107863903045654,0.34107863903045654
4,206,c65e5f72371a1e766b428381,1.7000000476837158,1.6518340110778809,-0.04816603660583496,0.04816603660583496
4,207,ef1de9bbd945f015b9d186e5,4.376750946044922,3.954029083251953,-0.42272186279296875,0.42272186279296875
4,208,c02e89f5097128b731175ba2,2.369999885559082,2.169250965118408,-0.20074892044067383,0.20074892044067383
4,209,eb3fc5699653272f06b3edf7,2.0,1.0648279190063477,-0.9351720809936523,0.9351720809936523
4,210,c852b831955a35b0c98a5e19,2.190000057220459,1.1611443758010864,-1.0288556814193726,1.0288556814193726
4,211,46a91d85b13b9e7736b82352,0.6800000071525574,1.2624462842941284,0.582446277141571,0.582446277141571
4,212,4e1ef708bbde681de9787705,2.009999990463257,1.7407219409942627,-0.26927804946899414,0.26927804946899414
4,213,02d2e0a0f7901e476a1a345b,1.6200000047683716,1.4908695220947266,-0.12913048267364502,0.12913048267364502
4,214,9a6b89d86b24a47122bacaf3,1.6799999475479126,1.5307481288909912,-0.1492518186569214,0.1492518186569214
4,215,ca05630127b7e0aa6adb25ef,1.6946486234664917,1.7808579206466675,0.08620929718017578,0.08620929718017578
4,216,83eba4c3b835b1517f530c2b,1.840000033378601,1.3551291227340698,-0.48487091064453125,0.48487091064453125
4,217,9f73cecf22789b5ab14852ff,4.744727611541748,3.2891993522644043,-1.4555282592773438,1.4555282592773438
4,218,b8ca5ebc74b7f71aacfc2e79,2.0899999141693115,1.7158938646316528,-0.3741060495376587,0.3741060495376587
4,219,e4b957a8c39199f020d6589e,0.75,1.9512234926223755,1.2012234926223755,1.2012234926223755
4,220,e18eadc994a13c8ff93ab387,1.0199999809265137,1.2330740690231323,0.21307408809661865,0.21307408809661865
4,221,7b500c639d3cfe0cd10abd19,0.9599999785423279,1.2859407663345337,0.3259407877922058,0.3259407877922058
4,222,e81676b3cb26759d2160c755,1.409999966621399,1.6804951429367065,0.2704951763153076,0.2704951763153076
4,223,516d9a10d9367e89bdb0a81d,1.6399999856948853,1.532030701637268,-0.10796928405761719,0.10796928405761719
4,224,89d94eca68be181709a6fa01,3.301029920578003,3.016718864440918,-0.28431105613708496,0.28431105613708496
4,225,3f018152d893295a9e8b28f3,1.7999999523162842,1.2183632850646973,-0.5816366672515869,0.5816366672515869
4,226,4ed916e9152e01b759a88276,2.7923057079315186,2.8431708812713623,0.05086517333984375,0.05086517333984375
4,227,c8e318513f8f41c056684ff0,3.795880079269409,4.003271102905273,0.20739102363586426,0.20739102363586426
4,228,9a41647cb8786687e3b67146,3.397939920425415,3.624394655227661,0.2264547348022461,0.2264547348022461
4,229,f3a5dfca9a6ea06d2c3501e3,1.399999976158142,1.3890982866287231,-0.010901689529418945,0.010901689529418945
4,230,e30ce39d30cef85e8df90194,4.387216091156006,3.808438301086426,-0.5787777900695801,0.5787777900695801
4,231,73d1bec37b3fa2e93a9ce5b4,1.2300000190734863,0.9565107226371765,-0.2734892964363098,0.2734892964363098
4,232,e0babe88eb5108a6e6842675,1.3885976076126099,2.5320119857788086,1.1434143781661987,1.1434143781661987
4,233,0e36ab842ba9264cb615d7ad,1.1299999952316284,1.3698605298995972,0.23986053466796875,0.23986053466796875
4,234,2ae2921ad08439b8a0937046,1.6699999570846558,0.4297997057437897,-1.2402002811431885,1.2402002811431885
4,235,3b160f87cc40673ffc477863,0.6777806878089905,0.3375495970249176,-0.3402310907840729,0.3402310907840729
4,236,2e44c656d0f7aa96b8c1747c,4.86012077331543,4.875095367431641,0.014974594116210938,0.014974594116210938
4,237,9f4662ab10aeeb70a0737201,0.9900000095367432,0.7578277587890625,-0.23217225074768066,0.23217225074768066
4,238,2278f0e27eac388babeda045,1.7300000190734863,1.8407810926437378,0.11078107357025146,0.11078107357025146
4,239,7d24bf28afbaba43302ca470,1.7899999618530273,2.3758020401000977,0.5858020782470703,0.5858020782470703
4,240,b13aea96a3f068ba522ea365,1.7000000476837158,1.3947595357894897,-0.3052405118942261,0.3052405118942261
4,241,74fc8d55af62ae0150f01607,1.1677892208099365,2.3384861946105957,1.1706969738006592,1.1706969738006592
4,242,d1fc6802ccbfc6e2742affb9,0.9399999976158142,1.7787584066390991,0.8387584090232849,0.8387584090232849
4,243,6dd5c89d184839dc51415480,0.6000000238418579,1.0640697479248047,0.4640697240829468,0.4640697240829468
4,244,c19c0d4cba2975ae8a519368,0.41999998688697815,0.48898521065711975,0.0689852237701416,0.0689852237701416
4,245,6a6c19093d9a3bb87085265d,2.130000114440918,0.4777889549732208,-1.6522111892700195,1.6522111892700195
4,246,ffd1599e41e890c9402630f5,0.4099999964237213,0.7676535844802856,0.35765358805656433,0.35765358805656433
4,247,972a0108cfa0bf50cbbf93cc,0.30000001192092896,-0.028939934447407722,-0.32893994450569153,0.32893994450569153
4,248,a3d63e7a0d3bde870711ebaf,-1.1461280584335327,-1.1306284666061401,0.015499591827392578,0.015499591827392578
4,249,06c777700bd50f9ab22b7d54,2.0799999237060547,1.4840409755706787,-0.595958948135376,0.595958948135376
4,250,3c371d750d9ea3e37610fb39,1.2407430410385132,0.7704765200614929,-0.47026652097702026,0.47026652097702026
4,251,cc0b4d563e36166a7885f70e,3.346787452697754,3.335928440093994,-0.010859012603759766,0.010859012603759766
4,252,88faf633ffac1ff2dfe18832,1.4600000381469727,1.3975653648376465,-0.06243467330932617,0.06243467330932617
4,253,302dd0bdf474bbc7ef37bba2,0.9913998246192932,0.9462293982505798,-0.04517042636871338,0.04517042636871338
4,254,fc0d1658187b0aa43c7827eb,1.3767507076263428,1.1651808023452759,-0.2115699052810669,0.2115699052810669
4,255,86cb8938110d70b7efbb514d,1.5917600393295288,1.6065956354141235,0.014835596084594727,0.014835596084594727
4,256,82088581756a0ea078f655b8,0.5899999737739563,0.8932697176933289,0.30326974391937256,0.30326974391937256
4,257,2c347e2429196f02a01de7f3,4.92081880569458,4.58432674407959,-0.33649206161499023,0.33649206161499023
4,258,4c0a312e1bd8448142590853,1.7699999809265137,1.2611602544784546,-0.5088397264480591,0.5088397264480591
4,259,4d3b989a6d21fa8753dbdc0f,0.4528408646583557,1.7480119466781616,1.2951710224151611,1.2951710224151611
4,260,fa5099233e0904f4968f4d5e,1.2400000095367432,0.5565793514251709,-0.6834206581115723,0.6834206581115723
4,261,0b5f5ba3b7cb63f722c3b52d,1.0399999618530273,0.9662320017814636,-0.07376796007156372,0.07376796007156372
4,262,b61034d3b0bc0c0d3d274637,3.286789655685425,3.1327943801879883,-0.15399527549743652,0.15399527549743652
4,263,a66c3a9ad860437ac732748c,1.809999942779541,1.8643009662628174,0.05430102348327637,0.05430102348327637
4,264,05a3e52e9cac7f213a5b5ce4,2.0999999046325684,1.534216284751892,-0.5657836198806763,0.5657836198806763
4,265,ef00acf50bf20a07aee13ede,0.8600000143051147,0.8234319686889648,-0.0365680456161499,0.0365680456161499
4,266,7e7d7c05d181fc0af2e0ef25,3.8436527252197266,3.4664134979248047,-0.3772392272949219,0.3772392272949219
4,267,b4cbddd3fbaca901178f0d17,2.259999990463257,2.204770565032959,-0.05522942543029785,0.05522942543029785
4,268,5a0a13216b28d3e1538ae466,3.0048036575317383,2.9495902061462402,-0.05521345138549805,0.05521345138549805
4,269,cc8ed2aa927e2464e800393f,2.860121011734009,3.4818179607391357,0.621696949005127,0.621696949005127
4,270,0a8492ef60266f7f5bb9f1b1,1.409999966621399,1.2733747959136963,-0.13662517070770264,0.13662517070770264
4,271,63381709b358a892fffe9063,0.6777806878089905,0.7968862652778625,0.11910557746887207,0.11910557746887207
4,272,bceee207b5e1789a9a491d5d,1.497572898864746,2.2380335330963135,0.7404606342315674,0.7404606342315674
4,273,e7f6dfca0ce0d53f91fa1e03,1.2899999618530273,1.5345920324325562,0.2445920705795288,0.2445920705795288
4,274,06a31f3e1647b91d35b5a9a0,2.698970079421997,2.6789419651031494,-0.020028114318847656,0.020028114318847656
4,275,486b510be2c33ce4f71af6f5,3.32790207862854,2.7846128940582275,-0.5432891845703125,0.5432891845703125
4,276,7ac58addef4fef26af8a988e,0.25656864047050476,0.14960864186286926,-0.1069599986076355,0.1069599986076355
4,277,93a2f0635ecab1c60699e59f,1.5800000429153442,2.444336414337158,0.864336371421814,0.864336371421814
4,278,cdc4125fc2270a7c824d4c8f,1.1366771459579468,0.9271715879440308,-0.20950555801391602,0.20950555801391602
4,279,5d7ab4664c3045037bc9f8f9,1.2200000286102295,0.8310549259185791,-0.3889451026916504,0.3889451026916504
4,280,18689529c55a3dde39f2b51d,4.318758964538574,4.5482001304626465,0.22944116592407227,0.22944116592407227
4,281,2375aa4638e93f294cdf5b4d,3.552841901779175,3.663656234741211,0.11081433296203613,0.11081433296203613
4,282,e4031919bd0b09696bce2327,1.9700000286102295,1.9173871278762817,-0.052612900733947754,0.052612900733947754
4,283,243c245ba05dc4fa1bbdeee8,2.450000047683716,2.0141401290893555,-0.43585991859436035,0.43585991859436035
4,284,00f51ed959204370245c8c00,1.9900000095367432,1.9395079612731934,-0.050492048263549805,0.050492048263549805
4,285,e130ab8ed7bb0ed06c22bf55,0.7799999713897705,0.9909729361534119,0.21097296476364136,0.21097296476364136
4,286,22dda5330b1a6a57c149691f,1.4500000476837158,1.5899821519851685,0.13998210430145264,0.13998210430145264
4,287,e28f03ccc3af72002c9510db,2.0315170288085938,1.9234576225280762,-0.10805940628051758,0.10805940628051758
4,288,4f3307536e41f379e1677763,2.314258337020874,2.241779088973999,-0.072479248046875,0.072479248046875
4,289,4dad48a7e7871ef13872fa44,0.019999999552965164,0.7273271679878235,0.7073271870613098,0.7073271870613098
4,290,98d4c472ff2c0863fd516913,0.8799999952316284,0.892871618270874,0.012871623039245605,0.012871623039245605
4,291,a73f993c9cd3a2c9bdbdafba,1.9600000381469727,1.9932366609573364,0.03323662281036377,0.03323662281036377
4,292,7fefa18ed3521fe81032d5c0,1.2596373558044434,1.3372315168380737,0.07759416103363037,0.07759416103363037
4,293,cf8eca759f052d4aa9f3d177,2.6099483966827393,3.1727075576782227,0.5627591609954834,0.5627591609954834
4,294,ed4beb79e66bfaede95e0156,1.659999966621399,1.569502830505371,-0.09049713611602783,0.09049713611602783
4,295,05e68f1ed86477d5a7fed0a2,3.8961963653564453,3.9449377059936523,0.04874134063720703,0.04874134063720703
4,296,df95c045ba90affe3a878146,1.4500000476837158,1.4054967164993286,-0.04450333118438721,0.04450333118438721
4,297,acd4644c9d0ead96467c0876,0.7599999904632568,1.8531473875045776,1.0931473970413208,1.0931473970413208
4,298,0682fc5e94a30f98281c99a7,0.20999999344348907,0.6919389963150024,0.48193901777267456,0.48193901777267456
4,299,93922eba5da77df277296ed7,1.9586073160171509,2.0987160205841064,0.14010870456695557,0.14010870456695557
4,300,758110b6bf0556bc6446ab79,2.0199999809265137,1.9165043830871582,-0.10349559783935547,0.10349559783935547
4,301,ba5bf9b677f531e39d361af9,0.40666306018829346,-1.1371971368789673,-1.5438601970672607,1.5438601970672607
4,302,d1d908d16779e450d2f909df,1.0099999904632568,1.274518370628357,0.2645183801651001,0.2645183801651001
4,303,dd7b98ec6df001c6c02ac6fb,1.3300000429153442,1.5891350507736206,0.25913500785827637,0.25913500785827637
4,304,c57d3289bcbcededd390a571,2.0999999046325684,1.3712059259414673,-0.7287939786911011,0.7287939786911011
4,305,c099d58388a9fb0dff85f25b,1.292429804801941,1.2465909719467163,-0.04583883285522461,0.04583883285522461
4,306,a9ac4516cfd5ba329b177f81,1.53786039352417,0.927606999874115,-0.6102533936500549,0.6102533936500549
4,307,643f670ad3b9652e003fc653,0.7099999785423279,0.4649929106235504,-0.24500706791877747,0.24500706791877747
4,308,0c5c5d153c4bee1667facfe2,1.4299999475479126,1.2116529941558838,-0.2183469533920288,0.2183469533920288
4,309,5ec8f83639490516a1372b66,1.0399999618530273,1.2390623092651367,0.19906234741210938,0.19906234741210938
4,310,5a7832202d75f6ba85c02eaf,0.7099999785423279,0.8421878218650818,0.1321878433227539,0.1321878433227539
4,311,362a58d198c77c57b277e444,0.11999999731779099,2.557180404663086,2.437180519104004,2.437180519104004
4,312,10922bf9c9e33bd162f06630,1.4893617630004883,1.5570446252822876,0.06768286228179932,0.06768286228179932
4,313,aee76e83a93aef9fe773fd93,0.8239087462425232,1.162821888923645,0.3389131426811218,0.3389131426811218
4,314,5bf49e22d32204b675e470d5,1.399999976158142,1.3584764003753662,-0.04152357578277588,0.04152357578277588
4,315,ac94c01be6f9747b50b018a3,0.6117964386940002,0.539971113204956,-0.07182532548904419,0.07182532548904419
4,316,25de13301f97e1c4bbe97b67,2.193608045578003,1.905352234840393,-0.28825581073760986,0.28825581073760986
4,317,75324b46d4667adc418f9534,-4.698100566864014,-2.764308452606201,1.9337921142578125,1.9337921142578125
4,318,e4b3bbc9b2793b68d3b92795,1.275724172592163,0.2424468845129013,-1.0332772731781006,1.0332772731781006
4,319,d45332ba558c501417f9b1a1,1.649999976158142,1.859106421470642,0.2091064453125,0.2091064453125
4,320,bec2ef3b6326a8ab9374b3b4,2.569999933242798,3.078998565673828,0.5089986324310303,0.5089986324310303
4,321,1e8a1ca0942727a71fbcd19d,1.399999976158142,1.4091962575912476,0.009196281433105469,0.009196281433105469
4,322,40ac00c6bd16ff50bf25d5b0,0.9399999976158142,1.3686758279800415,0.4286758303642273,0.4286758303642273
4,323,d7f141b93e43fc5acc9d6ea3,4.991399765014648,3.2194387912750244,-1.771960973739624,1.771960973739624
4,324,bc3460792213b6bd6d48c345,2.995678663253784,3.3003311157226562,0.30465245246887207,0.30465245246887207
4,325,a2ff0520bba3883ccfec2cfa,4.744727611541748,4.1057610511779785,-0.6389665603637695,0.6389665603637695
4,326,3f59fa2351fb808d47049cce,1.1299999952316284,1.4206821918487549,0.29068219661712646,0.29068219661712646
4,327,27f9fd07ea093ef34711d782,0.8500000238418579,1.026082158088684,0.17608213424682617,0.17608213424682617
4,328,11fee56b1780e173d8cfd68d,3.140000104904175,2.742368221282959,-0.3976318836212158,0.3976318836212158
4,329,0fc52449ca581b54bb07080e,2.240000009536743,2.100593090057373,-0.13940691947937012,0.13940691947937012
4,330,e186c6ca9f413082bc75afc8,0.6499999761581421,0.7072716355323792,0.05727165937423706,0.05727165937423706
4,331,404fc90eea1cdef38b4df09f,0.9100949168205261,2.6402039527893066,1.7301089763641357,1.7301089763641357
4,332,b3f14184e281f45b3f25e643,2.119999885559082,1.6347767114639282,-0.4852231740951538,0.4852231740951538
4,333,bd745fce14bb9fed067525c7,2.086186170578003,2.5930228233337402,0.5068366527557373,0.5068366527557373
4,334,b90369150b59bbb3468217f8,1.6439741849899292,1.9215501546859741,0.2775759696960449,0.2775759696960449
4,335,d5c1dcfc38cd67f23b0e0c65,1.840000033378601,1.5763977766036987,-0.26360225677490234,0.26360225677490234
4,336,a535b68479f9535a304f0c5a,4.267606258392334,4.450295925140381,0.18268966674804688,0.18268966674804688
4,337,550c5c128b2b7aa0d24ef950,1.809999942779541,1.8044174909591675,-0.005582451820373535,0.005582451820373535
4,338,0573978a789e6fca0ff3d701,3.0999999046325684,3.1334054470062256,0.03340554237365723,0.03340554237365723
4,339,69c99dc0b59dc0b655ee69df,1.590000033378601,1.6172147989273071,0.027214765548706055,0.027214765548706055
4,340,ceb7119458996169cb97e2cf,2.8499999046325684,2.826964855194092,-0.023035049438476562,0.023035049438476562
4,341,8f315c9d337a10e571725bd3,2.140000104904175,2.1628341674804688,0.022834062576293945,0.022834062576293945
4,342,8cf1c18a92875a5ec91e8a17,0.27000001072883606,1.2630892992019653,0.9930893182754517,0.9930893182754517
4,343,7c5d20331511b43252fdeba6,1.2100000381469727,0.8369826674461365,-0.3730173707008362,0.3730173707008362
4,344,8cdd4ffdf88cd80fecce70a0,2.794269561767578,2.9027276039123535,0.10845804214477539,0.10845804214477539
4,345,6d63a3247609334e3cb45886,1.1643093824386597,1.2201859951019287,0.05587661266326904,0.05587661266326904
4,346,5259e95becb0c09ca59a4614,2.549999952316284,2.518336772918701,-0.03166317939758301,0.03166317939758301
4,347,6dd131a4a11d700ffd4099cc,3.2266199588775635,2.766707420349121,-0.4599125385284424,0.4599125385284424
4,348,62417fae9db07462ef050122,2.509999990463257,2.899790048599243,0.38979005813598633,0.38979005813598633
4,349,6947a1c6536c76002ed4f268,0.8299999833106995,0.6813807487487793,-0.14861923456192017,0.14861923456192017
4,350,ec2347085fb7c7abbaa84479,3.0,2.348381757736206,-0.651618242263794,0.651618242263794
4,351,f72d4c758c385208f6338e4e,2.9871628284454346,2.9735121726989746,-0.013650655746459961,0.013650655746459961
4,352,42a176715f175ab6a131a7d1,1.8200000524520874,1.558903694152832,-0.26109635829925537,0.26109635829925537
4,353,71a2967291d15db942d24ec4,1.8761483430862427,1.9647191762924194,0.08857083320617676,0.08857083320617676
4,354,59e2da35f60a922f0208acc4,0.3499999940395355,0.9215148687362671,0.5715148448944092,0.5715148448944092
4,355,c79dcf67973453e5cf6bef5b,1.75,0.8751868605613708,-0.8748131394386292,0.8748131394386292
4,356,662cbb5497931f450436b5ce,0.3665315508842468,0.015246625989675522,-0.351284921169281,0.351284921169281
4,357,ebc79ebe2fa3ce40c62e55ec,1.25,1.0146230459213257,-0.23537695407867432,0.23537695407867432
4,358,b92871b1258eec44745a450f,1.7300000190734863,1.632258415222168,-0.09774160385131836,0.09774160385131836
4,359,a26244c3bcc9c3c98dd682a3,1.8700000047683716,1.8827365636825562,0.01273655891418457,0.01273655891418457
4,360,8b6b3e7c3027b9c62c653e8a,3.330993175506592,2.799363613128662,-0.5316295623779297,0.5316295623779297
4,361,eb6c0f06af498933dfd1e280,3.823908805847168,3.70632004737854,-0.11758875846862793,0.11758875846862793
4,362,e0a4eccc996519afe914f150,2.102372884750366,1.9410604238510132,-0.16131246089935303,0.16131246089935303
4,363,20eb915811a4044debd391dc,2.1700000762939453,2.594787359237671,0.4247872829437256,0.4247872829437256
4,364,0cc6aced27bb2f91a383d233,1.8300000429153442,0.7892619371414185,-1.0407381057739258,1.0407381057739258
4,365,e47c402c704d7b7569886e15,3.0900163650512695,2.9665579795837402,-0.1234583854675293,0.1234583854675293
4,366,550a13b4b77f965b7083cd1d,1.9360682964324951,3.966137409210205,2.03006911277771,2.03006911277771
4,367,3069439805be6f6217af6553,3.6635403633117676,3.5306529998779297,-0.1328873634338379,0.1328873634338379
4,368,128fb4b94e2995cc61ab983c,2.795880079269409,2.8250796794891357,0.029199600219726562,0.029199600219726562
4,369,a90fe31c96c23b3a3c64d9df,3.062147855758667,2.994432210922241,-0.06771564483642578,0.06771564483642578
4,370,c80c155443b94b083af87edf,2.109999895095825,1.1982775926589966,-0.9117223024368286,0.9117223024368286
4,371,76b527153d1c0285b4d3c751,1.0700000524520874,0.6381775140762329,-0.4318225383758545,0.4318225383758545
4,372,97d54b83b2eccbfeb269b775,0.6200000047683716,1.3270646333694458,0.7070646286010742,0.7070646286010742
4,373,22f4460cc692466a151b69fe,1.2400000095367432,1.4880865812301636,0.2480865716934204,0.2480865716934204
4,374,f00d1d6efc8dbe1ae730835e,2.7735400199890137,2.8724162578582764,0.0988762378692627,0.0988762378692627
4,375,967ba1d2eb6471fae080f32f,2.069999933242798,2.659374713897705,0.5893747806549072,0.5893747806549072
4,376,93a1475d1165083578069521,4.260000228881836,4.290245056152344,0.030244827270507812,0.030244827270507812
4,377,615ffc23af7203af22acf7ea,3.585026741027832,3.8812954425811768,0.2962687015533447,0.2962687015533447
4,378,71355979a118b7a51ad86148,1.2200000286102295,1.6674774885177612,0.44747745990753174,0.44747745990753174
4,379,efbd6cec56ec84035fee6458,1.2100000381469727,1.298346757888794,0.08834671974182129,0.08834671974182129
4,380,bc7e8f897cb23bfd43f2bbc9,1.6799999475479126,1.3352302312850952,-0.3447697162628174,0.3447697162628174
4,381,29e547f14b49526c931f321e,0.4000000059604645,0.4953261911869049,0.09532618522644043,0.09532618522644043
4,382,c115ca5ba080d5e70a88b451,0.6299999952316284,0.7811585068702698,0.15115851163864136,0.15115851163864136
4,383,2d6a3b5377a10206f810f5e5,1.9586073160171509,1.7027392387390137,-0.2558680772781372,0.2558680772781372
4,384,d66d5695bc54266717665e4d,3.1346988677978516,3.3434441089630127,0.20874524116516113,0.20874524116516113
4,385,701134ed246482c6e96eae6b,2.549999952316284,1.8088350296020508,-0.7411649227142334,0.7411649227142334
4,386,429a3837863f63e561ee734a,3.853872060775757,4.058992862701416,0.20512080192565918,0.20512080192565918
4,387,868045ce96bb71fa61b1ec17,0.949999988079071,1.1086395978927612,0.15863960981369019,0.15863960981369019
4,388,83e0a1251a84cb8956863d78,1.3899999856948853,1.3397072553634644,-0.0502927303314209,0.0502927303314209
4,389,77e474b21c5f206dd840ea3a,3.1191864013671875,3.0327515602111816,-0.08643484115600586,0.08643484115600586
4,390,08315ae49ce0170c752101e4,1.9586073160171509,1.219368815422058,-0.7392385005950928,0.7392385005950928
4,391,f1c604258275b85c18d7840a,1.559999942779541,1.0105230808258057,-0.5494768619537354,0.5494768619537354
4,392,63cde628d1f800ae57f56482,1.9500000476837158,1.086427092552185,-0.8635729551315308,0.8635729551315308
4,393,c623fcc60fceeafd32bad842,3.069999933242798,2.6527841091156006,-0.41721582412719727,0.41721582412719727
4,394,6bf4e7d10ec3c741c971e933,0.3499999940395355,0.5497298836708069,0.19972988963127136,0.19972988963127136
4,395,940676bee71cf0aecb7bbf74,4.301030158996582,3.3436410427093506,-0.9573891162872314,0.9573891162872314
4,396,d12d478369fba66e6dc17f91,1.590000033378601,1.4023038148880005,-0.18769621849060059,0.18769621849060059
4,397,39ba9bb1dc3df9815efc83eb,1.3899999856948853,1.927459955215454,0.5374599695205688,0.5374599695205688
4,398,73aaba69faebfbc50b9040d1,2.2200000286102295,2.25382399559021,0.03382396697998047,0.03382396697998047
4,399,94d67f7570206f95165d6e71,2.3372421264648438,2.4287354946136475,0.09149336814880371,0.09149336814880371
4,400,b66126dc4f6e5152a50dc6af,0.949999988079071,0.928442656993866,-0.021557331085205078,0.021557331085205078
4,401,adefebde1c4ab6a0b08abdfd,0.6200000047683716,0.6954208016395569,0.0754207968711853,0.0754207968711853
4,402,769c5d3b39f6504df6b37084,0.6200000047683716,1.155417799949646,0.5354177951812744,0.5354177951812744
4,403,5d7eef03a1a13af147bd6280,4.180225849151611,3.5577592849731445,-0.6224665641784668,0.6224665641784668
4,404,1b4129750350830e225fee88,1.440000057220459,0.9831518530845642,-0.4568482041358948,0.4568482041358948
4,405,59aa53e91ff52125a693a78a,2.190000057220459,2.5047388076782227,0.31473875045776367,0.31473875045776367
4,406,b5db6c335e43e577404381d8,4.096909999847412,3.9570207595825195,-0.13988924026489258,0.13988924026489258
4,407,fe6d06f42936b9eeaf98b082,1.8300000429153442,1.6962684392929077,-0.13373160362243652,0.13373160362243652
4,408,58c3add8819b80375f836c82,0.8700000047683716,0.9743003249168396,0.10430032014846802,0.10430032014846802
4,409,29d17b5125ca09a330e7264d,1.7300000190734863,1.6934198141098022,-0.03658020496368408,0.03658020496368408
4,410,e285bb0856fd60b83510b7af,0.2518119812011719,0.6420151591300964,0.39020317792892456,0.39020317792892456
4,411,a224d9c6b3241ec457ab7d37,2.664207935333252,2.309948205947876,-0.354259729385376,0.354259729385376
4,412,7079aad7ec96cfa545866af0,1.8700000047683716,1.5455254316329956,-0.324474573135376,0.324474573135376
4,413,763c2b848221a74306efc30a,1.440000057220459,1.1244884729385376,-0.3155115842819214,0.3155115842819214
4,414,f945d4241ad8b4744bef07b4,0.14000000059604645,1.0485912561416626,0.9085912704467773,0.9085912704467773
4,415,cf92c61d6f21f469b023289e,4.638272285461426,3.701272964477539,-0.9369993209838867,0.9369993209838867
4,416,c57ab0f6c5ad044c050542f3,0.5600000023841858,0.4958632290363312,-0.06413677334785461,0.06413677334785461
4,417,e836b665b3afe1271b848452,1.690000057220459,1.6861320734024048,-0.0038679838180541992,0.0038679838180541992
4,418,6b8da3c791e0503b7eb62731,1.886056661605835,0.7282733917236328,-1.1577832698822021,1.1577832698822021
4,419,df8239168a6d8e5fe8d77047,1.9199999570846558,1.6470420360565186,-0.2729579210281372,0.2729579210281372
4,420,e7365b7dd8b80c95035d73e6,0.6777806878089905,0.4902079999446869,-0.1875726878643036,0.1875726878643036
4,421,30cb32b0cb4fcddaf2b6e598,4.524328708648682,2.9726762771606445,-1.551652431488037,1.551652431488037
4,422,ba12ba7db0fc435caacaa312,1.600000023841858,0.6504027843475342,-0.9495972394943237,0.9495972394943237
4,423,84fb4a402031392220023542,1.1799999475479126,1.3269680738449097,0.14696812629699707,0.14696812629699707
4,424,8e15732956b3f1574006e1da,1.75,2.41273832321167,0.6627383232116699,0.6627383232116699
4,425,1007cc6e5f468e4069e34e82,3.630784034729004,3.307978391647339,-0.32280564308166504,0.32280564308166504
4,426,04eaf0e505faf009ba167834,3.387216091156006,2.7651641368865967,-0.6220519542694092,0.6220519542694092
4,427,463a46ac035c7bd1e9530d1a,1.4199999570846558,2.1518776416778564,0.7318776845932007,0.7318776845932007
4,428,e098649a63f12cdc2f2a8447,0.6899999976158142,1.0177967548370361,0.3277967572212219,0.3277967572212219
4,429,790abec306a057fa4dd45296,3.059999942779541,2.4401378631591797,-0.6198620796203613,0.6198620796203613
4,430,f16afa319330f41769054e64,2.009999990463257,1.9680296182632446,-0.04197037220001221,0.04197037220001221
4,431,124e9f205298c8fe1678ae16,1.2799999713897705,0.8951360583305359,-0.3848639130592346,0.3848639130592346
4,432,47ca938b527373338ec26ccb,2.2200000286102295,1.4779871702194214,-0.7420128583908081,0.7420128583908081
4,433,f31423d569064809e64e0537,2.8400115966796875,3.4304704666137695,0.590458869934082,0.590458869934082
4,434,f7bac0f5fe98416f70155cfc,3.823908805847168,3.382122755050659,-0.4417860507965088,0.4417860507965088
4,435,5f78c5ae6f551c21b19c9093,1.7695510387420654,2.958981990814209,1.1894309520721436,1.1894309520721436
4,436,2b7347fe567bfd2a2e0bf5fb,1.0299999713897705,0.7741485238075256,-0.2558514475822449,0.2558514475822449
4,437,02a5842614422d373cbfecb2,1.3700000047683716,1.0276309251785278,-0.34236907958984375,0.34236907958984375
4,438,1b52c9f8c6b577ba3f507ff4,1.7535014152526855,1.9037072658538818,0.1502058506011963,0.1502058506011963
4,439,af0f6c6d33b3cdca9933be7a,2.665546178817749,2.601797103881836,-0.06374907493591309,0.06374907493591309
4,440,0e30493132c0bbf998438f49,3.522878646850586,2.9217705726623535,-0.6011080741882324,0.6011080741882324
4,441,3d1c5409fc48296d609c9276,1.6200000047683716,1.602340817451477,-0.01765918731689453,0.01765918731689453
4,442,fafbbf1f91e5ba109d40c447,0.20000000298023224,0.4713837206363678,0.27138370275497437,0.27138370275497437
4,443,924cb745a58be7ae799b233e,1.6799999475479126,2.7004823684692383,1.0204824209213257,1.0204824209213257
4,444,ba00f129ad35e2eafb6e7499,1.590000033378601,1.370911717414856,-0.21908831596374512,0.21908831596374512
4,445,e076aaaa8c9367f19fb590d6,1.6799999475479126,1.395166277885437,-0.2848336696624756,0.2848336696624756
4,446,f9be31e1493838e9a5675c14,0.44999998807907104,0.46552637219429016,0.015526384115219116,0.015526384115219116
4,447,a3867e1ba70c4df369c719ba,-1.1367205381393433,-0.8433520197868347,0.29336851835250854,0.29336851835250854
4,448,e3c937c0f0ede2d03f4fb5ec,0.7011469006538391,1.2289808988571167,0.5278339982032776,0.5278339982032776
4,449,aaacbd371931289fbf057cc8,0.949999988079071,1.2889853715896606,0.3389853835105896,0.3389853835105896
4,450,a9b3dabb8ef33692daf6abdc,0.7599999904632568,1.58400297164917,0.8240029811859131,0.8240029811859131
4,451,b96aeb68da42109b0a30cf1a,2.096909999847412,1.816123127937317,-0.2807868719100952,0.2807868719100952
4,452,f52aef4e74e97c7f6ff3384d,0.013228265568614006,0.5094234347343445,0.4961951673030853,0.4961951673030853
4,453,64dcd42928984082a0957d87,1.2999999523162842,1.1684393882751465,-0.1315605640411377,0.1315605640411377
4,454,d381ab5a775f15b31a0622fa,0.9100000262260437,1.2166697978973389,0.30666977167129517,0.30666977167129517
4,455,f4df3d5230c02ece6274ed9e,1.92081880569458,1.5337435007095337,-0.3870753049850464,0.3870753049850464
4,456,7908bd6ffa056274f1bb108f,1.9800000190734863,1.8629664182662964,-0.11703360080718994,0.11703360080718994
4,457,3c55b6ae5bef747648316f55,0.12999999523162842,0.3165978491306305,0.18659785389900208,0.18659785389900208
4,458,63e6d6dde7d2b4a9911e51cf,0.8239087462425232,1.6089683771133423,0.7850596308708191,0.7850596308708191
4,459,589e1317cb4793a8b191c7a5,0.7900000214576721,0.7866984009742737,-0.0033016204833984375,0.0033016204833984375
4,460,08add3f439f42455342b8e08,1.6575772762298584,3.7052769660949707,2.0476996898651123,2.0476996898651123
4,461,7a6b766d8e7fa0d4115e5f98,1.1299999952316284,1.736382246017456,0.6063822507858276,0.6063822507858276
4,462,7c073955e58e9219f2983313,1.690000057220459,1.6806174516677856,-0.00938260555267334,0.00938260555267334
4,463,dcfe41acbd7342f4f796e66d,1.690000057220459,1.5511850118637085,-0.1388150453567505,0.1388150453567505
4,464,fe12efb2e42280ec3706fed4,3.450000047683716,3.71138858795166,0.26138854026794434,0.26138854026794434
4,465,2cd878e9f602bde7f0fb5edc,1.899999976158142,2.0588538646698,0.15885388851165771,0.15885388851165771
4,466,97cd472de7747a296f9ba286,4.599999904632568,4.560851573944092,-0.03914833068847656,0.03914833068847656
4,467,f3178441ec31f8a2c371c4d1,3.0,2.903438091278076,-0.09656190872192383,0.09656190872192383
4,468,fdcaabb5db4e43128a99ba1b,1.649999976158142,1.5117274522781372,-0.13827252388000488,0.13827252388000488
4,469,36ccd71d65eb826aaef281cc,2.259999990463257,2.244636058807373,-0.015363931655883789,0.015363931655883789
4,470,28067afcca7f8b3e25e6be6d,2.7699999809265137,1.5484105348587036,-1.22158944606781,1.22158944606781
4,471,ae2988ab368e1d05641cfd70,2.309999942779541,1.8785980939865112,-0.4314018487930298,0.4314018487930298
4,472,51796492c0590bf9fbaebb48,0.47999998927116394,0.5311676859855652,0.051167696714401245,0.051167696714401245
4,473,7af3ac574deec4dec7bd8cb4,1.350000023841858,0.9071520566940308,-0.44284796714782715,0.44284796714782715
4,474,bb028fd06186a58b000c9db2,2.797884225845337,2.9489901065826416,0.1511058807373047,0.1511058807373047
4,475,9e8be25e62350767c72c492b,0.8538719415664673,0.6876577734947205,-0.16621416807174683,0.16621416807174683
4,476,bbe8f2a73c59fdd715067bab,1.4299999475479126,1.812170386314392,0.3821704387664795,0.3821704387664795
4,477,bdc661ba50a766388e5861b5,1.3767507076263428,1.3380448818206787,-0.03870582580566406,0.03870582580566406
4,478,99b70133cd64c9ded5c176ba,3.190000057220459,3.2355923652648926,0.045592308044433594,0.045592308044433594
4,479,20548371e7dfac95a479658a,3.92081880569458,3.362427234649658,-0.5583915710449219,0.5583915710449219
4,480,475df20f09a314210450abfb,3.4164233207702637,3.162121295928955,-0.2543020248413086,0.2543020248413086
4,481,b405960fd9bda4ffb54afb95,2.0,3.2723259925842285,1.2723259925842285,1.2723259925842285
4,482,a2ba3b3a369bba9e36b6349b,4.1199870109558105,4.432992935180664,0.3130059242248535,0.3130059242248535
4,483,5378731687952e16355df55d,4.269999980926514,4.024460315704346,-0.24553966522216797,0.24553966522216797
4,484,cdd108482a8cab0043efc644,0.9619364738464355,0.9069386124610901,-0.05499786138534546,0.05499786138534546
4,485,4d55c2b3b26549456ca12de1,2.8499999046325684,2.7761778831481934,-0.073822021484375,0.073822021484375
4,486,91cd99439a5ed796a1580566,1.649999976158142,1.811692476272583,0.16169250011444092,0.16169250011444092
4,487,23a8b621659d9edea022c81f,1.9299999475479126,1.4826958179473877,-0.4473041296005249,0.4473041296005249
4,488,47d85a03ee07debdd263e9f1,0.324221670627594,0.683116614818573,0.358894944190979,0.358894944190979
4,489,0932b25cdf71e1a428ec8a70,2.795880079269409,2.346129894256592,-0.4497501850128174,0.4497501850128174
4,490,fd4dbc107442c50718006f50,2.311580181121826,2.3686609268188477,0.057080745697021484,0.057080745697021484
4,491,60abf06405dc560d03898b17,1.0800000429153442,1.4558271169662476,0.3758270740509033,0.3758270740509033
4,492,6275c0838c9d04ee4d26e54c,0.6800000071525574,0.8011184334754944,0.12111842632293701,0.12111842632293701
4,493,57399771cf6855da567ac934,2.259999990463257,2.1720361709594727,-0.08796381950378418,0.08796381950378418
4,494,c4ef0a9c844ca82842ad229b,0.9800000190734863,0.8538490533828735,-0.1261509656906128,0.1261509656906128
4,495,1093cd7c26ba69a986a16235,2.190000057220459,2.1690163612365723,-0.02098369598388672,0.02098369598388672
4,496,7b2168cfc39dc01da5714ab2,4.193819999694824,4.122448444366455,-0.07137155532836914,0.07137155532836914
4,497,03b288f0fac8bbaea07fe477,2.9788107872009277,2.998870849609375,0.020060062408447266,0.020060062408447266
4,498,509c77de7762fe757a558aeb,0.4699999988079071,1.6449416875839233,1.1749416589736938,1.1749416589736938
4,499,737bcb94208e8833d70510c4,2.8181564807891846,2.7487683296203613,-0.06938815116882324,0.06938815116882324
4,500,7b7e27d483d9c253914f0832,1.5800000429153442,2.5424866676330566,0.9624866247177124,0.9624866247177124
4,501,05d0ea3253642b680a0da54b,0.9507820010185242,0.9465165734291077,-0.004265427589416504,0.004265427589416504
4,502,ca9b6d59e8231cf3083a5350,2.819999933242798,2.9507153034210205,0.13071537017822266,0.13071537017822266
4,503,f535c80988be87d6572606cb,0.6270880103111267,0.4902816116809845,-0.1368063986301422,0.1368063986301422
4,504,21399869fd97bf481e634011,2.793511390686035,2.913550853729248,0.12003946304321289,0.12003946304321289
4,505,707d697246ccc45a842c0080,4.1191864013671875,3.6023378372192383,-0.5168485641479492,0.5168485641479492
4,506,5bd27cfeb3c732490c794572,1.0299999713897705,1.778684377670288,0.7486844062805176,0.7486844062805176
4,507,388ca1e168094b6505ea364f,2.9929401874542236,2.829714059829712,-0.16322612762451172,0.16322612762451172
4,508,0904ee61e0c06eb08af6a9a7,0.886056661605835,1.1276569366455078,0.24160027503967285,0.24160027503967285
4,509,3e5ce1746f60068ec6c1a4dc,2.93743896484375,2.810303211212158,-0.1271357536315918,0.1271357536315918
4,510,788636fe5c99e8c045c147e5,0.7200000286102295,0.9349477887153625,0.21494776010513306,0.21494776010513306
4,511,140331d6b0e9cc0ac710127f,2.5,2.2379136085510254,-0.2620863914489746,0.2620863914489746
4,512,7539d536b2977efa97e680d9,1.5800000429153442,1.6879173517227173,0.10791730880737305,0.10791730880737305
4,513,0e3f6db3d1ada401613395d8,1.6777807474136353,2.4772555828094482,0.799474835395813,0.799474835395813
4,514,4c18dc84b9bc83c3e072ab69,2.0999999046325684,1.8392714262008667,-0.26072847843170166,0.26072847843170166
4,515,d255affe6975ff6a2f7139c8,1.2300000190734863,1.1584677696228027,-0.0715322494506836,0.0715322494506836
4,516,e8e027e5844ade832509fc9b,1.2899999618530273,1.295425295829773,0.0054253339767456055,0.0054253339767456055
4,517,19db25588ce639576a1611ce,1.1366771459579468,0.9271715879440308,-0.20950555801391602,0.20950555801391602
4,518,9baf3bb3b019964e6d80a7f4,4.360015869140625,4.059869289398193,-0.30014657974243164,0.30014657974243164
4,519,8a68bbbff148c565ddc356af,2.3499999046325684,1.4475975036621094,-0.902402400970459,0.902402400970459
4,520,b36c79b6213d30b5e0994e69,2.2441251277923584,1.8209326267242432,-0.42319250106811523,0.42319250106811523
4,521,02b68e19616af7e9db6e71ec,0.291579931974411,0.32073554396629333,0.029155611991882324,0.029155611991882324
4,522,307bf5049102b2694e1df7dc,0.3010300099849701,0.23717917501926422,-0.06385083496570587,0.06385083496570587
4,523,ac10a0152786713030caad71,1.190000057220459,0.5672832131385803,-0.6227168440818787,0.6227168440818787
4,524,46215861d66bbc6ef69a61fc,0.800000011920929,0.12310685217380524,-0.6768931746482849,0.6768931746482849
4,525,30bfd69490a08007d18de4ef,1.8799999952316284,1.808916687965393,-0.07108330726623535,0.07108330726623535
4,526,6000b36b518e7ddeb61ea723,1.7000000476837158,1.754905104637146,0.054905056953430176,0.054905056953430176
4,527,6b63ea17a43ec03d8e323317,3.92081880569458,3.7802834510803223,-0.1405353546142578,0.1405353546142578
4,528,3df9d97db5e7ee5d92b84a8f,2.102372884750366,1.9410604238510132,-0.16131246089935303,0.16131246089935303
4,529,631f8d40da29e612bfba4950,1.4700000286102295,1.3330340385437012,-0.13696599006652832,0.13696599006652832
4,530,acf4c5ffbd6899b2f9f8693f,0.6600000262260437,0.5486012101173401,-0.11139881610870361,0.11139881610870361
4,531,38cc31219c82683a8b8316ac,2.0246546268463135,3.1771206855773926,1.152466058731079,1.152466058731079
4,532,e1ffe5b904087be6d195e1df,3.698970079421997,3.9381299018859863,0.23915982246398926,0.23915982246398926
4,533,67beddd28463feefaf96df2d,0.6020600199699402,1.0010840892791748,0.3990240693092346,0.3990240693092346
4,534,f7bca25b46d600ff35eb3c68,0.9700000286102295,0.732580304145813,-0.2374197244644165,0.2374197244644165
4,535,06a8075a9803d146ce5b4c10,1.2100000381469727,1.947844386100769,0.7378443479537964,0.7378443479537964
4,536,7d30d7e7e9b6f729cc866f72,3.165579319000244,2.298511505126953,-0.867067813873291,0.867067813873291
4,537,63e543730430de849bad26c3,1.2599999904632568,1.0071865320205688,-0.252813458442688,0.252813458442688
4,538,fad5014adbccd5680670dda8,1.350000023841858,1.281767725944519,-0.06823229789733887,0.06823229789733887
4,539,d3d26d5056ed2c24d9143993,1.8386319875717163,3.144453525543213,1.3058215379714966,1.3058215379714966
4,540,e1728599c8c14711515e758e,1.6799999475479126,2.039952516555786,0.35995256900787354,0.35995256900787354
4,541,d918db4d1dadbe955b899e04,1.2699999809265137,1.3244954347610474,0.05449545383453369,0.05449545383453369
4,542,a4cad0b733ed2d0e749c9a24,3.2006595134735107,3.499617099761963,0.29895758628845215,0.29895758628845215
4,543,c34b96c24451c82816329357,3.387216091156006,3.511958122253418,0.12474203109741211,0.12474203109741211
4,544,7b8f630e3f262aad214bfe1c,2.299999952316284,2.2531208992004395,-0.04687905311584473,0.04687905311584473
4,545,8aac70bb966020defe4e089f,1.2799999713897705,1.4244462251663208,0.1444462537765503,0.1444462537765503
4,546,0b410cd2681d2f2767f44dd0,2.619999885559082,1.8325802087783813,-0.7874196767807007,0.7874196767807007
4,547,98a6b3b5c3e20b46cd7a66eb,4.721246242523193,4.746737957000732,0.025491714477539062,0.025491714477539062
4,548,93e6e55471b23764ef240cde,1.399999976158142,1.5544947385787964,0.1544947624206543,0.1544947624206543
4,549,c9bac26c172b769a3ae33ec3,1.1649439334869385,1.4076343774795532,0.24269044399261475,0.24269044399261475
4,550,88a415836f644735f7edfe11,1.0099999904632568,1.0856539011001587,0.07565391063690186,0.07565391063690186
4,551,c0970680541ae4705c41bdde,1.899999976158142,0.7660651803016663,-1.133934736251831,1.133934736251831
4,552,55804d434e0c4cd8d9e8f410,3.284832715988159,3.2453184127807617,-0.03951430320739746,0.03951430320739746
4,553,23b54c2231411886caf583a1,2.982966661453247,2.5195024013519287,-0.46346426010131836,0.46346426010131836
4,554,9700bd03894350cae38bc91d,1.3879400491714478,0.6441028714179993,-0.7438371777534485,0.7438371777534485
4,555,dc9d090dcc45ce3678e5a256,2.2799999713897705,1.0996907949447632,-1.1803091764450073,1.1803091764450073
4,556,89e97bbbac147c7a5c4c3e9b,1.0399999618530273,0.8481924533843994,-0.19180750846862793,0.19180750846862793
4,557,8ae2042f9757a860048f9288,1.2835954427719116,1.277235984802246,-0.006359457969665527,0.006359457969665527
4,558,9ffe3fcef2ac2ba4bf422127,0.6299999952316284,0.7891510128974915,0.15915101766586304,0.15915101766586304
4,559,15cdc44ea861861b80f7e853,0.8299999833106995,0.8332424759864807,0.00324249267578125,0.00324249267578125
4,560,35b700bcb97e097b395eb1d8,2.190000057220459,0.7435086965560913,-1.4464913606643677,1.4464913606643677
4,561,c0c21afbb4d49beefd0c4980,0.6200000047683716,0.7547294497489929,0.13472944498062134,0.13472944498062134
4,562,40910e53f2ac795592ea2a7a,1.600000023841858,1.130047082901001,-0.46995294094085693,0.46995294094085693
4,563,ea553aae67c60d07f1ae90e5,0.5,0.24831555783748627,-0.25168442726135254,0.25168442726135254
4,564,2d4a43a4a19a4baaf289dc75,3.4600000381469727,3.2511820793151855,-0.2088179588317871,0.2088179588317871
4,565,8c825c3ea99d772e1db37625,1.2899999618530273,2.174923896789551,0.8849239349365234,0.8849239349365234
4,566,e5c35843309a3bf5b9840acd,-5.127104759216309,-4.932281970977783,0.1948227882385254,0.1948227882385254
4,567,2feb1ec8b8b8ac317f332fd3,0.5899999737739563,1.5009770393371582,0.9109770655632019,0.9109770655632019
4,568,663d4d17b0c2fca73c692942,3.1752235889434814,3.0302419662475586,-0.14498162269592285,0.14498162269592285
4,569,2b6797bcfbdf645deeacdeec,2.680000066757202,1.7195273637771606,-0.9604727029800415,0.9604727029800415
4,570,0881654ae463b3d9e562f1c3,3.619788646697998,2.448174238204956,-1.171614408493042,1.171614408493042
4,571,6fa8e504128729eefa92e473,0.9100000262260437,0.9112816452980042,0.0012816190719604492,0.0012816190719604492
4,572,27f4848df4e0c75b871d7a4e,1.2400000095367432,1.0150724649429321,-0.22492754459381104,0.22492754459381104
4,573,fbba4c8012410811e2865273,2.740000009536743,2.5775346755981445,-0.16246533393859863,0.16246533393859863
4,574,4f3102ed1cf7248f03e637f5,1.1739251613616943,2.520947217941284,1.3470220565795898,1.3470220565795898
4,575,4c806cfca45e007fbb7969f0,0.6499999761581421,0.9525403380393982,0.3025403618812561,0.3025403618812561
4,576,f73416772ae4dc5c169ac9be,0.6200000047683716,0.6236515641212463,0.003651559352874756,0.003651559352874756
4,577,1578108349534c49d9ef8c1e,1.4700000286102295,1.6019517183303833,0.1319516897201538,0.1319516897201538
4,578,10e3908273ef3e4c0d217284,2.1500000953674316,2.3288533687591553,0.17885327339172363,0.17885327339172363
4,579,ee8890eccffbd332d179495d,1.6200000047683716,1.3477948904037476,-0.272205114364624,0.272205114364624
4,580,9ce1b47a0f7835811c48a4fe,3.101823568344116,3.0318808555603027,-0.06994271278381348,0.06994271278381348
4,581,bb7ce840f1ecde9aafe171e0,2.9393022060394287,2.799363613128662,-0.1399385929107666,0.1399385929107666
4,582,b6e716c66f6e00ae2b6c3434,2.5199999809265137,2.1787381172180176,-0.3412618637084961,0.3412618637084961
4,583,6c720945f41d4c3a6ae81713,1.5299999713897705,1.626987099647522,0.09698712825775146,0.09698712825775146
4,584,bbf3f938a2f32acc58f6127f,1.5299999713897705,1.51496160030365,-0.015038371086120605,0.015038371086120605
4,585,666bab302f07c562ce13e055,1.8600000143051147,2.379634380340576,0.5196343660354614,0.5196343660354614
4,586,a9e78713a4bc7445b3f8873c,4.25,4.378742694854736,0.12874269485473633,0.12874269485473633
4,587,79bc1a5cb38e481fabffe0e3,0.6100000143051147,1.146583914756775,0.5365839004516602,0.5365839004516602
4,588,a1a68595e4d2eccb31c80072,0.7699999809265137,1.272608757019043,0.5026087760925293,0.5026087760925293
4,589,b8c9d9e4e174a4b2e484a123,1.440000057220459,0.6813334822654724,-0.7586665749549866,0.7586665749549866
4,590,963ccc86272532f184a8309a,1.5,1.2773243188858032,-0.22267568111419678,0.22267568111419678
4,591,55b39fa551974d6f008ff4be,1.4299999475479126,1.7926483154296875,0.3626483678817749,0.3626483678817749
4,592,3e60b7b51715ac0daac74f3f,1.6200000047683716,1.2634382247924805,-0.3565617799758911,0.3565617799758911
4,593,8b7571ace798231cbb767b3b,0.6200000047683716,0.4994231164455414,-0.1205768883228302,0.1205768883228302
4,594,69547cc609cd5615dd53d952,3.045757532119751,2.897181510925293,-0.148576021194458,0.148576021194458
4,595,5350c58901962b446831914d,2.522878646850586,2.4491219520568848,-0.07375669479370117,0.07375669479370117
4,596,0a4b04bc1d91ad60d7a43fe5,1.9586073160171509,2.0987160205841064,0.14010870456695557,0.14010870456695557
4,597,882e082ac3f829ba3e2d6717,2.0799999237060547,2.1190133094787598,0.03901338577270508,0.03901338577270508
4,598,6c953804679468a54427105a,1.3010300397872925,1.6014893054962158,0.30045926570892334,0.30045926570892334
4,599,a5f0cf06cb29bc51e236666d,4.585026741027832,4.148533821105957,-0.436492919921875,0.436492919921875
4,600,a88fc904cd7eb2b930d41048,2.190000057220459,2.056032180786133,-0.13396787643432617,0.13396787643432617
4,601,cb801541d2043ae82dc12fb4,2.130000114440918,1.7612212896347046,-0.3687788248062134,0.3687788248062134
4,602,3a3cdafbb71bf99e968e0bf6,1.0499999523162842,1.086203694343567,0.036203742027282715,0.036203742027282715
4,603,569eaa2e804a155db3a52140,-1.2470773458480835,-1.0651980638504028,0.18187928199768066,0.18187928199768066
4,604,9008cff27211b4f73fa7fcf3,0.9100000262260437,0.547505795955658,-0.36249423027038574,0.36249423027038574
4,605,0db7719888f1b9ef0a8e4e2c,1.399999976158142,1.1048129796981812,-0.29518699645996094,0.29518699645996094
4,606,4c2595621cb4fa33a1dd6db6,1.8700000047683716,1.9175993204116821,0.04759931564331055,0.04759931564331055
4,607,7d817bb378e68ff0eb9c41b5,1.6100000143051147,1.5467549562454224,-0.06324505805969238,0.06324505805969238
4,608,0518c0594523e83299f98955,0.5867002606391907,-0.003158796578645706,-0.5898590683937073,0.5898590683937073
4,609,1091e60598b649409190aff4,3.522878646850586,3.5161256790161133,-0.006752967834472656,0.006752967834472656
4,610,33f157f876d1fbab56c2c1e4,2.0399999618530273,0.856775164604187,-1.1832247972488403,1.1832247972488403
4,611,c76c36b2cf8ef8349d0c7f5a,0.9393021464347839,1.7338796854019165,0.7945775389671326,0.7945775389671326
4,612,4331145a951b2e185bd91183,0.6700000166893005,1.3030619621276855,0.633061945438385,0.633061945438385
4,613,7288602c311ac3805c595c66,4.0,4.279753684997559,0.2797536849975586,0.2797536849975586
4,614,b663455e9839f84bf4cc8db2,2.5,1.2966047525405884,-1.2033952474594116,1.2033952474594116
4,615,de29cb5c1f81f7df3e0215a5,0.7240311503410339,2.4927706718444824,1.7687394618988037,1.7687394618988037
4,616,993bf8368c844183582a406b,3.1081509590148926,3.0801496505737305,-0.02800130844116211,0.02800130844116211
4,617,587e96cbdb712acb1d1ca91a,4.15490198135376,4.0404181480407715,-0.11448383331298828,0.11448383331298828
4,618,3a80670f24100930a848883e,0.27000001072883606,0.7245194315910339,0.4545194208621979,0.4545194208621979
4,619,78837fe408a6f1af5dc6cd5c,2.8299999237060547,3.2954952716827393,0.46549534797668457,0.46549534797668457
4,620,801f58c0632e400e7eeec676,1.5299999713897705,1.3443788290023804,-0.18562114238739014,0.18562114238739014
4,621,b5146a79c6f5ddc865fb5060,4.200659275054932,4.1396918296813965,-0.060967445373535156,0.060967445373535156
4,622,8d5f855f87dfd0b69b5679bb,2.809999942779541,1.7736244201660156,-1.0363755226135254,1.0363755226135254
4,623,e9b4b39cafb371174f9411d6,1.6309466361999512,1.653422236442566,0.022475600242614746,0.022475600242614746
4,624,a81e89543d34d25b59e9a8da,4.275723934173584,4.228252410888672,-0.04747152328491211,0.04747152328491211
4,625,193574c0887c39c33200a2f6,1.1844664812088013,2.2419562339782715,1.0574897527694702,1.0574897527694702
4,626,b5a4ed89c0e228473098793a,1.559999942779541,0.8547099232673645,-0.7052900195121765,0.7052900195121765
4,627,4f609fb5e1757ef086254b5a,2.609999895095825,2.4791507720947266,-0.13084912300109863,0.13084912300109863
4,628,d5d10762bb63c6d7cefd5397,1.443697452545166,1.7636247873306274,0.3199273347854614,0.3199273347854614
4,629,5d46d55781c9d5e71fcc8044,1.840000033378601,1.805063247680664,-0.03493678569793701,0.03493678569793701
4,630,899045b687907d963ddf3bbc,3.92081880569458,4.336796283721924,0.41597747802734375,0.41597747802734375
4,631,3e6eeeb0201e3f9ba8b2c4e5,1.9600000381469727,1.9209727048873901,-0.03902733325958252,0.03902733325958252
4,632,388519cb13b61f12cac2395f,2.869666337966919,2.943777561187744,0.0741112232208252,0.0741112232208252
4,633,bcf0688a7950e6e329e59f0d,0.7900000214576721,1.028507947921753,0.2385079264640808,0.2385079264640808
4,634,e545e1f5743ed586383c95ef,1.440000057220459,1.473728060722351,0.03372800350189209,0.03372800350189209
4,635,41fcbefdbb9f5c09f15901ac,1.600000023841858,2.2396512031555176,0.6396511793136597,0.6396511793136597
4,636,25665c47e07cf4c8dad70a8e,1.4559319019317627,1.549211025238037,0.09327912330627441,0.09327912330627441
4,637,8c2d983729e899c6248ee11b,0.8538719415664673,1.2538723945617676,0.4000004529953003,0.4000004529953003
4,638,560ddede1b388cbfad38678e,0.9200000166893005,1.5112825632095337,0.5912825465202332,0.5912825465202332
4,639,0a057bc14fb1ae19077e783d,0.9599999785423279,0.879561722278595,-0.08043825626373291,0.08043825626373291
4,640,c66cd5d3def20d0daa1f2806,2.940000057220459,2.6591575145721436,-0.28084254264831543,0.28084254264831543
4,641,1055ee3678db150ede2fbb1c,3.268411159515381,3.2227859497070312,-0.04562520980834961,0.04562520980834961
4,642,0c3071c0bd6c6f412cf16280,1.0,0.44063636660575867,-0.559363603591919,0.559363603591919
4,643,6a2964072f37e5c4de616f37,1.6020599603652954,1.5098495483398438,-0.09221041202545166,0.09221041202545166
4,644,7eccc8e8d50ba9017adc6449,4.0,4.065011978149414,0.06501197814941406,0.06501197814941406
4,645,3aba4abc464a38301fd4dbc9,0.6399999856948853,1.1576638221740723,0.517663836479187,0.517663836479187
4,646,04beb818659cb40c46c220e6,1.9299999475479126,1.0132277011871338,-0.9167722463607788,0.9167722463607788
4,647,98d67416b69ccb4b29ba27f4,1.7151182889938354,1.9953831434249878,0.28026485443115234,0.28026485443115234
4,648,2b4116c7e1590793509709ec,1.2400000095367432,0.7925879955291748,-0.44741201400756836,0.44741201400756836
4,649,9bafd779b83f4d75008cbcbf,2.07572078704834,2.8497190475463867,0.7739982604980469,0.7739982604980469
4,650,27d358d0d5009352bf78ce82,2.4685211181640625,2.0949039459228516,-0.37361717224121094,0.37361717224121094
4,651,cfcaeaa7243eda26781e8e33,1.991399884223938,2.2392454147338867,0.24784553050994873,0.24784553050994873
4,652,402d522d866fa10917f1f1e1,3.3575353622436523,3.3885018825531006,0.030966520309448242,0.030966520309448242
4,653,41d0632622f14cb70293df55,2.1448445320129395,2.281391143798828,0.13654661178588867,0.13654661178588867
4,654,98a06eefe62634678e9b3e1f,0.8899999856948853,0.851809024810791,-0.03819096088409424,0.03819096088409424
4,655,b64a9950dd9adeede1423b69,0.7212464213371277,0.8746504187583923,0.15340399742126465,0.15340399742126465
4,656,262fcd496140da7d61637263,4.049485206604004,2.1435418128967285,-1.9059433937072754,1.9059433937072754
4,657,c608e0ca6b3f2e90af47888b,2.630000114440918,1.9212543964385986,-0.7087457180023193,0.7087457180023193
4,658,1975c6dba18bfa380301f17c,0.2800000011920929,0.6623777747154236,0.3823777735233307,0.3823777735233307
4,659,2238c62a4f11d214676fb275,1.8899999856948853,1.3218590021133423,-0.568140983581543,0.568140983581543
4,660,4103d945cff438e5a4f66bea,0.8199999928474426,1.1016939878463745,0.2816939949989319,0.2816939949989319
4,661,acc0ba8ba757baf16c936edf,1.5499999523162842,2.223324775695801,0.6733248233795166,0.6733248233795166
4,662,4fb048b7895a4e7a03226bd2,0.3979400098323822,0.38306960463523865,-0.014870405197143555,0.014870405197143555
4,663,baa35b3d0d68a2c291a1b7c1,1.8799999952316284,2.0914306640625,0.21143066883087158,0.21143066883087158
4,664,3a833e2cf24665914b8c7aef,2.494849920272827,1.2613335847854614,-1.2335163354873657,1.2335163354873657
4,665,d87fe0427109a34fd21b70fa,2.440000057220459,1.117025375366211,-1.322974681854248,1.322974681854248
4,666,d0d9904d67439137269c1645,2.190000057220459,1.9087746143341064,-0.28122544288635254,0.28122544288635254
4,667,c671061b4a15e415e65a53d1,0.15676721930503845,0.8366701006889343,0.6799029111862183,0.6799029111862183
4,668,2e77d2008a46f4a84ca81d56,1.5200001001358032,1.3954646587371826,-0.1245354413986206,0.1245354413986206
4,669,a12730f3c1ee95b954225381,0.5299999713897705,0.540260374546051,0.010260403156280518,0.010260403156280518
4,670,5c3a8ea7671bfefc348e10d0,2.3299999237060547,1.9510949850082397,-0.37890493869781494,0.37890493869781494
4,671,8a77828357c34b6e5a0ce805,2.849857807159424,2.707638740539551,-0.14221906661987305,0.14221906661987305
4,672,d159e092a50f2eaec63ef31f,2.7798919677734375,2.5980453491210938,-0.18184661865234375,0.18184661865234375
4,673,ea881b4875cbcc6f25849853,4.570000171661377,4.148932456970215,-0.4210677146911621,0.4210677146911621
4,674,2191d95536073d84e335f25e,1.5299999713897705,1.2767852544784546,-0.2532147169113159,0.2532147169113159
4,675,1bbd12df7294e3be0cd2e2fb,0.4317982792854309,0.7744077444076538,0.3426094651222229,0.3426094651222229
4,676,0e0ad1b47f8437bb327e8850,3.3581511974334717,3.3215785026550293,-0.03657269477844238,0.03657269477844238
4,677,169890ee3dd83e167d488818,1.5099999904632568,1.5282282829284668,0.01822829246520996,0.01822829246520996
4,678,38ba333a51958af0be2416e6,3.1778318881988525,3.476376533508301,0.29854464530944824,0.29854464530944824
4,679,d0ce916bbb23146ccf312ca8,2.5999999046325684,1.507058024406433,-1.0929418802261353,1.0929418802261353
4,680,808fd5632dd0fd9a175138ec,0.7099999785423279,1.0173331499099731,0.30733317136764526,0.30733317136764526
4,681,ce19702a86d28d39dcfb63e1,2.5300307273864746,2.7964425086975098,0.26641178131103516,0.26641178131103516
4,682,11d223cedf4ea1d4f8bd26be,3.7212464809417725,3.113162040710449,-0.6080844402313232,0.6080844402313232
4,683,230927f9565992900a52f995,2.7569620609283447,2.920844554901123,0.16388249397277832,0.16388249397277832
4,684,145bbe721c729143d3d3e708,1.4800000190734863,1.0986601114273071,-0.3813399076461792,0.3813399076461792
4,685,c5725a2807eae3b0c52f50b7,4.259637355804443,3.687397003173828,-0.5722403526306152,0.5722403526306152
4,686,28ec33fcbb307c738616535b,0.4099999964237213,1.5454119443893433,1.1354119777679443,1.1354119777679443
4,687,9e5f37bc2cf26879a56a6479,2.009999990463257,1.975997805595398,-0.03400218486785889,0.03400218486785889
4,688,3a02af29bcc3356a298e318b,1.3600000143051147,0.7526645660400391,-0.6073354482650757,0.6073354482650757
4,689,6fe8c61532ffa0281edfda93,3.4202163219451904,3.5583302974700928,0.13811397552490234,0.13811397552490234
4,690,a91181465766a762087f98d2,1.649999976158142,1.773391842842102,0.12339186668395996,0.12339186668395996
4,691,709c0c472d50c5269075490d,2.311580181121826,1.2482249736785889,-1.0633552074432373,1.0633552074432373
4,692,b6552cd5921d223423762019,3.50445556640625,3.505237579345703,0.000782012939453125,0.000782012939453125
4,693,efef2c142d900c85546c7ab6,0.8999999761581421,1.324637770652771,0.4246377944946289,0.4246377944946289
4,694,560ae604f215434e9b1a586e,0.2619611620903015,-0.16467688977718353,-0.42663806676864624,0.42663806676864624
4,695,e614b38708d75a3772229d69,2.008756399154663,2.0667195320129395,0.05796313285827637,0.05796313285827637
4,696,4a7ab1d8e227d1330ab76451,2.569999933242798,3.7172210216522217,1.1472210884094238,1.1472210884094238
4,697,b5def7ad99b43caea514a980,0.3400000035762787,1.3004223108291626,0.9604222774505615,0.9604222774505615
4,698,87df1573a23547516f4ad92d,0.9800000190734863,0.7421326041221619,-0.23786741495132446,0.23786741495132446
4,699,caf985ba5bbd35305dcd58a7,3.0,2.870727777481079,-0.1292722225189209,0.1292722225189209
4,700,fc45999084f64975973a8f49,1.1299999952316284,1.0903488397598267,-0.03965115547180176,0.03965115547180176
4,701,734bdafabcd698368b4bec97,1.0099999904632568,1.2371697425842285,0.22716975212097168,0.22716975212097168
4,702,13a11f7f8e30f8f411d159ed,2.8761484622955322,2.833658218383789,-0.042490243911743164,0.042490243911743164
4,703,a62e18894241589930397055,0.5899999737739563,1.220840334892273,0.6308403611183167,0.6308403611183167
4,704,897b4865b20728f298d35928,2.109999895095825,2.4144840240478516,0.30448412895202637,0.30448412895202637
4,705,5baa770914cb04eec6530226,2.690000057220459,2.200960874557495,-0.48903918266296387,0.48903918266296387
4,706,39336f45ff6b470a94beba0f,1.916855812072754,2.2607126235961914,0.3438568115234375,0.3438568115234375
4,707,804a2bd1c443b0799a9ae9aa,1.160195231437683,1.0947376489639282,-0.06545758247375488,0.06545758247375488
4,708,bc9409e408938e145fedf84a,3.1549019813537598,2.861617088317871,-0.29328489303588867,0.29328489303588867
4,709,5dbb15d1c8c034759cc385f1,0.4099999964237213,1.2684365510940552,0.8584365844726562,0.8584365844726562
4,710,74f13984551e0313ddc6d905,1.9299999475479126,1.5336869955062866,-0.396312952041626,0.396312952041626
4,711,428af22bd09e1f7947de3ec0,4.110000133514404,3.9404947757720947,-0.16950535774230957,0.16950535774230957
4,712,57f93db9e9e862851f18e1f9,3.2899999618530273,2.7961649894714355,-0.4938349723815918,0.4938349723815918
4,713,6abf59daf1fd52038ba055b0,2.522878646850586,2.428220748901367,-0.09465789794921875,0.09465789794921875
4,714,329133e5d0d3f217174a9b1a,2.9586071968078613,3.123753547668457,0.1651463508605957,0.1651463508605957
4,715,d49d5437b236ff77e206478c,0.9200000166893005,0.8833372592926025,-0.036662757396698,0.036662757396698
4,716,41fa65cdafb6bcf9603274ac,0.6700000166893005,1.0416195392608643,0.3716195225715637,0.3716195225715637
4,717,3ad92a5024c1e9fe41687f86,1.6840296983718872,1.6424219608306885,-0.04160773754119873,0.04160773754119873
4,718,72e6a71a2c3a1378c26da034,3.200000047683716,1.9570549726486206,-1.2429450750350952,1.2429450750350952
4,719,ac1dca505a8f1fdac3443b5f,3.6439740657806396,3.0678699016571045,-0.5761041641235352,0.5761041641235352
4,720,8afb9628384f165e892764dc,3.301029920578003,2.7770893573760986,-0.5239405632019043,0.5239405632019043
4,721,d04a974b73d153e0624bec1c,0.6595559120178223,1.0370844602584839,0.3775285482406616,0.3775285482406616
4,722,9703d452e114d63396c0ed18,2.049999952316284,1.9778462648391724,-0.07215368747711182,0.07215368747711182
4,723,706e8d524b607c877af33c2e,3.508638381958008,3.6050305366516113,0.09639215469360352,0.09639215469360352
4,724,846dfe8d537b7c6c13c47167,1.1799999475479126,1.2317694425582886,0.05176949501037598,0.05176949501037598
4,725,518a95a4f987e60875207012,1.8200000524520874,1.8935673236846924,0.07356727123260498,0.07356727123260498
4,726,62f4528242a51a3ef508c9e3,1.3200000524520874,1.4153746366500854,0.09537458419799805,0.09537458419799805
4,727,b3f547430a6cd07bc6641ee8,0.03999999910593033,0.4126134216785431,0.37261343002319336,0.37261343002319336
4,728,740d7a17ab4d6ac507916048,0.33000001311302185,1.2800301313400269,0.9500300884246826,0.9500300884246826
4,729,6c25ec2eecb04387b4b56324,1.6799999475479126,1.4807549715042114,-0.19924497604370117,0.19924497604370117
4,730,f43486d89e34398da6a85b20,0.5899999737739563,0.5913521647453308,0.0013521909713745117,0.0013521909713745117
4,731,70b9673e1c4c97e9e72e3af6,1.0222764015197754,1.1968015432357788,0.17452514171600342,0.17452514171600342
4,732,17b457a749d6723570d91635,1.2999999523162842,1.5418672561645508,0.2418673038482666,0.2418673038482666
4,733,20506045c6ca848fbb086978,3.9082226753234863,3.807880163192749,-0.1003425121307373,0.1003425121307373
4,734,bf7ee1ba79d6d9e28dc14521,2.25,2.545757293701172,0.2957572937011719,0.2957572937011719
4,735,3adf08d13c6053f7fcec136a,2.950000047683716,2.0909619331359863,-0.8590381145477295,0.8590381145477295
4,736,b60eba252b766c8591913400,2.3299999237060547,0.5776013731956482,-1.7523984909057617,1.7523984909057617
4,737,3570409af372d2d5a5bb000c,1.2200000286102295,1.0036418437957764,-0.21635818481445312,0.21635818481445312
4,738,ad64b6a9c7e14d88fe6e8cff,0.5099999904632568,0.21807505190372467,-0.29192495346069336,0.29192495346069336
4,739,309d2c26810b57ceaafbfbd1,1.5700000524520874,1.2379530668258667,-0.3320469856262207,0.3320469856262207
4,740,f0e2512b593f3de8f7768725,1.6490416526794434,2.1514718532562256,0.5024302005767822,0.5024302005767822
4,741,b8378644365bf47dd02a5e54,1.309999942779541,2.780064105987549,1.4700641632080078,1.4700641632080078
4,742,815a933d7d57b47d085ae741,2.1600000858306885,1.8898671865463257,-0.2701328992843628,0.2701328992843628
4,743,c280e5ae814a8d86f93aab91,0.9200000166893005,1.8322970867156982,0.9122970700263977,0.9122970700263977
4,744,e41c021d9fce5d4946902198,0.5600000023841858,0.23927752673625946,-0.32072246074676514,0.32072246074676514
4,745,55768550738b5058a42bca59,1.4700000286102295,1.5541578531265259,0.08415782451629639,0.08415782451629639
4,746,7830c5efae06fe097f78ffba,2.200000047683716,1.9438269138336182,-0.25617313385009766,0.25617313385009766
4,747,7c34fca7eba930b0f47db6ac,0.9393021464347839,1.2434226274490356,0.3041204810142517,0.3041204810142517
4,748,958f6693496fd48978a6091a,2.4100000858306885,1.4854897260665894,-0.9245103597640991,0.9245103597640991
4,749,bc194d537f5bfe9f6eb93cbd,2.124938726425171,2.182037591934204,0.0570988655090332,0.0570988655090332
4,750,7e8ba37205813c713b9f5a26,0.3979400098323822,0.24014471471309662,-0.15779529511928558,0.15779529511928558
4,751,bf598eb6e32a1e56321360a2,0.1599999964237213,0.7037701606750488,0.5437701940536499,0.5437701940536499
4,752,48480b1e5aae4f87c02ca8c7,0.7958800196647644,1.5396844148635864,0.743804395198822,0.743804395198822
4,753,eafb543317568425845dfc4e,3.490000009536743,3.399714946746826,-0.09028506278991699,0.09028506278991699
4,754,3c030ea37bfffc08b4ba33eb,2.180000066757202,2.0125555992126465,-0.16744446754455566,0.16744446754455566
4,755,3dde69d88c6f47ecc2201c3c,0.6020600199699402,1.0351686477661133,0.4331086277961731,0.4331086277961731
4,756,d044830f7d8b2de543559ce9,2.0799999237060547,2.1663527488708496,0.08635282516479492,0.08635282516479492
4,757,e651c211ff704f385011a14b,2.8419559001922607,3.0341849327087402,0.1922290325164795,0.1922290325164795
4,758,c55eee5f8761053ebc2f3f30,1.590000033378601,1.4433594942092896,-0.14664053916931152,0.14664053916931152
4,759,55241b044d8384a933a5f0bd,0.5686362385749817,0.2759825587272644,-0.2926536798477173,0.2926536798477173
4,760,551bc8cb057fb6f6c6e13a91,0.25999999046325684,0.8296310901641846,0.5696310997009277,0.5696310997009277
4,761,dbd42315fd6092712dd96fae,1.5399999618530273,1.6941111087799072,0.15411114692687988,0.15411114692687988
4,762,26f0e1ffcde0ea2a363ac5e5,1.4500000476837158,1.9520364999771118,0.502036452293396,0.502036452293396
4,763,be82d08bc5bfcd1be6eccff2,0.508638322353363,0.3669769763946533,-0.14166134595870972,0.14166134595870972
4,764,0c8d5bb18e8e1e09cb72b506,2.069999933242798,1.0505727529525757,-1.0194271802902222,1.0194271802902222
4,765,64dae0b67e207088ae7c3a27,1.9299999475479126,2.240570068359375,0.3105701208114624,0.3105701208114624
4,766,88903d971511f2b47cead0e1,2.990124464035034,3.4975595474243164,0.5074350833892822,0.5074350833892822
4,767,0a7a122bb96852a8f4f8e0c0,0.6345120072364807,0.6842449307441711,0.04973292350769043,0.04973292350769043
4,768,4c8e4a3fcb8d14abbbb2a365,1.5100414752960205,1.4455617666244507,-0.06447970867156982,0.06447970867156982
4,769,bd1fe8d6feec2ee96697ee21,0.4893209636211395,0.8719491362571716,0.3826281726360321,0.3826281726360321
4,770,fbac6640e67251648254508e,1.3700000047683716,0.5594163537025452,-0.8105836510658264,0.8105836510658264
4,771,bce0cdf2f445f98230d68010,1.2400000095367432,1.3415743112564087,0.10157430171966553,0.10157430171966553
4,772,23e63ad51f3a281d3543dd95,3.9200000762939453,4.4758381843566895,0.5558381080627441,0.5558381080627441
4,773,164972aedaf63f1c99a58c15,0.9700000286102295,0.8720170855522156,-0.09798294305801392,0.09798294305801392
4,774,d7c45dcad7629e48d5798e3b,1.059999942779541,0.8333069086074829,-0.2266930341720581,0.2266930341720581
4,775,349c3c3e7a2aa2ffd79066a3,3.5100414752960205,2.235114097595215,-1.2749273777008057,1.2749273777008057
4,776,01ab50c34a731bfbb4cbf812,2.910094976425171,2.975342273712158,0.0652472972869873,0.0652472972869873
4,777,03823df02194c7837f5c25ef,1.909999966621399,2.0491504669189453,0.1391505002975464,0.1391505002975464
4,778,6b9b3b77ccc969992f948499,0.41999998688697815,0.7674869894981384,0.3474870026111603,0.3474870026111603
4,779,ab5024cc56ab6cfe2a867f28,1.5299999713897705,1.218300461769104,-0.3116995096206665,0.3116995096206665
4,780,105c9f997cd24649f2dce42d,3.431798219680786,3.2071237564086914,-0.22467446327209473,0.22467446327209473
4,781,73bcc826f44b5011bf5a6df0,2.3625102043151855,2.308655023574829,-0.053855180740356445,0.053855180740356445
4,782,6aff4780a8235f6c1163b8ac,1.0399999618530273,1.1204369068145752,0.08043694496154785,0.08043694496154785
4,783,b608136a13175c4338ad311e,2.06701922416687,1.7439216375350952,-0.3230975866317749,0.3230975866317749
4,784,fc478ededd6b34ebb640f890,1.235824465751648,1.2151200771331787,-0.02070438861846924,0.02070438861846924
4,785,7f26e711f81146c744da629d,1.2000000476837158,1.7649024724960327,0.5649024248123169,0.5649024248123169
4,786,084e35325ff4db54e24dc9ec,3.9586071968078613,3.856703281402588,-0.10190391540527344,0.10190391540527344
4,787,3b3082b5c3b0ddac8ca9943d,0.47999998927116394,0.8583695292472839,0.37836953997612,0.37836953997612
4,788,2885bbf30357367e142eaef5,2.6700000762939453,3.2045974731445312,0.5345973968505859,0.5345973968505859
4,789,b38e0db7fff1f36cde216c3a,1.3899999856948853,2.196793794631958,0.8067938089370728,0.8067938089370728
4,790,aeddfb7490263e95bb435a5b,1.8300000429153442,1.6735376119613647,-0.1564624309539795,0.1564624309539795
4,791,4a9a6e375bd8fb4b2cba23d6,3.477121353149414,2.7780778408050537,-0.6990435123443604,0.6990435123443604
4,792,3281aa95b94af4e01c14e2f7,1.0199999809265137,1.185081958770752,0.16508197784423828,0.16508197784423828
4,793,2499d566c31234533721b6ba,1.2599999904632568,1.2064515352249146,-0.053548455238342285,0.053548455238342285
4,794,2a12ddc11662071b754cb889,3.0,3.843205451965332,0.843205451965332,0.843205451965332
4,795,b2db4a1e9509dbff5af373b7,0.8500000238418579,0.7239239811897278,-0.12607604265213013,0.12607604265213013
4,796,861cc195334148ebd8a54c62,3.7212464809417725,2.588008403778076,-1.1332380771636963,1.1332380771636963
4,797,28d350c22fbe2480220b6826,0.019999999552965164,0.15304674208164215,0.13304674625396729,0.13304674625396729
4,798,1e6a742e1de862593c766967,1.1200000047683716,1.1943141222000122,0.07431411743164062,0.07431411743164062
4,799,d5dcb8f69f1e488a71d68b15,1.8300000429153442,3.090705394744873,1.2607053518295288,1.2607053518295288
4,800,9ed4a3276a177c8080221fd3,1.4814860820770264,1.735463261604309,0.2539771795272827,0.2539771795272827
4,801,53786c153f979abc44b4c275,1.350000023841858,1.7471247911453247,0.3971247673034668,0.3971247673034668
4,802,4dc8d7434de2303d551b73e1,2.073657512664795,1.739967942237854,-0.3336895704269409,0.3336895704269409
4,803,5a6715c1744624a442f5d004,2.25,2.244917392730713,-0.005082607269287109,0.005082607269287109
4,804,7cebb1410dc6c85f68223c9b,2.096909999847412,1.816123127937317,-0.2807868719100952,0.2807868719100952
4,805,d91f9cf6df3b92e58bf3743b,0.9599999785423279,1.262906789779663,0.3029068112373352,0.3029068112373352
4,806,f9d2d9df56292a6f3bc9830a,2.069999933242798,1.8843435049057007,-0.18565642833709717,0.18565642833709717
4,807,114b7f8cb9040cf1be26c880,1.5499999523162842,1.254929542541504,-0.2950704097747803,0.2950704097747803
4,808,68fd1dd40c8f072a441e2b50,3.1191864013671875,3.5319690704345703,0.4127826690673828,0.4127826690673828
4,809,57f6430b43eff1c622798f03,0.7400000095367432,0.34045183658599854,-0.39954817295074463,0.39954817295074463
4,810,45ac7c3071dc814e39da1b81,2.049999952316284,1.8673077821731567,-0.18269217014312744,0.18269217014312744
4,811,3c6d8382d6bddc706860a202,0.7799999713897705,1.5018411874771118,0.7218412160873413,0.7218412160873413
4,812,000ca7bd9631e51d1d253699,2.0,2.007869243621826,0.007869243621826172,0.007869243621826172
4,813,bcb9322d14895e58b95250ab,0.9599999785423279,1.2358061075210571,0.27580612897872925,0.27580612897872925
4,814,ec1fb43082ec3af9462db3de,1.2699999809265137,1.088017463684082,-0.18198251724243164,0.18198251724243164
4,815,9c71e37fe37de69509ea937e,0.8399999737739563,0.8221639394760132,-0.017836034297943115,0.017836034297943115
4,816,d29defe75c7ed3e393ab2e77,2.0399999618530273,2.422056198120117,0.38205623626708984,0.38205623626708984
4,817,692789c61acb5f001ed0e468,2.3767507076263428,2.0695486068725586,-0.3072021007537842,0.3072021007537842
4,818,ff606be15f042191c578ee31,0.6200000047683716,0.8120726943016052,0.19207268953323364,0.19207268953323364
4,819,3a07fae7a67b89cccb484a76,0.18000000715255737,0.47367802262306213,0.29367801547050476,0.29367801547050476
4,820,19d7af427223d071532777f8,0.9200000166893005,1.0401438474655151,0.1201438307762146,0.1201438307762146
4,821,307d4bb233188e608901858e,2.2699999809265137,2.5627167224884033,0.29271674156188965,0.29271674156188965
4,822,865a33e28e0f67fd9b37988c,0.7699999809265137,0.7387904524803162,-0.03120952844619751,0.03120952844619751
4,823,85a11578d26229b8f911f479,-0.14612802863121033,-0.0638631284236908,0.08226490020751953,0.08226490020751953
4,824,02c8f4766c86421ac531f8af,1.5700000524520874,1.6198021173477173,0.04980206489562988,0.04980206489562988
4,825,1a36f4d48de26951f851c66a,0.9599999785423279,0.6376698613166809,-0.322330117225647,0.322330117225647
4,826,f53312975a815f1c75b2a83b,1.8899999856948853,1.8131732940673828,-0.07682669162750244,0.07682669162750244
4,827,ffff838c49e0325236612273,0.8399999737739563,1.2141798734664917,0.3741798996925354,0.3741798996925354
4,828,76e717ff45938a4f49a43088,0.3979400098323822,0.38306960463523865,-0.014870405197143555,0.014870405197143555
4,829,002f4a1487b3c7babfbd27fd,4.298431873321533,4.39170503616333,0.09327316284179688,0.09327316284179688
4,830,d282acb27024c1c440855b6e,2.698970079421997,2.549717903137207,-0.14925217628479004,0.14925217628479004
4,831,ee3a0d24b708ce89f4df685e,0.5299999713897705,0.40734511613845825,-0.12265485525131226,0.12265485525131226
4,832,72b9031884c61b481b4d4f6f,1.940000057220459,1.8779832124710083,-0.062016844749450684,0.062016844749450684
4,833,f81b07d9107844123f6008cc,2.6800615787506104,2.6360702514648438,-0.0439913272857666,0.0439913272857666
4,834,7c1afd083a8b6e775d575ab3,1.5399999618530273,1.4819270372390747,-0.05807292461395264,0.05807292461395264
4,835,fecd79c4c4d94fcbeb90176b,1.3799999952316284,1.4312845468521118,0.0512845516204834,0.0512845516204834
4,836,a5d28bd121143d43e5022f2e,1.100000023841858,1.1949092149734497,0.0949091911315918,0.0949091911315918
4,837,95d197ef8d7f8cb6b8dedb91,1.0700000524520874,1.4921082258224487,0.42210817337036133,0.42210817337036133
4,838,7226a5f286c61f0e71740590,3.598151683807373,3.607630729675293,0.009479045867919922,0.009479045867919922
4,839,53f4636e6d798db278adfaa4,1.440000057220459,1.2379934787750244,-0.20200657844543457,0.20200657844543457
4,840,d326be8a1204fa63a148d433,1.4900000095367432,0.594928503036499,-0.8950715065002441,0.8950715065002441
4,841,a5bb22872bc94a83a97682d4,2.2699999809265137,2.1462531089782715,-0.12374687194824219,0.12374687194824219
4,842,6fc2dfda12445fbc8940d9d8,1.8549827337265015,2.2114222049713135,0.356439471244812,0.356439471244812
4,843,a3f7390688e202d156cef000,1.25,1.7977873086929321,0.5477873086929321,0.5477873086929321
4,844,be35b824134e1a1f3990bb1f,1.0700000524520874,0.5383251309394836,-0.5316749215126038,0.5316749215126038
4,845,eb74b9575ce985cf77430698,0.5299999713897705,0.584725022315979,0.054725050926208496,0.054725050926208496
4,846,08e121cca11b70534b06be50,2.2596373558044434,2.2930045127868652,0.033367156982421875,0.033367156982421875
4,847,d446555c1c53f4cb5ce92166,3.200000047683716,2.6093013286590576,-0.5906987190246582,0.5906987190246582
4,848,caa4da771ef9f4c3030327e7,2.7367584705352783,2.9241299629211426,0.18737149238586426,0.18737149238586426
4,849,793a82597f4ea2a0f8185338,1.2899999618530273,0.9316747188568115,-0.3583252429962158,0.3583252429962158
4,850,75b5da29783cd7138518ea93,3.1700000762939453,3.0023927688598633,-0.16760730743408203,0.16760730743408203
4,851,39ae19d848e06cc07e8b78f1,1.4600000381469727,1.4696190357208252,0.009618997573852539,0.009618997573852539
4,852,d049ee3cd9fb95f60b81b7b0,3.795880079269409,3.960395336151123,0.16451525688171387,0.16451525688171387
4,853,a0356647ecf03c016e137416,1.1399999856948853,2.030883312225342,0.8908833265304565,0.8908833265304565
4,854,679e27188a25f2c9c7f1658e,0.5686362385749817,0.2759825587272644,-0.2926536798477173,0.2926536798477173
4,855,5a333e74760cf3a45c7e2deb,0.5883802771568298,1.050261378288269,0.4618811011314392,0.4618811011314392
4,856,34fd032964dd5ed6413dfd1d,0.36000001430511475,0.7609909772872925,0.40099096298217773,0.40099096298217773
4,857,f7f80e537542a898b267be8d,4.327902317047119,4.139621257781982,-0.18828105926513672,0.18828105926513672
4,858,8223a6d68475ce73a0966b58,1.520987868309021,2.5713934898376465,1.0504056215286255,1.0504056215286255
4,859,69a75137f9fbdb198c9838c5,1.2599999904632568,0.6595993041992188,-0.6004006862640381,0.6004006862640381
4,860,688fac309d2b409204d0646c,2.4000000953674316,2.4346628189086914,0.034662723541259766,0.034662723541259766
4,861,8a451a251f65b417222066f7,2.505000352859497,2.1834216117858887,-0.3215787410736084,0.3215787410736084
4,862,f17187ebdf7524fcfc9d134f,4.819874286651611,4.03151273727417,-0.7883615493774414,0.7883615493774414
4,863,8ae0aa17edf3baeea156f6df,4.3098039627075195,4.16103982925415,-0.14876413345336914,0.14876413345336914
4,864,325a1aed7b3a67bacdd83807,0.7099999785423279,1.4434369802474976,0.7334370017051697,0.7334370017051697
4,865,1b7bb92dd593e8018f77f51b,2.568636178970337,2.883974075317383,0.3153378963470459,0.3153378963470459
4,866,20191a04f48c1668b5975a14,0.8700000047683716,1.163078784942627,0.29307878017425537,0.29307878017425537
4,867,cd20ab575f8f09060a6f17e3,1.4299999475479126,1.1781247854232788,-0.2518751621246338,0.2518751621246338
4,868,a233b822c995826fec21dd5d,0.9300000071525574,1.7080551385879517,0.7780551314353943,0.7780551314353943
4,869,d308ff60245e668041c1e831,0.8239087462425232,0.7704765200614929,-0.05343222618103027,0.05343222618103027
4,870,e890277af7f6655d7b4672f9,1.340000033378601,1.0448741912841797,-0.2951258420944214,0.2951258420944214
4,871,3687944b56109621603d59b5,0.9399999976158142,1.6961499452590942,0.75614994764328,0.75614994764328
4,872,27285436c532256eb12ea25a,1.2100000381469727,1.2511337995529175,0.041133761405944824,0.041133761405944824
4,873,110af45e78249bf472d43be4,1.886056661605835,2.4011125564575195,0.5150558948516846,0.5150558948516846
4,874,0e275985308c09c1b8f1e1a8,2.2525882720947266,0.909770131111145,-1.3428181409835815,1.3428181409835815
4,875,94d0d0da10a9dc693423cbf3,0.027797162532806396,0.6846935749053955,0.6568964123725891,0.6568964123725891
4,876,4f4799570b647d6ca0aa0d42,3.6944336891174316,2.9739880561828613,-0.7204456329345703,0.7204456329345703
4,877,bfa42fb56ad16a51efbad895,0.27000001072883606,0.6285498738288879,0.3585498631000519,0.3585498631000519
4,878,13530dc6021bf0c485afc025,1.2899999618530273,1.6646865606307983,0.374686598777771,0.374686598777771
4,879,42117c96ffcbcdcd9e67ce1d,1.7400000095367432,2.0167269706726074,0.27672696113586426,0.27672696113586426
4,880,2db1598c1b19472a5a25d6b1,2.1804561614990234,1.9240422248840332,-0.25641393661499023,0.25641393661499023
4,881,c72ea56829827af9219c963c,2.200000047683716,1.9194692373275757,-0.28053081035614014,0.28053081035614014
4,882,f58857e2731ad8493dda3311,3.221848726272583,2.692528486251831,-0.529320240020752,0.529320240020752
4,883,1198e38318a023a470c9ce22,2.619999885559082,2.2212460041046143,-0.3987538814544678,0.3987538814544678
4,884,fb91f3551bd6719299426e63,1.059999942779541,1.8394620418548584,0.7794620990753174,0.7794620990753174
4,885,f8fea7e92be17c40786b09c5,3.823908805847168,3.3330769538879395,-0.4908318519592285,0.4908318519592285
4,886,2c7644cbaf331628791e2787,1.1917890310287476,1.0777992010116577,-0.11398983001708984,0.11398983001708984
4,887,edc2c5a12691f8978e8a2450,0.8538719415664673,0.9778875708580017,0.12401562929153442,0.12401562929153442
4,888,d98dec74ee51ef5043027320,2.3372421264648438,4.83369255065918,2.496450424194336,2.496450424194336
4,889,2f516a88491f910eec949887,1.399999976158142,1.0149775743484497,-0.3850224018096924,0.3850224018096924
4,890,14c15db8326831e0d498a838,2.0975897312164307,0.5398467183113098,-1.5577430725097656,1.5577430725097656
4,891,17d0968c4f2f2325a2de318e,0.3700000047683716,1.2104512453079224,0.8404512405395508,0.8404512405395508
4,892,7340ba00a99f7451f77d8483,0.7900000214576721,1.0330232381820679,0.24302321672439575,0.24302321672439575
4,893,769174a52d548e93725d814c,3.070019483566284,3.290635585784912,0.22061610221862793,0.22061610221862793
4,894,8e7d87a424db07b1301776fc,1.1100000143051147,0.6912301182746887,-0.418769896030426,0.418769896030426
4,895,6a94eb7a6002319c8718efd7,2.450016498565674,2.5497469902038574,0.0997304916381836,0.0997304916381836
4,896,cf95c26f35f752c9ab6625e9,1.9900000095367432,1.627384066581726,-0.3626159429550171,0.3626159429550171
4,897,2cc4a092a006e29689fa3961,0.8999999761581421,0.7516643404960632,-0.14833563566207886,0.14833563566207886
4,898,eff3b5eaf82a4080dc3c0fd9,3.548213481903076,2.8196115493774414,-0.7286019325256348,0.7286019325256348
4,899,773c166bde5225e1bf0c372e,4.92081880569458,4.578616619110107,-0.34220218658447266,0.34220218658447266
4,900,9fa53b8ffc7722eed1e81c74,2.6575772762298584,3.789337158203125,1.1317598819732666,1.1317598819732666
4,901,93138aedbd73dd895963d348,1.190000057220459,1.6403378248214722,0.4503377676010132,0.4503377676010132
4,902,c4270517118dfa5783d15336,0.8399999737739563,0.774803102016449,-0.06519687175750732,0.06519687175750732
4,903,a755ccfacd75f2c192027be6,1.599980354309082,1.708975076675415,0.10899472236633301,0.10899472236633301
4,904,58797d9f66194edc49410fd9,1.045757532119751,0.7681102156639099,-0.27764731645584106,0.27764731645584106
4,905,e71b87412c2a7275da54ae4c,0.5,0.8623592257499695,0.3623592257499695,0.3623592257499695
4,906,a51597b3721040f4c9b74486,1.6299999952316284,1.8279215097427368,0.1979215145111084,0.1979215145111084
4,907,265985000c24c7a0fe02a92b,2.207608222961426,2.169966459274292,-0.03764176368713379,0.03764176368713379
4,908,6b4805174bfe4444c9f683e3,2.2300000190734863,1.3208116292953491,-0.9091883897781372,0.9091883897781372
4,909,9bf56bbfa9443fef46df48c3,3.2867891788482666,2.942622661590576,-0.34416651725769043,0.34416651725769043
4,910,3230ed66c832b03c1a1d7253,1.0499999523162842,0.7683903574943542,-0.28160959482192993,0.28160959482192993
4,911,733918f3693235a9fecac82f,2.88008451461792,2.484387159347534,-0.39569735527038574,0.39569735527038574
4,912,5a3873057329d0fe5c73dc4f,0.46000000834465027,0.716975212097168,0.2569752037525177,0.2569752037525177
4,913,095efc0ae8da6736a4e9874a,2.9412786960601807,2.837167501449585,-0.1041111946105957,0.1041111946105957
4,914,dd8c6d8e052e1d8298410a2a,0.2907300293445587,0.32073554396629333,0.03000551462173462,0.03000551462173462
4,915,49a50783cdb86c06d943da61,3.32790207862854,3.9381299018859863,0.6102278232574463,0.6102278232574463
4,916,80a103345794e1fe193a1670,2.119999885559082,2.370927333831787,0.2509274482727051,0.2509274482727051
4,917,7a14fde295eaa9f806ccc28c,2.770890951156616,3.232940196990967,0.4620492458343506,0.4620492458343506
4,918,56c7475cf343521d6c731e35,1.7699999809265137,2.887786626815796,1.1177866458892822,1.1177866458892822
4,919,ecae9a2685303bb7ea003286,2.7695510387420654,2.931461811065674,0.1619107723236084,0.1619107723236084
4,920,38d08a414a83bb5826bf94a1,0.6299999952316284,1.0337955951690674,0.40379559993743896,0.40379559993743896
4,921,ee42603c541b36205d389ada,5.958607196807861,3.5086488723754883,-2.449958324432373,2.449958324432373
4,922,401d23a4dd9b30d5b4c55fb5,2.1475162506103516,2.3366575241088867,0.18914127349853516,0.18914127349853516
4,923,7584f41d7af6472efa657eb4,1.7000000476837158,1.3630609512329102,-0.33693909645080566,0.33693909645080566
4,924,1701f62cb33071424f996923,2.3372421264648438,2.4287354946136475,0.09149336814880371,0.09149336814880371
4,925,f1cde8807eb1c605ba154f68,2.8336684703826904,3.173154354095459,0.33948588371276855,0.33948588371276855
4,926,0e237562b37d3dc34e9a7b97,1.899999976158142,2.537576675415039,0.637576699256897,0.637576699256897
4,927,b628cbdf885f0861438d6802,3.602060079574585,3.243596315383911,-0.35846376419067383,0.35846376419067383
4,928,021107770400f525a31e6563,0.5299999713897705,0.8522552251815796,0.3222552537918091,0.3222552537918091
4,929,61464c56c59ff22c2e7f881b,0.9100000262260437,1.4354404211044312,0.5254403948783875,0.5254403948783875
4,930,69570b37c36b2c9420685a45,3.045757532119751,2.5764846801757812,-0.4692728519439697,0.4692728519439697
4,931,c600c2b7b7a5acbae91143cb,1.5099999904632568,1.5771600008010864,0.06716001033782959,0.06716001033782959
4,932,d54198b82629bea376a49900,1.809999942779541,1.5866153240203857,-0.22338461875915527,0.22338461875915527
4,933,c972227fe7b89295fd050c85,1.3300000429153442,2.1681272983551025,0.8381272554397583,0.8381272554397583
4,934,54388d74d36325fe55cc25d8,4.268411159515381,4.024460315704346,-0.24395084381103516,0.24395084381103516
4,935,8ebe2b3b7c79a5b6caddae46,1.6299999952316284,1.6856123208999634,0.05561232566833496,0.05561232566833496
4,936,92ab4ebd4633c4a289c0ca2a,1.600000023841858,1.2614208459854126,-0.3385791778564453,0.3385791778564453
4,937,39877d011dcb0521d4cbc6c5,3.759999990463257,3.631312370300293,-0.12868762016296387,0.12868762016296387
4,938,3fd751b9e1f16681f077cf18,2.4700000286102295,2.065093517303467,-0.4049065113067627,0.4049065113067627
4,939,2180b46bc5ebef8d834ab1a0,1.5,2.0862772464752197,0.5862772464752197,0.5862772464752197
4,940,6544eb59a1b8ac71b19ac86e,1.5399999618530273,1.5090817213058472,-0.030918240547180176,0.030918240547180176
4,941,53600e31b67ea97dc1f11cec,1.2695510387420654,1.9277340173721313,0.6581829786300659,0.6581829786300659
4,942,2e32b971c755b9c9e4d9ab09,0.550000011920929,0.042650919407606125,-0.5073490738868713,0.5073490738868713
4,943,bf8d6371becc32960ac2b9e5,0.07572071254253387,0.08706030249595642,0.011339589953422546,0.011339589953422546
4,944,5863bac4ff791ec778ce03b3,1.6200000047683716,1.1936352252960205,-0.4263647794723511,0.4263647794723511
4,945,fc0e4aab40a5b5eab4f458fd,0.8500000238418579,0.48224082589149475,-0.36775919795036316,0.36775919795036316
4,946,e89eb2bf187689aeb25f6d8a,1.5199999809265137,1.7331067323684692,0.21310675144195557,0.21310675144195557
4,947,07752d2c3fbd6e5c83b31711,3.1487417221069336,2.82906436920166,-0.31967735290527344,0.31967735290527344
4,948,4713801da0e3895ead7e420c,1.9600000381469727,2.41448712348938,0.4544870853424072,0.4544870853424072
4,949,8fe93fe1608c17053ecce2fc,0.9599999785423279,1.1140520572662354,0.15405207872390747,0.15405207872390747
4,950,dbb18fb174e87b9194c1f8fd,2.794119358062744,1.1373519897460938,-1.6567673683166504,1.6567673683166504
4,951,c6e956059c283aa392b61bc7,1.5099999904632568,1.6233024597167969,0.11330246925354004,0.11330246925354004
4,952,757f0e6944054f79ef6ae332,1.5423001050949097,1.7408877611160278,0.19858765602111816,0.19858765602111816
4,953,0e84394d112886b38c6a21ef,0.8569852113723755,0.8954929709434509,0.03850775957107544,0.03850775957107544
4,954,8dccbec260f8dec51169f8fe,0.9586073160171509,1.3610835075378418,0.4024761915206909,0.4024761915206909
4,955,db5e7915f54c03bbd750db44,2.4800000190734863,2.955979108810425,0.4759790897369385,0.4759790897369385
4,956,d3f326e8c8e00ec59b56124f,2.898653984069824,2.7340822219848633,-0.16457176208496094,0.16457176208496094
4,957,49e9e65621bffbdbbb657355,1.3700000047683716,1.5376982688903809,0.16769826412200928,0.16769826412200928
4,958,7b154428483749420cb914b5,2.8210229873657227,2.5380406379699707,-0.28298234939575195,0.28298234939575195
4,959,11c3517241c01b71a99050cd,2.583359479904175,2.509317398071289,-0.07404208183288574,0.07404208183288574
4,960,e855b241186214cdcb785414,2.325016736984253,2.1670966148376465,-0.15792012214660645,0.15792012214660645
4,961,2a58a2c89e77893f6ad50540,1.3429441452026367,0.9081303477287292,-0.43481379747390747,0.43481379747390747
4,962,4fdd262a17dc261fa199a3e7,0.8199999928474426,1.2091554403305054,0.38915544748306274,0.38915544748306274
4,963,bce20a2b2b28d5b8100fa33b,2.2644011974334717,2.2971582412719727,0.03275704383850098,0.03275704383850098
4,964,9e7a01758d9726370224a410,0.27000001072883606,1.2758269309997559,1.0058269500732422,1.0058269500732422
4,965,8529a0d054dee0f66b405376,1.5,1.3427900075912476,-0.15720999240875244,0.15720999240875244
4,966,e51ec347768207a53db063d0,3.552841901779175,3.44126558303833,-0.11157631874084473,0.11157631874084473
4,967,82c35418ab5a598da9f9fc7c,1.0700000524520874,1.8042038679122925,0.7342038154602051,0.7342038154602051
4,968,b5bbfbbc498d268e9e8142a8,3.6003262996673584,3.4605555534362793,-0.1397707462310791,0.1397707462310791
4,969,fff00626fc2af9061a35b35a,1.5800000429153442,1.618280053138733,0.03828001022338867,0.03828001022338867
4,970,e5ed43e16841fa801917e0cd,2.7784698009490967,2.8123104572296143,0.03384065628051758,0.03384065628051758
4,971,9a7c2db75a84208db469bc48,2.0399999618530273,1.7524911165237427,-0.28750884532928467,0.28750884532928467
4,972,0a84070b0313208731a71360,0.3700000047683716,1.5498601198196411,1.1798601150512695,1.1798601150512695
4,973,db42fff1ccfce4a4d6b685b3,1.6575772762298584,3.9424121379852295,2.284834861755371,2.284834861755371
4,974,255b7daa932e1d867d38da80,0.4000000059604645,1.5054759979248047,1.1054760217666626,1.1054760217666626
4,975,7a9436de412cc576c2f94da3,3.0799999237060547,1.1347547769546509,-1.9452451467514038,1.9452451467514038
4,976,8ea8e6a0e757662275516f75,1.0499999523162842,0.9317794442176819,-0.1182205080986023,0.1182205080986023
4,977,4ccb1cdfc0389505020ebab3,2.8327155113220215,2.904885768890381,0.07217025756835938,0.07217025756835938
4,978,0f223bb465cfa22b5acc344c,0.7695510983467102,1.045469880104065,0.27591878175735474,0.27591878175735474
4,979,56eacb3bd0a9808b28bb503d,1.059999942779541,1.826123833656311,0.76612389087677,0.76612389087677
4,980,a62614ea74d81abf8a7a2ec9,0.5376020073890686,0.5321540832519531,-0.0054479241371154785,0.0054479241371154785
4,981,7da8c89779cc15a19851a37f,3.275724172592163,2.505939483642578,-0.769784688949585,0.769784688949585
4,982,067af6d37b0a6ed9508e3675,2.9000000953674316,2.778794288635254,-0.12120580673217773,0.12120580673217773
4,983,4a86bcf2946da1053c83df83,1.0199999809265137,1.0707849264144897,0.050784945487976074,0.050784945487976074
4,984,c930a48282d059591e2d1a32,2.869666337966919,1.3970134258270264,-1.4726529121398926,1.4726529121398926
4,985,3be530a42fbe8b96a9f37af3,2.886056661605835,2.7218174934387207,-0.16423916816711426,0.16423916816711426
4,986,66144cd7e8d28b57d67bbd83,0.8700000047683716,0.9109457731246948,0.04094576835632324,0.04094576835632324
4,987,e296e4ac8d737c18430b51f6,0.7099999785423279,0.2969454824924469,-0.413054496049881,0.413054496049881
4,988,eb42c41392ec5fa37ba3f732,2.130000114440918,1.4274070262908936,-0.7025930881500244,0.7025930881500244
4,989,468f433d2affab93e9f39257,2.0809218883514404,1.5101028680801392,-0.5708190202713013,0.5708190202713013
4,990,7b2014336c4902e0a41213e3,5.0809221267700195,2.887786626815796,-2.1931354999542236,2.1931354999542236
4,991,9f2dd29ea6da7569f1648a0a,3.119999885559082,3.0124168395996094,-0.10758304595947266,0.10758304595947266
4,992,520b3c226bab709d7ebd6068,2.1752235889434814,1.9563664197921753,-0.21885716915130615,0.21885716915130615
4,993,c95f4de245f14188bba6b169,1.6200000047683716,2.1100826263427734,0.49008262157440186,0.49008262157440186
4,994,423a34329cfbf7b6e4a6c1d7,0.8999999761581421,0.7565722465515137,-0.14342772960662842,0.14342772960662842
4,995,6c6253941eba7e894afdfcb9,2.636388063430786,2.840305805206299,0.2039177417755127,0.2039177417755127
4,996,3a001ae3504199571f955b62,1.0499999523162842,0.9863222241401672,-0.06367772817611694,0.06367772817611694
4,997,32300e39919409063d509b3c,1.0199999809265137,0.8661729097366333,-0.15382707118988037,0.15382707118988037
4,998,d13fa7dca9442c4456a7d226,1.0700000524520874,0.7727189660072327,-0.29728108644485474,0.29728108644485474
4,999,5f767a9296e2283c6f7acb0d,3.7081518173217773,3.273430347442627,-0.4347214698791504,0.4347214698791504
4,1000,c8050f3b801347f64f375325,0.5099999904632568,0.5428945422172546,0.0328945517539978,0.0328945517539978
4,1001,17981d6a540c279bacb0a8f2,2.2200000286102295,1.4650628566741943,-0.7549371719360352,0.7549371719360352
4,1002,6cd4fdbe8b2d396e71cb0b67,3.929962158203125,2.5794618129730225,-1.3505003452301025,1.3505003452301025
4,1003,0d554c04875c805b44c6a31a,1.100000023841858,0.9421655535697937,-0.1578344702720642,0.1578344702720642
4,1004,9b5c4b90ebccd3b2eb62ec3b,1.2999999523162842,1.8878320455551147,0.5878320932388306,0.5878320932388306
4,1005,62fa831e6acad3ea837a7565,1.5199999809265137,1.4113250970840454,-0.10867488384246826,0.10867488384246826
4,1006,5572c390a7562bde722bb92a,1.3600000143051147,1.0248981714248657,-0.335101842880249,0.335101842880249
4,1007,599509343afa8a4e30ab98b2,1.9900000095367432,1.923247218132019,-0.06675279140472412,0.06675279140472412
4,1008,4d5656c662e67fb9132455a6,0.46000000834465027,0.8662177920341492,0.4062177836894989,0.4062177836894989
4,1009,9b454ebfefe9c9656c9aef09,2.009999990463257,1.8034250736236572,-0.2065749168395996,0.2065749168395996
4,1010,98ac9f73a6cd31d8e45fdaac,2.549999952316284,2.443422794342041,-0.10657715797424316,0.10657715797424316
4,1011,d1857b17bce800d0d5ddb2f1,0.5699999928474426,0.9867462515830994,0.41674625873565674,0.41674625873565674
4,1012,d9b6730aa93551c608ad04fe,0.4000000059604645,0.2281782180070877,-0.17182178795337677,0.17182178795337677
4,1013,f5f1aa4224a6cc107026e0e3,0.6307841539382935,0.8929950594902039,0.2622109055519104,0.2622109055519104
4,1014,5326e0d20a68ce6af59ea06a,3.2531063556671143,2.967237949371338,-0.28586840629577637,0.28586840629577637
4,1015,7fb9d0874e666af3214aca3f,4.0,3.9918322563171387,-0.008167743682861328,0.008167743682861328
4,1016,d01613d611972153cca73caf,0.9546770453453064,0.9924598336219788,0.03778278827667236,0.03778278827667236
4,1017,bc3743ecabf71a0419204d62,0.6399999856948853,0.5047234296798706,-0.13527655601501465,0.13527655601501465
4,1018,7245dd426358ddbc044bb264,0.8600000143051147,0.8775560259819031,0.01755601167678833,0.01755601167678833
4,1019,30b8b96248d960b66652c475,2.968151330947876,2.9049808979034424,-0.0631704330444336,0.0631704330444336
4,1020,bf79dd6dc1a1cbd57c8930e1,3.7100000381469727,3.273430347442627,-0.4365696907043457,0.4365696907043457
4,1021,059dbab7aa82b3d9d10acf79,2.440000057220459,2.1746931076049805,-0.2653069496154785,0.2653069496154785
4,1022,8b8b9cd550b53ad8200eb920,2.009999990463257,0.7543843388557434,-1.2556157112121582,1.2556157112121582
4,1023,415a17936feed373dd14bf92,2.2494916915893555,1.953701376914978,-0.29579031467437744,0.29579031467437744
4,1024,5f0da78aefc477092f969fe4,1.4900000095367432,0.9342637658119202,-0.555736243724823,0.555736243724823
4,1025,9ff9492e95d6ce9ee5cd382f,2.450000047683716,2.0532989501953125,-0.3967010974884033,0.3967010974884033
4,1026,26bfe3559e01e470bd2f1428,3.2728748321533203,2.823592185974121,-0.4492826461791992,0.4492826461791992
4,1027,4e3cc2a0d2e58fe2d8e3aeaf,3.3004887104034424,3.807880163192749,0.5073914527893066,0.5073914527893066
4,1028,165fb974514fb8c7589790cf,0.7471469640731812,1.4644712209701538,0.7173242568969727,0.7173242568969727
4,1029,37a3761220bee3ffaab53ed5,2.6700937747955322,2.971700429916382,0.3016066551208496,0.3016066551208496
4,1030,6c2f5e9460e6b3b65b311cd2,0.10999999940395355,0.36052122712135315,0.2505212426185608,0.2505212426185608
4,1031,caca21213d597693aac10b83,2.9788107872009277,2.998870849609375,0.020060062408447266,0.020060062408447266
4,1032,65976e436d6d03759b3df234,1.2999999523162842,1.0748250484466553,-0.2251749038696289,0.2251749038696289
4,1033,e9228b07b93d8f7b3b3b4e35,2.190000057220459,1.8087480068206787,-0.3812520503997803,0.3812520503997803
4,1034,010b8ae2725d42f3e23b08f6,2.665546178817749,2.8526482582092285,0.1871020793914795,0.1871020793914795
4,1035,c80911e1f50376eef5929541,2.0199999809265137,1.7563689947128296,-0.2636309862136841,0.2636309862136841
4,1036,b0fcb04f23faf828473a4de5,1.1299999952316284,1.0240726470947266,-0.10592734813690186,0.10592734813690186
4,1037,56620c84effd3fcffce99e58,1.7400000095367432,1.7971370220184326,0.05713701248168945,0.05713701248168945
4,1038,3cc3683c9673ca2f025127a2,1.1699999570846558,0.9281763434410095,-0.24182361364364624,0.24182361364364624
4,1039,f1cbf496f16c6fc02ba08737,0.7300000190734863,0.8914491534233093,0.161449134349823,0.161449134349823
4,1040,91615db61efdb59c94bce317,2.619999885559082,2.906583786010742,0.28658390045166016,0.28658390045166016
4,1041,5cb6078b7f73f93a217cdf0d,1.4700000286102295,0.6276342272758484,-0.8423658013343811,0.8423658013343811
4,1042,9ab98a7476878bbeed2a04b8,0.3400000035762787,1.2443283796310425,0.9043283462524414,0.9043283462524414
4,1043,72a3e835cc255e1d4b8282bc,2.238447904586792,3.4391465187072754,1.2006986141204834,1.2006986141204834
4,1044,ca1f209cbb0d1e34aa770704,2.7367584705352783,2.5082149505615234,-0.22854351997375488,0.22854351997375488
4,1045,033612ebf5bbc6bad4b819df,1.628731608390808,1.6850677728652954,0.056336164474487305,0.056336164474487305
4,1046,c014f20298e15bb8354dad05,0.7300000190734863,0.8825728297233582,0.15257281064987183,0.15257281064987183
4,1047,e7b66cd4ca8e566b78f57f66,1.1299999952316284,1.2891279458999634,0.15912795066833496,0.15912795066833496
4,1048,796f488f4818bcd9b3b04f5d,1.6299999952316284,1.146936058998108,-0.4830639362335205,0.4830639362335205
4,1049,d20d4513227c783671f16ab3,5.318758964538574,2.654844284057617,-2.663914680480957,2.663914680480957
4,1050,1376f14c1d7fd245b501c3fc,1.7799999713897705,2.143716335296631,0.36371636390686035,0.36371636390686035
4,1051,c2ea7b4042b5b4931ac1e012,2.869999885559082,3.030055284500122,0.16005539894104004,0.16005539894104004
4,1052,08a7904c2dffeff4b9401bcd,2.4202163219451904,2.6844778060913086,0.26426148414611816,0.26426148414611816
4,1053,2bdc53f0bdab599b7c775aa0,3.1432712078094482,2.8970727920532227,-0.24619841575622559,0.24619841575622559
4,1054,fa22500d6f897aa2438d2ac7,1.350000023841858,1.468410849571228,0.11841082572937012,0.11841082572937012
4,1055,2092e15c686fda3feb32e0dd,0.9200000166893005,1.0004278421401978,0.08042782545089722,0.08042782545089722
4,1056,ab9a1b59f2aeef0e08e69b64,2.698970079421997,2.4723024368286133,-0.2266676425933838,0.2266676425933838
4,1057,47c19391de13917f19d0c825,3.8499999046325684,3.769094467163086,-0.08090543746948242,0.08090543746948242
4,1058,1b9160f6c95d837803c1aa1b,2.6600000858306885,2.4389615058898926,-0.2210385799407959,0.2210385799407959
4,1059,62508c0b4cfb56e7a86a32dc,0.7099999785423279,0.6385891437530518,-0.07141083478927612,0.07141083478927612
4,1060,a86acd22b7c9f729ccc725b2,3.4134128093719482,2.2518365383148193,-1.161576271057129,1.161576271057129
4,1061,058d7b605cd51fe4ee5634f5,1.590000033378601,1.9998677968978882,0.4098677635192871,0.4098677635192871
4,1062,d432fa7c9dbe1b00df89ede6,3.430000066757202,2.9169657230377197,-0.5130343437194824,0.5130343437194824
4,1063,35710d3b61ff0e9bdd78f895,0.949999988079071,0.9583937525749207,0.00839376449584961,0.00839376449584961
4,1064,bb610e67d6178e9f869b160e,0.6000000238418579,0.8479953408241272,0.2479953169822693,0.2479953169822693
4,1065,0d372d77695e467af4ecd116,2.904017448425293,2.863115072250366,-0.04090237617492676,0.04090237617492676
4,1066,494a6150002472eca0b3da97,2.32790207862854,2.802307605743408,0.47440552711486816,0.47440552711486816
4,1067,3a71c207739c360f37dcc271,0.5451551675796509,2.032919406890869,1.4877642393112183,1.4877642393112183
4,1068,b675ab0c2f88f10f02b67e06,2.009999990463257,1.407110333442688,-0.6028896570205688,0.6028896570205688
4,1069,417623e921c0c1d9a892a5a2,2.25,2.1952567100524902,-0.054743289947509766,0.054743289947509766
4,1070,205c77b2140330d181dee902,1.6200000047683716,1.669216513633728,0.049216508865356445,0.049216508865356445
4,1071,8d5137546cab165d72eb197a,1.4900000095367432,1.4639414548873901,-0.026058554649353027,0.026058554649353027
4,1072,d416681a5c8e91d3d0aee163,2.809999942779541,1.2753300666809082,-1.5346698760986328,1.5346698760986328
4,1073,49bb38f7ab3d29fe52efaa03,4.2924299240112305,4.322015285491943,0.02958536148071289,0.02958536148071289
4,1074,d48a8b128f5b23336a53d270,0.3199999928474426,1.1076914072036743,0.7876914143562317,0.7876914143562317
4,1075,61a7f382ee84a7316fad067f,1.4900000095367432,1.647422194480896,0.15742218494415283,0.15742218494415283
4,1076,1283ad69717deb5b962ca08d,3.585026741027832,3.6518006324768066,0.06677389144897461,0.06677389144897461
4,1077,3cf347e46d9141b5c1275201,1.6799999475479126,1.7934259176254272,0.11342597007751465,0.11342597007751465
4,1078,724a1f56d664b097d66855e9,0.4699999988079071,0.4179687201976776,-0.05203127861022949,0.05203127861022949
4,1079,3c661bb0be1050cfe5d8d0db,2.509999990463257,1.851242184638977,-0.6587578058242798,0.6587578058242798
4,1080,d1aed54bba74cf4969eb5b8b,6.192464828491211,4.820775508880615,-1.3716893196105957,1.3716893196105957
4,1081,639f4eb91ee6e3a662de2d51,0.8538719415664673,0.39386478066444397,-0.4600071609020233,0.4600071609020233
4,1082,328f653cf56993ba2b4908e3,0.75,0.7109458446502686,-0.039054155349731445,0.039054155349731445
4,1083,db1fb5d0ad72bb1a4be50803,0.6399999856948853,0.7823812365531921,0.14238125085830688,0.14238125085830688
4,1084,c85593fc8aea7ae2608620e8,1.2100000381469727,0.741031289100647,-0.4689687490463257,0.4689687490463257
4,1085,4f9dd62c773d83ac069c1d3b,1.4600000381469727,1.1817395687103271,-0.2782604694366455,0.2782604694366455
4,1086,7d4fe20817809365bdbb69f1,2.240000009536743,2.1358985900878906,-0.10410141944885254,0.10410141944885254
4,1087,89e219ced49c142ce0fb649f,2.1700000762939453,2.6143898963928223,0.44438982009887695,0.44438982009887695
4,1088,382fe67b66021fd7efe6877f,1.7899999618530273,1.5619513988494873,-0.22804856300354004,0.22804856300354004
4,1089,df8e6a69b078443b5c807d64,0.36754271388053894,2.1999454498291016,1.8324027061462402,1.8324027061462402
5,0,ee0128b6d54c20fd3bfba618,0.3199999928474426,1.4610270261764526,1.1410269737243652,1.1410269737243652
5,1,0a0e7e759d9efcaabbdbc93a,2.0799999237060547,1.9242080450057983,-0.15579187870025635,0.15579187870025635
5,2,25be90d928fe8accc0cac17e,0.11999999731779099,1.1088184118270874,0.9888184070587158,0.9888184070587158
5,3,b30b996575716c0843c86ea3,1.6020599603652954,1.9208983182907104,0.31883835792541504,0.31883835792541504
5,4,5cf6e98b409129a0753642f8,1.5099999904632568,2.2228617668151855,0.7128617763519287,0.7128617763519287
5,5,d192f78a4ba4f8abd9d305af,1.100000023841858,0.8023970127105713,-0.2976030111312866,0.2976030111312866
5,6,40c5aaa354466304a4f8539a,3.619788646697998,4.183481693267822,0.5636930465698242,0.5636930465698242
5,7,8daf19942a99ff4d9686066d,2.0999999046325684,1.6301651000976562,-0.4698348045349121,0.4698348045349121
5,8,01b2f4eb4caf2c46e988a968,2.562685489654541,2.5970492362976074,0.034363746643066406,0.034363746643066406
5,9,c12a5ae48a712a0cc0b892b7,1.4700000286102295,1.6671067476272583,0.1971067190170288,0.1971067190170288
5,10,d585f8d205f15d70c24cc928,0.6989700198173523,0.7577105760574341,0.05874055624008179,0.05874055624008179
5,11,e2235199d44af46413fe0034,0.8299999833106995,1.2577718496322632,0.4277718663215637,0.4277718663215637
5,12,8ae0aa17edf3baeea156f6df,4.3098039627075195,4.375229835510254,0.06542587280273438,0.06542587280273438
5,13,a82ba47f67b08a1373174bd1,0.8805241584777832,1.937258243560791,1.0567340850830078,1.0567340850830078
5,14,501dc72d2b30470ed80dcab8,0.9200000166893005,1.939949631690979,1.0199496746063232,1.0199496746063232
5,15,fa5cace02a4351cce418aab4,2.950000047683716,2.1992483139038086,-0.7507517337799072,0.7507517337799072
5,16,a3ebb4d9e32343271cdadf85,0.3799999952316284,1.2632745504379272,0.8832745552062988,0.8832745552062988
5,17,551bc8cb057fb6f6c6e13a91,0.25999999046325684,0.7952232360839844,0.5352232456207275,0.5352232456207275
5,18,528b5aeb07a66fa2ead5d62a,0.47999998927116394,0.1746884137392044,-0.30531156063079834,0.30531156063079834
5,19,00feebcca616059a014d9621,3.069999933242798,3.9878106117248535,0.9178106784820557,0.9178106784820557
5,20,49f6881a6c83e8695aaa09da,1.9089354276657104,1.7142683267593384,-0.19466710090637207,0.19466710090637207
5,21,7d4947cf3738892e95c9ea24,3.886056661605835,4.259369373321533,0.37331271171569824,0.37331271171569824
5,22,a73f993c9cd3a2c9bdbdafba,1.9600000381469727,1.573757290840149,-0.38624274730682373,0.38624274730682373
5,23,acbf533c9903742f9f48a724,1.6100000143051147,1.2827496528625488,-0.3272503614425659,0.3272503614425659
5,24,91cc5c60d01c76062e9ccd74,1.4900000095367432,2.3648223876953125,0.8748223781585693,0.8748223781585693
5,25,bbd303b69f571a94e4218b25,3.1349618434906006,2.797043800354004,-0.3379180431365967,0.3379180431365967
5,26,294da87687b3eca1f267ab84,0.7599999904632568,2.0788049697875977,1.3188049793243408,1.3188049793243408
5,27,de10e75a74021b9e2339906e,0.6700000166893005,0.7204797267913818,0.0504797101020813,0.0504797101020813
5,28,18dc4e725f6a62e05476d9fc,1.2596373558044434,0.656072199344635,-0.6035651564598083,0.6035651564598083
5,29,4f1981b89380909954a7c8ce,1.8759524822235107,3.4718127250671387,1.595860242843628,1.595860242843628
5,30,a21c49c17be06f32ae3f11e5,0.9900000095367432,0.59892338514328,-0.39107662439346313,0.39107662439346313
5,31,a3131c1dc374ccbf045bee30,4.585026741027832,4.460823059082031,-0.12420368194580078,0.12420368194580078
5,32,5326e0d20a68ce6af59ea06a,3.2531063556671143,3.1059517860412598,-0.1471545696258545,0.1471545696258545
5,33,b5078f964a94625f17d77c1b,1.0800000429153442,1.480974793434143,0.40097475051879883,0.40097475051879883
5,34,c4270517118dfa5783d15336,0.8399999737739563,0.8679369688034058,0.027936995029449463,0.027936995029449463
5,35,11fee56b1780e173d8cfd68d,3.140000104904175,2.6554832458496094,-0.48451685905456543,0.48451685905456543
5,36,4b3c8732a2b6686888db5ec2,0.699999988079071,0.7518285512924194,0.05182856321334839,0.05182856321334839
5,37,f81b07d9107844123f6008cc,2.6800615787506104,2.525585174560547,-0.15447640419006348,0.15447640419006348
5,38,15d09d7fa7bd2acd34027caf,1.809999942779541,1.6553460359573364,-0.1546539068222046,0.1546539068222046
5,39,d3d26d5056ed2c24d9143993,1.8386319875717163,3.020112991333008,1.1814810037612915,1.1814810037612915
5,40,d0924f92d34828cd7d53dcdc,0.8799999952316284,0.9274992942810059,0.04749929904937744,0.04749929904937744
5,41,dc6cf6b68e12f1dab9f3ea20,2.369999885559082,2.2200732231140137,-0.14992666244506836,0.14992666244506836
5,42,de94a2109cccdaa56b2bff6e,3.6500000953674316,3.0277037620544434,-0.6222963333129883,0.6222963333129883
5,43,11c3517241c01b71a99050cd,2.583359479904175,2.6685328483581543,0.08517336845397949,0.08517336845397949
5,44,db30207a9122fb649db26f90,1.4299999475479126,1.7581567764282227,0.32815682888031006,0.32815682888031006
5,45,42f0e4c3c0ae627310481315,1.6100000143051147,1.4714912176132202,-0.13850879669189453,0.13850879669189453
5,46,4896260c7aa00780bf4a0e27,0.8199999928474426,2.058868408203125,1.2388684749603271,1.2388684749603271
5,47,d5dcb8f69f1e488a71d68b15,1.8300000429153442,2.6510443687438965,0.8210443258285522,0.8210443258285522
5,48,2ece18a9971e202ea5b6c506,0.07572071254253387,0.19757938385009766,0.12185867130756378,0.12185867130756378
5,49,ca43ebc1d2d09609b4e02f39,1.9299999475479126,2.40328311920166,0.47328317165374756,0.47328317165374756
5,50,0701f5500c3dc6535c37d432,2.1700000762939453,1.25001060962677,-0.9199894666671753,0.9199894666671753
5,51,082ef3f69d9bbc78991b3774,1.2699999809265137,1.4177794456481934,0.1477794647216797,0.1477794647216797
5,52,d9fc6c31a90dd46c99eb09d9,1.4151333570480347,1.4999909400939941,0.08485758304595947,0.08485758304595947
5,53,0c8d5bb18e8e1e09cb72b506,2.069999933242798,1.5162104368209839,-0.553789496421814,0.553789496421814
5,54,1e754ffb9c80c28bcda6727a,3.0,2.434091091156006,-0.5659089088439941,0.5659089088439941
5,55,8f4d573b2d72b68ea6668524,0.949999988079071,0.8264185786247253,-0.1235814094543457,0.1235814094543457
5,56,23a7a85e56bd54a05785d56b,2.2799999713897705,2.344658851623535,0.06465888023376465,0.06465888023376465
5,57,bcee2d82290f506ea01dbc38,1.1200000047683716,1.1902724504470825,0.07027244567871094,0.07027244567871094
5,58,7d24bf28afbaba43302ca470,1.7899999618530273,2.0063095092773438,0.2163095474243164,0.2163095474243164
5,59,acf4c5ffbd6899b2f9f8693f,0.6600000262260437,0.5052353739738464,-0.15476465225219727,0.15476465225219727
5,60,354c820baed5694743661cc6,0.11350927501916885,0.9265952110290527,0.8130859136581421,0.8130859136581421
5,61,7464e12c6a35536e97c00684,1.9299999475479126,2.392767906188965,0.46276795864105225,0.46276795864105225
5,62,f7d55cd8fed3e0d259739cb9,2.009999990463257,1.86174476146698,-0.14825522899627686,0.14825522899627686
5,63,58e6a2147aa0e55ac23f899f,0.4948500096797943,0.5874207615852356,0.09257075190544128,0.09257075190544128
5,64,be35b824134e1a1f3990bb1f,1.0700000524520874,0.7834863066673279,-0.2865137457847595,0.2865137457847595
5,65,ab74695ffc7aceabf648b472,3.809999942779541,3.596304416656494,-0.21369552612304688,0.21369552612304688
5,66,231887a3351b6f68624f99ac,2.8761484622955322,2.523681640625,-0.3524668216705322,0.3524668216705322
5,67,3a71c207739c360f37dcc271,0.5451551675796509,1.7993935346603394,1.2542383670806885,1.2542383670806885
5,68,6f72a6599a41bb8bbd30d8f5,2.940000057220459,2.1932525634765625,-0.7467474937438965,0.7467474937438965
5,69,61cd351973be7dd36df57578,2.4600000381469727,2.0929408073425293,-0.36705923080444336,0.36705923080444336
5,70,804a2bd1c443b0799a9ae9aa,1.160195231437683,1.0544201135635376,-0.10577511787414551,0.10577511787414551
5,71,6ae45e841ac84c32888e2ad3,2.880000114440918,2.1034512519836426,-0.7765488624572754,0.7765488624572754
5,72,8ebe2b3b7c79a5b6caddae46,1.6299999952316284,1.6570392847061157,0.027039289474487305,0.027039289474487305
5,73,0c0d19a7a35956d1a6ef57c7,1.9100948572158813,2.3705759048461914,0.46048104763031006,0.46048104763031006
5,74,68ca1d80ba214fc640aff95e,0.8356471657752991,0.6352152824401855,-0.20043188333511353,0.20043188333511353
5,75,744dc945a364a935e6f1425b,0.8538719415664673,1.7332764863967896,0.8794045448303223,0.8794045448303223
5,76,6794998daa26e5886f18bdf3,1.4700000286102295,1.870604395866394,0.40060436725616455,0.40060436725616455
5,77,20f167507b9afec97aecd8f6,2.060480833053589,1.7256871461868286,-0.33479368686676025,0.33479368686676025
5,78,93caa5ebc3734454d016ec63,2.369999885559082,1.7647864818572998,-0.6052134037017822,0.6052134037017822
5,79,8735a7388b85b9e89db8518b,3.301029920578003,3.1732497215270996,-0.12778019905090332,0.12778019905090332
5,80,43388ce275f41240cc33b23c,2.973403215408325,2.218716621398926,-0.7546865940093994,0.7546865940093994
5,81,06e0cd11a546b98b633d6d9d,2.92081880569458,1.7023286819458008,-1.2184901237487793,1.2184901237487793
5,82,be3043506e061c14682c3402,1.4800000190734863,1.2773381471633911,-0.20266187191009521,0.20266187191009521
5,83,c145489744a0fa8470b3843a,0.9112115502357483,1.2134000062942505,0.3021884560585022,0.3021884560585022
5,84,325e26c73ca0960b904acc94,2.1999707221984863,2.849769115447998,0.6497983932495117,0.6497983932495117
5,85,d050387a34ab259f3653457d,1.169411301612854,1.4701420068740845,0.30073070526123047,0.30073070526123047
5,86,a1bc800be4e86ac239001dc6,2.130000114440918,2.7164254188537598,0.5864253044128418,0.5864253044128418
5,87,118fbc3e231f33dbc40775a1,3.886056661605835,4.245823383331299,0.35976672172546387,0.35976672172546387
5,88,39ff2713d94b44b0e2810443,1.0499999523162842,0.9514588117599487,-0.09854114055633545,0.09854114055633545
5,89,328f653cf56993ba2b4908e3,0.75,0.7241480350494385,-0.025851964950561523,0.025851964950561523
5,90,114397808fdaec4f6f363ce8,0.8799999952316284,1.0230967998504639,0.14309680461883545,0.14309680461883545
5,91,5a2d3dc6d3a0928615bafda8,2.0043647289276123,2.2003936767578125,0.1960289478302002,0.1960289478302002
5,92,5007e390d7980902c8f044d3,0.9900000095367432,1.034841537475586,0.04484152793884277,0.04484152793884277
5,93,d3cc2bd5e4d6f33c303f9d17,1.5499999523162842,2.688546657562256,1.1385467052459717,1.1385467052459717
5,94,bf548627fef96638a4c8b53e,1.340000033378601,1.3368648290634155,-0.003135204315185547,0.003135204315185547
5,95,aee18833fa12a8adcffa6140,0.8100000023841858,0.968854546546936,0.15885454416275024,0.15885454416275024
5,96,45995738f640bfe41a59a505,1.600000023841858,1.8082290887832642,0.20822906494140625,0.20822906494140625
5,97,e21e60f3dc6af666693fc263,4.638272285461426,4.317694187164307,-0.32057809829711914,0.32057809829711914
5,98,ec2571dd3b81c4e6f2e4117c,2.0826871395111084,2.345925807952881,0.26323866844177246,0.26323866844177246
5,99,967ba1d2eb6471fae080f32f,2.069999933242798,2.547720432281494,0.4777204990386963,0.4777204990386963
5,100,bc589311d667c5feed294e38,2.690000057220459,2.5519256591796875,-0.13807439804077148,0.13807439804077148
5,101,11d98b1d11eb92a55ee1ecb1,1.399999976158142,1.1092661619186401,-0.29073381423950195,0.29073381423950195
5,102,abc9cb726e0bf79be11e9f70,3.0299999713897705,1.9007261991500854,-1.129273772239685,1.129273772239685
5,103,98eb8cc55ac80cbc87f0cd88,2.4800000190734863,1.4794667959213257,-1.0005332231521606,1.0005332231521606
5,104,404605d864daf7dc33a4b113,2.0199999809265137,2.229832172393799,0.20983219146728516,0.20983219146728516
5,105,99cfa7601ffe06209e5675f3,1.6100000143051147,0.8809610605239868,-0.7290389537811279,0.7290389537811279
5,106,731efd56a0231e3ceb0fe601,0.8399999737739563,1.4297581911087036,0.5897582173347473,0.5897582173347473
5,107,988415fcc0b61ed2e1424be0,1.149999976158142,0.9820679426193237,-0.16793203353881836,0.16793203353881836
5,108,1021b15fb66a9eda3dae14ce,0.9900000095367432,1.1109637022018433,0.1209636926651001,0.1209636926651001
5,109,21d51b7bcb7ce8f356c243a3,1.3979400396347046,1.269046664237976,-0.12889337539672852,0.12889337539672852
5,110,bcd032747348212e7eb795a6,-1.4710040092468262,-1.2834486961364746,0.18755531311035156,0.18755531311035156
5,111,9f81309e69b5268c8e952f12,2.6716203689575195,2.2929625511169434,-0.37865781784057617,0.37865781784057617
5,112,21d07a9c2512d3e845fe8d8e,0.7900000214576721,1.524429440498352,0.7344294190406799,0.7344294190406799
5,113,548a488979e34d34fedaffcf,2.0299999713897705,1.8756922483444214,-0.15430772304534912,0.15430772304534912
5,114,d3510ecdb838248898b711b2,1.5800000429153442,1.5966371297836304,0.016637086868286133,0.016637086868286133
5,115,622fdbf0b026ad3eecde62d1,1.3300000429153442,1.0005170106887817,-0.3294830322265625,0.3294830322265625
5,116,e10834162dcedc446e95c45d,1.8700000047683716,1.8569003343582153,-0.01309967041015625,0.01309967041015625
5,117,5f297784c1d351b47716491c,4.0,2.934662342071533,-1.0653376579284668,1.0653376579284668
5,118,d6e5d04245de560ef6b34815,4.193819999694824,4.200319766998291,0.006499767303466797,0.006499767303466797
5,119,0c681f585145159081bce925,0.8399999737739563,1.3054616451263428,0.4654616713523865,0.4654616713523865
5,120,b1bb67cd8bdb927baabfd3b7,1.1799999475479126,1.2359882593154907,0.055988311767578125,0.055988311767578125
5,121,ca05630127b7e0aa6adb25ef,1.6946486234664917,1.7352633476257324,0.04061472415924072,0.04061472415924072
5,122,188383f0039301851380ac21,1.25,1.4106119871139526,0.16061198711395264,0.16061198711395264
5,123,04b7932e2dc228cb17c7f5cf,0.3665315508842468,1.8465124368667603,1.4799809455871582,1.4799809455871582
5,124,5f767a9296e2283c6f7acb0d,3.7081518173217773,3.613196849822998,-0.0949549674987793,0.0949549674987793
5,125,c7404eb57aa19b320a880f4b,1.399999976158142,1.1570024490356445,-0.24299752712249756,0.24299752712249756
5,126,17981d6a540c279bacb0a8f2,2.2200000286102295,2.0731773376464844,-0.14682269096374512,0.14682269096374512
5,127,6c97da2d10223ce538638c25,1.2200000286102295,1.159213900566101,-0.06078612804412842,0.06078612804412842
5,128,77ac2fc1deaca306572b7d3d,0.8899999856948853,0.8362950086593628,-0.05370497703552246,0.05370497703552246
5,129,0b3bf6cd14dd2877a4ba6cc0,1.090000033378601,1.5446034669876099,0.4546034336090088,0.4546034336090088
5,130,5ec7bc139c5f3dc510f87fb5,2.4452531337738037,3.4221858978271484,0.9769327640533447,0.9769327640533447
5,131,adefebde1c4ab6a0b08abdfd,0.6200000047683716,0.886255145072937,0.26625514030456543,0.26625514030456543
5,132,fca1371537e2295b12a764e0,2.5438930988311768,2.1451706886291504,-0.39872241020202637,0.39872241020202637
5,133,057d7dcd793c25a63688896b,1.4299999475479126,1.9091389179229736,0.47913897037506104,0.47913897037506104
5,134,f5c4ce7e5c63f40c55dfb3c4,3.853872060775757,4.036191463470459,0.18231940269470215,0.18231940269470215
5,135,fb36740ed895828b02e2b12d,1.5,1.6856328248977661,0.1856328248977661,0.1856328248977661
5,136,21a2bcf03871a5f2e6461509,4.0,3.4514498710632324,-0.5485501289367676,0.5485501289367676
5,137,20b89cd6568fd6eb8a2a5228,3.0799999237060547,2.064868927001953,-1.0151309967041016,1.0151309967041016
5,138,d5c1dcfc38cd67f23b0e0c65,1.840000033378601,1.5444891452789307,-0.2955108880996704,0.2955108880996704
5,139,22f73d34dedf51a362a6303b,1.6299999952316284,1.5510386228561401,-0.07896137237548828,0.07896137237548828
5,140,4ecebdb7fd25516c93777f85,1.5499999523162842,1.9746016263961792,0.424601674079895,0.424601674079895
5,141,9ab60bededdde1c530004578,0.9244530200958252,0.7551089525222778,-0.16934406757354736,0.16934406757354736
5,142,a3519611b362917d726e0fb7,0.4605475068092346,2.9179916381835938,2.457444190979004,2.457444190979004
5,143,0d0d0379064b75bd3acf9a75,0.8799999952316284,1.520013451576233,0.6400134563446045,0.6400134563446045
5,144,caeafe3ef9c92132c55135cd,2.509999990463257,2.2503724098205566,-0.2596275806427002,0.2596275806427002
5,145,3614b819a11c50845aa6ca35,1.7300000190734863,1.4936325550079346,-0.23636746406555176,0.23636746406555176
5,146,97b9792057866e47e2ba3420,1.0700000524520874,1.4088242053985596,0.33882415294647217,0.33882415294647217
5,147,a51597b3721040f4c9b74486,1.6299999952316284,1.5046533346176147,-0.12534666061401367,0.12534666061401367
5,148,8616864940721d3067349f12,1.7400000095367432,1.4802616834640503,-0.25973832607269287,0.25973832607269287
5,149,739c9f66e0fa6e7217ec5a5a,1.2695510387420654,0.8505929708480835,-0.41895806789398193,0.41895806789398193
5,150,02803c6add2166bc080a2f95,1.7100000381469727,1.64694082736969,-0.06305921077728271,0.06305921077728271
5,151,663d4d17b0c2fca73c692942,3.1752235889434814,3.201381206512451,0.026157617568969727,0.026157617568969727
5,152,114b7f8cb9040cf1be26c880,1.5499999523162842,1.2633323669433594,-0.2866675853729248,0.2866675853729248
5,153,e81ce5804f2ffdf354312ee4,1.0757206678390503,1.1261881589889526,0.050467491149902344,0.050467491149902344
5,154,2b1771649411c6d9c79ac281,2.92081880569458,4.162907123565674,1.2420883178710938,1.2420883178710938
5,155,3b160f87cc40673ffc477863,0.6777806878089905,0.5448058247566223,-0.13297486305236816,0.13297486305236816
5,156,7d2c04b457f809545607fefe,4.12493896484375,3.8431220054626465,-0.2818169593811035,0.2818169593811035
5,157,efd0ff320fddb8bbbf1b3573,2.5799999237060547,2.377438545227051,-0.2025613784790039,0.2025613784790039
5,158,6e738457df166f25c92273c2,1.8300000429153442,1.674916386604309,-0.15508365631103516,0.15508365631103516
5,159,3f11fff1c94d223959aeb2c3,3.017728805541992,2.142056941986084,-0.8756718635559082,0.8756718635559082
5,160,47509d5c11f12dd53a1e79c7,3.176091194152832,2.8915514945983887,-0.28453969955444336,0.28453969955444336
5,161,218e8c1eca098c886cdd1f85,0.9800000190734863,0.8263686299324036,-0.15363138914108276,0.15363138914108276
5,162,80a4631a2adbd3b203232627,2.9700000286102295,1.9666541814804077,-1.0033458471298218,1.0033458471298218
5,163,3c049f29640f420197c79cee,3.6600000858306885,3.2712574005126953,-0.38874268531799316,0.38874268531799316
5,164,89e219ced49c142ce0fb649f,2.1700000762939453,2.797354221343994,0.6273541450500488,0.6273541450500488
5,165,57e826ef64dd6c767eecc301,1.8538719415664673,2.864872932434082,1.0110009908676147,1.0110009908676147
5,166,7091310b1aaa58cfbaab2bb0,1.840000033378601,2.8774304389953613,1.0374304056167603,1.0374304056167603
5,167,d9852c353bba4a2a5e45440e,1.77211332321167,1.404903531074524,-0.367209792137146,0.367209792137146
5,168,707d697246ccc45a842c0080,4.1191864013671875,3.522263526916504,-0.5969228744506836,0.5969228744506836
5,169,4aac812ad65da90f53483511,2.869999885559082,2.5564146041870117,-0.3135852813720703,0.3135852813720703
5,170,2e29d43c89e9b4c71006925c,0.7099999785423279,0.8696650266647339,0.159665048122406,0.159665048122406
5,171,5ef176a43e1d36809a0f8043,0.8999999761581421,2.684959888458252,1.7849599123001099,1.7849599123001099
5,172,227bc90f385ad750aaa09a3d,1.9600000381469727,1.9482699632644653,-0.011730074882507324,0.011730074882507324
5,173,a4be5e18299bc008b6f494d9,0.6399999856948853,1.1947546005249023,0.5547546148300171,0.5547546148300171
5,174,8d5f855f87dfd0b69b5679bb,2.809999942779541,1.7257994413375854,-1.0842005014419556,1.0842005014419556
5,175,1b6739caa078489b3b1aeaf1,1.3200000524520874,1.5911061763763428,0.27110612392425537,0.27110612392425537
5,176,38afb52cbe1d10afb1ab76d2,2.856985092163086,2.640212059020996,-0.21677303314208984,0.21677303314208984
5,177,e5ec5afffcdbe7d0de40ae79,0.8239087462425232,1.044251799583435,0.22034305334091187,0.22034305334091187
5,178,9e63bfdad6cafb6c9644fe60,1.2200000286102295,0.7328453660011292,-0.48715466260910034,0.48715466260910034
5,179,46215861d66bbc6ef69a61fc,0.800000011920929,0.32403430342674255,-0.4759657084941864,0.4759657084941864
5,180,76b527153d1c0285b4d3c751,1.0700000524520874,0.7513004541397095,-0.31869959831237793,0.31869959831237793
5,181,112cd60a51c9e66d0a20a031,0.4099999964237213,1.2530282735824585,0.8430283069610596,0.8430283069610596
5,182,33b93f73eb2487abd0b03c7d,3.602060079574585,3.721121311187744,0.11906123161315918,0.11906123161315918
5,183,e46efa838dbbf96883da6056,2.299999952316284,1.8900572061538696,-0.40994274616241455,0.40994274616241455
5,184,d1c2b1812ba56f894d03e326,2.3216638565063477,1.9805206060409546,-0.34114325046539307,0.34114325046539307
5,185,9954d26c7fb5a7447537966f,3.211831569671631,3.152939796447754,-0.05889177322387695,0.05889177322387695
5,186,50a58f60a32332be2252ea7a,1.6111416816711426,1.0084012746810913,-0.6027404069900513,0.6027404069900513
5,187,b1c5bd768b2996d735c09a59,3.129595994949341,3.137291431427002,0.007695436477661133,0.007695436477661133
5,188,f8cdac5bc841db3fec56545a,2.086186170578003,2.1076855659484863,0.0214993953704834,0.0214993953704834
5,189,baec903cf27001832317c77a,1.0700000524520874,0.8856561183929443,-0.18434393405914307,0.18434393405914307
5,190,bb4ed15f86c7bebf35091224,3.744727611541748,4.104653835296631,0.3599262237548828,0.3599262237548828
5,191,26fd5dd96ea46010f492a814,1.3200000524520874,1.2842100858688354,-0.03578996658325195,0.03578996658325195
5,192,8de8b11a7db6ebc637053713,4.275723934173584,4.351434230804443,0.07571029663085938,0.07571029663085938
5,193,cc81683f9a62226fedadc42d,0.9599999785423279,0.7928317189216614,-0.1671682596206665,0.1671682596206665
5,194,2873002cd1fb47b1c1321a26,0.3665315508842468,1.55844247341156,1.191910982131958,1.191910982131958
5,195,ff99e95fe57df370421dbfb7,1.6020599603652954,2.750251293182373,1.1481913328170776,1.1481913328170776
5,196,d04a974b73d153e0624bec1c,0.6595559120178223,0.6724801659584045,0.012924253940582275,0.012924253940582275
5,197,53d476846b8c7cf4fc8bee4f,0.5800442695617676,0.8141013383865356,0.23405706882476807,0.23405706882476807
5,198,9fca2c6200fda907648b2887,1.879426121711731,1.8643893003463745,-0.015036821365356445,0.015036821365356445
5,199,c80355284c89fc26ea379592,1.0,1.2488731145858765,0.24887311458587646,0.24887311458587646
5,200,f471e15fa78f322b2721dd9b,2.130000114440918,2.3238301277160645,0.19383001327514648,0.19383001327514648
5,201,703dd3774f57eaecf1dce2ac,1.6699999570846558,1.7929903268814087,0.12299036979675293,0.12299036979675293
5,202,a3d8da46af088f22291b69e0,0.5850266814231873,0.7340096235275269,0.1489829421043396,0.1489829421043396
5,203,eb6c0f06af498933dfd1e280,3.823908805847168,3.4052958488464355,-0.4186129570007324,0.4186129570007324
5,204,cafbaa5d27cf5696e9e35c33,0.8999999761581421,1.1736940145492554,0.2736940383911133,0.2736940383911133
5,205,e5cd6cf40e6bc38aa2cc56b4,2.2922251224517822,2.301025867462158,0.008800745010375977,0.008800745010375977
5,206,0e0ad1b47f8437bb327e8850,3.3581511974334717,3.5286641120910645,0.17051291465759277,0.17051291465759277
5,207,c280e5ae814a8d86f93aab91,0.9200000166893005,1.4113460779190063,0.4913460612297058,0.4913460612297058
5,208,8b3eab582e2b1c35c3553aa3,0.8100000023841858,1.0475860834121704,0.23758608102798462,0.23758608102798462
5,209,1623a0b1e60f7fc2ba325ab9,1.2300000190734863,1.3615989685058594,0.13159894943237305,0.13159894943237305
5,210,fe0291e2915c9c89c8834cd0,2.886056661605835,1.9243417978286743,-0.9617148637771606,0.9617148637771606
5,211,2af8351a712efd01b0cc6319,0.6777806878089905,0.6530289649963379,-0.024751722812652588,0.024751722812652588
5,212,48fa098cd51d9bed6c931e9e,1.2699999809265137,1.5032825469970703,0.23328256607055664,0.23328256607055664
5,213,7908bd6ffa056274f1bb108f,1.9800000190734863,1.601523756980896,-0.37847626209259033,0.37847626209259033
5,214,355b7e5e29cb0ac29f9d1be5,2.359999895095825,1.882941722869873,-0.47705817222595215,0.47705817222595215
5,215,550a13b4b77f965b7083cd1d,1.9360682964324951,4.142696380615234,2.2066280841827393,2.2066280841827393
5,216,26f639c0cc0ee71b2708365e,1.840000033378601,1.9237929582595825,0.08379292488098145,0.08379292488098145
5,217,b6986b94a8893015f4fe8076,0.8239087462425232,0.7080574035644531,-0.11585134267807007,0.11585134267807007
5,218,fd9367cec6309ad8cb8c6bd3,1.8600000143051147,2.1488094329833984,0.2888094186782837,0.2888094186782837
5,219,5048038fce0428c4b5ff5142,1.0800000429153442,0.8966166377067566,-0.18338340520858765,0.18338340520858765
5,220,044f6bbb4661f06c17bf9362,4.86012077331543,4.563515663146973,-0.29660511016845703,0.29660511016845703
5,221,005d819ad04ac7963c85291c,-1.4710040092468262,-1.20990788936615,0.26109611988067627,0.26109611988067627
5,222,c043e24e5d4e548bb79b7127,1.2599999904632568,1.1660674810409546,-0.09393250942230225,0.09393250942230225
5,223,57c9982c131bf76aa5203eff,3.5317020416259766,3.5065536499023438,-0.025148391723632812,0.025148391723632812
5,224,1e6a742e1de862593c766967,1.1200000047683716,1.3317173719406128,0.2117173671722412,0.2117173671722412
5,225,462b3f1e6b5e9be1ba23f8b2,2.7869250774383545,2.615640163421631,-0.17128491401672363,0.17128491401672363
5,226,302dd0bdf474bbc7ef37bba2,0.9913998246192932,0.7944774031639099,-0.1969224214553833,0.1969224214553833
5,227,4ba69efe9e4a7f00951a7591,1.6399999856948853,1.8469617366790771,0.2069617509841919,0.2069617509841919
5,228,35c794dbeb9919e215931110,1.1100000143051147,1.7333626747131348,0.62336266040802,0.62336266040802
5,229,a275b2294ec4e49fa4eabd62,3.823908805847168,4.195964813232422,0.3720560073852539,0.3720560073852539
5,230,2dc5a103815f7e1687756cf5,2.8538029193878174,2.864129066467285,0.010326147079467773,0.010326147079467773
5,231,a6d2487cf65bc8b0b9fce147,2.009999990463257,2.8273983001708984,0.8173983097076416,0.8173983097076416
5,232,867787de0a59c29f6fb92a45,1.8010300397872925,1.9931575059890747,0.19212746620178223,0.19212746620178223
5,233,99af1110cb1591c879169c4f,2.9534831047058105,2.8491010665893555,-0.10438203811645508,0.10438203811645508
5,234,9b3387700845348fafb39898,1.6699999570846558,1.284346103668213,-0.38565385341644287,0.38565385341644287
5,235,742bcf65e11cd732ff438320,3.508638381958008,3.717883586883545,0.2092452049255371,0.2092452049255371
5,236,d9c0e7d9336ab88920195d2e,0.8799999952316284,0.9529333114624023,0.07293331623077393,0.07293331623077393
5,237,415a17936feed373dd14bf92,2.2494916915893555,2.174346923828125,-0.07514476776123047,0.07514476776123047
5,238,1b66f96ad4b6bba8c7709c91,3.92081880569458,4.101607799530029,0.18078899383544922,0.18078899383544922
5,239,12708da5563be44ecac5e216,4.522878646850586,4.472970485687256,-0.04990816116333008,0.04990816116333008
5,240,1aec49d1b13dd6a4c5fe624a,0.9900000095367432,1.4418362379074097,0.4518362283706665,0.4518362283706665
5,241,7b3fcbe1812cc828f0f9072e,0.8500000238418579,1.3693307638168335,0.5193307399749756,0.5193307399749756
5,242,55aaf1afc4637d3c4f418139,1.3799680471420288,1.9639228582382202,0.5839548110961914,0.5839548110961914
5,243,0822acfcc6aac38ee2e7f3b1,4.431798458099365,4.108332633972168,-0.32346582412719727,0.32346582412719727
5,244,c9e30dd5693a9c4a2c8979e8,2.795880079269409,2.584136962890625,-0.21174311637878418,0.21174311637878418
5,245,a8e5c3ad919c32a8de199925,0.8700000047683716,0.7293981909751892,-0.14060181379318237,0.14060181379318237
5,246,ed4beb79e66bfaede95e0156,1.659999966621399,1.6784204244613647,0.01842045783996582,0.01842045783996582
5,247,90dc6fdd6de517d1e1a05df8,0.47999998927116394,1.322871208190918,0.8428711891174316,0.8428711891174316
5,248,5d7ab4664c3045037bc9f8f9,1.2200000286102295,0.8692396879196167,-0.3507603406906128,0.3507603406906128
5,249,faa3fd86919c30857f2c0f8d,3.8728952407836914,3.310784339904785,-0.5621109008789062,0.5621109008789062
5,250,b93a947007986a4840fd4f8c,1.0499999523162842,0.9584110975265503,-0.09158885478973389,0.09158885478973389
5,251,c4b7a4aa833d87615e7efa98,2.07572078704834,2.5045418739318848,0.4288210868835449,0.4288210868835449
5,252,dcdcabd882be2a9e851b8a37,0.8799999952316284,1.3838685750961304,0.503868579864502,0.503868579864502
5,253,a7622ca0fb41231a77096476,0.9100000262260437,1.1327368021011353,0.22273677587509155,0.22273677587509155
5,254,5e7a435d7dce6b99e7a8fd27,0.102372907102108,0.07539525628089905,-0.026977650821208954,0.026977650821208954
5,255,a37411a972f40e6bbdfe28e8,1.399999976158142,1.4024978876113892,0.0024979114532470703,0.0024979114532470703
5,256,4a86bcf2946da1053c83df83,1.0199999809265137,0.7805753350257874,-0.23942464590072632,0.23942464590072632
5,257,a039ddfa58b4c8964a5ed6c5,4.229147911071777,4.23391580581665,0.004767894744873047,0.004767894744873047
5,258,76cef2c6f8f4321727d63e67,1.5,2.0643439292907715,0.5643439292907715,0.5643439292907715
5,259,8cf1c18a92875a5ec91e8a17,0.27000001072883606,1.211471438407898,0.9414714574813843,0.9414714574813843
5,260,d1857b17bce800d0d5ddb2f1,0.5699999928474426,1.068717360496521,0.49871736764907837,0.49871736764907837
5,261,8b8b9cd550b53ad8200eb920,2.009999990463257,1.0190447568893433,-0.9909552335739136,0.9909552335739136
5,262,058d7b605cd51fe4ee5634f5,1.590000033378601,1.5791178941726685,-0.010882139205932617,0.010882139205932617
5,263,6cadfe2674ffabae45e2e6db,4.922026634216309,3.998286724090576,-0.9237399101257324,0.9237399101257324
5,264,5bd52ec11d4fe452ebb7d40b,2.869666337966919,2.76987886428833,-0.09978747367858887,0.09978747367858887
5,265,c4eb6b533d77e3d6fc08a03c,1.4900000095367432,0.49360883235931396,-0.9963911771774292,0.9963911771774292
5,266,2323af895e74b6b63f36f2f6,3.187086582183838,2.5936379432678223,-0.5934486389160156,0.5934486389160156
5,267,9561ce0a425a7ca921a9494a,2.4685211181640625,3.070255756378174,0.6017346382141113,0.6017346382141113
5,268,c55d03a9f8429626243d59ec,-0.15000000596046448,1.6763144731521606,1.8263144493103027,1.8263144493103027
5,269,aebea36be7d5fe5bf69447f7,0.7900000214576721,1.066673994064331,0.27667397260665894,0.27667397260665894
5,270,e35ab9e40c28969ed199a722,1.793174147605896,1.7633644342422485,-0.02980971336364746,0.02980971336364746
5,271,e1134024eb9ad06437748863,1.1567672491073608,0.7040926218032837,-0.45267462730407715,0.45267462730407715
5,272,d445306858b0738c19f30e9c,1.2839967012405396,1.2064604759216309,-0.07753622531890869,0.07753622531890869
5,273,aa175afcf39ede4e0a667bc3,2.4000000953674316,2.458146572113037,0.05814647674560547,0.05814647674560547
5,274,6b4805174bfe4444c9f683e3,2.2300000190734863,1.8521558046340942,-0.3778442144393921,0.3778442144393921
5,275,edf457f2112607ea1cb564a4,2.2300000190734863,2.532939910888672,0.30293989181518555,0.30293989181518555
5,276,d3f326e8c8e00ec59b56124f,2.898653984069824,2.6041526794433594,-0.29450130462646484,0.29450130462646484
5,277,0378119b37dd9712b8048b5d,3.0399999618530273,1.7705469131469727,-1.2694530487060547,1.2694530487060547
5,278,1b7fb14d602934d51ddbf244,0.7400000095367432,1.201960802078247,0.4619607925415039,0.4619607925415039
5,279,4e3cc2a0d2e58fe2d8e3aeaf,3.3004887104034424,3.815345287322998,0.5148565769195557,0.5148565769195557
5,280,8a19c11026c01f996f820b40,0.699999988079071,1.5511282682418823,0.8511282801628113,0.8511282801628113
5,281,ea3afb78afba25b097bfd4ed,4.045757293701172,3.900709629058838,-0.14504766464233398,0.14504766464233398
5,282,58010a9bf471f229d778e958,3.51855731010437,3.4998292922973633,-0.018728017807006836,0.018728017807006836
5,283,0d86426f8090f3ebe0e5f46d,0.8799999952316284,0.8357653617858887,-0.044234633445739746,0.044234633445739746
5,284,1fe4d06521184f01894a8a09,1.5606672763824463,1.5769819021224976,0.01631462574005127,0.01631462574005127
5,285,52ba2fd1fd645b4ec393b468,2.6700000762939453,1.506987452507019,-1.1630126237869263,1.1630126237869263
5,286,fd3cb5e907e449c305a1b3ac,1.2999999523162842,1.241409182548523,-0.05859076976776123,0.05859076976776123
5,287,5898a331ba17671bf884bc8b,3.9981493949890137,3.9160866737365723,-0.0820627212524414,0.0820627212524414
5,288,65ccc75887304ab1da43351e,0.6352614164352417,0.6658693552017212,0.030607938766479492,0.030607938766479492
5,289,47bec49372f0aa11295a6f6d,4.1191864013671875,3.4075984954833984,-0.7115879058837891,0.7115879058837891
5,290,917b202f9ade16bf0e504624,1.6200000047683716,1.746655821800232,0.12665581703186035,0.12665581703186035
5,291,1de2289fca33153c9be6bb60,1.4800000190734863,1.4267557859420776,-0.05324423313140869,0.05324423313140869
5,292,75111c0935f0e4261ac7ed38,3.359999895095825,3.5286641120910645,0.16866421699523926,0.16866421699523926
5,293,15cdc44ea861861b80f7e853,0.8299999833106995,0.8286409378051758,-0.0013590455055236816,0.0013590455055236816
5,294,e9525462c29f1b511950d910,2.259999990463257,1.7483983039855957,-0.5116016864776611,0.5116016864776611
5,295,767359230728ace52b5c6e41,2.8422579765319824,3.0088186264038086,0.16656064987182617,0.16656064987182617
5,296,20d050979aa880fdf913d66b,1.7695510387420654,0.33179014921188354,-1.437760829925537,1.437760829925537
5,297,23ccefaf2e6bf23c2f4ef188,1.850000023841858,0.8212755918502808,-1.0287244319915771,1.0287244319915771
5,298,8fe27ba415a588e187ff7241,4.840132236480713,4.296080112457275,-0.5440521240234375,0.5440521240234375
5,299,2dc7d4cb0276d9e3b3980097,4.010016441345215,3.739534854888916,-0.27048158645629883,0.27048158645629883
5,300,37a562ef5da2c321ad8fa168,0.8794260621070862,1.0372298955917358,0.15780383348464966,0.15780383348464966
5,301,f8f391171c6c4395c6e28a8e,0.8799999952316284,0.7760616540908813,-0.10393834114074707,0.10393834114074707
5,302,f0404db96b162a591503977c,1.3300000429153442,2.2230324745178223,0.893032431602478,0.893032431602478
5,303,04f47fe69277fb7f7c5edd52,1.6799999475479126,1.5655821561813354,-0.11441779136657715,0.11441779136657715
5,304,d5d10762bb63c6d7cefd5397,1.443697452545166,1.8694615364074707,0.4257640838623047,0.4257640838623047
5,305,f7c3efdc950125e34018f3aa,3.086186170578003,3.3189730644226074,0.2327868938446045,0.2327868938446045
5,306,4777995ddc8fb506eda3f6b2,2.6968040466308594,1.8934775590896606,-0.8033264875411987,0.8033264875411987
5,307,a9cff8120b0c64a2b0d69b27,1.1299999952316284,1.0431264638900757,-0.08687353134155273,0.08687353134155273
5,308,c66cd5d3def20d0daa1f2806,2.940000057220459,2.8538241386413574,-0.08617591857910156,0.08617591857910156
5,309,7e6f7eb7d8be350dd4f1c1c6,0.4282911717891693,0.4979276657104492,0.06963649392127991,0.06963649392127991
5,310,ea93a5de127f26c8bb5f6418,1.7100000381469727,1.7115026712417603,0.0015026330947875977,0.0015026330947875977
5,311,516bce7a59f8cc76366498ff,1.850000023841858,1.861148715019226,0.011148691177368164,0.011148691177368164
5,312,8c0441f8fac9436ab432c06c,2.4100000858306885,1.5867701768875122,-0.8232299089431763,0.8232299089431763
5,313,b1fd15c0e672c49d2f8e6675,2.4594202041625977,2.216674327850342,-0.24274587631225586,0.24274587631225586
5,314,a5f2f16c84e0de13a368d1c5,1.899999976158142,1.7670022249221802,-0.13299775123596191,0.13299775123596191
5,315,926333a2ea868d2557dfdc0e,1.8200000524520874,1.9168505668640137,0.09685051441192627,0.09685051441192627
5,316,64bc59277c31fd6418d5f5e8,3.477121353149414,2.8065667152404785,-0.6705546379089355,0.6705546379089355
5,317,6a6c19093d9a3bb87085265d,2.130000114440918,1.2557460069656372,-0.8742541074752808,0.8742541074752808
5,318,5e6f25387d181c65c8f1e9dd,2.886056661605835,2.8236618041992188,-0.06239485740661621,0.06239485740661621
5,319,784a6539318f415ddfd70f72,2.119999885559082,2.196737289428711,0.0767374038696289,0.0767374038696289
5,320,e31c930994f63e61a0baef5e,3.853872060775757,4.032143592834473,0.17827153205871582,0.17827153205871582
5,321,e67b5fbd3f0aa8c27f2ccb3e,1.3872160911560059,1.3962591886520386,0.009043097496032715,0.009043097496032715
5,322,9c063afef2f30f05849d9b84,1.1699999570846558,1.1688194274902344,-0.0011805295944213867,0.0011805295944213867
5,323,1cd3baa22a9fd7e44d86412f,2.0,1.8390495777130127,-0.1609504222869873,0.1609504222869873
5,324,400df5fc87a7a651e3129f66,0.36000001430511475,0.5468295812606812,0.1868295669555664,0.1868295669555664
5,325,4e1ef708bbde681de9787705,2.009999990463257,1.9988874197006226,-0.011112570762634277,0.011112570762634277
5,326,ffa753eb7486037194437113,0.6020600199699402,0.797732949256897,0.1956729292869568,0.1956729292869568
5,327,79d64893b2fffe41ac7af493,1.0499999523162842,0.84096360206604,-0.20903635025024414,0.20903635025024414
5,328,52925f22e229a53fa89fa708,1.9199999570846558,1.4902936220169067,-0.429706335067749,0.429706335067749
5,329,4a7ab1d8e227d1330ab76451,2.569999933242798,2.971454620361328,0.4014546871185303,0.4014546871185303
5,330,46cfe6d75a1bb19cf5ab10c1,2.700000047683716,3.088284969329834,0.38828492164611816,0.38828492164611816
5,331,db42fff1ccfce4a4d6b685b3,1.6575772762298584,2.4157023429870605,0.7581250667572021,0.7581250667572021
5,332,9f2dd29ea6da7569f1648a0a,3.119999885559082,2.9927501678466797,-0.12724971771240234,0.12724971771240234
5,333,59571b63371921aaa1304d5d,2.0,2.1759514808654785,0.17595148086547852,0.17595148086547852
5,334,8bdd622712dff01678c02268,1.3010300397872925,1.3127686977386475,0.01173865795135498,0.01173865795135498
5,335,b5d64ccf76a3fb7d38e263c6,2.319999933242798,2.160536766052246,-0.15946316719055176,0.15946316719055176
5,336,3c18d71f9247f955b877157b,2.4300410747528076,3.5565528869628906,1.126511812210083,1.126511812210083
5,337,5684d407eeab66378c2bb46c,1.059999942779541,1.4270193576812744,0.3670194149017334,0.3670194149017334
5,338,2749f89596476d5619fb87d0,1.6699999570846558,1.3214157819747925,-0.3485841751098633,0.3485841751098633
5,339,79684dbb08e48d1117deec99,3.6575772762298584,4.001760959625244,0.34418368339538574,0.34418368339538574
5,340,46c8a43a119352aebf25a524,2.150515079498291,1.9828461408615112,-0.16766893863677979,0.16766893863677979
5,341,93922eba5da77df277296ed7,1.9586073160171509,2.0122313499450684,0.05362403392791748,0.05362403392791748
5,342,7442a9fd759d4ba1ec4897f0,0.7300000190734863,1.9159694910049438,1.1859694719314575,1.1859694719314575
5,343,5b09a44df00b394103aace49,2.880000114440918,2.6410999298095703,-0.23890018463134766,0.23890018463134766
5,344,24a71308bbbcac809bdb2652,4.202040195465088,3.928809642791748,-0.27323055267333984,0.27323055267333984
5,345,c5b636af9510996b429b212f,1.1567672491073608,0.6615343689918518,-0.49523288011550903,0.49523288011550903
5,346,e1b6973f412c996d9d1ea2fb,1.6989699602127075,1.3274427652359009,-0.37152719497680664,0.37152719497680664
5,347,e901193a608f52883d612ea3,1.6299999952316284,1.5526831150054932,-0.07731688022613525,0.07731688022613525
5,348,557657e1e683079d08cce6df,3.2232987880706787,2.3569741249084473,-0.8663246631622314,0.8663246631622314
5,349,15343f11669925a9befa15ef,0.9281179904937744,0.9326727390289307,0.00455474853515625,0.00455474853515625
5,350,ce73a63d9d0e40fc9c29dbc9,3.737548828125,2.5916519165039062,-1.1458969116210938,1.1458969116210938
5,351,3bbbbd8f5c835360df267bb5,3.609999895095825,2.2058591842651367,-1.4041407108306885,1.4041407108306885
5,352,6193872800e9949862b8546a,0.9900000095367432,1.1594053506851196,0.16940534114837646,0.16940534114837646
5,353,6690c9cdb7432b4675e1aca2,2.069999933242798,1.8895639181137085,-0.18043601512908936,0.18043601512908936
5,354,ae41b2cfb20eeb5f884147d7,2.130000114440918,2.08780574798584,-0.042194366455078125,0.042194366455078125
5,355,503cbe4d559ad346b01dc392,2.7000932693481445,2.5594983100891113,-0.1405949592590332,0.1405949592590332
5,356,e7f6dfca0ce0d53f91fa1e03,1.2899999618530273,1.405786395072937,0.11578643321990967,0.11578643321990967
5,357,d0214fff3e358cd9454cc4c2,0.6800000071525574,1.0615111589431763,0.3815111517906189,0.3815111517906189
5,358,4b88496b79013949049ded15,3.454692840576172,3.414822578430176,-0.039870262145996094,0.039870262145996094
5,359,216b6b33fac25429848a19e2,2.180000066757202,1.2869592905044556,-0.8930407762527466,0.8930407762527466
5,360,9ab00dd86042840245c213af,2.4200000762939453,2.543881416320801,0.12388134002685547,0.12388134002685547
5,361,d7349dfd1a8595342c67d580,0.7200000286102295,1.4425233602523804,0.7225233316421509,0.7225233316421509
5,362,fe14db951bfb7775fabcd3c2,1.275724172592163,1.1735345125198364,-0.10218966007232666,0.10218966007232666
5,363,cdce2e87b8dd79de31a3c250,2.0299999713897705,2.095181465148926,0.06518149375915527,0.06518149375915527
5,364,e07ba31f589a5a924fcb874b,0.8199999928474426,1.7439292669296265,0.9239292740821838,0.9239292740821838
5,365,88e95263ea343bcf1897cda7,1.0499999523162842,0.7720603942871094,-0.2779395580291748,0.2779395580291748
5,366,506af17d20e3dd713589f9b0,1.4199999570846558,1.5137466192245483,0.09374666213989258,0.09374666213989258
5,367,71eafc1976d92e94e313250c,2.617982864379883,2.5736985206604004,-0.04428434371948242,0.04428434371948242
5,368,a965306f9fb97c444d123463,0.25999999046325684,0.9216924905776978,0.6616925001144409,0.6616925001144409
5,369,f4e08af7a428a2d96f7d34d5,3.778151273727417,2.8237767219543457,-0.9543745517730713,0.9543745517730713
5,370,eb85840f6808ebf859c528cc,2.0,2.439884662628174,0.43988466262817383,0.43988466262817383
5,371,2593fe1cbd1b3b3b5d565596,1.090000033378601,1.7739595174789429,0.6839594841003418,0.6839594841003418
5,372,4f96fddb1fbb51adb7ec45e6,3.7899491786956787,3.6010098457336426,-0.18893933296203613,0.18893933296203613
5,373,8e92e0f3fd4bec451afeb412,4.823908805847168,3.900709629058838,-0.9231991767883301,0.9231991767883301
5,374,49813be4681ebab1cfcb4c67,2.431798219680786,2.273331642150879,-0.15846657752990723,0.15846657752990723
5,375,b06b4a8b15157a8f3d395ba0,1.1299999952316284,0.8930565118789673,-0.23694348335266113,0.23694348335266113
5,376,b6d54cef50066e298941c814,3.7105658054351807,3.1725845336914062,-0.5379812717437744,0.5379812717437744
5,377,becc662a9bf1658b3145ed99,4.647817611694336,2.9223814010620117,-1.7254362106323242,1.7254362106323242
5,378,c07898e089f77f12908dcc64,0.8399999737739563,1.1203159093856812,0.28031593561172485,0.28031593561172485
5,379,203c38633cf3bc2645d81ebf,0.4099999964237213,1.1777493953704834,0.7677494287490845,0.7677494287490845
5,380,32dde5915203a7f2aa665fe5,3.5199999809265137,2.486759662628174,-1.0332403182983398,1.0332403182983398
5,381,1f529211c7f7dbee543fecdf,0.7799999713897705,1.3279683589935303,0.5479683876037598,0.5479683876037598
5,382,d196d9307cd11666fc378432,1.6989699602127075,2.3385047912597656,0.6395348310470581,0.6395348310470581
5,383,b6552cd5921d223423762019,3.50445556640625,3.2921018600463867,-0.21235370635986328,0.21235370635986328
5,384,6aeaa420cadabbf919be58ab,2.636388063430786,2.63724422454834,0.0008561611175537109,0.0008561611175537109
5,385,3d2a32baf92f93516052f1c3,1.0700000524520874,0.8906959295272827,-0.1793041229248047,0.1793041229248047
5,386,6cf831edec5c591b3199f3ed,0.5944828987121582,0.6697860360145569,0.07530313730239868,0.07530313730239868
5,387,37db605bf7937ed1ea05fb52,3.410050392150879,2.8963451385498047,-0.5137052536010742,0.5137052536010742
5,388,08a1caa964154226dfb1a28f,2.119999885559082,1.9438848495483398,-0.1761150360107422,0.1761150360107422
5,389,94dca8c3d8a8ce2aef0e1715,2.7985117435455322,2.717684268951416,-0.08082747459411621,0.08082747459411621
5,390,2153e86c13d9027b6f551c73,2.515700101852417,2.555091381072998,0.039391279220581055,0.039391279220581055
5,391,c87adc499bddc66a6ed90618,1.6299999952316284,2.2046236991882324,0.574623703956604,0.574623703956604
5,392,3088656861c7a362982ac89d,1.7400000095367432,1.755410075187683,0.015410065650939941,0.015410065650939941
5,393,fad5014adbccd5680670dda8,1.350000023841858,1.1759830713272095,-0.17401695251464844,0.17401695251464844
5,394,560cca6a439fef4f4009249c,2.7878124713897705,2.990849018096924,0.20303654670715332,0.20303654670715332
5,395,25708b6df92c838f4c0e85f6,2.397939920425415,2.350999355316162,-0.04694056510925293,0.04694056510925293
5,396,73c4ebfc09db56e768d9cef2,2.4357285499572754,2.793300151824951,0.3575716018676758,0.3575716018676758
5,397,90a80ead03920449eedb62d6,3.2799999713897705,1.6172291040420532,-1.6627708673477173,1.6627708673477173
5,398,a9798ae3800e573d9163db85,1.4471579790115356,1.6184003353118896,0.171242356300354,0.171242356300354
5,399,4687e300d0094f30e77a436c,0.949999988079071,1.2608810663223267,0.3108810782432556,0.3108810782432556
5,400,9b78bedc40e0ec0d33ecb158,1.899999976158142,2.1622915267944336,0.2622915506362915,0.2622915506362915
5,401,8f12ae0e600835ec39a69872,1.1699999570846558,0.8425770998001099,-0.3274228572845459,0.3274228572845459
5,402,27f4848df4e0c75b871d7a4e,1.2400000095367432,1.1683341264724731,-0.07166588306427002,0.07166588306427002
5,403,29efeba2aac5fa73f8e983ba,2.7699999809265137,2.094486713409424,-0.6755132675170898,0.6755132675170898
5,404,df96184c66a4ce5530ac76eb,3.537601947784424,4.056295394897461,0.5186934471130371,0.5186934471130371
5,405,e0babe88eb5108a6e6842675,1.3885976076126099,2.327625274658203,0.9390276670455933,0.9390276670455933
5,406,0f4f6c4abec949b37168691d,3.45644474029541,2.3746213912963867,-1.0818233489990234,1.0818233489990234
5,407,046f5db64834318caf898f35,2.295849561691284,1.993646264076233,-0.30220329761505127,0.30220329761505127
5,408,ac1d81257e80714aea15a9f5,3.50445556640625,3.2921018600463867,-0.21235370635986328,0.21235370635986328
5,409,d934ffef60b1b1db34725e69,2.778151273727417,2.8001575469970703,0.02200627326965332,0.02200627326965332
5,410,eff3b5eaf82a4080dc3c0fd9,3.548213481903076,2.664316177368164,-0.8838973045349121,0.8838973045349121
5,411,c2ea7b4042b5b4931ac1e012,2.869999885559082,2.7559165954589844,-0.11408329010009766,0.11408329010009766
5,412,692c1e50afcfc2833e04ff48,3.6600000858306885,2.752096176147461,-0.9079039096832275,0.9079039096832275
5,413,1496a78f9aa5bd3f0cb7a50c,3.853872060775757,3.4532718658447266,-0.4006001949310303,0.4006001949310303
5,414,6e97750a175c0c7ad8cd334e,0.9800000190734863,0.8599727153778076,-0.12002730369567871,0.12002730369567871
5,415,c01c8d2837b91f7a44e96260,0.949999988079071,1.3304685354232788,0.38046854734420776,0.38046854734420776
5,416,f6887aef39e1ea3c77e0ff2e,0.588759183883667,0.8470266461372375,0.25826746225357056,0.25826746225357056
5,417,b9e2645596e2f3c134bf3c28,2.3949999809265137,1.4829387664794922,-0.9120612144470215,0.9120612144470215
5,418,e4b6b2ad4f29a456829354e6,2.857037305831909,2.8299355506896973,-0.027101755142211914,0.027101755142211914
5,419,4b8461b332241c7d0976ab9b,3.799999952316284,3.163020610809326,-0.636979341506958,0.636979341506958
5,420,ee89c2949188c11781229d00,1.4500000476837158,1.6189652681350708,0.16896522045135498,0.16896522045135498
5,421,29a39a412e0491363d588c7b,1.7000000476837158,1.4425638914108276,-0.2574361562728882,0.2574361562728882
5,422,01ddc52b6ee64384e55f8cd5,2.7708990573883057,2.880279064178467,0.10938000679016113,0.10938000679016113
5,423,5d46d55781c9d5e71fcc8044,1.840000033378601,2.1832637786865234,0.34326374530792236,0.34326374530792236
5,424,c122ebbb87da477069024df6,1.5466816425323486,1.9653011560440063,0.4186195135116577,0.4186195135116577
5,425,d45332ba558c501417f9b1a1,1.649999976158142,2.1431679725646973,0.4931679964065552,0.4931679964065552
5,426,2bbace30195a4eec85e58a54,1.8200000524520874,1.8250986337661743,0.005098581314086914,0.005098581314086914
5,427,dd406b40dd6d5681cd82269e,1.6439741849899292,1.729751706123352,0.08577752113342285,0.08577752113342285
5,428,1968c0fd1526ca00c7aceb6d,1.6100000143051147,1.4972270727157593,-0.11277294158935547,0.11277294158935547
5,429,ec850f724e77d4702db51cfc,3.548213481903076,4.152645587921143,0.6044321060180664,0.6044321060180664
5,430,6e3d09b5319a4e458860fc07,1.583418846130371,2.057943820953369,0.47452497482299805,0.47452497482299805
5,431,50338fccf1632de0bdbb9bc5,3.419999837875366,3.3007774353027344,-0.11922240257263184,0.11922240257263184
5,432,ee96e9c3c672b08cf03d1d38,1.4600000381469727,1.9980019330978394,0.5380018949508667,0.5380018949508667
5,433,d60edca848e2f858053f0201,1.0099999904632568,1.1960221529006958,0.18602216243743896,0.18602216243743896
5,434,adc24614e2b3430c25259fa7,2.92081880569458,3.991049289703369,1.070230484008789,1.070230484008789
5,435,3281aa95b94af4e01c14e2f7,1.0199999809265137,0.6959025859832764,-0.3240973949432373,0.3240973949432373
5,436,621182b067c9c2ed3f2d987f,2.609999895095825,2.0691418647766113,-0.5408580303192139,0.5408580303192139
5,437,be864d91862b7280b3304c66,0.83366858959198,1.23989737033844,0.40622878074645996,0.40622878074645996
5,438,6291a3b345d8fbe3a4c05caa,0.8239087462425232,1.044251799583435,0.22034305334091187,0.22034305334091187
5,439,6f2e00350f0ffca88e07c76f,0.8899999856948853,1.3632911443710327,0.47329115867614746,0.47329115867614746
5,440,f9793ee6661f0726d0baea6a,1.6020599603652954,1.3232094049453735,-0.2788505554199219,0.2788505554199219
5,441,66bdb8a3c5c0d6eab5aa4d14,2.102372884750366,0.07539525628089905,-2.0269775390625,2.0269775390625
5,442,a12730f3c1ee95b954225381,0.5299999713897705,1.0168660879135132,0.4868661165237427,0.4868661165237427
5,443,a5ebbc24ae860fb7c2fb5624,0.5400000214576721,1.0785449743270874,0.5385449528694153,0.5385449528694153
5,444,fc7d77d2bef6fcc124838a1d,0.7857615947723389,2.0923519134521484,1.3065903186798096,1.3065903186798096
5,445,ee6fedac3e05a4254f40c9df,1.600000023841858,1.7436964511871338,0.14369642734527588,0.14369642734527588
5,446,f404ad95945905e8d906fa02,0.1530446708202362,-0.06559263169765472,-0.21863730251789093,0.21863730251789093
5,447,362a58d198c77c57b277e444,0.11999999731779099,1.8149231672286987,1.6949231624603271,1.6949231624603271
5,448,309d2c26810b57ceaafbfbd1,1.5700000524520874,1.518318772315979,-0.0516812801361084,0.0516812801361084
5,449,abf167519718d43f5ce942e4,0.7594507336616516,0.9813792705535889,0.22192853689193726,0.22192853689193726
5,450,6708e8851cf47c9a83a9ffd9,1.8700000047683716,1.7696884870529175,-0.1003115177154541,0.1003115177154541
5,451,6686d458a330eda93ab982a3,1.5,2.4670867919921875,0.9670867919921875,0.9670867919921875
5,452,9cd42c178f1d86a3133c0019,1.3699791431427002,2.4092092514038086,1.0392301082611084,1.0392301082611084
5,453,993bf8368c844183582a406b,3.1081509590148926,3.087522506713867,-0.02062845230102539,0.02062845230102539
5,454,6d1214f3a82231e6b2dd5c09,1.4700000286102295,1.4583052396774292,-0.011694788932800293,0.011694788932800293
5,455,6911407a66e15d1ab70ce183,1.3300000429153442,1.4544609785079956,0.12446093559265137,0.12446093559265137
5,456,b1df86aa4576f5da06e28c9c,0.23000000417232513,0.8914357423782349,0.6614357233047485,0.6614357233047485
5,457,99f69e225d8bfc94b77145eb,1.0099999904632568,1.2124625444412231,0.2024625539779663,0.2024625539779663
5,458,55241b044d8384a933a5f0bd,0.5686362385749817,0.7549490332603455,0.18631279468536377,0.18631279468536377
5,459,2fbc8c5069e498d6796d5c7a,3.1549019813537598,1.6932673454284668,-1.461634635925293,1.461634635925293
5,460,99262404fa5642632bf34cb5,2.585026741027832,2.473931312561035,-0.11109542846679688,0.11109542846679688
5,461,48d4fe2aae158065c4498fde,0.8600000143051147,1.2856738567352295,0.42567384243011475,0.42567384243011475
5,462,b3cd59f653af36bf1bcf06f5,0.05000000074505806,0.4734334945678711,0.42343348264694214,0.42343348264694214
5,463,c2e892cb7b0c3c33dd6c5712,0.6100000143051147,1.0684391260147095,0.4584391117095947,0.4584391117095947
5,464,dbfffc61cf25ba9ad916fb5e,1.3899999856948853,1.5533610582351685,0.1633610725402832,0.1633610725402832
5,465,da798a45d0c5ba7960842744,0.7918462157249451,-1.262155294418335,-2.054001569747925,2.054001569747925
5,466,461a077bbdd28a37978825e0,0.7721133232116699,0.8088962435722351,0.036782920360565186,0.036782920360565186
5,467,b1f8408a7fec0b9450d29e7c,1.3872160911560059,0.6180362105369568,-0.7691798806190491,0.7691798806190491
5,468,69a6d8ce636e1d6196dec679,0.6307841539382935,0.5734003782272339,-0.05738377571105957,0.05738377571105957
5,469,54a62065a95f05ef2d633352,1.3200000524520874,1.356554627418518,0.036554574966430664,0.036554574966430664
5,470,e0b744cfe486cd285a5ff42b,1.0399999618530273,1.219494342803955,0.17949438095092773,0.17949438095092773
5,471,46a91d85b13b9e7736b82352,0.6800000071525574,0.9614673852920532,0.28146737813949585,0.28146737813949585
5,472,99e22ea12f96de0cd968e99d,2.140000104904175,1.9111119508743286,-0.2288881540298462,0.2288881540298462
5,473,567aa1b1901b88c1772c7c29,1.7699999809265137,2.2494430541992188,0.4794430732727051,0.4794430732727051
5,474,96ed1f376c1b9dc8f2b1b269,2.0799999237060547,1.5363699197769165,-0.5436300039291382,0.5436300039291382
5,475,55234bce9048ce99bd8412ae,1.7899999618530273,1.6979714632034302,-0.09202849864959717,0.09202849864959717
5,476,ea77ae97547154219c6017b8,2.950000047683716,3.126850128173828,0.1768500804901123,0.1768500804901123
5,477,9185a909d0ca690f7c6f0058,0.7799999713897705,1.0703754425048828,0.2903754711151123,0.2903754711151123
5,478,c125710180cc8038b12ca8e7,1.5406075716018677,1.1229543685913086,-0.4176532030105591,0.4176532030105591
5,479,dcfe41acbd7342f4f796e66d,1.690000057220459,1.6332210302352905,-0.05677902698516846,0.05677902698516846
5,480,86e3e5ad3e5df71f6ec17ebb,1.4900000095367432,1.575326919555664,0.0853269100189209,0.0853269100189209
5,481,1405dfb70fe74cfb597e7394,2.940000057220459,2.2047510147094727,-0.7352490425109863,0.7352490425109863
5,482,e5ad70273a505666913075ef,2.0,1.7612584829330444,-0.23874151706695557,0.23874151706695557
5,483,4ab685e1e122744c3e971615,2.568636178970337,4.108481407165527,1.5398452281951904,1.5398452281951904
5,484,f602634493a3837b7d025eab,1.4800000190734863,1.5729169845581055,0.09291696548461914,0.09291696548461914
5,485,f996758881a25421f2a6b3d4,1.1799999475479126,0.576879620552063,-0.6031203269958496,0.6031203269958496
5,486,c34b96c24451c82816329357,3.387216091156006,3.679966449737549,0.29275035858154297,0.29275035858154297
5,487,77ba66700a0fe0205ad5d9e0,4.045757293701172,3.2617812156677246,-0.7839760780334473,0.7839760780334473
5,488,ca8fcc53d0bdd64024741990,3.359999895095825,2.354884147644043,-1.0051157474517822,1.0051157474517822
5,489,845e6eed695ac9fd2b9d4b94,2.8210229873657227,2.3085522651672363,-0.5124707221984863,0.5124707221984863
5,490,d4bf253650a55d5d6b2eb295,3.4509966373443604,3.402604103088379,-0.048392534255981445,0.048392534255981445
5,491,1a061e681313acbbb12aca89,0.5199999809265137,1.082137107849121,0.5621371269226074,0.5621371269226074
5,492,98dfd9a090a6c1234eb2a5d8,0.7799999713897705,1.1922305822372437,0.41223061084747314,0.41223061084747314
5,493,5c2f04b98f54ee5b52e49d11,0.8239087462425232,0.32535403966903687,-0.49855470657348633,0.49855470657348633
5,494,50bf1728ff63647970698822,2.314258337020874,2.2934489250183105,-0.020809412002563477,0.020809412002563477
5,495,276ed34ac7461e3cb0fb6e12,1.440000057220459,1.7165563106536865,0.27655625343322754,0.27655625343322754
5,496,193574c0887c39c33200a2f6,1.1844664812088013,2.2411041259765625,1.0566376447677612,1.0566376447677612
5,497,36a795eeca736da7340fa552,1.7300000190734863,1.8339550495147705,0.10395503044128418,0.10395503044128418
5,498,e69c1dde4c521363465b8387,2.2944176197052,2.244572639465332,-0.049844980239868164,0.049844980239868164
5,499,a570ecde3e107c823799b47d,3.9586071968078613,4.000787734985352,0.042180538177490234,0.042180538177490234
5,500,b1aab20d9194f2c523e92c78,1.6399999856948853,1.043155550956726,-0.5968444347381592,0.5968444347381592
5,501,daa3b7adafcb8ff250ef6fbe,4.602059841156006,3.4000062942504883,-1.2020535469055176,1.2020535469055176
5,502,4cdfdc8a5983a2119c2e1252,1.1200000047683716,1.6445401906967163,0.5245401859283447,0.5245401859283447
5,503,897b4865b20728f298d35928,2.109999895095825,2.3106350898742676,0.20063519477844238,0.20063519477844238
5,504,e098649a63f12cdc2f2a8447,0.6899999976158142,1.4967676401138306,0.8067676424980164,0.8067676424980164
5,505,04f21bcbe2b4aafb127f8a0b,0.9700000286102295,0.9397599697113037,-0.03024005889892578,0.03024005889892578
5,506,44321f95b4c63239f80b5e09,2.0299999713897705,1.8101810216903687,-0.21981894969940186,0.21981894969940186
5,507,592385b75d2f59b462d678a6,3.0400052070617676,2.568610668182373,-0.47139453887939453,0.47139453887939453
5,508,2db8d1775563235802175cb5,1.0499999523162842,1.2592169046401978,0.20921695232391357,0.20921695232391357
5,509,e0420564df8c123858f953e4,2.8728952407836914,2.1473679542541504,-0.725527286529541,0.725527286529541
5,510,e1d4dbfe456e4774437ba28a,0.9900000095367432,0.8539324402809143,-0.13606756925582886,0.13606756925582886
5,511,06df7924bf15e4cd4635c01c,3.119999885559082,2.8485283851623535,-0.2714715003967285,0.2714715003967285
5,512,e4ecee0b9e96af97bce9c3a5,1.8446639776229858,1.843521237373352,-0.001142740249633789,0.001142740249633789
5,513,bd055d5f217ee96f22cde1bc,2.299999952316284,1.4479392766952515,-0.8520606756210327,0.8520606756210327
5,514,3570409af372d2d5a5bb000c,1.2200000286102295,1.2746511697769165,0.05465114116668701,0.05465114116668701
5,515,ebbcd4b8b85d8c2c332d4126,-0.8864907026290894,0.8142253756523132,1.7007160186767578,1.7007160186767578
5,516,1c767f236b7a1f66b69bda27,1.149999976158142,1.0252474546432495,-0.12475252151489258,0.12475252151489258
5,517,938a390af04da2b8e843a89e,4.498940944671631,4.379957675933838,-0.11898326873779297,0.11898326873779297
5,518,04277f29c6d76eaf755f5f0e,1.2400000095367432,1.4105676412582397,0.17056763172149658,0.17056763172149658
5,519,561848edffe50ce4b0f2b029,1.090000033378601,1.2502589225769043,0.16025888919830322,0.16025888919830322
5,520,b04e0efeb792cb8075d6d752,3.209996461868286,2.6438040733337402,-0.5661923885345459,0.5661923885345459
5,521,588b9fdb6da61fd59d4dc9f5,3.0,2.5677547454833984,-0.43224525451660156,0.43224525451660156
5,522,f4f9f9a8864301bf29d9e346,1.3872160911560059,1.3962591886520386,0.009043097496032715,0.009043097496032715
5,523,fa1e8632f61a36fff12af1d1,2.4353339672088623,2.4987192153930664,0.0633852481842041,0.0633852481842041
5,524,970411e75b6d60428b412189,3.7695510387420654,4.1747941970825195,0.4052431583404541,0.4052431583404541
5,525,bab5483f913c168627b51def,3.739928722381592,3.4751901626586914,-0.2647385597229004,0.2647385597229004
5,526,bc79923a5e5fd64c128b7dc8,2.7699999809265137,1.3737972974777222,-1.3962026834487915,1.3962026834487915
5,527,ac14924b7fa8093179a8de4b,1.440000057220459,1.443295955657959,0.0032958984375,0.0032958984375
5,528,141aa874790549eb35ffea26,4.036211967468262,4.1747941970825195,0.1385822296142578,0.1385822296142578
5,529,908db7c8af721d799cb39aa4,0.8299999833106995,1.1682186126708984,0.338218629360199,0.338218629360199
5,530,01448fadc58368ade8886933,1.3799999952316284,1.141865849494934,-0.23813414573669434,0.23813414573669434
5,531,a17f9927f49ec3c592169b30,1.5934598445892334,1.7256275415420532,0.13216769695281982,0.13216769695281982
5,532,5259e95becb0c09ca59a4614,2.549999952316284,3.2921032905578613,0.7421033382415771,0.7421033382415771
5,533,ea920d286463a805ac830df2,4.107905387878418,4.033140659332275,-0.07476472854614258,0.07476472854614258
5,534,402ba938c19c03db27997500,2.450000047683716,2.1284995079040527,-0.3215005397796631,0.3215005397796631
5,535,e5ed43e16841fa801917e0cd,2.7784698009490967,2.781722068786621,0.003252267837524414,0.003252267837524414
5,536,2a1aa5f431ecf319fb69d368,0.41999998688697815,1.0331153869628906,0.6131154298782349,0.6131154298782349
5,537,bbbe21508b17f4a079b17a57,4.638272285461426,4.689939022064209,0.0516667366027832,0.0516667366027832
5,538,c203fe4099b880ad21b7f385,1.2200000286102295,1.1530181169509888,-0.06698191165924072,0.06698191165924072
5,539,68832ed87890b0fcfe71ccc9,1.3200000524520874,1.97946298122406,0.6594629287719727,0.6594629287719727
5,540,a414ae405ab4648ef256ae60,1.7400000095367432,1.789547085762024,0.04954707622528076,0.04954707622528076
5,541,88f5b9a9a7abddd83ebe6057,4.481485843658447,4.340198993682861,-0.14128684997558594,0.14128684997558594
5,542,90b2ff83a3c8a7ec831aade2,2.0299999713897705,2.3962626457214355,0.36626267433166504,0.36626267433166504
5,543,ab73fe12fe0fc9f9a21dd2fd,3.0399999618530273,1.9480589628219604,-1.091940999031067,1.091940999031067
5,544,616ce2e509468a3a1e444ef9,2.602060079574585,2.537364959716797,-0.06469511985778809,0.06469511985778809
5,545,0b44dcdd2e54a7cd2b2fb9a6,2.140021562576294,2.4005117416381836,0.26049017906188965,0.26049017906188965
5,546,084e35325ff4db54e24dc9ec,3.9586071968078613,4.0643229484558105,0.10571575164794922,0.10571575164794922
5,547,98c50f8ee9be9968ab86aa01,1.148741602897644,0.9315667152404785,-0.21717488765716553,0.21717488765716553
5,548,5e5778c2b2ef3b37681c9d3a,1.2599999904632568,1.2972759008407593,0.03727591037750244,0.03727591037750244
5,549,4ba1de12aae08953e6de7eec,1.6989699602127075,1.3274427652359009,-0.37152719497680664,0.37152719497680664
5,550,eb89b82118775e24696f8fd5,2.971971273422241,2.8915514945983887,-0.08041977882385254,0.08041977882385254
5,551,a1a68595e4d2eccb31c80072,0.7699999809265137,0.6892582178115845,-0.0807417631149292,0.0807417631149292
5,552,0f285a872fc8d419f295e7f5,1.053547739982605,1.4239422082901,0.3703944683074951,0.3703944683074951
5,553,ddafb53fc60908a0e789b8fe,4.1191864013671875,3.9819374084472656,-0.13724899291992188,0.13724899291992188
5,554,bc3743ecabf71a0419204d62,0.6399999856948853,1.0863277912139893,0.446327805519104,0.446327805519104
5,555,92fb12d6fc813a47085e5673,2.2300000190734863,1.7349773645401,-0.49502265453338623,0.49502265453338623
5,556,734bdafabcd698368b4bec97,1.0099999904632568,1.3425136804580688,0.332513689994812,0.332513689994812
5,557,364eba2a326f0adb47b3e8e3,1.559999942779541,1.3192636966705322,-0.2407362461090088,0.2407362461090088
5,558,5ebb9fe6bf96cadd82c50dcd,2.309999942779541,1.9085172414779663,-0.4014827013015747,0.4014827013015747
5,559,2b303c59a810e25b4d4f3f2f,2.319999933242798,1.5946159362792969,-0.725383996963501,0.725383996963501
5,560,93e1e83c51cbe0a37e682808,3.9586071968078613,3.72517728805542,-0.2334299087524414,0.2334299087524414
5,561,e20819958d7ca7c1d17de3c0,3.3499999046325684,3.652554988861084,0.3025550842285156,0.3025550842285156
5,562,2e32b971c755b9c9e4d9ab09,0.550000011920929,0.47063565254211426,-0.0793643593788147,0.0793643593788147
5,563,27af28cc50603fd8afb1be4e,1.7400000095367432,1.9771455526351929,0.2371455430984497,0.2371455430984497
5,564,516d9a10d9367e89bdb0a81d,1.6399999856948853,1.3971911668777466,-0.24280881881713867,0.24280881881713867
5,565,ae2988ab368e1d05641cfd70,2.309999942779541,1.6798640489578247,-0.6301358938217163,0.6301358938217163
5,566,cc87b24cb0092964eb15d0df,1.1799999475479126,1.3473204374313354,0.16732048988342285,0.16732048988342285
5,567,f622caaf4dcc50af1e6d3f7b,2.3565473556518555,1.9405691623687744,-0.41597819328308105,0.41597819328308105
5,568,be8e64c551e10274e2eedd2c,1.5099999904632568,1.3561686277389526,-0.1538313627243042,0.1538313627243042
5,569,81bda0d822252b93af990a78,0.6299999952316284,1.260517954826355,0.6305179595947266,0.6305179595947266
5,570,da17fc59999b1cfd1083dd58,0.8700000047683716,1.4661015272140503,0.5961015224456787,0.5961015224456787
5,571,92e2493cb79290e9d8c42ad5,3.0305840969085693,3.1180028915405273,0.08741879463195801,0.08741879463195801
5,572,8933795f9e7f6ff38b615dd0,4.739928722381592,3.6905808448791504,-1.0493478775024414,1.0493478775024414
5,573,2f1a6b2396999d98c5014a87,1.1299999952316284,1.511282205581665,0.3812822103500366,0.3812822103500366
5,574,3a9cd595e655e9d930fd6480,3.428291082382202,3.5179624557495117,0.08967137336730957,0.08967137336730957
5,575,0a057bc14fb1ae19077e783d,0.9599999785423279,0.7229408621788025,-0.2370591163635254,0.2370591163635254
5,576,54486ed8ab36cd6062d29690,1.75,1.7863301038742065,0.03633010387420654,0.03633010387420654
5,577,c85d18d946836fdb75d3ee27,2.0,2.21738862991333,0.21738862991333008,0.21738862991333008
5,578,843f34f3909b6b29b0bd9c8e,0.75,0.9043617248535156,0.15436172485351562,0.15436172485351562
5,579,2626025329f5ff3125b43ecc,1.899999976158142,1.9665981531143188,0.06659817695617676,0.06659817695617676
5,580,7d0d68ca9c4207bc639ab3e1,2.6382720470428467,2.205911636352539,-0.4323604106903076,0.4323604106903076
5,581,d4ce5b5222a04c752a421199,2.9200000762939453,2.6129002571105957,-0.3070998191833496,0.3070998191833496
5,582,2c10c617e03217fb42e8be33,2.51855731010437,2.6200051307678223,0.10144782066345215,0.10144782066345215
5,583,ba081fb2f8502c07869820a0,2.049999952316284,1.7250782251358032,-0.32492172718048096,0.32492172718048096
5,584,d6362935cb73c05bf34b687c,1.7699999809265137,1.4527736902236938,-0.3172262907028198,0.3172262907028198
5,585,ed4b9874f12fafe30d9f2db3,2.549999952316284,1.957422137260437,-0.5925778150558472,0.5925778150558472
5,586,e8523a04b11fdf80674ff3c9,1.7400000095367432,2.126345157623291,0.38634514808654785,0.38634514808654785
5,587,6d1fa580b387ad968d7f7ff5,1.8300000429153442,1.892646312713623,0.06264626979827881,0.06264626979827881
5,588,e26d69d4575b25a6f19ca59e,1.1200000047683716,0.9827234745025635,-0.1372765302658081,0.1372765302658081
5,589,aa26d0d972f0025a01b4b677,3.1366770267486572,2.8553051948547363,-0.2813718318939209,0.2813718318939209
5,590,50af7d827d66ae388251604a,1.9299999475479126,1.8691154718399048,-0.06088447570800781,0.06088447570800781
5,591,1eeb3e5834e1fe51f6d027e4,1.1100000143051147,0.8134608864784241,-0.2965391278266907,0.2965391278266907
5,592,93b82deb34fb1f8903514d8f,1.149999976158142,1.0041621923446655,-0.14583778381347656,0.14583778381347656
5,593,4c8e4a3fcb8d14abbbb2a365,1.5100414752960205,1.7607393264770508,0.2506978511810303,0.2506978511810303
5,594,7367d4403820c4783870dcae,2.0105059146881104,2.6489129066467285,0.6384069919586182,0.6384069919586182
5,595,1f2ad4d3ec1563471e83326a,1.3300000429153442,1.3515146970748901,0.0215146541595459,0.0215146541595459
5,596,509d91b52ac9daed33a6b8aa,0.7699999809265137,1.7890387773513794,1.0190387964248657,1.0190387964248657
5,597,1a4e24658bbf912a63798dc2,0.699999988079071,0.1797417253255844,-0.5202582478523254,0.5202582478523254
5,598,79dfe2126d1547086e61f73a,1.1799999475479126,1.5473639965057373,0.3673640489578247,0.3673640489578247
5,599,d7a6d1a979ea730f3c26cfc9,1.1100000143051147,1.1968172788619995,0.08681726455688477,0.08681726455688477
5,600,86b59f57ac4595059a35fb12,2.730487108230591,2.598076343536377,-0.13241076469421387,0.13241076469421387
5,601,d85f5fa1e7139660fc0a88fa,4.136677265167236,4.347936153411865,0.2112588882446289,0.2112588882446289
5,602,9226c847e48289f8811a8946,0.4099999964237213,0.8299123048782349,0.41991230845451355,0.41991230845451355
5,603,a339578d64573839b0c33027,1.5299999713897705,1.606066346168518,0.07606637477874756,0.07606637477874756
5,604,ea164aa249370adfe24204ba,1.3799999952316284,1.3124219179153442,-0.06757807731628418,0.06757807731628418
5,605,3cf347e46d9141b5c1275201,1.6799999475479126,1.725623607635498,0.04562366008758545,0.04562366008758545
5,606,3afa4ccf8c530025aee572dd,1.559999942779541,2.0810041427612305,0.5210041999816895,0.5210041999816895
5,607,ba008c98640857a36ebb3ff1,0.9430951476097107,1.7033499479293823,0.7602548003196716,0.7602548003196716
5,608,cd30677c6118427c5bffd489,0.3665315508842468,1.4342185258865356,1.0676870346069336,1.0676870346069336
5,609,d0ce916bbb23146ccf312ca8,2.5999999046325684,1.7644569873809814,-0.8355429172515869,0.8355429172515869
5,610,374c3d5f607b5540bb00eb7b,0.9399999976158142,1.266281008720398,0.32628101110458374,0.32628101110458374
5,611,3c063460e2da2934038e2f46,2.6777806282043457,2.7729272842407227,0.09514665603637695,0.09514665603637695
5,612,cad25953e54218d936b86985,2.2500319480895996,4.135141849517822,1.8851099014282227,1.8851099014282227
5,613,c972227fe7b89295fd050c85,1.3300000429153442,1.9433287382125854,0.6133286952972412,0.6133286952972412
5,614,1bef28be9b0477db526c78a7,3.087777853012085,3.4212307929992676,0.3334529399871826,0.3334529399871826
5,615,c51815eedb5cf5269db7fae9,2.180000066757202,2.284290313720703,0.10429024696350098,0.10429024696350098
5,616,9fa53b8ffc7722eed1e81c74,2.6575772762298584,3.72171688079834,1.0641396045684814,1.0641396045684814
5,617,7ef1d2f401557d770a97133c,1.2699999809265137,1.3553603887557983,0.08536040782928467,0.08536040782928467
5,618,a81e89543d34d25b59e9a8da,4.275723934173584,4.515979766845703,0.24025583267211914,0.24025583267211914
5,619,692443543204a19bcf8f255e,0.9100000262260437,1.1717194318771362,0.26171940565109253,0.26171940565109253
5,620,a0f23fb0a7f3096b748e1eea,1.9200233221054077,1.929245114326477,0.009221792221069336,0.009221792221069336
5,621,9ded290e4e869cd35a674246,1.1799999475479126,1.159213900566101,-0.020786046981811523,0.020786046981811523
5,622,7cfabae3d278ffa86ee21a88,4.251811981201172,3.5687060356140137,-0.6831059455871582,0.6831059455871582
5,623,ed06f1224d8fb1fd8f5f3742,1.5199999809265137,1.5469831228256226,0.026983141899108887,0.026983141899108887
5,624,4ced720286d0635d34cae852,0.949999988079071,1.1859780550003052,0.23597806692123413,0.23597806692123413
5,625,6c2bfa00696f5d71a09b7b67,1.5700000524520874,1.7324515581130981,0.16245150566101074,0.16245150566101074
5,626,9990d56f686f9193654e1ed1,2.859999895095825,1.7940337657928467,-1.0659661293029785,1.0659661293029785
5,627,1f859aac11fc3d5718e3739e,4.004364967346191,4.0643229484558105,0.05995798110961914,0.05995798110961914
5,628,d3fdaef9facd2de76862d9d0,1.9299999475479126,1.7944416999816895,-0.13555824756622314,0.13555824756622314
5,629,6fe8c61532ffa0281edfda93,3.4202163219451904,3.1901283264160156,-0.2300879955291748,0.2300879955291748
5,630,9ebde448c37d72f51b94137e,0.1249387338757515,0.7834767699241638,0.6585380434989929,0.6585380434989929
5,631,7b785fdee6fb5aff489e89ae,4.107348918914795,4.066836833953857,-0.0405120849609375,0.0405120849609375
5,632,758110b6bf0556bc6446ab79,2.0199999809265137,1.8751826286315918,-0.14481735229492188,0.14481735229492188
5,633,f744c75e946eb1ef81967455,1.9299999475479126,1.5044816732406616,-0.425518274307251,0.425518274307251
5,634,8803c4a9ee52d8578533e93a,1.3700000047683716,1.3706624507904053,0.0006624460220336914,0.0006624460220336914
5,635,3d8c8f93e80e7b74235d227f,2.0199999809265137,1.3304005861282349,-0.6895993947982788,0.6895993947982788
5,636,02f7d2a390ac5cd29dffe695,1.886056661605835,2.4028725624084473,0.5168159008026123,0.5168159008026123
5,637,f9ba0aa0823aae9cacc29a06,1.8300000429153442,2.2137703895568848,0.3837703466415405,0.3837703466415405
5,638,dee8a0a807e3ed762117e75d,1.5100414752960205,1.6491388082504272,0.13909733295440674,0.13909733295440674
5,639,adbefb3ac7512588316686bb,1.9900000095367432,1.9771569967269897,-0.012843012809753418,0.012843012809753418
5,640,9d97404ee5e93dcfcbcffc6f,1.6100000143051147,1.857031226158142,0.24703121185302734,0.24703121185302734
5,641,d918db4d1dadbe955b899e04,1.2699999809265137,1.5001789331436157,0.23017895221710205,0.23017895221710205
5,642,965ca770300f63bee7455ba2,2.0199999809265137,1.8319720029830933,-0.1880279779434204,0.1880279779434204
5,643,32ac330273e82a863500d27d,1.0800000429153442,1.229706883430481,0.14970684051513672,0.14970684051513672
5,644,a0280c1a457fa26f398f19e9,0.8538719415664673,0.9533323049545288,0.09946036338806152,0.09946036338806152
5,645,b50da861ef298a83d5c38c2d,0.44999998807907104,1.0085164308547974,0.5585164427757263,0.5585164427757263
5,646,9a6b89d86b24a47122bacaf3,1.6799999475479126,1.5627819299697876,-0.117218017578125,0.117218017578125
5,647,a085e4b396e1d8b47c9862ac,4.100015640258789,3.418489456176758,-0.6815261840820312,0.6815261840820312
5,648,e935bd017461826c594a5624,1.9244530200958252,1.0162144899368286,-0.9082385301589966,0.9082385301589966
5,649,a9e78713a4bc7445b3f8873c,4.25,4.118531227111816,-0.1314687728881836,0.1314687728881836
5,650,e6c15ad2c3863c4715669a2b,1.9700000286102295,1.0469846725463867,-0.9230153560638428,0.9230153560638428
5,651,e6004b922884048fae77bd1a,1.4913617372512817,1.8550223112106323,0.3636605739593506,0.3636605739593506
5,652,1c31960bef3204116a8b5a18,3.31575345993042,3.3005900382995605,-0.015163421630859375,0.015163421630859375
5,653,5aa25ec705952f1fad5ef25d,2.3767507076263428,2.5806989669799805,0.2039482593536377,0.2039482593536377
5,654,9825705c11b5d0dcf724e20d,2.568636178970337,2.5838303565979004,0.015194177627563477,0.015194177627563477
5,655,20e07f652de231d8868b82e6,1.690000057220459,2.348781108856201,0.6587810516357422,0.6587810516357422
5,656,1839ecf2903f428bb8928c78,2.124938726425171,2.4676618576049805,0.34272313117980957,0.34272313117980957
5,657,0d8d5dd8093eb7fd8d942306,0.6197887659072876,0.6988412737846375,0.07905250787734985,0.07905250787734985
5,658,8b98ffef8e1bf4c96ccf1c25,1.0499999523162842,0.882451057434082,-0.16754889488220215,0.16754889488220215
5,659,bc0146fac4cf4ec6e2d9c169,1.8600000143051147,1.9995144605636597,0.13951444625854492,0.13951444625854492
5,660,46246350cdb7e7a1ced1de07,1.9700000286102295,2.2303895950317383,0.2603895664215088,0.2603895664215088
5,661,bdbbac21afe9ea16eab62dbb,1.309999942779541,0.7789251804351807,-0.5310747623443604,0.5310747623443604
5,662,1427e7da9569dd5d28043bff,1.2899999618530273,1.4238535165786743,0.13385355472564697,0.13385355472564697
5,663,96e40738aaef8a2f488f0161,0.9200000166893005,1.0083714723587036,0.08837145566940308,0.08837145566940308
5,664,b12c2bd476f2d02c4a1d378b,2.853872060775757,2.794832706451416,-0.05903935432434082,0.05903935432434082
5,665,e6ae3bf860ff2879132145fa,0.36051350831985474,0.6293643116950989,0.26885080337524414,0.26885080337524414
5,666,2c400c8d476830edef8e0bf6,2.009999990463257,1.6788445711135864,-0.3311554193496704,0.3311554193496704
5,667,4dcaf2454fe66539d4e48e8b,1.2000000476837158,1.1149615049362183,-0.08503854274749756,0.08503854274749756
5,668,6c11532f3d8ac37bfa5542fc,2.4700000286102295,1.6968932151794434,-0.7731068134307861,0.7731068134307861
5,669,38a9e60d7beaaee3f3d3b6af,2.25,1.7495880126953125,-0.5004119873046875,0.5004119873046875
5,670,f793684037a5655f0f5d19c9,1.2986047267913818,1.1344362497329712,-0.16416847705841064,0.16416847705841064
5,671,6ef51f4e8c45258e2d11937a,4.387216091156006,4.364796161651611,-0.02241992950439453,0.02241992950439453
5,672,eb74b9575ce985cf77430698,0.5299999713897705,0.6481437683105469,0.11814379692077637,0.11814379692077637
5,673,efa75ec04315558863b40b8b,1.0299999713897705,1.0065609216690063,-0.02343904972076416,0.02343904972076416
5,674,89d94eca68be181709a6fa01,3.301029920578003,2.97426700592041,-0.3267629146575928,0.3267629146575928
5,675,02c3168842aff371e8cbb44f,1.5399999618530273,1.162474513053894,-0.3775254487991333,0.3775254487991333
5,676,ac94c01be6f9747b50b018a3,0.6117964386940002,0.5874207615852356,-0.02437567710876465,0.02437567710876465
5,677,1d8e46dc9e5aa2575f70aba1,1.4948500394821167,1.7817474603652954,0.2868974208831787,0.2868974208831787
5,678,95534222d13bb38a8bbafa2c,0.28999999165534973,1.4095937013626099,1.1195937395095825,1.1195937395095825
5,679,e4662b44e40481ca92d1bdd5,1.5800000429153442,1.2197381258010864,-0.3602619171142578,0.3602619171142578
5,680,fba67ff0fbde01562c4dfe31,0.7958800196647644,0.9287964105606079,0.1329163908958435,0.1329163908958435
5,681,ce5f80301c906c591f7cd998,1.25,1.1797345876693726,-0.07026541233062744,0.07026541233062744
5,682,e6ef2c97aa965e43a33c0142,2.9700000286102295,2.761918067932129,-0.20808196067810059,0.20808196067810059
5,683,3a02af29bcc3356a298e318b,1.3600000143051147,1.1417922973632812,-0.2182077169418335,0.2182077169418335
5,684,bd9babac94cd76d6db3716bf,1.9299999475479126,2.1437902450561523,0.21379029750823975,0.21379029750823975
5,685,427fe390eab32f531a398a10,2.091515064239502,3.405789375305176,1.3142743110656738,1.3142743110656738
5,686,ff606be15f042191c578ee31,0.6200000047683716,1.042632818222046,0.4226328134536743,0.4226328134536743
5,687,059dbab7aa82b3d9d10acf79,2.440000057220459,2.1443538665771484,-0.29564619064331055,0.29564619064331055
5,688,2f7c95693e8f83e80c341f98,1.9199999570846558,1.9083069562911987,-0.011693000793457031,0.011693000793457031
5,689,14f11f8dc79368c81643b143,1.5,1.401482105255127,-0.09851789474487305,0.09851789474487305
5,690,e8a20aeff4222bcf225516a3,2.2441251277923584,2.221376895904541,-0.022748231887817383,0.022748231887817383
5,691,6e3c22ada30b9621df5e3458,2.060480833053589,1.728497862815857,-0.33198297023773193,0.33198297023773193
5,692,6dd131a4a11d700ffd4099cc,3.2266199588775635,2.7467422485351562,-0.4798777103424072,0.4798777103424072
5,693,f153b95f0bc57ce41e3b2090,1.7000000476837158,1.3594406843185425,-0.34055936336517334,0.34055936336517334
5,694,1942dab6a2739527ec8ae8ce,0.9399999976158142,0.9957002401351929,0.05570024251937866,0.05570024251937866
5,695,c1a344127d17560eeea9cfcc,1.4600000381469727,1.2709349393844604,-0.1890650987625122,0.1890650987625122
5,696,22890c32a4a40d28357ab1a9,1.7999999523162842,1.8773303031921387,0.07733035087585449,0.07733035087585449
5,697,7b680b3f600ae2234824d691,0.9399999976158142,1.677981972694397,0.7379819750785828,0.7379819750785828
5,698,d56930468aafb04059cc53fb,2.096909999847412,2.2040977478027344,0.10718774795532227,0.10718774795532227
5,699,a8af777369d09a988ccc96da,1.9700000286102295,1.946496844291687,-0.02350318431854248,0.02350318431854248
5,700,8c4e8f15134fafe23ae02a55,1.940000057220459,1.5798462629318237,-0.36015379428863525,0.36015379428863525
5,701,78e18126fc43379462a24711,2.7200000286102295,1.8180646896362305,-0.901935338973999,0.901935338973999
5,702,fea4e2fc5fef4ed003b54da4,3.740000009536743,3.8287038803100586,0.08870387077331543,0.08870387077331543
5,703,1c0faa1fa86739666ebc771b,2.585026741027832,2.660109519958496,0.07508277893066406,0.07508277893066406
5,704,017a0be66913543a4b227ccf,3.7100000381469727,3.510493755340576,-0.19950628280639648,0.19950628280639648
5,705,28c2be92d57a4169a8df545e,2.940000057220459,2.304189682006836,-0.635810375213623,0.635810375213623
5,706,ff77f54316ad54ea5425a30c,1.0299999713897705,1.1004880666732788,0.0704880952835083,0.0704880952835083
5,707,f66723e11f53bb647bd65c2b,3.92081880569458,3.5616397857666016,-0.3591790199279785,0.3591790199279785
5,708,fafb386d927e1a008df28a41,1.5299999713897705,1.5324358940124512,0.002435922622680664,0.002435922622680664
5,709,334d427a402d9b8e89474f7e,2.315753221511841,2.051940441131592,-0.263812780380249,0.263812780380249
5,710,048ff91af34f4114224c2624,4.236571788787842,3.7311501502990723,-0.5054216384887695,0.5054216384887695
5,711,c8050f3b801347f64f375325,0.5099999904632568,0.9308353662490845,0.42083537578582764,0.42083537578582764
5,712,501b7eed64d57971fa47bb74,2.240000009536743,1.5237940549850464,-0.7162059545516968,0.7162059545516968
5,713,58e9bef87bac5688492e41c2,4.663540363311768,3.279895782470703,-1.3836445808410645,1.3836445808410645
5,714,2499d566c31234533721b6ba,1.2599999904632568,1.0281530618667603,-0.23184692859649658,0.23184692859649658
5,715,c18a96c35f932187273fc1b5,3.397939920425415,4.2502617835998535,0.8523218631744385,0.8523218631744385
5,716,55b39fa551974d6f008ff4be,1.4299999475479126,1.7101801633834839,0.2801802158355713,0.2801802158355713
5,717,25bd941d0598f3d90f5d1230,2.6814730167388916,2.518439769744873,-0.16303324699401855,0.16303324699401855
5,718,2709713418f34692bcd8dc3a,1.0299999713897705,1.0136656761169434,-0.01633429527282715,0.01633429527282715
5,719,3abd77829ac99cb6713d5250,2.9359166622161865,2.8762478828430176,-0.059668779373168945,0.059668779373168945
5,720,835ab8db3a0c591c02270905,3.6199698448181152,2.5929179191589355,-1.0270519256591797,1.0270519256591797
5,721,93d49a0c4922e23e4421c271,1.2200000286102295,0.7284020185470581,-0.4915980100631714,0.4915980100631714
5,722,7d2d000bfb8c1a30263e01a9,1.340000033378601,0.963614821434021,-0.3763852119445801,0.3763852119445801
5,723,d752c42bb2147c561da6840b,1.0499999523162842,1.2670844793319702,0.21708452701568604,0.21708452701568604
5,724,a71cf93a224bd3fd1c80ca86,4.443697452545166,4.4818644523620605,0.03816699981689453,0.03816699981689453
5,725,1d32c50e743a2f379cb8c377,3.630784034729004,3.353656768798828,-0.2771272659301758,0.2771272659301758
5,726,255ba2391f6417c8cb3a7ed2,1.5199999809265137,1.317681908607483,-0.20231807231903076,0.20231807231903076
5,727,1b4c649bb510e7e89e244979,2.430000066757202,2.4864726066589355,0.0564725399017334,0.0564725399017334
5,728,b234ee7d9d4a521c38c4158a,1.5199999809265137,1.1283546686172485,-0.39164531230926514,0.39164531230926514
5,729,1975c6dba18bfa380301f17c,0.2800000011920929,0.6249277591705322,0.34492775797843933,0.34492775797843933
5,730,7bba9f246bc037031a4a4319,1.4700000286102295,1.2866777181625366,-0.18332231044769287,0.18332231044769287
5,731,62d15a70ea4981c9fffc38d1,1.8300000429153442,1.8577033281326294,0.027703285217285156,0.027703285217285156
5,732,7e5862776a643e16072724b4,-1.3424227237701416,-0.4676598310470581,0.8747628927230835,0.8747628927230835
5,733,bc919dfae90510cc07de5cd5,4.2881927490234375,4.2850775718688965,-0.0031151771545410156,0.0031151771545410156
5,734,4fdd262a17dc261fa199a3e7,0.8199999928474426,0.9011410474777222,0.08114105463027954,0.08114105463027954
5,735,73f71a56b9d0e4e163e0a00f,1.6399999856948853,1.837576150894165,0.19757616519927979,0.19757616519927979
5,736,bae04ca12202299e92b95363,3.0799999237060547,2.3608932495117188,-0.7191066741943359,0.7191066741943359
5,737,98d9cb373f74b2adaad80fc9,1.149999976158142,0.81565260887146,-0.33434736728668213,0.33434736728668213
5,738,f6f36fa42c7356af5ec8da9f,0.8100000023841858,1.0353869199752808,0.22538691759109497,0.22538691759109497
5,739,2db1598c1b19472a5a25d6b1,2.1804561614990234,1.7314627170562744,-0.448993444442749,0.448993444442749
5,740,8fe93fe1608c17053ecce2fc,0.9599999785423279,1.225366234779358,0.26536625623703003,0.26536625623703003
5,741,e855b241186214cdcb785414,2.325016736984253,2.3750429153442383,0.05002617835998535,0.05002617835998535
5,742,fda6b246e79c22fadcda709f,0.9300000071525574,0.7316535711288452,-0.19834643602371216,0.19834643602371216
5,743,9b545dcc84a3cc38d470ea5b,5.096909999847412,3.9320101737976074,-1.1648998260498047,1.1648998260498047
5,744,412f0020d35955ca0e41f915,1.6299999952316284,1.8046947717666626,0.17469477653503418,0.17469477653503418
5,745,3869cb5fafe4cc1dd496da99,2.259999990463257,1.5742206573486328,-0.685779333114624,0.685779333114624
5,746,edc2c5a12691f8978e8a2450,0.8538719415664673,0.9533323049545288,0.09946036338806152,0.09946036338806152
5,747,9786d9c668204eb3f58fbece,1.0700000524520874,1.4613134860992432,0.39131343364715576,0.39131343364715576
5,748,8d43a90c8911f03a5474fbba,1.8600000143051147,2.045466423034668,0.18546640872955322,0.18546640872955322
5,749,72eeec3961f81292e8206626,0.36051350831985474,0.5056642889976501,0.1451507806777954,0.1451507806777954
5,750,95c68d2f945ea6d6c518e789,2.346787452697754,2.532639503479004,0.18585205078125,0.18585205078125
5,751,d47c995cd59c97678ee33e2c,1.9500000476837158,1.6532022953033447,-0.2967977523803711,0.2967977523803711
5,752,4b1eea30be914c13a412292a,1.190000057220459,1.3447511196136475,0.15475106239318848,0.15475106239318848
5,753,9eeb593d744b5c81f43c6d97,3.73002028465271,3.823986530303955,0.09396624565124512,0.09396624565124512
5,754,c59a89a9b047f35a83050a1c,0.3100000023841858,0.7407397627830505,0.43073976039886475,0.43073976039886475
5,755,f76a8df4458d608c6d78e719,1.9700000286102295,1.6500710248947144,-0.31992900371551514,0.31992900371551514
5,756,eb1e2f4039d905eb5f411439,3.0899999141693115,3.061098098754883,-0.02890181541442871,0.02890181541442871
5,757,337a2df5e35879038e081185,1.0299999713897705,1.3029791116714478,0.27297914028167725,0.27297914028167725
5,758,58554a4122607a6a1668eb9a,3.3565473556518555,3.174290180206299,-0.18225717544555664,0.18225717544555664
5,759,8f1d410ea219f95f3138d5be,1.761439323425293,-0.33708521723747253,-2.098524570465088,2.098524570465088
5,760,188096affed836033e4a6119,0.9300000071525574,1.540824294090271,0.6108242869377136,0.6108242869377136
5,761,069d14c556334421477cb551,0.9399999976158142,1.1854056119918823,0.24540561437606812,0.24540561437606812
5,762,5c311d49a09ddd1ab36a1fdd,1.443697452545166,1.655044674873352,0.21134722232818604,0.21134722232818604
5,763,3069439805be6f6217af6553,3.6635403633117676,3.472647190093994,-0.19089317321777344,0.19089317321777344
5,764,78700727c7089798d8da03f8,2.77211332321167,2.871425151824951,0.09931182861328125,0.09931182861328125
5,765,20430798a35c71c2b0a60ece,1.149999976158142,1.2729780673980713,0.1229780912399292,0.1229780912399292
5,766,cfb504f8d3ec8521a05630b2,2.140000104904175,1.0311923027038574,-1.1088078022003174,1.1088078022003174
5,767,df90d7b268c08955d98d61f2,0.7400000095367432,0.8881056904792786,0.1481056809425354,0.1481056809425354
5,768,71c2753f3bbd47ffe47a20d3,2.086186170578003,2.1076855659484863,0.0214993953704834,0.0214993953704834
5,769,eef6989ba34718d9ae3b9b7c,1.2200000286102295,1.5275942087173462,0.3075941801071167,0.3075941801071167
5,770,9d6e2c432c45e22fff971628,1.3700000047683716,1.1301363706588745,-0.23986363410949707,0.23986363410949707
5,771,6b216b61b047686de97c2cfa,3.397939920425415,3.4979610443115234,0.1000211238861084,0.1000211238861084
5,772,ce40083f487a8d0ff6555c93,3.931814193725586,3.242506504058838,-0.689307689666748,0.689307689666748
5,773,4e1b4707a8e6e699ec40ea4d,1.159999966621399,1.1542267799377441,-0.005773186683654785,0.005773186683654785
5,774,3280d4c2ba34d88183e26a80,1.4800000190734863,1.8627675771713257,0.38276755809783936,0.38276755809783936
5,775,6b6bcd31476c71c652caee72,3.8664610385894775,2.3987555503845215,-1.467705488204956,1.467705488204956
5,776,e3b63b1ffb857f7582d542cb,3.017728805541992,3.739786148071289,0.7220573425292969,0.7220573425292969
5,777,71a2967291d15db942d24ec4,1.8761483430862427,2.137850761413574,0.26170241832733154,0.26170241832733154
5,778,35c9bebfdd0334ef63fb6310,1.992821455001831,2.0347208976745605,0.04189944267272949,0.04189944267272949
5,779,fedef6d9cca2c950aa9b6d1d,1.2699999809265137,1.376801609992981,0.10680162906646729,0.10680162906646729
5,780,d7d44b8d04f0391b26895008,0.25,0.16591568291187286,-0.08408431708812714,0.08408431708812714
5,781,e40e2ba2f69aeb205baa521d,1.559999942779541,1.148354411125183,-0.4116455316543579,0.4116455316543579
5,782,19d7af427223d071532777f8,0.9200000166893005,1.4430246353149414,0.5230246186256409,0.5230246186256409
5,783,75ee92483a3c3e7ca9f449a4,0.6800000071525574,1.4384573698043823,0.758457362651825,0.758457362651825
5,784,1ddbc4621673214857f52d7b,0.102372907102108,0.07539525628089905,-0.026977650821208954,0.026977650821208954
5,785,fb4982fefc4db80021b5535c,2.698970079421997,2.6540470123291016,-0.04492306709289551,0.04492306709289551
5,786,b4491fefebcf7f2d94dcbfb5,3.430000066757202,3.4984312057495117,0.06843113899230957,0.06843113899230957
5,787,4a09a6bc9b4620a718b7ca7e,2.0999999046325684,1.5699529647827148,-0.5300469398498535,0.5300469398498535
5,788,d7f141b93e43fc5acc9d6ea3,4.991399765014648,2.9532580375671387,-2.0381417274475098,2.0381417274475098
5,789,39ae19d848e06cc07e8b78f1,1.4600000381469727,1.5313721895217896,0.0713721513748169,0.0713721513748169
5,790,90e83ebcbe776cb380f15fa8,0.7699999809265137,1.1471806764602661,0.37718069553375244,0.37718069553375244
5,791,8a02d0464b9697aa3eb53b00,1.7999999523162842,1.453883171081543,-0.3461167812347412,0.3461167812347412
5,792,39eab97e290108b21ddded9c,2.4416913986206055,3.5065083503723145,1.064816951751709,1.064816951751709
5,793,f3fa2b485c42c19342535521,2.5399999618530273,1.6997610330581665,-0.8402389287948608,0.8402389287948608
5,794,e5e1428254ef945cca8732ce,2.5,2.037205696105957,-0.46279430389404297,0.46279430389404297
5,795,7743140934a474cc4f12dcbf,2.0399999618530273,2.241872787475586,0.2018728256225586,0.2018728256225586
5,796,7dcbce3c188c127bac61ef8f,4.443697452545166,3.8327627182006836,-0.6109347343444824,0.6109347343444824
5,797,47df91646d974797144381c3,2.8196828365325928,2.4911437034606934,-0.3285391330718994,0.3285391330718994
5,798,000ea158dd0bbe483cc016b7,3.2699999809265137,3.0478286743164062,-0.22217130661010742,0.22217130661010742
5,799,bf598eb6e32a1e56321360a2,0.1599999964237213,1.180747628211975,1.0207476615905762,1.0207476615905762
5,800,537f49f43273239827ffffa0,3.3098039627075195,3.3258872032165527,0.016083240509033203,0.016083240509033203
5,801,69a75137f9fbdb198c9838c5,1.2599999904632568,1.2129651308059692,-0.0470348596572876,0.0470348596572876
5,802,6e13eae48f2ad203f2f704bc,2.5299999713897705,2.217224597930908,-0.3127753734588623,0.3127753734588623
5,803,1f9f8f8c8f8e54f279585ae1,0.8899999856948853,0.8461340665817261,-0.04386591911315918,0.04386591911315918
5,804,d22e3d62ae3df3569343f614,0.7200000286102295,1.096493124961853,0.37649309635162354,0.37649309635162354
5,805,560ddede1b388cbfad38678e,0.9200000166893005,1.6116889715194702,0.6916889548301697,0.6916889548301697
5,806,3b23853c7df1a095acc86717,2.9800000190734863,3.222959518432617,0.24295949935913086,0.24295949935913086
5,807,ceb8e09d6ce33f1d43185969,0.7958800196647644,0.6982449889183044,-0.09763503074645996,0.09763503074645996
5,808,d8f68d95eb162a96812ae9f4,1.46040940284729,1.854570746421814,0.3941613435745239,0.3941613435745239
5,809,0ad7be50dd4f09d45fadef58,1.9700000286102295,1.9088925123214722,-0.061107516288757324,0.061107516288757324
5,810,664cef924e267d36c71c9895,-0.6901960968971252,0.5384590029716492,1.2286550998687744,1.2286550998687744
5,811,20548371e7dfac95a479658a,3.92081880569458,3.4748659133911133,-0.4459528923034668,0.4459528923034668
5,812,b0dde4daa6d0650f448ffd74,4.050610065460205,4.131106853485107,0.08049678802490234,0.08049678802490234
5,813,0a8492ef60266f7f5bb9f1b1,1.409999966621399,1.1825780868530273,-0.22742187976837158,0.22742187976837158
5,814,cb167216ef6e25de5ed1cc4d,3.823908805847168,3.4052934646606445,-0.41861534118652344,0.41861534118652344
5,815,975ed568aa8bec99eca1b2ef,1.9700000286102295,1.222398042678833,-0.7476019859313965,0.7476019859313965
5,816,bb049e1ae92619e0695abfa2,2.6510465145111084,2.7012758255004883,0.05022931098937988,0.05022931098937988
5,817,0bc88a5c4aa1dabe74a73e9e,1.149999976158142,1.088302493095398,-0.06169748306274414,0.06169748306274414
5,818,971ea182e16cfd132dfbd121,0.7300000190734863,1.092368483543396,0.36236846446990967,0.36236846446990967
5,819,fe3073c1390478190095736a,1.590000033378601,1.7491830587387085,0.15918302536010742,0.15918302536010742
5,820,651f70388d094396efeb8680,2.5799999237060547,1.987355351448059,-0.5926445722579956,0.5926445722579956
5,821,13530dc6021bf0c485afc025,1.2899999618530273,1.6296393871307373,0.33963942527770996,0.33963942527770996
5,822,3e5ce1746f60068ec6c1a4dc,2.93743896484375,2.7057151794433594,-0.23172378540039062,0.23172378540039062
5,823,0e318c180f8b757440640262,0.1580151915550232,0.24009227752685547,0.08207708597183228,0.08207708597183228
5,824,04e8ce18d25ecc923d7d9900,2.739928722381592,2.2417259216308594,-0.4982028007507324,0.4982028007507324
5,825,a1daea55cfc5c5d21cf18aa1,0.550000011920929,0.6481807231903076,0.09818071126937866,0.09818071126937866
5,826,d13fe4c6893b60e94c249935,2.869999885559082,2.974360466003418,0.10436058044433594,0.10436058044433594
5,827,4c53befa73f8eefc76b35ce0,0.9200000166893005,1.3115978240966797,0.39159780740737915,0.39159780740737915
5,828,266f1e77d4722ab0b6a1f967,1.1799999475479126,2.0024261474609375,0.8224261999130249,0.8224261999130249
5,829,bd8b0a49ca22f4c105a804f8,0.8700000047683716,1.22235107421875,0.3523510694503784,0.3523510694503784
5,830,ab5024cc56ab6cfe2a867f28,1.5299999713897705,1.1099456548690796,-0.4200543165206909,0.4200543165206909
5,831,39e478fd366829252f87fade,2.8499999046325684,1.6303516626358032,-1.2196482419967651,1.2196482419967651
5,832,54ee29030c0aa204eb8bb04f,1.6382721662521362,2.304065704345703,0.6657935380935669,0.6657935380935669
5,833,ddc50e02ce5aebaa882b8203,-0.8129133582115173,2.2708821296691895,3.0837955474853516,3.0837955474853516
5,834,d3cee0458ed1ca5ebf1083e5,-0.36172783374786377,2.0444469451904297,2.406174659729004,2.406174659729004
5,835,558a8f5312ce639d8a68a1c1,2.102372884750366,2.2848024368286133,0.18242955207824707,0.18242955207824707
5,836,3e2e132056cc3a78a195f95a,1.6575772762298584,1.8239703178405762,0.16639304161071777,0.16639304161071777
5,837,827ed433c51351df0162d722,2.1153934001922607,2.061410427093506,-0.05398297309875488,0.05398297309875488
5,838,fd468bd7ccb7e62f3c09c60e,1.090000033378601,1.354962944984436,0.26496291160583496,0.26496291160583496
5,839,56eacb3bd0a9808b28bb503d,1.059999942779541,1.861769437789917,0.801769495010376,0.801769495010376
5,840,2b4116c7e1590793509709ec,1.2400000095367432,1.0445078611373901,-0.19549214839935303,0.19549214839935303
5,841,4f2f039c0d0c4bd58a020d68,5.619788646697998,3.317124366760254,-2.302664279937744,2.302664279937744
5,842,bb587518e9d58bee84017436,2.4600000381469727,2.357943058013916,-0.10205698013305664,0.10205698013305664
5,843,1d88af3e93c55316c62a1439,0.3979400098323822,0.5593058466911316,0.1613658368587494,0.1613658368587494
5,844,69a368dd4ed0f6acff2f2ccd,3.3767507076263428,3.528654098510742,0.15190339088439941,0.15190339088439941
5,845,e079e61866a718bab3542a33,2.009999990463257,2.3496499061584473,0.33964991569519043,0.33964991569519043
5,846,645e5efebfbdcaccf19e62a3,1.879426121711731,2.106842517852783,0.22741639614105225,0.22741639614105225
5,847,b9767ca051a9b4cac27b2b33,2.2699999809265137,1.9892224073410034,-0.28077757358551025,0.28077757358551025
5,848,d970b2d00bd7246a6db6dcc2,2.559999942779541,1.8740054368972778,-0.6859945058822632,0.6859945058822632
5,849,0334600f2974e4215cca0d09,1.7899999618530273,1.9575780630111694,0.1675781011581421,0.1675781011581421
5,850,4122db94242d253e37573906,3.0409586429595947,2.2717089653015137,-0.769249677658081,0.769249677658081
5,851,1cb98b8932dc55760696a975,2.5783960819244385,2.5266098976135254,-0.051786184310913086,0.051786184310913086
5,852,04eaf0e505faf009ba167834,3.387216091156006,3.1749343872070312,-0.2122817039489746,0.2122817039489746
5,853,ba12ba7db0fc435caacaa312,1.600000023841858,0.961949348449707,-0.6380506753921509,0.6380506753921509
5,854,97d54b83b2eccbfeb269b775,0.6200000047683716,0.9669605493545532,0.34696054458618164,0.34696054458618164
5,855,e2fe0551198efd2b41b5ac06,1.7695510387420654,1.7151126861572266,-0.05443835258483887,0.05443835258483887
5,856,949c10cb49bf1ae025b60a11,3.508151054382324,3.473748207092285,-0.03440284729003906,0.03440284729003906
5,857,9a37660cd17d764cc3bac2b1,1.3600000143051147,1.2237517833709717,-0.13624823093414307,0.13624823093414307
5,858,06fcc53bf0b5e1c9077f0105,1.3700000047683716,1.1336904764175415,-0.23630952835083008,0.23630952835083008
5,859,00f51ed959204370245c8c00,1.9900000095367432,2.12288761138916,0.132887601852417,0.132887601852417
5,860,aa9ad9d33271db6eaf7db629,1.5100414752960205,1.4906858205795288,-0.0193556547164917,0.0193556547164917
5,861,6b723ab1d75d39d0413804ff,2.0299999713897705,1.6493247747421265,-0.38067519664764404,0.38067519664764404
5,862,a7f205ff45fedec575771261,1.712198257446289,1.3933180570602417,-0.31888020038604736,0.31888020038604736
5,863,1ff3c5429286c0a9334db3b6,2.190000057220459,2.1295509338378906,-0.06044912338256836,0.06044912338256836
5,864,aa88e02bb40f2d9b5b4d4aee,4.214670181274414,4.241041660308838,0.026371479034423828,0.026371479034423828
5,865,3495f5ae1e57313146fb53e0,1.3565473556518555,2.066744327545166,0.7101969718933105,0.7101969718933105
5,866,cf61310af58a0731f540a10b,0.20999999344348907,0.6684337854385376,0.4584338068962097,0.4584338068962097
5,867,37bccb02d7311d237879a12c,3.7081518173217773,3.510493755340576,-0.19765806198120117,0.19765806198120117
5,868,64b94b26402718782a27495c,3.636388063430786,2.456845283508301,-1.1795427799224854,1.1795427799224854
5,869,2f6f7f5356567f224d96c11f,3.0199999809265137,2.6654200553894043,-0.3545799255371094,0.3545799255371094
5,870,386e7e55b927329c1f212a31,0.3799999952316284,0.9011636972427368,0.5211637020111084,0.5211637020111084
5,871,46df848c7bdc3e5ccf45fe81,2.3299999237060547,1.9474533796310425,-0.3825465440750122,0.3825465440750122
5,872,bce20a2b2b28d5b8100fa33b,2.2644011974334717,2.2112269401550293,-0.05317425727844238,0.05317425727844238
5,873,8b6775cbb50674ceb40b7582,3.1281509399414062,2.8904638290405273,-0.2376871109008789,0.2376871109008789
5,874,df432b7fc6410995d6a21c34,0.5638373494148254,0.4862523674964905,-0.07758498191833496,0.07758498191833496
5,875,37ef5a4c4c53b13dc2684b11,0.7200000286102295,1.4001318216323853,0.6801317930221558,0.6801317930221558
5,876,b40187a317cf58677c435c2d,2.8399999141693115,1.7065224647521973,-1.1334774494171143,1.1334774494171143
5,877,649386804881412e8464bda7,3.2200000286102295,3.0721120834350586,-0.1478879451751709,0.1478879451751709
5,878,b8bc424c8a3c25474f9ec518,4.214670181274414,3.959076404571533,-0.25559377670288086,0.25559377670288086
5,879,93eb8cddd3ae8b541f5fc173,2.6145875453948975,2.804408073425293,0.1898205280303955,0.1898205280303955
5,880,02d2e0a0f7901e476a1a345b,1.6200000047683716,1.4686912298202515,-0.15130877494812012,0.15130877494812012
5,881,c859e4dbd67e947b009a9b3a,3.522878646850586,3.4372715950012207,-0.08560705184936523,0.08560705184936523
5,882,192380961094877197858484,2.069999933242798,1.021856665611267,-1.0481432676315308,1.0481432676315308
5,883,3c030ea37bfffc08b4ba33eb,2.180000066757202,2.046621322631836,-0.1333787441253662,0.1333787441253662
5,884,9a42878f3f1baf12a5b915e2,-0.14612802863121033,0.557697057723999,0.7038251161575317,0.7038251161575317
5,885,2865aca18860329284f9356e,1.809999942779541,1.6584182977676392,-0.15158164501190186,0.15158164501190186
5,886,a5e36c28478ad379d97256da,1.7200000286102295,1.9273645877838135,0.20736455917358398,0.20736455917358398
5,887,36f9ade04ec3d51d0fa1f1d3,0.7300000190734863,0.9037857055664062,0.17378568649291992,0.17378568649291992
5,888,1644517bb3d9946859531127,5.142667293548584,4.383388042449951,-0.7592792510986328,0.7592792510986328
5,889,29cbe4d18b50dafb97fea5b4,0.8600000143051147,1.1013447046279907,0.24134469032287598,0.24134469032287598
5,890,09b9ff3534972be55c15fd3d,1.4497716426849365,1.3765544891357422,-0.07321715354919434,0.07321715354919434
5,891,4c55495b7b4a1094bc9c2dc0,-0.81754070520401,1.776154637336731,2.5936954021453857,2.5936954021453857
5,892,c6f75e9c32e81cb6d28c48cc,2.113509178161621,2.0796570777893066,-0.03385210037231445,0.03385210037231445
5,893,ba5bf9b677f531e39d361af9,0.40666306018829346,-0.549109697341919,-0.9557727575302124,0.9557727575302124
5,894,3a0f2b8692e397efb958fa4d,1.8239086866378784,1.46882164478302,-0.3550870418548584,0.3550870418548584
5,895,773c166bde5225e1bf0c372e,4.92081880569458,4.583247661590576,-0.3375711441040039,0.3375711441040039
5,896,ecd9a7ccac7887b6431fc888,2.1700000762939453,1.5102691650390625,-0.6597309112548828,0.6597309112548828
5,897,16a0915b0644f34b0c15ecf4,0.7099999785423279,1.2011945247650146,0.49119454622268677,0.49119454622268677
5,898,99bbbc81eb0cf235ed31bf4c,1.4331649541854858,2.746636390686035,1.3134714365005493,1.3134714365005493
5,899,2d4a43a4a19a4baaf289dc75,3.4600000381469727,3.1918997764587402,-0.2681002616882324,0.2681002616882324
5,900,338d3aeddbde9f7d6523de3d,2.698970079421997,2.6770877838134766,-0.021882295608520508,0.021882295608520508
5,901,002d7544026bb397d311fa70,4.0,4.078359127044678,0.07835912704467773,0.07835912704467773
5,902,b83db74ad10f66f2091a318f,1.2400000095367432,2.045258045196533,0.80525803565979,0.80525803565979
5,903,2a58a2c89e77893f6ad50540,1.3429441452026367,0.7835685014724731,-0.5593756437301636,0.5593756437301636
5,904,52b5a9b16061a46be001a465,0.6200000047683716,1.7532981634140015,1.1332981586456299,1.1332981586456299
5,905,9aa99504fecb196091220827,1.6200000047683716,1.6363067626953125,0.016306757926940918,0.016306757926940918
5,906,e8577a17895eb42c6fca7631,0.550000011920929,0.9154717922210693,0.3654717803001404,0.3654717803001404
5,907,5be4c39cf9d3205c1c71b6c8,2.0299999713897705,2.232706069946289,0.20270609855651855,0.20270609855651855
5,908,7b00f3f3aa5556053569e865,0.8700000047683716,1.1640270948410034,0.29402709007263184,0.29402709007263184
5,909,65e4ea621ea77a4e6249741c,1.148741602897644,0.9904617071151733,-0.1582798957824707,0.1582798957824707
5,910,cbfe3c961518189b684a1cdd,3.92081880569458,3.1415061950683594,-0.7793126106262207,0.7793126106262207
5,911,6275c0838c9d04ee4d26e54c,0.6800000071525574,1.4468576908111572,0.7668576836585999,0.7668576836585999
5,912,a75ad2cc6515ada2f7bba168,4.568636417388916,2.733994960784912,-1.834641456604004,1.834641456604004
5,913,659a663de462726b001802a0,0.6989700198173523,0.5064084529876709,-0.1925615668296814,0.1925615668296814
5,914,701e4f3f1258e676630eeeae,1.8700000047683716,1.4695290327072144,-0.4004709720611572,0.4004709720611572
5,915,9ed4a3276a177c8080221fd3,1.4814860820770264,1.6360419988632202,0.15455591678619385,0.15455591678619385
5,916,f3178441ec31f8a2c371c4d1,3.0,2.859532356262207,-0.14046764373779297,0.14046764373779297
5,917,388cae64648dedd1016fe364,2.363178014755249,1.9316493272781372,-0.4315286874771118,0.4315286874771118
5,918,b2f392296052076a1e366833,0.11999999731779099,1.3232070207595825,1.203207015991211,1.203207015991211
5,919,928a853f6ea1a45c50e7a961,0.5638373494148254,0.47450029850006104,-0.0893370509147644,0.0893370509147644
5,920,a1b1e161a4b6e0a21ca26570,3.585026741027832,2.903829574584961,-0.6811971664428711,0.6811971664428711
5,921,00d6421ae3a9e527cd04f342,0.537901759147644,0.6615433692932129,0.12364161014556885,0.12364161014556885
5,922,da946b872ed52bb20111a37c,0.6899999976158142,1.6780081987380981,0.9880082011222839,0.9880082011222839
5,923,1578108349534c49d9ef8c1e,1.4700000286102295,1.474265694618225,0.0042656660079956055,0.0042656660079956055
5,924,1d873b600643719f78e4f920,0.5199999809265137,0.7433617115020752,0.22336173057556152,0.22336173057556152
5,925,cc3adb9e242b3a37bb4596b6,1.6575772762298584,1.4500373601913452,-0.20753991603851318,0.20753991603851318
5,926,111afc8ca03947d0ed281200,1.7699999809265137,1.3747862577438354,-0.3952137231826782,0.3952137231826782
5,927,2ce107d6844941c9fa8fabe8,0.9300000071525574,1.1019328832626343,0.1719328761100769,0.1719328761100769
5,928,fe2b7286f83a141230f03873,1.4600000381469727,1.9358257055282593,0.4758256673812866,0.4758256673812866
5,929,e19195c5f756bcf4a55b79f8,2.0043647289276123,1.2476329803466797,-0.7567317485809326,0.7567317485809326
5,930,60c5e9c13c3e76afc679f0af,1.8538719415664673,2.057943820953369,0.20407187938690186,0.20407187938690186
5,931,c1e45804cd6e1e305b726336,0.7099999785423279,1.1731727123260498,0.4631727337837219,0.4631727337837219
5,932,7374653fb2bedad5fe4fdce6,1.911863923072815,1.3711752891540527,-0.5406886339187622,0.5406886339187622
5,933,20fbd002731c49e7eb47f6d3,2.2300000190734863,1.8422856330871582,-0.3877143859863281,0.3877143859863281
5,934,20c5a8ee23a6b6dc21327ae0,1.1643093824386597,1.2352594137191772,0.07095003128051758,0.07095003128051758
5,935,cd879731fe05d7ea3440cfb9,2.3499999046325684,2.312255382537842,-0.03774452209472656,0.03774452209472656
5,936,d044830f7d8b2de543559ce9,2.0799999237060547,1.8239668607711792,-0.2560330629348755,0.2560330629348755
5,937,bb4efac3f7c5e8288663a4ce,1.659999966621399,1.726112723350525,0.06611275672912598,0.06611275672912598
5,938,95d197ef8d7f8cb6b8dedb91,1.0700000524520874,1.4440785646438599,0.37407851219177246,0.37407851219177246
5,939,bb615d5225210263e56d7187,3.585026741027832,3.6522746086120605,0.06724786758422852,0.06724786758422852
5,940,ed326b721e60d75a5daa7966,2.0799999237060547,1.213961124420166,-0.8660387992858887,0.8660387992858887
5,941,31a118bbc896408989bc54a5,1.409999966621399,1.0786672830581665,-0.3313326835632324,0.3313326835632324
5,942,8ea8e6a0e757662275516f75,1.0499999523162842,1.0739973783493042,0.02399742603302002,0.02399742603302002
5,943,828974d48322f169b3c0dbd7,2.0399999618530273,1.5199090242385864,-0.5200909376144409,0.5200909376144409
5,944,b8acc55f8ee345d6efae1756,3.390000104904175,3.486644744873047,0.09664463996887207,0.09664463996887207
5,945,6647ab5d41cee41cf7790ae2,1.309999942779541,1.0716006755828857,-0.23839926719665527,0.23839926719665527
5,946,41fcbefdbb9f5c09f15901ac,1.600000023841858,2.2179532051086426,0.6179531812667847,0.6179531812667847
5,947,8038efff57d88310aebda383,1.3200000524520874,1.4103509187698364,0.09035086631774902,0.09035086631774902
5,948,63f664568ac313a15205dcea,2.130768299102783,2.300534248352051,0.16976594924926758,0.16976594924926758
5,949,e1e9288ab43c56b53acc6952,0.8239087462425232,1.044251799583435,0.22034305334091187,0.22034305334091187
5,950,9cb4ec2268b50b011908ed6e,3.096909999847412,1.6974433660507202,-1.399466633796692,1.399466633796692
5,951,126180bd52e9eb3fe67a1c1c,3.1232049465179443,3.0502471923828125,-0.07295775413513184,0.07295775413513184
5,952,87dc7a97c48ac0432a2a1eab,-0.05000000074505806,0.1795060932636261,0.22950609028339386,0.22950609028339386
5,953,45819deabf79aa8a2c503f74,1.600000023841858,0.9869517087936401,-0.6130483150482178,0.6130483150482178
5,954,319d6d44c5de775732c53e15,0.7300000190734863,2.4500927925109863,1.7200927734375,1.7200927734375
5,955,533e7fe57982ee3ef2e7e4bc,0.9746941328048706,0.7238720655441284,-0.2508220672607422,0.2508220672607422
5,956,da671adcf7b80c4d7324672e,2.607335090637207,1.9058068990707397,-0.7015281915664673,0.7015281915664673
5,957,8501eaf518af78130e315c3b,0.25,1.1013861894607544,0.8513861894607544,0.8513861894607544
5,958,337906ed85ebfd9a8ac49b9b,1.0399999618530273,2.1403369903564453,1.100337028503418,1.100337028503418
5,959,ee268999222a9933d590d8e3,1.4800000190734863,1.6178077459335327,0.1378077268600464,0.1378077268600464
5,960,6c11899405e65264651f7be2,2.4700000286102295,1.6224628686904907,-0.8475371599197388,0.8475371599197388
5,961,128fb4b94e2995cc61ab983c,2.795880079269409,2.6285576820373535,-0.16732239723205566,0.16732239723205566
5,962,8bcb8584fafb59c36e1d5c7b,0.3499999940395355,0.6440394520759583,0.29403945803642273,0.29403945803642273
5,963,8a1abe94525a4472576de48f,1.2100000381469727,1.3824174404144287,0.17241740226745605,0.17241740226745605
5,964,9d4ee68658d809657c2264cc,0.7400000095367432,0.9985378980636597,0.2585378885269165,0.2585378885269165
5,965,db53f0722e5edbb2ccac9f26,3.838632106781006,3.7303757667541504,-0.10825634002685547,0.10825634002685547
5,966,09d0f2e4bb62f42aad672813,1.1100000143051147,1.2834328413009644,0.1734328269958496,0.1734328269958496
5,967,60abf06405dc560d03898b17,1.0800000429153442,2.0898351669311523,1.009835124015808,1.009835124015808
5,968,4e330523af43c56043f18803,1.149999976158142,1.2875844240188599,0.13758444786071777,0.13758444786071777
5,969,038b2b784122ef68dedbabc5,0.6200000047683716,1.3373920917510986,0.717392086982727,0.717392086982727
5,970,c38938a036a1b43136708f0a,1.3899999856948853,1.7067909240722656,0.31679093837738037,0.31679093837738037
5,971,6ac2d18c8bcba47e636dc318,3.1432712078094482,3.215493679046631,0.07222247123718262,0.07222247123718262
5,972,34b3ddf05ba3a3aa754d3991,2.970616340637207,2.6041369438171387,-0.36647939682006836,0.36647939682006836
5,973,442f5ba5d4302abafdce589f,0.8899999856948853,1.556442379951477,0.6664423942565918,0.6664423942565918
5,974,28ec33fcbb307c738616535b,0.4099999964237213,1.5430859327316284,1.1330859661102295,1.1330859661102295
5,975,5c8a9974fa27f72e96823c96,2.390000104904175,2.75642728805542,0.3664271831512451,0.3664271831512451
5,976,22d547bb587210c6665f391e,1.5399999618530273,2.1906590461730957,0.6506590843200684,0.6506590843200684
5,977,4698b8f0709344595137912f,1.5099999904632568,1.4202003479003906,-0.08979964256286621,0.08979964256286621
5,978,e836b665b3afe1271b848452,1.690000057220459,1.7409721612930298,0.0509721040725708,0.0509721040725708
5,979,c4d718bf58ca779132263b07,2.664207935333252,3.50168514251709,0.8374772071838379,0.8374772071838379
5,980,75fa9abedcf54c98b6fdca7e,3.140000104904175,2.4527077674865723,-0.6872923374176025,0.6872923374176025
5,981,25206a7cf959b58f696a601b,1.3098039627075195,0.8536621332168579,-0.4561418294906616,0.4561418294906616
5,982,2f516a88491f910eec949887,1.399999976158142,1.0834144353866577,-0.3165855407714844,0.3165855407714844
5,983,5f00af55eee7ec7472cda6e1,3.0043647289276123,2.1512932777404785,-0.8530714511871338,0.8530714511871338
5,984,fa33ebca9321c048c1c7d085,1.2100000381469727,1.5937896966934204,0.38378965854644775,0.38378965854644775
5,985,d9cd4e7b20278d3356a0a0d4,2.0399999618530273,2.2241930961608887,0.18419313430786133,0.18419313430786133
5,986,14b1956d57022f47315b06c4,0.8538719415664673,1.3654509782791138,0.5115790367126465,0.5115790367126465
5,987,a5029b39dc3ae14834fd4fe5,5.168621063232422,2.652224063873291,-2.516396999359131,2.516396999359131
5,988,5b671d8e1ef2d9c36ee031c2,1.3799999952316284,0.9190040230751038,-0.46099597215652466,0.46099597215652466
5,989,1e7f3a5898900aa270222619,1.3200000524520874,1.3045072555541992,-0.015492796897888184,0.015492796897888184
5,990,6c04547b5ffd5cc29e78c77b,2.0399999618530273,2.050313949584961,0.010313987731933594,0.010313987731933594
5,991,13e37d627962d8c1d7466b66,4.079999923706055,4.020105838775635,-0.05989408493041992,0.05989408493041992
5,992,1ab49c8ba513b59dd6eaf87b,1.659999966621399,1.2349501848220825,-0.4250497817993164,0.4250497817993164
5,993,9173fcb38593403450c42b20,2.2699999809265137,1.9409397840499878,-0.3290601968765259,0.3290601968765259
5,994,c7b01f9677467443d27a3a9a,3.9586071968078613,4.102977752685547,0.14437055587768555,0.14437055587768555
5,995,830603425c6c0662f4d1427d,1.0099999904632568,0.9228693842887878,-0.087130606174469,0.087130606174469
5,996,1aae782effd0910299d947e3,2.1500000953674316,1.101807713508606,-1.0481923818588257,1.0481923818588257
5,997,49050d0871038f95188321e0,1.690000057220459,1.5693941116333008,-0.1206059455871582,0.1206059455871582
5,998,284d97bf597d638231ac022a,5.067018985748291,4.748196601867676,-0.31882238388061523,0.31882238388061523
5,999,b0fcb04f23faf828473a4de5,1.1299999952316284,0.9740502834320068,-0.15594971179962158,0.15594971179962158
5,1000,e614b38708d75a3772229d69,2.008756399154663,1.9862881898880005,-0.022468209266662598,0.022468209266662598
5,1001,db69f8f7a9d35b3450a14524,0.6200000047683716,0.8793941736221313,0.25939416885375977,0.25939416885375977
5,1002,b9361db808773f508e93dc38,2.509999990463257,1.897569179534912,-0.6124308109283447,0.6124308109283447
5,1003,5c52c55f81e3ae076c4f2883,-5.896526336669922,-4.201165676116943,1.6953606605529785,1.6953606605529785
5,1004,6710109b2b97c0871b30fe4a,2.4814860820770264,2.348937511444092,-0.13254857063293457,0.13254857063293457
5,1005,0ebaba18e13fbb37e679d9f9,3.4762535095214844,3.2206573486328125,-0.2555961608886719,0.2555961608886719
5,1006,9e6c7eb620c7e7c0ac73f185,2.380000114440918,2.180199146270752,-0.19980096817016602,0.19980096817016602
5,1007,aa2a49f0b0d2e0c5bc6741ee,1.6299999952316284,1.4653984308242798,-0.16460156440734863,0.16460156440734863
5,1008,83e0a1251a84cb8956863d78,1.3899999856948853,1.3594849109649658,-0.030515074729919434,0.030515074729919434
5,1009,84d0f3849eee08007e8a6fc0,0.18708664178848267,0.2314242720603943,0.04433763027191162,0.04433763027191162
5,1010,bed39761e14387306a81fb4e,3.823908805847168,3.4163990020751953,-0.40750980377197266,0.40750980377197266
5,1011,98a6b3b5c3e20b46cd7a66eb,4.721246242523193,4.468496322631836,-0.2527499198913574,0.2527499198913574
5,1012,2750a531ad0e1ef8b1a7aed7,4.4202165603637695,4.542661190032959,0.12244462966918945,0.12244462966918945
5,1013,ed009a952be6506e43168129,3.2899999618530273,3.2556467056274414,-0.03435325622558594,0.03435325622558594
5,1014,d6217086e8fd4b85c4f160de,1.899999976158142,2.1391372680664062,0.23913729190826416,0.23913729190826416
5,1015,c191fcd20bd3e01a0857ebd6,3.0222764015197754,2.7455224990844727,-0.27675390243530273,0.27675390243530273
5,1016,c50e38922b22d9699107cc8c,2.0299999713897705,1.8160183429718018,-0.21398162841796875,0.21398162841796875
5,1017,b5eb068414424ec383288601,1.5299999713897705,1.6388518810272217,0.10885190963745117,0.10885190963745117
5,1018,d707be559359a48d4513746f,2.6600000858306885,2.1301937103271484,-0.52980637550354,0.52980637550354
5,1019,31b951bdc15bde8237e2d542,0.5799999833106995,1.2452855110168457,0.6652855277061462,0.6652855277061462
5,1020,95856380c0f7695062ef98d0,1.159999966621399,1.1062344312667847,-0.05376553535461426,0.05376553535461426
5,1021,fae4385393af683e307e4d97,5.210000038146973,4.383388042449951,-0.8266119956970215,0.8266119956970215
5,1022,20bd82eb6860b2f3ad390008,2.4814860820770264,2.5074620246887207,0.025975942611694336,0.025975942611694336
5,1023,eb8d1c68ddfe3f99f6871dc8,3.9700000286102295,3.4045963287353516,-0.5654036998748779,0.5654036998748779
5,1024,f592f6007b0e963a19241cd1,1.4500000476837158,1.1783527135849,-0.2716473340988159,0.2716473340988159
5,1025,17b457a749d6723570d91635,1.2999999523162842,1.5374683141708374,0.23746836185455322,0.23746836185455322
5,1026,05e7811b671c6f56441bc806,2.0999999046325684,1.9574106931686401,-0.14258921146392822,0.14258921146392822
5,1027,435e18c6208f50ecc5ce1995,2.380000114440918,2.008502960205078,-0.37149715423583984,0.37149715423583984
5,1028,e20d7aa25486c3269b1672f5,2.0399999618530273,1.238731026649475,-0.8012689352035522,0.8012689352035522
5,1029,963fd8114702374c51b0a94a,0.3199999928474426,1.1568188667297363,0.8368188738822937,0.8368188738822937
5,1030,13b5979d834a5919334647d7,0.3199999928474426,1.361685037612915,1.0416851043701172,1.0416851043701172
5,1031,d59b77aa730a8dcb931e672a,0.7200000286102295,1.7053028345108032,0.9853028059005737,0.9853028059005737
5,1032,9ff9492e95d6ce9ee5cd382f,2.450000047683716,1.6627346277236938,-0.787265419960022,0.787265419960022
5,1033,042e0daffe52424ae0a34c1e,2.009999990463257,1.6965512037277222,-0.31344878673553467,0.31344878673553467
5,1034,4261fee771a0dc2edc316456,0.949999988079071,1.8986501693725586,0.9486501812934875,0.9486501812934875
5,1035,ab769899fe69636857337cdc,0.4699999988079071,0.44269633293151855,-0.02730366587638855,0.02730366587638855
5,1036,f7e39c49c9e71a1cc0db3e08,0.8500000238418579,2.0654993057250977,1.2154992818832397,1.2154992818832397
5,1037,9ab2b28609270113b4a1994a,1.3565473556518555,1.1572768688201904,-0.19927048683166504,0.19927048683166504
5,1038,5a6e1690ce206351ec5dfc17,2.130000114440918,1.3625251054763794,-0.7674750089645386,0.7674750089645386
5,1039,4b576f90b923790af27a03ec,2.704693555831909,2.255953788757324,-0.44873976707458496,0.44873976707458496
5,1040,5ce0b5419ebc899959d800df,4.031517028808594,3.994616985321045,-0.03690004348754883,0.03690004348754883
5,1041,69175d1d0f37c74bee12f817,1.9586073160171509,1.161954641342163,-0.7966526746749878,0.7966526746749878
5,1042,e4031919bd0b09696bce2327,1.9700000286102295,2.1110591888427734,0.14105916023254395,0.14105916023254395
5,1043,9b79f461376ce0d55588470f,3.239577531814575,3.2405266761779785,0.0009491443634033203,0.0009491443634033203
5,1044,109f8487b02c1b37a6fa129a,0.9800000190734863,1.9674104452133179,0.9874104261398315,0.9874104261398315
5,1045,6e6f20955be67d64f9bcd102,0.5199999809265137,0.8088212013244629,0.2888212203979492,0.2888212203979492
5,1046,10922bf9c9e33bd162f06630,1.4893617630004883,2.337977409362793,0.8486156463623047,0.8486156463623047
5,1047,71030b083ba3047d8f3f3f42,1.1799999475479126,1.2309149503707886,0.05091500282287598,0.05091500282287598
5,1048,03c95e1ff4fdd8fbc4bc6a05,0.7958800196647644,1.4838732481002808,0.6879932284355164,0.6879932284355164
5,1049,e986f16eef9d1fd12c669511,1.850000023841858,2.0896835327148438,0.23968350887298584,0.23968350887298584
5,1050,382fe67b66021fd7efe6877f,1.7899999618530273,1.7526121139526367,-0.037387847900390625,0.037387847900390625
5,1051,58414cdd1bf5ab558019f225,1.4900000095367432,1.832403540611267,0.3424035310745239,0.3424035310745239
5,1052,ca0ba47e417501bc99f24afa,1.600000023841858,1.8165479898452759,0.21654796600341797,0.21654796600341797
5,1053,23e63ad51f3a281d3543dd95,3.9200000762939453,4.33799934387207,0.417999267578125,0.417999267578125
5,1054,0613b42f16c9b096f84cd294,0.8239087462425232,0.7080574035644531,-0.11585134267807007,0.11585134267807007
5,1055,388519cb13b61f12cac2395f,2.869666337966919,2.6510324478149414,-0.21863389015197754,0.21863389015197754
5,1056,91ce0894789f0f86509ff955,3.7899491786956787,3.1725258827209473,-0.6174232959747314,0.6174232959747314
5,1057,bbb43f41d0aaefcf9c771b79,3.0705809593200684,1.9005106687545776,-1.1700702905654907,1.1700702905654907
5,1058,981c96176f546032a5fb8ca2,1.6699999570846558,1.9206817150115967,0.2506817579269409,0.2506817579269409
5,1059,e5a7687e973ab4177df20312,2.9000000953674316,2.2868146896362305,-0.6131854057312012,0.6131854057312012
5,1060,45cde16bd033a844beaae0ca,1.1643093824386597,1.1941663026809692,0.02985692024230957,0.02985692024230957
5,1061,ce750f108e1b3d5c6bd67ee5,4.2600321769714355,3.7913084030151367,-0.46872377395629883,0.46872377395629883
5,1062,6adcb5dcb9961d990724cf97,0.3100000023841858,1.1192783117294312,0.8092783093452454,0.8092783093452454
5,1063,4f341cd6eac435f2dea5b8b8,4.585026741027832,4.6631011962890625,0.07807445526123047,0.07807445526123047
5,1064,2f03183edfd38e744176d606,1.9299999475479126,1.6253399848937988,-0.30465996265411377,0.30465996265411377
5,1065,301c4f72b03c6220919f2fa3,0.7447274923324585,0.5946014523506165,-0.15012603998184204,0.15012603998184204
5,1066,29fdcbd2e1a69b3f3ba675c3,0.25,0.5623617768287659,0.31236177682876587,0.31236177682876587
5,1067,148f4a7fb02a89dc81b12128,4.481485843658447,3.616715908050537,-0.8647699356079102,0.8647699356079102
5,1068,05eb0bc041b2273ef571ed1f,1.4814860820770264,2.2058591842651367,0.7243731021881104,0.7243731021881104
5,1069,00b6734ca008dc5d2881db44,1.6200000047683716,2.4169888496398926,0.796988844871521,0.796988844871521
5,1070,ab3349087e4e5c76eb3160b2,4.055517196655273,3.786390781402588,-0.26912641525268555,0.26912641525268555
5,1071,90bb074bc99a9f8c59b4dbb8,0.8500000238418579,1.2590903043746948,0.4090902805328369,0.4090902805328369
5,1072,06a31f3e1647b91d35b5a9a0,2.698970079421997,2.5295772552490234,-0.16939282417297363,0.16939282417297363
5,1073,a6ca45d494dea5e24c3744e6,3.3565473556518555,3.2042770385742188,-0.15227031707763672,0.15227031707763672
5,1074,a7bb9de0dbd91e909a084700,2.059999942779541,0.8433197140693665,-1.2166802883148193,1.2166802883148193
5,1075,bfb38afad05fc8eae468fef5,2.740000009536743,2.751430034637451,0.011430025100708008,0.011430025100708008
5,1076,28b5f4ee5a51aa09f67b5c7f,2.9700000286102295,3.2136240005493164,0.24362397193908691,0.24362397193908691
5,1077,5a333e74760cf3a45c7e2deb,0.5883802771568298,1.0177825689315796,0.42940229177474976,0.42940229177474976
5,1078,c069b586b1977af00db9431e,2.0199999809265137,1.7914365530014038,-0.22856342792510986,0.22856342792510986
5,1079,ecf5a8a1e7d2918e89aa96f1,1.5399999618530273,1.8061383962631226,0.2661384344100952,0.2661384344100952
5,1080,126dc8c3aa3823108e212df1,1.6299999952316284,1.2125561237335205,-0.4174438714981079,0.4174438714981079
5,1081,c590e56cc33a98d75c047577,1.4800000190734863,1.3648444414138794,-0.11515557765960693,0.11515557765960693
5,1082,15fa4b83d5634156d743e07b,4.036211967468262,3.818995952606201,-0.21721601486206055,0.21721601486206055
5,1083,b01db46e4177bb731f69d8f1,1.5199999809265137,1.453413486480713,-0.06658649444580078,0.06658649444580078
5,1084,145bbe721c729143d3d3e708,1.4800000190734863,1.715133547782898,0.23513352870941162,0.23513352870941162
5,1085,18916176c35aa60b8ac1c9e1,1.1799999475479126,1.400327444076538,0.2203274965286255,0.2203274965286255
5,1086,62508c0b4cfb56e7a86a32dc,0.7099999785423279,0.7746305465698242,0.06463056802749634,0.06463056802749634
5,1087,627f6393d6741ddc0325d0e3,3.7878124713897705,3.6382179260253906,-0.14959454536437988,0.14959454536437988
5,1088,875fc1eed7e3d0f1ba3f4eca,4.067526340484619,3.982954502105713,-0.08457183837890625,0.08457183837890625
5,1089,ca56746fd7366eff9141f139,0.4412914216518402,-0.5064610242843628,-0.9477524757385254,0.9477524757385254
