sample_id,target_name,uniprot_id,seed,protein_prediction,drug_candidate_prediction,joint_candidate_prediction,drug_gate,joint_gate,effective_drug_gate,effective_joint_gate,drug_contribution_rms,joint_contribution_rms,joint_attention_confidence,protein_expert_weights,drug_expert_weights,attention_p2d_4x4,attention_d2p_4x4,checkpoint_sha256,drug_prediction_shift_signed,joint_prediction_shift_signed
case_00001,NK1R,P25103,42,2.2750580310821533,2.5451161861419678,2.533322334289551,0.3040885627269745,0.29933685064315796,0.3040885627269745,0.29933685064315796,0.3063459098339081,0.29916849732398987,0.16466987133026123,"[0.011144408024847507,0.03364136442542076,0.03290369361639023,0.9223105311393738]","[0.0352199450135231,0.13175204396247864,0.1912367045879364,0.6417912244796753]","[[0.06459391862154007,0.5721462965011597,0.14012886583805084,0.22313092648983002],[0.08727850764989853,0.20846840739250183,0.2955749034881592,0.40867823362350464],[0.05699581652879715,0.2943304181098938,0.35552364587783813,0.2931501269340515],[0.2193758487701416,0.20415906608104706,0.23046667873859406,0.34599846601486206]]","[[0.013007190078496933,0.006798528600484133,0.669593334197998,0.3106009364128113],[0.18671491742134094,0.1821126639842987,0.43565109372138977,0.1955212950706482],[0.03260860964655876,0.07550650089979172,0.2770021855831146,0.61488276720047],[0.41089609265327454,0.12042228877544403,0.18655803799629211,0.2821235656738281]]",fd63aa48c21ada4faba6977bc08f6b765c5964fd2a133a01c1d27b42327ac8de,0.27005815505981445,-0.011793851852416992
case_00002,NK1R,P25103,42,2.2750580310821533,2.580681324005127,2.5687448978424072,0.3040885627269745,0.29933685064315796,0.3040885627269745,0.29933685064315796,0.3065144121646881,0.2991628348827362,0.16432678699493408,"[0.011144408024847507,0.03364136442542076,0.03290369361639023,0.9223105311393738]","[0.02237643301486969,0.09660623967647552,0.2192462831735611,0.6617710590362549]","[[0.04660067707300186,0.3387787640094757,0.41443300247192383,0.20018751919269562],[0.10115654021501541,0.21508029103279114,0.5299336314201355,0.15382954478263855],[0.06907350569963455,0.35309842228889465,0.3621615171432495,0.21566659212112427],[0.10637055337429047,0.2035505622625351,0.3813856542110443,0.3086932301521301]]","[[0.011449035257101059,0.007076865062117577,0.6377843618392944,0.34368976950645447],[0.3805335462093353,0.0905594751238823,0.2119768261909485,0.3169300854206085],[0.04381920024752617,0.07772096991539001,0.3004477620124817,0.5780121088027954],[0.29926908016204834,0.11927083879709244,0.20748691260814667,0.37397313117980957]]",fd63aa48c21ada4faba6977bc08f6b765c5964fd2a133a01c1d27b42327ac8de,0.30562329292297363,-0.011936426162719727
case_00003,NK1R,P25103,42,2.2750580310821533,2.6112163066864014,2.5886313915252686,0.3040885627269745,0.29933685064315796,0.3040885627269745,0.29933685064315796,0.3063865005970001,0.29917585849761963,0.15212863683700562,"[0.011144408024847507,0.03364136442542076,0.03290369361639023,0.9223105311393738]","[0.027614712715148926,0.11968794465065002,0.2831478714942932,0.569549560546875]","[[0.1206316277384758,0.3908594250679016,0.2367769330739975,0.2517319619655609],[0.12594234943389893,0.18046246469020844,0.3915139436721802,0.30208125710487366],[0.09721293300390244,0.419109582901001,0.25937554240226746,0.22430194914340973],[0.1414572149515152,0.29070645570755005,0.27751487493515015,0.290321409702301]]","[[0.014980167150497437,0.008039767853915691,0.7414885759353638,0.23549145460128784],[0.2523181438446045,0.12878265976905823,0.27353009581565857,0.3453691005706787],[0.039734967052936554,0.07188841700553894,0.39038798213005066,0.49798861145973206],[0.2794199585914612,0.03865285590291023,0.1811869591474533,0.5007401704788208]]",fd63aa48c21ada4faba6977bc08f6b765c5964fd2a133a01c1d27b42327ac8de,0.33615827560424805,-0.022584915161132812
case_00004,NK1R,P25103,42,2.2750580310821533,2.4290761947631836,2.423957586288452,0.3040885627269745,0.29933685064315796,0.3040885627269745,0.29933685064315796,0.30642908811569214,0.2991591989994049,0.17512565851211548,"[0.011144408024847507,0.03364136442542076,0.03290369361639023,0.9223105311393738]","[0.030168119817972183,0.169873908162117,0.22649089992046356,0.5734670758247375]","[[0.03611723333597183,0.49277833104133606,0.1773904263973236,0.29371392726898193],[0.12673860788345337,0.2764599621295929,0.4500522315502167,0.14674913883209229],[0.059954091906547546,0.4833066165447235,0.30606505274772644,0.1506742388010025],[0.1672525703907013,0.1708492934703827,0.27497100830078125,0.38692712783813477]]","[[0.012115396559238434,0.00608834158629179,0.519865095615387,0.46193113923072815],[0.2302335798740387,0.13796399533748627,0.30461111664772034,0.3271912932395935],[0.06093616411089897,0.05365588515996933,0.1863773614168167,0.6990306377410889],[0.3690212368965149,0.1009516641497612,0.15076951682567596,0.3792576193809509]]",fd63aa48c21ada4faba6977bc08f6b765c5964fd2a133a01c1d27b42327ac8de,0.15401816368103027,-0.005118608474731445
case_00005,NK1R,P25103,42,2.2750580310821533,2.410738706588745,2.386826276779175,0.3040885627269745,0.29933685064315796,0.3040885627269745,0.29933685064315796,0.30628079175949097,0.2991608679294586,0.1825798749923706,"[0.011144408024847507,0.03364136442542076,0.03290369361639023,0.9223105311393738]","[0.03182365372776985,0.19963902235031128,0.22717693448066711,0.5413603782653809]","[[0.029862962663173676,0.46177008748054504,0.27407437562942505,0.23429261147975922],[0.06403926759958267,0.19428306818008423,0.5237798094749451,0.21789786219596863],[0.05217116326093674,0.38629308342933655,0.3644978702068329,0.19703780114650726],[0.1402844488620758,0.17793437838554382,0.3517065644264221,0.33007460832595825]]","[[0.0077459607273340225,0.005902520846575499,0.6099469065666199,0.37640470266342163],[0.22127608954906464,0.183314710855484,0.3593498170375824,0.23605939745903015],[0.0466746985912323,0.0482676699757576,0.20989960432052612,0.695158064365387],[0.2530965507030487,0.09355849027633667,0.21046078205108643,0.4428842067718506]]",fd63aa48c21ada4faba6977bc08f6b765c5964fd2a133a01c1d27b42327ac8de,0.1356806755065918,-0.023912429809570312
case_00006,NK1R,P25103,42,2.2750580310821533,2.467517852783203,2.432921886444092,0.3040885627269745,0.29933685064315796,0.3040885627269745,0.29933685064315796,0.3064259886741638,0.2991688549518585,0.17527234554290771,"[0.011144408024847507,0.03364136442542076,0.03290369361639023,0.9223105311393738]","[0.030231427401304245,0.1477535218000412,0.23966211080551147,0.5823529362678528]","[[0.037572700530290604,0.4954630732536316,0.2176869511604309,0.2492772340774536],[0.11340665072202682,0.23287715017795563,0.4658588767051697,0.18785734474658966],[0.05173906683921814,0.48628124594688416,0.3218832314014435,0.1400965452194214],[0.17954790592193604,0.17799167335033417,0.26897144317626953,0.37348902225494385]]","[[0.012115396559238434,0.00608834158629179,0.519865095615387,0.46193113923072815],[0.2234993427991867,0.15626776218414307,0.3047660291194916,0.3154667913913727],[0.052446745336055756,0.06742507219314575,0.22466129064559937,0.6554669141769409],[0.3424357771873474,0.07491905242204666,0.12523812055587769,0.45740702748298645]]",fd63aa48c21ada4faba6977bc08f6b765c5964fd2a133a01c1d27b42327ac8de,0.1924598217010498,-0.03459596633911133
case_00007,NK1R,P25103,42,2.2750580310821533,2.618450880050659,2.708056688308716,0.3040885627269745,0.29933685064315796,0.3040885627269745,0.29933685064315796,0.30636319518089294,0.2991412580013275,0.22647219896316528,"[0.011144408024847507,0.03364136442542076,0.03290369361639023,0.9223105311393738]","[0.029110589995980263,0.17393594980239868,0.3290962874889374,0.4678571820259094]","[[0.01601070538163185,0.08576712012290955,0.41986772418022156,0.4783543646335602],[0.06305042654275894,0.2772773802280426,0.22940073907375336,0.4302714467048645],[0.03390876203775406,0.14067873358726501,0.438965767621994,0.3864467144012451],[0.04882436245679855,0.22428490221500397,0.2840258777141571,0.44286486506462097]]","[[0.01349253673106432,0.0050651333294808865,0.3586142957210541,0.6228280663490295],[0.11222141981124878,0.03661680966615677,0.228219136595726,0.6229425668716431],[0.07452321797609329,0.15509344637393951,0.43561333417892456,0.33476999402046204],[0.09365690499544144,0.05951026827096939,0.29323244094848633,0.5536003708839417]]",fd63aa48c21ada4faba6977bc08f6b765c5964fd2a133a01c1d27b42327ac8de,0.34339284896850586,0.08960580825805664
case_00008,NK1R,P25103,42,2.2750580310821533,2.618450880050659,2.708056688308716,0.3040885627269745,0.29933685064315796,0.3040885627269745,0.29933685064315796,0.30636319518089294,0.2991412580013275,0.22647219896316528,"[0.011144408024847507,0.03364136442542076,0.03290369361639023,0.9223105311393738]","[0.029110589995980263,0.17393594980239868,0.3290962874889374,0.4678571820259094]","[[0.01601070538163185,0.08576712012290955,0.41986772418022156,0.4783543646335602],[0.06305042654275894,0.2772773802280426,0.22940073907375336,0.4302714467048645],[0.03390876203775406,0.14067873358726501,0.438965767621994,0.3864467144012451],[0.04882436245679855,0.22428490221500397,0.2840258777141571,0.44286486506462097]]","[[0.01349253673106432,0.0050651333294808865,0.3586142957210541,0.6228280663490295],[0.11222141981124878,0.03661680966615677,0.228219136595726,0.6229425668716431],[0.07452321797609329,0.15509344637393951,0.43561333417892456,0.33476999402046204],[0.09365690499544144,0.05951026827096939,0.29323244094848633,0.5536003708839417]]",fd63aa48c21ada4faba6977bc08f6b765c5964fd2a133a01c1d27b42327ac8de,0.34339284896850586,0.08960580825805664
case_00009,sAC,Q96PN6,42,2.3505752086639404,2.39939284324646,2.452584981918335,0.3040885627269745,0.29933685064315796,0.3040885627269745,0.29933685064315796,0.30632448196411133,0.2991468012332916,0.25663942098617554,"[0.018922124058008194,0.05115344002842903,0.1170274168252945,0.8128969669342041]","[0.014299819245934486,0.09888512641191483,0.4788590669631958,0.40795597434043884]","[[0.03373119607567787,0.08528044074773788,0.4975508749485016,0.38343748450279236],[0.06408355385065079,0.05321589112281799,0.456966757774353,0.42573386430740356],[0.04973677918314934,0.09299799054861069,0.44106629490852356,0.41619887948036194],[0.18510273098945618,0.07000996917486191,0.37449637055397034,0.37039095163345337]]","[[0.00553257018327713,0.008348818868398666,0.2070896029472351,0.7790290117263794],[0.05976537987589836,0.17647889256477356,0.2368028461933136,0.5269529223442078],[0.04361407831311226,0.16530056297779083,0.227476105093956,0.56360924243927],[0.04558585584163666,0.08527230471372604,0.23983091115951538,0.6293108463287354]]",fd63aa48c21ada4faba6977bc08f6b765c5964fd2a133a01c1d27b42327ac8de,0.04881763458251953,0.053192138671875
case_00010,sAC,Q96PN6,42,2.3505752086639404,2.631385564804077,2.675595998764038,0.3040885627269745,0.29933685064315796,0.3040885627269745,0.29933685064315796,0.30615946650505066,0.29914408922195435,0.3645767569541931,"[0.018922124058008194,0.05115344002842903,0.1170274168252945,0.8128969669342041]","[0.04751546308398247,0.15200573205947876,0.31203001737594604,0.4884486794471741]","[[0.010120882652699947,0.06109930947422981,0.6484710574150085,0.28030869364738464],[0.05396401882171631,0.07308278232812881,0.5932290554046631,0.2797241806983948],[0.019212543964385986,0.04985056072473526,0.6780112981796265,0.2529255449771881],[0.08856746554374695,0.0938393622636795,0.2556523084640503,0.5619409084320068]]","[[0.004398195538669825,0.004079047590494156,0.06928148120641708,0.9222412705421448],[0.025647524744272232,0.014218751341104507,0.1656481921672821,0.7944856286048889],[0.13505849242210388,0.15637518465518951,0.27731284499168396,0.43125346302986145],[0.058581557124853134,0.07703188061714172,0.2524973750114441,0.6118891835212708]]",fd63aa48c21ada4faba6977bc08f6b765c5964fd2a133a01c1d27b42327ac8de,0.2808103561401367,0.04421043395996094
case_00011,sAC,Q96PN6,42,2.3505752086639404,2.482703447341919,2.4556949138641357,0.3040885627269745,0.29933685064315796,0.3040885627269745,0.29933685064315796,0.3061855435371399,0.29914629459381104,0.2921251654624939,"[0.018922124058008194,0.05115344002842903,0.1170274168252945,0.8128969669342041]","[0.025422854349017143,0.08233512192964554,0.27312132716178894,0.619120717048645]","[[0.015018007718026638,0.12801577150821686,0.46319645643234253,0.393769770860672],[0.06820358335971832,0.08336178958415985,0.4660119414329529,0.38242268562316895],[0.02845439687371254,0.09637309610843658,0.5672770142555237,0.3078955411911011],[0.07106482237577438,0.10003000497817993,0.2666732966899872,0.5622318983078003]]","[[0.002157660899683833,0.0023237892892211676,0.08968251198530197,0.9058360457420349],[0.04605637863278389,0.03608599305152893,0.34709471464157104,0.5707628726959229],[0.11955732852220535,0.26618579030036926,0.22738604247570038,0.386870801448822],[0.043004464358091354,0.053378570824861526,0.3559598922729492,0.5476570129394531]]",fd63aa48c21ada4faba6977bc08f6b765c5964fd2a133a01c1d27b42327ac8de,0.13212823867797852,-0.027008533477783203
case_00012,sAC,Q96PN6,42,2.3505752086639404,2.446617603302002,2.594693422317505,0.3040885627269745,0.29933685064315796,0.3040885627269745,0.29933685064315796,0.3062368929386139,0.2991434335708618,0.36323803663253784,"[0.018922124058008194,0.05115344002842903,0.1170274168252945,0.8128969669342041]","[0.0260628592222929,0.1648569107055664,0.3471209704875946,0.46195924282073975]","[[0.018363608047366142,0.05944347754120827,0.5982532501220703,0.3239396810531616],[0.0650639757514,0.06955397129058838,0.58070969581604,0.284672349691391],[0.03170306235551834,0.05694693699479103,0.559079647064209,0.35227030515670776],[0.07918315380811691,0.09360619634389877,0.24729247391223907,0.5799182057380676]]","[[0.0031757864635437727,0.004070765804499388,0.12378986924886703,0.8689635992050171],[0.015697592869400978,0.01828794553875923,0.16580624878406525,0.8002082109451294],[0.061266206204891205,0.08266311138868332,0.3846849799156189,0.4713856875896454],[0.040188927203416824,0.048167064785957336,0.28677046298980713,0.6248735189437866]]",fd63aa48c21ada4faba6977bc08f6b765c5964fd2a133a01c1d27b42327ac8de,0.09604239463806152,0.14807581901550293
case_00013,sAC,Q96PN6,42,2.3505752086639404,2.6069653034210205,2.6481926441192627,0.3040885627269745,0.29933685064315796,0.3040885627269745,0.29933685064315796,0.30615130066871643,0.299157053232193,0.3454263210296631,"[0.018922124058008194,0.05115344002842903,0.1170274168252945,0.8128969669342041]","[0.028136303648352623,0.16810238361358643,0.338598370552063,0.465162992477417]","[[0.018374567851424217,0.046745967119932175,0.646752119064331,0.2881273031234741],[0.04968057945370674,0.04836046323180199,0.6671125292778015,0.23484641313552856],[0.01784597337245941,0.06716663390398026,0.6734979152679443,0.2414894700050354],[0.12175691872835159,0.07115740329027176,0.3030136227607727,0.5040720105171204]]","[[0.007351830136030912,0.005715191829949617,0.14482513070106506,0.8421077728271484],[0.030253726989030838,0.032462913542985916,0.24431012570858002,0.692973256111145],[0.09258846193552017,0.07482622563838959,0.2621953785419464,0.5703899264335632],[0.04973740130662918,0.09325510263442993,0.3791615664958954,0.4778459072113037]]",fd63aa48c21ada4faba6977bc08f6b765c5964fd2a133a01c1d27b42327ac8de,0.2563900947570801,0.04122734069824219
case_00014,sAC,Q96PN6,42,2.3505752086639404,2.4781627655029297,2.511284828186035,0.3040885627269745,0.29933685064315796,0.3040885627269745,0.29933685064315796,0.3062388002872467,0.2991503179073334,0.33692431449890137,"[0.018922124058008194,0.05115344002842903,0.1170274168252945,0.8128969669342041]","[0.02005685679614544,0.09732899814844131,0.4905701279640198,0.3920440673828125]","[[0.0124637670814991,0.06016862764954567,0.5732288360595703,0.3541387617588043],[0.05137884244322777,0.039714910089969635,0.6664513945579529,0.2424549013376236],[0.02383970096707344,0.04130931571125984,0.6273338794708252,0.3075171113014221],[0.09815337508916855,0.10247563570737839,0.30736294388771057,0.4920080304145813]]","[[0.0033810148015618324,0.0038193953223526478,0.162191241979599,0.8306083679199219],[0.03828112781047821,0.03388616815209389,0.36177557706832886,0.5660571455955505],[0.05952171981334686,0.0693059042096138,0.4309762418270111,0.4401962161064148],[0.05205487459897995,0.07023891061544418,0.27934160828590393,0.598364531993866]]",fd63aa48c21ada4faba6977bc08f6b765c5964fd2a133a01c1d27b42327ac8de,0.12758755683898926,0.03312206268310547
case_00015,sAC,Q96PN6,42,2.3505752086639404,2.671191692352295,2.7062339782714844,0.3040885627269745,0.29933685064315796,0.3040885627269745,0.29933685064315796,0.306171178817749,0.29915156960487366,0.35552656650543213,"[0.018922124058008194,0.05115344002842903,0.1170274168252945,0.8128969669342041]","[0.022260406985878944,0.10969839990139008,0.3237549960613251,0.5442861914634705]","[[0.008093084208667278,0.09678042680025101,0.6405424475669861,0.25458401441574097],[0.034827183932065964,0.049699198454618454,0.5123374462127686,0.40313616394996643],[0.016732027754187584,0.061218492686748505,0.6742219924926758,0.24782748520374298],[0.05501558259129524,0.08486472815275192,0.1601540893316269,0.6999655365943909]]","[[0.0035582375712692738,0.0023868735879659653,0.21639680862426758,0.7776581048965454],[0.04145443066954613,0.0204862542450428,0.2623061537742615,0.6757531762123108],[0.0978827029466629,0.2112138420343399,0.26503682136535645,0.42586666345596313],[0.04895152524113655,0.03148132935166359,0.22997303307056427,0.6895941495895386]]",fd63aa48c21ada4faba6977bc08f6b765c5964fd2a133a01c1d27b42327ac8de,0.3206164836883545,0.03504228591918945
case_00016,sAC,Q96PN6,42,2.3505752086639404,2.671191692352295,2.7062339782714844,0.3040885627269745,0.29933685064315796,0.3040885627269745,0.29933685064315796,0.306171178817749,0.29915156960487366,0.35552656650543213,"[0.018922124058008194,0.05115344002842903,0.1170274168252945,0.8128969669342041]","[0.022260406985878944,0.10969839990139008,0.3237549960613251,0.5442861914634705]","[[0.008093084208667278,0.09678042680025101,0.6405424475669861,0.25458401441574097],[0.034827183932065964,0.049699198454618454,0.5123374462127686,0.40313616394996643],[0.016732027754187584,0.061218492686748505,0.6742219924926758,0.24782748520374298],[0.05501558259129524,0.08486472815275192,0.1601540893316269,0.6999655365943909]]","[[0.0035582375712692738,0.0023868735879659653,0.21639680862426758,0.7776581048965454],[0.04145443066954613,0.0204862542450428,0.2623061537742615,0.6757531762123108],[0.0978827029466629,0.2112138420343399,0.26503682136535645,0.42586666345596313],[0.04895152524113655,0.03148132935166359,0.22997303307056427,0.6895941495895386]]",fd63aa48c21ada4faba6977bc08f6b765c5964fd2a133a01c1d27b42327ac8de,0.3206164836883545,0.03504228591918945
case_00017,sAC,Q96PN6,42,2.3505752086639404,2.6225316524505615,2.64353346824646,0.3040885627269745,0.29933685064315796,0.3040885627269745,0.29933685064315796,0.3061590790748596,0.2991505563259125,0.3596384525299072,"[0.018922124058008194,0.05115344002842903,0.1170274168252945,0.8128969669342041]","[0.03368883207440376,0.09063703566789627,0.31134963035583496,0.5643244981765747]","[[0.008812880143523216,0.05252475664019585,0.7610716819763184,0.1775907278060913],[0.07163973897695541,0.04359548166394234,0.5984500050544739,0.2863147258758545],[0.03122817911207676,0.05462384223937988,0.6630352139472961,0.25111275911331177],[0.07814434915781021,0.05196024850010872,0.32897770404815674,0.540917694568634]]","[[0.0035814351867884398,0.003524301340803504,0.17139483988285065,0.8214994072914124],[0.03119424358010292,0.016451792791485786,0.2082398682832718,0.744114100933075],[0.12594343721866608,0.1498907506465912,0.2699681222438812,0.4541976749897003],[0.061399515718221664,0.0776350125670433,0.21154089272022247,0.6494246125221252]]",fd63aa48c21ada4faba6977bc08f6b765c5964fd2a133a01c1d27b42327ac8de,0.2719564437866211,0.021001815795898438
case_00018,sAC,Q96PN6,42,2.3505752086639404,2.6225316524505615,2.64353346824646,0.3040885627269745,0.29933685064315796,0.3040885627269745,0.29933685064315796,0.3061590790748596,0.2991505563259125,0.3596384525299072,"[0.018922124058008194,0.05115344002842903,0.1170274168252945,0.8128969669342041]","[0.03368883207440376,0.09063703566789627,0.31134963035583496,0.5643244981765747]","[[0.008812880143523216,0.05252475664019585,0.7610716819763184,0.1775907278060913],[0.07163973897695541,0.04359548166394234,0.5984500050544739,0.2863147258758545],[0.03122817911207676,0.05462384223937988,0.6630352139472961,0.25111275911331177],[0.07814434915781021,0.05196024850010872,0.32897770404815674,0.540917694568634]]","[[0.0035814351867884398,0.003524301340803504,0.17139483988285065,0.8214994072914124],[0.03119424358010292,0.016451792791485786,0.2082398682832718,0.744114100933075],[0.12594343721866608,0.1498907506465912,0.2699681222438812,0.4541976749897003],[0.061399515718221664,0.0776350125670433,0.21154089272022247,0.6494246125221252]]",fd63aa48c21ada4faba6977bc08f6b765c5964fd2a133a01c1d27b42327ac8de,0.2719564437866211,0.021001815795898438
case_00019,sAC,Q96PN6,42,2.3505752086639404,2.5216102600097656,2.5674045085906982,0.3040885627269745,0.29933685064315796,0.3040885627269745,0.29933685064315796,0.3062213957309723,0.299151748418808,0.33170562982559204,"[0.018922124058008194,0.05115344002842903,0.1170274168252945,0.8128969669342041]","[0.02825085259974003,0.08695629984140396,0.2930481731891632,0.5917446613311768]","[[0.011311949230730534,0.05251903459429741,0.596564531326294,0.3396044969558716],[0.0685906708240509,0.057483505457639694,0.42572787404060364,0.4481979310512543],[0.025898518040776253,0.04186791554093361,0.5306181311607361,0.4016154408454895],[0.06868299096822739,0.06086156889796257,0.2150309830904007,0.6554244160652161]]","[[0.0035814351867884398,0.003524301340803504,0.17139483988285065,0.8214994072914124],[0.03385557979345322,0.025067541748285294,0.2756969630718231,0.6653798818588257],[0.1010139063000679,0.2201964259147644,0.34285157918930054,0.33593806624412537],[0.04028768464922905,0.05067365989089012,0.2852458655834198,0.6237927675247192]]",fd63aa48c21ada4faba6977bc08f6b765c5964fd2a133a01c1d27b42327ac8de,0.1710350513458252,0.04579424858093262
case_00020,sAC,Q96PN6,42,2.3505752086639404,2.5216102600097656,2.5674045085906982,0.3040885627269745,0.29933685064315796,0.3040885627269745,0.29933685064315796,0.3062213957309723,0.299151748418808,0.33170562982559204,"[0.018922124058008194,0.05115344002842903,0.1170274168252945,0.8128969669342041]","[0.02825085259974003,0.08695629984140396,0.2930481731891632,0.5917446613311768]","[[0.011311949230730534,0.05251903459429741,0.596564531326294,0.3396044969558716],[0.0685906708240509,0.057483505457639694,0.42572787404060364,0.4481979310512543],[0.025898518040776253,0.04186791554093361,0.5306181311607361,0.4016154408454895],[0.06868299096822739,0.06086156889796257,0.2150309830904007,0.6554244160652161]]","[[0.0035814351867884398,0.003524301340803504,0.17139483988285065,0.8214994072914124],[0.03385557979345322,0.025067541748285294,0.2756969630718231,0.6653798818588257],[0.1010139063000679,0.2201964259147644,0.34285157918930054,0.33593806624412537],[0.04028768464922905,0.05067365989089012,0.2852458655834198,0.6237927675247192]]",fd63aa48c21ada4faba6977bc08f6b765c5964fd2a133a01c1d27b42327ac8de,0.1710350513458252,0.04579424858093262
case_00021,V2R,P30518,42,1.6070564985275269,1.9823449850082397,1.9585844278335571,0.3040885627269745,0.29933685064315796,0.3040885627269745,0.29933685064315796,0.306395560503006,0.2991584241390228,0.3192729949951172,"[0.012290429323911667,0.03443872183561325,0.038903575390577316,0.9143673181533813]","[0.02185056544840336,0.09186749160289764,0.38509470224380493,0.5011872053146362]","[[0.01983402669429779,0.1393698751926422,0.5427767038345337,0.2980193793773651],[0.03712908551096916,0.18092745542526245,0.5948463082313538,0.18709714710712433],[0.017924221232533455,0.060255035758018494,0.8464635610580444,0.07535719871520996],[0.05117664113640785,0.3288806676864624,0.1833217442035675,0.4366210103034973]]","[[0.009159538894891739,0.007016870193183422,0.42240220308303833,0.5614213943481445],[0.13989263772964478,0.053654056042432785,0.0927201434969902,0.7137331962585449],[0.09050886332988739,0.07667195796966553,0.13913293182849884,0.6936862468719482],[0.21150022745132446,0.08318282663822174,0.10637924075126648,0.5989376902580261]]",fd63aa48c21ada4faba6977bc08f6b765c5964fd2a133a01c1d27b42327ac8de,0.3752884864807129,-0.023760557174682617
case_00022,V2R,P30518,42,1.6070564985275269,1.9269455671310425,1.9458659887313843,0.3040885627269745,0.29933685064315796,0.3040885627269745,0.29933685064315796,0.3064015805721283,0.2991577088832855,0.32953888177871704,"[0.012290429323911667,0.03443872183561325,0.038903575390577316,0.9143673181533813]","[0.021261224523186684,0.09572631865739822,0.367544561624527,0.5154678225517273]","[[0.017098113894462585,0.09317391365766525,0.6486063003540039,0.24112161993980408],[0.037516914308071136,0.1590198427438736,0.6414868831634521,0.16197635233402252],[0.014921034686267376,0.04450776055455208,0.8929888010025024,0.047582484781742096],[0.04914087429642677,0.2597736418247223,0.2104812115430832,0.4806043207645416]]","[[0.009159538894891739,0.007016870193183422,0.42240220308303833,0.5614213943481445],[0.1627875715494156,0.06488566100597382,0.09036195278167725,0.6819648146629333],[0.08802130818367004,0.09858620166778564,0.13026034832000732,0.6831321120262146],[0.31589099764823914,0.13032568991184235,0.09782392531633377,0.45595940947532654]]",fd63aa48c21ada4faba6977bc08f6b765c5964fd2a133a01c1d27b42327ac8de,0.3198890686035156,0.018920421600341797
case_00023,V2R,P30518,42,1.6070564985275269,1.8454458713531494,1.8750871419906616,0.3040885627269745,0.29933685064315796,0.3040885627269745,0.29933685064315796,0.3064427971839905,0.2991524934768677,0.32500576972961426,"[0.012290429323911667,0.03443872183561325,0.038903575390577316,0.9143673181533813]","[0.0209715086966753,0.0984167605638504,0.35692936182022095,0.5236824154853821]","[[0.01730026863515377,0.09427553415298462,0.6177419424057007,0.27068233489990234],[0.04118186607956886,0.17455415427684784,0.5734068155288696,0.21085715293884277],[0.018873371183872223,0.05629713833332062,0.8754662275314331,0.04936330392956734],[0.046052977442741394,0.24345003068447113,0.17534558475017548,0.5351514220237732]]","[[0.009159538894891739,0.007016870193183422,0.42240220308303833,0.5614213943481445],[0.1627875715494156,0.06488566100597382,0.09036195278167725,0.6819648146629333],[0.08952652662992477,0.0970207005739212,0.11186391115188599,0.7015888690948486],[0.3144897222518921,0.11890232563018799,0.08477582782506943,0.4818320870399475]]",fd63aa48c21ada4faba6977bc08f6b765c5964fd2a133a01c1d27b42327ac8de,0.23838937282562256,0.029641270637512207
case_00024,V2R,P30518,42,1.6070564985275269,1.897086262702942,1.91588294506073,0.3040885627269745,0.29933685064315796,0.3040885627269745,0.29933685064315796,0.3064465820789337,0.2991566061973572,0.31815725564956665,"[0.012290429323911667,0.03443872183561325,0.038903575390577316,0.9143673181533813]","[0.01945960335433483,0.08412789553403854,0.33594271540641785,0.5604697465896606]","[[0.016066307201981544,0.08755123615264893,0.5748306512832642,0.32155176997184753],[0.038607481867074966,0.16364233195781708,0.6017709970474243,0.19597919285297394],[0.017604254186153412,0.052511509507894516,0.876999020576477,0.05288516357541084],[0.0454922616481781,0.24048596620559692,0.1906229555606842,0.5233988165855408]]","[[0.009159538894891739,0.007016870193183422,0.42240220308303833,0.5614213943481445],[0.1627875715494156,0.06488566100597382,0.09036195278167725,0.6819648146629333],[0.10261712223291397,0.0888625979423523,0.1145743876695633,0.6939458250999451],[0.29326727986335754,0.16103936731815338,0.10399024188518524,0.44170311093330383]]",fd63aa48c21ada4faba6977bc08f6b765c5964fd2a133a01c1d27b42327ac8de,0.29002976417541504,0.018796682357788086
case_00025,V2R,P30518,42,1.6070564985275269,1.8721808195114136,1.9084503650665283,0.3040885627269745,0.29933685064315796,0.3040885627269745,0.29933685064315796,0.3064146935939789,0.2991340160369873,0.3371078372001648,"[0.012290429323911667,0.03443872183561325,0.038903575390577316,0.9143673181533813]","[0.013134430162608624,0.09550224244594574,0.4411366283893585,0.45022672414779663]","[[0.021612705662846565,0.05194319039583206,0.5212705135345459,0.4051735997200012],[0.03271133452653885,0.07417967170476913,0.7268350124359131,0.16627399623394012],[0.01977240853011608,0.025754641741514206,0.880511999130249,0.07396089285612106],[0.08046668767929077,0.1797228455543518,0.1772112399339676,0.562599241733551]]","[[0.006300419103354216,0.007103274576365948,0.5139648914337158,0.47263142466545105],[0.11626694351434708,0.07375753670930862,0.09279940277338028,0.7171761393547058],[0.08606917411088943,0.07851577550172806,0.17132920026779175,0.6640858054161072],[0.2500216066837311,0.1038522720336914,0.2823832929134369,0.3637428283691406]]",fd63aa48c21ada4faba6977bc08f6b765c5964fd2a133a01c1d27b42327ac8de,0.2651243209838867,0.036269545555114746
case_00026,V2R,P30518,42,1.6070564985275269,1.8435457944869995,1.8809252977371216,0.3040885627269745,0.29933685064315796,0.3040885627269745,0.29933685064315796,0.30640777945518494,0.29914772510528564,0.3246663808822632,"[0.012290429323911667,0.03443872183561325,0.038903575390577316,0.9143673181533813]","[0.012432578019797802,0.1153876781463623,0.40873003005981445,0.46344974637031555]","[[0.030413947999477386,0.06469201296567917,0.6481409668922424,0.25675299763679504],[0.03435513749718666,0.08901549130678177,0.7378208041191101,0.13880856335163116],[0.021651746705174446,0.027920542284846306,0.9022400975227356,0.04818759113550186],[0.08693558722734451,0.20348064601421356,0.25740477442741394,0.452178955078125]]","[[0.008945643901824951,0.009241323918104172,0.5455350875854492,0.43627795577049255],[0.1706865429878235,0.07843530178070068,0.09569110721349716,0.6551870107650757],[0.11247491836547852,0.0973687544465065,0.1335911750793457,0.6565651893615723],[0.2769962251186371,0.13557575643062592,0.15851068496704102,0.42891737818717957]]",fd63aa48c21ada4faba6977bc08f6b765c5964fd2a133a01c1d27b42327ac8de,0.23648929595947266,0.03737950325012207
case_00027,V2R,P30518,42,1.6070564985275269,1.8785200119018555,1.906929612159729,0.3040885627269745,0.29933685064315796,0.3040885627269745,0.29933685064315796,0.30634117126464844,0.29916536808013916,0.27450597286224365,"[0.012290429323911667,0.03443872183561325,0.038903575390577316,0.9143673181533813]","[0.01824663020670414,0.09248192608356476,0.35376212000846863,0.5355093479156494]","[[0.02130669355392456,0.1673358976840973,0.5272613763809204,0.28409597277641296],[0.04008440673351288,0.18706601858139038,0.46907904744148254,0.3037705719470978],[0.018984833732247353,0.06505289673805237,0.8413553237915039,0.07460696250200272],[0.04245537891983986,0.22217333316802979,0.11524505913257599,0.6201262474060059]]","[[0.009159538894891739,0.007016870193183422,0.42240220308303833,0.5614213943481445],[0.1938733458518982,0.06673086434602737,0.18646499514579773,0.5529308319091797],[0.11138936877250671,0.15075579285621643,0.1335868090391159,0.6042680144309998],[0.33963343501091003,0.08030954003334045,0.1319083720445633,0.4481486678123474]]",fd63aa48c21ada4faba6977bc08f6b765c5964fd2a133a01c1d27b42327ac8de,0.2714635133743286,0.028409600257873535
case_00028,V2R,P30518,42,1.6070564985275269,1.6831632852554321,1.7396776676177979,0.3040885627269745,0.29933685064315796,0.3040885627269745,0.29933685064315796,0.30647405982017517,0.2991437017917633,0.31204283237457275,"[0.012290429323911667,0.03443872183561325,0.038903575390577316,0.9143673181533813]","[0.013059086166322231,0.10100989788770676,0.4591127932071686,0.42681828141212463]","[[0.03369012102484703,0.06576120853424072,0.6252086162567139,0.2753400504589081],[0.03813616558909416,0.09684034436941147,0.6993447542190552,0.16567865014076233],[0.027042146772146225,0.038369305431842804,0.8872780799865723,0.04731046035885811],[0.0822606161236763,0.19104459881782532,0.2468375414609909,0.47985729575157166]]","[[0.008945643901824951,0.009241323918104172,0.5455350875854492,0.43627795577049255],[0.17776255309581757,0.08960571885108948,0.08480095863342285,0.6478306651115417],[0.10915523767471313,0.10344072431325912,0.1343107670545578,0.6530932784080505],[0.38600805401802063,0.1787465363740921,0.10749462246894836,0.3277507722377777]]",fd63aa48c21ada4faba6977bc08f6b765c5964fd2a133a01c1d27b42327ac8de,0.07610678672790527,0.05651438236236572
case_00029,V2R,P30518,42,1.6070564985275269,1.8649591207504272,1.88552987575531,0.3040885627269745,0.29933685064315796,0.3040885627269745,0.29933685064315796,0.3064357340335846,0.29915568232536316,0.300456166267395,"[0.012290429323911667,0.03443872183561325,0.038903575390577316,0.9143673181533813]","[0.014048857614398003,0.06043846905231476,0.4765162765979767,0.44899630546569824]","[[0.03706604614853859,0.05004849657416344,0.6485539674758911,0.26433148980140686],[0.0342210978269577,0.09472709894180298,0.6623113751411438,0.20874041318893433],[0.024935858324170113,0.01854310743510723,0.8926464319229126,0.06387463212013245],[0.0743926614522934,0.23108987510204315,0.28515174984931946,0.4093656539916992]]","[[0.00901725236326456,0.008310881443321705,0.6383301615715027,0.3443417251110077],[0.13651953637599945,0.15941639244556427,0.0960514098405838,0.6080126166343689],[0.10375696420669556,0.11525695770978928,0.18666687607765198,0.5943191647529602],[0.28329867124557495,0.1505717933177948,0.14071837067604065,0.4254112243652344]]",fd63aa48c21ada4faba6977bc08f6b765c5964fd2a133a01c1d27b42327ac8de,0.2579026222229004,0.020570755004882812
case_00030,Dipeptidyl peptidase 4,P27487|Q53TN1,42,1.9096736907958984,2.0711138248443604,2.1351730823516846,0.3040885627269745,0.29933685064315796,0.3040885627269745,0.29933685064315796,0.3063161373138428,0.2991543710231781,0.2520102262496948,"[0.013397525995969772,0.0545969158411026,0.05684511736035347,0.8751603364944458]","[0.07447104901075363,0.4249221682548523,0.2096216380596161,0.2909851372241974]","[[0.0420469306409359,0.2152332216501236,0.25915583968162537,0.48356398940086365],[0.04412110894918442,0.1307283490896225,0.5209895968437195,0.3041609525680542],[0.02300308458507061,0.3269721567630768,0.4058912396430969,0.24413351714611053],[0.0635099932551384,0.060126062482595444,0.1723538339138031,0.7040101289749146]]","[[0.010415706783533096,0.005329472944140434,0.15685565769672394,0.8273991942405701],[0.1387377381324768,0.09279707819223404,0.09630753844976425,0.6721576452255249],[0.08989784866571426,0.12353599071502686,0.394513338804245,0.3920527994632721],[0.15497368574142456,0.17555104196071625,0.17676779627799988,0.4927074909210205]]",fd63aa48c21ada4faba6977bc08f6b765c5964fd2a133a01c1d27b42327ac8de,0.16144013404846191,0.06405925750732422
case_00031,Dipeptidyl peptidase 4,P27487|Q53TN1,42,1.9096736907958984,2.1352035999298096,2.348203420639038,0.3040885627269745,0.29933685064315796,0.3040885627269745,0.29933685064315796,0.3063206970691681,0.29913175106048584,0.2043590545654297,"[0.013397525995969772,0.0545969158411026,0.05684511736035347,0.8751603364944458]","[0.06328906118869781,0.2812820374965668,0.12004908919334412,0.5353798270225525]","[[0.054917991161346436,0.1805051565170288,0.19571144878864288,0.5688654184341431],[0.19842465221881866,0.11012072116136551,0.5063003301620483,0.1851542741060257],[0.12268420308828354,0.26738643646240234,0.18424038589000702,0.4256889522075653],[0.04708590358495712,0.26443201303482056,0.4690401256084442,0.21944202482700348]]","[[0.008248632773756981,0.009084458462893963,0.074226975440979,0.9084398150444031],[0.09082439541816711,0.08195798099040985,0.3340633809566498,0.49315425753593445],[0.2677106559276581,0.1648055613040924,0.25708428025245667,0.31039950251579285],[0.17107431590557098,0.08913830667734146,0.19112741947174072,0.5486599802970886]]",fd63aa48c21ada4faba6977bc08f6b765c5964fd2a133a01c1d27b42327ac8de,0.22552990913391113,0.21299982070922852
case_00032,Dipeptidyl peptidase 4,P27487|Q53TN1,42,1.9096736907958984,2.126729726791382,2.327054738998413,0.3040885627269745,0.29933685064315796,0.3040885627269745,0.29933685064315796,0.30641764402389526,0.2991553843021393,0.22566014528274536,"[0.013397525995969772,0.0545969158411026,0.05684511736035347,0.8751603364944458]","[0.047902438789606094,0.20570030808448792,0.12193931639194489,0.6244578957557678]","[[0.058302782475948334,0.19163034856319427,0.1938057243824005,0.5562611222267151],[0.1729671210050583,0.09599243104457855,0.529315710067749,0.20172478258609772],[0.10330505669116974,0.22515015304088593,0.1716245859861374,0.49992018938064575],[0.04205835610628128,0.23619753122329712,0.4200465977191925,0.30169743299484253]]","[[0.008248632773756981,0.009084458462893963,0.074226975440979,0.9084398150444031],[0.09082439541816711,0.08195798099040985,0.3340633809566498,0.49315425753593445],[0.20201840996742249,0.21508347988128662,0.2276654988527298,0.3552325963973999],[0.1386934518814087,0.04449436441063881,0.1697278618812561,0.6470842957496643]]",fd63aa48c21ada4faba6977bc08f6b765c5964fd2a133a01c1d27b42327ac8de,0.2170560359954834,0.20032501220703125
case_00033,Dipeptidyl peptidase 4,P27487|Q53TN1,42,1.9096736907958984,2.24725341796875,2.4877841472625732,0.3040885627269745,0.29933685064315796,0.3040885627269745,0.29933685064315796,0.30624446272850037,0.2991478741168976,0.1618855595588684,"[0.013397525995969772,0.0545969158411026,0.05684511736035347,0.8751603364944458]","[0.045358940958976746,0.22612501680850983,0.12287550419569016,0.6056405305862427]","[[0.08712439984083176,0.1858212798833847,0.3739541471004486,0.3531001806259155],[0.14405474066734314,0.17144957184791565,0.4547487199306488,0.22974690794944763],[0.12345602363348007,0.18972863256931305,0.3959071934223175,0.29090815782546997],[0.06001110002398491,0.3329164683818817,0.18924430012702942,0.41782811284065247]]","[[0.027225812897086143,0.04537974298000336,0.12866918742656708,0.7987251877784729],[0.15334773063659668,0.10729489475488663,0.2743980288505554,0.46495935320854187],[0.15011300146579742,0.03737294301390648,0.4866032600402832,0.325910747051239],[0.507670521736145,0.08419674634933472,0.22476689517498016,0.1833658665418625]]",fd63aa48c21ada4faba6977bc08f6b765c5964fd2a133a01c1d27b42327ac8de,0.33757972717285156,0.24053072929382324
case_00034,Dipeptidyl peptidase 4,P27487|Q53TN1,42,1.9096736907958984,2.3159990310668945,2.4954187870025635,0.3040885627269745,0.29933685064315796,0.3040885627269745,0.29933685064315796,0.3063409626483917,0.29914599657058716,0.3507075905799866,"[0.013397525995969772,0.0545969158411026,0.05684511736035347,0.8751603364944458]","[0.03879412263631821,0.3900933265686035,0.15965807437896729,0.4114544689655304]","[[0.057778626680374146,0.16999661922454834,0.2929046154022217,0.4793201684951782],[0.1414939910173416,0.24043485522270203,0.4127075672149658,0.20536360144615173],[0.07794161140918732,0.22739103436470032,0.4417822062969208,0.252885103225708],[0.173053577542305,0.13834258913993835,0.21899190545082092,0.46961191296577454]]","[[0.010228622704744339,0.007856753654778004,0.09289909899234772,0.8890154957771301],[0.033316440880298615,0.021241169422864914,0.03841292858123779,0.907029390335083],[0.06494294106960297,0.02357371896505356,0.2054099440574646,0.7060734033584595],[0.050847459584474564,0.017992766574025154,0.07382981479167938,0.8573299050331116]]",fd63aa48c21ada4faba6977bc08f6b765c5964fd2a133a01c1d27b42327ac8de,0.4063253402709961,0.17941975593566895
case_00035,Dipeptidyl peptidase 4,P27487|Q53TN1,42,1.9096736907958984,2.129420042037964,2.223867416381836,0.3040885627269745,0.29933685064315796,0.3040885627269745,0.29933685064315796,0.3062218427658081,0.2991642355918884,0.24496245384216309,"[0.013397525995969772,0.0545969158411026,0.05684511736035347,0.8751603364944458]","[0.039483167231082916,0.1516307145357132,0.18340957164764404,0.625476598739624]","[[0.03362921625375748,0.35366126894950867,0.27737098932266235,0.3353385925292969],[0.0774795413017273,0.11396381258964539,0.20746219158172607,0.6010944843292236],[0.04870016500353813,0.2300145924091339,0.2210383415222168,0.5002468824386597],[0.06342925876379013,0.2589319050312042,0.2564132809638977,0.42122557759284973]]","[[0.0011147401528432965,0.0011063626734539866,0.07783576846122742,0.9199432134628296],[0.11528146266937256,0.08727341145277023,0.2815052568912506,0.5159398913383484],[0.08424017578363419,0.113521508872509,0.20310845971107483,0.599129855632782],[0.19872109591960907,0.06479072570800781,0.19738532602787018,0.5391028523445129]]",fd63aa48c21ada4faba6977bc08f6b765c5964fd2a133a01c1d27b42327ac8de,0.21974635124206543,0.09444737434387207
case_00036,Dipeptidyl peptidase 4,P27487|Q53TN1,42,1.9096736907958984,2.0117862224578857,2.2251901626586914,0.3040885627269745,0.29933685064315796,0.3040885627269745,0.29933685064315796,0.3064064383506775,0.29912668466567993,0.23440152406692505,"[0.013397525995969772,0.0545969158411026,0.05684511736035347,0.8751603364944458]","[0.033474184572696686,0.5501173734664917,0.26993125677108765,0.14647719264030457]","[[0.019563809037208557,0.1375235915184021,0.32288798689842224,0.5200246572494507],[0.09296055883169174,0.17478707432746887,0.3920342028141022,0.3402182161808014],[0.03987175226211548,0.20107077062129974,0.40452075004577637,0.354536771774292],[0.054118793457746506,0.16008363664150238,0.19398775696754456,0.5918098092079163]]","[[0.010724098421633244,0.002993581583723426,0.22601689398288727,0.7602654099464417],[0.07986869663000107,0.06614748388528824,0.13899348676204681,0.7149903178215027],[0.10530537366867065,0.11875446140766144,0.21722567081451416,0.5587145090103149],[0.13628502190113068,0.16494348645210266,0.2253730744123459,0.47339847683906555]]",fd63aa48c21ada4faba6977bc08f6b765c5964fd2a133a01c1d27b42327ac8de,0.1021125316619873,0.21340394020080566
case_00037,Dipeptidyl peptidase 4,P27487|Q53TN1,42,1.9096736907958984,2.012181520462036,2.2039506435394287,0.3040885627269745,0.29933685064315796,0.3040885627269745,0.29933685064315796,0.30641305446624756,0.2991277277469635,0.30997276306152344,"[0.013397525995969772,0.0545969158411026,0.05684511736035347,0.8751603364944458]","[0.03642033413052559,0.4986390769481659,0.23566888272762299,0.2292717546224594]","[[0.03224121779203415,0.17092356085777283,0.49751392006874084,0.29932135343551636],[0.06193072721362114,0.10369905084371567,0.6458693146705627,0.18850089609622955],[0.03970841318368912,0.13046914339065552,0.6610608100891113,0.1687617003917694],[0.06507625430822372,0.14281418919563293,0.26431939005851746,0.5277901887893677]]","[[0.004132870119065046,0.0019055299926549196,0.15727919340133667,0.8366824388504028],[0.07885385304689407,0.043834179639816284,0.1657826155424118,0.7115293741226196],[0.0996599867939949,0.09663412719964981,0.13363133370876312,0.6700746417045593],[0.09498704969882965,0.089771568775177,0.20836128294467926,0.6068800687789917]]",fd63aa48c21ada4faba6977bc08f6b765c5964fd2a133a01c1d27b42327ac8de,0.1025078296661377,0.19176912307739258
case_00038,Dipeptidyl peptidase 4,P27487|Q53TN1,42,1.9096736907958984,2.1955058574676514,2.3521687984466553,0.3040885627269745,0.29933685064315796,0.3040885627269745,0.29933685064315796,0.30631476640701294,0.2991487383842468,0.29734063148498535,"[0.013397525995969772,0.0545969158411026,0.05684511736035347,0.8751603364944458]","[0.05728883668780327,0.4986432194709778,0.19455628097057343,0.2495117336511612]","[[0.03216400742530823,0.35200774669647217,0.2935131788253784,0.3223150074481964],[0.050746265798807144,0.12886592745780945,0.4580951929092407,0.3622925877571106],[0.047646742314100266,0.3358149230480194,0.4386938810348511,0.17784442007541656],[0.06679955124855042,0.1031162291765213,0.12275982648134232,0.7073243856430054]]","[[0.0030516167171299458,0.0017973128706216812,0.09193389862775803,0.903217077255249],[0.07443001121282578,0.05770336091518402,0.12747932970523834,0.7403873205184937],[0.042573440819978714,0.06451909989118576,0.3131669759750366,0.5797405242919922],[0.0951157882809639,0.17092947661876678,0.1946774274110794,0.5392772555351257]]",fd63aa48c21ada4faba6977bc08f6b765c5964fd2a133a01c1d27b42327ac8de,0.28583216667175293,0.1566629409790039
case_00039,Dipeptidyl peptidase 4,P27487|Q53TN1,42,1.9096736907958984,2.24725341796875,2.4877841472625732,0.3040885627269745,0.29933685064315796,0.3040885627269745,0.29933685064315796,0.30624446272850037,0.2991478741168976,0.1618855595588684,"[0.013397525995969772,0.0545969158411026,0.05684511736035347,0.8751603364944458]","[0.045358940958976746,0.22612501680850983,0.12287550419569016,0.6056405305862427]","[[0.08712439984083176,0.1858212798833847,0.3739541471004486,0.3531001806259155],[0.14405474066734314,0.17144957184791565,0.4547487199306488,0.22974690794944763],[0.12345602363348007,0.18972863256931305,0.3959071934223175,0.29090815782546997],[0.06001110002398491,0.3329164683818817,0.18924430012702942,0.41782811284065247]]","[[0.027225812897086143,0.04537974298000336,0.12866918742656708,0.7987251877784729],[0.15334773063659668,0.10729489475488663,0.2743980288505554,0.46495935320854187],[0.15011300146579742,0.03737294301390648,0.4866032600402832,0.325910747051239],[0.507670521736145,0.08419674634933472,0.22476689517498016,0.1833658665418625]]",fd63aa48c21ada4faba6977bc08f6b765c5964fd2a133a01c1d27b42327ac8de,0.33757972717285156,0.24053072929382324
case_00040,Dipeptidyl peptidase 4,P27487|Q53TN1,42,1.9096736907958984,2.1352035999298096,2.348203420639038,0.3040885627269745,0.29933685064315796,0.3040885627269745,0.29933685064315796,0.3063206970691681,0.29913175106048584,0.2043590545654297,"[0.013397525995969772,0.0545969158411026,0.05684511736035347,0.8751603364944458]","[0.06328906118869781,0.2812820374965668,0.12004908919334412,0.5353798270225525]","[[0.054917991161346436,0.1805051565170288,0.19571144878864288,0.5688654184341431],[0.19842465221881866,0.11012072116136551,0.5063003301620483,0.1851542741060257],[0.12268420308828354,0.26738643646240234,0.18424038589000702,0.4256889522075653],[0.04708590358495712,0.26443201303482056,0.4690401256084442,0.21944202482700348]]","[[0.008248632773756981,0.009084458462893963,0.074226975440979,0.9084398150444031],[0.09082439541816711,0.08195798099040985,0.3340633809566498,0.49315425753593445],[0.2677106559276581,0.1648055613040924,0.25708428025245667,0.31039950251579285],[0.17107431590557098,0.08913830667734146,0.19112741947174072,0.5486599802970886]]",fd63aa48c21ada4faba6977bc08f6b765c5964fd2a133a01c1d27b42327ac8de,0.22552990913391113,0.21299982070922852
case_00041,Dipeptidyl peptidase 4,P27487|Q53TN1,42,1.9096736907958984,2.24725341796875,2.4877841472625732,0.3040885627269745,0.29933685064315796,0.3040885627269745,0.29933685064315796,0.30624446272850037,0.2991478741168976,0.1618855595588684,"[0.013397525995969772,0.0545969158411026,0.05684511736035347,0.8751603364944458]","[0.045358940958976746,0.22612501680850983,0.12287550419569016,0.6056405305862427]","[[0.08712439984083176,0.1858212798833847,0.3739541471004486,0.3531001806259155],[0.14405474066734314,0.17144957184791565,0.4547487199306488,0.22974690794944763],[0.12345602363348007,0.18972863256931305,0.3959071934223175,0.29090815782546997],[0.06001110002398491,0.3329164683818817,0.18924430012702942,0.41782811284065247]]","[[0.027225812897086143,0.04537974298000336,0.12866918742656708,0.7987251877784729],[0.15334773063659668,0.10729489475488663,0.2743980288505554,0.46495935320854187],[0.15011300146579742,0.03737294301390648,0.4866032600402832,0.325910747051239],[0.507670521736145,0.08419674634933472,0.22476689517498016,0.1833658665418625]]",fd63aa48c21ada4faba6977bc08f6b765c5964fd2a133a01c1d27b42327ac8de,0.33757972717285156,0.24053072929382324
case_00042,Dipeptidyl peptidase 4,P27487|Q53TN1,42,1.9096736907958984,2.24725341796875,2.4877841472625732,0.3040885627269745,0.29933685064315796,0.3040885627269745,0.29933685064315796,0.30624446272850037,0.2991478741168976,0.1618855595588684,"[0.013397525995969772,0.0545969158411026,0.05684511736035347,0.8751603364944458]","[0.045358940958976746,0.22612501680850983,0.12287550419569016,0.6056405305862427]","[[0.08712439984083176,0.1858212798833847,0.3739541471004486,0.3531001806259155],[0.14405474066734314,0.17144957184791565,0.4547487199306488,0.22974690794944763],[0.12345602363348007,0.18972863256931305,0.3959071934223175,0.29090815782546997],[0.06001110002398491,0.3329164683818817,0.18924430012702942,0.41782811284065247]]","[[0.027225812897086143,0.04537974298000336,0.12866918742656708,0.7987251877784729],[0.15334773063659668,0.10729489475488663,0.2743980288505554,0.46495935320854187],[0.15011300146579742,0.03737294301390648,0.4866032600402832,0.325910747051239],[0.507670521736145,0.08419674634933472,0.22476689517498016,0.1833658665418625]]",fd63aa48c21ada4faba6977bc08f6b765c5964fd2a133a01c1d27b42327ac8de,0.33757972717285156,0.24053072929382324
case_00043,Dipeptidyl peptidase 4,P27487|Q53TN1,42,1.9096736907958984,2.1352035999298096,2.348203420639038,0.3040885627269745,0.29933685064315796,0.3040885627269745,0.29933685064315796,0.3063206970691681,0.29913175106048584,0.2043590545654297,"[0.013397525995969772,0.0545969158411026,0.05684511736035347,0.8751603364944458]","[0.06328906118869781,0.2812820374965668,0.12004908919334412,0.5353798270225525]","[[0.054917991161346436,0.1805051565170288,0.19571144878864288,0.5688654184341431],[0.19842465221881866,0.11012072116136551,0.5063003301620483,0.1851542741060257],[0.12268420308828354,0.26738643646240234,0.18424038589000702,0.4256889522075653],[0.04708590358495712,0.26443201303482056,0.4690401256084442,0.21944202482700348]]","[[0.008248632773756981,0.009084458462893963,0.074226975440979,0.9084398150444031],[0.09082439541816711,0.08195798099040985,0.3340633809566498,0.49315425753593445],[0.2677106559276581,0.1648055613040924,0.25708428025245667,0.31039950251579285],[0.17107431590557098,0.08913830667734146,0.19112741947174072,0.5486599802970886]]",fd63aa48c21ada4faba6977bc08f6b765c5964fd2a133a01c1d27b42327ac8de,0.22552990913391113,0.21299982070922852
case_00044,Dipeptidyl peptidase 4,P27487|Q53TN1,42,1.9096736907958984,2.1352035999298096,2.348203420639038,0.3040885627269745,0.29933685064315796,0.3040885627269745,0.29933685064315796,0.3063206970691681,0.29913175106048584,0.2043590545654297,"[0.013397525995969772,0.0545969158411026,0.05684511736035347,0.8751603364944458]","[0.06328906118869781,0.2812820374965668,0.12004908919334412,0.5353798270225525]","[[0.054917991161346436,0.1805051565170288,0.19571144878864288,0.5688654184341431],[0.19842465221881866,0.11012072116136551,0.5063003301620483,0.1851542741060257],[0.12268420308828354,0.26738643646240234,0.18424038589000702,0.4256889522075653],[0.04708590358495712,0.26443201303482056,0.4690401256084442,0.21944202482700348]]","[[0.008248632773756981,0.009084458462893963,0.074226975440979,0.9084398150444031],[0.09082439541816711,0.08195798099040985,0.3340633809566498,0.49315425753593445],[0.2677106559276581,0.1648055613040924,0.25708428025245667,0.31039950251579285],[0.17107431590557098,0.08913830667734146,0.19112741947174072,0.5486599802970886]]",fd63aa48c21ada4faba6977bc08f6b765c5964fd2a133a01c1d27b42327ac8de,0.22552990913391113,0.21299982070922852
case_00045,Dipeptidyl peptidase 4,P27487|Q53TN1,42,1.9096736907958984,2.24725341796875,2.4877841472625732,0.3040885627269745,0.29933685064315796,0.3040885627269745,0.29933685064315796,0.30624446272850037,0.2991478741168976,0.1618855595588684,"[0.013397525995969772,0.0545969158411026,0.05684511736035347,0.8751603364944458]","[0.045358940958976746,0.22612501680850983,0.12287550419569016,0.6056405305862427]","[[0.08712439984083176,0.1858212798833847,0.3739541471004486,0.3531001806259155],[0.14405474066734314,0.17144957184791565,0.4547487199306488,0.22974690794944763],[0.12345602363348007,0.18972863256931305,0.3959071934223175,0.29090815782546997],[0.06001110002398491,0.3329164683818817,0.18924430012702942,0.41782811284065247]]","[[0.027225812897086143,0.04537974298000336,0.12866918742656708,0.7987251877784729],[0.15334773063659668,0.10729489475488663,0.2743980288505554,0.46495935320854187],[0.15011300146579742,0.03737294301390648,0.4866032600402832,0.325910747051239],[0.507670521736145,0.08419674634933472,0.22476689517498016,0.1833658665418625]]",fd63aa48c21ada4faba6977bc08f6b765c5964fd2a133a01c1d27b42327ac8de,0.33757972717285156,0.24053072929382324
case_00046,Dipeptidyl peptidase 4,P27487|Q53TN1,42,1.9096736907958984,2.1352035999298096,2.348203420639038,0.3040885627269745,0.29933685064315796,0.3040885627269745,0.29933685064315796,0.3063206970691681,0.29913175106048584,0.2043590545654297,"[0.013397525995969772,0.0545969158411026,0.05684511736035347,0.8751603364944458]","[0.06328906118869781,0.2812820374965668,0.12004908919334412,0.5353798270225525]","[[0.054917991161346436,0.1805051565170288,0.19571144878864288,0.5688654184341431],[0.19842465221881866,0.11012072116136551,0.5063003301620483,0.1851542741060257],[0.12268420308828354,0.26738643646240234,0.18424038589000702,0.4256889522075653],[0.04708590358495712,0.26443201303482056,0.4690401256084442,0.21944202482700348]]","[[0.008248632773756981,0.009084458462893963,0.074226975440979,0.9084398150444031],[0.09082439541816711,0.08195798099040985,0.3340633809566498,0.49315425753593445],[0.2677106559276581,0.1648055613040924,0.25708428025245667,0.31039950251579285],[0.17107431590557098,0.08913830667734146,0.19112741947174072,0.5486599802970886]]",fd63aa48c21ada4faba6977bc08f6b765c5964fd2a133a01c1d27b42327ac8de,0.22552990913391113,0.21299982070922852
case_00047,Dipeptidyl peptidase 4,P27487|Q53TN1,42,1.9096736907958984,2.24725341796875,2.4877841472625732,0.3040885627269745,0.29933685064315796,0.3040885627269745,0.29933685064315796,0.30624446272850037,0.2991478741168976,0.1618855595588684,"[0.013397525995969772,0.0545969158411026,0.05684511736035347,0.8751603364944458]","[0.045358940958976746,0.22612501680850983,0.12287550419569016,0.6056405305862427]","[[0.08712439984083176,0.1858212798833847,0.3739541471004486,0.3531001806259155],[0.14405474066734314,0.17144957184791565,0.4547487199306488,0.22974690794944763],[0.12345602363348007,0.18972863256931305,0.3959071934223175,0.29090815782546997],[0.06001110002398491,0.3329164683818817,0.18924430012702942,0.41782811284065247]]","[[0.027225812897086143,0.04537974298000336,0.12866918742656708,0.7987251877784729],[0.15334773063659668,0.10729489475488663,0.2743980288505554,0.46495935320854187],[0.15011300146579742,0.03737294301390648,0.4866032600402832,0.325910747051239],[0.507670521736145,0.08419674634933472,0.22476689517498016,0.1833658665418625]]",fd63aa48c21ada4faba6977bc08f6b765c5964fd2a133a01c1d27b42327ac8de,0.33757972717285156,0.24053072929382324
case_00048,Dipeptidyl peptidase 4,P27487|Q53TN1,42,1.9096736907958984,2.129420042037964,2.223867416381836,0.3040885627269745,0.29933685064315796,0.3040885627269745,0.29933685064315796,0.3062218427658081,0.2991642355918884,0.24496245384216309,"[0.013397525995969772,0.0545969158411026,0.05684511736035347,0.8751603364944458]","[0.039483167231082916,0.1516307145357132,0.18340957164764404,0.625476598739624]","[[0.03362921625375748,0.35366126894950867,0.27737098932266235,0.3353385925292969],[0.0774795413017273,0.11396381258964539,0.20746219158172607,0.6010944843292236],[0.04870016500353813,0.2300145924091339,0.2210383415222168,0.5002468824386597],[0.06342925876379013,0.2589319050312042,0.2564132809638977,0.42122557759284973]]","[[0.0011147401528432965,0.0011063626734539866,0.07783576846122742,0.9199432134628296],[0.11528146266937256,0.08727341145277023,0.2815052568912506,0.5159398913383484],[0.08424017578363419,0.113521508872509,0.20310845971107483,0.599129855632782],[0.19872109591960907,0.06479072570800781,0.19738532602787018,0.5391028523445129]]",fd63aa48c21ada4faba6977bc08f6b765c5964fd2a133a01c1d27b42327ac8de,0.21974635124206543,0.09444737434387207
case_00049,Dipeptidyl peptidase 4,P27487|Q53TN1,42,1.9096736907958984,2.0565640926361084,2.184351682662964,0.3040885627269745,0.29933685064315796,0.3040885627269745,0.29933685064315796,0.3061712682247162,0.29916274547576904,0.29857850074768066,"[0.013397525995969772,0.0545969158411026,0.05684511736035347,0.8751603364944458]","[0.021530136466026306,0.15706953406333923,0.45480769872665405,0.3665925860404968]","[[0.019905012100934982,0.2667149603366852,0.5099660158157349,0.20341406762599945],[0.034968432039022446,0.14890193939208984,0.3137531876564026,0.5023764967918396],[0.05358351767063141,0.24812962114810944,0.4393270015716553,0.2589598000049591],[0.036513783037662506,0.3035421073436737,0.1297386735677719,0.5302054286003113]]","[[0.0032481227535754442,0.0027122986502945423,0.38559067249298096,0.6084489226341248],[0.035104379057884216,0.014893806539475918,0.06917457282543182,0.8808271884918213],[0.01708751730620861,0.1041807010769844,0.30405232310295105,0.574679434299469],[0.14815595746040344,0.0856165811419487,0.1726270318031311,0.5936004519462585]]",fd63aa48c21ada4faba6977bc08f6b765c5964fd2a133a01c1d27b42327ac8de,0.14689040184020996,0.12778759002685547
case_00050,Dipeptidyl peptidase 4,P27487|Q53TN1,42,1.9096736907958984,2.24725341796875,2.4877841472625732,0.3040885627269745,0.29933685064315796,0.3040885627269745,0.29933685064315796,0.30624446272850037,0.2991478741168976,0.1618855595588684,"[0.013397525995969772,0.0545969158411026,0.05684511736035347,0.8751603364944458]","[0.045358940958976746,0.22612501680850983,0.12287550419569016,0.6056405305862427]","[[0.08712439984083176,0.1858212798833847,0.3739541471004486,0.3531001806259155],[0.14405474066734314,0.17144957184791565,0.4547487199306488,0.22974690794944763],[0.12345602363348007,0.18972863256931305,0.3959071934223175,0.29090815782546997],[0.06001110002398491,0.3329164683818817,0.18924430012702942,0.41782811284065247]]","[[0.027225812897086143,0.04537974298000336,0.12866918742656708,0.7987251877784729],[0.15334773063659668,0.10729489475488663,0.2743980288505554,0.46495935320854187],[0.15011300146579742,0.03737294301390648,0.4866032600402832,0.325910747051239],[0.507670521736145,0.08419674634933472,0.22476689517498016,0.1833658665418625]]",fd63aa48c21ada4faba6977bc08f6b765c5964fd2a133a01c1d27b42327ac8de,0.33757972717285156,0.24053072929382324
case_00051,Dipeptidyl peptidase 4,P27487|Q53TN1,42,1.9096736907958984,2.1352035999298096,2.348203420639038,0.3040885627269745,0.29933685064315796,0.3040885627269745,0.29933685064315796,0.3063206970691681,0.29913175106048584,0.2043590545654297,"[0.013397525995969772,0.0545969158411026,0.05684511736035347,0.8751603364944458]","[0.06328906118869781,0.2812820374965668,0.12004908919334412,0.5353798270225525]","[[0.054917991161346436,0.1805051565170288,0.19571144878864288,0.5688654184341431],[0.19842465221881866,0.11012072116136551,0.5063003301620483,0.1851542741060257],[0.12268420308828354,0.26738643646240234,0.18424038589000702,0.4256889522075653],[0.04708590358495712,0.26443201303482056,0.4690401256084442,0.21944202482700348]]","[[0.008248632773756981,0.009084458462893963,0.074226975440979,0.9084398150444031],[0.09082439541816711,0.08195798099040985,0.3340633809566498,0.49315425753593445],[0.2677106559276581,0.1648055613040924,0.25708428025245667,0.31039950251579285],[0.17107431590557098,0.08913830667734146,0.19112741947174072,0.5486599802970886]]",fd63aa48c21ada4faba6977bc08f6b765c5964fd2a133a01c1d27b42327ac8de,0.22552990913391113,0.21299982070922852
case_00052,Dipeptidyl peptidase 4,P27487|Q53TN1,42,1.9096736907958984,2.5551798343658447,2.7131686210632324,0.3040885627269745,0.29933685064315796,0.3040885627269745,0.29933685064315796,0.3063282370567322,0.2991337478160858,0.3172966241836548,"[0.013397525995969772,0.0545969158411026,0.05684511736035347,0.8751603364944458]","[0.02823500521481037,0.1849067062139511,0.1654398888349533,0.6214184165000916]","[[0.04863477125763893,0.13700205087661743,0.35417279601097107,0.46019038558006287],[0.10420120507478714,0.16428543627262115,0.5069637298583984,0.22454963624477386],[0.06430672854185104,0.13910162448883057,0.5690638422966003,0.22752772271633148],[0.16215546429157257,0.1632164865732193,0.2216472178697586,0.4529808759689331]]","[[0.005447504110634327,0.0039535402320325375,0.07139342278242111,0.9192055463790894],[0.05775802582502365,0.04367760568857193,0.05563719943165779,0.8429271578788757],[0.06788671016693115,0.023073414340615273,0.22921645641326904,0.6798233985900879],[0.08568482100963593,0.05693856254220009,0.2592787444591522,0.5980978608131409]]",fd63aa48c21ada4faba6977bc08f6b765c5964fd2a133a01c1d27b42327ac8de,0.6455061435699463,0.1579887866973877
case_00053,Dipeptidyl peptidase 4,P27487|Q53TN1,42,1.9096736907958984,2.2470977306365967,2.368680238723755,0.3040885627269745,0.29933685064315796,0.3040885627269745,0.29933685064315796,0.3063473701477051,0.2991434931755066,0.2973664402961731,"[0.013397525995969772,0.0545969158411026,0.05684511736035347,0.8751603364944458]","[0.03250937536358833,0.31284117698669434,0.2746471166610718,0.38000234961509705]","[[0.026309851557016373,0.40087857842445374,0.23804830014705658,0.3347632586956024],[0.06560908257961273,0.2684117555618286,0.37712177634239197,0.2888573110103607],[0.05009075626730919,0.25942283868789673,0.29244792461395264,0.3980385363101959],[0.11009374260902405,0.269301176071167,0.20877790451049805,0.4118271768093109]]","[[0.0024877891410142183,0.0019823492038995028,0.06746409833431244,0.9280657172203064],[0.053488172590732574,0.08025281876325607,0.10873445868492126,0.7575246095657349],[0.09576287120580673,0.134074404835701,0.2095348984003067,0.560627818107605],[0.060379691421985626,0.03260471299290657,0.06917843222618103,0.8378372192382812]]",fd63aa48c21ada4faba6977bc08f6b765c5964fd2a133a01c1d27b42327ac8de,0.33742403984069824,0.1215825080871582
case_00054,Dipeptidyl peptidase 4,P27487|Q53TN1,42,1.9096736907958984,2.671065092086792,2.6591293811798096,0.3040885627269745,0.29933685064315796,0.3040885627269745,0.29933685064315796,0.30644676089286804,0.2991486191749573,0.34757906198501587,"[0.013397525995969772,0.0545969158411026,0.05684511736035347,0.8751603364944458]","[0.03046388365328312,0.1719149649143219,0.3218698799610138,0.47575125098228455]","[[0.029320377856492996,0.33852124214172363,0.3194713294506073,0.3126870393753052],[0.05929742008447647,0.2272566705942154,0.46011871099472046,0.25332728028297424],[0.05543944612145424,0.2649507522583008,0.3864508271217346,0.29315900802612305],[0.0631774440407753,0.12396634370088577,0.2676716148853302,0.5451846122741699]]","[[0.0023376995231956244,0.001830546767450869,0.13428980112075806,0.8615419268608093],[0.03572196140885353,0.026004239916801453,0.05062044411897659,0.8876534104347229],[0.028254903852939606,0.07272548228502274,0.1994854360818863,0.6995342373847961],[0.09470460563898087,0.05376586318016052,0.05254904925823212,0.7989804744720459]]",fd63aa48c21ada4faba6977bc08f6b765c5964fd2a133a01c1d27b42327ac8de,0.7613914012908936,-0.011935710906982422
case_00055,Dipeptidyl peptidase 4,P27487|Q53TN1,42,1.9096736907958984,2.6039602756500244,2.6150033473968506,0.3040885627269745,0.29933685064315796,0.3040885627269745,0.29933685064315796,0.3064176142215729,0.2991524934768677,0.3261929750442505,"[0.013397525995969772,0.0545969158411026,0.05684511736035347,0.8751603364944458]","[0.022667493671178818,0.08406401425600052,0.3710276186466217,0.5222408771514893]","[[0.029681919142603874,0.36771196126937866,0.18970829248428345,0.41289785504341125],[0.08589431643486023,0.30978867411613464,0.3615703880786896,0.24274666607379913],[0.07297661900520325,0.27928686141967773,0.34256240725517273,0.3051740527153015],[0.106258824467659,0.327006071805954,0.19772961735725403,0.3690054714679718]]","[[0.002231699414551258,0.002320997416973114,0.2255042940378189,0.7699429988861084],[0.03970538452267647,0.027860021218657494,0.021903272718191147,0.9105312824249268],[0.0510256364941597,0.07072033733129501,0.24676698446273804,0.6314871311187744],[0.04030527174472809,0.021409040316939354,0.07360416650772095,0.864681601524353]]",fd63aa48c21ada4faba6977bc08f6b765c5964fd2a133a01c1d27b42327ac8de,0.694286584854126,0.011043071746826172
case_00056,Dipeptidyl peptidase 4,P27487|Q53TN1,42,1.9096736907958984,2.24725341796875,2.4877841472625732,0.3040885627269745,0.29933685064315796,0.3040885627269745,0.29933685064315796,0.30624446272850037,0.2991478741168976,0.1618855595588684,"[0.013397525995969772,0.0545969158411026,0.05684511736035347,0.8751603364944458]","[0.045358940958976746,0.22612501680850983,0.12287550419569016,0.6056405305862427]","[[0.08712439984083176,0.1858212798833847,0.3739541471004486,0.3531001806259155],[0.14405474066734314,0.17144957184791565,0.4547487199306488,0.22974690794944763],[0.12345602363348007,0.18972863256931305,0.3959071934223175,0.29090815782546997],[0.06001110002398491,0.3329164683818817,0.18924430012702942,0.41782811284065247]]","[[0.027225812897086143,0.04537974298000336,0.12866918742656708,0.7987251877784729],[0.15334773063659668,0.10729489475488663,0.2743980288505554,0.46495935320854187],[0.15011300146579742,0.03737294301390648,0.4866032600402832,0.325910747051239],[0.507670521736145,0.08419674634933472,0.22476689517498016,0.1833658665418625]]",fd63aa48c21ada4faba6977bc08f6b765c5964fd2a133a01c1d27b42327ac8de,0.33757972717285156,0.24053072929382324
case_00057,Dipeptidyl peptidase 4,P27487|Q53TN1,42,1.9096736907958984,2.2470977306365967,2.368680238723755,0.3040885627269745,0.29933685064315796,0.3040885627269745,0.29933685064315796,0.3063473701477051,0.2991434931755066,0.2973664402961731,"[0.013397525995969772,0.0545969158411026,0.05684511736035347,0.8751603364944458]","[0.03250937536358833,0.31284117698669434,0.2746471166610718,0.38000234961509705]","[[0.026309851557016373,0.40087857842445374,0.23804830014705658,0.3347632586956024],[0.06560908257961273,0.2684117555618286,0.37712177634239197,0.2888573110103607],[0.05009075626730919,0.25942283868789673,0.29244792461395264,0.3980385363101959],[0.11009374260902405,0.269301176071167,0.20877790451049805,0.4118271768093109]]","[[0.0024877891410142183,0.0019823492038995028,0.06746409833431244,0.9280657172203064],[0.053488172590732574,0.08025281876325607,0.10873445868492126,0.7575246095657349],[0.09576287120580673,0.134074404835701,0.2095348984003067,0.560627818107605],[0.060379691421985626,0.03260471299290657,0.06917843222618103,0.8378372192382812]]",fd63aa48c21ada4faba6977bc08f6b765c5964fd2a133a01c1d27b42327ac8de,0.33742403984069824,0.1215825080871582
case_00058,Dipeptidyl peptidase 4,P27487|Q53TN1,42,1.9096736907958984,2.1352035999298096,2.348203420639038,0.3040885627269745,0.29933685064315796,0.3040885627269745,0.29933685064315796,0.3063206970691681,0.29913175106048584,0.2043590545654297,"[0.013397525995969772,0.0545969158411026,0.05684511736035347,0.8751603364944458]","[0.06328906118869781,0.2812820374965668,0.12004908919334412,0.5353798270225525]","[[0.054917991161346436,0.1805051565170288,0.19571144878864288,0.5688654184341431],[0.19842465221881866,0.11012072116136551,0.5063003301620483,0.1851542741060257],[0.12268420308828354,0.26738643646240234,0.18424038589000702,0.4256889522075653],[0.04708590358495712,0.26443201303482056,0.4690401256084442,0.21944202482700348]]","[[0.008248632773756981,0.009084458462893963,0.074226975440979,0.9084398150444031],[0.09082439541816711,0.08195798099040985,0.3340633809566498,0.49315425753593445],[0.2677106559276581,0.1648055613040924,0.25708428025245667,0.31039950251579285],[0.17107431590557098,0.08913830667734146,0.19112741947174072,0.5486599802970886]]",fd63aa48c21ada4faba6977bc08f6b765c5964fd2a133a01c1d27b42327ac8de,0.22552990913391113,0.21299982070922852
case_00059,Dipeptidyl peptidase 4,P27487|Q53TN1,42,1.9096736907958984,2.1955058574676514,2.3521687984466553,0.3040885627269745,0.29933685064315796,0.3040885627269745,0.29933685064315796,0.30631476640701294,0.2991487383842468,0.29734063148498535,"[0.013397525995969772,0.0545969158411026,0.05684511736035347,0.8751603364944458]","[0.05728883668780327,0.4986432194709778,0.19455628097057343,0.2495117336511612]","[[0.03216400742530823,0.35200774669647217,0.2935131788253784,0.3223150074481964],[0.050746265798807144,0.12886592745780945,0.4580951929092407,0.3622925877571106],[0.047646742314100266,0.3358149230480194,0.4386938810348511,0.17784442007541656],[0.06679955124855042,0.1031162291765213,0.12275982648134232,0.7073243856430054]]","[[0.0030516167171299458,0.0017973128706216812,0.09193389862775803,0.903217077255249],[0.07443001121282578,0.05770336091518402,0.12747932970523834,0.7403873205184937],[0.042573440819978714,0.06451909989118576,0.3131669759750366,0.5797405242919922],[0.0951157882809639,0.17092947661876678,0.1946774274110794,0.5392772555351257]]",fd63aa48c21ada4faba6977bc08f6b765c5964fd2a133a01c1d27b42327ac8de,0.28583216667175293,0.1566629409790039
case_00060,Dipeptidyl peptidase 4,P27487|Q53TN1,42,1.9096736907958984,2.129420042037964,2.223867416381836,0.3040885627269745,0.29933685064315796,0.3040885627269745,0.29933685064315796,0.3062218427658081,0.2991642355918884,0.24496245384216309,"[0.013397525995969772,0.0545969158411026,0.05684511736035347,0.8751603364944458]","[0.039483167231082916,0.1516307145357132,0.18340957164764404,0.625476598739624]","[[0.03362921625375748,0.35366126894950867,0.27737098932266235,0.3353385925292969],[0.0774795413017273,0.11396381258964539,0.20746219158172607,0.6010944843292236],[0.04870016500353813,0.2300145924091339,0.2210383415222168,0.5002468824386597],[0.06342925876379013,0.2589319050312042,0.2564132809638977,0.42122557759284973]]","[[0.0011147401528432965,0.0011063626734539866,0.07783576846122742,0.9199432134628296],[0.11528146266937256,0.08727341145277023,0.2815052568912506,0.5159398913383484],[0.08424017578363419,0.113521508872509,0.20310845971107483,0.599129855632782],[0.19872109591960907,0.06479072570800781,0.19738532602787018,0.5391028523445129]]",fd63aa48c21ada4faba6977bc08f6b765c5964fd2a133a01c1d27b42327ac8de,0.21974635124206543,0.09444737434387207
case_00061,Dipeptidyl peptidase 4,P27487|Q53TN1,42,1.9096736907958984,2.0751922130584717,2.273021936416626,0.3040885627269745,0.29933685064315796,0.3040885627269745,0.29933685064315796,0.30648183822631836,0.29913872480392456,0.28478777408599854,"[0.013397525995969772,0.0545969158411026,0.05684511736035347,0.8751603364944458]","[0.035558030009269714,0.6202444434165955,0.18047769367694855,0.1637197881937027]","[[0.02864980697631836,0.11921276152133942,0.23500916361808777,0.6171282529830933],[0.09878068417310715,0.14010721445083618,0.44030147790908813,0.32081058621406555],[0.04070392623543739,0.18127663433551788,0.46456626057624817,0.3134531080722809],[0.07230478525161743,0.13064368069171906,0.1924312710762024,0.6046202182769775]]","[[0.013477127067744732,0.004852971527725458,0.138362318277359,0.8433075547218323],[0.09206646680831909,0.05080955848097801,0.1320239156484604,0.7251001596450806],[0.0896567553281784,0.07551060616970062,0.27717557549476624,0.5576570630073547],[0.0766550600528717,0.0629410371184349,0.23655714094638824,0.6238467693328857]]",fd63aa48c21ada4faba6977bc08f6b765c5964fd2a133a01c1d27b42327ac8de,0.16551852226257324,0.1978297233581543
case_00062,Dipeptidyl peptidase 4,P27487|Q53TN1,42,1.9096736907958984,2.0117862224578857,2.2251901626586914,0.3040885627269745,0.29933685064315796,0.3040885627269745,0.29933685064315796,0.3064064383506775,0.29912668466567993,0.23440152406692505,"[0.013397525995969772,0.0545969158411026,0.05684511736035347,0.8751603364944458]","[0.033474184572696686,0.5501173734664917,0.26993125677108765,0.14647719264030457]","[[0.019563809037208557,0.1375235915184021,0.32288798689842224,0.5200246572494507],[0.09296055883169174,0.17478707432746887,0.3920342028141022,0.3402182161808014],[0.03987175226211548,0.20107077062129974,0.40452075004577637,0.354536771774292],[0.054118793457746506,0.16008363664150238,0.19398775696754456,0.5918098092079163]]","[[0.010724098421633244,0.002993581583723426,0.22601689398288727,0.7602654099464417],[0.07986869663000107,0.06614748388528824,0.13899348676204681,0.7149903178215027],[0.10530537366867065,0.11875446140766144,0.21722567081451416,0.5587145090103149],[0.13628502190113068,0.16494348645210266,0.2253730744123459,0.47339847683906555]]",fd63aa48c21ada4faba6977bc08f6b765c5964fd2a133a01c1d27b42327ac8de,0.1021125316619873,0.21340394020080566
case_00001,NK1R,P25103,142,2.2272002696990967,2.4831173419952393,2.6145851612091064,0.3039429187774658,0.2994038462638855,0.3039429187774658,0.2994038462638855,0.3059556186199188,0.29929816722869873,0.19460999965667725,"[0.008795388042926788,0.03220810741186142,0.029659364372491837,0.9293370842933655]","[0.032429661601781845,0.20300883054733276,0.2641095817089081,0.5004519820213318]","[[0.014451391063630581,0.2496313452720642,0.3147633373737335,0.42115387320518494],[0.03434726595878601,0.11302334070205688,0.28650328516960144,0.5661261081695557],[0.012781791388988495,0.09291860461235046,0.5270170569419861,0.36728253960609436],[0.01930619589984417,0.14565689861774445,0.516006588935852,0.3190303146839142]]","[[0.05255495011806488,0.14102260768413544,0.09682531654834747,0.709597110748291],[0.04971000924706459,0.2880558669567108,0.16864421963691711,0.49358996748924255],[0.12336963415145874,0.2581186294555664,0.2233739048242569,0.39513787627220154],[0.21444280445575714,0.3716468811035156,0.16849039494991302,0.24541987478733063]]",b07b1f2a2663b1f43e2f640981daca2e974fa076974601341733f8efb8eba26e,0.2559170722961426,0.1314678192138672
case_00002,NK1R,P25103,142,2.2272002696990967,2.4141509532928467,2.4741480350494385,0.3039429187774658,0.2994038462638855,0.3039429187774658,0.2994038462638855,0.30601245164871216,0.2993214726448059,0.27759188413619995,"[0.008795388042926788,0.03220810741186142,0.029659364372491837,0.9293370842933655]","[0.03767189383506775,0.158516526222229,0.13277970254421234,0.6710318922996521]","[[0.01063324511051178,0.15735609829425812,0.6660248041152954,0.1659858673810959],[0.037819668650627136,0.1624971181154251,0.4904988706111908,0.30918437242507935],[0.007650289218872786,0.07829798758029938,0.7342484593391418,0.1798032969236374],[0.018463512882590294,0.2448471039533615,0.39305999875068665,0.343629390001297]]","[[0.010947657749056816,0.05479568988084793,0.027031267061829567,0.9072254300117493],[0.048376571387052536,0.16326500475406647,0.20457723736763,0.5837811231613159],[0.14518451690673828,0.2445039004087448,0.3447534441947937,0.2655580937862396],[0.15325036644935608,0.08770254254341125,0.3244746923446655,0.4345724582672119]]",b07b1f2a2663b1f43e2f640981daca2e974fa076974601341733f8efb8eba26e,0.18695068359375,0.0599970817565918
case_00003,NK1R,P25103,142,2.2272002696990967,2.4460108280181885,2.480588674545288,0.3039429187774658,0.2994038462638855,0.3039429187774658,0.2994038462638855,0.3061201870441437,0.2993229925632477,0.24762886762619019,"[0.008795388042926788,0.03220810741186142,0.029659364372491837,0.9293370842933655]","[0.043513450771570206,0.19274741411209106,0.21211987733840942,0.551619291305542]","[[0.018610483035445213,0.28767356276512146,0.4354044198989868,0.25831156969070435],[0.04966794326901436,0.15609227120876312,0.3354353904724121,0.4588043987751007],[0.014361483976244926,0.13317273557186127,0.5492532849311829,0.3032124936580658],[0.023649584501981735,0.25171831250190735,0.32976192235946655,0.39487019181251526]]","[[0.011811028234660625,0.05856351926922798,0.030200667679309845,0.8994247317314148],[0.05160844326019287,0.13670945167541504,0.23014990985393524,0.5815321207046509],[0.04776521399617195,0.12965258955955505,0.22655701637268066,0.5960252285003662],[0.1900971680879593,0.21663764119148254,0.44055113196372986,0.15271413326263428]]",b07b1f2a2663b1f43e2f640981daca2e974fa076974601341733f8efb8eba26e,0.2188105583190918,0.03457784652709961
case_00004,NK1R,P25103,142,2.2272002696990967,2.4608616828918457,2.56951642036438,0.3039429187774658,0.2994038462638855,0.3039429187774658,0.2994038462638855,0.30610406398773193,0.2992987036705017,0.25241053104400635,"[0.008795388042926788,0.03220810741186142,0.029659364372491837,0.9293370842933655]","[0.046569328755140305,0.12114854156970978,0.16593371331691742,0.666348397731781]","[[0.01679670624434948,0.2927379906177521,0.3090836703777313,0.38138169050216675],[0.034245915710926056,0.21821261942386627,0.3116815686225891,0.43585991859436035],[0.010918877087533474,0.1158081591129303,0.6661244034767151,0.20714856684207916],[0.024343248456716537,0.2887890636920929,0.31580790877342224,0.37105971574783325]]","[[0.017327748239040375,0.060541894286870956,0.025553995743393898,0.8965764045715332],[0.0610085092484951,0.18745481967926025,0.1885564774274826,0.5629802346229553],[0.07118744403123856,0.1276243031024933,0.4746772348880768,0.326511025428772],[0.11825386434793472,0.12605637311935425,0.19652631878852844,0.5591634511947632]]",b07b1f2a2663b1f43e2f640981daca2e974fa076974601341733f8efb8eba26e,0.23366141319274902,0.10865473747253418
case_00005,NK1R,P25103,142,2.2272002696990967,2.5417134761810303,2.62447190284729,0.3039429187774658,0.2994038462638855,0.3039429187774658,0.2994038462638855,0.30606117844581604,0.299285352230072,0.23648226261138916,"[0.008795388042926788,0.03220810741186142,0.029659364372491837,0.9293370842933655]","[0.05855846405029297,0.1607683300971985,0.13136902451515198,0.649304211139679]","[[0.022908996790647507,0.2479761242866516,0.3763326406478882,0.3527822196483612],[0.036906734108924866,0.22346211969852448,0.33405211567878723,0.4055790305137634],[0.014221791177988052,0.11962997168302536,0.5853977203369141,0.2807505130767822],[0.02729441039264202,0.17509418725967407,0.42410212755203247,0.3735091984272003]]","[[0.03882785886526108,0.12135046720504761,0.05332741141319275,0.7864941954612732],[0.01943298429250717,0.08363760262727737,0.10766679793596268,0.789262592792511],[0.10404719412326813,0.19561374187469482,0.26350274682044983,0.43683621287345886],[0.13727962970733643,0.15290649235248566,0.29702386260032654,0.4127899408340454]]",b07b1f2a2663b1f43e2f640981daca2e974fa076974601341733f8efb8eba26e,0.3145132064819336,0.08275842666625977
case_00006,NK1R,P25103,142,2.2272002696990967,2.4907755851745605,2.591214179992676,0.3039429187774658,0.2994038462638855,0.3039429187774658,0.2994038462638855,0.30614978075027466,0.2993139922618866,0.253919780254364,"[0.008795388042926788,0.03220810741186142,0.029659364372491837,0.9293370842933655]","[0.04901876673102379,0.11880798637866974,0.17123733460903168,0.6609359979629517]","[[0.019194019958376884,0.3710209131240845,0.3148336708545685,0.2949514389038086],[0.03119409643113613,0.19307585060596466,0.24949555099010468,0.5262345671653748],[0.011826686561107635,0.1432916671037674,0.601168155670166,0.24371346831321716],[0.02234940603375435,0.28272971510887146,0.29448533058166504,0.40043556690216064]]","[[0.017327748239040375,0.060541894286870956,0.025553995743393898,0.8965764045715332],[0.04315152391791344,0.1283855438232422,0.17435093224048615,0.6541120409965515],[0.06260661780834198,0.1039523109793663,0.32823559641838074,0.505205512046814],[0.15299096703529358,0.16899706423282623,0.29264378547668457,0.3853681683540344]]",b07b1f2a2663b1f43e2f640981daca2e974fa076974601341733f8efb8eba26e,0.26357531547546387,0.10043859481811523
case_00007,NK1R,P25103,142,2.2272002696990967,2.4779651165008545,2.463446855545044,0.3039429187774658,0.2994038462638855,0.3039429187774658,0.2994038462638855,0.30602213740348816,0.2992996275424957,0.4189131259918213,"[0.008795388042926788,0.03220810741186142,0.029659364372491837,0.9293370842933655]","[0.05650131404399872,0.13949176669120789,0.12880003452301025,0.6752068996429443]","[[0.030415359884500504,0.041503939777612686,0.26306548714637756,0.6650152206420898],[0.011465389281511307,0.048359379172325134,0.3198855221271515,0.6202897429466248],[0.010185598395764828,0.03265736997127533,0.5424445271492004,0.41471248865127563],[0.01781068556010723,0.09536143392324448,0.18945574760437012,0.6973720788955688]]","[[0.003706778399646282,0.016069259494543076,0.013718058355152607,0.9665058851242065],[0.05120399221777916,0.06507085263729095,0.2190164476633072,0.66470867395401],[0.07447238266468048,0.11133811622858047,0.10515370965003967,0.7090357542037964],[0.05542025342583656,0.24170717597007751,0.06852403283119202,0.6343485116958618]]",b07b1f2a2663b1f43e2f640981daca2e974fa076974601341733f8efb8eba26e,0.2507648468017578,-0.014518260955810547
case_00008,NK1R,P25103,142,2.2272002696990967,2.4779651165008545,2.463446855545044,0.3039429187774658,0.2994038462638855,0.3039429187774658,0.2994038462638855,0.30602213740348816,0.2992996275424957,0.4189131259918213,"[0.008795388042926788,0.03220810741186142,0.029659364372491837,0.9293370842933655]","[0.05650131404399872,0.13949176669120789,0.12880003452301025,0.6752068996429443]","[[0.030415359884500504,0.041503939777612686,0.26306548714637756,0.6650152206420898],[0.011465389281511307,0.048359379172325134,0.3198855221271515,0.6202897429466248],[0.010185598395764828,0.03265736997127533,0.5424445271492004,0.41471248865127563],[0.01781068556010723,0.09536143392324448,0.18945574760437012,0.6973720788955688]]","[[0.003706778399646282,0.016069259494543076,0.013718058355152607,0.9665058851242065],[0.05120399221777916,0.06507085263729095,0.2190164476633072,0.66470867395401],[0.07447238266468048,0.11133811622858047,0.10515370965003967,0.7090357542037964],[0.05542025342583656,0.24170717597007751,0.06852403283119202,0.6343485116958618]]",b07b1f2a2663b1f43e2f640981daca2e974fa076974601341733f8efb8eba26e,0.2507648468017578,-0.014518260955810547
case_00009,sAC,Q96PN6,142,2.482501745223999,2.562742233276367,2.571683168411255,0.3039429187774658,0.2994038462638855,0.3039429187774658,0.2994038462638855,0.30604302883148193,0.2993617057800293,0.2962590456008911,"[0.008024755865335464,0.03348146378993988,0.029231930151581764,0.9292618036270142]","[0.03626479580998421,0.16271792352199554,0.31907516717910767,0.4819420874118805]","[[0.013923383317887783,0.053514569997787476,0.21014125645160675,0.7224207520484924],[0.02209894172847271,0.201168030500412,0.3806789517402649,0.39605408906936646],[0.024201178923249245,0.13109855353832245,0.40388911962509155,0.4408111572265625],[0.07510911673307419,0.1796901673078537,0.24733233451843262,0.4978683590888977]]","[[0.005166621878743172,0.011709502898156643,0.03614865988492966,0.9469752907752991],[0.04555392637848854,0.08420199155807495,0.04026986286044121,0.8299741744995117],[0.23989717662334442,0.3092993497848511,0.20565183460712433,0.24515166878700256],[0.15846559405326843,0.20622390508651733,0.30966663360595703,0.3256438970565796]]",b07b1f2a2663b1f43e2f640981daca2e974fa076974601341733f8efb8eba26e,0.08024048805236816,0.008940935134887695
case_00010,sAC,Q96PN6,142,2.482501745223999,2.923428773880005,2.8892452716827393,0.3039429187774658,0.2994038462638855,0.3039429187774658,0.2994038462638855,0.30599042773246765,0.2992931604385376,0.3724730610847473,"[0.008024755865335464,0.03348146378993988,0.029231930151581764,0.9292618036270142]","[0.06302741914987564,0.10038095712661743,0.2810460925102234,0.5555455088615417]","[[0.03104376792907715,0.027023086324334145,0.3893624544143677,0.5525707006454468],[0.025029893964529037,0.054717350751161575,0.39740270376205444,0.522849977016449],[0.025135010480880737,0.06208545342087746,0.4197752773761749,0.49300429224967957],[0.06448491662740707,0.1322251707315445,0.1960221529006958,0.6072677373886108]]","[[0.010990902781486511,0.03464300557971001,0.04914108291268349,0.9052250385284424],[0.00877659022808075,0.018768396228551865,0.027565836906433105,0.9448893070220947],[0.11795460432767868,0.28725263476371765,0.0873478427529335,0.5074449181556702],[0.19290360808372498,0.4291468858718872,0.061814676970243454,0.31613487005233765]]",b07b1f2a2663b1f43e2f640981daca2e974fa076974601341733f8efb8eba26e,0.44092702865600586,-0.034183502197265625
case_00011,sAC,Q96PN6,142,2.482501745223999,2.977689027786255,2.919025182723999,0.3039429187774658,0.2994038462638855,0.3039429187774658,0.2994038462638855,0.3060207962989807,0.29927483201026917,0.3954889178276062,"[0.008024755865335464,0.03348146378993988,0.029231930151581764,0.9292618036270142]","[0.04637860506772995,0.09628989547491074,0.22036084532737732,0.6369706392288208]","[[0.011371957138180733,0.012497724033892155,0.4615059494972229,0.5146243572235107],[0.010656853206455708,0.031091103330254555,0.4569869637489319,0.5012651085853577],[0.013703549280762672,0.0559731088578701,0.45801177620887756,0.4723116457462311],[0.043675512075424194,0.08068408817052841,0.1534932255744934,0.7221471667289734]]","[[0.015657151117920876,0.03776760771870613,0.0578661784529686,0.8887090086936951],[0.015590556897222996,0.026322511956095695,0.023646680638194084,0.9344401955604553],[0.19693362712860107,0.17525030672550201,0.16490262746810913,0.46291354298591614],[0.33041518926620483,0.41742950677871704,0.04401109740138054,0.20814427733421326]]",b07b1f2a2663b1f43e2f640981daca2e974fa076974601341733f8efb8eba26e,0.49518728256225586,-0.05866384506225586
case_00012,sAC,Q96PN6,142,2.482501745223999,2.8884236812591553,2.7788565158843994,0.3039429187774658,0.2994038462638855,0.3039429187774658,0.2994038462638855,0.30608683824539185,0.29934170842170715,0.3814844489097595,"[0.008024755865335464,0.03348146378993988,0.029231930151581764,0.9292618036270142]","[0.06167842075228691,0.13602079451084137,0.2519099712371826,0.5503908395767212]","[[0.030242862179875374,0.015808233991265297,0.4168033301830292,0.5371456146240234],[0.03316409885883331,0.035267237573862076,0.3828899562358856,0.5486786961555481],[0.040050338953733444,0.03866813704371452,0.3469657301902771,0.5743157863616943],[0.05541246011853218,0.10618195682764053,0.20232221484184265,0.6360833644866943]]","[[0.0038982974365353584,0.020720336586236954,0.018952682614326477,0.9564287662506104],[0.014114472083747387,0.03461205214262009,0.028251612558960915,0.9230219125747681],[0.24398474395275116,0.20093117654323578,0.1041545495390892,0.4509294927120209],[0.26477161049842834,0.31790968775749207,0.07639099657535553,0.34092769026756287]]",b07b1f2a2663b1f43e2f640981daca2e974fa076974601341733f8efb8eba26e,0.40592193603515625,-0.10956716537475586
case_00013,sAC,Q96PN6,142,2.482501745223999,2.830199956893921,2.72456693649292,0.3039429187774658,0.2994038462638855,0.3039429187774658,0.2994038462638855,0.3060063123703003,0.29924964904785156,0.3368527293205261,"[0.008024755865335464,0.03348146378993988,0.029231930151581764,0.9292618036270142]","[0.05889662355184555,0.17502982914447784,0.37651506066322327,0.3895585834980011]","[[0.04061930254101753,0.023159075528383255,0.5302011370658875,0.4060204327106476],[0.030032945796847343,0.040179405361413956,0.3256727159023285,0.6041150093078613],[0.02825338765978813,0.02856389619410038,0.26370537281036377,0.6794772744178772],[0.06777514517307281,0.1296963393688202,0.24192269146442413,0.5606058239936829]]","[[0.008944430388510227,0.03414347395300865,0.023622505366802216,0.9332895278930664],[0.031552694737911224,0.06766878813505173,0.07952921092510223,0.8212493658065796],[0.2656435966491699,0.31804531812667847,0.12669599056243896,0.2896151840686798],[0.2906208336353302,0.32240164279937744,0.08658584952354431,0.30039164423942566]]",b07b1f2a2663b1f43e2f640981daca2e974fa076974601341733f8efb8eba26e,0.3476982116699219,-0.10563302040100098
case_00014,sAC,Q96PN6,142,2.482501745223999,2.897454023361206,2.8616340160369873,0.3039429187774658,0.2994038462638855,0.3039429187774658,0.2994038462638855,0.30603891611099243,0.29928556084632874,0.3460567593574524,"[0.008024755865335464,0.03348146378993988,0.029231930151581764,0.9292618036270142]","[0.04688716307282448,0.17221470177173615,0.3877594769001007,0.3931386172771454]","[[0.026533430442214012,0.020905768498778343,0.3741051256656647,0.5784556865692139],[0.027280360460281372,0.04284617677330971,0.3456924259662628,0.5841810703277588],[0.018236467614769936,0.04505181312561035,0.28042227029800415,0.6562893986701965],[0.050679922103881836,0.1337595283985138,0.28031253814697266,0.5352479815483093]]","[[0.022648170590400696,0.0659712478518486,0.0826740711927414,0.8287065029144287],[0.013451761566102505,0.026403261348605156,0.0512031726539135,0.9089418649673462],[0.13396507501602173,0.2892298996448517,0.11320449411869049,0.4636004865169525],[0.24247939884662628,0.4116320312023163,0.08462192863225937,0.26126664876937866]]",b07b1f2a2663b1f43e2f640981daca2e974fa076974601341733f8efb8eba26e,0.41495227813720703,-0.03582000732421875
case_00015,sAC,Q96PN6,142,2.482501745223999,2.9400570392608643,2.9145195484161377,0.3039429187774658,0.2994038462638855,0.3039429187774658,0.2994038462638855,0.30592358112335205,0.29931503534317017,0.3662831783294678,"[0.008024755865335464,0.03348146378993988,0.029231930151581764,0.9292618036270142]","[0.029193030670285225,0.1069621741771698,0.1965569406747818,0.6672878861427307]","[[0.016529250890016556,0.023061813786625862,0.410329133272171,0.5500798225402832],[0.009143791161477566,0.02909882739186287,0.6044599413871765,0.357297420501709],[0.008319645188748837,0.03686690330505371,0.5686684846878052,0.3861449360847473],[0.03911510854959488,0.10881057381629944,0.19019801914691925,0.6618763208389282]]","[[0.020622745156288147,0.055397775024175644,0.05984686315059662,0.8641325235366821],[0.02024427428841591,0.05070384964346886,0.038595784455537796,0.8904561400413513],[0.16428135335445404,0.34494176506996155,0.1604619324207306,0.3303149342536926],[0.3763118386268616,0.3675418794155121,0.07220480591058731,0.18394145369529724]]",b07b1f2a2663b1f43e2f640981daca2e974fa076974601341733f8efb8eba26e,0.45755529403686523,-0.025537490844726562
case_00016,sAC,Q96PN6,142,2.482501745223999,2.9400570392608643,2.9145195484161377,0.3039429187774658,0.2994038462638855,0.3039429187774658,0.2994038462638855,0.30592358112335205,0.29931503534317017,0.3662831783294678,"[0.008024755865335464,0.03348146378993988,0.029231930151581764,0.9292618036270142]","[0.029193030670285225,0.1069621741771698,0.1965569406747818,0.6672878861427307]","[[0.016529250890016556,0.023061813786625862,0.410329133272171,0.5500798225402832],[0.009143791161477566,0.02909882739186287,0.6044599413871765,0.357297420501709],[0.008319645188748837,0.03686690330505371,0.5686684846878052,0.3861449360847473],[0.03911510854959488,0.10881057381629944,0.19019801914691925,0.6618763208389282]]","[[0.020622745156288147,0.055397775024175644,0.05984686315059662,0.8641325235366821],[0.02024427428841591,0.05070384964346886,0.038595784455537796,0.8904561400413513],[0.16428135335445404,0.34494176506996155,0.1604619324207306,0.3303149342536926],[0.3763118386268616,0.3675418794155121,0.07220480591058731,0.18394145369529724]]",b07b1f2a2663b1f43e2f640981daca2e974fa076974601341733f8efb8eba26e,0.45755529403686523,-0.025537490844726562
case_00017,sAC,Q96PN6,142,2.482501745223999,2.743537664413452,2.662827730178833,0.3039429187774658,0.2994038462638855,0.3039429187774658,0.2994038462638855,0.30603060126304626,0.29932525753974915,0.3663836717605591,"[0.008024755865335464,0.03348146378993988,0.029231930151581764,0.9292618036270142]","[0.05357811972498894,0.1497468799352646,0.21902374923229218,0.5776512622833252]","[[0.034074410796165466,0.032530467957258224,0.291595458984375,0.6417996287345886],[0.011264966800808907,0.027746589854359627,0.40419697761535645,0.5567914247512817],[0.019040655344724655,0.05451057106256485,0.3199615180492401,0.6064872741699219],[0.05719224736094475,0.1159149631857872,0.22775688767433167,0.5991358757019043]]","[[0.020546061918139458,0.058214928954839706,0.07318394631147385,0.8480550646781921],[0.01570211723446846,0.030038245022296906,0.037484753876924515,0.9167748093605042],[0.12369372695684433,0.28432944416999817,0.1024654433131218,0.4895114004611969],[0.18131431937217712,0.2860851585865021,0.06774456799030304,0.46485593914985657]]",b07b1f2a2663b1f43e2f640981daca2e974fa076974601341733f8efb8eba26e,0.2610359191894531,-0.08070993423461914
case_00018,sAC,Q96PN6,142,2.482501745223999,2.743537664413452,2.662827730178833,0.3039429187774658,0.2994038462638855,0.3039429187774658,0.2994038462638855,0.30603060126304626,0.29932525753974915,0.3663836717605591,"[0.008024755865335464,0.03348146378993988,0.029231930151581764,0.9292618036270142]","[0.05357811972498894,0.1497468799352646,0.21902374923229218,0.5776512622833252]","[[0.034074410796165466,0.032530467957258224,0.291595458984375,0.6417996287345886],[0.011264966800808907,0.027746589854359627,0.40419697761535645,0.5567914247512817],[0.019040655344724655,0.05451057106256485,0.3199615180492401,0.6064872741699219],[0.05719224736094475,0.1159149631857872,0.22775688767433167,0.5991358757019043]]","[[0.020546061918139458,0.058214928954839706,0.07318394631147385,0.8480550646781921],[0.01570211723446846,0.030038245022296906,0.037484753876924515,0.9167748093605042],[0.12369372695684433,0.28432944416999817,0.1024654433131218,0.4895114004611969],[0.18131431937217712,0.2860851585865021,0.06774456799030304,0.46485593914985657]]",b07b1f2a2663b1f43e2f640981daca2e974fa076974601341733f8efb8eba26e,0.2610359191894531,-0.08070993423461914
case_00019,sAC,Q96PN6,142,2.482501745223999,2.8680059909820557,2.7762019634246826,0.3039429187774658,0.2994038462638855,0.3039429187774658,0.2994038462638855,0.306000292301178,0.299301415681839,0.38746917247772217,"[0.008024755865335464,0.03348146378993988,0.029231930151581764,0.9292618036270142]","[0.04339110106229782,0.10354820638895035,0.19651159644126892,0.6565491557121277]","[[0.022585725411772728,0.029267212375998497,0.280273973941803,0.6678730249404907],[0.012268570251762867,0.03467177599668503,0.49306589365005493,0.45999374985694885],[0.013189379125833511,0.05123162269592285,0.2926984429359436,0.6428805589675903],[0.05298806354403496,0.11978857964277267,0.17095300555229187,0.6562703847885132]]","[[0.020546061918139458,0.058214928954839706,0.07318394631147385,0.8480550646781921],[0.015166626311838627,0.031915031373500824,0.030520698055624962,0.9223977327346802],[0.11282376199960709,0.2898390591144562,0.07525265216827393,0.5220845341682434],[0.15939095616340637,0.31219205260276794,0.06511609256267548,0.4633009135723114]]",b07b1f2a2663b1f43e2f640981daca2e974fa076974601341733f8efb8eba26e,0.38550424575805664,-0.09180402755737305
case_00020,sAC,Q96PN6,142,2.482501745223999,2.8680059909820557,2.7762019634246826,0.3039429187774658,0.2994038462638855,0.3039429187774658,0.2994038462638855,0.306000292301178,0.299301415681839,0.38746917247772217,"[0.008024755865335464,0.03348146378993988,0.029231930151581764,0.9292618036270142]","[0.04339110106229782,0.10354820638895035,0.19651159644126892,0.6565491557121277]","[[0.022585725411772728,0.029267212375998497,0.280273973941803,0.6678730249404907],[0.012268570251762867,0.03467177599668503,0.49306589365005493,0.45999374985694885],[0.013189379125833511,0.05123162269592285,0.2926984429359436,0.6428805589675903],[0.05298806354403496,0.11978857964277267,0.17095300555229187,0.6562703847885132]]","[[0.020546061918139458,0.058214928954839706,0.07318394631147385,0.8480550646781921],[0.015166626311838627,0.031915031373500824,0.030520698055624962,0.9223977327346802],[0.11282376199960709,0.2898390591144562,0.07525265216827393,0.5220845341682434],[0.15939095616340637,0.31219205260276794,0.06511609256267548,0.4633009135723114]]",b07b1f2a2663b1f43e2f640981daca2e974fa076974601341733f8efb8eba26e,0.38550424575805664,-0.09180402755737305
case_00021,V2R,P30518,142,1.5653653144836426,1.6179227828979492,1.717930793762207,0.3039429187774658,0.2994038462638855,0.3039429187774658,0.2994038462638855,0.3059169352054596,0.2993397116661072,0.30739331245422363,"[0.008693661540746689,0.02823466621339321,0.02665332891047001,0.936418354511261]","[0.033656131476163864,0.13421441614627838,0.12106260657310486,0.7110668420791626]","[[0.0077344016171991825,0.04015515372157097,0.539128303527832,0.41298210620880127],[0.012639914639294147,0.03849620744585991,0.6278717517852783,0.320992112159729],[0.004567150492221117,0.052469652146101,0.6114198565483093,0.33154329657554626],[0.051475413143634796,0.08944002538919449,0.22539764642715454,0.6336868405342102]]","[[0.020252514630556107,0.058790791779756546,0.05069396644830704,0.8702627420425415],[0.05332432687282562,0.12430306524038315,0.24236434698104858,0.5800082087516785],[0.0887320414185524,0.195499986410141,0.4031848609447479,0.3125830888748169],[0.22259069979190826,0.18929345905780792,0.13845771551132202,0.44965803623199463]]",b07b1f2a2663b1f43e2f640981daca2e974fa076974601341733f8efb8eba26e,0.05255746841430664,0.10000801086425781
case_00022,V2R,P30518,142,1.5653653144836426,1.708704948425293,1.8221967220306396,0.3039429187774658,0.2994038462638855,0.3039429187774658,0.2994038462638855,0.30588898062705994,0.2993387281894684,0.3069643974304199,"[0.008693661540746689,0.02823466621339321,0.02665332891047001,0.936418354511261]","[0.033032339066267014,0.12589901685714722,0.0972084328532219,0.7438602447509766]","[[0.008942795917391777,0.04829144477844238,0.5790945887565613,0.36367112398147583],[0.010156810283660889,0.029936032369732857,0.599260151386261,0.36064693331718445],[0.003976874053478241,0.04350953549146652,0.6288611888885498,0.32365238666534424],[0.06063804402947426,0.10667693614959717,0.28888532519340515,0.5437997579574585]]","[[0.020252514630556107,0.058790791779756546,0.05069396644830704,0.8702627420425415],[0.06287284940481186,0.14366011321544647,0.26914000511169434,0.5243270397186279],[0.08589106798171997,0.2005130797624588,0.49479323625564575,0.2188025712966919],[0.17767179012298584,0.15106666088104248,0.1352081447839737,0.5360534191131592]]",b07b1f2a2663b1f43e2f640981daca2e974fa076974601341733f8efb8eba26e,0.1433396339416504,0.11349177360534668
case_00023,V2R,P30518,142,1.5653653144836426,1.6804059743881226,1.7877907752990723,0.3039429187774658,0.2994038462638855,0.3039429187774658,0.2994038462638855,0.30587607622146606,0.299330472946167,0.2948612570762634,"[0.008693661540746689,0.02823466621339321,0.02665332891047001,0.936418354511261]","[0.029370268806815147,0.12319008260965347,0.10307567566633224,0.7443640232086182]","[[0.009227465838193893,0.049828678369522095,0.5286794304847717,0.41226449608802795],[0.011082936078310013,0.0326656773686409,0.5943114757537842,0.3619399070739746],[0.004263324663043022,0.04664349555969238,0.6068323850631714,0.34226083755493164],[0.06426417082548141,0.11305616050958633,0.31359633803367615,0.5090833306312561]]","[[0.020252514630556107,0.058790791779756546,0.05069396644830704,0.8702627420425415],[0.06287284940481186,0.14366011321544647,0.26914000511169434,0.5243270397186279],[0.09248628467321396,0.21228663623332977,0.5406314134597778,0.15459570288658142],[0.21518465876579285,0.20476050674915314,0.13637195527553558,0.44368281960487366]]",b07b1f2a2663b1f43e2f640981daca2e974fa076974601341733f8efb8eba26e,0.11504065990447998,0.10738480091094971
case_00024,V2R,P30518,142,1.5653653144836426,1.7172796726226807,1.8194295167922974,0.3039429187774658,0.2994038462638855,0.3039429187774658,0.2994038462638855,0.30590003728866577,0.2993275225162506,0.3040567636489868,"[0.008693661540746689,0.02823466621339321,0.02665332891047001,0.936418354511261]","[0.027506209909915924,0.121757872402668,0.09819640219211578,0.7525395750999451]","[[0.009510977193713188,0.05135964974761009,0.4683457612991333,0.4707835614681244],[0.010775893926620483,0.031760700047016144,0.4984235465526581,0.4590398669242859],[0.004481772426515818,0.04903345927596092,0.6186754703521729,0.32780930399894714],[0.056755442172288895,0.0998464897274971,0.25908491015434265,0.584313154220581]]","[[0.020252514630556107,0.058790791779756546,0.05069396644830704,0.8702627420425415],[0.06287284940481186,0.14366011321544647,0.26914000511169434,0.5243270397186279],[0.09071449935436249,0.20779627561569214,0.5363299250602722,0.16515928506851196],[0.1711307317018509,0.14958207309246063,0.15954919159412384,0.519737958908081]]",b07b1f2a2663b1f43e2f640981daca2e974fa076974601341733f8efb8eba26e,0.15191435813903809,0.1021498441696167
case_00025,V2R,P30518,142,1.5653653144836426,1.4855175018310547,1.6058900356292725,0.3039429187774658,0.2994038462638855,0.3039429187774658,0.2994038462638855,0.3058348596096039,0.2993381917476654,0.3014782667160034,"[0.008693661540746689,0.02823466621339321,0.02665332891047001,0.936418354511261]","[0.0429132878780365,0.1571689397096634,0.1383226215839386,0.6615951061248779]","[[0.02287212386727333,0.06853864341974258,0.5962057113647461,0.3123834729194641],[0.012220818549394608,0.037391047924757004,0.7012728452682495,0.24911531805992126],[0.006392547860741615,0.038879457861185074,0.6561688184738159,0.29855915904045105],[0.06862369179725647,0.11680353432893753,0.3631238639354706,0.4514489769935608]]","[[0.00876786932349205,0.02616928331553936,0.02747706137597561,0.9375858902931213],[0.07962308824062347,0.2067955881357193,0.3125765025615692,0.40100476145744324],[0.15068626403808594,0.142755925655365,0.47195661067962646,0.23460116982460022],[0.2164645940065384,0.09946570545434952,0.24147120118141174,0.44259852170944214]]",b07b1f2a2663b1f43e2f640981daca2e974fa076974601341733f8efb8eba26e,-0.07984781265258789,0.12037253379821777
case_00026,V2R,P30518,142,1.5653653144836426,1.7066576480865479,1.7806590795516968,0.3039429187774658,0.2994038462638855,0.3039429187774658,0.2994038462638855,0.30583587288856506,0.29933997988700867,0.3065251111984253,"[0.008693661540746689,0.02823466621339321,0.02665332891047001,0.936418354511261]","[0.0291459783911705,0.1546778529882431,0.1470348984003067,0.6691412925720215]","[[0.01666806824505329,0.056725651025772095,0.601481556892395,0.3251247704029083],[0.01221361756324768,0.038206797093153,0.6408743262290955,0.30870521068573],[0.00724778464064002,0.05213215574622154,0.5894843935966492,0.3511357009410858],[0.0732647031545639,0.09958406537771225,0.30833899974823,0.5188122391700745]]","[[0.01514336746186018,0.05144196376204491,0.040519870817661285,0.8928948640823364],[0.07277557253837585,0.17059127986431122,0.32876527309417725,0.4278678596019745],[0.12089118361473083,0.19492052495479584,0.5698950886726379,0.114293172955513],[0.17139187455177307,0.13766461610794067,0.12547171115875244,0.5654718279838562]]",b07b1f2a2663b1f43e2f640981daca2e974fa076974601341733f8efb8eba26e,0.14129233360290527,0.07400143146514893
case_00027,V2R,P30518,142,1.5653653144836426,1.6474604606628418,1.800973653793335,0.3039429187774658,0.2994038462638855,0.3039429187774658,0.2994038462638855,0.30599695444107056,0.29931628704071045,0.28390032052993774,"[0.008693661540746689,0.02823466621339321,0.02665332891047001,0.936418354511261]","[0.04696313664317131,0.12389988452196121,0.12140104174613953,0.7077358961105347]","[[0.009167571552097797,0.04233289137482643,0.5370820164680481,0.4114174544811249],[0.011926862411201,0.030943121761083603,0.5717490315437317,0.38538095355033875],[0.006029725074768066,0.07417599856853485,0.5326113104820251,0.38718292117118835],[0.06438881158828735,0.09922274202108383,0.3302486538887024,0.5061398148536682]]","[[0.020252514630556107,0.058790791779756546,0.05069396644830704,0.8702627420425415],[0.06699998676776886,0.12656906247138977,0.2540302276611328,0.5524007081985474],[0.08843457698822021,0.12392506748437881,0.4731636047363281,0.31447669863700867],[0.2812766432762146,0.18990401923656464,0.17904122173786163,0.3497781455516815]]",b07b1f2a2663b1f43e2f640981daca2e974fa076974601341733f8efb8eba26e,0.08209514617919922,0.15351319313049316
case_00028,V2R,P30518,142,1.5653653144836426,1.4475443363189697,1.5228322744369507,0.3039429187774658,0.2994038462638855,0.3039429187774658,0.2994038462638855,0.3058520257472992,0.2993181347846985,0.3114127516746521,"[0.008693661540746689,0.02823466621339321,0.02665332891047001,0.936418354511261]","[0.02531118132174015,0.1388748586177826,0.12273917347192764,0.713074803352356]","[[0.015798227861523628,0.05353659763932228,0.5184166431427002,0.41224852204322815],[0.01100288238376379,0.035298120230436325,0.5689658522605896,0.3847331404685974],[0.00513599393889308,0.03363552317023277,0.5273838639259338,0.43384459614753723],[0.06463844329118729,0.0951715037226677,0.2846633791923523,0.5555267333984375]]","[[0.01514336746186018,0.05144196376204491,0.040519870817661285,0.8928948640823364],[0.08512505888938904,0.1982434093952179,0.3726784288883209,0.34395307302474976],[0.1243366003036499,0.16648796200752258,0.6071301698684692,0.10204532742500305],[0.1575622409582138,0.11274692416191101,0.13750022649765015,0.5921905636787415]]",b07b1f2a2663b1f43e2f640981daca2e974fa076974601341733f8efb8eba26e,-0.11782097816467285,0.07528793811798096
case_00029,V2R,P30518,142,1.5653653144836426,1.5300222635269165,1.6923247575759888,0.3039429187774658,0.2994038462638855,0.3039429187774658,0.2994038462638855,0.3057939112186432,0.2993260324001312,0.25331443548202515,"[0.008693661540746689,0.02823466621339321,0.02665332891047001,0.936418354511261]","[0.027897393330931664,0.15767280757427216,0.10370996594429016,0.710719883441925]","[[0.015736613422632217,0.13026753067970276,0.430049866437912,0.4239460229873657],[0.011501702480018139,0.074655681848526,0.47566840052604675,0.438174307346344],[0.0048938230611383915,0.10132769495248795,0.47277864813804626,0.42099979519844055],[0.055829308927059174,0.11536895483732224,0.2798914611339569,0.5489102602005005]]","[[0.028852131217718124,0.08135417848825455,0.0762360543012619,0.8135576844215393],[0.0728982537984848,0.13767178356647491,0.4957059621810913,0.29372403025627136],[0.11166009306907654,0.19798846542835236,0.6037070751190186,0.08664436638355255],[0.1953776478767395,0.19782130420207977,0.13711531460285187,0.4696856737136841]]",b07b1f2a2663b1f43e2f640981daca2e974fa076974601341733f8efb8eba26e,-0.035343050956726074,0.16230249404907227
case_00030,Dipeptidyl peptidase 4,P27487|Q53TN1,142,2.1056206226348877,2.1234939098358154,2.0281338691711426,0.3039429187774658,0.2994038462638855,0.3039429187774658,0.2994038462638855,0.30609649419784546,0.2992645800113678,0.2808624505996704,"[0.007362963166087866,0.027296574786305428,0.029245080426335335,0.9360953569412231]","[0.0993206575512886,0.22322769463062286,0.11549828201532364,0.5619534254074097]","[[0.035598963499069214,0.06454885005950928,0.24933844804763794,0.6505137085914612],[0.05993985757231712,0.1558220535516739,0.4866185486316681,0.2976195514202118],[0.020727388560771942,0.05028509348630905,0.5714463591575623,0.35754114389419556],[0.04892861098051071,0.1734902560710907,0.2623542845249176,0.5152268409729004]]","[[0.01978136971592903,0.042452871799468994,0.018587755039334297,0.9191779494285583],[0.09920965880155563,0.1257604956626892,0.09535180032253265,0.6796780228614807],[0.11722942441701889,0.07428507506847382,0.27047523856163025,0.5380102396011353],[0.2871618866920471,0.2694941759109497,0.3011571764945984,0.14218670129776]]",b07b1f2a2663b1f43e2f640981daca2e974fa076974601341733f8efb8eba26e,0.017873287200927734,-0.09536004066467285
case_00031,Dipeptidyl peptidase 4,P27487|Q53TN1,142,2.1056206226348877,2.372278928756714,2.3191750049591064,0.3039429187774658,0.2994038462638855,0.3039429187774658,0.2994038462638855,0.30596742033958435,0.2992495000362396,0.2953130602836609,"[0.007362963166087866,0.027296574786305428,0.029245080426335335,0.9360953569412231]","[0.09892132878303528,0.16315802931785583,0.14087839424610138,0.5970422625541687]","[[0.04790835827589035,0.08169721812009811,0.08375050127506256,0.786643922328949],[0.04349108412861824,0.24114887416362762,0.20974454283714294,0.5056154131889343],[0.030291885137557983,0.2551475465297699,0.35664814710617065,0.3579123616218567],[0.02667488157749176,0.1658235490322113,0.11833927780389786,0.6891623139381409]]","[[0.04467711225152016,0.11057937890291214,0.03422662615776062,0.8105168342590332],[0.055094823241233826,0.047832876443862915,0.056635163724422455,0.840437114238739],[0.1382533460855484,0.13847120106220245,0.522049069404602,0.20122642815113068],[0.1743791103363037,0.1877143681049347,0.38922056555747986,0.24868598580360413]]",b07b1f2a2663b1f43e2f640981daca2e974fa076974601341733f8efb8eba26e,0.26665830612182617,-0.05310392379760742
case_00032,Dipeptidyl peptidase 4,P27487|Q53TN1,142,2.1056206226348877,2.418032169342041,2.32604718208313,0.3039429187774658,0.2994038462638855,0.3039429187774658,0.2994038462638855,0.3059067130088806,0.2992968261241913,0.25823795795440674,"[0.007362963166087866,0.027296574786305428,0.029245080426335335,0.9360953569412231]","[0.1066209077835083,0.15455397963523865,0.1510770469903946,0.587748110294342]","[[0.06264735758304596,0.10683135688304901,0.18265925347805023,0.6478620767593384],[0.04422146454453468,0.24519869685173035,0.28423359990119934,0.4263462424278259],[0.023798255249857903,0.20045189559459686,0.4698803126811981,0.30586951971054077],[0.03118206560611725,0.1938423365354538,0.20156940817832947,0.5734061598777771]]","[[0.04467711225152016,0.11057937890291214,0.03422662615776062,0.8105168342590332],[0.055094823241233826,0.047832876443862915,0.056635163724422455,0.840437114238739],[0.13830043375492096,0.14057819545269012,0.561433732509613,0.1596875786781311],[0.19926312565803528,0.3004957437515259,0.2272000014781952,0.27304112911224365]]",b07b1f2a2663b1f43e2f640981daca2e974fa076974601341733f8efb8eba26e,0.3124115467071533,-0.09198498725891113
case_00033,Dipeptidyl peptidase 4,P27487|Q53TN1,142,2.1056206226348877,2.6254351139068604,2.61391282081604,0.3039429187774658,0.2994038462638855,0.3039429187774658,0.2994038462638855,0.30602988600730896,0.29927098751068115,0.2656104564666748,"[0.007362963166087866,0.027296574786305428,0.029245080426335335,0.9360953569412231]","[0.1335989087820053,0.2059994339942932,0.18541206419467926,0.4749895930290222]","[[0.08078992366790771,0.09324798732995987,0.43932077288627625,0.3866412937641144],[0.035110555589199066,0.12855559587478638,0.37548187375068665,0.4608519673347473],[0.039602071046829224,0.19680120050907135,0.3959108293056488,0.3676859140396118],[0.03346527740359306,0.12476164847612381,0.1514129787683487,0.6903601288795471]]","[[0.030465850606560707,0.095342718064785,0.03796115890145302,0.8362302780151367],[0.04093792662024498,0.030609415844082832,0.16156688332557678,0.7668858170509338],[0.32143938541412354,0.2586468458175659,0.3206571638584137,0.09925663471221924],[0.1170981153845787,0.08513671904802322,0.5448676943778992,0.2528974711894989]]",b07b1f2a2663b1f43e2f640981daca2e974fa076974601341733f8efb8eba26e,0.5198144912719727,-0.011522293090820312
case_00034,Dipeptidyl peptidase 4,P27487|Q53TN1,142,2.1056206226348877,2.25443434715271,2.0339760780334473,0.3039429187774658,0.2994038462638855,0.3039429187774658,0.2994038462638855,0.3060395121574402,0.2993434965610504,0.4350162148475647,"[0.007362963166087866,0.027296574786305428,0.029245080426335335,0.9360953569412231]","[0.11263953149318695,0.23476305603981018,0.1810435652732849,0.47155389189720154]","[[0.05187947675585747,0.08968167006969452,0.5166491270065308,0.3417896628379822],[0.02543892152607441,0.0836424008011818,0.4359290301799774,0.4549896717071533],[0.01121449377387762,0.05490434542298317,0.4197424054145813,0.5141387581825256],[0.05719433352351189,0.22938358783721924,0.3056885302066803,0.4077335000038147]]","[[0.008619268424808979,0.015117662027478218,0.00690911989659071,0.969353973865509],[0.012539875693619251,0.012144864536821842,0.03975139558315277,0.935563862323761],[0.09225549548864365,0.08096817135810852,0.1405993551015854,0.6861769556999207],[0.03576381132006645,0.06475618481636047,0.05391776189208031,0.845562219619751]]",b07b1f2a2663b1f43e2f640981daca2e974fa076974601341733f8efb8eba26e,0.14881372451782227,-0.2204582691192627
case_00035,Dipeptidyl peptidase 4,P27487|Q53TN1,142,2.1056206226348877,2.4443435668945312,2.359816551208496,0.3039429187774658,0.2994038462638855,0.3039429187774658,0.2994038462638855,0.3060418963432312,0.2993299961090088,0.29656487703323364,"[0.007362963166087866,0.027296574786305428,0.029245080426335335,0.9360953569412231]","[0.0481441430747509,0.16589103639125824,0.20818950235843658,0.5777753591537476]","[[0.05004550516605377,0.057343196123838425,0.19387392699718475,0.698737382888794],[0.06394881010055542,0.18744505941867828,0.36172130703926086,0.38688474893569946],[0.03992137685418129,0.06366580724716187,0.5021898150444031,0.39422300457954407],[0.04379228129982948,0.18991398811340332,0.25664442777633667,0.5096493363380432]]","[[0.011744057759642601,0.02728310041129589,0.02479013055562973,0.9361826777458191],[0.23113131523132324,0.1261667162179947,0.13384085893630981,0.5088611245155334],[0.060339514166116714,0.07121285796165466,0.27839377522468567,0.590053915977478],[0.09195298701524734,0.10863872617483139,0.127824604511261,0.6715836524963379]]",b07b1f2a2663b1f43e2f640981daca2e974fa076974601341733f8efb8eba26e,0.33872294425964355,-0.08452701568603516
case_00036,Dipeptidyl peptidase 4,P27487|Q53TN1,142,2.1056206226348877,2.0479915142059326,2.0790317058563232,0.3039429187774658,0.2994038462638855,0.3039429187774658,0.2994038462638855,0.3059592545032501,0.2993176579475403,0.33337992429733276,"[0.007362963166087866,0.027296574786305428,0.029245080426335335,0.9360953569412231]","[0.06121807172894478,0.5035799741744995,0.07588611543178558,0.3593158721923828]","[[0.05671847611665726,0.07582256942987442,0.3724140524864197,0.4950448274612427],[0.029659023508429527,0.05823753401637077,0.36041489243507385,0.551688551902771],[0.007198850158601999,0.042636971920728683,0.4899045526981354,0.46025967597961426],[0.029070351272821426,0.0952557623386383,0.4410226047039032,0.4346512258052826]]","[[0.03426044061779976,0.06565175205469131,0.03809632733464241,0.8619914650917053],[0.018562741577625275,0.026307275518774986,0.02069942094385624,0.9344305396080017],[0.12983401119709015,0.1578771024942398,0.38166093826293945,0.3306279480457306],[0.375774621963501,0.21885228157043457,0.3193173110485077,0.08605579286813736]]",b07b1f2a2663b1f43e2f640981daca2e974fa076974601341733f8efb8eba26e,-0.05762910842895508,0.031040191650390625
case_00037,Dipeptidyl peptidase 4,P27487|Q53TN1,142,2.1056206226348877,2.200458288192749,2.1598246097564697,0.3039429187774658,0.2994038462638855,0.3039429187774658,0.2994038462638855,0.3060116469860077,0.2992836534976959,0.3986060619354248,"[0.007362963166087866,0.027296574786305428,0.029245080426335335,0.9360953569412231]","[0.0742209181189537,0.3426046371459961,0.07055523246526718,0.5126191973686218]","[[0.034352462738752365,0.0765535831451416,0.3302467167377472,0.5588472485542297],[0.016534514725208282,0.05824187025427818,0.20254166424274445,0.7226818799972534],[0.006047358270734549,0.054882537573575974,0.31260237097740173,0.6264678239822388],[0.025281932204961777,0.10204624384641647,0.30350053310394287,0.5691712498664856]]","[[0.009746646508574486,0.026491643860936165,0.017269011586904526,0.9464927315711975],[0.007479291409254074,0.014885388314723969,0.0190823283046484,0.9585530161857605],[0.14797118306159973,0.1624935269355774,0.3126261234283447,0.3769091069698334],[0.42551374435424805,0.3356529474258423,0.14684627950191498,0.09198704361915588]]",b07b1f2a2663b1f43e2f640981daca2e974fa076974601341733f8efb8eba26e,0.09483766555786133,-0.0406336784362793
case_00038,Dipeptidyl peptidase 4,P27487|Q53TN1,142,2.1056206226348877,2.0240559577941895,1.7681313753128052,0.3039429187774658,0.2994038462638855,0.3039429187774658,0.2994038462638855,0.3060648441314697,0.29931455850601196,0.44940733909606934,"[0.007362963166087866,0.027296574786305428,0.029245080426335335,0.9360953569412231]","[0.14344941079616547,0.16473795473575592,0.06677120923995972,0.6250413656234741]","[[0.03159860149025917,0.03427594527602196,0.12013279646635056,0.8139926791191101],[0.03441675379872322,0.11562983691692352,0.21170997619628906,0.6382434368133545],[0.011994277127087116,0.07307588309049606,0.20497050881385803,0.7099593281745911],[0.03001435473561287,0.14664456248283386,0.0876384824514389,0.7357025742530823]]","[[0.004144792445003986,0.010329565964639187,0.007529969327151775,0.977995753288269],[0.01841636747121811,0.05551817640662193,0.05234653502702713,0.8737189769744873],[0.049931954592466354,0.06382475793361664,0.20070740580558777,0.6855359077453613],[0.1592622548341751,0.18878474831581116,0.21430015563964844,0.4376528263092041]]",b07b1f2a2663b1f43e2f640981daca2e974fa076974601341733f8efb8eba26e,-0.08156466484069824,-0.2559245824813843
case_00039,Dipeptidyl peptidase 4,P27487|Q53TN1,142,2.1056206226348877,2.6254351139068604,2.61391282081604,0.3039429187774658,0.2994038462638855,0.3039429187774658,0.2994038462638855,0.30602988600730896,0.29927098751068115,0.2656104564666748,"[0.007362963166087866,0.027296574786305428,0.029245080426335335,0.9360953569412231]","[0.1335989087820053,0.2059994339942932,0.18541206419467926,0.4749895930290222]","[[0.08078992366790771,0.09324798732995987,0.43932077288627625,0.3866412937641144],[0.035110555589199066,0.12855559587478638,0.37548187375068665,0.4608519673347473],[0.039602071046829224,0.19680120050907135,0.3959108293056488,0.3676859140396118],[0.03346527740359306,0.12476164847612381,0.1514129787683487,0.6903601288795471]]","[[0.030465850606560707,0.095342718064785,0.03796115890145302,0.8362302780151367],[0.04093792662024498,0.030609415844082832,0.16156688332557678,0.7668858170509338],[0.32143938541412354,0.2586468458175659,0.3206571638584137,0.09925663471221924],[0.1170981153845787,0.08513671904802322,0.5448676943778992,0.2528974711894989]]",b07b1f2a2663b1f43e2f640981daca2e974fa076974601341733f8efb8eba26e,0.5198144912719727,-0.011522293090820312
case_00040,Dipeptidyl peptidase 4,P27487|Q53TN1,142,2.1056206226348877,2.372278928756714,2.3191750049591064,0.3039429187774658,0.2994038462638855,0.3039429187774658,0.2994038462638855,0.30596742033958435,0.2992495000362396,0.2953130602836609,"[0.007362963166087866,0.027296574786305428,0.029245080426335335,0.9360953569412231]","[0.09892132878303528,0.16315802931785583,0.14087839424610138,0.5970422625541687]","[[0.04790835827589035,0.08169721812009811,0.08375050127506256,0.786643922328949],[0.04349108412861824,0.24114887416362762,0.20974454283714294,0.5056154131889343],[0.030291885137557983,0.2551475465297699,0.35664814710617065,0.3579123616218567],[0.02667488157749176,0.1658235490322113,0.11833927780389786,0.6891623139381409]]","[[0.04467711225152016,0.11057937890291214,0.03422662615776062,0.8105168342590332],[0.055094823241233826,0.047832876443862915,0.056635163724422455,0.840437114238739],[0.1382533460855484,0.13847120106220245,0.522049069404602,0.20122642815113068],[0.1743791103363037,0.1877143681049347,0.38922056555747986,0.24868598580360413]]",b07b1f2a2663b1f43e2f640981daca2e974fa076974601341733f8efb8eba26e,0.26665830612182617,-0.05310392379760742
case_00041,Dipeptidyl peptidase 4,P27487|Q53TN1,142,2.1056206226348877,2.6254351139068604,2.61391282081604,0.3039429187774658,0.2994038462638855,0.3039429187774658,0.2994038462638855,0.30602988600730896,0.29927098751068115,0.2656104564666748,"[0.007362963166087866,0.027296574786305428,0.029245080426335335,0.9360953569412231]","[0.1335989087820053,0.2059994339942932,0.18541206419467926,0.4749895930290222]","[[0.08078992366790771,0.09324798732995987,0.43932077288627625,0.3866412937641144],[0.035110555589199066,0.12855559587478638,0.37548187375068665,0.4608519673347473],[0.039602071046829224,0.19680120050907135,0.3959108293056488,0.3676859140396118],[0.03346527740359306,0.12476164847612381,0.1514129787683487,0.6903601288795471]]","[[0.030465850606560707,0.095342718064785,0.03796115890145302,0.8362302780151367],[0.04093792662024498,0.030609415844082832,0.16156688332557678,0.7668858170509338],[0.32143938541412354,0.2586468458175659,0.3206571638584137,0.09925663471221924],[0.1170981153845787,0.08513671904802322,0.5448676943778992,0.2528974711894989]]",b07b1f2a2663b1f43e2f640981daca2e974fa076974601341733f8efb8eba26e,0.5198144912719727,-0.011522293090820312
case_00042,Dipeptidyl peptidase 4,P27487|Q53TN1,142,2.1056206226348877,2.6254351139068604,2.61391282081604,0.3039429187774658,0.2994038462638855,0.3039429187774658,0.2994038462638855,0.30602988600730896,0.29927098751068115,0.2656104564666748,"[0.007362963166087866,0.027296574786305428,0.029245080426335335,0.9360953569412231]","[0.1335989087820053,0.2059994339942932,0.18541206419467926,0.4749895930290222]","[[0.08078992366790771,0.09324798732995987,0.43932077288627625,0.3866412937641144],[0.035110555589199066,0.12855559587478638,0.37548187375068665,0.4608519673347473],[0.039602071046829224,0.19680120050907135,0.3959108293056488,0.3676859140396118],[0.03346527740359306,0.12476164847612381,0.1514129787683487,0.6903601288795471]]","[[0.030465850606560707,0.095342718064785,0.03796115890145302,0.8362302780151367],[0.04093792662024498,0.030609415844082832,0.16156688332557678,0.7668858170509338],[0.32143938541412354,0.2586468458175659,0.3206571638584137,0.09925663471221924],[0.1170981153845787,0.08513671904802322,0.5448676943778992,0.2528974711894989]]",b07b1f2a2663b1f43e2f640981daca2e974fa076974601341733f8efb8eba26e,0.5198144912719727,-0.011522293090820312
case_00043,Dipeptidyl peptidase 4,P27487|Q53TN1,142,2.1056206226348877,2.372278928756714,2.3191750049591064,0.3039429187774658,0.2994038462638855,0.3039429187774658,0.2994038462638855,0.30596742033958435,0.2992495000362396,0.2953130602836609,"[0.007362963166087866,0.027296574786305428,0.029245080426335335,0.9360953569412231]","[0.09892132878303528,0.16315802931785583,0.14087839424610138,0.5970422625541687]","[[0.04790835827589035,0.08169721812009811,0.08375050127506256,0.786643922328949],[0.04349108412861824,0.24114887416362762,0.20974454283714294,0.5056154131889343],[0.030291885137557983,0.2551475465297699,0.35664814710617065,0.3579123616218567],[0.02667488157749176,0.1658235490322113,0.11833927780389786,0.6891623139381409]]","[[0.04467711225152016,0.11057937890291214,0.03422662615776062,0.8105168342590332],[0.055094823241233826,0.047832876443862915,0.056635163724422455,0.840437114238739],[0.1382533460855484,0.13847120106220245,0.522049069404602,0.20122642815113068],[0.1743791103363037,0.1877143681049347,0.38922056555747986,0.24868598580360413]]",b07b1f2a2663b1f43e2f640981daca2e974fa076974601341733f8efb8eba26e,0.26665830612182617,-0.05310392379760742
case_00044,Dipeptidyl peptidase 4,P27487|Q53TN1,142,2.1056206226348877,2.372278928756714,2.3191750049591064,0.3039429187774658,0.2994038462638855,0.3039429187774658,0.2994038462638855,0.30596742033958435,0.2992495000362396,0.2953130602836609,"[0.007362963166087866,0.027296574786305428,0.029245080426335335,0.9360953569412231]","[0.09892132878303528,0.16315802931785583,0.14087839424610138,0.5970422625541687]","[[0.04790835827589035,0.08169721812009811,0.08375050127506256,0.786643922328949],[0.04349108412861824,0.24114887416362762,0.20974454283714294,0.5056154131889343],[0.030291885137557983,0.2551475465297699,0.35664814710617065,0.3579123616218567],[0.02667488157749176,0.1658235490322113,0.11833927780389786,0.6891623139381409]]","[[0.04467711225152016,0.11057937890291214,0.03422662615776062,0.8105168342590332],[0.055094823241233826,0.047832876443862915,0.056635163724422455,0.840437114238739],[0.1382533460855484,0.13847120106220245,0.522049069404602,0.20122642815113068],[0.1743791103363037,0.1877143681049347,0.38922056555747986,0.24868598580360413]]",b07b1f2a2663b1f43e2f640981daca2e974fa076974601341733f8efb8eba26e,0.26665830612182617,-0.05310392379760742
case_00045,Dipeptidyl peptidase 4,P27487|Q53TN1,142,2.1056206226348877,2.6254351139068604,2.61391282081604,0.3039429187774658,0.2994038462638855,0.3039429187774658,0.2994038462638855,0.30602988600730896,0.29927098751068115,0.2656104564666748,"[0.007362963166087866,0.027296574786305428,0.029245080426335335,0.9360953569412231]","[0.1335989087820053,0.2059994339942932,0.18541206419467926,0.4749895930290222]","[[0.08078992366790771,0.09324798732995987,0.43932077288627625,0.3866412937641144],[0.035110555589199066,0.12855559587478638,0.37548187375068665,0.4608519673347473],[0.039602071046829224,0.19680120050907135,0.3959108293056488,0.3676859140396118],[0.03346527740359306,0.12476164847612381,0.1514129787683487,0.6903601288795471]]","[[0.030465850606560707,0.095342718064785,0.03796115890145302,0.8362302780151367],[0.04093792662024498,0.030609415844082832,0.16156688332557678,0.7668858170509338],[0.32143938541412354,0.2586468458175659,0.3206571638584137,0.09925663471221924],[0.1170981153845787,0.08513671904802322,0.5448676943778992,0.2528974711894989]]",b07b1f2a2663b1f43e2f640981daca2e974fa076974601341733f8efb8eba26e,0.5198144912719727,-0.011522293090820312
case_00046,Dipeptidyl peptidase 4,P27487|Q53TN1,142,2.1056206226348877,2.372278928756714,2.3191750049591064,0.3039429187774658,0.2994038462638855,0.3039429187774658,0.2994038462638855,0.30596742033958435,0.2992495000362396,0.2953130602836609,"[0.007362963166087866,0.027296574786305428,0.029245080426335335,0.9360953569412231]","[0.09892132878303528,0.16315802931785583,0.14087839424610138,0.5970422625541687]","[[0.04790835827589035,0.08169721812009811,0.08375050127506256,0.786643922328949],[0.04349108412861824,0.24114887416362762,0.20974454283714294,0.5056154131889343],[0.030291885137557983,0.2551475465297699,0.35664814710617065,0.3579123616218567],[0.02667488157749176,0.1658235490322113,0.11833927780389786,0.6891623139381409]]","[[0.04467711225152016,0.11057937890291214,0.03422662615776062,0.8105168342590332],[0.055094823241233826,0.047832876443862915,0.056635163724422455,0.840437114238739],[0.1382533460855484,0.13847120106220245,0.522049069404602,0.20122642815113068],[0.1743791103363037,0.1877143681049347,0.38922056555747986,0.24868598580360413]]",b07b1f2a2663b1f43e2f640981daca2e974fa076974601341733f8efb8eba26e,0.26665830612182617,-0.05310392379760742
case_00047,Dipeptidyl peptidase 4,P27487|Q53TN1,142,2.1056206226348877,2.6254351139068604,2.61391282081604,0.3039429187774658,0.2994038462638855,0.3039429187774658,0.2994038462638855,0.30602988600730896,0.29927098751068115,0.2656104564666748,"[0.007362963166087866,0.027296574786305428,0.029245080426335335,0.9360953569412231]","[0.1335989087820053,0.2059994339942932,0.18541206419467926,0.4749895930290222]","[[0.08078992366790771,0.09324798732995987,0.43932077288627625,0.3866412937641144],[0.035110555589199066,0.12855559587478638,0.37548187375068665,0.4608519673347473],[0.039602071046829224,0.19680120050907135,0.3959108293056488,0.3676859140396118],[0.03346527740359306,0.12476164847612381,0.1514129787683487,0.6903601288795471]]","[[0.030465850606560707,0.095342718064785,0.03796115890145302,0.8362302780151367],[0.04093792662024498,0.030609415844082832,0.16156688332557678,0.7668858170509338],[0.32143938541412354,0.2586468458175659,0.3206571638584137,0.09925663471221924],[0.1170981153845787,0.08513671904802322,0.5448676943778992,0.2528974711894989]]",b07b1f2a2663b1f43e2f640981daca2e974fa076974601341733f8efb8eba26e,0.5198144912719727,-0.011522293090820312
case_00048,Dipeptidyl peptidase 4,P27487|Q53TN1,142,2.1056206226348877,2.4443435668945312,2.359816551208496,0.3039429187774658,0.2994038462638855,0.3039429187774658,0.2994038462638855,0.3060418963432312,0.2993299961090088,0.29656487703323364,"[0.007362963166087866,0.027296574786305428,0.029245080426335335,0.9360953569412231]","[0.0481441430747509,0.16589103639125824,0.20818950235843658,0.5777753591537476]","[[0.05004550516605377,0.057343196123838425,0.19387392699718475,0.698737382888794],[0.06394881010055542,0.18744505941867828,0.36172130703926086,0.38688474893569946],[0.03992137685418129,0.06366580724716187,0.5021898150444031,0.39422300457954407],[0.04379228129982948,0.18991398811340332,0.25664442777633667,0.5096493363380432]]","[[0.011744057759642601,0.02728310041129589,0.02479013055562973,0.9361826777458191],[0.23113131523132324,0.1261667162179947,0.13384085893630981,0.5088611245155334],[0.060339514166116714,0.07121285796165466,0.27839377522468567,0.590053915977478],[0.09195298701524734,0.10863872617483139,0.127824604511261,0.6715836524963379]]",b07b1f2a2663b1f43e2f640981daca2e974fa076974601341733f8efb8eba26e,0.33872294425964355,-0.08452701568603516
case_00049,Dipeptidyl peptidase 4,P27487|Q53TN1,142,2.1056206226348877,2.093799352645874,1.9799271821975708,0.3039429187774658,0.2994038462638855,0.3039429187774658,0.2994038462638855,0.3060358464717865,0.29932719469070435,0.32575416564941406,"[0.007362963166087866,0.027296574786305428,0.029245080426335335,0.9360953569412231]","[0.044409483671188354,0.07558756321668625,0.12053664773702621,0.759466290473938]","[[0.029550878331065178,0.12893272936344147,0.27674219012260437,0.5647742748260498],[0.03406810387969017,0.1522868126630783,0.4050617218017578,0.408583402633667],[0.027724213898181915,0.19496862590312958,0.5025523900985718,0.27475470304489136],[0.025265777483582497,0.30337271094322205,0.23683644831180573,0.4345250129699707]]","[[0.0031546244863420725,0.012407622300088406,0.016313929110765457,0.9681237936019897],[0.01500387117266655,0.06720078736543655,0.025566110387444496,0.8922291994094849],[0.1567705273628235,0.17137616872787476,0.43058425188064575,0.241269052028656],[0.08389617502689362,0.08068399876356125,0.3077875077724457,0.5276322364807129]]",b07b1f2a2663b1f43e2f640981daca2e974fa076974601341733f8efb8eba26e,-0.011821269989013672,-0.11387217044830322
case_00050,Dipeptidyl peptidase 4,P27487|Q53TN1,142,2.1056206226348877,2.6254351139068604,2.61391282081604,0.3039429187774658,0.2994038462638855,0.3039429187774658,0.2994038462638855,0.30602988600730896,0.29927098751068115,0.2656104564666748,"[0.007362963166087866,0.027296574786305428,0.029245080426335335,0.9360953569412231]","[0.1335989087820053,0.2059994339942932,0.18541206419467926,0.4749895930290222]","[[0.08078992366790771,0.09324798732995987,0.43932077288627625,0.3866412937641144],[0.035110555589199066,0.12855559587478638,0.37548187375068665,0.4608519673347473],[0.039602071046829224,0.19680120050907135,0.3959108293056488,0.3676859140396118],[0.03346527740359306,0.12476164847612381,0.1514129787683487,0.6903601288795471]]","[[0.030465850606560707,0.095342718064785,0.03796115890145302,0.8362302780151367],[0.04093792662024498,0.030609415844082832,0.16156688332557678,0.7668858170509338],[0.32143938541412354,0.2586468458175659,0.3206571638584137,0.09925663471221924],[0.1170981153845787,0.08513671904802322,0.5448676943778992,0.2528974711894989]]",b07b1f2a2663b1f43e2f640981daca2e974fa076974601341733f8efb8eba26e,0.5198144912719727,-0.011522293090820312
case_00051,Dipeptidyl peptidase 4,P27487|Q53TN1,142,2.1056206226348877,2.372278928756714,2.3191750049591064,0.3039429187774658,0.2994038462638855,0.3039429187774658,0.2994038462638855,0.30596742033958435,0.2992495000362396,0.2953130602836609,"[0.007362963166087866,0.027296574786305428,0.029245080426335335,0.9360953569412231]","[0.09892132878303528,0.16315802931785583,0.14087839424610138,0.5970422625541687]","[[0.04790835827589035,0.08169721812009811,0.08375050127506256,0.786643922328949],[0.04349108412861824,0.24114887416362762,0.20974454283714294,0.5056154131889343],[0.030291885137557983,0.2551475465297699,0.35664814710617065,0.3579123616218567],[0.02667488157749176,0.1658235490322113,0.11833927780389786,0.6891623139381409]]","[[0.04467711225152016,0.11057937890291214,0.03422662615776062,0.8105168342590332],[0.055094823241233826,0.047832876443862915,0.056635163724422455,0.840437114238739],[0.1382533460855484,0.13847120106220245,0.522049069404602,0.20122642815113068],[0.1743791103363037,0.1877143681049347,0.38922056555747986,0.24868598580360413]]",b07b1f2a2663b1f43e2f640981daca2e974fa076974601341733f8efb8eba26e,0.26665830612182617,-0.05310392379760742
case_00052,Dipeptidyl peptidase 4,P27487|Q53TN1,142,2.1056206226348877,2.5016610622406006,2.339830160140991,0.3039429187774658,0.2994038462638855,0.3039429187774658,0.2994038462638855,0.3060765266418457,0.2993203103542328,0.36111801862716675,"[0.007362963166087866,0.027296574786305428,0.029245080426335335,0.9360953569412231]","[0.0741606205701828,0.13660326600074768,0.21804171800613403,0.5711944103240967]","[[0.01881948485970497,0.07248660176992416,0.5753097534179688,0.3333842158317566],[0.022602980956435204,0.10333655774593353,0.4444524049758911,0.4296080768108368],[0.010449807159602642,0.09493528306484222,0.37947386503219604,0.5151410102844238],[0.033822715282440186,0.24525859951972961,0.207267165184021,0.5136514902114868]]","[[0.002768920036032796,0.005835318472236395,0.003898222930729389,0.9874975681304932],[0.011075660586357117,0.017416251823306084,0.037557367235422134,0.9339507222175598],[0.14997828006744385,0.12834960222244263,0.3004748225212097,0.4211972951889038],[0.15982834994792938,0.21782387793064117,0.2175384908914566,0.40480929613113403]]",b07b1f2a2663b1f43e2f640981daca2e974fa076974601341733f8efb8eba26e,0.3960404396057129,-0.16183090209960938
case_00053,Dipeptidyl peptidase 4,P27487|Q53TN1,142,2.1056206226348877,2.363232374191284,2.34352707862854,0.3039429187774658,0.2994038462638855,0.3039429187774658,0.2994038462638855,0.3059569299221039,0.2993382513523102,0.3771052360534668,"[0.007362963166087866,0.027296574786305428,0.029245080426335335,0.9360953569412231]","[0.030880935490131378,0.10382536798715591,0.10845088213682175,0.7568427920341492]","[[0.033927034586668015,0.11763878911733627,0.4305158257484436,0.4179183840751648],[0.030383968725800514,0.20067505538463593,0.288883775472641,0.4800572693347931],[0.014861663803458214,0.08460813015699387,0.35854730010032654,0.541982889175415],[0.05481185019016266,0.24064481258392334,0.297036737203598,0.4075065851211548]]","[[0.001564356847666204,0.003840974997729063,0.003526815213263035,0.9910678267478943],[0.014595641754567623,0.013212976977229118,0.1409015953540802,0.8312897682189941],[0.022448953241109848,0.029193269088864326,0.3498779237270355,0.5984798073768616],[0.10873878002166748,0.06724846363067627,0.17104335129261017,0.6529694199562073]]",b07b1f2a2663b1f43e2f640981daca2e974fa076974601341733f8efb8eba26e,0.2576117515563965,-0.01970529556274414
case_00054,Dipeptidyl peptidase 4,P27487|Q53TN1,142,2.1056206226348877,2.45951771736145,2.4904439449310303,0.3039429187774658,0.2994038462638855,0.3039429187774658,0.2994038462638855,0.3059634566307068,0.29931747913360596,0.3526232838630676,"[0.007362963166087866,0.027296574786305428,0.029245080426335335,0.9360953569412231]","[0.03028383105993271,0.08875007927417755,0.1404668688774109,0.7404991984367371]","[[0.016238875687122345,0.10853565484285355,0.6381343007087708,0.23709119856357574],[0.021078187972307205,0.13026390969753265,0.5643867254257202,0.2842711806297302],[0.008594315499067307,0.10708317160606384,0.7075818181037903,0.17674075067043304],[0.03314552456140518,0.2194623500108719,0.2819337546825409,0.4654584228992462]]","[[0.0016107176197692752,0.005238696001470089,0.005024244077503681,0.9881263971328735],[0.016115481033921242,0.016949854791164398,0.16503916680812836,0.8018954992294312],[0.08766203373670578,0.11241485178470612,0.3161958158016205,0.48372727632522583],[0.23248325288295746,0.17961837351322174,0.27387726306915283,0.31402114033699036]]",b07b1f2a2663b1f43e2f640981daca2e974fa076974601341733f8efb8eba26e,0.3538970947265625,0.030926227569580078
case_00055,Dipeptidyl peptidase 4,P27487|Q53TN1,142,2.1056206226348877,2.3827531337738037,2.3180124759674072,0.3039429187774658,0.2994038462638855,0.3039429187774658,0.2994038462638855,0.3060220777988434,0.29933804273605347,0.340707004070282,"[0.007362963166087866,0.027296574786305428,0.029245080426335335,0.9360953569412231]","[0.02152719348669052,0.10772152990102768,0.12827110290527344,0.7424800992012024]","[[0.02784617990255356,0.152678444981575,0.41230514645576477,0.40717023611068726],[0.018457485362887383,0.13348746299743652,0.4464930593967438,0.40156200528144836],[0.0076400768011808395,0.14388982951641083,0.5824849009513855,0.2659851908683777],[0.03481148183345795,0.24101516604423523,0.31808051466941833,0.4060928523540497]]","[[0.003076090244576335,0.01042584702372551,0.008812368847429752,0.9776856899261475],[0.008426235057413578,0.013354706577956676,0.06285917013883591,0.9153599143028259],[0.08326759934425354,0.11804290115833282,0.4750206470489502,0.32366883754730225],[0.16766954958438873,0.19077859818935394,0.19216859340667725,0.4493832290172577]]",b07b1f2a2663b1f43e2f640981daca2e974fa076974601341733f8efb8eba26e,0.277132511138916,-0.06474065780639648
case_00056,Dipeptidyl peptidase 4,P27487|Q53TN1,142,2.1056206226348877,2.6254351139068604,2.61391282081604,0.3039429187774658,0.2994038462638855,0.3039429187774658,0.2994038462638855,0.30602988600730896,0.29927098751068115,0.2656104564666748,"[0.007362963166087866,0.027296574786305428,0.029245080426335335,0.9360953569412231]","[0.1335989087820053,0.2059994339942932,0.18541206419467926,0.4749895930290222]","[[0.08078992366790771,0.09324798732995987,0.43932077288627625,0.3866412937641144],[0.035110555589199066,0.12855559587478638,0.37548187375068665,0.4608519673347473],[0.039602071046829224,0.19680120050907135,0.3959108293056488,0.3676859140396118],[0.03346527740359306,0.12476164847612381,0.1514129787683487,0.6903601288795471]]","[[0.030465850606560707,0.095342718064785,0.03796115890145302,0.8362302780151367],[0.04093792662024498,0.030609415844082832,0.16156688332557678,0.7668858170509338],[0.32143938541412354,0.2586468458175659,0.3206571638584137,0.09925663471221924],[0.1170981153845787,0.08513671904802322,0.5448676943778992,0.2528974711894989]]",b07b1f2a2663b1f43e2f640981daca2e974fa076974601341733f8efb8eba26e,0.5198144912719727,-0.011522293090820312
case_00057,Dipeptidyl peptidase 4,P27487|Q53TN1,142,2.1056206226348877,2.363232374191284,2.34352707862854,0.3039429187774658,0.2994038462638855,0.3039429187774658,0.2994038462638855,0.3059569299221039,0.2993382513523102,0.3771052360534668,"[0.007362963166087866,0.027296574786305428,0.029245080426335335,0.9360953569412231]","[0.030880935490131378,0.10382536798715591,0.10845088213682175,0.7568427920341492]","[[0.033927034586668015,0.11763878911733627,0.4305158257484436,0.4179183840751648],[0.030383968725800514,0.20067505538463593,0.288883775472641,0.4800572693347931],[0.014861663803458214,0.08460813015699387,0.35854730010032654,0.541982889175415],[0.05481185019016266,0.24064481258392334,0.297036737203598,0.4075065851211548]]","[[0.001564356847666204,0.003840974997729063,0.003526815213263035,0.9910678267478943],[0.014595641754567623,0.013212976977229118,0.1409015953540802,0.8312897682189941],[0.022448953241109848,0.029193269088864326,0.3498779237270355,0.5984798073768616],[0.10873878002166748,0.06724846363067627,0.17104335129261017,0.6529694199562073]]",b07b1f2a2663b1f43e2f640981daca2e974fa076974601341733f8efb8eba26e,0.2576117515563965,-0.01970529556274414
case_00058,Dipeptidyl peptidase 4,P27487|Q53TN1,142,2.1056206226348877,2.372278928756714,2.3191750049591064,0.3039429187774658,0.2994038462638855,0.3039429187774658,0.2994038462638855,0.30596742033958435,0.2992495000362396,0.2953130602836609,"[0.007362963166087866,0.027296574786305428,0.029245080426335335,0.9360953569412231]","[0.09892132878303528,0.16315802931785583,0.14087839424610138,0.5970422625541687]","[[0.04790835827589035,0.08169721812009811,0.08375050127506256,0.786643922328949],[0.04349108412861824,0.24114887416362762,0.20974454283714294,0.5056154131889343],[0.030291885137557983,0.2551475465297699,0.35664814710617065,0.3579123616218567],[0.02667488157749176,0.1658235490322113,0.11833927780389786,0.6891623139381409]]","[[0.04467711225152016,0.11057937890291214,0.03422662615776062,0.8105168342590332],[0.055094823241233826,0.047832876443862915,0.056635163724422455,0.840437114238739],[0.1382533460855484,0.13847120106220245,0.522049069404602,0.20122642815113068],[0.1743791103363037,0.1877143681049347,0.38922056555747986,0.24868598580360413]]",b07b1f2a2663b1f43e2f640981daca2e974fa076974601341733f8efb8eba26e,0.26665830612182617,-0.05310392379760742
case_00059,Dipeptidyl peptidase 4,P27487|Q53TN1,142,2.1056206226348877,2.0240559577941895,1.7681313753128052,0.3039429187774658,0.2994038462638855,0.3039429187774658,0.2994038462638855,0.3060648441314697,0.29931455850601196,0.44940733909606934,"[0.007362963166087866,0.027296574786305428,0.029245080426335335,0.9360953569412231]","[0.14344941079616547,0.16473795473575592,0.06677120923995972,0.6250413656234741]","[[0.03159860149025917,0.03427594527602196,0.12013279646635056,0.8139926791191101],[0.03441675379872322,0.11562983691692352,0.21170997619628906,0.6382434368133545],[0.011994277127087116,0.07307588309049606,0.20497050881385803,0.7099593281745911],[0.03001435473561287,0.14664456248283386,0.0876384824514389,0.7357025742530823]]","[[0.004144792445003986,0.010329565964639187,0.007529969327151775,0.977995753288269],[0.01841636747121811,0.05551817640662193,0.05234653502702713,0.8737189769744873],[0.049931954592466354,0.06382475793361664,0.20070740580558777,0.6855359077453613],[0.1592622548341751,0.18878474831581116,0.21430015563964844,0.4376528263092041]]",b07b1f2a2663b1f43e2f640981daca2e974fa076974601341733f8efb8eba26e,-0.08156466484069824,-0.2559245824813843
case_00060,Dipeptidyl peptidase 4,P27487|Q53TN1,142,2.1056206226348877,2.4443435668945312,2.359816551208496,0.3039429187774658,0.2994038462638855,0.3039429187774658,0.2994038462638855,0.3060418963432312,0.2993299961090088,0.29656487703323364,"[0.007362963166087866,0.027296574786305428,0.029245080426335335,0.9360953569412231]","[0.0481441430747509,0.16589103639125824,0.20818950235843658,0.5777753591537476]","[[0.05004550516605377,0.057343196123838425,0.19387392699718475,0.698737382888794],[0.06394881010055542,0.18744505941867828,0.36172130703926086,0.38688474893569946],[0.03992137685418129,0.06366580724716187,0.5021898150444031,0.39422300457954407],[0.04379228129982948,0.18991398811340332,0.25664442777633667,0.5096493363380432]]","[[0.011744057759642601,0.02728310041129589,0.02479013055562973,0.9361826777458191],[0.23113131523132324,0.1261667162179947,0.13384085893630981,0.5088611245155334],[0.060339514166116714,0.07121285796165466,0.27839377522468567,0.590053915977478],[0.09195298701524734,0.10863872617483139,0.127824604511261,0.6715836524963379]]",b07b1f2a2663b1f43e2f640981daca2e974fa076974601341733f8efb8eba26e,0.33872294425964355,-0.08452701568603516
case_00061,Dipeptidyl peptidase 4,P27487|Q53TN1,142,2.1056206226348877,2.0707104206085205,2.0203936100006104,0.3039429187774658,0.2994038462638855,0.3039429187774658,0.2994038462638855,0.30608251690864563,0.29931017756462097,0.37789231538772583,"[0.007362963166087866,0.027296574786305428,0.029245080426335335,0.9360953569412231]","[0.11043820530176163,0.44859474897384644,0.09312326461076736,0.347843736410141]","[[0.056519512087106705,0.07592859864234924,0.2814321219921112,0.5861197710037231],[0.01882743649184704,0.056374095380306244,0.22171558439731598,0.7030828595161438],[0.008195427246391773,0.04767276346683502,0.40899837017059326,0.535133421421051],[0.02980354242026806,0.10432587563991547,0.3179455101490021,0.5479249954223633]]","[[0.051019906997680664,0.05546484515070915,0.02822265215218067,0.8652925491333008],[0.008482584729790688,0.016589311882853508,0.011221443302929401,0.9637066721916199],[0.09849832206964493,0.13452740013599396,0.28204846382141113,0.4849258363246918],[0.49437007308006287,0.230980783700943,0.20708799362182617,0.06756110489368439]]",b07b1f2a2663b1f43e2f640981daca2e974fa076974601341733f8efb8eba26e,-0.03491020202636719,-0.050316810607910156
case_00062,Dipeptidyl peptidase 4,P27487|Q53TN1,142,2.1056206226348877,2.0479915142059326,2.0790317058563232,0.3039429187774658,0.2994038462638855,0.3039429187774658,0.2994038462638855,0.3059592545032501,0.2993176579475403,0.33337992429733276,"[0.007362963166087866,0.027296574786305428,0.029245080426335335,0.9360953569412231]","[0.06121807172894478,0.5035799741744995,0.07588611543178558,0.3593158721923828]","[[0.05671847611665726,0.07582256942987442,0.3724140524864197,0.4950448274612427],[0.029659023508429527,0.05823753401637077,0.36041489243507385,0.551688551902771],[0.007198850158601999,0.042636971920728683,0.4899045526981354,0.46025967597961426],[0.029070351272821426,0.0952557623386383,0.4410226047039032,0.4346512258052826]]","[[0.03426044061779976,0.06565175205469131,0.03809632733464241,0.8619914650917053],[0.018562741577625275,0.026307275518774986,0.02069942094385624,0.9344305396080017],[0.12983401119709015,0.1578771024942398,0.38166093826293945,0.3306279480457306],[0.375774621963501,0.21885228157043457,0.3193173110485077,0.08605579286813736]]",b07b1f2a2663b1f43e2f640981daca2e974fa076974601341733f8efb8eba26e,-0.05762910842895508,0.031040191650390625
case_00001,NK1R,P25103,242,2.2845516204833984,2.4660749435424805,2.3324332237243652,0.30398696660995483,0.29970583319664,0.30398696660995483,0.29970583319664,0.30633488297462463,0.29963812232017517,0.3296840190887451,"[0.03327000513672829,0.03287072479724884,0.09129507839679718,0.8425642251968384]","[0.08498530834913254,0.06966439634561539,0.43869277834892273,0.4066575765609741]","[[0.011567575857043266,0.035501159727573395,0.06266787648200989,0.8902633786201477],[0.03508078306913376,0.10510363429784775,0.16263221204280853,0.6971833109855652],[0.02083543874323368,0.1373511403799057,0.09856561571359634,0.7432477474212646],[0.041527438908815384,0.22895941138267517,0.11292283982038498,0.6165902614593506]]","[[0.023934584110975266,0.07725682854652405,0.06436598300933838,0.8344426155090332],[0.09077040106058121,0.22004076838493347,0.06296183913946152,0.6262269616127014],[0.07202643156051636,0.2960584759712219,0.3410203456878662,0.2908947765827179],[0.31589508056640625,0.2498226910829544,0.1639041304588318,0.27037808299064636]]",ae9fe000d481b81bbb5ef98718aaa550784ff67131a466d21993e95b41f14e9f,0.18152332305908203,-0.13364171981811523
case_00002,NK1R,P25103,242,2.2845516204833984,2.4673612117767334,2.3834617137908936,0.30398696660995483,0.29970583319664,0.30398696660995483,0.29970583319664,0.3065037131309509,0.299600213766098,0.33197295665740967,"[0.03327000513672829,0.03287072479724884,0.09129507839679718,0.8425642251968384]","[0.06691848486661911,0.04486817121505737,0.20265182852745056,0.68556147813797]","[[0.02175767719745636,0.08692723512649536,0.11367710679769516,0.7776379585266113],[0.058166567236185074,0.11097337305545807,0.4688393175601959,0.36202067136764526],[0.035157617181539536,0.2725487947463989,0.2103741466999054,0.4819193482398987],[0.0644877552986145,0.3823587894439697,0.22044143080711365,0.3327120244503021]]","[[0.00798395648598671,0.023635759949684143,0.04076917842030525,0.9276111125946045],[0.04327812045812607,0.05812487751245499,0.04898964986205101,0.8496072888374329],[0.03150534629821777,0.38333219289779663,0.1470612734556198,0.43810123205184937],[0.1585172563791275,0.16514042019844055,0.08397767692804337,0.5923646688461304]]",ae9fe000d481b81bbb5ef98718aaa550784ff67131a466d21993e95b41f14e9f,0.18280959129333496,-0.08389949798583984
case_00003,NK1R,P25103,242,2.2845516204833984,2.3533856868743896,2.191884994506836,0.30398696660995483,0.29970583319664,0.30398696660995483,0.29970583319664,0.3064631223678589,0.2996145784854889,0.32630008459091187,"[0.03327000513672829,0.03287072479724884,0.09129507839679718,0.8425642251968384]","[0.10819156467914581,0.048622943460941315,0.23893272876739502,0.6042527556419373]","[[0.037972066551446915,0.12008582055568695,0.14839620888233185,0.6935458779335022],[0.04425862058997154,0.06309590488672256,0.35144174098968506,0.5412037372589111],[0.02663140371441841,0.194779634475708,0.2211601883172989,0.5574287176132202],[0.060507312417030334,0.2607564628124237,0.22306139767169952,0.45567476749420166]]","[[0.008963021449744701,0.028755271807312965,0.031358618289232254,0.9309230446815491],[0.02273566834628582,0.05092778429389,0.051441192626953125,0.8748953938484192],[0.04192303493618965,0.4505437910556793,0.2731243669986725,0.23440887033939362],[0.25926336646080017,0.1752052903175354,0.10085161030292511,0.46467968821525574]]",ae9fe000d481b81bbb5ef98718aaa550784ff67131a466d21993e95b41f14e9f,0.06883406639099121,-0.1615006923675537
case_00004,NK1R,P25103,242,2.2845516204833984,2.4759650230407715,2.365816354751587,0.30398696660995483,0.29970583319664,0.30398696660995483,0.29970583319664,0.3064032196998596,0.2996194362640381,0.20604991912841797,"[0.03327000513672829,0.03287072479724884,0.09129507839679718,0.8425642251968384]","[0.06641538441181183,0.059750523418188095,0.2283439189195633,0.6454901695251465]","[[0.05009974166750908,0.08624009042978287,0.1028062030673027,0.7608539462089539],[0.11351726949214935,0.09705746173858643,0.25442975759506226,0.5349955558776855],[0.06448935717344284,0.30516889691352844,0.20569266378879547,0.42464911937713623],[0.12546613812446594,0.37907087802886963,0.22420161962509155,0.2712613642215729]]","[[0.04256594553589821,0.10470155626535416,0.13904495537281036,0.713687539100647],[0.07115651667118073,0.1442434936761856,0.09615796059370041,0.6884421110153198],[0.04105515033006668,0.33536311984062195,0.2085980623960495,0.4149836301803589],[0.34026622772216797,0.15385548770427704,0.11931822448968887,0.3865600824356079]]",ae9fe000d481b81bbb5ef98718aaa550784ff67131a466d21993e95b41f14e9f,0.19141340255737305,-0.11014866828918457
case_00005,NK1R,P25103,242,2.2845516204833984,2.460151433944702,2.4296231269836426,0.30398696660995483,0.29970583319664,0.30398696660995483,0.29970583319664,0.3062746524810791,0.2996053993701935,0.19959449768066406,"[0.03327000513672829,0.03287072479724884,0.09129507839679718,0.8425642251968384]","[0.0603426918387413,0.05309724807739258,0.2848100960254669,0.6017498970031738]","[[0.0633956715464592,0.11320313811302185,0.11034975945949554,0.713051438331604],[0.10737986862659454,0.22813530266284943,0.3299858868122101,0.33449897170066833],[0.08026964217424393,0.32867157459259033,0.21392011642456055,0.37713873386383057],[0.09164218604564667,0.574458658695221,0.17428304255008698,0.15961609780788422]]","[[0.03359275311231613,0.09710802882909775,0.13206498324871063,0.7372342348098755],[0.13410232961177826,0.09960229694843292,0.10331422090530396,0.6629811525344849],[0.04001875966787338,0.3162185549736023,0.17444950342178345,0.4693131744861603],[0.2832736074924469,0.09509210288524628,0.20412984490394592,0.4175044596195221]]",ae9fe000d481b81bbb5ef98718aaa550784ff67131a466d21993e95b41f14e9f,0.1755998134613037,-0.03052830696105957
case_00006,NK1R,P25103,242,2.2845516204833984,2.390129566192627,2.2283694744110107,0.30398696660995483,0.29970583319664,0.30398696660995483,0.29970583319664,0.3063979148864746,0.2996312081813812,0.18604964017868042,"[0.03327000513672829,0.03287072479724884,0.09129507839679718,0.8425642251968384]","[0.08604933321475983,0.06408599764108658,0.2108525186777115,0.6390121579170227]","[[0.05419008061289787,0.09322919696569443,0.1085059642791748,0.744074821472168],[0.1140923872590065,0.12130440771579742,0.2389494627714157,0.5256537199020386],[0.0527687668800354,0.2747006416320801,0.16986237466335297,0.5026682615280151],[0.11359798908233643,0.35113024711608887,0.2187972217798233,0.3164746165275574]]","[[0.04256594553589821,0.10470155626535416,0.13904495537281036,0.713687539100647],[0.09313353151082993,0.2100827991962433,0.11783290654420853,0.5789507627487183],[0.03170046582818031,0.34255772829055786,0.3043428659439087,0.32139891386032104],[0.3105330765247345,0.20494632422924042,0.1382349282503128,0.34628570079803467]]",ae9fe000d481b81bbb5ef98718aaa550784ff67131a466d21993e95b41f14e9f,0.10557794570922852,-0.1617600917816162
case_00007,NK1R,P25103,242,2.2845516204833984,2.6758017539978027,2.8055262565612793,0.30398696660995483,0.29970583319664,0.30398696660995483,0.29970583319664,0.3063691556453705,0.2995789051055908,0.29241567850112915,"[0.03327000513672829,0.03287072479724884,0.09129507839679718,0.8425642251968384]","[0.029413428157567978,0.07262934744358063,0.1616644710302353,0.736292839050293]","[[0.044782184064388275,0.13243162631988525,0.25279974937438965,0.5699864625930786],[0.05662054196000099,0.10353993624448776,0.4456671476364136,0.3941723704338074],[0.03704601153731346,0.17028552293777466,0.38748815655708313,0.4051803648471832],[0.07656790316104889,0.27106353640556335,0.49282020330429077,0.15954840183258057]]","[[0.015278478153049946,0.048535045236349106,0.046373117715120316,0.8898133635520935],[0.023255668580532074,0.03481578826904297,0.022392157465219498,0.9195364117622375],[0.152772918343544,0.09603577852249146,0.28697410225868225,0.46421724557876587],[0.07570404559373856,0.23322463035583496,0.42941007018089294,0.26166120171546936]]",ae9fe000d481b81bbb5ef98718aaa550784ff67131a466d21993e95b41f14e9f,0.3912501335144043,0.12972450256347656
case_00008,NK1R,P25103,242,2.2845516204833984,2.6758017539978027,2.8055262565612793,0.30398696660995483,0.29970583319664,0.30398696660995483,0.29970583319664,0.3063691556453705,0.2995789051055908,0.29241567850112915,"[0.03327000513672829,0.03287072479724884,0.09129507839679718,0.8425642251968384]","[0.029413428157567978,0.07262934744358063,0.1616644710302353,0.736292839050293]","[[0.044782184064388275,0.13243162631988525,0.25279974937438965,0.5699864625930786],[0.05662054196000099,0.10353993624448776,0.4456671476364136,0.3941723704338074],[0.03704601153731346,0.17028552293777466,0.38748815655708313,0.4051803648471832],[0.07656790316104889,0.27106353640556335,0.49282020330429077,0.15954840183258057]]","[[0.015278478153049946,0.048535045236349106,0.046373117715120316,0.8898133635520935],[0.023255668580532074,0.03481578826904297,0.022392157465219498,0.9195364117622375],[0.152772918343544,0.09603577852249146,0.28697410225868225,0.46421724557876587],[0.07570404559373856,0.23322463035583496,0.42941007018089294,0.26166120171546936]]",ae9fe000d481b81bbb5ef98718aaa550784ff67131a466d21993e95b41f14e9f,0.3912501335144043,0.12972450256347656
case_00009,sAC,Q96PN6,242,2.6392788887023926,2.497478723526001,2.4662587642669678,0.30398696660995483,0.29970583319664,0.30398696660995483,0.29970583319664,0.3063485026359558,0.2996039390563965,0.18961739540100098,"[0.07455646991729736,0.04667718708515167,0.15264961123466492,0.7261167764663696]","[0.05958158150315285,0.06889641284942627,0.1308324933052063,0.7406895160675049]","[[0.06552284955978394,0.17989695072174072,0.25706973671913147,0.4975104331970215],[0.07971242070198059,0.332724392414093,0.22992777824401855,0.3576354384422302],[0.046248845756053925,0.20143797993659973,0.422530859708786,0.32978230714797974],[0.14431318640708923,0.43121951818466187,0.1399318426847458,0.28453537821769714]]","[[0.012865794822573662,0.014804930426180363,0.1052464172244072,0.8670827746391296],[0.13380232453346252,0.049153588712215424,0.2547491788864136,0.5622949004173279],[0.10360952466726303,0.2097134292125702,0.242609441280365,0.4440676271915436],[0.18731491267681122,0.10384125262498856,0.21247155964374542,0.4963722825050354]]",ae9fe000d481b81bbb5ef98718aaa550784ff67131a466d21993e95b41f14e9f,-0.1418001651763916,-0.031219959259033203
case_00010,sAC,Q96PN6,242,2.6392788887023926,2.868971586227417,2.9485838413238525,0.30398696660995483,0.29970583319664,0.30398696660995483,0.29970583319664,0.30640125274658203,0.2996022403240204,0.3002498149871826,"[0.07455646991729736,0.04667718708515167,0.15264961123466492,0.7261167764663696]","[0.03498328849673271,0.06425730884075165,0.20563626289367676,0.6951231956481934]","[[0.07907897233963013,0.030230633914470673,0.1520969569683075,0.7385933995246887],[0.19999943673610687,0.11085881292819977,0.38659945130348206,0.3025422692298889],[0.0697411522269249,0.06287459284067154,0.2802153527736664,0.5871689319610596],[0.13422934710979462,0.10069134831428528,0.12871763110160828,0.6363617181777954]]","[[0.03403445705771446,0.06404555588960648,0.12871719896793365,0.7732028365135193],[0.03541744500398636,0.02577105164527893,0.08893872797489166,0.8498727679252625],[0.08642499148845673,0.09713748097419739,0.1567370444536209,0.6597005128860474],[0.08703631162643433,0.18557687103748322,0.2884948253631592,0.4388919174671173]]",ae9fe000d481b81bbb5ef98718aaa550784ff67131a466d21993e95b41f14e9f,0.22969269752502441,0.07961225509643555
case_00011,sAC,Q96PN6,242,2.6392788887023926,2.8327479362487793,2.8544633388519287,0.30398696660995483,0.29970583319664,0.30398696660995483,0.29970583319664,0.30644524097442627,0.2996079623699188,0.37132370471954346,"[0.07455646991729736,0.04667718708515167,0.15264961123466492,0.7261167764663696]","[0.027317224070429802,0.02200194075703621,0.14187228679656982,0.8088085651397705]","[[0.029372988268733025,0.016924291849136353,0.08689582347869873,0.8668069243431091],[0.17646059393882751,0.18223588168621063,0.23321007192134857,0.4080934524536133],[0.03743104264140129,0.053257450461387634,0.151076540350914,0.758234977722168],[0.09826479107141495,0.1549495905637741,0.08938390761613846,0.6574017405509949]]","[[0.01904415339231491,0.07046989351511002,0.08598331362009048,0.8245025873184204],[0.03916405141353607,0.04798809438943863,0.1059863492846489,0.8068614602088928],[0.04327566549181938,0.04871884733438492,0.1885932832956314,0.7194122076034546],[0.13264726102352142,0.12318987399339676,0.23256628215312958,0.5115966200828552]]",ae9fe000d481b81bbb5ef98718aaa550784ff67131a466d21993e95b41f14e9f,0.19346904754638672,0.021715402603149414
case_00012,sAC,Q96PN6,242,2.6392788887023926,2.795349359512329,2.9257636070251465,0.30398696660995483,0.29970583319664,0.30398696660995483,0.29970583319664,0.30643436312675476,0.29959166049957275,0.38610637187957764,"[0.07455646991729736,0.04667718708515167,0.15264961123466492,0.7261167764663696]","[0.02392532117664814,0.03300474211573601,0.19365033507347107,0.7494195699691772]","[[0.04482274875044823,0.031641844660043716,0.12570102512836456,0.7978343963623047],[0.16990655660629272,0.09857060015201569,0.4334487020969391,0.2980741560459137],[0.049223702400922775,0.061730433255434036,0.29910552501678467,0.5899403095245361],[0.11681674420833588,0.17476968467235565,0.1375495046377182,0.5708640217781067]]","[[0.003307682927697897,0.007873727940022945,0.019826196134090424,0.9689924120903015],[0.007402584422379732,0.007704921066761017,0.0138999680057168,0.9709926247596741],[0.1438998430967331,0.162606880068779,0.3915046155452728,0.30198872089385986],[0.05488283559679985,0.14249767363071442,0.2309052050113678,0.5717142820358276]]",ae9fe000d481b81bbb5ef98718aaa550784ff67131a466d21993e95b41f14e9f,0.15607047080993652,0.13041424751281738
case_00013,sAC,Q96PN6,242,2.6392788887023926,2.529538869857788,2.6178414821624756,0.30398696660995483,0.29970583319664,0.30398696660995483,0.29970583319664,0.30655428767204285,0.29961133003234863,0.2911977767944336,"[0.07455646991729736,0.04667718708515167,0.15264961123466492,0.7261167764663696]","[0.020538968965411186,0.02678384818136692,0.16237887740135193,0.7902982234954834]","[[0.09534655511379242,0.06487708538770676,0.2143525779247284,0.6254237294197083],[0.23290997743606567,0.16558244824409485,0.23740272223949432,0.3641048073768616],[0.06838622689247131,0.11292114108800888,0.1949359029531479,0.6237567067146301],[0.15059854090213776,0.1872415691614151,0.10913451015949249,0.5530253648757935]]","[[0.019961891695857048,0.040937840938568115,0.07066989690065384,0.8684304356575012],[0.03965199366211891,0.03170032426714897,0.09051449596881866,0.8381332159042358],[0.08018165826797485,0.13769249618053436,0.1629733443260193,0.6191525459289551],[0.03849487751722336,0.1112336665391922,0.3666893243789673,0.48358210921287537]]",ae9fe000d481b81bbb5ef98718aaa550784ff67131a466d21993e95b41f14e9f,-0.10974001884460449,0.0883026123046875
case_00014,sAC,Q96PN6,242,2.6392788887023926,2.5984015464782715,2.699702024459839,0.30398696660995483,0.29970583319664,0.30398696660995483,0.29970583319664,0.3064466416835785,0.2996414601802826,0.2747851014137268,"[0.07455646991729736,0.04667718708515167,0.15264961123466492,0.7261167764663696]","[0.05500897392630577,0.06522884964942932,0.21698354184627533,0.6627785563468933]","[[0.11490192264318466,0.10063711553812027,0.16660477221012115,0.6178562045097351],[0.16026051342487335,0.13682828843593597,0.28489798307418823,0.41801324486732483],[0.05260365828871727,0.14432385563850403,0.24951134622097015,0.5535611510276794],[0.08991691470146179,0.16403958201408386,0.11227605491876602,0.6337674260139465]]","[[0.014450310729444027,0.022952917963266373,0.04233347997069359,0.9202633500099182],[0.10324451327323914,0.06312162429094315,0.11209121346473694,0.7215425968170166],[0.08208908885717392,0.14109961688518524,0.28872841596603394,0.4880828559398651],[0.061907440423965454,0.11396259814500809,0.25056278705596924,0.5735671520233154]]",ae9fe000d481b81bbb5ef98718aaa550784ff67131a466d21993e95b41f14e9f,-0.040877342224121094,0.10130047798156738
case_00015,sAC,Q96PN6,242,2.6392788887023926,2.981948137283325,3.024336338043213,0.30398696660995483,0.29970583319664,0.30398696660995483,0.29970583319664,0.3063937723636627,0.2996073365211487,0.22271239757537842,"[0.07455646991729736,0.04667718708515167,0.15264961123466492,0.7261167764663696]","[0.02586791105568409,0.03552703559398651,0.2030060589313507,0.7355990409851074]","[[0.0778401643037796,0.038974013179540634,0.09965293854475021,0.7835328578948975],[0.13444377481937408,0.1134660392999649,0.41060468554496765,0.34148550033569336],[0.052726928144693375,0.10487669706344604,0.26039087772369385,0.582005500793457],[0.18994255363941193,0.22424742579460144,0.0970025584101677,0.48880746960639954]]","[[0.03494887799024582,0.11488130688667297,0.12495964020490646,0.7252101898193359],[0.14796248078346252,0.1015358567237854,0.1611001342535019,0.5894014835357666],[0.15060728788375854,0.12816044688224792,0.2357424795627594,0.48548978567123413],[0.05546803027391434,0.19282588362693787,0.19429291784763336,0.5574131608009338]]",ae9fe000d481b81bbb5ef98718aaa550784ff67131a466d21993e95b41f14e9f,0.3426692485809326,0.042388200759887695
case_00016,sAC,Q96PN6,242,2.6392788887023926,2.981948137283325,3.024336338043213,0.30398696660995483,0.29970583319664,0.30398696660995483,0.29970583319664,0.3063937723636627,0.2996073365211487,0.22271239757537842,"[0.07455646991729736,0.04667718708515167,0.15264961123466492,0.7261167764663696]","[0.02586791105568409,0.03552703559398651,0.2030060589313507,0.7355990409851074]","[[0.0778401643037796,0.038974013179540634,0.09965293854475021,0.7835328578948975],[0.13444377481937408,0.1134660392999649,0.41060468554496765,0.34148550033569336],[0.052726928144693375,0.10487669706344604,0.26039087772369385,0.582005500793457],[0.18994255363941193,0.22424742579460144,0.0970025584101677,0.48880746960639954]]","[[0.03494887799024582,0.11488130688667297,0.12495964020490646,0.7252101898193359],[0.14796248078346252,0.1015358567237854,0.1611001342535019,0.5894014835357666],[0.15060728788375854,0.12816044688224792,0.2357424795627594,0.48548978567123413],[0.05546803027391434,0.19282588362693787,0.19429291784763336,0.5574131608009338]]",ae9fe000d481b81bbb5ef98718aaa550784ff67131a466d21993e95b41f14e9f,0.3426692485809326,0.042388200759887695
case_00017,sAC,Q96PN6,242,2.6392788887023926,2.8120338916778564,2.8559939861297607,0.30398696660995483,0.29970583319664,0.30398696660995483,0.29970583319664,0.30636265873908997,0.2995980381965637,0.24174082279205322,"[0.07455646991729736,0.04667718708515167,0.15264961123466492,0.7261167764663696]","[0.03737454116344452,0.07507522404193878,0.19195257127285004,0.6955976486206055]","[[0.10692870616912842,0.03587178513407707,0.08859308063983917,0.7686064839363098],[0.19487327337265015,0.20524992048740387,0.26898762583732605,0.3308892250061035],[0.09990618377923965,0.11494681239128113,0.21742479503154755,0.5677222013473511],[0.19997751712799072,0.13895732164382935,0.08798529952764511,0.5730798244476318]]","[[0.038080595433712006,0.08565456420183182,0.15357698500156403,0.722687840461731],[0.048861343413591385,0.08892428129911423,0.10963204503059387,0.752582311630249],[0.0885784849524498,0.1591079831123352,0.09185722470283508,0.6604563593864441],[0.16163431107997894,0.1798064112663269,0.350666344165802,0.3078930079936981]]",ae9fe000d481b81bbb5ef98718aaa550784ff67131a466d21993e95b41f14e9f,0.17275500297546387,0.0439600944519043
case_00018,sAC,Q96PN6,242,2.6392788887023926,2.8120338916778564,2.8559939861297607,0.30398696660995483,0.29970583319664,0.30398696660995483,0.29970583319664,0.30636265873908997,0.2995980381965637,0.24174082279205322,"[0.07455646991729736,0.04667718708515167,0.15264961123466492,0.7261167764663696]","[0.03737454116344452,0.07507522404193878,0.19195257127285004,0.6955976486206055]","[[0.10692870616912842,0.03587178513407707,0.08859308063983917,0.7686064839363098],[0.19487327337265015,0.20524992048740387,0.26898762583732605,0.3308892250061035],[0.09990618377923965,0.11494681239128113,0.21742479503154755,0.5677222013473511],[0.19997751712799072,0.13895732164382935,0.08798529952764511,0.5730798244476318]]","[[0.038080595433712006,0.08565456420183182,0.15357698500156403,0.722687840461731],[0.048861343413591385,0.08892428129911423,0.10963204503059387,0.752582311630249],[0.0885784849524498,0.1591079831123352,0.09185722470283508,0.6604563593864441],[0.16163431107997894,0.1798064112663269,0.350666344165802,0.3078930079936981]]",ae9fe000d481b81bbb5ef98718aaa550784ff67131a466d21993e95b41f14e9f,0.17275500297546387,0.0439600944519043
case_00019,sAC,Q96PN6,242,2.6392788887023926,2.7174408435821533,2.751561164855957,0.30398696660995483,0.29970583319664,0.30398696660995483,0.29970583319664,0.306385338306427,0.29962000250816345,0.2010473608970642,"[0.07455646991729736,0.04667718708515167,0.15264961123466492,0.7261167764663696]","[0.030060067772865295,0.05222165212035179,0.17114706337451935,0.7465712428092957]","[[0.1467331051826477,0.04243847727775574,0.14128409326076508,0.6695442795753479],[0.1530342400074005,0.14223788678646088,0.25783610343933105,0.44689175486564636],[0.07273659855127335,0.0827396884560585,0.18435028195381165,0.6601734757423401],[0.14148999750614166,0.08228656649589539,0.08507391810417175,0.6911495327949524]]","[[0.038080595433712006,0.08565456420183182,0.15357698500156403,0.722687840461731],[0.2134670615196228,0.17421257495880127,0.22753961384296417,0.38478073477745056],[0.176730677485466,0.11564084142446518,0.15040241181850433,0.5572261214256287],[0.12141399830579758,0.31475815176963806,0.2885169982910156,0.2753109037876129]]",ae9fe000d481b81bbb5ef98718aaa550784ff67131a466d21993e95b41f14e9f,0.07816195487976074,0.03412032127380371
case_00020,sAC,Q96PN6,242,2.6392788887023926,2.7174408435821533,2.751561164855957,0.30398696660995483,0.29970583319664,0.30398696660995483,0.29970583319664,0.306385338306427,0.29962000250816345,0.2010473608970642,"[0.07455646991729736,0.04667718708515167,0.15264961123466492,0.7261167764663696]","[0.030060067772865295,0.05222165212035179,0.17114706337451935,0.7465712428092957]","[[0.1467331051826477,0.04243847727775574,0.14128409326076508,0.6695442795753479],[0.1530342400074005,0.14223788678646088,0.25783610343933105,0.44689175486564636],[0.07273659855127335,0.0827396884560585,0.18435028195381165,0.6601734757423401],[0.14148999750614166,0.08228656649589539,0.08507391810417175,0.6911495327949524]]","[[0.038080595433712006,0.08565456420183182,0.15357698500156403,0.722687840461731],[0.2134670615196228,0.17421257495880127,0.22753961384296417,0.38478073477745056],[0.176730677485466,0.11564084142446518,0.15040241181850433,0.5572261214256287],[0.12141399830579758,0.31475815176963806,0.2885169982910156,0.2753109037876129]]",ae9fe000d481b81bbb5ef98718aaa550784ff67131a466d21993e95b41f14e9f,0.07816195487976074,0.03412032127380371
case_00021,V2R,P30518,242,1.7788722515106201,1.8585108518600464,2.0616281032562256,0.30398696660995483,0.29970583319664,0.30398696660995483,0.29970583319664,0.30630001425743103,0.2995818257331848,0.29415565729141235,"[0.03415672853589058,0.03415995091199875,0.13422290980815887,0.7974603772163391]","[0.034484539180994034,0.02376876026391983,0.1253681182861328,0.816378653049469]","[[0.048029880970716476,0.14324727654457092,0.25763267278671265,0.5510901212692261],[0.040637459605932236,0.15265542268753052,0.3774056136608124,0.4293014705181122],[0.04820442199707031,0.2526341676712036,0.31873252987861633,0.38042885065078735],[0.08062088489532471,0.4232482612133026,0.23544606566429138,0.2606848180294037]]","[[0.013783631846308708,0.07906205207109451,0.16500996053218842,0.7421444058418274],[0.01804586872458458,0.018791044130921364,0.00811854749917984,0.9550445675849915],[0.044449467211961746,0.20270037651062012,0.5657667517662048,0.1870834231376648],[0.03694956749677658,0.11076880991458893,0.2197723239660263,0.6325092911720276]]",ae9fe000d481b81bbb5ef98718aaa550784ff67131a466d21993e95b41f14e9f,0.07963860034942627,0.2031172513961792
case_00022,V2R,P30518,242,1.7788722515106201,2.0063908100128174,2.2262141704559326,0.30398696660995483,0.29970583319664,0.30398696660995483,0.29970583319664,0.30623137950897217,0.29959237575531006,0.3333168029785156,"[0.03415672853589058,0.03415995091199875,0.13422290980815887,0.7974603772163391]","[0.03549502417445183,0.03176366537809372,0.1469261795282364,0.7858151793479919]","[[0.03909515216946602,0.1034136563539505,0.22122475504875183,0.6362664103507996],[0.03203941136598587,0.1310444474220276,0.31761670112609863,0.5192994475364685],[0.040587395429611206,0.20989452302455902,0.27377140522003174,0.47574666142463684],[0.0753936618566513,0.37766018509864807,0.2452441155910492,0.301702082157135]]","[[0.013783631846308708,0.07906205207109451,0.16500996053218842,0.7421444058418274],[0.02396189607679844,0.026975508779287338,0.010236203670501709,0.9388263821601868],[0.052912212908267975,0.1723128706216812,0.6661785244941711,0.10859634727239609],[0.02117411233484745,0.12173256278038025,0.14117202162742615,0.7159212231636047]]",ae9fe000d481b81bbb5ef98718aaa550784ff67131a466d21993e95b41f14e9f,0.22751855850219727,0.21982336044311523
case_00023,V2R,P30518,242,1.7788722515106201,1.9852782487869263,2.247497797012329,0.30398696660995483,0.29970583319664,0.30398696660995483,0.29970583319664,0.3062666058540344,0.29958024621009827,0.3289036154747009,"[0.03415672853589058,0.03415995091199875,0.13422290980815887,0.7974603772163391]","[0.03716766834259033,0.04051000997424126,0.15580332279205322,0.7665190100669861]","[[0.03702251613140106,0.09793119132518768,0.22051601111888885,0.6445303559303284],[0.02786240354180336,0.11396002769470215,0.36482980847358704,0.49334782361984253],[0.03719935193657875,0.19237348437309265,0.2915278971195221,0.4788992404937744],[0.07087506353855133,0.3550257086753845,0.26617079973220825,0.3079284131526947]]","[[0.013783631846308708,0.07906205207109451,0.16500996053218842,0.7421444058418274],[0.02396189607679844,0.026975508779287338,0.010236203670501709,0.9388263821601868],[0.0644003301858902,0.179152250289917,0.6645165085792542,0.09193089604377747],[0.028755618259310722,0.1684359461069107,0.13635894656181335,0.6664494872093201]]",ae9fe000d481b81bbb5ef98718aaa550784ff67131a466d21993e95b41f14e9f,0.20640599727630615,0.26221954822540283
case_00024,V2R,P30518,242,1.7788722515106201,2.0889556407928467,2.350548028945923,0.30398696660995483,0.29970583319664,0.30398696660995483,0.29970583319664,0.3062465190887451,0.29958638548851013,0.3323392868041992,"[0.03415672853589058,0.03415995091199875,0.13422290980815887,0.7974603772163391]","[0.034522801637649536,0.03602732717990875,0.1602538377046585,0.7691960334777832]","[[0.031788066029548645,0.08408509939908981,0.2074928730726242,0.676633894443512],[0.024908604100346565,0.10187871009111404,0.3495456278324127,0.52366703748703],[0.036460909992456436,0.18855467438697815,0.3228556215763092,0.4521287977695465],[0.06633131206035614,0.3322652578353882,0.286043643951416,0.31535977125167847]]","[[0.013783631846308708,0.07906205207109451,0.16500996053218842,0.7421444058418274],[0.02396189607679844,0.026975508779287338,0.010236203670501709,0.9388263821601868],[0.07597850263118744,0.18308228254318237,0.6517131924629211,0.08922598510980606],[0.026993243023753166,0.18442651629447937,0.14006087183952332,0.6485193371772766]]",ae9fe000d481b81bbb5ef98718aaa550784ff67131a466d21993e95b41f14e9f,0.31008338928222656,0.26159238815307617
case_00025,V2R,P30518,242,1.7788722515106201,1.8603636026382446,2.088968276977539,0.30398696660995483,0.29970583319664,0.30398696660995483,0.29970583319664,0.3062272071838379,0.299576073884964,0.38085728883743286,"[0.03415672853589058,0.03415995091199875,0.13422290980815887,0.7974603772163391]","[0.03292045742273331,0.02145853452384472,0.1169792041182518,0.8286418318748474]","[[0.028237080201506615,0.10698766261339188,0.08854259550571442,0.7762326598167419],[0.021931510418653488,0.14250266551971436,0.2037009596824646,0.6318649053573608],[0.026540221646428108,0.2777631878852844,0.18316401541233063,0.5125325918197632],[0.02849871665239334,0.5824559926986694,0.1515820175409317,0.23746322095394135]]","[[0.004989724140614271,0.016483813524246216,0.041298408061265945,0.9372281432151794],[0.03544327989220619,0.03746467083692551,0.01277389656752348,0.9143180847167969],[0.09937551617622375,0.2821490466594696,0.39279624819755554,0.2256791889667511],[0.028613850474357605,0.3331098258495331,0.1024402379989624,0.5358360409736633]]",ae9fe000d481b81bbb5ef98718aaa550784ff67131a466d21993e95b41f14e9f,0.08149135112762451,0.22860467433929443
case_00026,V2R,P30518,242,1.7788722515106201,2.005005121231079,2.2703092098236084,0.30398696660995483,0.29970583319664,0.30398696660995483,0.29970583319664,0.3062589764595032,0.2995937764644623,0.3524576425552368,"[0.03415672853589058,0.03415995091199875,0.13422290980815887,0.7974603772163391]","[0.0482788048684597,0.03308446705341339,0.14235153794288635,0.7762851715087891]","[[0.03347710520029068,0.16677729785442352,0.17960941791534424,0.6201362013816833],[0.027259327471256256,0.18939900398254395,0.24665676057338715,0.5366849303245544],[0.03265342116355896,0.2592659592628479,0.23303937911987305,0.4750412404537201],[0.04415694996714592,0.6183387041091919,0.14834633469581604,0.18915805220603943]]","[[0.00884451624006033,0.034746043384075165,0.0927228257060051,0.8636866211891174],[0.01567939482629299,0.02154490537941456,0.00575394369661808,0.9570217728614807],[0.06791003793478012,0.1663631945848465,0.638967752456665,0.12675903737545013],[0.03853905573487282,0.3154558539390564,0.15677295625209808,0.48923206329345703]]",ae9fe000d481b81bbb5ef98718aaa550784ff67131a466d21993e95b41f14e9f,0.22613286972045898,0.2653040885925293
case_00027,V2R,P30518,242,1.7788722515106201,1.8173950910568237,2.040877103805542,0.30398696660995483,0.29970583319664,0.30398696660995483,0.29970583319664,0.3062348961830139,0.2995794713497162,0.2859797477722168,"[0.03415672853589058,0.03415995091199875,0.13422290980815887,0.7974603772163391]","[0.03673947602510452,0.02403048612177372,0.12385722249746323,0.8153728246688843]","[[0.036971572786569595,0.12201198190450668,0.12237948179244995,0.7186369299888611],[0.044913601130247116,0.12992314994335175,0.3296443521976471,0.49551892280578613],[0.05142705515027046,0.33927977085113525,0.1898432970046997,0.41944989562034607],[0.08118856698274612,0.4076439440250397,0.13837170600891113,0.37279585003852844]]","[[0.013783631846308708,0.07906205207109451,0.16500996053218842,0.7421444058418274],[0.0704217478632927,0.0835774838924408,0.030916251242160797,0.8150844573974609],[0.05348546802997589,0.1549881100654602,0.6480781435966492,0.1434483528137207],[0.03611046075820923,0.1384442299604416,0.2583838403224945,0.5670614242553711]]",ae9fe000d481b81bbb5ef98718aaa550784ff67131a466d21993e95b41f14e9f,0.03852283954620361,0.22348201274871826
case_00028,V2R,P30518,242,1.7788722515106201,1.8311201333999634,2.033587694168091,0.30398696660995483,0.29970583319664,0.30398696660995483,0.29970583319664,0.3062581419944763,0.29959747195243835,0.3719838261604309,"[0.03415672853589058,0.03415995091199875,0.13422290980815887,0.7974603772163391]","[0.03287054970860481,0.02229992300271988,0.1068384125828743,0.8379911184310913]","[[0.037906330078840256,0.1840963065624237,0.1394808441400528,0.6385165452957153],[0.03210555389523506,0.284727543592453,0.21211089193820953,0.4710560739040375],[0.03697826713323593,0.38297608494758606,0.20290744304656982,0.3771381676197052],[0.04548809677362442,0.6187011003494263,0.12257284671068192,0.213237926363945]]","[[0.00884451624006033,0.034746043384075165,0.0927228257060051,0.8636866211891174],[0.01970345713198185,0.030163802206516266,0.010051065124571323,0.9400816559791565],[0.05220837891101837,0.14016185700893402,0.672162652015686,0.13546712696552277],[0.01745593175292015,0.12671583890914917,0.14238370954990387,0.7134445309638977]]",ae9fe000d481b81bbb5ef98718aaa550784ff67131a466d21993e95b41f14e9f,0.05224788188934326,0.20246756076812744
case_00029,V2R,P30518,242,1.7788722515106201,2.070510149002075,2.29420804977417,0.30398696660995483,0.29970583319664,0.30398696660995483,0.29970583319664,0.30629730224609375,0.29961147904396057,0.33495986461639404,"[0.03415672853589058,0.03415995091199875,0.13422290980815887,0.7974603772163391]","[0.039205919951200485,0.02254423499107361,0.12425443530082703,0.8139954209327698]","[[0.02354133129119873,0.1570267528295517,0.1221102923154831,0.6973215341567993],[0.023987147957086563,0.1107809767127037,0.19027277827262878,0.6749590635299683],[0.03108474239706993,0.2716960906982422,0.19178879261016846,0.5054304003715515],[0.043118916451931,0.5380643010139465,0.1274341642856598,0.2913826107978821]]","[[0.010705205611884594,0.055849965661764145,0.13185301423072815,0.8015918135643005],[0.021142503246665,0.025135710835456848,0.009794498793780804,0.9439272880554199],[0.07285486906766891,0.17829066514968872,0.476654976606369,0.2721995413303375],[0.05810302123427391,0.297286719083786,0.22513113915920258,0.4194791316986084]]",ae9fe000d481b81bbb5ef98718aaa550784ff67131a466d21993e95b41f14e9f,0.2916378974914551,0.22369790077209473
case_00030,Dipeptidyl peptidase 4,P27487|Q53TN1,242,1.890356183052063,1.9558151960372925,2.0979082584381104,0.30398696660995483,0.29970583319664,0.30398696660995483,0.29970583319664,0.30639582872390747,0.29962095618247986,0.20970845222473145,"[0.050117574632167816,0.04265628382563591,0.19981710612773895,0.7074090838432312]","[0.02090778946876526,0.041170015931129456,0.0942031666636467,0.843718945980072]","[[0.12491051852703094,0.059808067977428436,0.10478302091360092,0.7104983925819397],[0.24138253927230835,0.06344002485275269,0.18288855254650116,0.5122888684272766],[0.1986275613307953,0.27583441138267517,0.22397775948047638,0.30156025290489197],[0.3152447044849396,0.10201681405305862,0.13909710943698883,0.4436413645744324]]","[[0.029949581250548363,0.08670014888048172,0.23350408673286438,0.6498461961746216],[0.04015097767114639,0.046476811170578,0.04470249265432358,0.8686697483062744],[0.13870537281036377,0.33430391550064087,0.19305546581745148,0.33393532037734985],[0.19249913096427917,0.447077214717865,0.21689851582050323,0.1435251235961914]]",ae9fe000d481b81bbb5ef98718aaa550784ff67131a466d21993e95b41f14e9f,0.06545901298522949,0.14209306240081787
case_00031,Dipeptidyl peptidase 4,P27487|Q53TN1,242,1.890356183052063,2.384779691696167,2.419593572616577,0.30398696660995483,0.29970583319664,0.30398696660995483,0.29970583319664,0.30636799335479736,0.299630731344223,0.20232349634170532,"[0.050117574632167816,0.04265628382563591,0.19981710612773895,0.7074090838432312]","[0.09560325741767883,0.14348439872264862,0.2120307832956314,0.5488815307617188]","[[0.2977970838546753,0.10350492596626282,0.16300128400325775,0.43569669127464294],[0.19235461950302124,0.18154314160346985,0.13396091759204865,0.49214133620262146],[0.1666516661643982,0.1810474395751953,0.24218007922172546,0.41012075543403625],[0.19729556143283844,0.14557072520256042,0.3949631452560425,0.26217055320739746]]","[[0.025695089250802994,0.05445446819067001,0.04634372889995575,0.8735067844390869],[0.1757037490606308,0.21518433094024658,0.09709249436855316,0.5120194554328918],[0.17381536960601807,0.085059754550457,0.3487092852592468,0.3924155831336975],[0.057136304676532745,0.11350805312395096,0.0469512902200222,0.782404363155365]]",ae9fe000d481b81bbb5ef98718aaa550784ff67131a466d21993e95b41f14e9f,0.494423508644104,0.034813880920410156
case_00032,Dipeptidyl peptidase 4,P27487|Q53TN1,242,1.890356183052063,2.3439738750457764,2.409724473953247,0.30398696660995483,0.29970583319664,0.30398696660995483,0.29970583319664,0.3064243197441101,0.2996273934841156,0.1870841383934021,"[0.050117574632167816,0.04265628382563591,0.19981710612773895,0.7074090838432312]","[0.10027957707643509,0.13737325370311737,0.23049217462539673,0.531855046749115]","[[0.2895178496837616,0.10062732547521591,0.1759122908115387,0.4339425265789032],[0.20967301726341248,0.19788815081119537,0.1756504476070404,0.4167884588241577],[0.15872378647327423,0.1724347174167633,0.18779493868350983,0.481046587228775],[0.16366340219974518,0.12075589597225189,0.41025039553642273,0.30533021688461304]]","[[0.025695089250802994,0.05445446819067001,0.04634372889995575,0.8735067844390869],[0.1757037490606308,0.21518433094024658,0.09709249436855316,0.5120194554328918],[0.296813428401947,0.13435256481170654,0.4378055930137634,0.131028413772583],[0.058894600719213486,0.15223650634288788,0.09082619100809097,0.6980426907539368]]",ae9fe000d481b81bbb5ef98718aaa550784ff67131a466d21993e95b41f14e9f,0.4536176919937134,0.0657505989074707
case_00033,Dipeptidyl peptidase 4,P27487|Q53TN1,242,1.890356183052063,2.573718786239624,2.6147449016571045,0.30398696660995483,0.29970583319664,0.30398696660995483,0.29970583319664,0.30641841888427734,0.2995947003364563,0.25041913986206055,"[0.050117574632167816,0.04265628382563591,0.19981710612773895,0.7074090838432312]","[0.09043273329734802,0.11321865022182465,0.19496947526931763,0.6013790965080261]","[[0.16040876507759094,0.049123410135507584,0.2943119704723358,0.49615582823753357],[0.1081441193819046,0.13998942077159882,0.23602013289928436,0.515846312046051],[0.1312224566936493,0.13501952588558197,0.4509887993335724,0.28276920318603516],[0.0794077217578888,0.09904295951128006,0.5317391753196716,0.28981006145477295]]","[[0.0034394310787320137,0.01523866131901741,0.03417078033089638,0.9471511244773865],[0.15799029171466827,0.14989297091960907,0.04538942500948906,0.6467272639274597],[0.214738130569458,0.222315713763237,0.29101502895355225,0.27193114161491394],[0.09140858799219131,0.13908234238624573,0.08470696955919266,0.6848021149635315]]",ae9fe000d481b81bbb5ef98718aaa550784ff67131a466d21993e95b41f14e9f,0.683362603187561,0.04102611541748047
case_00034,Dipeptidyl peptidase 4,P27487|Q53TN1,242,1.890356183052063,1.917509913444519,2.0330493450164795,0.30398696660995483,0.29970583319664,0.30398696660995483,0.29970583319664,0.30622005462646484,0.2995876669883728,0.30883121490478516,"[0.050117574632167816,0.04265628382563591,0.19981710612773895,0.7074090838432312]","[0.02375858463346958,0.041885681450366974,0.09837569296360016,0.8359799981117249]","[[0.14648319780826569,0.15756221115589142,0.11414813250303268,0.581806480884552],[0.12508320808410645,0.11589694768190384,0.48725011944770813,0.27176976203918457],[0.0944083109498024,0.33843278884887695,0.3631881773471832,0.2039707452058792],[0.1743619292974472,0.1606317162513733,0.2986947298049927,0.3663116991519928]]","[[0.0077339415438473225,0.02009667083621025,0.07774246484041214,0.8944268822669983],[0.044545453041791916,0.022045694291591644,0.07038257271051407,0.8630263209342957],[0.11105192452669144,0.12854258716106415,0.4819174110889435,0.2784881293773651],[0.0173505749553442,0.018259769305586815,0.11984984576702118,0.8445398211479187]]",ae9fe000d481b81bbb5ef98718aaa550784ff67131a466d21993e95b41f14e9f,0.027153730392456055,0.11553943157196045
case_00035,Dipeptidyl peptidase 4,P27487|Q53TN1,242,1.890356183052063,2.107729434967041,2.2238709926605225,0.30398696660995483,0.29970583319664,0.30398696660995483,0.29970583319664,0.3063163757324219,0.2996298670768738,0.3206629753112793,"[0.050117574632167816,0.04265628382563591,0.19981710612773895,0.7074090838432312]","[0.06636006385087967,0.05132588744163513,0.12941327691078186,0.7529008388519287]","[[0.043860502541065216,0.06656002998352051,0.4029765725135803,0.48660290241241455],[0.08649148046970367,0.23360975086688995,0.27271220088005066,0.4071865379810333],[0.047539107501506805,0.13538886606693268,0.3132012188434601,0.5038707852363586],[0.026091935113072395,0.15706925094127655,0.36863067746162415,0.44820815324783325]]","[[0.0025482848286628723,0.0062369778752326965,0.013591675087809563,0.9776230454444885],[0.032225850969552994,0.1309037208557129,0.07029317319393158,0.7665773034095764],[0.14541177451610565,0.06113806366920471,0.1253986954689026,0.6680514812469482],[0.16193899512290955,0.10713951289653778,0.1360606551170349,0.594860851764679]]",ae9fe000d481b81bbb5ef98718aaa550784ff67131a466d21993e95b41f14e9f,0.21737325191497803,0.11614155769348145
case_00036,Dipeptidyl peptidase 4,P27487|Q53TN1,242,1.890356183052063,2.1190311908721924,2.3312551975250244,0.30398696660995483,0.29970583319664,0.30398696660995483,0.29970583319664,0.3063516318798065,0.2996005117893219,0.3088530898094177,"[0.050117574632167816,0.04265628382563591,0.19981710612773895,0.7074090838432312]","[0.018302373588085175,0.04409274831414223,0.16666464507579803,0.7709401845932007]","[[0.060240238904953,0.13846522569656372,0.12613071501255035,0.675163745880127],[0.0975399762392044,0.0690111443400383,0.18436531722545624,0.6490835547447205],[0.07656889408826828,0.20325610041618347,0.46103888750076294,0.2591361701488495],[0.09305460005998611,0.07504346966743469,0.23523926734924316,0.5966626405715942]]","[[0.10900579392910004,0.18282237648963928,0.22417673468589783,0.48399510979652405],[0.01727575808763504,0.013658002950251102,0.024083798751235008,0.9449824094772339],[0.06585989147424698,0.025893868878483772,0.04589158296585083,0.8623546957969666],[0.2326716184616089,0.37340137362480164,0.19241711497306824,0.20150987803936005]]",ae9fe000d481b81bbb5ef98718aaa550784ff67131a466d21993e95b41f14e9f,0.2286750078201294,0.21222400665283203
case_00037,Dipeptidyl peptidase 4,P27487|Q53TN1,242,1.890356183052063,2.012629985809326,2.197323799133301,0.30398696660995483,0.29970583319664,0.30398696660995483,0.29970583319664,0.3063759505748749,0.2995932996273041,0.28338372707366943,"[0.050117574632167816,0.04265628382563591,0.19981710612773895,0.7074090838432312]","[0.01860075443983078,0.03253484144806862,0.17945915460586548,0.7694053053855896]","[[0.09639891237020493,0.19181561470031738,0.18631239235401154,0.5254730582237244],[0.1498980075120926,0.1136784628033638,0.2612149119377136,0.475208580493927],[0.0954212099313736,0.2390221804380417,0.41705602407455444,0.24850068986415863],[0.13421033322811127,0.1343647688627243,0.13983456790447235,0.5915902853012085]]","[[0.04354463145136833,0.12693935632705688,0.10386855155229568,0.7256473898887634],[0.021488895639777184,0.011690626852214336,0.03059396706521511,0.936226487159729],[0.0872933566570282,0.026482094079256058,0.06733834743499756,0.8188861012458801],[0.1873982697725296,0.19084526598453522,0.17270445823669434,0.44905203580856323]]",ae9fe000d481b81bbb5ef98718aaa550784ff67131a466d21993e95b41f14e9f,0.12227380275726318,0.1846938133239746
case_00038,Dipeptidyl peptidase 4,P27487|Q53TN1,242,1.890356183052063,1.8772023916244507,1.9875115156173706,0.30398696660995483,0.29970583319664,0.30398696660995483,0.29970583319664,0.3063337504863739,0.29960203170776367,0.358256995677948,"[0.050117574632167816,0.04265628382563591,0.19981710612773895,0.7074090838432312]","[0.009593717753887177,0.018559742718935013,0.09450697898864746,0.8773396015167236]","[[0.11948169767856598,0.16127310693264008,0.03973458707332611,0.6795106530189514],[0.17729713022708893,0.1816510111093521,0.09289086610078812,0.548160970211029],[0.12170682847499847,0.23824471235275269,0.12765569984912872,0.5123927593231201],[0.15841799974441528,0.23670229315757751,0.03678884357213974,0.5680909156799316]]","[[0.011028329841792583,0.029173506423830986,0.0637432187795639,0.8960549235343933],[0.04607784375548363,0.04207365959882736,0.020652102306485176,0.8911963701248169],[0.06636891514062881,0.04761490225791931,0.05223841592669487,0.8337777853012085],[0.26324641704559326,0.1420251876115799,0.1064351350069046,0.48829329013824463]]",ae9fe000d481b81bbb5ef98718aaa550784ff67131a466d21993e95b41f14e9f,-0.013153791427612305,0.11030912399291992
case_00039,Dipeptidyl peptidase 4,P27487|Q53TN1,242,1.890356183052063,2.573718786239624,2.6147449016571045,0.30398696660995483,0.29970583319664,0.30398696660995483,0.29970583319664,0.30641841888427734,0.2995947003364563,0.25041913986206055,"[0.050117574632167816,0.04265628382563591,0.19981710612773895,0.7074090838432312]","[0.09043273329734802,0.11321865022182465,0.19496947526931763,0.6013790965080261]","[[0.16040876507759094,0.049123410135507584,0.2943119704723358,0.49615582823753357],[0.1081441193819046,0.13998942077159882,0.23602013289928436,0.515846312046051],[0.1312224566936493,0.13501952588558197,0.4509887993335724,0.28276920318603516],[0.0794077217578888,0.09904295951128006,0.5317391753196716,0.28981006145477295]]","[[0.0034394310787320137,0.01523866131901741,0.03417078033089638,0.9471511244773865],[0.15799029171466827,0.14989297091960907,0.04538942500948906,0.6467272639274597],[0.214738130569458,0.222315713763237,0.29101502895355225,0.27193114161491394],[0.09140858799219131,0.13908234238624573,0.08470696955919266,0.6848021149635315]]",ae9fe000d481b81bbb5ef98718aaa550784ff67131a466d21993e95b41f14e9f,0.683362603187561,0.04102611541748047
case_00040,Dipeptidyl peptidase 4,P27487|Q53TN1,242,1.890356183052063,2.384779691696167,2.419593572616577,0.30398696660995483,0.29970583319664,0.30398696660995483,0.29970583319664,0.30636799335479736,0.299630731344223,0.20232349634170532,"[0.050117574632167816,0.04265628382563591,0.19981710612773895,0.7074090838432312]","[0.09560325741767883,0.14348439872264862,0.2120307832956314,0.5488815307617188]","[[0.2977970838546753,0.10350492596626282,0.16300128400325775,0.43569669127464294],[0.19235461950302124,0.18154314160346985,0.13396091759204865,0.49214133620262146],[0.1666516661643982,0.1810474395751953,0.24218007922172546,0.41012075543403625],[0.19729556143283844,0.14557072520256042,0.3949631452560425,0.26217055320739746]]","[[0.025695089250802994,0.05445446819067001,0.04634372889995575,0.8735067844390869],[0.1757037490606308,0.21518433094024658,0.09709249436855316,0.5120194554328918],[0.17381536960601807,0.085059754550457,0.3487092852592468,0.3924155831336975],[0.057136304676532745,0.11350805312395096,0.0469512902200222,0.782404363155365]]",ae9fe000d481b81bbb5ef98718aaa550784ff67131a466d21993e95b41f14e9f,0.494423508644104,0.034813880920410156
case_00041,Dipeptidyl peptidase 4,P27487|Q53TN1,242,1.890356183052063,2.573718786239624,2.6147449016571045,0.30398696660995483,0.29970583319664,0.30398696660995483,0.29970583319664,0.30641841888427734,0.2995947003364563,0.25041913986206055,"[0.050117574632167816,0.04265628382563591,0.19981710612773895,0.7074090838432312]","[0.09043273329734802,0.11321865022182465,0.19496947526931763,0.6013790965080261]","[[0.16040876507759094,0.049123410135507584,0.2943119704723358,0.49615582823753357],[0.1081441193819046,0.13998942077159882,0.23602013289928436,0.515846312046051],[0.1312224566936493,0.13501952588558197,0.4509887993335724,0.28276920318603516],[0.0794077217578888,0.09904295951128006,0.5317391753196716,0.28981006145477295]]","[[0.0034394310787320137,0.01523866131901741,0.03417078033089638,0.9471511244773865],[0.15799029171466827,0.14989297091960907,0.04538942500948906,0.6467272639274597],[0.214738130569458,0.222315713763237,0.29101502895355225,0.27193114161491394],[0.09140858799219131,0.13908234238624573,0.08470696955919266,0.6848021149635315]]",ae9fe000d481b81bbb5ef98718aaa550784ff67131a466d21993e95b41f14e9f,0.683362603187561,0.04102611541748047
case_00042,Dipeptidyl peptidase 4,P27487|Q53TN1,242,1.890356183052063,2.573718786239624,2.6147449016571045,0.30398696660995483,0.29970583319664,0.30398696660995483,0.29970583319664,0.30641841888427734,0.2995947003364563,0.25041913986206055,"[0.050117574632167816,0.04265628382563591,0.19981710612773895,0.7074090838432312]","[0.09043273329734802,0.11321865022182465,0.19496947526931763,0.6013790965080261]","[[0.16040876507759094,0.049123410135507584,0.2943119704723358,0.49615582823753357],[0.1081441193819046,0.13998942077159882,0.23602013289928436,0.515846312046051],[0.1312224566936493,0.13501952588558197,0.4509887993335724,0.28276920318603516],[0.0794077217578888,0.09904295951128006,0.5317391753196716,0.28981006145477295]]","[[0.0034394310787320137,0.01523866131901741,0.03417078033089638,0.9471511244773865],[0.15799029171466827,0.14989297091960907,0.04538942500948906,0.6467272639274597],[0.214738130569458,0.222315713763237,0.29101502895355225,0.27193114161491394],[0.09140858799219131,0.13908234238624573,0.08470696955919266,0.6848021149635315]]",ae9fe000d481b81bbb5ef98718aaa550784ff67131a466d21993e95b41f14e9f,0.683362603187561,0.04102611541748047
case_00043,Dipeptidyl peptidase 4,P27487|Q53TN1,242,1.890356183052063,2.384779691696167,2.419593572616577,0.30398696660995483,0.29970583319664,0.30398696660995483,0.29970583319664,0.30636799335479736,0.299630731344223,0.20232349634170532,"[0.050117574632167816,0.04265628382563591,0.19981710612773895,0.7074090838432312]","[0.09560325741767883,0.14348439872264862,0.2120307832956314,0.5488815307617188]","[[0.2977970838546753,0.10350492596626282,0.16300128400325775,0.43569669127464294],[0.19235461950302124,0.18154314160346985,0.13396091759204865,0.49214133620262146],[0.1666516661643982,0.1810474395751953,0.24218007922172546,0.41012075543403625],[0.19729556143283844,0.14557072520256042,0.3949631452560425,0.26217055320739746]]","[[0.025695089250802994,0.05445446819067001,0.04634372889995575,0.8735067844390869],[0.1757037490606308,0.21518433094024658,0.09709249436855316,0.5120194554328918],[0.17381536960601807,0.085059754550457,0.3487092852592468,0.3924155831336975],[0.057136304676532745,0.11350805312395096,0.0469512902200222,0.782404363155365]]",ae9fe000d481b81bbb5ef98718aaa550784ff67131a466d21993e95b41f14e9f,0.494423508644104,0.034813880920410156
case_00044,Dipeptidyl peptidase 4,P27487|Q53TN1,242,1.890356183052063,2.384779691696167,2.419593572616577,0.30398696660995483,0.29970583319664,0.30398696660995483,0.29970583319664,0.30636799335479736,0.299630731344223,0.20232349634170532,"[0.050117574632167816,0.04265628382563591,0.19981710612773895,0.7074090838432312]","[0.09560325741767883,0.14348439872264862,0.2120307832956314,0.5488815307617188]","[[0.2977970838546753,0.10350492596626282,0.16300128400325775,0.43569669127464294],[0.19235461950302124,0.18154314160346985,0.13396091759204865,0.49214133620262146],[0.1666516661643982,0.1810474395751953,0.24218007922172546,0.41012075543403625],[0.19729556143283844,0.14557072520256042,0.3949631452560425,0.26217055320739746]]","[[0.025695089250802994,0.05445446819067001,0.04634372889995575,0.8735067844390869],[0.1757037490606308,0.21518433094024658,0.09709249436855316,0.5120194554328918],[0.17381536960601807,0.085059754550457,0.3487092852592468,0.3924155831336975],[0.057136304676532745,0.11350805312395096,0.0469512902200222,0.782404363155365]]",ae9fe000d481b81bbb5ef98718aaa550784ff67131a466d21993e95b41f14e9f,0.494423508644104,0.034813880920410156
case_00045,Dipeptidyl peptidase 4,P27487|Q53TN1,242,1.890356183052063,2.573718786239624,2.6147449016571045,0.30398696660995483,0.29970583319664,0.30398696660995483,0.29970583319664,0.30641841888427734,0.2995947003364563,0.25041913986206055,"[0.050117574632167816,0.04265628382563591,0.19981710612773895,0.7074090838432312]","[0.09043273329734802,0.11321865022182465,0.19496947526931763,0.6013790965080261]","[[0.16040876507759094,0.049123410135507584,0.2943119704723358,0.49615582823753357],[0.1081441193819046,0.13998942077159882,0.23602013289928436,0.515846312046051],[0.1312224566936493,0.13501952588558197,0.4509887993335724,0.28276920318603516],[0.0794077217578888,0.09904295951128006,0.5317391753196716,0.28981006145477295]]","[[0.0034394310787320137,0.01523866131901741,0.03417078033089638,0.9471511244773865],[0.15799029171466827,0.14989297091960907,0.04538942500948906,0.6467272639274597],[0.214738130569458,0.222315713763237,0.29101502895355225,0.27193114161491394],[0.09140858799219131,0.13908234238624573,0.08470696955919266,0.6848021149635315]]",ae9fe000d481b81bbb5ef98718aaa550784ff67131a466d21993e95b41f14e9f,0.683362603187561,0.04102611541748047
case_00046,Dipeptidyl peptidase 4,P27487|Q53TN1,242,1.890356183052063,2.384779691696167,2.419593572616577,0.30398696660995483,0.29970583319664,0.30398696660995483,0.29970583319664,0.30636799335479736,0.299630731344223,0.20232349634170532,"[0.050117574632167816,0.04265628382563591,0.19981710612773895,0.7074090838432312]","[0.09560325741767883,0.14348439872264862,0.2120307832956314,0.5488815307617188]","[[0.2977970838546753,0.10350492596626282,0.16300128400325775,0.43569669127464294],[0.19235461950302124,0.18154314160346985,0.13396091759204865,0.49214133620262146],[0.1666516661643982,0.1810474395751953,0.24218007922172546,0.41012075543403625],[0.19729556143283844,0.14557072520256042,0.3949631452560425,0.26217055320739746]]","[[0.025695089250802994,0.05445446819067001,0.04634372889995575,0.8735067844390869],[0.1757037490606308,0.21518433094024658,0.09709249436855316,0.5120194554328918],[0.17381536960601807,0.085059754550457,0.3487092852592468,0.3924155831336975],[0.057136304676532745,0.11350805312395096,0.0469512902200222,0.782404363155365]]",ae9fe000d481b81bbb5ef98718aaa550784ff67131a466d21993e95b41f14e9f,0.494423508644104,0.034813880920410156
case_00047,Dipeptidyl peptidase 4,P27487|Q53TN1,242,1.890356183052063,2.573718786239624,2.6147449016571045,0.30398696660995483,0.29970583319664,0.30398696660995483,0.29970583319664,0.30641841888427734,0.2995947003364563,0.25041913986206055,"[0.050117574632167816,0.04265628382563591,0.19981710612773895,0.7074090838432312]","[0.09043273329734802,0.11321865022182465,0.19496947526931763,0.6013790965080261]","[[0.16040876507759094,0.049123410135507584,0.2943119704723358,0.49615582823753357],[0.1081441193819046,0.13998942077159882,0.23602013289928436,0.515846312046051],[0.1312224566936493,0.13501952588558197,0.4509887993335724,0.28276920318603516],[0.0794077217578888,0.09904295951128006,0.5317391753196716,0.28981006145477295]]","[[0.0034394310787320137,0.01523866131901741,0.03417078033089638,0.9471511244773865],[0.15799029171466827,0.14989297091960907,0.04538942500948906,0.6467272639274597],[0.214738130569458,0.222315713763237,0.29101502895355225,0.27193114161491394],[0.09140858799219131,0.13908234238624573,0.08470696955919266,0.6848021149635315]]",ae9fe000d481b81bbb5ef98718aaa550784ff67131a466d21993e95b41f14e9f,0.683362603187561,0.04102611541748047
case_00048,Dipeptidyl peptidase 4,P27487|Q53TN1,242,1.890356183052063,2.107729434967041,2.2238709926605225,0.30398696660995483,0.29970583319664,0.30398696660995483,0.29970583319664,0.3063163757324219,0.2996298670768738,0.3206629753112793,"[0.050117574632167816,0.04265628382563591,0.19981710612773895,0.7074090838432312]","[0.06636006385087967,0.05132588744163513,0.12941327691078186,0.7529008388519287]","[[0.043860502541065216,0.06656002998352051,0.4029765725135803,0.48660290241241455],[0.08649148046970367,0.23360975086688995,0.27271220088005066,0.4071865379810333],[0.047539107501506805,0.13538886606693268,0.3132012188434601,0.5038707852363586],[0.026091935113072395,0.15706925094127655,0.36863067746162415,0.44820815324783325]]","[[0.0025482848286628723,0.0062369778752326965,0.013591675087809563,0.9776230454444885],[0.032225850969552994,0.1309037208557129,0.07029317319393158,0.7665773034095764],[0.14541177451610565,0.06113806366920471,0.1253986954689026,0.6680514812469482],[0.16193899512290955,0.10713951289653778,0.1360606551170349,0.594860851764679]]",ae9fe000d481b81bbb5ef98718aaa550784ff67131a466d21993e95b41f14e9f,0.21737325191497803,0.11614155769348145
case_00049,Dipeptidyl peptidase 4,P27487|Q53TN1,242,1.890356183052063,2.008547067642212,2.1574318408966064,0.30398696660995483,0.29970583319664,0.30398696660995483,0.29970583319664,0.306215763092041,0.2996104955673218,0.3110045790672302,"[0.050117574632167816,0.04265628382563591,0.19981710612773895,0.7074090838432312]","[0.051980454474687576,0.03469299525022507,0.0859602689743042,0.827366292476654]","[[0.05081672966480255,0.18091954290866852,0.3905237913131714,0.37773993611335754],[0.03319845721125603,0.09617159515619278,0.6683549880981445,0.20227500796318054],[0.02996867336332798,0.2509075403213501,0.48032647371292114,0.23879721760749817],[0.016657192260026932,0.3211590349674225,0.5118693709373474,0.15031442046165466]]","[[0.0020060681272298098,0.006479989271610975,0.015396646223962307,0.9761173725128174],[0.2205681949853897,0.2362210750579834,0.09112486243247986,0.4520859122276306],[0.08807060867547989,0.4050065875053406,0.35957542061805725,0.14734740555286407],[0.06608333438634872,0.03369719535112381,0.09573762863874435,0.8044819235801697]]",ae9fe000d481b81bbb5ef98718aaa550784ff67131a466d21993e95b41f14e9f,0.11819088459014893,0.14888477325439453
case_00050,Dipeptidyl peptidase 4,P27487|Q53TN1,242,1.890356183052063,2.573718786239624,2.6147449016571045,0.30398696660995483,0.29970583319664,0.30398696660995483,0.29970583319664,0.30641841888427734,0.2995947003364563,0.25041913986206055,"[0.050117574632167816,0.04265628382563591,0.19981710612773895,0.7074090838432312]","[0.09043273329734802,0.11321865022182465,0.19496947526931763,0.6013790965080261]","[[0.16040876507759094,0.049123410135507584,0.2943119704723358,0.49615582823753357],[0.1081441193819046,0.13998942077159882,0.23602013289928436,0.515846312046051],[0.1312224566936493,0.13501952588558197,0.4509887993335724,0.28276920318603516],[0.0794077217578888,0.09904295951128006,0.5317391753196716,0.28981006145477295]]","[[0.0034394310787320137,0.01523866131901741,0.03417078033089638,0.9471511244773865],[0.15799029171466827,0.14989297091960907,0.04538942500948906,0.6467272639274597],[0.214738130569458,0.222315713763237,0.29101502895355225,0.27193114161491394],[0.09140858799219131,0.13908234238624573,0.08470696955919266,0.6848021149635315]]",ae9fe000d481b81bbb5ef98718aaa550784ff67131a466d21993e95b41f14e9f,0.683362603187561,0.04102611541748047
case_00051,Dipeptidyl peptidase 4,P27487|Q53TN1,242,1.890356183052063,2.384779691696167,2.419593572616577,0.30398696660995483,0.29970583319664,0.30398696660995483,0.29970583319664,0.30636799335479736,0.299630731344223,0.20232349634170532,"[0.050117574632167816,0.04265628382563591,0.19981710612773895,0.7074090838432312]","[0.09560325741767883,0.14348439872264862,0.2120307832956314,0.5488815307617188]","[[0.2977970838546753,0.10350492596626282,0.16300128400325775,0.43569669127464294],[0.19235461950302124,0.18154314160346985,0.13396091759204865,0.49214133620262146],[0.1666516661643982,0.1810474395751953,0.24218007922172546,0.41012075543403625],[0.19729556143283844,0.14557072520256042,0.3949631452560425,0.26217055320739746]]","[[0.025695089250802994,0.05445446819067001,0.04634372889995575,0.8735067844390869],[0.1757037490606308,0.21518433094024658,0.09709249436855316,0.5120194554328918],[0.17381536960601807,0.085059754550457,0.3487092852592468,0.3924155831336975],[0.057136304676532745,0.11350805312395096,0.0469512902200222,0.782404363155365]]",ae9fe000d481b81bbb5ef98718aaa550784ff67131a466d21993e95b41f14e9f,0.494423508644104,0.034813880920410156
case_00052,Dipeptidyl peptidase 4,P27487|Q53TN1,242,1.890356183052063,2.1685967445373535,2.2333261966705322,0.30398696660995483,0.29970583319664,0.30398696660995483,0.29970583319664,0.3062499165534973,0.29959020018577576,0.32360702753067017,"[0.050117574632167816,0.04265628382563591,0.19981710612773895,0.7074090838432312]","[0.038829583674669266,0.04420648142695427,0.14340417087078094,0.7735598087310791]","[[0.12483449280261993,0.1567499339580536,0.08944405615329742,0.628971517086029],[0.08170782029628754,0.14370857179164886,0.41517695784568787,0.35940665006637573],[0.07433247566223145,0.3697209358215332,0.30938220024108887,0.24656441807746887],[0.0999942347407341,0.12701435387134552,0.1824817806482315,0.5905095934867859]]","[[0.0052091642282903194,0.01634528860449791,0.05919220671057701,0.9192533493041992],[0.06017482280731201,0.025073278695344925,0.04322994872927666,0.8715219497680664],[0.14822795987129211,0.15304824709892273,0.4356839060783386,0.26303988695144653],[0.018655452877283096,0.03889453411102295,0.17206422984600067,0.7703858017921448]]",ae9fe000d481b81bbb5ef98718aaa550784ff67131a466d21993e95b41f14e9f,0.2782405614852905,0.06472945213317871
case_00053,Dipeptidyl peptidase 4,P27487|Q53TN1,242,1.890356183052063,1.7832368612289429,1.9067860841751099,0.30398696660995483,0.29970583319664,0.30398696660995483,0.29970583319664,0.3063231110572815,0.29961708188056946,0.3588414788246155,"[0.050117574632167816,0.04265628382563591,0.19981710612773895,0.7074090838432312]","[0.0277753546833992,0.03508444130420685,0.09209185838699341,0.8450484275817871]","[[0.034567851573228836,0.044317323714494705,0.043941475450992584,0.8771732449531555],[0.060173340141773224,0.10659337043762207,0.2888204753398895,0.5444128513336182],[0.06602813303470612,0.1534833461046219,0.2774408161640167,0.5030477046966553],[0.05226210132241249,0.06271740794181824,0.20842528343200684,0.6765952110290527]]","[[0.004420117009431124,0.00989930797368288,0.027342429384589195,0.9583381414413452],[0.08847679197788239,0.027929291129112244,0.06696600466966629,0.8166279196739197],[0.08510502427816391,0.3822482228279114,0.40391409397125244,0.12873269617557526],[0.13915859162807465,0.24935896694660187,0.33890479803085327,0.272577702999115]]",ae9fe000d481b81bbb5ef98718aaa550784ff67131a466d21993e95b41f14e9f,-0.10711932182312012,0.12354922294616699
case_00054,Dipeptidyl peptidase 4,P27487|Q53TN1,242,1.890356183052063,2.1911587715148926,2.284306764602661,0.30398696660995483,0.29970583319664,0.30398696660995483,0.29970583319664,0.30624693632125854,0.2996007204055786,0.3420138359069824,"[0.050117574632167816,0.04265628382563591,0.19981710612773895,0.7074090838432312]","[0.025539064779877663,0.03436224162578583,0.0876566618680954,0.8524419665336609]","[[0.05686542019248009,0.03962085023522377,0.09604499489068985,0.8074686527252197],[0.07973276078701019,0.09826009720563889,0.20313243567943573,0.6188746690750122],[0.07741750776767731,0.18851953744888306,0.2343878149986267,0.4996752440929413],[0.09346484392881393,0.10836829245090485,0.21126651763916016,0.5869003534317017]]","[[0.0062334127724170685,0.014812842942774296,0.03692278638482094,0.9420309066772461],[0.08253086358308792,0.04920504614710808,0.04026716202497482,0.8279969692230225],[0.08664007484912872,0.24970516562461853,0.30445849895477295,0.35919633507728577],[0.047025129199028015,0.1587807834148407,0.18950411677360535,0.6046900153160095]]",ae9fe000d481b81bbb5ef98718aaa550784ff67131a466d21993e95b41f14e9f,0.3008025884628296,0.09314799308776855
case_00055,Dipeptidyl peptidase 4,P27487|Q53TN1,242,1.890356183052063,2.2067198753356934,2.251642942428589,0.30398696660995483,0.29970583319664,0.30398696660995483,0.29970583319664,0.3063909709453583,0.2996155023574829,0.4056472182273865,"[0.050117574632167816,0.04265628382563591,0.19981710612773895,0.7074090838432312]","[0.04033465310931206,0.023238549008965492,0.061781398952007294,0.8746453523635864]","[[0.03353894501924515,0.02120439149439335,0.06062948331236839,0.8846271634101868],[0.059946004301309586,0.0769263282418251,0.1495836228132248,0.7135440707206726],[0.05684720352292061,0.13098736107349396,0.13338623940944672,0.678779125213623],[0.07479767501354218,0.08297987282276154,0.1343720406293869,0.707850456237793]]","[[0.007160509470850229,0.02232203260064125,0.03722433000802994,0.9332931637763977],[0.08657628297805786,0.03696907311677933,0.02912459336221218,0.8473300337791443],[0.21822130680084229,0.22735323011875153,0.19230572879314423,0.3621197044849396],[0.06968369334936142,0.09906630963087082,0.30149582028388977,0.5297541618347168]]",ae9fe000d481b81bbb5ef98718aaa550784ff67131a466d21993e95b41f14e9f,0.31636369228363037,0.04492306709289551
case_00056,Dipeptidyl peptidase 4,P27487|Q53TN1,242,1.890356183052063,2.573718786239624,2.6147449016571045,0.30398696660995483,0.29970583319664,0.30398696660995483,0.29970583319664,0.30641841888427734,0.2995947003364563,0.25041913986206055,"[0.050117574632167816,0.04265628382563591,0.19981710612773895,0.7074090838432312]","[0.09043273329734802,0.11321865022182465,0.19496947526931763,0.6013790965080261]","[[0.16040876507759094,0.049123410135507584,0.2943119704723358,0.49615582823753357],[0.1081441193819046,0.13998942077159882,0.23602013289928436,0.515846312046051],[0.1312224566936493,0.13501952588558197,0.4509887993335724,0.28276920318603516],[0.0794077217578888,0.09904295951128006,0.5317391753196716,0.28981006145477295]]","[[0.0034394310787320137,0.01523866131901741,0.03417078033089638,0.9471511244773865],[0.15799029171466827,0.14989297091960907,0.04538942500948906,0.6467272639274597],[0.214738130569458,0.222315713763237,0.29101502895355225,0.27193114161491394],[0.09140858799219131,0.13908234238624573,0.08470696955919266,0.6848021149635315]]",ae9fe000d481b81bbb5ef98718aaa550784ff67131a466d21993e95b41f14e9f,0.683362603187561,0.04102611541748047
case_00057,Dipeptidyl peptidase 4,P27487|Q53TN1,242,1.890356183052063,1.7832368612289429,1.9067860841751099,0.30398696660995483,0.29970583319664,0.30398696660995483,0.29970583319664,0.3063231110572815,0.29961708188056946,0.3588414788246155,"[0.050117574632167816,0.04265628382563591,0.19981710612773895,0.7074090838432312]","[0.0277753546833992,0.03508444130420685,0.09209185838699341,0.8450484275817871]","[[0.034567851573228836,0.044317323714494705,0.043941475450992584,0.8771732449531555],[0.060173340141773224,0.10659337043762207,0.2888204753398895,0.5444128513336182],[0.06602813303470612,0.1534833461046219,0.2774408161640167,0.5030477046966553],[0.05226210132241249,0.06271740794181824,0.20842528343200684,0.6765952110290527]]","[[0.004420117009431124,0.00989930797368288,0.027342429384589195,0.9583381414413452],[0.08847679197788239,0.027929291129112244,0.06696600466966629,0.8166279196739197],[0.08510502427816391,0.3822482228279114,0.40391409397125244,0.12873269617557526],[0.13915859162807465,0.24935896694660187,0.33890479803085327,0.272577702999115]]",ae9fe000d481b81bbb5ef98718aaa550784ff67131a466d21993e95b41f14e9f,-0.10711932182312012,0.12354922294616699
case_00058,Dipeptidyl peptidase 4,P27487|Q53TN1,242,1.890356183052063,2.384779691696167,2.419593572616577,0.30398696660995483,0.29970583319664,0.30398696660995483,0.29970583319664,0.30636799335479736,0.299630731344223,0.20232349634170532,"[0.050117574632167816,0.04265628382563591,0.19981710612773895,0.7074090838432312]","[0.09560325741767883,0.14348439872264862,0.2120307832956314,0.5488815307617188]","[[0.2977970838546753,0.10350492596626282,0.16300128400325775,0.43569669127464294],[0.19235461950302124,0.18154314160346985,0.13396091759204865,0.49214133620262146],[0.1666516661643982,0.1810474395751953,0.24218007922172546,0.41012075543403625],[0.19729556143283844,0.14557072520256042,0.3949631452560425,0.26217055320739746]]","[[0.025695089250802994,0.05445446819067001,0.04634372889995575,0.8735067844390869],[0.1757037490606308,0.21518433094024658,0.09709249436855316,0.5120194554328918],[0.17381536960601807,0.085059754550457,0.3487092852592468,0.3924155831336975],[0.057136304676532745,0.11350805312395096,0.0469512902200222,0.782404363155365]]",ae9fe000d481b81bbb5ef98718aaa550784ff67131a466d21993e95b41f14e9f,0.494423508644104,0.034813880920410156
case_00059,Dipeptidyl peptidase 4,P27487|Q53TN1,242,1.890356183052063,1.8772023916244507,1.9875115156173706,0.30398696660995483,0.29970583319664,0.30398696660995483,0.29970583319664,0.3063337504863739,0.29960203170776367,0.358256995677948,"[0.050117574632167816,0.04265628382563591,0.19981710612773895,0.7074090838432312]","[0.009593717753887177,0.018559742718935013,0.09450697898864746,0.8773396015167236]","[[0.11948169767856598,0.16127310693264008,0.03973458707332611,0.6795106530189514],[0.17729713022708893,0.1816510111093521,0.09289086610078812,0.548160970211029],[0.12170682847499847,0.23824471235275269,0.12765569984912872,0.5123927593231201],[0.15841799974441528,0.23670229315757751,0.03678884357213974,0.5680909156799316]]","[[0.011028329841792583,0.029173506423830986,0.0637432187795639,0.8960549235343933],[0.04607784375548363,0.04207365959882736,0.020652102306485176,0.8911963701248169],[0.06636891514062881,0.04761490225791931,0.05223841592669487,0.8337777853012085],[0.26324641704559326,0.1420251876115799,0.1064351350069046,0.48829329013824463]]",ae9fe000d481b81bbb5ef98718aaa550784ff67131a466d21993e95b41f14e9f,-0.013153791427612305,0.11030912399291992
case_00060,Dipeptidyl peptidase 4,P27487|Q53TN1,242,1.890356183052063,2.107729434967041,2.2238709926605225,0.30398696660995483,0.29970583319664,0.30398696660995483,0.29970583319664,0.3063163757324219,0.2996298670768738,0.3206629753112793,"[0.050117574632167816,0.04265628382563591,0.19981710612773895,0.7074090838432312]","[0.06636006385087967,0.05132588744163513,0.12941327691078186,0.7529008388519287]","[[0.043860502541065216,0.06656002998352051,0.4029765725135803,0.48660290241241455],[0.08649148046970367,0.23360975086688995,0.27271220088005066,0.4071865379810333],[0.047539107501506805,0.13538886606693268,0.3132012188434601,0.5038707852363586],[0.026091935113072395,0.15706925094127655,0.36863067746162415,0.44820815324783325]]","[[0.0025482848286628723,0.0062369778752326965,0.013591675087809563,0.9776230454444885],[0.032225850969552994,0.1309037208557129,0.07029317319393158,0.7665773034095764],[0.14541177451610565,0.06113806366920471,0.1253986954689026,0.6680514812469482],[0.16193899512290955,0.10713951289653778,0.1360606551170349,0.594860851764679]]",ae9fe000d481b81bbb5ef98718aaa550784ff67131a466d21993e95b41f14e9f,0.21737325191497803,0.11614155769348145
case_00061,Dipeptidyl peptidase 4,P27487|Q53TN1,242,1.890356183052063,2.0690066814422607,2.174367666244507,0.30398696660995483,0.29970583319664,0.30398696660995483,0.29970583319664,0.30643728375434875,0.2995768189430237,0.2847784161567688,"[0.050117574632167816,0.04265628382563591,0.19981710612773895,0.7074090838432312]","[0.023610146716237068,0.05272446200251579,0.23349639773368835,0.6901689767837524]","[[0.08055118471384048,0.19420567154884338,0.1906614899635315,0.5345816612243652],[0.07953358441591263,0.12043696641921997,0.23537981510162354,0.5646495819091797],[0.07373569905757904,0.254875510931015,0.3999484181404114,0.27144038677215576],[0.092208132147789,0.0925883799791336,0.24461618065834045,0.5705872178077698]]","[[0.04228683561086655,0.14661414921283722,0.1740356981754303,0.6370633244514465],[0.03090948797762394,0.020037788897752762,0.02884107083082199,0.9202115535736084],[0.058910828083753586,0.022431476041674614,0.0603102445602417,0.8583475351333618],[0.1856498271226883,0.20421801507472992,0.2487107515335083,0.36142146587371826]]",ae9fe000d481b81bbb5ef98718aaa550784ff67131a466d21993e95b41f14e9f,0.17865049839019775,0.1053609848022461
case_00062,Dipeptidyl peptidase 4,P27487|Q53TN1,242,1.890356183052063,2.1190311908721924,2.3312551975250244,0.30398696660995483,0.29970583319664,0.30398696660995483,0.29970583319664,0.3063516318798065,0.2996005117893219,0.3088530898094177,"[0.050117574632167816,0.04265628382563591,0.19981710612773895,0.7074090838432312]","[0.018302373588085175,0.04409274831414223,0.16666464507579803,0.7709401845932007]","[[0.060240238904953,0.13846522569656372,0.12613071501255035,0.675163745880127],[0.0975399762392044,0.0690111443400383,0.18436531722545624,0.6490835547447205],[0.07656889408826828,0.20325610041618347,0.46103888750076294,0.2591361701488495],[0.09305460005998611,0.07504346966743469,0.23523926734924316,0.5966626405715942]]","[[0.10900579392910004,0.18282237648963928,0.22417673468589783,0.48399510979652405],[0.01727575808763504,0.013658002950251102,0.024083798751235008,0.9449824094772339],[0.06585989147424698,0.025893868878483772,0.04589158296585083,0.8623546957969666],[0.2326716184616089,0.37340137362480164,0.19241711497306824,0.20150987803936005]]",ae9fe000d481b81bbb5ef98718aaa550784ff67131a466d21993e95b41f14e9f,0.2286750078201294,0.21222400665283203
case_00001,NK1R,P25103,342,2.124471426010132,2.8726372718811035,2.7208473682403564,0.30354043841362,0.30081886053085327,0.30354043841362,0.30081886053085327,0.30572018027305603,0.30085912346839905,0.36063647270202637,"[0.018547749146819115,0.040299829095602036,0.039189908653497696,0.9019625782966614]","[0.07465644925832748,0.19693484902381897,0.11874251812696457,0.6096661686897278]","[[0.01111822109669447,0.05243959277868271,0.048910945653915405,0.8875312209129333],[0.0023579439148306847,0.025168772786855698,0.07914227247238159,0.8933310508728027],[0.008097527548670769,0.029157167300581932,0.21849428117275238,0.7442510724067688],[0.14033745229244232,0.08508327603340149,0.19525136053562164,0.5793279409408569]]","[[0.08734188228845596,0.019768211990594864,0.060388125479221344,0.8325018286705017],[0.23884715139865875,0.16833263635635376,0.2677745819091797,0.325045645236969],[0.279630184173584,0.06412266194820404,0.2838704288005829,0.3723767399787903],[0.5266589522361755,0.1351902037858963,0.23940590023994446,0.0987449511885643]]",0794921c796ddbc878db48496780363fbc3a6e21eb11639b6ba5e5e4ceaa121b,0.7481658458709717,-0.15178990364074707
case_00002,NK1R,P25103,342,2.124471426010132,2.8667795658111572,2.823643922805786,0.30354043841362,0.30081886053085327,0.30354043841362,0.30081886053085327,0.30572059750556946,0.3008306920528412,0.29515373706817627,"[0.018547749146819115,0.040299829095602036,0.039189908653497696,0.9019625782966614]","[0.028746481984853745,0.14168456196784973,0.041850171983242035,0.7877187728881836]","[[0.03316991403698921,0.04299512505531311,0.12710890173912048,0.7967261075973511],[0.013372726738452911,0.07000680267810822,0.49831223487854004,0.41830819845199585],[0.031048348173499107,0.06769458949565887,0.403563529253006,0.4976935088634491],[0.1426478773355484,0.13028840720653534,0.23284295201301575,0.4942208528518677]]","[[0.012043694034218788,0.0019176558125764132,0.005718844942748547,0.9803198575973511],[0.16362160444259644,0.15285980701446533,0.27577632665634155,0.4077422320842743],[0.2110670506954193,0.11006752401590347,0.24006429314613342,0.438801109790802],[0.47257760167121887,0.14483125507831573,0.12265635281801224,0.25993478298187256]]",0794921c796ddbc878db48496780363fbc3a6e21eb11639b6ba5e5e4ceaa121b,0.7423081398010254,-0.043135643005371094
case_00003,NK1R,P25103,342,2.124471426010132,2.553114175796509,2.5980427265167236,0.30354043841362,0.30081886053085327,0.30354043841362,0.30081886053085327,0.30562710762023926,0.30082467198371887,0.36397069692611694,"[0.018547749146819115,0.040299829095602036,0.039189908653497696,0.9019625782966614]","[0.04166364669799805,0.14714647829532623,0.04816553741693497,0.7630243301391602]","[[0.012166795320808887,0.018978750333189964,0.07411925494670868,0.8947351574897766],[0.015696445479989052,0.03352760896086693,0.39649447798728943,0.5542814135551453],[0.012237212620675564,0.0191025547683239,0.18496079742908478,0.7836993932723999],[0.09571520984172821,0.10248427838087082,0.16734619438648224,0.6344543099403381]]","[[0.02648370899260044,0.0028460321482270956,0.007379445247352123,0.963290810585022],[0.17471624910831451,0.18094751238822937,0.46152225136756897,0.18281398713588715],[0.2049640715122223,0.19231776893138885,0.33926406502723694,0.2634541094303131],[0.47819817066192627,0.21015289425849915,0.12609896063804626,0.18554994463920593]]",0794921c796ddbc878db48496780363fbc3a6e21eb11639b6ba5e5e4ceaa121b,0.42864274978637695,0.044928550720214844
case_00004,NK1R,P25103,342,2.124471426010132,2.656141519546509,2.6131486892700195,0.30354043841362,0.30081886053085327,0.30354043841362,0.30081886053085327,0.30568912625312805,0.30083587765693665,0.42257463932037354,"[0.018547749146819115,0.040299829095602036,0.039189908653497696,0.9019625782966614]","[0.06020990386605263,0.15446972846984863,0.0788194090127945,0.7065009474754333]","[[0.010751587338745594,0.055001553148031235,0.037141554057598114,0.8971052765846252],[0.0036058365367352962,0.05611645430326462,0.09432950615882874,0.8459482192993164],[0.014462311752140522,0.03784048184752464,0.21000994741916656,0.7376872897148132],[0.12677665054798126,0.21418289840221405,0.12626196444034576,0.5327785015106201]]","[[0.021853245794773102,0.004309692420065403,0.016522597521543503,0.9573144912719727],[0.08480188995599747,0.05535120889544487,0.3826256990432739,0.47722122073173523],[0.11138863861560822,0.04351378604769707,0.15835630893707275,0.6867412328720093],[0.4613525867462158,0.20542563498020172,0.21257714927196503,0.12064463645219803]]",0794921c796ddbc878db48496780363fbc3a6e21eb11639b6ba5e5e4ceaa121b,0.531670093536377,-0.04299283027648926
case_00005,NK1R,P25103,342,2.124471426010132,2.676553964614868,2.6139774322509766,0.30354043841362,0.30081886053085327,0.30354043841362,0.30081886053085327,0.30564889311790466,0.30083808302879333,0.41437166929244995,"[0.018547749146819115,0.040299829095602036,0.039189908653497696,0.9019625782966614]","[0.053761132061481476,0.11476675420999527,0.06495774537324905,0.7665144205093384]","[[0.0080829793587327,0.03798995539546013,0.03692341595888138,0.9170036315917969],[0.004432699177414179,0.06159381940960884,0.10855957865715027,0.8254140019416809],[0.011860201135277748,0.04182073473930359,0.1549864560365677,0.7913326621055603],[0.1290787160396576,0.180788055062294,0.17807169258594513,0.5120615363121033]]","[[0.0458432212471962,0.024110762402415276,0.03485803306102753,0.8951879143714905],[0.12853361666202545,0.11682846397161484,0.4327193796634674,0.3219185471534729],[0.05105968192219734,0.031138543039560318,0.0866740420460701,0.8311276435852051],[0.3763769567012787,0.15940938889980316,0.24743163585662842,0.2167820781469345]]",0794921c796ddbc878db48496780363fbc3a6e21eb11639b6ba5e5e4ceaa121b,0.5520825386047363,-0.0625765323638916
case_00006,NK1R,P25103,342,2.124471426010132,2.712151050567627,2.6352951526641846,0.30354043841362,0.30081886053085327,0.30354043841362,0.30081886053085327,0.30564773082733154,0.30083468556404114,0.39699995517730713,"[0.018547749146819115,0.040299829095602036,0.039189908653497696,0.9019625782966614]","[0.053194914013147354,0.1693403422832489,0.07365532964468002,0.7038094401359558]","[[0.009611327201128006,0.046344660222530365,0.0534411184489727,0.8906029462814331],[0.004719127435237169,0.05952970311045647,0.15305157005786896,0.7826995253562927],[0.013723359443247318,0.032184846699237823,0.25399214029312134,0.7000995874404907],[0.1172674149274826,0.2025601863861084,0.14959760010242462,0.5305747985839844]]","[[0.021853245794773102,0.004309692420065403,0.016522597521543503,0.9573144912719727],[0.09213197976350784,0.07680674642324448,0.4132663607597351,0.4177949130535126],[0.10135576874017715,0.06247015669941902,0.1675579696893692,0.6686161160469055],[0.44847628474235535,0.18756578862667084,0.24802444875240326,0.11593341827392578]]",0794921c796ddbc878db48496780363fbc3a6e21eb11639b6ba5e5e4ceaa121b,0.5876796245574951,-0.07685589790344238
case_00007,NK1R,P25103,342,2.124471426010132,2.975454092025757,2.7986133098602295,0.30354043841362,0.30081886053085327,0.30354043841362,0.30081886053085327,0.3056919276714325,0.3008100092411041,0.3584301471710205,"[0.018547749146819115,0.040299829095602036,0.039189908653497696,0.9019625782966614]","[0.025921151041984558,0.1605825126171112,0.05200154706835747,0.7614947557449341]","[[0.026611046865582466,0.06151605397462845,0.07220606505870819,0.8396669030189514],[0.005113628227263689,0.03894849494099617,0.4328705668449402,0.5230672955513],[0.021005423739552498,0.13667258620262146,0.19918330013751984,0.6431387662887573],[0.18295475840568542,0.14139851927757263,0.22344890236854553,0.4521978199481964]]","[[0.020488206297159195,0.010137122124433517,0.03994065150618553,0.9294339418411255],[0.011748071759939194,0.04196895658969879,0.2383546233177185,0.7079282999038696],[0.2073967456817627,0.3588597774505615,0.2515374720096588,0.18220601975917816],[0.07379226386547089,0.09449365735054016,0.1563720554113388,0.6753420829772949]]",0794921c796ddbc878db48496780363fbc3a6e21eb11639b6ba5e5e4ceaa121b,0.850982666015625,-0.17684078216552734
case_00008,NK1R,P25103,342,2.124471426010132,2.975454092025757,2.7986133098602295,0.30354043841362,0.30081886053085327,0.30354043841362,0.30081886053085327,0.3056919276714325,0.3008100092411041,0.3584301471710205,"[0.018547749146819115,0.040299829095602036,0.039189908653497696,0.9019625782966614]","[0.025921151041984558,0.1605825126171112,0.05200154706835747,0.7614947557449341]","[[0.026611046865582466,0.06151605397462845,0.07220606505870819,0.8396669030189514],[0.005113628227263689,0.03894849494099617,0.4328705668449402,0.5230672955513],[0.021005423739552498,0.13667258620262146,0.19918330013751984,0.6431387662887573],[0.18295475840568542,0.14139851927757263,0.22344890236854553,0.4521978199481964]]","[[0.020488206297159195,0.010137122124433517,0.03994065150618553,0.9294339418411255],[0.011748071759939194,0.04196895658969879,0.2383546233177185,0.7079282999038696],[0.2073967456817627,0.3588597774505615,0.2515374720096588,0.18220601975917816],[0.07379226386547089,0.09449365735054016,0.1563720554113388,0.6753420829772949]]",0794921c796ddbc878db48496780363fbc3a6e21eb11639b6ba5e5e4ceaa121b,0.850982666015625,-0.17684078216552734
case_00009,sAC,Q96PN6,342,2.127307653427124,2.1245243549346924,2.2058768272399902,0.30354043841362,0.30081886053085327,0.30354043841362,0.30081886053085327,0.30544063448905945,0.30080172419548035,0.5155107975006104,"[0.0257617998868227,0.043477147817611694,0.04651164263486862,0.8842493295669556]","[0.06236482411623001,0.1519455462694168,0.3401593267917633,0.4455302655696869]","[[0.03300546482205391,0.0504436194896698,0.40640848875045776,0.51014244556427],[0.0028291502967476845,0.011679058894515038,0.8196644186973572,0.1658274233341217],[0.025525115430355072,0.09579110145568848,0.7093546390533447,0.16932912170886993],[0.20694367587566376,0.1050768494606018,0.2622048258781433,0.4257746636867523]]","[[0.00204679649323225,0.002868951763957739,0.002874660538509488,0.9922096729278564],[0.0052655660547316074,0.006994673516601324,0.02440129965543747,0.9633383750915527],[0.029964996501803398,0.020021900534629822,0.03896370530128479,0.9110494256019592],[0.08539365977048874,0.08031832426786423,0.55814528465271,0.2761426866054535]]",0794921c796ddbc878db48496780363fbc3a6e21eb11639b6ba5e5e4ceaa121b,-0.0027832984924316406,0.08135247230529785
case_00010,sAC,Q96PN6,342,2.127307653427124,2.662076950073242,2.5861241817474365,0.30354043841362,0.30081886053085327,0.30354043841362,0.30081886053085327,0.30552026629447937,0.30080750584602356,0.4451216459274292,"[0.0257617998868227,0.043477147817611694,0.04651164263486862,0.8842493295669556]","[0.04249657317996025,0.17974792420864105,0.10286549478769302,0.6748899817466736]","[[0.03373545780777931,0.029955031350255013,0.21236807107925415,0.723941445350647],[0.004964401945471764,0.015981825068593025,0.8300459384918213,0.14900781214237213],[0.016239939257502556,0.07840384542942047,0.5027633905410767,0.40259280800819397],[0.15790575742721558,0.07541870325803757,0.42608585953712463,0.340589702129364]]","[[0.005624331533908844,0.00338855292648077,0.005526963155716658,0.985460102558136],[0.04726683720946312,0.03923957422375679,0.11754246056079865,0.7959510684013367],[0.05390250310301781,0.03055213950574398,0.09738322347402573,0.8181621432304382],[0.17755386233329773,0.11520712822675705,0.5342851877212524,0.172953799366951]]",0794921c796ddbc878db48496780363fbc3a6e21eb11639b6ba5e5e4ceaa121b,0.5347692966461182,-0.07595276832580566
case_00011,sAC,Q96PN6,342,2.127307653427124,2.4838688373565674,2.367173910140991,0.30354043841362,0.30081886053085327,0.30354043841362,0.30081886053085327,0.30554044246673584,0.30080193281173706,0.45311784744262695,"[0.0257617998868227,0.043477147817611694,0.04651164263486862,0.8842493295669556]","[0.056206073611974716,0.10764714330434799,0.13043949007987976,0.705707311630249]","[[0.05392742529511452,0.019791696220636368,0.4268213212490082,0.49945950508117676],[0.00422494625672698,0.007853248156607151,0.7982292771339417,0.18969255685806274],[0.013671678490936756,0.03472427278757095,0.6556008458137512,0.2960032522678375],[0.21593144536018372,0.047801632434129715,0.5096158385276794,0.22665110230445862]]","[[0.004197950474917889,0.001539607415907085,0.00392390601336956,0.9903385043144226],[0.082559734582901,0.046200912445783615,0.21739798784255981,0.6538413763046265],[0.036203037947416306,0.020666295662522316,0.01896755024790764,0.9241631627082825],[0.3561803698539734,0.06978965550661087,0.39983803033828735,0.1741919219493866]]",0794921c796ddbc878db48496780363fbc3a6e21eb11639b6ba5e5e4ceaa121b,0.35656118392944336,-0.11669492721557617
case_00012,sAC,Q96PN6,342,2.127307653427124,2.598283529281616,2.4722883701324463,0.30354043841362,0.30081886053085327,0.30354043841362,0.30081886053085327,0.30557021498680115,0.300774484872818,0.5267635583877563,"[0.0257617998868227,0.043477147817611694,0.04651164263486862,0.8842493295669556]","[0.02024688757956028,0.18180693686008453,0.10992124676704407,0.6880248188972473]","[[0.05082464590668678,0.028689824044704437,0.43566206097602844,0.4848234951496124],[0.003920949995517731,0.007381464820355177,0.8971931338310242,0.09150443971157074],[0.01264612004160881,0.04860159382224083,0.7239285707473755,0.21482375264167786],[0.15152397751808167,0.054565317928791046,0.4694802761077881,0.324430376291275]]","[[0.0020859665237367153,0.0009181246277876198,0.0017614405369386077,0.9952344298362732],[0.04037702456116676,0.048001207411289215,0.08839254826307297,0.8232291340827942],[0.007376398425549269,0.008479897864162922,0.010368047282099724,0.9737756848335266],[0.1355120986700058,0.048177868127822876,0.35520869493484497,0.46110132336616516]]",0794921c796ddbc878db48496780363fbc3a6e21eb11639b6ba5e5e4ceaa121b,0.4709758758544922,-0.12599515914916992
case_00013,sAC,Q96PN6,342,2.127307653427124,2.5630555152893066,2.439619779586792,0.30354043841362,0.30081886053085327,0.30354043841362,0.30081886053085327,0.305582731962204,0.3007947504520416,0.5300143957138062,"[0.0257617998868227,0.043477147817611694,0.04651164263486862,0.8842493295669556]","[0.03525714948773384,0.158674955368042,0.16530419886112213,0.6407637000083923]","[[0.041285622864961624,0.0561438649892807,0.3850766122341156,0.5174939036369324],[0.004407966043800116,0.01084685418754816,0.912065327167511,0.07267977297306061],[0.012218950316309929,0.05669860169291496,0.7311732769012451,0.1999090611934662],[0.17593926191329956,0.05864540860056877,0.5396338105201721,0.22578150033950806]]","[[0.003216540440917015,0.001693541882559657,0.0037435609847307205,0.9913464188575745],[0.026680931448936462,0.024796370416879654,0.05899126082658768,0.8895314335823059],[0.016383549198508263,0.011530499905347824,0.02565859444439411,0.9464274048805237],[0.10443653166294098,0.09324971586465836,0.4864020347595215,0.31591176986694336]]",0794921c796ddbc878db48496780363fbc3a6e21eb11639b6ba5e5e4ceaa121b,0.4357478618621826,-0.12343573570251465
case_00014,sAC,Q96PN6,342,2.127307653427124,2.415032386779785,2.299652099609375,0.30354043841362,0.30081886053085327,0.30354043841362,0.30081886053085327,0.3055126667022705,0.30079886317253113,0.5259190797805786,"[0.0257617998868227,0.043477147817611694,0.04651164263486862,0.8842493295669556]","[0.0450875423848629,0.15514186024665833,0.165841206908226,0.633929431438446]","[[0.0609089657664299,0.03650594502687454,0.39402666687965393,0.5085583925247192],[0.0037689150776714087,0.010015998966991901,0.9087457060813904,0.0774693414568901],[0.021801330149173737,0.05075553432106972,0.7230842113494873,0.20435896515846252],[0.20504845678806305,0.05461684241890907,0.512869119644165,0.2274656444787979]]","[[0.009363291785120964,0.0024145864881575108,0.005239201243966818,0.982982873916626],[0.05409052595496178,0.02024739235639572,0.08994671702384949,0.8357153534889221],[0.012445656582713127,0.010521081276237965,0.02965942956507206,0.9473738670349121],[0.04531078785657883,0.05537409707903862,0.3222135603427887,0.5771015882492065]]",0794921c796ddbc878db48496780363fbc3a6e21eb11639b6ba5e5e4ceaa121b,0.28772473335266113,-0.11538028717041016
case_00015,sAC,Q96PN6,342,2.127307653427124,2.643876791000366,2.5704970359802246,0.30354043841362,0.30081886053085327,0.30354043841362,0.30081886053085327,0.3056066036224365,0.3008187413215637,0.42832571268081665,"[0.0257617998868227,0.043477147817611694,0.04651164263486862,0.8842493295669556]","[0.0519985631108284,0.1260528266429901,0.12219942361116409,0.6997491717338562]","[[0.01843205839395523,0.018582168966531754,0.23944571614265442,0.7235400080680847],[0.0032519204542040825,0.022935209795832634,0.688689649105072,0.28512319922447205],[0.015105661936104298,0.04341716319322586,0.5761022567749023,0.3653748631477356],[0.15670126676559448,0.0448087714612484,0.31612205505371094,0.4823678731918335]]","[[0.005920907482504845,0.002064971486106515,0.004809696227312088,0.987204372882843],[0.04608319699764252,0.03202032297849655,0.11873982101678848,0.8031566143035889],[0.13511718809604645,0.08928082138299942,0.14207316935062408,0.6335287690162659],[0.23910555243492126,0.10693511366844177,0.5977551341056824,0.056204214692115784]]",0794921c796ddbc878db48496780363fbc3a6e21eb11639b6ba5e5e4ceaa121b,0.5165691375732422,-0.0733797550201416
case_00016,sAC,Q96PN6,342,2.127307653427124,2.643876791000366,2.5704970359802246,0.30354043841362,0.30081886053085327,0.30354043841362,0.30081886053085327,0.3056066036224365,0.3008187413215637,0.42832571268081665,"[0.0257617998868227,0.043477147817611694,0.04651164263486862,0.8842493295669556]","[0.0519985631108284,0.1260528266429901,0.12219942361116409,0.6997491717338562]","[[0.01843205839395523,0.018582168966531754,0.23944571614265442,0.7235400080680847],[0.0032519204542040825,0.022935209795832634,0.688689649105072,0.28512319922447205],[0.015105661936104298,0.04341716319322586,0.5761022567749023,0.3653748631477356],[0.15670126676559448,0.0448087714612484,0.31612205505371094,0.4823678731918335]]","[[0.005920907482504845,0.002064971486106515,0.004809696227312088,0.987204372882843],[0.04608319699764252,0.03202032297849655,0.11873982101678848,0.8031566143035889],[0.13511718809604645,0.08928082138299942,0.14207316935062408,0.6335287690162659],[0.23910555243492126,0.10693511366844177,0.5977551341056824,0.056204214692115784]]",0794921c796ddbc878db48496780363fbc3a6e21eb11639b6ba5e5e4ceaa121b,0.5165691375732422,-0.0733797550201416
case_00017,sAC,Q96PN6,342,2.127307653427124,2.673907518386841,2.5883028507232666,0.30354043841362,0.30081886053085327,0.30354043841362,0.30081886053085327,0.30559349060058594,0.30081382393836975,0.41167306900024414,"[0.0257617998868227,0.043477147817611694,0.04651164263486862,0.8842493295669556]","[0.043134257197380066,0.1448056548833847,0.1267244815826416,0.685335636138916]","[[0.0228520929813385,0.02896793559193611,0.18337556719779968,0.7648044228553772],[0.004130887798964977,0.019189145416021347,0.8122987747192383,0.16438110172748566],[0.01855992153286934,0.07705163955688477,0.5419439077377319,0.36244454979896545],[0.1493670791387558,0.056167829781770706,0.45987996459007263,0.3345851004123688]]","[[0.00615608599036932,0.002335596363991499,0.003939975053071976,0.9875683188438416],[0.09386476874351501,0.04229995608329773,0.2080637663602829,0.6557714939117432],[0.11378490924835205,0.05877995491027832,0.10513464361429214,0.7223004698753357],[0.1484643965959549,0.07988648116588593,0.4920547902584076,0.27959439158439636]]",0794921c796ddbc878db48496780363fbc3a6e21eb11639b6ba5e5e4ceaa121b,0.5465998649597168,-0.08560466766357422
case_00018,sAC,Q96PN6,342,2.127307653427124,2.673907518386841,2.5883028507232666,0.30354043841362,0.30081886053085327,0.30354043841362,0.30081886053085327,0.30559349060058594,0.30081382393836975,0.41167306900024414,"[0.0257617998868227,0.043477147817611694,0.04651164263486862,0.8842493295669556]","[0.043134257197380066,0.1448056548833847,0.1267244815826416,0.685335636138916]","[[0.0228520929813385,0.02896793559193611,0.18337556719779968,0.7648044228553772],[0.004130887798964977,0.019189145416021347,0.8122987747192383,0.16438110172748566],[0.01855992153286934,0.07705163955688477,0.5419439077377319,0.36244454979896545],[0.1493670791387558,0.056167829781770706,0.45987996459007263,0.3345851004123688]]","[[0.00615608599036932,0.002335596363991499,0.003939975053071976,0.9875683188438416],[0.09386476874351501,0.04229995608329773,0.2080637663602829,0.6557714939117432],[0.11378490924835205,0.05877995491027832,0.10513464361429214,0.7223004698753357],[0.1484643965959549,0.07988648116588593,0.4920547902584076,0.27959439158439636]]",0794921c796ddbc878db48496780363fbc3a6e21eb11639b6ba5e5e4ceaa121b,0.5465998649597168,-0.08560466766357422
case_00019,sAC,Q96PN6,342,2.127307653427124,2.57962965965271,2.545555830001831,0.30354043841362,0.30081886053085327,0.30354043841362,0.30081886053085327,0.3055216073989868,0.3008233308792114,0.3869786858558655,"[0.0257617998868227,0.043477147817611694,0.04651164263486862,0.8842493295669556]","[0.05367108806967735,0.12914273142814636,0.11366786807775497,0.7035183310508728]","[[0.02165037952363491,0.03318950533866882,0.19527290761470795,0.7498872876167297],[0.005667552817612886,0.04024181514978409,0.6241548657417297,0.329935759305954],[0.015411092899739742,0.052943404763936996,0.5440717339515686,0.38757383823394775],[0.1766149401664734,0.062002040445804596,0.32911208271980286,0.43227100372314453]]","[[0.00615608599036932,0.002335596363991499,0.003939975053071976,0.9875683188438416],[0.11968428641557693,0.053468041121959686,0.13819259405136108,0.6886550784111023],[0.1733521670103073,0.052222754806280136,0.15757761895656586,0.6168473958969116],[0.2782812714576721,0.11920630931854248,0.5647234320640564,0.03778897970914841]]",0794921c796ddbc878db48496780363fbc3a6e21eb11639b6ba5e5e4ceaa121b,0.45232200622558594,-0.034073829650878906
case_00020,sAC,Q96PN6,342,2.127307653427124,2.57962965965271,2.545555830001831,0.30354043841362,0.30081886053085327,0.30354043841362,0.30081886053085327,0.3055216073989868,0.3008233308792114,0.3869786858558655,"[0.0257617998868227,0.043477147817611694,0.04651164263486862,0.8842493295669556]","[0.05367108806967735,0.12914273142814636,0.11366786807775497,0.7035183310508728]","[[0.02165037952363491,0.03318950533866882,0.19527290761470795,0.7498872876167297],[0.005667552817612886,0.04024181514978409,0.6241548657417297,0.329935759305954],[0.015411092899739742,0.052943404763936996,0.5440717339515686,0.38757383823394775],[0.1766149401664734,0.062002040445804596,0.32911208271980286,0.43227100372314453]]","[[0.00615608599036932,0.002335596363991499,0.003939975053071976,0.9875683188438416],[0.11968428641557693,0.053468041121959686,0.13819259405136108,0.6886550784111023],[0.1733521670103073,0.052222754806280136,0.15757761895656586,0.6168473958969116],[0.2782812714576721,0.11920630931854248,0.5647234320640564,0.03778897970914841]]",0794921c796ddbc878db48496780363fbc3a6e21eb11639b6ba5e5e4ceaa121b,0.45232200622558594,-0.034073829650878906
case_00021,V2R,P30518,342,1.38346266746521,1.6285326480865479,1.696469783782959,0.30354043841362,0.30081886053085327,0.30354043841362,0.30081886053085327,0.30557242035865784,0.3008456528186798,0.3921198844909668,"[0.016353553161025047,0.029169388115406036,0.0332476943731308,0.9212294220924377]","[0.03662331402301788,0.21649523079395294,0.1335342675447464,0.6133471727371216]","[[0.02675798535346985,0.03646688163280487,0.15527738630771637,0.7814977765083313],[0.006534019485116005,0.06842073798179626,0.3162694573402405,0.6087757349014282],[0.02473985031247139,0.10802388191223145,0.27151697874069214,0.5957192778587341],[0.2566794455051422,0.07305149734020233,0.2305436134338379,0.43972548842430115]]","[[0.006696836557239294,0.0026981858536601067,0.00510091707110405,0.9855040907859802],[0.22778446972370148,0.3151625692844391,0.2989926338195801,0.15806026756763458],[0.13334448635578156,0.10585196316242218,0.16136087477207184,0.5994426608085632],[0.01921986974775791,0.0500674806535244,0.0159792248159647,0.9147334694862366]]",0794921c796ddbc878db48496780363fbc3a6e21eb11639b6ba5e5e4ceaa121b,0.2450699806213379,0.06793713569641113
case_00022,V2R,P30518,342,1.38346266746521,1.642317533493042,1.6732323169708252,0.30354043841362,0.30081886053085327,0.30354043841362,0.30081886053085327,0.3055419623851776,0.30084463953971863,0.44154179096221924,"[0.016353553161025047,0.029169388115406036,0.0332476943731308,0.9212294220924377]","[0.031234141439199448,0.23952451348304749,0.12920691072940826,0.6000344157218933]","[[0.01387272123247385,0.021334556862711906,0.05861169472336769,0.9061809778213501],[0.005214855074882507,0.05486050620675087,0.23084060847759247,0.7090840339660645],[0.020096855238080025,0.09308689087629318,0.19465956091880798,0.6921566724777222],[0.2868044078350067,0.07669023424386978,0.2143913209438324,0.4221140444278717]]","[[0.006696836557239294,0.0026981858536601067,0.00510091707110405,0.9855040907859802],[0.23154668509960175,0.31396445631980896,0.30727827548980713,0.14721064269542694],[0.0619911253452301,0.049194660037755966,0.08127328753471375,0.8075409531593323],[0.045466098934412,0.1587275266647339,0.039134446531534195,0.7566719055175781]]",0794921c796ddbc878db48496780363fbc3a6e21eb11639b6ba5e5e4ceaa121b,0.25885486602783203,0.030914783477783203
case_00023,V2R,P30518,342,1.38346266746521,1.6450101137161255,1.6805312633514404,0.30354043841362,0.30081886053085327,0.30354043841362,0.30081886053085327,0.3055538237094879,0.3008479177951813,0.4209110140800476,"[0.016353553161025047,0.029169388115406036,0.0332476943731308,0.9212294220924377]","[0.027170121669769287,0.23734129965305328,0.11558369547128677,0.6199048161506653]","[[0.015444755554199219,0.023752154782414436,0.06528546661138535,0.8955177068710327],[0.005761335603892803,0.06060951575636864,0.27693209052085876,0.6566970944404602],[0.02535402588546276,0.11743763089179993,0.27268534898757935,0.5845230221748352],[0.2773929238319397,0.07417364418506622,0.20163053274154663,0.44680288434028625]]","[[0.006696836557239294,0.0026981858536601067,0.00510091707110405,0.9855040907859802],[0.23154668509960175,0.31396445631980896,0.30727827548980713,0.14721064269542694],[0.06649472564458847,0.04220472648739815,0.06722206622362137,0.8240785002708435],[0.06231960281729698,0.15782079100608826,0.042647212743759155,0.7372124791145325]]",0794921c796ddbc878db48496780363fbc3a6e21eb11639b6ba5e5e4ceaa121b,0.2615474462509155,0.03552114963531494
case_00024,V2R,P30518,342,1.38346266746521,1.7588294744491577,1.7809827327728271,0.30354043841362,0.30081886053085327,0.30354043841362,0.30081886053085327,0.30547380447387695,0.30084431171417236,0.43358463048934937,"[0.016353553161025047,0.029169388115406036,0.0332476943731308,0.9212294220924377]","[0.02436906099319458,0.254412442445755,0.11721280217170715,0.6040056347846985]","[[0.014228037558495998,0.021880988031625748,0.05148155242204666,0.9124093651771545],[0.005038092844188213,0.05300096422433853,0.1864285171031952,0.755532443523407],[0.02406974695622921,0.1114889457821846,0.2215992510318756,0.6428420543670654],[0.27761608362197876,0.07423331588506699,0.20631490647792816,0.4418356716632843]]","[[0.006696836557239294,0.0026981858536601067,0.00510091707110405,0.9855040907859802],[0.23154668509960175,0.31396445631980896,0.30727827548980713,0.14721064269542694],[0.07844344526529312,0.05563149228692055,0.09473036974668503,0.7711946964263916],[0.06784892827272415,0.12363604456186295,0.04425663501024246,0.7642584443092346]]",0794921c796ddbc878db48496780363fbc3a6e21eb11639b6ba5e5e4ceaa121b,0.37536680698394775,0.022153258323669434
case_00025,V2R,P30518,342,1.38346266746521,1.5158315896987915,1.4584009647369385,0.30354043841362,0.30081886053085327,0.30354043841362,0.30081886053085327,0.3055722415447235,0.3008526861667633,0.47347718477249146,"[0.016353553161025047,0.029169388115406036,0.0332476943731308,0.9212294220924377]","[0.032046686857938766,0.1564130187034607,0.15207816660404205,0.6594620943069458]","[[0.017782829701900482,0.04983220994472504,0.18569494783878326,0.7466899752616882],[0.004279166925698519,0.03990347683429718,0.3221679627895355,0.6336494088172913],[0.024765437468886375,0.0945420116186142,0.41845670342445374,0.46223583817481995],[0.28314098715782166,0.07655458897352219,0.24303145706653595,0.3972730040550232]]","[[0.0006335892248898745,0.00032730260863900185,0.001096589956432581,0.9979425072669983],[0.1799127608537674,0.24255801737308502,0.269196093082428,0.3083331882953644],[0.025065027177333832,0.03331230208277702,0.030226700007915497,0.9113959670066833],[0.012087020091712475,0.011883496306836605,0.013308788649737835,0.9627206921577454]]",0794921c796ddbc878db48496780363fbc3a6e21eb11639b6ba5e5e4ceaa121b,0.13236892223358154,-0.05743062496185303
case_00026,V2R,P30518,342,1.38346266746521,1.603127121925354,1.6410821676254272,0.30354043841362,0.30081886053085327,0.30354043841362,0.30081886053085327,0.3054807484149933,0.3008475601673126,0.48750948905944824,"[0.016353553161025047,0.029169388115406036,0.0332476943731308,0.9212294220924377]","[0.025918738916516304,0.26122593879699707,0.16075749695301056,0.5520977973937988]","[[0.019293902441859245,0.03432779014110565,0.09300729632377625,0.8533710241317749],[0.0067580812610685825,0.06443647295236588,0.2678312361240387,0.6609742641448975],[0.028315933421254158,0.11555913090705872,0.23533403873443604,0.6207908987998962],[0.33621135354042053,0.08588261157274246,0.22827546298503876,0.3496306240558624]]","[[0.0035338462330400944,0.001134613179601729,0.002895825309678912,0.9924357533454895],[0.20510685443878174,0.3035682141780853,0.2601792812347412,0.23114565014839172],[0.018868206068873405,0.017754854634404182,0.02466188371181488,0.9387151002883911],[0.014678089879453182,0.034065619111061096,0.015785489231348038,0.9354708194732666]]",0794921c796ddbc878db48496780363fbc3a6e21eb11639b6ba5e5e4ceaa121b,0.21966445446014404,0.03795504570007324
case_00027,V2R,P30518,342,1.38346266746521,1.531342625617981,1.5222396850585938,0.30354043841362,0.30081886053085327,0.30354043841362,0.30081886053085327,0.3056274652481079,0.3008333444595337,0.4327322840690613,"[0.016353553161025047,0.029169388115406036,0.0332476943731308,0.9212294220924377]","[0.05619746819138527,0.23128800094127655,0.16029956936836243,0.5522149205207825]","[[0.03698809817433357,0.04130425676703453,0.30302321910858154,0.6186844706535339],[0.010460312478244305,0.1104874461889267,0.2807861566543579,0.598266065120697],[0.026598552241921425,0.06618399918079376,0.28619134426116943,0.6210260987281799],[0.3020314872264862,0.06921835988759995,0.3146762251853943,0.31407392024993896]]","[[0.006696836557239294,0.0026981858536601067,0.00510091707110405,0.9855040907859802],[0.2105429321527481,0.35620009899139404,0.32797449827194214,0.10528243333101273],[0.02209731750190258,0.031751736998558044,0.04553382098674774,0.9006171226501465],[0.04008612781763077,0.03726794198155403,0.014808219857513905,0.9078377485275269]]",0794921c796ddbc878db48496780363fbc3a6e21eb11639b6ba5e5e4ceaa121b,0.147879958152771,-0.009102940559387207
case_00028,V2R,P30518,342,1.38346266746521,1.456558346748352,1.4686750173568726,0.30354043841362,0.30081886053085327,0.30354043841362,0.30081886053085327,0.3055054247379303,0.3008258044719696,0.4614924192428589,"[0.016353553161025047,0.029169388115406036,0.0332476943731308,0.9212294220924377]","[0.027567090466618538,0.22905534505844116,0.16819390654563904,0.575183629989624]","[[0.024917982518672943,0.04908044636249542,0.19276228547096252,0.7332392930984497],[0.0056280335411429405,0.06197622790932655,0.42625829577445984,0.5061374306678772],[0.025388799607753754,0.11289149522781372,0.3208507299423218,0.5408689379692078],[0.3478650748729706,0.09817200154066086,0.2078196406364441,0.3461432456970215]]","[[0.0035338462330400944,0.001134613179601729,0.002895825309678912,0.9924357533454895],[0.14672400057315826,0.26316308975219727,0.23413416743278503,0.35597872734069824],[0.006901812739670277,0.009802033193409443,0.012147266417741776,0.9711489677429199],[0.017217671498656273,0.05199975520372391,0.02290465123951435,0.9078779816627502]]",0794921c796ddbc878db48496780363fbc3a6e21eb11639b6ba5e5e4ceaa121b,0.07309567928314209,0.012116670608520508
case_00029,V2R,P30518,342,1.38346266746521,1.5967094898223877,1.6625559329986572,0.30354043841362,0.30081886053085327,0.30354043841362,0.30081886053085327,0.3055398762226105,0.3008388876914978,0.5209634900093079,"[0.016353553161025047,0.029169388115406036,0.0332476943731308,0.9212294220924377]","[0.03041098266839981,0.21497201919555664,0.11696324497461319,0.6376537680625916]","[[0.014758866280317307,0.018873048946261406,0.12744125723838806,0.8389267325401306],[0.005975794047117233,0.04495896026492119,0.17159675061702728,0.7774685621261597],[0.022828219458460808,0.05321289598941803,0.32638803124427795,0.5975708961486816],[0.2634660005569458,0.07347102463245392,0.1854851245880127,0.47757789492607117]]","[[0.011244339868426323,0.003822282189503312,0.006610603537410498,0.9783227443695068],[0.2935875654220581,0.3189801573753357,0.29114505648612976,0.09628719836473465],[0.005696433130651712,0.007240393199026585,0.007998255081474781,0.9790648221969604],[0.03964298591017723,0.040648411959409714,0.015437064692378044,0.9042715430259705]]",0794921c796ddbc878db48496780363fbc3a6e21eb11639b6ba5e5e4ceaa121b,0.21324682235717773,0.06584644317626953
case_00030,Dipeptidyl peptidase 4,P27487|Q53TN1,342,1.8618135452270508,2.1468279361724854,2.269016742706299,0.30354043841362,0.30081886053085327,0.30354043841362,0.30081886053085327,0.3055821359157562,0.3007902204990387,0.34549009799957275,"[0.022851254791021347,0.03635001555085182,0.039048075675964355,0.9017506837844849]","[0.041169311851263046,0.1486564725637436,0.07820519804954529,0.7319689989089966]","[[0.013359315693378448,0.06936117261648178,0.3098791539669037,0.6074003577232361],[0.0036916304379701614,0.03702538087964058,0.4857228696346283,0.47356006503105164],[0.009407236240804195,0.13297109305858612,0.5539199709892273,0.3037017583847046],[0.10708954185247421,0.11962426453828812,0.29731008410453796,0.4759761393070221]]","[[0.00402219919487834,0.008876628242433071,0.0068189832381904125,0.980282187461853],[0.015495171770453453,0.038464684039354324,0.10612496733665466,0.8399152159690857],[0.1570153832435608,0.23477496206760406,0.12187782675027847,0.4863318204879761],[0.21936596930027008,0.3133919835090637,0.28598693013191223,0.18125510215759277]]",0794921c796ddbc878db48496780363fbc3a6e21eb11639b6ba5e5e4ceaa121b,0.28501439094543457,0.12218880653381348
case_00031,Dipeptidyl peptidase 4,P27487|Q53TN1,342,1.8618135452270508,2.015666961669922,2.1306755542755127,0.30354043841362,0.30081886053085327,0.30354043841362,0.30081886053085327,0.30555471777915955,0.30079686641693115,0.2266165018081665,"[0.022851254791021347,0.03635001555085182,0.039048075675964355,0.9017506837844849]","[0.11530991643667221,0.162272110581398,0.06949406862258911,0.6529238820075989]","[[0.060685161501169205,0.2881935238838196,0.1791171282529831,0.47200414538383484],[0.03409494832158089,0.24591781198978424,0.44400256872177124,0.27598464488983154],[0.04611458629369736,0.3067505657672882,0.46056538820266724,0.1865694373846054],[0.18843010067939758,0.21396255493164062,0.36575281620025635,0.23185455799102783]]","[[0.2906232476234436,0.07159852981567383,0.09473259001970291,0.543045699596405],[0.13740985095500946,0.033568840473890305,0.11792849749326706,0.7110928297042847],[0.04705149680376053,0.042825739830732346,0.01839004084467888,0.8917328119277954],[0.2772010266780853,0.199497252702713,0.0835672989487648,0.43973439931869507]]",0794921c796ddbc878db48496780363fbc3a6e21eb11639b6ba5e5e4ceaa121b,0.1538534164428711,0.11500859260559082
case_00032,Dipeptidyl peptidase 4,P27487|Q53TN1,342,1.8618135452270508,2.0909841060638428,2.1899075508117676,0.30354043841362,0.30081886053085327,0.30354043841362,0.30081886053085327,0.3056066036224365,0.3008328378200531,0.2552855610847473,"[0.022851254791021347,0.03635001555085182,0.039048075675964355,0.9017506837844849]","[0.10293964296579361,0.17619073390960693,0.08784694969654083,0.6330226063728333]","[[0.0411495603621006,0.1954190582036972,0.1323426216840744,0.6310887336730957],[0.02864195592701435,0.2065868228673935,0.43081972002983093,0.33395156264305115],[0.028755445033311844,0.19127896428108215,0.3984631896018982,0.3815024793148041],[0.149330735206604,0.16956518590450287,0.28641408681869507,0.39468997716903687]]","[[0.2906232476234436,0.07159852981567383,0.09473259001970291,0.543045699596405],[0.13740985095500946,0.033568840473890305,0.11792849749326706,0.7110928297042847],[0.09311298280954361,0.060784656554460526,0.021926093846559525,0.8241763114929199],[0.18911106884479523,0.1725984662771225,0.0259112361818552,0.6123793125152588]]",0794921c796ddbc878db48496780363fbc3a6e21eb11639b6ba5e5e4ceaa121b,0.229170560836792,0.0989234447479248
case_00033,Dipeptidyl peptidase 4,P27487|Q53TN1,342,1.8618135452270508,2.1096761226654053,2.237372636795044,0.30354043841362,0.30081886053085327,0.30354043841362,0.30081886053085327,0.30561700463294983,0.30078837275505066,0.4884665012359619,"[0.022851254791021347,0.03635001555085182,0.039048075675964355,0.9017506837844849]","[0.06734490394592285,0.1753080189228058,0.07504109293222427,0.6823059916496277]","[[0.013231582008302212,0.016574351117014885,0.05553809180855751,0.9146559834480286],[0.010041074827313423,0.03910364955663681,0.2055080384016037,0.7453473210334778],[0.040222831070423126,0.05230153352022171,0.2733120918273926,0.6341635584831238],[0.2269536703824997,0.07591289281845093,0.3782404661178589,0.3188929557800293]]","[[0.056171927601099014,0.01032614428550005,0.02130422554910183,0.9121976494789124],[0.05115018039941788,0.026354162022471428,0.1346767544746399,0.787818968296051],[0.039816275238990784,0.0882878378033638,0.07095277309417725,0.80094313621521],[0.04759256914258003,0.07237078249454498,0.03944336250424385,0.8405933380126953]]",0794921c796ddbc878db48496780363fbc3a6e21eb11639b6ba5e5e4ceaa121b,0.2478625774383545,0.12769651412963867
case_00034,Dipeptidyl peptidase 4,P27487|Q53TN1,342,1.8618135452270508,1.8477692604064941,1.9429314136505127,0.30354043841362,0.30081886053085327,0.30354043841362,0.30081886053085327,0.3056607246398926,0.30077672004699707,0.532316267490387,"[0.022851254791021347,0.03635001555085182,0.039048075675964355,0.9017506837844849]","[0.0355486236512661,0.08650628477334976,0.0516914427280426,0.8262536525726318]","[[0.020615000277757645,0.02747046947479248,0.30369389057159424,0.6482205986976624],[0.006219298578798771,0.01764165796339512,0.7708558440208435,0.20528322458267212],[0.013930771499872208,0.05788593366742134,0.34264877438545227,0.5855345129966736],[0.11719071120023727,0.05006011947989464,0.4163537621498108,0.416395366191864]]","[[0.0013751429505646229,0.0019247609889134765,0.003491854527965188,0.9932082295417786],[0.022647084668278694,0.15477405488491058,0.08511372655630112,0.7374650835990906],[0.007284536957740784,0.008927511982619762,0.02857295796275139,0.9552149772644043],[0.033860232681035995,0.10124583542346954,0.03581393510103226,0.8290800452232361]]",0794921c796ddbc878db48496780363fbc3a6e21eb11639b6ba5e5e4ceaa121b,-0.01404428482055664,0.09516215324401855
case_00035,Dipeptidyl peptidase 4,P27487|Q53TN1,342,1.8618135452270508,1.9089581966400146,2.009761095046997,0.30354043841362,0.30081886053085327,0.30354043841362,0.30081886053085327,0.3054833710193634,0.3007950186729431,0.38719624280929565,"[0.022851254791021347,0.03635001555085182,0.039048075675964355,0.9017506837844849]","[0.049180373549461365,0.06333617866039276,0.1469808667898178,0.7405025362968445]","[[0.029200300574302673,0.04869295656681061,0.05181993916630745,0.870286762714386],[0.008868852630257607,0.035040900111198425,0.09335707128047943,0.8627331256866455],[0.026562247425317764,0.09156668186187744,0.27141255140304565,0.6104585528373718],[0.20947615802288055,0.097538061439991,0.22923435270786285,0.4637514054775238]]","[[0.004464591387659311,0.0037010167725384235,0.012416784651577473,0.979417622089386],[0.05463319644331932,0.18460193276405334,0.33606866002082825,0.42469629645347595],[0.16812561452388763,0.08435986191034317,0.041447773575782776,0.7060667276382446],[0.1709596812725067,0.2192659080028534,0.3848356306552887,0.2249387800693512]]",0794921c796ddbc878db48496780363fbc3a6e21eb11639b6ba5e5e4ceaa121b,0.04714465141296387,0.10080289840698242
case_00036,Dipeptidyl peptidase 4,P27487|Q53TN1,342,1.8618135452270508,1.8007712364196777,1.818843126296997,0.30354043841362,0.30081886053085327,0.30354043841362,0.30081886053085327,0.30546945333480835,0.3007165789604187,0.3858674168586731,"[0.022851254791021347,0.03635001555085182,0.039048075675964355,0.9017506837844849]","[0.11034327745437622,0.10335727781057358,0.17195314168930054,0.6143462657928467]","[[0.027118105441331863,0.07531427592039108,0.24579335749149323,0.6517743468284607],[0.013711430132389069,0.11260290443897247,0.469440758228302,0.40424489974975586],[0.03109554760158062,0.15564928948879242,0.323015958070755,0.4902391731739044],[0.1773403286933899,0.13926023244857788,0.385574072599411,0.29782533645629883]]","[[0.02551143616437912,0.026722274720668793,0.018739422783255577,0.9290268421173096],[0.010803621262311935,0.01710180938243866,0.017213303595781326,0.9548812508583069],[0.18447358906269073,0.09113406389951706,0.060843076556921005,0.6635493040084839],[0.07061508297920227,0.13204927742481232,0.08644624054431915,0.710889458656311]]",0794921c796ddbc878db48496780363fbc3a6e21eb11639b6ba5e5e4ceaa121b,-0.06104230880737305,0.018071889877319336
case_00037,Dipeptidyl peptidase 4,P27487|Q53TN1,342,1.8618135452270508,1.8442058563232422,1.8111300468444824,0.30354043841362,0.30081886053085327,0.30354043841362,0.30081886053085327,0.305471807718277,0.30071547627449036,0.4634026288986206,"[0.022851254791021347,0.03635001555085182,0.039048075675964355,0.9017506837844849]","[0.070319764316082,0.1364501416683197,0.16236113011837006,0.6308689713478088]","[[0.03082359954714775,0.1385442018508911,0.2758798897266388,0.5547523498535156],[0.011352436617016792,0.17170025408267975,0.45345690846443176,0.3634904623031616],[0.0251479372382164,0.24132207036018372,0.2637954652309418,0.4697344899177551],[0.17459791898727417,0.12378784269094467,0.26410314440727234,0.4375111758708954]]","[[0.006631587632000446,0.009493129327893257,0.007756897713989019,0.9761185050010681],[0.006365305278450251,0.015192393213510513,0.011241128668189049,0.9672011137008667],[0.11896204203367233,0.08103473484516144,0.05207396298646927,0.7479292154312134],[0.005404954310506582,0.01829018071293831,0.025769630447030067,0.9505352973937988]]",0794921c796ddbc878db48496780363fbc3a6e21eb11639b6ba5e5e4ceaa121b,-0.017607688903808594,-0.033075809478759766
case_00038,Dipeptidyl peptidase 4,P27487|Q53TN1,342,1.8618135452270508,2.1128861904144287,2.1296651363372803,0.30354043841362,0.30081886053085327,0.30354043841362,0.30081886053085327,0.3055763244628906,0.3007810711860657,0.46505290269851685,"[0.022851254791021347,0.03635001555085182,0.039048075675964355,0.9017506837844849]","[0.040980830788612366,0.1416674256324768,0.1397722214460373,0.6775795221328735]","[[0.024901259690523148,0.20215032994747162,0.41850730776786804,0.3544411063194275],[0.0032954213675111532,0.04649055749177933,0.8219754695892334,0.1282385289669037],[0.015351520851254463,0.19574546813964844,0.663981556892395,0.12492147833108902],[0.10850782692432404,0.16279157996177673,0.33934733271598816,0.3893532454967499]]","[[0.0003697549400385469,0.001926763216033578,0.0014784344239160419,0.996225118637085],[0.05330550670623779,0.08182507008314133,0.14823836088180542,0.7166310548782349],[0.06400986015796661,0.07503920793533325,0.043887633830308914,0.8170632719993591],[0.025654839351773262,0.029634157195687294,0.04404616355895996,0.9006648659706116]]",0794921c796ddbc878db48496780363fbc3a6e21eb11639b6ba5e5e4ceaa121b,0.25107264518737793,0.016778945922851562
case_00039,Dipeptidyl peptidase 4,P27487|Q53TN1,342,1.8618135452270508,2.1096761226654053,2.237372636795044,0.30354043841362,0.30081886053085327,0.30354043841362,0.30081886053085327,0.30561700463294983,0.30078837275505066,0.4884665012359619,"[0.022851254791021347,0.03635001555085182,0.039048075675964355,0.9017506837844849]","[0.06734490394592285,0.1753080189228058,0.07504109293222427,0.6823059916496277]","[[0.013231582008302212,0.016574351117014885,0.05553809180855751,0.9146559834480286],[0.010041074827313423,0.03910364955663681,0.2055080384016037,0.7453473210334778],[0.040222831070423126,0.05230153352022171,0.2733120918273926,0.6341635584831238],[0.2269536703824997,0.07591289281845093,0.3782404661178589,0.3188929557800293]]","[[0.056171927601099014,0.01032614428550005,0.02130422554910183,0.9121976494789124],[0.05115018039941788,0.026354162022471428,0.1346767544746399,0.787818968296051],[0.039816275238990784,0.0882878378033638,0.07095277309417725,0.80094313621521],[0.04759256914258003,0.07237078249454498,0.03944336250424385,0.8405933380126953]]",0794921c796ddbc878db48496780363fbc3a6e21eb11639b6ba5e5e4ceaa121b,0.2478625774383545,0.12769651412963867
case_00040,Dipeptidyl peptidase 4,P27487|Q53TN1,342,1.8618135452270508,2.015666961669922,2.1306755542755127,0.30354043841362,0.30081886053085327,0.30354043841362,0.30081886053085327,0.30555471777915955,0.30079686641693115,0.2266165018081665,"[0.022851254791021347,0.03635001555085182,0.039048075675964355,0.9017506837844849]","[0.11530991643667221,0.162272110581398,0.06949406862258911,0.6529238820075989]","[[0.060685161501169205,0.2881935238838196,0.1791171282529831,0.47200414538383484],[0.03409494832158089,0.24591781198978424,0.44400256872177124,0.27598464488983154],[0.04611458629369736,0.3067505657672882,0.46056538820266724,0.1865694373846054],[0.18843010067939758,0.21396255493164062,0.36575281620025635,0.23185455799102783]]","[[0.2906232476234436,0.07159852981567383,0.09473259001970291,0.543045699596405],[0.13740985095500946,0.033568840473890305,0.11792849749326706,0.7110928297042847],[0.04705149680376053,0.042825739830732346,0.01839004084467888,0.8917328119277954],[0.2772010266780853,0.199497252702713,0.0835672989487648,0.43973439931869507]]",0794921c796ddbc878db48496780363fbc3a6e21eb11639b6ba5e5e4ceaa121b,0.1538534164428711,0.11500859260559082
case_00041,Dipeptidyl peptidase 4,P27487|Q53TN1,342,1.8618135452270508,2.1096761226654053,2.237372636795044,0.30354043841362,0.30081886053085327,0.30354043841362,0.30081886053085327,0.30561700463294983,0.30078837275505066,0.4884665012359619,"[0.022851254791021347,0.03635001555085182,0.039048075675964355,0.9017506837844849]","[0.06734490394592285,0.1753080189228058,0.07504109293222427,0.6823059916496277]","[[0.013231582008302212,0.016574351117014885,0.05553809180855751,0.9146559834480286],[0.010041074827313423,0.03910364955663681,0.2055080384016037,0.7453473210334778],[0.040222831070423126,0.05230153352022171,0.2733120918273926,0.6341635584831238],[0.2269536703824997,0.07591289281845093,0.3782404661178589,0.3188929557800293]]","[[0.056171927601099014,0.01032614428550005,0.02130422554910183,0.9121976494789124],[0.05115018039941788,0.026354162022471428,0.1346767544746399,0.787818968296051],[0.039816275238990784,0.0882878378033638,0.07095277309417725,0.80094313621521],[0.04759256914258003,0.07237078249454498,0.03944336250424385,0.8405933380126953]]",0794921c796ddbc878db48496780363fbc3a6e21eb11639b6ba5e5e4ceaa121b,0.2478625774383545,0.12769651412963867
case_00042,Dipeptidyl peptidase 4,P27487|Q53TN1,342,1.8618135452270508,2.1096761226654053,2.237372636795044,0.30354043841362,0.30081886053085327,0.30354043841362,0.30081886053085327,0.30561700463294983,0.30078837275505066,0.4884665012359619,"[0.022851254791021347,0.03635001555085182,0.039048075675964355,0.9017506837844849]","[0.06734490394592285,0.1753080189228058,0.07504109293222427,0.6823059916496277]","[[0.013231582008302212,0.016574351117014885,0.05553809180855751,0.9146559834480286],[0.010041074827313423,0.03910364955663681,0.2055080384016037,0.7453473210334778],[0.040222831070423126,0.05230153352022171,0.2733120918273926,0.6341635584831238],[0.2269536703824997,0.07591289281845093,0.3782404661178589,0.3188929557800293]]","[[0.056171927601099014,0.01032614428550005,0.02130422554910183,0.9121976494789124],[0.05115018039941788,0.026354162022471428,0.1346767544746399,0.787818968296051],[0.039816275238990784,0.0882878378033638,0.07095277309417725,0.80094313621521],[0.04759256914258003,0.07237078249454498,0.03944336250424385,0.8405933380126953]]",0794921c796ddbc878db48496780363fbc3a6e21eb11639b6ba5e5e4ceaa121b,0.2478625774383545,0.12769651412963867
case_00043,Dipeptidyl peptidase 4,P27487|Q53TN1,342,1.8618135452270508,2.015666961669922,2.1306755542755127,0.30354043841362,0.30081886053085327,0.30354043841362,0.30081886053085327,0.30555471777915955,0.30079686641693115,0.2266165018081665,"[0.022851254791021347,0.03635001555085182,0.039048075675964355,0.9017506837844849]","[0.11530991643667221,0.162272110581398,0.06949406862258911,0.6529238820075989]","[[0.060685161501169205,0.2881935238838196,0.1791171282529831,0.47200414538383484],[0.03409494832158089,0.24591781198978424,0.44400256872177124,0.27598464488983154],[0.04611458629369736,0.3067505657672882,0.46056538820266724,0.1865694373846054],[0.18843010067939758,0.21396255493164062,0.36575281620025635,0.23185455799102783]]","[[0.2906232476234436,0.07159852981567383,0.09473259001970291,0.543045699596405],[0.13740985095500946,0.033568840473890305,0.11792849749326706,0.7110928297042847],[0.04705149680376053,0.042825739830732346,0.01839004084467888,0.8917328119277954],[0.2772010266780853,0.199497252702713,0.0835672989487648,0.43973439931869507]]",0794921c796ddbc878db48496780363fbc3a6e21eb11639b6ba5e5e4ceaa121b,0.1538534164428711,0.11500859260559082
case_00044,Dipeptidyl peptidase 4,P27487|Q53TN1,342,1.8618135452270508,2.015666961669922,2.1306755542755127,0.30354043841362,0.30081886053085327,0.30354043841362,0.30081886053085327,0.30555471777915955,0.30079686641693115,0.2266165018081665,"[0.022851254791021347,0.03635001555085182,0.039048075675964355,0.9017506837844849]","[0.11530991643667221,0.162272110581398,0.06949406862258911,0.6529238820075989]","[[0.060685161501169205,0.2881935238838196,0.1791171282529831,0.47200414538383484],[0.03409494832158089,0.24591781198978424,0.44400256872177124,0.27598464488983154],[0.04611458629369736,0.3067505657672882,0.46056538820266724,0.1865694373846054],[0.18843010067939758,0.21396255493164062,0.36575281620025635,0.23185455799102783]]","[[0.2906232476234436,0.07159852981567383,0.09473259001970291,0.543045699596405],[0.13740985095500946,0.033568840473890305,0.11792849749326706,0.7110928297042847],[0.04705149680376053,0.042825739830732346,0.01839004084467888,0.8917328119277954],[0.2772010266780853,0.199497252702713,0.0835672989487648,0.43973439931869507]]",0794921c796ddbc878db48496780363fbc3a6e21eb11639b6ba5e5e4ceaa121b,0.1538534164428711,0.11500859260559082
case_00045,Dipeptidyl peptidase 4,P27487|Q53TN1,342,1.8618135452270508,2.1096761226654053,2.237372636795044,0.30354043841362,0.30081886053085327,0.30354043841362,0.30081886053085327,0.30561700463294983,0.30078837275505066,0.4884665012359619,"[0.022851254791021347,0.03635001555085182,0.039048075675964355,0.9017506837844849]","[0.06734490394592285,0.1753080189228058,0.07504109293222427,0.6823059916496277]","[[0.013231582008302212,0.016574351117014885,0.05553809180855751,0.9146559834480286],[0.010041074827313423,0.03910364955663681,0.2055080384016037,0.7453473210334778],[0.040222831070423126,0.05230153352022171,0.2733120918273926,0.6341635584831238],[0.2269536703824997,0.07591289281845093,0.3782404661178589,0.3188929557800293]]","[[0.056171927601099014,0.01032614428550005,0.02130422554910183,0.9121976494789124],[0.05115018039941788,0.026354162022471428,0.1346767544746399,0.787818968296051],[0.039816275238990784,0.0882878378033638,0.07095277309417725,0.80094313621521],[0.04759256914258003,0.07237078249454498,0.03944336250424385,0.8405933380126953]]",0794921c796ddbc878db48496780363fbc3a6e21eb11639b6ba5e5e4ceaa121b,0.2478625774383545,0.12769651412963867
case_00046,Dipeptidyl peptidase 4,P27487|Q53TN1,342,1.8618135452270508,2.015666961669922,2.1306755542755127,0.30354043841362,0.30081886053085327,0.30354043841362,0.30081886053085327,0.30555471777915955,0.30079686641693115,0.2266165018081665,"[0.022851254791021347,0.03635001555085182,0.039048075675964355,0.9017506837844849]","[0.11530991643667221,0.162272110581398,0.06949406862258911,0.6529238820075989]","[[0.060685161501169205,0.2881935238838196,0.1791171282529831,0.47200414538383484],[0.03409494832158089,0.24591781198978424,0.44400256872177124,0.27598464488983154],[0.04611458629369736,0.3067505657672882,0.46056538820266724,0.1865694373846054],[0.18843010067939758,0.21396255493164062,0.36575281620025635,0.23185455799102783]]","[[0.2906232476234436,0.07159852981567383,0.09473259001970291,0.543045699596405],[0.13740985095500946,0.033568840473890305,0.11792849749326706,0.7110928297042847],[0.04705149680376053,0.042825739830732346,0.01839004084467888,0.8917328119277954],[0.2772010266780853,0.199497252702713,0.0835672989487648,0.43973439931869507]]",0794921c796ddbc878db48496780363fbc3a6e21eb11639b6ba5e5e4ceaa121b,0.1538534164428711,0.11500859260559082
case_00047,Dipeptidyl peptidase 4,P27487|Q53TN1,342,1.8618135452270508,2.1096761226654053,2.237372636795044,0.30354043841362,0.30081886053085327,0.30354043841362,0.30081886053085327,0.30561700463294983,0.30078837275505066,0.4884665012359619,"[0.022851254791021347,0.03635001555085182,0.039048075675964355,0.9017506837844849]","[0.06734490394592285,0.1753080189228058,0.07504109293222427,0.6823059916496277]","[[0.013231582008302212,0.016574351117014885,0.05553809180855751,0.9146559834480286],[0.010041074827313423,0.03910364955663681,0.2055080384016037,0.7453473210334778],[0.040222831070423126,0.05230153352022171,0.2733120918273926,0.6341635584831238],[0.2269536703824997,0.07591289281845093,0.3782404661178589,0.3188929557800293]]","[[0.056171927601099014,0.01032614428550005,0.02130422554910183,0.9121976494789124],[0.05115018039941788,0.026354162022471428,0.1346767544746399,0.787818968296051],[0.039816275238990784,0.0882878378033638,0.07095277309417725,0.80094313621521],[0.04759256914258003,0.07237078249454498,0.03944336250424385,0.8405933380126953]]",0794921c796ddbc878db48496780363fbc3a6e21eb11639b6ba5e5e4ceaa121b,0.2478625774383545,0.12769651412963867
case_00048,Dipeptidyl peptidase 4,P27487|Q53TN1,342,1.8618135452270508,1.9089581966400146,2.009761095046997,0.30354043841362,0.30081886053085327,0.30354043841362,0.30081886053085327,0.3054833710193634,0.3007950186729431,0.38719624280929565,"[0.022851254791021347,0.03635001555085182,0.039048075675964355,0.9017506837844849]","[0.049180373549461365,0.06333617866039276,0.1469808667898178,0.7405025362968445]","[[0.029200300574302673,0.04869295656681061,0.05181993916630745,0.870286762714386],[0.008868852630257607,0.035040900111198425,0.09335707128047943,0.8627331256866455],[0.026562247425317764,0.09156668186187744,0.27141255140304565,0.6104585528373718],[0.20947615802288055,0.097538061439991,0.22923435270786285,0.4637514054775238]]","[[0.004464591387659311,0.0037010167725384235,0.012416784651577473,0.979417622089386],[0.05463319644331932,0.18460193276405334,0.33606866002082825,0.42469629645347595],[0.16812561452388763,0.08435986191034317,0.041447773575782776,0.7060667276382446],[0.1709596812725067,0.2192659080028534,0.3848356306552887,0.2249387800693512]]",0794921c796ddbc878db48496780363fbc3a6e21eb11639b6ba5e5e4ceaa121b,0.04714465141296387,0.10080289840698242
case_00049,Dipeptidyl peptidase 4,P27487|Q53TN1,342,1.8618135452270508,2.072739362716675,2.0961835384368896,0.30354043841362,0.30081886053085327,0.30354043841362,0.30081886053085327,0.3056965470314026,0.3007793724536896,0.4332766532897949,"[0.022851254791021347,0.03635001555085182,0.039048075675964355,0.9017506837844849]","[0.01764163374900818,0.10190461575984955,0.12064475566148758,0.7598090767860413]","[[0.014087791554629803,0.022180959582328796,0.17505358159542084,0.7886776924133301],[0.009576283395290375,0.043477244675159454,0.506703794002533,0.4402426779270172],[0.030554695054888725,0.1004805788397789,0.25211042165756226,0.6168543100357056],[0.12260078638792038,0.05633564293384552,0.2989408075809479,0.5221228003501892]]","[[0.0005698073073290288,0.0003903452306985855,0.0005658310255967081,0.9984740614891052],[0.010411969386041164,0.08429253101348877,0.10268808901309967,0.8026074171066284],[0.06640366464853287,0.053077053278684616,0.10558795928955078,0.7749313712120056],[0.24304506182670593,0.15190377831459045,0.10238798707723618,0.5026631951332092]]",0794921c796ddbc878db48496780363fbc3a6e21eb11639b6ba5e5e4ceaa121b,0.21092581748962402,0.023444175720214844
case_00050,Dipeptidyl peptidase 4,P27487|Q53TN1,342,1.8618135452270508,2.1096761226654053,2.237372636795044,0.30354043841362,0.30081886053085327,0.30354043841362,0.30081886053085327,0.30561700463294983,0.30078837275505066,0.4884665012359619,"[0.022851254791021347,0.03635001555085182,0.039048075675964355,0.9017506837844849]","[0.06734490394592285,0.1753080189228058,0.07504109293222427,0.6823059916496277]","[[0.013231582008302212,0.016574351117014885,0.05553809180855751,0.9146559834480286],[0.010041074827313423,0.03910364955663681,0.2055080384016037,0.7453473210334778],[0.040222831070423126,0.05230153352022171,0.2733120918273926,0.6341635584831238],[0.2269536703824997,0.07591289281845093,0.3782404661178589,0.3188929557800293]]","[[0.056171927601099014,0.01032614428550005,0.02130422554910183,0.9121976494789124],[0.05115018039941788,0.026354162022471428,0.1346767544746399,0.787818968296051],[0.039816275238990784,0.0882878378033638,0.07095277309417725,0.80094313621521],[0.04759256914258003,0.07237078249454498,0.03944336250424385,0.8405933380126953]]",0794921c796ddbc878db48496780363fbc3a6e21eb11639b6ba5e5e4ceaa121b,0.2478625774383545,0.12769651412963867
case_00051,Dipeptidyl peptidase 4,P27487|Q53TN1,342,1.8618135452270508,2.015666961669922,2.1306755542755127,0.30354043841362,0.30081886053085327,0.30354043841362,0.30081886053085327,0.30555471777915955,0.30079686641693115,0.2266165018081665,"[0.022851254791021347,0.03635001555085182,0.039048075675964355,0.9017506837844849]","[0.11530991643667221,0.162272110581398,0.06949406862258911,0.6529238820075989]","[[0.060685161501169205,0.2881935238838196,0.1791171282529831,0.47200414538383484],[0.03409494832158089,0.24591781198978424,0.44400256872177124,0.27598464488983154],[0.04611458629369736,0.3067505657672882,0.46056538820266724,0.1865694373846054],[0.18843010067939758,0.21396255493164062,0.36575281620025635,0.23185455799102783]]","[[0.2906232476234436,0.07159852981567383,0.09473259001970291,0.543045699596405],[0.13740985095500946,0.033568840473890305,0.11792849749326706,0.7110928297042847],[0.04705149680376053,0.042825739830732346,0.01839004084467888,0.8917328119277954],[0.2772010266780853,0.199497252702713,0.0835672989487648,0.43973439931869507]]",0794921c796ddbc878db48496780363fbc3a6e21eb11639b6ba5e5e4ceaa121b,0.1538534164428711,0.11500859260559082
case_00052,Dipeptidyl peptidase 4,P27487|Q53TN1,342,1.8618135452270508,2.057338237762451,2.1361701488494873,0.30354043841362,0.30081886053085327,0.30354043841362,0.30081886053085327,0.3055393695831299,0.3008102476596832,0.5039514303207397,"[0.022851254791021347,0.03635001555085182,0.039048075675964355,0.9017506837844849]","[0.03008950874209404,0.13394629955291748,0.07875454425811768,0.7572096586227417]","[[0.029533693566918373,0.027859440073370934,0.17344477772712708,0.7691619992256165],[0.0066720834001898766,0.018643902614712715,0.5998951196670532,0.37478891015052795],[0.015374436974525452,0.05887961387634277,0.21021048724651337,0.7155354022979736],[0.10384413599967957,0.042286086827516556,0.19465424120426178,0.6592155694961548]]","[[0.001617105444893241,0.0022018414456397295,0.0033053525257855654,0.9928756952285767],[0.027246909216046333,0.1773405820131302,0.07367769628763199,0.7217347621917725],[0.0069138044491410255,0.009217223152518272,0.02593836560845375,0.9579306244850159],[0.15788809955120087,0.22133439779281616,0.07679982483386993,0.543977677822113]]",0794921c796ddbc878db48496780363fbc3a6e21eb11639b6ba5e5e4ceaa121b,0.1955246925354004,0.07883191108703613
case_00053,Dipeptidyl peptidase 4,P27487|Q53TN1,342,1.8618135452270508,1.993483066558838,2.036391496658325,0.30354043841362,0.30081886053085327,0.30354043841362,0.30081886053085327,0.3056524693965912,0.3007948398590088,0.5254831910133362,"[0.022851254791021347,0.03635001555085182,0.039048075675964355,0.9017506837844849]","[0.05498529598116875,0.18106848001480103,0.13744273781776428,0.6265034675598145]","[[0.014813391491770744,0.030719764530658722,0.2217341810464859,0.7327326536178589],[0.002647269982844591,0.01788308657705784,0.6528404951095581,0.3266291320323944],[0.019245825707912445,0.09046585112810135,0.2852891683578491,0.6049991846084595],[0.14827948808670044,0.11682309955358505,0.35070741176605225,0.38419002294540405]]","[[0.0005596508271992207,0.0010746689513325691,0.0009744918788783252,0.9973911046981812],[0.0070401886478066444,0.02046697773039341,0.022243130952119827,0.9502497315406799],[0.010532183572649956,0.0065419054590165615,0.017914297059178352,0.9650116562843323],[0.16572239995002747,0.14047497510910034,0.10371489077806473,0.5900877714157104]]",0794921c796ddbc878db48496780363fbc3a6e21eb11639b6ba5e5e4ceaa121b,0.1316695213317871,0.042908430099487305
case_00054,Dipeptidyl peptidase 4,P27487|Q53TN1,342,1.8618135452270508,1.9935646057128906,2.1156132221221924,0.30354043841362,0.30081886053085327,0.30354043841362,0.30081886053085327,0.3055868446826935,0.3008125424385071,0.5185514688491821,"[0.022851254791021347,0.03635001555085182,0.039048075675964355,0.9017506837844849]","[0.0594625398516655,0.1656283140182495,0.13985806703567505,0.6350510120391846]","[[0.0231948122382164,0.05916954204440117,0.3547976613044739,0.5628380179405212],[0.0019542258232831955,0.022179152816534042,0.8115637898445129,0.1643027663230896],[0.01651371270418167,0.0829695537686348,0.5773746967315674,0.32314202189445496],[0.13475145399570465,0.1165972426533699,0.3605431020259857,0.38810819387435913]]","[[0.0005299784243106842,0.0011395012261345983,0.001308515085838735,0.9970220923423767],[0.004404879175126553,0.009629172272980213,0.01977579854428768,0.9661901593208313],[0.0048311506398022175,0.002354367868974805,0.01424427144229412,0.978570282459259],[0.2972334921360016,0.11732610315084457,0.1894291788339615,0.39601120352745056]]",0794921c796ddbc878db48496780363fbc3a6e21eb11639b6ba5e5e4ceaa121b,0.13175106048583984,0.12204861640930176
case_00055,Dipeptidyl peptidase 4,P27487|Q53TN1,342,1.8618135452270508,2.1790950298309326,2.223085880279541,0.30354043841362,0.30081886053085327,0.30354043841362,0.30081886053085327,0.3056570291519165,0.30080798268318176,0.5016443729400635,"[0.022851254791021347,0.03635001555085182,0.039048075675964355,0.9017506837844849]","[0.05539345741271973,0.11203456670045853,0.11263220012187958,0.7199398279190063]","[[0.018794000148773193,0.045500267297029495,0.5062433481216431,0.42946237325668335],[0.0014594722306355834,0.016764910891652107,0.6008003950119019,0.3809751868247986],[0.009178838692605495,0.0469742976129055,0.5113955140113831,0.4324513077735901],[0.13573093712329865,0.09522929042577744,0.4165591299533844,0.35248059034347534]]","[[0.002880942542105913,0.003068707650527358,0.0035963186528533697,0.9904540777206421],[0.017783747985959053,0.014919282868504524,0.06238371133804321,0.9049132466316223],[0.003853040048852563,0.0029441076330840588,0.01937125436961651,0.9738315343856812],[0.1536269187927246,0.1984301060438156,0.07877795398235321,0.5691649913787842]]",0794921c796ddbc878db48496780363fbc3a6e21eb11639b6ba5e5e4ceaa121b,0.31728148460388184,0.0439908504486084
case_00056,Dipeptidyl peptidase 4,P27487|Q53TN1,342,1.8618135452270508,2.1096761226654053,2.237372636795044,0.30354043841362,0.30081886053085327,0.30354043841362,0.30081886053085327,0.30561700463294983,0.30078837275505066,0.4884665012359619,"[0.022851254791021347,0.03635001555085182,0.039048075675964355,0.9017506837844849]","[0.06734490394592285,0.1753080189228058,0.07504109293222427,0.6823059916496277]","[[0.013231582008302212,0.016574351117014885,0.05553809180855751,0.9146559834480286],[0.010041074827313423,0.03910364955663681,0.2055080384016037,0.7453473210334778],[0.040222831070423126,0.05230153352022171,0.2733120918273926,0.6341635584831238],[0.2269536703824997,0.07591289281845093,0.3782404661178589,0.3188929557800293]]","[[0.056171927601099014,0.01032614428550005,0.02130422554910183,0.9121976494789124],[0.05115018039941788,0.026354162022471428,0.1346767544746399,0.787818968296051],[0.039816275238990784,0.0882878378033638,0.07095277309417725,0.80094313621521],[0.04759256914258003,0.07237078249454498,0.03944336250424385,0.8405933380126953]]",0794921c796ddbc878db48496780363fbc3a6e21eb11639b6ba5e5e4ceaa121b,0.2478625774383545,0.12769651412963867
case_00057,Dipeptidyl peptidase 4,P27487|Q53TN1,342,1.8618135452270508,1.993483066558838,2.036391496658325,0.30354043841362,0.30081886053085327,0.30354043841362,0.30081886053085327,0.3056524693965912,0.3007948398590088,0.5254831910133362,"[0.022851254791021347,0.03635001555085182,0.039048075675964355,0.9017506837844849]","[0.05498529598116875,0.18106848001480103,0.13744273781776428,0.6265034675598145]","[[0.014813391491770744,0.030719764530658722,0.2217341810464859,0.7327326536178589],[0.002647269982844591,0.01788308657705784,0.6528404951095581,0.3266291320323944],[0.019245825707912445,0.09046585112810135,0.2852891683578491,0.6049991846084595],[0.14827948808670044,0.11682309955358505,0.35070741176605225,0.38419002294540405]]","[[0.0005596508271992207,0.0010746689513325691,0.0009744918788783252,0.9973911046981812],[0.0070401886478066444,0.02046697773039341,0.022243130952119827,0.9502497315406799],[0.010532183572649956,0.0065419054590165615,0.017914297059178352,0.9650116562843323],[0.16572239995002747,0.14047497510910034,0.10371489077806473,0.5900877714157104]]",0794921c796ddbc878db48496780363fbc3a6e21eb11639b6ba5e5e4ceaa121b,0.1316695213317871,0.042908430099487305
case_00058,Dipeptidyl peptidase 4,P27487|Q53TN1,342,1.8618135452270508,2.015666961669922,2.1306755542755127,0.30354043841362,0.30081886053085327,0.30354043841362,0.30081886053085327,0.30555471777915955,0.30079686641693115,0.2266165018081665,"[0.022851254791021347,0.03635001555085182,0.039048075675964355,0.9017506837844849]","[0.11530991643667221,0.162272110581398,0.06949406862258911,0.6529238820075989]","[[0.060685161501169205,0.2881935238838196,0.1791171282529831,0.47200414538383484],[0.03409494832158089,0.24591781198978424,0.44400256872177124,0.27598464488983154],[0.04611458629369736,0.3067505657672882,0.46056538820266724,0.1865694373846054],[0.18843010067939758,0.21396255493164062,0.36575281620025635,0.23185455799102783]]","[[0.2906232476234436,0.07159852981567383,0.09473259001970291,0.543045699596405],[0.13740985095500946,0.033568840473890305,0.11792849749326706,0.7110928297042847],[0.04705149680376053,0.042825739830732346,0.01839004084467888,0.8917328119277954],[0.2772010266780853,0.199497252702713,0.0835672989487648,0.43973439931869507]]",0794921c796ddbc878db48496780363fbc3a6e21eb11639b6ba5e5e4ceaa121b,0.1538534164428711,0.11500859260559082
case_00059,Dipeptidyl peptidase 4,P27487|Q53TN1,342,1.8618135452270508,2.1128861904144287,2.1296651363372803,0.30354043841362,0.30081886053085327,0.30354043841362,0.30081886053085327,0.3055763244628906,0.3007810711860657,0.46505290269851685,"[0.022851254791021347,0.03635001555085182,0.039048075675964355,0.9017506837844849]","[0.040980830788612366,0.1416674256324768,0.1397722214460373,0.6775795221328735]","[[0.024901259690523148,0.20215032994747162,0.41850730776786804,0.3544411063194275],[0.0032954213675111532,0.04649055749177933,0.8219754695892334,0.1282385289669037],[0.015351520851254463,0.19574546813964844,0.663981556892395,0.12492147833108902],[0.10850782692432404,0.16279157996177673,0.33934733271598816,0.3893532454967499]]","[[0.0003697549400385469,0.001926763216033578,0.0014784344239160419,0.996225118637085],[0.05330550670623779,0.08182507008314133,0.14823836088180542,0.7166310548782349],[0.06400986015796661,0.07503920793533325,0.043887633830308914,0.8170632719993591],[0.025654839351773262,0.029634157195687294,0.04404616355895996,0.9006648659706116]]",0794921c796ddbc878db48496780363fbc3a6e21eb11639b6ba5e5e4ceaa121b,0.25107264518737793,0.016778945922851562
case_00060,Dipeptidyl peptidase 4,P27487|Q53TN1,342,1.8618135452270508,1.9089581966400146,2.009761095046997,0.30354043841362,0.30081886053085327,0.30354043841362,0.30081886053085327,0.3054833710193634,0.3007950186729431,0.38719624280929565,"[0.022851254791021347,0.03635001555085182,0.039048075675964355,0.9017506837844849]","[0.049180373549461365,0.06333617866039276,0.1469808667898178,0.7405025362968445]","[[0.029200300574302673,0.04869295656681061,0.05181993916630745,0.870286762714386],[0.008868852630257607,0.035040900111198425,0.09335707128047943,0.8627331256866455],[0.026562247425317764,0.09156668186187744,0.27141255140304565,0.6104585528373718],[0.20947615802288055,0.097538061439991,0.22923435270786285,0.4637514054775238]]","[[0.004464591387659311,0.0037010167725384235,0.012416784651577473,0.979417622089386],[0.05463319644331932,0.18460193276405334,0.33606866002082825,0.42469629645347595],[0.16812561452388763,0.08435986191034317,0.041447773575782776,0.7060667276382446],[0.1709596812725067,0.2192659080028534,0.3848356306552887,0.2249387800693512]]",0794921c796ddbc878db48496780363fbc3a6e21eb11639b6ba5e5e4ceaa121b,0.04714465141296387,0.10080289840698242
case_00061,Dipeptidyl peptidase 4,P27487|Q53TN1,342,1.8618135452270508,1.7983167171478271,1.8512718677520752,0.30354043841362,0.30081886053085327,0.30354043841362,0.30081886053085327,0.305484414100647,0.3007453680038452,0.4603040814399719,"[0.022851254791021347,0.03635001555085182,0.039048075675964355,0.9017506837844849]","[0.07644063234329224,0.08309129625558853,0.08892513811588287,0.7515429854393005]","[[0.022629162296652794,0.03953677415847778,0.19907929003238678,0.7387548089027405],[0.014914754778146744,0.05854414403438568,0.5299721956253052,0.3965688943862915],[0.029637061059474945,0.10226470232009888,0.32683220505714417,0.5412660241127014],[0.13910545408725739,0.08738873898983002,0.42979058623313904,0.34371519088745117]]","[[0.014691046439111233,0.015144485980272293,0.013476480729877949,0.9566879272460938],[0.013144784606993198,0.021226217970252037,0.013901890255510807,0.9517270922660828],[0.1784239411354065,0.10901849716901779,0.05653611198067665,0.6560214757919312],[0.023299526423215866,0.053959980607032776,0.07646310329437256,0.8462774157524109]]",0794921c796ddbc878db48496780363fbc3a6e21eb11639b6ba5e5e4ceaa121b,-0.06349682807922363,0.05295515060424805
case_00062,Dipeptidyl peptidase 4,P27487|Q53TN1,342,1.8618135452270508,1.8007712364196777,1.818843126296997,0.30354043841362,0.30081886053085327,0.30354043841362,0.30081886053085327,0.30546945333480835,0.3007165789604187,0.3858674168586731,"[0.022851254791021347,0.03635001555085182,0.039048075675964355,0.9017506837844849]","[0.11034327745437622,0.10335727781057358,0.17195314168930054,0.6143462657928467]","[[0.027118105441331863,0.07531427592039108,0.24579335749149323,0.6517743468284607],[0.013711430132389069,0.11260290443897247,0.469440758228302,0.40424489974975586],[0.03109554760158062,0.15564928948879242,0.323015958070755,0.4902391731739044],[0.1773403286933899,0.13926023244857788,0.385574072599411,0.29782533645629883]]","[[0.02551143616437912,0.026722274720668793,0.018739422783255577,0.9290268421173096],[0.010803621262311935,0.01710180938243866,0.017213303595781326,0.9548812508583069],[0.18447358906269073,0.09113406389951706,0.060843076556921005,0.6635493040084839],[0.07061508297920227,0.13204927742481232,0.08644624054431915,0.710889458656311]]",0794921c796ddbc878db48496780363fbc3a6e21eb11639b6ba5e5e4ceaa121b,-0.06104230880737305,0.018071889877319336
case_00001,NK1R,P25103,442,2.368335723876953,2.5446817874908447,2.4679505825042725,0.3041549026966095,0.2995311915874481,0.3041549026966095,0.2995311915874481,0.3061821162700653,0.29944851994514465,0.3185376524925232,"[0.007293255068361759,0.020870715379714966,0.056798651814460754,0.9150373935699463]","[0.025759126991033554,0.11832034587860107,0.7215571403503418,0.13436339795589447]","[[0.05673092231154442,0.12158475071191788,0.17151890695095062,0.6501654386520386],[0.029555778950452805,0.10717566311359406,0.17160910367965698,0.6916594505310059],[0.031851522624492645,0.1271379142999649,0.2571604549884796,0.583850085735321],[0.056044042110443115,0.13260935246944427,0.2675240635871887,0.5438225269317627]]","[[0.01078946702182293,0.015948306769132614,0.1413181722164154,0.8319439888000488],[0.11209172755479813,0.055871304124593735,0.032827120274305344,0.7992098331451416],[0.12442545592784882,0.08180780708789825,0.29022541642189026,0.5035413503646851],[0.41324952244758606,0.03950890153646469,0.10887105762958527,0.4383704960346222]]",631ef93608905533d365fb97ed0ecc379a60c0993e0d15ad8dd8c4d29a42bd65,0.1763460636138916,-0.07673120498657227
case_00002,NK1R,P25103,442,2.368335723876953,2.584853410720825,2.559910535812378,0.3041549026966095,0.2995311915874481,0.3041549026966095,0.2995311915874481,0.3063597083091736,0.2994210720062256,0.2233867049217224,"[0.007293255068361759,0.020870715379714966,0.056798651814460754,0.9150373935699463]","[0.02152375504374504,0.24949324131011963,0.6103202104568481,0.11866281926631927]","[[0.04305350407958031,0.06215444952249527,0.4568302631378174,0.43796178698539734],[0.04945380240678787,0.17702652513980865,0.2176949679851532,0.5558247566223145],[0.05127332732081413,0.06772241741418839,0.31366413831710815,0.5673401355743408],[0.05201434716582298,0.09458205103874207,0.46515628695487976,0.38824737071990967]]","[[0.025576939806342125,0.024047357961535454,0.37990015745162964,0.5704755783081055],[0.5797460675239563,0.07737089693546295,0.06819644570350647,0.27468663454055786],[0.5417770743370056,0.11021008342504501,0.2083941102027893,0.13961873948574066],[0.29451847076416016,0.1309083104133606,0.12973898649215698,0.4448341727256775]]",631ef93608905533d365fb97ed0ecc379a60c0993e0d15ad8dd8c4d29a42bd65,0.21651768684387207,-0.024942874908447266
case_00003,NK1R,P25103,442,2.368335723876953,2.5337207317352295,2.4244372844696045,0.3041549026966095,0.2995311915874481,0.3041549026966095,0.2995311915874481,0.3063582181930542,0.2994222640991211,0.2952285408973694,"[0.007293255068361759,0.020870715379714966,0.056798651814460754,0.9150373935699463]","[0.012186221778392792,0.20695248246192932,0.6899189949035645,0.09094229340553284]","[[0.014909952878952026,0.04030141606926918,0.4777766764163971,0.46701186895370483],[0.020574957132339478,0.11114976555109024,0.18704119324684143,0.6812340021133423],[0.02365252934396267,0.07197975367307663,0.3084641695022583,0.5959035158157349],[0.03939509019255638,0.1465965062379837,0.40449434518814087,0.40951400995254517]]","[[0.033983275294303894,0.036689866334199905,0.31414899230003357,0.6151778101921082],[0.5329104661941528,0.062063563615083694,0.06043633073568344,0.34458959102630615],[0.1432003676891327,0.08515340834856033,0.14364129304885864,0.6280049681663513],[0.0861458033323288,0.09156633168458939,0.1151961013674736,0.7070918083190918]]",631ef93608905533d365fb97ed0ecc379a60c0993e0d15ad8dd8c4d29a42bd65,0.16538500785827637,-0.109283447265625
case_00004,NK1R,P25103,442,2.368335723876953,2.6940643787384033,2.650757074356079,0.3041549026966095,0.2995311915874481,0.3041549026966095,0.2995311915874481,0.30622074007987976,0.2994559407234192,0.272636353969574,"[0.007293255068361759,0.020870715379714966,0.056798651814460754,0.9150373935699463]","[0.030258536338806152,0.20516517758369446,0.6486731767654419,0.11590311676263809]","[[0.021969763562083244,0.03333817422389984,0.40280264616012573,0.5418893694877625],[0.031480249017477036,0.09906134754419327,0.2369215488433838,0.6325368285179138],[0.02146526798605919,0.05270228907465935,0.4361039102077484,0.48972848057746887],[0.0382530651986599,0.057923655956983566,0.42806321382522583,0.4757600724697113]]","[[0.014112208038568497,0.020098861306905746,0.3926537334918976,0.573135256767273],[0.4702516794204712,0.09034348279237747,0.06338613480329514,0.3760187029838562],[0.2849581837654114,0.0543224923312664,0.342223197221756,0.31849610805511475],[0.11872182041406631,0.10906265676021576,0.140199676156044,0.6320158243179321]]",631ef93608905533d365fb97ed0ecc379a60c0993e0d15ad8dd8c4d29a42bd65,0.3257286548614502,-0.04330730438232422
case_00005,NK1R,P25103,442,2.368335723876953,2.6776251792907715,2.453350305557251,0.3041549026966095,0.2995311915874481,0.3041549026966095,0.2995311915874481,0.30623719096183777,0.29944857954978943,0.3566211462020874,"[0.007293255068361759,0.020870715379714966,0.056798651814460754,0.9150373935699463]","[0.04966198652982712,0.22436340153217316,0.5616062879562378,0.16436833143234253]","[[0.036540355533361435,0.03354795649647713,0.48489266633987427,0.4450189471244812],[0.031116362661123276,0.053635694086551666,0.2539742588996887,0.6612736582756042],[0.02634540945291519,0.045998990535736084,0.45216861367225647,0.47548699378967285],[0.043661847710609436,0.05225750803947449,0.4204225242137909,0.483658105134964]]","[[0.012003572657704353,0.027831222862005234,0.2337435483932495,0.7264216542243958],[0.2173420637845993,0.06830873340368271,0.04458235949277878,0.6697668433189392],[0.13664162158966064,0.06972518563270569,0.23067104816436768,0.5629621744155884],[0.05880749598145485,0.030773669481277466,0.059880420565605164,0.8505383729934692]]",631ef93608905533d365fb97ed0ecc379a60c0993e0d15ad8dd8c4d29a42bd65,0.30928945541381836,-0.2242748737335205
case_00006,NK1R,P25103,442,2.368335723876953,2.618041753768921,2.502692461013794,0.3041549026966095,0.2995311915874481,0.3041549026966095,0.2995311915874481,0.30617469549179077,0.29943254590034485,0.28774142265319824,"[0.007293255068361759,0.020870715379714966,0.056798651814460754,0.9150373935699463]","[0.02845429815351963,0.19216252863407135,0.6915228366851807,0.08786026388406754]","[[0.021868957206606865,0.03322755545377731,0.5101554989814758,0.43474799394607544],[0.03236447647213936,0.10290292650461197,0.2962292730808258,0.5685033202171326],[0.0202273391187191,0.04886621609330177,0.46016639471054077,0.47074002027511597],[0.042134422808885574,0.06160514056682587,0.4386579990386963,0.4576024115085602]]","[[0.014112208038568497,0.020098861306905746,0.3926537334918976,0.573135256767273],[0.429510235786438,0.11041281372308731,0.07322926819324493,0.38684773445129395],[0.3057776391506195,0.05973411723971367,0.3475276231765747,0.286960631608963],[0.07692579925060272,0.04858686402440071,0.09490735828876495,0.7795799970626831]]",631ef93608905533d365fb97ed0ecc379a60c0993e0d15ad8dd8c4d29a42bd65,0.24970602989196777,-0.11534929275512695
case_00007,NK1R,P25103,442,2.368335723876953,2.302722930908203,2.397656202316284,0.3041549026966095,0.2995311915874481,0.3041549026966095,0.2995311915874481,0.3061779737472534,0.29939892888069153,0.3330370783805847,"[0.007293255068361759,0.020870715379714966,0.056798651814460754,0.9150373935699463]","[0.04685068503022194,0.20532619953155518,0.6226984262466431,0.12512469291687012]","[[0.021609384566545486,0.12012635916471481,0.032227326184511185,0.8260369300842285],[0.011621729470789433,0.09976177662611008,0.04659102484583855,0.8420254588127136],[0.028990084305405617,0.06939654052257538,0.09284021705389023,0.8087731599807739],[0.08369865268468857,0.1743207573890686,0.23979024589061737,0.502190351486206]]","[[0.011705383658409119,0.009573127143085003,0.6933161020278931,0.2854054570198059],[0.3391790986061096,0.049150675535202026,0.1309068202972412,0.48076340556144714],[0.22537052631378174,0.24170927703380585,0.37034276127815247,0.16257745027542114],[0.11507526785135269,0.06489573419094086,0.41844987869262695,0.4015791118144989]]",631ef93608905533d365fb97ed0ecc379a60c0993e0d15ad8dd8c4d29a42bd65,-0.06561279296875,0.09493327140808105
case_00008,NK1R,P25103,442,2.368335723876953,2.302722930908203,2.397656202316284,0.3041549026966095,0.2995311915874481,0.3041549026966095,0.2995311915874481,0.3061779737472534,0.29939892888069153,0.3330370783805847,"[0.007293255068361759,0.020870715379714966,0.056798651814460754,0.9150373935699463]","[0.04685068503022194,0.20532619953155518,0.6226984262466431,0.12512469291687012]","[[0.021609384566545486,0.12012635916471481,0.032227326184511185,0.8260369300842285],[0.011621729470789433,0.09976177662611008,0.04659102484583855,0.8420254588127136],[0.028990084305405617,0.06939654052257538,0.09284021705389023,0.8087731599807739],[0.08369865268468857,0.1743207573890686,0.23979024589061737,0.502190351486206]]","[[0.011705383658409119,0.009573127143085003,0.6933161020278931,0.2854054570198059],[0.3391790986061096,0.049150675535202026,0.1309068202972412,0.48076340556144714],[0.22537052631378174,0.24170927703380585,0.37034276127815247,0.16257745027542114],[0.11507526785135269,0.06489573419094086,0.41844987869262695,0.4015791118144989]]",631ef93608905533d365fb97ed0ecc379a60c0993e0d15ad8dd8c4d29a42bd65,-0.06561279296875,0.09493327140808105
case_00009,sAC,Q96PN6,442,2.334939956665039,2.599323034286499,2.5657742023468018,0.3041549026966095,0.2995311915874481,0.3041549026966095,0.2995311915874481,0.30612313747406006,0.29941076040267944,0.32240498065948486,"[0.007872696034610271,0.022541861981153488,0.103963203728199,0.8656222224235535]","[0.023638008162379265,0.13753490149974823,0.7111905217170715,0.1276366114616394]","[[0.06271543353796005,0.05898180231451988,0.44436854124069214,0.4339342713356018],[0.018419986590743065,0.038181643933057785,0.16538456082344055,0.7780137658119202],[0.018354099243879318,0.04001760855317116,0.4550684988498688,0.48655977845191956],[0.07391896843910217,0.10607261210680008,0.40652623772621155,0.4134821593761444]]","[[0.001247862703166902,0.002793447580188513,0.12609981000423431,0.8698589205741882],[0.18126830458641052,0.04257718473672867,0.05669368430972099,0.7194607853889465],[0.3760797083377838,0.37869971990585327,0.18630218505859375,0.05891839787364006],[0.29559749364852905,0.10374920070171356,0.13501785695552826,0.4656355082988739]]",631ef93608905533d365fb97ed0ecc379a60c0993e0d15ad8dd8c4d29a42bd65,0.26438307762145996,-0.033548831939697266
case_00010,sAC,Q96PN6,442,2.334939956665039,2.5609233379364014,2.545090436935425,0.3041549026966095,0.2995311915874481,0.3041549026966095,0.2995311915874481,0.30627256631851196,0.2993897795677185,0.3764069676399231,"[0.007872696034610271,0.022541861981153488,0.103963203728199,0.8656222224235535]","[0.041024018079042435,0.1780407577753067,0.6110808253288269,0.16985437273979187]","[[0.08354350924491882,0.033727265894412994,0.2610095739364624,0.6217196583747864],[0.01367594301700592,0.026192599907517433,0.1021912693977356,0.8579401969909668],[0.025402041152119637,0.03845352679491043,0.22757013142108917,0.7085742950439453],[0.12855742871761322,0.10534306615591049,0.2430715560913086,0.5230279564857483]]","[[0.0017162598669528961,0.0025590043514966965,0.13006021082401276,0.865664541721344],[0.05504444241523743,0.015312476083636284,0.03958813473582268,0.8900550007820129],[0.4053388833999634,0.1955890953540802,0.15658020973205566,0.24249176681041718],[0.4306955933570862,0.08185926824808121,0.24752837419509888,0.23991677165031433]]",631ef93608905533d365fb97ed0ecc379a60c0993e0d15ad8dd8c4d29a42bd65,0.2259833812713623,-0.015832901000976562
case_00011,sAC,Q96PN6,442,2.334939956665039,2.597034454345703,2.4929983615875244,0.3041549026966095,0.2995311915874481,0.3041549026966095,0.2995311915874481,0.30618318915367126,0.2993968725204468,0.5477616786956787,"[0.007872696034610271,0.022541861981153488,0.103963203728199,0.8656222224235535]","[0.02391236647963524,0.11737556010484695,0.6527658700942993,0.20594613254070282]","[[0.019491519778966904,0.006164114456623793,0.07968772202730179,0.8946565985679626],[0.004110386129468679,0.00675898976624012,0.03710944950580597,0.9520211815834045],[0.010760143399238586,0.014295401982963085,0.14630763232707977,0.8286368250846863],[0.06919261068105698,0.06688550859689713,0.15337802469730377,0.7105438113212585]]","[[0.0009403122239746153,0.001379877794533968,0.05890286713838577,0.938776969909668],[0.04272287338972092,0.0164988674223423,0.03145934268832207,0.9093189239501953],[0.2829534709453583,0.07299362123012543,0.1143239438533783,0.5297289490699768],[0.5556688904762268,0.11618257313966751,0.1395137906074524,0.1886347532272339]]",631ef93608905533d365fb97ed0ecc379a60c0993e0d15ad8dd8c4d29a42bd65,0.26209449768066406,-0.10403609275817871
case_00012,sAC,Q96PN6,442,2.334939956665039,2.3058440685272217,2.293198347091675,0.3041549026966095,0.2995311915874481,0.3041549026966095,0.2995311915874481,0.30616748332977295,0.2993772625923157,0.4728914499282837,"[0.007872696034610271,0.022541861981153488,0.103963203728199,0.8656222224235535]","[0.02356000989675522,0.13565245270729065,0.7101132869720459,0.13067425787448883]","[[0.04888075590133667,0.024521682411432266,0.16286601126194,0.7637315988540649],[0.009669989347457886,0.015388819389045238,0.05786428228020668,0.9170768857002258],[0.02522359974682331,0.031184569001197815,0.21078678965568542,0.7328050136566162],[0.11073826998472214,0.08327917009592056,0.2194618433713913,0.586520791053772]]","[[0.0009112677071243525,0.0014239740557968616,0.09012583643198013,0.907538890838623],[0.0996127724647522,0.0319972038269043,0.03739266097545624,0.8309973478317261],[0.13429142534732819,0.07596646994352341,0.09027949720621109,0.6994625926017761],[0.1454860419034958,0.06887464970350266,0.1445556879043579,0.6410835981369019]]",631ef93608905533d365fb97ed0ecc379a60c0993e0d15ad8dd8c4d29a42bd65,-0.029095888137817383,-0.012645721435546875
case_00013,sAC,Q96PN6,442,2.334939956665039,2.481837034225464,2.4281105995178223,0.3041549026966095,0.2995311915874481,0.3041549026966095,0.2995311915874481,0.306124210357666,0.2993745803833008,0.35047268867492676,"[0.007872696034610271,0.022541861981153488,0.103963203728199,0.8656222224235535]","[0.037393756210803986,0.13694757223129272,0.668511688709259,0.15714700520038605]","[[0.0689651146531105,0.0478653609752655,0.2949288785457611,0.5882406234741211],[0.014654764905571938,0.028479043394327164,0.1397656798362732,0.8171005249023438],[0.02354147657752037,0.04375356063246727,0.38488447666168213,0.547820508480072],[0.09523779153823853,0.08670274913311005,0.3153921663761139,0.5026673078536987]]","[[0.0008768374100327492,0.0019559916108846664,0.0970342680811882,0.900132954120636],[0.0736277848482132,0.015554986894130707,0.05323394387960434,0.8575832843780518],[0.40584540367126465,0.14999200403690338,0.1572139412164688,0.28694868087768555],[0.316461980342865,0.14748422801494598,0.22808469831943512,0.3079691231250763]]",631ef93608905533d365fb97ed0ecc379a60c0993e0d15ad8dd8c4d29a42bd65,0.1468970775604248,-0.0537264347076416
case_00014,sAC,Q96PN6,442,2.334939956665039,2.5878589153289795,2.530912160873413,0.3041549026966095,0.2995311915874481,0.3041549026966095,0.2995311915874481,0.306144118309021,0.299376904964447,0.44993239641189575,"[0.007872696034610271,0.022541861981153488,0.103963203728199,0.8656222224235535]","[0.025803247466683388,0.114018514752388,0.7627909183502197,0.09738730639219284]","[[0.02273024059832096,0.02406906522810459,0.10331641137599945,0.8498842120170593],[0.006067343056201935,0.021396923810243607,0.06986527144908905,0.9026703834533691],[0.013981867581605911,0.02688504382967949,0.21246153116226196,0.7466714978218079],[0.10674361884593964,0.05492456257343292,0.20822446048259735,0.6301073431968689]]","[[0.0018127607181668282,0.0009939511073753238,0.09215554594993591,0.9050377011299133],[0.0694085881114006,0.02715206891298294,0.04866110906004906,0.8547781109809875],[0.42129138112068176,0.08488244563341141,0.16687023639678955,0.3269559442996979],[0.3198032081127167,0.11616525799036026,0.2095513939857483,0.35448014736175537]]",631ef93608905533d365fb97ed0ecc379a60c0993e0d15ad8dd8c4d29a42bd65,0.25291895866394043,-0.056946754455566406
case_00015,sAC,Q96PN6,442,2.334939956665039,2.557523012161255,2.5942652225494385,0.3041549026966095,0.2995311915874481,0.3041549026966095,0.2995311915874481,0.3061918616294861,0.2993756830692291,0.3934859037399292,"[0.007872696034610271,0.022541861981153488,0.103963203728199,0.8656222224235535]","[0.0239151269197464,0.15354937314987183,0.7120056748390198,0.110529825091362]","[[0.03172808513045311,0.03342525660991669,0.24409115314483643,0.6907554864883423],[0.007784987334161997,0.024129074066877365,0.11816240102052689,0.8499235510826111],[0.014255852438509464,0.03310905769467354,0.3036201298236847,0.649014949798584],[0.11747761070728302,0.12057467550039291,0.3185204565525055,0.443427175283432]]","[[0.002004493260756135,0.0024985119234770536,0.143678680062294,0.851818323135376],[0.055994994938373566,0.014074918814003468,0.03836652263998985,0.8915635943412781],[0.2887830436229706,0.15768557786941528,0.11773504316806793,0.4357963800430298],[0.43477654457092285,0.06441283971071243,0.14054054021835327,0.36027008295059204]]",631ef93608905533d365fb97ed0ecc379a60c0993e0d15ad8dd8c4d29a42bd65,0.22258305549621582,0.036742210388183594
case_00016,sAC,Q96PN6,442,2.334939956665039,2.557523012161255,2.5942652225494385,0.3041549026966095,0.2995311915874481,0.3041549026966095,0.2995311915874481,0.3061918616294861,0.2993756830692291,0.3934859037399292,"[0.007872696034610271,0.022541861981153488,0.103963203728199,0.8656222224235535]","[0.0239151269197464,0.15354937314987183,0.7120056748390198,0.110529825091362]","[[0.03172808513045311,0.03342525660991669,0.24409115314483643,0.6907554864883423],[0.007784987334161997,0.024129074066877365,0.11816240102052689,0.8499235510826111],[0.014255852438509464,0.03310905769467354,0.3036201298236847,0.649014949798584],[0.11747761070728302,0.12057467550039291,0.3185204565525055,0.443427175283432]]","[[0.002004493260756135,0.0024985119234770536,0.143678680062294,0.851818323135376],[0.055994994938373566,0.014074918814003468,0.03836652263998985,0.8915635943412781],[0.2887830436229706,0.15768557786941528,0.11773504316806793,0.4357963800430298],[0.43477654457092285,0.06441283971071243,0.14054054021835327,0.36027008295059204]]",631ef93608905533d365fb97ed0ecc379a60c0993e0d15ad8dd8c4d29a42bd65,0.22258305549621582,0.036742210388183594
case_00017,sAC,Q96PN6,442,2.334939956665039,2.764728307723999,2.590041399002075,0.3041549026966095,0.2995311915874481,0.3041549026966095,0.2995311915874481,0.3061937391757965,0.29937270283699036,0.4103590250015259,"[0.007872696034610271,0.022541861981153488,0.103963203728199,0.8656222224235535]","[0.028342710807919502,0.16804872453212738,0.639297604560852,0.1643109768629074]","[[0.042078204452991486,0.03484168276190758,0.16238993406295776,0.7606901526451111],[0.009392648003995419,0.02666824869811535,0.08669696003198624,0.8772420883178711],[0.015691552311182022,0.03574884310364723,0.2437049001455307,0.7048546671867371],[0.15097133815288544,0.09633812308311462,0.3044356107711792,0.44825488328933716]]","[[0.0022729532793164253,0.003584049642086029,0.12451764941215515,0.8696252703666687],[0.027554597705602646,0.014796887524425983,0.03339976444840431,0.9242486953735352],[0.30873799324035645,0.15259166061878204,0.12006592005491257,0.4186044931411743],[0.2723715901374817,0.09529407322406769,0.22483302652835846,0.4075012803077698]]",631ef93608905533d365fb97ed0ecc379a60c0993e0d15ad8dd8c4d29a42bd65,0.42978835105895996,-0.17468690872192383
case_00018,sAC,Q96PN6,442,2.334939956665039,2.764728307723999,2.590041399002075,0.3041549026966095,0.2995311915874481,0.3041549026966095,0.2995311915874481,0.3061937391757965,0.29937270283699036,0.4103590250015259,"[0.007872696034610271,0.022541861981153488,0.103963203728199,0.8656222224235535]","[0.028342710807919502,0.16804872453212738,0.639297604560852,0.1643109768629074]","[[0.042078204452991486,0.03484168276190758,0.16238993406295776,0.7606901526451111],[0.009392648003995419,0.02666824869811535,0.08669696003198624,0.8772420883178711],[0.015691552311182022,0.03574884310364723,0.2437049001455307,0.7048546671867371],[0.15097133815288544,0.09633812308311462,0.3044356107711792,0.44825488328933716]]","[[0.0022729532793164253,0.003584049642086029,0.12451764941215515,0.8696252703666687],[0.027554597705602646,0.014796887524425983,0.03339976444840431,0.9242486953735352],[0.30873799324035645,0.15259166061878204,0.12006592005491257,0.4186044931411743],[0.2723715901374817,0.09529407322406769,0.22483302652835846,0.4075012803077698]]",631ef93608905533d365fb97ed0ecc379a60c0993e0d15ad8dd8c4d29a42bd65,0.42978835105895996,-0.17468690872192383
case_00019,sAC,Q96PN6,442,2.334939956665039,2.3771464824676514,2.3416922092437744,0.3041549026966095,0.2995311915874481,0.3041549026966095,0.2995311915874481,0.30621081590652466,0.29936230182647705,0.35273975133895874,"[0.007872696034610271,0.022541861981153488,0.103963203728199,0.8656222224235535]","[0.03747439384460449,0.21628549695014954,0.598430871963501,0.14780914783477783]","[[0.04806256666779518,0.0557732991874218,0.28227365016937256,0.613890528678894],[0.010931987315416336,0.03255554288625717,0.1915879100561142,0.7649245858192444],[0.015897482633590698,0.030566764995455742,0.3098122179508209,0.6437236070632935],[0.1436447948217392,0.10200493782758713,0.2859507203102112,0.4683995544910431]]","[[0.0022729532793164253,0.003584049642086029,0.12451764941215515,0.8696252703666687],[0.11421924084424973,0.04956391826272011,0.05556516721844673,0.7806517481803894],[0.37869787216186523,0.13716453313827515,0.08421701937913895,0.39992058277130127],[0.24603167176246643,0.041235633194446564,0.16875068843364716,0.5439820289611816]]",631ef93608905533d365fb97ed0ecc379a60c0993e0d15ad8dd8c4d29a42bd65,0.042206525802612305,-0.03545427322387695
case_00020,sAC,Q96PN6,442,2.334939956665039,2.3771464824676514,2.3416922092437744,0.3041549026966095,0.2995311915874481,0.3041549026966095,0.2995311915874481,0.30621081590652466,0.29936230182647705,0.35273975133895874,"[0.007872696034610271,0.022541861981153488,0.103963203728199,0.8656222224235535]","[0.03747439384460449,0.21628549695014954,0.598430871963501,0.14780914783477783]","[[0.04806256666779518,0.0557732991874218,0.28227365016937256,0.613890528678894],[0.010931987315416336,0.03255554288625717,0.1915879100561142,0.7649245858192444],[0.015897482633590698,0.030566764995455742,0.3098122179508209,0.6437236070632935],[0.1436447948217392,0.10200493782758713,0.2859507203102112,0.4683995544910431]]","[[0.0022729532793164253,0.003584049642086029,0.12451764941215515,0.8696252703666687],[0.11421924084424973,0.04956391826272011,0.05556516721844673,0.7806517481803894],[0.37869787216186523,0.13716453313827515,0.08421701937913895,0.39992058277130127],[0.24603167176246643,0.041235633194446564,0.16875068843364716,0.5439820289611816]]",631ef93608905533d365fb97ed0ecc379a60c0993e0d15ad8dd8c4d29a42bd65,0.042206525802612305,-0.03545427322387695
case_00021,V2R,P30518,442,1.4806437492370605,1.8681319952011108,1.921594500541687,0.3041549026966095,0.2995311915874481,0.3041549026966095,0.2995311915874481,0.3061874210834503,0.2994000315666199,0.4054529070854187,"[0.0077706496231257915,0.02039278671145439,0.0836888924241066,0.8881476521492004]","[0.018343819305300713,0.10344773530960083,0.7477641105651855,0.1304442584514618]","[[0.01903865486383438,0.03537004441022873,0.07088823616504669,0.874703049659729],[0.013562064617872238,0.05183122307062149,0.11568430066108704,0.8189223408699036],[0.01399974338710308,0.033361151814460754,0.3242742121219635,0.6283649206161499],[0.04173903539776802,0.09177443385124207,0.17456598579883575,0.6919205188751221]]","[[0.010745687410235405,0.012350901030004025,0.22998732328414917,0.7469161152839661],[0.09255105257034302,0.02856574021279812,0.08408229798078537,0.7948009371757507],[0.4323042333126068,0.10736627131700516,0.2672494053840637,0.19308005273342133],[0.08142449706792831,0.05478201434016228,0.47057461738586426,0.39321884512901306]]",631ef93608905533d365fb97ed0ecc379a60c0993e0d15ad8dd8c4d29a42bd65,0.3874882459640503,0.05346250534057617
case_00022,V2R,P30518,442,1.4806437492370605,1.7708461284637451,1.8286150693893433,0.3041549026966095,0.2995311915874481,0.3041549026966095,0.2995311915874481,0.30617091059684753,0.2994122803211212,0.3986546993255615,"[0.0077706496231257915,0.02039278671145439,0.0836888924241066,0.8881476521492004]","[0.020461801439523697,0.10691527277231216,0.7485354542732239,0.12408751249313354]","[[0.01830003783106804,0.04020538926124573,0.0746968686580658,0.866797685623169],[0.015291514806449413,0.06847953051328659,0.10228826850652695,0.8139406442642212],[0.0129524702206254,0.03403621166944504,0.3568633794784546,0.596147894859314],[0.04411059245467186,0.11076771467924118,0.1645129919052124,0.6806087493896484]]","[[0.010745687410235405,0.012350901030004025,0.22998732328414917,0.7469161152839661],[0.10075444728136063,0.03651271387934685,0.0891745388507843,0.7735582590103149],[0.45002880692481995,0.09901466965675354,0.30782586336135864,0.14313066005706787],[0.07371378690004349,0.04910058155655861,0.3941405713558197,0.48304513096809387]]",631ef93608905533d365fb97ed0ecc379a60c0993e0d15ad8dd8c4d29a42bd65,0.29020237922668457,0.057768940925598145
case_00023,V2R,P30518,442,1.4806437492370605,1.7244113683700562,1.8334039449691772,0.3041549026966095,0.2995311915874481,0.3041549026966095,0.2995311915874481,0.30618125200271606,0.2994157075881958,0.368330717086792,"[0.0077706496231257915,0.02039278671145439,0.0836888924241066,0.8881476521492004]","[0.018696507439017296,0.10454275459051132,0.7599269151687622,0.11683385819196701]","[[0.024284446612000465,0.0533532090485096,0.11815696209669113,0.8042053580284119],[0.015428119339048862,0.06909129023551941,0.11596269905567169,0.7995178699493408],[0.015325100161135197,0.04027095437049866,0.3832015097141266,0.5612025260925293],[0.047100313007831573,0.11827529966831207,0.1750236451625824,0.6596007943153381]]","[[0.010745687410235405,0.012350901030004025,0.22998732328414917,0.7469161152839661],[0.10075444728136063,0.03651271387934685,0.0891745388507843,0.7735582590103149],[0.4496947228908539,0.11333815008401871,0.29693397879600525,0.14003318548202515],[0.08009180426597595,0.07635581493377686,0.39541831612586975,0.44813409447669983]]",631ef93608905533d365fb97ed0ecc379a60c0993e0d15ad8dd8c4d29a42bd65,0.2437676191329956,0.1089925765991211
case_00024,V2R,P30518,442,1.4806437492370605,1.7341487407684326,1.8313159942626953,0.3041549026966095,0.2995311915874481,0.3041549026966095,0.2995311915874481,0.3061746656894684,0.2994145452976227,0.3906843662261963,"[0.0077706496231257915,0.02039278671145439,0.0836888924241066,0.8881476521492004]","[0.01750670187175274,0.09699635952711105,0.7652402520179749,0.120256707072258]","[[0.0195272546261549,0.04290160536766052,0.09864262491464615,0.8389285802841187],[0.013199428096413612,0.059110622853040695,0.09372954815626144,0.8339603543281555],[0.013675813563168049,0.035936977714300156,0.30445000529289246,0.6459372043609619],[0.044834692031145096,0.11258601397275925,0.16614390909671783,0.6764354109764099]]","[[0.010745687410235405,0.012350901030004025,0.22998732328414917,0.7469161152839661],[0.10075444728136063,0.03651271387934685,0.0891745388507843,0.7735582590103149],[0.4844398498535156,0.10137992352247238,0.27200618386268616,0.14217400550842285],[0.11126945912837982,0.07018797844648361,0.4153590500354767,0.40318354964256287]]",631ef93608905533d365fb97ed0ecc379a60c0993e0d15ad8dd8c4d29a42bd65,0.25350499153137207,0.0971672534942627
case_00025,V2R,P30518,442,1.4806437492370605,1.6359095573425293,1.6536431312561035,0.3041549026966095,0.2995311915874481,0.3041549026966095,0.2995311915874481,0.3063150644302368,0.2994326055049896,0.4740617275238037,"[0.0077706496231257915,0.02039278671145439,0.0836888924241066,0.8881476521492004]","[0.016676487401127815,0.08995621651411057,0.8185434937477112,0.07482380419969559]","[[0.005751494318246841,0.029284335672855377,0.11483243852853775,0.8501317501068115],[0.00831567868590355,0.04243255406618118,0.09732941538095474,0.8519222736358643],[0.0075904326513409615,0.032980483025312424,0.3111361563205719,0.6482928991317749],[0.022971367463469505,0.07623612880706787,0.175679549574852,0.7251129746437073]]","[[0.0030788087751716375,0.004778831731528044,0.13060568273067474,0.8615366220474243],[0.04339839145541191,0.02376341074705124,0.0921463668346405,0.8406918048858643],[0.4163796007633209,0.07125440984964371,0.37951940298080444,0.13284660875797272],[0.03938886523246765,0.04531834274530411,0.32427212595939636,0.5910206437110901]]",631ef93608905533d365fb97ed0ecc379a60c0993e0d15ad8dd8c4d29a42bd65,0.15526580810546875,0.01773357391357422
case_00026,V2R,P30518,442,1.4806437492370605,1.6231805086135864,1.6434260606765747,0.3041549026966095,0.2995311915874481,0.3041549026966095,0.2995311915874481,0.30614566802978516,0.2994295060634613,0.42177319526672363,"[0.0077706496231257915,0.02039278671145439,0.0836888924241066,0.8881476521492004]","[0.01545222569257021,0.08507051318883896,0.8109505772590637,0.08852672576904297]","[[0.015163031406700611,0.049943409860134125,0.12674765288829803,0.8081459403038025],[0.017914943397045135,0.06337188184261322,0.11214984953403473,0.8065633177757263],[0.011569234542548656,0.03821207955479622,0.3868051767349243,0.5634135007858276],[0.03365425765514374,0.07033133506774902,0.18867357075214386,0.7073408365249634]]","[[0.006109616253525019,0.007769265212118626,0.18983300030231476,0.7962881922721863],[0.06752073764801025,0.03386111184954643,0.09483055025339127,0.8037877082824707],[0.515518307685852,0.09412015229463577,0.3021981418132782,0.08816337585449219],[0.0596601665019989,0.03487551584839821,0.33449915051460266,0.5709651708602905]]",631ef93608905533d365fb97ed0ecc379a60c0993e0d15ad8dd8c4d29a42bd65,0.14253675937652588,0.02024555206298828
case_00027,V2R,P30518,442,1.4806437492370605,1.7528278827667236,1.79740571975708,0.3041549026966095,0.2995311915874481,0.3041549026966095,0.2995311915874481,0.30617037415504456,0.2994084060192108,0.43498730659484863,"[0.0077706496231257915,0.02039278671145439,0.0836888924241066,0.8881476521492004]","[0.026876362040638924,0.14657673239707947,0.6663548350334167,0.16019202768802643]","[[0.014262287877500057,0.017174653708934784,0.07152314484119415,0.8970398306846619],[0.010749483481049538,0.02784550189971924,0.08110661059617996,0.880298376083374],[0.01459379680454731,0.02342071570456028,0.30122581124305725,0.6607597470283508],[0.04414055123925209,0.07473650574684143,0.18937784433364868,0.6917451024055481]]","[[0.010745687410235405,0.012350901030004025,0.22998732328414917,0.7469161152839661],[0.07814809679985046,0.024396875873208046,0.06601017713546753,0.8314447999000549],[0.3866144120693207,0.07159388065338135,0.3819267451763153,0.15986503660678864],[0.14174002408981323,0.07223328202962875,0.40886610746383667,0.3771606385707855]]",631ef93608905533d365fb97ed0ecc379a60c0993e0d15ad8dd8c4d29a42bd65,0.2721841335296631,0.044577836990356445
case_00028,V2R,P30518,442,1.4806437492370605,1.5988636016845703,1.5916743278503418,0.3041549026966095,0.2995311915874481,0.3041549026966095,0.2995311915874481,0.3062068223953247,0.2994256317615509,0.41214990615844727,"[0.0077706496231257915,0.02039278671145439,0.0836888924241066,0.8881476521492004]","[0.01630682498216629,0.09901362657546997,0.8009399771690369,0.08373957872390747]","[[0.012810669839382172,0.045313332229852676,0.11669119447469711,0.8251848220825195],[0.0178341343998909,0.06272869557142258,0.11389017850160599,0.8055469393730164],[0.00895279087126255,0.02725444734096527,0.35517337918281555,0.6086193919181824],[0.03581680729985237,0.07087443023920059,0.1880382001399994,0.7052705883979797]]","[[0.006109616253525019,0.007769265212118626,0.18983300030231476,0.7962881922721863],[0.07394534349441528,0.03739180043339729,0.09672332555055618,0.7919394969940186],[0.4074487090110779,0.08720460534095764,0.35416513681411743,0.15118156373500824],[0.08253210037946701,0.045224014669656754,0.33450523018836975,0.5377386808395386]]",631ef93608905533d365fb97ed0ecc379a60c0993e0d15ad8dd8c4d29a42bd65,0.11821985244750977,-0.007189273834228516
case_00029,V2R,P30518,442,1.4806437492370605,1.6738606691360474,1.7214818000793457,0.3041549026966095,0.2995311915874481,0.3041549026966095,0.2995311915874481,0.30620095133781433,0.29941701889038086,0.39366793632507324,"[0.0077706496231257915,0.02039278671145439,0.0836888924241066,0.8881476521492004]","[0.018840111792087555,0.12194960564374924,0.7178676128387451,0.14134268462657928]","[[0.023121148347854614,0.04463664069771767,0.1771729737520218,0.7550692558288574],[0.02392726205289364,0.0938517153263092,0.1255994290113449,0.7566215991973877],[0.013879834674298763,0.022231020033359528,0.36161482334136963,0.6022742986679077],[0.03955071046948433,0.07635731995105743,0.18738074600696564,0.6967111825942993]]","[[0.005794015247374773,0.009017175063490868,0.11954403668642044,0.8656446933746338],[0.08714009076356888,0.05288616567850113,0.12522849440574646,0.7347452044487],[0.24878042936325073,0.04042094200849533,0.40470993518829346,0.30608871579170227],[0.047493789345026016,0.04390265792608261,0.3615872859954834,0.5470162630081177]]",631ef93608905533d365fb97ed0ecc379a60c0993e0d15ad8dd8c4d29a42bd65,0.19321691989898682,0.04762113094329834
case_00030,Dipeptidyl peptidase 4,P27487|Q53TN1,442,1.9919655323028564,2.1967549324035645,2.069924831390381,0.3041549026966095,0.2995311915874481,0.3041549026966095,0.2995311915874481,0.30619579553604126,0.2994331121444702,0.3097996711730957,"[0.00913484301418066,0.02193334326148033,0.12136437743902206,0.8475674390792847]","[0.09934183955192566,0.4603716731071472,0.19442731142044067,0.24585914611816406]","[[0.07874850183725357,0.20051120221614838,0.07133767008781433,0.6494026184082031],[0.04552120715379715,0.057522427290678024,0.08939415216445923,0.8075622916221619],[0.08617743104696274,0.14199618995189667,0.10873375833034515,0.6630926132202148],[0.1544266939163208,0.1303347498178482,0.11789891123771667,0.5973396301269531]]","[[0.0058162640780210495,0.023217806592583656,0.3226788341999054,0.6482870578765869],[0.10647334903478622,0.024333437904715538,0.019322121515870094,0.849871039390564],[0.14253278076648712,0.15766476094722748,0.2377009391784668,0.462101548910141],[0.1235559806227684,0.3314582407474518,0.15469875931739807,0.39028701186180115]]",631ef93608905533d365fb97ed0ecc379a60c0993e0d15ad8dd8c4d29a42bd65,0.204789400100708,-0.1268301010131836
case_00031,Dipeptidyl peptidase 4,P27487|Q53TN1,442,1.9919655323028564,2.453641653060913,2.3779256343841553,0.3041549026966095,0.2995311915874481,0.3041549026966095,0.2995311915874481,0.306520938873291,0.29944613575935364,0.19841861724853516,"[0.00913484301418066,0.02193334326148033,0.12136437743902206,0.8475674390792847]","[0.10853806883096695,0.30909088253974915,0.37562400102615356,0.20674699544906616]","[[0.0939473882317543,0.11039358377456665,0.27616336941719055,0.5194957256317139],[0.04617854952812195,0.2121630758047104,0.1848815381526947,0.5567768216133118],[0.06485483795404434,0.07435000687837601,0.3897450864315033,0.47105008363723755],[0.10079719871282578,0.14417506754398346,0.4555665850639343,0.2994611859321594]]","[[0.035974014550447464,0.034218695014715195,0.14711838960647583,0.7826888561248779],[0.5049765110015869,0.1986309438943863,0.21078087389469147,0.08561167865991592],[0.5625863671302795,0.0768633484840393,0.22098781168460846,0.1395624876022339],[0.26773643493652344,0.08212149888277054,0.22090843319892883,0.4292336702346802]]",631ef93608905533d365fb97ed0ecc379a60c0993e0d15ad8dd8c4d29a42bd65,0.46167612075805664,-0.07571601867675781
case_00032,Dipeptidyl peptidase 4,P27487|Q53TN1,442,1.9919655323028564,2.539442777633667,2.5342748165130615,0.3041549026966095,0.2995311915874481,0.3041549026966095,0.2995311915874481,0.3064250349998474,0.29942750930786133,0.18361318111419678,"[0.00913484301418066,0.02193334326148033,0.12136437743902206,0.8475674390792847]","[0.10249662399291992,0.3007109463214874,0.3978853225708008,0.19890710711479187]","[[0.12147412449121475,0.14273907244205475,0.20194163918495178,0.5338451862335205],[0.046077944338321686,0.21170082688331604,0.15767069160938263,0.5845504999160767],[0.07830353081226349,0.08976767212152481,0.44029417634010315,0.3916345536708832],[0.11176056414842606,0.15985648334026337,0.4279865026473999,0.3003964424133301]]","[[0.035974014550447464,0.034218695014715195,0.14711838960647583,0.7826888561248779],[0.5049765110015869,0.1986309438943863,0.21078087389469147,0.08561167865991592],[0.5187729597091675,0.0779176577925682,0.22397716343402863,0.17933213710784912],[0.41111648082733154,0.11224179714918137,0.18754830956459045,0.2890934646129608]]",631ef93608905533d365fb97ed0ecc379a60c0993e0d15ad8dd8c4d29a42bd65,0.5474772453308105,-0.005167961120605469
case_00033,Dipeptidyl peptidase 4,P27487|Q53TN1,442,1.9919655323028564,2.4806830883026123,2.419165849685669,0.3041549026966095,0.2995311915874481,0.3041549026966095,0.2995311915874481,0.3064703047275543,0.2993631958961487,0.22436797618865967,"[0.00913484301418066,0.02193334326148033,0.12136437743902206,0.8475674390792847]","[0.059757206588983536,0.3078456521034241,0.45956337451934814,0.17283377051353455]","[[0.030512627214193344,0.07903754711151123,0.5749919414520264,0.31545791029930115],[0.027949603274464607,0.15146981179714203,0.38086941838264465,0.43971121311187744],[0.04211236163973808,0.07248908281326294,0.4991570711135864,0.38624152541160583],[0.0466427318751812,0.10972373187541962,0.4140743613243103,0.42955923080444336]]","[[0.0314030721783638,0.02412392571568489,0.12455559521913528,0.8199174404144287],[0.19965440034866333,0.349532812833786,0.3168189227581024,0.13399389386177063],[0.2543879747390747,0.1187899187207222,0.13940629363059998,0.48741579055786133],[0.12429505586624146,0.07799152284860611,0.47423937916755676,0.3234740197658539]]",631ef93608905533d365fb97ed0ecc379a60c0993e0d15ad8dd8c4d29a42bd65,0.48871755599975586,-0.06151723861694336
case_00034,Dipeptidyl peptidase 4,P27487|Q53TN1,442,1.9919655323028564,1.568345308303833,1.5382431745529175,0.3041549026966095,0.2995311915874481,0.3041549026966095,0.2995311915874481,0.30644235014915466,0.2994517385959625,0.3869680166244507,"[0.00913484301418066,0.02193334326148033,0.12136437743902206,0.8475674390792847]","[0.023500245064496994,0.3256324231624603,0.5287322998046875,0.1221349909901619]","[[0.042229633778333664,0.03491825982928276,0.2145703285932541,0.7082817554473877],[0.029479291290044785,0.04554009065032005,0.13007400929927826,0.7949066162109375],[0.051642004400491714,0.032933034002780914,0.24599139392375946,0.66943359375],[0.05244457721710205,0.04751921072602272,0.24312564730644226,0.6569105386734009]]","[[0.0032257630955427885,0.010036729276180267,0.21699833869934082,0.7697391510009766],[0.11885616928339005,0.04697353392839432,0.0630822479724884,0.7710881233215332],[0.04902498051524162,0.06987320631742477,0.12121110409498215,0.7598907351493835],[0.26596370339393616,0.13078153133392334,0.21369150280952454,0.38956329226493835]]",631ef93608905533d365fb97ed0ecc379a60c0993e0d15ad8dd8c4d29a42bd65,-0.42362022399902344,-0.030102133750915527
case_00035,Dipeptidyl peptidase 4,P27487|Q53TN1,442,1.9919655323028564,2.122889518737793,2.116386651992798,0.3041549026966095,0.2995311915874481,0.3041549026966095,0.2995311915874481,0.3063231110572815,0.29942765831947327,0.34017646312713623,"[0.00913484301418066,0.02193334326148033,0.12136437743902206,0.8475674390792847]","[0.09557048976421356,0.19684819877147675,0.5368741154670715,0.17070718109607697]","[[0.043820369988679886,0.06695449352264404,0.32275161147117615,0.5664735436439514],[0.022357700392603874,0.08785945922136307,0.2538456916809082,0.6359371542930603],[0.029095247387886047,0.10834834724664688,0.6127128601074219,0.249843567609787],[0.10832121223211288,0.13152150809764862,0.3813965320587158,0.37876075506210327]]","[[0.001040904433466494,0.002703998005017638,0.05282427743077278,0.9434307813644409],[0.05213334783911705,0.024887220934033394,0.04275255277752876,0.8802267909049988],[0.5323811173439026,0.1928092986345291,0.16308216750621796,0.11172742396593094],[0.18419219553470612,0.07537039369344711,0.29031503200531006,0.4501223564147949]]",631ef93608905533d365fb97ed0ecc379a60c0993e0d15ad8dd8c4d29a42bd65,0.13092398643493652,-0.006502866744995117
case_00036,Dipeptidyl peptidase 4,P27487|Q53TN1,442,1.9919655323028564,1.858346939086914,1.8560442924499512,0.3041549026966095,0.2995311915874481,0.3041549026966095,0.2995311915874481,0.30633437633514404,0.2994099259376526,0.38929492235183716,"[0.00913484301418066,0.02193334326148033,0.12136437743902206,0.8475674390792847]","[0.07574697583913803,0.25253579020500183,0.5754926800727844,0.09622454643249512]","[[0.026184169575572014,0.041909459978342056,0.11612258851528168,0.8157837390899658],[0.02484237588942051,0.04598287492990494,0.04319775477051735,0.8859769701957703],[0.05396445468068123,0.08919587731361389,0.12470927834510803,0.7321304082870483],[0.1576852649450302,0.11627257615327835,0.2162768393754959,0.5097652673721313]]","[[0.007218899205327034,0.014146648347377777,0.4609726369380951,0.5176618099212646],[0.0321945995092392,0.012541352771222591,0.018174132332205772,0.9370899200439453],[0.21163100004196167,0.29360297322273254,0.40428560972213745,0.09048043191432953],[0.38963183760643005,0.19591300189495087,0.05297117680311203,0.36148402094841003]]",631ef93608905533d365fb97ed0ecc379a60c0993e0d15ad8dd8c4d29a42bd65,-0.13361859321594238,-0.0023026466369628906
case_00037,Dipeptidyl peptidase 4,P27487|Q53TN1,442,1.9919655323028564,1.8870182037353516,1.8867074251174927,0.3041549026966095,0.2995311915874481,0.3041549026966095,0.2995311915874481,0.3063071370124817,0.2994022071361542,0.4646165370941162,"[0.00913484301418066,0.02193334326148033,0.12136437743902206,0.8475674390792847]","[0.08953938633203506,0.2043183147907257,0.5793185234069824,0.1268237978219986]","[[0.01806914620101452,0.020576559007167816,0.05392013490200043,0.9074341654777527],[0.02194879949092865,0.034244198352098465,0.036689501255750656,0.907117486000061],[0.04339776560664177,0.0638488307595253,0.12425867468118668,0.7684947848320007],[0.10993962734937668,0.06239476054906845,0.18299083411693573,0.6446748375892639]]","[[0.0030331832822412252,0.014388596639037132,0.280804842710495,0.7017734050750732],[0.016961947083473206,0.005293155554682016,0.010412609204649925,0.9673323035240173],[0.13460645079612732,0.19747351109981537,0.43030452728271484,0.2376154363155365],[0.26836517453193665,0.22490078210830688,0.04834790527820587,0.4583861231803894]]",631ef93608905533d365fb97ed0ecc379a60c0993e0d15ad8dd8c4d29a42bd65,-0.10494732856750488,-0.0003107786178588867
case_00038,Dipeptidyl peptidase 4,P27487|Q53TN1,442,1.9919655323028564,1.8680522441864014,1.7894201278686523,0.3041549026966095,0.2995311915874481,0.3041549026966095,0.2995311915874481,0.30629128217697144,0.2994072735309601,0.4805760979652405,"[0.00913484301418066,0.02193334326148033,0.12136437743902206,0.8475674390792847]","[0.15531285107135773,0.3896883428096771,0.25968706607818604,0.1953117996454239]","[[0.02202378213405609,0.03967823460698128,0.0386553592979908,0.8996426463127136],[0.010555660352110863,0.040697358548641205,0.03366386145353317,0.9150832295417786],[0.03384207561612129,0.08618316054344177,0.07199595868587494,0.8079788088798523],[0.08887656778097153,0.07768175005912781,0.11266032606363297,0.7207813262939453]]","[[0.0025772214867174625,0.01049183402210474,0.2032517045736313,0.7836793065071106],[0.034106913954019547,0.011067305691540241,0.01121294405311346,0.9436128735542297],[0.09947159141302109,0.1412942111492157,0.29691842198371887,0.4623158276081085],[0.20445267856121063,0.23781627416610718,0.13396328687667847,0.42376774549484253]]",631ef93608905533d365fb97ed0ecc379a60c0993e0d15ad8dd8c4d29a42bd65,-0.12391328811645508,-0.07863211631774902
case_00039,Dipeptidyl peptidase 4,P27487|Q53TN1,442,1.9919655323028564,2.4806830883026123,2.419165849685669,0.3041549026966095,0.2995311915874481,0.3041549026966095,0.2995311915874481,0.3064703047275543,0.2993631958961487,0.22436797618865967,"[0.00913484301418066,0.02193334326148033,0.12136437743902206,0.8475674390792847]","[0.059757206588983536,0.3078456521034241,0.45956337451934814,0.17283377051353455]","[[0.030512627214193344,0.07903754711151123,0.5749919414520264,0.31545791029930115],[0.027949603274464607,0.15146981179714203,0.38086941838264465,0.43971121311187744],[0.04211236163973808,0.07248908281326294,0.4991570711135864,0.38624152541160583],[0.0466427318751812,0.10972373187541962,0.4140743613243103,0.42955923080444336]]","[[0.0314030721783638,0.02412392571568489,0.12455559521913528,0.8199174404144287],[0.19965440034866333,0.349532812833786,0.3168189227581024,0.13399389386177063],[0.2543879747390747,0.1187899187207222,0.13940629363059998,0.48741579055786133],[0.12429505586624146,0.07799152284860611,0.47423937916755676,0.3234740197658539]]",631ef93608905533d365fb97ed0ecc379a60c0993e0d15ad8dd8c4d29a42bd65,0.48871755599975586,-0.06151723861694336
case_00040,Dipeptidyl peptidase 4,P27487|Q53TN1,442,1.9919655323028564,2.453641653060913,2.3779256343841553,0.3041549026966095,0.2995311915874481,0.3041549026966095,0.2995311915874481,0.306520938873291,0.29944613575935364,0.19841861724853516,"[0.00913484301418066,0.02193334326148033,0.12136437743902206,0.8475674390792847]","[0.10853806883096695,0.30909088253974915,0.37562400102615356,0.20674699544906616]","[[0.0939473882317543,0.11039358377456665,0.27616336941719055,0.5194957256317139],[0.04617854952812195,0.2121630758047104,0.1848815381526947,0.5567768216133118],[0.06485483795404434,0.07435000687837601,0.3897450864315033,0.47105008363723755],[0.10079719871282578,0.14417506754398346,0.4555665850639343,0.2994611859321594]]","[[0.035974014550447464,0.034218695014715195,0.14711838960647583,0.7826888561248779],[0.5049765110015869,0.1986309438943863,0.21078087389469147,0.08561167865991592],[0.5625863671302795,0.0768633484840393,0.22098781168460846,0.1395624876022339],[0.26773643493652344,0.08212149888277054,0.22090843319892883,0.4292336702346802]]",631ef93608905533d365fb97ed0ecc379a60c0993e0d15ad8dd8c4d29a42bd65,0.46167612075805664,-0.07571601867675781
case_00041,Dipeptidyl peptidase 4,P27487|Q53TN1,442,1.9919655323028564,2.4806830883026123,2.419165849685669,0.3041549026966095,0.2995311915874481,0.3041549026966095,0.2995311915874481,0.3064703047275543,0.2993631958961487,0.22436797618865967,"[0.00913484301418066,0.02193334326148033,0.12136437743902206,0.8475674390792847]","[0.059757206588983536,0.3078456521034241,0.45956337451934814,0.17283377051353455]","[[0.030512627214193344,0.07903754711151123,0.5749919414520264,0.31545791029930115],[0.027949603274464607,0.15146981179714203,0.38086941838264465,0.43971121311187744],[0.04211236163973808,0.07248908281326294,0.4991570711135864,0.38624152541160583],[0.0466427318751812,0.10972373187541962,0.4140743613243103,0.42955923080444336]]","[[0.0314030721783638,0.02412392571568489,0.12455559521913528,0.8199174404144287],[0.19965440034866333,0.349532812833786,0.3168189227581024,0.13399389386177063],[0.2543879747390747,0.1187899187207222,0.13940629363059998,0.48741579055786133],[0.12429505586624146,0.07799152284860611,0.47423937916755676,0.3234740197658539]]",631ef93608905533d365fb97ed0ecc379a60c0993e0d15ad8dd8c4d29a42bd65,0.48871755599975586,-0.06151723861694336
case_00042,Dipeptidyl peptidase 4,P27487|Q53TN1,442,1.9919655323028564,2.4806830883026123,2.419165849685669,0.3041549026966095,0.2995311915874481,0.3041549026966095,0.2995311915874481,0.3064703047275543,0.2993631958961487,0.22436797618865967,"[0.00913484301418066,0.02193334326148033,0.12136437743902206,0.8475674390792847]","[0.059757206588983536,0.3078456521034241,0.45956337451934814,0.17283377051353455]","[[0.030512627214193344,0.07903754711151123,0.5749919414520264,0.31545791029930115],[0.027949603274464607,0.15146981179714203,0.38086941838264465,0.43971121311187744],[0.04211236163973808,0.07248908281326294,0.4991570711135864,0.38624152541160583],[0.0466427318751812,0.10972373187541962,0.4140743613243103,0.42955923080444336]]","[[0.0314030721783638,0.02412392571568489,0.12455559521913528,0.8199174404144287],[0.19965440034866333,0.349532812833786,0.3168189227581024,0.13399389386177063],[0.2543879747390747,0.1187899187207222,0.13940629363059998,0.48741579055786133],[0.12429505586624146,0.07799152284860611,0.47423937916755676,0.3234740197658539]]",631ef93608905533d365fb97ed0ecc379a60c0993e0d15ad8dd8c4d29a42bd65,0.48871755599975586,-0.06151723861694336
case_00043,Dipeptidyl peptidase 4,P27487|Q53TN1,442,1.9919655323028564,2.453641653060913,2.3779256343841553,0.3041549026966095,0.2995311915874481,0.3041549026966095,0.2995311915874481,0.306520938873291,0.29944613575935364,0.19841861724853516,"[0.00913484301418066,0.02193334326148033,0.12136437743902206,0.8475674390792847]","[0.10853806883096695,0.30909088253974915,0.37562400102615356,0.20674699544906616]","[[0.0939473882317543,0.11039358377456665,0.27616336941719055,0.5194957256317139],[0.04617854952812195,0.2121630758047104,0.1848815381526947,0.5567768216133118],[0.06485483795404434,0.07435000687837601,0.3897450864315033,0.47105008363723755],[0.10079719871282578,0.14417506754398346,0.4555665850639343,0.2994611859321594]]","[[0.035974014550447464,0.034218695014715195,0.14711838960647583,0.7826888561248779],[0.5049765110015869,0.1986309438943863,0.21078087389469147,0.08561167865991592],[0.5625863671302795,0.0768633484840393,0.22098781168460846,0.1395624876022339],[0.26773643493652344,0.08212149888277054,0.22090843319892883,0.4292336702346802]]",631ef93608905533d365fb97ed0ecc379a60c0993e0d15ad8dd8c4d29a42bd65,0.46167612075805664,-0.07571601867675781
case_00044,Dipeptidyl peptidase 4,P27487|Q53TN1,442,1.9919655323028564,2.453641653060913,2.3779256343841553,0.3041549026966095,0.2995311915874481,0.3041549026966095,0.2995311915874481,0.306520938873291,0.29944613575935364,0.19841861724853516,"[0.00913484301418066,0.02193334326148033,0.12136437743902206,0.8475674390792847]","[0.10853806883096695,0.30909088253974915,0.37562400102615356,0.20674699544906616]","[[0.0939473882317543,0.11039358377456665,0.27616336941719055,0.5194957256317139],[0.04617854952812195,0.2121630758047104,0.1848815381526947,0.5567768216133118],[0.06485483795404434,0.07435000687837601,0.3897450864315033,0.47105008363723755],[0.10079719871282578,0.14417506754398346,0.4555665850639343,0.2994611859321594]]","[[0.035974014550447464,0.034218695014715195,0.14711838960647583,0.7826888561248779],[0.5049765110015869,0.1986309438943863,0.21078087389469147,0.08561167865991592],[0.5625863671302795,0.0768633484840393,0.22098781168460846,0.1395624876022339],[0.26773643493652344,0.08212149888277054,0.22090843319892883,0.4292336702346802]]",631ef93608905533d365fb97ed0ecc379a60c0993e0d15ad8dd8c4d29a42bd65,0.46167612075805664,-0.07571601867675781
case_00045,Dipeptidyl peptidase 4,P27487|Q53TN1,442,1.9919655323028564,2.4806830883026123,2.419165849685669,0.3041549026966095,0.2995311915874481,0.3041549026966095,0.2995311915874481,0.3064703047275543,0.2993631958961487,0.22436797618865967,"[0.00913484301418066,0.02193334326148033,0.12136437743902206,0.8475674390792847]","[0.059757206588983536,0.3078456521034241,0.45956337451934814,0.17283377051353455]","[[0.030512627214193344,0.07903754711151123,0.5749919414520264,0.31545791029930115],[0.027949603274464607,0.15146981179714203,0.38086941838264465,0.43971121311187744],[0.04211236163973808,0.07248908281326294,0.4991570711135864,0.38624152541160583],[0.0466427318751812,0.10972373187541962,0.4140743613243103,0.42955923080444336]]","[[0.0314030721783638,0.02412392571568489,0.12455559521913528,0.8199174404144287],[0.19965440034866333,0.349532812833786,0.3168189227581024,0.13399389386177063],[0.2543879747390747,0.1187899187207222,0.13940629363059998,0.48741579055786133],[0.12429505586624146,0.07799152284860611,0.47423937916755676,0.3234740197658539]]",631ef93608905533d365fb97ed0ecc379a60c0993e0d15ad8dd8c4d29a42bd65,0.48871755599975586,-0.06151723861694336
case_00046,Dipeptidyl peptidase 4,P27487|Q53TN1,442,1.9919655323028564,2.453641653060913,2.3779256343841553,0.3041549026966095,0.2995311915874481,0.3041549026966095,0.2995311915874481,0.306520938873291,0.29944613575935364,0.19841861724853516,"[0.00913484301418066,0.02193334326148033,0.12136437743902206,0.8475674390792847]","[0.10853806883096695,0.30909088253974915,0.37562400102615356,0.20674699544906616]","[[0.0939473882317543,0.11039358377456665,0.27616336941719055,0.5194957256317139],[0.04617854952812195,0.2121630758047104,0.1848815381526947,0.5567768216133118],[0.06485483795404434,0.07435000687837601,0.3897450864315033,0.47105008363723755],[0.10079719871282578,0.14417506754398346,0.4555665850639343,0.2994611859321594]]","[[0.035974014550447464,0.034218695014715195,0.14711838960647583,0.7826888561248779],[0.5049765110015869,0.1986309438943863,0.21078087389469147,0.08561167865991592],[0.5625863671302795,0.0768633484840393,0.22098781168460846,0.1395624876022339],[0.26773643493652344,0.08212149888277054,0.22090843319892883,0.4292336702346802]]",631ef93608905533d365fb97ed0ecc379a60c0993e0d15ad8dd8c4d29a42bd65,0.46167612075805664,-0.07571601867675781
case_00047,Dipeptidyl peptidase 4,P27487|Q53TN1,442,1.9919655323028564,2.4806830883026123,2.419165849685669,0.3041549026966095,0.2995311915874481,0.3041549026966095,0.2995311915874481,0.3064703047275543,0.2993631958961487,0.22436797618865967,"[0.00913484301418066,0.02193334326148033,0.12136437743902206,0.8475674390792847]","[0.059757206588983536,0.3078456521034241,0.45956337451934814,0.17283377051353455]","[[0.030512627214193344,0.07903754711151123,0.5749919414520264,0.31545791029930115],[0.027949603274464607,0.15146981179714203,0.38086941838264465,0.43971121311187744],[0.04211236163973808,0.07248908281326294,0.4991570711135864,0.38624152541160583],[0.0466427318751812,0.10972373187541962,0.4140743613243103,0.42955923080444336]]","[[0.0314030721783638,0.02412392571568489,0.12455559521913528,0.8199174404144287],[0.19965440034866333,0.349532812833786,0.3168189227581024,0.13399389386177063],[0.2543879747390747,0.1187899187207222,0.13940629363059998,0.48741579055786133],[0.12429505586624146,0.07799152284860611,0.47423937916755676,0.3234740197658539]]",631ef93608905533d365fb97ed0ecc379a60c0993e0d15ad8dd8c4d29a42bd65,0.48871755599975586,-0.06151723861694336
case_00048,Dipeptidyl peptidase 4,P27487|Q53TN1,442,1.9919655323028564,2.122889518737793,2.116386651992798,0.3041549026966095,0.2995311915874481,0.3041549026966095,0.2995311915874481,0.3063231110572815,0.29942765831947327,0.34017646312713623,"[0.00913484301418066,0.02193334326148033,0.12136437743902206,0.8475674390792847]","[0.09557048976421356,0.19684819877147675,0.5368741154670715,0.17070718109607697]","[[0.043820369988679886,0.06695449352264404,0.32275161147117615,0.5664735436439514],[0.022357700392603874,0.08785945922136307,0.2538456916809082,0.6359371542930603],[0.029095247387886047,0.10834834724664688,0.6127128601074219,0.249843567609787],[0.10832121223211288,0.13152150809764862,0.3813965320587158,0.37876075506210327]]","[[0.001040904433466494,0.002703998005017638,0.05282427743077278,0.9434307813644409],[0.05213334783911705,0.024887220934033394,0.04275255277752876,0.8802267909049988],[0.5323811173439026,0.1928092986345291,0.16308216750621796,0.11172742396593094],[0.18419219553470612,0.07537039369344711,0.29031503200531006,0.4501223564147949]]",631ef93608905533d365fb97ed0ecc379a60c0993e0d15ad8dd8c4d29a42bd65,0.13092398643493652,-0.006502866744995117
case_00049,Dipeptidyl peptidase 4,P27487|Q53TN1,442,1.9919655323028564,2.065056085586548,2.2336807250976562,0.3041549026966095,0.2995311915874481,0.3041549026966095,0.2995311915874481,0.3063136041164398,0.29941436648368835,0.36938226222991943,"[0.00913484301418066,0.02193334326148033,0.12136437743902206,0.8475674390792847]","[0.04423879459500313,0.29733821749687195,0.5044533610343933,0.1539696753025055]","[[0.007363684009760618,0.018996281549334526,0.4728570282459259,0.5007830262184143],[0.012380371801555157,0.04695769026875496,0.23992231488227844,0.7007396817207336],[0.02672109566628933,0.05315025523304939,0.3596286475658417,0.5605000257492065],[0.02705375663936138,0.07068908959627151,0.5825546979904175,0.31970247626304626]]","[[0.00760722067207098,0.015167742036283016,0.4656023383140564,0.5116226673126221],[0.2023397535085678,0.1115126833319664,0.12245623767375946,0.5636913180351257],[0.24813002347946167,0.6888041496276855,0.049104221165180206,0.013961604796350002],[0.041407063603401184,0.06634490936994553,0.09919527173042297,0.7930527925491333]]",631ef93608905533d365fb97ed0ecc379a60c0993e0d15ad8dd8c4d29a42bd65,0.0730905532836914,0.1686246395111084
case_00050,Dipeptidyl peptidase 4,P27487|Q53TN1,442,1.9919655323028564,2.4806830883026123,2.419165849685669,0.3041549026966095,0.2995311915874481,0.3041549026966095,0.2995311915874481,0.3064703047275543,0.2993631958961487,0.22436797618865967,"[0.00913484301418066,0.02193334326148033,0.12136437743902206,0.8475674390792847]","[0.059757206588983536,0.3078456521034241,0.45956337451934814,0.17283377051353455]","[[0.030512627214193344,0.07903754711151123,0.5749919414520264,0.31545791029930115],[0.027949603274464607,0.15146981179714203,0.38086941838264465,0.43971121311187744],[0.04211236163973808,0.07248908281326294,0.4991570711135864,0.38624152541160583],[0.0466427318751812,0.10972373187541962,0.4140743613243103,0.42955923080444336]]","[[0.0314030721783638,0.02412392571568489,0.12455559521913528,0.8199174404144287],[0.19965440034866333,0.349532812833786,0.3168189227581024,0.13399389386177063],[0.2543879747390747,0.1187899187207222,0.13940629363059998,0.48741579055786133],[0.12429505586624146,0.07799152284860611,0.47423937916755676,0.3234740197658539]]",631ef93608905533d365fb97ed0ecc379a60c0993e0d15ad8dd8c4d29a42bd65,0.48871755599975586,-0.06151723861694336
case_00051,Dipeptidyl peptidase 4,P27487|Q53TN1,442,1.9919655323028564,2.453641653060913,2.3779256343841553,0.3041549026966095,0.2995311915874481,0.3041549026966095,0.2995311915874481,0.306520938873291,0.29944613575935364,0.19841861724853516,"[0.00913484301418066,0.02193334326148033,0.12136437743902206,0.8475674390792847]","[0.10853806883096695,0.30909088253974915,0.37562400102615356,0.20674699544906616]","[[0.0939473882317543,0.11039358377456665,0.27616336941719055,0.5194957256317139],[0.04617854952812195,0.2121630758047104,0.1848815381526947,0.5567768216133118],[0.06485483795404434,0.07435000687837601,0.3897450864315033,0.47105008363723755],[0.10079719871282578,0.14417506754398346,0.4555665850639343,0.2994611859321594]]","[[0.035974014550447464,0.034218695014715195,0.14711838960647583,0.7826888561248779],[0.5049765110015869,0.1986309438943863,0.21078087389469147,0.08561167865991592],[0.5625863671302795,0.0768633484840393,0.22098781168460846,0.1395624876022339],[0.26773643493652344,0.08212149888277054,0.22090843319892883,0.4292336702346802]]",631ef93608905533d365fb97ed0ecc379a60c0993e0d15ad8dd8c4d29a42bd65,0.46167612075805664,-0.07571601867675781
case_00052,Dipeptidyl peptidase 4,P27487|Q53TN1,442,1.9919655323028564,1.8373465538024902,1.8580864667892456,0.3041549026966095,0.2995311915874481,0.3041549026966095,0.2995311915874481,0.30639973282814026,0.2994462847709656,0.3354722261428833,"[0.00913484301418066,0.02193334326148033,0.12136437743902206,0.8475674390792847]","[0.015559718012809753,0.27002227306365967,0.5892201066017151,0.1251978725194931]","[[0.0369841642677784,0.0321761891245842,0.32506996393203735,0.605769693851471],[0.021412229165434837,0.035111747682094574,0.17333444952964783,0.7701416611671448],[0.04402659460902214,0.033628564327955246,0.2389090210199356,0.6834357976913452],[0.03623415157198906,0.03897088021039963,0.26256948709487915,0.6622254252433777]]","[[0.0036490485072135925,0.015387671999633312,0.32910555601119995,0.6518577337265015],[0.260818749666214,0.03297566995024681,0.048655979335308075,0.6575495600700378],[0.1827532947063446,0.09857890009880066,0.25052976608276367,0.46813806891441345],[0.3278826177120209,0.11798172444105148,0.08524101227521896,0.4688946604728699]]",631ef93608905533d365fb97ed0ecc379a60c0993e0d15ad8dd8c4d29a42bd65,-0.1546189785003662,0.02073991298675537
case_00053,Dipeptidyl peptidase 4,P27487|Q53TN1,442,1.9919655323028564,2.0320589542388916,2.0224435329437256,0.3041549026966095,0.2995311915874481,0.3041549026966095,0.2995311915874481,0.3063197433948517,0.29939892888069153,0.3217344880104065,"[0.00913484301418066,0.02193334326148033,0.12136437743902206,0.8475674390792847]","[0.027107849717140198,0.1998315453529358,0.6592276096343994,0.11383303254842758]","[[0.00948293600231409,0.02702418342232704,0.5605427622795105,0.40295010805130005],[0.012753660790622234,0.04071738198399544,0.3009037673473358,0.6456251740455627],[0.014704102650284767,0.027105063199996948,0.2068302184343338,0.7513606548309326],[0.029586084187030792,0.06980335712432861,0.5071703195571899,0.39344024658203125]]","[[0.0027014079969376326,0.010024001821875572,0.2938229739665985,0.6934516429901123],[0.1988055557012558,0.053766880184412,0.1216990053653717,0.6257285475730896],[0.5153742432594299,0.1450866162776947,0.2001381516456604,0.13940104842185974],[0.23697496950626373,0.06343808025121689,0.42240098118782043,0.27718594670295715]]",631ef93608905533d365fb97ed0ecc379a60c0993e0d15ad8dd8c4d29a42bd65,0.040093421936035156,-0.009615421295166016
case_00054,Dipeptidyl peptidase 4,P27487|Q53TN1,442,1.9919655323028564,2.1782732009887695,2.1519927978515625,0.3041549026966095,0.2995311915874481,0.3041549026966095,0.2995311915874481,0.30636948347091675,0.2993839383125305,0.38651907444000244,"[0.00913484301418066,0.02193334326148033,0.12136437743902206,0.8475674390792847]","[0.016783447936177254,0.20397935807704926,0.7083327770233154,0.07090442627668381]","[[0.008953122422099113,0.054501671344041824,0.7085965275764465,0.22794868052005768],[0.011911334469914436,0.05849737673997879,0.31689590215682983,0.6126953959465027],[0.023984214290976524,0.06291215121746063,0.45537227392196655,0.45773133635520935],[0.03815692663192749,0.0802970752120018,0.6218127608299255,0.2597332298755646]]","[[0.0019423237536102533,0.009419595822691917,0.32567116618156433,0.6629669070243835],[0.21428726613521576,0.019343437626957893,0.026134634390473366,0.7402346134185791],[0.4261467754840851,0.2594674825668335,0.22217005491256714,0.09221570193767548],[0.03310784325003624,0.012881864793598652,0.08511514961719513,0.8688951134681702]]",631ef93608905533d365fb97ed0ecc379a60c0993e0d15ad8dd8c4d29a42bd65,0.18630766868591309,-0.02628040313720703
case_00055,Dipeptidyl peptidase 4,P27487|Q53TN1,442,1.9919655323028564,2.0424163341522217,2.054473638534546,0.3041549026966095,0.2995311915874481,0.3041549026966095,0.2995311915874481,0.306344598531723,0.29940852522850037,0.37426626682281494,"[0.00913484301418066,0.02193334326148033,0.12136437743902206,0.8475674390792847]","[0.01596401259303093,0.17306242883205414,0.694873571395874,0.11609993129968643]","[[0.006095191929489374,0.06336984038352966,0.4299171566963196,0.5006178617477417],[0.009073534049093723,0.04322214424610138,0.16135340929031372,0.7863509058952332],[0.011830384843051434,0.041777465492486954,0.18532885611057281,0.7610633373260498],[0.029431020841002464,0.08239375799894333,0.35621151328086853,0.5319637060165405]]","[[0.0020822063088417053,0.005705066025257111,0.1713300347328186,0.8208826780319214],[0.14727942645549774,0.01353144645690918,0.011391561478376389,0.8277975916862488],[0.39779171347618103,0.31076908111572266,0.15404878556728363,0.13739041984081268],[0.38192254304885864,0.1498771458864212,0.3204691708087921,0.14773108065128326]]",631ef93608905533d365fb97ed0ecc379a60c0993e0d15ad8dd8c4d29a42bd65,0.050450801849365234,0.012057304382324219
case_00056,Dipeptidyl peptidase 4,P27487|Q53TN1,442,1.9919655323028564,2.4806830883026123,2.419165849685669,0.3041549026966095,0.2995311915874481,0.3041549026966095,0.2995311915874481,0.3064703047275543,0.2993631958961487,0.22436797618865967,"[0.00913484301418066,0.02193334326148033,0.12136437743902206,0.8475674390792847]","[0.059757206588983536,0.3078456521034241,0.45956337451934814,0.17283377051353455]","[[0.030512627214193344,0.07903754711151123,0.5749919414520264,0.31545791029930115],[0.027949603274464607,0.15146981179714203,0.38086941838264465,0.43971121311187744],[0.04211236163973808,0.07248908281326294,0.4991570711135864,0.38624152541160583],[0.0466427318751812,0.10972373187541962,0.4140743613243103,0.42955923080444336]]","[[0.0314030721783638,0.02412392571568489,0.12455559521913528,0.8199174404144287],[0.19965440034866333,0.349532812833786,0.3168189227581024,0.13399389386177063],[0.2543879747390747,0.1187899187207222,0.13940629363059998,0.48741579055786133],[0.12429505586624146,0.07799152284860611,0.47423937916755676,0.3234740197658539]]",631ef93608905533d365fb97ed0ecc379a60c0993e0d15ad8dd8c4d29a42bd65,0.48871755599975586,-0.06151723861694336
case_00057,Dipeptidyl peptidase 4,P27487|Q53TN1,442,1.9919655323028564,2.0320589542388916,2.0224435329437256,0.3041549026966095,0.2995311915874481,0.3041549026966095,0.2995311915874481,0.3063197433948517,0.29939892888069153,0.3217344880104065,"[0.00913484301418066,0.02193334326148033,0.12136437743902206,0.8475674390792847]","[0.027107849717140198,0.1998315453529358,0.6592276096343994,0.11383303254842758]","[[0.00948293600231409,0.02702418342232704,0.5605427622795105,0.40295010805130005],[0.012753660790622234,0.04071738198399544,0.3009037673473358,0.6456251740455627],[0.014704102650284767,0.027105063199996948,0.2068302184343338,0.7513606548309326],[0.029586084187030792,0.06980335712432861,0.5071703195571899,0.39344024658203125]]","[[0.0027014079969376326,0.010024001821875572,0.2938229739665985,0.6934516429901123],[0.1988055557012558,0.053766880184412,0.1216990053653717,0.6257285475730896],[0.5153742432594299,0.1450866162776947,0.2001381516456604,0.13940104842185974],[0.23697496950626373,0.06343808025121689,0.42240098118782043,0.27718594670295715]]",631ef93608905533d365fb97ed0ecc379a60c0993e0d15ad8dd8c4d29a42bd65,0.040093421936035156,-0.009615421295166016
case_00058,Dipeptidyl peptidase 4,P27487|Q53TN1,442,1.9919655323028564,2.453641653060913,2.3779256343841553,0.3041549026966095,0.2995311915874481,0.3041549026966095,0.2995311915874481,0.306520938873291,0.29944613575935364,0.19841861724853516,"[0.00913484301418066,0.02193334326148033,0.12136437743902206,0.8475674390792847]","[0.10853806883096695,0.30909088253974915,0.37562400102615356,0.20674699544906616]","[[0.0939473882317543,0.11039358377456665,0.27616336941719055,0.5194957256317139],[0.04617854952812195,0.2121630758047104,0.1848815381526947,0.5567768216133118],[0.06485483795404434,0.07435000687837601,0.3897450864315033,0.47105008363723755],[0.10079719871282578,0.14417506754398346,0.4555665850639343,0.2994611859321594]]","[[0.035974014550447464,0.034218695014715195,0.14711838960647583,0.7826888561248779],[0.5049765110015869,0.1986309438943863,0.21078087389469147,0.08561167865991592],[0.5625863671302795,0.0768633484840393,0.22098781168460846,0.1395624876022339],[0.26773643493652344,0.08212149888277054,0.22090843319892883,0.4292336702346802]]",631ef93608905533d365fb97ed0ecc379a60c0993e0d15ad8dd8c4d29a42bd65,0.46167612075805664,-0.07571601867675781
case_00059,Dipeptidyl peptidase 4,P27487|Q53TN1,442,1.9919655323028564,1.8680522441864014,1.7894201278686523,0.3041549026966095,0.2995311915874481,0.3041549026966095,0.2995311915874481,0.30629128217697144,0.2994072735309601,0.4805760979652405,"[0.00913484301418066,0.02193334326148033,0.12136437743902206,0.8475674390792847]","[0.15531285107135773,0.3896883428096771,0.25968706607818604,0.1953117996454239]","[[0.02202378213405609,0.03967823460698128,0.0386553592979908,0.8996426463127136],[0.010555660352110863,0.040697358548641205,0.03366386145353317,0.9150832295417786],[0.03384207561612129,0.08618316054344177,0.07199595868587494,0.8079788088798523],[0.08887656778097153,0.07768175005912781,0.11266032606363297,0.7207813262939453]]","[[0.0025772214867174625,0.01049183402210474,0.2032517045736313,0.7836793065071106],[0.034106913954019547,0.011067305691540241,0.01121294405311346,0.9436128735542297],[0.09947159141302109,0.1412942111492157,0.29691842198371887,0.4623158276081085],[0.20445267856121063,0.23781627416610718,0.13396328687667847,0.42376774549484253]]",631ef93608905533d365fb97ed0ecc379a60c0993e0d15ad8dd8c4d29a42bd65,-0.12391328811645508,-0.07863211631774902
case_00060,Dipeptidyl peptidase 4,P27487|Q53TN1,442,1.9919655323028564,2.122889518737793,2.116386651992798,0.3041549026966095,0.2995311915874481,0.3041549026966095,0.2995311915874481,0.3063231110572815,0.29942765831947327,0.34017646312713623,"[0.00913484301418066,0.02193334326148033,0.12136437743902206,0.8475674390792847]","[0.09557048976421356,0.19684819877147675,0.5368741154670715,0.17070718109607697]","[[0.043820369988679886,0.06695449352264404,0.32275161147117615,0.5664735436439514],[0.022357700392603874,0.08785945922136307,0.2538456916809082,0.6359371542930603],[0.029095247387886047,0.10834834724664688,0.6127128601074219,0.249843567609787],[0.10832121223211288,0.13152150809764862,0.3813965320587158,0.37876075506210327]]","[[0.001040904433466494,0.002703998005017638,0.05282427743077278,0.9434307813644409],[0.05213334783911705,0.024887220934033394,0.04275255277752876,0.8802267909049988],[0.5323811173439026,0.1928092986345291,0.16308216750621796,0.11172742396593094],[0.18419219553470612,0.07537039369344711,0.29031503200531006,0.4501223564147949]]",631ef93608905533d365fb97ed0ecc379a60c0993e0d15ad8dd8c4d29a42bd65,0.13092398643493652,-0.006502866744995117
case_00061,Dipeptidyl peptidase 4,P27487|Q53TN1,442,1.9919655323028564,1.6107174158096313,1.6433422565460205,0.3041549026966095,0.2995311915874481,0.3041549026966095,0.2995311915874481,0.3063119053840637,0.29941442608833313,0.40286558866500854,"[0.00913484301418066,0.02193334326148033,0.12136437743902206,0.8475674390792847]","[0.06347961723804474,0.27047884464263916,0.5660587549209595,0.09998273849487305]","[[0.03452908620238304,0.04355974122881889,0.059938449412584305,0.8619726896286011],[0.030781997367739677,0.06273438036441803,0.03276464715600014,0.8737189769744873],[0.04644753038883209,0.11344809830188751,0.11386222392320633,0.7262421250343323],[0.130428284406662,0.10828922688961029,0.14315280318260193,0.6181296706199646]]","[[0.007492919452488422,0.012321890331804752,0.4177928566932678,0.5623922348022461],[0.04348970949649811,0.021182850003242493,0.05646152049303055,0.8788660168647766],[0.09467817097902298,0.3048429787158966,0.44751816987991333,0.15296074748039246],[0.5590420365333557,0.22760263085365295,0.04832256957888603,0.16503271460533142]]",631ef93608905533d365fb97ed0ecc379a60c0993e0d15ad8dd8c4d29a42bd65,-0.3812481164932251,0.03262484073638916
case_00062,Dipeptidyl peptidase 4,P27487|Q53TN1,442,1.9919655323028564,1.858346939086914,1.8560442924499512,0.3041549026966095,0.2995311915874481,0.3041549026966095,0.2995311915874481,0.30633437633514404,0.2994099259376526,0.38929492235183716,"[0.00913484301418066,0.02193334326148033,0.12136437743902206,0.8475674390792847]","[0.07574697583913803,0.25253579020500183,0.5754926800727844,0.09622454643249512]","[[0.026184169575572014,0.041909459978342056,0.11612258851528168,0.8157837390899658],[0.02484237588942051,0.04598287492990494,0.04319775477051735,0.8859769701957703],[0.05396445468068123,0.08919587731361389,0.12470927834510803,0.7321304082870483],[0.1576852649450302,0.11627257615327835,0.2162768393754959,0.5097652673721313]]","[[0.007218899205327034,0.014146648347377777,0.4609726369380951,0.5176618099212646],[0.0321945995092392,0.012541352771222591,0.018174132332205772,0.9370899200439453],[0.21163100004196167,0.29360297322273254,0.40428560972213745,0.09048043191432953],[0.38963183760643005,0.19591300189495087,0.05297117680311203,0.36148402094841003]]",631ef93608905533d365fb97ed0ecc379a60c0993e0d15ad8dd8c4d29a42bd65,-0.13361859321594238,-0.0023026466369628906
